id,label
N30000,사회
N30001,사회
N30002,사회
N30003,사회
N30004,사회
N30005,사회
N30006,사회
N30007,사회
N30008,사회
N30009,사회
N30010,사회
N30011,사회
N30012,사회
N30013,사회
N30014,사회
N30015,사회
N30016,사회
N30017,사회
N30018,사회
N30019,사회
N30020,사회
N30021,사회
N30022,사회
N30023,사회
N30024,사회
N30025,사회
N30026,사회
N30027,사회
N30028,사회
N30029,사회
N30030,사회
N30031,사회
N30032,사회
N30033,사회
N30034,사회
N30035,사회
N30036,사회
N30037,사회
N30038,사회
N30039,사회
N30040,사회
N30041,사회
N30042,사회
N30043,사회
N30044,사회
N30045,사회
N30046,사회
N30047,사회
N30048,사회
N30049,사회
N30050,사회
N30051,사회
N30052,사회
N30053,사회
N30054,사회
N30055,사회
N30056,사회
N30057,사회
N30058,사회
N30059,사회
N30060,사회
N30061,사회
N30062,사회
N30063,사회
N30064,사회
N30065,사회
N30066,사회
N30067,사회
N30068,사회
N30069,사회
N30070,사회
N30071,사회
N30072,사회
N30073,사회
N30074,사회
N30075,사회
N30076,사회
N30077,사회
N30078,사회
N30079,사회
N30080,사회
N30081,사회
N30082,사회
N30083,사회
N30084,사회
N30085,사회
N30086,사회
N30087,사회
N30088,사회
N30089,사회
N30090,사회
N30091,사회
N30092,사회
N30093,사회
N30094,사회
N30095,사회
N30096,사회
N30097,사회
N30098,사회
N30099,사회
N30100,사회
N30101,사회
N30102,사회
N30103,사회
N30104,사회
N30105,사회
N30106,사회
N30107,사회
N30108,사회
N30109,사회
N30110,사회
N30111,사회
N30112,사회
N30113,사회
N30114,사회
N30115,사회
N30116,사회
N30117,사회
N30118,사회
N30119,사회
N30120,사회
N30121,사회
N30122,사회
N30123,사회
N30124,사회
N30125,사회
N30126,사회
N30127,사회
N30128,사회
N30129,사회
N30130,사회
N30131,사회
N30132,사회
N30133,사회
N30134,사회
N30135,사회
N30136,사회
N30137,사회
N30138,사회
N30139,사회
N30140,사회
N30141,사회
N30142,사회
N30143,사회
N30144,사회
N30145,사회
N30146,사회
N30147,사회
N30148,사회
N30149,사회
N30150,사회
N30151,사회
N30152,사회
N30153,사회
N30154,사회
N30155,사회
N30156,사회
N30157,사회
N30158,사회
N30159,사회
N30160,사회
N30161,사회
N30162,사회
N30163,사회
N30164,사회
N30165,사회
N30166,사회
N30167,사회
N30168,사회
N30169,사회
N30170,사회
N30171,사회
N30172,사회
N30173,사회
N30174,사회
N30175,사회
N30176,사회
N30177,사회
N30178,사회
N30179,사회
N30180,사회
N30181,사회
N30182,사회
N30183,사회
N30184,사회
N30185,사회
N30186,사회
N30187,사회
N30188,사회
N30189,사회
N30190,사회
N30191,사회
N30192,사회
N30193,사회
N30194,사회
N30195,사회
N30196,사회
N30197,사회
N30198,사회
N30199,사회
N30200,사회
N30201,사회
N30202,사회
N30203,사회
N30204,사회
N30205,사회
N30206,사회
N30207,사회
N30208,사회
N30209,사회
N30210,사회
N30211,사회
N30212,사회
N30213,사회
N30214,사회
N30215,사회
N30216,사회
N30217,사회
N30218,사회
N30219,사회
N30220,사회
N30221,사회
N30222,사회
N30223,사회
N30224,사회
N30225,사회
N30226,사회
N30227,사회
N30228,사회
N30229,사회
N30230,사회
N30231,사회
N30232,사회
N30233,사회
N30234,사회
N30235,사회
N30236,사회
N30237,사회
N30238,사회
N30239,사회
N30240,사회
N30241,사회
N30242,사회
N30243,사회
N30244,사회
N30245,사회
N30246,사회
N30247,사회
N30248,사회
N30249,사회
N30250,사회
N30251,사회
N30252,사회
N30253,사회
N30254,사회
N30255,사회
N30256,사회
N30257,사회
N30258,사회
N30259,사회
N30260,사회
N30261,사회
N30262,사회
N30263,사회
N30264,사회
N30265,사회
N30266,사회
N30267,사회
N30268,사회
N30269,사회
N30270,사회
N30271,사회
N30272,사회
N30273,사회
N30274,사회
N30275,사회
N30276,사회
N30277,사회
N30278,사회
N30279,사회
N30280,사회
N30281,사회
N30282,사회
N30283,사회
N30284,사회
N30285,사회
N30286,사회
N30287,사회
N30288,사회
N30289,사회
N30290,사회
N30291,사회
N30292,사회
N30293,사회
N30294,사회
N30295,사회
N30296,사회
N30297,사회
N30298,사회
N30299,사회
N30300,사회
N30301,사회
N30302,사회
N30303,사회
N30304,사회
N30305,사회
N30306,사회
N30307,사회
N30308,사회
N30309,사회
N30310,사회
N30311,사회
N30312,사회
N30313,사회
N30314,사회
N30315,사회
N30316,사회
N30317,사회
N30318,사회
N30319,사회
N30320,사회
N30321,사회
N30322,사회
N30323,사회
N30324,사회
N30325,사회
N30326,사회
N30327,사회
N30328,사회
N30329,사회
N30330,사회
N30331,사회
N30332,사회
N30333,사회
N30334,사회
N30335,사회
N30336,사회
N30337,사회
N30338,사회
N30339,사회
N30340,사회
N30341,사회
N30342,사회
N30343,사회
N30344,사회
N30345,사회
N30346,사회
N30347,사회
N30348,사회
N30349,사회
N30350,사회
N30351,사회
N30352,사회
N30353,사회
N30354,사회
N30355,사회
N30356,사회
N30357,사회
N30358,사회
N30359,사회
N30360,사회
N30361,사회
N30362,사회
N30363,사회
N30364,사회
N30365,사회
N30366,사회
N30367,사회
N30368,사회
N30369,사회
N30370,사회
N30371,사회
N30372,사회
N30373,사회
N30374,사회
N30375,사회
N30376,사회
N30377,사회
N30378,사회
N30379,사회
N30380,사회
N30381,사회
N30382,사회
N30383,사회
N30384,사회
N30385,사회
N30386,사회
N30387,사회
N30388,사회
N30389,사회
N30390,사회
N30391,사회
N30392,사회
N30393,사회
N30394,사회
N30395,사회
N30396,사회
N30397,사회
N30398,사회
N30399,사회
N30400,사회
N30401,사회
N30402,사회
N30403,사회
N30404,사회
N30405,사회
N30406,사회
N30407,사회
N30408,사회
N30409,사회
N30410,사회
N30411,사회
N30412,사회
N30413,사회
N30414,사회
N30415,사회
N30416,사회
N30417,사회
N30418,사회
N30419,사회
N30420,사회
N30421,사회
N30422,사회
N30423,사회
N30424,사회
N30425,사회
N30426,사회
N30427,사회
N30428,사회
N30429,사회
N30430,사회
N30431,사회
N30432,사회
N30433,사회
N30434,사회
N30435,사회
N30436,사회
N30437,사회
N30438,사회
N30439,사회
N30440,사회
N30441,사회
N30442,사회
N30443,사회
N30444,사회
N30445,사회
N30446,사회
N30447,사회
N30448,사회
N30449,사회
N30450,사회
N30451,사회
N30452,사회
N30453,사회
N30454,사회
N30455,사회
N30456,사회
N30457,사회
N30458,사회
N30459,사회
N30460,사회
N30461,사회
N30462,사회
N30463,사회
N30464,사회
N30465,사회
N30466,사회
N30467,사회
N30468,사회
N30469,사회
N30470,사회
N30471,사회
N30472,사회
N30473,사회
N30474,사회
N30475,사회
N30476,사회
N30477,사회
N30478,사회
N30479,사회
N30480,사회
N30481,사회
N30482,사회
N30483,사회
N30484,사회
N30485,사회
N30486,사회
N30487,사회
N30488,사회
N30489,사회
N30490,사회
N30491,사회
N30492,사회
N30493,사회
N30494,사회
N30495,사회
N30496,사회
N30497,사회
N30498,사회
N30499,사회
N30500,사회
N30501,사회
N30502,사회
N30503,사회
N30504,사회
N30505,사회
N30506,사회
N30507,사회
N30508,사회
N30509,사회
N30510,사회
N30511,사회
N30512,사회
N30513,사회
N30514,사회
N30515,사회
N30516,사회
N30517,사회
N30518,사회
N30519,사회
N30520,사회
N30521,사회
N30522,사회
N30523,사회
N30524,사회
N30525,사회
N30526,사회
N30527,사회
N30528,사회
N30529,사회
N30530,사회
N30531,사회
N30532,사회
N30533,사회
N30534,사회
N30535,사회
N30536,사회
N30537,사회
N30538,사회
N30539,사회
N30540,사회
N30541,사회
N30542,사회
N30543,사회
N30544,사회
N30545,사회
N30546,사회
N30547,사회
N30548,사회
N30549,사회
N30550,사회
N30551,사회
N30552,사회
N30553,사회
N30554,사회
N30555,사회
N30556,사회
N30557,사회
N30558,사회
N30559,사회
N30560,사회
N30561,사회
N30562,사회
N30563,사회
N30564,사회
N30565,사회
N30566,사회
N30567,사회
N30568,사회
N30569,사회
N30570,사회
N30571,사회
N30572,사회
N30573,사회
N30574,사회
N30575,사회
N30576,사회
N30577,사회
N30578,사회
N30579,사회
N30580,사회
N30581,사회
N30582,사회
N30583,사회
N30584,사회
N30585,사회
N30586,사회
N30587,사회
N30588,사회
N30589,사회
N30590,사회
N30591,사회
N30592,사회
N30593,사회
N30594,사회
N30595,사회
N30596,사회
N30597,사회
N30598,사회
N30599,사회
N30600,사회
N30601,사회
N30602,사회
N30603,사회
N30604,사회
N30605,사회
N30606,사회
N30607,사회
N30608,사회
N30609,사회
N30610,사회
N30611,사회
N30612,사회
N30613,사회
N30614,사회
N30615,사회
N30616,사회
N30617,사회
N30618,사회
N30619,사회
N30620,사회
N30621,사회
N30622,사회
N30623,사회
N30624,사회
N30625,사회
N30626,사회
N30627,사회
N30628,사회
N30629,사회
N30630,사회
N30631,사회
N30632,사회
N30633,사회
N30634,사회
N30635,사회
N30636,사회
N30637,사회
N30638,사회
N30639,사회
N30640,사회
N30641,사회
N30642,사회
N30643,사회
N30644,사회
N30645,사회
N30646,사회
N30647,사회
N30648,사회
N30649,사회
N30650,사회
N30651,사회
N30652,사회
N30653,사회
N30654,사회
N30655,사회
N30656,사회
N30657,사회
N30658,사회
N30659,사회
N30660,사회
N30661,사회
N30662,사회
N30663,사회
N30664,사회
N30665,사회
N30666,사회
N30667,사회
N30668,사회
N30669,사회
N30670,사회
N30671,사회
N30672,사회
N30673,사회
N30674,사회
N30675,사회
N30676,사회
N30677,사회
N30678,사회
N30679,사회
N30680,사회
N30681,사회
N30682,사회
N30683,사회
N30684,사회
N30685,사회
N30686,사회
N30687,사회
N30688,사회
N30689,사회
N30690,사회
N30691,사회
N30692,사회
N30693,사회
N30694,사회
N30695,사회
N30696,사회
N30697,사회
N30698,사회
N30699,사회
N30700,사회
N30701,사회
N30702,사회
N30703,사회
N30704,사회
N30705,사회
N30706,사회
N30707,사회
N30708,사회
N30709,사회
N30710,사회
N30711,사회
N30712,사회
N30713,사회
N30714,사회
N30715,사회
N30716,사회
N30717,사회
N30718,사회
N30719,사회
N30720,사회
N30721,사회
N30722,사회
N30723,사회
N30724,사회
N30725,사회
N30726,사회
N30727,사회
N30728,사회
N30729,사회
N30730,사회
N30731,사회
N30732,사회
N30733,사회
N30734,사회
N30735,사회
N30736,사회
N30737,사회
N30738,사회
N30739,사회
N30740,사회
N30741,사회
N30742,사회
N30743,사회
N30744,사회
N30745,사회
N30746,사회
N30747,사회
N30748,사회
N30749,사회
N30750,사회
N30751,사회
N30752,사회
N30753,사회
N30754,사회
N30755,사회
N30756,사회
N30757,사회
N30758,사회
N30759,사회
N30760,사회
N30761,사회
N30762,사회
N30763,사회
N30764,사회
N30765,사회
N30766,사회
N30767,사회
N30768,사회
N30769,사회
N30770,사회
N30771,사회
N30772,사회
N30773,사회
N30774,사회
N30775,사회
N30776,사회
N30777,사회
N30778,사회
N30779,사회
N30780,사회
N30781,사회
N30782,사회
N30783,사회
N30784,사회
N30785,사회
N30786,사회
N30787,사회
N30788,사회
N30789,사회
N30790,사회
N30791,사회
N30792,사회
N30793,사회
N30794,사회
N30795,사회
N30796,사회
N30797,사회
N30798,사회
N30799,사회
N30800,사회
N30801,사회
N30802,사회
N30803,사회
N30804,사회
N30805,사회
N30806,사회
N30807,사회
N30808,사회
N30809,사회
N30810,사회
N30811,사회
N30812,사회
N30813,사회
N30814,사회
N30815,사회
N30816,사회
N30817,사회
N30818,사회
N30819,사회
N30820,사회
N30821,사회
N30822,사회
N30823,사회
N30824,사회
N30825,사회
N30826,사회
N30827,사회
N30828,사회
N30829,사회
N30830,사회
N30831,사회
N30832,사회
N30833,사회
N30834,사회
N30835,사회
N30836,사회
N30837,사회
N30838,사회
N30839,사회
N30840,사회
N30841,사회
N30842,사회
N30843,사회
N30844,사회
N30845,사회
N30846,사회
N30847,사회
N30848,사회
N30849,사회
N30850,사회
N30851,사회
N30852,사회
N30853,사회
N30854,사회
N30855,사회
N30856,사회
N30857,사회
N30858,사회
N30859,사회
N30860,사회
N30861,사회
N30862,사회
N30863,사회
N30864,사회
N30865,사회
N30866,사회
N30867,사회
N30868,사회
N30869,사회
N30870,사회
N30871,사회
N30872,사회
N30873,사회
N30874,사회
N30875,사회
N30876,사회
N30877,사회
N30878,사회
N30879,사회
N30880,사회
N30881,사회
N30882,사회
N30883,사회
N30884,사회
N30885,사회
N30886,사회
N30887,사회
N30888,사회
N30889,사회
N30890,사회
N30891,사회
N30892,사회
N30893,사회
N30894,사회
N30895,사회
N30896,사회
N30897,사회
N30898,사회
N30899,사회
N30900,사회
N30901,사회
N30902,사회
N30903,사회
N30904,사회
N30905,사회
N30906,사회
N30907,사회
N30908,사회
N30909,사회
N30910,사회
N30911,사회
N30912,사회
N30913,사회
N30914,사회
N30915,사회
N30916,사회
N30917,사회
N30918,사회
N30919,사회
N30920,사회
N30921,사회
N30922,사회
N30923,사회
N30924,사회
N30925,사회
N30926,사회
N30927,사회
N30928,사회
N30929,사회
N30930,사회
N30931,사회
N30932,사회
N30933,사회
N30934,사회
N30935,사회
N30936,사회
N30937,사회
N30938,사회
N30939,사회
N30940,사회
N30941,사회
N30942,사회
N30943,사회
N30944,사회
N30945,사회
N30946,사회
N30947,사회
N30948,사회
N30949,사회
N30950,사회
N30951,사회
N30952,사회
N30953,사회
N30954,사회
N30955,사회
N30956,사회
N30957,사회
N30958,사회
N30959,사회
N30960,사회
N30961,사회
N30962,사회
N30963,사회
N30964,사회
N30965,사회
N30966,사회
N30967,사회
N30968,사회
N30969,사회
N30970,사회
N30971,사회
N30972,사회
N30973,사회
N30974,사회
N30975,사회
N30976,사회
N30977,사회
N30978,사회
N30979,사회
N30980,사회
N30981,사회
N30982,사회
N30983,사회
N30984,사회
N30985,사회
N30986,사회
N30987,사회
N30988,사회
N30989,사회
N30990,사회
N30991,사회
N30992,사회
N30993,사회
N30994,사회
N30995,사회
N30996,사회
N30997,사회
N30998,사회
N30999,사회
N31000,사회
N31001,사회
N31002,사회
N31003,사회
N31004,사회
N31005,사회
N31006,사회
N31007,사회
N31008,사회
N31009,사회
N31010,사회
N31011,사회
N31012,사회
N31013,사회
N31014,사회
N31015,사회
N31016,사회
N31017,사회
N31018,사회
N31019,사회
N31020,사회
N31021,사회
N31022,사회
N31023,사회
N31024,사회
N31025,사회
N31026,사회
N31027,사회
N31028,사회
N31029,사회
N31030,사회
N31031,사회
N31032,사회
N31033,사회
N31034,사회
N31035,사회
N31036,사회
N31037,사회
N31038,사회
N31039,사회
N31040,사회
N31041,사회
N31042,사회
N31043,사회
N31044,사회
N31045,사회
N31046,사회
N31047,사회
N31048,사회
N31049,사회
N31050,사회
N31051,사회
N31052,사회
N31053,사회
N31054,사회
N31055,사회
N31056,사회
N31057,사회
N31058,사회
N31059,사회
N31060,사회
N31061,사회
N31062,사회
N31063,사회
N31064,사회
N31065,사회
N31066,사회
N31067,사회
N31068,사회
N31069,사회
N31070,사회
N31071,사회
N31072,사회
N31073,사회
N31074,사회
N31075,사회
N31076,사회
N31077,사회
N31078,사회
N31079,사회
N31080,사회
N31081,사회
N31082,사회
N31083,사회
N31084,사회
N31085,사회
N31086,사회
N31087,사회
N31088,사회
N31089,사회
N31090,사회
N31091,사회
N31092,사회
N31093,사회
N31094,사회
N31095,사회
N31096,사회
N31097,사회
N31098,사회
N31099,사회
N31100,사회
N31101,사회
N31102,사회
N31103,사회
N31104,사회
N31105,사회
N31106,사회
N31107,사회
N31108,사회
N31109,사회
N31110,사회
N31111,사회
N31112,사회
N31113,사회
N31114,사회
N31115,사회
N31116,사회
N31117,사회
N31118,사회
N31119,사회
N31120,사회
N31121,사회
N31122,사회
N31123,사회
N31124,사회
N31125,사회
N31126,사회
N31127,사회
N31128,사회
N31129,사회
N31130,사회
N31131,사회
N31132,사회
N31133,사회
N31134,사회
N31135,사회
N31136,사회
N31137,사회
N31138,사회
N31139,사회
N31140,사회
N31141,사회
N31142,사회
N31143,사회
N31144,사회
N31145,사회
N31146,사회
N31147,사회
N31148,사회
N31149,사회
N31150,사회
N31151,사회
N31152,사회
N31153,사회
N31154,사회
N31155,사회
N31156,사회
N31157,사회
N31158,사회
N31159,사회
N31160,사회
N31161,사회
N31162,사회
N31163,사회
N31164,사회
N31165,사회
N31166,사회
N31167,사회
N31168,사회
N31169,사회
N31170,사회
N31171,사회
N31172,사회
N31173,사회
N31174,사회
N31175,사회
N31176,사회
N31177,사회
N31178,사회
N31179,사회
N31180,사회
N31181,사회
N31182,사회
N31183,사회
N31184,사회
N31185,사회
N31186,사회
N31187,사회
N31188,사회
N31189,사회
N31190,사회
N31191,사회
N31192,사회
N31193,사회
N31194,사회
N31195,사회
N31196,사회
N31197,사회
N31198,사회
N31199,사회
N31200,사회
N31201,사회
N31202,사회
N31203,사회
N31204,사회
N31205,사회
N31206,사회
N31207,사회
N31208,사회
N31209,사회
N31210,사회
N31211,사회
N31212,사회
N31213,사회
N31214,사회
N31215,사회
N31216,사회
N31217,사회
N31218,사회
N31219,사회
N31220,사회
N31221,사회
N31222,사회
N31223,사회
N31224,사회
N31225,사회
N31226,사회
N31227,사회
N31228,사회
N31229,사회
N31230,사회
N31231,사회
N31232,사회
N31233,사회
N31234,사회
N31235,사회
N31236,사회
N31237,사회
N31238,사회
N31239,사회
N31240,사회
N31241,사회
N31242,사회
N31243,사회
N31244,사회
N31245,사회
N31246,사회
N31247,사회
N31248,사회
N31249,사회
N31250,사회
N31251,사회
N31252,사회
N31253,사회
N31254,사회
N31255,사회
N31256,사회
N31257,사회
N31258,사회
N31259,사회
N31260,사회
N31261,사회
N31262,사회
N31263,사회
N31264,사회
N31265,사회
N31266,사회
N31267,사회
N31268,사회
N31269,사회
N31270,사회
N31271,사회
N31272,사회
N31273,사회
N31274,사회
N31275,사회
N31276,사회
N31277,사회
N31278,사회
N31279,사회
N31280,사회
N31281,사회
N31282,사회
N31283,사회
N31284,사회
N31285,사회
N31286,사회
N31287,사회
N31288,사회
N31289,사회
N31290,사회
N31291,사회
N31292,사회
N31293,사회
N31294,사회
N31295,사회
N31296,사회
N31297,사회
N31298,사회
N31299,사회
N31300,사회
N31301,사회
N31302,사회
N31303,사회
N31304,사회
N31305,사회
N31306,사회
N31307,사회
N31308,사회
N31309,사회
N31310,사회
N31311,사회
N31312,사회
N31313,사회
N31314,사회
N31315,사회
N31316,사회
N31317,사회
N31318,사회
N31319,사회
N31320,사회
N31321,사회
N31322,사회
N31323,사회
N31324,사회
N31325,사회
N31326,사회
N31327,사회
N31328,사회
N31329,사회
N31330,사회
N31331,사회
N31332,사회
N31333,사회
N31334,사회
N31335,사회
N31336,사회
N31337,사회
N31338,사회
N31339,사회
N31340,사회
N31341,사회
N31342,사회
N31343,사회
N31344,사회
N31345,사회
N31346,사회
N31347,사회
N31348,사회
N31349,사회
N31350,사회
N31351,사회
N31352,사회
N31353,사회
N31354,사회
N31355,사회
N31356,사회
N31357,사회
N31358,사회
N31359,사회
N31360,사회
N31361,사회
N31362,사회
N31363,사회
N31364,사회
N31365,사회
N31366,사회
N31367,사회
N31368,사회
N31369,사회
N31370,사회
N31371,사회
N31372,사회
N31373,사회
N31374,사회
N31375,사회
N31376,사회
N31377,사회
N31378,사회
N31379,사회
N31380,사회
N31381,사회
N31382,사회
N31383,사회
N31384,사회
N31385,사회
N31386,사회
N31387,사회
N31388,사회
N31389,사회
N31390,사회
N31391,사회
N31392,사회
N31393,사회
N31394,사회
N31395,사회
N31396,사회
N31397,사회
N31398,사회
N31399,사회
N31400,사회
N31401,사회
N31402,사회
N31403,사회
N31404,사회
N31405,사회
N31406,사회
N31407,사회
N31408,사회
N31409,사회
N31410,사회
N31411,사회
N31412,사회
N31413,사회
N31414,사회
N31415,사회
N31416,사회
N31417,사회
N31418,사회
N31419,사회
N31420,사회
N31421,사회
N31422,사회
N31423,사회
N31424,사회
N31425,사회
N31426,사회
N31427,사회
N31428,사회
N31429,사회
N31430,사회
N31431,사회
N31432,사회
N31433,사회
N31434,사회
N31435,사회
N31436,사회
N31437,사회
N31438,사회
N31439,사회
N31440,사회
N31441,사회
N31442,사회
N31443,사회
N31444,사회
N31445,사회
N31446,사회
N31447,사회
N31448,사회
N31449,사회
N31450,사회
N31451,사회
N31452,사회
N31453,사회
N31454,사회
N31455,사회
N31456,사회
N31457,사회
N31458,사회
N31459,사회
N31460,사회
N31461,사회
N31462,사회
N31463,사회
N31464,사회
N31465,사회
N31466,사회
N31467,사회
N31468,사회
N31469,사회
N31470,사회
N31471,사회
N31472,사회
N31473,사회
N31474,사회
N31475,사회
N31476,사회
N31477,사회
N31478,사회
N31479,사회
N31480,사회
N31481,사회
N31482,사회
N31483,사회
N31484,사회
N31485,사회
N31486,사회
N31487,사회
N31488,사회
N31489,사회
N31490,사회
N31491,사회
N31492,사회
N31493,사회
N31494,사회
N31495,사회
N31496,사회
N31497,사회
N31498,사회
N31499,사회
N31500,사회
N31501,사회
N31502,사회
N31503,사회
N31504,사회
N31505,사회
N31506,사회
N31507,사회
N31508,사회
N31509,사회
N31510,사회
N31511,사회
N31512,사회
N31513,사회
N31514,사회
N31515,사회
N31516,사회
N31517,사회
N31518,사회
N31519,사회
N31520,사회
N31521,사회
N31522,사회
N31523,사회
N31524,사회
N31525,사회
N31526,사회
N31527,사회
N31528,사회
N31529,사회
N31530,사회
N31531,사회
N31532,사회
N31533,사회
N31534,사회
N31535,사회
N31536,사회
N31537,사회
N31538,사회
N31539,사회
N31540,사회
N31541,사회
N31542,사회
N31543,사회
N31544,사회
N31545,사회
N31546,사회
N31547,사회
N31548,사회
N31549,사회
N31550,사회
N31551,사회
N31552,사회
N31553,사회
N31554,사회
N31555,사회
N31556,사회
N31557,사회
N31558,사회
N31559,사회
N31560,사회
N31561,사회
N31562,사회
N31563,사회
N31564,사회
N31565,사회
N31566,사회
N31567,사회
N31568,사회
N31569,사회
N31570,사회
N31571,사회
N31572,사회
N31573,사회
N31574,사회
N31575,사회
N31576,사회
N31577,사회
N31578,사회
N31579,사회
N31580,사회
N31581,사회
N31582,사회
N31583,사회
N31584,사회
N31585,사회
N31586,사회
N31587,사회
N31588,사회
N31589,사회
N31590,사회
N31591,사회
N31592,사회
N31593,사회
N31594,사회
N31595,사회
N31596,사회
N31597,사회
N31598,사회
N31599,사회
N31600,사회
N31601,사회
N31602,사회
N31603,사회
N31604,사회
N31605,사회
N31606,사회
N31607,사회
N31608,사회
N31609,사회
N31610,사회
N31611,사회
N31612,사회
N31613,사회
N31614,사회
N31615,사회
N31616,사회
N31617,사회
N31618,사회
N31619,사회
N31620,사회
N31621,사회
N31622,사회
N31623,사회
N31624,사회
N31625,사회
N31626,사회
N31627,사회
N31628,사회
N31629,사회
N31630,사회
N31631,사회
N31632,사회
N31633,사회
N31634,사회
N31635,사회
N31636,사회
N31637,사회
N31638,사회
N31639,사회
N31640,사회
N31641,사회
N31642,사회
N31643,사회
N31644,사회
N31645,사회
N31646,사회
N31647,사회
N31648,사회
N31649,사회
N31650,사회
N31651,사회
N31652,사회
N31653,사회
N31654,사회
N31655,사회
N31656,사회
N31657,사회
N31658,사회
N31659,사회
N31660,사회
N31661,사회
N31662,사회
N31663,사회
N31664,사회
N31665,사회
N31666,사회
N31667,사회
N31668,사회
N31669,사회
N31670,사회
N31671,사회
N31672,사회
N31673,사회
N31674,사회
N31675,사회
N31676,사회
N31677,사회
N31678,사회
N31679,사회
N31680,사회
N31681,사회
N31682,사회
N31683,사회
N31684,사회
N31685,사회
N31686,사회
N31687,사회
N31688,사회
N31689,사회
N31690,사회
N31691,사회
N31692,사회
N31693,사회
N31694,사회
N31695,사회
N31696,사회
N31697,사회
N31698,사회
N31699,사회
N31700,사회
N31701,사회
N31702,사회
N31703,사회
N31704,사회
N31705,사회
N31706,사회
N31707,사회
N31708,사회
N31709,사회
N31710,사회
N31711,사회
N31712,사회
N31713,사회
N31714,사회
N31715,사회
N31716,사회
N31717,사회
N31718,사회
N31719,사회
N31720,사회
N31721,사회
N31722,사회
N31723,사회
N31724,사회
N31725,사회
N31726,사회
N31727,사회
N31728,사회
N31729,사회
N31730,사회
N31731,사회
N31732,사회
N31733,사회
N31734,사회
N31735,사회
N31736,사회
N31737,사회
N31738,사회
N31739,사회
N31740,사회
N31741,사회
N31742,사회
N31743,사회
N31744,사회
N31745,사회
N31746,사회
N31747,사회
N31748,사회
N31749,사회
N31750,사회
N31751,사회
N31752,사회
N31753,사회
N31754,사회
N31755,사회
N31756,사회
N31757,사회
N31758,사회
N31759,사회
N31760,사회
N31761,사회
N31762,사회
N31763,사회
N31764,사회
N31765,사회
N31766,사회
N31767,사회
N31768,사회
N31769,사회
N31770,사회
N31771,사회
N31772,사회
N31773,사회
N31774,사회
N31775,사회
N31776,사회
N31777,사회
N31778,사회
N31779,사회
N31780,사회
N31781,사회
N31782,사회
N31783,사회
N31784,사회
N31785,사회
N31786,사회
N31787,사회
N31788,사회
N31789,사회
N31790,사회
N31791,사회
N31792,사회
N31793,사회
N31794,사회
N31795,사회
N31796,사회
N31797,사회
N31798,사회
N31799,사회
N31800,사회
N31801,사회
N31802,사회
N31803,사회
N31804,사회
N31805,사회
N31806,사회
N31807,사회
N31808,사회
N31809,사회
N31810,사회
N31811,사회
N31812,사회
N31813,사회
N31814,사회
N31815,사회
N31816,사회
N31817,사회
N31818,사회
N31819,사회
N31820,사회
N31821,사회
N31822,사회
N31823,사회
N31824,사회
N31825,사회
N31826,사회
N31827,사회
N31828,사회
N31829,사회
N31830,사회
N31831,사회
N31832,사회
N31833,사회
N31834,사회
N31835,사회
N31836,사회
N31837,사회
N31838,사회
N31839,사회
N31840,사회
N31841,사회
N31842,사회
N31843,사회
N31844,사회
N31845,사회
N31846,사회
N31847,사회
N31848,사회
N31849,사회
N31850,사회
N31851,사회
N31852,사회
N31853,사회
N31854,사회
N31855,사회
N31856,사회
N31857,사회
N31858,사회
N31859,사회
N31860,사회
N31861,사회
N31862,사회
N31863,사회
N31864,사회
N31865,사회
N31866,사회
N31867,사회
N31868,사회
N31869,사회
N31870,사회
N31871,사회
N31872,사회
N31873,사회
N31874,사회
N31875,사회
N31876,사회
N31877,사회
N31878,사회
N31879,사회
N31880,사회
N31881,사회
N31882,사회
N31883,사회
N31884,사회
N31885,사회
N31886,사회
N31887,사회
N31888,사회
N31889,사회
N31890,사회
N31891,사회
N31892,사회
N31893,사회
N31894,사회
N31895,사회
N31896,사회
N31897,사회
N31898,사회
N31899,사회
N31900,사회
N31901,사회
N31902,사회
N31903,사회
N31904,사회
N31905,사회
N31906,사회
N31907,사회
N31908,사회
N31909,사회
N31910,사회
N31911,사회
N31912,사회
N31913,사회
N31914,사회
N31915,사회
N31916,사회
N31917,사회
N31918,사회
N31919,사회
N31920,사회
N31921,사회
N31922,사회
N31923,사회
N31924,사회
N31925,사회
N31926,사회
N31927,사회
N31928,사회
N31929,사회
N31930,사회
N31931,사회
N31932,사회
N31933,사회
N31934,사회
N31935,사회
N31936,사회
N31937,사회
N31938,사회
N31939,사회
N31940,사회
N31941,사회
N31942,사회
N31943,사회
N31944,사회
N31945,사회
N31946,사회
N31947,사회
N31948,사회
N31949,사회
N31950,사회
N31951,사회
N31952,사회
N31953,사회
N31954,사회
N31955,사회
N31956,사회
N31957,사회
N31958,사회
N31959,사회
N31960,사회
N31961,사회
N31962,사회
N31963,사회
N31964,사회
N31965,사회
N31966,사회
N31967,사회
N31968,사회
N31969,사회
N31970,사회
N31971,사회
N31972,사회
N31973,사회
N31974,사회
N31975,사회
N31976,사회
N31977,사회
N31978,사회
N31979,사회
N31980,사회
N31981,사회
N31982,사회
N31983,사회
N31984,사회
N31985,사회
N31986,사회
N31987,사회
N31988,사회
N31989,사회
N31990,사회
N31991,사회
N31992,사회
N31993,사회
N31994,사회
N31995,사회
N31996,사회
N31997,사회
N31998,사회
N31999,사회
N32000,사회
N32001,사회
N32002,사회
N32003,사회
N32004,사회
N32005,사회
N32006,사회
N32007,사회
N32008,사회
N32009,사회
N32010,사회
N32011,사회
N32012,사회
N32013,사회
N32014,사회
N32015,사회
N32016,사회
N32017,사회
N32018,사회
N32019,사회
N32020,사회
N32021,사회
N32022,사회
N32023,사회
N32024,사회
N32025,사회
N32026,사회
N32027,사회
N32028,사회
N32029,사회
N32030,사회
N32031,사회
N32032,사회
N32033,사회
N32034,사회
N32035,사회
N32036,사회
N32037,사회
N32038,사회
N32039,사회
N32040,사회
N32041,사회
N32042,사회
N32043,사회
N32044,사회
N32045,사회
N32046,사회
N32047,사회
N32048,사회
N32049,사회
N32050,사회
N32051,사회
N32052,사회
N32053,사회
N32054,사회
N32055,사회
N32056,사회
N32057,사회
N32058,사회
N32059,사회
N32060,사회
N32061,사회
N32062,사회
N32063,사회
N32064,사회
N32065,사회
N32066,사회
N32067,사회
N32068,사회
N32069,사회
N32070,사회
N32071,사회
N32072,사회
N32073,사회
N32074,사회
N32075,사회
N32076,사회
N32077,사회
N32078,사회
N32079,사회
N32080,사회
N32081,사회
N32082,사회
N32083,사회
N32084,사회
N32085,사회
N32086,사회
N32087,사회
N32088,사회
N32089,사회
N32090,사회
N32091,사회
N32092,사회
N32093,사회
N32094,사회
N32095,사회
N32096,사회
N32097,사회
N32098,사회
N32099,사회
N32100,사회
N32101,사회
N32102,사회
N32103,사회
N32104,사회
N32105,사회
N32106,사회
N32107,사회
N32108,사회
N32109,사회
N32110,사회
N32111,사회
N32112,사회
N32113,사회
N32114,사회
N32115,사회
N32116,사회
N32117,사회
N32118,사회
N32119,사회
N32120,사회
N32121,사회
N32122,사회
N32123,사회
N32124,사회
N32125,사회
N32126,사회
N32127,사회
N32128,사회
N32129,사회
N32130,사회
N32131,사회
N32132,사회
N32133,사회
N32134,사회
N32135,사회
N32136,사회
N32137,사회
N32138,사회
N32139,사회
N32140,사회
N32141,사회
N32142,사회
N32143,사회
N32144,사회
N32145,사회
N32146,사회
N32147,사회
N32148,사회
N32149,사회
N32150,사회
N32151,사회
N32152,사회
N32153,사회
N32154,사회
N32155,사회
N32156,사회
N32157,사회
N32158,사회
N32159,사회
N32160,사회
N32161,사회
N32162,사회
N32163,사회
N32164,사회
N32165,사회
N32166,사회
N32167,사회
N32168,사회
N32169,사회
N32170,사회
N32171,사회
N32172,사회
N32173,사회
N32174,사회
N32175,사회
N32176,사회
N32177,사회
N32178,사회
N32179,사회
N32180,사회
N32181,사회
N32182,사회
N32183,사회
N32184,사회
N32185,사회
N32186,사회
N32187,사회
N32188,사회
N32189,사회
N32190,사회
N32191,사회
N32192,사회
N32193,사회
N32194,사회
N32195,사회
N32196,사회
N32197,사회
N32198,사회
N32199,사회
N32200,사회
N32201,사회
N32202,사회
N32203,사회
N32204,사회
N32205,사회
N32206,사회
N32207,사회
N32208,사회
N32209,사회
N32210,사회
N32211,사회
N32212,사회
N32213,사회
N32214,사회
N32215,사회
N32216,사회
N32217,사회
N32218,사회
N32219,사회
N32220,사회
N32221,사회
N32222,사회
N32223,사회
N32224,사회
N32225,사회
N32226,사회
N32227,사회
N32228,사회
N32229,사회
N32230,사회
N32231,사회
N32232,사회
N32233,사회
N32234,사회
N32235,사회
N32236,사회
N32237,사회
N32238,사회
N32239,사회
N32240,사회
N32241,사회
N32242,사회
N32243,사회
N32244,사회
N32245,사회
N32246,사회
N32247,사회
N32248,사회
N32249,사회
N32250,사회
N32251,사회
N32252,사회
N32253,사회
N32254,사회
N32255,사회
N32256,사회
N32257,사회
N32258,사회
N32259,사회
N32260,사회
N32261,사회
N32262,사회
N32263,사회
N32264,사회
N32265,사회
N32266,사회
N32267,사회
N32268,사회
N32269,사회
N32270,사회
N32271,사회
N32272,사회
N32273,사회
N32274,사회
N32275,사회
N32276,사회
N32277,사회
N32278,사회
N32279,사회
N32280,사회
N32281,사회
N32282,사회
N32283,사회
N32284,사회
N32285,사회
N32286,사회
N32287,사회
N32288,사회
N32289,사회
N32290,사회
N32291,사회
N32292,사회
N32293,사회
N32294,사회
N32295,사회
N32296,사회
N32297,사회
N32298,사회
N32299,사회
N32300,사회
N32301,사회
N32302,사회
N32303,사회
N32304,사회
N32305,사회
N32306,사회
N32307,사회
N32308,사회
N32309,사회
N32310,사회
N32311,사회
N32312,사회
N32313,사회
N32314,사회
N32315,사회
N32316,사회
N32317,사회
N32318,사회
N32319,사회
N32320,사회
N32321,사회
N32322,사회
N32323,사회
N32324,사회
N32325,사회
N32326,사회
N32327,사회
N32328,사회
N32329,사회
N32330,사회
N32331,사회
N32332,사회
N32333,사회
N32334,사회
N32335,사회
N32336,사회
N32337,사회
N32338,사회
N32339,사회
N32340,사회
N32341,사회
N32342,사회
N32343,사회
N32344,사회
N32345,사회
N32346,사회
N32347,사회
N32348,사회
N32349,사회
N32350,사회
N32351,사회
N32352,사회
N32353,사회
N32354,사회
N32355,사회
N32356,사회
N32357,사회
N32358,사회
N32359,사회
N32360,사회
N32361,사회
N32362,사회
N32363,사회
N32364,사회
N32365,사회
N32366,사회
N32367,사회
N32368,사회
N32369,사회
N32370,사회
N32371,사회
N32372,사회
N32373,사회
N32374,사회
N32375,사회
N32376,사회
N32377,사회
N32378,사회
N32379,사회
N32380,사회
N32381,사회
N32382,사회
N32383,사회
N32384,사회
N32385,사회
N32386,사회
N32387,사회
N32388,사회
N32389,사회
N32390,사회
N32391,사회
N32392,사회
N32393,사회
N32394,사회
N32395,사회
N32396,사회
N32397,사회
N32398,사회
N32399,사회
N32400,사회
N32401,사회
N32402,사회
N32403,사회
N32404,사회
N32405,사회
N32406,사회
N32407,사회
N32408,사회
N32409,사회
N32410,사회
N32411,사회
N32412,사회
N32413,사회
N32414,사회
N32415,사회
N32416,사회
N32417,사회
N32418,사회
N32419,사회
N32420,사회
N32421,사회
N32422,사회
N32423,사회
N32424,사회
N32425,사회
N32426,사회
N32427,사회
N32428,사회
N32429,사회
N32430,사회
N32431,사회
N32432,사회
N32433,사회
N32434,사회
N32435,사회
N32436,사회
N32437,사회
N32438,사회
N32439,사회
N32440,사회
N32441,사회
N32442,사회
N32443,사회
N32444,사회
N32445,사회
N32446,사회
N32447,사회
N32448,사회
N32449,사회
N32450,사회
N32451,사회
N32452,사회
N32453,사회
N32454,사회
N32455,사회
N32456,사회
N32457,사회
N32458,사회
N32459,사회
N32460,사회
N32461,사회
N32462,사회
N32463,사회
N32464,사회
N32465,사회
N32466,사회
N32467,사회
N32468,사회
N32469,사회
N32470,사회
N32471,사회
N32472,사회
N32473,사회
N32474,사회
N32475,사회
N32476,사회
N32477,사회
N32478,사회
N32479,사회
N32480,사회
N32481,사회
N32482,사회
N32483,사회
N32484,사회
N32485,사회
N32486,사회
N32487,사회
N32488,사회
N32489,사회
N32490,사회
N32491,사회
N32492,사회
N32493,사회
N32494,사회
N32495,사회
N32496,사회
N32497,사회
N32498,사회
N32499,사회
N32500,사회
N32501,사회
N32502,사회
N32503,사회
N32504,사회
N32505,사회
N32506,사회
N32507,사회
N32508,사회
N32509,사회
N32510,사회
N32511,사회
N32512,사회
N32513,사회
N32514,사회
N32515,사회
N32516,사회
N32517,사회
N32518,사회
N32519,사회
N32520,사회
N32521,사회
N32522,사회
N32523,사회
N32524,사회
N32525,사회
N32526,사회
N32527,사회
N32528,사회
N32529,사회
N32530,사회
N32531,사회
N32532,사회
N32533,사회
N32534,사회
N32535,사회
N32536,사회
N32537,사회
N32538,사회
N32539,사회
N32540,사회
N32541,사회
N32542,사회
N32543,사회
N32544,사회
N32545,사회
N32546,사회
N32547,사회
N32548,사회
N32549,사회
N32550,사회
N32551,사회
N32552,사회
N32553,사회
N32554,사회
N32555,사회
N32556,사회
N32557,사회
N32558,사회
N32559,사회
N32560,사회
N32561,사회
N32562,사회
N32563,사회
N32564,사회
N32565,사회
N32566,사회
N32567,사회
N32568,사회
N32569,사회
N32570,사회
N32571,사회
N32572,사회
N32573,사회
N32574,사회
N32575,사회
N32576,사회
N32577,사회
N32578,사회
N32579,사회
N32580,사회
N32581,사회
N32582,사회
N32583,사회
N32584,사회
N32585,사회
N32586,사회
N32587,사회
N32588,사회
N32589,사회
N32590,사회
N32591,사회
N32592,사회
N32593,사회
N32594,사회
N32595,사회
N32596,사회
N32597,사회
N32598,사회
N32599,사회
N32600,사회
N32601,사회
N32602,사회
N32603,사회
N32604,사회
N32605,사회
N32606,사회
N32607,사회
N32608,사회
N32609,사회
N32610,사회
N32611,사회
N32612,사회
N32613,사회
N32614,사회
N32615,사회
N32616,사회
N32617,사회
N32618,사회
N32619,사회
N32620,사회
N32621,사회
N32622,사회
N32623,사회
N32624,사회
N32625,사회
N32626,사회
N32627,사회
N32628,사회
N32629,사회
N32630,사회
N32631,사회
N32632,사회
N32633,사회
N32634,사회
N32635,사회
N32636,사회
N32637,사회
N32638,사회
N32639,사회
N32640,사회
N32641,사회
N32642,사회
N32643,사회
N32644,사회
N32645,사회
N32646,사회
N32647,사회
N32648,사회
N32649,사회
N32650,사회
N32651,사회
N32652,사회
N32653,사회
N32654,사회
N32655,사회
N32656,사회
N32657,사회
N32658,사회
N32659,사회
N32660,사회
N32661,사회
N32662,사회
N32663,사회
N32664,사회
N32665,사회
N32666,사회
N32667,사회
N32668,사회
N32669,사회
N32670,사회
N32671,사회
N32672,사회
N32673,사회
N32674,사회
N32675,사회
N32676,사회
N32677,사회
N32678,사회
N32679,사회
N32680,사회
N32681,사회
N32682,사회
N32683,사회
N32684,사회
N32685,사회
N32686,사회
N32687,사회
N32688,사회
N32689,사회
N32690,사회
N32691,사회
N32692,사회
N32693,사회
N32694,사회
N32695,사회
N32696,사회
N32697,사회
N32698,사회
N32699,사회
N32700,사회
N32701,사회
N32702,사회
N32703,사회
N32704,사회
N32705,사회
N32706,사회
N32707,사회
N32708,사회
N32709,사회
N32710,사회
N32711,사회
N32712,사회
N32713,사회
N32714,사회
N32715,사회
N32716,사회
N32717,사회
N32718,사회
N32719,사회
N32720,사회
N32721,사회
N32722,사회
N32723,사회
N32724,사회
N32725,사회
N32726,사회
N32727,사회
N32728,사회
N32729,사회
N32730,사회
N32731,사회
N32732,사회
N32733,사회
N32734,사회
N32735,사회
N32736,사회
N32737,사회
N32738,사회
N32739,사회
N32740,사회
N32741,사회
N32742,사회
N32743,사회
N32744,사회
N32745,사회
N32746,사회
N32747,사회
N32748,사회
N32749,사회
N32750,사회
N32751,사회
N32752,사회
N32753,사회
N32754,사회
N32755,사회
N32756,사회
N32757,사회
N32758,사회
N32759,사회
N32760,사회
N32761,사회
N32762,사회
N32763,사회
N32764,사회
N32765,사회
N32766,사회
N32767,사회
N32768,사회
N32769,사회
N32770,사회
N32771,사회
N32772,사회
N32773,사회
N32774,사회
N32775,사회
N32776,사회
N32777,사회
N32778,사회
N32779,사회
N32780,사회
N32781,사회
N32782,사회
N32783,사회
N32784,사회
N32785,사회
N32786,사회
N32787,사회
N32788,사회
N32789,사회
N32790,사회
N32791,사회
N32792,사회
N32793,사회
N32794,사회
N32795,사회
N32796,사회
N32797,사회
N32798,사회
N32799,사회
N32800,사회
N32801,사회
N32802,사회
N32803,사회
N32804,사회
N32805,사회
N32806,사회
N32807,사회
N32808,사회
N32809,사회
N32810,사회
N32811,사회
N32812,사회
N32813,사회
N32814,사회
N32815,사회
N32816,사회
N32817,사회
N32818,사회
N32819,사회
N32820,사회
N32821,사회
N32822,사회
N32823,사회
N32824,사회
N32825,사회
N32826,사회
N32827,사회
N32828,사회
N32829,사회
N32830,사회
N32831,사회
N32832,사회
N32833,사회
N32834,사회
N32835,사회
N32836,사회
N32837,사회
N32838,사회
N32839,사회
N32840,사회
N32841,사회
N32842,사회
N32843,사회
N32844,사회
N32845,사회
N32846,사회
N32847,사회
N32848,사회
N32849,사회
N32850,사회
N32851,사회
N32852,사회
N32853,사회
N32854,사회
N32855,사회
N32856,사회
N32857,사회
N32858,사회
N32859,사회
N32860,사회
N32861,사회
N32862,사회
N32863,사회
N32864,사회
N32865,사회
N32866,사회
N32867,사회
N32868,사회
N32869,사회
N32870,사회
N32871,사회
N32872,사회
N32873,사회
N32874,사회
N32875,사회
N32876,사회
N32877,사회
N32878,사회
N32879,사회
N32880,사회
N32881,사회
N32882,사회
N32883,사회
N32884,사회
N32885,사회
N32886,사회
N32887,사회
N32888,사회
N32889,사회
N32890,사회
N32891,사회
N32892,사회
N32893,사회
N32894,사회
N32895,사회
N32896,사회
N32897,사회
N32898,사회
N32899,사회
N32900,사회
N32901,사회
N32902,사회
N32903,사회
N32904,사회
N32905,사회
N32906,사회
N32907,사회
N32908,사회
N32909,사회
N32910,사회
N32911,사회
N32912,사회
N32913,사회
N32914,사회
N32915,사회
N32916,사회
N32917,사회
N32918,사회
N32919,사회
N32920,사회
N32921,사회
N32922,사회
N32923,사회
N32924,사회
N32925,사회
N32926,사회
N32927,사회
N32928,사회
N32929,사회
N32930,사회
N32931,사회
N32932,사회
N32933,사회
N32934,사회
N32935,사회
N32936,사회
N32937,사회
N32938,사회
N32939,사회
N32940,사회
N32941,사회
N32942,사회
N32943,사회
N32944,사회
N32945,사회
N32946,사회
N32947,사회
N32948,사회
N32949,사회
N32950,사회
N32951,사회
N32952,사회
N32953,사회
N32954,사회
N32955,사회
N32956,사회
N32957,사회
N32958,사회
N32959,사회
N32960,사회
N32961,사회
N32962,사회
N32963,사회
N32964,사회
N32965,사회
N32966,사회
N32967,사회
N32968,사회
N32969,사회
N32970,사회
N32971,사회
N32972,사회
N32973,사회
N32974,사회
N32975,사회
N32976,사회
N32977,사회
N32978,사회
N32979,사회
N32980,사회
N32981,사회
N32982,사회
N32983,사회
N32984,사회
N32985,사회
N32986,사회
N32987,사회
N32988,사회
N32989,사회
N32990,사회
N32991,사회
N32992,사회
N32993,사회
N32994,사회
N32995,사회
N32996,사회
N32997,사회
N32998,사회
N32999,사회
N33000,사회
N33001,사회
N33002,사회
N33003,사회
N33004,사회
N33005,사회
N33006,사회
N33007,사회
N33008,사회
N33009,사회
N33010,사회
N33011,사회
N33012,사회
N33013,사회
N33014,사회
N33015,사회
N33016,사회
N33017,사회
N33018,사회
N33019,사회
N33020,사회
N33021,사회
N33022,사회
N33023,사회
N33024,사회
N33025,사회
N33026,사회
N33027,사회
N33028,사회
N33029,사회
N33030,사회
N33031,사회
N33032,사회
N33033,사회
N33034,사회
N33035,사회
N33036,사회
N33037,사회
N33038,사회
N33039,사회
N33040,사회
N33041,사회
N33042,사회
N33043,사회
N33044,사회
N33045,사회
N33046,사회
N33047,사회
N33048,사회
N33049,사회
N33050,사회
N33051,사회
N33052,사회
N33053,사회
N33054,사회
N33055,사회
N33056,사회
N33057,사회
N33058,사회
N33059,사회
N33060,사회
N33061,사회
N33062,사회
N33063,사회
N33064,사회
N33065,사회
N33066,사회
N33067,사회
N33068,사회
N33069,사회
N33070,사회
N33071,사회
N33072,사회
N33073,사회
N33074,사회
N33075,사회
N33076,사회
N33077,사회
N33078,사회
N33079,사회
N33080,사회
N33081,사회
N33082,사회
N33083,사회
N33084,사회
N33085,사회
N33086,사회
N33087,사회
N33088,사회
N33089,사회
N33090,사회
N33091,사회
N33092,사회
N33093,사회
N33094,사회
N33095,사회
N33096,사회
N33097,사회
N33098,사회
N33099,사회
N33100,사회
N33101,사회
N33102,사회
N33103,사회
N33104,사회
N33105,사회
N33106,사회
N33107,사회
N33108,사회
N33109,사회
N33110,사회
N33111,사회
N33112,사회
N33113,사회
N33114,사회
N33115,사회
N33116,사회
N33117,사회
N33118,사회
N33119,사회
N33120,사회
N33121,사회
N33122,사회
N33123,사회
N33124,사회
N33125,사회
N33126,사회
N33127,사회
N33128,사회
N33129,사회
N33130,사회
N33131,사회
N33132,사회
N33133,사회
N33134,사회
N33135,사회
N33136,사회
N33137,사회
N33138,사회
N33139,사회
N33140,사회
N33141,사회
N33142,사회
N33143,사회
N33144,사회
N33145,사회
N33146,사회
N33147,사회
N33148,사회
N33149,사회
N33150,사회
N33151,사회
N33152,사회
N33153,사회
N33154,사회
N33155,사회
N33156,사회
N33157,사회
N33158,사회
N33159,사회
N33160,사회
N33161,사회
N33162,사회
N33163,사회
N33164,사회
N33165,사회
N33166,사회
N33167,사회
N33168,사회
N33169,사회
N33170,사회
N33171,사회
N33172,사회
N33173,사회
N33174,사회
N33175,사회
N33176,사회
N33177,사회
N33178,사회
N33179,사회
N33180,사회
N33181,사회
N33182,사회
N33183,사회
N33184,사회
N33185,사회
N33186,사회
N33187,사회
N33188,사회
N33189,사회
N33190,사회
N33191,사회
N33192,사회
N33193,사회
N33194,사회
N33195,사회
N33196,사회
N33197,사회
N33198,사회
N33199,사회
N33200,사회
N33201,사회
N33202,사회
N33203,사회
N33204,사회
N33205,사회
N33206,사회
N33207,사회
N33208,사회
N33209,사회
N33210,사회
N33211,사회
N33212,사회
N33213,사회
N33214,사회
N33215,사회
N33216,사회
N33217,사회
N33218,사회
N33219,사회
N33220,사회
N33221,사회
N33222,사회
N33223,사회
N33224,사회
N33225,사회
N33226,사회
N33227,사회
N33228,사회
N33229,사회
N33230,사회
N33231,사회
N33232,사회
N33233,사회
N33234,사회
N33235,사회
N33236,사회
N33237,사회
N33238,사회
N33239,사회
N33240,사회
N33241,사회
N33242,사회
N33243,사회
N33244,사회
N33245,사회
N33246,사회
N33247,사회
N33248,사회
N33249,사회
N33250,사회
N33251,사회
N33252,사회
N33253,사회
N33254,사회
N33255,사회
N33256,사회
N33257,사회
N33258,사회
N33259,사회
N33260,사회
N33261,사회
N33262,사회
N33263,사회
N33264,사회
N33265,사회
N33266,사회
N33267,사회
N33268,사회
N33269,사회
N33270,사회
N33271,사회
N33272,사회
N33273,사회
N33274,사회
N33275,사회
N33276,사회
N33277,사회
N33278,사회
N33279,사회
N33280,사회
N33281,사회
N33282,사회
N33283,사회
N33284,사회
N33285,사회
N33286,사회
N33287,사회
N33288,사회
N33289,사회
N33290,사회
N33291,사회
N33292,사회
N33293,사회
N33294,사회
N33295,사회
N33296,사회
N33297,사회
N33298,사회
N33299,사회
N33300,사회
N33301,사회
N33302,사회
N33303,사회
N33304,사회
N33305,사회
N33306,사회
N33307,사회
N33308,사회
N33309,사회
N33310,사회
N33311,사회
N33312,사회
N33313,사회
N33314,사회
N33315,사회
N33316,사회
N33317,사회
N33318,사회
N33319,사회
N33320,사회
N33321,사회
N33322,사회
N33323,사회
N33324,사회
N33325,사회
N33326,사회
N33327,사회
N33328,사회
N33329,사회
N33330,사회
N33331,사회
N33332,사회
N33333,사회
N33334,사회
N33335,사회
N33336,사회
N33337,사회
N33338,사회
N33339,사회
N33340,사회
N33341,사회
N33342,사회
N33343,사회
N33344,사회
N33345,사회
N33346,사회
N33347,사회
N33348,사회
N33349,사회
N33350,사회
N33351,사회
N33352,사회
N33353,사회
N33354,사회
N33355,사회
N33356,사회
N33357,사회
N33358,사회
N33359,사회
N33360,사회
N33361,사회
N33362,사회
N33363,사회
N33364,사회
N33365,사회
N33366,사회
N33367,사회
N33368,사회
N33369,사회
N33370,사회
N33371,사회
N33372,사회
N33373,사회
N33374,사회
N33375,사회
N33376,사회
N33377,사회
N33378,사회
N33379,사회
N33380,사회
N33381,사회
N33382,사회
N33383,사회
N33384,사회
N33385,사회
N33386,사회
N33387,사회
N33388,사회
N33389,사회
N33390,사회
N33391,사회
N33392,사회
N33393,사회
N33394,사회
N33395,사회
N33396,사회
N33397,사회
N33398,사회
N33399,사회
N33400,사회
N33401,사회
N33402,사회
N33403,사회
N33404,사회
N33405,사회
N33406,사회
N33407,사회
N33408,사회
N33409,사회
N33410,사회
N33411,사회
N33412,사회
N33413,사회
N33414,사회
N33415,사회
N33416,사회
N33417,사회
N33418,사회
N33419,사회
N33420,사회
N33421,사회
N33422,사회
N33423,사회
N33424,사회
N33425,사회
N33426,사회
N33427,사회
N33428,사회
N33429,사회
N33430,사회
N33431,사회
N33432,사회
N33433,사회
N33434,사회
N33435,사회
N33436,사회
N33437,사회
N33438,사회
N33439,사회
N33440,사회
N33441,사회
N33442,사회
N33443,사회
N33444,사회
N33445,사회
N33446,사회
N33447,사회
N33448,사회
N33449,사회
N33450,사회
N33451,사회
N33452,사회
N33453,사회
N33454,사회
N33455,사회
N33456,사회
N33457,사회
N33458,사회
N33459,사회
N33460,사회
N33461,사회
N33462,사회
N33463,사회
N33464,사회
N33465,사회
N33466,사회
N33467,사회
N33468,사회
N33469,사회
N33470,사회
N33471,사회
N33472,사회
N33473,사회
N33474,사회
N33475,사회
N33476,사회
N33477,사회
N33478,사회
N33479,사회
N33480,사회
N33481,사회
N33482,사회
N33483,사회
N33484,사회
N33485,사회
N33486,사회
N33487,사회
N33488,사회
N33489,사회
N33490,사회
N33491,사회
N33492,사회
N33493,사회
N33494,사회
N33495,사회
N33496,사회
N33497,사회
N33498,사회
N33499,사회
N33500,사회
N33501,사회
N33502,사회
N33503,사회
N33504,사회
N33505,사회
N33506,사회
N33507,사회
N33508,사회
N33509,사회
N33510,사회
N33511,사회
N33512,사회
N33513,사회
N33514,사회
N33515,사회
N33516,사회
N33517,사회
N33518,사회
N33519,사회
N33520,사회
N33521,사회
N33522,사회
N33523,사회
N33524,사회
N33525,사회
N33526,사회
N33527,사회
N33528,사회
N33529,사회
N33530,사회
N33531,사회
N33532,사회
N33533,사회
N33534,사회
N33535,사회
N33536,사회
N33537,사회
N33538,사회
N33539,사회
N33540,사회
N33541,사회
N33542,사회
N33543,사회
N33544,사회
N33545,사회
N33546,사회
N33547,사회
N33548,사회
N33549,사회
N33550,사회
N33551,사회
N33552,사회
N33553,사회
N33554,사회
N33555,사회
N33556,사회
N33557,사회
N33558,사회
N33559,사회
N33560,사회
N33561,사회
N33562,사회
N33563,사회
N33564,사회
N33565,사회
N33566,사회
N33567,사회
N33568,사회
N33569,사회
N33570,사회
N33571,사회
N33572,사회
N33573,사회
N33574,사회
N33575,사회
N33576,사회
N33577,사회
N33578,사회
N33579,사회
N33580,사회
N33581,사회
N33582,사회
N33583,사회
N33584,사회
N33585,사회
N33586,사회
N33587,사회
N33588,사회
N33589,사회
N33590,사회
N33591,사회
N33592,사회
N33593,사회
N33594,사회
N33595,사회
N33596,사회
N33597,사회
N33598,사회
N33599,사회
N33600,사회
N33601,사회
N33602,사회
N33603,사회
N33604,사회
N33605,사회
N33606,사회
N33607,사회
N33608,사회
N33609,사회
N33610,사회
N33611,사회
N33612,사회
N33613,사회
N33614,사회
N33615,사회
N33616,사회
N33617,사회
N33618,사회
N33619,사회
N33620,사회
N33621,사회
N33622,사회
N33623,사회
N33624,사회
N33625,사회
N33626,사회
N33627,사회
N33628,사회
N33629,사회
N33630,사회
N33631,사회
N33632,사회
N33633,사회
N33634,사회
N33635,사회
N33636,사회
N33637,사회
N33638,사회
N33639,사회
N33640,사회
N33641,사회
N33642,사회
N33643,사회
N33644,사회
N33645,사회
N33646,사회
N33647,사회
N33648,사회
N33649,사회
N33650,사회
N33651,사회
N33652,사회
N33653,사회
N33654,사회
N33655,사회
N33656,사회
N33657,사회
N33658,사회
N33659,사회
N33660,사회
N33661,사회
N33662,사회
N33663,사회
N33664,사회
N33665,사회
N33666,사회
N33667,사회
N33668,사회
N33669,사회
N33670,사회
N33671,사회
N33672,사회
N33673,사회
N33674,사회
N33675,사회
N33676,사회
N33677,사회
N33678,사회
N33679,사회
N33680,사회
N33681,사회
N33682,사회
N33683,사회
N33684,사회
N33685,사회
N33686,사회
N33687,사회
N33688,사회
N33689,사회
N33690,사회
N33691,사회
N33692,사회
N33693,사회
N33694,사회
N33695,사회
N33696,사회
N33697,사회
N33698,사회
N33699,사회
N33700,사회
N33701,사회
N33702,사회
N33703,사회
N33704,사회
N33705,사회
N33706,사회
N33707,사회
N33708,사회
N33709,사회
N33710,사회
N33711,사회
N33712,사회
N33713,사회
N33714,사회
N33715,사회
N33716,사회
N33717,사회
N33718,사회
N33719,사회
N33720,사회
N33721,사회
N33722,사회
N33723,사회
N33724,사회
N33725,사회
N33726,사회
N33727,사회
N33728,사회
N33729,사회
N33730,사회
N33731,사회
N33732,사회
N33733,사회
N33734,사회
N33735,사회
N33736,사회
N33737,사회
N33738,사회
N33739,사회
N33740,사회
N33741,사회
N33742,사회
N33743,사회
N33744,사회
N33745,사회
N33746,사회
N33747,사회
N33748,사회
N33749,사회
N33750,사회
N33751,사회
N33752,사회
N33753,사회
N33754,사회
N33755,사회
N33756,사회
N33757,사회
N33758,사회
N33759,사회
N33760,사회
N33761,사회
N33762,사회
N33763,사회
N33764,사회
N33765,사회
N33766,사회
N33767,사회
N33768,사회
N33769,사회
N33770,사회
N33771,사회
N33772,사회
N33773,사회
N33774,사회
N33775,사회
N33776,사회
N33777,사회
N33778,사회
N33779,사회
N33780,사회
N33781,사회
N33782,사회
N33783,사회
N33784,사회
N33785,사회
N33786,사회
N33787,사회
N33788,사회
N33789,사회
N33790,사회
N33791,사회
N33792,사회
N33793,사회
N33794,사회
N33795,사회
N33796,사회
N33797,사회
N33798,사회
N33799,사회
N33800,사회
N33801,사회
N33802,사회
N33803,사회
N33804,사회
N33805,사회
N33806,사회
N33807,사회
N33808,사회
N33809,사회
N33810,사회
N33811,사회
N33812,사회
N33813,사회
N33814,사회
N33815,사회
N33816,사회
N33817,사회
N33818,사회
N33819,사회
N33820,사회
N33821,사회
N33822,사회
N33823,사회
N33824,사회
N33825,사회
N33826,사회
N33827,사회
N33828,사회
N33829,사회
N33830,사회
N33831,사회
N33832,사회
N33833,사회
N33834,사회
N33835,사회
N33836,사회
N33837,사회
N33838,사회
N33839,사회
N33840,사회
N33841,사회
N33842,사회
N33843,사회
N33844,사회
N33845,사회
N33846,사회
N33847,사회
N33848,사회
N33849,사회
N33850,사회
N33851,사회
N33852,사회
N33853,사회
N33854,사회
N33855,사회
N33856,사회
N33857,사회
N33858,사회
N33859,사회
N33860,사회
N33861,사회
N33862,사회
N33863,사회
N33864,사회
N33865,사회
N33866,사회
N33867,사회
N33868,사회
N33869,사회
N33870,사회
N33871,사회
N33872,사회
N33873,사회
N33874,사회
N33875,사회
N33876,사회
N33877,사회
N33878,사회
N33879,사회
N33880,사회
N33881,사회
N33882,사회
N33883,사회
N33884,사회
N33885,사회
N33886,사회
N33887,사회
N33888,사회
N33889,사회
N33890,사회
N33891,사회
N33892,사회
N33893,사회
N33894,사회
N33895,사회
N33896,사회
N33897,사회
N33898,사회
N33899,사회
N33900,사회
N33901,사회
N33902,사회
N33903,사회
N33904,사회
N33905,사회
N33906,사회
N33907,사회
N33908,사회
N33909,사회
N33910,사회
N33911,사회
N33912,사회
N33913,사회
N33914,사회
N33915,사회
N33916,사회
N33917,사회
N33918,사회
N33919,사회
N33920,사회
N33921,사회
N33922,사회
N33923,사회
N33924,사회
N33925,사회
N33926,사회
N33927,사회
N33928,사회
N33929,사회
N33930,사회
N33931,사회
N33932,사회
N33933,사회
N33934,사회
N33935,사회
N33936,사회
N33937,사회
N33938,사회
N33939,사회
N33940,사회
N33941,사회
N33942,사회
N33943,사회
N33944,사회
N33945,사회
N33946,사회
N33947,사회
N33948,사회
N33949,사회
N33950,사회
N33951,사회
N33952,사회
N33953,사회
N33954,사회
N33955,사회
N33956,사회
N33957,사회
N33958,사회
N33959,사회
N33960,사회
N33961,사회
N33962,사회
N33963,사회
N33964,사회
N33965,사회
N33966,사회
N33967,사회
N33968,사회
N33969,사회
N33970,사회
N33971,사회
N33972,사회
N33973,사회
N33974,사회
N33975,사회
N33976,사회
N33977,사회
N33978,사회
N33979,사회
N33980,사회
N33981,사회
N33982,사회
N33983,사회
N33984,사회
N33985,사회
N33986,사회
N33987,사회
N33988,사회
N33989,사회
N33990,사회
N33991,사회
N33992,사회
N33993,사회
N33994,사회
N33995,사회
N33996,사회
N33997,사회
N33998,사회
N33999,사회
N34000,사회
N34001,사회
N34002,사회
N34003,사회
N34004,사회
N34005,사회
N34006,사회
N34007,사회
N34008,사회
N34009,사회
N34010,사회
N34011,사회
N34012,사회
N34013,사회
N34014,사회
N34015,사회
N34016,사회
N34017,사회
N34018,사회
N34019,사회
N34020,사회
N34021,사회
N34022,사회
N34023,사회
N34024,사회
N34025,사회
N34026,사회
N34027,사회
N34028,사회
N34029,사회
N34030,사회
N34031,사회
N34032,사회
N34033,사회
N34034,사회
N34035,사회
N34036,사회
N34037,사회
N34038,사회
N34039,사회
N34040,사회
N34041,사회
N34042,사회
N34043,사회
N34044,사회
N34045,사회
N34046,사회
N34047,사회
N34048,사회
N34049,사회
N34050,사회
N34051,사회
N34052,사회
N34053,사회
N34054,사회
N34055,사회
N34056,사회
N34057,사회
N34058,사회
N34059,사회
N34060,사회
N34061,사회
N34062,사회
N34063,사회
N34064,사회
N34065,사회
N34066,사회
N34067,사회
N34068,사회
N34069,사회
N34070,사회
N34071,사회
N34072,사회
N34073,사회
N34074,사회
N34075,사회
N34076,사회
N34077,사회
N34078,사회
N34079,사회
N34080,사회
N34081,사회
N34082,사회
N34083,사회
N34084,사회
N34085,사회
N34086,사회
N34087,사회
N34088,사회
N34089,사회
N34090,사회
N34091,사회
N34092,사회
N34093,사회
N34094,사회
N34095,사회
N34096,사회
N34097,사회
N34098,사회
N34099,사회
N34100,사회
N34101,사회
N34102,사회
N34103,사회
N34104,사회
N34105,사회
N34106,사회
N34107,사회
N34108,사회
N34109,사회
N34110,사회
N34111,사회
N34112,사회
N34113,사회
N34114,사회
N34115,사회
N34116,사회
N34117,사회
N34118,사회
N34119,사회
N34120,사회
N34121,사회
N34122,사회
N34123,사회
N34124,사회
N34125,사회
N34126,사회
N34127,사회
N34128,사회
N34129,사회
N34130,사회
N34131,사회
N34132,사회
N34133,사회
N34134,사회
N34135,사회
N34136,사회
N34137,사회
N34138,사회
N34139,사회
N34140,사회
N34141,사회
N34142,사회
N34143,사회
N34144,사회
N34145,사회
N34146,사회
N34147,사회
N34148,사회
N34149,사회
N34150,사회
N34151,사회
N34152,사회
N34153,사회
N34154,사회
N34155,사회
N34156,사회
N34157,사회
N34158,사회
N34159,사회
N34160,사회
N34161,사회
N34162,사회
N34163,사회
N34164,사회
N34165,사회
N34166,사회
N34167,사회
N34168,사회
N34169,사회
N34170,사회
N34171,사회
N34172,사회
N34173,사회
N34174,사회
N34175,사회
N34176,사회
N34177,사회
N34178,사회
N34179,사회
N34180,사회
N34181,사회
N34182,사회
N34183,사회
N34184,사회
N34185,사회
N34186,사회
N34187,사회
N34188,사회
N34189,사회
N34190,사회
N34191,사회
N34192,사회
N34193,사회
N34194,사회
N34195,사회
N34196,사회
N34197,사회
N34198,사회
N34199,사회
N34200,사회
N34201,사회
N34202,사회
N34203,사회
N34204,사회
N34205,사회
N34206,사회
N34207,사회
N34208,사회
N34209,사회
N34210,사회
N34211,사회
N34212,사회
N34213,사회
N34214,사회
N34215,사회
N34216,사회
N34217,사회
N34218,사회
N34219,사회
N34220,사회
N34221,사회
N34222,사회
N34223,사회
N34224,사회
N34225,사회
N34226,사회
N34227,사회
N34228,사회
N34229,사회
N34230,사회
N34231,사회
N34232,사회
N34233,사회
N34234,사회
N34235,사회
N34236,사회
N34237,사회
N34238,사회
N34239,사회
N34240,사회
N34241,사회
N34242,사회
N34243,사회
N34244,사회
N34245,사회
N34246,사회
N34247,사회
N34248,사회
N34249,사회
N34250,사회
N34251,사회
N34252,사회
N34253,사회
N34254,사회
N34255,사회
N34256,사회
N34257,사회
N34258,사회
N34259,사회
N34260,사회
N34261,사회
N34262,사회
N34263,사회
N34264,사회
N34265,사회
N34266,사회
N34267,사회
N34268,사회
N34269,사회
N34270,사회
N34271,사회
N34272,사회
N34273,사회
N34274,사회
N34275,사회
N34276,사회
N34277,사회
N34278,사회
N34279,사회
N34280,사회
N34281,사회
N34282,사회
N34283,사회
N34284,사회
N34285,사회
N34286,사회
N34287,사회
N34288,사회
N34289,사회
N34290,사회
N34291,사회
N34292,사회
N34293,사회
N34294,사회
N34295,사회
N34296,사회
N34297,사회
N34298,사회
N34299,사회
N34300,사회
N34301,사회
N34302,사회
N34303,사회
N34304,사회
N34305,사회
N34306,사회
N34307,사회
N34308,사회
N34309,사회
N34310,사회
N34311,사회
N34312,사회
N34313,사회
N34314,사회
N34315,사회
N34316,사회
N34317,사회
N34318,사회
N34319,사회
N34320,사회
N34321,사회
N34322,사회
N34323,사회
N34324,사회
N34325,사회
N34326,사회
N34327,사회
N34328,사회
N34329,사회
N34330,사회
N34331,사회
N34332,사회
N34333,사회
N34334,사회
N34335,사회
N34336,사회
N34337,사회
N34338,사회
N34339,사회
N34340,사회
N34341,사회
N34342,사회
N34343,사회
N34344,사회
N34345,사회
N34346,사회
N34347,사회
N34348,사회
N34349,사회
N34350,사회
N34351,사회
N34352,사회
N34353,사회
N34354,사회
N34355,사회
N34356,사회
N34357,사회
N34358,사회
N34359,사회
N34360,사회
N34361,사회
N34362,사회
N34363,사회
N34364,사회
N34365,사회
N34366,사회
N34367,사회
N34368,사회
N34369,사회
N34370,사회
N34371,사회
N34372,사회
N34373,사회
N34374,사회
N34375,사회
N34376,사회
N34377,사회
N34378,사회
N34379,사회
N34380,사회
N34381,사회
N34382,사회
N34383,사회
N34384,사회
N34385,사회
N34386,사회
N34387,사회
N34388,사회
N34389,사회
N34390,사회
N34391,사회
N34392,사회
N34393,사회
N34394,사회
N34395,사회
N34396,사회
N34397,사회
N34398,사회
N34399,사회
N34400,사회
N34401,사회
N34402,사회
N34403,사회
N34404,사회
N34405,사회
N34406,사회
N34407,사회
N34408,사회
N34409,사회
N34410,사회
N34411,사회
N34412,사회
N34413,사회
N34414,사회
N34415,사회
N34416,사회
N34417,사회
N34418,사회
N34419,사회
N34420,사회
N34421,사회
N34422,사회
N34423,사회
N34424,사회
N34425,사회
N34426,사회
N34427,사회
N34428,사회
N34429,사회
N34430,사회
N34431,사회
N34432,사회
N34433,사회
N34434,사회
N34435,사회
N34436,사회
N34437,사회
N34438,사회
N34439,사회
N34440,사회
N34441,사회
N34442,사회
N34443,사회
N34444,사회
N34445,사회
N34446,사회
N34447,사회
N34448,사회
N34449,사회
N34450,사회
N34451,사회
N34452,사회
N34453,사회
N34454,사회
N34455,사회
N34456,사회
N34457,사회
N34458,사회
N34459,사회
N34460,사회
N34461,사회
N34462,사회
N34463,사회
N34464,사회
N34465,사회
N34466,사회
N34467,사회
N34468,사회
N34469,사회
N34470,사회
N34471,사회
N34472,사회
N34473,사회
N34474,사회
N34475,사회
N34476,사회
N34477,사회
N34478,사회
N34479,사회
N34480,사회
N34481,사회
N34482,사회
N34483,사회
N34484,사회
N34485,사회
N34486,사회
N34487,사회
N34488,사회
N34489,사회
N34490,사회
N34491,사회
N34492,사회
N34493,사회
N34494,사회
N34495,사회
N34496,사회
N34497,사회
N34498,사회
N34499,사회
N34500,사회
N34501,사회
N34502,사회
N34503,사회
N34504,사회
N34505,사회
N34506,사회
N34507,사회
N34508,사회
N34509,사회
N34510,사회
N34511,사회
N34512,사회
N34513,사회
N34514,사회
N34515,사회
N34516,사회
N34517,사회
N34518,사회
N34519,사회
N34520,사회
N34521,사회
N34522,사회
N34523,사회
N34524,사회
N34525,사회
N34526,사회
N34527,사회
N34528,사회
N34529,사회
N34530,사회
N34531,사회
N34532,사회
N34533,사회
N34534,사회
N34535,사회
N34536,사회
N34537,사회
N34538,사회
N34539,사회
N34540,사회
N34541,사회
N34542,사회
N34543,사회
N34544,사회
N34545,사회
N34546,사회
N34547,사회
N34548,사회
N34549,사회
N34550,사회
N34551,사회
N34552,사회
N34553,사회
N34554,사회
N34555,사회
N34556,사회
N34557,사회
N34558,사회
N34559,사회
N34560,사회
N34561,사회
N34562,사회
N34563,사회
N34564,사회
N34565,사회
N34566,사회
N34567,사회
N34568,사회
N34569,사회
N34570,사회
N34571,사회
N34572,사회
N34573,사회
N34574,사회
N34575,사회
N34576,사회
N34577,사회
N34578,사회
N34579,사회
N34580,사회
N34581,사회
N34582,사회
N34583,사회
N34584,사회
N34585,사회
N34586,사회
N34587,사회
N34588,사회
N34589,사회
N34590,사회
N34591,사회
N34592,사회
N34593,사회
N34594,사회
N34595,사회
N34596,사회
N34597,사회
N34598,사회
N34599,사회
N34600,사회
N34601,사회
N34602,사회
N34603,사회
N34604,사회
N34605,사회
N34606,사회
N34607,사회
N34608,사회
N34609,사회
N34610,사회
N34611,사회
N34612,사회
N34613,사회
N34614,사회
N34615,사회
N34616,사회
N34617,사회
N34618,사회
N34619,사회
N34620,사회
N34621,사회
N34622,사회
N34623,사회
N34624,사회
N34625,사회
N34626,사회
N34627,사회
N34628,사회
N34629,사회
N34630,사회
N34631,사회
N34632,사회
N34633,사회
N34634,사회
N34635,사회
N34636,사회
N34637,사회
N34638,사회
N34639,사회
N34640,사회
N34641,사회
N34642,사회
N34643,사회
N34644,사회
N34645,사회
N34646,사회
N34647,사회
N34648,사회
N34649,사회
N34650,사회
N34651,사회
N34652,사회
N34653,사회
N34654,사회
N34655,사회
N34656,사회
N34657,사회
N34658,사회
N34659,사회
N34660,사회
N34661,사회
N34662,사회
N34663,사회
N34664,사회
N34665,사회
N34666,사회
N34667,사회
N34668,사회
N34669,사회
N34670,사회
N34671,사회
N34672,사회
N34673,사회
N34674,사회
N34675,사회
N34676,사회
N34677,사회
N34678,사회
N34679,사회
N34680,사회
N34681,사회
N34682,사회
N34683,사회
N34684,사회
N34685,사회
N34686,사회
N34687,사회
N34688,사회
N34689,사회
N34690,사회
N34691,사회
N34692,사회
N34693,사회
N34694,사회
N34695,사회
N34696,사회
N34697,사회
N34698,사회
N34699,사회
N34700,사회
N34701,사회
N34702,사회
N34703,사회
N34704,사회
N34705,사회
N34706,사회
N34707,사회
N34708,사회
N34709,사회
N34710,사회
N34711,사회
N34712,사회
N34713,사회
N34714,사회
N34715,사회
N34716,사회
N34717,사회
N34718,사회
N34719,사회
N34720,사회
N34721,사회
N34722,사회
N34723,사회
N34724,사회
N34725,사회
N34726,사회
N34727,사회
N34728,사회
N34729,사회
N34730,사회
N34731,사회
N34732,사회
N34733,사회
N34734,사회
N34735,사회
N34736,사회
N34737,사회
N34738,사회
N34739,사회
N34740,사회
N34741,사회
N34742,사회
N34743,사회
N34744,사회
N34745,사회
N34746,사회
N34747,사회
N34748,사회
N34749,사회
N34750,사회
N34751,사회
N34752,사회
N34753,사회
N34754,사회
N34755,사회
N34756,사회
N34757,사회
N34758,사회
N34759,사회
N34760,사회
N34761,사회
N34762,사회
N34763,사회
N34764,사회
N34765,사회
N34766,사회
N34767,사회
N34768,사회
N34769,사회
N34770,사회
N34771,사회
N34772,사회
N34773,사회
N34774,사회
N34775,사회
N34776,사회
N34777,사회
N34778,사회
N34779,사회
N34780,사회
N34781,사회
N34782,사회
N34783,사회
N34784,사회
N34785,사회
N34786,사회
N34787,사회
N34788,사회
N34789,사회
N34790,사회
N34791,사회
N34792,사회
N34793,사회
N34794,사회
N34795,사회
N34796,사회
N34797,사회
N34798,사회
N34799,사회
N34800,사회
N34801,사회
N34802,사회
N34803,사회
N34804,사회
N34805,사회
N34806,사회
N34807,사회
N34808,사회
N34809,사회
N34810,사회
N34811,사회
N34812,사회
N34813,사회
N34814,사회
N34815,사회
N34816,사회
N34817,사회
N34818,사회
N34819,사회
N34820,사회
N34821,사회
N34822,사회
N34823,사회
N34824,사회
N34825,사회
N34826,사회
N34827,사회
N34828,사회
N34829,사회
N34830,사회
N34831,사회
N34832,사회
N34833,사회
N34834,사회
N34835,사회
N34836,사회
N34837,사회
N34838,사회
N34839,사회
N34840,사회
N34841,사회
N34842,사회
N34843,사회
N34844,사회
N34845,사회
N34846,사회
N34847,사회
N34848,사회
N34849,사회
N34850,사회
N34851,사회
N34852,사회
N34853,사회
N34854,사회
N34855,사회
N34856,사회
N34857,사회
N34858,사회
N34859,사회
N34860,사회
N34861,사회
N34862,사회
N34863,사회
N34864,사회
N34865,사회
N34866,사회
N34867,사회
N34868,사회
N34869,사회
N34870,사회
N34871,사회
N34872,사회
N34873,사회
N34874,사회
N34875,사회
N34876,사회
N34877,사회
N34878,사회
N34879,사회
N34880,사회
N34881,사회
N34882,사회
N34883,사회
N34884,사회
N34885,사회
N34886,사회
N34887,사회
N34888,사회
N34889,사회
N34890,사회
N34891,사회
N34892,사회
N34893,사회
N34894,사회
N34895,사회
N34896,사회
N34897,사회
N34898,사회
N34899,사회
N34900,사회
N34901,사회
N34902,사회
N34903,사회
N34904,사회
N34905,사회
N34906,사회
N34907,사회
N34908,사회
N34909,사회
N34910,사회
N34911,사회
N34912,사회
N34913,사회
N34914,사회
N34915,사회
N34916,사회
N34917,사회
N34918,사회
N34919,사회
N34920,사회
N34921,사회
N34922,사회
N34923,사회
N34924,사회
N34925,사회
N34926,사회
N34927,사회
N34928,사회
N34929,사회
N34930,사회
N34931,사회
N34932,사회
N34933,사회
N34934,사회
N34935,사회
N34936,사회
N34937,사회
N34938,사회
N34939,사회
N34940,사회
N34941,사회
N34942,사회
N34943,사회
N34944,사회
N34945,사회
N34946,사회
N34947,사회
N34948,사회
N34949,사회
N34950,사회
N34951,사회
N34952,사회
N34953,사회
N34954,사회
N34955,사회
N34956,사회
N34957,사회
N34958,사회
N34959,사회
N34960,사회
N34961,사회
N34962,사회
N34963,사회
N34964,사회
N34965,사회
N34966,사회
N34967,사회
N34968,사회
N34969,사회
N34970,사회
N34971,사회
N34972,사회
N34973,사회
N34974,사회
N34975,사회
N34976,사회
N34977,사회
N34978,사회
N34979,사회
N34980,사회
N34981,사회
N34982,사회
N34983,사회
N34984,사회
N34985,사회
N34986,사회
N34987,사회
N34988,사회
N34989,사회
N34990,사회
N34991,사회
N34992,사회
N34993,사회
N34994,사회
N34995,사회
N34996,사회
N34997,사회
N34998,사회
N34999,사회
N35000,사회
N35001,사회
N35002,사회
N35003,사회
N35004,사회
N35005,사회
N35006,사회
N35007,사회
N35008,사회
N35009,사회
N35010,사회
N35011,사회
N35012,사회
N35013,사회
N35014,사회
N35015,사회
N35016,사회
N35017,사회
N35018,사회
N35019,사회
N35020,사회
N35021,사회
N35022,사회
N35023,사회
N35024,사회
N35025,사회
N35026,사회
N35027,사회
N35028,사회
N35029,사회
N35030,사회
N35031,사회
N35032,사회
N35033,사회
N35034,사회
N35035,사회
N35036,사회
N35037,사회
N35038,사회
N35039,사회
N35040,사회
N35041,사회
N35042,사회
N35043,사회
N35044,사회
N35045,사회
N35046,사회
N35047,사회
N35048,사회
N35049,사회
N35050,사회
N35051,사회
N35052,사회
N35053,사회
N35054,사회
N35055,사회
N35056,사회
N35057,사회
N35058,사회
N35059,사회
N35060,사회
N35061,사회
N35062,사회
N35063,사회
N35064,사회
N35065,사회
N35066,사회
N35067,사회
N35068,사회
N35069,사회
N35070,사회
N35071,사회
N35072,사회
N35073,사회
N35074,사회
N35075,사회
N35076,사회
N35077,사회
N35078,사회
N35079,사회
N35080,사회
N35081,사회
N35082,사회
N35083,사회
N35084,사회
N35085,사회
N35086,사회
N35087,사회
N35088,사회
N35089,사회
N35090,사회
N35091,사회
N35092,사회
N35093,사회
N35094,사회
N35095,사회
N35096,사회
N35097,사회
N35098,사회
N35099,사회
N35100,사회
N35101,사회
N35102,사회
N35103,사회
N35104,사회
N35105,사회
N35106,사회
N35107,사회
N35108,사회
N35109,사회
N35110,사회
N35111,사회
N35112,사회
N35113,사회
N35114,사회
N35115,사회
N35116,사회
N35117,사회
N35118,사회
N35119,사회
N35120,사회
N35121,사회
N35122,사회
N35123,사회
N35124,사회
N35125,사회
N35126,사회
N35127,사회
N35128,사회
N35129,사회
N35130,사회
N35131,사회
N35132,사회
N35133,사회
N35134,사회
N35135,사회
N35136,사회
N35137,사회
N35138,사회
N35139,사회
N35140,사회
N35141,사회
N35142,사회
N35143,사회
N35144,사회
N35145,사회
N35146,사회
N35147,사회
N35148,사회
N35149,사회
N35150,사회
N35151,사회
N35152,사회
N35153,사회
N35154,사회
N35155,사회
N35156,사회
N35157,사회
N35158,사회
N35159,사회
N35160,사회
N35161,사회
N35162,사회
N35163,사회
N35164,사회
N35165,사회
N35166,사회
N35167,사회
N35168,사회
N35169,사회
N35170,사회
N35171,사회
N35172,사회
N35173,사회
N35174,사회
N35175,사회
N35176,사회
N35177,사회
N35178,사회
N35179,사회
N35180,사회
N35181,사회
N35182,사회
N35183,사회
N35184,사회
N35185,사회
N35186,사회
N35187,사회
N35188,사회
N35189,사회
N35190,사회
N35191,사회
N35192,사회
N35193,사회
N35194,사회
N35195,사회
N35196,사회
N35197,사회
N35198,사회
N35199,사회
N35200,사회
N35201,사회
N35202,사회
N35203,사회
N35204,사회
N35205,사회
N35206,사회
N35207,사회
N35208,사회
N35209,사회
N35210,사회
N35211,사회
N35212,사회
N35213,사회
N35214,사회
N35215,사회
N35216,사회
N35217,사회
N35218,사회
N35219,사회
N35220,사회
N35221,사회
N35222,사회
N35223,사회
N35224,사회
N35225,사회
N35226,사회
N35227,사회
N35228,사회
N35229,사회
N35230,사회
N35231,사회
N35232,사회
N35233,사회
N35234,사회
N35235,사회
N35236,사회
N35237,사회
N35238,사회
N35239,사회
N35240,사회
N35241,사회
N35242,사회
N35243,사회
N35244,사회
N35245,사회
N35246,사회
N35247,사회
N35248,사회
N35249,사회
N35250,사회
N35251,사회
N35252,사회
N35253,사회
N35254,사회
N35255,사회
N35256,사회
N35257,사회
N35258,사회
N35259,사회
N35260,사회
N35261,사회
N35262,사회
N35263,사회
N35264,사회
N35265,사회
N35266,사회
N35267,사회
N35268,사회
N35269,사회
N35270,사회
N35271,사회
N35272,사회
N35273,사회
N35274,사회
N35275,사회
N35276,사회
N35277,사회
N35278,사회
N35279,사회
N35280,사회
N35281,사회
N35282,사회
N35283,사회
N35284,사회
N35285,사회
N35286,사회
N35287,사회
N35288,사회
N35289,사회
N35290,사회
N35291,사회
N35292,사회
N35293,사회
N35294,사회
N35295,사회
N35296,사회
N35297,사회
N35298,사회
N35299,사회
N35300,사회
N35301,사회
N35302,사회
N35303,사회
N35304,사회
N35305,사회
N35306,사회
N35307,사회
N35308,사회
N35309,사회
N35310,사회
N35311,사회
N35312,사회
N35313,사회
N35314,사회
N35315,사회
N35316,사회
N35317,사회
N35318,사회
N35319,사회
N35320,사회
N35321,사회
N35322,사회
N35323,사회
N35324,사회
N35325,사회
N35326,사회
N35327,사회
N35328,사회
N35329,사회
N35330,사회
N35331,사회
N35332,사회
N35333,사회
N35334,사회
N35335,사회
N35336,사회
N35337,사회
N35338,사회
N35339,사회
N35340,사회
N35341,사회
N35342,사회
N35343,사회
N35344,사회
N35345,사회
N35346,사회
N35347,사회
N35348,사회
N35349,사회
N35350,사회
N35351,사회
N35352,사회
N35353,사회
N35354,사회
N35355,사회
N35356,사회
N35357,사회
N35358,사회
N35359,사회
N35360,사회
N35361,사회
N35362,사회
N35363,사회
N35364,사회
N35365,사회
N35366,사회
N35367,사회
N35368,사회
N35369,사회
N35370,사회
N35371,사회
N35372,사회
N35373,사회
N35374,사회
N35375,사회
N35376,사회
N35377,사회
N35378,사회
N35379,사회
N35380,사회
N35381,사회
N35382,사회
N35383,사회
N35384,사회
N35385,사회
N35386,사회
N35387,사회
N35388,사회
N35389,사회
N35390,사회
N35391,사회
N35392,사회
N35393,사회
N35394,사회
N35395,사회
N35396,사회
N35397,사회
N35398,사회
N35399,사회
N35400,사회
N35401,사회
N35402,사회
N35403,사회
N35404,사회
N35405,사회
N35406,사회
N35407,사회
N35408,사회
N35409,사회
N35410,사회
N35411,사회
N35412,사회
N35413,사회
N35414,사회
N35415,사회
N35416,사회
N35417,사회
N35418,사회
N35419,사회
N35420,사회
N35421,사회
N35422,사회
N35423,사회
N35424,사회
N35425,사회
N35426,사회
N35427,사회
N35428,사회
N35429,사회
N35430,사회
N35431,사회
N35432,사회
N35433,사회
N35434,사회
N35435,사회
N35436,사회
N35437,사회
N35438,사회
N35439,사회
N35440,사회
N35441,사회
N35442,사회
N35443,사회
N35444,사회
N35445,사회
N35446,사회
N35447,사회
N35448,사회
N35449,사회
N35450,사회
N35451,사회
N35452,사회
N35453,사회
N35454,사회
N35455,사회
N35456,사회
N35457,사회
N35458,사회
N35459,사회
N35460,사회
N35461,사회
N35462,사회
N35463,사회
N35464,사회
N35465,사회
N35466,사회
N35467,사회
N35468,사회
N35469,사회
N35470,사회
N35471,사회
N35472,사회
N35473,사회
N35474,사회
N35475,사회
N35476,사회
N35477,사회
N35478,사회
N35479,사회
N35480,사회
N35481,사회
N35482,사회
N35483,사회
N35484,사회
N35485,사회
N35486,사회
N35487,사회
N35488,사회
N35489,사회
N35490,사회
N35491,사회
N35492,사회
N35493,사회
N35494,사회
N35495,사회
N35496,사회
N35497,사회
N35498,사회
N35499,사회
N35500,사회
N35501,사회
N35502,사회
N35503,사회
N35504,사회
N35505,사회
N35506,사회
N35507,사회
N35508,사회
N35509,사회
N35510,사회
N35511,사회
N35512,사회
N35513,사회
N35514,사회
N35515,사회
N35516,사회
N35517,사회
N35518,사회
N35519,사회
N35520,사회
N35521,사회
N35522,사회
N35523,사회
N35524,사회
N35525,사회
N35526,사회
N35527,사회
N35528,사회
N35529,사회
N35530,사회
N35531,사회
N35532,사회
N35533,사회
N35534,사회
N35535,사회
N35536,사회
N35537,사회
N35538,사회
N35539,사회
N35540,사회
N35541,사회
N35542,사회
N35543,사회
N35544,사회
N35545,사회
N35546,사회
N35547,사회
N35548,사회
N35549,사회
N35550,사회
N35551,사회
N35552,사회
N35553,사회
N35554,사회
N35555,사회
N35556,사회
N35557,사회
N35558,사회
N35559,사회
N35560,사회
N35561,사회
N35562,사회
N35563,사회
N35564,사회
N35565,사회
N35566,사회
N35567,사회
N35568,사회
N35569,사회
N35570,사회
N35571,사회
N35572,사회
N35573,사회
N35574,사회
N35575,사회
N35576,사회
N35577,사회
N35578,사회
N35579,사회
N35580,사회
N35581,사회
N35582,사회
N35583,사회
N35584,사회
N35585,사회
N35586,사회
N35587,사회
N35588,사회
N35589,사회
N35590,사회
N35591,사회
N35592,사회
N35593,사회
N35594,사회
N35595,사회
N35596,사회
N35597,사회
N35598,사회
N35599,사회
N35600,사회
N35601,사회
N35602,사회
N35603,사회
N35604,사회
N35605,사회
N35606,사회
N35607,사회
N35608,사회
N35609,사회
N35610,사회
N35611,사회
N35612,사회
N35613,사회
N35614,사회
N35615,사회
N35616,사회
N35617,사회
N35618,사회
N35619,사회
N35620,사회
N35621,사회
N35622,사회
N35623,사회
N35624,사회
N35625,사회
N35626,사회
N35627,사회
N35628,사회
N35629,사회
N35630,사회
N35631,사회
N35632,사회
N35633,사회
N35634,사회
N35635,사회
N35636,사회
N35637,사회
N35638,사회
N35639,사회
N35640,사회
N35641,사회
N35642,사회
N35643,사회
N35644,사회
N35645,사회
N35646,사회
N35647,사회
N35648,사회
N35649,사회
N35650,사회
N35651,사회
N35652,사회
N35653,사회
N35654,사회
N35655,사회
N35656,사회
N35657,사회
N35658,사회
N35659,사회
N35660,사회
N35661,사회
N35662,사회
N35663,사회
N35664,사회
N35665,사회
N35666,사회
N35667,사회
N35668,사회
N35669,사회
N35670,사회
N35671,사회
N35672,사회
N35673,사회
N35674,사회
N35675,사회
N35676,사회
N35677,사회
N35678,사회
N35679,사회
N35680,사회
N35681,사회
N35682,사회
N35683,사회
N35684,사회
N35685,사회
N35686,사회
N35687,사회
N35688,사회
N35689,사회
N35690,사회
N35691,사회
N35692,사회
N35693,사회
N35694,사회
N35695,사회
N35696,사회
N35697,사회
N35698,사회
N35699,사회
N35700,사회
N35701,사회
N35702,사회
N35703,사회
N35704,사회
N35705,사회
N35706,사회
N35707,사회
N35708,사회
N35709,사회
N35710,사회
N35711,사회
N35712,사회
N35713,사회
N35714,사회
N35715,사회
N35716,사회
N35717,사회
N35718,사회
N35719,사회
N35720,사회
N35721,사회
N35722,사회
N35723,사회
N35724,사회
N35725,사회
N35726,사회
N35727,사회
N35728,사회
N35729,사회
N35730,사회
N35731,사회
N35732,사회
N35733,사회
N35734,사회
N35735,사회
N35736,사회
N35737,사회
N35738,사회
N35739,사회
N35740,사회
N35741,사회
N35742,사회
N35743,사회
N35744,사회
N35745,사회
N35746,사회
N35747,사회
N35748,사회
N35749,사회
N35750,사회
N35751,사회
N35752,사회
N35753,사회
N35754,사회
N35755,사회
N35756,사회
N35757,사회
N35758,사회
N35759,사회
N35760,사회
N35761,사회
N35762,사회
N35763,사회
N35764,사회
N35765,사회
N35766,사회
N35767,사회
N35768,사회
N35769,사회
N35770,사회
N35771,사회
N35772,사회
N35773,사회
N35774,사회
N35775,사회
N35776,사회
N35777,사회
N35778,사회
N35779,사회
N35780,사회
N35781,사회
N35782,사회
N35783,사회
N35784,사회
N35785,사회
N35786,사회
N35787,사회
N35788,사회
N35789,사회
N35790,사회
N35791,사회
N35792,사회
N35793,사회
N35794,사회
N35795,사회
N35796,사회
N35797,사회
N35798,사회
N35799,사회
N35800,사회
N35801,사회
N35802,사회
N35803,사회
N35804,사회
N35805,사회
N35806,사회
N35807,사회
N35808,사회
N35809,사회
N35810,사회
N35811,사회
N35812,사회
N35813,사회
N35814,사회
N35815,사회
N35816,사회
N35817,사회
N35818,사회
N35819,사회
N35820,사회
N35821,사회
N35822,사회
N35823,사회
N35824,사회
N35825,사회
N35826,사회
N35827,사회
N35828,사회
N35829,사회
N35830,사회
N35831,사회
N35832,사회
N35833,사회
N35834,사회
N35835,사회
N35836,사회
N35837,사회
N35838,사회
N35839,사회
N35840,사회
N35841,사회
N35842,사회
N35843,사회
N35844,사회
N35845,사회
N35846,사회
N35847,사회
N35848,사회
N35849,사회
N35850,사회
N35851,사회
N35852,사회
N35853,사회
N35854,사회
N35855,사회
N35856,사회
N35857,사회
N35858,사회
N35859,사회
N35860,사회
N35861,사회
N35862,사회
N35863,사회
N35864,사회
N35865,사회
N35866,사회
N35867,사회
N35868,사회
N35869,사회
N35870,사회
N35871,사회
N35872,사회
N35873,사회
N35874,사회
N35875,사회
N35876,사회
N35877,사회
N35878,사회
N35879,사회
N35880,사회
N35881,사회
N35882,사회
N35883,사회
N35884,사회
N35885,사회
N35886,사회
N35887,사회
N35888,사회
N35889,사회
N35890,사회
N35891,사회
N35892,사회
N35893,사회
N35894,사회
N35895,사회
N35896,사회
N35897,사회
N35898,사회
N35899,사회
N35900,사회
N35901,사회
N35902,사회
N35903,사회
N35904,사회
N35905,사회
N35906,사회
N35907,사회
N35908,사회
N35909,사회
N35910,사회
N35911,사회
N35912,사회
N35913,사회
N35914,사회
N35915,사회
N35916,사회
N35917,사회
N35918,사회
N35919,사회
N35920,사회
N35921,사회
N35922,사회
N35923,사회
N35924,사회
N35925,사회
N35926,사회
N35927,사회
N35928,사회
N35929,사회
N35930,사회
N35931,사회
N35932,사회
N35933,사회
N35934,사회
N35935,사회
N35936,사회
N35937,사회
N35938,사회
N35939,사회
N35940,사회
N35941,사회
N35942,사회
N35943,사회
N35944,사회
N35945,사회
N35946,사회
N35947,사회
N35948,사회
N35949,사회
N35950,사회
N35951,사회
N35952,사회
N35953,사회
N35954,사회
N35955,사회
N35956,사회
N35957,사회
N35958,사회
N35959,사회
N35960,사회
N35961,사회
N35962,사회
N35963,사회
N35964,사회
N35965,사회
N35966,사회
N35967,사회
N35968,사회
N35969,사회
N35970,사회
N35971,사회
N35972,사회
N35973,사회
N35974,사회
N35975,사회
N35976,사회
N35977,사회
N35978,사회
N35979,사회
N35980,사회
N35981,사회
N35982,사회
N35983,사회
N35984,사회
N35985,사회
N35986,사회
N35987,사회
N35988,사회
N35989,사회
N35990,사회
N35991,사회
N35992,사회
N35993,사회
N35994,사회
N35995,사회
N35996,사회
N35997,사회
N35998,사회
N35999,사회
N36000,사회
N36001,사회
N36002,사회
N36003,사회
N36004,사회
N36005,사회
N36006,사회
N36007,사회
N36008,사회
N36009,사회
N36010,사회
N36011,사회
N36012,사회
N36013,사회
N36014,사회
N36015,사회
N36016,사회
N36017,사회
N36018,사회
N36019,사회
N36020,사회
N36021,사회
N36022,사회
N36023,사회
N36024,사회
N36025,사회
N36026,사회
N36027,사회
N36028,사회
N36029,사회
N36030,사회
N36031,사회
N36032,사회
N36033,사회
N36034,사회
N36035,사회
N36036,사회
N36037,사회
N36038,사회
N36039,사회
N36040,사회
N36041,사회
N36042,사회
N36043,사회
N36044,사회
N36045,사회
N36046,사회
N36047,사회
N36048,사회
N36049,사회
N36050,사회
N36051,사회
N36052,사회
N36053,사회
N36054,사회
N36055,사회
N36056,사회
N36057,사회
N36058,사회
N36059,사회
N36060,사회
N36061,사회
N36062,사회
N36063,사회
N36064,사회
N36065,사회
N36066,사회
N36067,사회
N36068,사회
N36069,사회
N36070,사회
N36071,사회
N36072,사회
N36073,사회
N36074,사회
N36075,사회
N36076,사회
N36077,사회
N36078,사회
N36079,사회
N36080,사회
N36081,사회
N36082,사회
N36083,사회
N36084,사회
N36085,사회
N36086,사회
N36087,사회
N36088,사회
N36089,사회
N36090,사회
N36091,사회
N36092,사회
N36093,사회
N36094,사회
N36095,사회
N36096,사회
N36097,사회
N36098,사회
N36099,사회
N36100,사회
N36101,사회
N36102,사회
N36103,사회
N36104,사회
N36105,사회
N36106,사회
N36107,사회
N36108,사회
N36109,사회
N36110,사회
N36111,사회
N36112,사회
N36113,사회
N36114,사회
N36115,사회
N36116,사회
N36117,사회
N36118,사회
N36119,사회
N36120,사회
N36121,사회
N36122,사회
N36123,사회
N36124,사회
N36125,사회
N36126,사회
N36127,사회
N36128,사회
N36129,사회
N36130,사회
N36131,사회
N36132,사회
N36133,사회
N36134,사회
N36135,사회
N36136,사회
N36137,사회
N36138,사회
N36139,사회
N36140,사회
N36141,사회
N36142,사회
N36143,사회
N36144,사회
N36145,사회
N36146,사회
N36147,사회
N36148,사회
N36149,사회
N36150,사회
N36151,사회
N36152,사회
N36153,사회
N36154,사회
N36155,사회
N36156,사회
N36157,사회
N36158,사회
N36159,사회
N36160,사회
N36161,사회
N36162,사회
N36163,사회
N36164,사회
N36165,사회
N36166,사회
N36167,사회
N36168,사회
N36169,사회
N36170,사회
N36171,사회
N36172,사회
N36173,사회
N36174,사회
N36175,사회
N36176,사회
N36177,사회
N36178,사회
N36179,사회
N36180,사회
N36181,사회
N36182,사회
N36183,사회
N36184,사회
N36185,사회
N36186,사회
N36187,사회
N36188,사회
N36189,사회
N36190,사회
N36191,사회
N36192,사회
N36193,사회
N36194,사회
N36195,사회
N36196,사회
N36197,사회
N36198,사회
N36199,사회
N36200,사회
N36201,사회
N36202,사회
N36203,사회
N36204,사회
N36205,사회
N36206,사회
N36207,사회
N36208,사회
N36209,사회
N36210,사회
N36211,사회
N36212,사회
N36213,사회
N36214,사회
N36215,사회
N36216,사회
N36217,사회
N36218,사회
N36219,사회
N36220,사회
N36221,사회
N36222,사회
N36223,사회
N36224,사회
N36225,사회
N36226,사회
N36227,사회
N36228,사회
N36229,사회
N36230,사회
N36231,사회
N36232,사회
N36233,사회
N36234,사회
N36235,사회
N36236,사회
N36237,사회
N36238,사회
N36239,사회
N36240,사회
N36241,사회
N36242,사회
N36243,사회
N36244,사회
N36245,사회
N36246,사회
N36247,사회
N36248,사회
N36249,사회
N36250,사회
N36251,사회
N36252,사회
N36253,사회
N36254,사회
N36255,사회
N36256,사회
N36257,사회
N36258,사회
N36259,사회
N36260,사회
N36261,사회
N36262,사회
N36263,사회
N36264,사회
N36265,사회
N36266,사회
N36267,사회
N36268,사회
N36269,사회
N36270,사회
N36271,사회
N36272,사회
N36273,사회
N36274,사회
N36275,사회
N36276,사회
N36277,사회
N36278,사회
N36279,사회
N36280,사회
N36281,사회
N36282,사회
N36283,사회
N36284,사회
N36285,사회
N36286,사회
N36287,사회
N36288,사회
N36289,사회
N36290,사회
N36291,사회
N36292,사회
N36293,사회
N36294,사회
N36295,사회
N36296,사회
N36297,사회
N36298,사회
N36299,사회
N36300,사회
N36301,사회
N36302,사회
N36303,사회
N36304,사회
N36305,사회
N36306,사회
N36307,사회
N36308,사회
N36309,사회
N36310,사회
N36311,사회
N36312,사회
N36313,사회
N36314,사회
N36315,사회
N36316,사회
N36317,사회
N36318,사회
N36319,사회
N36320,사회
N36321,사회
N36322,사회
N36323,사회
N36324,사회
N36325,사회
N36326,사회
N36327,사회
N36328,사회
N36329,사회
N36330,사회
N36331,사회
N36332,사회
N36333,사회
N36334,사회
N36335,사회
N36336,사회
N36337,사회
N36338,사회
N36339,사회
N36340,사회
N36341,사회
N36342,사회
N36343,사회
N36344,사회
N36345,사회
N36346,사회
N36347,사회
N36348,사회
N36349,사회
N36350,사회
N36351,사회
N36352,사회
N36353,사회
N36354,사회
N36355,사회
N36356,사회
N36357,사회
N36358,사회
N36359,사회
N36360,사회
N36361,사회
N36362,사회
N36363,사회
N36364,사회
N36365,사회
N36366,사회
N36367,사회
N36368,사회
N36369,사회
N36370,사회
N36371,사회
N36372,사회
N36373,사회
N36374,사회
N36375,사회
N36376,사회
N36377,사회
N36378,사회
N36379,사회
N36380,사회
N36381,사회
N36382,사회
N36383,사회
N36384,사회
N36385,사회
N36386,사회
N36387,사회
N36388,사회
N36389,사회
N36390,사회
N36391,사회
N36392,사회
N36393,사회
N36394,사회
N36395,사회
N36396,사회
N36397,사회
N36398,사회
N36399,사회
N36400,사회
N36401,사회
N36402,사회
N36403,사회
N36404,사회
N36405,사회
N36406,사회
N36407,사회
N36408,사회
N36409,사회
N36410,사회
N36411,사회
N36412,사회
N36413,사회
N36414,사회
N36415,사회
N36416,사회
N36417,사회
N36418,사회
N36419,사회
N36420,사회
N36421,사회
N36422,사회
N36423,사회
N36424,사회
N36425,사회
N36426,사회
N36427,사회
N36428,사회
N36429,사회
N36430,사회
N36431,사회
N36432,사회
N36433,사회
N36434,사회
N36435,사회
N36436,사회
N36437,사회
N36438,사회
N36439,사회
N36440,사회
N36441,사회
N36442,사회
N36443,사회
N36444,사회
N36445,사회
N36446,사회
N36447,사회
N36448,사회
N36449,사회
N36450,사회
N36451,사회
N36452,사회
N36453,사회
N36454,사회
N36455,사회
N36456,사회
N36457,사회
N36458,사회
N36459,사회
N36460,사회
N36461,사회
N36462,사회
N36463,사회
N36464,사회
N36465,사회
N36466,사회
N36467,사회
N36468,사회
N36469,사회
N36470,사회
N36471,사회
N36472,사회
N36473,사회
N36474,사회
N36475,사회
N36476,사회
N36477,사회
N36478,사회
N36479,사회
N36480,사회
N36481,사회
N36482,사회
N36483,사회
N36484,사회
N36485,사회
N36486,사회
N36487,사회
N36488,사회
N36489,사회
N36490,사회
N36491,사회
N36492,사회
N36493,사회
N36494,사회
N36495,사회
N36496,사회
N36497,사회
N36498,사회
N36499,사회
N36500,사회
N36501,사회
N36502,사회
N36503,사회
N36504,사회
N36505,사회
N36506,사회
N36507,사회
N36508,사회
N36509,사회
N36510,사회
N36511,사회
N36512,사회
N36513,사회
N36514,사회
N36515,사회
N36516,사회
N36517,사회
N36518,사회
N36519,사회
N36520,사회
N36521,사회
N36522,사회
N36523,사회
N36524,사회
N36525,사회
N36526,사회
N36527,사회
N36528,사회
N36529,사회
N36530,사회
N36531,사회
N36532,사회
N36533,사회
N36534,사회
N36535,사회
N36536,사회
N36537,사회
N36538,사회
N36539,사회
N36540,사회
N36541,사회
N36542,사회
N36543,사회
N36544,사회
N36545,사회
N36546,사회
N36547,사회
N36548,사회
N36549,사회
N36550,사회
N36551,사회
N36552,사회
N36553,사회
N36554,사회
N36555,사회
N36556,사회
N36557,사회
N36558,사회
N36559,사회
N36560,사회
N36561,사회
N36562,사회
N36563,사회
N36564,사회
N36565,사회
N36566,사회
N36567,사회
N36568,사회
N36569,사회
N36570,사회
N36571,사회
N36572,사회
N36573,사회
N36574,사회
N36575,사회
N36576,사회
N36577,사회
N36578,사회
N36579,사회
N36580,사회
N36581,사회
N36582,사회
N36583,사회
N36584,사회
N36585,사회
N36586,사회
N36587,사회
N36588,사회
N36589,사회
N36590,사회
N36591,사회
N36592,사회
N36593,사회
N36594,사회
N36595,사회
N36596,사회
N36597,사회
N36598,사회
N36599,사회
N36600,사회
N36601,사회
N36602,사회
N36603,사회
N36604,사회
N36605,사회
N36606,사회
N36607,사회
N36608,사회
N36609,사회
N36610,사회
N36611,사회
N36612,사회
N36613,사회
N36614,사회
N36615,사회
N36616,사회
N36617,사회
N36618,사회
N36619,사회
N36620,사회
N36621,사회
N36622,사회
N36623,사회
N36624,사회
N36625,사회
N36626,사회
N36627,사회
N36628,사회
N36629,사회
N36630,사회
N36631,사회
N36632,사회
N36633,사회
N36634,사회
N36635,사회
N36636,사회
N36637,사회
N36638,사회
N36639,사회
N36640,사회
N36641,사회
N36642,사회
N36643,사회
N36644,사회
N36645,사회
N36646,사회
N36647,사회
N36648,사회
N36649,사회
N36650,사회
N36651,사회
N36652,사회
N36653,사회
N36654,사회
N36655,사회
N36656,사회
N36657,사회
N36658,사회
N36659,사회
N36660,사회
N36661,사회
N36662,사회
N36663,사회
N36664,사회
N36665,사회
N36666,사회
N36667,사회
N36668,사회
N36669,사회
N36670,사회
N36671,사회
N36672,사회
N36673,사회
N36674,사회
N36675,사회
N36676,사회
N36677,사회
N36678,사회
N36679,사회
N36680,사회
N36681,사회
N36682,사회
N36683,사회
N36684,사회
N36685,사회
N36686,사회
N36687,사회
N36688,사회
N36689,사회
N36690,사회
N36691,사회
N36692,사회
N36693,사회
N36694,사회
N36695,사회
N36696,사회
N36697,사회
N36698,사회
N36699,사회
N36700,사회
N36701,사회
N36702,사회
N36703,사회
N36704,사회
N36705,사회
N36706,사회
N36707,사회
N36708,사회
N36709,사회
N36710,사회
N36711,사회
N36712,사회
N36713,사회
N36714,사회
N36715,사회
N36716,사회
N36717,사회
N36718,사회
N36719,사회
N36720,사회
N36721,사회
N36722,사회
N36723,사회
N36724,사회
N36725,사회
N36726,사회
N36727,사회
N36728,사회
N36729,사회
N36730,사회
N36731,사회
N36732,사회
N36733,사회
N36734,사회
N36735,사회
N36736,사회
N36737,사회
N36738,사회
N36739,사회
N36740,사회
N36741,사회
N36742,사회
N36743,사회
N36744,사회
N36745,사회
N36746,사회
N36747,사회
N36748,사회
N36749,사회
N36750,사회
N36751,사회
N36752,사회
N36753,사회
N36754,사회
N36755,사회
N36756,사회
N36757,사회
N36758,사회
N36759,사회
N36760,사회
N36761,사회
N36762,사회
N36763,사회
N36764,사회
N36765,사회
N36766,사회
N36767,사회
N36768,사회
N36769,사회
N36770,사회
N36771,사회
N36772,사회
N36773,사회
N36774,사회
N36775,사회
N36776,사회
N36777,사회
N36778,사회
N36779,사회
N36780,사회
N36781,사회
N36782,사회
N36783,사회
N36784,사회
N36785,사회
N36786,사회
N36787,사회
N36788,사회
N36789,사회
N36790,사회
N36791,사회
N36792,사회
N36793,사회
N36794,사회
N36795,사회
N36796,사회
N36797,사회
N36798,사회
N36799,사회
N36800,사회
N36801,사회
N36802,사회
N36803,사회
N36804,사회
N36805,사회
N36806,사회
N36807,사회
N36808,사회
N36809,사회
N36810,사회
N36811,사회
N36812,사회
N36813,사회
N36814,사회
N36815,사회
N36816,사회
N36817,사회
N36818,사회
N36819,사회
N36820,사회
N36821,사회
N36822,사회
N36823,사회
N36824,사회
N36825,사회
N36826,사회
N36827,사회
N36828,사회
N36829,사회
N36830,사회
N36831,사회
N36832,사회
N36833,사회
N36834,사회
N36835,사회
N36836,사회
N36837,사회
N36838,사회
N36839,사회
N36840,사회
N36841,사회
N36842,사회
N36843,사회
N36844,사회
N36845,사회
N36846,사회
N36847,사회
N36848,사회
N36849,사회
N36850,사회
N36851,사회
N36852,사회
N36853,사회
N36854,사회
N36855,사회
N36856,사회
N36857,사회
N36858,사회
N36859,사회
N36860,사회
N36861,사회
N36862,사회
N36863,사회
N36864,사회
N36865,사회
N36866,사회
N36867,사회
N36868,사회
N36869,사회
N36870,사회
N36871,사회
N36872,사회
N36873,사회
N36874,사회
N36875,사회
N36876,사회
N36877,사회
N36878,사회
N36879,사회
N36880,사회
N36881,사회
N36882,사회
N36883,사회
N36884,사회
N36885,사회
N36886,사회
N36887,사회
N36888,사회
N36889,사회
N36890,사회
N36891,사회
N36892,사회
N36893,사회
N36894,사회
N36895,사회
N36896,사회
N36897,사회
N36898,사회
N36899,사회
N36900,사회
N36901,사회
N36902,사회
N36903,사회
N36904,사회
N36905,사회
N36906,사회
N36907,사회
N36908,사회
N36909,사회
N36910,사회
N36911,사회
N36912,사회
N36913,사회
N36914,사회
N36915,사회
N36916,사회
N36917,사회
N36918,사회
N36919,사회
N36920,사회
N36921,사회
N36922,사회
N36923,사회
N36924,사회
N36925,사회
N36926,사회
N36927,사회
N36928,사회
N36929,사회
N36930,사회
N36931,사회
N36932,사회
N36933,사회
N36934,사회
N36935,사회
N36936,사회
N36937,사회
N36938,사회
N36939,사회
N36940,사회
N36941,사회
N36942,사회
N36943,사회
N36944,사회
N36945,사회
N36946,사회
N36947,사회
N36948,사회
N36949,사회
N36950,사회
N36951,사회
N36952,사회
N36953,사회
N36954,사회
N36955,사회
N36956,사회
N36957,사회
N36958,사회
N36959,사회
N36960,사회
N36961,사회
N36962,사회
N36963,사회
N36964,사회
N36965,사회
N36966,사회
N36967,사회
N36968,사회
N36969,사회
N36970,사회
N36971,사회
N36972,사회
N36973,사회
N36974,사회
N36975,사회
N36976,사회
N36977,사회
N36978,사회
N36979,사회
N36980,사회
N36981,사회
N36982,사회
N36983,사회
N36984,사회
N36985,사회
N36986,사회
N36987,사회
N36988,사회
N36989,사회
N36990,사회
N36991,사회
N36992,사회
N36993,사회
N36994,사회
N36995,사회
N36996,사회
N36997,사회
N36998,사회
N36999,사회
N37000,사회
N37001,사회
N37002,사회
N37003,사회
N37004,사회
N37005,사회
N37006,사회
N37007,사회
N37008,사회
N37009,사회
N37010,사회
N37011,사회
N37012,사회
N37013,사회
N37014,사회
N37015,사회
N37016,사회
N37017,사회
N37018,사회
N37019,사회
N37020,사회
N37021,사회
N37022,사회
N37023,사회
N37024,사회
N37025,사회
N37026,사회
N37027,사회
N37028,사회
N37029,사회
N37030,사회
N37031,사회
N37032,사회
N37033,사회
N37034,사회
N37035,사회
N37036,사회
N37037,사회
N37038,사회
N37039,사회
N37040,사회
N37041,사회
N37042,사회
N37043,사회
N37044,사회
N37045,사회
N37046,사회
N37047,사회
N37048,사회
N37049,사회
N37050,사회
N37051,사회
N37052,사회
N37053,사회
N37054,사회
N37055,사회
N37056,사회
N37057,사회
N37058,사회
N37059,사회
N37060,사회
N37061,사회
N37062,사회
N37063,사회
N37064,사회
N37065,사회
N37066,사회
N37067,사회
N37068,사회
N37069,사회
N37070,사회
N37071,사회
N37072,사회
N37073,사회
N37074,사회
N37075,사회
N37076,사회
N37077,사회
N37078,사회
N37079,사회
N37080,사회
N37081,사회
N37082,사회
N37083,사회
N37084,사회
N37085,사회
N37086,사회
N37087,사회
N37088,사회
N37089,사회
N37090,사회
N37091,사회
N37092,사회
N37093,사회
N37094,사회
N37095,사회
N37096,사회
N37097,사회
N37098,사회
N37099,사회
N37100,사회
N37101,사회
N37102,사회
N37103,사회
N37104,사회
N37105,사회
N37106,사회
N37107,사회
N37108,사회
N37109,사회
N37110,사회
N37111,사회
N37112,사회
N37113,사회
N37114,사회
N37115,사회
N37116,사회
N37117,사회
N37118,사회
N37119,사회
N37120,사회
N37121,사회
N37122,사회
N37123,사회
N37124,사회
N37125,사회
N37126,사회
N37127,사회
N37128,사회
N37129,사회
N37130,사회
N37131,사회
N37132,사회
N37133,사회
N37134,사회
N37135,사회
N37136,사회
N37137,사회
N37138,사회
N37139,사회
N37140,사회
N37141,사회
N37142,사회
N37143,사회
N37144,사회
N37145,사회
N37146,사회
N37147,사회
N37148,사회
N37149,사회
N37150,사회
N37151,사회
N37152,사회
N37153,사회
N37154,사회
N37155,사회
N37156,사회
N37157,사회
N37158,사회
N37159,사회
N37160,사회
N37161,사회
N37162,사회
N37163,사회
N37164,사회
N37165,사회
N37166,사회
N37167,사회
N37168,사회
N37169,사회
N37170,사회
N37171,사회
N37172,사회
N37173,사회
N37174,사회
N37175,사회
N37176,사회
N37177,사회
N37178,사회
N37179,사회
N37180,사회
N37181,사회
N37182,사회
N37183,사회
N37184,사회
N37185,사회
N37186,사회
N37187,사회
N37188,사회
N37189,사회
N37190,사회
N37191,사회
N37192,사회
N37193,사회
N37194,사회
N37195,사회
N37196,사회
N37197,사회
N37198,사회
N37199,사회
N37200,사회
N37201,사회
N37202,사회
N37203,사회
N37204,사회
N37205,사회
N37206,사회
N37207,사회
N37208,사회
N37209,사회
N37210,사회
N37211,사회
N37212,사회
N37213,사회
N37214,사회
N37215,사회
N37216,사회
N37217,사회
N37218,사회
N37219,사회
N37220,사회
N37221,사회
N37222,사회
N37223,사회
N37224,사회
N37225,사회
N37226,사회
N37227,사회
N37228,사회
N37229,사회
N37230,사회
N37231,사회
N37232,사회
N37233,사회
N37234,사회
N37235,사회
N37236,사회
N37237,사회
N37238,사회
N37239,사회
N37240,사회
N37241,사회
N37242,사회
N37243,사회
N37244,사회
N37245,사회
N37246,사회
N37247,사회
N37248,사회
N37249,사회
N37250,사회
N37251,사회
N37252,사회
N37253,사회
N37254,사회
N37255,사회
N37256,사회
N37257,사회
N37258,사회
N37259,사회
N37260,사회
N37261,사회
N37262,사회
N37263,사회
N37264,사회
N37265,사회
N37266,사회
N37267,사회
N37268,사회
N37269,사회
N37270,사회
N37271,사회
N37272,사회
N37273,사회
N37274,사회
N37275,사회
N37276,사회
N37277,사회
N37278,사회
N37279,사회
N37280,사회
N37281,사회
N37282,사회
N37283,사회
N37284,사회
N37285,사회
N37286,사회
N37287,사회
N37288,사회
N37289,사회
N37290,사회
N37291,사회
N37292,사회
N37293,사회
N37294,사회
N37295,사회
N37296,사회
N37297,사회
N37298,사회
N37299,사회
N37300,사회
N37301,사회
N37302,사회
N37303,사회
N37304,사회
N37305,사회
N37306,사회
N37307,사회
N37308,사회
N37309,사회
N37310,사회
N37311,사회
N37312,사회
N37313,사회
N37314,사회
N37315,사회
N37316,사회
N37317,사회
N37318,사회
N37319,사회
N37320,사회
N37321,사회
N37322,사회
N37323,사회
N37324,사회
N37325,사회
N37326,사회
N37327,사회
N37328,사회
N37329,사회
N37330,사회
N37331,사회
N37332,사회
N37333,사회
N37334,사회
N37335,사회
N37336,사회
N37337,사회
N37338,사회
N37339,사회
N37340,사회
N37341,사회
N37342,사회
N37343,사회
N37344,사회
N37345,사회
N37346,사회
N37347,사회
N37348,사회
N37349,사회
N37350,사회
N37351,사회
N37352,사회
N37353,사회
N37354,사회
N37355,사회
N37356,사회
N37357,사회
N37358,사회
N37359,사회
N37360,사회
N37361,사회
N37362,사회
N37363,사회
N37364,사회
N37365,사회
N37366,사회
N37367,사회
N37368,사회
N37369,사회
N37370,사회
N37371,사회
N37372,사회
N37373,사회
N37374,사회
N37375,사회
N37376,사회
N37377,사회
N37378,사회
N37379,사회
N37380,사회
N37381,사회
N37382,사회
N37383,사회
N37384,사회
N37385,사회
N37386,사회
N37387,사회
N37388,사회
N37389,사회
N37390,사회
N37391,사회
N37392,사회
N37393,사회
N37394,사회
N37395,사회
N37396,사회
N37397,사회
N37398,사회
N37399,사회
N37400,사회
N37401,사회
N37402,사회
N37403,사회
N37404,사회
N37405,사회
N37406,사회
N37407,사회
N37408,사회
N37409,사회
N37410,사회
N37411,사회
N37412,사회
N37413,사회
N37414,사회
N37415,사회
N37416,사회
N37417,사회
N37418,사회
N37419,사회
N37420,사회
N37421,사회
N37422,사회
N37423,사회
N37424,사회
N37425,사회
N37426,사회
N37427,사회
N37428,사회
N37429,사회
N37430,사회
N37431,사회
N37432,사회
N37433,사회
N37434,사회
N37435,사회
N37436,사회
N37437,사회
N37438,사회
N37439,사회
N37440,사회
N37441,사회
N37442,사회
N37443,사회
N37444,사회
N37445,사회
N37446,사회
N37447,사회
N37448,사회
N37449,사회
N37450,사회
N37451,사회
N37452,사회
N37453,사회
N37454,사회
N37455,사회
N37456,사회
N37457,사회
N37458,사회
N37459,사회
N37460,사회
N37461,사회
N37462,사회
N37463,사회
N37464,사회
N37465,사회
N37466,사회
N37467,사회
N37468,사회
N37469,사회
N37470,사회
N37471,사회
N37472,사회
N37473,사회
N37474,사회
N37475,사회
N37476,사회
N37477,사회
N37478,사회
N37479,사회
N37480,사회
N37481,사회
N37482,사회
N37483,사회
N37484,사회
N37485,사회
N37486,사회
N37487,사회
N37488,사회
N37489,사회
N37490,사회
N37491,사회
N37492,사회
N37493,사회
N37494,사회
N37495,사회
N37496,사회
N37497,사회
N37498,사회
N37499,사회
N37500,사회
N37501,사회
N37502,사회
N37503,사회
N37504,사회
N37505,사회
N37506,사회
N37507,사회
N37508,사회
N37509,사회
N37510,사회
N37511,사회
N37512,사회
N37513,사회
N37514,사회
N37515,사회
N37516,사회
N37517,사회
N37518,사회
N37519,사회
N37520,사회
N37521,사회
N37522,사회
N37523,사회
N37524,사회
N37525,사회
N37526,사회
N37527,사회
N37528,사회
N37529,사회
N37530,사회
N37531,사회
N37532,사회
N37533,사회
N37534,사회
N37535,사회
N37536,사회
N37537,사회
N37538,사회
N37539,사회
N37540,사회
N37541,사회
N37542,사회
N37543,사회
N37544,사회
N37545,사회
N37546,사회
N37547,사회
N37548,사회
N37549,사회
N37550,사회
N37551,사회
N37552,사회
N37553,사회
N37554,사회
N37555,사회
N37556,사회
N37557,사회
N37558,사회
N37559,사회
N37560,사회
N37561,사회
N37562,사회
N37563,사회
N37564,사회
N37565,사회
N37566,사회
N37567,사회
N37568,사회
N37569,사회
N37570,사회
N37571,사회
N37572,사회
N37573,사회
N37574,사회
N37575,사회
N37576,사회
N37577,사회
N37578,사회
N37579,사회
N37580,사회
N37581,사회
N37582,사회
N37583,사회
N37584,사회
N37585,사회
N37586,사회
N37587,사회
N37588,사회
N37589,사회
N37590,사회
N37591,사회
N37592,사회
N37593,사회
N37594,사회
N37595,사회
N37596,사회
N37597,사회
N37598,사회
N37599,사회
N37600,사회
N37601,사회
N37602,사회
N37603,사회
N37604,사회
N37605,사회
N37606,사회
N37607,사회
N37608,사회
N37609,사회
N37610,사회
N37611,사회
N37612,사회
N37613,사회
N37614,사회
N37615,사회
N37616,사회
N37617,사회
N37618,사회
N37619,사회
N37620,사회
N37621,사회
N37622,사회
N37623,사회
N37624,사회
N37625,사회
N37626,사회
N37627,사회
N37628,사회
N37629,사회
N37630,사회
N37631,사회
N37632,사회
N37633,사회
N37634,사회
N37635,사회
N37636,사회
N37637,사회
N37638,사회
N37639,사회
N37640,사회
N37641,사회
N37642,사회
N37643,사회
N37644,사회
N37645,사회
N37646,사회
N37647,사회
N37648,사회
N37649,사회
N37650,사회
N37651,사회
N37652,사회
N37653,사회
N37654,사회
N37655,사회
N37656,사회
N37657,사회
N37658,사회
N37659,사회
N37660,사회
N37661,사회
N37662,사회
N37663,사회
N37664,사회
N37665,사회
N37666,사회
N37667,사회
N37668,사회
N37669,사회
N37670,사회
N37671,사회
N37672,사회
N37673,사회
N37674,사회
N37675,사회
N37676,사회
N37677,사회
N37678,사회
N37679,사회
N37680,사회
N37681,사회
N37682,사회
N37683,사회
N37684,사회
N37685,사회
N37686,사회
N37687,사회
N37688,사회
N37689,사회
N37690,사회
N37691,사회
N37692,사회
N37693,사회
N37694,사회
N37695,사회
N37696,사회
N37697,사회
N37698,사회
N37699,사회
N37700,사회
N37701,사회
N37702,사회
N37703,사회
N37704,사회
N37705,사회
N37706,사회
N37707,사회
N37708,사회
N37709,사회
N37710,사회
N37711,사회
N37712,사회
N37713,사회
N37714,사회
N37715,사회
N37716,사회
N37717,사회
N37718,사회
N37719,사회
N37720,사회
N37721,사회
N37722,사회
N37723,사회
N37724,사회
N37725,사회
N37726,사회
N37727,사회
N37728,사회
N37729,사회
N37730,사회
N37731,사회
N37732,사회
N37733,사회
N37734,사회
N37735,사회
N37736,사회
N37737,사회
N37738,사회
N37739,사회
N37740,사회
N37741,사회
N37742,사회
N37743,사회
N37744,사회
N37745,사회
N37746,사회
N37747,사회
N37748,사회
N37749,사회
N37750,사회
N37751,사회
N37752,사회
N37753,사회
N37754,사회
N37755,사회
N37756,사회
N37757,사회
N37758,사회
N37759,사회
N37760,사회
N37761,사회
N37762,사회
N37763,사회
N37764,사회
N37765,사회
N37766,사회
N37767,사회
N37768,사회
N37769,사회
N37770,사회
N37771,사회
N37772,사회
N37773,사회
N37774,사회
N37775,사회
N37776,사회
N37777,사회
N37778,사회
N37779,사회
N37780,사회
N37781,사회
N37782,사회
N37783,사회
N37784,사회
N37785,사회
N37786,사회
N37787,사회
N37788,사회
N37789,사회
N37790,사회
N37791,사회
N37792,사회
N37793,사회
N37794,사회
N37795,사회
N37796,사회
N37797,사회
N37798,사회
N37799,사회
N37800,사회
N37801,사회
N37802,사회
N37803,사회
N37804,사회
N37805,사회
N37806,사회
N37807,사회
N37808,사회
N37809,사회
N37810,사회
N37811,사회
N37812,사회
N37813,사회
N37814,사회
N37815,사회
N37816,사회
N37817,사회
N37818,사회
N37819,사회
N37820,사회
N37821,사회
N37822,사회
N37823,사회
N37824,사회
N37825,사회
N37826,사회
N37827,사회
N37828,사회
N37829,사회
N37830,사회
N37831,사회
N37832,사회
N37833,사회
N37834,사회
N37835,사회
N37836,사회
N37837,사회
N37838,사회
N37839,사회
N37840,사회
N37841,사회
N37842,사회
N37843,사회
N37844,사회
N37845,사회
N37846,사회
N37847,사회
N37848,사회
N37849,사회
N37850,사회
N37851,사회
N37852,사회
N37853,사회
N37854,사회
N37855,사회
N37856,사회
N37857,사회
N37858,사회
N37859,사회
N37860,사회
N37861,사회
N37862,사회
N37863,사회
N37864,사회
N37865,사회
N37866,사회
N37867,사회
N37868,사회
N37869,사회
N37870,사회
N37871,사회
N37872,사회
N37873,사회
N37874,사회
N37875,사회
N37876,사회
N37877,사회
N37878,사회
N37879,사회
N37880,사회
N37881,사회
N37882,사회
N37883,사회
N37884,사회
N37885,사회
N37886,사회
N37887,사회
N37888,사회
N37889,사회
N37890,사회
N37891,사회
N37892,사회
N37893,사회
N37894,사회
N37895,사회
N37896,사회
N37897,사회
N37898,사회
N37899,사회
N37900,사회
N37901,사회
N37902,사회
N37903,사회
N37904,사회
N37905,사회
N37906,사회
N37907,사회
N37908,사회
N37909,사회
N37910,사회
N37911,사회
N37912,사회
N37913,사회
N37914,사회
N37915,사회
N37916,사회
N37917,사회
N37918,사회
N37919,사회
N37920,사회
N37921,사회
N37922,사회
N37923,사회
N37924,사회
N37925,사회
N37926,사회
N37927,사회
N37928,사회
N37929,사회
N37930,사회
N37931,사회
N37932,사회
N37933,사회
N37934,사회
N37935,사회
N37936,사회
N37937,사회
N37938,사회
N37939,사회
N37940,사회
N37941,사회
N37942,사회
N37943,사회
N37944,사회
N37945,사회
N37946,사회
N37947,사회
N37948,사회
N37949,사회
N37950,사회
N37951,사회
N37952,사회
N37953,사회
N37954,사회
N37955,사회
N37956,사회
N37957,사회
N37958,사회
N37959,사회
N37960,사회
N37961,사회
N37962,사회
N37963,사회
N37964,사회
N37965,사회
N37966,사회
N37967,사회
N37968,사회
N37969,사회
N37970,사회
N37971,사회
N37972,사회
N37973,사회
N37974,사회
N37975,사회
N37976,사회
N37977,사회
N37978,사회
N37979,사회
N37980,사회
N37981,사회
N37982,사회
N37983,사회
N37984,사회
N37985,사회
N37986,사회
N37987,사회
N37988,사회
N37989,사회
N37990,사회
N37991,사회
N37992,사회
N37993,사회
N37994,사회
N37995,사회
N37996,사회
N37997,사회
N37998,사회
N37999,사회
N38000,사회
N38001,사회
N38002,사회
N38003,사회
N38004,사회
N38005,사회
N38006,사회
N38007,사회
N38008,사회
N38009,사회
N38010,사회
N38011,사회
N38012,사회
N38013,사회
N38014,사회
N38015,사회
N38016,사회
N38017,사회
N38018,사회
N38019,사회
N38020,사회
N38021,사회
N38022,사회
N38023,사회
N38024,사회
N38025,사회
N38026,사회
N38027,사회
N38028,사회
N38029,사회
N38030,사회
N38031,사회
N38032,사회
N38033,사회
N38034,사회
N38035,사회
N38036,사회
N38037,사회
N38038,사회
N38039,사회
N38040,사회
N38041,사회
N38042,사회
N38043,사회
N38044,사회
N38045,사회
N38046,사회
N38047,사회
N38048,사회
N38049,사회
N38050,사회
N38051,사회
N38052,사회
N38053,사회
N38054,사회
N38055,사회
N38056,사회
N38057,사회
N38058,사회
N38059,사회
N38060,사회
N38061,사회
N38062,사회
N38063,사회
N38064,사회
N38065,사회
N38066,사회
N38067,사회
N38068,사회
N38069,사회
N38070,사회
N38071,사회
N38072,사회
N38073,사회
N38074,사회
N38075,사회
N38076,사회
N38077,사회
N38078,사회
N38079,사회
N38080,사회
N38081,사회
N38082,사회
N38083,사회
N38084,사회
N38085,사회
N38086,사회
N38087,사회
N38088,사회
N38089,사회
N38090,사회
N38091,사회
N38092,사회
N38093,사회
N38094,사회
N38095,사회
N38096,사회
N38097,사회
N38098,사회
N38099,사회
N38100,사회
N38101,사회
N38102,사회
N38103,사회
N38104,사회
N38105,사회
N38106,사회
N38107,사회
N38108,사회
N38109,사회
N38110,사회
N38111,사회
N38112,사회
N38113,사회
N38114,사회
N38115,사회
N38116,사회
N38117,사회
N38118,사회
N38119,사회
N38120,사회
N38121,사회
N38122,사회
N38123,사회
N38124,사회
N38125,사회
N38126,사회
N38127,사회
N38128,사회
N38129,사회
N38130,사회
N38131,사회
N38132,사회
N38133,사회
N38134,사회
N38135,사회
N38136,사회
N38137,사회
N38138,사회
N38139,사회
N38140,사회
N38141,사회
N38142,사회
N38143,사회
N38144,사회
N38145,사회
N38146,사회
N38147,사회
N38148,사회
N38149,사회
N38150,사회
N38151,사회
N38152,사회
N38153,사회
N38154,사회
N38155,사회
N38156,사회
N38157,사회
N38158,사회
N38159,사회
N38160,사회
N38161,사회
N38162,사회
N38163,사회
N38164,사회
N38165,사회
N38166,사회
N38167,사회
N38168,사회
N38169,사회
N38170,사회
N38171,사회
N38172,사회
N38173,사회
N38174,사회
N38175,사회
N38176,사회
N38177,사회
N38178,사회
N38179,사회
N38180,사회
N38181,사회
N38182,사회
N38183,사회
N38184,사회
N38185,사회
N38186,사회
N38187,사회
N38188,사회
N38189,사회
N38190,사회
N38191,사회
N38192,사회
N38193,사회
N38194,사회
N38195,사회
N38196,사회
N38197,사회
N38198,사회
N38199,사회
N38200,사회
N38201,사회
N38202,사회
N38203,사회
N38204,사회
N38205,사회
N38206,사회
N38207,사회
N38208,사회
N38209,사회
N38210,사회
N38211,사회
N38212,사회
N38213,사회
N38214,사회
N38215,사회
N38216,사회
N38217,사회
N38218,사회
N38219,사회
N38220,사회
N38221,사회
N38222,사회
N38223,사회
N38224,사회
N38225,사회
N38226,사회
N38227,사회
N38228,사회
N38229,사회
N38230,사회
N38231,사회
N38232,사회
N38233,사회
N38234,사회
N38235,사회
N38236,사회
N38237,사회
N38238,사회
N38239,사회
N38240,사회
N38241,사회
N38242,사회
N38243,사회
N38244,사회
N38245,사회
N38246,사회
N38247,사회
N38248,사회
N38249,사회
N38250,사회
N38251,사회
N38252,사회
N38253,사회
N38254,사회
N38255,사회
N38256,사회
N38257,사회
N38258,사회
N38259,사회
N38260,사회
N38261,사회
N38262,사회
N38263,사회
N38264,사회
N38265,사회
N38266,사회
N38267,사회
N38268,사회
N38269,사회
N38270,사회
N38271,사회
N38272,사회
N38273,사회
N38274,사회
N38275,사회
N38276,사회
N38277,사회
N38278,사회
N38279,사회
N38280,사회
N38281,사회
N38282,사회
N38283,사회
N38284,사회
N38285,사회
N38286,사회
N38287,사회
N38288,사회
N38289,사회
N38290,사회
N38291,사회
N38292,사회
N38293,사회
N38294,사회
N38295,사회
N38296,사회
N38297,사회
N38298,사회
N38299,사회
N38300,사회
N38301,사회
N38302,사회
N38303,사회
N38304,사회
N38305,사회
N38306,사회
N38307,사회
N38308,사회
N38309,사회
N38310,사회
N38311,사회
N38312,사회
N38313,사회
N38314,사회
N38315,사회
N38316,사회
N38317,사회
N38318,사회
N38319,사회
N38320,사회
N38321,사회
N38322,사회
N38323,사회
N38324,사회
N38325,사회
N38326,사회
N38327,사회
N38328,사회
N38329,사회
N38330,사회
N38331,사회
N38332,사회
N38333,사회
N38334,사회
N38335,사회
N38336,사회
N38337,사회
N38338,사회
N38339,사회
N38340,사회
N38341,사회
N38342,사회
N38343,사회
N38344,사회
N38345,사회
N38346,사회
N38347,사회
N38348,사회
N38349,사회
N38350,사회
N38351,사회
N38352,사회
N38353,사회
N38354,사회
N38355,사회
N38356,사회
N38357,사회
N38358,사회
N38359,사회
N38360,사회
N38361,사회
N38362,사회
N38363,사회
N38364,사회
N38365,사회
N38366,사회
N38367,사회
N38368,사회
N38369,사회
N38370,사회
N38371,사회
N38372,사회
N38373,사회
N38374,사회
N38375,사회
N38376,사회
N38377,사회
N38378,사회
N38379,사회
N38380,사회
N38381,사회
N38382,사회
N38383,사회
N38384,사회
N38385,사회
N38386,사회
N38387,사회
N38388,사회
N38389,사회
N38390,사회
N38391,사회
N38392,사회
N38393,사회
N38394,사회
N38395,사회
N38396,사회
N38397,사회
N38398,사회
N38399,사회
N38400,사회
N38401,사회
N38402,사회
N38403,사회
N38404,사회
N38405,사회
N38406,사회
N38407,사회
N38408,사회
N38409,사회
N38410,사회
N38411,사회
N38412,사회
N38413,사회
N38414,사회
N38415,사회
N38416,사회
N38417,사회
N38418,사회
N38419,사회
N38420,사회
N38421,사회
N38422,사회
N38423,사회
N38424,사회
N38425,사회
N38426,사회
N38427,사회
N38428,사회
N38429,사회
N38430,사회
N38431,사회
N38432,사회
N38433,사회
N38434,사회
N38435,사회
N38436,사회
N38437,사회
N38438,사회
N38439,사회
N38440,사회
N38441,사회
N38442,사회
N38443,사회
N38444,사회
N38445,사회
N38446,사회
N38447,사회
N38448,사회
N38449,사회
N38450,사회
N38451,사회
N38452,사회
N38453,사회
N38454,사회
N38455,사회
N38456,사회
N38457,사회
N38458,사회
N38459,사회
N38460,사회
N38461,사회
N38462,사회
N38463,사회
N38464,사회
N38465,사회
N38466,사회
N38467,사회
N38468,사회
N38469,사회
N38470,사회
N38471,사회
N38472,사회
N38473,사회
N38474,사회
N38475,사회
N38476,사회
N38477,사회
N38478,사회
N38479,사회
N38480,사회
N38481,사회
N38482,사회
N38483,사회
N38484,사회
N38485,사회
N38486,사회
N38487,사회
N38488,사회
N38489,사회
N38490,사회
N38491,사회
N38492,사회
N38493,사회
N38494,사회
N38495,사회
N38496,사회
N38497,사회
N38498,사회
N38499,사회
N38500,사회
N38501,사회
N38502,사회
N38503,사회
N38504,사회
N38505,사회
N38506,사회
N38507,사회
N38508,사회
N38509,사회
N38510,사회
N38511,사회
N38512,사회
N38513,사회
N38514,사회
N38515,사회
N38516,사회
N38517,사회
N38518,사회
N38519,사회
N38520,사회
N38521,사회
N38522,사회
N38523,사회
N38524,사회
N38525,사회
N38526,사회
N38527,사회
N38528,사회
N38529,사회
N38530,사회
N38531,사회
N38532,사회
N38533,사회
N38534,사회
N38535,사회
N38536,사회
N38537,사회
N38538,사회
N38539,사회
N38540,사회
N38541,사회
N38542,사회
N38543,사회
N38544,사회
N38545,사회
N38546,사회
N38547,사회
N38548,사회
N38549,사회
N38550,사회
N38551,사회
N38552,사회
N38553,사회
N38554,사회
N38555,사회
N38556,사회
N38557,사회
N38558,사회
N38559,사회
N38560,사회
N38561,사회
N38562,사회
N38563,사회
N38564,사회
N38565,사회
N38566,사회
N38567,사회
N38568,사회
N38569,사회
N38570,사회
N38571,사회
N38572,사회
N38573,사회
N38574,사회
N38575,사회
N38576,사회
N38577,사회
N38578,사회
N38579,사회
N38580,사회
N38581,사회
N38582,사회
N38583,사회
N38584,사회
N38585,사회
N38586,사회
N38587,사회
N38588,사회
N38589,사회
N38590,사회
N38591,사회
N38592,사회
N38593,사회
N38594,사회
N38595,사회
N38596,사회
N38597,사회
N38598,사회
N38599,사회
N38600,사회
N38601,사회
N38602,사회
N38603,사회
N38604,사회
N38605,사회
N38606,사회
N38607,사회
N38608,사회
N38609,사회
N38610,사회
N38611,사회
N38612,사회
N38613,사회
N38614,사회
N38615,사회
N38616,사회
N38617,사회
N38618,사회
N38619,사회
N38620,사회
N38621,사회
N38622,사회
N38623,사회
N38624,사회
N38625,사회
N38626,사회
N38627,사회
N38628,사회
N38629,사회
N38630,사회
N38631,사회
N38632,사회
N38633,사회
N38634,사회
N38635,사회
N38636,사회
N38637,사회
N38638,사회
N38639,사회
N38640,사회
N38641,사회
N38642,사회
N38643,사회
N38644,사회
N38645,사회
N38646,사회
N38647,사회
N38648,사회
N38649,사회
N38650,사회
N38651,사회
N38652,사회
N38653,사회
N38654,사회
N38655,사회
N38656,사회
N38657,사회
N38658,사회
N38659,사회
N38660,사회
N38661,사회
N38662,사회
N38663,사회
N38664,사회
N38665,사회
N38666,사회
N38667,사회
N38668,사회
N38669,사회
N38670,사회
N38671,사회
N38672,사회
N38673,사회
N38674,사회
N38675,사회
N38676,사회
N38677,사회
N38678,사회
N38679,사회
N38680,사회
N38681,사회
N38682,사회
N38683,사회
N38684,사회
N38685,사회
N38686,사회
N38687,사회
N38688,사회
N38689,사회
N38690,사회
N38691,사회
N38692,사회
N38693,사회
N38694,사회
N38695,사회
N38696,사회
N38697,사회
N38698,사회
N38699,사회
N38700,사회
N38701,사회
N38702,사회
N38703,사회
N38704,사회
N38705,사회
N38706,사회
N38707,사회
N38708,사회
N38709,사회
N38710,사회
N38711,사회
N38712,사회
N38713,사회
N38714,사회
N38715,사회
N38716,사회
N38717,사회
N38718,사회
N38719,사회
N38720,사회
N38721,사회
N38722,사회
N38723,사회
N38724,사회
N38725,사회
N38726,사회
N38727,사회
N38728,사회
N38729,사회
N38730,사회
N38731,사회
N38732,사회
N38733,사회
N38734,사회
N38735,사회
N38736,사회
N38737,사회
N38738,사회
N38739,사회
N38740,사회
N38741,사회
N38742,사회
N38743,사회
N38744,사회
N38745,사회
N38746,사회
N38747,사회
N38748,사회
N38749,사회
N38750,사회
N38751,사회
N38752,사회
N38753,사회
N38754,사회
N38755,사회
N38756,사회
N38757,사회
N38758,사회
N38759,사회
N38760,사회
N38761,사회
N38762,사회
N38763,사회
N38764,사회
N38765,사회
N38766,사회
N38767,사회
N38768,사회
N38769,사회
N38770,사회
N38771,사회
N38772,사회
N38773,사회
N38774,사회
N38775,사회
N38776,사회
N38777,사회
N38778,사회
N38779,사회
N38780,사회
N38781,사회
N38782,사회
N38783,사회
N38784,사회
N38785,사회
N38786,사회
N38787,사회
N38788,사회
N38789,사회
N38790,사회
N38791,사회
N38792,사회
N38793,사회
N38794,사회
N38795,사회
N38796,사회
N38797,사회
N38798,사회
N38799,사회
N38800,사회
N38801,사회
N38802,사회
N38803,사회
N38804,사회
N38805,사회
N38806,사회
N38807,사회
N38808,사회
N38809,사회
N38810,사회
N38811,사회
N38812,사회
N38813,사회
N38814,사회
N38815,사회
N38816,사회
N38817,사회
N38818,사회
N38819,사회
N38820,사회
N38821,사회
N38822,사회
N38823,사회
N38824,사회
N38825,사회
N38826,사회
N38827,사회
N38828,사회
N38829,사회
N38830,사회
N38831,사회
N38832,사회
N38833,사회
N38834,사회
N38835,사회
N38836,사회
N38837,사회
N38838,사회
N38839,사회
N38840,사회
N38841,사회
N38842,사회
N38843,사회
N38844,사회
N38845,사회
N38846,사회
N38847,사회
N38848,사회
N38849,사회
N38850,사회
N38851,사회
N38852,사회
N38853,사회
N38854,사회
N38855,사회
N38856,사회
N38857,사회
N38858,사회
N38859,사회
N38860,사회
N38861,사회
N38862,사회
N38863,사회
N38864,사회
N38865,사회
N38866,사회
N38867,사회
N38868,사회
N38869,사회
N38870,사회
N38871,사회
N38872,사회
N38873,사회
N38874,사회
N38875,사회
N38876,사회
N38877,사회
N38878,사회
N38879,사회
N38880,사회
N38881,사회
N38882,사회
N38883,사회
N38884,사회
N38885,사회
N38886,사회
N38887,사회
N38888,사회
N38889,사회
N38890,사회
N38891,사회
N38892,사회
N38893,사회
N38894,사회
N38895,사회
N38896,사회
N38897,사회
N38898,사회
N38899,사회
N38900,사회
N38901,사회
N38902,사회
N38903,사회
N38904,사회
N38905,사회
N38906,사회
N38907,사회
N38908,사회
N38909,사회
N38910,사회
N38911,사회
N38912,사회
N38913,사회
N38914,사회
N38915,사회
N38916,사회
N38917,사회
N38918,사회
N38919,사회
N38920,사회
N38921,사회
N38922,사회
N38923,사회
N38924,사회
N38925,사회
N38926,사회
N38927,사회
N38928,사회
N38929,사회
N38930,사회
N38931,사회
N38932,사회
N38933,사회
N38934,사회
N38935,사회
N38936,사회
N38937,사회
N38938,사회
N38939,사회
N38940,사회
N38941,사회
N38942,사회
N38943,사회
N38944,사회
N38945,사회
N38946,사회
N38947,사회
N38948,사회
N38949,사회
N38950,사회
N38951,사회
N38952,사회
N38953,사회
N38954,사회
N38955,사회
N38956,사회
N38957,사회
N38958,사회
N38959,사회
N38960,사회
N38961,사회
N38962,사회
N38963,사회
N38964,사회
N38965,사회
N38966,사회
N38967,사회
N38968,사회
N38969,사회
N38970,사회
N38971,사회
N38972,사회
N38973,사회
N38974,사회
N38975,사회
N38976,사회
N38977,사회
N38978,사회
N38979,사회
N38980,사회
N38981,사회
N38982,사회
N38983,사회
N38984,사회
N38985,사회
N38986,사회
N38987,사회
N38988,사회
N38989,사회
N38990,사회
N38991,사회
N38992,사회
N38993,사회
N38994,사회
N38995,사회
N38996,사회
N38997,사회
N38998,사회
N38999,사회
N39000,사회
N39001,사회
N39002,사회
N39003,사회
N39004,사회
N39005,사회
N39006,사회
N39007,사회
N39008,사회
N39009,사회
N39010,사회
N39011,사회
N39012,사회
N39013,사회
N39014,사회
N39015,사회
N39016,사회
N39017,사회
N39018,사회
N39019,사회
N39020,사회
N39021,사회
N39022,사회
N39023,사회
N39024,사회
N39025,사회
N39026,사회
N39027,사회
N39028,사회
N39029,사회
N39030,사회
N39031,사회
N39032,사회
N39033,사회
N39034,사회
N39035,사회
N39036,사회
N39037,사회
N39038,사회
N39039,사회
N39040,사회
N39041,사회
N39042,사회
N39043,사회
N39044,사회
N39045,사회
N39046,사회
N39047,사회
N39048,사회
N39049,사회
N39050,사회
N39051,사회
N39052,사회
N39053,사회
N39054,사회
N39055,사회
N39056,사회
N39057,사회
N39058,사회
N39059,사회
N39060,사회
N39061,사회
N39062,사회
N39063,사회
N39064,사회
N39065,사회
N39066,사회
N39067,사회
N39068,사회
N39069,사회
N39070,사회
N39071,사회
N39072,사회
N39073,사회
N39074,사회
N39075,사회
N39076,사회
N39077,사회
N39078,사회
N39079,사회
N39080,사회
N39081,사회
N39082,사회
N39083,사회
N39084,사회
N39085,사회
N39086,사회
N39087,사회
N39088,사회
N39089,사회
N39090,사회
N39091,사회
N39092,사회
N39093,사회
N39094,사회
N39095,사회
N39096,사회
N39097,사회
N39098,사회
N39099,사회
N39100,사회
N39101,사회
N39102,사회
N39103,사회
N39104,사회
N39105,사회
N39106,사회
N39107,사회
N39108,사회
N39109,사회
N39110,사회
N39111,사회
N39112,사회
N39113,사회
N39114,사회
N39115,사회
N39116,사회
N39117,사회
N39118,사회
N39119,사회
N39120,사회
N39121,사회
N39122,사회
N39123,사회
N39124,사회
N39125,사회
N39126,사회
N39127,사회
N39128,사회
N39129,사회
N39130,사회
N39131,사회
N39132,사회
N39133,사회
N39134,사회
N39135,사회
N39136,사회
N39137,사회
N39138,사회
N39139,사회
N39140,사회
N39141,사회
N39142,사회
N39143,사회
N39144,사회
N39145,사회
N39146,사회
N39147,사회
N39148,사회
N39149,사회
N39150,사회
N39151,사회
N39152,사회
N39153,사회
N39154,사회
N39155,사회
N39156,사회
N39157,사회
N39158,사회
N39159,사회
N39160,사회
N39161,사회
N39162,사회
N39163,사회
N39164,사회
N39165,사회
N39166,사회
N39167,사회
N39168,사회
N39169,사회
N39170,사회
N39171,사회
N39172,사회
N39173,사회
N39174,사회
N39175,사회
N39176,사회
N39177,사회
N39178,사회
N39179,사회
N39180,사회
N39181,사회
N39182,사회
N39183,사회
N39184,사회
N39185,사회
N39186,사회
N39187,사회
N39188,사회
N39189,사회
N39190,사회
N39191,사회
N39192,사회
N39193,사회
N39194,사회
N39195,사회
N39196,사회
N39197,사회
N39198,사회
N39199,사회
N39200,사회
N39201,사회
N39202,사회
N39203,사회
N39204,사회
N39205,사회
N39206,사회
N39207,사회
N39208,사회
N39209,사회
N39210,사회
N39211,사회
N39212,사회
N39213,사회
N39214,사회
N39215,사회
N39216,사회
N39217,사회
N39218,사회
N39219,사회
N39220,사회
N39221,사회
N39222,사회
N39223,사회
N39224,사회
N39225,사회
N39226,사회
N39227,사회
N39228,사회
N39229,사회
N39230,사회
N39231,사회
N39232,사회
N39233,사회
N39234,사회
N39235,사회
N39236,사회
N39237,사회
N39238,사회
N39239,사회
N39240,사회
N39241,사회
N39242,사회
N39243,사회
N39244,사회
N39245,사회
N39246,사회
N39247,사회
N39248,사회
N39249,사회
N39250,사회
N39251,사회
N39252,사회
N39253,사회
N39254,사회
N39255,사회
N39256,사회
N39257,사회
N39258,사회
N39259,사회
N39260,사회
N39261,사회
N39262,사회
N39263,사회
N39264,사회
N39265,사회
N39266,사회
N39267,사회
N39268,사회
N39269,사회
N39270,사회
N39271,사회
N39272,사회
N39273,사회
N39274,사회
N39275,사회
N39276,사회
N39277,사회
N39278,사회
N39279,사회
N39280,사회
N39281,사회
N39282,사회
N39283,사회
N39284,사회
N39285,사회
N39286,사회
N39287,사회
N39288,사회
N39289,사회
N39290,사회
N39291,사회
N39292,사회
N39293,사회
N39294,사회
N39295,사회
N39296,사회
N39297,사회
N39298,사회
N39299,사회
N39300,사회
N39301,사회
N39302,사회
N39303,사회
N39304,사회
N39305,사회
N39306,사회
N39307,사회
N39308,사회
N39309,사회
N39310,사회
N39311,사회
N39312,사회
N39313,사회
N39314,사회
N39315,사회
N39316,사회
N39317,사회
N39318,사회
N39319,사회
N39320,사회
N39321,사회
N39322,사회
N39323,사회
N39324,사회
N39325,사회
N39326,사회
N39327,사회
N39328,사회
N39329,사회
N39330,사회
N39331,사회
N39332,사회
N39333,사회
N39334,사회
N39335,사회
N39336,사회
N39337,사회
N39338,사회
N39339,사회
N39340,사회
N39341,사회
N39342,사회
N39343,사회
N39344,사회
N39345,사회
N39346,사회
N39347,사회
N39348,사회
N39349,사회
N39350,사회
N39351,사회
N39352,사회
N39353,사회
N39354,사회
N39355,사회
N39356,사회
N39357,사회
N39358,사회
N39359,사회
N39360,사회
N39361,사회
N39362,사회
N39363,사회
N39364,사회
N39365,사회
N39366,사회
N39367,사회
N39368,사회
N39369,사회
N39370,사회
N39371,사회
N39372,사회
N39373,사회
N39374,사회
N39375,사회
N39376,사회
N39377,사회
N39378,사회
N39379,사회
N39380,사회
N39381,사회
N39382,사회
N39383,사회
N39384,사회
N39385,사회
N39386,사회
N39387,사회
N39388,사회
N39389,사회
N39390,사회
N39391,사회
N39392,사회
N39393,사회
N39394,사회
N39395,사회
N39396,사회
N39397,사회
N39398,사회
N39399,사회
N39400,사회
N39401,사회
N39402,사회
N39403,사회
N39404,사회
N39405,사회
N39406,사회
N39407,사회
N39408,사회
N39409,사회
N39410,사회
N39411,사회
N39412,사회
N39413,사회
N39414,사회
N39415,사회
N39416,사회
N39417,사회
N39418,사회
N39419,사회
N39420,사회
N39421,사회
N39422,사회
N39423,사회
N39424,사회
N39425,사회
N39426,사회
N39427,사회
N39428,사회
N39429,사회
N39430,사회
N39431,사회
N39432,사회
N39433,사회
N39434,사회
N39435,사회
N39436,사회
N39437,사회
N39438,사회
N39439,사회
N39440,사회
N39441,사회
N39442,사회
N39443,사회
N39444,사회
N39445,사회
N39446,사회
N39447,사회
N39448,사회
N39449,사회
N39450,사회
N39451,사회
N39452,사회
N39453,사회
N39454,사회
N39455,사회
N39456,사회
N39457,사회
N39458,사회
N39459,사회
N39460,사회
N39461,사회
N39462,사회
N39463,사회
N39464,사회
N39465,사회
N39466,사회
N39467,사회
N39468,사회
N39469,사회
N39470,사회
N39471,사회
N39472,사회
N39473,사회
N39474,사회
N39475,사회
N39476,사회
N39477,사회
N39478,사회
N39479,사회
N39480,사회
N39481,사회
N39482,사회
N39483,사회
N39484,사회
N39485,사회
N39486,사회
N39487,사회
N39488,사회
N39489,사회
N39490,사회
N39491,사회
N39492,사회
N39493,사회
N39494,사회
N39495,사회
N39496,사회
N39497,사회
N39498,사회
N39499,사회
N39500,사회
N39501,사회
N39502,사회
N39503,사회
N39504,사회
N39505,사회
N39506,사회
N39507,사회
N39508,사회
N39509,사회
N39510,사회
N39511,사회
N39512,사회
N39513,사회
N39514,사회
N39515,사회
N39516,사회
N39517,사회
N39518,사회
N39519,사회
N39520,사회
N39521,사회
N39522,사회
N39523,사회
N39524,사회
N39525,사회
N39526,사회
N39527,사회
N39528,사회
N39529,사회
N39530,사회
N39531,사회
N39532,사회
N39533,사회
N39534,사회
N39535,사회
N39536,사회
N39537,사회
N39538,사회
N39539,사회
N39540,사회
N39541,사회
N39542,사회
N39543,사회
N39544,사회
N39545,사회
N39546,사회
N39547,사회
N39548,사회
N39549,사회
N39550,사회
N39551,사회
N39552,사회
N39553,사회
N39554,사회
N39555,사회
N39556,사회
N39557,사회
N39558,사회
N39559,사회
N39560,사회
N39561,사회
N39562,사회
N39563,사회
N39564,사회
N39565,사회
N39566,사회
N39567,사회
N39568,사회
N39569,사회
N39570,사회
N39571,사회
N39572,사회
N39573,사회
N39574,사회
N39575,사회
N39576,사회
N39577,사회
N39578,사회
N39579,사회
N39580,사회
N39581,사회
N39582,사회
N39583,사회
N39584,사회
N39585,사회
N39586,사회
N39587,사회
N39588,사회
N39589,사회
N39590,사회
N39591,사회
N39592,사회
N39593,사회
N39594,사회
N39595,사회
N39596,사회
N39597,사회
N39598,사회
N39599,사회
N39600,사회
N39601,사회
N39602,사회
N39603,사회
N39604,사회
N39605,사회
N39606,사회
N39607,사회
N39608,사회
N39609,사회
N39610,사회
N39611,사회
N39612,사회
N39613,사회
N39614,사회
N39615,사회
N39616,사회
N39617,사회
N39618,사회
N39619,사회
N39620,사회
N39621,사회
N39622,사회
N39623,사회
N39624,사회
N39625,사회
N39626,사회
N39627,사회
N39628,사회
N39629,사회
N39630,사회
N39631,사회
N39632,사회
N39633,사회
N39634,사회
N39635,사회
N39636,사회
N39637,사회
N39638,사회
N39639,사회
N39640,사회
N39641,사회
N39642,사회
N39643,사회
N39644,사회
N39645,사회
N39646,사회
N39647,사회
N39648,사회
N39649,사회
N39650,사회
N39651,사회
N39652,사회
N39653,사회
N39654,사회
N39655,사회
N39656,사회
N39657,사회
N39658,사회
N39659,사회
N39660,사회
N39661,사회
N39662,사회
N39663,사회
N39664,사회
N39665,사회
N39666,사회
N39667,사회
N39668,사회
N39669,사회
N39670,사회
N39671,사회
N39672,사회
N39673,사회
N39674,사회
N39675,사회
N39676,사회
N39677,사회
N39678,사회
N39679,사회
N39680,사회
N39681,사회
N39682,사회
N39683,사회
N39684,사회
N39685,사회
N39686,사회
N39687,사회
N39688,사회
N39689,사회
N39690,사회
N39691,사회
N39692,사회
N39693,사회
N39694,사회
N39695,사회
N39696,사회
N39697,사회
N39698,사회
N39699,사회
N39700,사회
N39701,사회
N39702,사회
N39703,사회
N39704,사회
N39705,사회
N39706,사회
N39707,사회
N39708,사회
N39709,사회
N39710,사회
N39711,사회
N39712,사회
N39713,사회
N39714,사회
N39715,사회
N39716,사회
N39717,사회
N39718,사회
N39719,사회
N39720,사회
N39721,사회
N39722,사회
N39723,사회
N39724,사회
N39725,사회
N39726,사회
N39727,사회
N39728,사회
N39729,사회
N39730,사회
N39731,사회
N39732,사회
N39733,사회
N39734,사회
N39735,사회
N39736,사회
N39737,사회
N39738,사회
N39739,사회
N39740,사회
N39741,사회
N39742,사회
N39743,사회
N39744,사회
N39745,사회
N39746,사회
N39747,사회
N39748,사회
N39749,사회
N39750,사회
N39751,사회
N39752,사회
N39753,사회
N39754,사회
N39755,사회
N39756,사회
N39757,사회
N39758,사회
N39759,사회
N39760,사회
N39761,사회
N39762,사회
N39763,사회
N39764,사회
N39765,사회
N39766,사회
N39767,사회
N39768,사회
N39769,사회
N39770,사회
N39771,사회
N39772,사회
N39773,사회
N39774,사회
N39775,사회
N39776,사회
N39777,사회
N39778,사회
N39779,사회
N39780,사회
N39781,사회
N39782,사회
N39783,사회
N39784,사회
N39785,사회
N39786,사회
N39787,사회
N39788,사회
N39789,사회
N39790,사회
N39791,사회
N39792,사회
N39793,사회
N39794,사회
N39795,사회
N39796,사회
N39797,사회
N39798,사회
N39799,사회
N39800,사회
N39801,사회
N39802,사회
N39803,사회
N39804,사회
N39805,사회
N39806,사회
N39807,사회
N39808,사회
N39809,사회
N39810,사회
N39811,사회
N39812,사회
N39813,사회
N39814,사회
N39815,사회
N39816,사회
N39817,사회
N39818,사회
N39819,사회
N39820,사회
N39821,사회
N39822,사회
N39823,사회
N39824,사회
N39825,사회
N39826,사회
N39827,사회
N39828,사회
N39829,사회
N39830,사회
N39831,사회
N39832,사회
N39833,사회
N39834,사회
N39835,사회
N39836,사회
N39837,사회
N39838,사회
N39839,사회
N39840,사회
N39841,사회
N39842,사회
N39843,사회
N39844,사회
N39845,사회
N39846,사회
N39847,사회
N39848,사회
N39849,사회
N39850,사회
N39851,사회
N39852,사회
N39853,사회
N39854,사회
N39855,사회
N39856,사회
N39857,사회
N39858,사회
N39859,사회
N39860,사회
N39861,사회
N39862,사회
N39863,사회
N39864,사회
N39865,사회
N39866,사회
N39867,사회
N39868,사회
N39869,사회
N39870,사회
N39871,사회
N39872,사회
N39873,사회
N39874,사회
N39875,사회
N39876,사회
N39877,사회
N39878,사회
N39879,사회
N39880,사회
N39881,사회
N39882,사회
N39883,사회
N39884,사회
N39885,사회
N39886,사회
N39887,사회
N39888,사회
N39889,사회
N39890,사회
N39891,사회
N39892,사회
N39893,사회
N39894,사회
N39895,사회
N39896,사회
N39897,사회
N39898,사회
N39899,사회
N39900,사회
N39901,사회
N39902,사회
N39903,사회
N39904,사회
N39905,사회
N39906,사회
N39907,사회
N39908,사회
N39909,사회
N39910,사회
N39911,사회
N39912,사회
N39913,사회
N39914,사회
N39915,사회
N39916,사회
N39917,사회
N39918,사회
N39919,사회
N39920,사회
N39921,사회
N39922,사회
N39923,사회
N39924,사회
N39925,사회
N39926,사회
N39927,사회
N39928,사회
N39929,사회
N39930,사회
N39931,사회
N39932,사회
N39933,사회
N39934,사회
N39935,사회
N39936,사회
N39937,사회
N39938,사회
N39939,사회
N39940,사회
N39941,사회
N39942,사회
N39943,사회
N39944,사회
N39945,사회
N39946,사회
N39947,사회
N39948,사회
N39949,사회
N39950,사회
N39951,사회
N39952,사회
N39953,사회
N39954,사회
N39955,사회
N39956,사회
N39957,사회
N39958,사회
N39959,사회
N39960,사회
N39961,사회
N39962,사회
N39963,사회
N39964,사회
N39965,사회
N39966,사회
N39967,사회
N39968,사회
N39969,사회
N39970,사회
N39971,사회
N39972,사회
N39973,사회
N39974,사회
N39975,사회
N39976,사회
N39977,사회
N39978,사회
N39979,사회
N39980,사회
N39981,사회
N39982,사회
N39983,사회
N39984,사회
N39985,사회
N39986,사회
N39987,사회
N39988,사회
N39989,사회
N39990,사회
N39991,사회
N39992,사회
N39993,사회
N39994,사회
N39995,사회
N39996,사회
N39997,사회
N39998,사회
N39999,사회
