id,target,1.0,1.5,2.0
1,0,0.0003038471955569,0.00037185635073481033,0.0004828631934312233
3,0,0.0003086245191679,0.0003711834758605213,0.0007504321548477537
4,0,0.0006644191086341,0.0009459123880668492,0.0008043299217831114
5,0,0.0008301761762794,0.0007915977561996917,0.0011488383833064236
7,0,0.0002451127104784,0.00028355323053584245,0.0006885183906367756
8,0,0.0004195305635948,0.00044286975860345813,0.0004803448008742956
9,0,0.0008777612227161,0.0007917614374231417,0.0008684023966879212
11,0,0.0004780681755256,0.0005106491205893638,0.0005970780050521634
12,0,0.0006685804562433,0.000931193376413148,0.0007581442592707174
13,0,0.0019592298629734,0.002957146097672571,0.002206373225483874
14,0,0.0004310183912317,0.00044267871014855927,0.0005981770006092703
16,0,0.0003155139696542,0.0008790771570383231,0.0007374141670247636
17,0,0.0020858369780318,0.0020721791160249773,0.003111381328841215
18,0,0.0010086042236754,0.001393522795949316,0.0012720660448281382
19,0,0.0020995497276017,0.0025945710236016527,0.0028967838352125823
21,0,0.0016199276594066,0.0029294236662766302,0.0019386893429131002
22,0,0.0005616450797682,0.0005758685458554179,0.0007354772640517913
23,0,0.0006104398412915,0.0009058870442328457,0.0008483919785824086
24,0,0.0004702521019873,0.0008166344342337201,0.0009713553621378341
25,0,0.0002475703049363,0.00030997839611323697,0.000730245265233206
27,0,0.0005450868804957,0.0005603104598077973,0.0005974050655103842
28,0,0.0006684360143005,0.0006857599280410188,0.0007213148613821335
29,0,0.0010174953906945,0.0008232201418722411,0.0011870076233877521
30,0,0.0004920692336016,0.0005095394287314949,0.0007195489308306979
32,0,0.0005894686353353,0.0007760429478611496,0.0015254417464951459
33,0,0.0010845747850426,0.001459839993117247,0.0013311957675774116
34,0,0.000506804799119,0.0007348044772823072,0.0006819179552913988
35,0,0.0002815371860039,0.0003103512335861787,0.0007220023626833348
36,0,0.0005346256257683,0.000746667061706307,0.0007113529786156223
37,0,0.0004341305121627,0.0005846693273111001,0.0006429814191520631
38,0,0.0009650927767363,0.0008443986816085692,0.0012274456153090242
39,0,0.0018270904028323,0.0015480255810927277,0.0018367935306355721
40,0,0.0019287701291542,0.0023992443170359253,0.002771243489857929
41,0,0.0020278199698025,0.002683703346451427,0.002978055231171824
42,0,0.0021373269785265,0.0030854203344643895,0.002279294738524076
43,0,0.0023771497780594,0.0027514303240695924,0.0029424596058120114
44,0,0.0021911794931862,0.0043007201419821,0.002408614648558632
45,0,0.0005934703255157,0.0008235605210040376,0.000738711269387218
46,0,0.0007258787169312,0.0007608104726902071,0.0008280907107576924
47,0,0.0010383405649822,0.0009167569970859593,0.0010356330199843644
48,0,0.0009827640928655,0.0011406093183930956,0.0011776236954335717
49,0,0.0009445917342922,0.0012047371938424013,0.0009258844282383604
50,0,0.0009607899513255,0.0008507429421685545,0.0012272247990310424
51,1,0.9512603505906034,0.9302747212224164,0.9264499241492823
52,0,0.0011175353236605,0.001279040403273837,0.0026240249464418116
53,0,0.0004090103793296,0.0004976063804639504,0.000569819027689019
54,0,0.0005044077691338,0.00059844233609814,0.000689728499515081
55,0,0.0006839281242298,0.0008774478831511667,0.00098395399687437
56,0,0.0005235648703088,0.0005053252027569283,0.000716429966725767
57,0,0.0005659943447021,0.0005530824411536773,0.0007313359581634559
59,0,0.0019359983507515,0.00249724514354058,0.0014618009002569884
60,0,0.0019975989878811,0.00246859428224198,0.0031842394436389955
61,0,0.0015108739685954,0.001581164339727111,0.0020820581763184845
64,0,0.0014464777373097,0.00237125774079338,0.002263976291540215
65,0,0.0008603250574765,0.0011652787115225293,0.0010571254403428769
66,0,0.0013765175632627,0.001666743153722767,0.002474754777491475
67,0,0.0007734118551563,0.0018398015853399385,0.0010245447678877758
69,0,0.0010363512692448,0.0015107324110388309,0.0015116097094704261
70,1,0.9908824611512844,0.99115906297145,0.9909220529374414
71,0,0.0020268260229739,0.002539544363475047,0.004816465267158015
72,0,0.0008359824396544,0.001272002963091807,0.0013091584840948583
74,0,0.0010720849940537,0.0011780923302439972,0.0011170381290186964
75,0,0.0071902215894002,0.005208444378371653,0.004636384531041941
76,0,0.049037649720169,0.05166318880943782,0.04173470361242934
79,0,0.0010981158535867,0.001135736899029809,0.0013807951479006546
80,0,0.0011336333800529,0.0014514458656997788,0.001329246164597565
81,0,0.0006644175685494,0.0009442337823665194,0.0007842597456180229
82,0,0.0005401138677827,0.0006955777053377382,0.0006953003736872688
83,0,0.0010879965534691,0.0006852614924506609,0.0023504518158686863
84,0,0.000462950848974,0.00048022629569795505,0.0005270533527865211
85,0,0.0039934542254353,0.0061570681105713,0.0036080798383041892
86,0,0.0008081969194906,0.0009514771926969626,0.0008598179813635096
88,0,0.0004589584844304,0.0004759273096738068,0.0006640828538150291
89,0,0.0016296827302645,0.0019635899737112726,0.0012792073419325349
91,0,0.0003806982043351,0.000595359846146739,0.001352506111599375
92,0,0.0003749089037569,0.000595359846146739,0.0013473745257394888
93,0,0.0007273291265218,0.001016490934062664,0.00147442805768097
94,0,0.0004778431127049,0.0006502166612406291,0.0006697594930054986
95,0,0.0002307146061383,0.00032718058962161384,0.0007295424668473975
96,0,0.0020349779098431,0.001978545706433127,0.003073673804064451
97,0,0.0004670084728031,0.0006578648490943194,0.0006555208778368792
98,0,0.000199246104518,0.00029963733045943993,0.0007682705357569739
99,0,0.0004712371037377,0.000511101738092454,0.000590603894566168
100,0,0.000488206615424,0.0006731759451406139,0.0006998929167034431
103,0,0.0003221563037553,0.0004019520837974325,0.000511632569265946
104,0,0.0006867036182512,0.00098362552207297,0.0008309668208277418
108,0,0.0005298698555634,0.0007027848017544592,0.0006993389449966705
109,0,0.000449751110094,0.00042885605954191944,0.0006061125442880971
110,0,0.0003198450578373,0.0003600010958718589,0.0007626326470701818
111,0,0.0013460315494588,0.0008176393187434279,0.0019691247356673127
112,0,0.0005366160528922,0.0005448174132495578,0.0007087466239181713
113,0,0.00053924005096,0.0005418708711015097,0.0006385260809225993
116,0,0.0005233142762884,0.0005721926077510654,0.0010475904790302796
118,0,0.0003393498050613,0.00047007066600179603,0.0005761406921840004
119,0,0.0005114464783218,0.0005103974442970499,0.0007203697896129632
120,0,0.0005233173896573,0.0006508520108888971,0.0007469181414451552
123,0,0.0021240541756494,0.003085933232880207,0.002310665693509492
124,0,0.0004931812080035,0.00046910874305870754,0.0006574703953297443
125,0,0.0004041244204589,0.0006695684074675568,0.0007156580787429608
126,0,0.0005106909055835,0.0011457199568544912,0.0017233865345676015
127,0,0.0036649818701822,0.005048502723036629,0.006202463477876585
128,0,0.0005037664032115,0.0005112464381085703,0.001047900858171236
129,0,0.0004963447363656,0.0004917270963530902,0.0006993309593536448
131,0,0.0005267463300036,0.0005828477461592447,0.0006499424193426848
132,0,0.0006762059308988,0.0012138911747173065,0.0013329211837854141
133,0,0.0009139059589925,0.0008507758174516304,0.0013009043109798136
134,0,0.0009128435493552,0.00118582398457102,0.0010905040062751017
136,0,0.0005759973746802,0.0005971595229717658,0.0007702468471646657
139,0,0.0004671309583809,0.000673074401368651,0.0007899512719747624
140,0,0.0025662685822355,0.0031572463359381105,0.00526408581068547
141,0,0.0005003399344262,0.00047211353341825534,0.0009865072167375354
142,0,0.00048136557247,0.0004445015806055387,0.0009404413252945805
143,0,0.001447348176346,0.0016389640204534665,0.002511826521833511
144,0,0.0009692330589429,0.0012145098822009418,0.0011659166899947331
146,0,0.0006521717398795,0.0008327687522771893,0.0008386400560372648
148,0,0.0007221224264173,0.0006637020049325497,0.0008906983439671908
149,0,0.0015557847890783,0.0020906744405042367,0.0021184161776172735
150,0,0.0010013868063802,0.0016359564431817429,0.000981844693446554
151,0,0.001246082414035,0.001270643220887299,0.001228975954348061
153,0,0.0003329764649574,0.00041977193974861697,0.0008058270091745413
154,0,0.002398928508152,0.005768723059902105,0.004456331658895004
155,0,0.00081016988141,0.0016688853925515685,0.001342338524254404
156,0,0.0084477201837778,0.00806645156743936,0.009864775534586211
157,0,0.0083783928324957,0.010501923177049288,0.009800250347037711
158,0,0.021232107305116,0.02531154819007237,0.020052025970009425
159,0,0.015452759539609,0.012835758336440791,0.013920444268681428
160,0,0.0277732890082212,0.023323454839144754,0.01824961719212146
161,1,0.9795779350835424,0.9839834954770822,0.9841643670400394
162,1,0.911574964905066,0.923359377623788,0.9335981774213811
163,0,0.0004186342993832,0.00044327716312733277,0.0006431781115184371
164,0,0.0004389064730157,0.0004491923547883892,0.000637077508657027
165,0,0.0003024151638725,0.0003609090336609088,0.0008677633418887103
167,0,0.0001915328127734,0.00026998912817197525,0.0006820965665062272
168,0,0.0003237551016131,0.0004380146847482805,0.0005263764741001289
169,1,0.9485407342520212,0.9440384733384769,0.9272417789630051
170,0,0.0023359269026601,0.003029908794272096,0.00374368148805662
171,0,0.0003236814532833,0.00045454055254342467,0.0005403969391705343
173,0,0.0009709368513013,0.0006258480557729964,0.0013541960644234837
174,0,0.0004392931448586,0.00045160988259254316,0.0005019950195233055
175,0,0.0027618963670852,0.0027135941127170624,0.003039675557948769
177,0,0.0002052029217718,0.0002830548193559014,0.0006884788861981821
178,0,0.0007541804817217,0.0007191616725739825,0.0008226560511169617
179,0,0.0007219977182005,0.0009947200315277979,0.0008830444184126533
180,0,0.0022011858803601,0.003111006749008641,0.00242887401749275
181,0,0.000538135005017,0.0006100307917272258,0.0007599364192945371
182,0,0.0004983618811647,0.0005189980065879625,0.0006531130426284541
183,0,0.0020720418334352,0.0020769984129371728,0.0037156799510640196
184,0,0.0004263402453789,0.000443258646854281,0.00048379851814318045
185,0,0.0002959610200564,0.0005155435633352546,0.0006020384050982269
186,0,0.0004944500239754,0.0007007616334264941,0.0008874008910045935
187,0,0.0021855304521748,0.0021653190362709972,0.0033693037145191827
189,0,0.0004691597424521,0.0005002084892583091,0.0005342647010592072
190,0,0.0002187925331351,0.0002604265205528919,0.0006653190790955285
192,0,0.0004354326441576,0.00045361557971719215,0.0006219680190292309
193,0,0.0007627440712817,0.0011983341328080995,0.00149692520014317
196,0,0.0005080109291999,0.0004781510817399542,0.0006699344152194068
197,0,0.000416467882002,0.0004498324294289328,0.0008993220754656413
198,0,0.0004864369428307,0.0006578809962038414,0.0006733027803649842
199,0,0.0005393724690677,0.0005820357090940221,0.0005941410918589882
200,0,0.0007901589599927,0.0009718351621308724,0.001148055404540298
201,0,0.0003070812982976,0.0003400779671426299,0.000745914251647379
202,0,0.0005157444803604,0.0006783543613600427,0.0007079747436986128
203,0,0.0004630262248747,0.0006217540929239009,0.0006357103461183079
204,0,0.0005527891832721,0.000594965349341874,0.0007726747263213677
205,0,0.0004856629766532,0.0005013115113499294,0.0006178830268138362
206,0,0.0034615811383013,0.0036131734491650943,0.004118303086135947
207,0,0.0003786827912333,0.00041109895626348543,0.000821553404314468
208,1,0.8015512330682875,0.8382182419521221,0.8170266884363465
209,0,0.0006134190415267,0.00071252008427564,0.0007740194744370334
211,0,0.0005267924503357,0.0005451470095260533,0.0007311193594673239
212,0,0.000590235973928,0.0007687225543411366,0.0007672361094462331
213,0,0.002870848446762,0.0034962776757236982,0.002886540702429199
214,0,0.00123788453014,0.0011085802327226407,0.0021882140163827645
215,0,0.0003893802902384,0.0005939917477393232,0.0006089179426191241
216,0,0.0005288974210183,0.0007080086305551354,0.0007080977506248199
217,0,0.0005778983256536,0.0006693248904583107,0.0007141706027947766
218,0,0.0006984456597166,0.0008171767107187832,0.0008144801275894408
219,0,0.000639658939617,0.0008297397068932427,0.0008364502222554718
220,0,0.0011777744923934,0.00117860492259195,0.00151141167657582
221,0,0.0014346938566914,0.0016190081144353825,0.001688998127660166
222,0,0.0006348744462537,0.0007103355638722801,0.001417238162135652
223,0,0.0091475080836186,0.013265393671209994,0.013197418490664102
224,0,0.000661749139464,0.0007759907410739479,0.0008144128359188459
225,0,0.002412694109265,0.0033139153576824914,0.004080820248900696
226,0,0.0022396524756345,0.0034226213237345334,0.0026351391799782566
227,0,0.0023996603544427,0.0024989276137563523,0.004048501625497604
228,0,0.0004929818178947,0.0004899475149874198,0.0009480013257215359
229,0,0.0005790207635727,0.0007442720520749478,0.0007815315255534355
230,0,0.0009472282782982,0.0012723346437647535,0.0014132690744526753
231,0,0.0005903529784137,0.0005395074084081909,0.0010024276040060042
233,0,0.0007193959756489,0.000900893772816848,0.0016416202652121369
234,0,0.0008372058223461,0.0012216916069636187,0.0012571713854023893
235,0,0.0005867822044964,0.0006922111378121751,0.0013009923373634305
236,0,0.0006235287264081,0.0006981406244665309,0.0007380452934116842
238,0,0.0006222848606512,0.0007582068021978631,0.001014284595103228
239,0,0.0026779223214722,0.001994570019235926,0.0025839028549713232
240,0,0.0007410581355903,0.0008878092396305743,0.0010366858753383735
241,0,0.0031970714442383,0.0027890596526077512,0.0021002528416674514
242,0,0.0185969719435257,0.01876993676726019,0.013044005426656336
244,0,0.0470531590247194,0.04922125275958397,0.05392075288941681
245,0,0.013832375900824,0.017690069773970845,0.01613868294376301
247,0,0.0157189946689403,0.012777713201029975,0.012034270527549825
250,1,0.9636521517482208,0.971047003551954,0.9829594601819718
251,0,0.0004818821431949,0.0006638443670305773,0.0006587248304565184
252,0,0.0003136842939423,0.00038150131657695797,0.0004964026394431901
253,0,0.0004960151575047,0.0006878582031369235,0.000694310880051612
254,0,0.0022869569329779,0.0026975390319345623,0.002907137793748223
255,0,0.0005230471760431,0.0007245054230412624,0.0007418153174646685
256,0,0.0004257905136175,0.00044366966514959734,0.000480120757492744
258,0,0.0005255430751277,0.0005414793165950517,0.0007235836877623308
259,0,0.0002451024300389,0.00031989132787022456,0.0007390093042580338
260,1,0.9804970697494576,0.9665692150609452,0.9729129950722588
262,0,0.0002572619663841,0.000398525421528904,0.0005289502822448626
263,0,0.000489489432511,0.0005026938414216488,0.0006368064871277157
265,0,0.0004940631222566,0.0005644242674721031,0.0012187812639147693
267,0,0.000606267906577,0.0009075324609749817,0.0007577003764599125
268,0,0.0004281269867565,0.0006226011916711503,0.000804503163177202
270,0,0.0004517438695297,0.0004814976361756568,0.0005244348633709771
272,0,0.0004478678711335,0.0004573606912907228,0.000534911641015755
273,0,0.0004268400656136,0.00044794650874801497,0.0004801413860090797
274,0,0.0011875311203378,0.0012416351224524647,0.0012225652645102816
275,0,0.0004987156376327,0.0005241202032178649,0.0006856488225572392
276,0,0.0007442530249357,0.0010287046440633487,0.0013363833894608596
278,0,0.000680888856562,0.0007708174830476566,0.0008172418172830938
279,0,0.0007936259634759,0.0007137004577789984,0.0007644476258196063
281,0,0.0004866241145125,0.0006717065837979472,0.000689115454662864
282,0,0.0002258662943409,0.00031528190349446283,0.0007236532319414546
283,0,0.0013309484285995,0.00155151726231672,0.0015891740603507318
284,0,0.0003388328420874,0.000992095291481837,0.0010922645399678388
285,0,0.0009497124123421,0.0011149106411869965,0.0012090546822279501
286,0,0.0005040311932504,0.00069883160871676,0.0007246128417577053
287,0,0.0004568308293066,0.00046278221689526305,0.0006349425491207346
288,0,0.0003086211997436,0.00034155908313690037,0.0007510477063219021
289,0,0.0005839727737999,0.0007460358744863029,0.0014248105889856561
290,0,0.0013675695614502,0.0014834120029548052,0.001467400777253342
291,0,0.0021455197231415,0.0011048262378120302,0.0010086866329897782
292,0,0.0004990243022358,0.0005332890736343707,0.0005571479113430561
293,0,0.0019899240876421,0.0025267938807173058,0.0034718099905741355
294,0,0.0005202907443152,0.0005572890594842087,0.001197473503196749
295,0,0.002143368189447,0.0020862624877929403,0.0032444892547367743
297,0,0.0013929115357948,0.001658241164057239,0.001809381562472749
298,0,0.0007772372544636,0.0010391415040022813,0.0010586076747015984
299,0,0.0005385599780843,0.0014608758134165138,0.0009534349476484542
300,0,0.0003192867926659,0.00033287470785368196,0.0007509493449154419
301,0,0.0005593633566448,0.0007425574515265574,0.000748081096602638
302,0,0.0006658345975455,0.0006432160705006912,0.0007821098844969012
305,0,0.005722783865964,0.00556152199264694,0.006901772064873498
306,0,0.0016387248573278,0.002613742678132201,0.0021521669399396735
308,0,0.0005692386442022,0.0007844188819467778,0.0008015045569540475
309,0,0.003697301788565,0.003950127083843018,0.00420938404807433
310,0,0.0005368175474959,0.0006238023646077338,0.0007386059824666132
311,0,0.0004137130153091,0.0005311259652104435,0.0005750219350804331
312,0,0.000773197355818,0.0008751249897984198,0.0009756837310463228
313,0,0.000683582996387,0.0008861775844278316,0.0009668951961046047
314,0,0.0059361285423248,0.008324811259332265,0.007542890309528242
317,0,0.0012804980662831,0.0008956456224659792,0.0008592629714069067
319,0,0.000593081619381,0.0005899557398576305,0.001099582734136725
320,0,0.0004892785353622,0.0005938201165011436,0.0007454649538181871
321,0,0.0020045707794299,0.0016182090714427426,0.0019212928066282364
323,0,0.0010513644254756,0.001484015174624105,0.0013657264551394075
324,0,0.0018815146890806,0.0020221908549797824,0.00140253995681504
325,0,0.0006840677123784,0.0007190320132465934,0.0007987959975133366
326,0,0.0042168947012067,0.00482614031037135,0.007037628343319495
327,0,0.0027175309771932,0.0021236240049711265,0.001706738283786132
329,0,0.0279382768759881,0.028419990376817417,0.0321782266835067
330,0,0.0235298925312802,0.013070389463577796,0.01688822960578465
331,0,0.1012975294205391,0.08342143825305051,0.10759730798864917
333,0,0.0003077418503898,0.00038900737624872995,0.0005026841815512636
334,0,0.0005080360709123,0.0006904735202102425,0.0006673498296822727
335,0,0.0006090306887257,0.0006823280628468985,0.0006924682845137119
336,0,0.000591309562271,0.0008461345631736827,0.000833569776116532
337,0,0.0006054819221289,0.0008318090694312262,0.0008709282063651869
338,0,0.0007025398460878,0.0008860663981077922,0.0008665308401418462
339,0,0.0002384787639755,0.0003258515576669382,0.000768934383204736
340,0,0.0004583200548826,0.000638667947182216,0.0006324916678004759
343,0,0.0005319011021409,0.0006057245344498784,0.0007258338319586427
344,0,0.0011026957545113,0.0010786121852138526,0.0014714836723425113
345,0,0.0218995948069158,0.01828294548126594,0.02103030646272473
346,0,0.0002462476477878,0.0004015782126185485,0.0005324301920165229
347,0,0.0005081062972055,0.0005544964134875037,0.0007079633002473926
350,0,0.0004493261966146,0.0004646083438610411,0.0005155781727031549
351,0,0.0010126636949683,0.000998968402749692,0.0013843110625336387
354,0,0.0004526134446351,0.0004713595021956219,0.0006530730393594016
356,0,0.000442524080221,0.0004724671594170917,0.0005121934887296536
357,0,0.0012502427808027,0.0020523632044397713,0.0015382543385294438
359,0,0.0004883091260425,0.0005044027279122145,0.0005553851809751545
360,0,0.0004700182780139,0.0006611244273671307,0.0006778216723681661
361,0,0.0002291573567655,0.0002932721617585484,0.0007084680448651191
362,0,0.0004948904542423,0.0007227528735853517,0.0007487680371049643
363,0,0.0004639574198661,0.0004740616670459734,0.0006680924391259784
364,0,0.0038267437989068,0.0027731397038994778,0.002085455563141692
365,0,0.001299960942909,0.0017141961016662304,0.0016377161868712043
366,0,0.0023793913783934,0.002583438324361382,0.0037562722590666646
367,0,0.000460172491143,0.0005286148133381049,0.0005720576304331937
368,0,0.000479361422719,0.0006901549731645807,0.0007423824384541229
370,0,0.0002483501037531,0.00029061155652417096,0.0006965365662967855
371,0,0.000231371630939,0.0002881236332907684,0.0006859677175759992
374,0,0.0010003606896708,0.0011194346565716832,0.0011061809921407465
376,0,0.0003783261965336,0.00040945762750835724,0.0008146276249726284
377,0,0.0012609194842742,0.0015096086389922037,0.0015701068378365798
378,0,0.0004695311821775,0.0005503053292830992,0.0009968920833543947
379,0,0.0003427298310631,0.0005357561806312389,0.0006441385210573056
380,0,0.0010127273629575,0.0013541912542614125,0.001326698744399331
381,1,0.8581255810434645,0.848170305717651,0.8649775359491616
383,0,0.002208913626344,0.0022893271720510755,0.003419543683165251
385,0,0.0009046422102989,0.0017177407953681508,0.0019288245009029133
386,0,0.0010505799704324,0.0014884897316834505,0.0013572270414618978
388,0,0.0023968191486577,0.004157439961174874,0.003060158145717776
389,0,0.0007837874267596,0.000875982930557457,0.0009811744863214523
390,0,0.0013955164787088,0.0017041035257891256,0.0015422211687466775
391,0,0.0004569372565481,0.0005624078212254862,0.0006955475543286541
392,0,0.0004534745143603,0.00047378587710974714,0.001077072192434981
393,0,0.0003318274392215,0.000395400849068868,0.0007862202739035901
394,0,0.0016437279584238,0.002537080712151387,0.001905900585052626
395,0,0.0006158683687489,0.0007898822744841789,0.000853232039991046
396,0,0.0006356405981195,0.0008797236727211833,0.0008686549702924872
397,0,0.000646544391273,0.0013797064523310022,0.0007665543953205901
398,0,0.0076620020811137,0.003624382858719647,0.00814787447428422
399,0,0.0014828614852175,0.0015645805513879217,0.0026706668204255447
400,0,0.0011516659870152,0.001916577582143193,0.002308157960273036
401,0,0.0037854138299538,0.004051705788855688,0.005188486320757627
402,0,0.0017526592300592,0.001470114072516902,0.001751336336985888
403,0,0.0005391916376421,0.0006076933087991752,0.0006915701809326602
404,0,0.0095831903428153,0.012709470881101345,0.015497762481425445
405,0,0.0099718293314413,0.015132504681746699,0.015998830088116103
406,0,0.0089683128282026,0.009413883288092884,0.012663522075473003
407,0,0.0011073101039709,0.0006489441786567693,0.0008161671307546107
408,0,0.000367606962827,0.0004219177504960923,0.0007704597551509408
410,0,0.0008146580050661,0.0008181069633186892,0.0010452326884502852
411,0,0.0016329237603802,0.0009926282306557592,0.0011856729216765706
412,0,0.0113441639145024,0.005882518026945878,0.005052711884217075
413,0,0.0045406121974433,0.005283791912421421,0.0059041244194851916
414,0,0.0301997490378259,0.03018472772379079,0.02709722300682222
415,0,0.0253633893302824,0.02527818675449435,0.022724768308525312
416,0,0.0310212899519984,0.03356847002302,0.03470967412062883
417,0,0.0367839793866931,0.033127971222900066,0.026893096826634447
418,0,0.0774090970872641,0.06728729748015977,0.05972963720678008
419,0,0.0021979959055898,0.0031751745469106125,0.003340166865824135
420,0,0.0004987968971546,0.0007183044487495395,0.0007626339341443684
421,0,0.0061910180430408,0.005111680767972691,0.006784905918134479
422,0,0.0002717347041327,0.00042840810682169577,0.0005633980644830093
423,0,0.0021050462780031,0.002618462849311952,0.0030271133880964045
424,0,0.000480486696525,0.0006656659879669918,0.000681645718762818
425,0,0.0003999319656657,0.0004849203240592146,0.000981556888391601
426,0,0.0016388869546558,0.0006529960682830163,0.001512685132345023
427,0,0.0005100908931796,0.0006962745213007531,0.001278554328805363
428,0,0.0004178993548682,0.00043177303302528556,0.0006117922826526512
429,0,0.0004405220508186,0.0004847736393092989,0.0005257759799418963
431,0,0.0002741887075242,0.00042858954451659793,0.0005422209673676744
432,0,0.000806928431483,0.0007504165506732436,0.001115253457324006
434,0,0.0006777465849814,0.0007244235334263561,0.00082316490687251
435,0,0.0003456546887281,0.0004347324205172925,0.000552012536008841
437,0,0.000279170048841,0.0004562854971881937,0.0005708375274889443
438,0,0.0003485998087637,0.0005777990441707464,0.0006294013242538637
439,0,0.0019499872007901,0.0024891089227631657,0.002813136587657262
441,0,0.0010642105865549,0.0014499288421731807,0.0014044326777894105
442,0,0.0010222439891146,0.0014168685702918848,0.001301538823575954
443,1,0.5245083623221002,0.6062609769695766,0.6173079236545825
445,0,0.0002904087151904,0.0004894755779281153,0.0005933379758517078
446,0,0.0037724041798695,0.0018656670866755488,0.0011532051847489627
449,0,0.0005052666182625,0.000698766959640314,0.0007133052412824291
451,0,0.0006580605024543,0.0008007810284022774,0.0009090056079671144
452,0,0.000565513031821,0.0007806372824904513,0.0009529599690792186
453,0,0.0005422653222067,0.0008138311961771256,0.0008249068322554384
454,0,0.0003318765155912,0.00041383989926590495,0.0008152140801284535
455,0,0.0008170281928745,0.0009228407030939891,0.0008811251888090803
458,0,0.0026487143387061,0.0025570395989031798,0.002927698267493281
459,0,0.0005106678888213,0.000546116277611675,0.0005526983682335045
460,0,0.000920625924908,0.00038948438146196244,0.0008022819085558063
461,0,0.0003704706583261,0.00039413860921873605,0.0008892527623230136
462,0,0.0007828716670976,0.001009419962057854,0.0013609033235237153
463,0,0.0004698099842276,0.0004988517357853151,0.000983778940217004
464,1,0.9190410543668168,0.9173416996042761,0.9290138228363499
465,0,0.0006104957071652,0.0006766484911241925,0.0007112504643295835
467,0,0.000466684377352,0.00046607412604732516,0.0006593529958380938
468,0,0.0015668185350859,0.0016853442347551674,0.0026791917336449595
469,0,0.0005001472551091,0.0006118834161370811,0.0011252180151868742
470,0,0.00056654861154,0.0006187729433770544,0.0006994263649433858
471,0,0.0003549874142937,0.0004301455199262849,0.0005090075532138647
472,0,0.0003700973946721,0.0003773805973600137,0.0008634700509711202
473,0,0.0003789133945202,0.00044994685725730855,0.0003128608046548307
474,0,0.0005475409132306,0.0005437714874449151,0.0005402645594341456
475,0,0.0005867985970944,0.000531633008754708,0.00033939653855983383
476,0,0.0008874527854998,0.0015936807106328352,0.002350587512834504
478,0,0.0003682427493414,0.0004526512327099872,0.0003168036990551114
481,0,0.0005546425173572,0.0005232548468785157,0.0005503720335193352
483,0,0.0005384033233876,0.0006202207782545877,0.0011878332263315077
484,0,0.0029721739217237,0.003069647335338369,0.004284235926553574
485,0,0.0008392955516693,0.0007955039833411891,0.0008426801397856883
486,0,0.005525663315718,0.003455581557374032,0.004925555583913014
487,0,0.0004934917359175,0.0005126205892959755,0.0006182767889470459
488,0,0.0006314484020029,0.0014789393815264663,0.0018566507997470315
490,0,0.0075877186614009,0.006856703086478278,0.006369417484935941
491,0,0.0011564784454195,0.0011193976932794025,0.000724662557535639
492,0,0.0012590765095918,0.0013644632569419666,0.001941531396298981
493,0,0.0016599561498193,0.0014348209185468725,0.002566461328804277
494,0,0.0020518805751635,0.0008639468456378756,0.0014478467721304698
495,0,0.0035967380881417,0.005758935299392195,0.004750399149266113
496,0,0.0050115142965116,0.0022083609429365296,0.0019909395060292183
498,0,0.029039923201495,0.01920013684880313,0.020352866011330503
500,0,0.0192168450455045,0.016072033279634065,0.013029451489792185
501,0,0.0461575681112538,0.02778504734534692,0.02483276066032692
503,0,0.0561435922602965,0.05357261202098356,0.05755666327717644
505,0,0.0004060359228747,0.0003851360049185265,0.0004400563571615537
506,0,0.0004008763233351,0.0003983477869452574,0.0004471589763691306
507,0,0.0002808173164684,0.0003882579125324216,0.00047836139887836654
508,0,0.0002366960198866,0.00028537659176758854,0.0006064930611365508
509,0,0.0005346433657529,0.0006442237480107618,0.0007853890453096851
510,0,0.0007901689524554,0.0006969047469643993,0.0008083867790097444
511,0,0.0004044928815508,0.000461703117764814,0.00039034257837556116
512,0,0.0003556331948782,0.00033224183619041877,0.0004333519205299707
513,0,0.0010771529346244,0.0006265252368147015,0.00039618995706948174
514,0,0.0005318184742234,0.0006072577557452285,0.0003852963055395872
515,0,0.0002704365171801,0.0003102582453169256,0.00040397826606750975
516,0,0.0004752006943496,0.00102484615567021,0.00047568851635595256
518,0,0.0013042260222247,0.0018774110009186556,0.0031699709950802455
520,0,0.0005373393331488,0.002374488975173848,0.0032099956634710144
521,0,0.0004113207235319,0.0004082994120320695,0.0004551259211146231
522,0,0.0004185038817574,0.0003946800301050352,0.0004120059582742781
523,0,0.000317127965108,0.00032632013611538427,0.0003868006930849312
524,0,0.0012318577953545,0.0013017296836967264,0.0012390938457072767
525,0,0.0002113083544693,0.00027347946833846943,0.0006157820697454239
528,0,0.0003424813346038,0.00042611571377741925,0.0003188817346665941
529,0,0.0004146555871086,0.0003947144996115383,0.000460291392966025
530,0,0.0004207307595212,0.0004139050513370637,0.0004735963887834151
531,0,0.0004440396381937,0.00044152487969101946,0.0009633590808031851
532,0,0.0004730185736403,0.00048802736439657794,0.0004965219828231281
533,0,0.0003088352404681,0.0004128352010348737,0.0007248653502077488
536,0,0.0021215123010182,0.002062250405769374,0.0022183662427967014
537,0,0.00054933714076,0.0007024758555381166,0.001174771322802733
538,0,0.0002509674951415,0.00025391243242146345,0.000584146404222687
539,0,0.0003000913719253,0.00032127623383426045,0.00043408430943685824
540,0,0.0004709023113531,0.0006185815905299459,0.0013007315439637285
541,0,0.0004216289638099,0.0004031276877100912,0.0004643118628854303
542,0,0.0026982731166735,0.0024230836232131845,0.002536061545204263
543,0,0.0005643181738881,0.0006188867741052874,0.0006534517614659687
544,0,0.0003736029167085,0.0003849486238738716,0.00045091566852462333
545,0,0.002826261918358,0.0021716139678044605,0.0017091641814737835
546,0,0.0007303147862892,0.0008107037612330621,0.0009237314035877096
547,0,0.0007114667288565,0.000909396515635428,0.0013428740474123234
548,0,0.0004572387427768,0.0004154073448729501,0.0005176439818391549
549,0,0.0015836664476425,0.0013453838617213192,0.001476220567265905
550,0,0.0008325240816426,0.0007161208184304445,0.0008580035633005378
551,0,0.0009511398034654,0.0009111108883739668,0.0007971853243125271
552,0,0.0020821660206993,0.0034255056971287017,0.001625964769785358
553,0,0.0003863602771418,0.00046345359737710423,0.0003395985357074736
554,0,0.0005077100816561,0.0005351104174789575,0.0005094482694799658
555,0,0.0020024484182257,0.0034532760888662407,0.002307061669366605
557,0,0.002692111669597,0.0031322175310081446,0.003059361397831224
559,0,0.0005815609887266,0.0006005325776910822,0.0006371776269862189
560,0,0.0004147648965147,0.00045316526800230725,0.0003419505697130972
561,0,0.0029362246845875,0.003974293844057333,0.00437350515689268
562,0,0.0004303778540786,0.0005036817849039798,0.00036175994693281527
564,0,0.0006316009214483,0.0007763856661322879,0.0007599944330691335
565,0,0.0003204620167347,0.0003463759085028096,0.0012676927426775683
566,0,0.0003385953559539,0.0003059720203011275,0.0007065045339292134
567,0,0.0004160495942235,0.000502144480492585,0.0008924589187525804
568,0,0.0006178548137348,0.0006046492169022775,0.0006761440983776807
569,0,0.0020908570308079,0.0020006268298287623,0.0012966599337721214
570,0,0.0007071950031509,0.0008118290805545803,0.0008237962384104388
571,0,0.0005441273112617,0.0005815157321147274,0.0009270410524091395
572,0,0.0028820509806658,0.0011913986318134082,0.002952841489033865
573,0,0.0038425869853673,0.004130365304734235,0.004253316087776323
574,0,0.0009662464593036,0.0019406287890785432,0.0008945785908377297
575,0,0.0006268485096013,0.0008140974193858752,0.0005586457770903705
576,0,0.0062564788954443,0.00839078559965193,0.005756990749144937
577,0,0.0044119806751903,0.005607669020258123,0.006084200783795492
578,0,0.0006765047723507,0.0013424732576955286,0.0016015155867678838
579,0,0.0012920481730418,0.0008806468514613382,0.0019639904663413415
580,0,0.0013375853469092,0.0007565494180169943,0.001053277225482037
581,0,0.0350500795126466,0.03241717307684161,0.030702796436892187
582,0,0.0510783346334087,0.041598404869696404,0.04468486136159609
583,0,0.0316844570591349,0.029659881447759655,0.034289357065902214
584,0,0.021932387324529,0.021131138461314414,0.014520044217899316
585,0,0.0659396241719552,0.06677381724274517,0.054761461083544245
586,0,0.2369189402925113,0.19796915295434947,0.17530400915446723
587,1,0.8500431414719851,0.8029058646168064,0.756395004226793
589,0,0.0784189928367317,0.05299543404462328,0.036021125067865895
590,0,0.0105812064945139,0.00846634171028924,0.00575489095409902
591,0,0.3550492077389546,0.3957199786818138,0.3994508117528891
592,0,0.1005731600435181,0.0747619817672959,0.07833525699892385
593,0,0.2970661397441057,0.2688081849786855,0.23247850815716567
594,0,0.0020086464832293,0.0029314627644300793,0.0022815251502249
595,0,0.0031565008074453,0.0034460104884760302,0.002916715578554549
596,0,0.0023528943913609,0.002175630676217638,0.002362722274448344
597,0,0.0003535441994831,0.0004102470075715716,0.0003144932634585001
599,0,0.0009651961681161,0.0009807574289477478,0.0003383525218890279
600,0,0.0004384019957472,0.0004430161201231158,0.00048425233642619
601,0,0.0003471017556307,0.00037791861386401017,0.0004625383930867902
602,0,0.0018639919941908,0.003151270983215767,0.004218714253960695
603,0,0.0006465235170119,0.0019886958962150344,0.0026929521215066556
604,1,0.937313925789962,0.9189216366174188,0.9202681454672995
606,0,0.0004043166246383,0.00043559521292457846,0.000532841869872502
607,0,0.0005965194482976,0.0005855183152286529,0.0005741585521258153
608,0,0.0003581390848846,0.0004190153755389055,0.0003261098813478366
609,0,0.001521926233798,0.0009797916025858146,0.0011135682930255252
610,0,0.0003883200234997,0.0004436186932347011,0.00033761746478166234
611,0,0.0003839044529502,0.0004562435807982905,0.0004147919571869024
614,0,0.0004007162883426,0.00044201444891653644,0.0005734304855104816
615,0,0.0004779782648685,0.000615866278512583,0.00041258960497425775
616,0,0.00069814809624,0.0006623471692759617,0.0006584589900439838
617,0,0.0012112733282779,0.0006011831506780278,0.0016996792100514532
619,0,0.0008456999263669,0.000754131143456609,0.0008813153438910203
620,0,0.0006395268924927,0.0006061726993905651,0.0005516416654276928
621,0,0.0013982521606585,0.0009752741158764156,0.001192149982677995
622,0,0.0009064692098686,0.000922045862857761,0.0014532257937535627
623,0,0.000255494370567,0.0008476738669750661,0.0006266062476963005
624,0,0.0013542716028745,0.0009010056501462285,0.0020019154180746417
625,0,0.0003614736655514,0.00043588110639168804,0.00034657400350602744
627,0,0.0005151093934316,0.0005143291164397137,0.00047793011937062027
629,0,0.0021260325050636,0.003128822955688085,0.0028319963325762827
630,0,0.0004291187889386,0.00048509175044005607,0.00040146467962278397
631,0,0.0004321866207305,0.0005177899249051845,0.0004410972956281594
632,0,0.000428031439435,0.0004941195617117706,0.00046202334759872947
634,0,0.0004459736491805,0.00048508837954892143,0.0008820871940720931
635,0,0.0004724299927905,0.0004551056555502012,0.00041395542049295684
636,0,0.0013899694835361,0.0014088616889307106,0.0020911312124486606
637,0,0.0003504458583862,0.00038054513707615477,0.000703456436761474
638,0,0.0005948504906301,0.0006726366649622355,0.000697262858267277
639,0,0.0004815305623218,0.0005060963978542011,0.0005249747845679853
640,0,0.0010792881491092,0.0011022607209256647,0.0010817936498209529
642,0,0.0007015105688867,0.0012588135829398432,0.0013145580263407373
643,0,0.0020690975742735,0.004097858005732649,0.0031856678839438696
645,0,0.0005074621525202,0.0006376261658544362,0.00045394000122307796
646,0,0.0011990497132018,0.0013529715206786535,0.0012522052995088883
647,0,0.0004553437301787,0.00043326917796277593,0.0004921865835532667
649,0,0.0009027418883448,0.001253843879193002,0.0014075368949059606
650,0,0.0013384061746141,0.0010633605693500666,0.0015729551178185377
651,0,0.0004622476674499,0.0004913235191614082,0.0008104849078828843
652,0,0.0006330443298078,0.000628440127572868,0.0012616793037824295
653,0,0.0014159702637939,0.0017214948155522358,0.0017845123090385023
654,0,0.0045365544149149,0.002232028328457483,0.004476532184677507
655,0,0.001186411993012,0.0007029015856254613,0.0013264467779035226
656,0,0.0009258747130546,0.0009111582200238912,0.0012372784457168177
657,0,0.0006260568334558,0.0006331587645544434,0.0008212512261596995
658,0,0.0024326534304229,0.0019274941405300421,0.0025636505746826858
659,0,0.0005983751648483,0.0006318433915608059,0.0010482726045168535
661,0,0.000763151022337,0.0007377402951235039,0.0009417931725148308
662,0,0.0009509022178502,0.0010314104747219395,0.0013026931945948183
663,0,0.0012449954299158,0.0009955099200024723,0.0015115969853421675
664,0,0.0006935442771204,0.0009849503676351526,0.0009953922460836711
666,0,0.0041642881858244,0.0032825983664734656,0.005257970929768841
667,0,0.0012255984422497,0.0009418163102176294,0.000987127559399884
668,0,0.0006963067436904,0.0019824714013069577,0.002116529624259998
669,0,0.0013473226491623,0.003022796629918747,0.0016553402846566589
670,0,0.0028208318272855,0.0018066849843737694,0.003820553928669434
671,0,0.0050579226225225,0.004771621048895225,0.004542687573161149
672,0,0.0135332460057235,0.012132194771368421,0.011387480166224146
673,0,0.0120786797369691,0.010841004628838559,0.010409106089856087
674,0,0.0286516377441817,0.02549237551624068,0.026989417466337862
675,0,0.0004088888782407,0.0004288482932009009,0.0006084762467634747
676,0,0.0012088035063081,0.0012901266114308746,0.0012353255728899688
677,0,0.0004033045468195,0.00042919618836727893,0.0006141724986606501
678,0,0.0004073473806721,0.00043093497104004937,0.0006059512244373386
680,0,0.0030195463355179,0.004053440533874785,0.005126851718546583
681,0,0.0002983579520239,0.00037272866995330156,0.0008719661067836827
682,0,0.0002604410343085,0.0003789865332343293,0.000513330495687162
683,0,0.0009735379894868,0.0013073112689495118,0.0012088421201162261
684,0,0.0014924470185969,0.0012310121055725187,0.0023946320674739854
685,0,0.0003047175707734,0.0003788620128642748,0.0004936298650233684
686,0,0.0006179069907506,0.0008593323286398371,0.001402791049210238
687,0,0.0003005543900431,0.0003704977672015814,0.0004959829170812311
688,0,0.000453971284327,0.0006347853943320965,0.0006523240924766536
689,0,0.0003077550222111,0.00041000886472947906,0.001238455489484409
691,0,0.0007939297589191,0.0007475432305850044,0.0010907482586893014
692,0,0.0004048604593399,0.0004055239270734428,0.0005984077983292156
693,0,0.0004552881554195,0.0006514887250600433,0.0006746849969760717
694,0,0.0004183959728049,0.0004480572650556525,0.0006239934291804387
697,0,0.0004015856380532,0.000562616040513144,0.0007255397484213517
698,0,0.0003372040490196,0.0004265548799941839,0.0005466735268089646
699,0,0.0004587033153912,0.0004796994365800803,0.0004896580645539627
701,0,0.0004315340181223,0.00042722332772823833,0.0005941372525053401
702,0,0.0004570288320769,0.00045676408946839143,0.0006471638329764245
703,0,0.0003313047298667,0.00035191243728529176,0.0007471464193953927
704,0,0.0004738692239309,0.0004939227398674076,0.0006516423701770694
705,0,0.0002996275112034,0.00044410225534978796,0.0005673130280550488
706,0,0.0005753906142756,0.0005965437211628137,0.0006537798513782385
707,0,0.0008921530486948,0.0008856322080512592,0.000861214611794155
708,0,0.0021434838388408,0.0044098329422879775,0.0020678247040008873
709,0,0.0012891515939793,0.0013245460484997487,0.0012797480631719146
711,0,0.0006203931117486,0.0007469453419541813,0.000878751706684144
712,0,0.0012618144126882,0.0014014486101789608,0.0013609842793189959
713,0,0.0004816754095471,0.0005170730222363592,0.0006775088979619225
714,0,0.0007506235087383,0.0010753119265007605,0.0009127973522497674
715,0,0.0004231733327941,0.0005589069308609747,0.0006485083015566657
716,0,0.0030522202591231,0.003263119149400781,0.004456649900841778
717,0,0.0003995381909252,0.0004218216080702703,0.0008914726459999276
718,0,0.0004189949173469,0.00042690459376669367,0.000841027019575983
719,0,0.0004699732131237,0.0005566839538773492,0.0006631433472418283
720,0,0.0054742203398321,0.0075922591826720065,0.0056339729327862095
721,0,0.0005276308188347,0.0005531589295419925,0.0006653516203512204
722,0,0.0006487518537456,0.0008291994863623763,0.0012150879020757439
723,0,0.0004794096495055,0.0005234213642697362,0.001011177823527647
725,0,0.0013058554034333,0.0016611954095250277,0.001719857561290288
726,0,0.0005819189283994,0.0007746688533707536,0.0007940237159705163
727,0,0.0002833496507304,0.000425350719985652,0.0005422075697651755
728,0,0.0005896978358321,0.0007128575650831281,0.0007148180816898165
729,0,0.0012429337668015,0.0013778643874960477,0.0013034395371963783
730,0,0.000462284047275,0.0005083470037231804,0.0006621758363337156
731,0,0.0012370565818676,0.0008244241028313786,0.0008092917170765951
732,0,0.0011231386000708,0.0012700637982420047,0.0016730303203134123
733,0,0.0057929417069911,0.004086972747370677,0.006622772685723989
734,0,0.0011987240875011,0.001863920988027731,0.002811465188291449
735,0,0.005935518427158,0.007974659112900849,0.006238802617175852
736,0,0.0004896272336172,0.0006017956901988377,0.0007011152357723939
737,0,0.0008508294486296,0.0008320801377751741,0.0011922770339523015
739,0,0.0017032030005745,0.0012463292368763339,0.0019001443158965842
741,0,0.000418211860121,0.000513438166900272,0.0013953342458959258
742,0,0.002074290243658,0.0026886370731998327,0.0027679356177202994
743,0,0.0026805644629812,0.0026810113722157756,0.002563629974974438
744,0,0.0074563352572346,0.00666043452102162,0.005598299354336863
745,0,0.0036625538755948,0.0015619769012321487,0.004986898691816994
746,0,0.0011168562700914,0.0016157470512271777,0.00268003738597265
747,1,0.9416148444648312,0.9441398296894227,0.9480675646502432
748,0,0.0062210336520477,0.008203094757836269,0.006498423375147195
749,0,0.0407307740422299,0.04262472664516076,0.044181235350101544
750,0,0.2330292843115842,0.215998254419297,0.15640653060575993
751,0,0.0310768926628333,0.03204837883912581,0.033548228249434216
753,0,0.0138336070737386,0.014165359775657131,0.014073443054650036
754,0,0.0479309457758277,0.042400648590071956,0.03214385977691486
755,0,0.0411649548562092,0.03301614240448611,0.031021773968851467
756,0,0.0400377628642452,0.03247500747190337,0.02496179453197679
757,0,0.2669354536784852,0.28796405207602577,0.2867089464967318
758,0,0.2654247166781937,0.21940541450764262,0.20280940993348262
759,0,0.1137796043973717,0.11839227952241489,0.13350241941249066
760,0,0.3230443857351993,0.30936032864292295,0.30483267127769376
761,0,0.036183306000666,0.030720804739952624,0.03229025414651958
762,0,0.0776905800866989,0.07244396355004286,0.06887032496974384
763,0,0.0081819963656483,0.011707875644888316,0.012944106437046285
764,0,0.0011249322741019,0.0011948232635513273,0.0013757598932360106
765,0,0.0023912463938222,0.0034172191339891514,0.003162466639340404
766,0,0.0023232158578968,0.0027866008790352788,0.0031198865535493076
767,0,0.0003609615455766,0.000475633371930233,0.0006382247690372397
768,0,0.0004935579540259,0.000629837741078357,0.0008788654825832895
770,0,0.0021411420201889,0.003262366950783779,0.005192276290379507
771,0,0.0018911600335859,0.0015337458666014132,0.001530215313315571
772,0,0.0032557955389124,0.003276083725925313,0.004301167366081008
774,0,0.0004848471284813,0.0006480309077227372,0.0006547287358184622
775,0,0.000517545570328,0.0006452650067695708,0.0006615745991499111
776,0,0.0003121879128636,0.0003745342786561362,0.0007978978551850386
777,0,0.0003703725614294,0.0005168915901061072,0.0006576201997134626
779,0,0.0002629815189916,0.0004062068257844368,0.0005220133271679737
780,0,0.0004695247852626,0.0005077011445585443,0.0006358803549830275
781,0,0.0003478624342591,0.00042326682903924534,0.0009115488535956541
782,0,0.0005522232652706,0.0007500603467169417,0.0007749306816018758
783,0,0.0004449015226438,0.0004743903142702021,0.000610951922348926
784,0,0.0004459248544863,0.0006009270946229052,0.0005861835598972811
785,0,0.0018275417446573,0.0009054757327208,0.0009019151853804684
786,0,0.0002451339180146,0.0003102365490002751,0.0007086468680705582
788,0,0.0005706933386353,0.0007677201825082409,0.0009728355186785902
789,0,0.0018486737398178,0.001276617036477093,0.0013165466609170197
790,0,0.0001966190964014,0.00027454219383446103,0.0006846733476941664
792,0,0.0004857188693069,0.0006315638258738618,0.0006304113071026198
793,0,0.0051925417547146,0.00787414924219232,0.009179029288158076
795,0,0.0004756297268358,0.0006474368428033548,0.0006607919622646212
796,0,0.0004623502912519,0.0005253661610559231,0.0008237930058745419
797,0,0.0006588221585715,0.0014512294001209456,0.000935725192560572
798,0,0.0005081638079921,0.0005641842318649439,0.0005644854476815695
799,0,0.0008804446980389,0.0009672201187038576,0.00104806131224246
800,0,0.0004745927663981,0.0006653160762468362,0.0006618813464012972
801,0,0.0004546183478194,0.0005945017655689854,0.0006554356034690313
802,0,0.0041381963975888,0.005172502710116024,0.004631442641282281
803,0,0.0006426082813181,0.0007632631706666669,0.001309241930238231
804,0,0.000500486347802,0.0007028743438117374,0.0007267851524866636
805,0,0.0005338918467663,0.0007734397005208661,0.0008077159571434978
806,0,0.0008890287166579,0.0009650066030839584,0.001073934558185927
807,0,0.0005512342826432,0.0013334451362094497,0.0013396020707366002
809,0,0.000917616467877,0.0008367759319676191,0.001386926129457909
810,0,0.0004426759418299,0.0005500841038339485,0.0006796727679864835
811,0,0.0004016256664903,0.0005281451039714603,0.0006151382176461743
812,0,0.0006199345575081,0.0008501258437676636,0.0008431531562419566
813,0,0.00519515704094,0.007085205594978659,0.0083078249315108
814,0,0.0004039376434622,0.0005283610263993172,0.0005980310580564722
815,0,0.0005742747292547,0.0006349814573537781,0.0007424080729323334
816,0,0.0005505649303004,0.0005754282359154602,0.0007694014759496895
817,0,0.0006351902465953,0.0006936445619486935,0.0011735332251605164
818,0,0.0023709930453538,0.003364585144463704,0.0037958233622906535
819,0,0.0023298960698423,0.003317855037904179,0.002308419174726776
820,0,0.0020518192416756,0.0015032862370257746,0.00157475727032115
821,0,0.0007259209712498,0.0009189896041115097,0.0009756831803480262
822,0,0.0005474487398375,0.000709190371717006,0.0006828744091468932
823,0,0.0005731212643956,0.0007651622118227441,0.0007086512211957393
824,0,0.0004759329880803,0.0007316486362816574,0.0012789485261723683
827,0,0.0005648836526106,0.0006641203494002277,0.0007419437765092114
831,0,0.0004348898304976,0.000453944374860952,0.0009057748444455151
832,0,0.0006946455976734,0.0008261212782915007,0.0014015869699819362
833,0,0.0008153489314152,0.0009319570189354135,0.0012817990163125998
834,0,0.0012162711125369,0.0017054488658229735,0.0016975788304705393
835,0,0.0030246183409744,0.0046776889317099255,0.0022764292850360173
836,0,0.0007517291927152,0.0008777754592832207,0.0012679705764564592
837,0,0.0048659130806151,0.004499389661916538,0.004944731712724966
838,0,0.0007782137835948,0.0009317256322244542,0.0008411845387155399
840,0,0.0023086018978474,0.0008746586970954711,0.0019346685688027623
841,0,0.0019915011776971,0.0027256105544394556,0.0030837936391174842
843,0,0.0125143698681196,0.015420572279265651,0.009369105012154145
845,0,0.0622909728372363,0.0684572032400157,0.055189618372292
849,0,0.0395634188507571,0.03689460863995564,0.029952261441159478
851,0,0.0005927426636326,0.0006562972575725444,0.000739669812351493
852,0,0.0010702422729363,0.0024583765906720945,0.0018063930719699147
853,0,0.0023880024111768,0.0027373694088374673,0.0030262674807061984
854,0,0.0007209474449803,0.0009496569540900042,0.0008020613387642644
856,0,0.0005950925108317,0.0007909220101534905,0.0008862913298703216
857,0,0.0010969170306714,0.001024560706287747,0.0012019926049398172
858,0,0.0021088048478863,0.0025435849687158547,0.0029788447842926656
859,0,0.0004855664895616,0.0006793889720441007,0.0007060591223333255
860,0,0.0003194929939972,0.0009762072299395682,0.0005415167692196593
861,0,0.0005683921565292,0.0006808623749391138,0.0008359345700727891
862,0,0.0008576334634102,0.0008383335205364136,0.000939365777711735
863,0,0.0005225173778701,0.0006061317533654472,0.0006029760189504989
865,0,0.0010199934366762,0.0010184328593621746,0.0012883861565734893
866,0,0.0010385706306726,0.0009980182723765708,0.001252507997318005
868,0,0.0002466184731946,0.0003247111118257818,0.0007205519793043411
869,0,0.00046508201875,0.0005300097909692203,0.0006530123779939543
871,0,0.0021805444574455,0.004260922350289238,0.003401804635268635
872,0,0.00258925336164,0.0026145802324840303,0.0030890124656829734
873,0,0.003040103190241,0.0038539544534244483,0.004168484577546355
874,0,0.001094045736911,0.001084877728860966,0.001037407284703173
875,0,0.0008884206989387,0.0008980703135495806,0.001449547453438013
876,0,0.0010365269512758,0.0015268224117312111,0.0012674596565268766
877,0,0.0010660916219968,0.0027725671825656268,0.0017956665805824203
878,0,0.0004889981668319,0.0006693051181308553,0.0006349270801233325
879,0,0.0004805108082746,0.0004974698927347051,0.0006133510114246791
881,1,0.9844441835315482,0.9846895066092071,0.9808735712413339
883,0,0.0012071106088447,0.0006939244768033251,0.0007782282106218142
884,0,0.0003327153662922,0.0005462832320902178,0.0006191840970835174
887,0,0.000498361512913,0.0010646781750045793,0.0011882778434840762
888,0,0.012601279649122,0.011761917283617924,0.009150307149002834
889,0,0.0006535159454522,0.0008138827643775462,0.0014544628221983126
890,0,0.0012313860390381,0.0016298319071954713,0.001451593414287251
891,0,0.005183343077773,0.003848246162096018,0.0029902910117608934
892,0,0.0009580382779244,0.001033928645803313,0.0010824957690659812
893,0,0.002871758878535,0.002823208709471842,0.003308353501765386
894,0,0.0005983245406941,0.0007530259922036443,0.0009397788502305216
895,0,0.0014656023160495,0.001552469724053753,0.0014287032392101648
896,0,0.001163363646387,0.0011482278721710987,0.0013570657920083304
897,0,0.0004558230933922,0.000622374665959297,0.0006865753574838879
898,0,0.0009272567486646,0.0010485609708135702,0.0015985973758650327
899,0,0.0013893975396232,0.0015497381988930174,0.0015376773281827333
903,0,0.0011000869306456,0.0012076258199417668,0.0018477167016429166
904,1,0.6265226156819004,0.6249844509761124,0.6092276098526159
905,0,0.0022385478900372,0.0022262420473188453,0.0021189732326206945
907,0,0.0006811239531713,0.0008161956858996407,0.001926371854011975
908,0,0.0066130761200225,0.009290562344294205,0.00410159929126898
909,0,0.0009422051289745,0.000947218433832647,0.0009770786550155988
910,0,0.0007612390156169,0.0009073492198240205,0.00089524327889706
911,0,0.000680374911723,0.002271183367554213,0.0010266470719061008
913,0,0.0005991010675812,0.0006203836410947632,0.0014983389611653815
914,0,0.0036660106899378,0.0016079789095792799,0.0013089792873903867
915,0,0.0005920614048328,0.0007875288402615961,0.0007182518894765811
918,0,0.0022468006358795,0.0028916211006496917,0.0031393048073546435
919,0,0.0014278450972416,0.0014908949894347726,0.0016491777600474659
920,0,0.0008455770983096,0.0017916883359229304,0.003440032760181152
921,0,0.0007353337189139,0.0009580400459736787,0.0008469377951390299
922,0,0.0023134821873865,0.00200198643465612,0.002470178416373951
923,0,0.0247536609364043,0.026958187077671197,0.02084116214213965
924,0,0.0355327610903479,0.03351495945458313,0.036741964804103036
925,0,0.0391841081148036,0.04322847005760642,0.03883986240090582
926,0,0.078915056139607,0.11137068551191624,0.10229365090197066
927,1,0.9600186549429728,0.9634318043019514,0.9514290462912953
928,0,0.00199519669186,0.0011704088195559144,0.0015693052249069746
929,0,0.0009717579679622,0.0027979845822634908,0.001771279161011166
930,0,0.0010730440790781,0.0010846880120670014,0.001324119021210528
931,0,0.0005711555208544,0.0006198799785697712,0.000717672197026727
932,0,0.0004802816853727,0.0005194681035096859,0.0007073720798204703
933,0,0.0021384988500839,0.003217449032607897,0.0030086950808515573
934,0,0.0003267309919455,0.0005507127907697589,0.0006913162016080668
937,0,0.001067434758826,0.0010530828887897964,0.0012713520775765237
938,0,0.0205405331182057,0.021708333401586313,0.022095099091476104
939,0,0.0006561683841861,0.000697755512443908,0.0013180301586304052
940,0,0.0003194969941725,0.00041378681961825627,0.0005364572891033378
941,0,0.0010718311658227,0.0010230763554191905,0.0018295941244072353
942,0,0.0005910144165927,0.000816547349353759,0.0016218314021604731
943,0,0.0004809230167681,0.000643117559899512,0.0011798932558052559
944,0,0.0006516503738376,0.0007589431932471719,0.0012976966325179567
946,0,0.0020504026038765,0.0030765586947321144,0.0029752494452056012
947,0,0.0047341417450772,0.005617085350965596,0.004267970670183695
949,0,0.0003535542809095,0.0004574612322737115,0.0009196298562614571
950,0,0.0005012255771951,0.0006747204538157567,0.0006473266241246816
951,0,0.000500800053173,0.0006770505852116047,0.0008581422019464017
953,0,0.0003412500069726,0.0004365328245225106,0.0008154118342890792
954,0,0.0002770446188704,0.0004689645934316994,0.0005634167658960373
955,0,0.0008493418556971,0.0008429939507854854,0.0008361002192640646
956,0,0.0005460640845247,0.0007802337940383008,0.0008049908468176645
957,0,0.0003170455692981,0.0003771894691325144,0.0007577842244373929
959,0,0.000965009988935,0.0012794705438375297,0.0015918017794444132
960,0,0.0005482719042396,0.0007289286738884382,0.0006942641427838735
961,0,0.00049437221225,0.0005407319840946178,0.0006413360220216413
963,0,0.0005318962962543,0.0005945492542041628,0.0005866360901739206
965,0,0.0013339946543764,0.0015082843551731304,0.0017345277406471062
966,0,0.0006166763352322,0.0006691265884275974,0.0007159765375791479
969,0,0.0003878085888095,0.00042496101410359835,0.0008047275043831795
970,0,0.0011768557162989,0.0011987269115987338,0.0011482878285555115
971,0,0.0004063936130899,0.000562194197641761,0.0006532954551666975
972,0,0.0005279906105609,0.00067791183797671,0.0006567084098778743
975,0,0.0006888006608726,0.0007284456764756719,0.0008221850112696853
976,0,0.0005243162867312,0.000565483586054728,0.0005745927883628285
977,0,0.0014043711549992,0.0016385854324306442,0.0017171248470675164
978,0,0.0012999991359416,0.0013480315239434515,0.002009231759578511
979,0,0.0003775798257259,0.00045449029861061756,0.000547553197175021
980,0,0.0009754113800403,0.0023875924841199095,0.0016195637917530306
981,0,0.0007279843136974,0.0008777217451310477,0.0008980853208176719
983,0,0.0004721993262646,0.0006264978656479651,0.0007187188284263635
984,0,0.0006811930737181,0.0008010657187890216,0.0008249007217407929
986,0,0.0007493892477817,0.0009562722420952247,0.0008294002415795633
987,0,0.0013131114347087,0.001418557308430421,0.0008394946591098597
988,0,0.00053245484753,0.0006432878447417609,0.0010616761756430688
989,0,0.0019825930214363,0.0012088756234680752,0.001851842457758414
991,0,0.000698743870872,0.0007281776410614433,0.0011798091806086042
992,0,0.0004683620980003,0.0006643846042275771,0.0010241930216507169
993,0,0.0005826567670436,0.0007785509482238506,0.0007942990243212514
994,0,0.0006512676413992,0.0008318447073592146,0.0007808314474305996
995,0,0.0302683722992548,0.03290116296644149,0.034897539531658237
996,0,0.0007017678883741,0.0008826492318710865,0.0008762581436234991
997,0,0.0049016746081811,0.005419919043263624,0.007511731425985919
998,0,0.000852392991431,0.0013141493535027038,0.00108533775590773
999,0,0.0020802553708818,0.002211050168443985,0.00326381447556441
1000,0,0.0007759979401144,0.0007431928861558445,0.0010210282742440322
1001,0,0.0009958391729688,0.0010129802879071624,0.0011980940855999237
1003,0,0.0009441127617147,0.0011024269217611627,0.0011902027846489717
1004,0,0.0017102220537638,0.0013481482677489766,0.0017464720850593352
1006,0,0.0215631650118408,0.0204630199269475,0.025121311783617845
1007,0,0.0986148055300632,0.08649081863612715,0.08333950250752645
1008,0,0.0005160205328618,0.0006889973234676727,0.0006956348303837521
1009,0,0.0004775809877176,0.0006715389731299744,0.0013416385317462083
1010,0,0.0007753684479566,0.001594675264995853,0.003049398495864662
1012,0,0.0003273793368637,0.0004214936355521833,0.0005341582861747313
1013,0,0.0008413445246216,0.000837592677554003,0.001103739723503421
1016,0,0.0022405225648,0.0027904585258904137,0.002996693924787169
1017,1,0.9825911611806072,0.984989266220273,0.9797398773909314
1018,0,0.0005870372627844,0.0006604549652328572,0.0007207567773669754
1019,0,0.0062628875106251,0.006125521281747554,0.006136500756451727
1020,0,0.0010687681131222,0.0010748703691628966,0.001286583230558144
1021,0,0.0032484219361809,0.004348444174814291,0.0034953762267165953
1022,0,0.0003146215727921,0.00041319893533309747,0.000531162049081916
1023,0,0.0004921752374872,0.0005629137766066069,0.0006438826042972186
1024,0,0.0010324373933451,0.000962521686507007,0.001709283306894384
1025,0,0.0009104077773002,0.0009338055040233717,0.0010963842065724095
1026,0,0.0004985266020065,0.0006556204285078302,0.000648795322178098
1028,0,0.0028867863101563,0.00440809975621396,0.004100106359083732
1029,0,0.0004235282093884,0.0004508440718862765,0.0005911711480207664
1030,0,0.0002942016272266,0.0004917483691744305,0.0005962160635072381
1031,0,0.0003933521649023,0.0005294635718341534,0.0012319996928827285
1032,0,0.0004955931079582,0.00065833692804351,0.0006563759446241692
1033,0,0.0010522994457206,0.0006497162078910419,0.0006289416900706957
1034,0,0.0004891022857157,0.0005293291156818595,0.0005855437483939235
1035,0,0.0012520490648778,0.002534018391756608,0.0013963929250668796
1036,0,0.000902187081005,0.0011902154672458207,0.0014337430179210916
1037,0,0.0003077266339336,0.000477595776439656,0.0005931206877923291
1038,0,0.0003356260825711,0.0005539777266972276,0.0011914970681392593
1039,0,0.0004818864622657,0.0005074520048331614,0.0005216053274831211
1040,0,0.0003318843678616,0.00037893065508950584,0.000822198519908553
1041,0,0.0004978949797878,0.0005361069197157603,0.0005731500116134273
1042,0,0.0008537691840711,0.0008316779838892378,0.0017192760517457254
1043,0,0.0005048416073176,0.0006817047598771137,0.0006674278652616099
1044,0,0.000697753371803,0.0008634791417361576,0.0010787654099579343
1045,0,0.0004084527226512,0.0004115811961989004,0.0008267078983013792
1046,0,0.0016703032598911,0.0014797688657209554,0.001230776530921437
1047,0,0.0023825310309173,0.0024162645014197412,0.0032094385809895453
1049,0,0.0005762228720427,0.0006008442678524674,0.0006603924063146167
1050,0,0.0007794737666518,0.0008889996653246668,0.0009737905525941006
1051,0,0.0020464417150724,0.0018972013868698775,0.002478525869353904
1052,0,0.0005347301941973,0.001171958017150144,0.0007099314191441826
1053,0,0.0012216604255026,0.0014021917814754034,0.002311442767643408
1055,0,0.0014796310251699,0.002592736065029852,0.0009945585690048064
1057,0,0.0005064741432824,0.000653310297974554,0.0006554082891594827
1058,0,0.0005584093325032,0.0007018795365029797,0.0007002014128461769
1059,0,0.0008488300206298,0.0008706768952755719,0.0009936067272168763
1060,0,0.000579702375678,0.0007016890097094964,0.0007294223475861697
1061,0,0.0014524132883856,0.0026367626171008374,0.0017310988502499888
1062,0,0.0011170829354538,0.0011100651137724315,0.0013083641837181158
1064,0,0.0011853218376037,0.000714354321594859,0.0008136383781653612
1065,0,0.0010662995177381,0.0010338294878763901,0.0013243038166626336
1066,0,0.0007610916874721,0.001029329801175301,0.0008820801035593569
1068,0,0.0006274320827224,0.0008382925120046592,0.0008304771887768574
1070,0,0.0009000769577722,0.0017295365686937924,0.0013088076091809881
1071,0,0.000678674128601,0.0009665033586263073,0.0008849631079902349
1072,0,0.0016841158768772,0.0010884938239678062,0.0018818012143322772
1073,0,0.0011967460888648,0.0017255813154903603,0.0022272452860147944
1076,0,0.0037967531557213,0.004879694766142682,0.004582172879502336
1077,0,0.000694966478351,0.0008519258700058025,0.0010474398594142683
1079,0,0.0017948916502179,0.00395939745086508,0.002715302229796563
1080,0,0.0015545906754692,0.0012636640938642348,0.0024493323792476565
1081,0,0.0015808959230719,0.001355432011431901,0.0020594285456726692
1082,0,0.0006125857548133,0.0007409651060624918,0.0025178047312056227
1083,0,0.0017921673405109,0.0022912784297177188,0.0021798469342398505
1084,0,0.0012464357723599,0.0018938626212997886,0.001675150662267308
1086,1,0.895499433667645,0.9168321915285014,0.9013496757256505
1087,0,0.0358520396008566,0.033789107841308605,0.038031013746967525
1088,1,0.0159709946346356,0.014404999250685032,0.013932748182048323
1089,0,0.0010049540119348,0.0018617940147653625,0.0017960303953179508
1090,0,0.00174936361026,0.0022636764097874454,0.001807997332762881
1091,0,0.0003414068306482,0.0004375767419769381,0.0005941364419877438
1092,0,0.0005461563250504,0.0006533929450135144,0.0008348733634661517
1093,0,0.0002853248805716,0.000358500651457978,0.0007474933982454091
1095,0,0.0023559597767629,0.0021776152639761594,0.0031431835142271157
1096,1,0.9003421828923447,0.9026018963969384,0.9219947860584055
1097,0,0.0004774126793323,0.0006739402437690913,0.0006819831998587105
1098,0,0.0017504854782507,0.0018018594719796557,0.0017144425145259002
1099,0,0.0004780687434119,0.0005418327513190826,0.000594486431725793
1100,0,0.00022557275383,0.0002937987251796886,0.0006982276867752147
1102,0,0.0002227522284147,0.00030718008958753747,0.0007150142069226009
1103,0,0.0030906343495896,0.003965527447697473,0.004413935163890906
1104,0,0.0004944194866047,0.000719444473259201,0.0007163587533625106
1107,0,0.0003892431414731,0.0007092002424257786,0.0007520197900102095
1108,0,0.0002250094831127,0.0002907046367262823,0.0006965596238882612
1109,0,0.0003143214456542,0.0003923127312689748,0.0007715179114461
1111,0,0.0023004791940035,0.003210539200182349,0.004385958183780697
1112,0,0.0004317167154168,0.0006408499166444058,0.0016989808418096785
1114,0,0.0004507227629625,0.0006347361401269948,0.0014307263872058858
1115,0,0.0004932741297453,0.0006092659539902467,0.0007673278555112614
1116,0,0.0014212049230783,0.0018317903077504872,0.0029840654626477454
1117,0,0.0004044844058727,0.000582413534675836,0.0006695648280432179
1118,0,0.0003696238913654,0.0004829187666639317,0.000983324787937266
1119,0,0.0008882642004947,0.0008167550793556985,0.001092699265747224
1120,0,0.0035129395328698,0.006379027964246319,0.0046161835007000555
1121,0,0.0015452746018942,0.0010614853018420089,0.001644637920669119
1122,0,0.0004707736998329,0.0005319839639338388,0.0006201170668288219
1123,0,0.0005338367177456,0.0005871436571540023,0.0012129836546935493
1124,1,0.8253916751584127,0.846082272354286,0.8229025862716658
1125,1,0.9465413956154124,0.9468967823083457,0.9280341015543616
1126,0,0.002130690988779,0.0019784678033579763,0.002783778155400795
1128,0,0.0005087153179054,0.0006397522740761384,0.0006012880793671304
1129,0,0.0005483582487314,0.0006040085208970677,0.0007074560905759741
1130,0,0.0005292842816059,0.0007002376661740501,0.001361491952868845
1131,0,0.0011968273848048,0.001220964475398154,0.0013848413597750717
1132,0,0.0005521366355367,0.0011729895055262547,0.0008137225676542966
1134,0,0.0009226548729856,0.001025381181321952,0.0011978960470015293
1135,0,0.001160505935146,0.0012840401070437616,0.0017863804705496385
1137,0,0.0005549652892256,0.0009705149335048843,0.0011002077802530394
1140,0,0.0004956316629579,0.0007384705763409124,0.0012069236303951358
1142,0,0.0004159201955141,0.0005265330513152659,0.0006703470488256281
1143,0,0.0005031216108015,0.0005525146352430005,0.0011002320154272142
1144,0,0.000503895473715,0.0006541255144969456,0.0012917322129854835
1145,1,0.9694659200884916,0.9511948924291007,0.9650514969505535
1146,0,0.000767546606708,0.0009134392593311666,0.0011115601277154512
1147,0,0.0005453403811615,0.0006834690458672824,0.001075706779930611
1150,0,0.0012845908691012,0.0014853342096865512,0.0013978205886410302
1151,0,0.0007963040719804,0.0009775483263557174,0.001077770810179057
1152,0,0.0043155043329122,0.004928943367241149,0.005417910282133781
1153,0,0.0009021317119357,0.0010259255604817645,0.00104551144649542
1154,0,0.0005392035982215,0.001209331091677984,0.0008006203588372472
1155,0,0.0028823458998432,0.0020129130100929767,0.0036706512492195656
1156,0,0.0007722431130167,0.0009186587679867531,0.0011434379118613295
1157,0,0.0045568372950257,0.0037437950270609545,0.004282289678041848
1158,0,0.0013944282772524,0.0015352913249706425,0.001281187525313789
1159,0,0.0030626914416091,0.0029873903953774026,0.003802205280826121
1161,0,0.0010399520668476,0.00210874514655533,0.0013706045780276853
1162,1,0.9731574395895092,0.973646132531524,0.9700391411426461
1163,1,0.9629903336195696,0.962863823833136,0.9638487394714154
1164,0,0.1310137964275978,0.12668096642801235,0.11173768664756278
1165,0,0.0249277241252858,0.02234961716140054,0.02204803724990164
1167,0,0.0332515397208221,0.03524669217017497,0.037344343481231015
1170,0,0.1489549297171152,0.19339102989259288,0.14399038666374775
1171,0,0.1319609153297667,0.1307703676548458,0.08008565395938894
1172,0,0.0330831001069045,0.032746540928069924,0.031515459959336356
1173,0,0.3179084056186531,0.28780516829026664,0.30267174535393376
1175,0,0.0018601093324039,0.00310815755802356,0.003977254338213554
1176,0,0.00046036158656,0.0004959639794151684,0.0005782756267079017
1178,0,0.0002885987605961,0.0003840299485347256,0.0005157404570862931
1179,0,0.0079496562492055,0.005477452101154146,0.008583277367457877
1180,0,0.0008532607853249,0.0008552297875422636,0.0008353699095192832
1181,0,0.0002127913748081,0.0002685905797259545,0.0006893732607472006
1182,0,0.0015401598389258,0.001891532391028388,0.0022980964227576456
1183,0,0.001278005273211,0.0013648087666412534,0.0013009006932843546
1185,0,0.0005352879504802,0.0005923910602941394,0.0012732848160569915
1186,0,0.0006769656560606,0.00077930383791722,0.0008271472907187371
1187,0,0.0011017031006257,0.0010917455117261314,0.0019250677346049506
1188,0,0.0004352518260173,0.0004650838067829072,0.0006253955835265018
1189,0,0.0036658958523032,0.004150334810422023,0.002839652371049976
1191,0,0.0004426292701458,0.0004579134160914026,0.0004990692150454146
1192,0,0.0003083812556531,0.00047435758875215425,0.0006052999036045825
1193,0,0.0004774531179557,0.0006574345857126958,0.0008266608090659894
1194,0,0.0019473979110277,0.003127307387401179,0.0033544709322777355
1195,0,0.0003002309531066,0.0003796792863538592,0.0004964998611931606
1196,0,0.0003414257787928,0.00041577381803241213,0.0008733965004411026
1197,0,0.0004864766589174,0.0005626842494711402,0.0006294358977927527
1198,0,0.0005845130902111,0.0008227287548130584,0.0010102729321763973
1199,0,0.0010547224202147,0.0010632607379066935,0.001644178861507482
1200,0,0.0006144581960123,0.000838112275504849,0.0008359497147205396
1201,0,0.0029948782358301,0.0027173671964447667,0.0033838949695836904
1202,0,0.0004231367935851,0.00043617684398099835,0.0006801131403757958
1203,0,0.0020440354274838,0.002605331681651092,0.003225458457007538
1204,0,0.0010086949105634,0.0013806492852501313,0.0012599880051650662
1205,0,0.0005140157795512,0.0005398321546783863,0.0006087088125150056
1206,0,0.0022734952422631,0.0031930160954591674,0.0022028419870754995
1207,0,0.0020055188087892,0.001968100131873764,0.0029713194046707874
1208,0,0.0003031851143153,0.00041416809224500647,0.0005495181210994633
1209,0,0.0004156650530802,0.00043001417200219595,0.0008056620037943849
1210,0,0.2692564563323021,0.2771411541794802,0.2752878830682401
1212,0,0.0012645011616923,0.001207504294039603,0.001637257936492657
1214,0,0.0003769957044065,0.0004707862295905506,0.0009739061276589163
1215,0,0.0004878726211252,0.0006307355026656116,0.0005898750466949228
1216,0,0.0014787541160352,0.0009603580599395797,0.0009761364709853686
1218,0,0.0005184104456267,0.0007139091491947683,0.000718931591837986
1219,0,0.0004798557266952,0.0005116469063513844,0.0006780075686998886
1220,0,0.0060214669462519,0.005263733834256741,0.005151434305508164
1221,0,0.0008454967902467,0.0009207229264225548,0.001465854317574301
1222,0,0.0014682102215853,0.001817847503155748,0.0022817129453553
1223,0,0.0120025719642294,0.011960780010713956,0.011760296431367844
1224,0,0.0007943443147228,0.0008282055378607445,0.0010333170998274327
1225,0,0.0010427207094473,0.0010812255464450926,0.0019091955085785838
1226,0,0.0004805546241174,0.000677089704254815,0.0006597429514211054
1228,0,0.0008269913410091,0.0010635395556042315,0.0011234664630232856
1229,0,0.0002540398066377,0.00032683660974282714,0.0007249552065590684
1230,0,0.0039043698687519,0.004932752575586357,0.004260770980006757
1231,0,0.0007558945702913,0.0008013461504218198,0.0008793148833121206
1235,0,0.0082892850616772,0.009825274925092877,0.009180473141706568
1236,0,0.0007768614993722,0.0013984636140270687,0.0014527385899097958
1237,0,0.0025005205488484,0.0035863352944656202,0.0034334134700985588
1238,0,0.0005288994108266,0.0006815649859912039,0.0009434254581434257
1239,0,0.0004690391762708,0.0005295657945164491,0.0007531195078401928
1240,0,0.0005026244220391,0.0010875096798195242,0.0014951471635276966
1242,0,0.0010009993125038,0.0005006524368594686,0.000775492234476396
1246,0,0.018748001235637,0.01631420620791958,0.019387806104208864
1247,0,0.019138878174864,0.016940249370309572,0.016878318761700768
1248,0,0.0536192967272556,0.052995426794744616,0.03814947573391012
1249,0,0.0256628007645343,0.0223094037230891,0.021834525912879283
1250,0,0.0469189229709355,0.0406055398595425,0.038723075104857535
1251,0,0.0489062812717143,0.04088285805688953,0.03913651425605923
1252,0,0.079825313286714,0.07971057865087039,0.06380201621082153
1253,0,0.0129610312837175,0.011494579038585164,0.009006298220165753
1254,0,0.0023066563351957,0.0022077059073396907,0.004083423599900424
1255,0,0.0003484332093912,0.0003860303306231574,0.0008679015199322876
1256,0,0.0015524070584238,0.0013204848740956709,0.0023357382052058575
1257,0,0.0002147838761921,0.0002769385911405974,0.0006989766706981893
1260,0,0.0025974071600532,0.001987139478736577,0.004263850437891257
1261,0,0.0004273352560845,0.00043992051280314213,0.0006129796577473229
1262,0,0.0057502677968986,0.003037628974288762,0.0036502661272642374
1263,0,0.0001865163470869,0.00026204051212023647,0.0006757418029911644
1264,0,0.0008570793141672,0.0010168802188579007,0.0020134044258906547
1265,0,0.0040469597549525,0.005790212365846274,0.004227751456046537
1266,0,0.0004159444919196,0.00042844977365398806,0.0006183997830591696
1267,0,0.0004114455184011,0.0004408060236109212,0.00046984836364193056
1268,0,0.000426554785819,0.000466781451523992,0.0005379998668387665
1269,0,0.0002938141510839,0.0003653481886911111,0.0007560234282250848
1270,0,0.0003410700057924,0.00042813645447789463,0.0005319780762273912
1271,0,0.0243105557128311,0.02185886879626719,0.02509656132867484
1272,0,0.0004189630091393,0.00043473696616038577,0.0006091257560749728
1274,0,0.0008838143249967,0.0012255611416422166,0.0015729990184941288
1275,0,0.0004392610343686,0.00048779921701835443,0.0004953877792873804
1279,0,0.0017193877938201,0.0011291200339378239,0.0019642424430582656
1280,0,0.0004642332699025,0.000659965583516672,0.0006905946156669127
1281,0,0.000362912232909,0.0005441718140714929,0.0006438016600073769
1282,0,0.0005304560870092,0.0006105152004719091,0.0011191969713634615
1283,0,0.0004677491620637,0.0005143172384511805,0.0007069855314545137
1284,0,0.0021533175321843,0.003206257007406728,0.002517139925466861
1285,1,0.6901563478635799,0.6994503597784965,0.6303810044285947
1288,0,0.0013435354115252,0.0014329458953009251,0.0013600427554021103
1292,0,0.0009871126957253,0.001271256478477742,0.001135885195966355
1293,0,0.0012266065748419,0.001365637389498574,0.0017016792199408934
1294,0,0.0003100975998885,0.0003655741758472026,0.0008130487555059982
1296,0,0.0010090571786174,0.001405018861799652,0.0016801871373833355
1298,0,0.000794207196165,0.0010190195984832696,0.0009011821215273706
1300,0,0.001125398441778,0.000579970327360412,0.0006769638779057785
1302,0,0.0025996262985525,0.0012929699135906746,0.002670754042926854
1305,0,0.0050398195626015,0.0038594612794686117,0.004105881799067412
1306,0,0.001494316249263,0.0022026555446285046,0.0015506447819331388
1307,0,0.0005721522488832,0.0006117010848917048,0.0006035149819293311
1308,0,0.001413243921317,0.002218028456335477,0.003780084672601305
1309,0,0.0030347844185266,0.0016990008720327433,0.004320201798132685
1311,0,0.0008205709174699,0.0009262017598438601,0.0010598078343605048
1312,0,0.0008184342912248,0.0014873185103707236,0.0017616487651912248
1313,0,0.0006720414770898,0.000648174186347905,0.000647166232672758
1314,0,0.0042740607603976,0.005506636315319153,0.006901964839984595
1315,0,0.0003450684826449,0.00042883774128847597,0.0008288586571604715
1317,0,0.0006292187723114,0.0006163840231284067,0.0007763657722012054
1318,0,0.0007449854167862,0.0014674356960830282,0.0013630064360232582
1319,0,0.0005775815736556,0.0005782856247561802,0.000724687793886532
1320,0,0.0046606309038624,0.002663370619466438,0.004719017064956162
1321,0,0.000955514804368,0.001465797741842697,0.0012112998766823802
1322,0,0.0032894172936562,0.0032572801746371762,0.0024698703362430047
1323,0,0.0004151592757638,0.000642543462957487,0.0008801478034854082
1325,1,0.9879596612529876,0.9915740491167455,0.9903509282235479
1327,0,0.0186764383835678,0.01673586462856454,0.021011847713885548
1328,0,0.0197259715435472,0.014639252156439606,0.014188123620057256
1330,0,0.040480654397359,0.031955788347851156,0.03678631687403719
1331,0,0.0356439314303762,0.03183874967850485,0.02758347359051655
1333,0,0.3779302529473042,0.2765158843117509,0.2637981966135519
1334,0,0.0338894946226289,0.033975013995713566,0.03214646958857574
1335,1,0.9053879567501568,0.8744062834869031,0.8521524723790557
1337,0,0.0469742290428355,0.039320743839038136,0.04231363847195027
1338,0,0.0004149578258057,0.00043172506531594064,0.0006208776592263833
1339,0,0.0004981368102805,0.0005685921932433864,0.000674409004139382
1340,0,0.000458950486313,0.0004113766088526945,0.00043467574108354537
1342,0,0.0026073606435068,0.003107429721501912,0.0018558530931308925
1343,0,0.0002079424393658,0.00029451482666533314,0.000707756068220052
1345,0,0.0004281011483996,0.0005060167257558073,0.0004007705047246454
1346,0,0.0007962020715686,0.0016851689302935144,0.0017353220504431398
1347,0,0.0004370704570356,0.00046933217759060914,0.0006520739100141297
1348,0,0.0046002288532817,0.002594829929881865,0.0038705337244084297
1349,0,0.0023895411223926,0.004207395050113243,0.0035042243254296093
1351,0,0.0010844987826501,0.0010470884091116355,0.0013861862167439082
1353,0,0.0004194444850182,0.00042010049766517287,0.0005979143499156851
1354,0,0.00120198587629,0.0008978302979365693,0.0009972266213325387
1355,0,0.0032877119390973,0.0032350890513223687,0.0025624529333711276
1356,0,0.0003443558135305,0.0005383832147748287,0.0006364359077718723
1357,0,0.0004461177587062,0.0004998323842054184,0.0005471293112223657
1358,0,0.0005028459593364,0.0005726662356516313,0.0007634569979614303
1359,0,0.0004752948314545,0.0006824276918972681,0.000702257844944208
1360,0,0.0005659906978091,0.000683158941512138,0.0013757862088995079
1364,0,0.0010942501525001,0.0007747140660439176,0.0012752688167794017
1365,0,0.00051160895238,0.0007094071197345929,0.0008088597058591098
1366,0,0.0004990627750558,0.0006987882223404889,0.0007543558193562818
1368,0,0.0003627645820964,0.0005482341630876865,0.0006351607193675242
1370,0,0.0004482204586831,0.00039783599360179364,0.00037755050276104145
1371,0,0.0003384217330832,0.00039587357633752706,0.0007312844923072148
1372,0,0.0005128863938598,0.00048181731259435703,0.0004773729473029342
1373,0,0.0004623017963923,0.0004447105708822754,0.00063511078902967
1374,0,0.0028282405757501,0.003417572618605192,0.003739906152491583
1375,0,0.0005177749569604,0.0004937167662364054,0.000675106258703153
1376,0,0.0005714242937682,0.0005817164347325742,0.0006356956805845901
1377,0,0.0005704033971015,0.0006574933530535871,0.002492488529369072
1378,0,0.0004385409358377,0.0005235989857418486,0.0009089005964445056
1380,0,0.0004755407158129,0.00048404246421090893,0.0006533627337434475
1381,0,0.0005442546957818,0.000714861255583888,0.0008955929127020534
1382,0,0.0004565715999163,0.0004673400881802094,0.0006529102331687814
1384,0,0.0021813742252129,0.003200927292435339,0.0023843908867267325
1386,0,0.0002868659981078,0.00036681378802892305,0.0007892094092551242
1389,0,0.0004612626827007,0.000553431115262447,0.0006880546149093328
1391,0,0.0010100158129263,0.0018671274671261937,0.0013272119230084219
1392,1,0.9657498216465068,0.962690465961779,0.9632916553539299
1393,0,0.0006267281176681,0.0008061274440553139,0.000796919865047203
1394,0,0.0007071825941332,0.0007121927088255906,0.0008777185573849086
1395,0,0.0005203152405727,0.0006038092435464536,0.0007193301124059092
1396,0,0.0006449898147618,0.0008254445656715557,0.0008996641448637607
1397,0,0.0005205015818754,0.0005665973375909156,0.0007142277517760095
1398,0,0.0005506256777952,0.000637118685556736,0.0006252439869371105
1399,0,0.0009040929404551,0.0010833824523116637,0.0010636728924888993
1400,0,0.0005082819686622,0.0011285322183757723,0.0007006880848418347
1401,0,0.0700412104796702,0.022344165923326626,0.0244084502207208
1402,0,0.0006185922525035,0.0008248352656646768,0.0008856493141752111
1403,0,0.00183000674322,0.002755532198826754,0.002066396372945492
1404,0,0.0041033626388539,0.0045565187137564765,0.005766894956727823
1405,0,0.0004328996686911,0.0005237428346375142,0.0008850700245695848
1407,0,0.0026387238459743,0.002011328395399444,0.0021533241090604706
1408,0,0.0006970184494974,0.0007957146759046117,0.0009597916309188634
1410,0,0.0007030552734035,0.0009589698614608643,0.0010879110338695454
1411,0,0.0005768706994841,0.000748588638549025,0.0014431119991007155
1413,0,0.003650209645055,0.0040948154717070405,0.004857772924321548
1414,0,0.000745937548008,0.000968384570273689,0.00142053288733095
1415,0,0.0029111395245322,0.001853333231987002,0.001993242761032678
1416,0,0.023546139689246,0.022223669244379074,0.024172547724730258
1418,0,0.0373076166478814,0.037239981383224624,0.03922829843475697
1419,0,0.0661116737713439,0.07893059503924285,0.05646682513205676
1420,1,0.9528065414805648,0.9676822297800902,0.9506725043996413
1421,0,0.0170343344675804,0.015926105913427406,0.017758307773400338
1422,0,0.0536579250148973,0.04990275312051316,0.04416528988108817
1423,0,0.0002806524675095,0.00033312999308798315,0.0007877539295278214
1424,0,0.0014193805320026,0.0017042042922116112,0.011748621858184902
1425,0,0.0005228464811358,0.0006856745435421485,0.000727659887193574
1427,0,0.0004927519970974,0.0006788725331469781,0.0006707172721441892
1428,0,0.0005177352311418,0.0006016724761011905,0.0014271207856652959
1431,0,0.0019037001241546,0.0017241671824640252,0.0026557084483990346
1432,0,0.0015257881299545,0.0011009647056722566,0.0011649665964951897
1434,0,0.0035219653038704,0.0037955043693670655,0.004053566727401086
1435,0,0.0026876142561686,0.0036734795404829747,0.0029706534979908545
1436,0,0.0004381489204586,0.0004384707072372893,0.0006441266414229717
1439,0,0.0004765204500264,0.0005228913419723,0.0005573073392248743
1440,0,0.0004871164432132,0.0004989765565776406,0.000549053976757577
1441,0,0.0003127475529851,0.0005129860257550536,0.0014796068243026032
1442,0,0.0004989368639293,0.0007220513119934511,0.0007866261426133427
1443,0,0.0004205978598673,0.00047068134039557097,0.000655452439229492
1444,0,0.0003357654747209,0.0004587841992990101,0.0005617747069808202
1445,0,0.0004302152129276,0.0004697312921211052,0.0006762669333406176
1446,0,0.001025672297522,0.000929323298763233,0.0009612596723715819
1449,0,0.0005671160512364,0.0005714950109788104,0.0006367954900583564
1450,0,0.000291770433541,0.0004772200024917722,0.0006321329255768687
1451,0,0.0005261322183269,0.0007478007319900659,0.0007697714276211185
1454,0,0.0004676451210779,0.000628199462395893,0.0007748136572926863
1455,0,0.0005942356833989,0.0006995278030957014,0.0011841377236542444
1456,0,0.0011813989973951,0.0011664960991963568,0.0016407987127374317
1457,0,0.0005671019931264,0.0005919838514728017,0.00055717104468453
1458,0,0.0005108828365909,0.0004789048266438226,0.0006599513466700679
1459,0,0.0022895788219583,0.002372093925783705,0.003653369099783001
1461,0,0.0007805800943378,0.0011257192095219745,0.001049326117723141
1462,0,0.0007527714848769,0.0013908520214928558,0.0013523873302483404
1464,0,0.0004290983634364,0.000494216965438237,0.0006070649782028785
1465,0,0.0014421005753159,0.0015122105423883952,0.0016487301185281657
1466,0,0.0005604226438714,0.0007171219600444867,0.001319465793238359
1467,0,0.0029726202826918,0.003895909751412913,0.004191397940886262
1468,0,0.0008631026490661,0.004452248849454596,0.003111166939991891
1470,0,0.0004714018390644,0.0004982059462290648,0.0007059124733687876
1471,0,0.0010190804156188,0.000994003582880704,0.0010119694098292692
1472,0,0.0007231839355473,0.0008956359215101091,0.0014845194815260583
1473,0,0.0011028678845466,0.0011810993514432173,0.001555263412534337
1474,0,0.0022684272109282,0.003412571224712572,0.002693908382400638
1477,0,0.004651813622007,0.003221679213648596,0.0019915820612060034
1478,0,0.0005208313244055,0.0005628433395717643,0.0010177516335819381
1479,0,0.0006615459665999,0.0008181649528558312,0.00080638630275569
1481,0,0.000870862979386,0.0010223145798063157,0.0013941369305908195
1483,0,0.0007531318853481,0.0008675539328351016,0.0008227457344219292
1484,0,0.0005951205652933,0.0007692371289898759,0.0008014169630906743
1486,0,0.0014094871993351,0.001377630918374161,0.0026336184542216255
1487,0,0.0006672675444303,0.0009156000561322544,0.0009326542275239179
1488,0,0.0034950308740466,0.002597901657005583,0.0018404124414663978
1489,0,0.0005176347849436,0.0005419275685060866,0.0009633560637661025
1491,0,0.0042225126854869,0.005075320475294078,0.004080889576861338
1492,0,0.0025777789973396,0.003465120786385007,0.0031238303774250935
1493,1,0.7422132540237432,0.7553679283546595,0.7175766984203558
1494,0,0.000743137261409,0.0008675553681701457,0.0009707676577965154
1495,0,0.0018117183284625,0.003207190282627354,0.0021055194849724417
1496,0,0.0008323660517288,0.0009768894209221924,0.0015881216291628183
1497,1,0.9986694190180172,0.9970446258400624,0.9965561938556029
1498,0,0.0005587456100393,0.000631536066976743,0.000789512999506253
1499,0,0.0009607545896342,0.001042375746153782,0.0013583366093568995
1500,0,0.0038473933424067,0.004198334374541072,0.0036684951141014127
1501,0,0.0022969938389258,0.0021496282959964494,0.004123276008399974
1503,0,0.0072589481964827,0.005570906618197325,0.005525471638101199
1504,0,0.0372118906271535,0.03723136808357417,0.0322424559906157
1505,0,0.0114425343881013,0.008097074597992433,0.008206769941010014
1507,0,0.0221662380406731,0.018316426351896904,0.01889019503064528
1508,0,0.2122351523930571,0.19938547143298185,0.24022727984169612
1509,0,0.0271018946486579,0.023734705910757208,0.021818219098670242
1511,0,0.0004192623227471,0.00045031154756764553,0.0005119108002621461
1512,0,0.0004489474431583,0.0004784720365838988,0.0006760388369368757
1513,0,0.0004469713962525,0.0006286293668878703,0.0006343217562040627
1514,0,0.0002864005747519,0.0004076577030043264,0.0005221909480953468
1515,0,0.0004543963681183,0.0006423818915838533,0.000657488910745505
1516,0,0.0001885224543777,0.00025567355427050204,0.0006671613018102686
1518,0,0.0008557919514642,0.0008240141276636109,0.0016836196208233735
1520,0,0.0004574534413187,0.0004721699858620062,0.0005446082083078621
1521,0,0.000416482194973,0.00043745325885936436,0.0006140054667767389
1522,0,0.0004123706494869,0.0004101003703358497,0.0005885725175326386
1523,0,0.0004289566212855,0.00046197937123436373,0.00048546315784019355
1524,0,0.0004266678234345,0.0004455855071851766,0.0006378980371618446
1525,0,0.0004153453882278,0.0004305140390896328,0.000611651597364792
1526,0,0.2875067221787114,0.28627074961121823,0.2872938820565022
1529,0,0.0002782970255523,0.0004275663808490166,0.0005350746912685281
1530,0,0.0004894323476533,0.000684342051398406,0.0007016005373086764
1531,0,0.0004181373079286,0.000439510097778497,0.0006281562960753954
1532,0,0.0006204789274139,0.0009247405851088681,0.0007669154640486737
1533,0,0.0009794369196592,0.0013105943243611297,0.001237436759046874
1534,0,0.0020037617782086,0.0030176083939981043,0.0022094218690942766
1535,0,0.0004886353689303,0.0005061839395504926,0.001201239071196372
1536,0,0.0004793129434486,0.0006665352628886482,0.0006819758548545676
1537,0,0.0023661953382101,0.0023258451678679947,0.002663139639704694
1538,0,0.0004381620098524,0.00044661195162278266,0.0006289822330493675
1539,0,0.0004692874265213,0.0004945736047721794,0.0006472923380230927
1540,0,0.0004371802716825,0.0005476389187805868,0.0006394585673719842
1541,0,0.0003546085453227,0.0004550355689081552,0.0005319375069194518
1542,0,0.0049806239485132,0.004932100592279965,0.006621329060910897
1543,0,0.0015682533961465,0.00190491610802449,0.0028262383513217386
1544,0,0.0002865113730343,0.0003235479986919891,0.0007364597770774911
1545,0,0.0006868442969934,0.0007228014294334941,0.0008710490655281631
1547,0,0.0007057430921586,0.0006971288551617871,0.0013757328746745227
1548,0,0.0020006266767254,0.002458311127602573,0.0028273220452830865
1549,0,0.0028100101068541,0.003518329427902543,0.003973563747906902
1550,0,0.0004653427610903,0.0006045076717577765,0.0011988382429779976
1552,0,0.00066184107763,0.0007331203968236282,0.0007930830946545489
1553,0,0.0010204410393887,0.0009925914222087492,0.0009496386521298389
1558,0,0.0008388517016168,0.0010905636578128993,0.0011104892427085252
1559,0,0.0005233062381875,0.0007302642737459783,0.000728755416795877
1560,0,0.0003213487975566,0.00035722058708339427,0.001332537544584825
1561,0,0.0004850202245931,0.00048824949994256386,0.0007059302610101395
1562,0,0.0008519054344675,0.001407941343968723,0.0015958095820114578
1563,0,0.0010922224269098,0.0016734026054099518,0.001672748510002637
1564,0,0.0018082218996072,0.0012237056335869258,0.0020801777770600564
1565,0,0.001025946779065,0.0010948921953018984,0.001160328003455979
1566,0,0.0003796448699676,0.0003929597617275388,0.000838490684871658
1567,0,0.0005681947925404,0.0006160436917613341,0.001292700132016718
1568,0,0.0005239014638808,0.000611563298466093,0.0006212383745082235
1569,0,0.0013323583657074,0.001487170731716688,0.001408288379091941
1570,0,0.0002882553815909,0.00035217741663352603,0.0007574974715770495
1571,0,0.0006038868297907,0.0008274005759178143,0.0008047581614612303
1572,0,0.0006517372907777,0.0008329864328158424,0.0008912369429796916
1574,0,0.0005852840116646,0.0005742895962512159,0.000803356157437238
1575,0,0.001154902563951,0.000660889875230529,0.0012680106299305337
1577,0,0.0006544518787425,0.0008618292863993102,0.0008369385720591875
1578,0,0.0004871608316027,0.0005065184206676966,0.0009510664715895937
1579,0,0.0005517324948569,0.000598305027214418,0.0007070968309662429
1580,0,0.0011681750358067,0.001127240808512485,0.0014492463611491353
1581,0,0.0016297690872308,0.002153207386448957,0.0016241099416435204
1583,0,0.0004698944334781,0.0006098048610170482,0.0006501552078753769
1585,0,0.0009695194363448,0.0009421028035341951,0.0011611157447739364
1588,0,0.0007784151067352,0.0010176346377567507,0.001001022153671147
1589,0,0.0029741933207617,0.002966637699446639,0.002886225957457099
1591,0,0.0531508832459666,0.05445953491126783,0.05322351819683184
1592,0,0.0750516550102301,0.059738962909639606,0.07692776714711162
1594,0,0.0381215666777113,0.03430587968240137,0.03035491432045808
1595,0,0.1498307705019093,0.07837634756288239,0.07610657949372464
1597,0,0.0006220097079985,0.0007160458615521623,0.0009192197172695455
1598,0,0.0004191587636957,0.00043719006382217693,0.0004704052207387434
1599,0,0.0004859419855184,0.00067271637671832,0.0006735747573907421
1600,0,0.000349911151445,0.00042537931504182843,0.0005586329836680068
1603,0,0.0004526268741038,0.0006291207033318674,0.0006347676560651572
1604,0,0.0002136885700284,0.0003024218006679873,0.000711756809029756
1605,0,0.0002419941836615,0.0003041608748626705,0.0007343481564304373
1606,0,0.0007647036553904,0.001072230658258849,0.001470093007551318
1607,0,0.0003631925351584,0.0010483367182632733,0.0006787219703370924
1608,0,0.0010184829965361,0.001348098111223955,0.001300577582960587
1611,0,0.0009343468798191,0.0005360688027858823,0.0007618621049326239
1613,0,0.0003094632200149,0.00038978366167840157,0.0005004584872759782
1616,0,0.0008500463985417,0.0014723539302800796,0.0012987071326248465
1617,0,0.0005688186888639,0.0011490442576523158,0.000794551431112159
1618,0,0.0004775361607331,0.0006753271189093547,0.0007016612215494214
1619,0,0.0028915439356409,0.0023835419701146825,0.003685057279035629
1621,0,0.0002508848682815,0.00030471104654543975,0.0007216312050882164
1623,0,0.0004696608331899,0.0005297854579619961,0.0005392462193467325
1624,0,0.0016046209691162,0.0011334104736872627,0.0012324221027432518
1625,0,0.0022197003764294,0.0032916871475191962,0.0026155552127501264
1626,0,0.0023110403052437,0.0028745201677722186,0.003056232332366602
1627,0,0.002455147796734,0.003573143952547886,0.0040682729774285204
1628,0,0.0005344413728377,0.0007440310178220326,0.0007890331235387478
1629,0,0.0004881069534173,0.0005750055360231758,0.0007228697981396241
1630,0,0.0021176591404321,0.0031253769267726673,0.002225641778105195
1632,0,0.0006873498070418,0.000993915075519145,0.0008687234462328758
1634,0,0.0005172495982671,0.0007267311873057495,0.0007342354875137299
1636,0,0.0031314294453187,0.0024430709313178938,0.001857764639820961
1637,0,0.0005651244177694,0.0006129439129161446,0.0006514485180184429
1638,0,0.0005149972239134,0.0006979483542799862,0.0006906909092837002
1639,0,0.0006363002496917,0.0006676340910187954,0.0013970640528837876
1640,0,0.0004063046609526,0.0005062287496047296,0.0005926584809435987
1641,0,0.0003799153419832,0.0004469340911386207,0.0008754068080562523
1642,0,0.0004981618771737,0.0005256851068513958,0.0007070722022567867
1643,0,0.0004764667702053,0.0012659746438675819,0.0008050263591195651
1644,0,0.0006283932061222,0.0008333858530903632,0.000878495813683998
1645,0,0.0006047115154778,0.0006253384744878199,0.0007470997905424632
1646,0,0.0005445771281261,0.0005999353802815489,0.0007465791546998635
1647,0,0.0004696685336308,0.0004808418014238478,0.0007054007318837019
1648,0,0.0007808202833744,0.0007966479408677071,0.0008866948659159915
1650,0,0.0005372069715134,0.0012247734913761663,0.0008262602080895873
1651,0,0.001799611300594,0.0012684479855455957,0.0013084279487641573
1655,0,0.3155294962768888,0.3256420126783885,0.30602036334277294
1657,0,0.0004944672135567,0.000507592194205246,0.0005459507602613291
1658,0,0.0018010029526989,0.00233074991971001,0.0026435126147220894
1659,0,0.0005255714509757,0.0007392059666651369,0.0007722414727090765
1660,0,0.0012359345739317,0.002471451589511297,0.0025613896295241787
1661,0,0.0007387692973495,0.0008269289048549132,0.0008476918021696109
1662,0,0.0013205889508672,0.001460332316890396,0.0013869700962017846
1663,0,0.0005817159896661,0.0007193631776963057,0.0014299242935730322
1665,0,0.0006576404527021,0.0006630129715142037,0.0011868722761134683
1666,0,0.0004395061766413,0.000508742196774079,0.0009410222397617236
1667,0,0.0006911563796172,0.0007151922263158542,0.0013751528418548624
1670,0,0.0007159576678601,0.00208947304519044,0.002321109747819078
1671,0,0.0046159195528087,0.003059830910126257,0.004755385490328568
1672,0,0.0006416396518943,0.0007554180080723573,0.001186841051292093
1674,0,0.0054528886594029,0.003674740837200194,0.0034432747130983027
1675,0,0.0240040189692208,0.035266016395634855,0.03425445336639973
1676,0,0.0221276622951718,0.020501290912986744,0.02264452007444924
1677,0,0.2722366021432739,0.21053456070865742,0.2482182570800629
1678,0,0.0705123448743019,0.05472265247821875,0.056949090132825175
1679,0,0.0641095224943535,0.05674686274201053,0.049636683250478195
1680,0,0.1210469336214435,0.11033369194807272,0.0863628385902424
1681,0,0.1091019306506341,0.10948774487874875,0.13458698748450157
1683,1,0.0624640772090626,0.05853755334485729,0.06025634863627037
1685,0,0.0013209506416125,0.0016980696054809557,0.002135095191942768
1686,0,0.0014878671254658,0.0019389000533007908,0.0012354057009740889
1687,0,0.0037739688830704,0.005554021180592399,0.004181043486174128
1688,0,0.0005241265429771,0.0006410554293595404,0.0006844692237209552
1689,0,0.0005339188974146,0.0007342880858654754,0.000794969293251194
1690,0,0.0005037204706472,0.000697821341258414,0.0009673321033334516
1691,0,0.0014803263559194,0.001521731673690211,0.0009637902471443075
1692,0,0.0004484098805266,0.0004795406013137659,0.0007127986336928888
1693,0,0.0009710958616272,0.001506693505391643,0.0010841974316068731
1694,0,0.0015917364678469,0.001194730767000054,0.0031659547166406096
1695,0,0.0005308125408458,0.0005675158045871885,0.0006529248122986199
1696,0,0.0004611279512176,0.00051665628263958,0.0005568986729865266
1697,0,0.0002423724824564,0.00032360555618713956,0.0008389505143379106
1698,0,0.0002317212352664,0.00029045479241395443,0.0006921371462917372
1699,0,0.0005576032467137,0.0007918236316256279,0.0009162342549179562
1700,0,0.0026319741292191,0.0021005831625710166,0.003519290302394458
1701,0,0.0006384435830584,0.0007319781256320606,0.0008663544373878759
1703,0,0.0012591048249319,0.0012789674273448964,0.0012909546166443193
1704,0,0.0002747007739238,0.00044359918914565214,0.0005840637665927929
1705,0,0.0006328449375207,0.0006947447923628195,0.000746894281107804
1706,0,0.0003011098885759,0.0004521142960768597,0.0006097520374705088
1707,0,0.0002463419222805,0.0002943118887677121,0.0007267286911444293
1708,0,0.0008740344726982,0.0007987917965719372,0.001273258060940153
1709,0,0.0005789304667053,0.0006202108151315859,0.0006893540827637886
1710,0,0.0004073080725748,0.001177497722989035,0.0014609560039293996
1711,0,0.0003695552594028,0.0006267899683468302,0.000900782876013995
1712,0,0.0031474166884706,0.00416791689782635,0.004604884110362502
1713,0,0.0005132562990913,0.0005986358770443602,0.0006776448204410657
1715,0,0.0005902224047558,0.0006190748213924371,0.0013257256439051653
1717,0,0.0005631274564952,0.0005993788928245136,0.0006637784557039243
1718,0,0.0027003819408519,0.00327615716837252,0.004952755910990264
1719,0,0.0010839816697959,0.0013012086306893192,0.001349691673559268
1720,0,0.000564525335568,0.0007942366038927972,0.0009305417804937676
1722,0,0.000502202408744,0.0007060806212463804,0.000707199061068482
1723,0,0.0008528968029008,0.0011414451725123504,0.0017379932742985806
1724,0,0.0010790175626112,0.0020703436960692228,0.0014652543083331516
1725,0,0.0014148130003809,0.0009466140617461504,0.00109772694030531
1728,0,0.0005691246080727,0.0013285237909765565,0.0016564373720728046
1730,0,0.0008664102037966,0.0012623612789525228,0.0015312334574087046
1731,0,0.0023501637993635,0.0024289943795404675,0.004454284422388357
1732,0,0.0005221353750235,0.0005522083667043493,0.0006287608145247553
1733,0,0.0006524933294091,0.0010581401100805438,0.001203135768310863
1734,0,0.0005634517604867,0.0007615729875152024,0.0008049808069433604
1735,0,0.0007120367788881,0.0009053946500044694,0.0009917288465896815
1736,0,0.0021731373420641,0.002701734246874282,0.0032855266519278862
1738,0,0.0021262692081755,0.0017661161296634834,0.003379009735203847
1739,0,0.0005536353395936,0.0006433935911302835,0.001434936572778979
1741,0,0.0007622786203756,0.0007854050033028754,0.0010341197405572794
1742,0,0.0034345114961693,0.004458320180974417,0.005409661927016164
1745,0,0.0008915095482366,0.0010080962892766625,0.001118865112685771
1746,0,0.011119002485832,0.010061864715539404,0.007324832310154735
1747,0,0.0004380309141032,0.00045644840181534703,0.0009231782452560303
1748,0,0.1382196405103195,0.18590353296711679,0.18886775043609738
1749,0,0.001997750691651,0.002079442542660848,0.0030097462465232313
1750,0,0.0013250177882275,0.0009335131234682961,0.0010580626368142771
1752,0,0.0061710347161082,0.0031114010847953814,0.0034644397577038837
1754,0,0.0012412347535239,0.002516072435670107,0.0017088157757834998
1755,0,0.0004169811199788,0.0005111113490624695,0.00089200939840937
1756,0,0.0014793793398476,0.0016502101872483501,0.002042195095502103
1758,0,0.0060710621915059,0.006449412151915684,0.006577009908161511
1759,0,0.0011312067218157,0.0016269943209531095,0.0013932163887506047
1760,0,0.003489236800314,0.0023462918856730305,0.006542720339428258
1761,0,0.009739357159686,0.006658104243851148,0.0072433690497314684
1762,0,0.0186529345827048,0.013463016139077405,0.02071644575235471
1763,0,0.0127725823250617,0.010349450445418861,0.01682566844592293
1764,1,0.0430044888212066,0.03876784062637943,0.03312706036656484
1765,0,0.0030187831929333,0.002952167543542194,0.005158431191423891
1768,0,0.0004374183988878,0.001002269608095762,0.0007104652110525244
1769,0,0.0004865521699492,0.0005352561606180512,0.0005763789624848699
1770,0,0.0007368092837172,0.0009847929665835187,0.0021422166203152503
1771,0,0.0005330666244171,0.0006416162932518427,0.0006888018443287135
1772,0,0.0002715864468849,0.0003584591431475123,0.0008111113560723562
1773,0,0.0006869786369867,0.0007982749415515021,0.0008853531784189135
1774,0,0.006758916640169,0.006945194463473103,0.008725774477734085
1775,0,0.0005425006411369,0.0005920606369427572,0.0006911781625974325
1776,0,0.0014373088044789,0.0017801580687672697,0.0018464173477173219
1778,0,0.0003957832486593,0.0005678487444087299,0.000758979729426504
1779,0,0.0018600580390214,0.0024257932936300993,0.0029633156160564643
1780,0,0.0004290337340007,0.00045026396318763827,0.0006452959239842247
1781,0,0.0004457663259937,0.00044902029898011476,0.000666027630855562
1782,0,0.0011613029527022,0.002018320177777001,0.0010896804299486726
1783,0,0.0003927363314806,0.0005911158250570818,0.0007770328300489698
1784,0,0.0004233104546439,0.0004751994656315566,0.0005434583363501615
1786,0,0.0004409707448306,0.00047485383295045727,0.000526883952306335
1787,0,0.000281687628264,0.0004561198367000952,0.0005410926193311507
1788,0,0.0022145844773936,0.002633693330936414,0.002903198800974473
1790,1,0.9782047215281606,0.9773097143359708,0.9723002467321902
1791,0,0.0007363926579749,0.0007419350722813454,0.000804326001397814
1792,0,0.0004900976957202,0.0006839233469350112,0.0007146420274801303
1793,0,0.0011412558525826,0.0011260913469847826,0.0014844047424338964
1794,0,0.0008953863015043,0.0008640643563581664,0.0009207006841285591
1795,0,0.0003528124082111,0.00042065701567974354,0.0011201257723675512
1796,0,0.0002751034731605,0.0003220210282736192,0.0007561552486350452
1797,0,0.001064014576148,0.0006463892150413071,0.0014496471962648558
1800,0,0.0008362117315492,0.0011792182774219024,0.001111374152305002
1801,0,0.0005201219681011,0.0005693732108202925,0.000768404814418434
1802,0,0.0008361880085127,0.001116237865521366,0.0010446690798366957
1803,0,0.0005834408845431,0.000754433283764142,0.000783774821922214
1804,0,0.0012602678704191,0.0017514017264207461,0.00228808609637342
1805,0,0.0006059954346321,0.0007806682252592843,0.0008383597361634
1806,0,0.0031589615688927,0.0026211451078581804,0.004340494464895518
1807,0,0.0005946370140474,0.0008013308521540021,0.001476618161507603
1808,0,0.0022572644532328,0.002287906877540116,0.00282111890438915
1810,0,0.0013289058438141,0.0010420179466642397,0.0011353076107047944
1811,0,0.0034737112940247,0.004150867758515975,0.004731274224427589
1812,0,0.0005408741457558,0.0006846069133599659,0.0008582769459560421
1814,0,0.0007473344917425,0.0008511765476764172,0.0008928210161542589
1815,0,0.0007051717839982,0.0007288429145217069,0.0008186240326933736
1817,0,0.0004683738814055,0.0004919641926425723,0.0009750952189156079
1819,0,0.001219585046469,0.001250766564098205,0.0014454501076890834
1820,0,0.0022144569198658,0.003206224311809199,0.004430592777103067
1821,0,0.0006549960240118,0.0008521606344482685,0.0008875242644523409
1822,0,0.0042431263003776,0.004872062304060354,0.0050852503729811776
1823,0,0.0004982179016998,0.0004927786528887066,0.0011227180620336384
1824,0,0.0013723786419532,0.0015349954075054746,0.0016727182755335935
1825,0,0.0024394608331773,0.0038502335870956466,0.004194465265839406
1826,0,0.0007712309261179,0.0008659242966812194,0.0010374084521135292
1827,0,0.0004052242247382,0.0004471814088394308,0.0008010894564566697
1828,0,0.003421530113407,0.0028110902899820774,0.0023899823791982367
1829,0,0.0027698375078436,0.0030754176801291717,0.0037894564208996286
1830,0,0.0022157454224445,0.004263931511859325,0.0033165606492229177
1832,0,0.0033839958302638,0.0050520902008056425,0.004664368800934061
1836,0,0.0020626063793029,0.0015063506307321148,0.004384243668220221
1837,0,0.0009761312845364,0.0022470178404405913,0.0023500218787743826
1838,0,0.0015735682660125,0.001432559218638593,0.002758623239257971
1839,0,0.0013181390508921,0.0019500756212616583,0.0013766463813231593
1840,0,0.0009870018349084,0.001214329105403315,0.0009726389628181777
1842,0,0.0005063300781331,0.0007544432777888638,0.0007971582740997747
1843,0,0.0005890246964556,0.0013585391960840875,0.0014649432103703436
1845,0,0.0004839226806445,0.0006062377342689849,0.0008770034112421275
1846,0,0.0009487013182936,0.0010800128810972926,0.0010729728997822033
1847,0,0.0007783797991605,0.0002878105726272543,0.0007114064978261441
1848,0,0.0018401629396758,0.0014020171486917063,0.0014149325539349977
1850,0,0.000246123928029,0.0003171895758663268,0.0007398483985895196
1851,0,0.0020583916900103,0.003085035557430175,0.0024219342905117238
1852,0,0.0026946155597075,0.0031334791231827225,0.0025229282738161193
1853,0,0.0005298065492051,0.0007632056384216742,0.0008426003104958831
1854,0,0.0003662918401328,0.0005137301223419593,0.0007217522687965232
1855,0,0.0004369117892435,0.00043806703511442243,0.0006714512129079184
1858,0,0.0004392675123559,0.000470621349996296,0.0010678098155940013
1859,0,0.0004955128312957,0.0005959362724966913,0.0008149490738499785
1860,0,0.0030404783991083,0.0038333443711906123,0.004222624759357234
1861,0,0.0005994057190318,0.000651283238834289,0.0008234552261523169
1862,0,0.0005944718059656,0.0006302363708472038,0.0008552846871626313
1864,0,0.0004486613633,0.00044331341012526126,0.0006783712041874728
1865,0,0.0005384667030907,0.0008239370731660973,0.0009324797316954801
1866,0,0.0003068205084374,0.00035537140926479474,0.000782480021548422
1867,0,0.0010055472430082,0.0017748338664081206,0.0018547892071149237
1869,0,0.0022805583025555,0.002724673067898941,0.0030928691227340133
1870,0,0.0002939939082971,0.0004552459273935819,0.0005522244386478766
1871,0,0.0004586022409462,0.0004724114528266334,0.000511876191046542
1872,0,0.0005097711321291,0.0005830187384948038,0.0006494027890717529
1873,0,0.0031553226260984,0.003947794583018818,0.005052052788629705
1875,0,0.0005347282182629,0.0005472507192408061,0.0005842938091423057
1876,0,0.0022763326891285,0.0031815526210526393,0.002453572314583529
1877,0,0.0092663830799611,0.012513769611926386,0.011812333722455643
1879,0,0.0008742310193067,0.0017708700178039865,0.001180894557048734
1882,0,0.0004729580035912,0.0006454017622277791,0.0008663975627740751
1884,0,0.0005978091052314,0.0007548936396761001,0.0015226378823922835
1888,0,0.0006146378665956,0.0007977212258829495,0.000823467568061608
1889,0,0.0010574018753431,0.0012279217291867911,0.0019805007948974934
1891,0,0.0005716881653451,0.0007696501567125995,0.0007978677917682075
1892,0,0.0013322728793618,0.0008155970518218185,0.0008999752590375392
1893,0,0.0003782494079092,0.0004271196880182552,0.0009443409762526771
1894,0,0.0008985418614111,0.0010589162181007315,0.0013166864664382312
1895,0,0.0015013355886171,0.0009765488062628404,0.001100718579368876
1896,0,0.0022950575696696,0.00416333876519092,0.0027010835385958285
1898,0,0.0013479642621496,0.0014444432632053786,0.0023580464561836828
1899,0,0.0030000997467658,0.003975358986521596,0.003940131453738956
1900,0,0.0011732591138789,0.0013583481372297286,0.0013748898167430818
1902,0,0.0006612797769481,0.0008561249302890329,0.001473318907615224
1903,0,0.0021544452325877,0.0035630038587836,0.001943441450715918
1905,0,0.0006496277526276,0.0008065151060348291,0.000997729211166382
1906,0,0.0066002299208368,0.005961858603046591,0.005454690074347575
1907,0,0.0011863925302854,0.0011555179313118408,0.0012569593871102577
1908,0,0.0007538394106861,0.0009105676303811468,0.0008419538799483371
1909,0,0.0020532305923749,0.0016662882891459387,0.0026246229377322214
1910,0,0.0018576694132552,0.0017912156673469393,0.0018667571078788826
1911,0,0.0006825622166088,0.0009429825098450843,0.0015665113697593074
1912,0,0.0126279867994789,0.009085858558145614,0.00903492101516206
1913,0,0.0009515848289029,0.0008319172561786394,0.0018120372493253874
1914,0,0.0008632471506291,0.0009503933290375987,0.001109898440241654
1915,0,0.0070392379982454,0.004214897953892119,0.00416660456197541
1916,0,0.0103063846513463,0.01122000885710089,0.010696117179276253
1918,0,0.0160862314033176,0.014421829405435987,0.015951627973479047
1920,0,0.0004777253078181,0.0010702149784332362,0.0007127410142294984
1921,0,0.0005238451993634,0.0013364805168774336,0.0013200476921494102
1923,0,0.0008034999561331,0.0007593137353147399,0.0008670411849232818
1924,0,0.0002855861577934,0.0003790692170429673,0.0008081886301534747
1926,0,0.0004786454823129,0.000547990503523596,0.0005781594963572938
1928,0,0.0021721833644631,0.0021297998266434307,0.004893285015174574
1929,0,0.0004049893288465,0.0007059653921886373,0.0017122598380732061
1930,0,0.0002495952041438,0.00031653000699347154,0.0007327478585552867
1932,0,0.0003365048713462,0.0005403835432253644,0.0013389240805614573
1933,0,0.0004658976179248,0.00047186906691295535,0.0006554575683149445
1934,0,0.0004404836289374,0.0004611605858209411,0.0005034484458255057
1935,0,0.0002159192595892,0.00029321179353672703,0.0007090133230753299
1936,0,0.0027725174802884,0.0034913926290947067,0.004062724836553499
1937,0,0.0007976635889891,0.0008809390493707649,0.0010527917627349145
1939,0,0.0004191239162427,0.000437442908962246,0.00047151520718461136
1940,0,0.0027358842799387,0.0034488618495459216,0.003911349780342967
1941,0,0.0002006168926906,0.00028908339129594,0.0006982178314255264
1942,0,0.0044048924642147,0.003355295805272481,0.004152153213657448
1943,0,0.0003082505028436,0.00040147433238603116,0.0005044409155483462
1944,0,0.0002938146107905,0.0004548355832172718,0.0005635758698496954
1946,0,0.0004755103222762,0.00047954900220089904,0.0005187843135637068
1948,0,0.0005581186342178,0.0006222816563372683,0.0007536495593887244
1949,0,0.0011255195510304,0.0010598788582998906,0.0014115039483645435
1950,0,0.0004822808362212,0.0006592800897713437,0.000686215312536536
1951,0,0.0003767097291955,0.00048015261486264357,0.0006121175802099825
1952,0,0.0005936777218521,0.0009274691647002461,0.0008951021557091942
1953,0,0.0023490597952605,0.00293933801640002,0.005191322755007407
1955,0,0.000388009580978,0.00043325760123168416,0.0008231027498351805
1956,0,0.0023199301018111,0.0033071017309097986,0.0030545108083650458
1957,0,0.0018517920722608,0.002496757909463327,0.002725060001867012
1959,0,0.0003946719878608,0.0005509054010406179,0.0006203541496539011
1960,0,0.0028213027722675,0.0036081789537039557,0.003908930589943535
1961,0,0.0012727093412732,0.0013908193188945741,0.0013968219576236643
1962,0,0.0007371947043241,0.0008482581822903362,0.000981545353485574
1963,0,0.00096178580365,0.0012730171868394462,0.0016032271024805545
1964,0,0.0014115791435253,0.0018609160564929464,0.001739582406607839
1965,0,0.0010496998912458,0.0012790900016735034,0.001584912943536501
1966,0,0.0005854653913769,0.0008022223909483823,0.0008499392394372403
1967,0,0.0005705922472328,0.0007725915816160851,0.0007837411955434209
1969,0,0.0032301188420342,0.004207880672269115,0.004614212564070573
1971,0,0.0260853158254367,0.03560124740669951,0.0369854753790787
1972,0,0.002107245524934,0.002531873700717562,0.0030041643370023645
1973,0,0.000830436773013,0.0008483469778911042,0.0015384715682548549
1974,0,0.0008507461564389,0.001089770713094432,0.0016908337975907357
1975,0,0.000460580520888,0.0004601811568923913,0.0009288439548116899
1976,0,0.0012830853644207,0.0012357857076960902,0.0016075336568256928
1977,0,0.0019281687739239,0.0013922832794842556,0.003399266179199753
1978,0,0.0013791675990087,0.0013916452621512885,0.001064876706389406
1979,0,0.0005033643791513,0.0004942205498669463,0.0010718542460794824
1980,0,0.0022848006492389,0.0022842311276596444,0.0025256115712459486
1981,0,0.0028813948190011,0.0028590858233317577,0.00385803504806277
1982,0,0.0016417486491908,0.0019169374482493878,0.003453256807470833
1983,0,0.0005242116444887,0.000576328504939342,0.0008302562587043903
1985,0,0.0025517080358065,0.0022757570559415524,0.002840270459223016
1986,0,0.0006632482567589,0.0006835886816910544,0.0007236216659193538
1987,0,0.000740722126405,0.0007517057507878068,0.0008891946198180983
1988,0,0.0008062166208312,0.0010412023782014508,0.0012746503757494552
1989,0,0.0016176285997723,0.0029044558999418127,0.0025531635237595095
1990,0,0.0029139980822094,0.005040981357112262,0.004323270034427173
1991,0,0.0014744114963016,0.0016831782820386915,0.0021321848816734114
1992,0,0.0010078070421215,0.0004972085043059709,0.0009157275268204444
1994,0,0.0006673557307249,0.0006148773160516326,0.0008171579683625646
1995,0,0.0019041171393036,0.0014186420644730722,0.0020814827177825807
1996,0,0.0008659607780336,0.0011836666069231063,0.0013840441818680229
1999,0,0.0004519071790603,0.0005011802926343357,0.0005573956009195591
2000,0,0.00024892055991,0.0003185648298686939,0.0007540316180614681
2001,0,0.0021486930639326,0.0031937752634142664,0.0029716284022842545
2002,0,0.0004672887810365,0.0004821950776690815,0.0005266794836681318
2003,0,0.0004888138687637,0.0011067495688504123,0.0007513200204877274
2004,0,0.001561170892061,0.0004863723847829972,0.0007554113879883039
2005,0,0.0004037565168266,0.0004972644300838134,0.0006387875374996488
2006,0,0.0004656038143521,0.0005508702652376506,0.0007135288678504346
2008,0,0.0004649086669507,0.00047704683816192145,0.0005313395146413411
2009,0,0.0004839126220047,0.0005372179858078035,0.000674160323656726
2010,0,0.0004142406898952,0.0005705842731768876,0.0007273785771886404
2011,0,0.0023952120928572,0.003949835274011651,0.004853865809751216
2012,0,0.0002677507027365,0.0004483110040371109,0.00114599091774629
2014,0,0.0004440619124569,0.000477787451717118,0.0005284657557777761
2015,0,0.0022758992870515,0.003972710538544868,0.0028596984049098265
2016,1,0.8370283334084583,0.8524743732727231,0.8647750848218169
2017,0,0.0006419046270585,0.0007367566242041289,0.0007657991794198317
2018,0,0.0002356327503591,0.0002927656762876214,0.00070242734575332
2019,0,0.0022761270166334,0.0033119298837059477,0.002655213843762804
2021,0,0.0004502514159448,0.000509028579775388,0.000579080660932425
2023,0,0.0023578508987215,0.002871552823129966,0.0032258604941265106
2024,0,0.0012799151844857,0.0012582607441902103,0.0013881302116991808
2025,0,0.0004809744947906,0.0004884000692471985,0.0005935874049489143
2026,0,0.0002677115878076,0.0003633156472840705,0.0007900308561177438
2028,0,0.0004407358845939,0.0006260638081297405,0.0014080458757099973
2030,0,0.0004698825047446,0.0005084379006597146,0.0005411189653824598
2031,0,0.0010797461670548,0.0014551213696573362,0.0014080942120996065
2032,0,0.0180722734656723,0.01622865470582499,0.017448587640276042
2033,0,0.0008474860473199,0.0008283224809521916,0.0008845655073243355
2034,0,0.0032258471816279,0.0038881422198235732,0.004589137400895199
2036,0,0.0006045932094052,0.0009056134929054248,0.0009820297573892758
2037,0,0.0008466044302898,0.000861132692631953,0.0009212659051603036
2038,0,0.0007320028900733,0.0008369546836563622,0.0009379591222752012
2039,0,0.0014619439371629,0.0018091423800634227,0.0017144972576241145
2040,0,0.000314457086472,0.0003546851076472308,0.0007569433108572436
2041,0,0.0004941063083941,0.000736373524179268,0.0007684912666829115
2042,0,0.0008685260550406,0.0008280311882001849,0.0008455595884084401
2043,0,0.0011999780118477,0.0011621140603249236,0.001436409045697199
2044,0,0.5027805146703624,0.004294761200473066,0.0020841349660743707
2045,0,0.0005607135576696,0.0007658667213172928,0.0007598672010547198
2046,0,0.0005936571934499,0.0007921114778220075,0.0007538237311648978
2047,0,0.0011999474219624,0.001136051665894426,0.001632459101378761
2050,0,0.0005046361035516,0.0004903155267450619,0.0006680405162003872
2051,0,0.0014939016680401,0.0013014348570829985,0.0012846954352925856
2054,0,0.0084195889095619,0.006281478201449265,0.004916225224402345
2055,0,0.0041743626388744,0.0023716295741465086,0.004264826432010286
2056,0,0.0011023476688973,0.0005724569106817205,0.0007824430718536323
2058,0,0.0005482552469365,0.0006502049040882259,0.0006168489986944603
2059,0,0.0011197746953169,0.001196425683081031,0.002305179370299916
2060,0,0.0011576464586898,0.002229380079478061,0.0019816332573290487
2061,0,0.0035443952809402,0.0033691366364812956,0.003333581994520549
2063,0,0.0006213780263368,0.000783282006092182,0.0006963596099111327
2064,0,0.0023857969341543,0.0035170543493261916,0.0027295776952110887
2065,0,0.0006279701407507,0.0006625749265049061,0.0010755563804209262
2066,0,0.0019862492872039,0.0021802073533230917,0.002025380237394411
2070,0,0.0005003053523962,0.0005411114749863501,0.0009440772851563612
2071,0,0.0021080629777096,0.0028767360567937975,0.00385920833854507
2072,0,0.1505828253077613,0.14064455046093916,0.12274154844312007
2073,0,0.0012019143752963,0.001222570460237984,0.0012845172815621189
2074,0,0.000779107236598,0.0009626030110006702,0.0011046689920353556
2075,0,0.0007530397090783,0.0009276724549612551,0.0018001954922558317
2076,1,0.8436626629420494,0.8332775228870266,0.8844866483001061
2077,0,0.0009018487861591,0.0009936961367107396,0.0014312198796639754
2078,0,0.0011938466134493,0.0013667019705083184,0.001319759953583913
2079,0,0.0118042812294588,0.009952905772729831,0.011113240489370083
2080,0,0.0273198166738464,0.026059633650242282,0.029579616791225793
2081,0,0.0885439164242827,0.07238009709236168,0.06352768448862418
2082,0,0.0243283869261601,0.02025819539654231,0.026192983024901077
2083,0,0.0253003062117157,0.019198597721823245,0.02092180697432052
2084,0,0.0005317848615199,0.0007621161037381694,0.0013098962441751827
2085,0,0.0010515944117502,0.0010092242070118631,0.0013849702371968229
2086,0,0.0006829688276429,0.0007733455846044065,0.0007820948374338055
2087,0,0.0017604385073138,0.0012503459202078033,0.0012482771230765588
2088,0,0.0003775265504281,0.00046276555306662523,0.0006035476893612773
2089,0,0.0022557787435839,0.003950403286111669,0.003315927784638068
2090,0,0.0014013763115238,0.0013854948301230937,0.0008831970584103354
2091,0,0.0042979762807432,0.003208688704119185,0.009269063800519126
2092,0,0.0006435376068366,0.0009599195365787912,0.0008082461722353292
2093,0,0.0007004667965163,0.0009955353040673714,0.0008434634633816673
2095,0,0.0013609727344364,0.0022967945625242455,0.0027675479712052447
2096,0,0.0002336685403522,0.0002906570422594911,0.0007159517640464875
2097,0,0.0012634353845181,0.001248428762759322,0.0016207165266071254
2101,0,0.0009381676526754,0.0010390520676794314,0.001143226317980416
2102,0,0.0004740020738893,0.0005113867597847397,0.000551416492809601
2103,0,0.0063278391326643,0.007548130831477869,0.009264425463238978
2104,0,0.0029127883479897,0.00287063808155879,0.003150320065659284
2105,0,0.0010277370481657,0.0007034591029913227,0.0006891965562845413
2106,0,0.0003359381650366,0.0004264840794076844,0.0005368679072196939
2108,0,0.0008505766834781,0.0009715785447792626,0.0011201305850531943
2109,0,0.0003832309112296,0.0004257449685109896,0.0009072167181348922
2110,0,0.0003413261369485,0.00042739573490186854,0.0005442139702658011
2111,0,0.0002396481580028,0.0003149996675409822,0.0007239771471661705
2112,0,0.0007402868845772,0.001189392540877959,0.0015484378022414351
2113,0,0.0005672627205138,0.0008339673083880865,0.0011377260380452427
2114,0,0.0005151692958677,0.0006623255670753943,0.0013029393331560827
2116,0,0.0014663506477696,0.0012551431817513583,0.001579127403782463
2117,0,0.0014321779896434,0.001758870621375688,0.002280496382169057
2118,0,0.0008680136302917,0.0008562930870092786,0.0014115982742814819
2119,0,0.0003757277191962,0.00038701584143960576,0.0008774404689882209
2120,0,0.0005208925885102,0.000564395035757269,0.0007299962478116597
2121,0,0.0005028303677574,0.0005341788528335666,0.0013287367713110813
2122,0,0.0006220978944548,0.0007964943838596654,0.0009156968769146259
2123,0,0.0006860718412441,0.0007294749655997543,0.0008455101940161706
2124,0,0.0005669651298306,0.0005784224777224787,0.0007687925501004467
2125,0,0.0009619805184787,0.0008835777519818817,0.001239261681639064
2126,1,0.8368678803387486,0.8135110494478357,0.8263495997456566
2127,0,0.0004044130482626,0.00041414406795611813,0.00083733637657134
2128,0,0.0006598712267359,0.0008909128130289998,0.0011070684323440019
2129,0,0.0006568782254743,0.0008963857702069979,0.0011404620915743248
2130,0,0.0007371894982256,0.0007972785425564393,0.0008407422370665457
2132,0,0.0014427294204057,0.0014757970938907095,0.001539429367493958
2133,0,0.0011135415536415,0.0025879747922787685,0.0015797088904183345
2134,0,0.0004653439425584,0.0005442752776242964,0.0010215599986098777
2135,0,0.0008340996519987,0.001008402567823972,0.0010359635303709926
2136,0,0.0007764833198169,0.0008752472039878869,0.0008577316579949447
2137,0,0.0005107136176067,0.000556185987032134,0.0005986617494537216
2138,0,0.0008495815635979,0.0010078388217075965,0.0011917503793021783
2139,0,0.0009534026563325,0.0010973250098968849,0.001081155845689705
2140,0,0.0011165954966682,0.0011384839638682103,0.0013848119435842113
2141,0,0.0011976562262579,0.0011950800250617143,0.0014583867143972407
2142,0,0.00135388684912,0.0007867581047767828,0.0009324926422467738
2143,0,0.0098503829127152,0.006559793408089341,0.012352470051651404
2144,0,0.0011380364928887,0.0015693247838220702,0.001938105388369043
2145,0,0.000590944866496,0.0006399716505119811,0.0011062379794043752
2146,0,0.0048612432517109,0.002980719083065497,0.004737943432191365
2149,0,0.0005206827273645,0.00045785335407819486,0.0009739812614812258
2150,0,0.0006932258921163,0.0007968044491409561,0.001020363039585707
2151,0,0.0007072839452432,0.0007132335670831326,0.0007681577730632938
2152,0,0.0019136750652177,0.002865719561115095,0.0022141279464042555
2153,0,0.0085481172254431,0.0115987160971771,0.011091301619584408
2154,0,0.0021130573446516,0.002544383729889512,0.0025588608838257513
2155,0,0.002766754188544,0.0035783230757467427,0.0024225573826983414
2156,0,0.0073509683498558,0.00660370229632274,0.008097993442418789
2157,0,0.0048903938566782,0.005689368271067878,0.0041953014840642525
2158,0,0.123413853180243,0.1354961250239552,0.11739665154937032
2159,0,0.0374798797784525,0.04076408999176315,0.04008398397881664
2161,0,0.026366113948998,0.022459790039130706,0.022955347527875022
2162,0,0.0388088414949228,0.033924753090369054,0.04178545417477576
2163,0,0.0381332295874692,0.03448028563637799,0.031321117781135575
2164,0,0.0665263838640665,0.06252125800111649,0.05269389566495249
2165,0,0.0311684408731569,0.024227329060870564,0.024028522899632462
2166,0,0.1487393012729863,0.15401518356630686,0.20282908656834203
2167,1,0.2077360593299714,0.2202956992285738,0.1848510590893742
2168,0,0.0003690462898089,0.0004887482853905047,0.0006985359984790476
2170,0,0.0011492120832308,0.0014125390774726019,0.001370564293736972
2171,0,0.0004660442257377,0.0004983318933424745,0.0005498882950248756
2172,0,0.0002976752133464,0.0003566932224544258,0.0007707342319917282
2173,0,0.0008033696770145,0.0007959429220727057,0.0008934935326641173
2174,0,0.0002233478372453,0.0002868287399931849,0.0007022594446802184
2175,0,0.0004390702449951,0.00043623961270331446,0.0006475500573230694
2176,0,0.0004286343520824,0.00042866000245024224,0.0006249975035125608
2177,0,0.0015234644649943,0.0017640754437137462,0.001763284130229748
2178,0,0.0012018918633763,0.0011781200119453277,0.0021198617211207796
2179,0,0.0004297581916231,0.00043328157738745424,0.0006388215824610984
2180,0,0.0005058099376706,0.0007322373672461972,0.0007191072266266255
2181,0,0.000504748370844,0.0007147639093032621,0.0007604543155919093
2182,0,0.0005176664513751,0.0010992159526085963,0.0007339076686093806
2183,0,0.0065222038692255,0.009851102954504774,0.009183308203802783
2184,0,0.0004133865181721,0.000406456465975857,0.0006157761376261605
2185,0,0.000454990281566,0.0004407840783146325,0.0006347907598101533
2186,0,0.0002663468558725,0.0008949705027118378,0.000750458186596601
2187,0,0.0005487609738676,0.0007546050130055762,0.0008983783539616737
2190,0,0.0002641169720971,0.00029213885243390786,0.0007201609626656024
2191,0,0.0014008631728538,0.0009171771935435366,0.000916043465853795
2192,0,0.0005810350889145,0.0006063126289850228,0.0006237858913013577
2194,0,0.0005677351928525,0.0007412869925989201,0.0007443592614532024
2195,0,0.0003620934186172,0.00036256744043810233,0.0008005363152809582
2196,0,0.0006005550797862,0.0009241437361825046,0.0010132781095807057
2198,0,0.0012886779899915,0.001524276239546988,0.0016943666252585614
2199,0,0.0005648887084227,0.0006589686714805127,0.0009033951006785659
2201,0,0.0004566112361258,0.0006618237405422872,0.0008631897964928186
2202,0,0.0005216518695668,0.0007315774446848749,0.0007208620269881726
2203,0,0.0005543086774505,0.0007830131593302915,0.0007553358868692603
2204,0,0.0004648309641344,0.0006371324169075977,0.001904068043011532
2205,0,0.0020962227576176,0.0028677039197295,0.00322659075106799
2206,0,0.000520878615265,0.0004948973778566631,0.000699026604242825
2208,0,0.0004116056646055,0.0004960782105741707,0.0009273518046929998
2209,0,0.001047335898222,0.0010930315834341252,0.0011089466068110547
2210,0,0.0011691392494504,0.001590206071464155,0.001467595504069037
2211,0,0.0015519198838056,0.0018947170221553578,0.002098823064534783
2212,0,0.0148195066930465,0.017126511143597596,0.022399137303517384
2214,0,0.0007209356026082,0.0008580875990255865,0.0008813040155798678
2215,0,0.0035140102476065,0.004334399526991202,0.00507165732577885
2216,0,0.0008667574952815,0.0009221313421565897,0.0009528540657477467
2217,0,0.0007643167175949,0.0015953704750282932,0.001132382107005227
2218,0,0.003257659816968,0.002500372100068167,0.004104227997336474
2220,0,0.0025345904281301,0.0020884610657490683,0.002500668126291145
2221,0,0.0012663639768406,0.0007362168487049734,0.000972936636705743
2222,0,0.007547303315724,0.01074399358955654,0.012710424240286702
2223,0,0.000820916267332,0.0009917220343040754,0.000986954173752246
2224,0,0.0007726252898569,0.0012997471304359589,0.0013156065981153606
2225,0,0.0006054995892888,0.0005935925378896009,0.0007761164599431552
2226,0,0.0009431463435033,0.001044192146118744,0.0012687136505691115
2227,0,0.0116055945094734,0.011118566292363704,0.009220475834627163
2228,0,0.0011593720307236,0.0018460486796294212,0.0014218237445199219
2229,0,0.0008220166448468,0.00098775714575417,0.0015891177328710556
2230,0,0.0007267822664557,0.0019046668907975917,0.0011049331251616877
2231,0,0.001829690355995,0.001878742166425894,0.0018797805115679405
2232,0,0.0021673564581933,0.001777626167674944,0.0035943735705564034
2235,0,0.0007827924900338,0.0007205710818822576,0.0009824873185044296
2237,0,0.0005328176941961,0.0005623124775270068,0.0010881791010159951
2239,0,0.0009259314063243,0.0009282985897642905,0.001378568545753156
2240,0,0.00214702785715,0.001608387821470431,0.0027985962104672304
2243,0,0.0181040532383182,0.01940068571891956,0.015013826559371774
2244,0,0.0139278906945095,0.007358431805293785,0.011196615914525846
2245,1,0.0062146145820411,0.005760770486541849,0.007620458611487128
2246,0,0.0046571542437175,0.007225704007035528,0.00728412853763166
2247,0,0.000508929889372,0.0005489873119347103,0.0010944909128653832
2248,0,0.0029129498102834,0.0035243212678855353,0.0040412000412264224
2249,0,0.0049818002289048,0.00807833608461229,0.006621041583823699
2252,0,0.0009569367455175,0.0009726828935168446,0.00098336718368518
2253,0,0.0005025595107659,0.0005308555234282393,0.0005855431588661116
2255,0,0.002867641127499,0.003446547200170211,0.00392185062272255
2256,0,0.0005290047063922,0.0005472480235081518,0.0011974765300780247
2257,0,0.0005269383582908,0.000731506430770266,0.0009995100070436694
2258,0,0.0012490231738861,0.0013385184846855275,0.003924338418406637
2259,0,0.0041650243072877,0.006277680311074433,0.007137460616458521
2260,0,0.0013709361188829,0.0014404111111902358,0.0015749515132742345
2261,0,0.000458406889899,0.0005365213650435968,0.000822003829572615
2262,0,0.0015013464431298,0.0019269519369793488,0.0016738502329005944
2264,0,0.0005309003927729,0.0005630318230357686,0.0006210804892835525
2266,0,0.0022314624071375,0.002317794495086763,0.003811515953527278
2268,0,0.0040766050719809,0.004200183623141217,0.004750477270269869
2269,0,0.0014798473693375,0.002687317140897977,0.0016141187868080986
2270,0,0.0033249142297621,0.004281637069578015,0.0063168291921531314
2271,0,0.00047344902361,0.0005687433954519785,0.0010534566884376232
2273,0,0.0003817389468811,0.00040968999765633013,0.0013850660693729311
2274,0,0.0005078025796542,0.000749826650350805,0.0018880582640642182
2275,0,0.0004038255455476,0.0006116314331221609,0.0008138294799258976
2276,0,0.0005400892308584,0.0005873902710898415,0.0006599613658643538
2277,0,0.0011638782265722,0.001777252184505259,0.0023598118882179786
2278,0,0.0013089605428189,0.0012469865074862508,0.0016089348737559042
2279,0,0.0005930633131325,0.0008613758553118344,0.0009037981538517581
2280,0,0.0005816297772907,0.0008311992999620913,0.0008813068249718157
2281,0,0.0023761200334699,0.002578364929165658,0.0023462466081006226
2282,0,0.0005772775441521,0.0008444019981523046,0.0008690009661326526
2285,0,0.0014118715837276,0.0017985101593366861,0.002155402360336531
2288,0,0.000759129706633,0.0011672163134629487,0.0010751390411564764
2291,0,0.0022494221923709,0.0034351228771357014,0.002589989807283546
2292,0,0.0021010582011524,0.0010589081705624514,0.0014577267724439288
2293,0,0.0008286406716932,0.0008864041490129162,0.0013983490220758313
2294,0,0.0007192209673994,0.0008720821707304586,0.0010491272964663974
2295,0,0.0007289099743845,0.0007776414938345134,0.0008599582093517639
2297,0,0.0005774889344789,0.0007374819783221597,0.0007787189984772995
2298,0,0.0011671104406129,0.0010619729159366343,0.0011355566668328797
2299,0,0.000729613895202,0.0009097310569226695,0.0016370447366549161
2300,1,0.9231734846080236,0.9109933872860374,0.9162556167548801
2301,0,0.0033742430979293,0.0043400120943489825,0.004844518143344399
2302,0,0.0006415073956073,0.0008684489194237378,0.0009195002700674814
2303,0,0.0004508626839304,0.00040383169114261303,0.0009425338219042824
2304,0,0.0026721216696504,0.0036311914826503916,0.0039001133094168933
2306,0,0.0025860911892232,0.002821627532210674,0.004833502315158873
2307,0,0.0034666729322771,0.005665251754224714,0.005801409206849059
2310,0,0.0007532729840841,0.0009345002119011678,0.0010957135194276345
2311,0,0.0020605583967273,0.0011323602487814358,0.001210642086103275
2313,0,0.0010712635013264,0.000989004180167672,0.001483184422252121
2314,0,0.0007568165789104,0.0008228576729368779,0.0010134031266886246
2316,0,0.0015066229967305,0.001247927991666635,0.0018799870251086296
2317,0,0.0007230071674787,0.001881576426920555,0.0014239834803444111
2319,0,0.002802416102089,0.0042107203716835314,0.0037942590988124733
2320,0,0.0010875756371754,0.0026530205642977343,0.0028018565413270376
2322,0,0.0046928811624804,0.005216295617505059,0.005663075736765777
2323,0,0.0009339765519057,0.0009113870236034513,0.0013332005976958473
2324,0,0.001135671673987,0.0022982047506924803,0.0032389201851478217
2328,0,0.0807624873397434,0.08817123415533847,0.05992348947867929
2329,0,0.0297992286398073,0.030090576784162423,0.031367170587041165
2330,0,0.0421866827288803,0.04062446172562306,0.036014968636707494
2332,1,0.9646990225159852,0.9657912043179251,0.9586710569045991
2333,1,0.9514400626636916,0.9551955883403834,0.9561354340479518
2334,0,0.125292960473863,0.06690665343466506,0.08175226776334713
2336,0,0.0004477169157457,0.00047338078739714713,0.0006922050619954244
2337,0,0.001154979751211,0.001158342750426792,0.0016687780332424454
2338,0,0.0006201403795462,0.000767387755268797,0.0012032580601059812
2339,0,0.0005335508004209,0.002830201547478815,0.0025571943864836654
2340,0,0.0005711919295062,0.0007769060781021237,0.0009284187344474706
2341,0,0.0004605427924393,0.0010500899232942986,0.0007294946681166215
2342,0,0.0019177893788749,0.0016606505083651287,0.0019270947626896448
2345,0,0.0013428069024182,0.0039686693195998685,0.003767332481730547
2346,0,0.0005445132658142,0.0008413962013884909,0.001017360623207062
2348,0,0.0009438702644092,0.0008858921504309215,0.0013672961566377
2350,0,0.0004681269331362,0.0005894241475107419,0.0012295297832521943
2351,0,0.0008308218753802,0.0008071888579290878,0.0009871766881201552
2352,0,0.0011814895779616,0.001195246650649561,0.0017236910089865483
2353,0,0.0011939044110461,0.0011970547752333277,0.0015609699806360818
2355,0,0.00093323369434,0.0008697173085695559,0.0013571880455572922
2356,0,0.0038853271944864,0.004485817642127117,0.007468391467886318
2357,0,0.0005365318179753,0.0007135095545781807,0.0007612593823351227
2358,0,0.0005768904971145,0.000942758653027056,0.000912430362459199
2360,0,0.0008968126425548,0.0008717173668764486,0.0012731103762343627
2361,0,0.0016142544851089,0.0017608296407023638,0.001957763598700727
2362,0,0.0005884015254255,0.0006451587339113673,0.0007023824687849205
2364,0,0.000574707525384,0.0005949953113112212,0.0008157598981866541
2365,0,0.0025070620774959,0.003403103243503967,0.002724160659888666
2366,0,0.0004633604385706,0.0006166715574500571,0.001319664126884214
2367,0,0.0005309399367326,0.0007464706614602677,0.0018905465111886755
2368,0,0.0006015376215862,0.0008550471030576892,0.0020316130056428476
2369,0,0.0055735444144394,0.0063755161675347494,0.007075447652231174
2370,0,0.0004946574228649,0.0005826093038375744,0.0012725851588664188
2371,0,0.0002891910475358,0.0003151517495205672,0.0007490051777139023
2372,0,0.0015022714732646,0.001650792226628266,0.0015969748608069393
2373,0,0.0018387579273753,0.0021373413479285094,0.0021568184092197167
2374,0,0.003287784469738,0.004335200165466911,0.005333707086536894
2375,0,0.0005754074643551,0.0005988392025948715,0.000811033298436234
2376,0,0.0014436807015945,0.0008238548997753764,0.001586166477789172
2378,0,0.0006448402521375,0.004707489440687985,0.004314950351725716
2379,0,0.0031924903936546,0.002776035136725552,0.00488954132875612
2380,0,0.0014190936171515,0.0010319901968846425,0.001573192810317492
2381,0,0.0029751978091882,0.004166269612830182,0.005130371400352517
2382,0,0.0011492262369846,0.0014582162239459428,0.0028248569841357353
2383,0,0.0007220899183303,0.0007420553368628169,0.000943408972951771
2384,0,0.0011374972480399,0.004088500938132234,0.00205780867591694
2386,0,0.000561954514729,0.0009012261382134951,0.0010274941044537667
2387,0,0.0006152975628035,0.0012321930037251056,0.0015268989518995623
2388,0,0.0007088861881321,0.0009362716801111057,0.0009595410814329059
2389,0,0.0008117295107011,0.0012393437151753052,0.0012549188901258227
2390,0,0.0017587921462513,0.0015561076754240654,0.001719201114294507
2391,0,0.0004210319427557,0.00040133957021311556,0.0009238863788242752
2393,0,0.0023346681489345,0.0028735716501422327,0.0034476777793470874
2398,0,0.0005552758406855,0.0006847126298398272,0.0008140784063227903
2400,0,0.00096468243283,0.0010501836077681662,0.0013854043806451326
2401,0,0.0011020236938738,0.001734069085884354,0.0017073667830934287
2403,0,0.0039019357971531,0.004867915263041003,0.005364663113775234
2404,0,0.0010329261448059,0.001071162481928688,0.0009918275855916956
2406,0,0.0007872903872526,0.0008423959666283811,0.0016101972441096605
2407,0,0.0039677237497478,0.0031784945266140068,0.0023888102201868695
2409,0,0.0018274476744615,0.00255517229151309,0.0027551606770907216
2411,0,0.0008529573641271,0.000929300873367712,0.0013551014936298408
2412,0,0.0010939402617194,0.0031100968930370654,0.0017829870039910683
2413,0,0.0034353058444523,0.0028388540498004242,0.004951194977499025
2414,0,0.004383787795514,0.00579993251939889,0.003640726314286317
2419,0,0.0002560448190469,0.0003113761123775448,0.00073443125631649
2420,0,0.0019183049368509,0.0024690348453084926,0.0028444999571637206
2421,0,0.0007101592099961,0.0007944356338890328,0.0008370500586138459
2422,0,0.0033861906193652,0.0024377570266577425,0.003604195162391123
2424,0,0.0010928342803685,0.0010148749185492256,0.0013921362132959857
2425,0,0.0005064859985995,0.0005669615250821021,0.0007486432799530047
2426,0,0.0011720690647459,0.000815221664965407,0.0009965476121762964
2427,1,0.9296567023095004,0.9357702678704356,0.936274575627704
2428,0,0.000398339131352,0.0005900356640341648,0.0012880808019884364
2429,0,0.0030286975432265,0.004062346848969157,0.0031880548015248795
2430,0,0.0013177374709551,0.0013968024332300182,0.0014426378693255376
2431,0,0.0029341658756115,0.003622829783775074,0.0038071487345277045
2432,0,0.0003681081837437,0.0004430642233748713,0.0009551861072760794
2433,0,0.0005125155608054,0.0006874351513866969,0.0007646340266988114
2434,0,0.0003998963345996,0.0004747416427277662,0.0009914804456754478
2435,0,0.0015309786924641,0.0020991577581204244,0.002743972475712192
2437,0,0.0005207481272853,0.0007225936712948256,0.0007791292882494634
2438,0,0.0008374000584067,0.0008142150313883529,0.0012437924747395902
2439,0,0.0048624841837158,0.004625454611577741,0.0051188565686467674
2441,0,0.0009117460812449,0.0013699809549933286,0.0017737632078662587
2442,0,0.0005481315059898,0.0007653710104456667,0.0008042841822175858
2446,0,0.0059615593031028,0.004541417691925529,0.004998692515188778
2447,0,0.0016008953865199,0.0013898323824396307,0.001588140392379237
2448,0,0.0014938898610277,0.0016568810167060534,0.0015325232662819557
2449,0,0.0009952808584368,0.0008404562929392742,0.0012328398527760402
2450,0,0.0005275469215839,0.0005774379434542387,0.0007270766355986885
2452,0,0.001199274659434,0.0009230260885789644,0.001054740590801261
2453,0,0.0026565529825326,0.002244317093976319,0.0019705643847793886
2454,0,0.0004179731407471,0.0011174473063480757,0.0012162954670646869
2455,0,0.0003684500450408,0.0005495399654948561,0.000793443635811277
2456,0,0.0007940607144191,0.0011081128334480255,0.0012036985802835183
2457,0,0.0005245776266069,0.000497768950639806,0.0007235173480486324
2458,0,0.0004603836106139,0.0004636843021176956,0.0006362389597137739
2459,0,0.0007916444220867,0.0011080559185888033,0.0010845505409231536
2460,0,0.002023412278636,0.002481029242189507,0.0035339969154175605
2461,0,0.0006480032679687,0.0006523098156917609,0.0008101112472351899
2462,0,0.0005707414643947,0.0007693029426389286,0.0008028781605442172
2463,0,0.0003299657952915,0.0003633054684931003,0.0007917292129641306
2464,0,0.0004340580638804,0.0005697916607465254,0.0007786570186171239
2466,0,0.0004403155727567,0.00048368763949860306,0.0006189514976380262
2467,0,0.0007129264845478,0.001085259590064021,0.0014716858856575381
2469,0,0.0004725752530206,0.0004630460750434948,0.0006941462782127731
2470,0,0.0005546842002078,0.0005770870761906469,0.000803437247060674
2471,0,0.0005748189735366,0.0006422791175579145,0.0008908652485801955
2472,0,0.0022010251452857,0.003738881728059379,0.002494962954253764
2474,0,0.000846155020241,0.0009911353050980408,0.001074464059209732
2476,0,0.0005651958424006,0.0006418039322068118,0.000831639103480969
2477,0,0.0007107283253595,0.0007729704210719191,0.0009834825486364092
2478,0,0.0022972468090105,0.0024098772731897524,0.002996956056464156
2479,0,0.0006119343842964,0.0007519717428094955,0.0007895092306546537
2480,0,0.0007216281711527,0.0013565126116372513,0.0015189623517041467
2481,0,0.0006571794454651,0.0008159634517672788,0.0008930361435385126
2482,0,0.0026726453137025,0.00323051008693785,0.003995724915788189
2483,0,0.000610236888038,0.0008020038893282726,0.0007864279184009107
2484,0,0.0010177965112029,0.0013506775862814993,0.0015079058050261318
2485,0,0.0006532469446016,0.0008929543112421463,0.0007586201886080716
2487,0,0.0008841026941179,0.002397422113514789,0.0017236884017524344
2488,0,0.0005021489620716,0.002241656622253609,0.0014100577295616912
2490,0,0.001071534905115,0.0007301611183987977,0.0007123347389949577
2491,0,0.0019334435613331,0.001021291551836124,0.0021362400529569285
2492,0,0.0013038301809853,0.0015228194011012305,0.0020183383897211856
2493,0,0.11751960022359,0.09253867225433185,0.10367439622047996
2494,0,0.0235019235461624,0.01794584484874112,0.013613421527250306
2495,1,0.9098433764636442,0.9220318255547559,0.9277994779173032
2497,0,0.0170615599373747,0.015395535553478033,0.01496967288309541
2498,0,0.0149631735365315,0.011802929539310433,0.011870534445219294
2499,0,0.0364293995446936,0.03953691047392162,0.047744781942915274
2500,0,0.0853519298620452,0.05129783866234369,0.056024011728607076
2501,0,0.0882626560845949,0.07417353136569152,0.06875010351515787
2502,0,0.0832804407475841,0.06480666854883783,0.07635211624069832
2503,1,0.879827212644384,0.8614074641218548,0.8874251909278215
2504,0,0.0011304713344624,0.0011255643050416496,0.00144100407658456
2506,0,0.0011203300417302,0.0025305045542794355,0.0013226833944983678
2507,0,0.0005096578680344,0.0005223920455891282,0.0005810172347748239
2510,0,0.0004484662036566,0.00045807591466134965,0.0006421237571188461
2511,0,0.0013708017603791,0.002638623530755753,0.0030883477523336433
2512,0,0.0003184179906924,0.00039367866467204153,0.0005015405605714084
2513,0,0.000520456091547,0.000734757823659695,0.0007557127442381606
2514,0,0.0004440501031687,0.0004397702351963986,0.0006374073117215607
2515,0,0.0005284474184159,0.0008914734209402774,0.0014153718331954591
2516,0,0.000301030578559,0.0004393618783922436,0.0005978074327150674
2517,0,0.0004692496823431,0.0004843987552000057,0.0006525022728129899
2518,0,0.0008509652650951,0.001123105734588535,0.0015740405277734969
2519,0,0.0007647223285917,0.001008240817222294,0.0009396295311097359
2521,0,0.0004185603166635,0.0004357171381241901,0.0004695256971451932
2522,0,0.0002158182635674,0.0002908076019210924,0.0007028505161258968
2523,0,0.0005020103428026,0.0007273952883561983,0.0007383004838464334
2524,0,0.0002103706308391,0.00029050708789345495,0.0006928678177250522
2525,0,0.0011803804917487,0.001197517516759596,0.0012068688709945823
2527,0,0.0002532889985112,0.0003666325060469035,0.000774639824991104
2530,0,0.0004262469803234,0.00043307283116663926,0.0006174829011955384
2531,0,0.0015479915388739,0.0016502484333072713,0.003797792153068308
2534,0,0.0005159792730007,0.0005683682540916874,0.0006273470691267916
2535,0,0.0004277807661531,0.0007151079413917152,0.000865444604224078
2536,0,0.0004897177320823,0.0005132618409551976,0.0006969000978631456
2537,0,0.0020537300176236,0.002040013878417603,0.003198516764368104
2538,0,0.0029801509502317,0.0036599871107319674,0.004092381124273755
2539,0,0.0013569340476603,0.0013587602381974807,0.0013940842953262238
2540,0,0.0010045397118437,0.0008618703658258967,0.0012127279581514777
2541,0,0.0004502589112996,0.000518563702369461,0.0006908668383051791
2542,0,0.0005156338503542,0.0006125634535090226,0.0007365262364202377
2543,0,0.0005104009581776,0.0005183710871335917,0.0007010162560620976
2544,0,0.0007382641988645,0.001047662942772553,0.0010008008505174616
2545,0,0.0006706521276122,0.0014538926027838643,0.0016283125804260044
2547,0,0.0004262835967051,0.0005529479675163692,0.00062034458606666
2548,0,0.0004255618564009,0.000565028325080184,0.0006067036373702308
2550,0,0.000375885033476,0.0003864041123435385,0.0008169784314785434
2551,0,0.0026421739346474,0.0035948510210150834,0.0032655996749565205
2552,0,0.0005318236226435,0.0005154025056438401,0.0006961802325626729
2554,0,0.0005107194249028,0.0004958860782753919,0.0006951788898683511
2555,0,0.0005457499901038,0.0011046571571136769,0.0007424976781218603
2556,0,0.0005107704781062,0.0007581662177581893,0.0007218226781377534
2558,0,0.0010335463149325,0.0005451204595462351,0.0010489199311608005
2559,0,0.0009258711979743,0.0008720185060248468,0.001022100053388121
2561,0,0.0089863640056789,0.0102188184322654,0.010898738738027252
2563,0,0.0005341396533293,0.0006421545592520907,0.0006132734276768309
2565,0,0.0006741335000539,0.0014466292530105214,0.0009419255522306717
2566,0,0.0022954253295159,0.0021008323943927966,0.0028831976567210292
2568,0,0.0007627586057464,0.0009153790220732267,0.001039750640651692
2569,0,0.00063204384504,0.000849594238438263,0.0008580608543415367
2570,0,0.002548732044942,0.001447769108974696,0.0016524605015778883
2571,0,0.0061692162708764,0.0072841092190482825,0.006487457337930502
2572,0,0.0006571510403398,0.0007083954999554713,0.000846698730661447
2573,0,0.0025658747419569,0.002641060611121179,0.003627045252556793
2574,0,0.0006529496063443,0.0006438430422504205,0.0008172073527961353
2576,0,0.0018182851379619,0.0019201056548243188,0.0018611141845549244
2577,0,0.0007098209574615,0.0009244104279578898,0.0007276516890036448
2580,0,0.0009094017091082,0.0011469482609893704,0.0014082188756696862
2581,0,0.0030010018045983,0.0029272970771775397,0.003242147658536475
2582,1,0.9460115276676568,0.950646034518613,0.9506728549493297
2583,0,0.0006736447259333,0.0007392886353129072,0.0008138667977895744
2584,0,0.0017334596439441,0.0022110663043828378,0.0021342373584772477
2585,0,0.0018050406137082,0.003094325636647732,0.002823069703286287
2586,0,0.0009083898375322,0.0012517561983112113,0.0011333633454797911
2587,0,0.0041010983008413,0.002756092174607264,0.0024021314062204913
2588,0,0.0300727078269724,0.02751341246172344,0.018473491756937993
2589,0,0.0444174758145376,0.028323739572503136,0.03276684246588801
2590,0,0.1225289725785485,0.10768035707228168,0.10638887369898764
2591,0,0.0008773781134546,0.0011789863202039124,0.0020994462400707172
2596,0,0.0002160790149984,0.0002800998730063144,0.0006910719146062908
2597,0,0.000530090575018,0.0006922797325633289,0.000960492842528641
2598,0,0.0004606337371455,0.0005138566526917048,0.0006989129997480471
2599,1,0.9721476233471738,0.9719318623091988,0.972381088330251
2600,0,0.0005297520478219,0.0007194202104123419,0.0007593094420679115
2601,0,0.0012233421063245,0.0011585370236757422,0.0014246347940319003
2603,0,0.0007536535547342,0.001006705229331189,0.000849246590534248
2604,0,0.0021281683658036,0.003251283154580757,0.003141042338616977
2605,0,0.0005258875679099,0.0007760916628623312,0.002015584505754882
2607,0,0.0003628707532951,0.0004852406599972613,0.0006025413700500223
2608,0,0.0005288752004604,0.0006984761575169058,0.0007069362594828558
2610,0,0.000223673575123,0.0003003796576622353,0.0007141975979135771
2611,0,0.000468371192251,0.0006599895798124399,0.0006729874070047271
2612,0,0.0007159371271748,0.0011254063748714325,0.001115543760087586
2613,0,0.0142920449902878,0.020629986043688764,0.028840327075535008
2615,0,0.0004524012058776,0.00046114444599454737,0.0004897066126160224
2616,0,0.0002681387197699,0.0003600906428221308,0.0007938420083257574
2617,0,0.0209059164467299,0.017723932774958897,0.021582084829653247
2618,0,0.0003123321606901,0.000470785223781321,0.0005647435561984681
2621,0,0.0003617865351566,0.0004761999544575945,0.0005804324374163176
2622,0,0.0004701564294801,0.00044944679135407574,0.0006376318447057876
2625,0,0.0033352372107981,0.005673649857819841,0.0030780964658121603
2626,0,0.0017083014950359,0.0021033271989948,0.0019769344560527017
2627,0,0.0005285370997853,0.0007332673271712511,0.0008639592729946211
2628,0,0.0031263147762731,0.003859808345063345,0.004219009766040941
2629,0,0.0005234103623393,0.0005504381423315534,0.0010348904540308493
2631,0,0.0018736671231126,0.003189404037457447,0.0032662596962011628
2632,0,0.0005382045156171,0.0005097916706961961,0.0007023746057445233
2633,0,0.0005882365603683,0.0006001457589706539,0.0008058122030761708
2634,0,0.0005552121612561,0.0006008568278804507,0.0006940116892222756
2636,0,0.0012186029113371,0.0008603097009292154,0.00078578999371275
2637,0,0.0049253496166059,0.005917187432393331,0.006846274490257247
2638,0,0.0024085284715291,0.003335051151294541,0.0025843509648972567
2639,0,0.0008619227800574,0.001388152867222268,0.0012995062892394095
2640,0,0.0016437027603893,0.0019099384959267278,0.0018847114897279815
2641,0,0.0037699613082366,0.00474127937643108,0.004962017410049346
2644,0,0.0015267980792626,0.0020852469619754843,0.0017514833469120055
2645,0,0.0005650933759292,0.0004456412637691698,0.0009461595504185118
2646,0,0.0007223253139477,0.0009259868057047795,0.0010757968027509503
2648,0,0.0008473242927125,0.0008262637062586695,0.0013879243304885571
2650,0,0.0008136245749802,0.0009473054728616078,0.0009784182351907356
2651,0,0.0028367440636712,0.0031398323685097153,0.004074114423167845
2652,0,0.0009505248468184,0.0022974015555127804,0.0012925790637715942
2653,0,0.0027118567496521,0.0024992336756181443,0.0018473621936689476
2655,0,0.0007343103606757,0.0005367278788797142,0.0010763155773847344
2656,0,0.0066641507996059,0.003873423721070529,0.005107929219130596
2657,0,0.0023594090262107,0.003629477020341363,0.002815606472028481
2658,0,0.0018915149461968,0.0018276268539179565,0.002403861477228092
2662,0,0.0011101499248552,0.0010149535466734527,0.0012276789548439952
2665,0,0.0008276252449338,0.0013116671111397607,0.0010810230713477606
2666,0,0.0070821066142922,0.006178353052778978,0.006643290959323429
2667,0,0.0369194408506469,0.03510472893137574,0.03591213964376622
2668,0,0.0310257286157952,0.021477539364022958,0.020811648230559684
2669,0,0.0180983465962328,0.01991459136217226,0.01653938387941162
2670,0,0.040465915074653,0.038789699344235776,0.04062951841897905
2671,0,0.0142908731049299,0.012964735053932072,0.011727849233799457
2672,1,0.018922416986071,0.012201782767355314,0.011641126126236644
2673,0,0.0008791124956463,0.0009223186069469245,0.0009323594463961583
2674,0,0.0004221070945156,0.0005114223795631009,0.000736490681881525
2675,0,0.0003051806672649,0.0003414200587910025,0.000765344077384324
2676,0,0.0004557211569078,0.0005735701157129133,0.0008116623499249149
2677,0,0.0002758116314743,0.00032735705706759074,0.000745763237877899
2678,0,0.0004911253604051,0.0005336901393949523,0.0005887519015778616
2682,0,0.0005610266549159,0.0006992359949056096,0.0008728265718145217
2683,0,0.0037056821244431,0.0028168579949374114,0.0044351916628125945
2684,0,0.0005176024703683,0.0005345621216339649,0.0007236208898368963
2685,0,0.0003812246600135,0.0005701026187410625,0.0007841664580770338
2686,0,0.0005454601591147,0.0005662810387187288,0.0006306773614966673
2687,0,0.0006506493694713,0.0008630705586396676,0.0011814234787693022
2688,0,0.0031381447173208,0.003872121073576433,0.004381426836027262
2689,0,0.0031085684076086,0.004704394952317203,0.004614229524776645
2690,0,0.0009242013211303,0.0008893505964759469,0.0009670009106623905
2691,0,0.0007869363447412,0.0010584474540616257,0.0012363287325292574
2692,0,0.0004606842079613,0.0005331659788768849,0.0010382648622017294
2694,0,0.0005202465405132,0.0006754685463190959,0.0008463293879947392
2695,0,0.0005294109209272,0.0005959173559398775,0.000618405835289011
2697,0,0.0003668771980254,0.0004309976954609551,0.0008464974463088505
2700,0,0.0108029293522536,0.009251372981217136,0.014657662144115033
2701,0,0.0005228207372897,0.0005797368127339654,0.0006206419163561863
2702,0,0.002112604078016,0.003291568089543899,0.003137949499522122
2703,0,0.0005304542952972,0.0005271859608328867,0.0006848999299946306
2704,0,0.006177855394292,0.006999522374325474,0.009061681637146034
2706,0,0.3905600796449089,0.34895322105319365,0.3590307030391714
2707,0,0.0002857577970512,0.0003548285689438586,0.001337447024337819
2708,0,0.0005649499897729,0.0007771125204940195,0.0007699963269366253
2709,0,0.0062600359391508,0.0063945116431313375,0.009166285447802134
2710,0,0.0004710947737797,0.0006359397211549021,0.0008359065099743299
2713,0,0.0032405400024182,0.005218191845646053,0.004416476871512877
2714,0,0.0007896733112957,0.0014164774571123642,0.000848739152363361
2715,0,0.0026892277164308,0.0026957768999068842,0.0040997241143700385
2716,0,0.002310753716877,0.0024265150615398875,0.003948326204231444
2717,0,0.0005986599597343,0.00188048707832516,0.001344899161393338
2718,0,0.0013343915417429,0.0011777550265219061,0.0014912500370766828
2719,0,0.0024457476486423,0.003277881002686226,0.003139086671658316
2720,0,0.0005477717348508,0.0005407790960873214,0.0007610124155465009
2721,0,0.0005197856652481,0.0005456676026701247,0.0009568023842359055
2722,0,0.0005808609655714,0.000549903021337818,0.0007933557532161711
2723,0,0.0005442380331063,0.0005087057296949974,0.0007144015028741603
2724,0,0.0024949096643557,0.0029002002799080997,0.0031780938121098636
2725,0,0.0005939035568893,0.0007230077693996393,0.0013585354985199412
2726,0,0.0005537737035573,0.0005023635033502055,0.0009572701601238079
2727,0,0.0009269574565314,0.0012528745148103772,0.0014801718536085848
2728,0,0.0011242533265399,0.0011952948811127923,0.001242896211659546
2729,0,0.0014454636803211,0.0010487875993599695,0.0029330266151507845
2730,0,0.0012518056365227,0.0016072002844662822,0.001741971423185568
2731,0,0.000939002408988,0.0012866693537775034,0.0016901191359638863
2732,0,0.0005548031323543,0.0005908359871059754,0.002083664244777482
2733,0,0.0025985646922789,0.003686927746240349,0.0027402426786041247
2734,0,0.0010680703796154,0.0012960245769388261,0.0012341067836812002
2735,0,0.0006990291945484,0.000834781997961249,0.0009553800200387815
2736,0,0.0013950918733384,0.0016273973948029436,0.0015782395353194114
2738,0,0.0008476482068454,0.0007997961929961131,0.000994594731936655
2740,0,0.0006454315841711,0.0005206884957301391,0.0010209637429614885
2741,0,0.0006233002673624,0.0006697974671440244,0.0006876313652842306
2742,0,0.0016603678398942,0.0022705885205413245,0.0024651190900755486
2743,0,0.0035790282718319,0.00453147791724932,0.005297508077773975
2744,0,0.0008017370723401,0.000786332269131336,0.0010856098351338676
2745,0,0.0061434637461856,0.008678126397465761,0.009072620343899359
2746,0,0.0005963806713223,0.0005703286094360429,0.0007317413552411531
2747,0,0.0009421516660983,0.0009493160315575637,0.001529942275376334
2748,0,0.0010190686842306,0.001095882599262621,0.0013253571672916533
2749,0,0.0006072389955145,0.0006759632470401682,0.000730930289487159
2750,1,0.000780020726554,0.0007540134051010494,0.0010716666925570796
2751,0,0.0010334488239858,0.002121752105302288,0.0011574157328715126
2754,0,0.005182190321697,0.005002063527954587,0.006113813777074565
2755,0,0.0014233678415388,0.0013979032512867883,0.002167036881243419
2756,0,0.0063543913002135,0.003419652074170431,0.005678776357467856
2757,0,0.0081823116128398,0.006662550742897535,0.004476524298850891
2758,0,0.0435713150219183,0.0584667258905414,0.056458891730364016
2759,0,0.0216181102397829,0.026052136336813234,0.024556229470755916
2760,0,0.0282024895920866,0.02857786892221654,0.0255156199238781
2762,1,0.9839796531095646,0.9866863844271011,0.987763051430434
2763,0,0.0291952646741457,0.0298845118825683,0.026046585252788603
2765,0,0.0011859067553607,0.0012491863495757687,0.0015505241529042983
2766,0,0.0007017360927216,0.0012878422673220872,0.002060561578405312
2767,0,0.0032486799451195,0.002772033714719192,0.003017745135508218
2769,0,0.0009504084426251,0.0009064410019167564,0.0009923070088418565
2770,0,0.0002761596625481,0.0003530429387954175,0.0007825816849099346
2773,0,0.0004920044906019,0.0005334316780630565,0.0005612496069722392
2774,0,0.0004706074923932,0.0006511672584539891,0.0013133231672055848
2775,0,0.0021553129078456,0.0023335357366529785,0.004590373145052908
2776,0,0.0006124646465018,0.002270885018491509,0.0013373758783800514
2777,0,0.0004001973350907,0.0005013045417228422,0.0008922885325031367
2779,0,0.0021903498540199,0.0031752673995161665,0.0023613841591367847
2780,0,0.0020222623859962,0.00255601842836109,0.0029839213623716943
2781,0,0.0006206879453508,0.0006698143650034319,0.000706664446719006
2783,0,0.0004548063287872,0.00045674963670921525,0.0006522965574050697
2784,0,0.0004674444623646,0.00046133894532005807,0.0006550356724773066
2785,0,0.0014161352586536,0.0014864664098955625,0.0015818907447703678
2786,0,0.0005846786474389,0.0007531810192937105,0.0011084839347512126
2787,0,0.0011219928527181,0.0005848456027545416,0.0007708066623644751
2788,0,0.0006066492295412,0.0006236989612935762,0.0008806139973709129
2789,0,0.0035472334579616,0.004576776420762086,0.005879392639749752
2791,0,0.0023722906706049,0.0024283224516441523,0.00369810522448634
2792,0,0.0011706734217741,0.001471990439959933,0.0015245704797665553
2794,0,0.0004819088097769,0.0005530646191665123,0.0011233298120450147
2795,0,0.0006062233747803,0.0006673028951468108,0.0006980462417197176
2796,0,0.0033250065166166,0.0063716810883890865,0.003528367438518753
2797,0,0.0005231578473575,0.0007479229741148558,0.0007705504163339034
2798,0,0.0016173423772972,0.0024868770734789757,0.0017667433974514878
2799,0,0.0005427586976979,0.0006018250293505865,0.0008246499956515764
2800,0,0.0011837806815465,0.0015996846403132064,0.001509416242566176
2801,0,0.0007611890577337,0.0007449897567616466,0.0008874890126431023
2802,0,0.0017278388269517,0.0014024710757531025,0.00267326322313206
2803,0,0.000984159911688,0.000905665892087691,0.0010776968698480364
2804,0,0.0023483645402125,0.003274417158611591,0.002551671701412101
2805,0,0.0005886264437288,0.0005469464777097994,0.000978193742625739
2807,0,0.0025147270971366,0.003603657589145285,0.003573478794665694
2809,0,0.0005532806285251,0.000764863829623701,0.0007599133054037819
2810,0,0.0005842711140735,0.0007194871206252405,0.000896558137161722
2811,0,0.0005630928225119,0.000604435869777324,0.000799073598609927
2812,0,0.0009888073521202,0.0015433399512887972,0.0010776094096228122
2814,0,0.0007828496906221,0.0009550373273732224,0.0011611459253300983
2815,0,0.0017786422628558,0.0024443238028302177,0.0028899182086028806
2816,0,0.0007478588653846,0.0007661629539952603,0.0015109087637849585
2818,0,0.0012643057926944,0.0013179889109122063,0.0014159616836559759
2819,0,0.0007468294018426,0.0006809101375509058,0.0015247386493470313
2820,0,0.0035543137620594,0.004618481271413929,0.00490873273967497
2821,0,0.0016409569065595,0.0017158631687628698,0.002342060357308114
2822,0,0.0018644785928264,0.0017252393889861223,0.002812224746033501
2823,0,0.0006242207187855,0.0008091611077910583,0.0008835946577253036
2824,0,0.0170310014292498,0.021268004652998267,0.02338463050686834
2825,0,0.0015248820900428,0.0010075068810742602,0.001583198107628206
2826,0,0.000841228289466,0.0016105707619167207,0.0011403456076018556
2827,0,0.000505903887023,0.000591783004768819,0.0009752999245908531
2830,0,0.000924123528217,0.000896409201232546,0.0011233443441277572
2831,0,0.0020949087609731,0.0023690186173924562,0.002604497326541323
2832,0,0.0006115027185057,0.0006580320394509586,0.0010152043055638004
2834,0,0.0079337277444229,0.004640365332213218,0.007382333747503671
2835,0,0.0058485547169024,0.0064514112722025094,0.006476919945937193
2836,0,0.0009520619833487,0.001021077583652961,0.0012935420503307963
2837,0,0.000942681374543,0.0026008299032303844,0.0017575099102571312
2840,0,0.0032258747738426,0.004140802205212648,0.00571805596363438
2842,0,0.0019176747206272,0.001572229447741881,0.003029929590530557
2843,0,0.0038193955088252,0.004098972057761913,0.005443349937599002
2844,0,0.0009857679731638,0.0015185525964058642,0.0014296480435044103
2849,0,0.1876497406894215,0.19264777351903956,0.173612168375185
2850,0,0.0402371059576191,0.03916375652853342,0.03680876529288742
2851,0,0.0530789070433017,0.03918229459434876,0.05224251439078499
2852,0,0.1080969947475912,0.09228763965686326,0.08662544972641381
2853,0,0.0341784497095692,0.034009575425705485,0.03572145005555634
2854,0,0.0224477294735948,0.023632843353544306,0.020301301041957508
2855,0,0.0224263539914877,0.024781639635503443,0.022962919415579656
2856,0,0.0191021771710429,0.020443091857677648,0.021932232731690367
2857,0,0.0182082334891552,0.01598247072178093,0.02156979800664245
2858,0,0.1154066217874088,0.09819977418502049,0.15847182659299897
2859,1,0.9659851589392248,0.9737290502704853,0.9773759763237548
2860,0,0.1564197220054644,0.12548902862972156,0.16032055797742795
2861,0,0.2854973018368653,0.2927640266400292,0.3391108053839765
2862,0,0.0686990883331739,0.07422187300442658,0.0849096395575548
2863,0,0.2271074084183461,0.2225639921287924,0.33690016807125966
2864,0,0.1071081781383006,0.11440193950231821,0.10870812532162245
2865,1,0.3776930402591264,0.38890047054377835,0.3690290451838114
2866,0,0.0004952037133115,0.0006418645333189031,0.0008915266564996044
2867,0,0.0052917316774909,0.0037868890238756904,0.005962144098201751
2868,0,0.0046010798468574,0.004184624390522591,0.003708591387214153
2869,0,0.0030444406988154,0.002653641569666694,0.004501723817459879
2870,0,0.0006249306273805,0.0006742465952124042,0.0007592270601730303
2872,0,0.0006185173432067,0.000652366017853602,0.0009521256928492971
2873,0,0.0017263080612572,0.0006267389862763327,0.000932000831853494
2874,0,0.0011789921094765,0.002556287283817917,0.0008425368514389934
2875,0,0.0007267269239593,0.0009093208964957974,0.0008668627638696719
2876,0,0.0016496309242229,0.0033528189437803486,0.0037004206392754857
2879,0,0.0006068590084068,0.0006931371750051083,0.0008272974750810919
2880,1,0.917471454720988,0.9376019546360077,0.9196757775452082
2881,0,0.0003078043739639,0.0003839237945907275,0.0007917788601423896
2882,0,0.00026321551491,0.00039528871849257917,0.0007887834310892037
2884,0,0.0004622647485538,0.0016810468752652605,0.0010650835691676012
2885,0,0.0011121750430333,0.001141486216755286,0.0013808842000901122
2886,0,0.003416787771283,0.003005369025069957,0.00459941334848068
2888,0,0.0007469793727893,0.0013295520885099235,0.0010026492611295561
2890,0,0.000751777572626,0.0011178420876896754,0.0016617225507639336
2891,0,0.0004865481929196,0.0006603517850809766,0.000879991524663701
2892,0,0.0006013388411448,0.0014041100106411987,0.0008158214168159704
2894,0,0.0006524140146228,0.0006678344500644027,0.0009302921323996417
2897,0,0.0006584142896197,0.0009038062680938101,0.0007873390793911672
2899,0,0.0008344924365865,0.0006974641497307574,0.000987522688418455
2900,0,0.0015292339536436,0.001306998182138119,0.002060527690907319
2901,0,0.0006118799705706,0.0006974737465738454,0.0007870296487233939
2902,0,0.0010947885217898,0.001447283661585923,0.0017304759206191686
2903,0,0.0008382364924233,0.0009934950993016275,0.0011274465160771997
2904,0,0.0007562662506259,0.0009741544845944371,0.000859800951399393
2906,0,0.0007492954301736,0.0007272083861952943,0.0010513418512812429
2908,0,0.000657027118761,0.0008890115337436012,0.0006983725517948554
2909,0,0.006313808521527,0.0085324973453464,0.009751918245620285
2910,0,0.0006991052607916,0.0008610375930876203,0.0008345614146701959
2911,0,0.0005081336325597,0.0006766516035626481,0.001032087676366622
2913,0,0.0015845953888061,0.0014685858745699053,0.0016887486415164787
2914,0,0.0008333304617229,0.0009756726301953943,0.001099453720146839
2915,0,0.000917764100893,0.0008870133422145055,0.0027330530282275857
2918,0,0.0007914862195271,0.001062584557818441,0.0010277457228901735
2919,0,0.0014672281751687,0.001158944675729294,0.00107488469325853
2920,0,0.0007389812809861,0.002059865369547472,0.000921655868255431
2921,0,0.0006051134766898,0.0006133481403499109,0.0016110276525701183
2922,0,0.0014537356375147,0.002559484514596927,0.0016097693070256907
2923,0,0.0008186097133865,0.0011699091851055947,0.0010008063032969977
2925,0,0.000894904936336,0.0012786058475800562,0.0011160028822226515
2927,0,0.0018531091012537,0.0022284336764602612,0.0014386808489866552
2928,0,0.0036345685535506,0.00300202962404194,0.002958611586818003
2929,0,0.0042017538519489,0.005468551784020772,0.007159019247020166
2930,0,0.0011273059595878,0.0017343197019398801,0.0015408183107292867
2931,0,0.0008348562323593,0.001134192095089197,0.001768170811329076
2932,0,0.0062150114464968,0.006500307628943174,0.007229225245758775
2933,0,0.0008462840702549,0.0011157397145892351,0.001005272110177181
2934,0,0.0050327819915409,0.007198618499361668,0.005738862481237297
2935,0,0.0008737938837304,0.0016342681712225083,0.0013687028329680512
2936,0,0.0025991308085671,0.0031482561078183717,0.002746082513914169
2937,0,0.0035607232206889,0.0038958724626477073,0.004815162169880366
2938,0,0.0021576533616772,0.0027203237845020555,0.0037870847611852303
2939,0,0.0017552400495947,0.003113254498571637,0.002320373456654587
2941,0,0.0245326405949479,0.01700147427835344,0.017068508155722834
2942,1,0.0094315789034546,0.011398179716811813,0.009125870811760119
2943,0,0.0012875607673602,0.0008875281838485673,0.0008560231143432686
2944,0,0.0075667498991087,0.017705051093364753,0.0098674311593864
2945,0,0.0006395358011942,0.0006914586075805968,0.0008291605845425066
2946,0,0.007611017634924,0.006237368786801474,0.009689532799371616
2947,0,0.0018267532151581,0.002063811412572965,0.0012741005112935307
2948,0,0.0009092902423385,0.002474321828307636,0.0032230980419602853
2950,0,0.0025683745186348,0.003730829250534932,0.003880639439710807
2951,0,0.0017429913852101,0.0031042978584543755,0.002121424348104301
2952,0,0.0017172883745473,0.0006227837001573305,0.000715200830532428
2953,0,0.0006199007222559,0.0014292963037769893,0.0007706625807899759
2955,0,0.0010214183505228,0.0009293330332893763,0.0010288556795222694
2956,0,0.0004140454711915,0.0005001189415226631,0.0009940487709204412
2957,0,0.0014663401609831,0.002112015357046162,0.002035641710210651
2959,0,0.0007468107124522,0.0007977677591222243,0.0010410217972857505
2961,0,0.0006038483311883,0.0008494405107547443,0.0007841687214578787
2963,0,0.000570440107938,0.0007479558618986715,0.0007264869474745829
2964,0,0.0009973606851234,0.0013297977938649635,0.0021209358251785557
2965,0,0.0009289480244978,0.0005007048748447091,0.00124813664567341
2966,0,0.0005105391727519,0.0008645148924168123,0.0015790018939003622
2967,0,0.0003098815792432,0.0003523773171869432,0.0007763776741847483
2968,0,0.0032722715249413,0.003753499705432271,0.004454636634326159
2970,0,0.0007235655607189,0.0006341539195252049,0.0009209225821533229
2971,0,0.0008661663088027,0.0008444548911481212,0.0015974343613071166
2973,0,0.0011765601464033,0.0020893357613194627,0.0016997440532910027
2974,0,0.0006321051751537,0.0006187588427465508,0.0010440816914343797
2976,0,0.0033653068863727,0.005288494737912876,0.005808102149803543
2977,0,0.0014152377974543,0.002734353667519446,0.001421346907455282
2978,0,0.0017198176895368,0.0017346186993237043,0.001774162180863936
2979,0,0.0003102653835589,0.0004231569550805004,0.0008213580035655927
2980,0,0.0005798054734391,0.0006489703028958851,0.0011061964103895679
2981,0,0.0008300789385641,0.0009800106495607929,0.0011292573708604342
2982,0,0.0003825144462252,0.00038531555792548967,0.0008230400248337975
2983,0,0.0007132599039819,0.0008832766051626122,0.0009390779932281466
2986,0,0.0006532732887301,0.0014139250387483898,0.0009313700766585779
2987,0,0.0021011422120832,0.0031427666400220965,0.0017515110961782718
2988,0,0.0104699432537123,0.011385307077146979,0.00779112225651789
2989,0,0.00045493964988,0.0004107864306937412,0.0008323069697836105
2991,0,0.0074721876709741,0.006562911898296861,0.00511180438160662
2992,0,0.002803471654896,0.0027579495316347818,0.004018584645115193
2993,0,0.0051971056125629,0.0045951614870539965,0.006537664374478024
2995,0,0.0012296191939881,0.0019025620935767856,0.0016912435356953603
2996,0,0.0015104724443773,0.0017234362770662901,0.0032227328033220624
2997,0,0.002312840072466,0.002027882365744022,0.0034103256560521185
2998,0,0.0202509302740173,0.018441908853405048,0.021325703710100497
2999,0,0.0005348012159851,0.0005098097648606117,0.0009908121152591228
3000,0,0.0684155583518009,0.06289646767153288,0.07506044655166932
3001,1,0.96862650968662,0.9670144010584532,0.9526302108630198
3003,0,0.0015613009386383,0.0011431755823065612,0.0016504940826764518
3004,0,0.0011215733011803,0.0011736180421701532,0.0014007965598103085
3005,0,0.0009340991230923,0.0011985223949291177,0.0014392477946817126
3006,0,0.001245145913504,0.0013003972624708513,0.0015784808921826573
3007,0,0.0009767155720666,0.0012734591861275303,0.0013541670000157611
3008,0,0.0037557573842276,0.005964628046911735,0.006285221171926389
3009,0,0.0020372668016207,0.002016679971482448,0.00222405932908016
3010,0,0.0011033098818115,0.0011152380955930308,0.0015322046787287621
3011,0,0.0009131584634542,0.0009311156410889294,0.0014362265667718019
3012,0,0.0019982001204348,0.00239714341045517,0.002390089140139313
3013,0,0.0014619790244779,0.0020355062101694056,0.0021279876727409077
3014,0,0.0022724506165771,0.0025749373553054563,0.004037783332101093
3015,0,0.0019544672777181,0.001859462616831918,0.0025506267520489043
3016,0,0.0036072367211416,0.0026465710972269274,0.0018781029465226057
3017,0,0.0044525171940062,0.0036595456952681926,0.0035073941332987475
3018,0,0.0146524874953122,0.011268574540635911,0.02245161447968476
3019,0,0.0316435801002201,0.02953767534388295,0.03185201638385799
3020,1,0.9785171479882996,0.9818930767958866,0.9881053364757655
3021,0,0.0301524533749576,0.03082426062548492,0.03703105410701543
3022,0,0.053592408557818,0.04267663543224934,0.06649164760956985
3023,0,0.0423070657502167,0.0422307028367849,0.04041940555714672
3024,0,0.0462734311934607,0.036952157635193716,0.033801139955589116
3025,0,0.0181170513765551,0.016506261535607122,0.016926270753413866
3027,0,0.5910216466558015,0.5702162135735482,0.60022855620477
3028,0,0.0014925760658253,0.0009120033033494315,0.0010714756349738928
3029,0,0.0048460868484954,0.006903178304008974,0.004491754010840001
3030,0,0.0008917658564363,0.0009275087066795951,0.001039302794837068
3031,0,0.0003551852064178,0.0004090050207498366,0.0008243088767905612
3032,0,0.0015953613593787,0.002596245948347336,0.002386420969157712
3033,0,0.0003500521316725,0.0004195542318394997,0.0008144056710073385
3034,0,0.0012584238061688,0.0017254650162226211,0.002188106817271611
3035,0,0.0003177890602759,0.0003543399192389926,0.0007545490551700481
3037,0,0.0024611823982695,0.00308787564823279,0.004333786123077917
3039,0,0.0028058475914205,0.0041879868067481296,0.003442171526519905
3040,0,0.0007629813726372,0.0012693961600952262,0.0008116813380551609
3041,0,0.0005502244492163,0.0008073216580355567,0.000841939753930268
3042,0,0.0005294192065891,0.0006239794853630616,0.0006670961553248554
3043,0,0.0005306268945625,0.0007336892406882428,0.0007603014349779335
3044,0,0.0005899691290358,0.001165872497587749,0.0008664774900062642
3045,0,0.0006899865526555,0.0007662881585946159,0.0009467191516464078
3046,0,0.0004535302133964,0.00044004164123034444,0.0006403083906315359
3047,0,0.000533183904891,0.0007237043649956624,0.0007600702622018788
3048,0,0.0005289359686375,0.0005808845541388448,0.0005911267891910811
3052,0,0.0023980429182316,0.002346974924498798,0.0035474042773979532
3054,0,0.0006040590389209,0.0006587457642556838,0.0006355749461109473
3055,0,0.0023858629054697,0.003427782692660262,0.002754981400576956
3056,0,0.0014855325326366,0.0014506678948318545,0.0013337196103373327
3060,0,0.0025360967335605,0.0026119027844304908,0.0029959628365815913
3061,0,0.0006124518712785,0.0014460630179363718,0.0010559003835029293
3062,0,0.0032622684027601,0.0037343843821120775,0.005007962268102319
3064,0,0.0014654622636271,0.0013353247249070829,0.0016865146531156146
3065,0,0.001089643911381,0.0005234446699371047,0.000733169291918767
3066,0,0.0005800545815364,0.000584426151827684,0.0008454691208355069
3067,0,0.000762612421017,0.0008624835010320872,0.0010625185694830984
3069,0,0.0005209584234396,0.0005059457794078106,0.0006968688911046851
3070,0,0.0009865690731907,0.000949662053754981,0.0009426979694500166
3071,0,0.0011961537323265,0.0009244474584899097,0.001670717407720876
3072,0,0.0026268888706603,0.0023855874004853027,0.001341429430075283
3073,0,0.0044777740843619,0.005011554771203017,0.006142936070827504
3074,0,0.0005196846591945,0.0004612488844310982,0.0008877734638081763
3076,0,0.0026488245788666,0.00330894052009578,0.004151121149477906
3078,0,0.0005497554270605,0.0006431916189395187,0.0007940687246199831
3079,0,0.0037878387101283,0.004896101873394116,0.005351045550856832
3080,0,0.0027658199146716,0.0024266771915531925,0.003278335487343798
3081,0,0.0006671650186956,0.0008058340399866105,0.0008213875053853364
3082,0,0.0007744528963567,0.001442082981215114,0.0011587427737770328
3085,0,0.0027489971616709,0.0026010033392840264,0.0039768196409670845
3086,0,0.0007223614092411,0.0006419345466900954,0.0011639036158032474
3087,0,0.0008338663107847,0.0008781554136874735,0.001133294571336687
3089,0,0.0019305339918048,0.0017654203731694964,0.001499679413183551
3091,0,0.000519535754348,0.0005585259536310591,0.0009393798405021285
3092,0,0.0054384488443888,0.004492921103395004,0.004242448701605292
3093,0,0.0080464192817823,0.008460794163213763,0.013061398818829187
3094,0,0.001397958711163,0.0016799589247643138,0.0029251684582177976
3095,0,0.0021932430505797,0.0022516430750691885,0.0038935395712828553
3096,0,0.0014722492807808,0.0016250197542168306,0.0022036267594290845
3098,0,0.0020857944248502,0.003122171096935764,0.002985656489355162
3099,0,0.0023608953710365,0.0033742326601405867,0.0038930060861359864
3100,0,0.0005788084554919,0.0005813897352536625,0.0009348217933170962
3102,0,0.0020774643017648,0.0017857407319841782,0.002148970103451016
3103,0,0.0024950031836626,0.002764427945820683,0.003176955827916708
3104,0,0.0056663316864357,0.006089861299199396,0.003937794776534446
3106,0,0.0334600068993921,0.02944624078085498,0.026243673744284032
3107,0,0.0349606333294402,0.030306897829232043,0.031041199851450988
3108,0,0.0310221948958594,0.026345805739586982,0.025237878103737815
3109,0,0.0552445097865681,0.04909066679999112,0.04785169972333471
3110,0,0.0262575960610843,0.02496922600440709,0.02544630826052187
3111,0,0.0004190508081539,0.0006043535572684481,0.0007899574443133887
3112,0,0.0014845812164904,0.0005394649440318041,0.0017272466664290573
3113,0,0.0036947361783986,0.004533636545075991,0.005145364657947721
3115,0,0.0011473625453695,0.0016462592487543797,0.0011796691227749909
3117,0,0.0005138913773496,0.0007065623452236965,0.0006995622908385771
3119,0,0.0003458897169453,0.0004263644536058354,0.0008184173471873851
3120,0,0.0006112619620314,0.0008694423977986417,0.0011080956100390784
3121,0,0.0002579628397873,0.0003068112503142082,0.0007350629388035353
3122,0,0.000627488193746,0.001402130990017858,0.000942005647068078
3124,0,0.0005156173574823,0.000655492632103609,0.0008827315518313704
3125,0,0.000481902710563,0.0006589203839295766,0.0007105457837223609
3126,0,0.0005946962649984,0.0008810159422960937,0.0016604297199254436
3127,0,0.0003088161345252,0.0003903006829503469,0.0007916511826134237
3128,0,0.0010030033332075,0.0006546495894192299,0.0015582952813777795
3129,0,0.0004596625861705,0.0006210483347713111,0.0007545325787961139
3131,0,0.0006303613965249,0.0009915773578122835,0.000948979776978117
3135,0,0.0021182100014879,0.0026398245290351584,0.003145120383794133
3136,0,0.0040673855163861,0.00447415445840714,0.005452049217449678
3137,0,0.0010306496097205,0.002138005536869844,0.002360759036633545
3138,0,0.0006718344001812,0.0006913957480939249,0.0007214996563019593
3139,0,0.0030222740034564,0.00442910392997046,0.004716460049830687
3141,1,0.819865731616169,0.8356359472357294,0.8472243058795377
3143,0,0.0006003965181079,0.0006007445657045167,0.0008390728666914553
3145,0,0.000635813859337,0.0009650157214851972,0.0009202316901993948
3146,0,0.0012631462208309,0.001423272206411482,0.0014718311544884846
3148,0,0.0009201830341734,0.0017571619906839486,0.0010983288918654703
3149,0,0.0019074764976307,0.0014145849196032544,0.001084240071829045
3150,0,0.0006403007656744,0.0009397491168270731,0.0011159771755221545
3151,0,0.001484476163846,0.0008742948198934494,0.0023787384322661955
3152,0,0.0009420551099532,0.001137699240645225,0.001091612425157127
3153,0,0.0018105504210858,0.0008628498185500514,0.0009439793219987
3155,0,0.0006543023349889,0.0006877311398616592,0.0008941753676945522
3156,0,0.003805214303518,0.004456045021202645,0.003795265215032341
3158,0,0.0005429528139178,0.0005199874424120621,0.0009532032673382289
3159,0,0.0025611369286557,0.0026212994506187603,0.0030419659245888514
3160,0,0.0008157315286862,0.0006831449238736617,0.0012139183361013603
3161,0,0.0030718036491107,0.002764753014395456,0.004035092732048137
3162,0,0.0122535024122883,0.018599318579657038,0.02191843460022097
3163,0,0.000735139415814,0.0009092871670373989,0.0009830381126273954
3164,0,0.0008075729416073,0.0008295058220176639,0.0010619442121619328
3165,0,0.0022478392397985,0.0028524526826068037,0.003431775221870176
3166,0,0.000830565561309,0.0009620424571345089,0.0011922869952985574
3167,0,0.0007785789036082,0.0009670192437390686,0.0011177908445469521
3168,0,0.0020886072060567,0.0020617415363438476,0.003317701788941102
3169,0,0.0015563898094326,0.0016633865249171512,0.0016024964152210265
3170,0,0.0006814275876982,0.0007650335867394487,0.0008600670156114423
3171,0,0.0056488989164142,0.0034068309887158657,0.00414702583916237
3173,0,0.0010683657722566,0.0010491260965974224,0.0013950935124289973
3174,0,0.0010595131211569,0.001004948073894322,0.0014132683957209767
3175,0,0.0007958102486103,0.0007857922151744549,0.0009139500462209841
3176,0,0.0012987448966942,0.0010830565495430148,0.0015956463272969444
3177,0,0.0010648256468913,0.0013261688700796726,0.0017947378382888487
3178,0,0.0012477650023305,0.001191259457542229,0.0022512235829840735
3179,0,0.0026943944511974,0.00316847737207754,0.0028671088409071444
3180,0,0.0010899158418157,0.0010692703021465044,0.00159519874585555
3181,0,0.001346125763725,0.001715906810807865,0.0013943555028757826
3182,0,0.0008232513190068,0.0009263935174825938,0.0013474471925798096
3183,0,0.0013100851206075,0.0016456177170290393,0.00228905256786844
3184,0,0.001165288933652,0.0017895677254221713,0.001961847831431422
3185,0,0.005778203429393,0.005200613125416011,0.0052635688990905595
3187,0,0.0211150020161355,0.02175009854279447,0.019897609383219467
3188,0,0.038302160473516,0.03156563895519706,0.026318041930788717
3189,0,0.0456056970307728,0.029378597678647873,0.037707734089183056
3190,0,0.0210219566228561,0.022987793595041897,0.021693703223279598
3191,0,0.05686003338502,0.04611464351626292,0.04012817364262547
3192,0,0.0811805556823136,0.08260661731954777,0.11692003552195052
3193,0,0.1610879572350108,0.12713847951576923,0.20695332974426495
3194,0,0.0011892378560522,0.0015821526319495633,0.001531969417601565
3195,0,0.000641873445105,0.0007281293176953465,0.0009095418774981187
3196,0,0.0004835202544921,0.0006818698606599343,0.0008491061435041811
3197,0,0.000511648646744,0.0005641649468981055,0.000572096454650147
3198,0,0.0004599212225414,0.00047968972482625505,0.0006798336076672557
3200,0,0.000577177052158,0.0006479826916495387,0.0006325255419678214
3204,0,0.0007058109270789,0.0015153969719694836,0.0015496700207973287
3205,0,0.0007667645786122,0.000889855548822813,0.001594716752001967
3206,0,0.0005900506619717,0.0007928252450339733,0.000969971997982216
3207,0,0.000475273874123,0.0004559189948075395,0.0006481905564035392
3208,0,0.000628285247756,0.0008675519249941008,0.0007525555153809669
3213,0,0.0002716328548058,0.0003807817563428038,0.0007441069583480057
3214,0,0.0014966820216983,0.0006128970077115136,0.001184439376731812
3215,0,0.0017770555326199,0.002045599597348437,0.0022007493331899766
3217,0,0.0012235203830873,0.000950055610770694,0.00098229932195817
3219,0,0.0018613805744745,0.0021210038525985566,0.002406681280699179
3220,0,0.0007584224243439,0.0008211845629227147,0.0011231438294258406
3221,0,0.0006211900786088,0.0008899385508876151,0.000735458909308172
3222,0,0.0019225085980621,0.002533303965629319,0.00240868103266022
3223,0,0.0020570205412361,0.002212325342243,0.0039098345281434205
3224,0,0.0007068932335641,0.0008032186712563891,0.0010275275535156633
3225,0,0.0007262520782801,0.0006911817638189117,0.0009435564030987178
3226,0,0.0004422628540145,0.000552964573313851,0.0009718908875373462
3227,0,0.0006398651988049,0.0006822997529175562,0.0010677651641477044
3228,0,0.0007311336614813,0.0008928372416969525,0.001011416510761144
3230,0,0.0018008544157892,0.001344503670227657,0.0018130176498907607
3231,0,0.0005692522018269,0.0007650586005912847,0.0006492963919743226
3233,0,0.0022960922053313,0.0018120760838323344,0.0013817812959717145
3234,0,0.0020230667551262,0.002325820174517894,0.0031222353038189844
3235,0,0.0014760041524047,0.002367207336537214,0.002269897389906038
3236,0,0.0017881621080743,0.0025357144947237334,0.0031453316161332693
3237,1,0.2701398407828421,0.28574378654959354,0.2798949972921467
3238,0,0.0028927963704741,0.0020329008973382044,0.005782159002973103
3239,0,0.0030816181371845,0.007295599747911063,0.007386602299674555
3240,0,0.0118551125446933,0.016521209663748607,0.016651676291502472
3241,0,0.0027204930683616,0.0028743648518032116,0.002585615446677737
3243,0,0.0016922551436237,0.0034917836646134017,0.0040623109369299125
3244,0,0.0030723617835392,0.0033076328629705345,0.0031378785929359753
3245,0,0.0064226642962021,0.0065644328284398205,0.012301216490011237
3246,0,0.001954083842517,0.0023302466693302408,0.001906971921787142
3247,0,0.0007874145248207,0.0007679255675292038,0.0011538252197620912
3248,0,0.0009969633968944,0.0012294512512456138,0.001436976114306353
3249,0,0.0009835296227829,0.001153613433532962,0.0011908089245254922
3251,0,0.0054947466198306,0.0047995658555348465,0.007849134396810883
3253,0,0.0022624794580354,0.003854102820483653,0.018666029290971425
3255,0,0.0121365333394206,0.011555260814275166,0.01206878216387795
3256,0,0.0007469911514182,0.0008549424535290773,0.0012048140832731707
3258,0,0.0010103096289369,0.001011118765378049,0.0009518252023272011
3259,0,0.0009058720498668,0.0009833474665771303,0.001162609775176271
3260,0,0.0010447302264383,0.0008996611943133751,0.0011874852749601287
3261,0,0.0032506125319368,0.00509878916095829,0.004992571573282567
3262,0,0.0012535570631003,0.0011595511493278216,0.0015525283954677324
3263,0,0.0007619381602967,0.0007190303595716711,0.0011589379221341857
3264,0,0.0057835945909186,0.007851604906698773,0.007606913074141417
3265,0,0.001308902300129,0.0013213459443099308,0.0021315779828365196
3266,0,0.0066252252728224,0.005963935830263641,0.007443420610053719
3268,0,0.0011008444642052,0.001097661229214651,0.001352041035690704
3269,0,0.0036736957648685,0.003865440547689743,0.006313128019587006
3270,0,0.0040137828104235,0.005279445944896361,0.004063256003929417
3271,0,0.1477481017832653,0.14393185158510555,0.1164033531827322
3272,0,0.0478080103346077,0.05044827195023856,0.04575488548841114
3273,0,0.0301256472257369,0.02969079433437729,0.02604500675612817
3275,0,0.000948158003705,0.0009845104843659352,0.0007780731456580789
3276,0,0.0005778689125957,0.0006644132205678318,0.0009010922757816854
3277,0,0.001105773637704,0.0014079298364284287,0.001814279204543271
3278,0,0.0004356479640842,0.0004524230446409452,0.0008255628256242613
3279,0,0.0005706238214049,0.0006796808230150308,0.0009269835633690219
3280,0,0.0030506916657748,0.003625137540150391,0.004182660931302633
3281,0,0.0005042485451102,0.0005697782511461272,0.0009580495815205128
3282,0,0.0017577928351814,0.0027402367967155894,0.0029194446367772197
3284,0,0.0006720453078719,0.0007976982893782449,0.0010308915183405818
3285,0,0.0104739032404534,0.016430364610985952,0.012946504063049586
3286,0,0.001029982322082,0.0011523643989947516,0.0011952478680768664
3287,0,0.0005726936919943,0.000588105193184486,0.0008656823049466452
3288,0,0.0007770753527482,0.0011050005102755639,0.001048185380073387
3289,0,0.0004572823508907,0.0005476323925765343,0.0009685673177419554
3291,0,0.0015797531747866,0.0021127356600887832,0.0025546249362085197
3294,0,0.0049920297622028,0.0058670243146691815,0.006613324283719803
3295,0,0.0005227899630283,0.0007177799498342874,0.000932845817246259
3297,0,0.0038815785115763,0.0027914685267722266,0.0029904426501857324
3298,0,0.0004991568347534,0.0004862908445614762,0.0008388063667575673
3300,0,0.0013244279103005,0.001840594002334748,0.002297870654633865
3301,0,0.000666115523723,0.0008819589999292263,0.0010245294860030325
3303,0,0.0010703549603827,0.0009492879665854994,0.0011013192015303206
3304,0,0.0012420721435598,0.001379056508826413,0.0020486198876927065
3305,0,0.0007293658272187,0.0006630744982107017,0.0010407976354945424
3307,0,0.0022660580578546,0.0031932666807857686,0.0028427006062323526
3308,0,0.0007638418441116,0.0007273769476412108,0.0009535373741515587
3309,0,0.0009376236858017,0.0013459489307540227,0.0011876145272779717
3311,0,0.0029804271374979,0.003480918124406006,0.003987554961206704
3312,0,0.000743515759042,0.0011648867454699236,0.0010895630679953938
3313,0,0.0016992563642467,0.0010428423906553967,0.0011297442221937916
3315,0,0.000659424060031,0.0005932977393122615,0.001084983559115141
3316,0,0.0011131358007495,0.001003551791088003,0.001387579236940834
3317,0,0.0086095106124506,0.011148249639999639,0.015879408734698067
3318,0,0.0009034432075532,0.001083275677610903,0.000972047590413541
3320,0,0.0006787344746529,0.0008749898148812693,0.0012262974829956351
3321,0,0.0027936710326797,0.005715804418703917,0.01049983717155683
3323,0,0.0048226386909758,0.005410069289362007,0.005519514742689977
3324,0,0.000842049346976,0.0008459721052611696,0.001018258284160217
3325,0,0.0006870607210415,0.0009054539722859518,0.0008150534778868834
3326,0,0.0004374959514529,0.0005076682044586559,0.0009173396235171909
3327,0,0.0008232055374399,0.0009349555272052698,0.0013779578954422093
3329,0,0.0022856359544165,0.0016292174802184788,0.002012547379308835
3331,0,0.0043374150087357,0.0049461685224235705,0.005663856150992199
3332,0,0.0010124800428047,0.0011267873431103173,0.0013399048369592834
3333,0,0.0008569710403391,0.0015349096770169834,0.0008992384771539332
3334,0,0.0069315628464067,0.006865222209147133,0.007918730749381861
3335,0,0.0004934590723361,0.0005937476467330648,0.0012582448418237626
3336,0,0.000655604073857,0.0023904303855731544,0.002619793956617795
3337,0,0.0009293844518064,0.0009054180067662593,0.001164693891564675
3339,0,0.0012817844546806,0.0014327639026096648,0.001697111083792982
3340,0,0.0018886080036829,0.002037932533359124,0.003163511673863369
3341,0,0.0012243485495291,0.0019584181716414545,0.0017729567376454178
3342,0,0.0035893378658366,0.004559613454703756,0.005126256929760368
3343,0,0.0025115609130439,0.0028497824746158665,0.0026743344842602955
3344,0,0.0008381556973143,0.0008279757721407715,0.0009525492195119323
3345,0,0.0018969894946035,0.005729477038953772,0.003047569488664098
3346,0,0.0009421088569837,0.0010049850630802731,0.001216288336948276
3347,0,0.0018353930295406,0.005008088996241959,0.003337110040845997
3349,0,0.0011596572873994,0.0013680566272397912,0.0014829916199948926
3350,0,0.0024575497903039,0.003909997958827805,0.003661154099134193
3351,1,0.9481183287792218,0.9383477250958517,0.942603462745192
3353,0,0.0010175215355587,0.0011252741597834383,0.001435913831579972
3354,0,0.0013798636908027,0.0012910346280671304,0.001606377234329831
3355,0,0.0015700209930011,0.0014530283072435332,0.0031871969336215414
3356,0,0.0069667736078743,0.007420876781803832,0.00891534593697528
3357,1,0.9272797330241532,0.9219844421579846,0.9020060206279772
3358,0,0.0049083406923155,0.004825655213228962,0.0074110248967672555
3360,0,0.0148356810066993,0.013798307534498566,0.012459628553896918
3361,0,0.1370938292289183,0.16228353272678406,0.16907120072508383
3362,0,0.0475351272122803,0.047952945146207425,0.0479074134856125
3363,0,0.0441568906387692,0.05009469898483435,0.057653093015461405
3364,0,0.0367325092588158,0.03184893636693349,0.031643561446202124
3365,0,0.0004450340829515,0.00037479943092309293,0.000754848155636629
3366,0,0.0007350073894312,0.0007259398106955429,0.0010086260060033925
3367,0,0.0006718848626663,0.0009059399307090046,0.0007944759235174949
3368,0,0.0007024942622763,0.0007316210723364426,0.00321518035869645
3369,0,0.0106420610978354,0.010853106692615883,0.010998381527299407
3370,1,0.957643917125204,0.9524082331247348,0.9497667201895555
3371,0,0.0006979239248885,0.0010101663796973017,0.0009477547144087111
3372,0,0.0009855186656853,0.0013259805314125707,0.001220880945333551
3373,0,0.0015394324633676,0.001847595253649149,0.003594578584652586
3374,0,0.0006133030301005,0.0006223329816601854,0.0007085866647917637
3377,0,0.0041904658513202,0.0065569012850199325,0.007346512241723855
3378,0,0.0009034962863788,0.001107799634968435,0.001051523022251057
3379,0,0.0006973051807916,0.0008335898559289517,0.0011721402516676482
3380,0,0.0007906992968666,0.0008351405456419332,0.000974555843913852
3381,0,0.0005600392193388,0.0008225510041706636,0.0008291117118413274
3382,0,0.0027679220981363,0.0033289990935615513,0.002946677247027933
3383,0,0.0006230149833645,0.000986340099446124,0.0010851304672287638
3384,0,0.0006092441024057,0.0005870815603002259,0.0006726362234266045
3385,0,0.0005665242797723,0.0006659182094014534,0.0011158300033158673
3386,0,0.0006935901846712,0.0013774370601851368,0.0017505258303750458
3387,0,0.0008580731019661,0.0009663571683793078,0.0015537990025293355
3388,0,0.0400714998275419,0.04195834415626885,0.048471441003375415
3389,0,0.0048352789306117,0.004280866488712004,0.006001203934379895
3391,0,0.0005637785998085,0.000762431071423759,0.0007768241841439956
3393,0,0.0014491734062927,0.0017769083690973423,0.0017568840771795104
3394,0,0.0008260832556791,0.0010984861662148892,0.0009473956478859655
3395,0,0.0014021965361973,0.002537375525117286,0.001958648682985358
3396,0,0.0004098147376958,0.0004312979432127258,0.0007933316683080375
3397,0,0.000664705736723,0.0010918403946522767,0.0010095297022198343
3398,0,0.0006097832857025,0.0009057100518900683,0.0012604955147913323
3399,0,0.0006818490729684,0.0009841674484739218,0.0009169910245070776
3400,0,0.0006024650354178,0.0008194328478999365,0.0007796458490361933
3401,0,0.0009618597505368,0.0011253487568662567,0.001309781480260468
3403,0,0.004546502638815,0.005563895372232883,0.006111415463155939
3404,0,0.0046451492434481,0.005105909488329475,0.0059664421155372
3405,0,0.0006614570191467,0.0008498724487124242,0.0007963924171726907
3407,0,0.0006729372310986,0.0006300982566306867,0.0010564953896434817
3408,0,0.001525336021072,0.001970116158298269,0.0018413302922667086
3409,0,0.0031969462301149,0.002627396257240238,0.0032487206330013623
3410,0,0.0007528936604945,0.000939656389654145,0.0009495600590493825
3411,0,0.0005263611760621,0.000528538620794664,0.00089741394812197
3414,0,0.0008376331789005,0.0007907913456787098,0.0010741800086961728
3415,0,0.000564559410113,0.0010231828097014774,0.0009439176299485138
3417,0,0.0008823212295835,0.0009046739000476162,0.0014280079507121009
3418,0,0.0004222824046274,0.00047517777066523857,0.000934627623106344
3419,0,0.0009031297727159,0.0008250388164999739,0.0010691576046343828
3420,0,0.0008972504902909,0.0008512818102293748,0.0011480944910433025
3421,0,0.0012666212048535,0.0014431210933348335,0.0028815008750216627
3422,0,0.0038554729477376,0.002385394102371599,0.003073145643536569
3423,0,0.0009122141811958,0.001683261199740174,0.0013099755627702472
3424,0,0.0006557640257022,0.0006073034354114354,0.0011246857816104975
3425,0,0.0007759955542398,0.0009875586330911862,0.0009006474399007263
3427,0,0.0029359248778435,0.005577470380132956,0.003613335333391805
3428,0,0.0008695457440111,0.0009413456835390129,0.0012214906734555793
3429,0,0.0029058876218356,0.0032211989196163256,0.003424901576056962
3432,0,0.001994001372998,0.0017665748616446566,0.0023114749844157295
3433,0,0.0024226023643863,0.003225225354283918,0.004431445236554101
3434,0,0.0036115847695268,0.007010268274893875,0.00741651948383452
3435,0,0.0018404094692581,0.0023897428055876546,0.002953128007735958
3436,0,0.0038391971485789,0.0031183644508376964,0.005211131386839499
3437,0,0.0012367301467423,0.001146647568034485,0.002128866275990071
3438,0,0.0080035338892888,0.00565274482803422,0.007183305453621416
3439,0,0.0012503974626388,0.0036955503195127883,0.0031383474787410677
3440,0,0.0012211599512161,0.0013059283318511703,0.00181807437628355
3441,0,0.0013138141619375,0.0017802701173399538,0.0018062635041670742
3443,0,0.016964566993576,0.020523898498608233,0.012495393441889473
3444,0,0.0417625875093757,0.033308584753957024,0.03445124363382004
3445,0,0.0994224477131065,0.10073169370030484,0.11659058751642665
3448,0,0.0323199971957911,0.027216512382022776,0.027330735630554697
3450,0,0.0454611000121187,0.04132809805534253,0.033756760589973775
3452,0,0.0007799729488216,0.000733835362102064,0.0009799857161816774
3453,0,0.000631372847389,0.0005975889706840438,0.0008874151315167493
3454,0,0.002155292304272,0.0031547689531921668,0.0027493962552671784
3456,0,0.0005892766528182,0.000625144233756659,0.0006747438895841548
3457,0,0.0006899199153303,0.0009637149870041755,0.0009195099311354949
3458,1,0.9302806166379208,0.9271026085409544,0.929718109676595
3459,0,0.0070723543011675,0.008817368889554407,0.007715205199716996
3460,0,0.0064969708345891,0.006833153527936082,0.007871289837317462
3462,0,0.0129916187122156,0.013924638643034636,0.015943654717978584
3465,0,0.0068560578970045,0.007635978947514905,0.009563125413036815
3466,0,0.0031100723003327,0.005535786883697687,0.004290631640820575
3467,0,0.0044648936785167,0.002669869190552607,0.0060440014653681765
3468,0,0.0008071449043535,0.0009301689149535337,0.0014151404686445104
3469,0,0.0014795526573073,0.0018235907903974534,0.0026649329168996778
3470,0,0.0055309014600789,0.006703001340947452,0.00618533745379877
3471,0,0.0008863683639195,0.0017218517127335002,0.0015245361335452688
3472,0,0.0023388536220906,0.003910572723672083,0.0031954664130361826
3473,0,0.0005929002693671,0.000668060081063673,0.0007013833409041147
3474,0,0.0003743708531817,0.0004306768885225425,0.0009967495827103406
3475,0,0.0009228761909617,0.000909061749373532,0.0013371205702600703
3476,0,0.0007154710645386,0.0008269429277358227,0.0006973433265733985
3477,0,0.0007381825263643,0.0009495472955559964,0.0008472858886683918
3479,0,0.000744480277321,0.0009427708055859459,0.0009019424040895697
3480,0,0.0008309682287365,0.0009992930568472613,0.0010465995697060016
3482,0,0.0007055185974026,0.0013392094220230253,0.0013865575099761874
3484,0,0.0009669954387921,0.0011784335883286232,0.001403819854821711
3486,0,0.0078405019541569,0.009543553791566298,0.007635236709177115
3487,0,0.0009708110800679,0.000981345466215245,0.0010996101662758973
3489,0,0.015223448687057,0.017583226782592967,0.016640179390660946
3490,0,0.0011057235470188,0.0010320525318390401,0.001808221009913971
3491,0,0.0006238870838039,0.0007472674621970652,0.0016897435240104644
3493,0,0.0482157130140809,0.046225690313748284,0.04637638587270801
3494,0,0.0010479067055878,0.0011724837624283709,0.0013509349093113578
3496,0,0.0086824863639655,0.00797303120058954,0.007983066352988948
3498,0,0.0006480389413218,0.0009016299624861905,0.0012561972660208075
3499,0,0.0143244208070728,0.01180588916379436,0.015263019437241213
3500,0,0.0108728688933377,0.011902718045786857,0.013769382961138995
3501,0,0.0030035210184342,0.0029803199508732533,0.0026571278387744882
3502,0,0.0381318237036911,0.04202690894900673,0.03978427952848649
3503,0,0.0116635514032343,0.01563332964959533,0.01612900157155931
3504,0,0.0011673824703705,0.0013312857019061573,0.0011694194331577012
3505,0,0.0006305964053058,0.0007029247050177991,0.0014041201758695783
3506,0,0.0015715552957583,0.0018141050068015518,0.0015278336366513733
3507,0,0.0010746701591459,0.0016812479360695783,0.0024624308319102133
3508,0,0.000614407162644,0.00076968578022685,0.0014395466530032998
3509,0,0.0005667340301124,0.0006956812225394034,0.0012560913457903208
3510,0,0.0012896278689223,0.0035217413728379407,0.00431286402147707
3511,0,0.0013477255804369,0.0009242624653863817,0.001578622690001104
3512,0,0.0053058359420875,0.006888458138617541,0.005946530983570361
3513,0,0.0016189339610944,0.0026657628574347715,0.003942169270188409
3514,0,0.0011175998286317,0.002114483293094288,0.0020012851240926166
3515,0,0.0032783519996337,0.0029153766803320658,0.002808941615283187
3516,0,0.0006808490232828,0.0017301882953698626,0.0015811004688406067
3517,0,0.0036067720595243,0.0035984488041494998,0.0037434574115588768
3519,0,0.0169829092057554,0.02046240913521917,0.02302073312258298
3521,0,0.0010601734204795,0.00120119045732393,0.0010284864322270939
3522,0,0.0009462971819768,0.0011638050977267223,0.0012477338305893928
3523,0,0.0012663379882134,0.0014617145467546609,0.0016196385147125144
3524,0,0.0027333678662113,0.003810017853657624,0.003762997387994317
3525,0,0.0345349315353474,0.037996661055154674,0.0344789869519687
3526,0,0.0084956878547342,0.006665778758500595,0.007871447277540305
3527,0,0.0447178739927544,0.03822941905980837,0.07221142153023814
3530,1,0.0161654634056241,0.015363135792253476,0.015229295573873477
3531,0,0.0028379874609778,0.0032576953832842252,0.004168778250673882
3532,0,0.0021342517818375,0.0011206906124274743,0.002696761134532726
3533,0,0.0007223974575441,0.0007404279677878595,0.0013084828459862818
3534,0,0.0006620200458966,0.0008685447588912491,0.0012363373322109117
3536,0,0.0006162317851025,0.0009356415505531546,0.0013119479722866647
3537,0,0.0004373996259,0.000475220440337321,0.0010091454155587837
3538,0,0.0018395412709216,0.002736584537193061,0.0034708644593980514
3539,0,0.0005983824427879,0.0006698563877609177,0.000729377865083082
3541,0,0.0013971194994921,0.0008055628911659782,0.001059188986067805
3542,0,0.0007994293930692,0.0008880795331613087,0.0011362592903296366
3543,0,0.0023538135557909,0.003958238593259785,0.0026518467268059325
3545,0,0.0010109831250743,0.0019098435004805414,0.001245953597206216
3546,0,0.000784449077747,0.0013080133109111165,0.0010822467471623739
3547,0,0.010512258687239,0.016059661647152657,0.017229002551551218
3548,0,0.0048942431369681,0.0057281885478595584,0.0033910631560365736
3549,0,0.0006142361850133,0.0007346784910341635,0.0007771831655558246
3552,0,0.0009588963013748,0.0012579626888831112,0.0012155697551797457
3553,0,0.0127053300140099,0.013531002900211817,0.014674538200488715
3555,0,0.0007118045828858,0.0006233096744147654,0.0011822757811841243
3556,0,0.0008855728840841,0.0008339706486485863,0.0011864677035974534
3557,0,0.0004437503337771,0.0005016408864486415,0.001596110488281998
3558,0,0.0126668162578037,0.011728988403665132,0.017141457976794297
3559,0,0.0005491952698594,0.0007911324584557604,0.0015183847803011115
3560,0,0.0011664294909968,0.0012779885136380805,0.0013071636638142072
3561,0,0.0005215309409143,0.0005716234402686142,0.0011079256895519633
3562,0,0.0005199067103467,0.000569390350030142,0.001051734740026866
3563,0,0.000614155187614,0.000714407996571425,0.0012413683358333666
3565,0,0.0008257104151261,0.0010207447657362414,0.0008941048583623148
3566,0,0.0053128944427758,0.0075439733747231915,0.0063427450793175025
3567,0,0.0350119613690395,0.037521582875572834,0.04150543885026659
3568,0,0.0003805198547021,0.00047455638883806103,0.0009438253697049814
3570,0,0.0004053306724271,0.0005105124713793403,0.0009382981100642389
3571,0,0.002293164085633,0.0036903818983384717,0.003157620259418948
3573,0,0.000911380433087,0.0012407614799021362,0.0014230439608360129
3574,0,0.0010520807996203,0.001107359014426709,0.0012275114704878762
3575,0,0.0037025031744412,0.0031218395123725705,0.004850600505920327
3576,0,0.0007269387659188,0.0007402247349457456,0.0007491863873992224
3577,0,0.0006801030873355,0.000613854840817569,0.0009040850624025434
3578,0,0.0004607796704922,0.0005603069833124904,0.0010037379677355425
3579,0,0.0010611524186959,0.0010875903837786703,0.0014124667226681716
3580,1,0.946280352857479,0.9358814005844265,0.9304567350736296
3581,0,0.0007763878335397,0.0008873564044588327,0.0006965329800465533
3583,0,0.0012467023915574,0.002243954961209232,0.002582131092095938
3586,0,0.0045011343826009,0.0010055764163907877,0.0011008254632073379
3588,0,0.0009835376142793,0.0011009111976627672,0.0009126552159802322
3589,0,0.0018473053775712,0.0007740232130752996,0.001379928615678768
3590,0,0.2976553975282603,0.300711743738133,0.2886771630294674
3591,0,0.0057907785754538,0.005704318488556233,0.00525605405964353
3593,0,0.0112572517725612,0.015304843013454054,0.013271868394587747
3594,0,0.0159983958580121,0.013646735791022598,0.015696560113236845
3595,0,0.001488856791397,0.0015169692661373768,0.001599767747553416
3596,0,0.0008380404655226,0.0011654368131046528,0.0009788847635712058
3598,0,0.0009292710377862,0.0010301775852046488,0.0008297715818326087
3599,0,0.0068656855266946,0.005956919543385609,0.00812456944154739
3600,0,0.0037894324419304,0.005220286204768981,0.004413229960818334
3602,0,0.0203048914228673,0.018808861197593108,0.0228591331199878
3603,0,0.0065701547594205,0.005320891502732822,0.006938840966468613
3604,0,0.0009749110559723,0.0015690708144634412,0.0017244827469074992
3605,0,0.0009982534444218,0.0010959674319874723,0.0016692227006133173
3608,0,0.0011538905777376,0.0014175540908582492,0.0031062260111852005
3610,0,0.0046293226671412,0.004038245069887641,0.003719063793726861
3611,0,0.0290677938280585,0.0316650467467226,0.030490567110643265
3612,1,0.0212947814636604,0.02068632668806237,0.01972327567157324
3614,0,0.0005938642217433,0.00061898986503567,0.0006477925782022459
3616,0,0.0005715481166439,0.0007270950386432659,0.0010412525793634159
3617,0,0.0033194737908813,0.0025049788716168453,0.003954563983093136
3618,0,0.0006205158727141,0.0008053059108579353,0.0007805894909692814
3619,0,0.0046442062621175,0.0026612608011377173,0.0026236133015245557
3620,0,0.0020841574006249,0.0018316781190770074,0.002360423151035535
3621,0,0.0006112299194866,0.0007352600658191424,0.0009740367868469671
3623,0,0.0005378668327687,0.0006047286217977278,0.0011880523482136413
3624,0,0.0006940466484145,0.000774788135356326,0.0008478525648652855
3626,0,0.0039782093026204,0.001828026975141925,0.000870123606934509
3627,0,0.0056814139702307,0.008544891470958941,0.008660526626865634
3628,0,0.0007129514541729,0.0009883371613465554,0.0009114976372601596
3629,0,0.000614474593927,0.0005799217365756625,0.0007827685067556319
3634,0,0.0006202857818112,0.0007331027604220014,0.0007469362081253842
3635,0,0.0006348137173773,0.0007672453450032373,0.0011309553243565678
3636,0,0.0006805259754485,0.0008253442231397684,0.000821054693670971
3637,0,0.0006293261075263,0.0009427480185478804,0.0010794214757447451
3639,0,0.0031983649540982,0.0037661596058941402,0.0013492110375445503
3641,0,0.0011026952263668,0.0006930625337217937,0.0009610833584206022
3642,0,0.0006036563713501,0.0006382403267205544,0.0006635781439748588
3644,0,0.0010357607622251,0.0009533869488133587,0.0009622783947563214
3645,0,0.0006580337928611,0.0008164803044576894,0.0009354341448483776
3646,0,0.0006656415920096,0.000940162001882641,0.0013470546797037667
3647,0,0.0011054581065082,0.000696148327588419,0.0013495296083459972
3648,0,0.0013345373283125,0.001418890237805749,0.0014080915222736998
3649,0,0.002585708498575,0.0038595411024708245,0.0034691489011661756
3650,0,0.0006295051411207,0.0008758822302051645,0.0008988587911168563
3651,0,0.0013738697862504,0.0020033764621450382,0.0015605876236371315
3652,0,0.0009355763096921,0.0014189619980563666,0.0018119451837236124
3653,0,0.0044341213433487,0.0059036510258164004,0.0049646384134370836
3654,0,0.0008120649666047,0.0008890395115206952,0.0011219073653849717
3655,0,0.0006313287299675,0.0007385511602745684,0.0010220539866325966
3656,0,0.0006944987844057,0.0006696113064352624,0.0006856086291686693
3658,0,0.0007269024331008,0.0010142418796802197,0.0010146953685380728
3659,0,0.0015145395765961,0.0016950880168005657,0.0019019899313690084
3660,0,0.0005302581152163,0.0007998644454752444,0.0013337635467081629
3661,0,0.0022802634031011,0.002395595801317844,0.002708812944883886
3662,0,0.0006602530703119,0.0009229815397342485,0.0009201675928893257
3663,0,0.0008526954450236,0.0010034519499211296,0.0011911543644176142
3664,0,0.0012730832373733,0.0014517093273764645,0.0016020499358349494
3666,0,0.0058762740263254,0.007965680881285393,0.008756338152581231
3667,0,0.0006516648955457,0.0008059106822460629,0.000963712706105403
3668,0,0.0006624218779423,0.0007931660995328703,0.002152444214292839
3669,0,0.0006565565822425,0.0007449595485091842,0.0008821201208882472
3670,0,0.0006660843027811,0.0007534990261220927,0.0008622602741663657
3671,0,0.0008753734149236,0.0010665663105821751,0.0009873464416792883
3672,0,0.0005246287585464,0.0005837743918860983,0.0010084951074579374
3673,0,0.0009007563953943,0.000985820636404993,0.0010073823297918737
3674,0,0.0008292513197454,0.0016085757389041333,0.0013292102719038505
3675,0,0.0063054532435446,0.008823708090691298,0.010021736599107467
3676,0,0.0009354066486322,0.0011757233235998902,0.0011671313741600476
3678,0,0.0041679472366802,0.008151034073237515,0.006177281850890904
3679,0,0.0008836822926872,0.0015544899337591048,0.0010863888888344845
3680,0,0.0006428276456695,0.0008434456755141546,0.0010354121884723778
3681,0,0.0005421079051989,0.000525934218269897,0.0009915682743294508
3683,0,0.0010007279525828,0.000980094881877334,0.0010358104928087023
3684,0,0.0010352453384243,0.001465338684659647,0.0013693784215473106
3685,1,0.9570979048513752,0.9608711647541852,0.9551200888211206
3686,0,0.0068372718108478,0.00624957946031128,0.006130581576120651
3687,0,0.0032694957610557,0.0030693013222693488,0.006159350778985446
3688,0,0.0017572800240008,0.0014975892090000546,0.0017402906832239065
3689,0,0.0039534793922323,0.003878975266365408,0.004673755248431948
3690,0,0.0028643295982227,0.0019274713278672922,0.001917299968950715
3692,0,0.0021464694642184,0.0025024508047673654,0.003871922074257979
3693,0,0.0088633532949009,0.006233443342163827,0.0038829864425553168
3694,0,0.0149764615435061,0.009518826532083625,0.008964312747947425
3697,0,0.0013099242568539,0.001526309441240797,0.0024192048198213565
3698,0,0.0008796955604311,0.0008936587021063637,0.0011199869803905041
3699,0,0.0006931286248998,0.0006447251830626868,0.0007957574037564274
3700,0,0.0006162027365157,0.0006607796510024443,0.0007036059215769447
3701,0,0.0007002481729256,0.0009248449581162493,0.0011297510048893806
3702,0,0.005225378260462,0.004502071735577233,0.006811056263451815
3703,0,0.001007557078586,0.0014003506823094948,0.0011952917540303254
3704,0,0.0094379737692999,0.006733379396719339,0.008231317839891625
3706,0,0.0012927770697767,0.0012473865954907952,0.0013133750228557575
3708,0,0.0006957016218083,0.00111806617196522,0.0010516513349594669
3709,0,0.0006378343957798,0.0008257840959859185,0.0009187698668765305
3710,0,0.0007158004719417,0.0009652018061502299,0.0008146294195815532
3712,0,0.0007495434832261,0.0007665886045515415,0.000987020363776077
3713,0,0.0006548726227487,0.0006727026427147673,0.0008744379710717232
3714,0,0.00054314971111,0.0006804144057343368,0.0009358232179673051
3716,0,0.0011709515648576,0.0011444836467591122,0.0013235678526402654
3717,0,0.0006082419684572,0.0005770727613483573,0.0007854138851720867
3718,0,0.0004778894075483,0.0005698313496450239,0.0008664029980825282
3721,0,0.000697011742262,0.000784355990726601,0.0008464654728609388
3722,0,0.0007485811898868,0.0009561380689980165,0.0010603574929195399
3723,0,0.0005390857175266,0.0007177143941266475,0.0009684939523617873
3724,0,0.0006552798399173,0.0006419964635455926,0.0008122678912014027
3725,0,0.0032563346902056,0.0035368699773355283,0.004972555316943191
3726,0,0.0007142679466179,0.0008844799629458773,0.001651911834729535
3727,0,0.0003970334516923,0.0005168559599410808,0.0008313270642350023
3728,0,0.0006759271242563,0.0006758936485308717,0.0008362954398117836
3730,0,0.024446235507516,0.02106437013395469,0.02257280188631733
3731,0,0.0092694716359858,0.007557511590052595,0.009737649957370323
3732,0,0.0117703517490386,0.014732232304813287,0.014073671895508242
3733,0,0.0069433898706269,0.005866992985371687,0.007809102265945383
3735,0,0.00048114995281,0.0007597984716074479,0.00216919889828809
3736,0,0.0061228805606847,0.005973984181533477,0.009038851053865303
3737,0,0.0007087749295089,0.0008244496817984093,0.0007410649745120665
3739,0,0.002529669573883,0.002721955837322929,0.0016414061685350106
3740,0,0.001421514937157,0.0026232521099406893,0.002485012348041638
3741,0,0.0031016982491768,0.0029782187874585545,0.003348707153186353
3742,0,0.0008434488928479,0.0010296964882172113,0.00126597015828562
3743,0,0.0007864067987274,0.0008369824575331507,0.0009295064143292006
3744,0,0.0006567351462715,0.000882193492022813,0.0007312360881980575
3746,0,0.0005718713808534,0.0007937618997393115,0.0015078991071333482
3748,0,0.0032315281845913,0.00357756996896273,0.0031592781315034567
3749,0,0.0015076788382896,0.002234672609130267,0.002095112665520426
3750,0,0.0007757336918477,0.0008489630912540938,0.0009278353861101347
3751,0,0.0008540992872107,0.0015260058790364326,0.001336372828634741
3752,0,0.0007398783740213,0.0008881712665548562,0.0010992423186152087
3754,0,0.0016321883382154,0.001623976559093486,0.0017781708170667397
3756,0,0.0135215624641989,0.021278127507805007,0.01921387836317202
3757,0,0.001326895877909,0.0009882428140228288,0.0011888196730517292
3758,0,0.000777669569694,0.001005608785796259,0.0013531939414157003
3759,0,0.002321728667388,0.0019073381112158735,0.0032781801806485112
3760,0,0.0037204911882254,0.005092750764704786,0.005189519749011433
3761,1,0.4450785099073387,0.4310358910585642,0.45281619208522017
3762,0,0.0043695959971617,0.0058734865597127916,0.004158646837024187
3763,0,0.0011356938720782,0.0015054775680701463,0.0017415827881190173
3766,0,0.0026550221254752,0.0036658491796368884,0.0036331636858328185
3767,0,0.0077646374066983,0.012404485091979164,0.012059056085710658
3768,0,0.0008508943458412,0.0010887033659284354,0.0009294718514923405
3769,0,0.0010204824204628,0.00129417484789953,0.001028053615106932
3770,0,0.001093712126713,0.0021223267206079166,0.00280438623700247
3771,0,0.0009231752441445,0.0010589350556267122,0.0012737934013369871
3772,0,0.0048729561155564,0.00649049759964858,0.00806861105599108
3774,0,0.0013216205652957,0.001305979935405644,0.0010448548787166999
3775,0,0.0021784058574384,0.002085846115630015,0.0025397435733970535
3776,0,0.0458364890523035,0.06525329818010213,0.06763457283076837
3777,0,0.0549784929489911,0.040778418273798536,0.047062446150872975
3778,0,0.0261376001773431,0.022382727418261715,0.024459877879751155
3781,0,0.0004783276851286,0.0006095903896953139,0.0009756225141971584
3782,0,0.0060956585009155,0.006073212748132221,0.007771487501901896
3783,0,0.0029488058685789,0.0031776368535108603,0.0032254070987580534
3784,0,0.0149697421874338,0.019435326321412115,0.01916226476157869
3785,0,0.0036188127365931,0.0022876641574787575,0.004179359333935433
3786,0,0.0019289423073029,0.0028907324376308773,0.002347093063665551
3787,0,0.0039352064523356,0.0030990636788276998,0.0035607239029579177
3788,1,0.8777867216019299,0.8499215889447651,0.8429191085216596
3789,0,0.0129439773423501,0.011690896973568031,0.012811246495351775
3790,0,0.0028045133741599,0.004544270545621005,0.005328946565023637
3791,0,0.0114969339244901,0.015240046741141546,0.010219926199963576
3792,0,0.0008782397555248,0.001000380099871313,0.00097638232551977
3795,0,0.6158575644890925,0.5874793559223106,0.5931380100628559
3796,0,0.0020194505743573,0.0023764572680161355,0.004958309175954218
3799,0,0.0008758812268147,0.0022898402292539652,0.0014447664729570712
3801,0,0.0011458637565242,0.0013762697696253494,0.0011583397036830792
3804,0,0.0004740600221056,0.0005146577954673209,0.0011616946557898213
3805,0,0.0026253966301573,0.0026591102249180426,0.004061633989536503
3806,0,0.0029207445375361,0.0036101442832321734,0.0026538644796548576
3807,1,0.3407980049196826,0.33281707567867447,0.36529278452094605
3808,0,0.0007188527938394,0.0009018518283521704,0.0012135326282593961
3809,0,0.0043082955013507,0.004573402591430488,0.006764501140846921
3810,0,0.4636492299609613,0.4791171369419078,0.45610150023341517
3811,0,0.0028817951937571,0.004152589308316997,0.0033856811853468696
3814,0,0.0028858504072234,0.003716821784240547,0.0021807173890472722
3815,1,0.920414943473974,0.9152067457726275,0.8965844774833956
3817,0,0.0078569103883082,0.00857111998527006,0.012358868899950068
3819,0,0.0033328414119239,0.004063943782763915,0.004502290411121184
3820,0,0.0036956654512314,0.004920776325753715,0.006554065098642684
3821,0,0.0294448563497731,0.025460160122546892,0.024583671696902197
3822,0,0.0013154631509447,0.0026601110268067068,0.0020000165176151646
3824,0,0.0047861960794596,0.00449209502488528,0.0037111360225624045
3825,0,0.0031262710885816,0.00503859945808208,0.0036703626819036706
3827,0,0.0093510342324417,0.01144629224953901,0.009985369657549632
3829,0,0.0047371843547495,0.005212363352221758,0.005234856135527222
3830,1,0.3207204068033933,0.31654667635943157,0.2966419799783021
3831,0,0.0025579057396306,0.002441916360155185,0.0037516342793970717
3833,0,0.0015496745818133,0.0019693045388560937,0.001639764531311131
3835,0,0.0115620427003831,0.014107539642997555,0.016814418429212358
3839,0,0.0005695752484555,0.001524513554902006,0.0016475024855723227
3841,0,0.0029752845231528,0.002020348067460158,0.003010075876313756
3842,0,0.0015204510502357,0.0008981775547706526,0.0012911854077930667
3843,0,0.0005881175556633,0.0006019626084950715,0.0010449503624055262
3844,0,0.0197841123056138,0.02089299551041663,0.02501498560083125
3845,0,0.0015836009590869,0.0015884399844090925,0.0022980355726084853
3846,0,0.0005840089063678,0.0006353381301081992,0.001260586036077854
3847,0,0.0091962327879734,0.008684197690450979,0.014790232693423841
3848,0,0.0013551176599701,0.002365408463422261,0.0022523820815274287
3849,0,0.0035634208889825,0.00523945629006341,0.003627730688729754
3850,0,0.0010321316332539,0.0012335111875304496,0.0009759947806071926
3852,0,0.0068220763397901,0.007322518819736314,0.007157682261139436
3853,0,0.0044101304008162,0.004073370078815571,0.006053244513046164
3854,0,0.0074345076632386,0.004897172939012465,0.005835937425896713
3855,1,0.9896896563233556,0.9947119982974866,0.9925762048365363
3858,0,0.0072689063561091,0.007520354900994037,0.007309221890091129
3862,0,0.0274256078155286,0.025684660218302513,0.025076873398889667
3864,0,0.0366795771335869,0.04195104336494712,0.04730830006493546
3865,0,0.4177171225115089,0.49834592513989906,0.46750897681754167
3866,1,0.0374343319835462,0.03983202279821994,0.03713321832123623
3867,0,0.0167605863520178,0.018868099010543288,0.01966315713189986
3868,1,0.9333950401756672,0.9205839379252114,0.9084858434160671
3869,0,0.0004216306467712,0.000454041898863848,0.001411884891498196
3870,0,0.0005773303792963,0.000664019652937467,0.0009853363138387324
3872,0,0.0013133911390481,0.0009966592609356336,0.0008435179135405885
3873,0,0.0013338435442912,0.0014763798876692089,0.002009235105934097
3874,0,0.0003369165894169,0.000399855234184152,0.0007495882901875552
3875,0,0.0125508630083115,0.014878705814343172,0.018642791002689785
3878,0,0.0010481129531693,0.00054610592604581,0.000860924520688151
3879,0,0.0009475739400214,0.0009241246094566563,0.0009174281968252949
3880,0,0.0027028508727048,0.002825384756101646,0.0032818569486684534
3883,0,0.0006424579211926,0.0008398838391613071,0.0011410678935048026
3884,0,0.0006702438198168,0.0008597321073545202,0.0009588010720816113
3885,0,0.0005965523405586,0.0007480674758814495,0.0009645725740805044
3886,0,0.0008720283397792,0.0008938633700449173,0.0009378838622917211
3887,0,0.0012480866214165,0.0017579662930906409,0.002135740670982062
3888,0,0.0007839060650348,0.0010479311854733103,0.001297092222227836
3889,0,0.0009109362011786,0.0008434170884279421,0.001052530904788127
3890,0,0.00281660471391,0.002640333612406572,0.0033868754494266193
3891,0,0.003379065002966,0.003194450510019649,0.004758207904539251
3892,0,0.0025551774542986,0.003111934686834865,0.0033091634296061926
3893,0,0.0098000224609594,0.011397687033782633,0.011623160537185411
3896,0,0.0007133529612753,0.0009319041002199258,0.0009193035392090698
3897,0,0.0006860768074504,0.0007238921207492761,0.00103150389690338
3898,0,0.0007071056767576,0.0008555761931851618,0.0006795453221964427
3899,0,0.0015938610686879,0.001819234149691754,0.0024034006921995724
3900,0,0.0011609300510604,0.0014342592658577666,0.002045169067761453
3901,0,0.0012851860695512,0.001637141199290016,0.00190872935442178
3902,0,0.0007080981201366,0.0006830852205545728,0.0007864132572700197
3903,0,0.0006677979319426,0.0007394453290327839,0.0007612809200806762
3904,0,0.0007771495735276,0.000998072833039461,0.0008912171161157677
3905,0,0.0021979222605939,0.0021918471821226063,0.0023704069066258953
3906,0,0.000391406912829,0.00044543707468310115,0.0008133028984537537
3907,0,0.0293117205388023,0.03696709220114629,0.03810447695593156
3909,0,0.000757386000007,0.0007587426099123491,0.0009556486427662202
3910,0,0.0008684702877887,0.0008001932118975531,0.0008569173157600713
3911,0,0.0005305342114436,0.0007468145638915225,0.0009768391670006858
3912,0,0.004870340802603,0.006285928570191615,0.006669595165413334
3914,0,0.0009252613906159,0.0008037584443184084,0.0010083153513101358
3916,0,0.0008412394650904,0.0007839587762375924,0.0009511693377232175
3917,0,0.0009507504796893,0.0008301081785936442,0.0011049178173250795
3918,0,0.0007955993175171,0.00078466536292673,0.0009827249488669546
3919,0,0.0078478278975169,0.011446913511097969,0.009793805532052875
3920,0,0.0003670063258431,0.00041877447301845233,0.0008438107135459203
3922,0,0.0005086146945147,0.0006319115580837682,0.0010920296336615306
3923,0,0.0005267635981703,0.0014584778887819024,0.0012375026162718679
3924,0,0.0009804560323509,0.0011753246991342437,0.0009743490299968089
3925,0,0.0013308293058371,0.0008637747319659396,0.0009362616313865638
3926,0,0.0020687348210207,0.0009671527507509833,0.0011079042162030965
3927,0,0.000742027871324,0.0009469541579764278,0.0008628543260007595
3928,0,0.0019640171905079,0.001107152486703744,0.001047529475402742
3929,1,0.70477907108492,0.6866534274489021,0.675874366466052
3931,0,0.0014092625159989,0.0027370308234329387,0.0025128891669443693
3932,0,0.0037975380736947,0.004052987273873558,0.0019737616264782418
3933,0,0.0020323899100559,0.0013045267124638174,0.0019726514035451697
3934,0,0.0010122886391865,0.0011314301645232172,0.0012246331975138657
3935,0,0.0013054335496451,0.0016154404355375393,0.0023557596632916354
3936,1,0.7847824648738515,0.8407231171651531,0.9060760740151829
3937,0,0.0016058604754229,0.0018977329079628371,0.0037614851086487573
3938,0,0.0018247291145696,0.0013248942390774402,0.001201195334979384
3939,0,0.0006100889634801,0.0007461804930272852,0.0010613637701066662
3941,0,0.0242482643110533,0.01872219902855892,0.0190619421675813
3942,0,0.0052868844641234,0.006323334204230486,0.007646820958988393
3943,0,0.0107371094475988,0.011043262808559022,0.009605766567755532
3946,0,0.0006492218793375,0.0008574020018219624,0.0008790485082373297
3947,0,0.0009688312985189,0.0012148716989679998,0.010755992297027847
3948,0,0.0004963460726509,0.0007219489851697355,0.0010364971679037935
3950,0,0.0015498715320474,0.0026092355021768397,0.003559851081450037
3951,0,0.0006300955392642,0.0006312499776654483,0.0008706313359993707
3953,0,0.0005311762756747,0.000763794320747249,0.001612078148719451
3954,0,0.0014111197131525,0.0009324775244514665,0.001275079834538569
3955,0,0.0010512557155551,0.0010948721862771079,0.0012117557892662783
3956,0,0.0006332101244582,0.0008928950902298363,0.001113328990732301
3957,0,0.0007160308883749,0.0008487536186369578,0.0011216026840852598
3958,0,0.0005579597153224,0.0006033077401366702,0.0009842166458725139
3959,0,0.0071242164898971,0.008521787351039204,0.005636314836492249
3960,0,0.0006439933615982,0.0008932419675512723,0.00092004506204008
3961,0,0.003724385662949,0.005001574537141834,0.004834590979689475
3962,0,0.0003099071561973,0.0003935180278227149,0.0007475038172041088
3963,0,0.0004767517058263,0.0007356635697007398,0.00109471136290569
3964,0,0.0006875390426057,0.0008438586287616258,0.0010982731721921985
3965,0,0.0005448828594906,0.0008018594334712524,0.001310766619914958
3966,0,0.0005852859148802,0.0006362463835131062,0.0007303225827135905
3967,0,0.0005782508282451,0.0009254286076347928,0.0010169826648098535
3968,0,0.0010421623309545,0.001057454305069398,0.0013012002581057889
3969,0,0.0026433621981334,0.002171193684730269,0.003297692711084808
3970,0,0.0007865125758327,0.000820912639717929,0.001057563876275193
3971,0,0.0099223563960969,0.010521510527307489,0.014250343419396187
3972,0,0.0005877858655935,0.0005890431637533591,0.0007881548956031716
3973,0,0.0006262234553336,0.0009527833245990052,0.0009040856688546179
3974,0,0.0005954118687816,0.0006829418520755826,0.0009105332068804125
3975,0,0.0007925732092657,0.0008971497334111807,0.001098529706068587
3976,0,0.0010346003744966,0.0004081718791106371,0.0008119985512429866
3978,0,0.0007334733942162,0.0010752756488786373,0.000909491341337576
3979,0,0.0039632475200796,0.005233382195237857,0.0065311257704390195
3980,0,0.0015037069622887,0.0016221404712100699,0.0014878362920508962
3981,0,0.0112030746723689,0.008215784863354418,0.006959758373851791
3982,0,0.0007779649815135,0.0009916742684898021,0.0009086032944896756
3983,0,0.0009052199591646,0.0011176794058425615,0.0011793869026229162
3984,0,0.0029685122254109,0.0034707215033666586,0.003665655196639095
3986,0,0.0030907514671115,0.0051436354123136595,0.0037897750554917653
3988,0,0.0014167062994774,0.0017193182201886569,0.0017395747152496874
3989,0,0.000632889636288,0.0008587678084647598,0.0009605907807760212
3990,0,0.000703297107801,0.0006640728065689844,0.0008764362076450019
3991,0,0.0007416954874873,0.0007012020415782607,0.0008678679431698436
3992,0,0.0003742315191663,0.0010074453668106227,0.0008636748152297106
3994,0,0.0094017259676669,0.012517441806575446,0.010538566548132799
3995,0,0.0016586749163592,0.0014453102353542682,0.0019473352622787756
3997,0,0.00101618987367,0.0011239751778972704,0.001231757689473895
3998,0,0.0032645044524192,0.003827960830687944,0.0035968741178683517
3999,0,0.0006959191424071,0.0009250744171775782,0.0010331277766663413
4000,0,0.0026796190795213,0.005110918251934059,0.003309698921565064
4001,0,0.0024190667197735,0.003055022837614195,0.002067506578194197
4002,0,0.00067518993397,0.0007494774677760889,0.0007991141249001456
4004,0,0.0007664083565917,0.0016811435393714225,0.0012362539220707965
4005,0,0.0119207572628741,0.01589021590966841,0.015573932766121356
4006,0,0.0011703668524782,0.0015510779889138036,0.002089565222557172
4007,0,0.0011000485364894,0.0013576293509894118,0.0013413921126697482
4009,0,0.0012584096639054,0.001096760767669103,0.0013815616726010039
4010,0,0.0008651367369672,0.001043760835413709,0.0010545392012585233
4011,0,0.0008583865007364,0.00108361238429904,0.0011019408300156535
4013,0,0.0070754872651932,0.007940537028543134,0.009375198809227573
4014,0,0.0017276543935811,0.00250742365727376,0.0023045084835483054
4015,0,0.0010072859913883,0.0011182996677067797,0.0011708710913924895
4016,0,0.0033988378112853,0.003791269399760691,0.004520426908603332
4017,0,0.0016007329295983,0.0020710911104116153,0.00210562525995262
4018,0,0.0031237454848053,0.0035446707120150227,0.0049188752672367836
4020,0,0.0025617737947029,0.0020437112324001344,0.0029304521765292826
4021,0,0.0097274164075307,0.009763015822898308,0.010403438161059339
4022,0,0.0031174129769165,0.0027260123917948772,0.004096129262662004
4023,0,0.0336402135386355,0.03720772827994704,0.04590163410238644
4024,0,0.0794112374835145,0.08032945006727008,0.06617989259365412
4025,1,0.93376104281273,0.9356764234406072,0.9433421814102351
4026,0,0.030741827304121,0.02870602862861476,0.025971533867604202
4027,0,0.0699699422958435,0.06534981254275955,0.0579342826996396
4028,0,0.1112304579348276,0.12922832250252345,0.15352841271965761
4029,0,0.031000323743134,0.03529953391243858,0.03212892450547474
4030,0,0.5976386494964401,0.5847727324030797,0.11423897059791104
4032,0,0.0623539011995404,0.06889395560784947,0.06207981470794089
4033,1,0.973057884032822,0.9838832379636111,0.9821736621015993
4035,1,0.0551304634667653,0.04843638220249965,0.04050945551553886
4036,0,0.0006611210769374,0.0008956957378361396,0.001323832915388641
4037,0,0.0090018669828844,0.0061980776003131505,0.006541321656091181
4039,0,0.0006685208430957,0.0008222679129869444,0.0009745967502553107
4040,0,0.0013589596909589,0.0026379360924348,0.002577560475489128
4041,0,0.0011475052162259,0.0017630303883643423,0.0009225835153018099
4043,0,0.0007248062466234,0.0007543192298832756,0.002098566348766407
4044,0,0.0108724725535837,0.008522624210180432,0.006517007382790636
4045,1,0.0009229727620865,0.0012271519469019792,0.0018135071558947012
4046,0,0.0015489228311644,0.0012726944000353848,0.0013631967442319258
4047,0,0.0008500802634305,0.001127797184141005,0.0018239044301046749
4048,0,0.0010080235677369,0.001611699050885442,0.002387990811668149
4049,1,0.9188401084149188,0.9280732955882828,0.9233518987268313
4050,0,0.0007949285681354,0.0007435363507229805,0.0009410103592626827
4051,0,0.0027612872628773,0.0017949044159527542,0.0027830942527005743
4052,0,0.0054410852976243,0.005605440053074718,0.006374007320388585
4053,0,0.0008244521256867,0.0020189198441728216,0.0014377023834445525
4054,0,0.0036898939399385,0.0039422694953787935,0.006473784140567824
4055,0,0.0010795078058001,0.0012666628377735098,0.002624371332420263
4056,0,0.0007650127988912,0.0007333860507071933,0.0008168667505078723
4058,0,0.0010905435504665,0.001327870933145795,0.0017939785211201168
4060,0,0.0009160838703937,0.001023589156330979,0.0016809006030254138
4061,0,0.0190709856056094,0.01884500694928505,0.019366621547266462
4062,0,0.0009725797330372,0.0011701502924498144,0.0014802478604233082
4063,0,0.001112623713457,0.0014732772025696519,0.001427499131198833
4064,0,0.0017448516077703,0.0027441355926281323,0.003937787178472279
4065,0,0.0029671402497913,0.001311060294617789,0.0021321932591922502
4066,0,0.0009193464736764,0.0012789647086036502,0.001146255512680393
4067,0,0.0053497327130161,0.0025982601992947914,0.004268930696876477
4068,0,0.0057686353015023,0.006572758263166761,0.005892586251441718
4072,1,0.9732014390117965,0.9705529815514942,0.9730208047739811
4073,0,0.0006541216922053,0.0007043466373605031,0.000775725009418499
4074,0,0.0059038334656297,0.01061271406818915,0.007261415603747937
4075,0,0.0011330502321118,0.00096125823134699,0.0013771714074367787
4076,0,0.0029348272718088,0.004212414725856999,0.0034029320667802107
4077,0,0.0012217097070506,0.0014964083435997266,0.0017545432439291892
4078,0,0.0057702109765717,0.006676512159670052,0.00609650937875389
4079,1,0.3025002043821664,0.33341946371788844,0.3189782911343322
4080,0,0.0027829062341573,0.004284083123209156,0.005039070317029078
4081,1,0.9318431789029156,0.9182199884529647,0.9240891657457719
4082,1,0.9321936808170708,0.9214038936896392,0.9173755085028261
4083,0,0.0041259099138195,0.006035682270180525,0.005220307786254331
4084,0,0.0029115289690202,0.0031869945992763007,0.003677344459739434
4085,0,0.0040649590233635,0.004944672856032933,0.005429207853860423
4086,0,0.0051119570018274,0.005743119335728195,0.0067204427686657076
4087,0,0.0038125905275424,0.004164140087131532,0.005036425724854301
4088,1,0.8681559109669807,0.8748708933805255,0.8506746206418327
4089,0,0.0012312187223297,0.0015480298328866093,0.0027558004825597717
4090,0,0.0043781901105945,0.002758244320265449,0.0037897576422534513
4091,0,0.0038223159875116,0.005058252611781784,0.006281126857316941
4092,0,0.0037292648286496,0.004590692156578101,0.004613824139831443
4093,0,0.0033411093298581,0.004554730221428056,0.004281119470342476
4094,0,0.0035056318268774,0.0036801396187162343,0.004310948842716912
4095,0,0.0027858400575072,0.005081447800912912,0.004925186591530968
4097,1,0.9052795007764722,0.8956663756155445,0.8772342611628452
4099,0,0.0037465471944635,0.004863815237758637,0.005132938904829378
4100,0,0.0065420372845874,0.005896876230135205,0.005708006168952848
4101,0,0.0041340341710564,0.005486627530122119,0.00586525674972635
4102,0,0.0052625201853934,0.004492318275786956,0.008069536391573689
4103,0,0.0079086133156924,0.009215219932847171,0.009244112143397718
4104,0,0.0051612444611479,0.006136412010009912,0.006231613816673978
4105,0,0.0394161092978757,0.05312994429252901,0.06008869188567563
4106,0,0.0016642287680445,0.0019376802647463258,0.0015563287070064033
4107,0,0.0154977260856923,0.01238638817848597,0.013218719375810806
4108,0,0.0036718361101646,0.004782185518137312,0.004570507627087925
4109,0,0.0031349191693981,0.002950150261413904,0.0034172760666534466
4112,0,0.00622912696685,0.005365454199396625,0.005828545111175589
4113,0,0.0028385029324685,0.005887288906608873,0.0077785679789444465
4114,0,0.2514656853216949,0.26740381944807456,0.27846317902525897
4115,0,0.1880054116618944,0.17692543816033188,0.16728027474761908
4116,0,0.2182905671234338,0.20770914234987087,0.20645199768309125
4117,0,0.5554819719171663,0.529212483768018,0.7756045958631087
4118,1,0.9615309310390284,0.9533687318498223,0.956589981607056
4119,0,0.8949614561894271,0.87268974592939,0.8571262701947047
4120,1,0.5900938910428938,0.5781052244834324,0.5291637032630986
4121,1,0.7050272552626398,0.6863915210742111,0.7245772312648212
4122,1,0.6435114406239392,0.5953896169828021,0.6415981837422653
4123,0,0.0053406610452547,0.005233855343558304,0.0073521183558922475
4124,0,0.0077985323870063,0.006887894603643104,0.007587009983284602
4126,0,0.0065840649617318,0.008086604801921804,0.01030875296993778
4127,0,0.0021130073383357,0.0020822931792521568,0.0018440500277668611
4128,0,0.0037338966732485,0.006056644385005857,0.005046072058794878
4129,0,0.0028569342819885,0.0037781588380066972,0.005927056236288312
4130,0,0.0024053388901436,0.0027218077140048584,0.003069490491134131
4131,1,0.9262426085611606,0.9295797050210163,0.9235266992060933
4132,0,0.007895422974542,0.010287290918479531,0.010305806420140637
4133,0,0.0334906831801122,0.03621561018829489,0.030505987809856326
4134,0,0.0014427566411147,0.002843405850892515,0.0054386381352581874
4135,0,0.0033887722128936,0.004477287295286846,0.004360432167193166
4136,0,0.0020599432570412,0.0017443160996026665,0.0038827593917801595
4138,0,0.0521002612169592,0.06360195698434172,0.06408532702859078
4140,0,0.002226597557225,0.003614975232852839,0.004139330970752829
4141,1,0.917288911355524,0.9146322076467699,0.9039441607321751
4143,0,0.0083293899731669,0.008635875698529513,0.011032208813482408
4144,0,0.003529360888368,0.0038689755609465407,0.004507868315034692
4145,0,0.0010530978892238,0.0026822594231769225,0.005358974882086349
4146,0,0.0064689600377073,0.007079555452426701,0.006548885726649915
4147,0,0.0039161416984415,0.004840346130581177,0.005692361303665251
4150,0,0.0043981936592073,0.004712049974172747,0.005628500369931227
4151,0,0.0032146071536612,0.004264071584026061,0.004240425679039525
4152,1,0.9165846904729624,0.8994366904519947,0.8907240346683689
4153,0,0.0338027800922326,0.04135538839644486,0.03888269651607052
4154,1,0.9384521053684672,0.9183694615567248,0.9180646886527131
4155,0,0.0040534420787727,0.004745290816253524,0.0055670336737829495
4156,1,0.8523475211332038,0.8509345362237573,0.8350602989044434
4157,0,0.0027778650957406,0.0036271888221970964,0.005436318971216003
4158,1,0.9414791760042438,0.9234749874317127,0.9254219477247405
4160,0,0.0035889441549495,0.0038722773793558023,0.004726325019621079
4161,0,0.0022990039902887,0.0027061990780332086,0.0031133403056328494
4163,0,0.0035324973720967,0.005203741297841352,0.00499402735632371
4164,0,0.0033097667135101,0.004328255998245898,0.004542335902448812
4165,1,0.9283864553427552,0.9204183233744115,0.9094252514601681
4166,0,0.003386356767331,0.00379634463890389,0.004172759412296858
4167,0,0.01375455412515,0.01537629949769995,0.011539008600176818
4168,0,0.0038096908939325,0.0050971773711831715,0.005745074859079682
4169,0,0.0065070434110413,0.00736596620860342,0.007777076528579357
4170,0,0.0027275804055476,0.003099979533161199,0.0034903973605153998
4171,1,0.9322958625023472,0.912186440307893,0.9121656904004389
4172,0,0.0031755646416217,0.004144937809236157,0.004383994716714221
4173,0,0.0539495929624574,0.0782844819364243,0.08001506486281235
4175,0,0.0042842098073752,0.005665077359602747,0.005719649482314094
4176,0,0.0029974875633097,0.0046887495751205925,0.0053267325046496335
4177,0,0.004324114556613,0.005237758435781051,0.005948065302227955
4178,0,0.0041666745474761,0.005422716910375981,0.005494862650828927
4179,0,0.0047200822381273,0.005802559219691532,0.005818689322419588
4181,0,0.0042219540940091,0.004737128416307008,0.0057214229795846385
4182,0,0.0049015889886521,0.005304517850311238,0.006068244517679378
4183,1,0.9366383216533436,0.9137431038790549,0.9132572429994313
4185,1,0.9259099621168244,0.9052883587107285,0.9054316368631534
4186,1,0.9362810747098174,0.9284799563453283,0.9290055509360713
4187,0,0.0030431960344091,0.004371286393468921,0.004916855358356013
4188,0,0.0038449467134625,0.0040686849044434415,0.004986454902696838
4190,0,0.0034351774539623,0.0044887229906409145,0.006373194503879378
4191,0,0.0171190737965261,0.02174090131897657,0.014823436552663653
4192,0,0.4649673992639664,0.5050407922066396,0.5485047321852003
4194,0,0.0007893631694284,0.0009076870681718596,0.0009405689143286706
4195,0,0.0151270625956263,0.015969467283311792,0.015612897889453938
4197,0,0.0056198055225751,0.007419770662068678,0.008951389887766063
4198,0,0.0038615506745338,0.0037042772332835034,0.004545998758737874
4199,0,0.0026848312980151,0.005348086752451294,0.003541684701822382
4200,0,0.0039492818594513,0.004598809026062812,0.004617003245569799
4201,0,0.0109160692170104,0.009975043348287643,0.005854474179893447
4202,0,0.1081080577854225,0.11734797812271083,0.11419683228282768
4203,0,0.0278765960404402,0.035758779509339346,0.03866564543601216
4205,0,0.0601702477433458,0.07179388142449142,0.05847620712240774
4206,0,0.0422838134358267,0.04662972692716327,0.04649418665451614
4208,1,0.0443183452474855,0.0366100694972704,0.039332276954593015
4209,0,0.0028015383720494,0.004110875174858586,0.005890485814344116
4210,0,0.0291463604387965,0.028559991208558407,0.02554802457442536
4211,0,0.0006450931511539,0.0006728674275925544,0.0008853797845713015
4212,1,0.2506130867349495,0.24429432331833145,0.24278136704484463
4214,0,0.0013750634837093,0.002709458268352169,0.002117365611048251
4216,0,0.0021680957899703,0.0031453553775118532,0.0032551172560354442
4217,0,0.034667338133287,0.039499975001887226,0.04067979403338796
4218,0,0.0014742719663939,0.0012629325836471187,0.002226643426242505
4220,0,0.0007988356796373,0.0008745659256822655,0.0010307357150654446
4221,0,0.0733925864511116,0.07993697222325738,0.08327004307909217
4222,0,0.0007186280698489,0.0007732549207592072,0.0009674579424922814
4223,0,0.0018925307448336,0.002544160485661377,0.0030650130456758903
4226,1,0.2442908253180979,0.22847057350142005,0.24128010357562546
4228,0,0.0544524847670367,0.06572086134368466,0.05618579815115658
4229,0,0.0022062445491299,0.0031123613676166187,0.0036310636804490933
4231,0,0.0013432240222554,0.0014439473040035356,0.0023390318071018915
4232,0,0.4603666506556052,0.493933390322452,0.4970925592895581
4233,0,0.0007802082256485,0.0009970239580306926,0.000948084977283829
4234,0,0.0319981120964344,0.03858619096069285,0.03183409641763617
4235,0,0.0004538584978132,0.0004423023619221728,0.0010564056982263566
4236,0,0.0032140365422528,0.002929898910932658,0.004102347592340535
4238,0,0.0006992618474234,0.0006510175269498678,0.0007701175526522513
4240,0,0.001040195283415,0.002509500460652857,0.0012618788011553804
4242,0,0.0089519282301313,0.008293443017231351,0.0066766947745327924
4243,0,0.0035103580797833,0.004716667952414311,0.004026831414579414
4244,0,0.0159619325684491,0.01950992077001028,0.014789140453955385
4245,0,0.0040769693750447,0.0045065047206731225,0.005622101123108836
4246,0,0.0049273226835055,0.004970908875642966,0.005822195997010964
4247,0,0.0039141231103294,0.0049631644110061665,0.005323279761601606
4248,1,0.9500812677184344,0.9361804077307186,0.9305474678993244
4249,0,0.0039479610992943,0.005184854674816726,0.005286041220241633
4250,1,0.9353424589975958,0.9193738885655349,0.9125717744693642
4252,1,0.940273165036833,0.9301099250640308,0.9335760279247256
4254,1,0.9292059306399292,0.9316662569215168,0.9263947777706054
4256,0,0.0417951000550951,0.030986584167800948,0.03778462625399356
4259,1,0.941505023456394,0.9115956884970069,0.9159525147957284
4260,0,0.0040855077132365,0.005304392381486112,0.005986187925404493
4261,0,0.0143933926902219,0.017703896181317107,0.014077109279789673
4262,0,0.0008491527525437,0.0043165159991522106,0.004764465529161839
4263,0,0.0053353912254255,0.005847925200159818,0.0068143724837648615
4264,0,0.0037151016968904,0.004708736589971203,0.004772411626208308
4265,0,0.005115411375654,0.005998636440658903,0.006844249930575419
4267,0,0.0112786720147952,0.013812812540099728,0.012161173095627184
4268,0,0.0068920982024966,0.006682878788402678,0.0076520019776621165
4269,0,0.003944477631919,0.00449728394413023,0.005446905064362581
4270,0,0.0034066405144091,0.0053243188307873284,0.0053255333285649135
4271,1,0.9480204388034904,0.9371525115436918,0.9340219278217593
4273,0,0.0028522737740278,0.003505774196202588,0.004586753211943245
4274,0,0.0042510653920743,0.005385815935538122,0.005946926242030693
4275,0,0.0117159567722725,0.018914753312485464,0.012923065607709611
4276,0,0.0040349004345055,0.005627580571536062,0.00512440855424258
4277,0,0.0096823972200965,0.01424865220055815,0.010760958784505403
4278,0,0.0024905219416162,0.0034454417387424635,0.005004795344770312
4280,1,0.9063557016815482,0.8971679380537625,0.8860480885414445
4281,0,0.0067821579297294,0.008059031339903204,0.009124243905474928
4282,0,0.0035401091979143,0.004542909266774328,0.004041768742568969
4283,1,0.8714278956777209,0.8713413114730333,0.8560233334083323
4284,1,0.9269974814150874,0.9132787521858066,0.901810761068164
4285,0,0.0060729004411388,0.004110825496354675,0.004489484529323179
4287,0,0.0243787039176141,0.026850948738760216,0.020536159649512886
4288,0,0.0035985837010173,0.0034438383817680983,0.0037393917941206316
4289,0,0.0202593970505645,0.022346765552907634,0.02925684349377691
4290,0,0.0062587809321266,0.007657097987297573,0.009155781188726422
4291,0,0.0032406122386144,0.0037912702828708763,0.004372829862042378
4292,0,0.1019530106781869,0.10742699227293434,0.10717444580328732
4294,0,0.2549399505539512,0.2274190305552997,0.2468126912978718
4295,0,0.018696510273833,0.02138562690496383,0.020598444845231108
4296,0,0.031790094364349,0.029537119600736177,0.02878901970672572
4297,1,0.7675811328154312,0.7690361567607533,0.7599332180134777
4298,0,0.0323339105256249,0.026548063656557964,0.025150321723385022
4299,0,0.0219347256370466,0.01762324096070805,0.02299210076228181
4300,0,0.0294616985924314,0.04039372327645431,0.04548979952612312
4302,0,0.013863249232194,0.010392018606354761,0.009644840425786498
4303,0,0.0874054262637043,0.08112104497044968,0.07653831249132265
4304,0,0.0260511754398185,0.03280324285127297,0.03290714344847325
4306,0,0.0039733922378751,0.004969324942424634,0.005465126071909138
4307,0,0.0053399888887477,0.0059527676047270274,0.00802725807522136
4308,1,0.8786259235786389,0.8772761411354657,0.8649139290903185
4309,0,0.0123065086431602,0.013119927214915887,0.014156775083459847
4310,0,0.0011977173925704,0.0015393251685799105,0.0016101324702687278
4311,0,0.0027174126266466,0.0029750392389808846,0.0025698351556850056
4312,0,0.002872313141174,0.0026294976120777355,0.001616381694867018
4313,0,0.0044476489158018,0.006522153734056251,0.005978762673936135
4315,0,0.0002965497329491,0.000339109684588184,0.0007048711283800436
4316,0,0.0027456475188306,0.0037259727551505507,0.0029756964154462042
4317,0,0.0029043897393348,0.0019480530427727159,0.0029265374577539544
4318,0,0.0255143616104791,0.029717347857210995,0.030927700775160247
4320,0,0.0124721393937178,0.015444465882642415,0.011509019865679836
4321,0,0.0094610583794722,0.0104907518254753,0.012274073733094732
4322,0,0.0032369195498386,0.004904966456468192,0.004338129774111896
4323,0,0.0086442044302681,0.007605022956093029,0.010563905466839678
4324,1,0.8651003337155497,0.8576039894275401,0.8437002862421771
4325,0,0.0037618050956276,0.005026935065567664,0.006103488155212233
4328,0,0.0061390273933876,0.007287191875347233,0.007076430584390918
4329,1,0.8643885923224282,0.8432687414089095,0.8358978738343679
4330,0,0.0031609230483488,0.0027131959403114093,0.00667303646957753
4331,0,0.0037794170338944,0.005475799631713452,0.00482058170603385
4332,0,0.0040241392566661,0.005006600911391775,0.0053679886694513726
4333,0,0.0047975231062095,0.0049287054780115915,0.0057190838808623325
4334,0,0.0022794767779775,0.002691740997339971,0.002991398626691017
4335,0,0.0039037567007175,0.004315756924079277,0.005508222509415765
4336,0,0.0038321306894638,0.004982535015476495,0.005675497654040928
4337,0,0.0364176754681935,0.03447627105702132,0.03596728583302337
4338,0,0.011378286771729,0.014574554494354996,0.011030516344994438
4339,0,0.0114608171181244,0.011851859144069235,0.017382349000242856
4340,0,0.0084716650641612,0.010658724479687787,0.01074454513031434
4342,0,0.0191201242911473,0.026049360442875126,0.022847255577546646
4343,1,0.9923682381663732,0.9914584823201965,0.9900517214595073
4344,0,0.0049311082124105,0.005424031356823316,0.005950607188377246
4345,0,0.0252749203916621,0.018983697568207312,0.021166029369844006
4346,0,0.0047585431020026,0.005124671982367271,0.005734206053155321
4347,0,0.0048059761977849,0.0057687233201915026,0.007439810676045763
4348,0,0.001551997674022,0.005587986881504638,0.004717804210022198
4349,0,0.0086237103557981,0.009022875970818463,0.0109532810107974
4350,0,0.0036604218811903,0.004304317253702777,0.005913298757621667
4351,0,0.0039258831089839,0.0048931825552692935,0.0062318895278690965
4352,0,0.013982355123499,0.01711310993310396,0.018857345995587502
4353,0,0.0146148569802695,0.016211151631730918,0.018837510018847606
4354,1,0.8278015143547823,0.7732961734940413,0.8199914525503555
4355,0,0.0353401641052882,0.032244228329585435,0.03128108772226589
4356,1,0.9000471950666221,0.8905632740691637,0.8910210596703463
4357,0,0.0035650984040767,0.004576291246458731,0.004809869638601315
4358,0,0.0279804158394545,0.02495379371548241,0.037246046970230685
4359,0,0.0022338170311732,0.0025747858042233424,0.0030548153188345263
4360,0,0.0063947742209304,0.005350467085451109,0.006561456401668118
4361,0,0.0041572094415197,0.00536198422128461,0.005981973109608486
4363,0,0.0083757020352461,0.010720347506168963,0.011656966181670045
4364,0,0.004387269702934,0.005511930779461046,0.004902955662852705
4365,0,0.0031535618265626,0.0038585750288694654,0.006869724453280247
4366,0,0.0097779583139182,0.01100644627538101,0.010752296321008109
4369,0,0.0081873580137199,0.008909897461241746,0.008152859925237312
4370,0,0.0041439119276667,0.004843498407828436,0.00501619425323215
4372,0,0.0054332183035763,0.007316196814259383,0.005281892420257719
4373,0,0.0216577971147444,0.02128529552304837,0.014431039018369706
4374,0,0.0091042697790394,0.009841399909965784,0.008204611710917027
4375,0,0.0188330627057594,0.016657152301659116,0.016555432269275167
4376,0,0.2217502103663713,0.18235544451716393,0.2449920924213321
4377,0,0.019677802772559,0.01851667483373586,0.015573586193453847
4378,0,0.2018478473220603,0.20119279294467596,0.20089394334483432
4380,0,0.2530811423596635,0.21182963427175272,0.2374844744986085
4381,0,0.4639754145913272,0.46287927054667477,0.5567230188233737
4382,0,0.051317867866014,0.0372403560391157,0.05360791447499852
4383,0,0.0880342154523771,0.08697903795997078,0.10481852219086564
4384,1,0.9908272727513362,0.9920101033849364,0.9960222019942133
4386,1,0.0908402271505108,0.08360795806585904,0.06006970783243318
4387,0,0.0059569094926585,0.004658852617992457,0.006200466895774392
4388,0,0.0060830336781612,0.0042965417595546476,0.0062569232976918895
4389,0,0.007625735751513,0.005875858888016844,0.00792497066709924
4390,1,0.9024501770441388,0.8907112324872806,0.8850588250004667
4391,0,0.0133251123511311,0.017237863835930227,0.010212706695050922
4392,1,0.9295259924870074,0.916531167733081,0.9065051652670116
4393,0,0.0064009155488564,0.006627692046208218,0.004927970870985865
4394,0,0.004606175241917,0.004453164350782877,0.00635160741598146
4395,0,0.0129920158810751,0.011771462461386382,0.01396412147140056
4396,0,0.0050373449187024,0.0053657161109759285,0.005183655230094751
4397,0,0.0438736021435744,0.06322908016402598,0.07361981166728232
4398,0,0.0038737817471691,0.0048138420168138815,0.005348622612148086
4399,0,0.0051577875646729,0.006420166725376955,0.00740470864531314
4401,1,0.9169713164643998,0.8990243255667616,0.9094706965437677
4402,0,0.0050670376951591,0.00496878184409416,0.007783867216848071
4403,0,0.0035708789236616,0.004729124831823627,0.004997367753964826
4405,0,0.0091819195861691,0.006949428306685564,0.007784950387206257
4406,1,0.901568147240716,0.8980945937138607,0.8872681795434383
4407,1,0.934063868316978,0.9227610148301668,0.9149176317106966
4408,0,0.042792859212041,0.050996297485777324,0.0636029660606827
4409,0,0.0037915230030723,0.004726510279401299,0.005219719700686067
4410,1,0.919230266622743,0.9076032651005799,0.917399288144728
4411,0,0.0038468386889556,0.004313405350445158,0.004598977355401207
4412,0,0.0022296201371989,0.003545388802505641,0.003947032729377116
4413,0,0.0045444557269593,0.005458822208301731,0.005864566350505425
4414,0,0.0537257232942465,0.04759970021092959,0.04250031296462886
4417,0,0.0025307946919635,0.0027709269316678283,0.003215098593091977
4418,1,0.998047634433888,0.995832475245162,0.9969485776652838
4419,0,0.0022406580063544,0.0026370886111134854,0.003054179711273459
4420,1,0.9481390092330636,0.9521838020907962,0.9596533717003711
4421,0,0.0057213307287182,0.008393743461356719,0.007625941995225007
4422,1,0.9693833496692305,0.9661560661017952,0.9630168425782072
4423,0,0.0054051187861784,0.007437435002096706,0.005666053609695242
4424,0,0.007706774033268,0.008608324775863985,0.006479895267207315
4425,0,0.0029822303986294,0.004764268261778768,0.0070477347868080015
4426,0,0.0036644200105982,0.004748451087001109,0.004927937835955986
4428,1,0.115755372014481,0.10541204357971733,0.12146629532571995
4429,0,0.0025694005006741,0.0037492435447891086,0.003753750742704262
4430,0,0.0038913321454052,0.004417627906218002,0.0059065330575265515
4431,0,0.0037492923051299,0.004325392151516149,0.005847888252759317
4432,0,0.0205975386966482,0.02308356893956536,0.027443587772706196
4433,0,0.0053917834133279,0.005064607707480597,0.005864743962141126
4434,0,0.0104533316219342,0.012477192287487282,0.017325979947115145
4436,1,0.9231579414581526,0.9012105412684098,0.9070868585165356
4437,0,0.0035370012180657,0.004735352550674431,0.005637387323410907
4438,0,0.0025385602511271,0.003440574219087076,0.00439957846926417
4439,0,0.0383176769116613,0.03602659545729688,0.02901354850085479
4440,0,0.0544976384021399,0.05548517011746204,0.05686957053001915
4441,0,0.0150573370824029,0.01838586040284749,0.014943436650963513
4443,0,0.0034449950144037,0.004485338541553465,0.005256258624793944
4444,0,0.0478920275358684,0.047705276588608174,0.05342899462656926
4445,0,0.0044675498039922,0.006100405473034896,0.00611574835054598
4446,0,0.0036146189151116,0.004440336312841082,0.004913236749726526
4447,0,0.0025549746631583,0.0037460133554269985,0.004104482140132145
4448,0,0.006016007412759,0.006039177147662974,0.007735295651332054
4449,1,0.9289435315192384,0.9269585013838941,0.9290067931342366
4451,0,0.0027681126115029,0.0031128937013955634,0.0036790123966037053
4452,0,0.007195800099659,0.005877069415262805,0.007049447832667123
4453,0,0.0114336032991837,0.008836169466241202,0.010696882277984859
4455,0,0.0571860833793543,0.08224628446349187,0.09055073778357059
4456,0,0.0055639153777459,0.0049370290032777035,0.007119593219526991
4457,0,0.0105837957979056,0.007794334376376666,0.011100246032159483
4458,0,0.0052733902231239,0.00686267119423466,0.005459565217695231
4459,0,0.0114721621288919,0.01424183412933522,0.01757537101343644
4460,0,0.0041758811681588,0.004938200764073685,0.006170742993675526
4461,0,0.0020373388868672,0.0028600619893890205,0.0033829579155272046
4463,1,0.991213669903743,0.9909720644337285,0.99405220380928
4464,0,0.0044362351765257,0.005865604317361094,0.009290283928591048
4465,0,0.0036262647301181,0.0055969749042804225,0.0055790922661254185
4467,0,0.0429612956870346,0.04424124054982857,0.059269209877078025
4468,0,0.0856515324390291,0.0880547825796952,0.11552882837210104
4470,1,0.0249366720561496,0.022289860456581802,0.022220791845948457
4471,0,0.0038869127843541,0.004705673049973711,0.005892467747381756
4472,0,0.0040078343288242,0.003123797095309289,0.006625041752440084
4475,0,0.003928452305136,0.0060590041943837485,0.005241421727569583
4478,0,0.002459254385626,0.00374616928178557,0.004189890349118247
4479,0,0.0063014726736453,0.0062098904999851046,0.005427029385171195
4480,0,0.0060886096479308,0.011102098974418263,0.008494644932545852
4481,1,0.9259822979653718,0.94269710122225,0.9462328057444294
4482,0,0.0025466114470833,0.0027685099635292054,0.0031592443364793013
4484,0,0.0049157832038494,0.003600738293654742,0.004547436186248991
4485,0,0.0037813822045771,0.005289128246523522,0.004936812448763599
4486,0,0.0037338831979458,0.005127652924955288,0.006009908656397768
4487,0,0.004154467382911,0.00522829614935248,0.00706596070789326
4488,0,0.005946006620216,0.007410729834280694,0.010458526111738716
4489,0,0.0048636131357169,0.0053630365856118505,0.006912504615504789
4490,0,0.0041035205150862,0.005145295801302331,0.004899386933362727
4491,0,0.0030431683675898,0.0038600868125527104,0.0054959284553455605
4493,0,0.0451534169063328,0.04546372552840168,0.05192269550118651
4495,0,0.0020964014706559,0.0028009093814508838,0.004199367005618142
4496,1,0.9321393743064654,0.9140995206891263,0.9134677465611085
4497,0,0.003807854714272,0.0045735424886775965,0.00600092005604027
4498,0,0.0038512750763115,0.004744367283636838,0.005238327271648148
4499,0,0.0028366209999796,0.0040002605078971664,0.004310531620047651
4500,0,0.0040758743894684,0.00519925448637082,0.004658437171889055
4501,0,0.0034954845910369,0.004516677554613914,0.005287996118566222
4502,1,0.9352656815153884,0.9229843418987216,0.9091711117741548
4505,0,0.0022918701839139,0.0027906601356126903,0.003724633613163138
4506,0,0.0328769446470327,0.03565120417492799,0.0368709357935864
4508,0,0.0034182143905956,0.004022149184473914,0.004468880374301066
4509,0,0.0306291572670548,0.03276988565507716,0.038443305938921944
4512,0,0.0027480122834668,0.003827274602042386,0.004666157470807749
4513,0,0.0405853269096122,0.03800064384891344,0.03957403976579614
4514,0,0.0027458808169947,0.003454646319627375,0.005904185923411161
4515,0,0.0037241640138088,0.004685327275803258,0.004990540350397641
4516,0,0.011328132216538,0.015622368355398188,0.008625339841862823
4517,0,0.0041991421454705,0.00497220473838773,0.005352453801427298
4518,0,0.0046281251634359,0.0052068188857846975,0.005742359256737866
4519,0,0.0052071328412596,0.00633870006315612,0.005847038160167883
4520,0,0.0037515525690853,0.004779016368092429,0.005048557214317075
4523,0,0.0055056037467205,0.006196763489482267,0.007162505873007328
4524,0,0.0082099304549531,0.007490533574907478,0.007851431922929234
4525,0,0.0047815845425365,0.005554170647348519,0.007462371184662987
4527,0,0.0042835511237901,0.00513187813058587,0.005783855890471362
4528,1,0.91303299905588,0.9086016332676484,0.8912585099184096
4529,0,0.004975631329139,0.00526314434405358,0.005786358580069142
4530,0,0.0024251651645204,0.0028929353015597517,0.003308007330116587
4531,0,0.0032406019408365,0.004184654313440731,0.0052231708583126675
4532,0,0.0048088419132361,0.005506747350811733,0.006763573333264287
4533,0,0.0205670862904174,0.020101082143074114,0.017718625893914257
4534,1,0.8973183713263022,0.8871999953811271,0.8863773810349627
4535,0,0.0048084837362269,0.004890465103107722,0.005720075502567982
4539,0,0.0059928199564332,0.006888643142725238,0.007216263441343991
4540,0,0.002895300912491,0.0036154884863919814,0.004038939668233567
4541,0,0.0033056614321686,0.004200671083051886,0.00445276511254651
4542,0,0.0162195665844734,0.017912525931614822,0.02422175099078152
4543,0,0.0028125080811616,0.0039353621630771095,0.0048988065530830675
4544,0,0.0051308553113782,0.005678929043401906,0.007299537167409985
4545,1,0.8169761603873142,0.7946648078095726,0.8003537050272802
4548,0,0.0356009959423957,0.033491898027018616,0.023441589701744155
4549,0,0.0023231838948894,0.003290616031444235,0.0036706424457883594
4550,0,0.0052720863508848,0.008255035097874359,0.011071526869309262
4552,0,0.0095928436361802,0.015101662396048151,0.018193006811878038
4553,0,0.0577844785273423,0.05254906740433204,0.038432309838759934
4554,0,0.0079111097697741,0.01001909768261533,0.009958740788224313
4555,0,0.0039319949067931,0.0047792236314378456,0.0061170168940136585
4556,0,0.0053319023193649,0.005796789724395061,0.007333517825678472
4557,1,0.9280723352864896,0.9180551411875046,0.9076197657478626
4558,0,0.0028610785707972,0.0036632582329634987,0.004653225297627098
4559,1,0.93133134798781,0.9292894799271656,0.9223999667580982
4560,0,0.0165396588051188,0.017458161312475882,0.015987941530054582
4561,0,0.0053067008173411,0.005524307223725662,0.006664284908231068
4562,0,0.0038442079954299,0.004647395065360711,0.005354900802775662
4564,0,0.0045001238471852,0.005188141091517509,0.007767711183953547
4565,0,0.0040419188409057,0.004874524368247083,0.0053643523988430065
4566,1,0.9423770890233594,0.9346118700199457,0.9383411707470617
4567,0,0.036981487366431,0.04117385209589779,0.050207177973140074
4568,0,0.0107184715601873,0.012362249212807623,0.010460406509106984
4569,0,0.0040314157818688,0.005041741012078756,0.005183005625427905
4570,0,0.0051272105897805,0.005362556407967601,0.007831352545316432
4571,1,0.9503431945270768,0.9450666988070132,0.9338716428391606
4572,0,0.0059925116236441,0.006785494714962108,0.007197281879941764
4575,0,0.0121986066105318,0.019136109270338444,0.019580083847429593
4577,0,0.0041757062634425,0.004914313019509415,0.006286912191664831
4578,0,0.0030571814590489,0.003323194426108741,0.004051265213612922
4579,0,0.0033751883983075,0.004391052856496561,0.004394538155922159
4580,1,0.9272119018387412,0.9209057034901098,0.8939895870388594
4582,0,0.0037791152733058,0.00458000169250052,0.004930066427310431
4583,0,0.0022644250449512,0.002671961499171691,0.0030923999371274533
4585,0,0.0034680664697833,0.004592064756059877,0.004659617166824126
4586,0,0.0034518874809582,0.00455272922749314,0.0046367495656534745
4587,0,0.0675103330329271,0.05760794749409362,0.049277931499554777
4588,0,0.0028361657183598,0.004774747957991429,0.005454714983745358
4591,0,0.0035724818499101,0.004742962650665297,0.004806288764733064
4592,0,0.0031673451512269,0.00527282484021821,0.00668182442949963
4593,0,0.0034497906955849,0.00453429176858749,0.004553975502208544
4595,0,0.0367228686706794,0.04396227228796916,0.0540089959857397
4596,0,0.0033529790985115,0.004393180221022826,0.004132954890366374
4597,1,0.935913481330785,0.9183804234730141,0.9028092570126545
4598,0,0.003348393383544,0.003837517450958469,0.004702204388417785
4599,0,0.0322378967894298,0.038582450045857794,0.037335132323469064
4602,1,0.9222435500384114,0.9068795201845408,0.8926607361081659
4603,0,0.0084704136963505,0.013489666261665964,0.009083251942378608
4604,0,0.0269431601418837,0.023872024183158175,0.028953803257121435
4605,0,0.0026570549924437,0.003826522758143796,0.006109380657944729
4607,0,0.0075835599699596,0.008690953842153846,0.00999475378905125
4608,0,0.0026542348091793,0.0036810520563760473,0.004787728068731874
4610,0,0.0050069853334036,0.006461437860192978,0.006222777994394202
4611,0,0.0410292503573049,0.04048019863128316,0.043028656408426874
4612,1,0.9316799400372148,0.9174550731643787,0.9081558459511465
4614,0,0.0466538687224152,0.05565486599517029,0.06594829349770143
4615,0,0.0041548143662284,0.005234835744683385,0.005529230615447115
4617,0,0.0025521042953671,0.0038253096852585967,0.00385826241334128
4618,0,0.0037592627955313,0.005387975796014669,0.004206310463158351
4619,1,0.9215776411420582,0.9019661058345022,0.9027022609454913
4621,1,0.9374414143227572,0.9205279698591656,0.9082479318392986
4622,1,0.9221085145914056,0.9119293455277897,0.9102740297475143
4623,0,0.0047016588740156,0.005247901959315907,0.00506030607494908
4624,0,0.0040148750678077,0.005313604145465074,0.005146041074133375
4625,0,0.0078100098809186,0.010653349324770717,0.007076691686371364
4626,0,0.0101102324473885,0.010483922320701663,0.009792062928330292
4627,0,0.0025571463239556,0.004137164940075978,0.005085301849968681
4629,0,0.0051864694399091,0.0067038789306865226,0.007974535573416658
4630,0,0.0027202115538337,0.003999184817023402,0.004044513495532018
4631,0,0.0027399562153373,0.0039743111391808625,0.003988634973961501
4632,0,0.049613704900416,0.07826139501050772,0.08090103641706185
4636,0,0.0295497274032357,0.031910403244216026,0.029864950060458764
4637,0,0.0401006672300019,0.033007078006068266,0.03277022364295464
4638,0,0.0430929607381982,0.04774797083671517,0.04505247415150113
4639,0,0.0306882086144533,0.02465961936767808,0.020277770967078095
4640,0,0.0502647550606145,0.0514054252421629,0.05264187949330962
4642,0,0.0735087282813697,0.07477626224057332,0.06756897359213677
4643,1,0.9876345116272393,0.9870140042481653,0.9812476870652724
4644,1,0.9872415249777124,0.9922475968528017,0.9920252681866015
4645,0,0.0671141032364897,0.06691051779105896,0.0774687924293529
4646,0,0.4844002366154216,0.5701395782614189,0.5036232805501699
4647,1,0.0629252851904712,0.05702692961195868,0.051498185935503385
4648,0,0.0052835594143213,0.006171156141446595,0.006348341507606004
4650,0,0.0747107565471616,0.06744474857005882,0.08302501896889863
4653,0,0.007675144245829,0.00929062768082994,0.006940964345217167
4654,0,0.0035738023112835,0.0045552120615741055,0.004530288945140314
4655,0,0.0061778666282157,0.008084681720597182,0.009291410325290739
4658,0,0.0022916212407907,0.003222779408740367,0.003576512906181479
4659,0,0.0023989975571795,0.002707990296843051,0.003032174020505684
4661,0,0.0108305395777465,0.01029475110075026,0.01604296548526757
4662,1,0.9333450834531312,0.9182900705114456,0.9223849992824804
4663,0,0.002833453261534,0.0037758287707531603,0.0042063164605953465
4664,0,0.0376186398971238,0.044411012303946486,0.03996926973804457
4666,1,0.927609868297752,0.9170224624494916,0.896350602839899
4667,0,0.0032136487443054,0.004727841493263025,0.005234781572035987
4669,0,0.0060558212784629,0.006439300028530972,0.0066434969107866905
4670,1,0.9340130654173464,0.9283360905696699,0.9106724101193926
4671,0,0.003734170847309,0.004551713965410837,0.004830223848425233
4672,0,0.0071392284944901,0.006383886364608248,0.0061552135493723745
4674,0,0.0025316356477535,0.00283545287121925,0.0031627763091875826
4675,0,0.0380125625105266,0.038700844561149986,0.030358191185961933
4676,0,0.003683160913522,0.004290525934988407,0.006472595687709127
4677,0,0.0034972303066283,0.0046999256975401105,0.004359404679086662
4678,0,0.0082281636264488,0.00811330488679373,0.008985163215030848
4679,0,0.005983209549678,0.008056938983548811,0.00773273647865755
4680,0,0.0041419801816986,0.006905670132536724,0.006682930695552042
4681,0,0.0135439962025448,0.018634158863542753,0.019801387787025476
4682,0,0.0116011984783411,0.008394591577520316,0.011516882970703439
4684,0,0.0046785078174202,0.008605231212644185,0.006641792022516807
4685,1,0.0128635940690887,0.01259886752091043,0.007719220882159577
4687,0,0.0044544819536818,0.004783832768834964,0.004740798605805272
4688,0,0.0029377838442598,0.00327442857673086,0.0037824650824885633
4690,0,0.0034761970249935,0.004326189691443334,0.004717717177235355
4692,0,0.0043602953669568,0.004593167440519074,0.006342049957047008
4693,0,0.0069201399556666,0.006949489244006924,0.007154986349521231
4696,0,0.0041548242217739,0.005147873733545078,0.006038294258702326
4697,0,0.0031634117333502,0.003576361060970959,0.0032606879179178493
4698,0,0.004188097980242,0.00571739214607436,0.0056052440833795165
4699,0,0.0065103985694738,0.006347563925769434,0.0053988884013062115
4700,0,0.0108075160534788,0.014462881607289767,0.009833971755818793
4701,0,0.0035559792570957,0.004598575295783188,0.004652650943295759
4702,0,0.002399765506322,0.003836197383319382,0.0041955419409192875
4704,0,0.0420343458547488,0.06438928530445137,0.034511518971973874
4705,0,0.0062665052642856,0.006285685662575676,0.006988549202368018
4706,0,0.0055514090000251,0.007770544535702483,0.007586289377730147
4707,0,0.002642875151801,0.0035899735586592037,0.004639996060063219
4709,0,0.0057071834983058,0.006026254194593564,0.0067428754515750705
4710,0,0.0272126615382214,0.030448838974707217,0.02494498137963679
4711,0,0.003407043247234,0.0044944479000105135,0.004999962687320388
4712,0,0.0074997172536693,0.009168655218496451,0.007858093339668379
4713,0,0.0042343793108338,0.0050026432092538,0.005307623414038103
4714,0,0.0190390517203414,0.0183381566305821,0.017776718943014663
4715,0,0.0053742883513287,0.005062122865943223,0.005586165233149981
4716,0,0.0067056956983919,0.007631152327391894,0.008385630790067614
4717,0,0.0032449417511876,0.003979640523370202,0.003456546748988912
4718,0,0.0319839354944457,0.03398320893783041,0.032656445417687155
4719,1,0.8317983964068492,0.8050872508629476,0.8176618550128409
4720,0,0.0043653623787228,0.0046290301713507375,0.0055838414230860835
4721,1,0.9057841462437992,0.9061155530317913,0.8802685904208638
4722,0,0.0024527862892815,0.004374969587839382,0.005359972204395706
4723,0,0.0493210912479164,0.05561609005631402,0.06012818536889053
4724,1,0.832711535545773,0.7741867651545775,0.8142546418642085
4727,0,0.0569262671162713,0.04402721687249468,0.03522662133392909
4729,0,0.0619959492022385,0.07069371438878896,0.052799901578104116
4730,1,0.9902885834049412,0.9913519834276044,0.9931195104419928
4731,0,0.0245320907065581,0.021492045941791563,0.015619826382367117
4733,0,0.1526238515283173,0.13599467607114818,0.13161234116743933
4734,0,0.0449659371389834,0.04634143738928122,0.032554905102671707
4735,0,0.1095133067114933,0.07884009686772599,0.07990894152343482
4738,1,0.921992263207052,0.9156700462892772,0.9031594910799244
4741,0,0.0037892166797524,0.004612691417445667,0.004866292276152366
4742,0,0.0340075812590884,0.03926503253949046,0.046041662713174475
4744,0,0.0266400361746207,0.0192935388730024,0.02933268313095301
4745,0,0.0488623773137724,0.042219265895592814,0.04136146771649366
4747,0,0.0142421978827429,0.012970799060510425,0.02134471438205896
4748,0,0.003586606560652,0.00459548016485577,0.004308446280998758
4749,1,0.9293864384207152,0.9152270583598187,0.9166801962430672
4751,0,0.0045286977420536,0.00457801218989494,0.007063459886482061
4752,0,0.0036979225481989,0.0034527736383313003,0.0032332372748548133
4753,0,0.004371595898056,0.004662013921051479,0.007092364981727791
4754,0,0.0022774825727398,0.002703732323037894,0.0030273525764642427
4755,0,0.0844357196330319,0.10705484455807975,0.12095882914452588
4756,1,0.9361215019349788,0.9226746108589905,0.9204478852826221
4759,0,0.0120211894548027,0.012930016395259494,0.012426922542381065
4760,1,0.9220142203397256,0.9013901403081848,0.8906659287086021
4761,0,0.0031439409136213,0.0028769664167262727,0.003330190578595224
4762,1,0.9399355526811491,0.9281335426274167,0.9072104410148292
4763,1,0.9182215923299446,0.9152063874962253,0.9205666177393843
4764,0,0.0372396243301803,0.03368888033175089,0.02292552634197291
4765,0,0.0698376886811407,0.06006085878051168,0.04674227033795329
4766,0,0.0077127587687003,0.006040662843819101,0.00674905890148966
4767,0,0.002358150785475,0.002570098658261799,0.002791869667124471
4769,1,0.9296330758683192,0.9072089547863538,0.894676356311603
4770,0,0.0055526143965893,0.0068877613720487165,0.00629388342468698
4771,1,0.9138928802116448,0.9065575318384544,0.8931043408591148
4773,0,0.0222323776812501,0.022046539224081018,0.014405212389601532
4774,0,0.0554589218101116,0.05163488706468275,0.039720640216690806
4775,0,0.0038726179227838,0.006941485467485545,0.004029594203606153
4776,0,0.0033590450019865,0.004131583143014628,0.0036062553908478875
4777,0,0.0028329437076731,0.0019676180026465652,0.003038833381733178
4778,0,0.0008956898623646,0.0009729443107653233,0.0010958151087402113
4779,1,0.2738216389717807,0.2911543425402864,0.33130324353561735
4780,0,0.0011818069444359,0.0015551047622597628,0.0019002115132553442
4781,0,0.0008599949413423,0.0010410083742169117,0.0017430096100532378
4782,0,0.0176727900575428,0.016282151127086485,0.022337908771021056
4783,0,0.0060343958688137,0.008885624015438538,0.008752198323219287
4784,0,0.0005794376004139,0.0007216957055312277,0.0006860815956487272
4785,0,0.0005107217177017,0.000525476147744377,0.0006160177743778882
4787,0,0.0003266150586267,0.00040303140411060965,0.0008008387690195951
4789,0,0.000741668679665,0.0006863224862538663,0.0007862265866595912
4791,0,0.0013588431761894,0.001597487352295846,0.0024718215279064685
4792,0,0.0009965228813667,0.001445271468124865,0.0017417237098667133
4793,0,0.0006323544625441,0.0007603466810811163,0.000812512927791983
4795,0,0.000643533384467,0.0006593664926287275,0.0006871420132892694
4796,0,0.003117399997588,0.0031334052075151337,0.003216801009499609
4798,0,0.0045187794755916,0.003993657591738092,0.004637366554397145
4799,0,0.0010627959029681,0.0018381358614570778,0.0026498512122429658
4800,0,0.0016375286709625,0.0032499582206116304,0.002615687525971255
4801,0,0.0068659177524607,0.006201694201268713,0.0065729199605847385
4803,0,0.008758958287294,0.009190539327041962,0.010620312249078312
4804,0,0.0008414087577498,0.00043783981886599864,0.0005618192560928342
4805,0,0.0011673493628627,0.002042604902523662,0.0019735052745815836
4807,0,0.0212697761366678,0.025938239141136472,0.022415085643387133
4808,0,0.0003431871648563,0.000499634273787315,0.0007014435945889295
4811,0,0.0022256348830284,0.0025265305112128584,0.0023220729093852838
4812,0,0.0044113793072758,0.0037217142838375443,0.006472702437543741
4813,0,0.0084958142011212,0.00841161391495909,0.008896112348348882
4814,0,0.0222197746032307,0.018083330399707852,0.01983200645544156
4815,1,0.9335197701529844,0.943209805011486,0.9318081243636611
4816,0,0.043864242449878,0.043321494159933485,0.040435282583324836
4818,0,0.0035082161409954,0.0032213976447533752,0.0039045482295783215
4819,0,0.0030526048344977,0.005028867217168915,0.004825766828555017
4820,0,0.001791775622253,0.0024503287875865054,0.002323543312278156
4821,0,0.0014418886786828,0.002160531626420024,0.0031479451015097902
4822,0,0.0305985305741186,0.04188209297557749,0.044835112619181536
4823,0,0.0038225337644098,0.005248504933535375,0.004702123457723368
4826,0,0.0023800269423996,0.003994264880375739,0.004470923056737832
4827,0,0.0060210263189545,0.006891642229004345,0.007906693687743296
4828,0,0.0740396796425433,0.06865281429059727,0.054443696596110924
4830,0,0.0038570703575123,0.004672943511372522,0.00561781734318465
4831,0,0.0048227627971272,0.005277179940386279,0.004857479217418286
4832,1,0.896939014937252,0.8836883730205622,0.8704687427054633
4833,0,0.0112443439779471,0.010835175155752243,0.01535304860155209
4834,1,0.7458121316315122,0.6897263211693057,0.7245872923747074
4835,0,0.0075829822947655,0.01006289325433635,0.008856602753475449
4836,0,0.0417832515330025,0.03884660489368122,0.029821571173809867
4837,1,0.9501166167667044,0.9460241805494629,0.9404875043446191
4838,0,0.0056585199123773,0.006358135095041693,0.006620228916548383
4839,0,0.001349365523158,0.0023602045391575965,0.004590640175910042
4841,1,0.9569096222113128,0.9473187031268924,0.9398037694601309
4842,0,0.0342026316622147,0.03925053897706506,0.0396971068775325
4844,0,0.0030991417729687,0.003831938722302123,0.003875869368605537
4845,1,0.9463693762876092,0.9334394195879808,0.9222291933851285
4847,0,0.0040120430751696,0.004957614067210946,0.005066826426231134
4848,0,0.0099452740612561,0.013508362832790465,0.008593388648944038
4849,0,0.0304349899724281,0.03630277146854377,0.03764322958128158
4850,0,0.0083334628712249,0.008106989501209479,0.00767192983187389
4851,0,0.028681867487583,0.03015461299524916,0.029286548603186698
4852,1,0.9136253262047792,0.8897526264723084,0.8908830300680242
4853,0,0.0022072272708479,0.0031559824759087363,0.0034582715581890668
4854,0,0.0042167959486496,0.005258883564378858,0.00567947910326201
4855,0,0.0025080156324968,0.0027009028524331673,0.003612300468298003
4856,0,0.3301290206530515,0.2924872276561776,0.2919728643730475
4857,0,0.000735900125972,0.0007829505870761957,0.0008088381636009207
4858,0,0.0004930868992762,0.0018184534265441312,0.0008198279437271153
4859,0,0.2922511681243598,0.25949024086556766,0.23598242282910276
4860,0,0.0007094412652038,0.0008346011947433668,0.0007784029343806417
4862,0,0.000768519693584,0.0007460037695161183,0.0008717360341870893
4863,0,0.4011778526611417,0.38867788387512336,0.40388761778003074
4865,0,0.0012875453577883,0.0007495146957495731,0.000781526216893058
4866,0,0.0004321874944331,0.0005062303104507696,0.000587172607359745
4868,0,0.0043554010634941,0.003764913562428817,0.005136382642997603
4869,0,0.0006145325549684,0.000817895940381606,0.0012380087992281468
4870,0,0.0003441733153575,0.0005683366777184335,0.0011663638890186282
4871,0,0.0009760439679901,0.0008839453726373324,0.0011822392110542668
4872,0,0.0002886919243878,0.0005398669259095205,0.0006012488717134426
4873,0,0.0176497103350911,0.017734689605636383,0.01633164486757139
4875,0,0.0006101003059788,0.0007259000069822485,0.000687199002226644
4876,0,0.0002893595106941,0.0004412824456405309,0.0005147241466569881
4877,0,0.0003882240129072,0.00043137828698063007,0.0009237508145242756
4879,0,0.0066023868764691,0.012118246602114434,0.009069302872893452
4880,0,0.0002640770780109,0.0004734865017272621,0.0005784382378494133
4881,0,0.0008267585429537,0.0008682660930232602,0.000965666261996355
4883,0,0.0003932456334835,0.0006310373273334736,0.0007943602093320663
4884,0,0.001327197767301,0.0012141505879856508,0.002022756619199258
4885,0,0.0007829225324618,0.0013303562811966135,0.0012485465492856366
4889,0,0.0020900390954359,0.0011457570709337249,0.0008912101984778573
4890,0,0.0007730703512371,0.0008231283157857335,0.0021592304517729166
4891,0,0.0008303230913306,0.00100746229932669,0.0010671809160723478
4893,0,0.0024133102376416,0.004112137642217137,0.003619336360091717
4894,0,0.0023970831574077,0.003664115051854323,0.0018990990454776629
4895,0,0.00067333681881,0.0016979375677754808,0.002673961187369689
4896,0,0.0433734450057817,0.07819179907650937,0.06742893413192314
4897,0,0.0105815611817593,0.013560864316778387,0.011316013834529291
4899,0,0.3023119287642156,0.3098033931078933,0.2891744680016845
4900,0,0.3416370855384463,0.2889261092416342,0.30444305327850907
4901,0,0.0849434179505077,0.08765099994915493,0.0948196382672949
4902,0,0.0521580792056762,0.048005428440610565,0.06500710405677666
4903,0,0.4032404097264783,0.39968800766701956,0.4527441653364593
4904,0,0.0011630274279355,0.0019378536864843201,0.0021694449977322852
4906,0,0.0100188007808764,0.010692062665967948,0.016490833959956604
4907,0,0.0011752915046012,0.0016810764644077049,0.0021694762941605744
4908,0,0.0007204663263826,0.0006939453495228435,0.0008452388582247184
4909,0,0.0058947678870268,0.002857014150676455,0.004406137472349467
4910,0,0.0019689053984746,0.0009730643748544813,0.0011440223535366988
4911,0,0.0003600311209347,0.00044570036770728556,0.000596722681164172
4912,0,0.0007967522618233,0.0007724455420903021,0.000859076709993259
4913,0,0.0006834956683451,0.0006519416740603506,0.0008187421558848444
4914,0,0.0003958878984446,0.00044825580961202276,0.000575676430691349
4915,0,0.000372501119639,0.00043982083608303245,0.0005852352334765323
4917,0,0.0002827926915188,0.00040211069721013415,0.0011130892535405443
4918,0,0.0006525647809704,0.0007008783085800129,0.0008454845221895723
4919,0,0.0005561598374942,0.0006143654966036761,0.000739795239845346
4921,1,0.9810537293668292,0.9766325583109198,0.9763443546223616
4922,0,0.0081957452593615,0.008392953210980068,0.006990950693855522
4923,0,0.0006004765753837,0.0005520802809655512,0.0007234618865509914
4924,0,0.0008523733453709,0.000907128307872544,0.0011670266854996482
4925,0,0.0003431356244037,0.0003783235051543662,0.0005246985707580307
4926,0,0.0017002051530454,0.001210891578802672,0.000724666024910792
4927,0,0.0003547742381028,0.00041530562373810764,0.0007870954085481398
4928,0,0.0018369617281295,0.0019026787860091127,0.0009762537995834169
4930,0,0.0210472093317475,0.01876115502664207,0.021838146334658057
4931,0,0.000864023245045,0.00092693932161229,0.0010559315242524697
4932,0,0.0006259882573761,0.0007697652503590171,0.0006982508809983699
4933,0,0.0024261313043874,0.002672723169320876,0.0028757228290883035
4934,0,0.0007557280770615,0.0007186228591977563,0.0008471213810116065
4935,0,0.0008614217017599,0.0003743073015932101,0.0005084517130967295
4936,0,0.0005666161588064,0.0008560930251469388,0.0008027310433579155
4938,0,0.0003621746156661,0.0004149233239554319,0.0008708336962988424
4940,0,0.0241297341212,0.024551156905925176,0.02573877264241453
4942,0,0.0005398260627547,0.0004833498298310232,0.0005827513581763104
4943,0,0.0005811173537219,0.0006591516845565027,0.0006813021388741763
4944,0,0.001402709964731,0.0029909558660914763,0.0013541862578082108
4945,0,0.0002993710145959,0.0005164954549085635,0.0006557710978329775
4947,0,0.0003696396883763,0.00040947454293484634,0.0006020611786179489
4951,0,0.0021377457409191,0.0010250386617410919,0.0012925966915271437
4952,0,0.0006053118497287,0.0006708769734332714,0.0007923715696627568
4953,0,0.0050293718457529,0.007224822519519606,0.005518395238266203
4954,0,0.0013497599067192,0.0007380555360622557,0.0009130352210831713
4955,0,0.0032097507383717,0.0016933109135921609,0.001741506672988339
4956,0,0.0115366054965096,0.014704030829158105,0.0136466582746009
4957,0,0.0016373861914102,0.0021856617193402534,0.0020938312711695486
4958,0,0.0006398931540447,0.0006469381107694146,0.0006929139071118243
4960,0,0.00042281185768,0.0007205296698235828,0.0013419432925712736
4961,0,0.0340582358695736,0.03302501175923263,0.03469148821016062
4963,0,0.0034149683749062,0.0032269577036566476,0.0035265077036040044
4965,0,0.0006797778396365,0.0007800426080711842,0.0009368308939633207
4967,0,0.0010545248666706,0.0009750368646007526,0.0016755564007911849
4969,0,0.0009533435904387,0.0013417314877474389,0.0010553683077362806
4970,0,0.0008615988802843,0.0008818755405334969,0.0010382987793548745
4971,0,0.0004838330721631,0.0004723732634593054,0.0008902376613305213
4972,0,0.0011927618884018,0.0010716001590496903,0.0012442364549654365
4973,0,0.0008702854997958,0.0007761272056492367,0.0009139363349055956
4974,0,0.0018456001655349,0.0023845589068405082,0.0019224208561840316
4975,0,0.0028102170414239,0.003793930380501698,0.004556138320289966
4976,0,0.001420805974059,0.002245251851671809,0.0019181510296423887
4977,1,0.8149755744398339,0.8217396398076505,0.7648572250333388
4978,0,0.0026390018981094,0.0024736072183869392,0.0017442301857982664
4979,0,0.0026068659079624,0.001957785878206256,0.002494509512711374
4981,0,0.0044236096450302,0.006911237870720658,0.006565027704892744
4982,0,0.0408939031699647,0.0596639610768562,0.059997357233878744
4983,0,0.0582102424996854,0.052049960508387415,0.07261923400685323
4984,0,0.093112602064765,0.09822649726782275,0.06986789572738371
4986,0,0.0480892081771225,0.033947087187711715,0.03849634867162539
4987,0,0.0004721642040695,0.0007037472318093729,0.0007616396904444701
4988,0,0.0091653354225747,0.005730564876456437,0.007594923603473178
4989,1,0.848163517197098,0.8577654799297816,0.8450840519874484
4990,0,0.0006288049946199,0.0008297496368036335,0.0009747735128427587
4991,0,0.0029125595849674,0.004160953778249799,0.004944925738431532
4992,0,0.0006765654048171,0.0009418214764012175,0.0009819932953363964
4993,0,0.0005831740255082,0.000598635854088155,0.0006332941933174489
4994,0,0.0004099613806777,0.0005916753202557913,0.00106603057158996
4995,0,0.0016791019582674,0.0009556517328104294,0.0015829312658968333
4997,0,0.002052563656615,0.002730708192949355,0.004057474356745189
4998,1,0.8711542956411704,0.8656011079116577,0.8619292284026178
4999,0,0.0004944131583084,0.0007965624023442703,0.0007650728690102208
5000,0,0.0003430341155347,0.000348589418721918,0.0007645850642023671
5001,0,0.0002574444824313,0.00042054721255422917,0.0005384120169208313
5002,0,0.0007917304055285,0.001793612380351293,0.0015586209269790484
5003,0,0.0005024042936614,0.0007432776815436111,0.0007469014641448633
5004,0,0.000798664857258,0.0009724003533813507,0.0013431723512512053
5007,0,0.0076511419116957,0.01038581571246053,0.009962009888358117
5008,0,0.0008046739099079,0.0013713578927086224,0.0021104403382342864
5009,0,0.0017104305510039,0.0011737861188286362,0.0017692686937545745
5010,0,0.0005303975057371,0.0005749873883866766,0.0006152241584207211
5011,0,0.000270056397542,0.0004427766537485026,0.0005621583891196312
5012,0,0.0002878216512062,0.00036932495762612074,0.0005327913328672864
5014,0,0.0003045317505559,0.00036781741481120485,0.000734946843667589
5015,0,0.0006584189266897,0.0006709232203828193,0.0006840740079139079
5016,0,0.0008255661176047,0.0007803510551713389,0.0008151484955561836
5017,0,0.0017420223675757,0.0022202433509545525,0.002453776779441103
5018,0,0.0005869175549002,0.0009005136784702361,0.0008771241767419136
5019,0,0.0006645572815777,0.000685296608583956,0.0007679983253671655
5021,0,0.0005059595169313,0.0005202189123524547,0.000641083555752069
5023,0,0.0014230941820537,0.0031190939226823635,0.002093545662929773
5024,0,0.0003333164381541,0.0003905971332815269,0.0007688408597994379
5025,0,0.0007767322317525,0.0009556140493626213,0.0022143116860068863
5026,0,0.0007642222536729,0.0006401748299320964,0.0008514701381638647
5027,0,0.0005499587368201,0.0008609134784928636,0.001070701568922465
5028,0,0.0057397858648916,0.004855778253955157,0.005706534049028904
5029,0,0.0003855487345467,0.0004917018863233149,0.0006550738818299442
5032,0,0.0005017905967354,0.0004956981084344152,0.0009693644909458983
5033,0,0.0006767178028897,0.0007359904329162659,0.0007921700431531484
5034,0,0.0004329121230066,0.0005515088244646137,0.0012686519900485874
5035,0,0.000416927716611,0.00042742332602378015,0.0008792059057834855
5036,0,0.0004283626453633,0.0004716022436842314,0.0008861991406150358
5037,0,0.0002390852782044,0.0004022589956282147,0.0005180737232207706
5038,0,0.0005655549808392,0.0005976705631593664,0.0008335469883911355
5039,0,0.0003547317650487,0.00047273120837697485,0.001050598225091086
5040,0,0.0005007671825609,0.0005912689054548639,0.0012609444799193254
5041,0,0.0005752570601305,0.0008010499927768588,0.0009852834001895536
5042,0,0.0029507954173428,0.003938868093948024,0.006529061853718602
5043,0,0.0003996371175524,0.0004445903624285098,0.0008875269665550084
5044,0,0.0004033454352946,0.0004632296201110466,0.0009459402898237922
5045,0,0.0018546510990588,0.0026955468764455212,0.0038606311411215908
5046,0,0.0006295805553697,0.000722621275744607,0.0011375194109243165
5048,0,0.0004163070918179,0.0005141630176810995,0.0006385758921301946
5049,1,0.877521932254228,0.833454124294654,0.8613738485278555
5050,0,0.0014976688064845,0.0015266119349259953,0.0024525144522421147
5051,0,0.0011537947587248,0.0015221982560220202,0.001005463531987653
5052,0,0.0010076951967881,0.0011142444205954629,0.0011639524686153503
5053,0,0.0009655588729339,0.0017176295348959169,0.0019462830888858273
5054,0,0.0005667995357711,0.0011541126492297432,0.0011258567662467424
5055,0,0.0005738692730287,0.0006031956568062038,0.0006463655330180736
5056,0,0.0097458386191172,0.008968050654642006,0.01010140939793968
5057,0,0.0098414189637095,0.011186041912836894,0.010899323463350308
5058,0,0.0070323678589182,0.00755584376785454,0.00840791566306359
5059,0,0.0009138818389535,0.0008701609182296504,0.0011597339360402753
5060,0,0.0069196691693882,0.0033798267254903118,0.004764681746299167
5061,0,0.0006859371042261,0.0006551071835941589,0.0019328490776078671
5062,1,0.9708409162523016,0.9681978165354453,0.9750450107006605
5064,0,0.0022282192452378,0.0015409265217223812,0.002172273264176877
5065,0,0.00270957859961,0.002315043021414015,0.002523604035064198
5066,0,0.000607294932338,0.0005976100703260079,0.0006892936536489082
5067,0,0.002214793577821,0.001330827111643651,0.0014280382394447448
5068,0,0.0047708772645812,0.005759194266519631,0.005525359454134133
5069,0,0.0007861035991863,0.001256256271791706,0.0015592347164572278
5070,0,0.0144196703321135,0.01540071740943505,0.016422106875438942
5071,0,0.0003457443530112,0.0004330691457303172,0.0009410255724505571
5072,0,0.002182968713776,0.0023337733091224173,0.0034576869371428826
5073,0,0.0027059523491059,0.003372417050612747,0.0028646715343993512
5074,0,0.0023433358908681,0.0029715244813776393,0.0018288942561552556
5075,0,0.0005664815425961,0.000629872852080784,0.0006587076952767959
5076,0,0.0087119061752512,0.013078886536888818,0.013189765817346658
5077,0,0.0007044262381673,0.0009860752484518072,0.0013555622373310466
5078,0,0.0005321191253347,0.0006021174492832919,0.0012323426987716373
5079,0,0.000629174544635,0.0006847268679649047,0.0009274627042390987
5081,0,0.0012667593906947,0.0018865524158169777,0.0022316125409382772
5083,0,0.0003244084890919,0.00033125955758852394,0.0007095642408186416
5084,0,0.0038931743274626,0.0061005586694803,0.006510046838970529
5086,0,0.0070830688215487,0.013900661964707827,0.011803393764034047
5089,0,0.0004166231905954,0.0005381297363370177,0.0008855307156404506
5090,0,0.0004156647088524,0.0005612039462249752,0.0008574798132926949
5091,0,0.0005371692229558,0.0007905823284789718,0.0009547947891834318
5092,0,0.0048680621962869,0.006725058422377829,0.009865014374939987
5093,0,0.0006549539459979,0.0006518237262264128,0.0008044715463804693
5094,0,0.002317933990412,0.002982903844917601,0.003884585276897707
5095,0,0.0003881222311519,0.000481925514621918,0.0006665153435891955
5096,0,0.0013241773201333,0.0016402740866031025,0.0024855136356115633
5097,0,0.0006307962928389,0.0006768681454617661,0.0007953038804563431
5098,0,0.0003530651585684,0.00049831122258723,0.0006731997975095027
5099,0,0.0004160913317855,0.0005691870330196103,0.000940772812404263
5100,0,0.0018362540199353,0.005405109789453952,0.0025165372864975025
5101,0,0.0021757888767635,0.0034192756546547413,0.005974158819761301
5102,0,0.0006581049695551,0.0006829013360020752,0.0015335055948258584
5103,0,0.0002571250726105,0.0003261731843440441,0.0004800259366109225
5104,0,0.0007334004331039,0.0010177936594356323,0.0015335458966966764
5105,0,0.0007016212022824,0.0009886736911408338,0.0012925017017945063
5106,0,0.003765282147545,0.005848107501331429,0.0059609304028140405
5107,0,0.0002661412267349,0.00038023821762508167,0.0005302643958505099
5108,0,0.0006013035461019,0.0013693317865215975,0.0011284256994483792
5109,0,0.0008187580800573,0.0011823824013073544,0.0021946684648922006
5110,0,0.0049802195658903,0.006923633398111415,0.004033533549934425
5111,0,0.0008249688097949,0.0009265422711057258,0.001061879483174989
5112,0,0.0005090629294311,0.0007163148951045003,0.0009319333617536709
5113,0,0.0017094720362035,0.0012326920849533773,0.001732621958321042
5114,0,0.0035560182057206,0.0035898743446492257,0.005808217636927194
5115,0,0.0233587845529379,0.01873211635128219,0.027908924214163747
5116,0,0.0297691059546648,0.051675039022759606,0.06930572295933012
5117,0,0.0573836612482765,0.07202313046275133,0.08538340789909399
5119,0,0.0007545673669574,0.0008422670481422826,0.0011403802380185297
5121,0,0.0006644165310692,0.0007541628407644256,0.0012178166341510733
5123,0,0.0003126977782814,0.0004234607013832926,0.0005879386601261192
5124,0,0.0005886474284199,0.000610328316419173,0.00167958390920344
5125,0,0.0008448505378394,0.00122744503844138,0.0019507145487005066
5126,0,0.0047803277949824,0.008016305548296802,0.011269436284405751
5127,0,0.0003110169184721,0.0010062293967923615,0.0005194794104893994
5128,0,0.0474234597157446,0.05344071607086813,0.06504064402122749
5130,0,0.0006139199619158,0.0013079558777646305,0.0014333098376364574
5131,0,0.0005314590477748,0.0004928310224841182,0.0009477077542593844
5133,0,0.0047153077238074,0.0053650536172970805,0.007590353791436941
5134,0,0.001947600393335,0.001267745901229089,0.00142027631494462
5135,0,0.001809509561444,0.0037607567421694813,0.0048542037811225135
5136,0,0.0006872947120577,0.003119990011174813,0.0028862747864094864
5137,0,0.0017642010064916,0.0023781358702105104,0.002496750993798452
5139,0,0.0017187437670967,0.002021169342888198,0.0031300829619361763
5140,0,0.0208937129202076,0.019899381704189287,0.020826416445158574
5141,0,0.0128376540698678,0.011195863577568164,0.00910370163279587
5142,1,0.0149220891300438,0.01625334264454766,0.018536248972585614
5144,0,0.0005494628426239,0.0005367784907421935,0.0007214465574120709
5146,0,0.0002135163530742,0.00030888034066533436,0.00048217412821062705
5147,0,0.0002348789563305,0.0003505991674468731,0.0010995842703108876
5148,0,0.0043944521524639,0.007131425335899791,0.011312498608738005
5149,0,0.0072656077021008,0.00813361403856789,0.011700005416975337
5150,0,0.000497859519937,0.0006332966601499317,0.0008401522639410255
5151,0,0.000248393533723,0.00043615716125052086,0.000609032317449559
5152,0,0.0027006551978963,0.003265328190437971,0.005013823520615029
5153,0,0.3214468093513996,0.35854802547338527,0.35962809878462126
5154,0,0.0003177106724283,0.0004043136358864373,0.0007724592759007377
5156,0,0.0005063805708747,0.000543800012463587,0.0007521253151041777
5157,0,0.0005349439687839,0.0005858770379817517,0.0006566670062610463
5159,0,0.0005537220427765,0.0008615446180466504,0.0010094826304184478
5160,0,0.0007912761686454,0.0014646678595084503,0.00098928474181172
5161,0,0.0017343393781044,0.0020002637236365335,0.002251975050509494
5162,0,0.0011965027814502,0.0009399389402147627,0.0014957736212681345
5163,0,0.0005084375576539,0.0006285971431570247,0.00094974232231199
5165,0,0.0004974239503461,0.0005278817226462868,0.0006771366057145184
5166,0,0.000542414232509,0.0007378899836379323,0.0010933055325802344
5167,0,0.0004866967636728,0.0005624342498318418,0.0007949898895538367
5168,0,0.0001940042056257,0.0002999819506590321,0.0004628403591730771
5169,0,0.0008740584678588,0.0008952435618813387,0.000946212501614325
5171,0,0.000710322844576,0.0007459996373640515,0.0008927527541824252
5173,0,0.0003007883172662,0.0004253272970497879,0.001017891910096568
5175,0,0.0029484328543848,0.004005136333455107,0.00363169219204395
5177,0,0.0010449514448575,0.0011308761614843574,0.0011511065937191665
5178,0,0.0036582601017905,0.0032216327724265874,0.003139397416197059
5179,0,0.0005305641492591,0.0008484852279648632,0.0008965571256381816
5181,0,0.0004733214586626,0.0008172966758546004,0.0010149353466627463
5182,0,0.0008407397571643,0.0008319958968961513,0.0008380635796299098
5183,0,0.0001894613231519,0.00030480055195540937,0.00047090956335850745
5184,0,0.0004572638835395,0.0006824656138358614,0.0014442277900596364
5187,0,0.0022599841440306,0.0021010161590506136,0.002736161855175886
5188,0,0.000507135062522,0.0007516075758541473,0.000834263530638174
5189,0,0.000481091186067,0.0007761319768090712,0.000963173186860528
5190,0,0.0011335059203231,0.0015448064514746352,0.001953372522123079
5192,0,0.001333778122073,0.0018127419615421138,0.003421614474863893
5193,0,0.0289118816808276,0.03440064731856736,0.0395190101736064
5194,0,0.0015818669725442,0.003015125694971061,0.002626576690875274
5195,0,0.0003736417433792,0.00046278416389892443,0.001126797174057657
5196,0,0.0006430491072595,0.0007769901022398687,0.0009133718308329778
5198,0,0.0007144680517383,0.0007192145693554604,0.0013572456387496907
5199,0,0.0015045082462537,0.0017845015484414433,0.002304575665597948
5200,0,0.0005081632419192,0.0005132471331210788,0.0009914286867886918
5202,0,0.0034605117711067,0.003465756611837384,0.0036559807068604717
5203,0,0.0030470812970518,0.005740272553418293,0.005124382195520767
5204,0,0.0007146846339384,0.001218852818434308,0.0008637454117900885
5205,0,0.0010183429264667,0.000855562490852972,0.0010033633824121973
5206,0,0.0008886277471147,0.0004909991782380666,0.0012013164205228485
5207,0,0.0008167100718217,0.0019462198051701358,0.0007207305529567915
5208,0,0.0005810475282207,0.0006310037839435392,0.0009699649844182072
5209,0,0.0019216939980663,0.0010696136892740312,0.0013001440007873479
5210,0,0.0011448044293724,0.00078761569669121,0.0009386646080567092
5211,0,0.0021707836378327,0.0015693082652016145,0.002425262703347162
5212,0,0.0013987065441617,0.004876996740758691,0.003701922606050019
5213,0,0.0027314960686238,0.002671118794704881,0.005620910361260069
5216,0,0.0010700787558921,0.00154713460240393,0.0013961694675103838
5218,0,0.0042582112930098,0.003657452607046369,0.0029743578376484952
5219,0,0.018567454530543,0.016658863924504844,0.01998341396310551
5220,1,0.9849196638302744,0.9811889055347969,0.9802841718012962
5221,0,0.0097104923583799,0.011686608963627401,0.010989714255234772
5222,0,0.0393091448231492,0.02249709001430571,0.045412090402562943
5225,0,0.0002047972978844,0.00031548642133865317,0.0005017604063357973
5226,0,0.0034362017484391,0.002914911280479995,0.005135718493628909
5227,0,0.0025508931718755,0.003110560381755056,0.00393394288752873
5228,0,0.0005553681768635,0.0008416322698492661,0.0018274213155903092
5229,0,0.02149048106949,0.02878232682617104,0.02622969488088181
5233,0,0.0030586608178625,0.004256914498794852,0.0033856560521678433
5234,0,0.0003432600703352,0.0004972692259020168,0.0013066355884378924
5235,0,0.0005509091130528,0.0007666493163268977,0.0019040419638924654
5236,0,0.0003639547501484,0.00039095454879475595,0.0007948322068369816
5237,0,0.0022341781867579,0.0016738789003582603,0.002538071162811783
5238,0,0.0004345202328103,0.0004370698393750421,0.0008009935411846574
5240,0,0.000515319463753,0.00046979688976602233,0.001090373656571485
5241,0,0.0005477654749343,0.00047669024932985124,0.0005485361722348702
5242,0,0.0005396680295215,0.0006411285203095783,0.001233225128897411
5243,0,0.0002926904261795,0.0004375331048410056,0.0006547286818904043
5244,0,0.0001640728992036,0.00030810322839603516,0.0005043285734987441
5245,0,0.0004748246226993,0.00043451416640747585,0.0005358994162546631
5246,0,0.0004373524641954,0.00044184082042281653,0.0005769562968720457
5247,0,0.0002203008729598,0.0003231577566449998,0.0005463941656774103
5248,0,0.000669748917969,0.0006563465556208518,0.002046961314496728
5249,0,0.0006482259022349,0.0005590829196918123,0.0005891287195794832
5250,0,0.0011350594464792,0.0011813189549285657,0.0013216788087939317
5251,0,0.005958848126002,0.006035069405828033,0.007523992293433995
5252,0,0.0035770963987292,0.004923423673167537,0.004955153612461205
5253,0,0.0071960269751638,0.006658201935137077,0.010460972483020931
5255,0,0.0004931926921075,0.0008130176738237264,0.0009025546181829853
5256,0,0.001900611835077,0.0017782715136299516,0.001711495737390611
5257,0,0.0019301819749464,0.00223893614220486,0.0025246748240693
5258,0,0.0005778039868015,0.0006118426086196814,0.0006694030523084158
5259,0,0.0023065522459304,0.0017076544084275933,0.0018223766705582707
5260,0,0.0005606970337627,0.0006138915143250366,0.0006935104413340251
5262,0,0.0005307466909144,0.0005213808347059347,0.000647923123406393
5263,0,0.0006021448596248,0.0006817810352026443,0.0007505494467882374
5264,0,0.0005706612509649,0.0005448011501194653,0.0006053804282729349
5265,0,0.0031165758896243,0.002972220088406595,0.005176478552244609
5266,0,0.0003123707508541,0.0004273833793897849,0.0005275150976928743
5267,0,0.0006797783443051,0.0007823253950720833,0.000821510160943441
5268,0,0.0023509077686109,0.002007342242650776,0.0014372457390917743
5269,0,0.0021309209940509,0.0019607942161293922,0.0019444339914737932
5273,0,0.004109367072986,0.0034238967282531783,0.0018689436341083874
5274,0,0.0012401361280421,0.0014920155547215263,0.001971279607467957
5275,0,0.0005126561780269,0.000723037207025819,0.000822558983108229
5276,0,0.0011424169963334,0.0007821636228221614,0.0011388546819888097
5277,0,0.000244433298747,0.00034745763947775446,0.0005028021604303009
5278,0,0.0008433518094327,0.00038210428046886284,0.0005348492038220269
5279,0,0.001069895934566,0.001597434079940775,0.0010142734705890757
5280,0,0.0005674383022763,0.0005827321450207312,0.0007210469890036532
5283,0,0.0021438000204738,0.0014553207272412867,0.00259423884482975
5284,0,0.0008171400932402,0.0003429815078039767,0.0010763430058431435
5285,0,0.0013236146883985,0.0015577863978265163,0.001690204804784137
5286,0,0.0005866669428984,0.0005794091855856028,0.0006724189520230056
5287,0,0.0007467781107903,0.000782228595826874,0.0013774873437568192
5288,0,0.0008955804912123,0.001113736165653659,0.0013496040189276371
5292,0,0.0025651948189533,0.0039436471453947065,0.0037766270746936448
5293,0,0.0005304929412487,0.0004701339529200138,0.001482537880502738
5295,0,0.0026141553862981,0.004459948711348328,0.007593491264144909
5296,0,0.004944415264823,0.006113504987549156,0.010161523282841204
5298,0,0.0032114840664429,0.0035938965737249556,0.004015808686623246
5299,0,0.0017064009267003,0.0020810122940791553,0.001974624026265144
5300,0,0.005064160559094,0.009248182855692927,0.008398419044862795
5301,0,0.0035825787604016,0.002418849838766333,0.0025481176441435292
5302,0,0.0182087293627832,0.02291879882546828,0.02510259671517012
5304,0,0.0018077202567937,0.002082326713144372,0.0038734082622834975
5305,0,0.0060680688437843,0.003950279766544166,0.0063756191985556935
5306,0,0.0034003687160688,0.003763014875851939,0.005220335885332863
5307,0,0.1022867955389177,0.062478486815349066,0.0984155082879872
5308,0,0.1357393856934679,0.148067959456057,0.13480088946607283
5309,0,0.0420762246324696,0.031067895930241382,0.029167951347825474
5310,1,0.0334529233169335,0.030901718662026054,0.03151853424302816
5311,0,0.0011585595241795,0.0017200237018890762,0.0011184752618836854
5314,0,0.0007067596267599,0.0006296177495630469,0.0012714354379632308
5315,0,0.0010159830494028,0.0006830027584668633,0.0006950506077558248
5316,0,0.0036440845861399,0.001605902678315022,0.0017215605978013855
5317,0,0.0004942952486167,0.0007072130867944256,0.0012551397043866147
5318,0,0.0005196037897784,0.000732385939926239,0.0007229845857656792
5319,0,0.0005630010824148,0.0009291596425512378,0.0010324606502861555
5320,0,0.0027600454700108,0.002711341505107767,0.0026040272843407355
5321,0,0.0110195539624432,0.010778941863491312,0.013129187586923684
5322,0,0.0006661261881997,0.0008319096695308709,0.0014885998323007669
5323,0,0.0048684952979896,0.006793836822367669,0.0082585266417672
5324,0,0.0009284044845085,0.0009699143742847214,0.002961913127295151
5325,0,0.0020485177786211,0.0027821049615056556,0.0007767741336401377
5326,0,0.0004735201377189,0.0007652437101190938,0.0007594097316741032
5327,0,0.005285738541641,0.005616823528565102,0.004188919009114493
5329,0,0.0012497489512651,0.0015711286896343598,0.0012906601446395572
5331,0,0.0004385166741999,0.0007049288403089489,0.0007641647177119187
5332,0,0.0007102564751318,0.0007376992869043896,0.0009052329473226027
5334,0,0.0024897456518242,0.002665988077320673,0.002998358676784346
5336,0,0.000381133194381,0.0004319891749310102,0.0008482181624213851
5338,0,0.0005292431862836,0.0005160304507668159,0.0010167477049795378
5339,0,0.0006764467952402,0.0006619840811781082,0.0007409711112142779
5341,0,0.001177943921429,0.0016706275269583325,0.0016306727498081601
5342,0,0.0031382606318614,0.0019370405184473988,0.003053489084283735
5344,0,0.0003161563244562,0.00036849086302181,0.0008003631521975933
5345,0,0.0027602614341447,0.004880123058588719,0.003558452344796755
5346,0,0.0032309308326377,0.002114939773769705,0.0015087552215225233
5348,0,0.0205443126836222,0.02608859147648533,0.026762925424365928
5349,0,0.000606381549589,0.0006391363183744826,0.0007081089549780988
5350,0,0.0005010389482371,0.0007004592344598625,0.000720896712713456
5351,0,0.0003510499725968,0.0003802322593049683,0.0007641933610501247
5352,0,0.0005672607805719,0.0008198919793800801,0.0008402965821664038
5353,0,0.0005017779549823,0.0004916724242647295,0.0006009288533376878
5354,0,0.0006608676327736,0.0006545911339946594,0.0007379843852464835
5355,0,0.0006078599043297,0.000627134356528384,0.0007696817965662322
5356,0,0.0072602244661338,0.010305994440279242,0.009928146913722161
5358,0,0.000288102075532,0.00045608574446217236,0.0006335363382101721
5359,0,0.0002435938435659,0.00035646354099229475,0.0010390316568032168
5362,0,0.0004945026926398,0.000572405150255974,0.0011705233448623751
5363,0,0.0058327765672112,0.01091850901374352,0.010794449815168205
5364,0,0.000608802309203,0.0005650133185717298,0.0007094267937219837
5365,0,0.0004808241502898,0.0005632072869550383,0.0006197959062076264
5366,0,0.000393882149586,0.00040102689605722806,0.0008798663059444796
5367,0,0.0014748333971297,0.002914877731279323,0.0019344067823274529
5368,0,0.000463805317447,0.0028541118199595333,0.0012561726537979607
5369,0,0.0006757432647851,0.0008700767816165319,0.0009524240040585465
5370,0,0.0010560890600856,0.00047080541939899495,0.0009170820662121814
5371,0,0.0006132938488936,0.0006146503772571249,0.0007111035014018099
5372,0,0.0025709434585992,0.0017706871022358309,0.0019076013999688888
5373,0,0.0010895794291705,0.0012176780437754367,0.002107692382984426
5374,0,0.000518195184047,0.0006510896050468163,0.0007106432165642208
5375,0,0.0007816055303163,0.0007255039110922381,0.0010355965703275575
5377,0,0.0281383843536231,0.03400479288437581,0.028505548228915687
5378,0,0.00092602450496,0.0010772547788872623,0.0011929948158201369
5379,0,0.0012515282374923,0.0007498334519691073,0.0011928703607360302
5380,0,0.0012724527628599,0.0019617768287962423,0.0022906419254346503
5381,0,0.0006038730259712,0.00183053981610209,0.0009512741856825076
5383,0,0.0054419614795248,0.006080093689947934,0.005170103464667878
5384,0,0.0089863466823401,0.00880076700100605,0.008094759313039369
5385,0,0.023226512135094,0.029074782386293904,0.029260339391229302
5386,0,0.0301291509198868,0.025929864478805548,0.03191680048631248
5387,0,0.0511238444855144,0.04185847936458326,0.03645506820577789
5395,1,0.9853190224386432,0.9852063398921145,0.9900022827216879
5396,0,0.0322274687730931,0.02541321304090477,0.02779381211161021
5397,0,0.0377267390477649,0.033672390419214354,0.03033758871510416
5398,0,0.6013057904111152,0.5867235865205765,0.5930760898131232
5399,0,0.1556870768978328,0.09375159077425743,0.0884522392642795
5400,1,0.6549341799580922,0.607505970911866,0.6096803107513407
5401,1,0.943744697669564,0.9476914380673258,0.9529722258936718
5402,1,0.702818882900826,0.6421730489234673,0.655742806725558
5404,0,0.0038222555973473,0.0008380277859313318,0.0008508245713613099
5406,0,0.0020180265745026,0.0018242016668451534,0.0020397916120176393
5408,0,0.0040812944157886,0.0007565695882129081,0.0008010911121064673
5410,0,0.0010893164536256,0.0008989436269640902,0.0016924640210163292
5411,0,0.0071229315978206,0.006025046708521004,0.007719778842378136
5412,0,0.0004859538546983,0.0005253988362163497,0.0005499499104083923
5413,0,0.011106133255192,0.007296655856843409,0.012896231636505929
5414,0,0.0004555806717787,0.00047910206843478173,0.0005166363655679733
5415,0,0.0001999500524687,0.0002740366858410112,0.000409499379572724
5416,0,0.0007150379126663,0.0008220492241866198,0.00086643722748844
5417,0,0.0002964513720276,0.00024803998108786994,0.0009576068620980681
5418,0,0.0009398378622168,0.0010823088984674403,0.0016665826012505127
5419,0,0.0009899986657519,0.0020018078800042574,0.0014510160495884614
5420,0,0.0039388415780953,0.0035281069939135457,0.005163597029219353
5421,0,0.0003565354691675,0.00040304786848752107,0.0007971033103482352
5422,0,0.0002373999844192,0.0002975941290899579,0.0009656487982207731
5423,0,0.0013016314695973,0.0011810907363839587,0.00136175378221678
5427,0,0.0004502047556314,0.00046350404199711314,0.0005189865917307461
5428,0,0.0007064399626249,0.0008410579221562967,0.0012300064209106122
5430,0,0.0002105773711072,0.0002984361017534813,0.00046403633363068235
5431,0,0.0002558669374661,0.00040066690753375836,0.0005093541272884034
5432,0,0.0004529785336977,0.0006990219845140782,0.0007380026433224363
5433,0,0.001058832235672,0.0015837468595888778,0.0016066626104594087
5435,0,0.0008087961030502,0.0018718581948837653,0.000807345927128084
5438,0,0.002447675654644,0.0024542565799376263,0.0026964555441700636
5439,0,0.0004320683633736,0.0004305372598076412,0.0005192600534905603
5440,0,0.0002360446728111,0.0003558431697716539,0.000525159799201101
5442,0,0.001510363303768,0.001755528110508442,0.0022129214836159924
5443,0,0.0039958476605833,0.005853207468221118,0.006878009294111705
5444,0,0.0020143126840226,0.0013917927941380513,0.0023296505875279832
5446,0,0.0004631660262083,0.0004292928087521909,0.0005233119164017861
5447,0,0.000235671454615,0.0003480633003181555,0.0004320994832673894
5448,0,0.000538541945953,0.0007448256865843136,0.0007918863707856876
5449,0,0.0005017163043813,0.0006922969400273751,0.0007604131637577634
5450,0,0.001652814205206,0.0016501317975622276,0.0025065887616380744
5451,0,0.0003853277484049,0.0006072929290028262,0.0007598650955203765
5452,0,0.0055071605979994,0.00835703141132928,0.005882655256971749
5453,0,0.0005426801639342,0.0007803118829153043,0.0007886682675217605
5454,0,0.001089808060388,0.0007294460763527387,0.0013699985921825325
5456,0,0.0005517863807958,0.000530956422290758,0.0006408193155943806
5457,0,0.0004367055835988,0.0004470186366169616,0.0014258047817440208
5458,0,0.0003353910115446,0.00037738179102912635,0.0007975322236871682
5459,0,0.000390576181553,0.00037293042939206514,0.0008415426275257231
5460,0,0.0007474683989319,0.0010025399047299884,0.0009073098810042373
5461,0,0.0005907954751562,0.0006417395432645554,0.0007496717097357951
5462,0,0.0054854612015665,0.0059103602035275,0.008102901230866159
5463,0,0.0005706257638699,0.000597257117749137,0.0006854465800175863
5464,0,0.0004046041858804,0.0003988365163651286,0.0008365227453614978
5465,0,0.0003946609340421,0.0009653396159118594,0.0013778140445001347
5466,0,0.001219066288042,0.001370674597140404,0.0012907983006371154
5467,0,0.0038595200395497,0.002657020361535492,0.0032663357557954817
5468,0,0.0024574292185265,0.0026444752876905175,0.003698924614858195
5469,0,0.0005375536783571,0.0006917901191079345,0.0006898156373757524
5470,0,0.0013977214517863,0.002165165901990814,0.0016172182584578434
5471,0,0.0007296064600675,0.000910282891946363,0.0009546403680911468
5472,0,0.0274429060516672,0.026093494385554434,0.03565123290613574
5473,0,0.0029315530891323,0.006143166856304865,0.0074097920784460085
5474,0,0.0072938657047607,0.008415048981846288,0.011370962595582877
5475,0,0.0072102119805736,0.008948353116222676,0.008071949871753486
5476,0,0.0075847173633344,0.007353506793412135,0.0072153797125614864
5478,0,0.002091408566007,0.0012323962668281214,0.001801438050005206
5479,0,0.000695212721624,0.0007669901401686557,0.0007502555098801806
5480,0,0.0003636756291003,0.0004834257255366728,0.0006425858465578063
5481,0,0.0015890817641224,0.001053727490428217,0.0011884423985029612
5482,0,0.0012440348613784,0.0008592952794221131,0.0013591502454446823
5484,0,0.0224670086502551,0.02323276530169568,0.01609126229674193
5486,0,0.0399486883694222,0.045863384133752044,0.04210062879316887
5488,0,0.0195687696157218,0.028604920736240887,0.030057141282000318
5489,1,0.8483687287624178,0.8325581391060421,0.7754729666449136
5490,0,0.0544312457844616,0.04285629043682204,0.044508207433631625
5493,0,0.0070983765599881,0.008842724433017757,0.007666525775297349
5494,0,0.0076843316940254,0.009616462618098122,0.00902837916311753
5495,0,0.0064777346926223,0.008012857857591423,0.005505896399694136
5498,0,0.0004894727102985,0.0009898497353895367,0.0016726449929132334
5499,0,0.0008540147149641,0.000842784899756984,0.0009698001760925902
5500,0,0.0005808026753722,0.0006235092629054242,0.0010904244784840787
5504,0,0.0006887208198611,0.0011269795544248185,0.001281645354785096
5505,0,0.0003705015018266,0.0005220591226359418,0.0006721195277952866
5506,0,0.0006606547949898,0.0005689390402624386,0.0006634596742953485
5507,0,0.0005369118505011,0.0007584564441216844,0.0008265175486718722
5508,0,0.0004971383131033,0.0005475761539842334,0.0005831207318524926
5509,0,0.0103414321454985,0.008230975349529372,0.009070610418960375
5510,0,0.0005059548824282,0.0005616213738322737,0.0011758335085829351
5511,0,0.0013291119579359,0.0015936063155972643,0.0016112847280951952
5512,0,0.0005831681863871,0.0008900360917543787,0.0009350487697786089
5513,0,0.0004072753442346,0.0004409987222882979,0.0008584441182996026
5514,0,0.0009527843788608,0.0010187984166944144,0.000995546427920753
5516,0,0.0003649072122851,0.0003967760802076034,0.0005969830800983478
5517,0,0.0005030446867863,0.000703356645279061,0.0007128731087344245
5518,0,0.0015751813000127,0.0010408153942960006,0.0018067093614942405
5519,0,0.0013766070480704,0.0013324756482320096,0.0013590743367366917
5520,0,0.000626243815574,0.0008522194358307118,0.0009506762068713509
5521,0,0.0010868513838894,0.0005434786738067442,0.0009417191877867135
5522,0,0.0029396691078663,0.0034094795096246727,0.0036244265966009887
5524,0,0.0007503610462092,0.0006352771689610053,0.0008080409092393353
5526,0,0.0097221303173877,0.010289711051116368,0.013066126501368631
5528,0,0.000669159372306,0.0009805131754325258,0.0009985254240825155
5529,0,0.0012191486824398,0.0015846021429576985,0.0027477251278623448
5530,0,0.0006348359921843,0.000890389916824986,0.0009230042251609151
5531,0,0.0059960645839686,0.007570583679510285,0.009234216681198452
5532,0,0.0007225268842532,0.0009184973245829392,0.0010778474552842114
5533,0,0.0005816110798094,0.0006792329246864135,0.001022887330232137
5534,0,0.0006551352388561,0.000931755530062108,0.000867995111850871
5535,0,0.0006924756242454,0.0009969765535128704,0.0009489038438731802
5538,0,0.0004475559192386,0.0005543536181388786,0.001099607352918566
5539,0,0.0005716658159618,0.0007705433655072855,0.001522532487009232
5540,0,0.0004325329659808,0.00043154657672877497,0.0009021769203779453
5541,0,0.0006861505592268,0.0007689069169303079,0.0008553771829398467
5542,0,0.0009629476554782,0.001577932943869684,0.001921485599504614
5543,0,0.0013319347006249,0.001514609701212733,0.001943982415166138
5545,0,0.0005848182021586,0.0006839265638480805,0.0011370582761555791
5546,0,0.0164059970105452,0.013396674357771279,0.012865751788667204
5547,0,0.0006503326708399,0.0007423997852562506,0.0008689537474565374
5548,0,0.0049244416761918,0.005519897538462774,0.003357860402754495
5549,0,0.0007106787232819,0.0007951304923714674,0.0008109782580531125
5550,0,0.0172581590187543,0.01926530703401186,0.013507857768483063
5551,0,0.0007001033497079,0.000839761130801552,0.0015001431846101
5554,0,0.0108141418297218,0.015031720211431206,0.01333281223320738
5555,0,0.0008853693645161,0.0011198698881817834,0.0012569477739951453
5558,0,0.0013591045342627,0.0016980643000514522,0.001921161768540142
5559,0,0.0011478969049403,0.000992183694162535,0.0012925731042558787
5560,0,0.0006236031268112,0.0007429354683315533,0.0010280057738945357
5561,0,0.0006912420669109,0.0007297023422473543,0.0011265937976324208
5562,0,0.011232293680334,0.016095271147272553,0.01228290355575606
5563,0,0.0006334720954797,0.0018306566122726373,0.0010777352487200908
5564,0,0.0014417559808745,0.0009249452185253735,0.0012307478284192203
5565,0,0.0169817349917234,0.018809283001832326,0.01724132838905865
5566,0,0.0229173966354333,0.019980808144626248,0.018606290056081186
5567,0,0.0432367277507734,0.0360417535853335,0.03555041077981422
5568,0,0.005142740499127,0.0037643045894227003,0.0038690473508966464
5569,0,0.0004033201430934,0.00038784526874520594,0.0008319777037215288
5570,0,0.0005253241072632,0.0006118385321523518,0.0006452434705710505
5571,0,0.0034927137092271,0.0064644382337920745,0.005335287738702333
5572,0,0.0003598860582847,0.00045475677453140804,0.0006694973993816544
5573,0,0.0003487348982956,0.0003656562840055283,0.0007618310535484762
5574,0,0.0011379691901426,0.0008291237607452143,0.000793878951122065
5575,0,0.0076247390155066,0.006338591774491802,0.00595675524604955
5576,0,0.0005295462344342,0.0005883176966073789,0.000668634465363324
5577,0,0.0005019887160259,0.0005701204695373154,0.0006023464661316524
5578,0,0.000639859504262,0.0005689364394927995,0.0007274152270667152
5579,0,0.0002459519632371,0.00033786598210038915,0.0004728175896217138
5580,0,0.0005472750874294,0.0008320034876193631,0.0008204798544212285
5581,0,0.0018608193846422,0.0006730769819943036,0.0013700118543331597
5582,0,0.000613702088324,0.0014556967942882248,0.0026708626144784963
5583,0,0.0008649604444175,0.0009886652290031935,0.0011149433034018095
5584,0,0.0007713812369809,0.0007663840848399684,0.000817935832971947
5587,0,0.000525959265441,0.0006510584004421836,0.000914551469474104
5588,0,0.0006758611266155,0.0005852643271736543,0.0007854348918282042
5589,0,0.0007543619219878,0.0007494583179734867,0.0010523517178688247
5590,0,0.0070438978285397,0.007745511237488338,0.0067459280877292
5591,0,0.0078918413250136,0.010036012221949017,0.011314120668757652
5592,0,0.0005926646962942,0.0005375892524307825,0.0006811250358930154
5594,0,0.0093270746334595,0.009230543910018802,0.008111044012835234
5595,0,0.0006411262063078,0.0005708782353230204,0.0007495226865420043
5596,0,0.0010148421487365,0.0007386037122232586,0.0008481888523512958
5597,0,0.0004142801865971,0.0004537314167572024,0.0006087068225150833
5598,0,0.0007327635661179,0.0006468524285442104,0.0008570573685018608
5600,0,0.000776774330005,0.000736203618312223,0.0007593962776758949
5601,0,0.0004261522594245,0.0004895247360020167,0.0008925030792857635
5602,0,0.0005915608448499,0.0006191951160668306,0.0006498171584486775
5603,0,0.0054428332805463,0.009684360333186821,0.009917035960397879
5605,0,0.0004208758233339,0.00046510431061966534,0.0009361936586075882
5606,0,0.0005339178682531,0.0007245969557282654,0.0008030940159496287
5607,0,0.0007821855750542,0.0007779049569235667,0.0008350248961594132
5608,0,0.0005944082416091,0.0008651466517610024,0.0008483906222465991
5609,0,0.0003272873490966,0.0003756580406703,0.0005284100744936109
5611,0,0.0009223071889204,0.0010409924822084343,0.0013322961472017644
5612,0,0.0010193527758049,0.000975906803000212,0.0009871437206557128
5613,0,0.0005360094446436,0.0007736846098623081,0.0008428753097245419
5614,0,0.0006719417647532,0.0010536699802373714,0.0010464763485069422
5615,0,0.0010632522189098,0.0006119947439843741,0.0012120848282965845
5616,1,0.978364399154215,0.9741018262998895,0.970954958346138
5617,0,0.0005896103026677,0.0012126856107180445,0.0018360532024573081
5618,1,0.7700092274833606,0.7658374778478254,0.764937777541018
5619,0,0.2280297279330905,0.3479540894606131,0.005718948287552699
5621,0,0.0006264864227635,0.0008540116995469529,0.0009698944656598692
5622,0,0.0057290452047998,0.00675680738022868,0.008082783334352072
5623,0,0.0004571937083503,0.0004623649710390769,0.0009166674348791187
5625,0,0.0005102446574705,0.0005287340232699903,0.000935977529706239
5626,0,0.0007418263511349,0.0007031720368726921,0.0007833296014685442
5627,0,0.0002765464889231,0.00038565523466178126,0.0010744307405192602
5628,0,0.0006378768394065,0.000635172639819017,0.0007191087058567616
5630,0,0.0010622852360147,0.0017583341103303064,0.0026238476618108634
5632,0,0.000762696798004,0.0008927696536188937,0.0010234052531272809
5633,0,0.0049191846934971,0.005224072453311383,0.007963904082894975
5634,0,0.0025213309308889,0.0020804228284333312,0.003391350607905643
5635,0,0.0086521429558917,0.00722636782497607,0.009690592599654876
5636,0,0.0014641646343218,0.0015408897099796794,0.0014417595793949794
5637,0,0.0007022146552141,0.0007825787822399858,0.0011125246218708583
5638,0,0.0011464739483838,0.00155158333094368,0.001683584879791731
5639,0,0.0005937667889251,0.0006159193776396218,0.0011507537122309177
5640,0,0.0008715037761494,0.0008475178487944903,0.0009506633305778243
5641,0,0.0023161517644375,0.0025275744609675067,0.005068360384924744
5642,0,0.0006895803407765,0.0006867560345378275,0.001105837498408791
5643,0,0.001063319712647,0.0011311115790962002,0.0012185540041204194
5644,0,0.0007604223583262,0.0007008383586697333,0.0008650532401781777
5645,0,0.0022970520020875,0.0030350875978846508,0.003555274946472801
5646,0,0.0010265391666618,0.0010449539806784403,0.0016656616501528657
5647,0,0.001159728275333,0.0016938577677395065,0.0017955372138827787
5648,0,0.0064930482543826,0.004422463044562543,0.00471910041916502
5649,0,0.0326699620694436,0.031918104016003854,0.03360615239225711
5650,0,0.0483791381836021,0.0449078182965767,0.0371709799455866
5651,0,0.0523324983247951,0.04966815140320249,0.056538280464223344
5652,0,0.0336542656650101,0.03124305107448528,0.03144943660150472
5653,0,0.036051696995594,0.04042846126347854,0.03528173444531357
5654,0,0.0379540528815742,0.038757610916319,0.038862400386756056
5655,0,0.0004755325399761,0.0006399790599771931,0.0009191706634730549
5656,0,0.0030157889173943,0.0021788849040010596,0.002264977640543683
5658,0,0.0011342180670481,0.0007961049454506623,0.0012470194453700913
5659,0,0.0140710270051013,0.013178624614877432,0.014582094231572452
5660,0,0.0012579516589058,0.0009540362349860147,0.0008688774018728025
5661,0,0.0005925890597411,0.000827157847854189,0.0008164476548033434
5662,0,0.0024741572349388,0.004292179205302336,0.00592672687938528
5663,0,0.0005933451482748,0.0006071285957596201,0.0006486889445161195
5664,0,0.0006736297221528,0.0006902545408134495,0.002967550713358156
5665,0,0.0006236921348366,0.0009423212517116672,0.0008333851348781665
5666,0,0.00061188906193,0.0008814655848971068,0.0009928221145455577
5667,0,0.0006327515143623,0.0008037375084200141,0.0011910884799587582
5668,0,0.0006921648617546,0.0009887489674426546,0.0010056390449508538
5670,0,0.0006913591701876,0.0007543261275272783,0.0009333986400625934
5671,0,0.0019330073946717,0.0019016350467742295,0.002371249990090153
5672,0,0.0005005362600833,0.0006789772319635763,0.0009294320729830287
5674,0,0.0005625915849393,0.0007071962772620985,0.0010026989658401013
5675,0,0.0015964796839962,0.0021032969774853207,0.0032845530108761923
5676,0,0.0005826518284435,0.0006547610120021178,0.0007075405818192864
5677,0,0.0005804043010472,0.0009416098322030447,0.0010305993415268067
5678,0,0.0062101841425045,0.009681983375575473,0.00751544435455433
5682,0,0.0027964388735267,0.002937393037621955,0.005081580912246909
5683,0,0.0034849269239785,0.003971265961461601,0.005374163183269488
5684,0,0.0005964957140439,0.0009062231095217791,0.0009764718592991982
5685,0,0.000334854416031,0.0003695627040396439,0.0007476856606653027
5686,0,0.0011292081748682,0.0011457760403712064,0.0016763551570290513
5688,0,0.0025926424976079,0.004104912405361712,0.0056912814931735466
5689,0,0.0020764271146793,0.0019952533686010895,0.002295597598357864
5690,0,0.0007628814746598,0.0010722860520473393,0.0015778975328017471
5691,0,0.0025980427982023,0.0017922606382536693,0.0029429652947196294
5693,0,0.0050600603824512,0.004321622515728875,0.006135248260093365
5694,0,0.0007444673495301,0.0008343536697723532,0.0013815268711301737
5695,0,0.0005453459738973,0.0005863941367324661,0.0010400742038891885
5696,0,0.0005812041420459,0.0008238499653403157,0.0011256221443740472
5697,0,0.0003697230920621,0.00037235398478735167,0.0007627877882006112
5698,0,0.0048675639151095,0.0052050982410548514,0.006603525766136251
5699,0,0.0088526077825208,0.01007569465809691,0.013866805126048976
5700,0,0.0013053314937138,0.0008702369544630315,0.0019615767865636085
5702,0,0.0054410037531185,0.005023451453155629,0.005634386370954262
5703,0,0.0007296457118054,0.0006616190526770357,0.0008962962275575864
5704,0,0.0013415364007767,0.0011136394047034626,0.0010911163066621142
5705,0,0.0078992776905562,0.009346718579602478,0.006622525797040885
5706,0,0.0005628196682782,0.0006410887164760943,0.0007186282951471822
5707,1,0.9604236110877432,0.9576170841403806,0.9628182609324522
5708,0,0.0005481860694256,0.000663937768739123,0.0010377228814911026
5709,0,0.0006153025477978,0.0008609112435780078,0.0008906304013140768
5711,0,0.0014070562856589,0.0014721736736247105,0.0013737692922373714
5712,0,0.0008009263254604,0.0009071779082425429,0.0010799337590339702
5713,0,0.0066140444637103,0.0062173372936741265,0.011327293697097758
5715,0,0.000701055200969,0.0008948940907560984,0.0009950736546810181
5716,0,0.0004135144667447,0.0005767723194206183,0.0005695077978334303
5717,0,0.0044182508623698,0.006658242376182407,0.00782578196653191
5718,0,0.0005436730942266,0.0006435037039716355,0.0012449715964350802
5719,0,0.0004894710087501,0.0005080025178678274,0.0008930198694511429
5720,0,0.0016057044639187,0.0019350245689418173,0.0025266195239584586
5721,0,0.0041478180501712,0.002285006424629046,0.0030272530724730455
5722,0,0.002478993323616,0.003002298410425279,0.0021255583556900643
5723,0,0.0007005147193541,0.0007423274951468106,0.001225106684269524
5724,0,0.001662126447282,0.00130051622095138,0.003194062744791051
5725,0,0.0011698412171151,0.002269477979129462,0.0040094919989031984
5727,0,0.0033939778731155,0.003276993420360179,0.003876054178024859
5728,0,0.0012735242141838,0.0015554047743813783,0.001415519446794159
5729,0,0.0015834980065324,0.0018347639792985358,0.002239827491911283
5730,0,0.0011336010737366,0.0019039844019569758,0.002165289205468983
5734,0,0.0320447105971112,0.03010496117329029,0.028341953830524107
5735,1,0.9740028319600004,0.9697272792498435,0.9726139068699103
5736,0,0.0346958142498357,0.03318103438152349,0.030228328075442932
5738,0,0.0397576880765601,0.04231015046626876,0.044560603384503635
5739,0,0.0171412200216704,0.00956193623310022,0.015140130748547448
5740,0,0.0005182348196033,0.0006409472061151597,0.0008988323242335812
5741,0,0.0007431576071824,0.0010746343983595258,0.001098138328026679
5742,0,0.0006030521324107,0.0006864078261697836,0.0007327064191187166
5743,0,0.0015083350336396,0.002331879625451579,0.0017981214378286871
5745,0,0.0003831317612258,0.0003902838844669814,0.0007812830516936673
5746,0,0.000704181769389,0.0010877460894139844,0.0014180137422082004
5748,0,0.0005699927333656,0.0008007763477497491,0.0008315539105103573
5751,0,0.0009105630418707,0.0008904182880583136,0.0011024982993161913
5752,0,0.0003292087987209,0.00036540029082411847,0.0007498690944532617
5753,0,0.0007162232279765,0.0007220290143638406,0.0008009416322532988
5754,0,0.0015820246103624,0.0018228845464419953,0.0021329454330956824
5755,0,0.000478192318135,0.0008486250665145281,0.0011881086321716885
5757,0,0.0056190342302642,0.009346355520535114,0.0073719052658413955
5758,0,0.0068393534350444,0.008895472836270192,0.008086274435748254
5759,0,0.0005032144164775,0.0006335649343049601,0.0009766983793858795
5760,0,0.0005813840764636,0.0007885560814845426,0.0007800695567650905
5761,0,0.0006553019812941,0.0009423406816927279,0.000868291480693616
5762,0,0.0074979762401951,0.0115457605972338,0.011023871046301738
5763,0,0.007842728636902,0.00985240620434838,0.00819933002138026
5764,0,0.0006378327893401,0.0006104262969571458,0.0006789896398581928
5765,0,0.0005407093967546,0.0005554100151542976,0.0006105201515403746
5766,0,0.0011422689894081,0.0013784275055322402,0.0007956529345486006
5767,0,0.0017975219283995,0.0012469176996449149,0.0014860248896734298
5768,0,0.0020749860270945,0.0025165324386592506,0.0021579019244697918
5769,0,0.0018778793195963,0.0009476052256446612,0.0014605732403841134
5775,0,0.0003301305110879,0.00040202417411211525,0.000752356091035879
5776,0,0.0005095936860969,0.0007726729885233739,0.0013478504955890182
5777,0,0.0083489678772596,0.005475762925166406,0.003916373378014694
5778,0,0.0012296885200405,0.0008118738865515343,0.0013918061258108613
5782,0,0.0006636239663231,0.000897685934830693,0.0008629618705101839
5783,0,0.0007365788189764,0.0009596985607953812,0.000948702224484085
5784,0,0.0004742570589625,0.0004294251394443777,0.0009548854359046645
5785,0,0.0018285169410718,0.0014926356831106388,0.0020152232311638667
5786,0,0.0004720872574054,0.0005777723404747476,0.0015065197545053666
5787,0,0.0006889461565271,0.0007460105101380204,0.0008350762932394665
5788,0,0.0003218870790445,0.000965151352245259,0.0008316811489929224
5789,0,0.0004635282007489,0.0006051611618912941,0.0009876197695947264
5790,0,0.0018420841135171,0.0020075408172183767,0.0021141071378248735
5791,0,0.0006132346607646,0.000745552065770534,0.001002316429576945
5792,0,0.0007247987115699,0.0006543952187549511,0.0008684521002510452
5793,0,0.0010474678041511,0.0011229850563116354,0.0010600947014832284
5794,0,0.0006531593095983,0.000694187863457983,0.0011744890807741186
5796,0,0.000824137267733,0.0008666119830787863,0.0009707502057750854
5797,0,0.0034615649246718,0.003362408926277636,0.0028620547430879073
5798,0,0.0012622141334216,0.0014897115199492747,0.0015315981372154256
5799,0,0.000908715556003,0.0012348595857886277,0.0014293538002872297
5801,0,0.0012377499209624,0.0015005734903742799,0.001643399502287372
5802,0,0.0030922606422227,0.00282128617657897,0.0032861326350320354
5803,0,0.0012464502547705,0.0013705114055731805,0.002069647552976296
5804,0,0.001145073832822,0.0010860958039739254,0.00126391085626501
5805,0,0.0067897861316629,0.009160602166551185,0.011271640362029503
5806,0,0.0010076558334593,0.0017651751454031625,0.001300702452461245
5807,0,0.0036315961919986,0.0038642531092171004,0.0041371169561712435
5808,0,0.0016248271932756,0.0020063994545732582,0.002400384192382497
5809,0,0.0010147625951291,0.0011815167662322056,0.0012690181006021202
5810,0,0.0026076039967541,0.0015529217261014221,0.0016615185285978275
5811,0,0.0011139654699336,0.0012942051003935681,0.0013120389002839578
5813,0,0.0010861426834506,0.0015117266097382097,0.0017498835597669505
5815,0,0.0031070766123627,0.0033614980919579925,0.0038944368116743356
5816,0,0.0065413281621822,0.004673294708632793,0.004329666462476987
5817,0,0.0051279965473377,0.0058018071837821535,0.004160551385518043
5819,0,0.0464039319743066,0.060736083121609094,0.0676372126716534
5820,0,0.1080354097665317,0.10336051090658674,0.10612403089981683
5821,0,0.0603272221628617,0.05293268213072592,0.04926868977892514
5822,0,0.0561604621270659,0.10620541397726609,0.07444853258797543
5823,0,0.0500814931032839,0.039061387859199416,0.04317900363552486
5825,0,0.0417908286991697,0.0379266140066261,0.05260504240993152
5826,0,0.1205719921570333,0.09542055899827614,0.0869202965549195
5827,0,0.0394383524462508,0.031010053413480336,0.03342498061297792
5829,0,0.0005895809705109,0.0008001259031968048,0.0007656666239151177
5830,0,0.0005506787685632,0.000760182699282898,0.0007139277871112363
5831,0,0.00265662960577,0.002107311947563389,0.0009493969681850302
5832,0,0.0008412175179683,0.0009036238934165155,0.001622705908471528
5833,0,0.0005527717031025,0.0007672707543801545,0.000677978486302873
5835,0,0.0011176514596078,0.0022459175451165774,0.0012499045804357772
5836,0,0.0004691366792388,0.0006441742272037894,0.0008183779764753762
5837,0,0.000587163726728,0.0005587887442535148,0.0007697714226468674
5841,0,0.0009623569811324,0.0016895837054474881,0.0007349533320239948
5842,0,0.0006173254928663,0.000567070144409709,0.000780685236901759
5843,0,0.0031944292094069,0.004630923089824638,0.004529481870799038
5844,0,0.000610428030236,0.000615871447543056,0.0007794465781737489
5845,0,0.0005982410257843,0.0006049554343232504,0.0008163233951681675
5846,0,0.0005112666044197,0.0006970154122658896,0.0008524776749177557
5847,0,0.0005015538623475,0.0007304187211602653,0.000684800423908736
5848,0,0.0009243320006008,0.0012142338992383486,0.0016451076853544059
5851,0,0.0005158998174486,0.0007532975538550754,0.00072122615756825
5852,0,0.000406323434277,0.0005060405828244215,0.0010352044926463702
5853,0,0.000482020430666,0.0005605626834663144,0.001375078351632257
5854,0,0.0005631170758174,0.000545498564782192,0.0006029226153416021
5855,0,0.0018998489874933,0.001765287294483318,0.0020189308097615316
5857,0,0.000514833720008,0.0007672939464195777,0.0009410031096402109
5858,0,0.0007762331467679,0.0010947183586310651,0.0016362089607816449
5859,0,0.0053548924142864,0.0075849192104026865,0.008559646008568449
5860,0,0.0004545666059433,0.0005514128401642427,0.0011064879085731344
5861,0,0.0006200897798332,0.0007791629318898087,0.0011716096560283214
5862,0,0.0010924341613423,0.002664377254623809,0.001120497544846407
5863,0,0.0007610796986002,0.0007000685200226832,0.0009007852044971643
5864,0,0.0006871561911062,0.0010456730798524216,0.0009574008734874482
5865,0,0.0005558958119879,0.0007384933454996206,0.0011781459228594293
5867,0,0.0010338187849085,0.0009470791599443936,0.0011452570327806374
5868,0,0.0021263592643178,0.005464899010679404,0.001771252995109673
5869,0,0.0008076184224707,0.001003836074068462,0.0009362385223695864
5870,0,0.0006907577661593,0.0010647459791242081,0.0013329701568594349
5871,0,0.0009459419093421,0.0012011048429021245,0.0014428370396775145
5872,0,0.0007324890442321,0.0009285027578914014,0.0008782897037876648
5873,0,0.0005092191735438,0.0005079463309214259,0.0011081261200199812
5875,0,0.0006438596252353,0.000640129711922775,0.0008155315074497313
5877,0,0.0012750730026249,0.0020216759873416946,0.0012384209614758328
5878,0,0.0007589840908615,0.000692062114095176,0.0009679144754233426
5879,0,0.0008457796861587,0.0008558733685405229,0.0010694302262436407
5880,0,0.0011346735515159,0.0012797713428345419,0.0012674207335991328
5881,0,0.0017405462682761,0.0017295960682055093,0.0019857003664169306
5882,0,0.0006063230613155,0.0007769777815985774,0.0012458521365495225
5883,0,0.0007464191663641,0.0009304999995203998,0.000926148241448194
5884,0,0.0010225167891263,0.0011092536260758079,0.0010046309302760557
5885,0,0.0018759410098831,0.001727235248240849,0.0015913056459986041
5886,0,0.0008478704621817,0.0010936266926645814,0.0009811497230306876
5887,0,0.0004838745457055,0.0004716011421492822,0.0009568135318768799
5888,0,0.0009982324964414,0.0010799756010960412,0.0012413000545927742
5889,0,0.0007918867034833,0.0010618012740038893,0.001176321527501844
5890,0,0.0033434344022594,0.005662525814111011,0.005042666210471788
5892,0,0.0039523329095366,0.005302030099729482,0.00650607928740171
5893,0,0.0007430783192108,0.0007172716351789173,0.0010779423888496358
5894,0,0.0018157583880392,0.0021885754516918366,0.002173979470839578
5897,0,0.0024162976011222,0.002620006287284736,0.003479446161602637
5898,0,0.0008618658473098,0.0009438458025186994,0.0015845079292446055
5899,0,0.0033944187582332,0.003414000456080285,0.004874084771669633
5900,0,0.0027975081904959,0.003250080138041259,0.0025271157427919854
5901,0,0.0007672357816352,0.0007939381855687508,0.0014122512173233013
5904,0,0.0024682047128913,0.0022724882300810658,0.002590634946752468
5907,0,0.0013820131084554,0.0021235462574595693,0.002640319559320575
5908,0,0.0061103817141954,0.006158062274255805,0.0052256668942837516
5909,0,0.0242897538873064,0.030997578890566053,0.024786033371439205
5910,1,0.9851087101805388,0.9797934976838453,0.9788073135766409
5911,0,0.0005714821356167,0.0006794326720550195,0.0007068091390034176
5912,0,0.0274498222604657,0.029590466826088752,0.03213895014232798
5913,0,0.0007372326979518,0.0010754232060334718,0.0011129747874984838
5914,0,0.0004174613989601,0.0004987286764582991,0.0008998887444495833
5915,0,0.0005479121245263,0.0007746134101551373,0.0007778245420710789
5917,0,0.0005193720085899,0.0005739142186207227,0.0006382435856622234
5918,0,0.002336521831567,0.00351365490609447,0.004645905360992577
5919,0,0.0004469889674263,0.000524399175119665,0.000746101560601361
5920,0,0.0009674237822844,0.001071856218942598,0.001182757634218464
5921,0,0.0008556221916214,0.0008849283967599453,0.0010428305952235883
5922,0,0.0031775901041006,0.004128441377543713,0.005248336151504525
5923,0,0.0006898166217191,0.0010312795619032984,0.0008831395614723758
5924,0,0.0002737750924838,0.0003516408161839456,0.000748213736114684
5925,0,0.0023851713914079,0.0035964084068602848,0.004205900554156955
5927,0,0.0012520755368506,0.0012974380485730984,0.0012916524968253993
5928,0,0.0011270047651779,0.0008628180111436845,0.0009002090466379933
5930,0,0.0003613980652646,0.0004183495556624737,0.0008073836491352162
5931,0,0.0007578669422587,0.0008232260137789474,0.0010572387240129634
5932,0,0.0022767335378245,0.0023677498304746523,0.0034018501454663877
5933,0,0.0004481384859536,0.0005938481737696137,0.0006543491088181485
5934,0,0.0024253071570139,0.0023928624477935452,0.004600555627365931
5935,0,0.0020713229627511,0.0005271588097575335,0.0008423586897944911
5936,0,0.0003079349110927,0.0003820201483977872,0.0007605688056407871
5937,0,0.0006221180967292,0.0006213802041554126,0.0008680659340906136
5939,0,0.0006407957475363,0.0012180331701068452,0.0006906076294312549
5940,0,0.1175485318828971,0.1528150142296533,0.16796028137998323
5941,0,0.0010960167149978,0.0018879160888290148,0.001112715870642165
5942,1,0.0008298155737462,0.0011821086341930486,0.000974458411486121
5943,0,0.0008140922326568,0.0006822435103347865,0.0009077988229707001
5944,0,0.0005337681528242,0.000516183084683346,0.0011300177683866482
5946,0,0.0016295424198049,0.0016509672177747623,0.0022646331138165515
5947,0,0.0006166362964491,0.0008571141771973247,0.000841466092381781
5948,0,0.000648512963242,0.0006495654670955325,0.0012522973897504523
5949,0,0.0010374305023252,0.0011186587800000216,0.001351491660819063
5950,0,0.0005891848657921,0.0007460744013856866,0.000775734428669104
5951,0,0.0009072219690882,0.0010072253651215689,0.0011454779049095039
5953,0,0.0005872951301836,0.0005762895856472501,0.0012211861534533203
5954,0,0.0008951869487603,0.001052555219804624,0.0011246427933369442
5957,0,0.0008631220530835,0.000837669811190375,0.0010225692000204146
5958,0,0.0005736584530656,0.0007904834086206635,0.0007946612832083691
5960,0,0.002404796952449,0.004133986307078967,0.0026276347458536625
5961,0,0.0013937649098297,0.0013668060490687037,0.0013100724765752383
5962,0,0.0008235194152169,0.0008570517642669223,0.0011014823447082931
5963,0,0.0008915953510064,0.001502371935729589,0.0011530896515974912
5964,0,0.0004949638660301,0.0009149194247990041,0.0008703773514943393
5966,0,0.0008670517361093,0.0013756782149374662,0.0012399054606450843
5967,0,0.002381112409025,0.002289454866176618,0.003014022793200536
5968,0,0.0018398278961448,0.0019637759867300562,0.0015546109452748338
5969,0,0.0032273344222433,0.004187133337583733,0.00494156566985287
5970,0,0.0007899842687857,0.0009757767716814265,0.0010559411644466897
5971,0,0.0007490928249784,0.0009036721586318638,0.0010502309661386397
5972,0,0.002173242476043,0.0019065434228963214,0.0020516881520308158
5973,0,0.0023555417319794,0.0026948944272763083,0.0025570912218321855
5974,0,0.0034515893204377,0.005065730552659106,0.004073312095676929
5975,0,0.0010791800235652,0.001217727135209637,0.001328830071448534
5976,0,0.0020689753530825,0.0037797595939281538,0.0037363073404467584
5977,0,0.003183135491559,0.004657547573664533,0.0029754818237569328
5979,0,0.0009180521396758,0.0022056693927540966,0.0018660988116164553
5980,0,0.0015136119655542,0.0011165098575564353,0.0011231315748495311
5981,0,0.0013639752018166,0.000787954157705411,0.0021294456858005732
5982,0,0.0028915261130395,0.003998193693874877,0.0040328176837864296
5983,0,0.0008067940287788,0.001140212513689851,0.0013585922653293096
5984,0,0.0010305530621958,0.0013059602256863252,0.0012221266521215291
5985,0,0.0032189465073928,0.0029363674406591113,0.005161997791350479
5986,0,0.0093954620916369,0.011490022072297535,0.01819489084795117
5988,0,0.0052573476505886,0.005047498046305227,0.0033765362522731584
5989,0,0.3101772603157391,0.2547315465729214,0.2652880612088166
5990,0,0.0257912754234038,0.021938847451929,0.022132299382033812
5991,0,0.0299362829819843,0.02201320645316648,0.018178060060912025
5992,0,0.0853606829127959,0.09139945167664977,0.10122171132797517
5993,0,0.0465555773718177,0.05346850817223756,0.06325274586686665
5994,0,0.1457033380654184,0.1293205829103083,0.13172422476084272
5995,0,0.0611015853311556,0.06824143836105595,0.05942544975665191
5997,0,0.1822830107250808,0.17636514815111956,0.12635646880366644
5998,0,0.0745552944180747,0.07352736825438554,0.0744285278348355
6000,1,0.1952405128261441,0.15442522596070068,0.16027340441591545
6001,0,0.0003653066439721,0.0004065147642309698,0.0009160406466363841
6002,0,0.0025516281116065,0.002474778257850226,0.003425347513791904
6003,0,0.0011052453494133,0.0007707081132004767,0.0007173844399814079
6004,0,0.0005562065463708,0.0005877486816633462,0.0013603314652723246
6005,0,0.0020028285269603,0.0028480938866253906,0.0030051183734770563
6007,0,0.0023772237558379,0.0034487352561043986,0.0020053398612394327
6008,0,0.0038001250357559,0.004553093791442796,0.00424456456647978
6009,0,0.0008030234951679,0.0011056979252591405,0.0009076017919054984
6010,0,0.0008874172278698,0.000907097912286997,0.001041888495749201
6011,0,0.0007543291320011,0.0010363827879524019,0.000841779940644619
6012,0,0.0005374873683579,0.0007808904590002026,0.0007502973643596756
6013,0,0.0012980866374561,0.0014966744655248948,0.0013918097770371314
6014,0,0.0009845837067281,0.0008960651053550556,0.0009778235452902152
6015,0,0.0002465238937202,0.0003419242880525735,0.0009328428319090965
6017,0,0.0016493349138503,0.0015551387739802794,0.001999305069061425
6018,0,0.0014069403031456,0.0018110798217300392,0.002254068483434556
6020,0,0.000496485959491,0.00044332946078214596,0.0010539194225555925
6021,0,0.0005226074808991,0.0005425576024178327,0.0006381504369957782
6022,0,0.0006472909847429,0.0011730590366164362,0.001025810701182355
6024,0,0.0034578106190171,0.004751568046636883,0.005090310665705455
6025,1,0.956396867770786,0.9578391979315247,0.9320733800639149
6026,0,0.0032378084060355,0.003980297097085432,0.004380664214069374
6027,0,0.001193427842351,0.0016560950625409722,0.0014405695751320488
6029,0,0.0041713844907681,0.007707767896301966,0.0062035868555594936
6030,0,0.0038282041375594,0.00440931422371708,0.0055814175782940055
6031,0,0.0155654387765069,0.009933171595075247,0.010548948670739395
6033,0,0.0007375589763585,0.0007157291849103942,0.001441937964144597
6035,0,0.003511509266595,0.0038757472283454187,0.0035915175488887715
6036,0,0.0006637542148038,0.0009996424916805823,0.0008540834519752288
6037,0,0.0016040642479316,0.0020336869085733488,0.001769156192790927
6040,0,0.00185668572471,0.0014633856923333072,0.002472287704128934
6041,0,0.0041627559403901,0.0038153715119402807,0.0026021271110073813
6042,0,0.0013462200058459,0.0016356237571431551,0.0014762769768552437
6043,0,0.0006440754089044,0.0006257160339191434,0.0008188562662949716
6045,0,0.0004678455326432,0.00047820729426057546,0.0011358215793245028
6046,0,0.0035067972249032,0.005014424320473356,0.00512921855219221
6048,0,0.0007041517974482,0.0008798428836022916,0.0008160523818446627
6049,0,0.0004612044744069,0.0005019437570639681,0.001116245330675826
6050,0,0.0004759001512343,0.0007848133009199836,0.0007852545708650738
6051,0,0.0005639214759304,0.0008634899354810922,0.0008128490881609005
6052,0,0.0011726960508299,0.002949013596795147,0.0026946941154575473
6054,0,0.0008458584403695,0.001886811106522304,0.001275994926885209
6055,0,0.0005781423889829,0.0008915193100605936,0.0007986133140232093
6056,0,0.0006980534717878,0.0006280685735111943,0.00133252186037317
6057,0,0.004107413035943,0.003070536535878156,0.004050656494218076
6059,0,0.0007076830637708,0.0007622446282668353,0.0009154712362623677
6060,0,0.0026294842143266,0.0025122562699055853,0.0032982744441322977
6061,0,0.0004217849155501,0.0004500801728429893,0.0008684983785493055
6063,0,0.0010598742990075,0.00199047725014094,0.0013604730011807509
6064,0,0.000820959947188,0.0009123086322475617,0.0008290352908220897
6065,0,0.0015855383743195,0.0015150310042690292,0.0016636848653623982
6066,0,0.0014261027240467,0.0019268247353773683,0.0021119536305940862
6067,0,0.001366065054334,0.0016353322804868054,0.0014083624528285143
6068,0,0.0008670526911066,0.0009457531853359423,0.001125546816110338
6069,0,0.0023518589390098,0.002549262674985245,0.0033973074731910484
6071,0,0.0007559136758436,0.001044242924823266,0.0011320172721002088
6072,0,0.0006172673182346,0.0007534516498779975,0.001295713087589967
6073,0,0.0016451515822489,0.001170690293202121,0.002255511228020159
6074,0,0.0021142563406153,0.0017744586928815443,0.004547240307584227
6075,0,0.0012980349093444,0.002217866141670582,0.0022872589572341937
6076,0,0.0012805064152258,0.0014907123392070656,0.001505861901373762
6078,0,0.0030049475422003,0.00181039025533226,0.0019312900286538445
6079,1,0.9618806080247736,0.9615031106145355,0.96018929526634
6080,0,0.0646155628736313,0.056004133292184205,0.05964433235216384
6082,0,0.0484674831874885,0.03635562414646055,0.035336530160354665
6083,0,0.0511135600365897,0.057301635085519956,0.04532344947803064
6085,0,0.0003317398154938,0.00037162487226347795,0.0007729726825802023
6086,0,0.00056784608633,0.000812793470582948,0.0008208807533835866
6087,0,0.000425678741325,0.0004733439782128784,0.0010143916612838733
6088,0,0.0004350111040877,0.0006294506373863953,0.0007767128065472921
6089,0,0.0006992640002139,0.0007641316749603764,0.0010975465059935017
6090,0,0.0007435392350016,0.0013930757751080829,0.0011783849552791013
6091,0,0.0017654137059637,0.0012179081442342597,0.0025473019050557405
6092,0,0.0024973084204214,0.0035765830109220544,0.004509016053436085
6093,0,0.0007501566640808,0.0012688821267714003,0.00094364213537938
6094,0,0.0054383997010486,0.004919588363614245,0.005385319397876722
6096,0,0.0004153537106531,0.0005525892057915629,0.001111607724803047
6097,0,0.0005085605446037,0.0005495938446319702,0.0006193036802522414
6098,0,0.0005444852787102,0.0007930190339132394,0.0008134763067836599
6099,0,0.0019284773086699,0.000997572926621696,0.002573463558020141
6100,0,0.0005711935046364,0.0008584927034546265,0.0008249212920613237
6101,0,0.0006794110781962,0.001002174806356411,0.001214683868745609
6102,0,0.0013048411707111,0.0006965362426293365,0.0009651974915753829
6103,0,0.0007131168864956,0.0010497537357283605,0.0009071636544096315
6106,0,0.0005687292506085,0.002452714487851567,0.0014674874503203404
6107,0,0.0026421119673337,0.0014136927608754835,0.0032940938577590657
6108,0,0.0210937451739431,0.014265432842752028,0.01084756966620347
6109,0,0.0010779342111965,0.0010545633101167553,0.0011115572514185713
6112,0,0.000557611474567,0.0007773388988577234,0.0007764180715325445
6113,0,0.0007453387065143,0.0012236720930853423,0.0012771207014596695
6114,0,0.0005894803646709,0.0008335229628293104,0.0008161693937921969
6115,0,0.0004583279717641,0.0006371072229807484,0.000767306195423205
6117,0,0.000562865726566,0.0008019344799926743,0.0007769078415687043
6118,0,0.0016074347347947,0.002337792667995112,0.004161995082574189
6119,0,0.0077314849426375,0.009253528261150024,0.009539854754902627
6121,0,0.0006963104179944,0.0006363277656791023,0.0008623710095958076
6123,0,0.0021447938559003,0.0023199358247522938,0.003592547917470168
6124,0,0.0008973992657189,0.0007571933117031608,0.0010127611216808668
6125,0,0.0006600828813165,0.0008788018778586421,0.0008315924439508219
6126,0,0.0021821907975308,0.0018100768112411885,0.0045180909281013915
6127,0,0.0028271745183325,0.0027703565022851443,0.003842795463613815
6128,0,0.0469838928506257,0.04235076550292907,0.0493698031648374
6129,0,0.000810324129313,0.0013846639328567421,0.0032503331929872844
6130,0,0.0008115953835172,0.000984399673108944,0.001078765285940655
6131,0,0.0009581823923661,0.0008337100097439862,0.0016143426347908407
6133,0,0.0005163438106746,0.0005919621771774524,0.0011186866573625973
6134,0,0.0004249311751825,0.0005095683038448104,0.0009136908470319055
6135,0,0.0006146279671389,0.0006657461622796323,0.000813956787487462
6136,0,0.0010472523192952,0.0010694271155356045,0.001197443637210635
6137,0,0.001423604423191,0.0012686541477479737,0.0019033943408991293
6138,0,0.0011180029477013,0.0012829360212580489,0.0014979629368535295
6139,0,0.0005035140378862,0.0005593495431763781,0.0011976237784029444
6140,0,0.0005671299667723,0.0006155824988642524,0.0013512544451792295
6141,0,0.0005856087413491,0.0006505197978852371,0.001303939832775638
6142,0,0.0007571276896535,0.0008530745861975984,0.0010444747394276767
6143,0,0.001013322332029,0.0015599445837553778,0.0011429396528705427
6144,0,0.0008188967407741,0.0009366347654391201,0.0009343102444422846
6145,0,0.0005833692783731,0.0007318750285333723,0.0006709895774056749
6146,0,0.0009987850903512,0.0012054019609532747,0.001097491808887466
6148,0,0.0035709044364708,0.004046796116561057,0.005967194767727703
6149,0,0.0007575311040332,0.0008633741287087369,0.0008812708895426734
6150,0,0.0022357023558406,0.0024809051941803418,0.002208716243941133
6151,0,0.0026468755088576,0.0032347742556051535,0.0021268640246144294
6152,0,0.0007838210761677,0.0008782815357252333,0.00098280305501298
6153,0,0.0004631492912475,0.00047236923222191405,0.000863239340405997
6154,1,0.9034321339609588,0.9117483585151622,0.9040333463256323
6155,0,0.0012251963971522,0.0011948120770004537,0.0013949709276437927
6157,0,0.0006292686900978,0.0008113198413627503,0.0009200472534310055
6158,0,0.0009146444749191,0.0011023289219506218,0.0010913972463465814
6159,0,0.0012331629634084,0.0014276662175349375,0.00201517631180947
6160,1,0.7655414056272677,0.7886045562128606,0.7607869749190765
6162,0,0.0010055815449284,0.0023577035548090126,0.0025723535555854287
6163,0,0.0013180884266359,0.0011495176519153358,0.0017874594935099696
6164,0,0.0074822436709598,0.00999917810305307,0.009175592775443515
6165,0,0.0047805901740863,0.004795591673293126,0.005374785806960205
6166,0,0.030744209108849,0.02657708047993261,0.03027454704128137
6167,0,0.0480105098294034,0.052054075178773945,0.05117105125739808
6168,0,0.0198821815183532,0.0216401427253402,0.019852669478926367
6169,0,0.0569129074033946,0.047486812183348714,0.03958706644130648
6171,0,0.0190388874665395,0.02273609700951295,0.01765633309762978
6172,0,0.0698602044749491,0.06501959560151664,0.0654557321107589
6173,1,0.027568759176324,0.02974830914850949,0.0292762918557413
6174,0,0.0007050976088344,0.0006834253942493104,0.0009158383271156408
6176,0,0.0007158964698563,0.0007559874098940845,0.0008467340314721315
6177,0,0.0007123594664216,0.0007549697244395388,0.0010090847639890484
6179,1,0.8233649255801574,0.7972250055021863,0.7724354749069593
6180,0,0.0020919056174679,0.0020658765161660096,0.0034639610788204604
6181,0,0.000616484461309,0.0008195861514450615,0.0008003447873174947
6182,0,0.0009329817204809,0.0010687013226963007,0.0013683661455429026
6184,0,0.0007431077791574,0.0007584416423000877,0.0009681117388876202
6189,0,0.0006789357578484,0.0008363877963783556,0.0010735237758453856
6192,0,0.0005477039547797,0.0015257978382758031,0.0011898280312877191
6193,0,0.000912436453604,0.0012170777443368177,0.00107174366773594
6194,0,0.0006584172938436,0.0006666251718434088,0.0009248387748043431
6196,0,0.0006330653093806,0.0006078045876859045,0.0007785907602557339
6197,0,0.0006037247221208,0.0005868462802113127,0.0008363391543548242
6198,0,0.0006142726280118,0.0006859326186278731,0.0009002754216456411
6199,0,0.000454620955817,0.0006920307035385289,0.0008074890551161629
6200,0,0.0004638253955374,0.0005233571209326405,0.0010792768043089698
6201,0,0.0009105484143434,0.0008640749259897381,0.0009747632158371149
6202,0,0.0009199683354617,0.0008810979709719741,0.001091053352269172
6203,0,0.0051667409347914,0.005864948309932856,0.0059874287400911875
6204,0,0.0012284975983046,0.0018071635457671993,0.0020279853334857004
6205,0,0.0006617696363189,0.0006225991698925967,0.0007166466792330811
6206,0,0.0013393404421732,0.0016581912601638562,0.0013593853142997983
6207,0,0.0006664631975129,0.0011919644429490542,0.0009038523547643292
6208,0,0.0006334835644658,0.0006422538108091977,0.000765866621839775
6209,0,0.0012554558381035,0.001715082878022035,0.001564536841988779
6211,0,0.0018440708809848,0.001960048646798508,0.001956093986881635
6212,0,0.0039960896492228,0.004235652724899876,0.0059563823776384965
6214,0,0.0006360121131323,0.0006102612855723897,0.0008729188177462045
6215,0,0.0016480424848251,0.0013481615052515286,0.0019237441489411383
6217,0,0.0010486422134044,0.0009681509435351223,0.001093085505828359
6218,0,0.0007484041116665,0.0011227503050007003,0.0011192889168336224
6219,0,0.0035649634157118,0.004846509746057336,0.005592914062325188
6220,0,0.0011604391095628,0.001255532146246887,0.0014170395206653825
6221,0,0.0009271953262303,0.0009049067399620592,0.0016357686754972776
6222,0,0.0036700798812611,0.004330067730794973,0.0046626392025364725
6223,0,0.0004895541993881,0.0007831244611770927,0.001061977767773562
6224,0,0.0005658119745075,0.0012661614952952673,0.0020411699157660964
6225,0,0.0006565422834892,0.000830429426313035,0.0007585912547470803
6226,0,0.001064081669334,0.001365930799634045,0.0010796216427319287
6227,0,0.0043730040652472,0.00494567647654633,0.006822677145112569
6228,0,0.0007323495613527,0.0008700134110012671,0.0016029348927131689
6230,0,0.0016738288962757,0.00177154486574406,0.0025397127186874814
6232,0,0.0007757326967411,0.0009151082595041778,0.000902011007558604
6233,0,0.0018765464266128,0.0036991165600667713,0.0014780507453164985
6234,0,0.0007583502404365,0.0009846832971437797,0.001030111462979646
6235,0,0.0009112538194094,0.000976337132339962,0.0014392803550823973
6236,0,0.0008882291784975,0.001035180325021418,0.0013585341348813155
6238,0,0.0023988158213058,0.0021542032789857403,0.0024492009362461153
6239,0,0.0043604023134778,0.004806248707437141,0.007095882143245562
6240,0,0.0009008742052925,0.0008489139546418575,0.0010630849188879015
6242,0,0.004623974783564,0.005700429754335268,0.006846537705307121
6244,0,0.0023563658733697,0.00247089887962255,0.003442765653172139
6245,0,0.0022574493104198,0.0026199815159317257,0.002319884610109862
6246,0,0.001342467569155,0.0014796365970681938,0.0016879085994574768
6247,0,0.0014180813826442,0.0017830262404856826,0.00196950451984971
6249,1,0.9736176970413294,0.9816183929078116,0.9843774565003638
6250,0,0.0009846259208066,0.0010555258083359386,0.0018020996801697883
6251,0,0.0013016099759138,0.0027959612823274856,0.0027308491675719355
6252,0,0.0014957460308047,0.0014902540584343486,0.001863189388513839
6253,0,0.0012270102785904,0.001697130618872029,0.0019323431879133377
6254,0,0.0069643721851266,0.006785115639244086,0.005781976068700095
6255,0,0.0180542243815275,0.01904858235552284,0.015200117837372636
6257,1,0.0201026664612715,0.018247724422479246,0.016144679986563375
6258,0,0.0047264178853027,0.0056193744511997944,0.003672827822471758
6259,0,0.0005791450044068,0.0006234071047501831,0.0007422075688260386
6260,0,0.0024713394786657,0.002460861541279713,0.003361932284487012
6261,0,0.0020675942505635,0.0023930956342353774,0.0033032529389330897
6262,0,0.0013643842769321,0.0016607571145313403,0.0022082618634257783
6263,0,0.0005691472024606,0.0007786811757306346,0.0007551220254169803
6264,0,0.0006678186519198,0.0006810486840075065,0.0009125426469809101
6266,0,0.0017810391945974,0.0022828816174407336,0.0030876110323598367
6267,0,0.0039270942643719,0.0043629112167680815,0.0046489569010427
6268,0,0.0005481142847008,0.0005526263385051266,0.0008169423621385892
6269,0,0.000575531335072,0.0005828104522815106,0.0006835803120367012
6270,0,0.0010062286587018,0.0011598834580698399,0.0012244849148415015
6271,0,0.0007753259430202,0.0011275500328832917,0.001604065942382511
6272,0,0.0006884830362769,0.000874375711647274,0.0011495072484723
6273,0,0.0015910759583791,0.001704118935681781,0.001857751349332319
6275,0,0.0007034028124868,0.0007443249633582544,0.0009855329198511656
6276,0,0.0005710836570225,0.0005931159137557732,0.0007045709857361518
6277,0,0.0223909331316244,0.021048324567170366,0.02691861398406442
6278,0,0.0007179319191826,0.0009093995459849851,0.0013899973638359525
6279,0,0.0005132473785004,0.0005570788482028078,0.0006181113993181832
6280,0,0.0013474607345871,0.0017830978190379455,0.0023189445760307976
6281,0,0.0005793103115431,0.0008038722511672928,0.0008296411633412988
6282,0,0.0006118168802256,0.0008555215863830416,0.0009033159843586889
6283,0,0.0019804908800522,0.002168681011017566,0.002460085679083745
6284,0,0.000664767761331,0.0006767794510737201,0.0008717433577355126
6285,0,0.0006019403206682,0.000852268730606086,0.0008139357066546208
6286,0,0.0032586846446881,0.0027652881008811935,0.002346357743413097
6287,0,0.0006372263922339,0.0006538602895615805,0.0007153992162437354
6288,0,0.0006904611035309,0.0006342432394555608,0.0008716156491764684
6289,0,0.004186122448546,0.005908211677783794,0.005403372981696453
6290,0,0.0082017526539914,0.009372831121483747,0.012427802754662173
6291,0,0.0008148337706813,0.0008683709319095299,0.0011909380914929659
6292,0,0.0006257200497783,0.0009126437821747211,0.0008697969131657942
6294,0,0.0006444297514265,0.0009282091513712332,0.0008660459868929556
6295,0,0.000524895321471,0.0004907489041543853,0.0009739080793597498
6296,0,0.0007937564407234,0.0008074944904747094,0.0009401756332499238
6297,0,0.001008574204147,0.0018391621701778467,0.0018776972244761913
6298,0,0.007173677123488,0.006269394865370674,0.006662264595436658
6299,0,0.0007813336214332,0.0007225699170364094,0.001347128524473187
6300,0,0.0024905930960558,0.0025667913780775308,0.003580147287923171
6301,0,0.0017981823084888,0.0014736159774293121,0.0009480530415981553
6302,0,0.0006755123147194,0.0008331788112469338,0.0009529679894893404
6303,0,0.0029532763163077,0.0028711894284954354,0.0020571049553030464
6306,0,0.0008946380317447,0.0009224047513821245,0.0010196906493218016
6307,0,0.0007165411273141,0.0009127512934642721,0.0009072100808172989
6308,0,0.0006597487250136,0.0008426912019051698,0.0008049476372181797
6310,0,0.0012953674620799,0.003209066357672068,0.003413291696232688
6311,0,0.0010804851538275,0.0012823017491604177,0.001454648350669923
6312,0,0.0016122623937301,0.0017836800271160851,0.0019118561249308868
6313,0,0.0008956979004755,0.001722476199625459,0.001309260552869097
6314,0,0.0011510066262436,0.001795549209008367,0.0021991547068183296
6315,0,0.0010047269515744,0.001150618825207816,0.0011296388934119073
6316,0,0.0010277651693607,0.0011509235997738563,0.0011131491586061815
6317,0,0.0007947268928602,0.0008318464328877467,0.0010861441292503704
6318,0,0.0033462800002618,0.0034425411471982444,0.004015747831150664
6319,0,0.001699113385003,0.001916445215856087,0.002044954244712622
6320,0,0.0007451727094952,0.0008508927853603114,0.0011310431407707965
6322,0,0.017100303791721,0.020106786500099626,0.02830550272407178
6323,0,0.000885769854836,0.0010253124346110358,0.0012237915413831216
6324,0,0.0031151808397214,0.004060513861568326,0.003985469656311895
6325,0,0.0029336619995386,0.003446456707392864,0.0034371453586494504
6326,0,0.0015640934136578,0.001002619884834211,0.0017633780490064173
6328,0,0.0021169225563541,0.0021375068272866445,0.0025250071857438527
6329,0,0.0019864391779511,0.0029132830107796307,0.0017182729837742887
6330,0,0.0011944331562983,0.0012594531274063158,0.0013912202106463733
6331,0,0.0008936106489798,0.0009421254973764831,0.0011849913489881086
6332,0,0.001492852999603,0.001320851739544978,0.002429193687416505
6334,0,0.0063913410907293,0.009954427774283072,0.009150206083069844
6336,0,0.0018307630555578,0.0021721916913691594,0.00233059710587696
6337,0,0.0077299043943452,0.007062235297158881,0.006117026033228116
6338,0,0.0484296679150755,0.050780573316466834,0.055349080734471576
6339,0,0.0512322999957894,0.041907816116369054,0.05459702060578718
6340,0,0.0440138761765033,0.0440206244814898,0.044787511651827594
6342,0,0.0023399944745006,0.0025414765077951687,0.0022208138560239664
6343,0,0.0007719173621674,0.0010631401091126273,0.0009615365288555095
6344,0,0.0006589365153734,0.0010003275253436025,0.0009719386529172451
6345,0,0.0041909189997218,0.006659884789024688,0.004336518875803646
6346,0,0.0005703360836402,0.0024464415641980613,0.0027322547827807633
6347,0,0.0063275084688181,0.007957643809703579,0.008758702359564045
6348,0,0.0019912518882846,0.0015999780187809659,0.0020151873212312555
6349,0,0.0004175932394099,0.0005357677016385509,0.0008018758811634198
6351,0,0.003317765919639,0.004559767613435102,0.004492660130619231
6352,0,0.0003523889933509,0.0003543395040243305,0.0007779343419012103
6353,0,0.0005712788246729,0.0008016926425884623,0.0008694883043954332
6354,0,0.0002484355155077,0.0003047452627751602,0.0007241210431318597
6356,0,0.0004748804340155,0.0010881913471456942,0.0007385769774765053
6357,0,0.0016865208180442,0.0024284582349195284,0.0017369047639988217
6359,0,0.0005091562585129,0.0006294470415961972,0.0008454595674930863
6360,0,0.0015329631283274,0.0013993455448080014,0.0022100710515702403
6362,0,0.0036205004011669,0.004599156587831749,0.00520089563061378
6363,0,0.0004901356914759,0.0005168305837638427,0.0006837158216270096
6364,0,0.0005662277117376,0.0006629367479938073,0.0007387498838625501
6365,0,0.0004468719927985,0.000444618524912589,0.0006458963467361217
6366,0,0.0008388009269723,0.001559164228522249,0.0025473513449920755
6367,0,0.000766038362125,0.002607439556305091,0.0010399133726990994
6368,0,0.0005477906679892,0.0007559163464161737,0.000813288545638423
6369,0,0.0018030434877757,0.001928185216682544,0.0017087772210435579
6370,0,0.0005019453337224,0.0008865734054747603,0.0010032622224323538
6372,0,0.0004821554345516,0.0004960982494961384,0.0007102691127234191
6373,0,0.0009039397952321,0.0012485707750098346,0.0012944478243092372
6374,0,0.0027088760024534,0.0008269491867175966,0.0015109667290838162
6375,0,0.0005392398230141,0.0005721028857805825,0.0007525254744703793
6376,0,0.0006836882252915,0.0006998955847919142,0.0007661698832905814
6377,0,0.0019848673446832,0.0012312997950651983,0.0019391045596601807
6378,0,0.0005602043634856,0.0005315948849996553,0.0007370286666084727
6379,0,0.0005701408527691,0.0007779188219617454,0.0008033390947074881
6381,0,0.0012960235945476,0.0016477915823945415,0.0019380679952152582
6382,0,0.0009925222994141,0.0010286443892319615,0.0018877656937498358
6383,0,0.0005912596505469,0.0006562458916529767,0.0008805859566757233
6384,0,0.0005711486902668,0.000585029911005331,0.0007504441626105467
6386,0,0.0006982444700961,0.0006306652046525914,0.0011575107076260264
6387,0,0.0005350702611819,0.0004792569807761523,0.0009242907885974521
6388,0,0.0005360340669729,0.0005659924856030194,0.0007801496467361826
6389,0,0.0004832766695132,0.0003855889301831345,0.0008042229692963383
6390,0,0.000861665450362,0.0013349812214889724,0.0010728665986534337
6391,0,0.0010610064844837,0.0010434968082688385,0.0014427461442685122
6392,0,0.0005311687122474,0.0005253458396393554,0.0010336326081937218
6393,0,0.0008951405085637,0.0010176343743827896,0.0010185720941838434
6394,0,0.003521636236358,0.0035698725127098034,0.0031282860606399857
6395,0,0.0014474496019545,0.0016828901291650782,0.001670316665802117
6396,0,0.0038841716009485,0.004603658126951816,0.004962147711415099
6397,0,0.000745539353524,0.0007393880968871668,0.0009192140497201807
6398,0,0.0007697014053037,0.0009500102634420699,0.001057978910806737
6401,0,0.0008973803652609,0.0010327683704092728,0.0010909060919967611
6402,0,0.0004925728065313,0.000524965273204363,0.0006965868646288315
6403,0,0.0004198458930617,0.0005430768241679887,0.0008858198597838045
6404,0,0.0007774286587359,0.0008831875015079711,0.0009384738397699455
6405,0,0.012647878305319,0.01797332520885797,0.020089142914947608
6407,0,0.0009956921411406,0.0011928547087018074,0.0019482065677887785
6408,0,0.0047692423423087,0.0032275758724424133,0.003974319997574496
6410,0,0.0008640843431734,0.0008353217202324272,0.0008988940464193982
6412,0,0.0006879860748327,0.0006528156984582022,0.0010605472078035567
6414,0,0.0011096667513668,0.0012048715197798122,0.001539539063535916
6416,0,0.0010246312530344,0.0009429140977465517,0.0012937332629076193
6417,0,0.0028745487808225,0.0022476603109582534,0.003708324848466665
6419,0,0.0277870891046382,0.028219704797133857,0.040161851859283164
6420,1,0.0146123059795755,0.012174972634995805,0.01543704124162972
6421,0,0.0004367241569526,0.0005884581743850046,0.0008156116805578534
6422,0,0.0005139553993455,0.0006990376761647662,0.0007252791827876972
6424,0,0.0005945215634169,0.0006408521781888694,0.0007180485564268794
6425,0,0.000360359577757,0.0004281687448438855,0.0009304905214443646
6426,0,0.000944062571868,0.002165496439507181,0.0024412035869529674
6428,0,0.0012487529025104,0.0014819914318082925,0.001448288840154032
6430,0,0.0019666137731596,0.0014504751950589333,0.0028350849576221273
6431,0,0.0005310195502066,0.0005961625903166157,0.0006776354438058139
6432,0,0.0030480577448717,0.004506038558772539,0.0040495196209710165
6433,0,0.0006263266654702,0.0008529197141943317,0.0008829642093346234
6434,0,0.0003143760077664,0.0003632016928717133,0.0007820522143999637
6435,0,0.0006264021773443,0.0007335317078985519,0.0009499303973141604
6438,0,0.0459103599189727,0.044318935202774454,0.04466518089244798
6439,0,0.0007841275455607,0.0010412106406569202,0.0010810895428679513
6440,0,0.0003385457519966,0.0004007401741599639,0.0007944407821390566
6441,0,0.0004317294056009,0.0005692832926576776,0.0008577863094665506
6442,0,0.0005987759291485,0.0006233636489874661,0.0007316062558212145
6443,0,0.0032238693379113,0.004140600111437032,0.004608508254805278
6444,0,0.0005791339349,0.00064094444629593,0.0008002064863015114
6445,0,0.0049761711027408,0.008331597674930167,0.009123019947142937
6446,0,0.0005294674219308,0.0005571419722064349,0.0007881320882213149
6447,0,0.0011844526582819,0.0007169983520079629,0.0008878689999248285
6448,0,0.0028553137863265,0.002948406943209244,0.004266564441945335
6449,0,0.0006664620998406,0.0009531471333060386,0.0009946233905356087
6450,0,0.0008299813073761,0.000923779003458869,0.0009599535574923422
6451,0,0.0024062021271159,0.004016236927341391,0.004046397234539707
6452,0,0.0017575358367296,0.001211956377445941,0.0012538036283791694
6453,0,0.0048485896139192,0.006185539148001602,0.006639576423291391
6454,0,0.0006555091071963,0.0006773056773365085,0.0008705458537346145
6455,0,0.0005541553870048,0.0008280934675489935,0.0008032188000548933
6457,0,0.0014200454915064,0.001993308939153159,0.002526220253357999
6460,0,0.0021583615285842,0.0020901097684708097,0.002300503444191581
6462,0,0.0007426866536021,0.0007479324831671239,0.000808658922408888
6463,0,0.0005905201955724,0.00046947300490947374,0.0008947497100439011
6466,0,0.0030928550819584,0.004661313146402612,0.004391946644900042
6467,0,0.0008693056124384,0.0008715196765485348,0.0008649970642504575
6468,0,0.0023425219872283,0.002195559954154823,0.002357670103586079
6469,0,0.0006594245231383,0.0008036076593241346,0.0008807639077132083
6470,0,0.000840195455744,0.0010774955475394026,0.0018469660318353133
6471,0,0.0016959921016712,0.002565825019237744,0.0022839736279049207
6472,0,0.0005758990500796,0.0012426828883282922,0.001158706637907529
6473,0,0.0012953301141793,0.0007713141501393633,0.0009438228678392299
6474,0,0.0009868585249182,0.001121424882144683,0.0009597057254588391
6475,0,0.0030161955160618,0.002892437981079453,0.004084660162702749
6476,0,0.0015052898084179,0.0011471212674554407,0.0012214710215939645
6477,0,0.0021769876186167,0.0021481383971219295,0.003914999795691888
6479,1,0.0015849907673123,0.0011640644341191116,0.0012393280581450444
6480,0,0.0008528131454952,0.000840164422434359,0.001390558322943164
6481,0,0.0033027540795647,0.002498474605395394,0.0024646963049526557
6482,0,0.0026026332199814,0.0019677805689320197,0.0024362528099514565
6483,0,0.0007742845449348,0.0009361115480271771,0.00104613480937279
6484,0,0.0009940919306587,0.001026224794390236,0.001578388604898911
6485,0,0.0014364744511426,0.0010024138839295313,0.0017278335285004583
6486,0,0.0007818799838945,0.0008693091875696449,0.0010287861008484783
6487,0,0.0047582731997961,0.003537425627790569,0.009491679241757353
6488,0,0.0011144299183625,0.0012953968372179823,0.0012469171882035595
6490,0,0.0023392483556444,0.0018721475408692734,0.002206429941470596
6491,0,0.0021462751409254,0.0025240989377895984,0.0033929729533443047
6492,0,0.0014788293040079,0.002273696442630138,0.0027887542062923145
6493,0,0.0022279714767568,0.0022624214172976783,0.002053846189929096
6494,0,0.0028542249376663,0.00299730485479743,0.004438845483480748
6495,0,0.0017168888855318,0.0018724993921462826,0.0014800624444257096
6496,0,0.0025465454570564,0.0020021617652676185,0.00267072509138546
6497,0,0.0024714255261427,0.0021357174064396333,0.003500028878828021
6499,0,0.0032531227856241,0.0033503518244299073,0.005031301392074092
6500,0,0.0027743927388854,0.003719424293569768,0.002676807930017753
6501,0,0.0100595607282186,0.009276370637608385,0.007485525712046141
6502,0,0.0062478732588743,0.005883327594744655,0.007285278745924186
6503,0,0.2465165947135942,0.28675949947022356,0.3322650683303933
6504,0,0.0309305856064552,0.029274585561878515,0.02928534816997922
6505,0,0.0293939998821811,0.031073161613286764,0.02388663175310326
6506,0,0.0270124362837894,0.024024635534681697,0.021771888093302758
6508,0,0.0005922190933934,0.0006287335230480396,0.0009599370705683451
6509,0,0.000579750770972,0.0007700741052202719,0.0007650640161457077
6510,0,0.0004125068335944,0.00043476530107091043,0.0007884884758498586
6511,0,0.0017989507472689,0.002604847908240883,0.001710468909867795
6513,0,0.000609170317908,0.0006963551465382124,0.0011709804711000046
6514,0,0.0004177489680932,0.00048328068334005196,0.0008404274359085106
6516,0,0.0005992222764579,0.0012430134491471627,0.0006977905477840216
6518,0,0.0005942756180589,0.000623783726396814,0.000878297339662038
6519,0,0.0635714801186655,0.05814254860988888,0.05958055552981395
6520,0,0.0026083763761182,0.0020560308286368015,0.002651779142001958
6521,0,0.0008441501357468,0.0009263373105864047,0.0007288993476330179
6522,0,0.0012350526317827,0.0007000588921309579,0.0009442506211647913
6523,0,0.0005830365421225,0.0007218558636356774,0.00093697309261461
6524,0,0.0007857447729072,0.000964637895899397,0.0009248322403805826
6527,0,0.0006002564304035,0.0009689143742894885,0.0010081006933999716
6528,0,0.0005957008064218,0.0008314572664778107,0.0008620971802678094
6529,0,0.0005526341489165,0.0005998116982057997,0.0007012609634686265
6530,0,0.0005615826639811,0.00061917152007277,0.0006953122733204002
6532,0,0.0006598349048656,0.0006667912829602796,0.0008710630290291987
6533,0,0.0035850361923322,0.005258636971795164,0.005331447761140085
6534,0,0.0008828218481335,0.001358134267078097,0.002560903390148226
6536,0,0.0005908321465758,0.0004558135207775254,0.0019540280772228956
6537,0,0.0025897606108667,0.0024801907504433673,0.002421365023851182
6538,0,0.000676243128205,0.0009812601004365131,0.0009660192514462675
6541,1,0.8714422084917584,0.9188055651053331,0.9135730895539367
6542,0,0.0007538546132172,0.0007958267419267688,0.0014831960587341148
6543,0,0.0006500375479085,0.0009127691609885501,0.0009426821980333863
6545,0,0.0012699790994341,0.0018093998508769442,0.001928524171611234
6548,0,0.000743584809451,0.0007419329568393676,0.0009862814581185198
6549,0,0.0008889946298348,0.0009010036380579041,0.001033967184094047
6550,0,0.0007535187551776,0.0008916918400132751,0.0008618272317941365
6551,0,0.008072507713341,0.005722060870852575,0.009244986338222301
6552,0,0.0008472022952031,0.001201655423400519,0.0013892676405440375
6553,0,0.0008192279122524,0.0010874875862820206,0.0009941068244509474
6554,0,0.0020645613098873,0.0022736540427412064,0.0025890122613565617
6555,0,0.0022435676236889,0.0015716710384562182,0.0036854174434190244
6556,0,0.0025666567934061,0.005260807499888203,0.003804483440942739
6557,0,0.0013800604782309,0.0011782394785313332,0.0012613128757955738
6558,0,0.0011216156772611,0.0011102975353588682,0.001305525660302588
6559,0,0.00099826633687,0.0012405373145569195,0.001196923524611558
6561,0,0.0009663543648559,0.0012097618032836782,0.002297597491695736
6563,0,0.0027500966217715,0.0023022952089937817,0.0029250702707505163
6564,0,0.0012550900280839,0.0010435956954245687,0.001201441132162469
6566,0,0.0008785517850472,0.0010382477433148922,0.0011097215025392306
6568,0,0.0012569215409831,0.001491484213067716,0.0016273472338657522
6569,0,0.0010944136187926,0.001146149533454344,0.001358697767712348
6570,0,0.0075811257724751,0.008225406120446917,0.008877267598297761
6571,0,0.0009756211720007,0.001044729969228831,0.0012321832808832283
6572,0,0.005299954030221,0.006844488204646387,0.005759024400492493
6573,0,0.0022183133394162,0.001835484310138927,0.0017578626558553195
6574,0,0.0020947795974579,0.00275921595744216,0.0025595345369750794
6575,0,0.001105638185193,0.0010851398372238588,0.001480471071217277
6576,0,0.0013628552472991,0.0013900003776708538,0.0016564568862087435
6577,0,0.0009074385712701,0.0009752758210270574,0.0010806888038567544
6578,0,0.0025783095961283,0.0039771170801219625,0.0037364813216514826
6579,0,0.0018548073693557,0.0031926027776362333,0.006245633051641074
6580,0,0.0016423295888961,0.0014466020691404177,0.0015371001107900106
6582,0,0.0011627404206238,0.002431527138445128,0.001564701791984401
6583,0,0.0014691589278602,0.0018041130394696172,0.0022669935258656047
6584,0,0.0041748307136089,0.0065932230415643,0.008982635300677026
6585,0,0.0494505702586821,0.04944116004305024,0.046750727307629705
6586,0,0.0249635990901305,0.025679784475731604,0.025654828582068474
6587,0,0.0400146475822378,0.038737552445079745,0.0365708706522061
6588,0,0.0356622300991144,0.03815136246934696,0.03194447707930671
6589,0,0.048092849444083,0.052280796543440075,0.0562685553430552
6590,0,0.0004329489725046,0.0004525908423477986,0.0009245873965970399
6592,0,0.0012984514010158,0.0014634953763625234,0.002875521509707825
6593,0,0.0029262982802438,0.0037746085147208714,0.0042774310290863505
6594,0,0.0008715623464992,0.0010297212728440546,0.0015170729110908655
6595,0,0.0019277088302695,0.0028937518036815596,0.002929552951654221
6596,0,0.0012016043777291,0.0012233519810350031,0.0029765434602363225
6598,0,0.0026641214638099,0.0050776569335987155,0.002835086652220321
6599,0,0.0020157721729067,0.0030266123314567285,0.00335921412802006
6600,0,0.000774853788427,0.001295956382399275,0.0009560635359303707
6601,0,0.0026380994267511,0.002635129559366207,0.002780805656738584
6602,0,0.0042911314817612,0.004967001500139979,0.00564946179256277
6603,0,0.0034456320508673,0.005331223621089234,0.0044584847170992875
6604,0,0.000858946157588,0.0009039330391028234,0.0015675871917944033
6605,0,0.0007700888780861,0.0009150222255534318,0.0009892473553111364
6607,0,0.0008492276722449,0.0009574370605102943,0.0015609100591402005
6608,0,0.0005642384133914,0.0004638337970630295,0.0008246963242007719
6611,0,0.0006105799834785,0.0006118162334194679,0.0008996980756946944
6612,0,0.000572773237092,0.0005818231790965453,0.0008093205134786477
6614,0,0.0007758773732786,0.0006273013037687477,0.0010303918438723408
6616,0,0.0006624699585149,0.0013401709901304972,0.0009794137136349477
6618,0,0.0207901223201681,0.019482381423012975,0.019407243638248566
6619,1,0.8813787003702986,0.8722242386064012,0.8547540750434287
6620,0,0.0007915030503142,0.0015336925028504964,0.0009371402141529056
6621,0,0.0007720139406792,0.0007942366601514427,0.0008915013776341116
6622,0,0.0008234796394302,0.0008667634908678628,0.0009956845097996614
6623,0,0.001031380544605,0.0017387724975655781,0.0026185570022985525
6624,0,0.0012475867580491,0.001650014941273308,0.0014645925959539611
6626,0,0.0027648251870797,0.002733484193554593,0.0041650560617432966
6627,0,0.0010289304400734,0.0009968061102435925,0.0009641969903110633
6628,0,0.001117086247477,0.0018062997388163067,0.0013305984458852832
6629,0,0.0007603258685661,0.000728803355655339,0.000981216406425972
6630,0,0.0027922538585403,0.0026663079393787177,0.003087060270442434
6631,0,0.003682346375952,0.0032143058180657564,0.002846330033611051
6632,0,0.0042318123161483,0.007114428761464741,0.005644589329162201
6633,0,0.0047857198386434,0.005783714833265908,0.006272221072699078
6634,0,0.0008208751182351,0.0009767448388325307,0.0009316689679645413
6635,0,0.002137586251727,0.00245162424761455,0.0028957705969403676
6637,0,0.0010283031894874,0.001184003730603742,0.0016511719813109256
6638,0,0.0074558989344936,0.007503874857360919,0.0065531580489252604
6639,0,0.0006976520830622,0.0006861232382921853,0.0011096017485946767
6641,0,0.0039798566479146,0.003958051319998995,0.004991592875955046
6642,0,0.0008286405918705,0.001003792749430552,0.0013008301971303851
6645,0,0.0007402584904943,0.0008165962967763,0.000817953271781647
6646,0,0.000969055902768,0.0012328605439298024,0.0011167170244256457
6647,0,0.0007965172742222,0.0008833665870400705,0.0013395055112078158
6648,0,0.0016680487918837,0.0011473208138537974,0.0016178631030697244
6649,0,0.0007821982483617,0.0006874685168072761,0.0012980267303913026
6651,0,0.0008303724358803,0.0008724266582937323,0.0010659467049370062
6652,0,0.0050438423182792,0.006298101034674219,0.005414873448136518
6653,0,0.0004070619651907,0.0004088339920698989,0.0008755911045986135
6654,0,0.0114328971163,0.007826738050651184,0.006252890614293919
6655,0,0.0022365234095431,0.001981504404983615,0.003051990336673455
6656,0,0.0010566788100497,0.0011492319932032396,0.0015129526355620302
6657,0,0.0012663446153622,0.001649318341641349,0.002232676711318816
6658,0,0.0059712780211683,0.00783676906506108,0.007887165831389929
6659,0,0.0017618659647939,0.0019305061976062018,0.0026984036604582283
6660,0,0.0009326783394958,0.0012004091872499004,0.001419970670850275
6661,0,0.0024477071214964,0.0026256173043877062,0.0030384643569048983
6662,0,0.001319980876532,0.003352184556460575,0.0041020032916407176
6663,0,0.0034348855490665,0.007268682845461107,0.007286305856670396
6664,0,0.0018216247017662,0.0016265069136494606,0.0016630463149524299
6666,0,0.0025457907051571,0.0026624664119812924,0.003932224877427552
6667,0,0.003376946187384,0.002890084587082356,0.0036426336449776092
6668,0,0.005766213118934,0.004892720471822265,0.0038238421914392777
6669,0,0.0454246726205063,0.04462040317811342,0.05272494427814488
6670,0,0.0298676470479094,0.02342520131351973,0.021375751896000477
6674,1,0.9602475452948762,0.958011855704026,0.9607508704345531
6675,0,0.0390157372178624,0.04461892901247165,0.042306971983586156
6676,0,0.0512848994794762,0.06078309763298721,0.054843609287786206
6677,0,0.1017228987048849,0.10106762476999177,0.09187353165830969
6679,1,0.9626143229385252,0.9630726964747673,0.9646695477773183
6680,0,0.0025576229560848,0.003441079082368735,0.005298941512945274
6681,0,0.0030241421316282,0.0029650675884478643,0.0025844133665552105
6682,0,0.002108163335233,0.0022238960409095704,0.0021066453433511165
6683,0,0.0007786582765658,0.001159147588069293,0.001200034760741959
6684,0,0.005116002208584,0.00526198368384933,0.006352243280568742
6685,0,0.0006224694908564,0.0006240023799409626,0.0012623506693133595
6686,0,0.0006254906143873,0.0005837197958998576,0.00122199972498043
6687,0,0.0007360769203422,0.001072173468771811,0.0008819413172907924
6688,0,0.0009523346636534,0.000836507732721796,0.0016698577109840783
6690,0,0.0006131600638119,0.0007910244306760892,0.0008287132785916374
6691,0,0.0092605800294938,0.006952870695034065,0.010468783963178956
6692,0,0.0009044596946752,0.004039568437673779,0.0016473864053695299
6694,0,0.0008286025079092,0.0007008500565617118,0.000833741521729696
6695,0,0.0401480385823964,0.047159659102150184,0.04484605470098232
6696,0,0.0056037774130754,0.005900624274321744,0.009811309312588029
6697,0,0.0007591095441516,0.000685125943770705,0.0009161029380308624
6698,0,0.0006332600889178,0.001229822580952293,0.0007506824346512173
6700,0,0.0006478648755227,0.0007276006036343453,0.0007727571005691251
6701,0,0.0051515645902491,0.002281010349854495,0.003672724632653912
6702,0,0.0004689117184705,0.0005103295830209023,0.0011170946633470157
6703,0,0.0006181796892645,0.0008831714559162313,0.0008045217099842541
6704,0,0.0006961833621321,0.0006879614153632608,0.0008625173652018665
6705,0,0.0007740819729826,0.0007231544156287171,0.0009765639902423074
6706,0,0.0042138962685071,0.004563573926337444,0.005168425900220324
6707,0,0.0030521849101326,0.0028220109072136026,0.00399345575356101
6709,0,0.0006388479380968,0.0009465820052011536,0.0009004526727887897
6710,0,0.0007561869642792,0.0014616193666538999,0.002514639020638583
6712,0,0.0019476569635708,0.00280817178925988,0.0030232423791763975
6713,0,0.0007440056284305,0.0007103583626140593,0.0008053680045910529
6714,0,0.0019653891622715,0.0022516724688124985,0.0027984596711098054
6716,0,0.0011363706698187,0.0016159530030006143,0.0016897648233248296
6717,0,0.0021979992708591,0.002104090239253112,0.002670245979734952
6718,0,0.0012028598750328,0.0016987782831570332,0.0012286763560968579
6719,0,0.0013873104495807,0.001959430447358466,0.0026232822931954052
6720,0,0.0005635613935114,0.0006902275775483571,0.0011416645879690152
6721,0,0.0008225108464846,0.0008604931774742666,0.0012398150716486918
6722,0,0.007606913987164,0.006733392708523793,0.00941973136825066
6723,0,0.0014334334205851,0.0017679111031400066,0.0018375662299382656
6724,0,0.000817562287702,0.000763734568218566,0.001058719255788134
6726,0,0.0060973175478526,0.006616605327513008,0.009423316395559137
6727,0,0.0007372277304224,0.0009105554713724428,0.0009004313763669024
6728,0,0.0008095175387887,0.0010789535338741078,0.0009932221850240904
6729,0,0.0009971526437991,0.0012974226576232776,0.001863456466712959
6730,0,0.0008032755810389,0.0011089689050102526,0.0011562584482111495
6731,0,0.0010492123141974,0.0013020838237368024,0.0011700552345599048
6733,0,0.0019211074501145,0.0014472924062640747,0.002313553188218662
6734,0,0.0088658966134882,0.011592929469029411,0.012614040723435579
6735,0,0.0008415238437113,0.0009036392847916678,0.0010110471229960224
6736,0,0.0007579536951778,0.0009751472939948029,0.0009199169173022328
6737,0,0.0008511092899793,0.0007587586410784807,0.0009744916314562287
6739,0,0.0012809139116578,0.0012265324933346915,0.0010053677935322807
6740,0,0.0007894698459759,0.0009362268104677854,0.0009363393096929588
6741,0,0.0031637764934016,0.002942840169552305,0.0033852875425215
6742,0,0.0006637895643828,0.0006785298979678893,0.00111666320114668
6743,0,0.0010814805474824,0.0010998870978775905,0.0011844681615944324
6744,0,0.001841313417132,0.0020759304963759847,0.0020877364739543304
6746,0,0.0039399519498627,0.004537206513816062,0.005759753026055088
6748,0,0.0055567964596504,0.003252898505732501,0.004217041683448489
6749,0,0.0017283805765638,0.0012632919658672817,0.001317249908407551
6750,0,0.0009304298990453,0.0011227692342898085,0.0010672916798541224
6751,0,0.0028130201108854,0.0035970965980094724,0.005587409827310923
6752,0,0.0018308447295299,0.0016546182169074213,0.0014431252509843043
6753,0,0.001527154744149,0.0017734696852349501,0.0023883164629001008
6755,0,0.0014137219866154,0.0017152670472554174,0.0025378235158237984
6756,0,0.0033380820798015,0.002939501603448733,0.003959056047625437
6757,0,0.0021959274510488,0.002145681856597393,0.0034702469650665325
6758,0,0.0263544861010439,0.021094993118517737,0.019718325261398783
6759,0,0.0256750853904659,0.023211793721836706,0.02199474622145362
6760,1,0.0151705751080712,0.01576942687601166,0.011338075495300241
6761,0,0.0006073519939834,0.0006657756615152151,0.0008049508463230553
6762,0,0.0048422117489017,0.0033519944476596147,0.004655534515392398
6765,0,0.0009823808106172,0.0011678140304466358,0.001705173519120955
6766,0,0.0006180272737197,0.0007124895882888747,0.0007783528915450055
6767,0,0.0004737487974,0.0005533274097131243,0.0012562978492145895
6770,0,0.0009998981267928,0.0011599425644842182,0.00229759476725766
6771,0,0.0005771362084468,0.0006446740555611724,0.0007372120593346362
6772,0,0.0009104904280761,0.0010576584153565065,0.002020186907655612
6773,0,0.0006276076664453,0.0006018487647946219,0.000832226401996788
6775,0,0.0011111491414971,0.0015759528121765945,0.0014699126495814024
6777,0,0.0006361683409315,0.0007593461481134817,0.0010560689761781325
6778,0,0.0010424915520004,0.001102800430336266,0.0013370941705139153
6779,0,0.0009183489721517,0.0012900035935529755,0.0018108361327442068
6780,0,0.0050866194728249,0.006083389746447283,0.006313661402895378
6782,0,0.0006818934926721,0.0009996042464946132,0.0010846082364456971
6783,0,0.0010259959455134,0.0010167123449756324,0.0017379244398120915
6784,0,0.000631601841098,0.0007374899507563416,0.001270418937526156
6785,0,0.002699138829193,0.00333862710707164,0.0036789717929433694
6786,0,0.0016109319831876,0.0021746637126793898,0.002895094547035343
6789,0,0.0012298673539216,0.0017066320429313935,0.001621235221578059
6790,0,0.0006755203302175,0.0009636671676012432,0.0010430912143883655
6791,0,0.002500838771219,0.002930260230729019,0.004811705443695475
6792,0,0.0006745396170478,0.0007340163239831397,0.0011208575840823722
6793,0,0.0006899563123999,0.0010190176387955988,0.0009676251704457695
6794,0,0.0006533847368535,0.0006930906665769916,0.0007747141127865454
6798,0,0.0008098619868888,0.000960421377908286,0.0017111595758272828
6800,1,0.9652456617865994,0.953401486002341,0.9618070592650245
6802,0,0.0057257079692947,0.007591615439949974,0.00841297661521966
6803,0,0.0019006509944764,0.001077167628481179,0.001176793523308163
6804,0,0.0039333849057925,0.004228257077489226,0.005124874536850139
6805,0,0.0018905460577174,0.0012802063438632,0.0014279771909813165
6806,0,0.0008667855850753,0.0009458220379124618,0.0011455797887661777
6807,0,0.0005700243837093,0.0007138553456608105,0.0009246742127183667
6808,0,0.0006690708733683,0.0008450383331594469,0.0008255584516101243
6809,0,0.0018004677017437,0.0019594902132073475,0.002179863829612398
6810,0,0.000702604203361,0.0007582803977211026,0.0009581376698496474
6811,0,0.0007305098253461,0.000750948494603176,0.0008390123655396153
6812,0,0.0006345214077155,0.0011222707139217614,0.0016014720371733582
6813,0,0.0032175057723319,0.00406297215667423,0.0051238206598191866
6814,0,0.0019493886402652,0.001781956526460615,0.0016611108544170583
6815,0,0.0007486161446678,0.0008985999135302197,0.0009584105102616524
6816,0,0.0015240022114711,0.0012597639858541454,0.0016802283304975685
6818,0,0.0031082078643219,0.002778613793879924,0.003004703643648011
6820,0,0.0039523615691695,0.004477298679939036,0.00419019394987865
6821,0,0.0007697562891408,0.0007817560959302938,0.0010707052962517845
6822,0,0.0008223192644718,0.0011056345843374962,0.0012058235392839248
6824,0,0.0031766310763258,0.0035048286025492295,0.004371606382238016
6825,0,0.0011193266327191,0.0013255518026542578,0.0013495193631750573
6826,0,0.0013780485259788,0.0015281942468469718,0.0025868293102110935
6827,0,0.0011969138544107,0.0013027099785439282,0.0015279026073495342
6828,0,0.0007161035883212,0.0007586992131466632,0.0012809381426775461
6831,0,0.0042228931888578,0.005968298273868203,0.0053245389851377545
6833,0,0.0017274696700594,0.0015573129704165925,0.0021195658319794336
6834,0,0.0016086649312599,0.001472475601823115,0.0023315340728561184
6836,0,0.0013268631555084,0.0017751020683078604,0.0028306230369451535
6838,0,0.0045204394537239,0.003976153196918461,0.003215312341626398
6839,0,0.006426715776625,0.004978712023974419,0.003877700145913531
6840,0,0.0078435859110502,0.007161157135778811,0.008017967551138802
6842,0,0.0333647476206784,0.030776618265822314,0.02661270919473635
6843,0,0.0471143743938258,0.04191848135010166,0.038198515748329956
6845,0,0.0383436766718864,0.03748663478573199,0.03113959597347054
6847,0,0.0014220594521474,0.0008649810310849733,0.0014803709531399118
6848,0,0.0005979822539266,0.000607361364032466,0.0007439466444623971
6849,0,0.0026859994572577,0.002567008562888752,0.00240461024060865
6850,0,0.0005992279720594,0.0008762897858030102,0.0008001074354488492
6851,0,0.0005462693666832,0.0005584124130852427,0.0006476602397064657
6852,0,0.0014578871731713,0.0012031883230591177,0.0022439374943789264
6854,0,0.0004249408738504,0.0005317472595061287,0.0010001138566319596
6855,0,0.000524385491832,0.0007329001976982038,0.0007178582306660245
6856,0,0.0006278679032221,0.0005874158237640035,0.0007961629177079479
6857,0,0.0007693824481277,0.000769358372504897,0.0008743396576870396
6860,0,0.0008608454536271,0.0008469128328843848,0.0010386021924657855
6861,0,0.000801620547975,0.0009166109423318204,0.001023807358943558
6862,0,0.0007214207774875,0.0008272093825232415,0.0008613504886991573
6863,0,0.0009826323386719,0.0019255402804191054,0.00229884968584794
6865,0,0.0035757051497185,0.006746210562974834,0.008285805618664432
6866,0,0.0005879601930536,0.0011670139644262237,0.0008001421713980123
6867,0,0.0003844307393747,0.0005156723444177398,0.0006268783770278154
6868,0,0.0032618951513301,0.004500913292580689,0.004442212260652446
6869,0,0.0036868127337204,0.005883213572486603,0.004744029541207634
6870,0,0.0004776415451009,0.0005944936051313598,0.0010591473417235651
6871,0,0.0002554832744257,0.0002813968841354471,0.0006666628682482598
6872,0,0.002157069734315,0.0028146514554125354,0.0035713467911702023
6873,0,0.0006092088342659,0.0005905558832605438,0.0006609913162857022
6874,0,0.0006174748359543,0.0005827507919155972,0.0006834682148062112
6875,0,0.0027175799195608,0.0040781760837068776,0.0044711915602473305
6876,0,0.0005538959733475,0.0005350901309646668,0.0007485356025764007
6878,0,0.0006173831295753,0.0006569643903657114,0.000706001043317192
6879,0,0.0003244683855097,0.0005175168755672937,0.0006196004152718901
6880,0,0.0006101216847486,0.0015755743957979295,0.0013499011104028237
6881,0,0.0004679288133974,0.000661603587288267,0.0007715508243188559
6882,0,0.0011751258145641,0.0005710191371561277,0.0006754203831151877
6883,0,0.0008319094508232,0.0010920939442774882,0.0011426233187158707
6884,0,0.0008820724647971,0.0011448816402243804,0.0012057940858516587
6886,0,0.0008475123912005,0.0013913641853297747,0.0015539736428443127
6887,0,0.0003797069696657,0.000399988939487534,0.0008165850522504628
6888,0,0.0008379109249336,0.0009890967727262852,0.0008827263136001102
6889,0,0.0008761146371117,0.0012431801390227505,0.0010190989407802581
6890,0,0.0011185963225085,0.0011739072191637502,0.0012745100064880314
6891,0,0.0005720202265121,0.0006165026173151012,0.0006353265795431077
6893,0,0.0012307992875428,0.0010739772277268745,0.0015175196560298478
6894,0,0.0004450727959997,0.0005972969103497825,0.0006867304739962672
6895,0,0.0011136371239291,0.002552220143693892,0.001455093656521525
6896,0,0.0022073013746188,0.0027078360386348903,0.0034722330278344057
6897,0,0.0006536394114091,0.0006588348382611218,0.0008807596638799138
6898,0,0.179292312865818,0.20394220882272374,0.20298085653924225
6899,0,0.0007467115268274,0.000751745196949531,0.0009685766660503757
6900,0,0.0007569441698841,0.0008037514751994831,0.0008910606302557299
6901,0,0.0006426218070854,0.0006784571384533008,0.0007990790760301552
6902,0,0.0004087318448811,0.0005815363583254402,0.0007188375866243993
6903,0,0.0005345175024424,0.0005498780156368084,0.0010037833954293742
6904,0,0.0007573169269876,0.0009116312197673753,0.0009565305053313812
6906,0,0.0005099049716802,0.0004453492515086754,0.0008995423908631634
6907,0,0.0007952649495316,0.0007304212731272538,0.000963790324549728
6908,0,0.0008544639151951,0.001042415163862737,0.0009515109690714804
6909,0,0.0005904728810757,0.0005475849080777341,0.0010149822575038596
6910,0,0.0024177497155596,0.003797472088962706,0.003951701592051849
6911,0,0.0011868355378944,0.0019254735934565253,0.00175640786345092
6912,0,0.0005800421288255,0.0007955114499611576,0.0009347226887885904
6913,0,0.0006265224359321,0.0005332562025443917,0.0010897908183678182
6914,0,0.0009380620337212,0.0014566755835508653,0.001800016184193837
6915,0,0.0049139567850004,0.003598613265887856,0.006560365132280939
6916,0,0.0010367810515659,0.0011895299383484074,0.001343545293743598
6918,0,0.0011735069076738,0.0019771390126794635,0.001609239822960522
6919,0,0.0006043388642413,0.0008082186334678222,0.0010549331262360137
6920,0,0.0030759871432801,0.005101141214825129,0.004463069756598
6921,0,0.0018804620017254,0.0023602523614035943,0.0022857122516034304
6922,0,0.0080326021921467,0.0061328759433865124,0.005882012226868743
6923,0,0.0185987626618117,0.01618946488636514,0.014740117289706457
6924,0,0.0277369389515641,0.024299872291988718,0.023770569300189087
6925,1,0.2870396932737423,0.222453426934141,0.19755580884641102
6926,0,0.1743676232551154,0.15417947709843047,0.1423048947533152
6929,0,0.0006379165867306,0.0009385607684359004,0.0013605329401126477
6930,0,0.0026111642817025,0.004005313560200192,0.0029561006258240667
6931,0,0.0008258018560266,0.0013363402035729648,0.00094637233035788
6932,0,0.0002949087725295,0.0003208147951606709,0.0007394615632733851
6933,1,0.9690569949732256,0.9657043930010372,0.9676260478035816
6934,0,0.0005196783082856,0.0007178456771930439,0.0007008825908656969
6935,0,0.0004922723347376,0.000693184035010775,0.0006791033343821406
6936,0,0.0007752440477748,0.0007534006676795459,0.000961188211073448
6938,0,0.0004841250621013,0.000494470231188522,0.0005893296440850895
6939,0,0.0003886011946677,0.00043922539004962726,0.000854327469407893
6940,0,0.0022398372375722,0.002246780356584628,0.0033080480082181003
6941,0,0.0002978378962438,0.00033769235033671825,0.0007356660314248151
6942,0,0.0037883619434493,0.004098828055816552,0.00557180998999362
6943,0,0.0006080676900001,0.0005820639908685508,0.0007473378206148522
6945,0,0.0005583729354043,0.000576827662480922,0.0007696298658092921
6946,0,0.0006029927772659,0.0005989709726335929,0.0007121378681074902
6947,0,0.0007620371619995,0.000889194778026742,0.000928991392158693
6948,0,0.0003984426185713,0.0005475387847170405,0.0006360283660135609
6949,0,0.0005273768790996,0.0006468518081303373,0.0007489271710158513
6950,0,0.0006174897596966,0.0009829662158246698,0.0011042174691490339
6951,0,0.0023003025776715,0.0029073106749121494,0.0033353499164254737
6952,0,0.0005957617143797,0.0005434075539470817,0.0007821931516714092
6953,0,0.0004217984510202,0.0005427639130188937,0.0006580709291437608
6954,0,0.0003872690320745,0.00047329338968445296,0.0008578300936457662
6956,0,0.0012083328612166,0.0016266673924770184,0.0020512776639991306
6959,0,0.000518279768899,0.0005273842802731739,0.0010995370309158522
6961,0,0.0008386448596642,0.000941396122925237,0.0017150992368042124
6962,0,0.00179868202483,0.0030711705905419806,0.003049258177641571
6963,0,0.0028236021939784,0.0039981268444808414,0.00365048103630276
6964,0,0.0014504915533329,0.0021908737692546126,0.0019058064599105137
6965,0,0.0033976753763252,0.004545291627845306,0.003738177015053466
6966,0,0.0026107240501473,0.003789845141268723,0.004004768459114243
6967,0,0.0006681510617161,0.0012809709760448662,0.001511829232844921
6968,0,0.002430142333509,0.003093861070153605,0.003907935563729184
6969,0,0.0004630952476629,0.0006793060852600178,0.0012712160081500949
6970,0,0.0006768085938611,0.0006013537539470187,0.0008438176050652566
6971,0,0.0007063126418654,0.0008153817677081555,0.001595790332905129
6972,0,0.0004501773749471,0.0012182093398735525,0.0007084173652048933
6975,0,0.0030049594480221,0.004134588398534992,0.003437846719137557
6976,0,0.0019277212019682,0.0034302550262344115,0.0036166487162801074
6979,0,0.001529401358087,0.0012346315726508696,0.0013652120735689233
6980,0,0.0074939896440335,0.007546116232324254,0.008750466719536195
6981,0,0.0007306937491195,0.0009171279979610382,0.0008340649952012619
6982,0,0.0005973354686453,0.0005852875754321302,0.0007949883132590782
6983,0,0.000684388280326,0.0006653596254899395,0.0012451039037278595
6984,0,0.0025803251544857,0.003606064368728847,0.0028323485997978487
6985,0,0.0014024904595571,0.0012860070086778814,0.0018211334236568847
6986,0,0.0006772912243162,0.000690156774108653,0.0012402000687693347
6987,0,0.0007619507889441,0.0008366500904090407,0.0011062422090237388
6988,0,0.2461524206268721,0.22638837301106943,0.24321626137755245
6989,0,0.0010849160485352,0.0014951949348731067,0.0020470119582121486
6990,0,0.0004530910850555,0.00043819206881003906,0.0008706491426636801
6991,1,0.6603703775689846,0.6713687240395867,0.6597365018476101
6992,0,0.0015620652649661,0.0014161572603867136,0.0014060251133079923
6993,0,0.0007680599423498,0.0009663883917526143,0.00103618946643064
6994,0,0.0014878233562788,0.0016600628969590235,0.001982101447418459
6995,0,0.0039639490254517,0.006036717482717779,0.005640204534230868
6996,0,0.0020115535135372,0.0015111120836037756,0.002073321256077321
6997,0,0.000886284042255,0.0008056083025279382,0.0010459717074179954
6998,0,0.0019256373530621,0.002263196854798079,0.0031475937455426838
7000,0,0.0033621395218467,0.0016608824356377134,0.0024009407572583696
7001,0,0.001083264457515,0.0015164104953062454,0.0016989197599539892
7002,0,0.0031498718471559,0.00541176327726196,0.0030523210068913857
7003,0,0.0191660891653359,0.01586034108840653,0.01400265713519019
7004,0,0.0195329844221151,0.023904754583957223,0.023681376854625832
7005,0,0.1417629075440643,0.13061299474664387,0.10789100959695866
7006,0,0.0088884097550664,0.008369435422918053,0.005479558172669722
7007,0,0.0037131433385425,0.0010660685217607304,0.002311346777203567
7008,0,0.0010649604508083,0.0005376004372198099,0.001454612185862448
7009,0,0.0030191466457752,0.0036055357834006733,0.003758433168327675
7010,0,0.0005260785705944,0.0005674917822965813,0.000647573043347051
7011,0,0.000619871601949,0.0005827695960854255,0.0008119844504400955
7012,1,0.9564760130442522,0.9581209279761222,0.951146724868406
7013,0,0.0090359694612302,0.008117117230837478,0.014514311413689755
7014,0,0.0002768649530228,0.00035289954886442206,0.0007484672000406213
7015,0,0.0031088033496632,0.003990016885246349,0.002493262797077708
7017,0,0.0004771638932925,0.0005350059789486347,0.0005875611094723905
7019,0,0.0035736367119323,0.004847721933162928,0.007449374462727693
7020,0,0.0009718163532914,0.0008732969461877804,0.001032734081905127
7021,0,0.0006579701949456,0.0015005994538805998,0.002024130461469513
7022,0,0.0004936632427332,0.0006933516847587038,0.0006887759901633828
7023,0,0.0005858736179285,0.0005621909701715923,0.000833535216178632
7024,0,0.0004867472929743,0.0005262061399104109,0.0005661914190457853
7025,0,0.0016474031008145,0.004546196170386205,0.0024429697619655594
7027,0,0.0027272813661186,0.00444705478604909,0.002758015606678895
7028,0,0.0004017467947632,0.0005637921197515158,0.0008734906280714581
7030,0,0.0005231032588012,0.0006734551525258547,0.0007977198520825635
7031,0,0.0007453664572941,0.0011001220316119616,0.0010482901397653697
7032,0,0.0048717707226437,0.0020301785044823605,0.004403566790837777
7033,0,0.0005754331235862,0.0008258115775247203,0.0008062542734633625
7034,0,0.0006115167869461,0.0008876667524932464,0.0008805360193515543
7035,0,0.000933081791921,0.000875434391035449,0.0015032476573178105
7036,0,0.0005279892455364,0.0006038364971197653,0.0009808440402167458
7037,0,0.0017744167926693,0.0016979023035442555,0.0015306268071366186
7038,0,0.0007030690849125,0.0006395792227671158,0.0008919417622943635
7040,0,0.0006305999923034,0.0006021507723493716,0.0006652549924961149
7041,0,0.000582124478119,0.0008272786966452658,0.0007861703228349342
7045,0,0.0006216181224489,0.0009044842577358362,0.0008757409896562695
7046,0,0.0007101410022198,0.0009944734960139327,0.0010008621034845282
7047,0,0.0007204283970978,0.0008216795281987693,0.0016801351819229749
7048,0,0.0009966119651249,0.0011584059038652766,0.0019306636457185364
7050,0,0.0011814056040491,0.001804813510527038,0.001332771847862607
7051,0,0.0014816721891444,0.0010768055932452243,0.0028717684787067767
7052,0,0.0006151533180579,0.0007808212636754233,0.0017131578137367532
7053,0,0.000709849306808,0.0006781094433637878,0.0009698310670110048
7055,0,0.0004090371390096,0.000379716631458364,0.0007863599873324409
7056,0,0.0030579468264334,0.006887342024069197,0.0027754889148619817
7057,0,0.0017499538367841,0.0019903257400680926,0.0018509379927772874
7058,0,0.0004896961250797,0.0007876423542239239,0.0013381940019103985
7059,0,0.0021143574006155,0.002051918766644471,0.0028946383684898005
7060,0,0.0007641328221992,0.0008182603276223072,0.0009411978377533608
7061,0,0.0007073737707636,0.0007508990995253094,0.0010283450755215317
7062,0,0.0012402909330407,0.0013824462600470302,0.001123087634593998
7064,0,0.0057081199055246,0.0052721951065922415,0.005611880239671441
7067,0,0.0007145538517918,0.0007792376621481657,0.0009781586085869892
7069,0,0.0008173968563725,0.0010782344684029956,0.0010897053194075116
7070,0,0.0008777573212943,0.001173591662147038,0.0010997787767282473
7072,0,0.0010876481897257,0.0005223237288565043,0.0020690475190788017
7073,0,0.0011553442720879,0.001524205482575912,0.0013720063136792942
7074,0,0.0008508898779918,0.0009959709466983674,0.001140396573854604
7075,0,0.0010321166654598,0.0014230299163945702,0.0013567207108395743
7076,0,0.0010087263701378,0.0009857067770215003,0.0015797561592975882
7078,0,0.0011247772826956,0.001729187894039997,0.0020925365058804654
7079,0,0.0066426093623375,0.007471338360622375,0.007246535272233627
7081,0,0.0162037088450108,0.014499145810527823,0.014108504715654611
7082,0,0.0603571247538189,0.06112635658433502,0.06493991094567947
7083,0,0.0300230619816083,0.029482797433468638,0.027954198816409166
7084,1,0.9914802239634728,0.991481652268706,0.9952158416768376
7085,0,0.0968703838313551,0.09594461282504255,0.11249573628016218
7086,0,0.0386541535272812,0.04127439492739987,0.04422361082362809
7088,1,0.0273075374477722,0.02341027247162963,0.022510731989781034
7090,0,0.0005411281366638,0.0005465567015838464,0.0007852558819893035
7091,0,0.0011940671460685,0.0007077081949289157,0.0009075369292652002
7092,0,0.0058656791176458,0.005379044827297501,0.006391839041665404
7094,0,0.0045083545592216,0.005406600380753964,0.004118174261508009
7095,0,0.0004813513671782,0.0005726194251918746,0.0010089828613370098
7096,0,0.0029869069592592,0.0025193112503699606,0.0016650493475277315
7097,0,0.00248093355817,0.002478542535964579,0.002167363958141255
7099,0,0.0005570554218581,0.0005372257026886225,0.0007804821057734322
7100,0,0.0049897861664429,0.0032837591740741885,0.004506301000439836
7101,0,0.0005803597856203,0.0006156985452598021,0.0007221293025356846
7103,0,0.0002829849368586,0.0003425687577971785,0.000766586639875942
7104,0,0.0004174300985616,0.0006738304898169108,0.0009032956370383535
7105,0,0.0003683118918988,0.0004397370005517396,0.0008322514034773312
7106,0,0.000562529355773,0.0005650154847643065,0.0008185003856425191
7107,0,0.0005770842950641,0.0009037566085370737,0.0009904709203761401
7108,0,0.0005655418873627,0.0005477929507991433,0.0008154668145911013
7109,0,0.0005787548470474,0.0005885279906285019,0.000826828371487827
7110,0,0.0005194320208041,0.0005142541875876326,0.0007620947819542267
7111,0,0.0005638952493154,0.0005957999274178228,0.0008329015436754195
7112,0,0.0006001747944495,0.0007229813537703025,0.0009333948591099818
7113,0,0.0009628099575312,0.001222518112996018,0.0011644725177255943
7114,0,0.00049914277822,0.0006459001997694764,0.0009286749996943192
7115,0,0.0011556835739321,0.0006764439870655891,0.0007392580772969921
7117,0,0.0006081014004107,0.0005558740972344212,0.000800386893495852
7118,0,0.000590144993019,0.0005335753187904204,0.0008035733573659328
7119,0,0.0007013843390012,0.0006867884927370318,0.0007751262178228287
7120,0,0.00385286579259,0.0030308526613210002,0.004301253987680205
7121,0,0.0107429752966775,0.009054029139072996,0.009948275314262352
7122,0,0.0027592215064373,0.0028642867326496395,0.0037528938544605693
7123,0,0.0005704481474768,0.0008129603366846773,0.0011170530910912318
7125,0,0.0007804583840302,0.0010589823486907416,0.0012535649105424873
7126,0,0.0032322199214527,0.0031324492296785538,0.003708042526381476
7127,0,0.0011430140836812,0.0007570360198615711,0.0009009420189734765
7128,0,0.0066910522214918,0.005015396175099194,0.009040841861271189
7129,0,0.0006020931807816,0.0008339285165925906,0.0008450571737982078
7131,0,0.0014017382722445,0.0058549063311636295,0.002506215148592777
7132,0,0.0008050762105606,0.0009838052415997002,0.0014709343873253486
7133,0,0.0017575860928091,0.0017282705978262564,0.0020505585286579907
7134,0,0.0007371757435556,0.0006582460023567542,0.0009233323896495173
7135,0,0.0014446740796146,0.0018440014972492752,0.0023014301444273955
7136,0,0.0022160201937348,0.0032828462567862184,0.0031409274979774986
7138,0,0.0006883960013455,0.0008644462311936084,0.000916284434321512
7139,0,0.0041484597480866,0.00513476553698058,0.005519614965323192
7140,0,0.0006710675387326,0.0007831774003437315,0.0008356310740145499
7141,0,0.0026287324133948,0.003541269875165536,0.0031262091691049722
7142,0,0.0048870955532473,0.005179605297191228,0.00522352744593907
7144,0,0.0008599924136852,0.0013619167287490218,0.0011664546373251852
7145,0,0.0006915917782463,0.0006886837139011403,0.0009451374256048078
7146,0,0.0014554480101908,0.0016631529630728333,0.001746957282879625
7148,0,0.0007624591921328,0.0007499197385629195,0.0011015221531323358
7149,0,0.0003706860142697,0.0003906794729526728,0.0008236031241944759
7150,0,0.0007143324783062,0.0008317303997764545,0.0009260208216844067
7151,0,0.0010475099068283,0.0011145832238030743,0.001915913382227477
7152,0,0.0012878750481199,0.0017125468185969456,0.0029346681063882824
7153,0,0.0008089971666706,0.0009550606966365162,0.0011449979958897771
7155,0,0.0008966676409908,0.0014647575357371713,0.0009968732687791458
7156,0,0.000778157258245,0.0008657062428032458,0.0016882960412011763
7157,0,0.003829450877038,0.00308416310440152,0.00197476799947808
7159,0,0.0011195960400037,0.001327172946578563,0.001655594436672379
7160,0,0.0008039539581351,0.00078065955719145,0.0010237167741795762
7161,0,0.0022726245946984,0.0007540493317618757,0.000815327441940421
7163,0,0.0022606761613525,0.0035741969108809644,0.003541559256062349
7164,0,0.0010475231562103,0.0013548879844946348,0.001315019475079888
7168,1,0.987894547086516,0.9904308781656654,0.9917302694772107
7169,0,0.0004205033348548,0.002145654208074201,0.002258180950526088
7170,0,0.0007089403522141,0.0014042903763806062,0.0008048737345215462
7172,0,0.0026725508556468,0.0016417053871303916,0.0037760348932632786
7173,0,0.0013232173136614,0.0014644996594707733,0.001709517700407514
7175,0,0.0051854203448506,0.0035781340261960637,0.002499809800991592
7176,0,0.000495571733678,0.0006705044776857544,0.0012491805853114654
7177,0,0.0003077282764509,0.00037579219899605304,0.0007722618216809471
7178,0,0.0012482705454753,0.0012988736963437406,0.0015418080078604954
7179,0,0.0005287513464257,0.0008057111437773475,0.0007803289140259108
7180,0,0.0003029785713806,0.0003141820943444849,0.0007397830648280951
7181,0,0.0005297560968383,0.0005280135953820562,0.0007307831654911214
7182,0,0.0023843493480857,0.0028610392691443996,0.0036526993924312495
7184,0,0.0011969259908301,0.00182293810485322,0.0012461252877478258
7185,0,0.000366743710678,0.000500607266164638,0.0005932022679775759
7186,0,0.0003947621563065,0.000482848195313081,0.0011696741250133156
7190,0,0.0004413378819282,0.0005850448278548125,0.0006556103891363117
7191,0,0.0026458356650722,0.003926627254282415,0.003852687141934709
7192,0,0.0005048316149643,0.0005195952630184467,0.0005921163310942902
7193,0,0.0007233776404265,0.0010031018484404249,0.0008770575297287705
7194,0,0.0213593296822178,0.01708053391809862,0.01700620258333873
7195,0,0.001186297502513,0.0016054681766853958,0.0015586420011402449
7197,0,0.0003625800752587,0.00039611324573543994,0.0008799478914321977
7200,0,0.0004135855876413,0.00046907659397054096,0.0006039074389044387
7202,0,0.0004547158031559,0.0004736871707870663,0.0008755039861547448
7204,0,0.0019137622891815,0.0018676425194222115,0.0017292595163450274
7205,0,0.0005029667304818,0.0007060097488747665,0.0006914918082839754
7206,0,0.0005526014533782,0.0007514609145670251,0.0007583997850094675
7208,0,0.0004097163294657,0.00037816275227453057,0.000807249855189177
7209,0,0.0011184101138265,0.0011225982367950606,0.0024364778398393216
7211,0,0.002093090144455,0.0025638568693097134,0.0028788713683377707
7212,0,0.0012327047057045,0.0012616622217865685,0.0012135989252466655
7213,0,0.0018590211483997,0.0017360008913538953,0.001116385612573346
7214,0,0.0013028370176598,0.0012982562866769138,0.0015351704148826007
7215,0,0.0003465119010432,0.00033328946615055204,0.0007706467822655799
7216,0,0.000703349942152,0.0007137210563523971,0.000855077489175151
7217,0,0.000981564411914,0.0009323374501535712,0.0009267862939849162
7218,0,0.5041619491776024,0.5022874071014175,0.00518858212362782
7219,0,0.0006629298472619,0.0006117933508508229,0.0013101337504225314
7220,0,0.0006866260264601,0.0008013969399049197,0.0007814336698903168
7221,0,0.0007426908234415,0.0009658658573371739,0.001051561936948461
7223,0,0.0067724346740189,0.009160437038535536,0.007676335871565486
7224,0,0.0037251592881846,0.004441781923331698,0.004272874991442002
7225,0,0.000708593856736,0.0010107976652658304,0.0010783047912579582
7226,0,0.0011814135342201,0.001420223643246428,0.0019915709240381765
7227,0,0.0019943222985399,0.0014596567455475826,0.001626088959695971
7228,0,0.0037955512568886,0.005007313891886674,0.0047398331113174515
7230,0,0.0007963860122174,0.0013805334177645434,0.0018977500645629647
7231,0,0.000569147299314,0.0005575914349538971,0.0007326656940371182
7232,0,0.0006875330926194,0.0008742454199770165,0.0008843983921063847
7233,0,0.0007292155863642,0.000661114699340451,0.000641695499883199
7235,0,0.0016007365227519,0.001960410506773031,0.0018339558084809436
7236,0,0.0025633778232085,0.0030754753013407152,0.003945436934925102
7238,0,0.0005753805166494,0.0006256196026223519,0.000696956558722459
7239,0,0.0005755997623737,0.0007645573036982435,0.0007225258592275319
7240,0,0.000779235146203,0.0009384298655772255,0.0008032577485984189
7241,0,0.0026869529755062,0.0036146394359060493,0.00397425451167423
7245,0,0.0012505262745087,0.001827905905873395,0.001423836831780309
7247,0,0.0020907465448468,0.004095107396217412,0.0036667632077416637
7248,0,0.0032171829861318,0.0033216827811682155,0.0029411900898136546
7249,0,0.0092760609618533,0.009335231216956758,0.00521687201719859
7250,0,0.038323909991681,0.03580045542583826,0.035008190095225655
7251,0,0.0280874128405547,0.02074096917709093,0.021507898351019728
7252,0,0.021645358681923,0.016956738088117346,0.015427198131798133
7254,0,0.0910639971657853,0.0973618111895889,0.10131749583288713
7255,0,0.0587339947550219,0.05749790281786393,0.06317616642060908
7256,0,0.0977242093212666,0.11243303880329533,0.09380394728398173
7258,0,0.0004982151832668,0.00069830311369503,0.0006895435310130147
7260,0,0.0003702809132501,0.0004525495977486905,0.0005538999757655359
7261,0,0.0190134652112856,0.006416464292169719,0.010590493681266445
7262,0,0.0008531338347826,0.0008759955584703208,0.0010062844721335125
7263,0,0.0005953461332731,0.0006134070788984666,0.0008387014251744372
7264,0,0.0016153720932696,0.001820530975559767,0.002150863247675533
7265,0,0.0003336179904008,0.000422366058001623,0.0008212514795838104
7266,0,0.0030767169823653,0.0021007890926841035,0.0031629619779841756
7268,0,0.0007518666531582,0.001030812748352577,0.0011571589676953441
7269,0,0.0005195356975124,0.0006088624757060395,0.000730097651881505
7270,0,0.0003273900968506,0.0004886766297293345,0.0005798498768362904
7272,0,0.0018747451854944,0.0024230196157874083,0.003378620208447284
7273,0,0.00638141952856,0.006793006939382042,0.006923913624660671
7274,0,0.0004686196022792,0.0007063586845578562,0.0007761567843445245
7275,0,0.0005277910530551,0.000786178136422414,0.0007993826546392278
7276,0,0.0003399089693014,0.00036438251508399174,0.0008074864991638027
7277,0,0.0021988447167361,0.0031890836515684412,0.00361400421390701
7278,0,0.0013127977778879,0.0024326490349848105,0.001083978032212783
7279,0,0.0004959050975585,0.0007534837456135886,0.0007803419867433366
7280,0,0.0004697739735506,0.0004665273572004695,0.0006630897487142827
7281,1,0.9482276679191372,0.9444262742625095,0.9457889691530508
7282,0,0.0008721861252557,0.0008166968280742589,0.000875275205391112
7283,0,0.0005843190160098,0.0005632066306025617,0.0005819289269791318
7285,0,0.003588905619386,0.0024544806948742196,0.0035673145967304856
7286,0,0.0078416070237201,0.0073189940376325695,0.007675800920264838
7287,0,0.0003540484760616,0.0005459836282303058,0.0006245544978575651
7288,0,0.0006417750196377,0.0006754828899250461,0.0006202614726288523
7290,0,0.0009972881430557,0.0009661426421787091,0.0014169005934154158
7292,0,0.0016687197879232,0.001777903441117474,0.0015400907227748613
7294,0,0.0011414210556363,0.0009389762691218611,0.0009668052733939555
7295,0,0.000545463831415,0.0006166739497978284,0.0007787984754137585
7297,0,0.0006902194546771,0.0009497974102638956,0.001017762950767419
7298,0,0.0006143471689318,0.0006070479111980968,0.0007586916267868442
7299,0,0.0007112664500645,0.0007199412253853811,0.0006683346893633698
7300,0,0.0007314435002049,0.0008498895392985565,0.0007990770298105991
7303,0,0.0011767575303446,0.001356947239140423,0.0013422485677349724
7304,0,0.002321905041137,0.0023846413168803577,0.003370065767493488
7305,0,0.0012533349938255,0.0012135119693830335,0.0017000600947567517
7306,0,0.0007366987937862,0.0010385636618617739,0.001011848527128351
7307,0,0.002151009684098,0.0033132993907744024,0.002597232762226887
7308,0,0.001013345339367,0.0020270933090096913,0.0021924301780905115
7311,0,0.0005340935727397,0.0006689264020263019,0.0007374471342506898
7313,0,0.0015567758124852,0.0015163814942466564,0.0024397730602273584
7315,0,0.0035544334913912,0.004090998790431207,0.015735414169293367
7316,0,0.0008556390326956,0.0009507121280511001,0.0009644863773578983
7317,0,0.0008954256552084,0.0009405172592456534,0.0009897183563169914
7319,0,0.0005884364567679,0.0007405411068725383,0.0007450450800357122
7321,0,0.0009267912642797,0.0012448718293413571,0.0011693088418434005
7322,0,0.0024856683032881,0.003061614905443413,0.005410127121444225
7323,0,0.0006313870279641,0.0007893272550417928,0.0008394305602628777
7327,0,0.0025077814579986,0.0029787702460880284,0.0027476465186251713
7328,0,0.0005737451200714,0.0006114216499922984,0.0008237529434045273
7330,0,0.0006388755189077,0.0007360442402548896,0.000813603924643023
7331,0,0.0005763087528267,0.0009560942388296438,0.0009761590385989388
7332,0,0.0010811691248188,0.0011306830918343148,0.0016260816813216243
7333,0,0.0019311476247951,0.0025073772455241235,0.0026603692327545557
7334,0,0.0050725929836642,0.0028497944025609443,0.0059545513624467816
7335,0,0.0250793894376372,0.02973563768892293,0.02689055029677922
7336,0,0.0400493290586516,0.04111685795779534,0.03315612365504282
7337,0,0.0143749645890984,0.014191286860168423,0.015653963824566536
7338,0,0.037227050330887,0.035133692459316385,0.03128468920688161
7339,0,0.1061830683801771,0.14156373435155667,0.13299889555819244
7340,0,0.0005020033716427,0.0004955596224533495,0.0005503460043165535
7342,0,0.0004604796340998,0.0005349218030447531,0.0007175456051209521
7343,0,0.0003557206070914,0.0004905639423716158,0.0006241724199298449
7344,0,0.0003845693545477,0.0009657330491938552,0.0008104025789353871
7346,0,0.0040372113953452,0.004676366915064008,0.0070715170039304005
7349,0,0.000374359118745,0.0004905189628723729,0.0006299711463526887
7350,0,0.000445665367946,0.0004538165321848544,0.0006372319355651199
7351,0,0.0004322534910973,0.0005211909313801392,0.0006647986260090639
7353,0,0.0003262924248531,0.000376468269357746,0.0008931395684289449
7354,0,0.0008320881975077,0.0007777012324468036,0.0008442232171851111
7355,0,0.0007033087144213,0.0021193183797488233,0.0017279320862264949
7356,0,0.0002653730161391,0.00030765389273265117,0.0007258301910274753
7357,0,0.0028850220054342,0.0028132637798002915,0.0036016818253246695
7358,0,0.0004556715596605,0.00044579542467448126,0.0006448046445652598
7360,0,0.0002199037260285,0.00026179756570418844,0.0006831760063428619
7361,0,0.0004158730370679,0.0004276478509790317,0.0006236547792284457
7362,0,0.0005466280932086,0.0007844593013629608,0.001331437614453397
7363,0,0.0003407145777345,0.0005088810106708851,0.0005848826462882325
7364,0,0.0013058821708481,0.001384771880451569,0.0013323060117302363
7366,0,0.0009849450136111,0.0009744000405755765,0.0010307855448505204
7367,0,0.0004432773575553,0.0004662282365544015,0.0006692767006129953
7369,0,0.001034394649707,0.0009500299858686153,0.0009409933695211975
7370,0,0.0005522888482297,0.0019208120822197786,0.0008904211713294605
7371,0,0.0009863207754873,0.0005432173062498186,0.0006457892440101304
7372,0,0.0004081823155949,0.0004881663018282402,0.000581762086539366
7373,0,0.0004930982019546,0.0007142915240118112,0.0006986214232372275
7374,0,0.0005471680832911,0.0008373171559724478,0.0008014618126229318
7375,0,0.0021898464761505,0.0021792707334542536,0.0018130130935880408
7376,0,0.0010542526138411,0.0004692726008396436,0.0006552652142456679
7377,0,0.0004960354205097,0.0007023007260799129,0.0006977552699819237
7378,0,0.002063822969667,0.002501291028153079,0.002966806091262293
7379,0,0.0011552837741877,0.0016192474578672934,0.0014344635349180942
7381,0,0.0012186559941294,0.000964854076684014,0.0010008170719392052
7384,0,0.0011260841741959,0.001664374238780462,0.0014850605728497408
7385,0,0.0006596589276102,0.000673554836506017,0.0007026456371209912
7386,0,0.0029793276708329,0.0036165636522943042,0.0037636446353641346
7387,0,0.0005724869508498,0.0005772450856564122,0.0008001136611439424
7388,0,0.0013460092993213,0.0019969179118563603,0.002994557834397654
7390,0,0.0005273021410642,0.0004074721790334534,0.0008612407603710752
7391,0,0.0005705774894054,0.0006279723597646134,0.0006046616122835687
7393,0,0.0006492438944364,0.000839252790264011,0.000864592521758018
7394,0,0.0006971025882491,0.0007386428503187747,0.0013512824088356675
7395,0,0.0006889066289741,0.0010155954916161905,0.0017573401954929738
7396,0,0.0005554075806036,0.0012217808403393062,0.0008033129612223195
7397,0,0.0004553775884773,0.0004951924263762563,0.0009640123583552346
7398,0,0.0019441267780945,0.0027421995094418054,0.0037982698217101174
7399,0,0.0008132512296289,0.0008546830654359821,0.0019796191700168124
7400,0,0.0004404213573667,0.0005306346736126059,0.0010056493650096206
7401,0,0.0009617210484178,0.0009302811175385812,0.000898002137321522
7402,0,0.0016781852174039,0.002048308225726397,0.0021677203119006712
7403,0,0.0006134186632823,0.0007904693348866085,0.0008691984060520898
7404,0,0.0036939473862402,0.0029585432019636117,0.0036211826477325093
7405,0,0.0011033489410152,0.0013219954867108546,0.0016251297588413733
7406,0,0.0008521783561678,0.0010637075182664635,0.0010230494401075843
7408,0,0.0011223164248795,0.0014164882179697048,0.0013227356312668955
7409,0,0.0029543123517759,0.0026973043302465777,0.004239302958982372
7410,0,0.001700338392677,0.002896567642071179,0.0029910728749239085
7411,0,0.0024836024805594,0.002259533897383621,0.0019322908120802875
7412,0,0.0013657030403059,0.0016207816521941086,0.00222556022387743
7413,0,0.0010811727262679,0.0010122649586575493,0.0011481140744797635
7414,0,0.0005002867620225,0.0005104791123877962,0.0008985740445786757
7415,0,0.0005510469438905,0.0006273472566145828,0.001075426360379212
7416,0,0.0008909829912567,0.0010063322876636394,0.001463197681447
7417,0,0.0005866502915912,0.0006451295294861655,0.0010107152622016156
7418,0,0.0006505613845771,0.0008825416329470529,0.0016729777285010032
7420,0,0.0009713069355758,0.0011546006840802577,0.0016824793529017442
7421,0,0.005666618632577,0.004223487300610687,0.0025585363477676334
7422,0,0.0143423324023325,0.016720834353445835,0.018103082416345853
7423,0,0.206147460522368,0.19664450469958983,0.1858455326387932
7424,0,0.0641960674939395,0.06462990182441827,0.0599671490328824
7425,0,0.0865177897012882,0.07916975646870941,0.06806454063961138
7428,0,0.0002832389614592,0.0003546612738710251,0.0007568164704384683
7429,0,0.0004715775673111,0.0011179042874223722,0.0012163291948200392
7430,0,0.0004655328014224,0.00046514600693959906,0.0006333893350902178
7432,0,0.0094080324246896,0.01034340319746563,0.010355401402817283
7433,0,0.0004912089876448,0.0004908000667810662,0.000669408236255686
7434,0,0.0005942337559246,0.0008362411979894445,0.0014453841223595002
7436,0,0.0002760076289823,0.00035383383281270965,0.0007598610473933771
7438,0,0.0005111019321064,0.0007564982237705959,0.0007191906473725916
7439,0,0.0007077553710149,0.0012518480734577718,0.001393273214844754
7440,0,0.0003964103222832,0.00048568099638629015,0.00062093503590426
7441,0,0.0002795478094569,0.00044595738115502494,0.0010820498417940894
7442,0,0.0020926707746288,0.0020731528104775618,0.0032225138425337396
7444,0,0.0004654496711993,0.0006859283335152895,0.0007001311511136464
7446,0,0.0003531498930272,0.0004512029066066958,0.0005728212207168802
7447,0,0.0033267545540815,0.0028263774867154593,0.002220899253054742
7448,0,0.0012281005148155,0.0006008756853615559,0.0006894668855209532
7449,0,0.0005651501931037,0.0008289528664208568,0.000904259800223045
7450,0,0.0015272624717446,0.0012271401574027617,0.0013158678247034775
7451,0,0.0004515039596962,0.0006698930478685849,0.0007846837429036017
7452,0,0.0002963591269686,0.0003551397375495559,0.0007911057265670856
7453,0,0.0002343210378988,0.00032072654132751186,0.000723828091739355
7454,0,0.0022196257803237,0.0021195896235060296,0.002766688392392567
7455,0,0.0009317673969084,0.0004929621720512285,0.0008507995475933463
7456,0,0.0004828129292613,0.0004928211043978001,0.0004927911887716755
7457,0,0.0019443856456236,0.001617225507190634,0.0016093944332284285
7458,0,0.0005087452230543,0.0005455422607754078,0.0005400310125282137
7459,0,0.0007686110710003,0.001028690302694408,0.0008868068320855048
7460,0,0.0003199850431607,0.00046224499544155997,0.0009614056699075805
7461,0,0.0003390394200147,0.0004422801617187188,0.0008174335328799257
7462,0,0.0005964777007412,0.0008942332802629798,0.0009491680486033555
7463,0,0.0003965912045792,0.0005490248240838245,0.0009598475679868062
7465,0,0.0005610071295569,0.0005266166795544932,0.0006979331222094561
7466,0,0.0012789260607602,0.0016059830052239552,0.0015374357268423244
7467,0,0.000500138152384,0.00046154003179012053,0.0011507716277849712
7468,0,0.0005221943670897,0.0007297534235039796,0.0007520332125661043
7469,0,0.0004268765026122,0.0005582814142666875,0.0009610753686570119
7470,0,0.000558682308975,0.0005806806193734238,0.0006332551371361151
7472,0,0.0024683272032482,0.003137126695133803,0.0044666498034993144
7474,0,0.0133721997449374,0.010343115365372073,0.009454815628212866
7475,0,0.001337142177787,0.0022936663052050576,0.002494137248029364
7476,0,0.0028739894420763,0.0037613247296601543,0.0047654324786149255
7477,0,0.0003248587434116,0.00039690559322502024,0.0008295907473567013
7478,0,0.0006300389945779,0.0007760330096970289,0.0008006508007124912
7482,0,0.0005874944079697,0.0007334606758756998,0.0008811726089360057
7483,0,0.0008365055663472,0.0009355786183653774,0.0009061727451273797
7484,0,0.0023515061386648,0.0044797910855474635,0.004194271916164162
7485,0,0.002530608679596,0.0037275354576828843,0.00337538785097977
7486,0,0.0005999054785321,0.0008609612777614889,0.0008502821886086937
7487,0,0.0007784616518083,0.0009080413230059738,0.0009989869082279112
7488,0,0.0006603089082716,0.0007729417788118946,0.0009330272510266251
7489,0,0.0007167831625985,0.0009043289307696697,0.0015080633854691657
7491,0,0.0023508862614921,0.003948427642199143,0.0028952153025867586
7494,0,0.0013402618045711,0.001638652619906863,0.002608275878269669
7495,0,0.0008942679184338,0.0010690945684005033,0.001678630412955825
7500,0,0.0029248703992976,0.0034650651647416043,0.004779990923095239
7501,0,0.0011997060728008,0.0017859929326060422,0.0016014066900425015
7502,0,0.0006288827050081,0.0007857684094429563,0.0011719426175021532
7503,0,0.0005495466537804,0.0007419057684984914,0.0010463365337811314
7504,0,0.0054130081824424,0.00400569452202207,0.005838742051631936
7505,0,0.0068557452288707,0.005429653055795169,0.006570737740535376
7506,0,0.0560736921968132,0.06023872074725881,0.06356471958037435
7508,0,0.0773149281641926,0.08583893901633033,0.07765603746733644
7510,1,0.9897580459020568,0.9899915414276168,0.9939992495988905
7511,1,0.0224938239154572,0.021474894600563194,0.019727750791846722
7512,0,0.0005537032450375,0.0008474624352593323,0.000996741910209622
7513,0,0.0003954025477505,0.0011160115075271608,0.0007210116658279422
7516,0,0.0051903540275182,0.0037828741672788035,0.005503491616148288
7517,0,0.0053906823725933,0.005770285042899635,0.008674081093546206
7519,0,0.0004357967608236,0.00046247832249773696,0.0004671700795800489
7520,0,0.0010043008146461,0.0008989992903035855,0.0010068042480509735
7521,0,0.0002654089650441,0.00032926832829792326,0.0007623549289667301
7522,0,0.0004775061111348,0.0004960778441599575,0.0005515267601602704
7523,0,0.0028835168315473,0.00347159433177847,0.0025074779416579913
7524,0,0.0028556240930234,0.0033720574319818838,0.0031545608611513237
7525,0,0.0005831029827962,0.0008347516663410563,0.0008546894592632409
7526,0,0.0008487807731903,0.0018011890442608364,0.0022481411194918703
7530,0,0.000525157846304,0.0007575790745443709,0.000816797669392866
7531,0,0.0004802051353416,0.000685849138310276,0.0007076164805768856
7532,0,0.0025028005917261,0.004769828552068071,0.0033658487498485472
7533,0,0.0002916897008953,0.000453393235442841,0.0006007621334202347
7534,0,0.0004909010799133,0.000570166547804675,0.0007365464091257488
7535,0,0.0012463309504752,0.0012611489670569108,0.002093708890734056
7536,0,0.00049370624557,0.0004925178386091513,0.0006604209798025396
7537,1,0.8949397902950839,0.912296366840859,0.9087217112730439
7538,0,0.015697433335261,0.009507552603953437,0.011571792823820048
7539,0,0.0005104215918064,0.0005736101804891138,0.0007457288284428699
7540,0,0.0003394943931145,0.0004135471551367909,0.0008557806773486561
7541,0,0.0005938026077116,0.0008373946504649824,0.00090184932605657
7542,0,0.0005372625834641,0.0007347430048748913,0.0007571581165682822
7544,0,0.0017642400523586,0.0015042348787516597,0.0019186415372809949
7545,0,0.0018874300852424,0.0019557559103010173,0.0017154532239436844
7546,0,0.0012196139075804,0.0015275786838680088,0.0010092832127861966
7547,0,0.0005705968005134,0.0005462898222510613,0.000743207586455311
7549,0,0.0004525045734685,0.0005667259692107817,0.000687120688574988
7551,0,0.0006251827026743,0.000692199033405505,0.0009034671425759493
7552,0,0.0005736943268184,0.0006426868676549632,0.0008198190786135177
7553,0,0.000378338440435,0.00037831387291038034,0.0014148438784717691
7554,0,0.0006317281228296,0.0006998352634109573,0.000679785574680289
7555,0,0.0029091793809871,0.004376631075533146,0.003530611736681439
7556,0,0.0043890123378826,0.007220371394955093,0.007527194961226131
7557,0,0.000690553512686,0.0007172692129602186,0.0007060309269125654
7558,0,0.0019635791755982,0.0014553331192698972,0.0023006972737232173
7559,0,0.001293861612691,0.00164918744904939,0.004270554619915988
7560,0,0.0033613291744585,0.004431622648008729,0.00504518195845024
7561,0,0.0030224604107879,0.005743923897091362,0.004238376064684506
7562,0,0.0016395397940217,0.00205686540528617,0.0018572203233231175
7563,0,0.0042397789591533,0.0032826844772400037,0.0035650923972192
7564,0,0.000921194804956,0.0015584897188790528,0.001031974142004105
7566,0,0.0009070881691144,0.0011737114613017258,0.001736604554655552
7568,0,0.0071762415539788,0.006963029013765344,0.0066671113308081524
7569,0,0.0008101861356954,0.0008529419484975221,0.000844316067203554
7570,1,0.9517001250128564,0.9373054658550927,0.937568157206391
7571,0,0.0021098027780296,0.0017080671354628458,0.001686523710598368
7572,0,0.0006833623912116,0.0008357128475122945,0.0010643566052074723
7573,0,0.0013288278690026,0.0012171919563336178,0.001838647432012147
7574,0,0.0006331124967246,0.0007924173663870882,0.0007970082303624516
7576,0,0.0010674086375284,0.001420584375606995,0.0013195630814021708
7577,0,0.0005727020071427,0.0006687636352911446,0.0007184655256402435
7578,0,0.0008906132631986,0.0009303409502956032,0.0012439887511896458
7579,0,0.0037895738778329,0.007986437355134516,0.005929597545742698
7580,0,0.0018537481267047,0.0022158542200052074,0.004002346553547851
7581,0,0.001270885547268,0.001606995795287574,0.0021813498622471656
7582,0,0.002562097934254,0.002965688718105156,0.0026290046092162186
7583,0,0.0006133078131264,0.00079205730995211,0.0008650572187230924
7584,0,0.0007465396902758,0.0009548905271733047,0.0016691515193149125
7585,0,0.0008942486202763,0.0009369594422523749,0.001404535735003516
7586,0,0.0014535184737323,0.0015394328818111435,0.0014375853031166966
7587,0,0.0008517750915623,0.0008099538662692668,0.0011898168176599235
7589,0,0.0049202344612073,0.00455249373149714,0.007809197545127553
7591,0,0.0016149374469129,0.0029985358843569133,0.0020506194476297966
7592,1,0.4738443157343863,0.36667310638605555,0.4032098235758525
7595,0,0.0003814014743708,0.00041250200131006065,0.0008188531882840279
7597,0,0.000520405904953,0.0005816806926796217,0.0006955515853145661
7598,0,0.0008605368009597,0.0012119188191066035,0.0017773112879943586
7599,0,0.0005063334964081,0.0007028078692103209,0.0006854506715325208
7600,0,0.0006605374806808,0.0012679564938099352,0.001400165466452072
7601,0,0.0005493836937674,0.0006045041961922331,0.000685523232976552
7602,0,0.0120805630094286,0.01409687807822545,0.012070959881359757
7605,0,0.0008420404087108,0.00038860805777855964,0.0007590768537533571
7606,0,0.0004772888120802,0.0006322478262002346,0.0013794582345027428
7607,0,0.0024580827374296,0.002469585043775,0.003681163334352569
7609,0,0.000747043854072,0.0007974828580165567,0.0008951555757708892
7610,0,0.0004002347377323,0.0005171578274949487,0.0006081476408231504
7611,0,0.0003625823143225,0.0004830079947487166,0.0005728124289506968
7613,0,0.0007460165388076,0.001075869327831357,0.0009618002019760491
7617,0,0.0004440282357591,0.0006085284721605623,0.0006921293074309301
7618,0,0.0004266277673174,0.0010918272634343918,0.0017773634042008927
7619,0,0.0022317836188959,0.003470898475939614,0.0030591210177737054
7620,0,0.0005102077783925,0.0017562270427658273,0.0024390790762658576
7621,0,0.0002718261956151,0.00037655699805664797,0.0007473131683749899
7622,0,0.0006331101498417,0.0007345028004629206,0.0009615601504504641
7623,0,0.0023220439525565,0.0015772603754555447,0.001555658311459815
7624,0,0.0005840750694135,0.0013547344261132432,0.0008037430696212533
7626,0,0.0003807694649242,0.0004472346279790957,0.0008242034557284423
7627,0,0.00215896553365,0.0021935276381146894,0.003357108508271128
7628,0,0.0014465459010041,0.0011004426864593363,0.0012956611053410476
7629,0,0.0005891069408558,0.0007880626563452251,0.0007893795260852224
7630,0,0.0125309486911313,0.014433724324364162,0.016229453822785227
7631,0,0.0005406987757317,0.0007146818139024049,0.0008210890000591642
7632,0,0.0014444457143604,0.0010960124390056647,0.0018359976245717123
7633,0,0.0007797969772987,0.0008098063335999421,0.0009103840021801203
7634,0,0.0007579379748514,0.0011054708288440547,0.0009922202259131322
7635,0,0.0003715244109815,0.0003598958610266891,0.0008151916571717551
7636,0,0.0006158277936462,0.0006567139580147045,0.0006522938557417145
7637,0,0.0007172141652011,0.0009482352960840997,0.00102408127413717
7638,0,0.0008147939652126,0.001172126640291839,0.0009463549678204624
7639,0,0.0004391786453581,0.0005472996219066368,0.0008651662453683935
7640,0,0.0006649103448048,0.0007033114270415145,0.0009484890458704347
7641,0,0.0005275598817831,0.0006520318753086732,0.0007496059725054606
7642,0,0.0026500415061987,0.003473754466169171,0.0044312820657077786
7643,0,0.0004689061710749,0.0005551594568211393,0.0010722916433900784
7644,0,0.0020262527967313,0.002481936283323382,0.0019561970495011404
7645,0,0.0005353209822629,0.0006831578200451975,0.0012261940625614425
7648,0,0.0017967798398365,0.0013339744487497755,0.0025167633226304757
7649,0,0.0010064371824649,0.001845760462699048,0.0015904834214994377
7650,0,0.0023837915847662,0.0033568168478359745,0.0033013501556820434
7651,0,0.0034871345042878,0.004165414531673376,0.003891021050195502
7652,0,0.0020524170316906,0.0028568226413415243,0.003429507302427949
7653,0,0.0022911871706302,0.002856617548274572,0.0031069085960757897
7654,0,0.0009332266385116,0.0011088410725888765,0.0012201863874396555
7655,0,0.0006555363115676,0.0007159784630337876,0.0009451599044913845
7656,0,0.0007577330639493,0.000893437720629195,0.0009428917230904602
7657,0,0.0011282229075372,0.001236582662971924,0.0014097862188616026
7659,0,0.002795379218126,0.0035412083285613054,0.00403373295215853
7660,0,0.0006522358771338,0.0012184512643334503,0.0010061686891952978
7661,0,0.0041388807066718,0.004987431979442469,0.005099940325219492
7662,0,0.0009829444293882,0.0010955862033408133,0.0012036062184532011
7663,0,0.0015558038625862,0.0021111696006760575,0.0032792361478114454
7665,0,0.0013400474422473,0.00114898537749254,0.0017899336096012285
7666,0,0.0007643798188088,0.0009836784539408812,0.0008871499534292127
7668,0,0.001358383430428,0.002252526660819199,0.0012308500444133295
7669,0,0.0032739757866964,0.004117755843631126,0.003157546857127243
7670,1,0.7516945648266189,0.7142314381950403,0.7062988389976115
7671,0,0.0014852028874942,0.0015844322316551336,0.0020540880034810942
7672,0,0.0025501013710439,0.0013156958913325962,0.0013276335258387843
7674,0,0.0023490722964992,0.0024170521398425198,0.004630842864702744
7676,0,0.0328795004057229,0.03577477381104856,0.032500765423394896
7678,0,0.1628483193897712,0.18512601975578113,0.14780745847031362
7679,0,0.0600050068009029,0.052530141134405725,0.04810817614931902
7680,0,0.0196737018270056,0.019283809827954416,0.019837181822920234
7681,0,0.0442438959023601,0.04048907924882493,0.04344030965771076
7682,0,0.0262155138223014,0.027715062150268817,0.023928481186125228
7683,0,0.021146473642598,0.015270264629821999,0.009170019883925564
7687,0,0.1240982522634608,0.12997042735892406,0.1245761671314221
7688,1,0.5996202277735658,0.6587471258241673,0.5879877476395107
7690,0,0.0011045435723119,0.0010432019308035119,0.0014868535699086385
7691,0,0.0005351198361385,0.0005474250077135601,0.0006071192746380406
7692,0,0.0026319305669628,0.0032192585706516544,0.0033048963283452302
7693,0,0.0002852438067825,0.00035666360031826993,0.0007574930791866981
7694,0,0.0008305473049902,0.0009560805204316136,0.0010542693027086416
7695,0,0.0003289209366327,0.0004797051294306449,0.0006350519507443639
7697,0,0.0036056414738779,0.006220396514331851,0.006597504186516116
7698,0,0.0010744383792206,0.0014852915477140665,0.0018436103819984037
7699,0,0.0008663898769422,0.0020846644415822256,0.0017228665258100346
7700,0,0.0006620693794386,0.0008726482289542563,0.0010962955894398111
7701,0,0.0197526098457982,0.02252237963906758,0.018903855188271992
7703,0,0.000581705130451,0.000588658378863326,0.0006139264167464575
7704,0,0.0003851569872839,0.0005990258755083965,0.0007388840470014413
7706,0,0.0030668216965657,0.004486387408777914,0.004947801357253832
7707,0,0.0005291048728766,0.0007541688150775458,0.0007246550895927569
7708,0,0.0006533936480321,0.0006782405942640814,0.0013040521905783226
7709,0,0.0003878039897281,0.0005518566076180896,0.0006426050135454225
7710,0,0.0011487809600555,0.0010509922774268254,0.0015314060150599302
7711,0,0.00163988269275,0.0022465310499023925,0.0020899139249964927
7712,0,0.0024873396852384,0.004312920546890386,0.003600065591989224
7713,0,0.000387177046615,0.0005136688571264606,0.0009077794005647258
7714,0,0.0020000103202943,0.0030408085445853385,0.0025217228630307785
7715,0,0.0004137614927625,0.0010763052348901846,0.0012144310501613872
7716,0,0.0034345846035204,0.004746582014612382,0.004275523565864937
7717,0,0.0014243702092835,0.0018737439027970855,0.0018438104007056475
7718,0,0.0030085492095181,0.0045473212450862196,0.003947699713720439
7719,0,0.0011270771608428,0.0011162474433738384,0.0010248175172681462
7722,0,0.0006000833073083,0.000722060206112524,0.001190327836031039
7723,0,0.0017588518380626,0.001674841420630142,0.002148187002966766
7724,0,0.0004448661749714,0.0005444540084785682,0.0009873326372124669
7725,0,0.0006880621067551,0.0007219159192973443,0.0009845920858000167
7726,0,0.0017356100154983,0.0010821081816134212,0.002197574867751723
7727,0,0.0009146044566569,0.0008905763370031445,0.0008950573333662901
7728,0,0.0006205994915293,0.000717325236888143,0.0007509715145547697
7729,0,0.0015425223435159,0.0022179281862026888,0.002125969002529875
7730,0,0.0045725533039477,0.005505959492543282,0.004388807064951221
7731,0,0.0007020706757995,0.0007911030847691632,0.0008439452616696385
7733,0,0.0012252320033206,0.0010423636311283927,0.0013485447910186505
7735,0,0.0006902395596626,0.0009132529512754456,0.002106478816208731
7736,0,0.0016776202107999,0.002252405809872399,0.001935617322819521
7737,0,0.0057014327740642,0.004697335150696312,0.0035798487349822617
7738,0,0.0017097871740662,0.0015904896091221753,0.0014009425523080973
7739,0,0.0075351643050611,0.004722004625582533,0.008429842826428339
7740,0,0.0006660047364606,0.0008363131265705892,0.000967907875769961
7741,0,0.0005644751779238,0.0008005702018375131,0.0013554820335233363
7742,0,0.0004382517235772,0.0005175026698915244,0.000641837357805446
7743,0,0.0039318451915837,0.0047462446463093656,0.006864509044077913
7744,0,0.0064334638306702,0.006913028866384226,0.005543504705564672
7745,0,0.0051455972980637,0.005967057136207788,0.008003829240950668
7747,0,0.0016824040731355,0.0018518442314652364,0.002765341636272189
7748,0,0.0042268852027722,0.0052702119341548545,0.007627589158340994
7750,0,0.0006133234863275,0.0006825367317396399,0.0009751393864779762
7751,0,0.0021872452083157,0.0028033713508803368,0.003500927726571734
7752,0,0.002191687684475,0.003361216172360097,0.003086105658462148
7753,0,0.0060717815469505,0.004862787638913046,0.0066876432220730276
7757,1,0.9352232504031084,0.9376977817028451,0.9370206428830425
7758,0,0.0010682987801163,0.0011530622822642448,0.00210704179264255
7759,0,0.0015092205554441,0.0009356693590464996,0.001599522349272449
7760,1,0.9281796981851362,0.934784063163153,0.9255226061413284
7761,0,0.0145567034447479,0.014605919849735405,0.010620168303663455
7763,0,0.0011686162761654,0.001102008058486261,0.0015839449596245024
7764,1,0.9465140922440736,0.9329757236209416,0.9386777789972112
7765,0,0.0009006923605438,0.0004808426493035779,0.0008578160432600463
7766,0,0.0008054959816268,0.0011723499307621289,0.0014118938790237431
7767,0,0.0021177408983398,0.003771814195289703,0.004179894663682028
7769,0,0.0013192203585788,0.0017623725808236421,0.0014867134069612084
7770,0,0.0002719381382351,0.0003568902685192409,0.0008759775381242051
7771,0,0.0002852613040141,0.0004183264182478324,0.0010429612852622763
7772,0,0.0014149212941457,0.0008525568979464643,0.0009505280788535209
7773,0,0.0004320399950693,0.00044605975425125353,0.0004702056610216781
7775,0,0.0002513631076011,0.0003522546355033926,0.0007686003251024073
7778,0,0.0013563507313418,0.0022008663538706425,0.002218478523560334
7780,0,0.0007680181690474,0.0013034450608759597,0.001399544065642572
7781,0,0.0006790975915741,0.001541168424388279,0.0016462513965570138
7782,0,0.0003186773073663,0.00042384043956243016,0.0008378383230412767
7783,0,0.000583649533567,0.000629721213115662,0.0008314836152103046
7784,0,0.0009916953580359,0.0009239401342140846,0.0009919618037281227
7785,0,0.0086725277355529,0.011215166607207797,0.01043915463681668
7787,0,0.000735090606814,0.0007785119246602765,0.0015849142230472762
7788,0,0.0014526652330259,0.0018365402734453916,0.0019025352785350036
7789,0,0.0002544779586911,0.0002981289250323747,0.0007254501269659616
7790,0,0.0004727813754511,0.0005843532339007847,0.0007762153582357991
7791,0,0.0006262690729708,0.0009112927535070256,0.0009609136149717509
7792,0,0.0042329418267244,0.002570111325138211,0.004028122674528116
7796,0,0.000544807105683,0.0005070855795170333,0.0006741867356537429
7797,0,0.0005162876486732,0.0006353711163276548,0.0009918328142219735
7798,0,0.0005619251905202,0.0008033229343144096,0.0008401182395167945
7800,0,0.005746133747816,0.005105786355760725,0.007440066772832292
7801,0,0.0005260350585749,0.0007303276838027831,0.000756259722310176
7802,0,0.001127754720227,0.001460864548399351,0.0019051415391929559
7803,0,0.0028355587469678,0.004875216691022149,0.002873911094735471
7804,0,0.0003404662285404,0.00035855468693632214,0.0007840654149696844
7805,0,0.0005239993126696,0.0005837472419690572,0.0006829461098246756
7808,0,0.0006821866883456,0.0007402278019030602,0.0019905670586908243
7809,0,0.0003238507503801,0.0004260762312361127,0.0008046686327490894
7810,0,0.0005631022938792,0.0006193776980492846,0.0007871790181720147
7812,0,0.0005523495457211,0.000646107474838415,0.0008167315410736377
7813,0,0.000384279763904,0.00043662341565802647,0.0013886850758234237
7816,0,0.001802110132927,0.0006615732223927335,0.001355926957530318
7818,0,0.0006757389359032,0.0012449827834648216,0.0019021518626231243
7819,0,0.0033622634471857,0.006239877668383074,0.007324598953761908
7820,0,0.0023725089537514,0.003072116320634014,0.0032666112379277365
7822,0,0.0007882681971108,0.001032629259188616,0.0012133771061024572
7823,0,0.0013080416580133,0.0011593253936960255,0.001389041809099263
7824,0,0.0009597697537579,0.001859481703172206,0.001255344418781188
7825,0,0.0004760328364955,0.0005436620935137537,0.0010482547765075277
7826,0,0.0004030297153481,0.00044032947595402466,0.0008422502658137015
7828,0,0.0008084803039995,0.0009763021529046274,0.0016729563468044794
7829,0,0.0011388074250707,0.0005486232272219389,0.0009739816039681859
7831,0,0.0005027363212623,0.0004414252564432634,0.0016260748401084651
7833,0,0.0005489760510029,0.00068770323002138,0.0010341103896575861
7834,0,0.000665699627708,0.0006582089524654876,0.0012117735561281697
7835,0,0.0008475693986041,0.0018030450645283168,0.001198139846368549
7836,0,0.0008907397040129,0.001095643206602975,0.0011944143602072928
7837,0,0.0006405907461816,0.0007130465499913866,0.001084660611027611
7838,0,0.0013769660390631,0.002021535316488438,0.003387005594873796
7840,0,0.0104742078668024,0.01152418917733453,0.014701880725132743
7841,0,0.0025137417427905,0.0020174139657911754,0.002982452974690266
7842,0,0.0065636004358259,0.004336202130270198,0.0035936341242924037
7843,0,0.0097788444072867,0.008228987057316221,0.006970019863155881
7844,0,0.0403154299885968,0.039082190927576116,0.04835672682857931
7846,0,0.0783555762254952,0.0806524469406202,0.07954032517546272
7847,0,0.0167488024719106,0.01823609828913209,0.015062597149639164
7848,0,0.1985528127526217,0.18606932531363432,0.17280008114718462
7849,0,0.0499184248634658,0.04892266235377797,0.049173548971832834
7850,1,0.0478742616836378,0.03515468906331375,0.020264515433844492
7851,0,0.0005198585134556,0.0005678531629703595,0.0006325077941584426
7852,0,0.0072001062797044,0.004448756169636579,0.0066363605577385186
7853,0,0.0006170397116016,0.0009210545358451933,0.0009985663058309977
7854,0,0.0033256084131905,0.004213441521647437,0.005198203937893909
7855,0,0.000693910373446,0.0007960512557812127,0.0012060780711845498
7857,0,0.0014270553837282,0.0012511208330923953,0.0019470218822841296
7858,0,0.0006126587099373,0.0007153424968717038,0.0008143690143991124
7860,0,0.0029328235599857,0.0031488764393559797,0.0042558320464897575
7861,0,0.0014808660904585,0.0013027295988353766,0.0016626354557630898
7862,0,0.0003335072614144,0.00041920696148476375,0.0008095757366527232
7863,0,0.0014930005214614,0.001263933667155335,0.0025650725497348157
7864,0,0.0013688659682792,0.000857631977976641,0.0010836475093666462
7867,0,0.0010927632307093,0.001315130005137828,0.0012630078251517495
7869,0,0.0012185093012337,0.0009448827308222771,0.0008769551732251983
7870,0,0.0007917412611499,0.0008156500328349858,0.0009437850642747894
7871,0,0.0021359636371992,0.002819705627519107,0.003149850742128076
7872,0,0.0025037332545,0.005253282193795802,0.0021660499993844573
7873,0,0.0004065851524319,0.0004108003905130702,0.00043390807951891564
7874,0,0.0004222209695144,0.00039021709947148324,0.00042963199022273734
7877,0,0.0030415175588597,0.00359654509286072,0.0038539442625755847
7878,0,0.0006068520946544,0.0007258936124656572,0.001136239618853306
7879,0,0.0016280828770262,0.00106510443870408,0.0010057474309253206
7880,0,0.0004750633897305,0.0004981669280809907,0.0005236328168257344
7882,0,0.0009123302250606,0.0004512273102033915,0.0003906780646219527
7883,0,0.001513251538002,0.002197608124799984,0.002662387534869295
7884,0,0.0004238701105486,0.0003938487686467937,0.0007899669002894595
7886,0,0.0002700497110184,0.00033508984192323713,0.0006828942529588662
7887,0,0.005517984107332,0.005849243996015005,0.005643385359537761
7888,0,0.0004039132078041,0.0009528321763900588,0.0003941368463758896
7889,0,0.0004500051160936,0.000993904205635399,0.0004285997702877867
7890,0,0.1135210034699656,0.06344353522080987,0.1231568782923665
7892,0,0.000265516525352,0.0003951970674720165,0.0004518463801756013
7893,0,0.0010253566073277,0.0004577265711860711,0.0004192363932365663
7895,0,0.0002376604155955,0.0002537102692665223,0.0003103488528991268
7896,0,0.0006990236107649,0.0009210610802946993,0.0006890800908287132
7898,0,0.0006024201884527,0.0007154274157020329,0.0005276297147886638
7899,0,0.0004834249601881,0.0005734177025906843,0.0010089545036965522
7900,0,0.0020664242414681,0.0026672581400406627,0.0035003900467214886
7901,0,0.0004869554403328,0.00047773338175255756,0.0004118492747179523
7902,0,0.0018733848697535,0.003399632049268043,0.0017290629482638793
7903,0,0.0005247712074805,0.0005864042572379965,0.0010064418683149747
7904,0,0.0010826370521606,0.0010357321781418061,0.0013109767347513341
7905,0,0.0006293979569007,0.0006618384187888281,0.0005483076794066664
7906,0,0.0004267357631869,0.0005089518436019954,0.0009805397459352414
7907,0,0.0023718926718228,0.004030222035276596,0.003825090671799517
7909,0,0.0023834981272646,0.0008863597200391587,0.003457012740529048
7910,0,0.0005792919038671,0.0011534824366464225,0.0012945430416339396
7911,0,0.0009082368873232,0.0010162499682154183,0.0016965619109294882
7913,0,0.0002718357246473,0.0003641814429116995,0.0005043458641799105
7914,0,0.0013915064333977,0.0016807705430269405,0.002010244209607868
7915,0,0.0004836950280204,0.0004415298672973187,0.0014826743275479788
7916,0,0.0006870613495974,0.00083649650777087,0.0009531486093453149
7917,0,0.0003414306112544,0.0004751202048840237,0.0006404141975843429
7918,0,0.0006087676234211,0.0006091354576094649,0.001025511658233167
7919,0,0.0005924367555603,0.0011906848264623463,0.001814948168737607
7920,0,0.0008279934852058,0.0007239446464141074,0.0009247000992930822
7921,0,0.0017605051102519,0.0018166097263829827,0.0027346527871832723
7923,0,0.0012953917101064,0.0007487003831391599,0.0013471599499786059
7924,0,0.0009193837441968,0.0012450488687446913,0.0013043325499247063
7925,0,0.0011233750228353,0.0021406720105483393,0.0017149432193090232
7926,0,0.0032839772351658,0.002830964148000712,0.003744686064607862
7928,0,0.0007719840277449,0.0008015277902165166,0.000993354062091176
7929,0,0.0026218579315069,0.002241827946346366,0.0015073845503787613
7930,0,0.0063573505451148,0.005561881524040302,0.0046620119309442425
7931,0,0.0219870631355805,0.02230820586157295,0.018179921183195107
7933,0,0.0363949579788019,0.036721246462372306,0.03316467026872079
7934,0,0.1539683767011534,0.13344894490641215,0.1437551509419061
7935,0,0.0377762307103111,0.043201883061730506,0.04020771746529884
7937,0,0.031798644805003,0.03035778271440187,0.030072134512748334
7938,0,0.0814636696646733,0.09278855895187071,0.07543112439343902
7939,0,0.0385330237228135,0.03242642579805985,0.030853518897650343
7940,0,0.0198364989090494,0.0172629191976452,0.012571320006119598
7941,0,0.0005278696924041,0.0005362024177377957,0.0007514646732558032
7942,0,0.000576277284049,0.0006458271495119823,0.0008263128284098562
7943,0,0.0005026351471683,0.0005965900922302672,0.00105905326182093
7944,0,0.000358723437774,0.0004408645831880342,0.001082269969769485
7945,0,0.0009775351334947,0.00109833013100432,0.0012825616817926612
7946,0,0.0005294838688221,0.0005314837624620786,0.0007357263546738259
7947,0,0.0003522055248299,0.00048091486410150556,0.0006473234910836395
7948,0,0.000802361591448,0.0011237553401847345,0.0009632655079994604
7949,0,0.0003109259803753,0.00042083531545171097,0.0008472675076097733
7951,0,0.0004944844188971,0.0004859091424398111,0.0005657528705375766
7953,0,0.0003248567415762,0.0004020132036352553,0.0004795826179911617
7954,0,0.0005161119231505,0.0007045583465188702,0.0007462525953204108
7955,0,0.000312504013636,0.0004011000642447016,0.000763768481045241
7958,0,0.0009953749468711,0.001280189741729078,0.0008205739804932625
7961,0,0.0004564674650005,0.0006262869518018781,0.0006903223487687486
7962,0,0.0030610573067819,0.001971455261478432,0.003615872364617077
7964,0,0.0005333951643214,0.0004998605537193025,0.0006929297329411339
7965,0,0.001056228836996,0.0008979956342182859,0.0012604503199349789
7966,0,0.000194768040766,0.0002784314622297318,0.00042223821845983184
7967,0,0.0004862658775605,0.0006717833568265769,0.0007387508128494546
7968,0,0.0005444234281197,0.0006976082432996898,0.0007565136516067583
7969,0,0.0006116797133521,0.0005718201925488083,0.0006371392567902391
7970,0,0.0003290472669269,0.0010151716532952972,0.0010626945753700132
7973,0,0.0017709622472253,0.0019674127266914566,0.003305120553159116
7974,0,0.000513656885118,0.000777772076814034,0.0008427221218289821
7975,0,0.0009024117218677,0.0003961266638952889,0.0008503108168903291
7977,0,0.0020027211798512,0.0016922382583426459,0.0017275648051256352
7979,0,0.0009878083176407,0.0021671937605252435,0.0006830080120321191
7980,0,0.0004240866784358,0.000534528508778728,0.0010778600355094382
7981,0,0.0004897987667233,0.0005355848107845699,0.0006345214239672791
7982,0,0.0009410293607727,0.0009557313253267117,0.000990713630287851
7983,0,0.0004858527225672,0.0007028843740103721,0.0007705483557610877
7985,0,0.000538506062489,0.0007814280545703486,0.0007994101885787056
7986,0,0.0005286167443612,0.0005670785892835131,0.0006301970698164966
7987,0,0.0003051888273808,0.00035365900642894715,0.0007722449671111745
7988,0,0.0005144031371312,0.0006721247467589182,0.0007557953361182746
7990,0,0.0009156435607511,0.0014522060015478347,0.0009645055747902739
7991,0,0.0003584935346232,0.00039726698962897237,0.0005558070549604276
7992,0,0.0002464094544133,0.00045439688273895185,0.0010215042071919497
7993,0,0.0009280457427126,0.0015395880366624844,0.0009480595686478262
7994,0,0.0002349207110196,0.0003332934006508397,0.00044976400584089424
7995,0,0.0004193498194638,0.0005638761215259711,0.0007706152023730758
7996,0,0.0006686630261485,0.0006380830676212775,0.0007342225426298578
7998,1,0.9436831998439472,0.938404845892706,0.9381599455989469
7999,0,0.0023673699920661,0.003206483306094251,0.003585965711435021
8000,0,0.0006447752152373,0.0006552288247076036,0.0008541813329040127
8001,0,0.0006803635693627,0.0008938310639097298,0.001218445025645611
8002,0,0.0043467631764981,0.00491268169679671,0.005587859015860349
8004,0,0.2418648414136244,0.2533443790257711,0.22775797534982925
8005,0,0.000311622108382,0.0003916794222497487,0.000492853835278438
8006,0,0.000542280641832,0.0005858765444363054,0.0012474939174735352
8007,0,0.0007736591300752,0.000962679896216258,0.0010302080255165699
8008,0,0.002257692038994,0.0011498510695959027,0.0036255646997847605
8010,0,0.002139467618782,0.001589008894293332,0.002394583183442308
8011,0,0.0524169587834325,0.040694581549178016,0.042030249799156406
8013,0,0.0101627994236129,0.00901650437031412,0.0076846498053273
8014,0,0.0016646783155079,0.002081162391577538,0.001995930744937836
8015,0,0.0014629879964576,0.0011559249634705135,0.0028420071178341397
8016,0,0.0016086631505198,0.003201113548722396,0.0013420236442366986
8017,0,0.0004956322947121,0.0005636324458579175,0.0008771745345454845
8019,0,0.0030774062076371,0.007605345741466033,0.00668327223199322
8020,0,0.0004799007694755,0.0008009731580860224,0.0012661198215088024
8021,0,0.010107858770156,0.008619866009402757,0.005535034097993028
8025,0,0.0903935480028439,0.10425583862427262,0.1350953565714206
8026,0,0.185903341847147,0.16011229642704358,0.13668819838063476
8027,1,0.96508819938555,0.9740326155074694,0.9679977048088036
8029,0,0.0616979519886524,0.052331689144317343,0.056196322550770256
8030,0,0.0003092690752298,0.00038365911008003944,0.0007829023970960043
8031,0,0.0002587865374374,0.0002898951280212932,0.00041097708488077074
8032,0,0.0011470637839529,0.000595799479599295,0.0007838471794386158
8034,0,0.0004420989755316,0.0005579409534784384,0.0007440367090516333
8035,0,0.0004158384289233,0.0005651461089316596,0.0007433674622188277
8037,0,0.0006629010372606,0.0007313369079870641,0.0009520267430152943
8039,0,0.0011478411902318,0.0007758404560754729,0.0008049280390431707
8041,0,0.0008676729311034,0.0004233902360200209,0.0009015895528935438
8042,0,0.0065831390269204,0.005260578500536742,0.00893851350214716
8045,0,0.0012380060402167,0.001096436428558368,0.0016119594362468744
8047,0,0.0005096466890342,0.0007201588447293107,0.0007752280949011185
8048,0,0.0004289743893104,0.0005542613175009159,0.0012159320653170108
8049,0,0.0004280601307619,0.0005759034450181495,0.0011783608276360465
8050,0,0.0002844714879139,0.0004590642795711408,0.000516834336941283
8051,0,0.0007139211546376,0.0008320673743662508,0.0016638887164702443
8052,0,0.0016147503763679,0.0008782189279333657,0.002666942269564942
8053,0,0.0007834393604797,0.0009696827991940995,0.0018864117063758837
8054,0,0.0006278437952528,0.0009069805645368459,0.0008837800733957676
8055,0,0.0014420728821424,0.0017069193408760428,0.0018708584481303212
8056,0,0.0002533733391051,0.0002817229081440706,0.0006992010029035203
8057,0,0.0003754133579804,0.000470231756434178,0.0006027730727970054
8058,0,0.0003840464338239,0.0005444808911919906,0.0006634961720437385
8059,0,0.000476154623181,0.000561192876232805,0.0006975117611708076
8061,0,0.0012511009374234,0.0013076255740833893,0.0011330542673877672
8062,0,0.0005186031003601,0.0005370721727637491,0.0005029652704154451
8063,0,0.0030327951852085,0.0045582304453252705,0.0038837416698344123
8064,0,0.0005833307469471,0.0008704672209400419,0.0009101233882959837
8065,0,0.0005441386044741,0.001363851474041319,0.0013677277012451102
8066,0,0.0007179235276168,0.0016627594521843115,0.0012513709537060008
8067,0,0.0009393055512833,0.0024273552650845545,0.0013258568269170611
8068,0,0.000538162815156,0.0007329895013886934,0.0008772822713205723
8069,0,0.0004983149006559,0.0005959008030547697,0.0006394291053397536
8071,0,0.0008995209260024,0.002042529394409858,0.0009873189653275035
8072,0,0.0012959348123932,0.0006925842102367148,0.0008393238445616835
8074,0,0.0005452283134538,0.0007115960403125424,0.0008121091541972901
8075,0,0.0004246921748741,0.0004856343122918758,0.00045150899880886395
8076,0,0.0025924237857321,0.0034191012489208175,0.0020888461245004456
8077,0,0.0030693095157771,0.004204019405063314,0.004880760984061301
8078,0,0.0008967392335845,0.000372967035519839,0.0008601199595405302
8079,0,0.0004784558376588,0.0005659734767713583,0.0011407002388141541
8080,0,0.0006114566311099,0.0006667103703177073,0.0006407654512967191
8082,0,0.0023957746195446,0.002375419812583231,0.0035971141964358903
8083,0,0.0013284178768883,0.0015185287925595092,0.0015094554918044108
8084,0,0.0032606659494074,0.0011493915764746773,0.0016933851828586453
8085,0,0.0007758228036854,0.0008611688523053951,0.0008011533106224571
8086,0,0.0027521778494208,0.0031829367592020475,0.0034568333642231042
8087,0,0.0005729386114287,0.0006981554099025587,0.0014347372054696141
8088,0,0.0004542435408091,0.0005892808640022302,0.0010638980589804965
8089,0,0.0024014148090109,0.004073378028559681,0.0027444328740925837
8093,0,0.0005807334624458,0.000688067119055038,0.0006095259017314054
8094,0,0.0006200775057416,0.0007649487930388823,0.0008809051916431048
8095,0,0.0027088871089139,0.002032164491296549,0.003270470631268458
8096,0,0.0006339541820003,0.0006845966451332727,0.0009813447285250266
8097,0,0.0005258889322103,0.0011749439296593806,0.0010338089318999593
8098,0,0.0006056590220088,0.0007088121181305043,0.0016671045817292372
8099,0,0.0008700584258462,0.0008705579913700244,0.0010916623828345197
8100,0,0.0008128138371125,0.0008184137927550897,0.0009571862346962501
8101,0,0.0042820641240375,0.004573869930259594,0.0051170746929822385
8102,0,0.0008548693167501,0.0019957616833432734,0.0009528384070651476
8103,0,0.0025457570573467,0.0026344317911179364,0.0024760963160703866
8104,0,0.0025619479703138,0.0024759513700647875,0.003951194330813906
8105,0,0.0008760750126789,0.000879156441076754,0.0007915649998200347
8106,0,0.0018236271700662,0.002473688415758921,0.0022256542966074743
8107,0,0.0035287131757012,0.0027984399420803133,0.003315008701236771
8108,0,0.005962236193891,0.005395880379079305,0.00667741156871859
8109,0,0.004095775498077,0.0033154210263135497,0.0071719469299866495
8110,0,0.0207421815703489,0.01945555831342447,0.016259711320588906
8111,0,0.066092587536726,0.058392933418867844,0.05654736595335544
8112,1,0.0179055352508813,0.01555346196151109,0.015472826790451602
8113,0,0.0008253632010024,0.0011042687242520102,0.0013920368963761297
8114,0,0.0005472079644863,0.0007944964926301324,0.000812426363064261
8116,0,0.0049481047421644,0.007397591824735891,0.006267860614830216
8117,0,0.0013076592083649,0.003199756746816253,0.001905163169658057
8118,0,0.0012060699039209,0.0015725251624879066,0.0015066823281430638
8119,0,0.0010727530079865,0.0029422157507212523,0.00317052052216222
8120,0,0.0031777939073761,0.003138225842140375,0.004553862439136561
8121,0,0.0023419316855792,0.0016774710188946025,0.001017884760949724
8122,0,0.0003052734180246,0.00044699617984456254,0.0011012682253850464
8123,0,0.0002813534005973,0.00033777739535130745,0.00073500393371652
8125,0,0.0004802248317015,0.00047017437836872704,0.0006573545266502048
8126,0,0.0018010110104984,0.0007802357730908697,0.0018556592118723096
8127,0,0.0006458366337622,0.0008581350086767037,0.0011215800710446427
8129,0,0.0005755787830041,0.0008348296586848353,0.0008499983616722451
8131,0,0.001370625573821,0.0009166829571290009,0.0014994874778073773
8132,0,0.0028031234883197,0.004093843108535363,0.0037338455687463187
8133,0,0.0010557162472937,0.00149224991805786,0.0014206548631508342
8136,0,0.000358277905063,0.0004950761163312552,0.001102241989918701
8137,0,0.0005020946733692,0.0005239928239284366,0.0006788203405671528
8138,0,0.0003427843464675,0.0005625388053359932,0.0007305693855849938
8139,0,0.0033963717148146,0.003388731523467954,0.004834574858538839
8140,0,0.0004920222058358,0.0005005324918178233,0.0005098511909877225
8142,0,0.0011819570751584,0.0015857867309036864,0.001538709210265461
8143,0,0.0008082903606544,0.001445192552677702,0.0020128280744609603
8144,0,0.0005716539207459,0.0008065391694116556,0.0008563678569993765
8145,0,0.0003862352473458,0.00042046261359411684,0.0009941839668867484
8146,0,0.0015347614480878,0.0010133319820087496,0.0016508421706925877
8147,0,0.0006790722444187,0.0008917219450517307,0.0010766385793872445
8148,0,0.0005816830830973,0.0005836462942839791,0.0007360162144066498
8149,0,0.0006305404219507,0.0006649626479048518,0.0012052627250586099
8150,0,0.0019559533181993,0.0014035460913794445,0.0013684582726753228
8151,0,0.0033283657619658,0.0012997399452058219,0.0014932797740217147
8153,0,0.0068144315055536,0.0025255734924342606,0.0032818521738834697
8154,0,0.0005497097749619,0.0006113216730129375,0.00059880166740157
8155,0,0.0031118729758839,0.003421159905129269,0.0033690032227529547
8156,0,0.0022516676355409,0.0033672228660402495,0.002538968395483046
8157,0,0.0006345883422231,0.0006518556909631537,0.0007359795132161268
8159,0,0.0008904491091708,0.0009982663931159144,0.0022646307610924214
8161,0,0.0010879136246211,0.0006628939913740945,0.0008492227207635632
8163,0,0.0006564151092753,0.0008407477756554152,0.0008569848886984759
8165,0,0.0005091159246716,0.0005721907044245005,0.0005912020995445561
8166,0,0.0008698572484891,0.0012131737961899314,0.0011107919153766472
8167,0,0.0005004285687052,0.0006421798955350829,0.000813899938791005
8169,0,0.0009243422990617,0.0021079118151885344,0.001056730249062522
8170,0,0.0007048361100496,0.0007601553988703692,0.0008486340816394311
8171,0,0.000736775672955,0.0008824299697927853,0.0009035409222682333
8172,0,0.0003112132460909,0.0003093188990971032,0.0007565645862825671
8173,0,0.0007234114574976,0.001995306630827834,0.0019758010915010716
8174,0,0.0005577080649894,0.0007410258835089955,0.0007801548902549623
8175,0,0.0029243029682097,0.004073926435094083,0.004147908969385265
8176,0,0.0009660630761844,0.0013334386120317033,0.0011238702352451813
8178,0,0.0014393373835686,0.00162639921424965,0.0025851740228700773
8180,0,0.0005169792940358,0.0006105564759323779,0.0008282747096078982
8181,0,0.0021184536584221,0.0016463742171296117,0.0006667279331526558
8182,0,0.0045615547690955,0.0034113548331923546,0.007073104158244051
8183,0,0.0006051210611402,0.0006648937778279845,0.0007470210840188374
8185,0,0.0015420700177329,0.0023666700751785647,0.001899523364952911
8186,0,0.0008501005698009,0.0011216253173730894,0.0012237660907725033
8187,0,0.0039170537467359,0.005120935206319609,0.002882250930864772
8188,0,0.0013457854076749,0.0019045480649539333,0.0017771350081733285
8189,0,0.0018633217731771,0.0013719972066335818,0.002390796734229568
8191,0,0.0296324400396377,0.03793593496970452,0.04150360402100494
8193,1,0.9880010702249314,0.9887454521536267,0.9871785503122439
8194,0,0.2792785594199288,0.2604293487092857,0.27575488760684197
8195,0,0.0393452801542478,0.0461154866603362,0.04265424381454422
8196,1,0.9764609390223268,0.9753019805641547,0.96672172929719
8197,0,0.0437092330503719,0.03815469312490717,0.037585927053563395
8198,0,0.023164051509363,0.024537151369823616,0.01925622960502378
8199,0,0.2669637940937116,0.2641565530149478,0.21864721998744302
8200,1,0.0847292558890699,0.0785265214515761,0.07275698892601998
8201,0,0.0009206622991632,0.0008392025158470827,0.0011591832427665703
8202,0,0.0016750267057377,0.0006606178703713125,0.0031655979915307395
8203,0,0.0008867634776675,0.0009464051239079704,0.0008793473353934088
8204,0,0.0004984498928184,0.0005034911178886917,0.0006645245351187011
8205,0,0.001243782212136,0.0024713421183058977,0.002432228642300628
8206,0,0.0046499943213358,0.00200426511592209,0.0020411370570350795
8207,0,0.0004445430395796,0.0004770937058331896,0.0005232657064998275
8208,0,0.0004614073204016,0.0004494369866720118,0.0006285305916186269
8209,0,0.0004996371258522,0.0006883363146227694,0.0007205359938135412
8210,0,0.0022715000454577,0.002066746793357579,0.0014760829839349002
8211,0,0.0004288213472921,0.002478351518490346,0.0027803548789427568
8212,0,0.0003889430642342,0.0011146812548421966,0.0007457271424946346
8213,0,0.003370968176169,0.004154135190367322,0.0039657209120201155
8214,0,0.0010468654833277,0.0005510731789966234,0.0007095212589909659
8216,0,0.0006235650832842,0.0009608349483757032,0.0008627285752402534
8217,0,0.080023574805633,0.08189068849750235,0.07745963371611227
8220,0,0.0004636613180758,0.0010672008074646415,0.0006291388007457533
8221,0,0.0004564012845656,0.0005094267086351063,0.0006095474042745791
8222,0,0.0002969711787315,0.0003787208035021506,0.0008763086606042702
8223,0,0.0007946212128645,0.001403236319849988,0.0009351166886842411
8225,0,0.0004847723024789,0.0010835046969632045,0.0006069853742006196
8226,0,0.000350979079165,0.0005219303577801585,0.0006180156657791488
8227,0,0.0223534802140449,0.023294797336592038,0.021466896287624465
8228,0,0.0018565399878897,0.0007766645261979304,0.000791706384275458
8229,0,0.0008970034740384,0.0014323125602555482,0.0019059602227411614
8230,0,0.0016175014196782,0.0015882508879824933,0.001156864944488965
8232,0,0.0016011325756399,0.0014306390980784436,0.0019490494766384722
8234,0,0.0004926945123839,0.0005009645145361139,0.0005213992422214624
8235,0,0.0005002807348619,0.0006968714194139035,0.000770631240491109
8236,0,0.0013535025569696,0.0014274093939821454,0.001453881175050842
8237,0,0.0003427025499975,0.0003923625656557654,0.0008247751548431531
8238,0,0.0042968354545899,0.0031035849974624255,0.0059034680409724705
8239,0,0.0005290944146736,0.0007447914875879393,0.0008126497354001678
8240,0,0.0021103355087103,0.002252098521373392,0.004604820431404803
8241,0,0.0005046545774337,0.0004783586097372627,0.0006556703742766612
8243,0,0.0006465564040382,0.000917181961164923,0.000998783645971689
8244,0,0.0032942109870875,0.0028499963808864847,0.005138196522442213
8245,0,0.0005533532996941,0.0005705738418770222,0.0007058887874055156
8246,1,0.9573864079473572,0.9598512784106654,0.9571957768981529
8247,0,0.0005505806110264,0.0007356321576654016,0.0007870084917559238
8248,0,0.0011466277030104,0.0017067832686823306,0.0011907795140999136
8250,0,0.0003588845177293,0.000973154645161332,0.001986889861379338
8251,0,0.0005315984073185,0.0006400373554430122,0.0013272485158411216
8253,0,0.0005431648790602,0.000506773005751206,0.000701308806925353
8255,0,0.0004737147368442,0.00047379457187252236,0.0006525983683143137
8256,0,0.0004992912946596,0.0006463229317146652,0.0012912829413641096
8257,0,0.0023525342788818,0.0035306124006852556,0.004237160892156141
8258,0,0.0005399952565126,0.0005123705375577367,0.0006094376915646077
8259,0,0.0005122487760981,0.0005570581543248466,0.000601744625861488
8260,0,0.0006823515924766,0.0007501007812518534,0.0008416981663283883
8261,0,0.0022918505660605,0.0027046219838618175,0.0037989766352742723
8265,0,0.0012212195777247,0.0015856673300224042,0.001887616000257606
8267,0,0.0014724328013071,0.0017057947854051776,0.003245381587823425
8269,0,0.0008007867394963,0.0008968073558990512,0.0010172348873296595
8270,0,0.0017655828550732,0.002533711730021831,0.0021278529358597395
8271,0,0.0006848028686542,0.0007324583468121133,0.0007877231110864056
8272,0,0.0105538493533947,0.01254743761556128,0.012180473213779679
8274,0,0.0041095306453788,0.005399106367573781,0.0051521815587457
8276,0,0.0017581830672166,0.0037113070228807117,0.00313648334718114
8277,0,0.0099634602393723,0.009224031273638186,0.011321466960906579
8278,0,0.1104004883043044,0.08868911925286102,0.07203560829148829
8279,0,0.0597188736331469,0.05558333570600818,0.046807963811305926
8280,0,0.0290486592722778,0.02789458855259646,0.025827411302976014
8281,0,0.0322422847139167,0.027441765804457112,0.02646492180167254
8282,0,0.0189936741925952,0.017484986763794765,0.01784774426531483
8284,0,0.0196843594044989,0.015942887277427268,0.015249084084664893
8286,0,0.0006151622024849,0.0006535091972587934,0.0012401415688673859
8287,0,0.0003591994814107,0.0004366713067645765,0.0003130783031046725
8288,0,0.0003864029160307,0.0003555753715485798,0.0003713216689412022
8290,0,0.000774243582747,0.0006946514370262252,0.0006432311142626591
8291,0,0.0001956797319064,0.0002537300217884971,0.0005931840221389027
8293,0,0.0008298628637953,0.0007877345438384942,0.0008435243068247141
8294,0,0.0003721104941064,0.00045237245927209636,0.0005685934287222987
8297,0,0.0006962880730181,0.0010092828659302778,0.0009151574803329676
8298,0,0.0004227644478543,0.00042647145283320067,0.0006033492281411638
8299,0,0.0006247925906569,0.0009567950634426812,0.0008349143686282075
8300,0,0.0002491100728129,0.0003596596790463697,0.0007754036452652421
8302,0,0.0003014771420434,0.0004388046063588108,0.0005591948488485033
8303,0,0.0004845614484348,0.0005383251051782415,0.0006518113606560818
8304,0,0.0002448173256821,0.00032084663936398424,0.0007462702142867095
8305,0,0.000273345160169,0.00035736688053263576,0.0007546393196478792
8306,0,0.0022224170836757,0.0016530338240941253,0.0020294032270205104
8307,0,0.0004221786409864,0.00042194888659923793,0.0006253736215325835
8308,1,0.9486855263897866,0.9602924050084425,0.9517925420404357
8309,0,0.0008898020635752,0.001151395737850826,0.0014355562917765454
8311,0,0.0004432511617942,0.0004563586395606357,0.0006493931528656898
8314,0,0.0003101036368568,0.00034685508611120267,0.000769810469208679
8315,0,0.0005760573765356,0.0007961903836547068,0.0008300952726787538
8317,0,0.000507495164302,0.0006327476706486821,0.0007887364892532016
8318,0,0.0006586991110319,0.0008997351446283284,0.0009828893202306831
8319,0,0.0003679635380333,0.0004491304717944459,0.0005622388379636052
8320,0,0.0052413373573524,0.003028527988072414,0.002895940786929371
8324,0,0.0004999415547535,0.0006195277167346431,0.0007019664839915899
8325,0,0.0017771967975351,0.00116253238776725,0.002191329648377832
8326,0,0.0005058071269079,0.0005539598698551843,0.0007219992706758956
8327,0,0.0006679499970907,0.0008531429874930863,0.0007801712914236769
8328,0,0.0030784156733521,0.0039118872412152285,0.004888044698479965
8329,0,0.0022484578833546,0.0028425027686686246,0.0032024725296667176
8330,0,0.0008965033429925,0.0016646541846641958,0.0010066294801606302
8331,0,0.0006967901750265,0.000874559811067903,0.0009841277733313519
8332,0,0.0015250020449121,0.0017961245430553959,0.0017564572800886906
8333,0,0.0003958903497609,0.000370599625665386,0.0008132976209200605
8335,0,0.0003850903356596,0.00046204240242922,0.0008565735186052332
8338,0,0.0005825037939771,0.00077366891882766,0.0007878795644480362
8339,0,0.0015415965426974,0.0020201555099537707,0.001983772459876956
8340,0,0.0005056374171071,0.000593837427172891,0.0006947702178544677
8341,0,0.0004926080354125,0.0006226362396780915,0.0007709315446980017
8342,0,0.0008420936893696,0.0010120024428214465,0.0011034268425512538
8343,0,0.0006174007814144,0.0006784640125537358,0.0008382438622885851
8344,0,0.0020525069289217,0.0019581792655014255,0.0026563581229883827
8345,0,0.0005055548464827,0.0004852708778530344,0.0009248578494492443
8346,0,0.0004733247737094,0.0004855468963273334,0.0010010432143906936
8347,0,0.0008201876818811,0.0008256475928726192,0.0009945440468523174
8350,0,0.0007506357017044,0.0008380955464717273,0.0008817071285835281
8352,0,0.0053888134809957,0.007597149511470137,0.007715534127705124
8353,0,0.0008600017378722,0.0011347808243784593,0.0013377235059997153
8354,0,0.046634087171022,0.05331262583615733,0.04920813291427912
8355,0,0.0017128109946207,0.004869641127006185,0.003778646690981044
8356,0,0.0013024337049702,0.0016459887131793605,0.0027300337898406774
8358,1,0.0039643646372416,0.004000649658984328,0.004189642778143619
8359,0,0.0005289190484102,0.0007041836170653182,0.0007420886754333989
8360,0,0.0004682408071021,0.0004945854235418937,0.0005261466470179771
8361,0,0.0005021981216,0.0006743973188585939,0.0006912152445575636
8362,0,0.0004926499161092,0.0006727078610882202,0.0006856324692069062
8364,0,0.0006425895445092,0.0006919928219521779,0.0007237934629127906
8365,0,0.0009490709126029,0.0012389092168168029,0.0016406445948185064
8366,0,0.0005034353169172,0.0006860569866509617,0.0007036767249152429
8367,0,0.0005613210959727,0.0008247184182889646,0.0009697851278346143
8368,0,0.0008932022385088,0.0017738491072260382,0.001638811853236538
8371,0,0.0004792541021828,0.0004885438223855334,0.0010880095794554806
8372,0,0.0005897779577172,0.0007431237523870685,0.0016483740519495495
8373,0,0.0003956194286218,0.0004876986536192496,0.000637474097692742
8374,0,0.0023120459390837,0.0027265328189212622,0.003089773408824057
8375,0,0.0081144789306263,0.008484588068089195,0.009278799452427931
8376,0,0.0015676101202156,0.0022840487224546125,0.0019947268022737414
8377,0,0.0029532145095286,0.003458181660420042,0.003264821385114957
8378,0,0.0019918839555563,0.0030460733139856624,0.0023785485210544343
8379,0,0.0072426263612692,0.006744663267816966,0.010001999395769526
8380,0,0.0004396338612282,0.00044761318299769444,0.0006544649878628052
8381,0,0.0006911340703345,0.0011523345127231101,0.0012232975071962745
8382,0,0.0003721551601922,0.0005423177427337498,0.0006159794113628644
8384,0,0.0004342239452409,0.0004661053232550776,0.0006616230794044914
8385,0,0.0004435241131306,0.00045579368681886786,0.0006535178623815723
8387,0,0.0004360936329898,0.00048068494556076266,0.00068332522832738
8388,0,0.0022116340658613,0.0031358312545987895,0.0026112841850025703
8390,0,0.0003709207200075,0.0004907950595420627,0.0005784734931456094
8391,0,0.0044171699420682,0.007468856149851369,0.0077406212212736405
8392,0,0.0009801984783218,0.0009716830127026509,0.0009368498593632546
8393,0,0.0005870645230358,0.0006378310824144856,0.0006338686344796651
8394,0,0.0021986402600645,0.0016395381670467166,0.0021109699241321695
8395,0,0.0004682141609398,0.0005273938470498009,0.0007486014741485927
8396,0,0.0005260824175806,0.001109424447409717,0.0006858190954051371
8397,0,0.0005537743628012,0.0006033695277184437,0.0005583793551591119
8398,0,0.0026808293525846,0.0030656571469563267,0.002040972317017168
8399,1,0.95936039505349,0.9586105279948367,0.9566396448083356
8400,0,0.0031934674856069,0.003739374845522253,0.0042104588443437245
8401,0,0.0004176255378132,0.00041880333647320974,0.0008861194737114606
8402,0,0.0003028737133546,0.0003380061199442791,0.0007665098350374292
8403,0,0.0038518116079052,0.003782031659089191,0.003627610491589642
8404,0,0.000505138675614,0.0006167284833747668,0.0010372126912005192
8405,0,0.0008373982791769,0.001078300230715745,0.0012073379507822938
8406,0,0.0004826772347864,0.0005262358037736815,0.0006302656379672149
8407,0,0.0019714650544036,0.003161859546795617,0.004216857295074478
8408,0,0.002144046679594,0.002128886721660409,0.003878913850883874
8409,0,0.0006414323385364,0.0006731836273950015,0.0008342359576504012
8410,0,0.000633521617608,0.0007542553984548838,0.0008678383919567575
8411,0,0.0005611871650654,0.0006823274084553545,0.000741051092205045
8412,0,0.0007782846589604,0.0009319853003805602,0.0009617971506867096
8414,0,0.0012647087516551,0.0013596172751776988,0.001588867406081974
8415,0,0.003978673564948,0.004707804185185874,0.0039511524956550486
8416,0,0.001362287004255,0.0013945142794575317,0.0014710882877852819
8417,0,0.0008318420989434,0.0008995046837624457,0.0010508703854382774
8418,0,0.0007286023537473,0.0013707287370461276,0.0006931281795126329
8419,0,0.0022466264382415,0.005310629950735498,0.005101279222804737
8420,0,0.0005912930717521,0.0006214233400544205,0.0012678066989230666
8421,0,0.0006820547299776,0.0008014038868136111,0.0009474472282384818
8422,0,0.0005573352908034,0.0005902696759196946,0.0007461231775386974
8423,0,0.0095889428032414,0.012517945588943504,0.014393018650421481
8427,0,0.0006585588170571,0.0007560621842639701,0.0008850378568504045
8428,0,0.0006367383249906,0.0007340829987227346,0.0008950342359569148
8429,0,0.0008400179571114,0.0015055386582249798,0.001830201818885776
8430,0,0.0005846183892229,0.0005599325833128247,0.0007447213725544244
8431,0,0.0049035302513994,0.0057780630679137406,0.007524316495151602
8432,0,0.0025077190550578,0.0030983047608169768,0.002485661236811024
8434,0,0.0006507520937888,0.0007797210529185253,0.0010518654381807017
8435,0,0.0036571692246918,0.0033228953233255657,0.005633421599787727
8436,0,0.0013618468809263,0.0016110582324361654,0.001949491237896532
8437,0,0.0070874590484775,0.006454955928236462,0.004622562634124708
8439,0,0.0217359844247846,0.016342244569092085,0.015386033827608881
8440,0,0.0295825089475215,0.022694724310159176,0.02044524016531341
8441,0,0.0027778501501538,0.003488483696675971,0.0026929333140015134
8442,0,0.0005594659018903,0.0006330977233519948,0.0008691381605763313
8443,0,0.0005587148810138,0.0007523384856249108,0.0008546917672987012
8444,0,0.0004982101628946,0.0006765826747394198,0.0006825340690858999
8445,0,0.0004894816324368,0.0005675713276084878,0.0007001907415261653
8446,0,0.0002245262660156,0.00028482726941214697,0.0007183670689082036
8447,0,0.0004558231960469,0.0004990100001167892,0.0005409436428273077
8449,0,0.0004506477119449,0.0004822996066033445,0.0005280167762218733
8450,0,0.0024413152032064,0.0027970159871507213,0.0021496298916863768
8451,0,0.0003639376517715,0.00043007917580110803,0.00048376068276008275
8452,0,0.0003574968247338,0.0004474491935070498,0.0009686870515181668
8456,0,0.0034338808799405,0.004367108726234743,0.005867887141745739
8457,0,0.0003947297049418,0.0005098870205086303,0.000596982589954918
8458,0,0.0010599363078551,0.0014408146097977547,0.0014534718373461263
8459,0,0.0007781667039426,0.0025319939478176804,0.0019991206244980657
8460,0,0.0014618163279632,0.0014358465502282594,0.0014939988087700504
8461,0,0.0025544258357447,0.003176425586460179,0.003883818842707265
8462,0,0.0008008409204316,0.0007462606692977421,0.0011193798117852295
8463,0,0.0004063333090575,0.0004723960638625454,0.000604871486256345
8464,0,0.000339334399589,0.00043140693108642374,0.0009180710599998073
8465,0,0.0016971169671264,0.0008667670496795111,0.0008737117784436465
8466,0,0.0015927144012095,0.0006837124151180933,0.001837598613584878
8467,0,0.0003018141590582,0.0003695431984927778,0.0008519413404295445
8468,0,0.0014103605578502,0.0017250701503275722,0.0018395619605371227
8470,0,0.0090120334298465,0.010905930743650398,0.014935991597255066
8471,0,0.0004523708064105,0.0004879514073012735,0.0006834873878042122
8473,0,0.0002767647197139,0.0003333556453426881,0.0007557425151278815
8474,0,0.0003471398398424,0.0004032345896947278,0.0009254429845027063
8475,0,0.0005104985121131,0.0006942892362208233,0.0007340234054842886
8476,0,0.0005671595587789,0.0005830518236814723,0.0006116783215462622
8478,0,0.0003404612882206,0.0004898300268543371,0.000632716155016693
8479,0,0.0080090598826543,0.010115103751853694,0.012634411875788855
8480,0,0.0005805396735579,0.0007320986624247226,0.0007418751469770854
8481,0,0.0005986385425545,0.0013465604857169225,0.0008711172364326964
8482,0,0.0012688346967151,0.0009146494771250588,0.0010214156415794384
8483,0,0.0006385623496929,0.000801270417956937,0.0008901313622483349
8484,0,0.0004855696471882,0.0005263791853576507,0.0007015571050770909
8485,0,0.0011545195687903,0.0012615728402893254,0.0015524416897913828
8486,0,0.0006082397352285,0.0007243291126420324,0.0008514877002766762
8487,0,0.0003542561827792,0.0003992029998422972,0.0008677895824758375
8489,0,0.001202248376291,0.0015765931068873228,0.0014492495387868338
8490,0,0.000567492445741,0.0006686432284563467,0.0007573712832416122
8491,0,0.0038441002630557,0.00434291950197935,0.005615212941761975
8492,0,0.0005507846214878,0.0007309551727681602,0.0007458744655613074
8493,0,0.0006506747815897,0.0007407823487253372,0.0007702233034944002
8494,0,0.0004852743752822,0.0005037027887543993,0.0007023604566601984
8495,0,0.0006685566788007,0.0008019549432025074,0.0008593711844620082
8496,0,0.0018578475068494,0.002826875922606559,0.0015076870679997024
8498,0,0.0006410679703991,0.0007941263868085995,0.0008106361590498913
8500,0,0.000727799125458,0.0008779968179242776,0.001541035002798114
8501,0,0.002745275989875,0.00515145970334718,0.005712193157454957
8504,0,0.0006052185932773,0.0007779138441413881,0.0008624794091266437
8505,0,0.0014396033908177,0.0021217687411284854,0.0017611305313940673
8506,0,0.0005795023025027,0.0006711489044172901,0.0012458255141444895
8507,1,0.0010443300893645,0.0012097095244476054,0.001125490823389739
8510,0,0.0075418751406432,0.004335651337589533,0.005509041061899291
8511,0,0.0007967071304811,0.0007997876383279838,0.0009308529285072331
8512,0,0.00136861564973,0.0013720661671469728,0.0009288946890546006
8514,0,0.0005909079838167,0.0012356934266698012,0.0011428857875509994
8516,0,0.0017959624517111,0.0020316546563506244,0.0021937590883706615
8517,0,0.0055038071137729,0.00841669720647037,0.0054755421191101895
8518,0,0.0053807116955665,0.011130772537242812,0.009384963381433381
8519,0,0.0115902533885591,0.014814729372490221,0.014845228689870973
8520,0,0.0013153860315991,0.0018157522098615367,0.0019358296598667771
8522,0,0.0232079705591628,0.01707529787721873,0.016124202395529395
8523,0,0.0002451124340567,0.0003571311140515694,0.0013578031404964579
8524,0,0.000419198486729,0.000430839984856464,0.000624003234191103
8525,0,0.0005105082127138,0.0005723937440229084,0.000768053530873104
8526,0,0.0012741557160756,0.0015211843467922773,0.0016718002876510614
8528,0,0.0004156274580721,0.00047245487899850617,0.0006688880993533964
8529,0,0.0005093799240857,0.000585000446962419,0.0005959221732204184
8530,0,0.0034419080223328,0.0029321521567723247,0.007378536084585125
8532,0,0.0006738592710809,0.0007649338832741512,0.0008019570225825356
8533,0,0.0021030593858585,0.002035482209367371,0.003200893719688052
8534,0,0.0004437453012707,0.00045450264321487917,0.0004808953856165554
8535,0,0.0010123289754224,0.0013907567696231453,0.0012838162390429605
8536,0,0.0004120781916696,0.000506652062178719,0.0006179642171463551
8537,0,0.0009935287193694,0.001050247172109789,0.0014322864531613935
8538,0,0.0003001216648629,0.00044043159817680185,0.0009436829009829024
8539,0,0.0005127298667905,0.0006715593871954222,0.0007741987454141508
8540,0,0.000457091979293,0.0005084652702402237,0.0005104089599398298
8541,0,0.0009703725050698,0.000986477021498613,0.0009592454418367736
8542,0,0.0009496947139841,0.0014329110489343826,0.001393041037124469
8543,0,0.0004787369562264,0.0005472495608895062,0.0005425329232898385
8544,0,0.0023560028204437,0.0034261105067808937,0.0030721397275464924
8545,0,0.0006647673291852,0.0008107882982525314,0.0011383847798164283
8546,0,0.000473982282676,0.0005093940055090545,0.0006727554187344811
8547,0,0.0011739814415056,0.0012548647528985114,0.0022114519438798646
8548,0,0.0004704497010158,0.0005256492556924209,0.0006602335593691737
8550,0,0.0003048774276989,0.00040380288858141427,0.0008479304381281569
8551,0,0.0007099397612688,0.0007679923764459148,0.00074582105634569
8552,0,0.0005745587095224,0.00227166725572834,0.0012977073133484587
8553,0,0.0005808923770993,0.0006096780512831812,0.0007606081596468724
8554,0,0.0004728284574282,0.00047387728249699036,0.0004958561566752616
8557,0,0.0004786174707369,0.0004720778387905038,0.0006467957631324709
8558,0,0.0004265134511943,0.00052327469746407,0.0006280368123421478
8560,0,0.0003382776522289,0.00035326626746528953,0.0007612832641692821
8562,0,0.0021048325628991,0.0030899079459491222,0.002283380049734948
8563,0,0.0022193742962124,0.002563768850717781,0.0028972257828133907
8564,0,0.0004930205915752,0.0005258867998104912,0.0006926530788077437
8565,0,0.000560650608195,0.0007643644064004495,0.0008013138806020941
8568,0,0.0005783977415022,0.0006057833882489184,0.0007695052315615771
8570,0,0.0004233998362047,0.000730456878598096,0.0007694382472798561
8571,0,0.0002894292372369,0.00030154951049339297,0.0007196544432047547
8572,0,0.0033137483099073,0.003407573890674911,0.0029773899791302686
8573,0,0.0003835790506348,0.0005182208185215613,0.000607381115534292
8574,0,0.0003985388696637,0.0004626896615638877,0.0008231217426762279
8576,0,0.0033278921414516,0.0037431516770250394,0.0038616176055101346
8578,0,0.0003609121334801,0.0004620545257275746,0.0005544743035956832
8579,0,0.0004714926529396,0.0005569983862650834,0.0005554689513569448
8580,0,0.0004246948909672,0.0005817051444560712,0.0006566245147271297
8581,0,0.0008400177707418,0.0009884573216287448,0.0016125915023827197
8582,0,0.0007063565933502,0.0008165242487356007,0.0010929929674053343
8583,1,0.9604840857505496,0.9642705954895224,0.9656137353552021
8584,0,0.0006286594202609,0.0013611444418159114,0.0010159442439581596
8586,0,0.002147947840275,0.002161737221677056,0.003364356517528296
8587,0,0.0005440611231477,0.0007823598528334341,0.0009566952745736809
8588,0,0.0003118481562379,0.0003682759973877681,0.000802288605911908
8589,0,0.002192769671629,0.002399680114945778,0.0027441812357237826
8590,0,0.0009039380856143,0.0010522993898555756,0.0009211271465474993
8591,0,0.0006657066304243,0.0009031563014110673,0.0009122573611290371
8592,0,0.00043959170343,0.0005513896286524897,0.0006634042507090168
8593,0,0.0008344174989929,0.0009692199547233039,0.0011472950597405426
8594,0,0.0003689751361465,0.0004213964960706679,0.0008975482156014529
8595,0,0.0025896147066925,0.0031899096008957185,0.0036982231121182358
8596,0,0.0008875255796527,0.0008891866807021901,0.0010134292263968498
8597,0,0.0041151760199163,0.004474311416807281,0.003803246446017809
8598,0,0.0022844486450254,0.002490561206964082,0.0021248343649936823
8599,0,0.00072738633999,0.0010568483165067611,0.0010994205971839536
8600,0,0.0014524715611151,0.0010328473509936447,0.002830387172634099
8602,0,0.0029463625107336,0.004389524531992976,0.004515670952971618
8603,0,0.0169762620158196,0.015612302196217048,0.012878772890025852
8604,0,0.0634800915182762,0.06824329341376272,0.0548107575201531
8605,0,0.7236464437095763,0.7057915940319508,0.684149458458547
8606,0,0.0323059428717071,0.027716501659755984,0.024627839037589555
8608,0,0.2063326824552542,0.2154920410735702,0.17517819230008416
8609,1,0.9467854584918024,0.9480850922120825,0.9318087064298233
8610,1,0.0124995840568096,0.011903617756529289,0.007282252393110658
8611,0,0.0003574412797721,0.0005147148628926348,0.0007285562337619516
8612,0,0.0004992381846651,0.0005801831392946901,0.0007406315182740548
8613,0,0.0006494318605294,0.0009880891850620691,0.0008555392570798108
8614,0,0.0010133715284183,0.0010383122289340753,0.0019049913268966304
8615,0,0.0004053543983007,0.0004382450309615145,0.0006150170577730575
8617,0,0.0028224965748058,0.0027040406968835123,0.0030474713274056308
8618,0,0.0006417344759849,0.0007108721188090897,0.0007295958870164337
8619,0,0.0004930598138908,0.0006449255099694124,0.0015335273005355437
8620,0,0.0002127922974323,0.00027742861229069956,0.0007065728257751944
8621,0,0.000458936217287,0.0006568040551757976,0.0006804106520685534
8622,0,0.0014865736385418,0.0004774928161931559,0.0009498190249139847
8623,0,0.0008109644843193,0.0007562976513926931,0.0011101761568902931
8624,0,0.0004673035664793,0.0006654560475768301,0.0006807784642944813
8625,0,0.0004530513306143,0.0005589582174336439,0.0005713908255566881
8626,0,0.0004113742859898,0.00044055826121747286,0.0006059961463423507
8627,0,0.0012806561720232,0.001516899986227236,0.0018253887575835487
8628,0,0.002100126878312,0.0022373733946258532,0.003395092858131332
8630,0,0.0004481358204143,0.0006300515288177127,0.0006586759149569733
8631,0,0.0028243129193099,0.0029631269672694706,0.003164715044403324
8632,0,0.0007666138702328,0.00027417455823946536,0.0012378886769280149
8633,0,0.0004725909384633,0.0005095591467668984,0.0005792413237390481
8634,0,0.0021283982483316,0.0022091325143795966,0.003471072416615805
8635,0,0.0006148051568113,0.0007857859702476892,0.0008703958782086546
8636,0,0.0022894103583631,0.0021389515215608093,0.003314721488625004
8637,0,0.0024098897690559,0.002267542078392953,0.002350329710859148
8638,0,0.0005263365534858,0.0007431106393593385,0.0008001220845257644
8639,0,0.0005101842369989,0.0010968917319889471,0.0005627466220083339
8641,0,0.0010886381905829,0.0014772070179877798,0.0013650011536023713
8642,0,0.003294621625448,0.0037928487656358556,0.0035240487853021654
8644,0,0.0007164753177183,0.0014383393190668407,0.0009436676223599364
8645,0,0.0005066093057145,0.0007082936599858684,0.0009118995717849146
8646,0,0.0004983385440413,0.0005466340273188793,0.000553036152819499
8647,0,0.0005147025921639,0.0005466085237730448,0.0005693636058013039
8648,0,0.0005188475554582,0.0005943747167435575,0.0006589395243043513
8650,0,0.0099294833611883,0.012481380870605081,0.01849818492858869
8651,0,0.0005093150396057,0.0005740268433985023,0.001615312011749849
8653,0,0.0004756798306197,0.0005653633830759253,0.0007473090402131503
8654,0,0.0024928845037493,0.003932644898265803,0.005164299967164065
8655,0,0.0006805277475121,0.0008956985431103051,0.0011190990338703966
8658,0,0.0005020933436697,0.000545840549978453,0.0010313677775205875
8659,0,0.0004495558043176,0.0004791775128941795,0.0009096873652005544
8660,0,0.0022639886224625,0.003908616389465124,0.0025872881252970007
8661,0,0.0030273995075267,0.003989841207746224,0.004122922592051876
8663,0,0.0005074397951032,0.0005477414456902267,0.0007676096875232229
8665,0,0.0040281625767493,0.005462413798743802,0.0034689989523408182
8666,0,0.0022317160483493,0.0030642338504994916,0.0022579177787221093
8667,0,0.0008131596152322,0.0009364126969040982,0.0010959737779905668
8668,0,0.0007175747750776,0.0007882755856931592,0.0008157596422769543
8669,0,0.0006118482803178,0.000678622968609048,0.0007869586814377629
8670,0,0.0006977304242892,0.0008676146115884377,0.0008375222007044293
8671,0,0.0025414277247977,0.004213952292963976,0.003705584064685516
8672,0,0.0005947877952539,0.0007118357719727515,0.0007614115966846568
8673,0,0.0031534944692748,0.0041059363421222,0.004350149920718318
8675,0,0.0057610383078307,0.006319240435862085,0.008154396499586805
8676,0,0.0006666861559856,0.0013464903470239284,0.0013512883831879384
8677,0,0.0004184594444644,0.0004921896779818676,0.0008216235239277668
8678,0,0.0106452293704253,0.004816787752373922,0.008977984261891683
8679,0,0.0006168944248393,0.0006217902308703999,0.0007777570739615801
8680,0,0.0015968527756202,0.002421354442453262,0.002217590720051869
8681,0,0.000829441248816,0.00125656985496972,0.0011501871666110002
8682,0,0.0029505193169468,0.0035400054115745285,0.004585571810520995
8683,0,0.0035375814252626,0.0033715785731332983,0.004763245197125704
8684,0,0.0011838560105984,0.0013429040366136462,0.0010652373335474667
8685,0,0.000721983259361,0.000737957207076528,0.0015947078150869798
8687,0,0.0008914433661721,0.001209437501301491,0.0011446882838137286
8688,0,0.000812855675707,0.000746760965483559,0.0011558452832702742
8689,0,0.0363135482818285,0.038044517994915615,0.03169832745071644
8690,0,0.0290890846776347,0.02369042509056591,0.02433467280437273
8691,1,0.0534277136666541,0.05760763377442883,0.0430328480811903
8693,0,0.0005054193834426,0.0005685252798493787,0.0006666621784892915
8694,0,0.0002835655272434,0.00037306741562035837,0.0004999371519123625
8695,0,0.0007628290925037,0.0009869703966753724,0.001022990813525004
8696,0,0.0002579708905612,0.0003160894237513613,0.0007254447149671819
8697,0,0.0007403886911848,0.0008199704899014718,0.0009517732425312539
8698,0,0.0004354212003648,0.0004980849670507565,0.0006525136739777857
8699,0,0.0006206413452079,0.0009384338528319417,0.0007948920852425471
8700,0,0.0004430092025942,0.001023940377768844,0.0005419357814641133
8701,0,0.0004427619974964,0.0006390675145591596,0.0006503442103430071
8702,0,0.0002139151495571,0.0002850014179331398,0.0007180333365906471
8703,0,0.000650208340201,0.0009497017939480441,0.0009549933700408256
8704,0,0.0033927263562861,0.003787534110177113,0.004255719042132288
8705,0,0.0014153216253203,0.0008617055106878923,0.0009893265928941372
8706,0,0.0007458210088113,0.0010743146667095446,0.0015402420584376246
8707,0,0.0020682255354617,0.003230793712589346,0.0030345431219570974
8708,0,0.0002472588627116,0.00031510128618312654,0.0007254425725605026
8709,0,0.0021206358479737,0.0031511395252650206,0.0029455554211537793
8710,0,0.0004142987221194,0.00042888566575790394,0.0006175856128501238
8711,0,0.0002384549557044,0.0003144997244201411,0.0007311597551674535
8712,0,0.0004427260574974,0.00047930647910211663,0.0006112345558200993
8713,0,0.0004790136471315,0.0006907824936009748,0.0007010556341854426
8714,0,0.0004766557085785,0.0006897014495692785,0.0014240044326259767
8715,0,0.0002234918802353,0.00031171981480293195,0.0007568467938222849
8717,0,0.0004034796467344,0.0004142229411815727,0.000557169418229417
8720,0,0.0003133573389304,0.00039882579311817466,0.0004563527406836938
8721,0,0.0002931216548626,0.00040967362432448083,0.0005200458454142059
8722,0,0.0003162402167857,0.0004894822042282184,0.001087436610870776
8723,0,0.0020961435906083,0.003009860731341467,0.0021744177168248986
8724,0,0.0004947169798365,0.0005116510535216859,0.0005811522833281029
8725,0,0.0005069176200119,0.0007440026387641647,0.0007520619797342506
8726,0,0.0010178081603478,0.0010315214321379293,0.0005540746801819718
8727,0,0.0005405707839962,0.0007795943602703956,0.0008228744786584097
8730,0,0.0020433990764883,0.003007750949442044,0.0021517563086382576
8731,0,0.0004532423344383,0.000656234714274036,0.0006550358452356568
8732,0,0.0003787586008115,0.0004833310291404626,0.0006014797194325911
8733,0,0.0007232432674964,0.0008221623594798533,0.0014460271067150857
8734,0,0.0003324317829608,0.000380041371062915,0.0007656092195801836
8735,0,0.0008221647861868,0.000924028646085236,0.0015687593335076012
8736,0,0.0022088907028843,0.002800442611188102,0.0029738534788816304
8737,0,0.0005300736463976,0.0007262457781892645,0.000757080614709512
8738,0,0.0004846211552621,0.0005171438385658125,0.000885073365433552
8739,0,0.0006334729675069,0.0007021206096915068,0.0007518717332917117
8742,0,0.0005058990413248,0.0007171906688026876,0.000717410099329243
8744,0,0.0027922317209736,0.0032156344612094584,0.0035807349556686964
8745,0,0.0006874960043871,0.0007220566190364772,0.0013987997555695176
8746,0,0.0009134938265511,0.0011012651925692899,0.0011384735323298485
8747,0,0.0007161603483974,0.0008006561941763399,0.000826347351034859
8748,0,0.000368842485759,0.00036910813426818917,0.0008163247604035559
8749,0,0.0008329237128495,0.0011944045734521825,0.001652017872297898
8751,0,0.000988876914356,0.00163181528316386,0.0010497898862850941
8752,0,0.0003133584916713,0.00035968286924633003,0.0007597161451352995
8753,0,0.0023664550060628,0.0022757654771792344,0.002957927457405218
8754,0,0.0004482858296905,0.0004892086846462096,0.0006595220111713516
8755,0,0.0018611961354071,0.0013867812039829485,0.0019404425809141685
8756,0,0.0004351824968117,0.0004965232562526892,0.0006442771265906186
8758,0,0.0004852935439549,0.0005371286761491087,0.0006849221063566051
8760,0,0.0020953306847568,0.002641360154257058,0.002996699527926249
8761,0,0.0023501697530108,0.0032011924654202066,0.0026948989180462166
8763,0,0.0042257181286394,0.004568285254809871,0.004194909371464199
8764,0,0.0008665736085493,0.0009194566828396209,0.0011130515068866554
8765,0,0.0007343107953127,0.00099702280748693,0.0009751738156783647
8766,0,0.0032113390675961,0.005261420372866371,0.006877393286900247
8767,0,0.0023935708430523,0.0027393017639525787,0.003623135715862716
8768,0,0.0014115747988517,0.0025173894186972688,0.0030924142419470695
8769,0,0.0054423738826316,0.006957205009330031,0.00837963579837125
8770,0,0.000520398113782,0.0013013029964004828,0.001034741878192508
8771,0,0.000800897766998,0.0008758689278321511,0.00124983589770859
8772,0,0.0118822070291708,0.0073696785895379265,0.006832323766881011
8774,0,0.0005168503784391,0.0007218437511334752,0.0007459478732722727
8776,0,0.0009960770266867,0.0005097624033383046,0.0006895437931308816
8778,0,0.0004823331317053,0.00065413513109864,0.0006748215685618965
8779,0,0.0003543246206029,0.0004353142045205363,0.0005791404707004371
8781,0,0.0017778241731172,0.0022759071810588886,0.002639078272554843
8784,0,0.0064250664215116,0.010267807665040951,0.010817145503208232
8785,0,0.0008030287649655,0.0007950366185874955,0.0008123512075814486
8786,0,0.0016248171418634,0.0007568379532532784,0.0016216391856331462
8787,0,0.0019795711305081,0.003030004985231466,0.002264029203909733
8788,0,0.0002190582454062,0.00034418720955686863,0.0010143800248423867
8790,0,0.0002479620122159,0.00030977542810150795,0.0007192816917750959
8791,0,0.0006182687657632,0.0007644287073060102,0.0008563126788166923
8792,0,0.001216180919965,0.0012942112530820824,0.0012547680116666393
8793,0,0.001086540355128,0.0014231255825494704,0.001372740976965648
8795,0,0.000280722200442,0.0004279344681019214,0.0005453578694169291
8796,0,0.0010532572463332,0.0005290797378452654,0.0005950099803999191
8797,0,0.0004503296963907,0.0007192056246977341,0.0007620635254329408
8798,0,0.0004615580471965,0.0004996412743854486,0.0007050119271561109
8799,0,0.0005400456594498,0.0006041771692796767,0.0007484248823424981
8800,0,0.0004334750990874,0.0004443742764760907,0.0006349296028204771
8801,0,0.0003622226475374,0.00047217572459143646,0.0006040635435336268
8802,0,0.0002976493971624,0.0003832615054677748,0.0008173728137535739
8803,0,0.0002820173465343,0.00031313151538805463,0.0007304745189342457
8805,0,0.0049275078714986,0.008408585057735243,0.00537602164766855
8806,0,0.0003144162229458,0.00038405289085508877,0.0005029193993157994
8807,0,0.0002912159053667,0.0003505043305832926,0.0007490223906516795
8808,0,0.0004205665211802,0.0004278956283332186,0.000602803236524531
8809,0,0.001120262158583,0.0010540372284010666,0.0013320963221441211
8810,0,0.0005060565047303,0.0006977516220164399,0.0007182342985002425
8811,0,0.0002706334550547,0.00040680245934686865,0.0005347462216959953
8812,0,0.0005152251697529,0.0007179649473513959,0.0007491607817691412
8813,0,0.0013845698530933,0.002376839373016922,0.0026520731091224637
8814,0,0.0004571801308923,0.0006026474656196891,0.0006931850726087979
8815,0,0.0004382648581508,0.0005278023819826893,0.0006346603194278619
8816,0,0.0007847820621841,0.0012087219949605966,0.0009403152831046243
8817,0,0.0007745499538822,0.0011899132774911031,0.0010254370263951256
8818,0,0.0015816886489044,0.0017793096486602039,0.002050605088771796
8819,0,0.0006830261674896,0.0007444371167714311,0.0013565943931261517
8822,0,0.0004623335577535,0.0004827746622806435,0.0006504362624322273
8823,0,0.00059429192607,0.0007760360160506435,0.0007925154240335114
8825,0,0.0006189851118257,0.0007163712464301995,0.0005605918992134518
8826,0,0.0003577518401176,0.00040662906105347075,0.0005241981485144324
8828,0,0.0008219629470113,0.00088918790975838,0.0010417426683160826
8829,0,0.0005692643412081,0.0007468919977336024,0.0007729063909156283
8831,0,0.0008867516194165,0.0009081624023020165,0.0009432018026308139
8832,0,0.0083532102792842,0.0076047050997716074,0.007248797303907128
8834,0,0.0006038948439535,0.000627725978292005,0.0006673020496410601
8835,0,0.0004911044080073,0.0005733506618760275,0.0006596777563185
8837,0,0.0032779279365404,0.0031854468786674554,0.002522977120045352
8838,0,0.0005667441945615,0.0011359311173055999,0.0005994256256563994
8839,0,0.0023361626058453,0.002582496447616363,0.003095261455265997
8840,0,0.0027086723325495,0.0035296704929465416,0.004008569414742057
8841,0,0.0005268559823491,0.0005907209821108555,0.001322035768380923
8844,0,0.0005560695613923,0.0006739096380601753,0.0013072000146101242
8845,0,0.0012121035669502,0.0007545044131705111,0.0024205266902572083
8846,0,0.14943369649579,0.1370765801795661,0.1060504573257254
8847,1,0.8854520921269382,0.8958103260741914,0.9213899180106103
8848,0,0.0007894335753723,0.0007207058461125456,0.0010778089275434134
8849,0,0.0009759063224398,0.0009381250033629644,0.0012841598644914689
8852,0,0.0004639225512625,0.0006405120140147434,0.0006435969574918816
8853,0,0.0003107670884453,0.00037686112831110895,0.0005024680788852633
8855,0,0.0004797683300016,0.0006288948143441276,0.0008540932017123497
8856,0,0.0026687775205229,0.003946709609067046,0.0055354054169620606
8857,0,0.024387521004012,0.028279658926710725,0.025014541698862684
8859,0,0.0010405865441423,0.0005684340333457899,0.0006437168650144125
8860,0,0.0002869770663523,0.00038867102408431033,0.000794428461691516
8861,0,0.0004570130997259,0.0004890382066736431,0.000528856414943585
8864,0,0.0003253114869354,0.0005340203176709017,0.001201913243338439
8867,0,0.0008256184541461,0.0008345137973884305,0.0008435421318534821
8868,0,0.0004361498236464,0.00045285873076062063,0.0004851608970601709
8869,0,0.000509548184296,0.0006902989702318765,0.0007229423144712434
8870,0,0.00048447928267,0.000523979162860959,0.0005657193182734241
8872,0,0.0004075261166077,0.0004089896219911638,0.0006057255189561725
8873,0,0.0002947771284503,0.00039021501909804326,0.0005075322320690082
8874,0,0.000219209718749,0.00027991387702936744,0.0006951591670923897
8875,0,0.0003440217275282,0.0004949153896128928,0.0008931222702458425
8876,0,0.0021428536951965,0.002584968764427226,0.0029552257511975127
8877,0,0.0012335613338262,0.0010328250449064646,0.0009667806758260815
8878,0,0.0007115757301835,0.0007683042192816661,0.0007370311334038853
8880,0,0.0004743658579354,0.0005089292719174233,0.000514841486742857
8881,0,0.000440504417169,0.0004488705948896929,0.0006297153532283043
8882,0,0.0003716795490266,0.0005075702817167618,0.0005868910231700029
8883,0,0.0016102066848547,0.0020259638436014777,0.0016595362316833024
8884,0,0.0005275315752776,0.0007490507542928639,0.0007611399681696149
8885,0,0.0003752673593899,0.0005162774458167159,0.0006176079175451822
8886,0,0.0005778634465729,0.0007284336678571216,0.0009019444262871193
8887,0,0.000617240543483,0.0006816062695458656,0.0006604128238460983
8888,0,0.0005275576940345,0.0005809711160722506,0.0007284771195141
8889,0,0.0005207686102451,0.0005569897403319818,0.0005711930833534361
8890,0,0.0009584376850113,0.0012139495472758277,0.0022529759638434655
8891,0,0.0005515346109514,0.0007012533224860186,0.0007080368514179109
8892,0,0.0005953054120724,0.000721305710402281,0.0008644212992401474
8893,0,0.0003692554858612,0.0004515112919694211,0.000560246939068661
8894,0,0.0023714391131328,0.003362666828162767,0.002355253220288193
8895,0,0.0006081412129196,0.000872570599034807,0.0008537833333416629
8896,0,0.0004223038886379,0.0005421542812029913,0.0006254677434067913
8897,0,0.0006758709874354,0.0007305698118793621,0.0007656342258850625
8898,0,0.0005197946805277,0.0005926435279280243,0.0006973903297839794
8899,0,0.0005469721777126,0.000572500665982983,0.0006379046797844697
8900,0,0.0048409990222034,0.006272091308782081,0.0060694951940186165
8901,0,0.0014914407804868,0.0010643963678272903,0.0028411075761938585
8902,0,0.0005051114857746,0.0006162191983390877,0.0010109549038888647
8903,0,0.000733253012467,0.000878808231622646,0.0008578444108298345
8905,0,0.0003405974531343,0.00036968942028512753,0.0007810642572405537
8907,0,0.0006270816482511,0.0007633748903920205,0.0008950660765769331
8909,0,0.0005495231525905,0.0005687147723326713,0.0012293109391480405
8910,0,0.0005263501595123,0.0005141077494813634,0.0007359774521632081
8911,0,0.0005854101537726,0.0007759769134365772,0.0008241402026523961
8912,0,0.0016774404171047,0.0036912832880741705,0.004929467527470144
8914,0,0.0006921138593229,0.0009984667872078867,0.0009262695362293946
8916,0,0.0024076072267635,0.003650910370707373,0.002306262358312562
8917,0,0.0096988626802611,0.011364385996394959,0.01265493228516137
8918,0,0.0006273797975709,0.0008238785428781848,0.000996680288863088
8919,0,0.0027491588774844,0.0030842609327825492,0.002889183439842566
8920,0,0.0070654086168751,0.006712788973542216,0.008668143445885856
8923,0,0.0012314315308938,0.001209533899471292,0.001596577084418357
8925,0,0.0005691392505884,0.0007161999383224911,0.0008225833704607334
8926,0,0.0157697402826917,0.010354828788637645,0.012698176306015125
8927,1,0.9268646487434056,0.8813855427862223,0.8968144622973327
8929,0,0.021805941261958,0.015021615851688278,0.016040789208384653
8931,0,0.0003202292889399,0.00040256751429391463,0.0005355272766302034
8932,0,0.0005414035339091,0.0007758164924388639,0.00100636444562743
8933,0,0.0004195915755768,0.0004426570524220841,0.0006167988992564001
8934,0,0.0004377118035078,0.0005027730453968129,0.0005719977523437413
8935,0,0.0004093884406371,0.00044983194961971737,0.0006368986314790497
8936,0,0.0003212313741917,0.0013212866462913035,0.0014201331385173478
8937,0,0.0002691285238791,0.00037348034102353833,0.001374401513033536
8938,0,0.0018459786547819,0.0028844473253070695,0.0026695507687172822
8939,0,0.0004091390775349,0.0004211840520276369,0.000605994680109617
8940,0,0.0003365274432319,0.00041127532680220006,0.0008897187089092409
8941,0,0.0005646361360658,0.0008194674404319424,0.000865634295132375
8942,0,0.0004718709930783,0.0005250552861405361,0.0006061612282992452
8943,0,0.0010949777124682,0.0019521118643319717,0.002553397674659044
8944,0,0.000239774732047,0.00031405822099152194,0.0007090942315294697
8945,0,0.0004345739253289,0.0004997896846582745,0.0006577497698260231
8946,0,0.0004614854906304,0.0006434110589354783,0.0006474202731358454
8947,0,0.000357218843996,0.0005573018653621704,0.0014680167082269688
8948,0,0.0010177603895604,0.000516269323723098,0.0005498024091702313
8949,0,0.0004299786402631,0.0004970740698900117,0.0005025228323298193
8950,0,0.0022394768275556,0.0033611877314482343,0.002921502998985493
8951,0,0.0012448876761362,0.001258413730899506,0.0012143604849109777
8952,0,0.0007486031664182,0.0007947387867667099,0.0007658529162393848
8953,0,0.0004558305919627,0.00064522196010821,0.0006636356846010331
8954,0,0.0002310787417422,0.0003122211685951357,0.0007203708612980773
8955,0,0.0002990604874044,0.00038626980770814094,0.0007628669918180157
8956,0,0.0026859430143093,0.0025677932603103346,0.0028625686600736184
8957,0,0.0022489806032373,0.003148737505951121,0.003950025667899535
8958,0,0.0028550417493442,0.003594224309415446,0.003990777145739529
8959,0,0.0008117075211432,0.0008185580979414318,0.0007876992983384975
8960,0,0.0007143820866311,0.0008474150103392685,0.0009701917358750958
8965,0,0.0010500944937169,0.0007180506802272901,0.0007068923914750261
8966,0,0.0004991941928971,0.0006976652225889907,0.0007130074243719361
8967,0,0.0005684615372923,0.0007783211314373581,0.0008294213546399498
8970,0,0.0011063629213752,0.0015642095140870442,0.0020349744637890212
8971,0,0.0003962327463993,0.0006074188905564687,0.0007271985025973702
8972,0,0.0006741444436874,0.0013295577623953945,0.0009980771179375772
8973,0,0.0007711314710488,0.0008685666557807213,0.000883143869181891
8974,0,0.0015098679271617,0.0011289366926253825,0.0015476691471171217
8975,0,0.0004947780422636,0.0004929211808576338,0.0006193428363109491
8976,0,0.0005910111971008,0.0006304324737127436,0.0007103752055967401
8977,0,0.0005631485596909,0.0007348524400859443,0.0007037001267484278
8978,0,0.0007401553181075,0.000937309199178426,0.001190670722623216
8979,0,0.0011499642535002,0.0011903961838206111,0.001688855205785163
8980,0,0.0021644890181663,0.0031103376690428466,0.0027299320124672035
8981,0,0.0004163991932083,0.0004430933970737226,0.0008126707532456972
8982,0,0.0005891423431307,0.0007987874570225959,0.0007967100589677536
8984,0,0.0031713352572475,0.0028730459484293883,0.0031201824580919173
8987,0,0.0006629245666345,0.0009962584044980573,0.0008458682146748382
8988,0,0.0003746041316726,0.0005375964458228565,0.0006216030463845511
8989,0,0.0005315902465913,0.0006698191074910985,0.0006673705801763501
8990,0,0.0007235825389182,0.0008268670024380114,0.000939801162795687
8991,0,0.0005440859338192,0.0006697424194714111,0.0008189081346593151
8992,0,0.0017170052096283,0.001732847347410102,0.0010948146313135487
8993,0,0.0005369283574699,0.0007592249159811898,0.0009394526881032572
8994,0,0.0005041639304927,0.000697848608020687,0.0007057591834573578
8995,0,0.0010313570592879,0.0009719860225831257,0.0010001684926666332
8996,0,0.0005860341193721,0.0008168044162570823,0.0008433479626354001
8997,0,0.0004673003580806,0.000538096559618538,0.0009482640573373179
8998,0,0.0005349953753379,0.0007214995112294596,0.0007445532575098592
8999,0,0.0007209813808491,0.001359728224243368,0.0007917868152119581
9000,0,0.0010005038201813,0.0010851508025743971,0.0010910148904753887
9001,0,0.0008138300252779,0.001132340513409075,0.0014847071365730112
9002,0,0.0007515967643049,0.0009214674116800448,0.0012804152526626378
9003,0,0.0019463086713844,0.0025595504245010865,0.0029518095157480763
9004,0,0.0032065025677308,0.004215229893873838,0.005349211427839978
9007,0,0.0023617173500373,0.003291460562039674,0.007814742179678428
9008,0,0.001977247170163,0.003675090410144996,0.004436814349329437
9010,0,0.0006437816737763,0.0007898523408811147,0.001329547732104573
9011,0,0.0015436133007929,0.0012361480783549751,0.0020640120342015184
9012,0,0.0010837015805868,0.0017607825972174034,0.0012956213890416353
9013,0,0.002230219044275,0.002422047429919252,0.0015033213484970686
9014,0,0.0036998599071444,0.0034384244699489893,0.0036595692081850834
9015,1,0.9464384324761452,0.9499182158266495,0.9506989545362492
9016,1,0.0131654308363815,0.013002172414709186,0.011892091648122376
9018,0,0.1072385098192804,0.08549055861489452,0.0750606958754162
9020,0,0.0003405623780598,0.0005330030884881034,0.0010370265800874316
9021,0,0.000343956177558,0.0005223988171411642,0.0010867940791569265
9022,0,0.0002594096227101,0.0004023045412585673,0.0005112766794854066
9023,0,0.0005157300188445,0.0006262333242299965,0.0007619662482290868
9024,0,0.0004203661545391,0.0004637297293825516,0.0006275054152756669
9025,0,0.0020942155873643,0.0030168463191095067,0.0038191627090026154
9026,0,0.0008323263390434,0.0008047758683763087,0.0012080009427257242
9027,0,0.0016563580438915,0.0012802594185793497,0.001439375553509556
9028,0,0.000791517091694,0.0007383298118254552,0.0010995662773837956
9029,0,0.0010652159823512,0.0014693344517637094,0.001483470370502545
9030,0,0.0003580195985755,0.000511008604178181,0.0006526698779486844
9031,0,0.0009982662772686,0.0009998267863494338,0.0013510632160921546
9032,0,0.0006227252336074,0.0006880554983735019,0.0007471892453665033
9033,0,0.0003458030758894,0.0005990522833468309,0.001427297932548243
9034,0,0.0006914953405361,0.000980472498623175,0.00195404958542308
9035,0,0.0006016915556529,0.0007001842139867786,0.0006898580814650439
9037,0,0.0002550887841744,0.0003308997710196239,0.000760358204355219
9038,0,0.000744337692751,0.0008410188208717391,0.0008574908102166416
9039,0,0.0053029840783288,0.004282130839952147,0.005268760553814982
9040,0,0.0019420805600214,0.0029589880833406613,0.0022031156992390515
9041,0,0.0003049574452064,0.0005236153244289785,0.0005822465737568677
9042,0,0.0063004511330722,0.008567267040740404,0.011125671354235683
9043,0,0.0002564630633662,0.00041021334275956746,0.0005387163606238661
9044,0,0.0020607140829793,0.002638208767914476,0.0035018263869116056
9045,0,0.0017544725755516,0.0015181932339333787,0.0016535520732620299
9046,0,0.0004159154522536,0.00045047229534853105,0.0006341334819154795
9047,0,0.0015405141813518,0.002089701396233931,0.0009873729098757605
9048,0,0.0010807426481417,0.0005828264683693438,0.0006260131031993316
9049,0,0.0020706812100617,0.003596805316947261,0.0022701537281295836
9050,0,0.0002993046085942,0.00036233702649683853,0.0008064968160664285
9051,0,0.0002837957836914,0.0003781029230141321,0.0010342551080048006
9052,0,0.0015738226694394,0.0012867645818649184,0.0007589498202176811
9054,0,0.0004281689800386,0.0004404218616446614,0.0006195531662992742
9055,0,0.0005384327992679,0.0008336433662642067,0.000862259113284752
9056,0,0.0006992687866096,0.0007620540113380959,0.0008063324943732859
9057,0,0.0007215164816566,0.0010298457921641252,0.0008988309097247452
9058,0,0.0002501779693791,0.0003067165165638484,0.0007069993559077453
9059,0,0.0021634292555805,0.00321715524770029,0.002522902540632265
9060,0,0.0009117412265315,0.0017135098285120153,0.0022930231529100942
9064,0,0.000908757555399,0.0008339378050926403,0.001217964031202205
9065,0,0.0010227441100235,0.0012491095200498677,0.001248699322599725
9066,0,0.0008486252149424,0.0007414544495776493,0.0019386439001703917
9067,0,0.0007532966182128,0.00092843947362514,0.0010682870025675855
9068,0,0.0024209559172803,0.0028707925425902636,0.003080604440538375
9071,0,0.001451970441443,0.0014414386432105065,0.001448219634570319
9072,0,0.0022562659847731,0.0016660527537238172,0.002612412568821813
9073,0,0.0003384059031988,0.0006329569637845186,0.0007511217169689124
9074,0,0.0022332321407189,0.0012381710352058514,0.0007791926779731738
9075,0,0.0003797515868176,0.00042009399351913184,0.0005724245094252274
9077,0,0.0006647133082687,0.0008550882513850281,0.0009897337783197826
9078,0,0.0035278861996094,0.0031634601351785375,0.00542752863025596
9079,0,0.0004545474472696,0.00047214306843415186,0.0008993758030223499
9080,0,0.000532879104048,0.000680427764396072,0.0005717110187346822
9081,0,0.0053430778000562,0.003724954073301776,0.008704039237685195
9082,0,0.0004601369540652,0.0005370258226413904,0.001021838692836033
9083,0,0.0029077272336714,0.0050864437134096555,0.004430805030526041
9084,0,0.0007158681859051,0.0008359679518293813,0.0008087752733343001
9085,1,0.9958000351195324,0.9958057064120995,0.9947496077148693
9086,0,0.0047584889984085,0.0048800155742770805,0.003781721177772846
9087,0,0.0009824749153309,0.0013008618918336238,0.0012821899109702007
9088,0,0.003738650342577,0.004374424841241727,0.005020941348776429
9089,0,0.0017609778709433,0.002498697022907451,0.002596358196471395
9090,0,0.0008865755462356,0.0011104102527774759,0.00169627866079416
9092,0,0.000553638816415,0.000681978271871254,0.000755198619369074
9093,0,0.000542398121109,0.0006162354790062684,0.0009010391821984145
9095,0,0.090473412719853,0.0595178634989747,0.05328111353758593
9096,0,0.0096473165203027,0.007609233898460613,0.006807133961413796
9098,0,0.0212378537062339,0.021843575306908135,0.021324753765089015
9100,0,0.0005175782507997,0.0006947716499028191,0.000713957988157046
9101,0,0.0010567141839309,0.0011109158310810858,0.0014494708380655484
9102,0,0.0004572266247769,0.000553182594451975,0.0005259459212739148
9103,0,0.0005360787655296,0.0007459639470701477,0.000813084462268765
9104,0,0.0004868817604903,0.0006651513495051426,0.0007169671592737826
9105,0,0.0002804850097515,0.0004084009558221282,0.001446268162931748
9106,0,0.0004122706070985,0.0004334332141321777,0.0006101658540284976
9107,0,0.0006268872619371,0.0009401072798750373,0.0009733936865728044
9108,0,0.0007319121917163,0.0007416832896610933,0.0008008809581462937
9110,0,0.0004249298407267,0.0004390381614309039,0.0006256358513246849
9111,0,0.0009870179846541,0.0013646351279051289,0.0012803895025697213
9112,0,0.0018931032597426,0.002394280085900196,0.0027409795685605872
9113,0,0.0004555697888931,0.0004946060782189704,0.00054755509603493
9114,0,0.0007978973269798,0.0008306312632636783,0.0008718139663641388
9115,0,0.0004623632403094,0.0004987897406588997,0.0005498446846343162
9116,0,0.0005440069468098,0.0007784539855567407,0.0009180090358932652
9117,0,0.0004490225009973,0.0006448139032211877,0.000644104492955517
9118,0,0.0003427836178134,0.00044294502441196825,0.0005659184114262948
9119,0,0.0004336567491088,0.0004648889704011397,0.0004981883379224061
9120,0,0.00022912444178,0.0003488418350500907,0.0010463222289832767
9123,0,0.0002254241059361,0.00028628998490080974,0.0006860425645882156
9124,0,0.0002753308120785,0.00032804351277997373,0.0007459955788040564
9125,0,0.0004338918157357,0.0005104005841493042,0.0009972114996056427
9126,0,0.0005218830868094,0.0007102752422631515,0.0007484298707780453
9127,0,0.0004979838815923,0.0007007148182649103,0.0007406165934066949
9128,0,0.0003601545174048,0.000774628061651225,0.0008106184823000126
9129,0,0.0004824920656007,0.0006876342975446361,0.000688063267929286
9130,0,0.0013963638951111,0.0014399234960771096,0.0008613136780076496
9131,0,0.0003041229021966,0.00043697294809742245,0.0005392066548498222
9132,0,0.0003142281269767,0.00035187101318648366,0.000719757430810264
9134,0,0.0005743639413528,0.0006427891321722806,0.000773420608751385
9135,0,0.0003989769949258,0.0005242021530342297,0.0006396180037155277
9136,0,0.0010054201287656,0.0014448625172645319,0.0012749984578425755
9137,0,0.0004977925024832,0.0006246003421247951,0.0007200234723712729
9138,0,0.0004199170695756,0.0005905056801072956,0.000700412326529747
9140,0,0.0006339445912062,0.0006939226932671807,0.0007307205853185246
9141,0,0.0038003617232927,0.0027463811816794913,0.0031739689172403545
9143,0,0.0004643314864843,0.000507545305191594,0.0006503892744983031
9144,0,0.0003688027982591,0.0004677734176373972,0.000578140301713517
9145,0,0.0002985587046094,0.0003510292820175782,0.0007809399842867667
9146,0,0.0004804436415792,0.0005168214584088369,0.0006995315391137198
9147,0,0.0004660223310386,0.00047482711740908174,0.0006778032150922967
9148,0,0.0009432186377556,0.0016372951055018943,0.0018734171173973037
9149,0,0.0009128364402768,0.0008528536807813353,0.0013719345921234239
9150,0,0.0012283096463037,0.0012470567045099598,0.0012701985584847517
9151,0,0.0021919217856444,0.0031558621064979933,0.002470548760785186
9152,0,0.0003459219135186,0.0003593328464299132,0.0008179759101213224
9153,0,0.0022428728245646,0.0032425296449249946,0.003123438198078728
9154,0,0.0005341539674955,0.0005676314003260109,0.0007883472353142406
9155,0,0.000480164555719,0.0005154448727133947,0.0007022775720671466
9157,0,0.0017668945313765,0.002681964633446666,0.0026344766647020115
9158,0,0.0005207148704079,0.0006192082419513507,0.000733945244802594
9159,0,0.0004088211921642,0.0005673154945836536,0.0006663354390886296
9160,0,0.0006071223957691,0.0008434025763162602,0.000814860365221192
9161,0,0.0026868956734034,0.001614801246348112,0.0026793201046601337
9162,0,0.0041033449657059,0.0029199507045517452,0.0032084680726321467
9163,0,0.0004713208062866,0.0005398270592755636,0.0006423107877345085
9164,0,0.0013965441015396,0.0017442531139879383,0.0018109706558045657
9166,0,0.0256432478844235,0.03301444194758076,0.032928003579218525
9169,0,0.0019152390109035,0.0028268682433849825,0.002263693407414885
9170,0,0.0014079115010012,0.002725756894424931,0.0033676872350884837
9171,0,0.0007369757176702,0.0009393522224128092,0.001478227333341318
9172,0,0.0008319652417324,0.0009199515073272091,0.002734900785312294
9173,0,0.0115468179805764,0.009604339469144681,0.012380762413235886
9174,0,0.000489780192908,0.0005674860749033718,0.0009574280501789508
9175,1,0.0025373250818133,0.0019523371211961319,0.0023333350052557452
9176,1,0.94020190331494,0.9189376547298604,0.9133656233689327
9177,0,0.0003127212160171,0.00038072452622062457,0.0005041951695524059
9178,0,0.0002589739586535,0.0003231750256664579,0.0007306607243487588
9179,0,0.0020580140877907,0.00312379118323006,0.0028790400257141173
9180,0,0.0003349664139653,0.000398154813283936,0.0008738847457671687
9181,0,0.0004694482257238,0.0005072143781620987,0.0005503280345232715
9182,0,0.0004591741627928,0.0004907265067564434,0.0005351285927689794
9183,0,0.000606345571317,0.0006593490208455162,0.0006818938621477123
9184,0,0.0004712589396078,0.0005278509859300859,0.0006217569608043998
9185,0,0.0002243363669519,0.0003103419931513051,0.0007343075342485986
9186,0,0.0005677416734293,0.0007525427847217142,0.0009519594277033814
9187,0,0.0010519384936514,0.0009340915850299986,0.0014641668146593667
9188,0,0.001855869014574,0.002277405278860519,0.002016022297604346
9189,0,0.0003155498823852,0.00039238832403872757,0.0005142543472444677
9191,0,0.0004907036966764,0.0006545721270090574,0.0014224418374739118
9192,0,0.0004665976803829,0.000680684055204247,0.0015275505992051735
9193,0,0.0004714435528357,0.0006544724482483845,0.0006757767380841713
9194,0,0.0004554745701744,0.0006342435906418576,0.0006503698197490514
9195,0,0.0007045666457384,0.0010070118041506165,0.001408247852063218
9196,0,0.0004279661916695,0.00047246702946123723,0.0006600455726004706
9197,0,0.0002131372348599,0.0003019828574027657,0.0007140555517564695
9198,0,0.0004996512230152,0.0006744005677825195,0.0006926813555839222
9199,0,0.0004265205300419,0.0010177345802517533,0.0006449364650440812
9201,0,0.0002092599039602,0.00030383128766004,0.0007095837357827898
9202,0,0.0010098485354966,0.0013913098630513945,0.0013111288451860784
9203,0,0.0005178710220786,0.0005767430929811264,0.0006669131923258324
9204,0,0.0004360030771115,0.00045681447919076004,0.0006405303105312312
9205,0,0.0002946953945748,0.0004475914195953834,0.0005520207375021621
9206,0,0.0002651316491355,0.0004120784203095638,0.000538124094100961
9209,0,0.0005025112639232,0.0005902559211922852,0.001146984371500989
9210,0,0.0019029396022766,0.001317253123286703,0.0022478412253934092
9211,0,0.0259315395445179,0.02933312716400592,0.03311071077584789
9213,0,0.0007843526083636,0.0011755599741881068,0.0015409475251602174
9214,0,0.0003091795105584,0.00044709798719531343,0.0005751972665505208
9215,0,0.0003276551817509,0.00047195462700908594,0.0005854570417348641
9216,0,0.0003477350996697,0.0004030332100992466,0.000796818496422599
9217,0,0.0004526295190804,0.0006615148107823166,0.0006508366707907783
9218,0,0.0005532745363506,0.0006143931000185227,0.001077835860770049
9219,0,0.002125499367453,0.0026963575886560644,0.0033072477573646707
9220,0,0.0029038639163865,0.003778760187401443,0.0041651968761794245
9221,0,0.0034619151542396,0.002856981055028609,0.004156309370275349
9222,0,0.0008253386067102,0.0008765439317486169,0.0008593591253743749
9223,0,0.0004849943258255,0.0006028714813007852,0.0006610121398521975
9224,0,0.0008033615073932,0.0009854722030033455,0.0016895003176762636
9225,0,0.00058367721136,0.0007541926263360488,0.0007527991933155402
9226,0,0.0009498814426462,0.0010743874867272865,0.000996099225584997
9227,0,0.0007139428899624,0.0009391782752815635,0.0009341432954045951
9229,0,0.0005642404395776,0.0006156915613823337,0.0006332842070386125
9230,0,0.0009521813057888,0.0012129736880061122,0.0014174322010751792
9231,0,0.003709844433918,0.005375092702567742,0.00678861685387999
9232,0,0.0006224567424777,0.0007947682860625804,0.0008348415236184129
9235,0,0.0010288260036761,0.0010655258046156745,0.0012030626048040696
9236,0,0.0004262609126294,0.0005568367669577204,0.0006124343386981065
9237,0,0.0006445987736606,0.0014926979932914437,0.0009345857632642164
9238,0,0.0008201450546613,0.0010021042893233237,0.0009886373079259613
9239,0,0.000447862504785,0.0005024559295973444,0.0006108479751319112
9240,0,0.0013193839202678,0.0014282537350918233,0.0015226376131114473
9241,0,0.0029169535992877,0.004373281964111431,0.003957405283110143
9242,0,0.0025056364376977,0.0025129436876999774,0.0025014541435288483
9245,0,0.0034711553540606,0.005471469332248223,0.0062514935267224975
9246,0,0.0107611976480211,0.009726342477074476,0.008564460746953722
9247,0,0.0052784855648535,0.0036162352854280056,0.004034186593375325
9248,0,0.0007892164264898,0.00098612256671247,0.0009750352155076755
9249,0,0.0004017508447762,0.0004738665866168795,0.0008517901532621878
9250,0,0.0006098635115001,0.0005776374544966743,0.0010400216210030887
9251,0,0.0007135287404607,0.0009747758470698862,0.001611649403949382
9252,0,0.0026360650368842,0.0048032507642133595,0.003222877085865499
9253,0,0.0005580679617719,0.0006948126682553197,0.0016150623587113748
9254,0,0.0011297027725008,0.0012103343876530442,0.0013464548434488609
9255,0,0.0019888448174454,0.0016185144462807677,0.0034278014995033058
9256,0,0.0007537802595312,0.0008993782359490552,0.0013991146822987975
9258,0,0.0664393794892718,0.050065187857217294,0.04205194428522494
9259,0,0.0010444295990634,0.0013413211440840226,0.0013706129259425475
9260,0,0.0006474441213606,0.0009065487880732374,0.0008153342917799165
9261,0,0.0034770623182297,0.003947237677536476,0.002662401824002073
9262,0,0.0004281571321553,0.0004816703440402965,0.00066777171558585
9263,0,0.0012749657640882,0.0015218608032933553,0.0015719790932287553
9264,0,0.0002065271020487,0.000269905329315548,0.0006771941102233019
9265,0,0.0004689576352257,0.00047317863832959105,0.0005329532818342927
9266,0,0.00044245132865,0.0004932059503468969,0.001124130521778953
9269,0,0.0004671842468845,0.00048593071219295834,0.0005282756319043141
9270,0,0.0050345877549594,0.00462130547006658,0.006650599567552571
9271,0,0.0022617924763158,0.0035268008184434836,0.00412970778032234
9272,0,0.0006470588970388,0.0007016686747150244,0.0008532808844685629
9273,0,0.0027768783545329,0.003537848767667031,0.0039819924157315665
9275,0,0.0012780389723185,0.0013131316418470373,0.0014028129013634201
9277,0,0.0003306629513567,0.0004942169518050695,0.0005957400741583383
9278,0,0.0011148122788854,0.0006058373405126925,0.0013065982109086247
9279,0,0.0004123328480328,0.0004460369302752518,0.0004737217223473737
9280,0,0.0004958362493663,0.00048666598098747116,0.0006685493197166212
9281,0,0.0002963779409303,0.0003978803027119809,0.000494488052779561
9282,0,0.0019832633764264,0.002960176528302797,0.0021958281938924255
9283,0,0.0007105231731615,0.0008308317112298551,0.000937949964936127
9284,0,0.000454819577593,0.0004594731202742121,0.0006201307670444039
9285,0,0.0002769630613903,0.00043903323787869636,0.0005482794827650528
9286,0,0.0013110681509751,0.0012960902004397136,0.0012783968907961719
9287,0,0.0004616614149197,0.00045544879839348805,0.0011908131430667158
9288,0,0.000537782852657,0.0005401872504090679,0.0007176650426392767
9289,0,0.0008001234675683,0.001091637296304032,0.0009234670050002756
9290,0,0.0030642998691213,0.0037700263428903083,0.0040570440327804555
9292,0,0.0032095390259069,0.0039900983482624814,0.0056590965556366024
9293,0,0.0002653809205683,0.00032333672389933763,0.0007325355399959081
9294,0,0.0009553275714736,0.0009335679646927744,0.0009416085651591789
9296,0,0.0011867145265241,0.0022083933732372635,0.0019380235200718234
9297,0,0.0004860742058169,0.0004812491569716009,0.000652158305411896
9298,0,0.0005017873665978,0.0005407172566850966,0.0005535773133366071
9299,0,0.0026147782431932,0.0020164938363833075,0.0031726859892877535
9300,0,0.001997488994463,0.001982482286806408,0.003111769615138845
9301,0,0.0023607749185917,0.002159848419767811,0.003357047626746703
9302,0,0.0005573315707679,0.0006212892566596504,0.0007464818711133002
9303,0,0.0004634608394301,0.0006089570138662905,0.001397275755376593
9304,0,0.0003794434827552,0.0004039156789122376,0.0008837220244840222
9305,0,0.0005195397948846,0.0006836915245643423,0.0007115285961127687
9307,0,0.0006768410814795,0.0009297679211395201,0.0014514486867690504
9308,0,0.0011581983456607,0.001482996233955575,0.001380213812472008
9309,0,0.0014514968999012,0.002782679300197487,0.0048261322567343815
9311,0,0.0004177419591652,0.0004553125675312136,0.0009464730850963352
9312,0,0.0005640791293364,0.0007255008259403386,0.0007440006415610246
9314,0,0.0012434725367499,0.0013619928720512095,0.0016603001604056813
9315,0,0.0005158064296809,0.0005453667154745943,0.0007495137960868361
9317,0,0.0011259694753427,0.0013891262738539045,0.0011846494866696584
9318,0,0.0008827674997106,0.0010589546674240247,0.001123450569215601
9319,0,0.0038083663523205,0.004879045798274594,0.004740421698486266
9320,0,0.0011133813868908,0.0017202342517094952,0.002769682330989343
9321,0,0.0016377703538222,0.0011688983244584835,0.0011459210588592647
9323,0,0.0009545132686178,0.0009563306100359588,0.0010112657937521349
9324,0,0.0006722927092386,0.0007053817618300379,0.0011715938571308813
9325,0,0.0008049993493027,0.0010457513894728066,0.0011129235079116529
9327,0,0.0008146505835986,0.001020032679157966,0.001000169414659828
9328,0,0.0007601378795202,0.0008594969700758443,0.0014552722132295365
9331,0,0.000638792042908,0.0007799847153345906,0.0009078023031512839
9332,0,0.0009573803952154,0.0013569148384352668,0.0013019143572314282
9333,0,0.0037512164693714,0.003481403136202422,0.0034165152371160093
9335,0,0.0126264415104135,0.008534748829329817,0.007314803188754652
9336,0,0.0229715903530099,0.01728625047635868,0.01767137528975307
9341,0,0.0004609054633564,0.0004990482254963819,0.0005295368991866415
9342,0,0.0022146852710972,0.0025557367923828163,0.0034522517631057786
9343,0,0.0004485380300169,0.0006305855766312876,0.0006265462076375909
9346,0,0.0006875654568335,0.0009634709933322046,0.0008282198205752972
9347,0,0.000455408563496,0.0006253096791877889,0.0011997982342798143
9348,0,0.0006615181021843,0.0014762568935369458,0.0007801986892098198
9350,0,0.0009710814205793,0.00041808764538549313,0.0006024172227818235
9352,0,0.0002697839088184,0.0004461264067911121,0.0010993574213648191
9354,0,0.0019838576300551,0.003008780747089707,0.0021943236280621385
9356,0,0.0006081371861854,0.0008649434172769243,0.0015133800194101436
9357,0,0.0023985575899994,0.002360155312328297,0.0027849465414021175
9358,0,0.0003001962537324,0.00044388217633698195,0.0011087901635633338
9359,0,0.0010381200592384,0.0009979687873690871,0.0013849606451521571
9360,0,0.0003129210288203,0.00044107237077598173,0.0005534297499420109
9361,0,0.0002992535680049,0.0003814434143199459,0.0004899369299751664
9363,0,0.0004419622749887,0.00047921863131031203,0.0005261756022959734
9364,0,0.0004727712933066,0.0005048161926523581,0.0005544765500862725
9366,0,0.00284732017769,0.004680580382610172,0.004056087011917614
9367,0,0.0005698192418127,0.0006068675362480129,0.0007461438784230226
9368,0,0.0005075203009472,0.0007096679133503682,0.0007155446909021274
9369,0,0.0005106403084217,0.0005492204059616462,0.0006072294607621946
9370,0,0.0004320022764874,0.0004620681003139703,0.000661197168965835
9371,0,0.0007040700408913,0.0008822501753675882,0.000984568743981917
9372,0,0.0019862781912519,0.0024861705811169157,0.0028037829853488428
9374,0,0.0005013818209436,0.000711289699276415,0.0007281206212706073
9375,0,0.0003015337860701,0.0003408091315132865,0.0007194160584472343
9376,0,0.0021931141202731,0.003171037912284729,0.0029305342479779713
9377,0,0.0003433687290589,0.00041861695636018865,0.0012796239805534428
9378,0,0.0004983699510406,0.0006001167027624443,0.0005518993596396195
9379,0,0.0003933652217995,0.0004949903232837447,0.0008695820217764106
9380,0,0.0019269094430741,0.0014887271518905822,0.00211104258121539
9381,0,0.0013065078817053,0.0013857321032762398,0.0012893913286299767
9382,0,0.0004991714125948,0.0006950487501695019,0.0006996567764289454
9383,0,0.0004595686892898,0.00048464011324353575,0.0006324772570315326
9385,0,0.0029597118404554,0.0032575973316014495,0.0036957608115137453
9386,0,0.0007501255312135,0.0006990090130626017,0.0007880419032420998
9387,0,0.0009972607503854,0.0010578649411047375,0.0013165319726613518
9388,0,0.0013245428400813,0.0016878332358285018,0.0015920958149246672
9390,0,0.0022838044421232,0.003473525772518947,0.0024789413308757557
9391,0,0.0003898244770865,0.0004943150228162854,0.0005682469110154529
9392,0,0.0007948771833586,0.000888157170330853,0.0008706537798657266
9393,0,0.0013553911724353,0.0014907214077707982,0.0014522333909656703
9394,0,0.0005139673917422,0.0006910715952748391,0.0006815153494028318
9395,0,0.0020595939749915,0.002633808547126435,0.003558702581443799
9398,0,0.0018417839141875,0.002342901500286659,0.0026878060421027944
9399,0,0.0007183777068627,0.001215728286762144,0.001956050970260096
9400,0,0.0005118303184385,0.0005747957766138379,0.0010076641068910957
9401,0,0.0011184576390234,0.0010337872206317687,0.0013658833082502602
9402,0,0.0025281387694754,0.005399549328288129,0.002556539465962887
9404,0,0.0007370677580978,0.0008215920739253332,0.0009953279458320798
9406,0,0.0005049624725186,0.0006131909178864314,0.0006942312330327456
9407,0,0.0029782259187302,0.002824878154438069,0.0027807125566396973
9408,0,0.0008348891713161,0.0010113591719060169,0.001369875956288685
9409,0,0.0006117561264564,0.0007763992120418569,0.0007798303252322321
9410,0,0.0030650085449339,0.004875506601858157,0.0032853202621139603
9411,0,0.0014137354530301,0.0020143779675814663,0.0017588907659905131
9413,0,0.0418080139964495,0.049303561688002165,0.048041782611555534
9414,0,0.0344688779901517,0.03566700524795781,0.04388537176553437
9416,0,0.0033907454041004,0.00411537730156499,0.005012335094804741
9417,0,0.000506586277044,0.0005551948153771957,0.0007259346746372227
9419,0,0.0006870034139601,0.0009900957402667868,0.0008532076469920913
9420,0,0.0007575471456259,0.0007363645557433595,0.0008558944082330655
9421,0,0.0003144442240619,0.00039268254134365956,0.0005192758561751909
9422,0,0.0008089479014762,0.0010967720384195095,0.001519412336472473
9424,0,0.0004532934762855,0.0004744518694055974,0.0006545577714082415
9425,0,0.0001922771838843,0.0002649549452251539,0.0006733804086988383
9426,0,0.0003249674663445,0.00038313405815100016,0.000850969173284624
9427,0,0.0021681131418735,0.0020830570686299686,0.003256811050415963
9428,0,0.0004439974684897,0.0004681738114397607,0.000524279322981441
9430,0,0.0002824117740449,0.0004164004799845468,0.0005493879303191827
9431,0,0.0004908227072941,0.0004942089526757561,0.000667760647048163
9432,0,0.0019730305714203,0.0011758074622853975,0.0020525322266501827
9433,0,0.0004052532947133,0.00040752683347736575,0.000590785049853872
9434,0,0.0009989623279351,0.0010112535440873968,0.0013143126415715554
9435,0,0.0004427918215058,0.00045957559101624223,0.0005139263015476439
9437,0,0.0004253959543993,0.0004276463173709891,0.0006164444921621076
9438,0,0.0004593899602689,0.0006366057772469587,0.0006579609999173661
9440,0,0.0010495505581958,0.0015723845546383782,0.0013148745847989729
9441,0,0.0011981772231113,0.0015358459258805089,0.0018343756731614817
9442,0,0.0008436688996737,0.0007731736546315344,0.001142916282747609
9443,0,0.0010793091730131,0.0014566340081421402,0.0013137584043214896
9444,0,0.0004392547968841,0.0004901582240115506,0.0009370490328702112
9445,0,0.0038676052697801,0.0036748906127040005,0.003821564318790542
9446,0,0.0010510429294221,0.0009755320989081785,0.0013123798799397504
9447,0,0.001057681731542,0.002032860081172665,0.0013046990960605832
9448,0,0.0031291930696162,0.002567617074361637,0.003149539515507147
9450,0,0.0005098959580665,0.0006782997030474438,0.0008458817465427421
9451,0,0.0004723616437863,0.0006573305574472102,0.0006709972027902555
9452,0,0.0004878933092128,0.0004827251594904466,0.0006604300280085781
9453,0,0.0008308700151037,0.0011847088285898717,0.0015246256507412915
9454,0,0.0022653944770409,0.0028276539517111928,0.003020131262989315
9456,0,0.0006594812897274,0.0007717388939056377,0.0010158852388818856
9458,0,0.00049911193747,0.0005264766823924213,0.0007243073826703608
9459,0,0.0004587073126174,0.0005282650164855925,0.0010353171440832575
9460,0,0.0005686881537256,0.0018541081274677576,0.000742328469303011
9462,0,0.0014003757769297,0.0014504035754030595,0.0016042459173950044
9463,0,0.0005418810949383,0.0005691615348632736,0.0005585514949179764
9464,0,0.0004897107789505,0.0005025827136569506,0.0007030679843167655
9466,0,0.0004217108315321,0.0005368315113916713,0.0005723009181112621
9467,0,0.0006195571493918,0.0007827023853987031,0.0007708235154795744
9468,0,0.0020401013609953,0.0018943643554619192,0.0015590176055166444
9469,0,0.002419014113815,0.0035920755965351426,0.0034838263517620164
9470,0,0.0006202431792771,0.0007821772885454314,0.0007711798367006932
9471,0,0.0007293617901882,0.0010585567649469174,0.0008539071002972574
9472,0,0.0037563120763147,0.0024970408411959565,0.004020612694744477
9473,0,0.0022345184702159,0.003214979105184244,0.0024671859602113525
9475,0,0.0015256206335263,0.001239882817835812,0.001504774450216148
9476,0,0.0005096789229762,0.000541598842261386,0.0009311551011875229
9477,0,0.0010650762279301,0.002126167049839053,0.0012693165773696394
9478,0,0.0013201647470465,0.0008923829219085163,0.000841812759876137
9479,0,0.0014416489975734,0.0018059266517638077,0.0017874427909038066
9480,0,0.0003517566635396,0.00040782672246013373,0.000899350843386871
9481,0,0.0008392677908775,0.0011993129273278709,0.0010059100801867575
9482,0,0.0039101700489811,0.005468822222023592,0.0059934526483723365
9483,0,0.0031128697442673,0.004577587460952266,0.0041346047574312775
9484,0,0.0006175518967295,0.0008516734032974648,0.0008574628170994653
9485,0,0.0023209312220844,0.003686883545227072,0.0020750558925845012
9486,0,0.0007828544318699,0.0008616585563948201,0.001300281807226347
9487,0,0.001250605497424,0.0007544578534617525,0.0011434284932569337
9488,0,0.0053279654233467,0.006106847617776962,0.004484798272224803
9489,0,0.0050082832144843,0.006778859089656344,0.005914028025574194
9490,0,0.0927154918195047,0.05689016134550698,0.06733729885034381
9491,0,0.0370867497189058,0.045333053319496754,0.0420493028264707
9492,0,0.0127171487968228,0.011620678250714014,0.011662694164878182
9493,0,0.0474390051864476,0.04895687359983618,0.04995176500832163
9494,1,0.9768394422296413,0.982320942615512,0.9844595374500147
9496,0,0.1314823473859419,0.13377179281088994,0.10643286181818964
9497,0,0.340289078023998,0.22541081341358046,0.1956379563322483
9498,0,0.0008302984497637,0.0008431938164951921,0.0008771917456886971
9499,0,0.0004690477690985,0.0006505614174028877,0.0006674156311092462
9500,0,0.0004357485347388,0.0004901055767972439,0.0007040379321643752
9501,0,0.0003414462119207,0.00048879043574008,0.0010119013029090131
9502,0,0.0011984277984043,0.0014966879331403395,0.0014620611335145325
9503,0,0.0005597188060815,0.0006249973763676482,0.000815402193585852
9504,0,0.0005150916980786,0.0007254665457087086,0.0007572967777605151
9505,0,0.0012830293708831,0.0015796950431899244,0.0009274937699856996
9506,0,0.0008924695032256,0.0008766496343767288,0.0008995649850377864
9507,0,0.0004665607513766,0.0015852009314517676,0.0007027158046972636
9508,0,0.000266443583744,0.00035446040918154674,0.000840482977147058
9509,0,0.0004632672764335,0.0004879933109987542,0.0005701259499644203
9510,0,0.0004327477711493,0.0004563929406363231,0.0006257669867837657
9511,0,0.0002138088065574,0.0002798305042095276,0.0007022738205529891
9515,0,0.0003950981494669,0.0005071531834726,0.0010323140097855754
9516,0,0.0017130828740297,0.0009876492390960426,0.002902850168806038
9517,0,0.0019261457710865,0.0036442532514655993,0.003191307316052805
9518,0,0.0002555644281745,0.00035265967028546153,0.0008788256462611342
9519,0,0.0004401585568446,0.0004504809836624728,0.0004859601491744169
9520,0,0.0004819292838215,0.0005082943057024573,0.0005434083064884311
9521,0,0.0023167597792723,0.0029554730244764175,0.0037547406782789698
9522,0,0.0004525405018472,0.0004632658741494713,0.0004910292237265955
9523,0,0.0003087828003972,0.0004506610933466169,0.0005832942367820798
9524,0,0.0004480175659873,0.00044354868782291477,0.0006382425879639496
9525,0,0.001692290765316,0.0020073988246627063,0.000890355837184703
9526,0,0.0007841504484699,0.0010197341508382427,0.0011194283178742157
9527,0,0.0013730636972607,0.002101457141227831,0.001819526861720391
9528,0,0.0021334857905864,0.001006402439239999,0.000642112715283052
9529,0,0.0026451846305591,0.0038175576485697405,0.004867270390015084
9530,0,0.0004635253415532,0.0005387181210898125,0.0009778111546894133
9532,0,0.0005525330561025,0.0005147905913693366,0.000683054210046554
9533,0,0.0022937254162031,0.0025762456194812753,0.0020254703059272767
9534,0,0.0005507994139533,0.0008290265180955416,0.0009400118081451375
9536,0,0.0006099456492103,0.0006223877308712286,0.000681818183122785
9538,0,0.0005632346903972,0.0005768801388109131,0.0005483070172508815
9539,0,0.0004237404306742,0.00048673693334233526,0.0008945415116864172
9540,0,0.0036799524528875,0.0027617299508867804,0.0036758209230332538
9541,0,0.000295398479501,0.00036058041823020713,0.0009662031457689161
9542,0,0.000595730931432,0.0007872625531720174,0.0007709409979346298
9543,0,0.0008758388709795,0.0012461488998373636,0.0015487908236015652
9544,0,0.0021610110914686,0.0020440626213816854,0.002636874521754861
9545,0,0.0016889839854348,0.0016920963272470146,0.004032942250790469
9547,0,0.0004045848060904,0.0004994358703225597,0.0005844863109546826
9548,0,0.0006928866426739,0.000940895800093254,0.0008734595815708928
9549,0,0.0004666678612112,0.0006676898209398564,0.0007826610552215403
9550,0,0.0003568609895512,0.00039530432654948425,0.000811947805749482
9551,0,0.0004601102495492,0.0006752083775371832,0.0007306682105684669
9552,0,0.001310838223214,0.001633629885789759,0.001672764953086239
9553,0,0.0008435607674561,0.0003976358122784428,0.0009938965614416954
9554,0,0.0006870375407295,0.0008385179703141123,0.0009426631072926623
9555,0,0.0022315204378905,0.0013168576502036809,0.0014212091016554448
9556,0,0.0004026549659641,0.0004733698435696282,0.001402257233308672
9557,0,0.0030151356251266,0.0038471169041136835,0.00590748411356656
9558,0,0.0006176115244543,0.0008103786084633014,0.0008851208649629423
9559,0,0.0007596520283742,0.000847950342884292,0.0009357108545854332
9560,0,0.0008860856962888,0.001091870570109584,0.0014102183572796924
9561,0,0.0009481619510057,0.0010604441601307028,0.001764747431304091
9562,0,0.0052671254959715,0.005540341527564431,0.0024942476272998624
9563,0,0.0008001137516834,0.0011637016258672953,0.001577224673612361
9566,0,0.0009771370572677,0.0012076952385145425,0.0011778107130940867
9567,0,0.0006192545312142,0.0006962582477561714,0.0007420835110293341
9569,0,0.0007542012102635,0.0010890047798359568,0.0016143190931205828
9570,0,0.003247215897955,0.004771670022703383,0.004914645141289977
9571,0,0.003841142311324,0.003817742486002102,0.005353667952591019
9573,0,0.0016864506367695,0.002511100014654768,0.0031769065410950552
9574,0,0.0011012586358816,0.0012099363545625707,0.0013022811922101542
9575,0,0.0007331360627165,0.0009626784016479176,0.0014189597888899295
9576,0,0.0047180836144765,0.0041470459718213545,0.0039910909261359805
9577,1,0.0636467526548032,0.03918433446595818,0.03513558276984281
9578,0,0.0031077529339956,0.003816281827275934,0.005365734350821805
9581,0,0.0018408940289615,0.001414279551843267,0.00174870285430502
9582,0,0.0013258558095764,0.0013368486242610201,0.001371561105895045
9584,0,0.0030596609943413,0.003272992496892567,0.004000260129153419
9586,0,0.0003386976844574,0.00041042152762043726,0.0005388024709053761
9587,0,0.0034232653307505,0.003624435075588991,0.00405527962595826
9589,0,0.000488340165382,0.0006815602496208673,0.0007006839490990116
9590,0,0.0003472174098125,0.0004502679201454322,0.0005822163192260967
9591,0,0.002040821660125,0.002068180178842222,0.003253509582341831
9592,0,0.000467442488884,0.0004870200605098911,0.0005479368787941395
9593,0,0.0029980403175477,0.003044208638481005,0.0028606531478536337
9594,0,0.0022817764256392,0.002888104073359967,0.0032571820667794357
9596,0,0.0010092333270583,0.001092033073446822,0.0014481362134241718
9597,0,0.0003400543369662,0.0004526974655653552,0.0005484307759787022
9598,0,0.0004300392261125,0.0005941064080486433,0.000694949695250117
9599,0,0.0003595192433105,0.00044485305753269653,0.0005760201074101442
9600,0,0.0002578551310698,0.000356036865842236,0.0008074625191965813
9601,0,0.0005138407774923,0.0005429632166261639,0.0007739546142657268
9602,0,0.0018693822567619,0.003998107292926803,0.0031525976757008096
9603,0,0.0004028077732675,0.0005389902013020293,0.0006469617730909341
9605,0,0.000432003008541,0.000445987487476623,0.0006405469167634102
9607,0,0.0010488388188538,0.0014386808441456027,0.0013679238357862688
9608,0,0.0005627369778263,0.0005798057600003039,0.0005745423277936099
9609,0,0.000476625565072,0.0006727061297328062,0.0006970320537307785
9610,0,0.0004361101568746,0.0005734266844529148,0.0006795465374792077
9611,0,0.0004880845209763,0.000493338798232044,0.0006746877424144539
9612,0,0.0006051164489766,0.0008168883331222568,0.0010115567756116993
9613,0,0.0003326377278153,0.0004555534797086499,0.0006055326177435327
9616,0,0.0003083350935959,0.00033274177875054485,0.0007762720801752447
9617,0,0.0003052986593436,0.0004253943213579359,0.0008331595446575095
9618,0,0.0005335121113242,0.000517523344228993,0.000727261149801842
9620,0,0.002427154692456,0.0023679067186605164,0.0028602231697596194
9621,0,0.0005978329222902,0.0006419306743072619,0.0008441289389516992
9622,0,0.0009979224007307,0.0013673970702324815,0.001662086750754548
9623,0,0.0008426877522001,0.0011192502678513384,0.0013275515680298716
9624,0,0.002454516560968,0.002568163826306856,0.0034827696167046493
9625,0,0.0004068769223703,0.0005806555473935235,0.0006299321832818764
9626,0,0.0005663795149189,0.0007788683313038467,0.0007545356643110303
9627,0,0.0030044456903675,0.0036235802310468413,0.0029255139249084587
9628,0,0.0004243777629458,0.0005800260043192159,0.000716399085911429
9629,0,0.0004274054990827,0.0005756032039291789,0.0006988548264835914
9630,0,0.0008092639544411,0.0008268244368308371,0.0018262322900137631
9631,0,0.0004979676202501,0.0005478802052368682,0.0007495389528008258
9633,0,0.0022490044255035,0.0028909668467785228,0.003716329299336075
9636,0,0.000485857660272,0.0005583485249537449,0.0016166992390814782
9638,0,0.0011234120700543,0.0005627200738186134,0.0012514263332271888
9640,0,0.0009363182729168,0.0018377098379786943,0.0012794070734113256
9641,0,0.0011948736574823,0.0006938761314910248,0.001226977130151771
9642,0,0.0049170730689729,0.00699236890000297,0.005299705345174899
9643,0,0.0027355213518123,0.0028791332780899064,0.004999648094085022
9644,0,0.0007027435272046,0.0007891366315235282,0.0008125248357018604
9645,0,0.0007178625660141,0.0007453876833181966,0.000942678734043583
9646,0,0.0045851763495576,0.0033010338138219067,0.00462415962504946
9647,0,0.0007350929432669,0.000817419388516,0.001032709985752506
9648,0,0.0007318815601715,0.0009857649496446358,0.0011812799989710707
9649,0,0.002207914381361,0.0028944177836839956,0.002400861747589558
9650,0,0.0008363668699632,0.0008993684031813271,0.0011540983694364386
9651,0,0.0016714304898497,0.0017198982956780143,0.00256361447406265
9652,0,0.0005514956619471,0.0007246312434140455,0.0009940962316589332
9653,0,0.0007616593826352,0.0011704879849542093,0.0012184190546816907
9654,1,0.8711717317818094,0.8514504780282053,0.8736366180477514
9656,0,0.0132589727446879,0.015257771361037748,0.01782486614578471
9659,0,0.0262176608028997,0.021521112324524513,0.028975090754201203
9660,1,0.9874147786836288,0.9876326543490859,0.9929187349466844
9661,0,0.0224152761322248,0.01646032419409511,0.017431571021605745
9662,0,0.0255489645226707,0.020007404314689364,0.019790629260278192
9664,1,0.9577763848226905,0.9622455944846968,0.9679287034023811
9665,1,0.9628831029316236,0.9724323636045178,0.9795985561537566
9666,0,0.3166227072470533,0.3106555557235618,0.2635288428863908
9668,1,0.9714978189822152,0.981678856460489,0.9630769473174843
9670,0,0.0272935445061298,0.028443580486264768,0.027185114569769388
9671,0,0.0753376884838177,0.08627052459191162,0.08123673574706337
9672,0,0.0386152213255107,0.028076714913381838,0.03715664780874335
9675,0,0.000471640665242,0.000529966466072832,0.0007418577119022951
9676,0,0.0024241050045765,0.0022326538159212483,0.0039237468137653855
9677,0,0.0006999567026982,0.0011031488528708041,0.0011538757618685552
9678,0,0.0008742999123927,0.001388430336484779,0.0023486277972283877
9679,0,0.0012787272114843,0.000978628139023173,0.0018105339643039058
9680,0,0.0005234541342332,0.0007029174534242914,0.0007026982905724414
9681,0,0.0005339955813002,0.000721311718961412,0.001825614703307624
9682,0,0.0003326305264951,0.00041105917720635356,0.0009240786905162319
9683,0,0.0012488537426375,0.0020149845685738556,0.001866787226002341
9684,0,0.0029498558365392,0.0037567770482910615,0.00433683041956446
9685,0,0.0020498407256141,0.003059565374251832,0.0029076425407525397
9686,0,0.0030138004946541,0.0039034160623404746,0.004817367283160632
9687,0,0.000348353785311,0.00044754962402683085,0.000587151726248102
9688,0,0.0004984886788308,0.0005123835480876128,0.0005589110059108834
9689,0,0.0018378184419437,0.0031153137490945856,0.003121231681822872
9690,0,0.0030802330199588,0.005419745125114006,0.0056620166661651315
9691,0,0.0004926147851458,0.0007078392498028022,0.0007183906016697539
9692,0,0.0004887345450453,0.0005343172901685042,0.0006161034975408486
9693,0,0.0002346926204346,0.00036069304584531846,0.0011073529941697633
9694,0,0.0005763910466235,0.0008138204119253325,0.0015019700227166927
9695,0,0.0003313064214666,0.000516156754404693,0.0006189124648097773
9697,0,0.0008459179563658,0.0008081303272489132,0.001214746854178577
9698,0,0.0013757319486633,0.0013553073982534919,0.001362448897167083
9699,0,0.0088314764949489,0.004366402712177182,0.004358446724144272
9700,0,0.0005026296173841,0.0006938447012632054,0.0007336043189842287
9701,0,0.0024704384892383,0.0025014911352616636,0.002893383887017435
9702,0,0.0003301414246826,0.00035057530503581507,0.0007950593985955141
9703,0,0.0005878980966113,0.0006078137584066274,0.0006495146874812024
9704,0,0.0008990178984388,0.0008874945484329066,0.0008627311458498896
9705,0,0.0004981515835312,0.0004894235274945842,0.000501835910921799
9706,0,0.0004655655356064,0.00047912667536186427,0.0006723065516345259
9707,0,0.0004974449973344,0.0005265809637517952,0.0007381994704994981
9708,0,0.0005663022439734,0.0006278583368835189,0.0006116287951771342
9710,0,0.0006320142981933,0.0006113885827109739,0.0006902300638776151
9711,0,0.0078199043792573,0.010110387291351662,0.011438162381540225
9712,0,0.00066403351256,0.000944498121529266,0.0008026983987854218
9714,0,0.000453759672198,0.0004640972160137142,0.0009570710332675778
9715,0,0.0007275391090271,0.0009326500826982027,0.0011984680188129953
9716,0,0.0036821022478258,0.004046161458105332,0.004781776288929345
9717,0,0.0014292902000576,0.0016330752429230867,0.0016360764603339096
9720,0,0.0028474464018097,0.0022838071121809743,0.0035165285244246254
9723,0,0.0006087163848058,0.0011147667637019098,0.0011630003566507892
9724,0,0.0010071433158604,0.0004965550476952023,0.0009564173676571513
9725,0,0.0042547498866716,0.0028634024020979787,0.004368677484679142
9726,0,0.0012979753183552,0.0015584221926685882,0.0020955405971462508
9727,0,0.00052404122016,0.0005491227035058675,0.0007561439311080822
9728,0,0.0006236670792028,0.0007121677922113209,0.0008780143653806583
9729,0,0.0006676787193487,0.0013505511604097352,0.0008067820564261474
9730,0,0.0009491461382686,0.0011514167707334477,0.0012983157694125042
9731,0,0.0006435091267881,0.0007991296862567231,0.0008407419633369374
9732,0,0.0008455946822437,0.0009795227036717572,0.002329029132785066
9733,0,0.0043659897899164,0.004158195314712922,0.004133863530713357
9734,0,0.0009791136827187,0.0009682749740568906,0.0009452941449891165
9735,0,0.0007470635625931,0.000910597556377917,0.0008658863450111778
9737,0,0.0035226613753535,0.004896473630740215,0.0065093664019531434
9738,0,0.002229339945611,0.0024336349857069094,0.0020978636336884816
9739,0,0.0008097106985765,0.0008896626353504908,0.0010847319252063246
9740,0,0.0006615850010845,0.0007845907495963058,0.0007489537763930509
9741,0,0.000557087735633,0.0006385869639095328,0.0009006478988220597
9743,0,0.0004914797379573,0.0006530971982456675,0.0007782454302716583
9744,0,0.0029379471254695,0.002285615045988394,0.0017930897383564223
9745,0,0.0006495146061476,0.0007202533907997192,0.0011261485994480216
9746,0,0.0006921714078846,0.0007074822935232187,0.0012307167438751774
9747,0,0.0021116159349555,0.0020419254094655006,0.0028984649268095452
9748,0,0.001070782808802,0.0010477963342326161,0.0012487760124985062
9749,0,0.0043206303094994,0.004342441092181066,0.005192145017941121
9752,0,0.0013737529258457,0.0028378983545527263,0.0024580702347269216
9753,0,0.0090285442572521,0.007778237384817482,0.006201934856807109
9754,0,0.014280394475536,0.014809059451006436,0.011973978831624887
9755,0,0.0140919433456895,0.012132147664548863,0.012096965624494338
9756,0,0.0152043419370415,0.015515521477942159,0.012472967676595899
9757,0,0.0379204892582574,0.033063106301360425,0.02637939777335846
9758,0,0.0321926778216253,0.03310954931882313,0.027459316057585746
9759,1,0.0789203478876312,0.07016191497240902,0.0525592686899274
9760,0,0.0004534495472487,0.0005989588154680808,0.0007181315909921991
9761,0,0.0007075504885457,0.0007844887938103441,0.0008532320353690235
9762,0,0.001740252729202,0.0014069276883130293,0.002248567617444652
9764,0,0.0022760380700436,0.001071587714371252,0.001064197903052145
9766,0,0.0004156693830192,0.00048084076274784385,0.0006772311894392174
9767,0,0.0004589620314413,0.0006302612510913209,0.0006419171777749727
9768,0,0.0003775887304409,0.0004879386097627967,0.0006121703279034085
9769,0,0.0004175147378035,0.00046140136598030326,0.0006650703327675118
9771,0,0.0004345349928146,0.000475556748559071,0.000699826412585858
9773,0,0.000493753967655,0.0006806105017551222,0.0006957440354397944
9774,0,0.0004948648737238,0.0005504645709092166,0.000572502777046366
9775,0,0.0021195927473869,0.0026142567591572958,0.0029029236928584147
9776,0,0.0005019006724963,0.000553458250359364,0.0007473322680821131
9777,0,0.0005262157532695,0.000623847868910188,0.0019124999809010178
9778,0,0.001377657897931,0.001752443452380821,0.0016508957085785798
9780,0,0.000424013228632,0.00047761113799725736,0.0006614759077689442
9781,0,0.0002665018738417,0.00033227943665561314,0.0007277149808200969
9782,0,0.0006530141807934,0.0009617954119871624,0.0008689817199373678
9783,0,0.0011073564688165,0.0010893388175350655,0.001449221180892448
9784,0,0.0004728650442078,0.0006779927954800996,0.000691642154511393
9786,0,0.0004751007620968,0.0005090359908482799,0.0007288291581336913
9787,0,0.0013504879560166,0.0025826521698204333,0.0016495705484703073
9788,0,0.0008187707365976,0.0010218857593170493,0.0011718795546943309
9789,0,0.000533221068154,0.0005715915647278325,0.0005343434409547378
9790,0,0.0012059690610379,0.002246805731014578,0.001131115106008182
9792,0,0.0006576012626189,0.0006758790371205868,0.0007055239976541355
9794,0,0.0016170730772791,0.0012868505682020605,0.0013405818073619475
9796,0,0.0004457801612005,0.0005372945376090997,0.0006504137918436256
9797,0,0.0005702512957654,0.000649353762591148,0.0005535922057410157
9799,0,0.0005112115240098,0.0005502929316889408,0.000666034332388316
9800,0,0.0005513282627671,0.0007544837317618711,0.0007411156646713304
9801,0,0.0014152797847255,0.0018511405151510536,0.001976519739649297
9803,0,0.0010081443911666,0.0012989392989191115,0.0012815907971597757
9804,0,0.0007846706130467,0.001028889407739086,0.002127482573498809
9805,0,0.0004399550341952,0.0005408596374489373,0.0005898259257739015
9806,0,0.004394444723378,0.006461124925708869,0.0056980182520823715
9807,0,0.1949538534426447,0.19878559879024235,0.18435622704279717
9808,0,0.0006884984897921,0.0009265134459054728,0.0013878572635574074
9809,0,0.0007335028223213,0.0009944261250569564,0.000833618525937471
9810,0,0.0029195175849027,0.0037648090774589048,0.0040285833785367086
9811,0,0.0005293698838015,0.0006435237541875759,0.0006418516964548513
9812,0,0.0005805604042613,0.0006141358500632206,0.0007856562657119465
9814,0,0.0013205627006406,0.0018472543577641525,0.0016565558091841764
9815,0,0.0005327212166473,0.0005066934119522478,0.0009737898121455325
9816,0,0.0011725999108826,0.002451071725155565,0.004697977148148764
9817,0,0.0032400590455944,0.0022572388559112663,0.0033593769969742383
9818,0,0.0005936172914784,0.0006469538648589809,0.0006833699062597341
9819,0,0.0005305287050371,0.0006221649138243111,0.0010801583232092264
9821,0,0.0013000037673826,0.0013501785516281117,0.0013744618223067
9823,1,0.9309018087206336,0.926183581928997,0.9334506502832338
9824,0,0.0009931293277795,0.001047583964884978,0.0014590231275807013
9825,0,0.0008725208780556,0.0010908235987282455,0.0010110643534961623
9826,0,0.0007813350265093,0.0008968338662829179,0.0012859527484368667
9827,0,0.004199558889663,0.0038863302033995267,0.0050773338781716585
9828,0,0.050625028972641,0.043504188679028014,0.04321725233966663
9829,0,0.0039452035988489,0.003312873541177155,0.0035099953292099936
9830,0,0.0714477123173535,0.08194719977140316,0.06552122556894424
9831,1,0.9535511468924788,0.9563316999365601,0.9577994265751332
9832,0,0.0395361083552369,0.038228086167833276,0.04102580984679044
9833,0,0.4102960085258406,0.3179061965660188,0.3423276818835405
9834,0,0.1705860112445598,0.12780561487816985,0.1273428463350396
9836,0,0.000391132682024,0.0005268453522649867,0.0006224057253879789
9838,0,0.002506868830272,0.002756149067198045,0.0030784434828482884
9839,0,0.0013253152551302,0.0014084252213452002,0.00130306316771886
9840,0,0.0018249271560138,0.0007362818037000977,0.0008039981139160798
9841,0,0.0003075750338735,0.0003862771256826636,0.000501998120088786
9842,0,0.0026244956711798,0.0030456362711992085,0.0022911104279539386
9843,0,0.0006030375213646,0.0007296383514583303,0.001486073201928001
9844,0,0.0008008126278214,0.0011328994353537237,0.001561772605242894
9845,0,0.0004443242014927,0.00047567951092914644,0.0004913781916262904
9846,0,0.0010093532941706,0.001340871940143038,0.0012716097914767925
9848,0,0.0019686451158686,0.002974452820311092,0.0022764945347266384
9850,0,0.0049761173822795,0.006994436429501466,0.00583999186156556
9851,0,0.0004782748855197,0.000691929858861879,0.00071486084356415
9852,0,0.0010243191758827,0.0014611486965036742,0.0015674867065043857
9853,0,0.0020336208389696,0.0019982955527960275,0.0031373146499887577
9854,0,0.0002324406966169,0.00029581645823928535,0.0007256791840161148
9855,0,0.0029813164504919,0.0037502377704597837,0.004009312029458189
9856,0,0.0004447198416287,0.0005015091554548261,0.0007138495677310743
9858,0,0.0021210824924159,0.003267578047450008,0.0025734759222594784
9859,0,0.0004597081030959,0.0005225116447695123,0.0007369374081801089
9860,0,0.0004948995240785,0.0007030655904729495,0.0007141580715616823
9862,0,0.0006133421507165,0.001599257645199294,0.0010488132735046467
9863,0,0.0011826293981666,0.0011182839901140637,0.0014385781150447158
9864,0,0.0015437399290903,0.001489277674517927,0.001849034697122044
9865,0,0.0002804172940391,0.0003394481996836433,0.0007787553101478335
9866,0,0.0087076433178422,0.010516231633370834,0.008488599492074787
9868,0,0.0005645880110034,0.000645741425858673,0.0011778028095079682
9869,0,0.0005756902752798,0.0006043944396581238,0.0006085796301554161
9871,0,0.0031061339803155,0.004369122249242252,0.0029511911059472654
9872,0,0.0006672544556128,0.0008026789939672009,0.0011623621161290158
9873,0,0.0035353222963047,0.003023159386864857,0.0033199823188781188
9875,0,0.0003340795655607,0.0003770910424013543,0.0007955583054476939
9876,0,0.0020882258852337,0.0031933643735617334,0.002421420043777587
9877,0,0.0008692342458871,0.0015409253910648078,0.0017306907940149135
9878,0,0.0040270966339948,0.003549056333109265,0.004133910528730129
9879,0,0.0025376506238381,0.002434641883025577,0.003089422503772484
9880,0,0.0006603370686419,0.0006670315677332068,0.000729506982122043
9881,0,0.0007352795219686,0.0007436059031356825,0.0009525981386551293
9882,0,0.000459103721585,0.0004918250215324914,0.0010142079719066657
9883,0,0.0010964420749857,0.0011544129361122442,0.0010827880995265115
9884,0,0.001078561140033,0.0006826776654134355,0.0007376471545175454
9885,0,0.0007299530527939,0.0008700601338668042,0.0014260278364177023
9886,0,0.000738067883017,0.0007640835549003534,0.0010098756045756692
9888,0,0.0027994050530396,0.0030315529044506106,0.003238466783107837
9889,0,0.0006081521963041,0.0007739982165679809,0.0007968659324250225
9890,0,0.0003776172773496,0.00036482270665341303,0.0007769309958491569
9891,0,0.0006658381645401,0.0007647140492938499,0.0007823969270162197
9892,0,0.0035405687883872,0.0033999005479063323,0.00396326368414557
9894,0,0.0021059347097799,0.0031954666734492496,0.004201391424351225
9896,0,0.0011488225618377,0.0012707172648327154,0.0012904824035001807
9897,0,0.000499994156882,0.0005304257958259294,0.0006525125350118073
9899,0,0.0009430205324266,0.0009424868252152417,0.0018885233181085868
9900,0,0.0006546787384939,0.0007213622416943678,0.0008880402052378385
9901,0,0.0004944207548811,0.0007536967727515076,0.0007157871387627414
9902,0,0.0016346154628017,0.0013779737500917819,0.0012062000363298432
9903,0,0.0017815077776691,0.0016342334380522688,0.0023752280050095363
9904,0,0.0010058174891951,0.0015418754503474913,0.0012853953782071914
9905,0,0.0012744482763781,0.0014032578345016776,0.0013419387502121532
9906,0,0.0042706348963968,0.004022108363265404,0.003534959949998509
9907,0,0.0345825639759239,0.02868450921702057,0.03437062337562101
9908,0,0.0139936649481985,0.011384797892453422,0.011047778486288623
9909,0,0.0015077789962748,0.00048534870178722575,0.000604590433413748
9910,0,0.0004872795768662,0.0006804639546817766,0.0006634380166411632
9912,0,0.0003264563273121,0.0003924308575074493,0.0005099142292128377
9913,0,0.0031936050734407,0.0035526875677783006,0.00445720547658582
9914,0,0.0004564505637919,0.0004715324730857739,0.0006890164644383029
9915,0,0.0004197831950745,0.0006172632643752503,0.0007007259054618531
9918,0,0.0003360551246111,0.0004471900823366568,0.0005427880061144068
9919,0,0.0021670928576888,0.003169418618658727,0.0024188433209346803
9920,0,0.0024419065036906,0.002862244846682434,0.0031951458379138875
9921,0,0.0004246114071074,0.00046662824852798613,0.0004938865500665926
9922,0,0.0020236406669988,0.0019978311324612913,0.0031017661308624833
9923,0,0.0003067551316067,0.00038411993942021836,0.0005021550799009075
9924,0,0.0004633386689526,0.0004765697511271824,0.0005305944537423001
9925,0,0.0011230713919001,0.001128063290347774,0.002207052155979282
9926,0,0.0016815455292138,0.0022986714213322186,0.003175077993707397
9927,0,0.0003941549809918,0.0005364683001354538,0.0010939431570471114
9928,0,0.0002407918132421,0.0003106172173046711,0.0007277841382063566
9929,0,0.0004952264259845,0.0005122824396840149,0.000711970039465321
9930,0,0.0004909950549751,0.0006788327694481692,0.0007079075021865135
9931,0,0.0005580525226044,0.0005923039560143676,0.0007483205192767977
9932,0,0.0006160349130828,0.0008229169894833711,0.0010443338843688893
9933,0,0.004752092932729,0.003567531106610707,0.002458299128441223
9934,0,0.0002837699675592,0.0004611953072321696,0.0005585097652853212
9935,0,0.0003631630697486,0.00044882499089502826,0.0005794786509834844
9936,0,0.0005325487171158,0.0007252146340364372,0.0007438460173249703
9937,0,0.0004677147260888,0.0004927004623777216,0.0007036863957452141
9938,0,0.000926622934777,0.0004592921342961423,0.000579743291567241
9940,0,0.2844756357640052,0.29427549638798073,0.3228168862280779
9942,0,0.0007932896342954,0.0011038835288359943,0.0014282598153160246
9943,0,0.0022774614488594,0.002249164940472276,0.0034446478410007854
9944,0,0.0004939335423597,0.0006333419359269914,0.0008176134940758497
9947,0,0.0004672351702782,0.0005781191673841956,0.0007582830658909191
9948,0,0.0004946468718488,0.0005203102423637575,0.0007223532116886612
9950,0,0.0012415905083963,0.001229764414070693,0.0016492098880012418
9952,0,0.0052519080037458,0.005035832063604485,0.0066823913004895805
9953,0,0.0014029235619553,0.0015093117675690924,0.0014679795517480113
9954,0,0.0005439071888934,0.000746548935805364,0.0007764277725477295
9955,0,0.0002601158301126,0.00032461512893995365,0.0007364000616475099
9956,0,0.000291733593245,0.00036400984942409545,0.0007970692603256458
9957,0,0.000326894607348,0.0003943988833648439,0.0008057286719664224
9958,0,0.0006252359752843,0.000625540052697618,0.0007658659694653572
9959,0,0.000586380239486,0.0007975469720913266,0.0008696987721497093
9960,0,0.0019062964286292,0.0028956886908386333,0.0032724464278279723
9961,0,0.0006488827543486,0.0007039378858509311,0.0007754642691714432
9962,0,0.0009626810002656,0.0013423322845637303,0.0017206463705234211
9963,0,0.0009245857741875,0.0011795401908787787,0.0011204228467869236
9964,0,0.0008401255193332,0.0011191572808869942,0.001124821137057294
9966,0,0.0054026828785367,0.005935929970952402,0.0063870516531044745
9967,0,0.0005776471340601,0.0006252524191163891,0.0008060593201741537
9969,0,0.0005795595029118,0.0006013540512801771,0.0007921170752812967
9970,0,0.0020084730008977,0.0009949000225804563,0.0016935931768688069
9971,0,0.0029012120638433,0.001518650005258428,0.0034292838990536458
9972,0,0.0008657123260967,0.0008457326046993785,0.001029720253725104
9977,0,0.0023845932262973,0.004407013067615215,0.003817651444641213
9979,0,0.0013874658265376,0.0031005796909421932,0.002058214176636079
9980,0,0.002861418767981,0.005003335215703727,0.008577892925957037
9982,0,0.0027764536686853,0.0032859290623887326,0.004417665722514777
9984,0,0.0058160794736848,0.002702802551347594,0.0053041236836196964
9986,0,0.0039649437156341,0.0030480923999123277,0.0031203895455025484
9987,0,0.0149791176840293,0.01105489734975279,0.012329937935657844
9988,0,0.0253823588568064,0.023123766066816605,0.02109972639658258
9989,0,0.0886676236548057,0.07377133032825618,0.08132558086485298
9990,0,0.0004966005322768,0.000511427556137199,0.0006053021869382988
9991,0,0.0002558786553904,0.00030675325262795723,0.0007286027533925168
9992,0,0.0006222751806498,0.0006707010676581457,0.0014201655920299682
9995,0,0.0007875884009329,0.000759718304479185,0.0009365408065823489
9996,0,0.0017683886971957,0.0010244158453564219,0.0012358058024287794
9997,0,0.0005244098094949,0.0005898350107239804,0.0006908083632911671
9998,0,0.0004235322582722,0.0004191909416845377,0.0006089899813141669
9999,0,0.0010209105956229,0.0013583873763780311,0.0013219195875977903
10000,0,0.0004868231345405,0.0006657315118130957,0.0007070496642814483
