id,flight_state
1,IDLE_HOVER
2,IDLE_HOVER
3,IDLE_HOVER
4,IDLE_HOVER
5,IDLE_HOVER
6,IDLE_HOVER
7,IDLE_HOVER
8,IDLE_HOVER
9,IDLE_HOVER
10,IDLE_HOVER
11,IDLE_HOVER
12,IDLE_HOVER
13,IDLE_HOVER
14,IDLE_HOVER
15,IDLE_HOVER
16,IDLE_HOVER
17,IDLE_HOVER
18,IDLE_HOVER
19,IDLE_HOVER
20,IDLE_HOVER
21,IDLE_HOVER
22,IDLE_HOVER
23,IDLE_HOVER
24,IDLE_HOVER
25,IDLE_HOVER
26,IDLE_HOVER
27,IDLE_HOVER
28,IDLE_HOVER
29,IDLE_HOVER
30,IDLE_HOVER
31,IDLE_HOVER
33,IDLE_HOVER
35,IDLE_HOVER
37,IDLE_HOVER
40,IDLE_HOVER
44,IDLE_HOVER
46,IDLE_HOVER
51,IDLE_HOVER
56,IDLE_HOVER
57,IDLE_HOVER
58,IDLE_HOVER
59,IDLE_HOVER
60,IDLE_HOVER
61,IDLE_HOVER
62,IDLE_HOVER
63,IDLE_HOVER
64,IDLE_HOVER
66,IDLE_HOVER
68,IDLE_HOVER
70,IDLE_HOVER
74,IDLE_HOVER
76,IDLE_HOVER
77,IDLE_HOVER
78,IDLE_HOVER
79,IDLE_HOVER
80,IDLE_HOVER
81,IDLE_HOVER
82,IDLE_HOVER
83,IDLE_HOVER
84,IDLE_HOVER
85,IDLE_HOVER
86,IDLE_HOVER
87,IDLE_HOVER
88,IDLE_HOVER
89,IDLE_HOVER
90,IDLE_HOVER
91,IDLE_HOVER
92,IDLE_HOVER
93,IDLE_HOVER
94,IDLE_HOVER
95,IDLE_HOVER
96,IDLE_HOVER
97,IDLE_HOVER
98,IDLE_HOVER
99,IDLE_HOVER
100,IDLE_HOVER
101,IDLE_HOVER
102,IDLE_HOVER
103,IDLE_HOVER
104,IDLE_HOVER
105,IDLE_HOVER
106,IDLE_HOVER
107,IDLE_HOVER
108,IDLE_HOVER
109,IDLE_HOVER
110,IDLE_HOVER
111,IDLE_HOVER
112,IDLE_HOVER
113,IDLE_HOVER
114,IDLE_HOVER
115,IDLE_HOVER
116,IDLE_HOVER
117,IDLE_HOVER
118,IDLE_HOVER
119,IDLE_HOVER
120,IDLE_HOVER
121,IDLE_HOVER
122,IDLE_HOVER
123,IDLE_HOVER
124,IDLE_HOVER
125,IDLE_HOVER
126,IDLE_HOVER
127,IDLE_HOVER
128,IDLE_HOVER
129,IDLE_HOVER
130,IDLE_HOVER
131,IDLE_HOVER
132,IDLE_HOVER
133,IDLE_HOVER
134,IDLE_HOVER
135,IDLE_HOVER
136,IDLE_HOVER
137,IDLE_HOVER
138,IDLE_HOVER
139,IDLE_HOVER
140,IDLE_HOVER
141,IDLE_HOVER
142,IDLE_HOVER
143,IDLE_HOVER
144,IDLE_HOVER
145,IDLE_HOVER
146,IDLE_HOVER
147,IDLE_HOVER
148,IDLE_HOVER
149,IDLE_HOVER
150,IDLE_HOVER
151,IDLE_HOVER
152,IDLE_HOVER
153,IDLE_HOVER
154,IDLE_HOVER
155,IDLE_HOVER
156,IDLE_HOVER
157,IDLE_HOVER
158,IDLE_HOVER
159,IDLE_HOVER
160,IDLE_HOVER
161,IDLE_HOVER
162,IDLE_HOVER
163,IDLE_HOVER
164,IDLE_HOVER
165,IDLE_HOVER
166,IDLE_HOVER
167,IDLE_HOVER
168,IDLE_HOVER
169,IDLE_HOVER
170,IDLE_HOVER
171,IDLE_HOVER
172,IDLE_HOVER
173,IDLE_HOVER
174,IDLE_HOVER
175,IDLE_HOVER
176,IDLE_HOVER
177,IDLE_HOVER
178,IDLE_HOVER
179,IDLE_HOVER
180,IDLE_HOVER
181,IDLE_HOVER
182,IDLE_HOVER
183,IDLE_HOVER
184,IDLE_HOVER
185,IDLE_HOVER
186,IDLE_HOVER
187,IDLE_HOVER
188,IDLE_HOVER
189,IDLE_HOVER
190,IDLE_HOVER
191,IDLE_HOVER
192,IDLE_HOVER
193,IDLE_HOVER
194,IDLE_HOVER
195,IDLE_HOVER
196,IDLE_HOVER
197,IDLE_HOVER
198,IDLE_HOVER
199,IDLE_HOVER
200,IDLE_HOVER
201,IDLE_HOVER
202,IDLE_HOVER
203,IDLE_HOVER
204,IDLE_HOVER
205,IDLE_HOVER
206,IDLE_HOVER
207,IDLE_HOVER
208,IDLE_HOVER
209,IDLE_HOVER
210,IDLE_HOVER
211,IDLE_HOVER
212,IDLE_HOVER
213,IDLE_HOVER
214,IDLE_HOVER
215,IDLE_HOVER
216,IDLE_HOVER
217,IDLE_HOVER
218,IDLE_HOVER
219,IDLE_HOVER
220,IDLE_HOVER
221,IDLE_HOVER
222,IDLE_HOVER
223,IDLE_HOVER
224,IDLE_HOVER
225,IDLE_HOVER
226,IDLE_HOVER
227,IDLE_HOVER
228,IDLE_HOVER
229,IDLE_HOVER
230,IDLE_HOVER
231,IDLE_HOVER
232,IDLE_HOVER
233,IDLE_HOVER
234,IDLE_HOVER
235,IDLE_HOVER
236,IDLE_HOVER
237,IDLE_HOVER
238,IDLE_HOVER
239,IDLE_HOVER
240,IDLE_HOVER
241,IDLE_HOVER
242,IDLE_HOVER
243,IDLE_HOVER
244,IDLE_HOVER
245,IDLE_HOVER
246,IDLE_HOVER
247,IDLE_HOVER
248,IDLE_HOVER
249,IDLE_HOVER
250,IDLE_HOVER
251,IDLE_HOVER
252,IDLE_HOVER
253,IDLE_HOVER
254,IDLE_HOVER
255,IDLE_HOVER
256,IDLE_HOVER
257,IDLE_HOVER
258,IDLE_HOVER
259,IDLE_HOVER
260,IDLE_HOVER
261,IDLE_HOVER
262,IDLE_HOVER
263,IDLE_HOVER
264,IDLE_HOVER
265,IDLE_HOVER
266,IDLE_HOVER
267,IDLE_HOVER
268,IDLE_HOVER
269,IDLE_HOVER
270,IDLE_HOVER
271,IDLE_HOVER
272,IDLE_HOVER
273,IDLE_HOVER
274,IDLE_HOVER
275,IDLE_HOVER
276,IDLE_HOVER
277,IDLE_HOVER
278,IDLE_HOVER
279,IDLE_HOVER
280,IDLE_HOVER
281,IDLE_HOVER
282,IDLE_HOVER
283,IDLE_HOVER
284,IDLE_HOVER
285,IDLE_HOVER
286,IDLE_HOVER
287,IDLE_HOVER
288,IDLE_HOVER
289,IDLE_HOVER
290,IDLE_HOVER
291,IDLE_HOVER
292,IDLE_HOVER
293,IDLE_HOVER
294,IDLE_HOVER
295,IDLE_HOVER
296,IDLE_HOVER
297,IDLE_HOVER
298,IDLE_HOVER
299,IDLE_HOVER
300,IDLE_HOVER
301,IDLE_HOVER
302,IDLE_HOVER
303,IDLE_HOVER
304,IDLE_HOVER
305,IDLE_HOVER
306,IDLE_HOVER
307,IDLE_HOVER
308,IDLE_HOVER
309,IDLE_HOVER
310,IDLE_HOVER
311,IDLE_HOVER
312,IDLE_HOVER
313,IDLE_HOVER
314,IDLE_HOVER
315,IDLE_HOVER
316,IDLE_HOVER
317,IDLE_HOVER
318,IDLE_HOVER
319,IDLE_HOVER
320,IDLE_HOVER
321,IDLE_HOVER
322,IDLE_HOVER
323,IDLE_HOVER
324,IDLE_HOVER
325,IDLE_HOVER
326,IDLE_HOVER
327,IDLE_HOVER
328,IDLE_HOVER
329,IDLE_HOVER
330,IDLE_HOVER
331,IDLE_HOVER
332,IDLE_HOVER
333,IDLE_HOVER
334,IDLE_HOVER
335,IDLE_HOVER
336,IDLE_HOVER
337,IDLE_HOVER
338,IDLE_HOVER
339,IDLE_HOVER
340,IDLE_HOVER
341,IDLE_HOVER
342,IDLE_HOVER
343,IDLE_HOVER
344,IDLE_HOVER
345,IDLE_HOVER
346,IDLE_HOVER
347,IDLE_HOVER
348,IDLE_HOVER
349,IDLE_HOVER
350,IDLE_HOVER
351,IDLE_HOVER
352,IDLE_HOVER
353,IDLE_HOVER
354,IDLE_HOVER
355,IDLE_HOVER
356,IDLE_HOVER
357,IDLE_HOVER
358,IDLE_HOVER
359,IDLE_HOVER
360,IDLE_HOVER
361,IDLE_HOVER
362,IDLE_HOVER
363,IDLE_HOVER
364,IDLE_HOVER
365,IDLE_HOVER
366,IDLE_HOVER
367,IDLE_HOVER
368,IDLE_HOVER
369,IDLE_HOVER
370,IDLE_HOVER
371,IDLE_HOVER
372,IDLE_HOVER
373,IDLE_HOVER
374,IDLE_HOVER
375,IDLE_HOVER
376,IDLE_HOVER
377,IDLE_HOVER
378,IDLE_HOVER
379,IDLE_HOVER
380,IDLE_HOVER
381,IDLE_HOVER
382,IDLE_HOVER
383,IDLE_HOVER
384,IDLE_HOVER
385,IDLE_HOVER
386,IDLE_HOVER
387,IDLE_HOVER
388,IDLE_HOVER
389,IDLE_HOVER
390,IDLE_HOVER
391,IDLE_HOVER
392,IDLE_HOVER
393,IDLE_HOVER
394,IDLE_HOVER
395,IDLE_HOVER
396,IDLE_HOVER
397,IDLE_HOVER
398,IDLE_HOVER
399,IDLE_HOVER
400,IDLE_HOVER
401,IDLE_HOVER
402,IDLE_HOVER
403,IDLE_HOVER
404,IDLE_HOVER
405,IDLE_HOVER
406,IDLE_HOVER
407,IDLE_HOVER
408,IDLE_HOVER
409,IDLE_HOVER
410,IDLE_HOVER
411,IDLE_HOVER
412,IDLE_HOVER
413,IDLE_HOVER
414,IDLE_HOVER
415,IDLE_HOVER
416,IDLE_HOVER
417,IDLE_HOVER
418,IDLE_HOVER
419,IDLE_HOVER
420,IDLE_HOVER
421,IDLE_HOVER
422,IDLE_HOVER
423,IDLE_HOVER
424,IDLE_HOVER
425,IDLE_HOVER
426,IDLE_HOVER
427,IDLE_HOVER
428,IDLE_HOVER
429,IDLE_HOVER
430,IDLE_HOVER
431,IDLE_HOVER
432,IDLE_HOVER
433,IDLE_HOVER
434,IDLE_HOVER
435,IDLE_HOVER
436,IDLE_HOVER
437,IDLE_HOVER
438,IDLE_HOVER
439,IDLE_HOVER
440,IDLE_HOVER
441,IDLE_HOVER
442,IDLE_HOVER
443,IDLE_HOVER
444,IDLE_HOVER
445,IDLE_HOVER
446,IDLE_HOVER
447,IDLE_HOVER
448,IDLE_HOVER
449,IDLE_HOVER
450,IDLE_HOVER
451,IDLE_HOVER
452,IDLE_HOVER
453,IDLE_HOVER
454,IDLE_HOVER
455,IDLE_HOVER
456,IDLE_HOVER
457,IDLE_HOVER
458,IDLE_HOVER
459,IDLE_HOVER
460,IDLE_HOVER
461,IDLE_HOVER
462,IDLE_HOVER
463,IDLE_HOVER
464,IDLE_HOVER
465,IDLE_HOVER
466,IDLE_HOVER
467,IDLE_HOVER
468,IDLE_HOVER
469,IDLE_HOVER
470,IDLE_HOVER
471,IDLE_HOVER
472,IDLE_HOVER
473,IDLE_HOVER
474,IDLE_HOVER
475,IDLE_HOVER
476,IDLE_HOVER
477,IDLE_HOVER
478,IDLE_HOVER
479,IDLE_HOVER
480,IDLE_HOVER
481,IDLE_HOVER
482,IDLE_HOVER
483,IDLE_HOVER
484,IDLE_HOVER
485,IDLE_HOVER
486,IDLE_HOVER
487,IDLE_HOVER
488,IDLE_HOVER
489,IDLE_HOVER
490,IDLE_HOVER
491,IDLE_HOVER
492,IDLE_HOVER
493,IDLE_HOVER
494,IDLE_HOVER
495,IDLE_HOVER
496,IDLE_HOVER
497,IDLE_HOVER
498,IDLE_HOVER
499,IDLE_HOVER
500,IDLE_HOVER
501,IDLE_HOVER
502,IDLE_HOVER
503,IDLE_HOVER
504,IDLE_HOVER
505,IDLE_HOVER
506,IDLE_HOVER
507,IDLE_HOVER
508,IDLE_HOVER
509,IDLE_HOVER
510,IDLE_HOVER
511,IDLE_HOVER
512,IDLE_HOVER
513,IDLE_HOVER
514,IDLE_HOVER
515,IDLE_HOVER
516,IDLE_HOVER
517,IDLE_HOVER
518,IDLE_HOVER
519,IDLE_HOVER
520,IDLE_HOVER
521,IDLE_HOVER
522,IDLE_HOVER
523,IDLE_HOVER
524,IDLE_HOVER
525,IDLE_HOVER
526,IDLE_HOVER
527,IDLE_HOVER
528,IDLE_HOVER
529,IDLE_HOVER
530,IDLE_HOVER
531,IDLE_HOVER
532,IDLE_HOVER
533,IDLE_HOVER
534,IDLE_HOVER
535,IDLE_HOVER
536,IDLE_HOVER
537,IDLE_HOVER
538,IDLE_HOVER
539,IDLE_HOVER
540,IDLE_HOVER
541,IDLE_HOVER
542,IDLE_HOVER
543,IDLE_HOVER
544,IDLE_HOVER
545,IDLE_HOVER
546,IDLE_HOVER
547,IDLE_HOVER
548,IDLE_HOVER
549,IDLE_HOVER
550,IDLE_HOVER
551,IDLE_HOVER
552,IDLE_HOVER
553,IDLE_HOVER
554,IDLE_HOVER
555,IDLE_HOVER
556,IDLE_HOVER
557,IDLE_HOVER
558,IDLE_HOVER
559,IDLE_HOVER
560,IDLE_HOVER
561,IDLE_HOVER
562,IDLE_HOVER
563,IDLE_HOVER
564,IDLE_HOVER
565,IDLE_HOVER
566,IDLE_HOVER
567,IDLE_HOVER
568,IDLE_HOVER
569,IDLE_HOVER
570,IDLE_HOVER
571,IDLE_HOVER
572,IDLE_HOVER
573,IDLE_HOVER
574,IDLE_HOVER
575,IDLE_HOVER
576,IDLE_HOVER
577,IDLE_HOVER
578,IDLE_HOVER
579,IDLE_HOVER
580,IDLE_HOVER
581,IDLE_HOVER
582,IDLE_HOVER
583,IDLE_HOVER
584,IDLE_HOVER
585,IDLE_HOVER
586,IDLE_HOVER
587,IDLE_HOVER
588,IDLE_HOVER
589,IDLE_HOVER
590,IDLE_HOVER
591,IDLE_HOVER
592,IDLE_HOVER
593,IDLE_HOVER
594,IDLE_HOVER
595,IDLE_HOVER
596,IDLE_HOVER
597,IDLE_HOVER
598,IDLE_HOVER
599,IDLE_HOVER
600,IDLE_HOVER
601,IDLE_HOVER
602,IDLE_HOVER
603,IDLE_HOVER
604,IDLE_HOVER
605,IDLE_HOVER
606,IDLE_HOVER
607,IDLE_HOVER
608,IDLE_HOVER
609,IDLE_HOVER
610,IDLE_HOVER
611,IDLE_HOVER
612,IDLE_HOVER
613,IDLE_HOVER
614,IDLE_HOVER
615,IDLE_HOVER
616,IDLE_HOVER
617,IDLE_HOVER
618,IDLE_HOVER
619,IDLE_HOVER
620,IDLE_HOVER
621,IDLE_HOVER
622,IDLE_HOVER
623,IDLE_HOVER
624,IDLE_HOVER
625,IDLE_HOVER
626,IDLE_HOVER
627,IDLE_HOVER
628,IDLE_HOVER
629,IDLE_HOVER
630,IDLE_HOVER
631,IDLE_HOVER
632,IDLE_HOVER
633,IDLE_HOVER
634,IDLE_HOVER
635,IDLE_HOVER
636,IDLE_HOVER
637,IDLE_HOVER
638,IDLE_HOVER
639,IDLE_HOVER
640,IDLE_HOVER
641,IDLE_HOVER
642,IDLE_HOVER
643,IDLE_HOVER
644,IDLE_HOVER
645,IDLE_HOVER
646,IDLE_HOVER
647,IDLE_HOVER
648,IDLE_HOVER
649,IDLE_HOVER
650,IDLE_HOVER
651,IDLE_HOVER
652,IDLE_HOVER
653,IDLE_HOVER
654,IDLE_HOVER
655,IDLE_HOVER
656,IDLE_HOVER
657,IDLE_HOVER
658,IDLE_HOVER
659,IDLE_HOVER
660,IDLE_HOVER
661,IDLE_HOVER
662,IDLE_HOVER
663,IDLE_HOVER
664,IDLE_HOVER
665,IDLE_HOVER
666,IDLE_HOVER
667,IDLE_HOVER
668,IDLE_HOVER
669,IDLE_HOVER
670,IDLE_HOVER
671,IDLE_HOVER
672,IDLE_HOVER
673,IDLE_HOVER
674,IDLE_HOVER
675,IDLE_HOVER
676,IDLE_HOVER
677,IDLE_HOVER
678,IDLE_HOVER
679,IDLE_HOVER
680,IDLE_HOVER
681,IDLE_HOVER
682,IDLE_HOVER
683,IDLE_HOVER
684,IDLE_HOVER
685,IDLE_HOVER
686,IDLE_HOVER
687,IDLE_HOVER
688,IDLE_HOVER
689,IDLE_HOVER
690,IDLE_HOVER
691,IDLE_HOVER
692,IDLE_HOVER
693,IDLE_HOVER
694,IDLE_HOVER
695,IDLE_HOVER
696,IDLE_HOVER
697,IDLE_HOVER
698,IDLE_HOVER
699,IDLE_HOVER
700,IDLE_HOVER
701,IDLE_HOVER
702,IDLE_HOVER
703,IDLE_HOVER
704,IDLE_HOVER
705,IDLE_HOVER
706,IDLE_HOVER
707,IDLE_HOVER
708,IDLE_HOVER
709,IDLE_HOVER
710,IDLE_HOVER
711,IDLE_HOVER
712,IDLE_HOVER
713,IDLE_HOVER
714,IDLE_HOVER
715,IDLE_HOVER
716,IDLE_HOVER
717,IDLE_HOVER
718,IDLE_HOVER
719,IDLE_HOVER
720,IDLE_HOVER
721,IDLE_HOVER
722,IDLE_HOVER
723,IDLE_HOVER
724,IDLE_HOVER
725,IDLE_HOVER
726,IDLE_HOVER
727,IDLE_HOVER
728,IDLE_HOVER
729,IDLE_HOVER
730,IDLE_HOVER
731,IDLE_HOVER
732,IDLE_HOVER
733,IDLE_HOVER
734,IDLE_HOVER
735,IDLE_HOVER
736,IDLE_HOVER
737,IDLE_HOVER
738,IDLE_HOVER
739,IDLE_HOVER
740,IDLE_HOVER
741,IDLE_HOVER
742,IDLE_HOVER
743,IDLE_HOVER
744,IDLE_HOVER
745,IDLE_HOVER
746,IDLE_HOVER
747,IDLE_HOVER
748,IDLE_HOVER
749,IDLE_HOVER
750,IDLE_HOVER
751,IDLE_HOVER
752,IDLE_HOVER
753,IDLE_HOVER
754,IDLE_HOVER
755,IDLE_HOVER
756,IDLE_HOVER
757,IDLE_HOVER
758,IDLE_HOVER
759,IDLE_HOVER
760,IDLE_HOVER
761,IDLE_HOVER
762,IDLE_HOVER
763,IDLE_HOVER
764,IDLE_HOVER
765,IDLE_HOVER
766,IDLE_HOVER
767,IDLE_HOVER
768,IDLE_HOVER
769,IDLE_HOVER
770,IDLE_HOVER
771,IDLE_HOVER
772,IDLE_HOVER
773,IDLE_HOVER
774,IDLE_HOVER
775,IDLE_HOVER
776,IDLE_HOVER
777,IDLE_HOVER
778,IDLE_HOVER
779,IDLE_HOVER
780,IDLE_HOVER
781,IDLE_HOVER
782,IDLE_HOVER
783,IDLE_HOVER
784,IDLE_HOVER
785,IDLE_HOVER
786,IDLE_HOVER
787,IDLE_HOVER
788,IDLE_HOVER
789,IDLE_HOVER
790,IDLE_HOVER
791,IDLE_HOVER
792,IDLE_HOVER
793,IDLE_HOVER
794,IDLE_HOVER
795,IDLE_HOVER
796,IDLE_HOVER
797,IDLE_HOVER
798,IDLE_HOVER
799,IDLE_HOVER
800,IDLE_HOVER
801,IDLE_HOVER
802,IDLE_HOVER
803,IDLE_HOVER
804,IDLE_HOVER
805,IDLE_HOVER
806,IDLE_HOVER
807,IDLE_HOVER
808,IDLE_HOVER
809,IDLE_HOVER
810,IDLE_HOVER
811,IDLE_HOVER
812,IDLE_HOVER
813,IDLE_HOVER
814,IDLE_HOVER
815,IDLE_HOVER
816,IDLE_HOVER
817,IDLE_HOVER
818,IDLE_HOVER
819,IDLE_HOVER
820,IDLE_HOVER
821,IDLE_HOVER
822,IDLE_HOVER
823,IDLE_HOVER
824,IDLE_HOVER
825,IDLE_HOVER
826,IDLE_HOVER
827,IDLE_HOVER
828,IDLE_HOVER
829,IDLE_HOVER
830,IDLE_HOVER
831,IDLE_HOVER
832,IDLE_HOVER
833,IDLE_HOVER
834,IDLE_HOVER
835,IDLE_HOVER
836,IDLE_HOVER
837,IDLE_HOVER
838,IDLE_HOVER
839,IDLE_HOVER
840,IDLE_HOVER
841,IDLE_HOVER
842,IDLE_HOVER
843,IDLE_HOVER
844,IDLE_HOVER
845,IDLE_HOVER
846,IDLE_HOVER
847,IDLE_HOVER
848,IDLE_HOVER
849,IDLE_HOVER
850,IDLE_HOVER
851,IDLE_HOVER
852,IDLE_HOVER
853,IDLE_HOVER
854,IDLE_HOVER
855,IDLE_HOVER
856,IDLE_HOVER
857,IDLE_HOVER
858,IDLE_HOVER
859,IDLE_HOVER
860,IDLE_HOVER
861,IDLE_HOVER
862,IDLE_HOVER
863,IDLE_HOVER
864,IDLE_HOVER
865,IDLE_HOVER
866,IDLE_HOVER
867,IDLE_HOVER
868,IDLE_HOVER
869,IDLE_HOVER
870,IDLE_HOVER
871,IDLE_HOVER
872,IDLE_HOVER
873,IDLE_HOVER
874,IDLE_HOVER
875,IDLE_HOVER
876,IDLE_HOVER
877,IDLE_HOVER
878,IDLE_HOVER
879,IDLE_HOVER
880,IDLE_HOVER
881,IDLE_HOVER
882,IDLE_HOVER
883,IDLE_HOVER
884,IDLE_HOVER
885,IDLE_HOVER
886,IDLE_HOVER
887,IDLE_HOVER
888,IDLE_HOVER
889,IDLE_HOVER
890,IDLE_HOVER
891,IDLE_HOVER
892,IDLE_HOVER
893,IDLE_HOVER
894,IDLE_HOVER
895,IDLE_HOVER
896,IDLE_HOVER
897,IDLE_HOVER
898,IDLE_HOVER
899,IDLE_HOVER
900,IDLE_HOVER
901,IDLE_HOVER
902,IDLE_HOVER
903,IDLE_HOVER
904,IDLE_HOVER
905,IDLE_HOVER
906,IDLE_HOVER
907,IDLE_HOVER
908,IDLE_HOVER
909,IDLE_HOVER
910,IDLE_HOVER
911,IDLE_HOVER
912,IDLE_HOVER
913,IDLE_HOVER
914,IDLE_HOVER
915,IDLE_HOVER
916,IDLE_HOVER
917,IDLE_HOVER
918,IDLE_HOVER
919,IDLE_HOVER
920,IDLE_HOVER
921,IDLE_HOVER
922,IDLE_HOVER
923,IDLE_HOVER
924,IDLE_HOVER
925,IDLE_HOVER
926,IDLE_HOVER
927,IDLE_HOVER
928,IDLE_HOVER
929,IDLE_HOVER
930,IDLE_HOVER
931,IDLE_HOVER
932,IDLE_HOVER
933,IDLE_HOVER
934,IDLE_HOVER
935,IDLE_HOVER
936,IDLE_HOVER
937,IDLE_HOVER
938,IDLE_HOVER
939,IDLE_HOVER
940,IDLE_HOVER
941,IDLE_HOVER
942,IDLE_HOVER
943,IDLE_HOVER
944,IDLE_HOVER
945,IDLE_HOVER
946,IDLE_HOVER
947,IDLE_HOVER
948,IDLE_HOVER
949,IDLE_HOVER
950,IDLE_HOVER
951,IDLE_HOVER
952,IDLE_HOVER
953,IDLE_HOVER
954,IDLE_HOVER
955,IDLE_HOVER
956,IDLE_HOVER
957,IDLE_HOVER
958,IDLE_HOVER
959,IDLE_HOVER
960,IDLE_HOVER
961,IDLE_HOVER
962,IDLE_HOVER
963,IDLE_HOVER
964,IDLE_HOVER
965,IDLE_HOVER
966,IDLE_HOVER
967,IDLE_HOVER
968,IDLE_HOVER
969,IDLE_HOVER
970,IDLE_HOVER
971,IDLE_HOVER
972,IDLE_HOVER
973,IDLE_HOVER
974,IDLE_HOVER
975,IDLE_HOVER
976,IDLE_HOVER
977,IDLE_HOVER
978,IDLE_HOVER
979,IDLE_HOVER
980,IDLE_HOVER
981,IDLE_HOVER
982,IDLE_HOVER
983,IDLE_HOVER
984,IDLE_HOVER
985,IDLE_HOVER
986,IDLE_HOVER
987,IDLE_HOVER
988,IDLE_HOVER
989,IDLE_HOVER
990,IDLE_HOVER
991,IDLE_HOVER
992,IDLE_HOVER
993,IDLE_HOVER
994,IDLE_HOVER
995,IDLE_HOVER
996,IDLE_HOVER
997,IDLE_HOVER
998,IDLE_HOVER
999,IDLE_HOVER
1000,IDLE_HOVER
1001,IDLE_HOVER
1002,IDLE_HOVER
1003,IDLE_HOVER
1004,IDLE_HOVER
1005,IDLE_HOVER
1006,IDLE_HOVER
1007,IDLE_HOVER
1008,IDLE_HOVER
1009,IDLE_HOVER
1010,IDLE_HOVER
1011,IDLE_HOVER
1012,IDLE_HOVER
1013,IDLE_HOVER
1014,IDLE_HOVER
1015,IDLE_HOVER
1016,IDLE_HOVER
1017,IDLE_HOVER
1018,IDLE_HOVER
1019,IDLE_HOVER
1020,IDLE_HOVER
1021,IDLE_HOVER
1022,IDLE_HOVER
1023,IDLE_HOVER
1024,IDLE_HOVER
1025,IDLE_HOVER
1026,IDLE_HOVER
1027,IDLE_HOVER
1028,IDLE_HOVER
1029,IDLE_HOVER
1030,IDLE_HOVER
1031,IDLE_HOVER
1032,IDLE_HOVER
1033,IDLE_HOVER
1034,IDLE_HOVER
1035,IDLE_HOVER
1036,IDLE_HOVER
1037,IDLE_HOVER
1038,IDLE_HOVER
1039,IDLE_HOVER
1040,IDLE_HOVER
1041,IDLE_HOVER
1042,IDLE_HOVER
1043,IDLE_HOVER
1044,IDLE_HOVER
1045,IDLE_HOVER
1046,IDLE_HOVER
1047,IDLE_HOVER
1048,IDLE_HOVER
1049,IDLE_HOVER
1050,IDLE_HOVER
1051,IDLE_HOVER
1052,IDLE_HOVER
1053,IDLE_HOVER
1054,IDLE_HOVER
1055,IDLE_HOVER
1056,IDLE_HOVER
1057,IDLE_HOVER
1058,IDLE_HOVER
1059,IDLE_HOVER
1060,IDLE_HOVER
1061,IDLE_HOVER
1062,IDLE_HOVER
1063,IDLE_HOVER
1064,IDLE_HOVER
1065,IDLE_HOVER
1066,IDLE_HOVER
1067,IDLE_HOVER
1068,IDLE_HOVER
1069,IDLE_HOVER
1070,IDLE_HOVER
1071,IDLE_HOVER
1072,IDLE_HOVER
1073,IDLE_HOVER
1074,IDLE_HOVER
1075,IDLE_HOVER
1076,IDLE_HOVER
1077,IDLE_HOVER
1078,IDLE_HOVER
1079,IDLE_HOVER
1080,IDLE_HOVER
1081,IDLE_HOVER
1082,IDLE_HOVER
1083,IDLE_HOVER
1084,IDLE_HOVER
1085,IDLE_HOVER
1086,IDLE_HOVER
1087,IDLE_HOVER
1088,IDLE_HOVER
1089,IDLE_HOVER
1090,IDLE_HOVER
1091,IDLE_HOVER
1092,IDLE_HOVER
1093,IDLE_HOVER
1094,IDLE_HOVER
1095,IDLE_HOVER
1096,IDLE_HOVER
1097,IDLE_HOVER
1098,IDLE_HOVER
1099,IDLE_HOVER
1100,IDLE_HOVER
1101,IDLE_HOVER
1102,IDLE_HOVER
1103,IDLE_HOVER
1104,IDLE_HOVER
1105,IDLE_HOVER
1106,IDLE_HOVER
1107,IDLE_HOVER
1108,IDLE_HOVER
1109,IDLE_HOVER
1110,IDLE_HOVER
1111,IDLE_HOVER
1112,IDLE_HOVER
1113,IDLE_HOVER
1114,IDLE_HOVER
1115,IDLE_HOVER
1116,IDLE_HOVER
1117,IDLE_HOVER
1118,IDLE_HOVER
1119,IDLE_HOVER
1120,IDLE_HOVER
1121,IDLE_HOVER
1122,IDLE_HOVER
1123,IDLE_HOVER
1124,IDLE_HOVER
1125,IDLE_HOVER
1126,IDLE_HOVER
1127,IDLE_HOVER
1128,IDLE_HOVER
1129,IDLE_HOVER
1130,IDLE_HOVER
1131,IDLE_HOVER
1132,IDLE_HOVER
1133,IDLE_HOVER
1134,IDLE_HOVER
1135,IDLE_HOVER
1136,IDLE_HOVER
1137,IDLE_HOVER
1138,IDLE_HOVER
1139,IDLE_HOVER
1140,IDLE_HOVER
1141,IDLE_HOVER
1142,IDLE_HOVER
1143,IDLE_HOVER
1144,IDLE_HOVER
1145,IDLE_HOVER
1146,IDLE_HOVER
1147,IDLE_HOVER
1148,IDLE_HOVER
1149,IDLE_HOVER
1150,IDLE_HOVER
1151,IDLE_HOVER
1152,IDLE_HOVER
1153,IDLE_HOVER
1154,IDLE_HOVER
1155,IDLE_HOVER
1156,IDLE_HOVER
1157,IDLE_HOVER
1158,IDLE_HOVER
1159,IDLE_HOVER
1160,IDLE_HOVER
1161,IDLE_HOVER
1162,IDLE_HOVER
1163,IDLE_HOVER
1164,IDLE_HOVER
1165,IDLE_HOVER
1166,IDLE_HOVER
1167,IDLE_HOVER
1168,IDLE_HOVER
1169,IDLE_HOVER
1170,IDLE_HOVER
1171,IDLE_HOVER
1172,IDLE_HOVER
1173,IDLE_HOVER
1174,IDLE_HOVER
1175,IDLE_HOVER
1176,IDLE_HOVER
1177,IDLE_HOVER
1178,IDLE_HOVER
1179,IDLE_HOVER
1180,IDLE_HOVER
1181,IDLE_HOVER
1182,IDLE_HOVER
1183,IDLE_HOVER
1184,IDLE_HOVER
1185,IDLE_HOVER
1186,IDLE_HOVER
1187,IDLE_HOVER
1188,IDLE_HOVER
1189,IDLE_HOVER
1190,IDLE_HOVER
1191,IDLE_HOVER
1192,IDLE_HOVER
1193,IDLE_HOVER
1194,IDLE_HOVER
1195,IDLE_HOVER
1196,IDLE_HOVER
1197,IDLE_HOVER
1198,IDLE_HOVER
1199,IDLE_HOVER
1200,IDLE_HOVER
1201,IDLE_HOVER
1202,IDLE_HOVER
1203,IDLE_HOVER
1204,IDLE_HOVER
1205,IDLE_HOVER
1206,IDLE_HOVER
1207,IDLE_HOVER
1208,IDLE_HOVER
1209,IDLE_HOVER
1210,IDLE_HOVER
1211,IDLE_HOVER
1212,IDLE_HOVER
1213,IDLE_HOVER
1214,IDLE_HOVER
1215,IDLE_HOVER
1216,IDLE_HOVER
1217,IDLE_HOVER
1218,IDLE_HOVER
1219,IDLE_HOVER
1220,IDLE_HOVER
1221,IDLE_HOVER
1222,IDLE_HOVER
1223,IDLE_HOVER
1224,IDLE_HOVER
1225,IDLE_HOVER
1226,IDLE_HOVER
1227,IDLE_HOVER
1228,IDLE_HOVER
1229,IDLE_HOVER
1230,IDLE_HOVER
1231,IDLE_HOVER
1232,IDLE_HOVER
1233,IDLE_HOVER
1234,IDLE_HOVER
1235,IDLE_HOVER
1236,IDLE_HOVER
1237,IDLE_HOVER
1238,IDLE_HOVER
1239,IDLE_HOVER
1240,IDLE_HOVER
1241,IDLE_HOVER
1242,IDLE_HOVER
1243,IDLE_HOVER
1244,IDLE_HOVER
1245,IDLE_HOVER
1246,IDLE_HOVER
1247,IDLE_HOVER
1248,IDLE_HOVER
1249,IDLE_HOVER
1250,IDLE_HOVER
1251,IDLE_HOVER
1252,IDLE_HOVER
1253,IDLE_HOVER
1254,IDLE_HOVER
1255,IDLE_HOVER
1256,IDLE_HOVER
1257,IDLE_HOVER
1258,IDLE_HOVER
1259,IDLE_HOVER
1260,IDLE_HOVER
1261,IDLE_HOVER
1262,IDLE_HOVER
1263,IDLE_HOVER
1264,IDLE_HOVER
1265,IDLE_HOVER
1266,IDLE_HOVER
1267,IDLE_HOVER
1268,IDLE_HOVER
1269,IDLE_HOVER
1270,IDLE_HOVER
1271,IDLE_HOVER
1272,IDLE_HOVER
1273,IDLE_HOVER
1274,IDLE_HOVER
1275,IDLE_HOVER
1276,IDLE_HOVER
1277,IDLE_HOVER
1278,IDLE_HOVER
1279,IDLE_HOVER
1280,IDLE_HOVER
1281,IDLE_HOVER
1282,IDLE_HOVER
1283,IDLE_HOVER
1284,IDLE_HOVER
1285,IDLE_HOVER
1286,IDLE_HOVER
1287,IDLE_HOVER
1288,IDLE_HOVER
1289,IDLE_HOVER
1290,IDLE_HOVER
1291,IDLE_HOVER
1292,IDLE_HOVER
1293,IDLE_HOVER
1294,IDLE_HOVER
1295,IDLE_HOVER
1296,IDLE_HOVER
1297,IDLE_HOVER
1298,IDLE_HOVER
1299,IDLE_HOVER
1300,IDLE_HOVER
1301,IDLE_HOVER
1302,IDLE_HOVER
1303,IDLE_HOVER
1304,IDLE_HOVER
1305,IDLE_HOVER
1306,IDLE_HOVER
1307,IDLE_HOVER
1308,IDLE_HOVER
1309,IDLE_HOVER
1310,IDLE_HOVER
1311,IDLE_HOVER
1312,IDLE_HOVER
1313,IDLE_HOVER
1314,IDLE_HOVER
1315,IDLE_HOVER
1316,IDLE_HOVER
1317,IDLE_HOVER
1318,IDLE_HOVER
1319,IDLE_HOVER
1320,IDLE_HOVER
1321,IDLE_HOVER
1322,IDLE_HOVER
1323,IDLE_HOVER
1324,IDLE_HOVER
1325,IDLE_HOVER
1326,IDLE_HOVER
1327,IDLE_HOVER
1328,IDLE_HOVER
1329,IDLE_HOVER
1330,IDLE_HOVER
1331,IDLE_HOVER
1332,IDLE_HOVER
1333,IDLE_HOVER
1334,IDLE_HOVER
1335,IDLE_HOVER
1336,IDLE_HOVER
1337,IDLE_HOVER
1338,IDLE_HOVER
1339,IDLE_HOVER
1340,IDLE_HOVER
1341,IDLE_HOVER
1342,IDLE_HOVER
1343,IDLE_HOVER
1344,IDLE_HOVER
1345,IDLE_HOVER
1346,IDLE_HOVER
1347,IDLE_HOVER
1348,IDLE_HOVER
1349,IDLE_HOVER
1350,IDLE_HOVER
1351,IDLE_HOVER
1352,IDLE_HOVER
1353,IDLE_HOVER
1354,IDLE_HOVER
1355,IDLE_HOVER
1356,IDLE_HOVER
1357,IDLE_HOVER
1358,IDLE_HOVER
1359,IDLE_HOVER
1360,IDLE_HOVER
1361,IDLE_HOVER
1362,IDLE_HOVER
1363,IDLE_HOVER
1364,IDLE_HOVER
1365,IDLE_HOVER
1366,IDLE_HOVER
1367,IDLE_HOVER
1368,IDLE_HOVER
1369,IDLE_HOVER
1370,IDLE_HOVER
1371,IDLE_HOVER
1372,IDLE_HOVER
1373,IDLE_HOVER
1374,IDLE_HOVER
1375,IDLE_HOVER
1376,IDLE_HOVER
1377,IDLE_HOVER
1378,IDLE_HOVER
1379,IDLE_HOVER
1380,IDLE_HOVER
1381,IDLE_HOVER
1382,IDLE_HOVER
1383,IDLE_HOVER
1384,IDLE_HOVER
1385,IDLE_HOVER
1386,IDLE_HOVER
1387,IDLE_HOVER
1388,IDLE_HOVER
1389,IDLE_HOVER
1390,IDLE_HOVER
1391,IDLE_HOVER
1392,IDLE_HOVER
1393,IDLE_HOVER
1394,IDLE_HOVER
1395,IDLE_HOVER
1396,IDLE_HOVER
1397,IDLE_HOVER
1398,IDLE_HOVER
1399,IDLE_HOVER
1400,IDLE_HOVER
1401,IDLE_HOVER
1402,IDLE_HOVER
1403,IDLE_HOVER
1404,IDLE_HOVER
1405,IDLE_HOVER
1406,IDLE_HOVER
1407,IDLE_HOVER
1408,IDLE_HOVER
1409,IDLE_HOVER
1410,IDLE_HOVER
1411,IDLE_HOVER
1412,IDLE_HOVER
1413,IDLE_HOVER
1414,IDLE_HOVER
1415,IDLE_HOVER
1416,IDLE_HOVER
1417,IDLE_HOVER
1418,IDLE_HOVER
1419,IDLE_HOVER
1420,IDLE_HOVER
1421,IDLE_HOVER
1422,IDLE_HOVER
1423,IDLE_HOVER
1424,IDLE_HOVER
1425,IDLE_HOVER
1426,IDLE_HOVER
1427,IDLE_HOVER
1428,IDLE_HOVER
1429,IDLE_HOVER
1430,IDLE_HOVER
1431,IDLE_HOVER
1432,IDLE_HOVER
1433,IDLE_HOVER
1434,IDLE_HOVER
1435,IDLE_HOVER
1436,IDLE_HOVER
1437,IDLE_HOVER
1438,IDLE_HOVER
1439,IDLE_HOVER
1440,IDLE_HOVER
1441,IDLE_HOVER
1442,IDLE_HOVER
1443,IDLE_HOVER
1444,IDLE_HOVER
1445,IDLE_HOVER
1446,IDLE_HOVER
1447,IDLE_HOVER
1448,IDLE_HOVER
1449,IDLE_HOVER
1450,IDLE_HOVER
1451,IDLE_HOVER
1452,IDLE_HOVER
1453,IDLE_HOVER
1454,IDLE_HOVER
1455,IDLE_HOVER
1456,IDLE_HOVER
1457,IDLE_HOVER
1458,IDLE_HOVER
1459,IDLE_HOVER
1460,IDLE_HOVER
1461,IDLE_HOVER
1462,IDLE_HOVER
1463,IDLE_HOVER
1464,IDLE_HOVER
1465,IDLE_HOVER
1466,IDLE_HOVER
1467,IDLE_HOVER
1468,IDLE_HOVER
1469,IDLE_HOVER
1470,IDLE_HOVER
1471,IDLE_HOVER
1472,IDLE_HOVER
1473,IDLE_HOVER
1474,IDLE_HOVER
1475,IDLE_HOVER
1476,IDLE_HOVER
1477,IDLE_HOVER
1478,IDLE_HOVER
1479,IDLE_HOVER
1480,IDLE_HOVER
1481,IDLE_HOVER
1482,IDLE_HOVER
1483,IDLE_HOVER
1484,IDLE_HOVER
1485,IDLE_HOVER
1486,IDLE_HOVER
1487,IDLE_HOVER
1488,IDLE_HOVER
1489,IDLE_HOVER
1490,IDLE_HOVER
1491,IDLE_HOVER
1492,IDLE_HOVER
1493,IDLE_HOVER
1494,IDLE_HOVER
1495,IDLE_HOVER
1496,IDLE_HOVER
1497,IDLE_HOVER
1498,IDLE_HOVER
1499,IDLE_HOVER
1500,IDLE_HOVER
1501,IDLE_HOVER
1502,IDLE_HOVER
1503,IDLE_HOVER
1504,IDLE_HOVER
1505,IDLE_HOVER
1506,IDLE_HOVER
1507,IDLE_HOVER
1508,IDLE_HOVER
1509,IDLE_HOVER
1510,IDLE_HOVER
1511,IDLE_HOVER
1512,IDLE_HOVER
1513,IDLE_HOVER
1514,IDLE_HOVER
1515,IDLE_HOVER
1516,IDLE_HOVER
1517,IDLE_HOVER
1518,IDLE_HOVER
1519,IDLE_HOVER
1520,IDLE_HOVER
1521,IDLE_HOVER
1522,IDLE_HOVER
1523,IDLE_HOVER
1524,IDLE_HOVER
1525,IDLE_HOVER
1526,IDLE_HOVER
1527,IDLE_HOVER
1528,IDLE_HOVER
1529,IDLE_HOVER
1530,IDLE_HOVER
1531,IDLE_HOVER
1532,IDLE_HOVER
1533,IDLE_HOVER
1534,IDLE_HOVER
1535,IDLE_HOVER
1536,IDLE_HOVER
1537,IDLE_HOVER
1538,IDLE_HOVER
1539,IDLE_HOVER
1540,IDLE_HOVER
1541,IDLE_HOVER
1542,IDLE_HOVER
1543,IDLE_HOVER
1544,IDLE_HOVER
1545,IDLE_HOVER
1546,IDLE_HOVER
1547,IDLE_HOVER
1548,IDLE_HOVER
1549,IDLE_HOVER
1550,IDLE_HOVER
1551,IDLE_HOVER
1552,IDLE_HOVER
1553,IDLE_HOVER
1554,IDLE_HOVER
1555,IDLE_HOVER
1556,IDLE_HOVER
1557,IDLE_HOVER
1558,IDLE_HOVER
1559,IDLE_HOVER
1560,IDLE_HOVER
1561,IDLE_HOVER
1562,IDLE_HOVER
1563,IDLE_HOVER
1564,IDLE_HOVER
1565,IDLE_HOVER
1566,IDLE_HOVER
1567,IDLE_HOVER
1568,IDLE_HOVER
1569,IDLE_HOVER
1570,IDLE_HOVER
1571,IDLE_HOVER
1572,IDLE_HOVER
1573,IDLE_HOVER
1574,IDLE_HOVER
1575,IDLE_HOVER
1576,IDLE_HOVER
1577,IDLE_HOVER
1578,IDLE_HOVER
1579,IDLE_HOVER
1580,IDLE_HOVER
1581,IDLE_HOVER
1582,IDLE_HOVER
1583,IDLE_HOVER
1584,IDLE_HOVER
1585,IDLE_HOVER
1586,IDLE_HOVER
1587,IDLE_HOVER
1588,IDLE_HOVER
1589,IDLE_HOVER
1590,IDLE_HOVER
1591,IDLE_HOVER
1592,IDLE_HOVER
1593,IDLE_HOVER
1594,IDLE_HOVER
1595,IDLE_HOVER
1596,IDLE_HOVER
1597,IDLE_HOVER
1598,IDLE_HOVER
1599,IDLE_HOVER
1600,IDLE_HOVER
1601,IDLE_HOVER
1602,IDLE_HOVER
1603,IDLE_HOVER
1604,IDLE_HOVER
1605,IDLE_HOVER
1606,IDLE_HOVER
1607,IDLE_HOVER
1608,IDLE_HOVER
1609,IDLE_HOVER
1610,IDLE_HOVER
1611,IDLE_HOVER
1612,IDLE_HOVER
1613,IDLE_HOVER
1614,IDLE_HOVER
1615,IDLE_HOVER
1616,IDLE_HOVER
1617,IDLE_HOVER
1618,IDLE_HOVER
1619,IDLE_HOVER
1620,IDLE_HOVER
1621,IDLE_HOVER
1622,IDLE_HOVER
1623,IDLE_HOVER
1624,IDLE_HOVER
1625,IDLE_HOVER
1626,IDLE_HOVER
1627,IDLE_HOVER
1628,IDLE_HOVER
1629,IDLE_HOVER
1630,IDLE_HOVER
1631,IDLE_HOVER
1632,IDLE_HOVER
1633,IDLE_HOVER
1634,IDLE_HOVER
1635,IDLE_HOVER
1636,IDLE_HOVER
1637,IDLE_HOVER
1638,IDLE_HOVER
1639,IDLE_HOVER
1640,IDLE_HOVER
1641,IDLE_HOVER
1642,IDLE_HOVER
1643,IDLE_HOVER
1644,IDLE_HOVER
1645,IDLE_HOVER
1646,IDLE_HOVER
1647,IDLE_HOVER
1648,IDLE_HOVER
1649,IDLE_HOVER
1650,IDLE_HOVER
1651,IDLE_HOVER
1652,IDLE_HOVER
1653,IDLE_HOVER
1654,IDLE_HOVER
1655,IDLE_HOVER
1656,IDLE_HOVER
1657,IDLE_HOVER
1658,IDLE_HOVER
1659,IDLE_HOVER
1660,IDLE_HOVER
1661,IDLE_HOVER
1662,IDLE_HOVER
1663,IDLE_HOVER
1664,IDLE_HOVER
1665,IDLE_HOVER
1666,IDLE_HOVER
1667,IDLE_HOVER
1668,IDLE_HOVER
1669,IDLE_HOVER
1670,IDLE_HOVER
1671,IDLE_HOVER
1672,IDLE_HOVER
1673,IDLE_HOVER
1674,IDLE_HOVER
1675,IDLE_HOVER
1676,IDLE_HOVER
1677,IDLE_HOVER
1678,IDLE_HOVER
1679,IDLE_HOVER
1680,IDLE_HOVER
1681,IDLE_HOVER
1682,IDLE_HOVER
1683,IDLE_HOVER
1684,IDLE_HOVER
1685,IDLE_HOVER
1686,IDLE_HOVER
1687,IDLE_HOVER
1688,IDLE_HOVER
1689,IDLE_HOVER
1690,IDLE_HOVER
1691,IDLE_HOVER
1692,IDLE_HOVER
1693,IDLE_HOVER
1694,IDLE_HOVER
1695,IDLE_HOVER
1696,IDLE_HOVER
1697,IDLE_HOVER
1698,IDLE_HOVER
1699,IDLE_HOVER
1700,IDLE_HOVER
1701,IDLE_HOVER
1702,IDLE_HOVER
1703,IDLE_HOVER
1704,IDLE_HOVER
1705,IDLE_HOVER
1706,IDLE_HOVER
1707,IDLE_HOVER
1708,IDLE_HOVER
1709,IDLE_HOVER
1710,IDLE_HOVER
1711,IDLE_HOVER
1712,IDLE_HOVER
1713,IDLE_HOVER
1714,IDLE_HOVER
1715,IDLE_HOVER
1716,IDLE_HOVER
1717,IDLE_HOVER
1718,IDLE_HOVER
1719,IDLE_HOVER
1720,IDLE_HOVER
1721,IDLE_HOVER
1722,IDLE_HOVER
1723,IDLE_HOVER
1724,IDLE_HOVER
1725,IDLE_HOVER
1726,IDLE_HOVER
1727,IDLE_HOVER
1728,IDLE_HOVER
1729,IDLE_HOVER
1730,IDLE_HOVER
1731,IDLE_HOVER
1732,IDLE_HOVER
1733,IDLE_HOVER
1734,IDLE_HOVER
1735,IDLE_HOVER
1736,IDLE_HOVER
1737,IDLE_HOVER
1738,IDLE_HOVER
1739,IDLE_HOVER
1740,IDLE_HOVER
1741,IDLE_HOVER
1742,IDLE_HOVER
1743,IDLE_HOVER
1744,IDLE_HOVER
1745,IDLE_HOVER
1746,IDLE_HOVER
1747,IDLE_HOVER
1748,IDLE_HOVER
1749,IDLE_HOVER
1750,IDLE_HOVER
1751,IDLE_HOVER
1752,IDLE_HOVER
1753,IDLE_HOVER
1754,IDLE_HOVER
1755,IDLE_HOVER
1756,IDLE_HOVER
1757,IDLE_HOVER
1758,IDLE_HOVER
1759,IDLE_HOVER
1760,IDLE_HOVER
1761,IDLE_HOVER
1762,IDLE_HOVER
1763,IDLE_HOVER
1764,IDLE_HOVER
1765,IDLE_HOVER
1766,IDLE_HOVER
1767,IDLE_HOVER
1768,IDLE_HOVER
1769,IDLE_HOVER
1770,IDLE_HOVER
1771,IDLE_HOVER
1772,IDLE_HOVER
1773,IDLE_HOVER
1774,IDLE_HOVER
1775,IDLE_HOVER
1776,IDLE_HOVER
1777,IDLE_HOVER
1778,IDLE_HOVER
1779,IDLE_HOVER
1780,IDLE_HOVER
1781,IDLE_HOVER
1782,IDLE_HOVER
1783,IDLE_HOVER
1784,IDLE_HOVER
1785,IDLE_HOVER
1786,IDLE_HOVER
1787,IDLE_HOVER
1788,IDLE_HOVER
1789,IDLE_HOVER
1790,IDLE_HOVER
1791,IDLE_HOVER
1792,IDLE_HOVER
1793,IDLE_HOVER
1794,IDLE_HOVER
1795,IDLE_HOVER
1796,IDLE_HOVER
1797,IDLE_HOVER
1798,IDLE_HOVER
1799,IDLE_HOVER
1800,IDLE_HOVER
1801,IDLE_HOVER
1802,IDLE_HOVER
1803,IDLE_HOVER
1804,IDLE_HOVER
1805,IDLE_HOVER
1806,IDLE_HOVER
1807,IDLE_HOVER
1808,IDLE_HOVER
1809,IDLE_HOVER
1810,IDLE_HOVER
1811,IDLE_HOVER
1812,IDLE_HOVER
1813,IDLE_HOVER
1814,IDLE_HOVER
1815,IDLE_HOVER
1816,IDLE_HOVER
1817,IDLE_HOVER
1818,IDLE_HOVER
1819,IDLE_HOVER
1820,IDLE_HOVER
1821,IDLE_HOVER
1822,IDLE_HOVER
1823,IDLE_HOVER
1824,IDLE_HOVER
1825,IDLE_HOVER
1826,IDLE_HOVER
1827,IDLE_HOVER
1828,IDLE_HOVER
1829,IDLE_HOVER
1830,IDLE_HOVER
1831,IDLE_HOVER
1832,IDLE_HOVER
1833,IDLE_HOVER
1834,IDLE_HOVER
1835,IDLE_HOVER
1836,IDLE_HOVER
1837,IDLE_HOVER
1838,IDLE_HOVER
1839,IDLE_HOVER
1840,IDLE_HOVER
1841,IDLE_HOVER
1842,IDLE_HOVER
1843,IDLE_HOVER
1844,IDLE_HOVER
1845,IDLE_HOVER
1846,IDLE_HOVER
1847,IDLE_HOVER
1848,IDLE_HOVER
1849,IDLE_HOVER
1850,IDLE_HOVER
1851,IDLE_HOVER
1852,IDLE_HOVER
1853,IDLE_HOVER
1854,IDLE_HOVER
1855,IDLE_HOVER
1856,IDLE_HOVER
1857,IDLE_HOVER
1858,IDLE_HOVER
1859,IDLE_HOVER
1860,IDLE_HOVER
1861,IDLE_HOVER
1862,IDLE_HOVER
1863,IDLE_HOVER
1864,IDLE_HOVER
1865,IDLE_HOVER
1866,IDLE_HOVER
1867,IDLE_HOVER
1868,IDLE_HOVER
1869,IDLE_HOVER
1870,IDLE_HOVER
1871,IDLE_HOVER
1872,IDLE_HOVER
1873,IDLE_HOVER
1874,IDLE_HOVER
1875,IDLE_HOVER
1876,IDLE_HOVER
1877,IDLE_HOVER
1878,IDLE_HOVER
1879,IDLE_HOVER
1880,IDLE_HOVER
1881,IDLE_HOVER
1882,IDLE_HOVER
1883,IDLE_HOVER
1884,IDLE_HOVER
1885,IDLE_HOVER
1886,IDLE_HOVER
1887,IDLE_HOVER
1888,IDLE_HOVER
1889,IDLE_HOVER
1890,IDLE_HOVER
1891,IDLE_HOVER
1892,IDLE_HOVER
1893,IDLE_HOVER
1894,IDLE_HOVER
1895,IDLE_HOVER
1896,IDLE_HOVER
1897,IDLE_HOVER
1898,IDLE_HOVER
1899,IDLE_HOVER
1900,IDLE_HOVER
1901,IDLE_HOVER
1902,IDLE_HOVER
1903,IDLE_HOVER
1904,IDLE_HOVER
1905,IDLE_HOVER
1906,IDLE_HOVER
1907,IDLE_HOVER
1908,IDLE_HOVER
1909,IDLE_HOVER
1910,IDLE_HOVER
1911,IDLE_HOVER
1912,IDLE_HOVER
1913,IDLE_HOVER
1914,IDLE_HOVER
1915,IDLE_HOVER
1916,IDLE_HOVER
1917,IDLE_HOVER
1918,IDLE_HOVER
1919,IDLE_HOVER
1920,IDLE_HOVER
1921,IDLE_HOVER
1922,IDLE_HOVER
1923,IDLE_HOVER
1924,IDLE_HOVER
1925,IDLE_HOVER
1926,IDLE_HOVER
1927,IDLE_HOVER
1928,IDLE_HOVER
1929,IDLE_HOVER
1930,IDLE_HOVER
1931,IDLE_HOVER
1932,IDLE_HOVER
1933,IDLE_HOVER
1934,IDLE_HOVER
1935,IDLE_HOVER
1936,IDLE_HOVER
1937,IDLE_HOVER
1938,IDLE_HOVER
1939,IDLE_HOVER
1940,IDLE_HOVER
1941,IDLE_HOVER
1942,IDLE_HOVER
1943,IDLE_HOVER
1944,IDLE_HOVER
1945,IDLE_HOVER
1946,IDLE_HOVER
1947,IDLE_HOVER
1948,IDLE_HOVER
1949,IDLE_HOVER
1950,IDLE_HOVER
1951,IDLE_HOVER
1952,IDLE_HOVER
1953,IDLE_HOVER
1954,IDLE_HOVER
1955,IDLE_HOVER
1956,IDLE_HOVER
1957,IDLE_HOVER
1958,IDLE_HOVER
1959,IDLE_HOVER
1960,IDLE_HOVER
1961,IDLE_HOVER
1962,IDLE_HOVER
1963,IDLE_HOVER
1964,IDLE_HOVER
1965,IDLE_HOVER
1966,IDLE_HOVER
1967,IDLE_HOVER
1968,IDLE_HOVER
1969,IDLE_HOVER
1970,IDLE_HOVER
1971,IDLE_HOVER
1972,IDLE_HOVER
1973,IDLE_HOVER
1974,IDLE_HOVER
1975,IDLE_HOVER
1976,IDLE_HOVER
1977,IDLE_HOVER
1978,IDLE_HOVER
1979,IDLE_HOVER
1980,IDLE_HOVER
1981,IDLE_HOVER
1982,IDLE_HOVER
1983,IDLE_HOVER
1984,IDLE_HOVER
1985,IDLE_HOVER
1986,IDLE_HOVER
1987,IDLE_HOVER
1988,IDLE_HOVER
1989,IDLE_HOVER
1990,IDLE_HOVER
1991,IDLE_HOVER
1992,IDLE_HOVER
1993,IDLE_HOVER
1994,IDLE_HOVER
1995,IDLE_HOVER
1996,IDLE_HOVER
1997,IDLE_HOVER
1998,IDLE_HOVER
1999,IDLE_HOVER
2000,IDLE_HOVER
2001,IDLE_HOVER
2002,IDLE_HOVER
2003,IDLE_HOVER
2004,IDLE_HOVER
2005,IDLE_HOVER
2006,IDLE_HOVER
2007,IDLE_HOVER
2008,IDLE_HOVER
2009,IDLE_HOVER
2010,IDLE_HOVER
2011,IDLE_HOVER
2012,IDLE_HOVER
2013,IDLE_HOVER
2014,IDLE_HOVER
2015,IDLE_HOVER
2016,IDLE_HOVER
2017,IDLE_HOVER
2018,IDLE_HOVER
2019,IDLE_HOVER
2020,IDLE_HOVER
2021,IDLE_HOVER
2022,IDLE_HOVER
2023,IDLE_HOVER
2024,IDLE_HOVER
2025,IDLE_HOVER
2026,IDLE_HOVER
2027,IDLE_HOVER
2028,IDLE_HOVER
2029,IDLE_HOVER
2030,IDLE_HOVER
2031,IDLE_HOVER
2032,IDLE_HOVER
2033,IDLE_HOVER
2034,IDLE_HOVER
2035,IDLE_HOVER
2036,IDLE_HOVER
2037,IDLE_HOVER
2038,IDLE_HOVER
2039,IDLE_HOVER
2040,IDLE_HOVER
2041,IDLE_HOVER
2042,IDLE_HOVER
2043,IDLE_HOVER
2044,IDLE_HOVER
2045,IDLE_HOVER
2046,IDLE_HOVER
2047,IDLE_HOVER
2048,IDLE_HOVER
2049,IDLE_HOVER
2050,IDLE_HOVER
2051,IDLE_HOVER
2052,IDLE_HOVER
2053,IDLE_HOVER
2054,IDLE_HOVER
2055,IDLE_HOVER
2056,IDLE_HOVER
2057,IDLE_HOVER
2058,IDLE_HOVER
2059,IDLE_HOVER
2060,IDLE_HOVER
2061,IDLE_HOVER
2062,IDLE_HOVER
2063,IDLE_HOVER
2064,IDLE_HOVER
2065,IDLE_HOVER
2066,IDLE_HOVER
2067,IDLE_HOVER
2068,IDLE_HOVER
2069,IDLE_HOVER
2070,IDLE_HOVER
2071,IDLE_HOVER
2072,IDLE_HOVER
2073,IDLE_HOVER
2074,IDLE_HOVER
2075,IDLE_HOVER
2076,IDLE_HOVER
2077,IDLE_HOVER
2078,IDLE_HOVER
2079,IDLE_HOVER
2080,IDLE_HOVER
2081,IDLE_HOVER
2082,IDLE_HOVER
2083,IDLE_HOVER
2084,IDLE_HOVER
2085,IDLE_HOVER
2086,IDLE_HOVER
2087,IDLE_HOVER
2088,IDLE_HOVER
2089,IDLE_HOVER
2090,IDLE_HOVER
2091,IDLE_HOVER
2092,IDLE_HOVER
2093,IDLE_HOVER
2094,IDLE_HOVER
2095,IDLE_HOVER
2096,IDLE_HOVER
2097,IDLE_HOVER
2098,IDLE_HOVER
2099,IDLE_HOVER
2100,IDLE_HOVER
2101,IDLE_HOVER
2102,IDLE_HOVER
2103,IDLE_HOVER
2104,IDLE_HOVER
2105,IDLE_HOVER
2106,IDLE_HOVER
2107,IDLE_HOVER
2108,IDLE_HOVER
2109,IDLE_HOVER
2110,IDLE_HOVER
2111,IDLE_HOVER
2112,IDLE_HOVER
2113,IDLE_HOVER
2114,IDLE_HOVER
2115,IDLE_HOVER
2116,IDLE_HOVER
2117,IDLE_HOVER
2118,IDLE_HOVER
2119,IDLE_HOVER
2120,IDLE_HOVER
2121,IDLE_HOVER
2122,IDLE_HOVER
2123,IDLE_HOVER
2124,IDLE_HOVER
2125,IDLE_HOVER
2126,IDLE_HOVER
2127,IDLE_HOVER
2128,IDLE_HOVER
2129,IDLE_HOVER
2130,IDLE_HOVER
2131,IDLE_HOVER
2132,IDLE_HOVER
2133,IDLE_HOVER
2134,IDLE_HOVER
2135,IDLE_HOVER
2136,IDLE_HOVER
2137,IDLE_HOVER
2138,IDLE_HOVER
2139,IDLE_HOVER
2140,IDLE_HOVER
2141,IDLE_HOVER
2142,IDLE_HOVER
2143,IDLE_HOVER
2144,IDLE_HOVER
2145,IDLE_HOVER
2146,IDLE_HOVER
2147,IDLE_HOVER
2148,IDLE_HOVER
2149,IDLE_HOVER
2150,IDLE_HOVER
2151,IDLE_HOVER
2152,IDLE_HOVER
2153,IDLE_HOVER
2154,IDLE_HOVER
2155,IDLE_HOVER
2156,IDLE_HOVER
2157,IDLE_HOVER
2158,IDLE_HOVER
2159,IDLE_HOVER
2160,IDLE_HOVER
2161,IDLE_HOVER
2162,IDLE_HOVER
2163,IDLE_HOVER
2164,IDLE_HOVER
2165,IDLE_HOVER
2166,IDLE_HOVER
2167,IDLE_HOVER
2168,IDLE_HOVER
2169,IDLE_HOVER
2170,IDLE_HOVER
2171,IDLE_HOVER
2172,IDLE_HOVER
2173,IDLE_HOVER
2174,IDLE_HOVER
2175,IDLE_HOVER
2176,IDLE_HOVER
2177,IDLE_HOVER
2178,IDLE_HOVER
2179,IDLE_HOVER
2180,IDLE_HOVER
2181,IDLE_HOVER
2182,IDLE_HOVER
2183,IDLE_HOVER
2184,IDLE_HOVER
2185,IDLE_HOVER
2186,IDLE_HOVER
2187,IDLE_HOVER
2188,IDLE_HOVER
2189,IDLE_HOVER
2190,IDLE_HOVER
2191,IDLE_HOVER
2192,IDLE_HOVER
2193,IDLE_HOVER
2194,IDLE_HOVER
2195,IDLE_HOVER
2196,IDLE_HOVER
2197,IDLE_HOVER
2198,IDLE_HOVER
2199,IDLE_HOVER
2200,IDLE_HOVER
2201,IDLE_HOVER
2202,IDLE_HOVER
2203,IDLE_HOVER
2204,IDLE_HOVER
2205,IDLE_HOVER
2206,IDLE_HOVER
2207,IDLE_HOVER
2208,IDLE_HOVER
2209,IDLE_HOVER
2210,IDLE_HOVER
2211,IDLE_HOVER
2212,IDLE_HOVER
2213,IDLE_HOVER
2214,IDLE_HOVER
2215,IDLE_HOVER
2216,IDLE_HOVER
2217,IDLE_HOVER
2218,IDLE_HOVER
2219,IDLE_HOVER
2220,IDLE_HOVER
2221,IDLE_HOVER
2222,IDLE_HOVER
2223,IDLE_HOVER
2224,IDLE_HOVER
2225,IDLE_HOVER
2226,IDLE_HOVER
2227,IDLE_HOVER
2228,IDLE_HOVER
2229,IDLE_HOVER
2230,IDLE_HOVER
2231,IDLE_HOVER
2232,IDLE_HOVER
2233,IDLE_HOVER
2234,IDLE_HOVER
2235,IDLE_HOVER
2236,IDLE_HOVER
2237,IDLE_HOVER
2238,IDLE_HOVER
2239,IDLE_HOVER
2240,IDLE_HOVER
2241,IDLE_HOVER
2242,IDLE_HOVER
2243,IDLE_HOVER
2244,IDLE_HOVER
2245,IDLE_HOVER
2246,IDLE_HOVER
2247,IDLE_HOVER
2248,IDLE_HOVER
2249,IDLE_HOVER
2250,IDLE_HOVER
2251,IDLE_HOVER
2252,IDLE_HOVER
2253,IDLE_HOVER
2254,IDLE_HOVER
2255,IDLE_HOVER
2256,IDLE_HOVER
2257,IDLE_HOVER
2258,IDLE_HOVER
2259,IDLE_HOVER
2260,IDLE_HOVER
2261,IDLE_HOVER
2262,IDLE_HOVER
2263,IDLE_HOVER
2264,IDLE_HOVER
2265,IDLE_HOVER
2266,IDLE_HOVER
2267,IDLE_HOVER
2268,IDLE_HOVER
2269,IDLE_HOVER
2270,IDLE_HOVER
2271,IDLE_HOVER
2272,IDLE_HOVER
2273,IDLE_HOVER
2274,IDLE_HOVER
2275,IDLE_HOVER
2276,IDLE_HOVER
2277,IDLE_HOVER
2278,IDLE_HOVER
2279,IDLE_HOVER
2280,IDLE_HOVER
2281,IDLE_HOVER
2282,IDLE_HOVER
2283,IDLE_HOVER
2284,IDLE_HOVER
2285,IDLE_HOVER
2286,IDLE_HOVER
2287,IDLE_HOVER
2288,IDLE_HOVER
2289,IDLE_HOVER
2290,IDLE_HOVER
2291,IDLE_HOVER
2292,IDLE_HOVER
2293,IDLE_HOVER
2294,IDLE_HOVER
2295,IDLE_HOVER
2296,IDLE_HOVER
2297,IDLE_HOVER
2298,IDLE_HOVER
2299,IDLE_HOVER
2300,IDLE_HOVER
2301,IDLE_HOVER
2302,IDLE_HOVER
2303,IDLE_HOVER
2304,IDLE_HOVER
2305,IDLE_HOVER
2306,IDLE_HOVER
2307,IDLE_HOVER
2308,IDLE_HOVER
2309,IDLE_HOVER
2310,IDLE_HOVER
2311,IDLE_HOVER
2312,IDLE_HOVER
2313,IDLE_HOVER
2314,IDLE_HOVER
2315,IDLE_HOVER
2316,IDLE_HOVER
2317,IDLE_HOVER
2318,IDLE_HOVER
2319,IDLE_HOVER
2320,IDLE_HOVER
2321,IDLE_HOVER
2322,IDLE_HOVER
2323,IDLE_HOVER
2324,IDLE_HOVER
2325,IDLE_HOVER
2326,IDLE_HOVER
2327,IDLE_HOVER
2328,IDLE_HOVER
2329,IDLE_HOVER
2330,IDLE_HOVER
2331,IDLE_HOVER
2332,IDLE_HOVER
2333,IDLE_HOVER
2334,IDLE_HOVER
2335,IDLE_HOVER
2336,IDLE_HOVER
2337,IDLE_HOVER
2338,IDLE_HOVER
2339,IDLE_HOVER
2340,IDLE_HOVER
2341,IDLE_HOVER
2342,IDLE_HOVER
2343,IDLE_HOVER
2344,IDLE_HOVER
2345,IDLE_HOVER
2346,IDLE_HOVER
2347,IDLE_HOVER
2348,IDLE_HOVER
2349,IDLE_HOVER
2350,IDLE_HOVER
2351,IDLE_HOVER
2352,IDLE_HOVER
2353,IDLE_HOVER
2354,IDLE_HOVER
2355,IDLE_HOVER
2356,IDLE_HOVER
2357,IDLE_HOVER
2358,IDLE_HOVER
2359,IDLE_HOVER
2360,IDLE_HOVER
2361,IDLE_HOVER
2362,IDLE_HOVER
2363,IDLE_HOVER
2364,IDLE_HOVER
2365,IDLE_HOVER
2366,IDLE_HOVER
2367,IDLE_HOVER
2368,IDLE_HOVER
2369,IDLE_HOVER
2370,IDLE_HOVER
2371,IDLE_HOVER
2372,IDLE_HOVER
2373,IDLE_HOVER
2374,IDLE_HOVER
2375,IDLE_HOVER
2376,IDLE_HOVER
2377,IDLE_HOVER
2378,IDLE_HOVER
2379,IDLE_HOVER
2380,IDLE_HOVER
2381,IDLE_HOVER
2382,IDLE_HOVER
2383,IDLE_HOVER
2384,IDLE_HOVER
2385,IDLE_HOVER
2386,IDLE_HOVER
2387,IDLE_HOVER
2388,IDLE_HOVER
2389,IDLE_HOVER
2390,IDLE_HOVER
2391,IDLE_HOVER
2392,IDLE_HOVER
2393,IDLE_HOVER
2394,IDLE_HOVER
2395,IDLE_HOVER
2396,IDLE_HOVER
2397,IDLE_HOVER
2398,IDLE_HOVER
2399,IDLE_HOVER
2400,IDLE_HOVER
2401,IDLE_HOVER
2402,IDLE_HOVER
2403,IDLE_HOVER
2404,IDLE_HOVER
2405,IDLE_HOVER
2406,IDLE_HOVER
2407,IDLE_HOVER
2408,IDLE_HOVER
2409,IDLE_HOVER
2410,IDLE_HOVER
2411,IDLE_HOVER
2412,IDLE_HOVER
2413,IDLE_HOVER
2414,IDLE_HOVER
2415,IDLE_HOVER
2416,IDLE_HOVER
2417,IDLE_HOVER
2418,IDLE_HOVER
2419,IDLE_HOVER
2420,IDLE_HOVER
2421,IDLE_HOVER
2422,IDLE_HOVER
2423,IDLE_HOVER
2424,IDLE_HOVER
2425,IDLE_HOVER
2426,IDLE_HOVER
2427,IDLE_HOVER
2428,IDLE_HOVER
2429,IDLE_HOVER
2430,IDLE_HOVER
2431,IDLE_HOVER
2432,IDLE_HOVER
2433,IDLE_HOVER
2434,IDLE_HOVER
2435,IDLE_HOVER
2436,IDLE_HOVER
2437,IDLE_HOVER
2438,IDLE_HOVER
2439,IDLE_HOVER
2440,IDLE_HOVER
2441,IDLE_HOVER
2442,IDLE_HOVER
2443,IDLE_HOVER
2444,IDLE_HOVER
2445,IDLE_HOVER
2446,IDLE_HOVER
2447,IDLE_HOVER
2448,IDLE_HOVER
2449,IDLE_HOVER
2450,IDLE_HOVER
2451,IDLE_HOVER
2452,IDLE_HOVER
2453,IDLE_HOVER
2454,IDLE_HOVER
2455,IDLE_HOVER
2456,IDLE_HOVER
2457,IDLE_HOVER
2458,IDLE_HOVER
2459,IDLE_HOVER
2460,IDLE_HOVER
2461,IDLE_HOVER
2462,IDLE_HOVER
2463,IDLE_HOVER
2464,IDLE_HOVER
2465,IDLE_HOVER
2466,IDLE_HOVER
2467,IDLE_HOVER
2468,IDLE_HOVER
2469,IDLE_HOVER
2470,IDLE_HOVER
2471,IDLE_HOVER
2472,IDLE_HOVER
2473,IDLE_HOVER
2474,IDLE_HOVER
2475,IDLE_HOVER
2476,IDLE_HOVER
2477,IDLE_HOVER
2478,IDLE_HOVER
2479,IDLE_HOVER
2480,IDLE_HOVER
2481,IDLE_HOVER
2482,IDLE_HOVER
2483,IDLE_HOVER
2484,IDLE_HOVER
2485,IDLE_HOVER
2486,IDLE_HOVER
2487,IDLE_HOVER
2488,IDLE_HOVER
2489,IDLE_HOVER
2490,IDLE_HOVER
2491,IDLE_HOVER
2492,IDLE_HOVER
2493,IDLE_HOVER
2494,IDLE_HOVER
2495,IDLE_HOVER
2496,IDLE_HOVER
2497,IDLE_HOVER
2498,IDLE_HOVER
2499,IDLE_HOVER
2500,IDLE_HOVER
2501,IDLE_HOVER
2502,IDLE_HOVER
2503,IDLE_HOVER
2504,IDLE_HOVER
2505,IDLE_HOVER
2506,IDLE_HOVER
2507,IDLE_HOVER
2508,IDLE_HOVER
2509,IDLE_HOVER
2510,IDLE_HOVER
2511,IDLE_HOVER
2512,IDLE_HOVER
2513,IDLE_HOVER
2514,IDLE_HOVER
2515,IDLE_HOVER
2516,IDLE_HOVER
2517,IDLE_HOVER
2518,IDLE_HOVER
2519,IDLE_HOVER
2520,IDLE_HOVER
2521,IDLE_HOVER
2522,IDLE_HOVER
2523,IDLE_HOVER
2524,IDLE_HOVER
2525,IDLE_HOVER
2526,IDLE_HOVER
2527,IDLE_HOVER
2528,IDLE_HOVER
2529,IDLE_HOVER
2530,IDLE_HOVER
2531,IDLE_HOVER
2532,IDLE_HOVER
2533,IDLE_HOVER
2534,IDLE_HOVER
2535,IDLE_HOVER
2536,IDLE_HOVER
2537,IDLE_HOVER
2538,IDLE_HOVER
2539,IDLE_HOVER
2540,IDLE_HOVER
2541,IDLE_HOVER
2542,IDLE_HOVER
2543,IDLE_HOVER
2544,IDLE_HOVER
2545,IDLE_HOVER
2546,IDLE_HOVER
2547,IDLE_HOVER
2548,IDLE_HOVER
2549,IDLE_HOVER
2550,IDLE_HOVER
2551,IDLE_HOVER
2552,IDLE_HOVER
2553,IDLE_HOVER
2554,IDLE_HOVER
2555,IDLE_HOVER
2556,IDLE_HOVER
2557,IDLE_HOVER
2558,IDLE_HOVER
2559,IDLE_HOVER
2560,IDLE_HOVER
2561,IDLE_HOVER
2562,IDLE_HOVER
2563,IDLE_HOVER
2564,IDLE_HOVER
2565,IDLE_HOVER
2566,IDLE_HOVER
2567,IDLE_HOVER
2568,IDLE_HOVER
2569,IDLE_HOVER
2570,IDLE_HOVER
2571,IDLE_HOVER
2572,IDLE_HOVER
2573,IDLE_HOVER
2574,IDLE_HOVER
2575,IDLE_HOVER
2576,IDLE_HOVER
2577,IDLE_HOVER
2578,IDLE_HOVER
2579,IDLE_HOVER
2580,IDLE_HOVER
2581,IDLE_HOVER
2582,IDLE_HOVER
2583,IDLE_HOVER
2584,IDLE_HOVER
2585,IDLE_HOVER
2586,IDLE_HOVER
2587,IDLE_HOVER
2588,IDLE_HOVER
2589,IDLE_HOVER
2590,IDLE_HOVER
2591,IDLE_HOVER
2592,IDLE_HOVER
2593,IDLE_HOVER
2594,IDLE_HOVER
2595,IDLE_HOVER
2596,IDLE_HOVER
2597,IDLE_HOVER
2598,IDLE_HOVER
2599,IDLE_HOVER
2600,IDLE_HOVER
2601,IDLE_HOVER
2602,IDLE_HOVER
2603,IDLE_HOVER
2604,IDLE_HOVER
2605,IDLE_HOVER
2606,IDLE_HOVER
2607,IDLE_HOVER
2608,IDLE_HOVER
2609,IDLE_HOVER
2610,IDLE_HOVER
2611,IDLE_HOVER
2612,IDLE_HOVER
2613,IDLE_HOVER
2614,IDLE_HOVER
2615,IDLE_HOVER
2616,IDLE_HOVER
2617,IDLE_HOVER
2618,IDLE_HOVER
2619,IDLE_HOVER
2620,IDLE_HOVER
2621,IDLE_HOVER
2622,IDLE_HOVER
2623,IDLE_HOVER
2624,IDLE_HOVER
2625,IDLE_HOVER
2626,IDLE_HOVER
2627,IDLE_HOVER
2628,IDLE_HOVER
2629,IDLE_HOVER
2630,IDLE_HOVER
2631,IDLE_HOVER
2632,IDLE_HOVER
2633,IDLE_HOVER
2634,IDLE_HOVER
2635,IDLE_HOVER
2636,IDLE_HOVER
2637,IDLE_HOVER
2638,IDLE_HOVER
2639,IDLE_HOVER
2640,IDLE_HOVER
2641,IDLE_HOVER
2642,IDLE_HOVER
2643,IDLE_HOVER
2644,IDLE_HOVER
2645,IDLE_HOVER
2646,IDLE_HOVER
2647,IDLE_HOVER
2648,IDLE_HOVER
2649,IDLE_HOVER
2650,IDLE_HOVER
2651,IDLE_HOVER
2652,IDLE_HOVER
2653,IDLE_HOVER
2654,IDLE_HOVER
2655,IDLE_HOVER
2656,IDLE_HOVER
2657,IDLE_HOVER
2658,IDLE_HOVER
2659,IDLE_HOVER
2660,IDLE_HOVER
2661,IDLE_HOVER
2662,IDLE_HOVER
2663,IDLE_HOVER
2664,IDLE_HOVER
2665,IDLE_HOVER
2666,IDLE_HOVER
2667,IDLE_HOVER
2668,IDLE_HOVER
2669,IDLE_HOVER
2670,IDLE_HOVER
2671,IDLE_HOVER
2672,IDLE_HOVER
2673,IDLE_HOVER
2674,IDLE_HOVER
2675,IDLE_HOVER
2676,IDLE_HOVER
2677,IDLE_HOVER
2678,IDLE_HOVER
2679,IDLE_HOVER
2680,IDLE_HOVER
2681,IDLE_HOVER
2682,IDLE_HOVER
2683,IDLE_HOVER
2684,IDLE_HOVER
2685,IDLE_HOVER
2686,IDLE_HOVER
2687,IDLE_HOVER
2688,IDLE_HOVER
2689,IDLE_HOVER
2690,IDLE_HOVER
2691,IDLE_HOVER
2692,IDLE_HOVER
2693,IDLE_HOVER
2694,IDLE_HOVER
2695,IDLE_HOVER
2696,IDLE_HOVER
2697,IDLE_HOVER
2698,IDLE_HOVER
2699,IDLE_HOVER
2700,IDLE_HOVER
2701,IDLE_HOVER
2702,IDLE_HOVER
2703,IDLE_HOVER
2704,IDLE_HOVER
2705,IDLE_HOVER
2706,IDLE_HOVER
2707,IDLE_HOVER
2708,IDLE_HOVER
2709,IDLE_HOVER
2710,IDLE_HOVER
2711,IDLE_HOVER
2712,IDLE_HOVER
2713,IDLE_HOVER
2714,IDLE_HOVER
2715,IDLE_HOVER
2716,IDLE_HOVER
2717,IDLE_HOVER
2718,IDLE_HOVER
2719,IDLE_HOVER
2720,IDLE_HOVER
2721,IDLE_HOVER
2722,IDLE_HOVER
2723,IDLE_HOVER
2724,IDLE_HOVER
2725,IDLE_HOVER
2726,IDLE_HOVER
2727,IDLE_HOVER
2728,IDLE_HOVER
2729,IDLE_HOVER
2730,IDLE_HOVER
2731,IDLE_HOVER
2732,IDLE_HOVER
2733,IDLE_HOVER
2734,IDLE_HOVER
2735,IDLE_HOVER
2736,IDLE_HOVER
2737,IDLE_HOVER
2738,IDLE_HOVER
2739,IDLE_HOVER
2740,IDLE_HOVER
2741,IDLE_HOVER
2742,IDLE_HOVER
2743,IDLE_HOVER
2744,IDLE_HOVER
2745,IDLE_HOVER
2746,IDLE_HOVER
2747,IDLE_HOVER
2748,IDLE_HOVER
2749,IDLE_HOVER
2750,IDLE_HOVER
2751,IDLE_HOVER
2752,IDLE_HOVER
2753,IDLE_HOVER
2754,IDLE_HOVER
2755,IDLE_HOVER
2756,IDLE_HOVER
2757,IDLE_HOVER
2758,IDLE_HOVER
2759,IDLE_HOVER
2760,IDLE_HOVER
2761,IDLE_HOVER
2762,IDLE_HOVER
2763,IDLE_HOVER
2764,IDLE_HOVER
2765,IDLE_HOVER
2766,IDLE_HOVER
2767,IDLE_HOVER
2768,IDLE_HOVER
2769,IDLE_HOVER
2770,IDLE_HOVER
2771,IDLE_HOVER
2772,IDLE_HOVER
2773,IDLE_HOVER
2774,IDLE_HOVER
2775,IDLE_HOVER
2776,IDLE_HOVER
2777,IDLE_HOVER
2778,IDLE_HOVER
2779,IDLE_HOVER
2780,IDLE_HOVER
2781,IDLE_HOVER
2782,IDLE_HOVER
2783,IDLE_HOVER
2784,IDLE_HOVER
2785,IDLE_HOVER
2786,IDLE_HOVER
2787,IDLE_HOVER
2788,IDLE_HOVER
2789,IDLE_HOVER
2790,IDLE_HOVER
2791,IDLE_HOVER
2792,IDLE_HOVER
2793,IDLE_HOVER
2794,IDLE_HOVER
2795,IDLE_HOVER
2796,IDLE_HOVER
2797,IDLE_HOVER
2798,IDLE_HOVER
2799,IDLE_HOVER
2800,IDLE_HOVER
2801,IDLE_HOVER
2802,IDLE_HOVER
2803,IDLE_HOVER
2804,IDLE_HOVER
2805,IDLE_HOVER
2806,IDLE_HOVER
2807,IDLE_HOVER
2808,IDLE_HOVER
2809,IDLE_HOVER
2810,IDLE_HOVER
2811,IDLE_HOVER
2812,IDLE_HOVER
2813,IDLE_HOVER
2814,IDLE_HOVER
2815,IDLE_HOVER
2816,IDLE_HOVER
2817,IDLE_HOVER
2818,IDLE_HOVER
2819,IDLE_HOVER
2820,IDLE_HOVER
2821,IDLE_HOVER
2822,IDLE_HOVER
2823,IDLE_HOVER
2824,IDLE_HOVER
2825,IDLE_HOVER
2826,IDLE_HOVER
2827,IDLE_HOVER
2828,IDLE_HOVER
2829,IDLE_HOVER
2830,IDLE_HOVER
2831,IDLE_HOVER
2832,IDLE_HOVER
2833,IDLE_HOVER
2834,IDLE_HOVER
2835,IDLE_HOVER
2836,IDLE_HOVER
2837,IDLE_HOVER
2838,IDLE_HOVER
2839,IDLE_HOVER
2840,IDLE_HOVER
2841,IDLE_HOVER
2842,IDLE_HOVER
2843,IDLE_HOVER
2844,IDLE_HOVER
2845,IDLE_HOVER
2846,IDLE_HOVER
2847,IDLE_HOVER
2848,IDLE_HOVER
2849,IDLE_HOVER
2850,IDLE_HOVER
2851,IDLE_HOVER
2852,IDLE_HOVER
2853,IDLE_HOVER
2854,IDLE_HOVER
2855,IDLE_HOVER
2856,IDLE_HOVER
2857,IDLE_HOVER
2858,IDLE_HOVER
2859,IDLE_HOVER
2860,IDLE_HOVER
2861,IDLE_HOVER
2862,IDLE_HOVER
2863,IDLE_HOVER
2864,IDLE_HOVER
2865,IDLE_HOVER
2866,IDLE_HOVER
2867,IDLE_HOVER
2868,IDLE_HOVER
2869,IDLE_HOVER
2870,IDLE_HOVER
2871,IDLE_HOVER
2872,IDLE_HOVER
2873,IDLE_HOVER
2874,IDLE_HOVER
2875,IDLE_HOVER
2876,IDLE_HOVER
2877,IDLE_HOVER
2878,IDLE_HOVER
2879,IDLE_HOVER
2880,IDLE_HOVER
2881,IDLE_HOVER
2882,IDLE_HOVER
2883,IDLE_HOVER
2884,IDLE_HOVER
2885,IDLE_HOVER
2886,IDLE_HOVER
2887,IDLE_HOVER
2888,IDLE_HOVER
2889,IDLE_HOVER
2890,IDLE_HOVER
2891,IDLE_HOVER
2892,IDLE_HOVER
2893,IDLE_HOVER
2894,IDLE_HOVER
2895,IDLE_HOVER
2896,IDLE_HOVER
2897,IDLE_HOVER
2898,IDLE_HOVER
2899,IDLE_HOVER
2900,IDLE_HOVER
2901,IDLE_HOVER
2902,IDLE_HOVER
2903,IDLE_HOVER
2904,IDLE_HOVER
2905,IDLE_HOVER
2906,IDLE_HOVER
2907,IDLE_HOVER
2908,IDLE_HOVER
2909,IDLE_HOVER
2910,IDLE_HOVER
2911,IDLE_HOVER
2912,IDLE_HOVER
2913,IDLE_HOVER
2914,IDLE_HOVER
2915,IDLE_HOVER
2916,IDLE_HOVER
2917,IDLE_HOVER
2918,IDLE_HOVER
2919,IDLE_HOVER
2920,IDLE_HOVER
2921,IDLE_HOVER
2922,IDLE_HOVER
2923,IDLE_HOVER
2924,IDLE_HOVER
2925,IDLE_HOVER
2926,IDLE_HOVER
2927,IDLE_HOVER
2928,IDLE_HOVER
2929,IDLE_HOVER
2930,IDLE_HOVER
2931,IDLE_HOVER
2932,IDLE_HOVER
2933,IDLE_HOVER
2934,IDLE_HOVER
2935,IDLE_HOVER
2936,IDLE_HOVER
2937,IDLE_HOVER
2938,IDLE_HOVER
2939,IDLE_HOVER
2940,IDLE_HOVER
2941,IDLE_HOVER
2942,IDLE_HOVER
2943,IDLE_HOVER
2944,IDLE_HOVER
2945,IDLE_HOVER
2946,IDLE_HOVER
2947,IDLE_HOVER
2948,IDLE_HOVER
2949,IDLE_HOVER
2950,IDLE_HOVER
2951,IDLE_HOVER
2952,IDLE_HOVER
2953,IDLE_HOVER
2954,IDLE_HOVER
2955,IDLE_HOVER
2956,IDLE_HOVER
2957,IDLE_HOVER
2958,IDLE_HOVER
2959,IDLE_HOVER
2960,IDLE_HOVER
2961,IDLE_HOVER
2962,IDLE_HOVER
2963,IDLE_HOVER
2964,IDLE_HOVER
2965,IDLE_HOVER
2966,IDLE_HOVER
2967,IDLE_HOVER
2968,IDLE_HOVER
2969,IDLE_HOVER
2970,IDLE_HOVER
2971,IDLE_HOVER
2972,IDLE_HOVER
2973,IDLE_HOVER
2974,IDLE_HOVER
2975,IDLE_HOVER
2976,IDLE_HOVER
2977,IDLE_HOVER
2978,IDLE_HOVER
2979,IDLE_HOVER
2980,IDLE_HOVER
2981,IDLE_HOVER
2982,IDLE_HOVER
2983,IDLE_HOVER
2984,IDLE_HOVER
2985,IDLE_HOVER
2986,IDLE_HOVER
2987,IDLE_HOVER
2988,IDLE_HOVER
2989,IDLE_HOVER
2990,IDLE_HOVER
2991,IDLE_HOVER
2992,IDLE_HOVER
2993,IDLE_HOVER
2994,IDLE_HOVER
2995,IDLE_HOVER
2996,IDLE_HOVER
2997,IDLE_HOVER
2998,IDLE_HOVER
2999,IDLE_HOVER
3000,IDLE_HOVER
3001,IDLE_HOVER
3002,IDLE_HOVER
3003,IDLE_HOVER
3004,IDLE_HOVER
3005,IDLE_HOVER
3006,IDLE_HOVER
3007,IDLE_HOVER
3008,IDLE_HOVER
3009,IDLE_HOVER
3010,IDLE_HOVER
3011,IDLE_HOVER
3012,IDLE_HOVER
3013,IDLE_HOVER
3014,IDLE_HOVER
3015,IDLE_HOVER
3016,IDLE_HOVER
3017,IDLE_HOVER
3018,IDLE_HOVER
3019,IDLE_HOVER
3020,IDLE_HOVER
3021,IDLE_HOVER
3022,IDLE_HOVER
3023,IDLE_HOVER
3024,IDLE_HOVER
3025,IDLE_HOVER
3026,IDLE_HOVER
3027,IDLE_HOVER
3028,IDLE_HOVER
3029,IDLE_HOVER
3030,IDLE_HOVER
3031,IDLE_HOVER
3032,IDLE_HOVER
3033,IDLE_HOVER
3034,IDLE_HOVER
3035,IDLE_HOVER
3036,IDLE_HOVER
3037,IDLE_HOVER
3038,IDLE_HOVER
3039,IDLE_HOVER
3040,IDLE_HOVER
3041,IDLE_HOVER
3042,IDLE_HOVER
3043,IDLE_HOVER
3044,IDLE_HOVER
3046,IDLE_HOVER
3047,IDLE_HOVER
3048,IDLE_HOVER
3049,IDLE_HOVER
3050,IDLE_HOVER
3051,IDLE_HOVER
3052,IDLE_HOVER
3053,IDLE_HOVER
3054,IDLE_HOVER
3055,IDLE_HOVER
3057,IDLE_HOVER
3061,IDLE_HOVER
3064,IDLE_HOVER
3069,IDLE_HOVER
3088,IDLE_HOVER
3100,IDLE_HOVER
3102,IDLE_HOVER
3104,IDLE_HOVER
3106,IDLE_HOVER
3107,IDLE_HOVER
3108,IDLE_HOVER
3109,IDLE_HOVER
3110,IDLE_HOVER
3111,IDLE_HOVER
3112,IDLE_HOVER
3113,IDLE_HOVER
3114,IDLE_HOVER
3115,IDLE_HOVER
3116,IDLE_HOVER
3117,IDLE_HOVER
3118,IDLE_HOVER
3119,IDLE_HOVER
3120,IDLE_HOVER
3121,IDLE_HOVER
3122,IDLE_HOVER
3123,IDLE_HOVER
3124,IDLE_HOVER
3125,IDLE_HOVER
3126,IDLE_HOVER
3127,IDLE_HOVER
3128,IDLE_HOVER
3129,IDLE_HOVER
3130,IDLE_HOVER
3131,IDLE_HOVER
3132,IDLE_HOVER
3133,IDLE_HOVER
3134,IDLE_HOVER
3135,IDLE_HOVER
3136,IDLE_HOVER
3137,IDLE_HOVER
3138,IDLE_HOVER
3139,IDLE_HOVER
11681,IDLE_HOVER
11682,IDLE_HOVER
11683,IDLE_HOVER
11684,IDLE_HOVER
11685,IDLE_HOVER
11686,IDLE_HOVER
11687,IDLE_HOVER
11688,IDLE_HOVER
11689,IDLE_HOVER
11690,IDLE_HOVER
11691,IDLE_HOVER
11692,IDLE_HOVER
11693,IDLE_HOVER
11694,IDLE_HOVER
11695,IDLE_HOVER
11696,IDLE_HOVER
11697,IDLE_HOVER
11698,IDLE_HOVER
11699,IDLE_HOVER
11700,IDLE_HOVER
11701,IDLE_HOVER
11702,IDLE_HOVER
11703,IDLE_HOVER
11704,IDLE_HOVER
11705,IDLE_HOVER
11706,IDLE_HOVER
11707,IDLE_HOVER
11708,IDLE_HOVER
11709,IDLE_HOVER
11710,IDLE_HOVER
11711,IDLE_HOVER
11712,IDLE_HOVER
11713,IDLE_HOVER
11714,IDLE_HOVER
11715,IDLE_HOVER
11716,IDLE_HOVER
11717,IDLE_HOVER
11718,IDLE_HOVER
11719,IDLE_HOVER
11720,IDLE_HOVER
11721,IDLE_HOVER
11722,IDLE_HOVER
11723,IDLE_HOVER
11724,IDLE_HOVER
11725,IDLE_HOVER
11726,IDLE_HOVER
11727,IDLE_HOVER
11728,IDLE_HOVER
11729,IDLE_HOVER
11730,IDLE_HOVER
11731,IDLE_HOVER
11732,IDLE_HOVER
11733,IDLE_HOVER
11735,IDLE_HOVER
11737,IDLE_HOVER
11739,IDLE_HOVER
11740,IDLE_HOVER
11741,IDLE_HOVER
11742,IDLE_HOVER
11743,IDLE_HOVER
11745,IDLE_HOVER
11747,IDLE_HOVER
11751,IDLE_HOVER
11753,IDLE_HOVER
11755,IDLE_HOVER
11761,IDLE_HOVER
11762,IDLE_HOVER
11763,IDLE_HOVER
11765,IDLE_HOVER
11767,IDLE_HOVER
11769,IDLE_HOVER
11771,IDLE_HOVER
11772,IDLE_HOVER
11773,IDLE_HOVER
11775,IDLE_HOVER
11777,IDLE_HOVER
11779,IDLE_HOVER
11780,IDLE_HOVER
11781,IDLE_HOVER
11782,IDLE_HOVER
11783,IDLE_HOVER
11784,IDLE_HOVER
11785,IDLE_HOVER
11786,IDLE_HOVER
11787,IDLE_HOVER
11788,IDLE_HOVER
11789,IDLE_HOVER
11790,IDLE_HOVER
11791,IDLE_HOVER
11792,IDLE_HOVER
11793,IDLE_HOVER
11794,IDLE_HOVER
11795,IDLE_HOVER
11796,IDLE_HOVER
11797,IDLE_HOVER
11798,IDLE_HOVER
11799,IDLE_HOVER
11800,IDLE_HOVER
11801,IDLE_HOVER
11802,IDLE_HOVER
11803,IDLE_HOVER
11804,IDLE_HOVER
11805,IDLE_HOVER
11806,IDLE_HOVER
11807,IDLE_HOVER
11808,IDLE_HOVER
11809,IDLE_HOVER
11810,IDLE_HOVER
11811,IDLE_HOVER
11812,IDLE_HOVER
11813,IDLE_HOVER
11814,IDLE_HOVER
11815,IDLE_HOVER
11816,IDLE_HOVER
11817,IDLE_HOVER
11818,IDLE_HOVER
11819,IDLE_HOVER
11820,IDLE_HOVER
11821,IDLE_HOVER
11822,IDLE_HOVER
11823,IDLE_HOVER
11824,IDLE_HOVER
11825,IDLE_HOVER
11826,IDLE_HOVER
11827,IDLE_HOVER
11828,IDLE_HOVER
11829,IDLE_HOVER
11830,IDLE_HOVER
11831,IDLE_HOVER
11832,IDLE_HOVER
11833,IDLE_HOVER
11834,IDLE_HOVER
11835,IDLE_HOVER
11836,IDLE_HOVER
11837,IDLE_HOVER
11838,IDLE_HOVER
11839,IDLE_HOVER
11840,IDLE_HOVER
11841,IDLE_HOVER
11842,IDLE_HOVER
11843,IDLE_HOVER
11844,IDLE_HOVER
11845,IDLE_HOVER
11846,IDLE_HOVER
11847,IDLE_HOVER
11848,IDLE_HOVER
11849,IDLE_HOVER
11850,IDLE_HOVER
11851,IDLE_HOVER
11852,IDLE_HOVER
11853,IDLE_HOVER
11854,IDLE_HOVER
11855,IDLE_HOVER
11856,IDLE_HOVER
11857,IDLE_HOVER
11858,IDLE_HOVER
11859,IDLE_HOVER
11860,IDLE_HOVER
11861,IDLE_HOVER
11862,IDLE_HOVER
11863,IDLE_HOVER
11864,IDLE_HOVER
11865,IDLE_HOVER
11866,IDLE_HOVER
11867,IDLE_HOVER
11868,IDLE_HOVER
11869,IDLE_HOVER
11870,IDLE_HOVER
11871,IDLE_HOVER
11872,IDLE_HOVER
11873,IDLE_HOVER
11874,IDLE_HOVER
11875,IDLE_HOVER
11876,IDLE_HOVER
11877,IDLE_HOVER
11878,IDLE_HOVER
11879,IDLE_HOVER
11880,IDLE_HOVER
11881,IDLE_HOVER
11882,IDLE_HOVER
11883,IDLE_HOVER
11884,IDLE_HOVER
11885,IDLE_HOVER
11886,IDLE_HOVER
11887,IDLE_HOVER
11888,IDLE_HOVER
11889,IDLE_HOVER
11890,IDLE_HOVER
11891,IDLE_HOVER
11892,IDLE_HOVER
11893,IDLE_HOVER
11894,IDLE_HOVER
11895,IDLE_HOVER
11896,IDLE_HOVER
11897,IDLE_HOVER
11898,IDLE_HOVER
11899,IDLE_HOVER
11900,IDLE_HOVER
11901,IDLE_HOVER
11902,IDLE_HOVER
11903,IDLE_HOVER
11904,IDLE_HOVER
11905,IDLE_HOVER
11906,IDLE_HOVER
11907,IDLE_HOVER
11908,IDLE_HOVER
11909,IDLE_HOVER
11910,IDLE_HOVER
11911,IDLE_HOVER
11912,IDLE_HOVER
11913,IDLE_HOVER
11914,IDLE_HOVER
11915,IDLE_HOVER
11916,IDLE_HOVER
11917,IDLE_HOVER
11918,IDLE_HOVER
11919,IDLE_HOVER
11920,IDLE_HOVER
11921,IDLE_HOVER
11922,IDLE_HOVER
11923,IDLE_HOVER
11924,IDLE_HOVER
11925,IDLE_HOVER
11926,IDLE_HOVER
11927,IDLE_HOVER
11928,IDLE_HOVER
11929,IDLE_HOVER
11930,IDLE_HOVER
11931,IDLE_HOVER
11932,IDLE_HOVER
11933,IDLE_HOVER
11934,IDLE_HOVER
11935,IDLE_HOVER
11936,IDLE_HOVER
11937,IDLE_HOVER
11938,IDLE_HOVER
11939,IDLE_HOVER
11940,IDLE_HOVER
11941,IDLE_HOVER
11942,IDLE_HOVER
11943,IDLE_HOVER
11944,IDLE_HOVER
11945,IDLE_HOVER
11946,IDLE_HOVER
11947,IDLE_HOVER
11948,IDLE_HOVER
11949,IDLE_HOVER
11950,IDLE_HOVER
11951,IDLE_HOVER
11952,IDLE_HOVER
11953,IDLE_HOVER
11954,IDLE_HOVER
11955,IDLE_HOVER
11956,IDLE_HOVER
11957,IDLE_HOVER
11958,IDLE_HOVER
11959,IDLE_HOVER
11960,IDLE_HOVER
11961,IDLE_HOVER
11962,IDLE_HOVER
11963,IDLE_HOVER
11964,IDLE_HOVER
11965,IDLE_HOVER
11966,IDLE_HOVER
11967,IDLE_HOVER
11968,IDLE_HOVER
11969,IDLE_HOVER
11970,IDLE_HOVER
11971,IDLE_HOVER
11972,IDLE_HOVER
11973,IDLE_HOVER
11974,IDLE_HOVER
11975,IDLE_HOVER
11976,IDLE_HOVER
11977,IDLE_HOVER
11978,IDLE_HOVER
11979,IDLE_HOVER
11980,IDLE_HOVER
11981,IDLE_HOVER
11982,IDLE_HOVER
11983,IDLE_HOVER
11984,IDLE_HOVER
11985,IDLE_HOVER
11986,IDLE_HOVER
11987,IDLE_HOVER
11988,IDLE_HOVER
11989,IDLE_HOVER
11990,IDLE_HOVER
11991,IDLE_HOVER
11992,IDLE_HOVER
11993,IDLE_HOVER
11994,IDLE_HOVER
11995,IDLE_HOVER
11996,IDLE_HOVER
11997,IDLE_HOVER
11998,IDLE_HOVER
11999,IDLE_HOVER
12000,IDLE_HOVER
12001,IDLE_HOVER
12002,IDLE_HOVER
12003,IDLE_HOVER
12004,IDLE_HOVER
12005,IDLE_HOVER
12006,IDLE_HOVER
12007,IDLE_HOVER
12008,IDLE_HOVER
12009,IDLE_HOVER
12010,IDLE_HOVER
12011,IDLE_HOVER
12012,IDLE_HOVER
12013,IDLE_HOVER
12014,IDLE_HOVER
12015,IDLE_HOVER
12016,IDLE_HOVER
12017,IDLE_HOVER
12018,IDLE_HOVER
12019,IDLE_HOVER
12020,IDLE_HOVER
12021,IDLE_HOVER
12022,IDLE_HOVER
12023,IDLE_HOVER
12024,IDLE_HOVER
12025,IDLE_HOVER
12026,IDLE_HOVER
12027,IDLE_HOVER
12028,IDLE_HOVER
12029,IDLE_HOVER
12030,IDLE_HOVER
12031,IDLE_HOVER
12032,IDLE_HOVER
12033,IDLE_HOVER
12034,IDLE_HOVER
12035,IDLE_HOVER
12036,IDLE_HOVER
12037,IDLE_HOVER
12038,IDLE_HOVER
12039,IDLE_HOVER
12040,IDLE_HOVER
12041,IDLE_HOVER
12042,IDLE_HOVER
12043,IDLE_HOVER
12044,IDLE_HOVER
12045,IDLE_HOVER
12046,IDLE_HOVER
12047,IDLE_HOVER
12048,IDLE_HOVER
12049,IDLE_HOVER
12050,IDLE_HOVER
12051,IDLE_HOVER
12052,IDLE_HOVER
12053,IDLE_HOVER
12054,IDLE_HOVER
12055,IDLE_HOVER
12056,IDLE_HOVER
12057,IDLE_HOVER
12058,IDLE_HOVER
12059,IDLE_HOVER
12060,IDLE_HOVER
12061,IDLE_HOVER
12062,IDLE_HOVER
12063,IDLE_HOVER
12064,IDLE_HOVER
12065,IDLE_HOVER
12066,IDLE_HOVER
12067,IDLE_HOVER
12068,IDLE_HOVER
12069,IDLE_HOVER
12070,IDLE_HOVER
12071,IDLE_HOVER
12072,IDLE_HOVER
12073,IDLE_HOVER
12074,IDLE_HOVER
12075,IDLE_HOVER
12076,IDLE_HOVER
12077,IDLE_HOVER
12078,IDLE_HOVER
12079,IDLE_HOVER
12080,IDLE_HOVER
12081,IDLE_HOVER
12082,IDLE_HOVER
12083,IDLE_HOVER
12084,IDLE_HOVER
12085,IDLE_HOVER
12086,IDLE_HOVER
12087,IDLE_HOVER
12088,IDLE_HOVER
12089,IDLE_HOVER
12090,IDLE_HOVER
12091,IDLE_HOVER
12092,IDLE_HOVER
12093,IDLE_HOVER
12094,IDLE_HOVER
12095,IDLE_HOVER
12096,IDLE_HOVER
12097,IDLE_HOVER
12098,IDLE_HOVER
12099,IDLE_HOVER
12100,IDLE_HOVER
12101,IDLE_HOVER
12102,IDLE_HOVER
12103,IDLE_HOVER
12104,IDLE_HOVER
12105,IDLE_HOVER
12106,IDLE_HOVER
12107,IDLE_HOVER
12108,IDLE_HOVER
12109,IDLE_HOVER
12110,IDLE_HOVER
12111,IDLE_HOVER
12112,IDLE_HOVER
12113,IDLE_HOVER
12114,IDLE_HOVER
12115,IDLE_HOVER
12116,IDLE_HOVER
12117,IDLE_HOVER
12118,IDLE_HOVER
12119,IDLE_HOVER
12120,IDLE_HOVER
12121,IDLE_HOVER
12122,IDLE_HOVER
12123,IDLE_HOVER
12124,IDLE_HOVER
12125,IDLE_HOVER
12126,IDLE_HOVER
12127,IDLE_HOVER
12128,IDLE_HOVER
12129,IDLE_HOVER
12130,IDLE_HOVER
12131,IDLE_HOVER
12132,IDLE_HOVER
12133,IDLE_HOVER
12134,IDLE_HOVER
12135,IDLE_HOVER
12136,IDLE_HOVER
12137,IDLE_HOVER
12138,IDLE_HOVER
12139,IDLE_HOVER
12140,IDLE_HOVER
12141,IDLE_HOVER
12142,IDLE_HOVER
12143,IDLE_HOVER
12144,IDLE_HOVER
12145,IDLE_HOVER
12146,IDLE_HOVER
12147,IDLE_HOVER
12148,IDLE_HOVER
12149,IDLE_HOVER
12150,IDLE_HOVER
12151,IDLE_HOVER
12152,IDLE_HOVER
12153,IDLE_HOVER
12154,IDLE_HOVER
12155,IDLE_HOVER
12156,IDLE_HOVER
12157,IDLE_HOVER
12158,IDLE_HOVER
12159,IDLE_HOVER
12160,IDLE_HOVER
12161,IDLE_HOVER
12162,IDLE_HOVER
12163,IDLE_HOVER
12164,IDLE_HOVER
12165,IDLE_HOVER
12166,IDLE_HOVER
12167,IDLE_HOVER
12168,IDLE_HOVER
12169,IDLE_HOVER
12170,IDLE_HOVER
12171,IDLE_HOVER
12172,IDLE_HOVER
12173,IDLE_HOVER
12174,IDLE_HOVER
12175,IDLE_HOVER
12176,IDLE_HOVER
12177,IDLE_HOVER
12178,IDLE_HOVER
12179,IDLE_HOVER
12180,IDLE_HOVER
12181,IDLE_HOVER
12182,IDLE_HOVER
12183,IDLE_HOVER
12184,IDLE_HOVER
12185,IDLE_HOVER
12186,IDLE_HOVER
12187,IDLE_HOVER
12188,IDLE_HOVER
12189,IDLE_HOVER
12190,IDLE_HOVER
12191,IDLE_HOVER
12192,IDLE_HOVER
12193,IDLE_HOVER
12194,IDLE_HOVER
12195,IDLE_HOVER
12196,IDLE_HOVER
12197,IDLE_HOVER
12198,IDLE_HOVER
12199,IDLE_HOVER
12200,IDLE_HOVER
12201,IDLE_HOVER
12202,IDLE_HOVER
12203,IDLE_HOVER
12204,IDLE_HOVER
12205,IDLE_HOVER
12206,IDLE_HOVER
12207,IDLE_HOVER
12208,IDLE_HOVER
12209,IDLE_HOVER
12210,IDLE_HOVER
12211,IDLE_HOVER
12212,IDLE_HOVER
12213,IDLE_HOVER
12214,IDLE_HOVER
12215,IDLE_HOVER
12216,IDLE_HOVER
12217,IDLE_HOVER
12218,IDLE_HOVER
12219,IDLE_HOVER
12220,IDLE_HOVER
12221,IDLE_HOVER
12222,IDLE_HOVER
12223,IDLE_HOVER
12224,IDLE_HOVER
12225,IDLE_HOVER
12226,IDLE_HOVER
12227,IDLE_HOVER
12228,IDLE_HOVER
12229,IDLE_HOVER
12230,IDLE_HOVER
12231,IDLE_HOVER
12232,IDLE_HOVER
12233,IDLE_HOVER
12234,IDLE_HOVER
12235,IDLE_HOVER
12236,IDLE_HOVER
12237,IDLE_HOVER
12238,IDLE_HOVER
12239,IDLE_HOVER
12240,IDLE_HOVER
12241,IDLE_HOVER
12242,IDLE_HOVER
12243,IDLE_HOVER
12244,IDLE_HOVER
12245,IDLE_HOVER
12246,IDLE_HOVER
12247,IDLE_HOVER
12248,IDLE_HOVER
12249,IDLE_HOVER
12250,IDLE_HOVER
12251,IDLE_HOVER
12252,IDLE_HOVER
12253,IDLE_HOVER
12254,IDLE_HOVER
12255,IDLE_HOVER
12256,IDLE_HOVER
12257,IDLE_HOVER
12258,IDLE_HOVER
12259,IDLE_HOVER
12260,IDLE_HOVER
12261,IDLE_HOVER
12262,IDLE_HOVER
12263,IDLE_HOVER
12264,IDLE_HOVER
12265,IDLE_HOVER
12266,IDLE_HOVER
12267,IDLE_HOVER
12268,IDLE_HOVER
12269,IDLE_HOVER
12270,IDLE_HOVER
12271,IDLE_HOVER
12272,IDLE_HOVER
12273,IDLE_HOVER
12274,IDLE_HOVER
12275,IDLE_HOVER
12276,IDLE_HOVER
12277,IDLE_HOVER
12278,IDLE_HOVER
12279,IDLE_HOVER
12280,IDLE_HOVER
12281,IDLE_HOVER
12282,IDLE_HOVER
12283,IDLE_HOVER
12284,IDLE_HOVER
12285,IDLE_HOVER
12286,IDLE_HOVER
12287,IDLE_HOVER
12288,IDLE_HOVER
12289,IDLE_HOVER
12290,IDLE_HOVER
12291,IDLE_HOVER
12292,IDLE_HOVER
12293,IDLE_HOVER
12294,IDLE_HOVER
12295,IDLE_HOVER
12296,IDLE_HOVER
12297,IDLE_HOVER
12298,IDLE_HOVER
12299,IDLE_HOVER
12300,IDLE_HOVER
12301,IDLE_HOVER
12302,IDLE_HOVER
12303,IDLE_HOVER
12304,IDLE_HOVER
12305,IDLE_HOVER
12306,IDLE_HOVER
12307,IDLE_HOVER
12308,IDLE_HOVER
12309,IDLE_HOVER
12310,IDLE_HOVER
12311,IDLE_HOVER
12312,IDLE_HOVER
12313,IDLE_HOVER
12314,IDLE_HOVER
12315,IDLE_HOVER
12316,IDLE_HOVER
12317,IDLE_HOVER
12318,IDLE_HOVER
12319,IDLE_HOVER
12320,IDLE_HOVER
12321,IDLE_HOVER
12322,IDLE_HOVER
12323,IDLE_HOVER
12324,IDLE_HOVER
12325,IDLE_HOVER
12326,IDLE_HOVER
12327,IDLE_HOVER
12328,IDLE_HOVER
12329,IDLE_HOVER
12330,IDLE_HOVER
12331,IDLE_HOVER
12332,IDLE_HOVER
12333,IDLE_HOVER
12334,IDLE_HOVER
12335,IDLE_HOVER
12336,IDLE_HOVER
12337,IDLE_HOVER
12338,IDLE_HOVER
12339,IDLE_HOVER
12340,IDLE_HOVER
12341,IDLE_HOVER
12342,IDLE_HOVER
12343,IDLE_HOVER
12344,IDLE_HOVER
12345,IDLE_HOVER
12346,IDLE_HOVER
12347,IDLE_HOVER
12348,IDLE_HOVER
12349,IDLE_HOVER
12350,IDLE_HOVER
12351,IDLE_HOVER
12352,IDLE_HOVER
12353,IDLE_HOVER
12354,IDLE_HOVER
12355,IDLE_HOVER
12356,IDLE_HOVER
12357,IDLE_HOVER
12358,IDLE_HOVER
12359,IDLE_HOVER
12360,IDLE_HOVER
12361,IDLE_HOVER
12362,IDLE_HOVER
12363,IDLE_HOVER
12364,IDLE_HOVER
12365,IDLE_HOVER
12366,IDLE_HOVER
12367,IDLE_HOVER
12368,IDLE_HOVER
12369,IDLE_HOVER
12370,IDLE_HOVER
12371,IDLE_HOVER
12372,IDLE_HOVER
12373,IDLE_HOVER
12374,IDLE_HOVER
12375,IDLE_HOVER
12376,IDLE_HOVER
12377,IDLE_HOVER
12378,IDLE_HOVER
12379,IDLE_HOVER
12380,IDLE_HOVER
12381,IDLE_HOVER
12382,IDLE_HOVER
12383,IDLE_HOVER
12384,IDLE_HOVER
12385,IDLE_HOVER
12386,IDLE_HOVER
12387,IDLE_HOVER
12388,IDLE_HOVER
12389,IDLE_HOVER
12390,IDLE_HOVER
12391,IDLE_HOVER
12392,IDLE_HOVER
12393,IDLE_HOVER
12394,IDLE_HOVER
12395,IDLE_HOVER
12396,IDLE_HOVER
12397,IDLE_HOVER
12398,IDLE_HOVER
12399,IDLE_HOVER
12400,IDLE_HOVER
12401,IDLE_HOVER
12402,IDLE_HOVER
12403,IDLE_HOVER
12404,IDLE_HOVER
12405,IDLE_HOVER
12406,IDLE_HOVER
12407,IDLE_HOVER
12408,IDLE_HOVER
12409,IDLE_HOVER
12410,IDLE_HOVER
12411,IDLE_HOVER
12412,IDLE_HOVER
12413,IDLE_HOVER
12414,IDLE_HOVER
12415,IDLE_HOVER
12416,IDLE_HOVER
12417,IDLE_HOVER
12418,IDLE_HOVER
12419,IDLE_HOVER
12420,IDLE_HOVER
12421,IDLE_HOVER
12422,IDLE_HOVER
12423,IDLE_HOVER
12424,IDLE_HOVER
12425,IDLE_HOVER
12426,IDLE_HOVER
12427,IDLE_HOVER
12428,IDLE_HOVER
12429,IDLE_HOVER
12430,IDLE_HOVER
12431,IDLE_HOVER
12432,IDLE_HOVER
12433,IDLE_HOVER
12434,IDLE_HOVER
12435,IDLE_HOVER
12436,IDLE_HOVER
12437,IDLE_HOVER
12438,IDLE_HOVER
12439,IDLE_HOVER
12440,IDLE_HOVER
12441,IDLE_HOVER
12442,IDLE_HOVER
12443,IDLE_HOVER
12444,IDLE_HOVER
12445,IDLE_HOVER
12446,IDLE_HOVER
12447,IDLE_HOVER
12448,IDLE_HOVER
12449,IDLE_HOVER
12450,IDLE_HOVER
12451,IDLE_HOVER
12452,IDLE_HOVER
12453,IDLE_HOVER
12454,IDLE_HOVER
12455,IDLE_HOVER
12456,IDLE_HOVER
12457,IDLE_HOVER
12458,IDLE_HOVER
12459,IDLE_HOVER
12460,IDLE_HOVER
12461,IDLE_HOVER
12462,IDLE_HOVER
12463,IDLE_HOVER
12464,IDLE_HOVER
12465,IDLE_HOVER
12466,IDLE_HOVER
12467,IDLE_HOVER
12468,IDLE_HOVER
12469,IDLE_HOVER
12470,IDLE_HOVER
12471,IDLE_HOVER
12472,IDLE_HOVER
12473,IDLE_HOVER
12474,IDLE_HOVER
12475,IDLE_HOVER
12476,IDLE_HOVER
12477,IDLE_HOVER
12478,IDLE_HOVER
12479,IDLE_HOVER
12480,IDLE_HOVER
12481,IDLE_HOVER
12482,IDLE_HOVER
12483,IDLE_HOVER
12484,IDLE_HOVER
12485,IDLE_HOVER
12486,IDLE_HOVER
12487,IDLE_HOVER
12488,IDLE_HOVER
12489,IDLE_HOVER
12490,IDLE_HOVER
12491,IDLE_HOVER
12492,IDLE_HOVER
12493,IDLE_HOVER
12494,IDLE_HOVER
12495,IDLE_HOVER
12496,IDLE_HOVER
12497,IDLE_HOVER
12498,IDLE_HOVER
12499,IDLE_HOVER
12500,IDLE_HOVER
12501,IDLE_HOVER
12502,IDLE_HOVER
12503,IDLE_HOVER
12504,IDLE_HOVER
12505,IDLE_HOVER
12506,IDLE_HOVER
12507,IDLE_HOVER
12508,IDLE_HOVER
12509,IDLE_HOVER
12510,IDLE_HOVER
12511,IDLE_HOVER
12512,IDLE_HOVER
12513,IDLE_HOVER
12514,IDLE_HOVER
12515,IDLE_HOVER
12516,IDLE_HOVER
12517,IDLE_HOVER
12518,IDLE_HOVER
12519,IDLE_HOVER
12520,IDLE_HOVER
12521,IDLE_HOVER
12522,IDLE_HOVER
12523,IDLE_HOVER
12524,IDLE_HOVER
12525,IDLE_HOVER
12526,IDLE_HOVER
12527,IDLE_HOVER
12528,IDLE_HOVER
12529,IDLE_HOVER
12530,IDLE_HOVER
12531,IDLE_HOVER
12532,IDLE_HOVER
12533,IDLE_HOVER
12534,IDLE_HOVER
12535,IDLE_HOVER
12536,IDLE_HOVER
12537,IDLE_HOVER
12538,IDLE_HOVER
12539,IDLE_HOVER
12540,IDLE_HOVER
12541,IDLE_HOVER
12542,IDLE_HOVER
12543,IDLE_HOVER
12544,IDLE_HOVER
12545,IDLE_HOVER
12546,IDLE_HOVER
12547,IDLE_HOVER
12548,IDLE_HOVER
12549,IDLE_HOVER
12550,IDLE_HOVER
12551,IDLE_HOVER
12552,IDLE_HOVER
12553,IDLE_HOVER
12554,IDLE_HOVER
12555,IDLE_HOVER
12556,IDLE_HOVER
12557,IDLE_HOVER
12558,IDLE_HOVER
12559,IDLE_HOVER
12560,IDLE_HOVER
12561,IDLE_HOVER
12562,IDLE_HOVER
12563,IDLE_HOVER
12564,IDLE_HOVER
12565,IDLE_HOVER
12566,IDLE_HOVER
12567,IDLE_HOVER
12568,IDLE_HOVER
12569,IDLE_HOVER
12570,IDLE_HOVER
12571,IDLE_HOVER
12572,IDLE_HOVER
12573,IDLE_HOVER
12574,IDLE_HOVER
12575,IDLE_HOVER
12576,IDLE_HOVER
12577,IDLE_HOVER
12578,IDLE_HOVER
12579,IDLE_HOVER
12580,IDLE_HOVER
12581,IDLE_HOVER
12582,IDLE_HOVER
12583,IDLE_HOVER
12584,IDLE_HOVER
12585,IDLE_HOVER
12586,IDLE_HOVER
12587,IDLE_HOVER
12588,IDLE_HOVER
12589,IDLE_HOVER
12590,IDLE_HOVER
12591,IDLE_HOVER
12592,IDLE_HOVER
12593,IDLE_HOVER
12594,IDLE_HOVER
12595,IDLE_HOVER
12596,IDLE_HOVER
12597,IDLE_HOVER
12598,IDLE_HOVER
12599,IDLE_HOVER
12600,IDLE_HOVER
12601,IDLE_HOVER
12602,IDLE_HOVER
12603,IDLE_HOVER
12604,IDLE_HOVER
12605,IDLE_HOVER
12606,IDLE_HOVER
12607,IDLE_HOVER
12608,IDLE_HOVER
12609,IDLE_HOVER
12610,IDLE_HOVER
12611,IDLE_HOVER
12612,IDLE_HOVER
12613,IDLE_HOVER
12614,IDLE_HOVER
12615,IDLE_HOVER
12616,IDLE_HOVER
12617,IDLE_HOVER
12618,IDLE_HOVER
12619,IDLE_HOVER
12620,IDLE_HOVER
12621,IDLE_HOVER
12622,IDLE_HOVER
12623,IDLE_HOVER
12624,IDLE_HOVER
12625,IDLE_HOVER
12626,IDLE_HOVER
12627,IDLE_HOVER
12628,IDLE_HOVER
12629,IDLE_HOVER
12630,IDLE_HOVER
12631,IDLE_HOVER
12632,IDLE_HOVER
12633,IDLE_HOVER
12634,IDLE_HOVER
12635,IDLE_HOVER
12636,IDLE_HOVER
12637,IDLE_HOVER
12638,IDLE_HOVER
12639,IDLE_HOVER
12640,IDLE_HOVER
12641,IDLE_HOVER
12642,IDLE_HOVER
12643,IDLE_HOVER
12644,IDLE_HOVER
12645,IDLE_HOVER
12646,IDLE_HOVER
12647,IDLE_HOVER
12648,IDLE_HOVER
12649,IDLE_HOVER
12650,IDLE_HOVER
12651,IDLE_HOVER
12652,IDLE_HOVER
12653,IDLE_HOVER
12654,IDLE_HOVER
12655,IDLE_HOVER
12656,IDLE_HOVER
12657,IDLE_HOVER
12658,IDLE_HOVER
12659,IDLE_HOVER
12660,IDLE_HOVER
12661,IDLE_HOVER
12662,IDLE_HOVER
12663,IDLE_HOVER
12664,IDLE_HOVER
12665,IDLE_HOVER
12666,IDLE_HOVER
12667,IDLE_HOVER
12668,IDLE_HOVER
12669,IDLE_HOVER
12670,IDLE_HOVER
12671,IDLE_HOVER
12672,IDLE_HOVER
12673,IDLE_HOVER
12674,IDLE_HOVER
12675,IDLE_HOVER
12676,IDLE_HOVER
12677,IDLE_HOVER
12678,IDLE_HOVER
12679,IDLE_HOVER
12680,IDLE_HOVER
12681,IDLE_HOVER
12682,IDLE_HOVER
12683,IDLE_HOVER
12684,IDLE_HOVER
12685,IDLE_HOVER
12686,IDLE_HOVER
12687,IDLE_HOVER
12688,IDLE_HOVER
12689,IDLE_HOVER
12690,IDLE_HOVER
12691,IDLE_HOVER
12692,IDLE_HOVER
12693,IDLE_HOVER
12694,IDLE_HOVER
12695,IDLE_HOVER
12696,IDLE_HOVER
12697,IDLE_HOVER
12698,IDLE_HOVER
12699,IDLE_HOVER
12700,IDLE_HOVER
12701,IDLE_HOVER
12702,IDLE_HOVER
12703,IDLE_HOVER
12704,IDLE_HOVER
12705,IDLE_HOVER
12706,IDLE_HOVER
12707,IDLE_HOVER
12708,IDLE_HOVER
12709,IDLE_HOVER
12710,IDLE_HOVER
12711,IDLE_HOVER
12712,IDLE_HOVER
12713,IDLE_HOVER
12714,IDLE_HOVER
12715,IDLE_HOVER
12716,IDLE_HOVER
12717,IDLE_HOVER
12718,IDLE_HOVER
12719,IDLE_HOVER
12720,IDLE_HOVER
12721,IDLE_HOVER
12722,IDLE_HOVER
12723,IDLE_HOVER
12724,IDLE_HOVER
12725,IDLE_HOVER
12726,IDLE_HOVER
12727,IDLE_HOVER
12728,IDLE_HOVER
12729,IDLE_HOVER
12730,IDLE_HOVER
12731,IDLE_HOVER
12732,IDLE_HOVER
12733,IDLE_HOVER
12734,IDLE_HOVER
12735,IDLE_HOVER
12736,IDLE_HOVER
12737,IDLE_HOVER
12738,IDLE_HOVER
12739,IDLE_HOVER
12740,IDLE_HOVER
12741,IDLE_HOVER
12742,IDLE_HOVER
12743,IDLE_HOVER
12744,IDLE_HOVER
12745,IDLE_HOVER
12746,IDLE_HOVER
12747,IDLE_HOVER
12748,IDLE_HOVER
12749,IDLE_HOVER
12750,IDLE_HOVER
12751,IDLE_HOVER
12752,IDLE_HOVER
12753,IDLE_HOVER
12754,IDLE_HOVER
12755,IDLE_HOVER
12756,IDLE_HOVER
12757,IDLE_HOVER
12758,IDLE_HOVER
12759,IDLE_HOVER
12760,IDLE_HOVER
12761,IDLE_HOVER
12762,IDLE_HOVER
12763,IDLE_HOVER
12764,IDLE_HOVER
12765,IDLE_HOVER
12766,IDLE_HOVER
12767,IDLE_HOVER
12768,IDLE_HOVER
12769,IDLE_HOVER
12770,IDLE_HOVER
12771,IDLE_HOVER
12772,IDLE_HOVER
12773,IDLE_HOVER
12774,IDLE_HOVER
12775,IDLE_HOVER
12776,IDLE_HOVER
12777,IDLE_HOVER
12778,IDLE_HOVER
12779,IDLE_HOVER
12780,IDLE_HOVER
12781,IDLE_HOVER
12782,IDLE_HOVER
12783,IDLE_HOVER
12784,IDLE_HOVER
12785,IDLE_HOVER
12786,IDLE_HOVER
12787,IDLE_HOVER
12788,IDLE_HOVER
12789,IDLE_HOVER
12790,IDLE_HOVER
12791,IDLE_HOVER
12792,IDLE_HOVER
12793,IDLE_HOVER
12794,IDLE_HOVER
12795,IDLE_HOVER
12796,IDLE_HOVER
12797,IDLE_HOVER
12798,IDLE_HOVER
12799,IDLE_HOVER
12800,IDLE_HOVER
12801,IDLE_HOVER
12802,IDLE_HOVER
12803,IDLE_HOVER
12804,IDLE_HOVER
12805,IDLE_HOVER
12806,IDLE_HOVER
12807,IDLE_HOVER
12808,IDLE_HOVER
12809,IDLE_HOVER
12810,IDLE_HOVER
12811,IDLE_HOVER
12812,IDLE_HOVER
12813,IDLE_HOVER
12814,IDLE_HOVER
12815,IDLE_HOVER
12816,IDLE_HOVER
12817,IDLE_HOVER
12818,IDLE_HOVER
12819,IDLE_HOVER
12820,IDLE_HOVER
12821,IDLE_HOVER
12822,IDLE_HOVER
12823,IDLE_HOVER
12824,IDLE_HOVER
12825,IDLE_HOVER
12826,IDLE_HOVER
12827,IDLE_HOVER
12828,IDLE_HOVER
12829,IDLE_HOVER
12830,IDLE_HOVER
12831,IDLE_HOVER
12832,IDLE_HOVER
12833,IDLE_HOVER
12834,IDLE_HOVER
12835,IDLE_HOVER
12836,IDLE_HOVER
12837,IDLE_HOVER
12838,IDLE_HOVER
12839,IDLE_HOVER
12840,IDLE_HOVER
12841,IDLE_HOVER
12842,IDLE_HOVER
12843,IDLE_HOVER
12844,IDLE_HOVER
12845,IDLE_HOVER
12846,IDLE_HOVER
12847,IDLE_HOVER
12848,IDLE_HOVER
12849,IDLE_HOVER
12850,IDLE_HOVER
12851,IDLE_HOVER
12852,IDLE_HOVER
12853,IDLE_HOVER
12854,IDLE_HOVER
12855,IDLE_HOVER
12856,IDLE_HOVER
12857,IDLE_HOVER
12858,IDLE_HOVER
12859,IDLE_HOVER
12860,IDLE_HOVER
12861,IDLE_HOVER
12862,IDLE_HOVER
12863,IDLE_HOVER
12864,IDLE_HOVER
12865,IDLE_HOVER
12866,IDLE_HOVER
12867,IDLE_HOVER
12868,IDLE_HOVER
12869,IDLE_HOVER
12870,IDLE_HOVER
12871,IDLE_HOVER
12872,IDLE_HOVER
12873,IDLE_HOVER
12874,IDLE_HOVER
12875,IDLE_HOVER
12876,IDLE_HOVER
12877,IDLE_HOVER
12878,IDLE_HOVER
12879,IDLE_HOVER
12880,IDLE_HOVER
12881,IDLE_HOVER
12882,IDLE_HOVER
12883,IDLE_HOVER
12884,IDLE_HOVER
12885,IDLE_HOVER
12886,IDLE_HOVER
12887,IDLE_HOVER
12888,IDLE_HOVER
12889,IDLE_HOVER
12890,IDLE_HOVER
12891,IDLE_HOVER
12892,IDLE_HOVER
12893,IDLE_HOVER
12894,IDLE_HOVER
12895,IDLE_HOVER
12896,IDLE_HOVER
12897,IDLE_HOVER
12898,IDLE_HOVER
12899,IDLE_HOVER
12900,IDLE_HOVER
12901,IDLE_HOVER
12902,IDLE_HOVER
12903,IDLE_HOVER
12904,IDLE_HOVER
12905,IDLE_HOVER
12906,IDLE_HOVER
12907,IDLE_HOVER
12908,IDLE_HOVER
12909,IDLE_HOVER
12910,IDLE_HOVER
12911,IDLE_HOVER
12912,IDLE_HOVER
12913,IDLE_HOVER
12914,IDLE_HOVER
12915,IDLE_HOVER
12916,IDLE_HOVER
12917,IDLE_HOVER
12918,IDLE_HOVER
12919,IDLE_HOVER
12920,IDLE_HOVER
12921,IDLE_HOVER
12922,IDLE_HOVER
12923,IDLE_HOVER
12924,IDLE_HOVER
12925,IDLE_HOVER
12926,IDLE_HOVER
12927,IDLE_HOVER
12928,IDLE_HOVER
12929,IDLE_HOVER
12930,IDLE_HOVER
12931,IDLE_HOVER
12932,IDLE_HOVER
12933,IDLE_HOVER
12934,IDLE_HOVER
12935,IDLE_HOVER
12936,IDLE_HOVER
12937,IDLE_HOVER
12938,IDLE_HOVER
12939,IDLE_HOVER
12940,IDLE_HOVER
12941,IDLE_HOVER
12942,IDLE_HOVER
12943,IDLE_HOVER
12944,IDLE_HOVER
12945,IDLE_HOVER
12946,IDLE_HOVER
12947,IDLE_HOVER
12948,IDLE_HOVER
12949,IDLE_HOVER
12950,IDLE_HOVER
12951,IDLE_HOVER
12952,IDLE_HOVER
12953,IDLE_HOVER
12954,IDLE_HOVER
12955,IDLE_HOVER
12956,IDLE_HOVER
12957,IDLE_HOVER
12958,IDLE_HOVER
12959,IDLE_HOVER
12960,IDLE_HOVER
12961,IDLE_HOVER
12962,IDLE_HOVER
12963,IDLE_HOVER
12964,IDLE_HOVER
12965,IDLE_HOVER
12966,IDLE_HOVER
12967,IDLE_HOVER
12968,IDLE_HOVER
12969,IDLE_HOVER
12970,IDLE_HOVER
12971,IDLE_HOVER
12972,IDLE_HOVER
12973,IDLE_HOVER
12974,IDLE_HOVER
12975,IDLE_HOVER
12976,IDLE_HOVER
12977,IDLE_HOVER
12978,IDLE_HOVER
12979,IDLE_HOVER
12980,IDLE_HOVER
12981,IDLE_HOVER
12982,IDLE_HOVER
12983,IDLE_HOVER
12984,IDLE_HOVER
12985,IDLE_HOVER
12986,IDLE_HOVER
12987,IDLE_HOVER
12988,IDLE_HOVER
12989,IDLE_HOVER
12990,IDLE_HOVER
12991,IDLE_HOVER
12992,IDLE_HOVER
12993,IDLE_HOVER
12994,IDLE_HOVER
12995,IDLE_HOVER
12996,IDLE_HOVER
12997,IDLE_HOVER
12998,IDLE_HOVER
12999,IDLE_HOVER
13000,IDLE_HOVER
13001,IDLE_HOVER
13002,IDLE_HOVER
13003,IDLE_HOVER
13004,IDLE_HOVER
13005,IDLE_HOVER
13006,IDLE_HOVER
13007,IDLE_HOVER
13008,IDLE_HOVER
13009,IDLE_HOVER
13010,IDLE_HOVER
13011,IDLE_HOVER
13012,IDLE_HOVER
13013,IDLE_HOVER
13014,IDLE_HOVER
13015,IDLE_HOVER
13016,IDLE_HOVER
13017,IDLE_HOVER
13018,IDLE_HOVER
13019,IDLE_HOVER
13020,IDLE_HOVER
13021,IDLE_HOVER
13022,IDLE_HOVER
13023,IDLE_HOVER
13024,IDLE_HOVER
13025,IDLE_HOVER
13026,IDLE_HOVER
13027,IDLE_HOVER
13028,IDLE_HOVER
13029,IDLE_HOVER
13030,IDLE_HOVER
13031,IDLE_HOVER
13032,IDLE_HOVER
13033,IDLE_HOVER
13034,IDLE_HOVER
13035,IDLE_HOVER
13036,IDLE_HOVER
13037,IDLE_HOVER
13038,IDLE_HOVER
13039,IDLE_HOVER
13040,IDLE_HOVER
13041,IDLE_HOVER
13042,IDLE_HOVER
13043,IDLE_HOVER
13044,IDLE_HOVER
13045,IDLE_HOVER
13046,IDLE_HOVER
13047,IDLE_HOVER
13048,IDLE_HOVER
13049,IDLE_HOVER
13050,IDLE_HOVER
13051,IDLE_HOVER
13052,IDLE_HOVER
13053,IDLE_HOVER
13054,IDLE_HOVER
13055,IDLE_HOVER
13056,IDLE_HOVER
13057,IDLE_HOVER
13058,IDLE_HOVER
13059,IDLE_HOVER
13060,IDLE_HOVER
13061,IDLE_HOVER
13062,IDLE_HOVER
13063,IDLE_HOVER
13064,IDLE_HOVER
13065,IDLE_HOVER
13066,IDLE_HOVER
13067,IDLE_HOVER
13068,IDLE_HOVER
13069,IDLE_HOVER
13070,IDLE_HOVER
13071,IDLE_HOVER
13072,IDLE_HOVER
13073,IDLE_HOVER
13074,IDLE_HOVER
13075,IDLE_HOVER
13076,IDLE_HOVER
13077,IDLE_HOVER
13078,IDLE_HOVER
13079,IDLE_HOVER
13080,IDLE_HOVER
13081,IDLE_HOVER
13082,IDLE_HOVER
13083,IDLE_HOVER
13084,IDLE_HOVER
13085,IDLE_HOVER
13086,IDLE_HOVER
13087,IDLE_HOVER
13088,IDLE_HOVER
13089,IDLE_HOVER
13090,IDLE_HOVER
13091,IDLE_HOVER
13092,IDLE_HOVER
13093,IDLE_HOVER
13094,IDLE_HOVER
13095,IDLE_HOVER
13096,IDLE_HOVER
13097,IDLE_HOVER
13098,IDLE_HOVER
13099,IDLE_HOVER
13100,IDLE_HOVER
13101,IDLE_HOVER
13102,IDLE_HOVER
13103,IDLE_HOVER
13104,IDLE_HOVER
13105,IDLE_HOVER
13106,IDLE_HOVER
13107,IDLE_HOVER
13108,IDLE_HOVER
13109,IDLE_HOVER
13110,IDLE_HOVER
13111,IDLE_HOVER
13112,IDLE_HOVER
13113,IDLE_HOVER
13114,IDLE_HOVER
13115,IDLE_HOVER
13116,IDLE_HOVER
13117,IDLE_HOVER
13118,IDLE_HOVER
13119,IDLE_HOVER
13120,IDLE_HOVER
13121,IDLE_HOVER
13122,IDLE_HOVER
13123,IDLE_HOVER
13124,IDLE_HOVER
13125,IDLE_HOVER
13126,IDLE_HOVER
13127,IDLE_HOVER
13128,IDLE_HOVER
13129,IDLE_HOVER
13130,IDLE_HOVER
13131,IDLE_HOVER
13132,IDLE_HOVER
13133,IDLE_HOVER
13134,IDLE_HOVER
13135,IDLE_HOVER
13136,IDLE_HOVER
13137,IDLE_HOVER
13138,IDLE_HOVER
13139,IDLE_HOVER
13140,IDLE_HOVER
13141,IDLE_HOVER
13142,IDLE_HOVER
13143,IDLE_HOVER
13144,IDLE_HOVER
13145,IDLE_HOVER
13146,IDLE_HOVER
13147,IDLE_HOVER
13148,IDLE_HOVER
13149,IDLE_HOVER
13150,IDLE_HOVER
13151,IDLE_HOVER
13152,IDLE_HOVER
13153,IDLE_HOVER
13154,IDLE_HOVER
13155,IDLE_HOVER
13156,IDLE_HOVER
13157,IDLE_HOVER
13158,IDLE_HOVER
13159,IDLE_HOVER
13160,IDLE_HOVER
13161,IDLE_HOVER
13162,IDLE_HOVER
13163,IDLE_HOVER
13164,IDLE_HOVER
13165,IDLE_HOVER
13166,IDLE_HOVER
13167,IDLE_HOVER
13168,IDLE_HOVER
13169,IDLE_HOVER
13170,IDLE_HOVER
13171,IDLE_HOVER
13172,IDLE_HOVER
13173,IDLE_HOVER
13174,IDLE_HOVER
13175,IDLE_HOVER
13176,IDLE_HOVER
13177,IDLE_HOVER
13178,IDLE_HOVER
13179,IDLE_HOVER
13180,IDLE_HOVER
13181,IDLE_HOVER
13182,IDLE_HOVER
13183,IDLE_HOVER
13184,IDLE_HOVER
13185,IDLE_HOVER
13186,IDLE_HOVER
13187,IDLE_HOVER
13188,IDLE_HOVER
13189,IDLE_HOVER
13190,IDLE_HOVER
13191,IDLE_HOVER
13192,IDLE_HOVER
13193,IDLE_HOVER
13194,IDLE_HOVER
13195,IDLE_HOVER
13196,IDLE_HOVER
13197,IDLE_HOVER
13198,IDLE_HOVER
13199,IDLE_HOVER
13200,IDLE_HOVER
13201,IDLE_HOVER
13202,IDLE_HOVER
13203,IDLE_HOVER
13204,IDLE_HOVER
13205,IDLE_HOVER
13206,IDLE_HOVER
13207,IDLE_HOVER
13208,IDLE_HOVER
13209,IDLE_HOVER
13210,IDLE_HOVER
13211,IDLE_HOVER
13212,IDLE_HOVER
13213,IDLE_HOVER
13214,IDLE_HOVER
13215,IDLE_HOVER
13216,IDLE_HOVER
13217,IDLE_HOVER
13218,IDLE_HOVER
13219,IDLE_HOVER
13220,IDLE_HOVER
13221,IDLE_HOVER
13222,IDLE_HOVER
13223,IDLE_HOVER
13224,IDLE_HOVER
13225,IDLE_HOVER
13226,IDLE_HOVER
13227,IDLE_HOVER
13228,IDLE_HOVER
13229,IDLE_HOVER
13230,IDLE_HOVER
13231,IDLE_HOVER
13232,IDLE_HOVER
13233,IDLE_HOVER
13234,IDLE_HOVER
13235,IDLE_HOVER
13236,IDLE_HOVER
13237,IDLE_HOVER
13238,IDLE_HOVER
13239,IDLE_HOVER
13240,IDLE_HOVER
13241,IDLE_HOVER
13242,IDLE_HOVER
13243,IDLE_HOVER
13244,IDLE_HOVER
13245,IDLE_HOVER
13246,IDLE_HOVER
13247,IDLE_HOVER
13248,IDLE_HOVER
13249,IDLE_HOVER
13250,IDLE_HOVER
13251,IDLE_HOVER
13252,IDLE_HOVER
13253,IDLE_HOVER
13254,IDLE_HOVER
13255,IDLE_HOVER
13256,IDLE_HOVER
13257,IDLE_HOVER
13258,IDLE_HOVER
13259,IDLE_HOVER
13260,IDLE_HOVER
13261,IDLE_HOVER
13262,IDLE_HOVER
13263,IDLE_HOVER
13264,IDLE_HOVER
13265,IDLE_HOVER
13266,IDLE_HOVER
13267,IDLE_HOVER
13268,IDLE_HOVER
13269,IDLE_HOVER
13270,IDLE_HOVER
13271,IDLE_HOVER
13272,IDLE_HOVER
13273,IDLE_HOVER
13274,IDLE_HOVER
13275,IDLE_HOVER
13276,IDLE_HOVER
13277,IDLE_HOVER
13278,IDLE_HOVER
13279,IDLE_HOVER
13280,IDLE_HOVER
13281,IDLE_HOVER
13282,IDLE_HOVER
13283,IDLE_HOVER
13284,IDLE_HOVER
13285,IDLE_HOVER
13286,IDLE_HOVER
13287,IDLE_HOVER
13288,IDLE_HOVER
13289,IDLE_HOVER
13290,IDLE_HOVER
13291,IDLE_HOVER
13292,IDLE_HOVER
13293,IDLE_HOVER
13294,IDLE_HOVER
13295,IDLE_HOVER
13296,IDLE_HOVER
13297,IDLE_HOVER
13298,IDLE_HOVER
13299,IDLE_HOVER
13300,IDLE_HOVER
13301,IDLE_HOVER
13302,IDLE_HOVER
13303,IDLE_HOVER
13304,IDLE_HOVER
13305,IDLE_HOVER
13306,IDLE_HOVER
13307,IDLE_HOVER
13308,IDLE_HOVER
13309,IDLE_HOVER
13310,IDLE_HOVER
13311,IDLE_HOVER
13312,IDLE_HOVER
13313,IDLE_HOVER
13314,IDLE_HOVER
13315,IDLE_HOVER
13316,IDLE_HOVER
13317,IDLE_HOVER
13318,IDLE_HOVER
13319,IDLE_HOVER
13320,IDLE_HOVER
13321,IDLE_HOVER
13322,IDLE_HOVER
13323,IDLE_HOVER
13324,IDLE_HOVER
13325,IDLE_HOVER
13326,IDLE_HOVER
13327,IDLE_HOVER
13328,IDLE_HOVER
13329,IDLE_HOVER
13330,IDLE_HOVER
13331,IDLE_HOVER
13332,IDLE_HOVER
13333,IDLE_HOVER
13334,IDLE_HOVER
13335,IDLE_HOVER
13336,IDLE_HOVER
13337,IDLE_HOVER
13338,IDLE_HOVER
13339,IDLE_HOVER
13340,IDLE_HOVER
13341,IDLE_HOVER
13342,IDLE_HOVER
13343,IDLE_HOVER
13344,IDLE_HOVER
13345,IDLE_HOVER
13346,IDLE_HOVER
13347,IDLE_HOVER
13348,IDLE_HOVER
13349,IDLE_HOVER
13350,IDLE_HOVER
13351,IDLE_HOVER
13352,IDLE_HOVER
13353,IDLE_HOVER
13354,IDLE_HOVER
13355,IDLE_HOVER
13356,IDLE_HOVER
13357,IDLE_HOVER
13358,IDLE_HOVER
13359,IDLE_HOVER
13360,IDLE_HOVER
13361,IDLE_HOVER
13362,IDLE_HOVER
13363,IDLE_HOVER
13364,IDLE_HOVER
13365,IDLE_HOVER
13366,IDLE_HOVER
13367,IDLE_HOVER
13368,IDLE_HOVER
13369,IDLE_HOVER
13370,IDLE_HOVER
13371,IDLE_HOVER
13372,IDLE_HOVER
13373,IDLE_HOVER
13374,IDLE_HOVER
13375,IDLE_HOVER
13376,IDLE_HOVER
13377,IDLE_HOVER
13378,IDLE_HOVER
13379,IDLE_HOVER
13380,IDLE_HOVER
13381,IDLE_HOVER
13382,IDLE_HOVER
13383,IDLE_HOVER
13384,IDLE_HOVER
13385,IDLE_HOVER
13386,IDLE_HOVER
13387,IDLE_HOVER
13388,IDLE_HOVER
13389,IDLE_HOVER
13390,IDLE_HOVER
13391,IDLE_HOVER
13392,IDLE_HOVER
13393,IDLE_HOVER
13394,IDLE_HOVER
13395,IDLE_HOVER
13396,IDLE_HOVER
13397,IDLE_HOVER
13398,IDLE_HOVER
13399,IDLE_HOVER
13400,IDLE_HOVER
13401,IDLE_HOVER
13402,IDLE_HOVER
13403,IDLE_HOVER
13404,IDLE_HOVER
13405,IDLE_HOVER
13406,IDLE_HOVER
13407,IDLE_HOVER
13408,IDLE_HOVER
13409,IDLE_HOVER
13410,IDLE_HOVER
13411,IDLE_HOVER
13412,IDLE_HOVER
13413,IDLE_HOVER
13414,IDLE_HOVER
13415,IDLE_HOVER
13416,IDLE_HOVER
13417,IDLE_HOVER
13418,IDLE_HOVER
13419,IDLE_HOVER
13420,IDLE_HOVER
13421,IDLE_HOVER
13422,IDLE_HOVER
13423,IDLE_HOVER
13424,IDLE_HOVER
13425,IDLE_HOVER
13426,IDLE_HOVER
13427,IDLE_HOVER
13428,IDLE_HOVER
13429,IDLE_HOVER
13430,IDLE_HOVER
13431,IDLE_HOVER
13432,IDLE_HOVER
13433,IDLE_HOVER
13434,IDLE_HOVER
13435,IDLE_HOVER
13436,IDLE_HOVER
13437,IDLE_HOVER
13438,IDLE_HOVER
13439,IDLE_HOVER
13440,IDLE_HOVER
13441,IDLE_HOVER
13442,IDLE_HOVER
13443,IDLE_HOVER
13444,IDLE_HOVER
13445,IDLE_HOVER
13446,IDLE_HOVER
13447,IDLE_HOVER
13448,IDLE_HOVER
13449,IDLE_HOVER
13450,IDLE_HOVER
13451,IDLE_HOVER
13452,IDLE_HOVER
13453,IDLE_HOVER
13454,IDLE_HOVER
13455,IDLE_HOVER
13456,IDLE_HOVER
13457,IDLE_HOVER
13458,IDLE_HOVER
13459,IDLE_HOVER
13460,IDLE_HOVER
13461,IDLE_HOVER
13462,IDLE_HOVER
13463,IDLE_HOVER
13464,IDLE_HOVER
13465,IDLE_HOVER
13466,IDLE_HOVER
13467,IDLE_HOVER
13468,IDLE_HOVER
13469,IDLE_HOVER
13470,IDLE_HOVER
13471,IDLE_HOVER
13472,IDLE_HOVER
13473,IDLE_HOVER
13474,IDLE_HOVER
13475,IDLE_HOVER
13476,IDLE_HOVER
13477,IDLE_HOVER
13478,IDLE_HOVER
13479,IDLE_HOVER
13480,IDLE_HOVER
13481,IDLE_HOVER
13482,IDLE_HOVER
13483,IDLE_HOVER
13484,IDLE_HOVER
13485,IDLE_HOVER
13486,IDLE_HOVER
13487,IDLE_HOVER
13488,IDLE_HOVER
13489,IDLE_HOVER
13490,IDLE_HOVER
13491,IDLE_HOVER
13492,IDLE_HOVER
13493,IDLE_HOVER
13494,IDLE_HOVER
13495,IDLE_HOVER
13496,IDLE_HOVER
13497,IDLE_HOVER
13498,IDLE_HOVER
13499,IDLE_HOVER
13500,IDLE_HOVER
13501,IDLE_HOVER
13502,IDLE_HOVER
13503,IDLE_HOVER
13504,IDLE_HOVER
13505,IDLE_HOVER
13506,IDLE_HOVER
13507,IDLE_HOVER
13508,IDLE_HOVER
13509,IDLE_HOVER
13510,IDLE_HOVER
13511,IDLE_HOVER
13512,IDLE_HOVER
13513,IDLE_HOVER
13514,IDLE_HOVER
13515,IDLE_HOVER
13516,IDLE_HOVER
13517,IDLE_HOVER
13518,IDLE_HOVER
13519,IDLE_HOVER
13520,IDLE_HOVER
13521,IDLE_HOVER
13522,IDLE_HOVER
13523,IDLE_HOVER
13524,IDLE_HOVER
13525,IDLE_HOVER
13526,IDLE_HOVER
13527,IDLE_HOVER
13528,IDLE_HOVER
13529,IDLE_HOVER
13530,IDLE_HOVER
13531,IDLE_HOVER
13532,IDLE_HOVER
13533,IDLE_HOVER
13534,IDLE_HOVER
13535,IDLE_HOVER
13536,IDLE_HOVER
13537,IDLE_HOVER
13538,IDLE_HOVER
13539,IDLE_HOVER
13540,IDLE_HOVER
13541,IDLE_HOVER
13542,IDLE_HOVER
13543,IDLE_HOVER
13544,IDLE_HOVER
13545,IDLE_HOVER
13546,IDLE_HOVER
13547,IDLE_HOVER
13548,IDLE_HOVER
13549,IDLE_HOVER
13550,IDLE_HOVER
13551,IDLE_HOVER
13552,IDLE_HOVER
13553,IDLE_HOVER
13554,IDLE_HOVER
13555,IDLE_HOVER
13556,IDLE_HOVER
13557,IDLE_HOVER
13558,IDLE_HOVER
13559,IDLE_HOVER
13560,IDLE_HOVER
13561,IDLE_HOVER
13562,IDLE_HOVER
13563,IDLE_HOVER
13564,IDLE_HOVER
13565,IDLE_HOVER
13566,IDLE_HOVER
13567,IDLE_HOVER
13568,IDLE_HOVER
13569,IDLE_HOVER
13570,IDLE_HOVER
13571,IDLE_HOVER
13572,IDLE_HOVER
13573,IDLE_HOVER
13574,IDLE_HOVER
13575,IDLE_HOVER
13576,IDLE_HOVER
13577,IDLE_HOVER
13578,IDLE_HOVER
13579,IDLE_HOVER
13580,IDLE_HOVER
13581,IDLE_HOVER
13582,IDLE_HOVER
13583,IDLE_HOVER
13584,IDLE_HOVER
13585,IDLE_HOVER
13586,IDLE_HOVER
13587,IDLE_HOVER
13588,IDLE_HOVER
13589,IDLE_HOVER
13590,IDLE_HOVER
13591,IDLE_HOVER
13592,IDLE_HOVER
13593,IDLE_HOVER
13594,IDLE_HOVER
13595,IDLE_HOVER
13596,IDLE_HOVER
13597,IDLE_HOVER
13598,IDLE_HOVER
13599,IDLE_HOVER
13600,IDLE_HOVER
13601,IDLE_HOVER
13602,IDLE_HOVER
13603,IDLE_HOVER
13604,IDLE_HOVER
13605,IDLE_HOVER
13606,IDLE_HOVER
13607,IDLE_HOVER
13608,IDLE_HOVER
13609,IDLE_HOVER
13610,IDLE_HOVER
13611,IDLE_HOVER
13612,IDLE_HOVER
13613,IDLE_HOVER
13614,IDLE_HOVER
13615,IDLE_HOVER
13616,IDLE_HOVER
13617,IDLE_HOVER
13618,IDLE_HOVER
13619,IDLE_HOVER
13620,IDLE_HOVER
13621,IDLE_HOVER
13622,IDLE_HOVER
13623,IDLE_HOVER
13624,IDLE_HOVER
13625,IDLE_HOVER
13626,IDLE_HOVER
13627,IDLE_HOVER
13628,IDLE_HOVER
13629,IDLE_HOVER
13630,IDLE_HOVER
13631,IDLE_HOVER
13632,IDLE_HOVER
13633,IDLE_HOVER
13634,IDLE_HOVER
13635,IDLE_HOVER
13636,IDLE_HOVER
13637,IDLE_HOVER
13638,IDLE_HOVER
13639,IDLE_HOVER
13640,IDLE_HOVER
13641,IDLE_HOVER
13642,IDLE_HOVER
13643,IDLE_HOVER
13644,IDLE_HOVER
13645,IDLE_HOVER
13646,IDLE_HOVER
13647,IDLE_HOVER
13648,IDLE_HOVER
13649,IDLE_HOVER
13650,IDLE_HOVER
13651,IDLE_HOVER
13652,IDLE_HOVER
13653,IDLE_HOVER
13654,IDLE_HOVER
13655,IDLE_HOVER
13656,IDLE_HOVER
13657,IDLE_HOVER
13658,IDLE_HOVER
13659,IDLE_HOVER
13660,IDLE_HOVER
13661,IDLE_HOVER
13662,IDLE_HOVER
13663,IDLE_HOVER
13664,IDLE_HOVER
13665,IDLE_HOVER
13666,IDLE_HOVER
13667,IDLE_HOVER
13668,IDLE_HOVER
13669,IDLE_HOVER
13670,IDLE_HOVER
13671,IDLE_HOVER
13672,IDLE_HOVER
13673,IDLE_HOVER
13674,IDLE_HOVER
13675,IDLE_HOVER
13676,IDLE_HOVER
13677,IDLE_HOVER
13678,IDLE_HOVER
13679,IDLE_HOVER
13680,IDLE_HOVER
13681,IDLE_HOVER
13682,IDLE_HOVER
13683,IDLE_HOVER
13684,IDLE_HOVER
13685,IDLE_HOVER
13686,IDLE_HOVER
13687,IDLE_HOVER
13688,IDLE_HOVER
13689,IDLE_HOVER
13690,IDLE_HOVER
13691,IDLE_HOVER
13692,IDLE_HOVER
13693,IDLE_HOVER
13694,IDLE_HOVER
13695,IDLE_HOVER
13696,IDLE_HOVER
13697,IDLE_HOVER
13698,IDLE_HOVER
13699,IDLE_HOVER
13700,IDLE_HOVER
13701,IDLE_HOVER
13702,IDLE_HOVER
13703,IDLE_HOVER
13704,IDLE_HOVER
13705,IDLE_HOVER
13706,IDLE_HOVER
13707,IDLE_HOVER
13708,IDLE_HOVER
13709,IDLE_HOVER
13710,IDLE_HOVER
13711,IDLE_HOVER
13712,IDLE_HOVER
13713,IDLE_HOVER
13714,IDLE_HOVER
13715,IDLE_HOVER
13716,IDLE_HOVER
13717,IDLE_HOVER
13718,IDLE_HOVER
13719,IDLE_HOVER
13720,IDLE_HOVER
13721,IDLE_HOVER
13722,IDLE_HOVER
13723,IDLE_HOVER
13724,IDLE_HOVER
13725,IDLE_HOVER
13726,IDLE_HOVER
13727,IDLE_HOVER
13728,IDLE_HOVER
13729,IDLE_HOVER
13730,IDLE_HOVER
13731,IDLE_HOVER
13732,IDLE_HOVER
13733,IDLE_HOVER
13734,IDLE_HOVER
13735,IDLE_HOVER
13736,IDLE_HOVER
13737,IDLE_HOVER
13738,IDLE_HOVER
13739,IDLE_HOVER
13740,IDLE_HOVER
13741,IDLE_HOVER
13742,IDLE_HOVER
13743,IDLE_HOVER
13744,IDLE_HOVER
13745,IDLE_HOVER
13746,IDLE_HOVER
13747,IDLE_HOVER
13748,IDLE_HOVER
13749,IDLE_HOVER
13750,IDLE_HOVER
13751,IDLE_HOVER
13752,IDLE_HOVER
13753,IDLE_HOVER
13754,IDLE_HOVER
13755,IDLE_HOVER
13756,IDLE_HOVER
13757,IDLE_HOVER
13758,IDLE_HOVER
13759,IDLE_HOVER
13760,IDLE_HOVER
13761,IDLE_HOVER
13762,IDLE_HOVER
13763,IDLE_HOVER
13764,IDLE_HOVER
13765,IDLE_HOVER
13766,IDLE_HOVER
13767,IDLE_HOVER
13768,IDLE_HOVER
13769,IDLE_HOVER
13770,IDLE_HOVER
13771,IDLE_HOVER
13772,IDLE_HOVER
13773,IDLE_HOVER
13774,IDLE_HOVER
13775,IDLE_HOVER
13776,IDLE_HOVER
13777,IDLE_HOVER
13778,IDLE_HOVER
13779,IDLE_HOVER
13780,IDLE_HOVER
13781,IDLE_HOVER
13782,IDLE_HOVER
13783,IDLE_HOVER
13784,IDLE_HOVER
13785,IDLE_HOVER
13786,IDLE_HOVER
13787,IDLE_HOVER
13788,IDLE_HOVER
13789,IDLE_HOVER
13790,IDLE_HOVER
13791,IDLE_HOVER
13792,IDLE_HOVER
13793,IDLE_HOVER
13794,IDLE_HOVER
13795,IDLE_HOVER
13796,IDLE_HOVER
13797,IDLE_HOVER
13798,IDLE_HOVER
13799,IDLE_HOVER
13800,IDLE_HOVER
13801,IDLE_HOVER
13802,IDLE_HOVER
13803,IDLE_HOVER
13804,IDLE_HOVER
13805,IDLE_HOVER
13806,IDLE_HOVER
13807,IDLE_HOVER
13808,IDLE_HOVER
13809,IDLE_HOVER
13810,IDLE_HOVER
13811,IDLE_HOVER
13812,IDLE_HOVER
13813,IDLE_HOVER
13814,IDLE_HOVER
13815,IDLE_HOVER
13816,IDLE_HOVER
13817,IDLE_HOVER
13818,IDLE_HOVER
13819,IDLE_HOVER
13820,IDLE_HOVER
13821,IDLE_HOVER
13822,IDLE_HOVER
13823,IDLE_HOVER
13824,IDLE_HOVER
13825,IDLE_HOVER
13826,IDLE_HOVER
13827,IDLE_HOVER
13828,IDLE_HOVER
13829,IDLE_HOVER
13830,IDLE_HOVER
13831,IDLE_HOVER
13832,IDLE_HOVER
13833,IDLE_HOVER
13834,IDLE_HOVER
13835,IDLE_HOVER
13836,IDLE_HOVER
13837,IDLE_HOVER
13838,IDLE_HOVER
13839,IDLE_HOVER
13840,IDLE_HOVER
13841,IDLE_HOVER
13842,IDLE_HOVER
13843,IDLE_HOVER
13844,IDLE_HOVER
13845,IDLE_HOVER
13846,IDLE_HOVER
13847,IDLE_HOVER
13848,IDLE_HOVER
13849,IDLE_HOVER
13850,IDLE_HOVER
13851,IDLE_HOVER
13852,IDLE_HOVER
13853,IDLE_HOVER
13854,IDLE_HOVER
13855,IDLE_HOVER
13856,IDLE_HOVER
13857,IDLE_HOVER
13858,IDLE_HOVER
13859,IDLE_HOVER
13860,IDLE_HOVER
13861,IDLE_HOVER
13862,IDLE_HOVER
13863,IDLE_HOVER
13864,IDLE_HOVER
13865,IDLE_HOVER
13866,IDLE_HOVER
13867,IDLE_HOVER
13868,IDLE_HOVER
13869,IDLE_HOVER
13870,IDLE_HOVER
13871,IDLE_HOVER
13872,IDLE_HOVER
13873,IDLE_HOVER
13874,IDLE_HOVER
13875,IDLE_HOVER
13876,IDLE_HOVER
13877,IDLE_HOVER
13878,IDLE_HOVER
13879,IDLE_HOVER
13880,IDLE_HOVER
13881,IDLE_HOVER
13882,IDLE_HOVER
13883,IDLE_HOVER
13884,IDLE_HOVER
13885,IDLE_HOVER
13886,IDLE_HOVER
13887,IDLE_HOVER
13888,IDLE_HOVER
13889,IDLE_HOVER
13890,IDLE_HOVER
13891,IDLE_HOVER
13892,IDLE_HOVER
13893,IDLE_HOVER
13894,IDLE_HOVER
13895,IDLE_HOVER
13896,IDLE_HOVER
13897,IDLE_HOVER
13898,IDLE_HOVER
13899,IDLE_HOVER
13900,IDLE_HOVER
13901,IDLE_HOVER
13902,IDLE_HOVER
13903,IDLE_HOVER
13904,IDLE_HOVER
13905,IDLE_HOVER
13906,IDLE_HOVER
13907,IDLE_HOVER
13908,IDLE_HOVER
13909,IDLE_HOVER
13910,IDLE_HOVER
13911,IDLE_HOVER
13912,IDLE_HOVER
13913,IDLE_HOVER
13914,IDLE_HOVER
13915,IDLE_HOVER
13916,IDLE_HOVER
13917,IDLE_HOVER
13918,IDLE_HOVER
13919,IDLE_HOVER
13920,IDLE_HOVER
13921,IDLE_HOVER
13922,IDLE_HOVER
13923,IDLE_HOVER
13924,IDLE_HOVER
13925,IDLE_HOVER
13926,IDLE_HOVER
13927,IDLE_HOVER
13928,IDLE_HOVER
13929,IDLE_HOVER
13930,IDLE_HOVER
13931,IDLE_HOVER
13932,IDLE_HOVER
13933,IDLE_HOVER
13934,IDLE_HOVER
13935,IDLE_HOVER
13936,IDLE_HOVER
13937,IDLE_HOVER
13938,IDLE_HOVER
13939,IDLE_HOVER
13940,IDLE_HOVER
13941,IDLE_HOVER
13942,IDLE_HOVER
13943,IDLE_HOVER
13944,IDLE_HOVER
13945,IDLE_HOVER
13946,IDLE_HOVER
13947,IDLE_HOVER
13948,IDLE_HOVER
13949,IDLE_HOVER
13950,IDLE_HOVER
13951,IDLE_HOVER
13952,IDLE_HOVER
13953,IDLE_HOVER
13954,IDLE_HOVER
13955,IDLE_HOVER
13956,IDLE_HOVER
13957,IDLE_HOVER
13958,IDLE_HOVER
13959,IDLE_HOVER
13960,IDLE_HOVER
13961,IDLE_HOVER
13962,IDLE_HOVER
13963,IDLE_HOVER
13964,IDLE_HOVER
13965,IDLE_HOVER
13966,IDLE_HOVER
13967,IDLE_HOVER
13968,IDLE_HOVER
13969,IDLE_HOVER
13970,IDLE_HOVER
13971,IDLE_HOVER
13972,IDLE_HOVER
13973,IDLE_HOVER
13974,IDLE_HOVER
13975,IDLE_HOVER
13976,IDLE_HOVER
13977,IDLE_HOVER
13978,IDLE_HOVER
13979,IDLE_HOVER
13980,IDLE_HOVER
13981,IDLE_HOVER
13982,IDLE_HOVER
13983,IDLE_HOVER
13984,IDLE_HOVER
13985,IDLE_HOVER
13986,IDLE_HOVER
13987,IDLE_HOVER
13988,IDLE_HOVER
13989,IDLE_HOVER
13990,IDLE_HOVER
13991,IDLE_HOVER
13992,IDLE_HOVER
13993,IDLE_HOVER
13994,IDLE_HOVER
13995,IDLE_HOVER
13996,IDLE_HOVER
13997,IDLE_HOVER
13998,IDLE_HOVER
13999,IDLE_HOVER
14000,IDLE_HOVER
14001,IDLE_HOVER
14002,IDLE_HOVER
14003,IDLE_HOVER
14004,IDLE_HOVER
14005,IDLE_HOVER
14006,IDLE_HOVER
14007,IDLE_HOVER
14008,IDLE_HOVER
14009,IDLE_HOVER
14010,IDLE_HOVER
14011,IDLE_HOVER
14012,IDLE_HOVER
14013,IDLE_HOVER
14014,IDLE_HOVER
14015,IDLE_HOVER
14016,IDLE_HOVER
14017,IDLE_HOVER
14018,IDLE_HOVER
14019,IDLE_HOVER
14020,IDLE_HOVER
14021,IDLE_HOVER
14022,IDLE_HOVER
14023,IDLE_HOVER
14024,IDLE_HOVER
14025,IDLE_HOVER
14026,IDLE_HOVER
14027,IDLE_HOVER
14028,IDLE_HOVER
14029,IDLE_HOVER
14030,IDLE_HOVER
14031,IDLE_HOVER
14032,IDLE_HOVER
14033,IDLE_HOVER
14034,IDLE_HOVER
14035,IDLE_HOVER
14036,IDLE_HOVER
14037,IDLE_HOVER
14038,IDLE_HOVER
14039,IDLE_HOVER
14040,IDLE_HOVER
14041,IDLE_HOVER
14042,IDLE_HOVER
14043,IDLE_HOVER
14044,IDLE_HOVER
14045,IDLE_HOVER
14046,IDLE_HOVER
14047,IDLE_HOVER
14048,IDLE_HOVER
14049,IDLE_HOVER
14050,IDLE_HOVER
14051,IDLE_HOVER
14052,IDLE_HOVER
14053,IDLE_HOVER
14054,IDLE_HOVER
14055,IDLE_HOVER
14056,IDLE_HOVER
14057,IDLE_HOVER
14058,IDLE_HOVER
14059,IDLE_HOVER
14060,IDLE_HOVER
14061,IDLE_HOVER
14062,IDLE_HOVER
14063,IDLE_HOVER
14064,IDLE_HOVER
14065,IDLE_HOVER
14066,IDLE_HOVER
14067,IDLE_HOVER
14068,IDLE_HOVER
14069,IDLE_HOVER
14070,IDLE_HOVER
14071,IDLE_HOVER
14072,IDLE_HOVER
14073,IDLE_HOVER
14074,IDLE_HOVER
14075,IDLE_HOVER
14076,IDLE_HOVER
14077,IDLE_HOVER
14078,IDLE_HOVER
14079,IDLE_HOVER
14080,IDLE_HOVER
14081,IDLE_HOVER
14082,IDLE_HOVER
14083,IDLE_HOVER
14084,IDLE_HOVER
14085,IDLE_HOVER
14086,IDLE_HOVER
14087,IDLE_HOVER
14088,IDLE_HOVER
14089,IDLE_HOVER
14090,IDLE_HOVER
14091,IDLE_HOVER
14092,IDLE_HOVER
14093,IDLE_HOVER
14094,IDLE_HOVER
14095,IDLE_HOVER
14096,IDLE_HOVER
14097,IDLE_HOVER
14098,IDLE_HOVER
14099,IDLE_HOVER
14100,IDLE_HOVER
14101,IDLE_HOVER
14102,IDLE_HOVER
14103,IDLE_HOVER
14104,IDLE_HOVER
14105,IDLE_HOVER
14106,IDLE_HOVER
14107,IDLE_HOVER
14108,IDLE_HOVER
14109,IDLE_HOVER
14110,IDLE_HOVER
14111,IDLE_HOVER
14112,IDLE_HOVER
14113,IDLE_HOVER
14114,IDLE_HOVER
14115,IDLE_HOVER
14116,IDLE_HOVER
14117,IDLE_HOVER
14118,IDLE_HOVER
14119,IDLE_HOVER
14120,IDLE_HOVER
14121,IDLE_HOVER
14122,IDLE_HOVER
14123,IDLE_HOVER
14124,IDLE_HOVER
14125,IDLE_HOVER
14126,IDLE_HOVER
14127,IDLE_HOVER
14128,IDLE_HOVER
14129,IDLE_HOVER
14130,IDLE_HOVER
14131,IDLE_HOVER
14132,IDLE_HOVER
14133,IDLE_HOVER
14134,IDLE_HOVER
14135,IDLE_HOVER
14136,IDLE_HOVER
14137,IDLE_HOVER
14138,IDLE_HOVER
14139,IDLE_HOVER
14140,IDLE_HOVER
14141,IDLE_HOVER
14142,IDLE_HOVER
14143,IDLE_HOVER
14144,IDLE_HOVER
14145,IDLE_HOVER
14146,IDLE_HOVER
14147,IDLE_HOVER
14148,IDLE_HOVER
14149,IDLE_HOVER
14150,IDLE_HOVER
14151,IDLE_HOVER
14152,IDLE_HOVER
14153,IDLE_HOVER
14154,IDLE_HOVER
14155,IDLE_HOVER
14156,IDLE_HOVER
14157,IDLE_HOVER
14158,IDLE_HOVER
14159,IDLE_HOVER
14160,IDLE_HOVER
14161,IDLE_HOVER
14162,IDLE_HOVER
14163,IDLE_HOVER
14164,IDLE_HOVER
14165,IDLE_HOVER
14166,IDLE_HOVER
14167,IDLE_HOVER
14168,IDLE_HOVER
14169,IDLE_HOVER
14170,IDLE_HOVER
14171,IDLE_HOVER
14172,IDLE_HOVER
14173,IDLE_HOVER
14174,IDLE_HOVER
14175,IDLE_HOVER
14176,IDLE_HOVER
14177,IDLE_HOVER
14178,IDLE_HOVER
14179,IDLE_HOVER
14180,IDLE_HOVER
14181,IDLE_HOVER
14182,IDLE_HOVER
14183,IDLE_HOVER
14184,IDLE_HOVER
14185,IDLE_HOVER
14186,IDLE_HOVER
14187,IDLE_HOVER
14188,IDLE_HOVER
14189,IDLE_HOVER
14190,IDLE_HOVER
14191,IDLE_HOVER
14192,IDLE_HOVER
14193,IDLE_HOVER
14194,IDLE_HOVER
14195,IDLE_HOVER
14196,IDLE_HOVER
14197,IDLE_HOVER
14198,IDLE_HOVER
14199,IDLE_HOVER
14200,IDLE_HOVER
14201,IDLE_HOVER
14202,IDLE_HOVER
14203,IDLE_HOVER
14204,IDLE_HOVER
14205,IDLE_HOVER
14206,IDLE_HOVER
14207,IDLE_HOVER
14208,IDLE_HOVER
14209,IDLE_HOVER
14210,IDLE_HOVER
14211,IDLE_HOVER
14212,IDLE_HOVER
14213,IDLE_HOVER
14214,IDLE_HOVER
14215,IDLE_HOVER
14216,IDLE_HOVER
14217,IDLE_HOVER
14218,IDLE_HOVER
14219,IDLE_HOVER
14220,IDLE_HOVER
14221,IDLE_HOVER
14222,IDLE_HOVER
14223,IDLE_HOVER
14224,IDLE_HOVER
14225,IDLE_HOVER
14226,IDLE_HOVER
14227,IDLE_HOVER
14228,IDLE_HOVER
14229,IDLE_HOVER
14230,IDLE_HOVER
14231,IDLE_HOVER
14232,IDLE_HOVER
14233,IDLE_HOVER
14234,IDLE_HOVER
14235,IDLE_HOVER
14236,IDLE_HOVER
14237,IDLE_HOVER
14238,IDLE_HOVER
14239,IDLE_HOVER
14240,IDLE_HOVER
14241,IDLE_HOVER
14242,IDLE_HOVER
14243,IDLE_HOVER
14244,IDLE_HOVER
14245,IDLE_HOVER
14246,IDLE_HOVER
14247,IDLE_HOVER
14248,IDLE_HOVER
14249,IDLE_HOVER
14250,IDLE_HOVER
14251,IDLE_HOVER
14252,IDLE_HOVER
14253,IDLE_HOVER
14254,IDLE_HOVER
14255,IDLE_HOVER
14256,IDLE_HOVER
14257,IDLE_HOVER
14258,IDLE_HOVER
14259,IDLE_HOVER
14260,IDLE_HOVER
14261,IDLE_HOVER
14262,IDLE_HOVER
14263,IDLE_HOVER
14264,IDLE_HOVER
14265,IDLE_HOVER
14266,IDLE_HOVER
14267,IDLE_HOVER
14268,IDLE_HOVER
14269,IDLE_HOVER
14270,IDLE_HOVER
14271,IDLE_HOVER
14272,IDLE_HOVER
14273,IDLE_HOVER
14274,IDLE_HOVER
14275,IDLE_HOVER
14276,IDLE_HOVER
14277,IDLE_HOVER
14278,IDLE_HOVER
14279,IDLE_HOVER
14280,IDLE_HOVER
14281,IDLE_HOVER
14282,IDLE_HOVER
14283,IDLE_HOVER
14284,IDLE_HOVER
14285,IDLE_HOVER
14286,IDLE_HOVER
14287,IDLE_HOVER
14288,IDLE_HOVER
14289,IDLE_HOVER
14290,IDLE_HOVER
14291,IDLE_HOVER
14292,IDLE_HOVER
14293,IDLE_HOVER
14294,IDLE_HOVER
14295,IDLE_HOVER
14296,IDLE_HOVER
14297,IDLE_HOVER
14298,IDLE_HOVER
14299,IDLE_HOVER
14300,IDLE_HOVER
14301,IDLE_HOVER
14302,IDLE_HOVER
14303,IDLE_HOVER
14304,IDLE_HOVER
14305,IDLE_HOVER
14306,IDLE_HOVER
14307,IDLE_HOVER
14308,IDLE_HOVER
14309,IDLE_HOVER
14310,IDLE_HOVER
14311,IDLE_HOVER
14312,IDLE_HOVER
14313,IDLE_HOVER
14314,IDLE_HOVER
14315,IDLE_HOVER
14316,IDLE_HOVER
14317,IDLE_HOVER
14318,IDLE_HOVER
14319,IDLE_HOVER
14320,IDLE_HOVER
14321,IDLE_HOVER
14322,IDLE_HOVER
14323,IDLE_HOVER
14324,IDLE_HOVER
14325,IDLE_HOVER
14326,IDLE_HOVER
14327,IDLE_HOVER
14328,IDLE_HOVER
14329,IDLE_HOVER
14330,IDLE_HOVER
14331,IDLE_HOVER
14332,IDLE_HOVER
14333,IDLE_HOVER
14334,IDLE_HOVER
14335,IDLE_HOVER
14336,IDLE_HOVER
14337,IDLE_HOVER
14338,IDLE_HOVER
14339,IDLE_HOVER
14340,IDLE_HOVER
14341,IDLE_HOVER
14342,IDLE_HOVER
14343,IDLE_HOVER
14344,IDLE_HOVER
14345,IDLE_HOVER
14346,IDLE_HOVER
14347,IDLE_HOVER
14348,IDLE_HOVER
14349,IDLE_HOVER
14350,IDLE_HOVER
14351,IDLE_HOVER
14352,IDLE_HOVER
14353,IDLE_HOVER
14354,IDLE_HOVER
14355,IDLE_HOVER
14356,IDLE_HOVER
14357,IDLE_HOVER
14358,IDLE_HOVER
14359,IDLE_HOVER
14360,IDLE_HOVER
14361,IDLE_HOVER
14362,IDLE_HOVER
14363,IDLE_HOVER
14364,IDLE_HOVER
14365,IDLE_HOVER
14366,IDLE_HOVER
14367,IDLE_HOVER
14368,IDLE_HOVER
14369,IDLE_HOVER
14370,IDLE_HOVER
14371,IDLE_HOVER
14372,IDLE_HOVER
14373,IDLE_HOVER
14374,IDLE_HOVER
14375,IDLE_HOVER
14376,IDLE_HOVER
14377,IDLE_HOVER
14378,IDLE_HOVER
14379,IDLE_HOVER
14380,IDLE_HOVER
14381,IDLE_HOVER
14382,IDLE_HOVER
14383,IDLE_HOVER
14384,IDLE_HOVER
14385,IDLE_HOVER
14386,IDLE_HOVER
14387,IDLE_HOVER
14388,IDLE_HOVER
14389,IDLE_HOVER
14390,IDLE_HOVER
14391,IDLE_HOVER
14392,IDLE_HOVER
14393,IDLE_HOVER
14394,IDLE_HOVER
14395,IDLE_HOVER
14396,IDLE_HOVER
14397,IDLE_HOVER
14398,IDLE_HOVER
14399,IDLE_HOVER
14400,IDLE_HOVER
14401,IDLE_HOVER
14402,IDLE_HOVER
14403,IDLE_HOVER
14404,IDLE_HOVER
14405,IDLE_HOVER
14406,IDLE_HOVER
14407,IDLE_HOVER
14408,IDLE_HOVER
14409,IDLE_HOVER
14410,IDLE_HOVER
14411,IDLE_HOVER
14412,IDLE_HOVER
14413,IDLE_HOVER
14414,IDLE_HOVER
14415,IDLE_HOVER
14416,IDLE_HOVER
14417,IDLE_HOVER
14418,IDLE_HOVER
14419,IDLE_HOVER
14420,IDLE_HOVER
14421,IDLE_HOVER
14422,IDLE_HOVER
14423,IDLE_HOVER
14424,IDLE_HOVER
14425,IDLE_HOVER
14426,IDLE_HOVER
14427,IDLE_HOVER
14428,IDLE_HOVER
14429,IDLE_HOVER
14430,IDLE_HOVER
14431,IDLE_HOVER
14432,IDLE_HOVER
14433,IDLE_HOVER
14434,IDLE_HOVER
14435,IDLE_HOVER
14436,IDLE_HOVER
14437,IDLE_HOVER
14438,IDLE_HOVER
14439,IDLE_HOVER
14440,IDLE_HOVER
14441,IDLE_HOVER
14442,IDLE_HOVER
14443,IDLE_HOVER
14444,IDLE_HOVER
14445,IDLE_HOVER
14446,IDLE_HOVER
14447,IDLE_HOVER
14448,IDLE_HOVER
14449,IDLE_HOVER
14450,IDLE_HOVER
14451,IDLE_HOVER
14452,IDLE_HOVER
14453,IDLE_HOVER
14454,IDLE_HOVER
14455,IDLE_HOVER
14456,IDLE_HOVER
14457,IDLE_HOVER
14458,IDLE_HOVER
14459,IDLE_HOVER
14460,IDLE_HOVER
14461,IDLE_HOVER
14462,IDLE_HOVER
14463,IDLE_HOVER
14464,IDLE_HOVER
14465,IDLE_HOVER
14466,IDLE_HOVER
14467,IDLE_HOVER
14468,IDLE_HOVER
14469,IDLE_HOVER
14470,IDLE_HOVER
14471,IDLE_HOVER
14472,IDLE_HOVER
14473,IDLE_HOVER
14474,IDLE_HOVER
14475,IDLE_HOVER
14476,IDLE_HOVER
14477,IDLE_HOVER
14478,IDLE_HOVER
14479,IDLE_HOVER
14480,IDLE_HOVER
14481,IDLE_HOVER
14482,IDLE_HOVER
14483,IDLE_HOVER
14484,IDLE_HOVER
14485,IDLE_HOVER
14486,IDLE_HOVER
14487,IDLE_HOVER
14488,IDLE_HOVER
14489,IDLE_HOVER
14490,IDLE_HOVER
14491,IDLE_HOVER
14492,IDLE_HOVER
14493,IDLE_HOVER
14494,IDLE_HOVER
14495,IDLE_HOVER
14496,IDLE_HOVER
14497,IDLE_HOVER
14498,IDLE_HOVER
14499,IDLE_HOVER
14500,IDLE_HOVER
14501,IDLE_HOVER
14502,IDLE_HOVER
14503,IDLE_HOVER
14504,IDLE_HOVER
14505,IDLE_HOVER
14506,IDLE_HOVER
14507,IDLE_HOVER
14508,IDLE_HOVER
14509,IDLE_HOVER
14510,IDLE_HOVER
14511,IDLE_HOVER
14512,IDLE_HOVER
14513,IDLE_HOVER
14514,IDLE_HOVER
14515,IDLE_HOVER
14516,IDLE_HOVER
14517,IDLE_HOVER
14518,IDLE_HOVER
14519,IDLE_HOVER
14520,IDLE_HOVER
14521,IDLE_HOVER
14522,IDLE_HOVER
14523,IDLE_HOVER
14524,IDLE_HOVER
14525,IDLE_HOVER
14526,IDLE_HOVER
14527,IDLE_HOVER
14528,IDLE_HOVER
14529,IDLE_HOVER
14530,IDLE_HOVER
14531,IDLE_HOVER
14532,IDLE_HOVER
14533,IDLE_HOVER
14534,IDLE_HOVER
14535,IDLE_HOVER
14536,IDLE_HOVER
14537,IDLE_HOVER
14538,IDLE_HOVER
14539,IDLE_HOVER
14540,IDLE_HOVER
14541,IDLE_HOVER
14542,IDLE_HOVER
14543,IDLE_HOVER
14544,IDLE_HOVER
14545,IDLE_HOVER
14546,IDLE_HOVER
14547,IDLE_HOVER
14548,IDLE_HOVER
14549,IDLE_HOVER
14550,IDLE_HOVER
14551,IDLE_HOVER
14552,IDLE_HOVER
14553,IDLE_HOVER
14554,IDLE_HOVER
14555,IDLE_HOVER
14556,IDLE_HOVER
14557,IDLE_HOVER
14558,IDLE_HOVER
14559,IDLE_HOVER
14560,IDLE_HOVER
14561,IDLE_HOVER
14562,IDLE_HOVER
14563,IDLE_HOVER
14564,IDLE_HOVER
14565,IDLE_HOVER
14566,IDLE_HOVER
14567,IDLE_HOVER
14568,IDLE_HOVER
14569,IDLE_HOVER
14570,IDLE_HOVER
14571,IDLE_HOVER
14572,IDLE_HOVER
14573,IDLE_HOVER
14574,IDLE_HOVER
14575,IDLE_HOVER
14576,IDLE_HOVER
14577,IDLE_HOVER
14578,IDLE_HOVER
14579,IDLE_HOVER
14580,IDLE_HOVER
14581,IDLE_HOVER
14582,IDLE_HOVER
14583,IDLE_HOVER
14584,IDLE_HOVER
14585,IDLE_HOVER
14586,IDLE_HOVER
14587,IDLE_HOVER
14588,IDLE_HOVER
14589,IDLE_HOVER
14590,IDLE_HOVER
14591,IDLE_HOVER
14592,IDLE_HOVER
14593,IDLE_HOVER
14594,IDLE_HOVER
14595,IDLE_HOVER
14596,IDLE_HOVER
14597,IDLE_HOVER
14598,IDLE_HOVER
14599,IDLE_HOVER
14600,IDLE_HOVER
14601,IDLE_HOVER
14602,IDLE_HOVER
14603,IDLE_HOVER
14604,IDLE_HOVER
14605,IDLE_HOVER
14606,IDLE_HOVER
14607,IDLE_HOVER
14608,IDLE_HOVER
14609,IDLE_HOVER
14610,IDLE_HOVER
14611,IDLE_HOVER
14612,IDLE_HOVER
14613,IDLE_HOVER
14614,IDLE_HOVER
14615,IDLE_HOVER
14616,IDLE_HOVER
14617,IDLE_HOVER
14618,IDLE_HOVER
14619,IDLE_HOVER
14620,IDLE_HOVER
14621,IDLE_HOVER
14622,IDLE_HOVER
14623,IDLE_HOVER
14624,IDLE_HOVER
14625,IDLE_HOVER
14626,IDLE_HOVER
14627,IDLE_HOVER
14628,IDLE_HOVER
14629,IDLE_HOVER
14630,IDLE_HOVER
14631,IDLE_HOVER
14632,IDLE_HOVER
14633,IDLE_HOVER
14634,IDLE_HOVER
14635,IDLE_HOVER
14636,IDLE_HOVER
14637,IDLE_HOVER
14638,IDLE_HOVER
14639,IDLE_HOVER
14640,IDLE_HOVER
14641,IDLE_HOVER
14642,IDLE_HOVER
14643,IDLE_HOVER
14644,IDLE_HOVER
14645,IDLE_HOVER
14646,IDLE_HOVER
14647,IDLE_HOVER
14648,IDLE_HOVER
14649,IDLE_HOVER
14650,IDLE_HOVER
14651,IDLE_HOVER
14652,IDLE_HOVER
14653,IDLE_HOVER
14654,IDLE_HOVER
14655,IDLE_HOVER
14656,IDLE_HOVER
14657,IDLE_HOVER
14658,IDLE_HOVER
14659,IDLE_HOVER
14660,IDLE_HOVER
14661,IDLE_HOVER
14662,IDLE_HOVER
14663,IDLE_HOVER
14664,IDLE_HOVER
14665,IDLE_HOVER
14666,IDLE_HOVER
14667,IDLE_HOVER
14668,IDLE_HOVER
14669,IDLE_HOVER
14670,IDLE_HOVER
14671,IDLE_HOVER
14672,IDLE_HOVER
14673,IDLE_HOVER
14674,IDLE_HOVER
14675,IDLE_HOVER
14676,IDLE_HOVER
14677,IDLE_HOVER
14678,IDLE_HOVER
14679,IDLE_HOVER
14680,IDLE_HOVER
14681,IDLE_HOVER
14682,IDLE_HOVER
14683,IDLE_HOVER
14684,IDLE_HOVER
14685,IDLE_HOVER
14686,IDLE_HOVER
14687,IDLE_HOVER
14688,IDLE_HOVER
14689,IDLE_HOVER
14690,IDLE_HOVER
14691,IDLE_HOVER
14692,IDLE_HOVER
14693,IDLE_HOVER
14694,IDLE_HOVER
14695,IDLE_HOVER
14696,IDLE_HOVER
14697,IDLE_HOVER
14698,IDLE_HOVER
14699,IDLE_HOVER
14700,IDLE_HOVER
14701,IDLE_HOVER
14702,IDLE_HOVER
14703,IDLE_HOVER
14704,IDLE_HOVER
14705,IDLE_HOVER
14706,IDLE_HOVER
14707,IDLE_HOVER
14708,IDLE_HOVER
14709,IDLE_HOVER
14710,IDLE_HOVER
14711,IDLE_HOVER
14712,IDLE_HOVER
14713,IDLE_HOVER
14714,IDLE_HOVER
14715,IDLE_HOVER
14716,IDLE_HOVER
14717,IDLE_HOVER
14721,IDLE_HOVER
14722,IDLE_HOVER
14723,IDLE_HOVER
14724,IDLE_HOVER
14725,IDLE_HOVER
14726,IDLE_HOVER
14727,IDLE_HOVER
14728,IDLE_HOVER
14729,IDLE_HOVER
14730,IDLE_HOVER
14731,IDLE_HOVER
14732,IDLE_HOVER
14733,IDLE_HOVER
14734,IDLE_HOVER
14735,IDLE_HOVER
14736,IDLE_HOVER
14737,IDLE_HOVER
14738,IDLE_HOVER
14739,IDLE_HOVER
14740,IDLE_HOVER
14741,IDLE_HOVER
14742,IDLE_HOVER
14743,IDLE_HOVER
14744,IDLE_HOVER
14745,IDLE_HOVER
14746,IDLE_HOVER
14747,IDLE_HOVER
14748,IDLE_HOVER
14749,IDLE_HOVER
14750,IDLE_HOVER
14751,IDLE_HOVER
14752,IDLE_HOVER
14753,IDLE_HOVER
14754,IDLE_HOVER
14755,IDLE_HOVER
14756,IDLE_HOVER
14757,IDLE_HOVER
14758,IDLE_HOVER
14759,IDLE_HOVER
14760,IDLE_HOVER
14761,IDLE_HOVER
14762,IDLE_HOVER
14763,IDLE_HOVER
14764,IDLE_HOVER
14765,IDLE_HOVER
14766,IDLE_HOVER
14767,IDLE_HOVER
14768,IDLE_HOVER
14769,IDLE_HOVER
14770,IDLE_HOVER
14771,IDLE_HOVER
14772,IDLE_HOVER
14773,IDLE_HOVER
14774,IDLE_HOVER
14775,IDLE_HOVER
14776,IDLE_HOVER
14777,IDLE_HOVER
14778,IDLE_HOVER
14779,IDLE_HOVER
14780,IDLE_HOVER
14781,IDLE_HOVER
14782,IDLE_HOVER
14783,IDLE_HOVER
14784,IDLE_HOVER
14785,IDLE_HOVER
14786,IDLE_HOVER
14787,IDLE_HOVER
14788,IDLE_HOVER
14789,IDLE_HOVER
14790,IDLE_HOVER
14791,IDLE_HOVER
14792,IDLE_HOVER
14793,IDLE_HOVER
14794,IDLE_HOVER
14795,IDLE_HOVER
14796,IDLE_HOVER
14797,IDLE_HOVER
14798,IDLE_HOVER
14799,IDLE_HOVER
14800,IDLE_HOVER
14801,IDLE_HOVER
14802,IDLE_HOVER
14803,IDLE_HOVER
14804,IDLE_HOVER
14805,IDLE_HOVER
14806,IDLE_HOVER
14807,IDLE_HOVER
14808,IDLE_HOVER
14809,IDLE_HOVER
14810,IDLE_HOVER
14811,IDLE_HOVER
14812,IDLE_HOVER
14813,IDLE_HOVER
14814,IDLE_HOVER
14815,IDLE_HOVER
14816,IDLE_HOVER
14817,IDLE_HOVER
14818,IDLE_HOVER
14819,IDLE_HOVER
14820,IDLE_HOVER
14821,IDLE_HOVER
14822,IDLE_HOVER
14823,IDLE_HOVER
14824,IDLE_HOVER
14825,IDLE_HOVER
14826,IDLE_HOVER
14827,IDLE_HOVER
14828,IDLE_HOVER
14829,IDLE_HOVER
14830,IDLE_HOVER
14831,IDLE_HOVER
14832,IDLE_HOVER
14833,IDLE_HOVER
14834,IDLE_HOVER
14835,IDLE_HOVER
14836,IDLE_HOVER
14837,IDLE_HOVER
14838,IDLE_HOVER
14839,IDLE_HOVER
14840,IDLE_HOVER
14841,IDLE_HOVER
14842,IDLE_HOVER
14843,IDLE_HOVER
14844,IDLE_HOVER
14845,IDLE_HOVER
14846,IDLE_HOVER
14847,IDLE_HOVER
14848,IDLE_HOVER
14849,IDLE_HOVER
14850,IDLE_HOVER
14851,IDLE_HOVER
14852,IDLE_HOVER
14853,IDLE_HOVER
14854,IDLE_HOVER
14855,IDLE_HOVER
14856,IDLE_HOVER
14857,IDLE_HOVER
14858,IDLE_HOVER
14859,IDLE_HOVER
14860,IDLE_HOVER
14861,IDLE_HOVER
14862,IDLE_HOVER
14863,IDLE_HOVER
14864,IDLE_HOVER
14865,IDLE_HOVER
14866,IDLE_HOVER
14867,IDLE_HOVER
14868,IDLE_HOVER
14869,IDLE_HOVER
14870,IDLE_HOVER
14871,IDLE_HOVER
14872,IDLE_HOVER
14873,IDLE_HOVER
14874,IDLE_HOVER
14875,IDLE_HOVER
14876,IDLE_HOVER
14877,IDLE_HOVER
14878,IDLE_HOVER
14879,IDLE_HOVER
14880,IDLE_HOVER
14881,IDLE_HOVER
14882,IDLE_HOVER
14883,IDLE_HOVER
14884,IDLE_HOVER
14885,IDLE_HOVER
14886,IDLE_HOVER
14887,IDLE_HOVER
14888,IDLE_HOVER
14889,IDLE_HOVER
14890,IDLE_HOVER
14891,IDLE_HOVER
14892,IDLE_HOVER
14893,IDLE_HOVER
14894,IDLE_HOVER
14895,IDLE_HOVER
14896,IDLE_HOVER
14897,IDLE_HOVER
14898,IDLE_HOVER
14899,IDLE_HOVER
14900,IDLE_HOVER
14901,IDLE_HOVER
14902,IDLE_HOVER
14903,IDLE_HOVER
14904,IDLE_HOVER
14905,IDLE_HOVER
14906,IDLE_HOVER
14907,IDLE_HOVER
14908,IDLE_HOVER
14909,IDLE_HOVER
14910,IDLE_HOVER
14911,IDLE_HOVER
14912,IDLE_HOVER
14913,IDLE_HOVER
14914,IDLE_HOVER
14915,IDLE_HOVER
14916,IDLE_HOVER
14917,IDLE_HOVER
14918,IDLE_HOVER
14919,IDLE_HOVER
14920,IDLE_HOVER
14921,IDLE_HOVER
14922,IDLE_HOVER
14923,IDLE_HOVER
14924,IDLE_HOVER
14925,IDLE_HOVER
14926,IDLE_HOVER
14927,IDLE_HOVER
14928,IDLE_HOVER
14929,IDLE_HOVER
14930,IDLE_HOVER
14931,IDLE_HOVER
14932,IDLE_HOVER
14933,IDLE_HOVER
14934,IDLE_HOVER
14935,IDLE_HOVER
14936,IDLE_HOVER
14937,IDLE_HOVER
14938,IDLE_HOVER
14939,IDLE_HOVER
14940,IDLE_HOVER
14941,IDLE_HOVER
14942,IDLE_HOVER
14943,IDLE_HOVER
14944,IDLE_HOVER
14945,IDLE_HOVER
14946,IDLE_HOVER
14947,IDLE_HOVER
14948,IDLE_HOVER
14949,IDLE_HOVER
14950,IDLE_HOVER
14951,IDLE_HOVER
14952,IDLE_HOVER
14953,IDLE_HOVER
14954,IDLE_HOVER
14955,IDLE_HOVER
14956,IDLE_HOVER
14957,IDLE_HOVER
14958,IDLE_HOVER
14959,IDLE_HOVER
14960,IDLE_HOVER
14961,IDLE_HOVER
14962,IDLE_HOVER
14963,IDLE_HOVER
14964,IDLE_HOVER
14965,IDLE_HOVER
14966,IDLE_HOVER
14967,IDLE_HOVER
14968,IDLE_HOVER
14969,IDLE_HOVER
14970,IDLE_HOVER
14971,IDLE_HOVER
14972,IDLE_HOVER
14973,IDLE_HOVER
14974,IDLE_HOVER
14975,IDLE_HOVER
14976,IDLE_HOVER
14977,IDLE_HOVER
14978,IDLE_HOVER
14979,IDLE_HOVER
14980,IDLE_HOVER
14981,IDLE_HOVER
14982,IDLE_HOVER
14983,IDLE_HOVER
14984,IDLE_HOVER
14985,IDLE_HOVER
14986,IDLE_HOVER
14987,IDLE_HOVER
14988,IDLE_HOVER
14989,IDLE_HOVER
14990,IDLE_HOVER
14991,IDLE_HOVER
14992,IDLE_HOVER
14993,IDLE_HOVER
14994,IDLE_HOVER
14995,IDLE_HOVER
14996,IDLE_HOVER
14997,IDLE_HOVER
14998,IDLE_HOVER
14999,IDLE_HOVER
15000,IDLE_HOVER
15001,IDLE_HOVER
15002,IDLE_HOVER
15003,IDLE_HOVER
15004,IDLE_HOVER
15005,IDLE_HOVER
15006,IDLE_HOVER
15007,IDLE_HOVER
15008,IDLE_HOVER
15009,IDLE_HOVER
15010,IDLE_HOVER
15011,IDLE_HOVER
15012,IDLE_HOVER
15013,IDLE_HOVER
15014,IDLE_HOVER
15015,IDLE_HOVER
15016,IDLE_HOVER
15017,IDLE_HOVER
15018,IDLE_HOVER
15019,IDLE_HOVER
15020,IDLE_HOVER
15021,IDLE_HOVER
15022,IDLE_HOVER
15023,IDLE_HOVER
15024,IDLE_HOVER
15025,IDLE_HOVER
15026,IDLE_HOVER
15027,IDLE_HOVER
15028,IDLE_HOVER
15029,IDLE_HOVER
15030,IDLE_HOVER
15031,IDLE_HOVER
15032,IDLE_HOVER
15033,IDLE_HOVER
15034,IDLE_HOVER
15035,IDLE_HOVER
15036,IDLE_HOVER
15037,IDLE_HOVER
15038,IDLE_HOVER
15039,IDLE_HOVER
15040,IDLE_HOVER
15041,IDLE_HOVER
15042,IDLE_HOVER
15043,IDLE_HOVER
15044,IDLE_HOVER
15045,IDLE_HOVER
15046,IDLE_HOVER
15047,IDLE_HOVER
15048,IDLE_HOVER
15049,IDLE_HOVER
15050,IDLE_HOVER
15051,IDLE_HOVER
15052,IDLE_HOVER
15053,IDLE_HOVER
15054,IDLE_HOVER
15055,IDLE_HOVER
15056,IDLE_HOVER
15057,IDLE_HOVER
15058,IDLE_HOVER
15059,IDLE_HOVER
15060,IDLE_HOVER
15061,IDLE_HOVER
15062,IDLE_HOVER
15063,IDLE_HOVER
15064,IDLE_HOVER
15065,IDLE_HOVER
15066,IDLE_HOVER
15067,IDLE_HOVER
15068,IDLE_HOVER
15069,IDLE_HOVER
15070,IDLE_HOVER
15071,IDLE_HOVER
15072,IDLE_HOVER
15073,IDLE_HOVER
15074,IDLE_HOVER
15075,IDLE_HOVER
15076,IDLE_HOVER
15077,IDLE_HOVER
15078,IDLE_HOVER
15079,IDLE_HOVER
15080,IDLE_HOVER
15081,IDLE_HOVER
15082,IDLE_HOVER
15083,IDLE_HOVER
15084,IDLE_HOVER
15085,IDLE_HOVER
15086,IDLE_HOVER
15087,IDLE_HOVER
15088,IDLE_HOVER
15089,IDLE_HOVER
15090,IDLE_HOVER
15091,IDLE_HOVER
15092,IDLE_HOVER
15093,IDLE_HOVER
15094,IDLE_HOVER
15095,IDLE_HOVER
15096,IDLE_HOVER
15097,IDLE_HOVER
15098,IDLE_HOVER
15099,IDLE_HOVER
15100,IDLE_HOVER
15101,IDLE_HOVER
15102,IDLE_HOVER
15103,IDLE_HOVER
15104,IDLE_HOVER
15105,IDLE_HOVER
15106,IDLE_HOVER
15107,IDLE_HOVER
15108,IDLE_HOVER
15109,IDLE_HOVER
15110,IDLE_HOVER
15111,IDLE_HOVER
15112,IDLE_HOVER
15113,IDLE_HOVER
15114,IDLE_HOVER
15115,IDLE_HOVER
15116,IDLE_HOVER
15117,IDLE_HOVER
15118,IDLE_HOVER
15119,IDLE_HOVER
15120,IDLE_HOVER
15121,IDLE_HOVER
15122,IDLE_HOVER
15123,IDLE_HOVER
15124,IDLE_HOVER
15125,IDLE_HOVER
15126,IDLE_HOVER
15127,IDLE_HOVER
15128,IDLE_HOVER
15129,IDLE_HOVER
15130,IDLE_HOVER
15131,IDLE_HOVER
15132,IDLE_HOVER
15133,IDLE_HOVER
15134,IDLE_HOVER
15135,IDLE_HOVER
15136,IDLE_HOVER
15137,IDLE_HOVER
15138,IDLE_HOVER
15139,IDLE_HOVER
15140,IDLE_HOVER
15141,IDLE_HOVER
15142,IDLE_HOVER
15143,IDLE_HOVER
15144,IDLE_HOVER
15145,IDLE_HOVER
15146,IDLE_HOVER
15147,IDLE_HOVER
15148,IDLE_HOVER
15149,IDLE_HOVER
15150,IDLE_HOVER
15151,IDLE_HOVER
15152,IDLE_HOVER
15153,IDLE_HOVER
15154,IDLE_HOVER
15155,IDLE_HOVER
15156,IDLE_HOVER
15157,IDLE_HOVER
15158,IDLE_HOVER
15159,IDLE_HOVER
15160,IDLE_HOVER
15161,IDLE_HOVER
15162,IDLE_HOVER
15163,IDLE_HOVER
15164,IDLE_HOVER
15165,IDLE_HOVER
15166,IDLE_HOVER
15167,IDLE_HOVER
15168,IDLE_HOVER
15169,IDLE_HOVER
15170,IDLE_HOVER
15171,IDLE_HOVER
15172,IDLE_HOVER
15173,IDLE_HOVER
15174,IDLE_HOVER
15175,IDLE_HOVER
15176,IDLE_HOVER
15177,IDLE_HOVER
15178,IDLE_HOVER
15179,IDLE_HOVER
15180,IDLE_HOVER
15181,IDLE_HOVER
15182,IDLE_HOVER
15183,IDLE_HOVER
15184,IDLE_HOVER
15185,IDLE_HOVER
15186,IDLE_HOVER
15187,IDLE_HOVER
15188,IDLE_HOVER
15189,IDLE_HOVER
15190,IDLE_HOVER
15191,IDLE_HOVER
15192,IDLE_HOVER
15193,IDLE_HOVER
15194,IDLE_HOVER
15195,IDLE_HOVER
15196,IDLE_HOVER
15197,IDLE_HOVER
15198,IDLE_HOVER
15199,IDLE_HOVER
15200,IDLE_HOVER
15201,IDLE_HOVER
15202,IDLE_HOVER
15203,IDLE_HOVER
15204,IDLE_HOVER
15205,IDLE_HOVER
15206,IDLE_HOVER
15207,IDLE_HOVER
15208,IDLE_HOVER
15209,IDLE_HOVER
15210,IDLE_HOVER
15211,IDLE_HOVER
15212,IDLE_HOVER
15213,IDLE_HOVER
15214,IDLE_HOVER
15215,IDLE_HOVER
15216,IDLE_HOVER
15217,IDLE_HOVER
15218,IDLE_HOVER
15219,IDLE_HOVER
15220,IDLE_HOVER
15221,IDLE_HOVER
15222,IDLE_HOVER
15223,IDLE_HOVER
15224,IDLE_HOVER
15225,IDLE_HOVER
15226,IDLE_HOVER
15227,IDLE_HOVER
15228,IDLE_HOVER
15229,IDLE_HOVER
15230,IDLE_HOVER
15231,IDLE_HOVER
15232,IDLE_HOVER
15233,IDLE_HOVER
15234,IDLE_HOVER
15235,IDLE_HOVER
15236,IDLE_HOVER
15237,IDLE_HOVER
15238,IDLE_HOVER
15239,IDLE_HOVER
15240,IDLE_HOVER
15241,IDLE_HOVER
15242,IDLE_HOVER
15243,IDLE_HOVER
15244,IDLE_HOVER
15245,IDLE_HOVER
15246,IDLE_HOVER
15247,IDLE_HOVER
15248,IDLE_HOVER
15249,IDLE_HOVER
15250,IDLE_HOVER
15251,IDLE_HOVER
15252,IDLE_HOVER
15253,IDLE_HOVER
15254,IDLE_HOVER
15255,IDLE_HOVER
15256,IDLE_HOVER
15257,IDLE_HOVER
15258,IDLE_HOVER
15259,IDLE_HOVER
15260,IDLE_HOVER
15261,IDLE_HOVER
15262,IDLE_HOVER
15263,IDLE_HOVER
15264,IDLE_HOVER
15265,IDLE_HOVER
15266,IDLE_HOVER
15267,IDLE_HOVER
15268,IDLE_HOVER
15269,IDLE_HOVER
15270,IDLE_HOVER
15271,IDLE_HOVER
15272,IDLE_HOVER
15273,IDLE_HOVER
15274,IDLE_HOVER
15275,IDLE_HOVER
15276,IDLE_HOVER
15277,IDLE_HOVER
15278,IDLE_HOVER
15279,IDLE_HOVER
15280,IDLE_HOVER
15281,IDLE_HOVER
15282,IDLE_HOVER
15283,IDLE_HOVER
15284,IDLE_HOVER
15285,IDLE_HOVER
15286,IDLE_HOVER
15287,IDLE_HOVER
15288,IDLE_HOVER
15289,IDLE_HOVER
15290,IDLE_HOVER
15291,IDLE_HOVER
15292,IDLE_HOVER
15293,IDLE_HOVER
15294,IDLE_HOVER
15295,IDLE_HOVER
15296,IDLE_HOVER
15297,IDLE_HOVER
15298,IDLE_HOVER
15299,IDLE_HOVER
15300,IDLE_HOVER
15301,IDLE_HOVER
15302,IDLE_HOVER
15303,IDLE_HOVER
15304,IDLE_HOVER
15305,IDLE_HOVER
15306,IDLE_HOVER
15307,IDLE_HOVER
15308,IDLE_HOVER
15309,IDLE_HOVER
15310,IDLE_HOVER
15311,IDLE_HOVER
15312,IDLE_HOVER
15313,IDLE_HOVER
15314,IDLE_HOVER
15315,IDLE_HOVER
15316,IDLE_HOVER
15317,IDLE_HOVER
15318,IDLE_HOVER
15319,IDLE_HOVER
15320,IDLE_HOVER
15321,IDLE_HOVER
15322,IDLE_HOVER
15323,IDLE_HOVER
15324,IDLE_HOVER
15325,IDLE_HOVER
15326,IDLE_HOVER
15327,IDLE_HOVER
15328,IDLE_HOVER
15329,IDLE_HOVER
15330,IDLE_HOVER
15331,IDLE_HOVER
15332,IDLE_HOVER
15333,IDLE_HOVER
15334,IDLE_HOVER
15335,IDLE_HOVER
15336,IDLE_HOVER
15337,IDLE_HOVER
15338,IDLE_HOVER
15339,IDLE_HOVER
15340,IDLE_HOVER
15341,IDLE_HOVER
15342,IDLE_HOVER
15343,IDLE_HOVER
15344,IDLE_HOVER
15345,IDLE_HOVER
15346,IDLE_HOVER
15347,IDLE_HOVER
15348,IDLE_HOVER
15349,IDLE_HOVER
15350,IDLE_HOVER
15351,IDLE_HOVER
15352,IDLE_HOVER
15353,IDLE_HOVER
15354,IDLE_HOVER
15355,IDLE_HOVER
15356,IDLE_HOVER
15357,IDLE_HOVER
15358,IDLE_HOVER
15359,IDLE_HOVER
15360,IDLE_HOVER
15361,IDLE_HOVER
15362,IDLE_HOVER
15363,IDLE_HOVER
15364,IDLE_HOVER
15365,IDLE_HOVER
15366,IDLE_HOVER
15367,IDLE_HOVER
15368,IDLE_HOVER
15369,IDLE_HOVER
15370,IDLE_HOVER
15371,IDLE_HOVER
15372,IDLE_HOVER
15373,IDLE_HOVER
15374,IDLE_HOVER
15375,IDLE_HOVER
15376,IDLE_HOVER
15377,IDLE_HOVER
15378,IDLE_HOVER
15379,IDLE_HOVER
15380,IDLE_HOVER
15381,IDLE_HOVER
15382,IDLE_HOVER
15383,IDLE_HOVER
15384,IDLE_HOVER
15385,IDLE_HOVER
15386,IDLE_HOVER
15387,IDLE_HOVER
15388,IDLE_HOVER
15389,IDLE_HOVER
15390,IDLE_HOVER
15391,IDLE_HOVER
15392,IDLE_HOVER
15393,IDLE_HOVER
15394,IDLE_HOVER
15395,IDLE_HOVER
15396,IDLE_HOVER
15397,IDLE_HOVER
15398,IDLE_HOVER
15399,IDLE_HOVER
15400,IDLE_HOVER
15401,IDLE_HOVER
15402,IDLE_HOVER
15403,IDLE_HOVER
15404,IDLE_HOVER
15405,IDLE_HOVER
15406,IDLE_HOVER
15407,IDLE_HOVER
15408,IDLE_HOVER
15409,IDLE_HOVER
15410,IDLE_HOVER
15411,IDLE_HOVER
15412,IDLE_HOVER
15413,IDLE_HOVER
15414,IDLE_HOVER
15415,IDLE_HOVER
15416,IDLE_HOVER
15417,IDLE_HOVER
15418,IDLE_HOVER
15419,IDLE_HOVER
15420,IDLE_HOVER
15421,IDLE_HOVER
15422,IDLE_HOVER
15423,IDLE_HOVER
15424,IDLE_HOVER
15425,IDLE_HOVER
15426,IDLE_HOVER
15427,IDLE_HOVER
15428,IDLE_HOVER
15429,IDLE_HOVER
15430,IDLE_HOVER
15431,IDLE_HOVER
15432,IDLE_HOVER
15433,IDLE_HOVER
15434,IDLE_HOVER
15435,IDLE_HOVER
15436,IDLE_HOVER
15437,IDLE_HOVER
15438,IDLE_HOVER
15439,IDLE_HOVER
15440,IDLE_HOVER
15441,IDLE_HOVER
15442,IDLE_HOVER
15443,IDLE_HOVER
15444,IDLE_HOVER
15445,IDLE_HOVER
15446,IDLE_HOVER
15447,IDLE_HOVER
15448,IDLE_HOVER
15449,IDLE_HOVER
15450,IDLE_HOVER
15451,IDLE_HOVER
15452,IDLE_HOVER
15453,IDLE_HOVER
15454,IDLE_HOVER
15455,IDLE_HOVER
15456,IDLE_HOVER
15457,IDLE_HOVER
15458,IDLE_HOVER
15459,IDLE_HOVER
15460,IDLE_HOVER
15461,IDLE_HOVER
15462,IDLE_HOVER
15463,IDLE_HOVER
15464,IDLE_HOVER
15465,IDLE_HOVER
15466,IDLE_HOVER
15467,IDLE_HOVER
15468,IDLE_HOVER
15469,IDLE_HOVER
15470,IDLE_HOVER
15471,IDLE_HOVER
15472,IDLE_HOVER
15473,IDLE_HOVER
15474,IDLE_HOVER
15475,IDLE_HOVER
15476,IDLE_HOVER
15477,IDLE_HOVER
15478,IDLE_HOVER
15479,IDLE_HOVER
15480,IDLE_HOVER
15481,IDLE_HOVER
15482,IDLE_HOVER
15483,IDLE_HOVER
15484,IDLE_HOVER
15485,IDLE_HOVER
15486,IDLE_HOVER
15487,IDLE_HOVER
15488,IDLE_HOVER
15489,IDLE_HOVER
15490,IDLE_HOVER
15491,IDLE_HOVER
15492,IDLE_HOVER
15493,IDLE_HOVER
15494,IDLE_HOVER
15495,IDLE_HOVER
15496,IDLE_HOVER
15497,IDLE_HOVER
15498,IDLE_HOVER
15499,IDLE_HOVER
15500,IDLE_HOVER
15501,IDLE_HOVER
15502,IDLE_HOVER
15503,IDLE_HOVER
15504,IDLE_HOVER
15505,IDLE_HOVER
15506,IDLE_HOVER
15507,IDLE_HOVER
15508,IDLE_HOVER
15509,IDLE_HOVER
15510,IDLE_HOVER
15511,IDLE_HOVER
15512,IDLE_HOVER
15513,IDLE_HOVER
15514,IDLE_HOVER
15515,IDLE_HOVER
15516,IDLE_HOVER
15517,IDLE_HOVER
15518,IDLE_HOVER
15519,IDLE_HOVER
15520,IDLE_HOVER
15521,IDLE_HOVER
15522,IDLE_HOVER
15523,IDLE_HOVER
15524,IDLE_HOVER
15525,IDLE_HOVER
15526,IDLE_HOVER
15527,IDLE_HOVER
15528,IDLE_HOVER
15529,IDLE_HOVER
15530,IDLE_HOVER
15531,IDLE_HOVER
15532,IDLE_HOVER
15533,IDLE_HOVER
15534,IDLE_HOVER
15535,IDLE_HOVER
15536,IDLE_HOVER
15537,IDLE_HOVER
15538,IDLE_HOVER
15539,IDLE_HOVER
15540,IDLE_HOVER
15541,IDLE_HOVER
15542,IDLE_HOVER
15543,IDLE_HOVER
15544,IDLE_HOVER
15545,IDLE_HOVER
15546,IDLE_HOVER
15547,IDLE_HOVER
15548,IDLE_HOVER
15549,IDLE_HOVER
15550,IDLE_HOVER
15551,IDLE_HOVER
15552,IDLE_HOVER
15553,IDLE_HOVER
15554,IDLE_HOVER
15555,IDLE_HOVER
15556,IDLE_HOVER
15557,IDLE_HOVER
15558,IDLE_HOVER
15559,IDLE_HOVER
15560,IDLE_HOVER
15561,IDLE_HOVER
15562,IDLE_HOVER
15563,IDLE_HOVER
15564,IDLE_HOVER
15565,IDLE_HOVER
15566,IDLE_HOVER
15567,IDLE_HOVER
15568,IDLE_HOVER
15569,IDLE_HOVER
15570,IDLE_HOVER
15571,IDLE_HOVER
15572,IDLE_HOVER
15573,IDLE_HOVER
15574,IDLE_HOVER
15575,IDLE_HOVER
15576,IDLE_HOVER
15577,IDLE_HOVER
15578,IDLE_HOVER
15579,IDLE_HOVER
15580,IDLE_HOVER
15581,IDLE_HOVER
15582,IDLE_HOVER
15583,IDLE_HOVER
15584,IDLE_HOVER
15585,IDLE_HOVER
15586,IDLE_HOVER
15587,IDLE_HOVER
15588,IDLE_HOVER
15589,IDLE_HOVER
15590,IDLE_HOVER
15591,IDLE_HOVER
15592,IDLE_HOVER
15593,IDLE_HOVER
15594,IDLE_HOVER
15595,IDLE_HOVER
15596,IDLE_HOVER
15597,IDLE_HOVER
15598,IDLE_HOVER
15599,IDLE_HOVER
15600,IDLE_HOVER
15601,IDLE_HOVER
15602,IDLE_HOVER
15603,IDLE_HOVER
15604,IDLE_HOVER
15605,IDLE_HOVER
15606,IDLE_HOVER
15607,IDLE_HOVER
15608,IDLE_HOVER
15609,IDLE_HOVER
15610,IDLE_HOVER
15611,IDLE_HOVER
15612,IDLE_HOVER
15613,IDLE_HOVER
15614,IDLE_HOVER
15615,IDLE_HOVER
15616,IDLE_HOVER
15617,IDLE_HOVER
15618,IDLE_HOVER
15619,IDLE_HOVER
15620,IDLE_HOVER
15621,IDLE_HOVER
15622,IDLE_HOVER
15623,IDLE_HOVER
15624,IDLE_HOVER
15625,IDLE_HOVER
15626,IDLE_HOVER
15627,IDLE_HOVER
15628,IDLE_HOVER
15629,IDLE_HOVER
15630,IDLE_HOVER
15631,IDLE_HOVER
15632,IDLE_HOVER
15633,IDLE_HOVER
15634,IDLE_HOVER
15635,IDLE_HOVER
15636,IDLE_HOVER
15637,IDLE_HOVER
15638,IDLE_HOVER
15639,IDLE_HOVER
15640,IDLE_HOVER
15641,IDLE_HOVER
15642,IDLE_HOVER
15643,IDLE_HOVER
15644,IDLE_HOVER
15645,IDLE_HOVER
15646,IDLE_HOVER
15647,IDLE_HOVER
15648,IDLE_HOVER
15649,IDLE_HOVER
15650,IDLE_HOVER
15651,IDLE_HOVER
15652,IDLE_HOVER
15653,IDLE_HOVER
15654,IDLE_HOVER
15655,IDLE_HOVER
15656,IDLE_HOVER
15657,IDLE_HOVER
15658,IDLE_HOVER
15659,IDLE_HOVER
15660,IDLE_HOVER
15661,IDLE_HOVER
15662,IDLE_HOVER
15663,IDLE_HOVER
15664,IDLE_HOVER
15665,IDLE_HOVER
15666,IDLE_HOVER
15667,IDLE_HOVER
15668,IDLE_HOVER
15669,IDLE_HOVER
15670,IDLE_HOVER
15671,IDLE_HOVER
15672,IDLE_HOVER
15673,IDLE_HOVER
15674,IDLE_HOVER
15675,IDLE_HOVER
15676,IDLE_HOVER
15677,IDLE_HOVER
15678,IDLE_HOVER
15679,IDLE_HOVER
15680,IDLE_HOVER
15681,IDLE_HOVER
15682,IDLE_HOVER
15683,IDLE_HOVER
15684,IDLE_HOVER
15685,IDLE_HOVER
15686,IDLE_HOVER
15687,IDLE_HOVER
15688,IDLE_HOVER
15689,IDLE_HOVER
15690,IDLE_HOVER
15691,IDLE_HOVER
15692,IDLE_HOVER
15693,IDLE_HOVER
15694,IDLE_HOVER
15695,IDLE_HOVER
15696,IDLE_HOVER
15697,IDLE_HOVER
15698,IDLE_HOVER
15699,IDLE_HOVER
15700,IDLE_HOVER
15701,IDLE_HOVER
15702,IDLE_HOVER
15703,IDLE_HOVER
15704,IDLE_HOVER
15705,IDLE_HOVER
15706,IDLE_HOVER
15707,IDLE_HOVER
15708,IDLE_HOVER
15709,IDLE_HOVER
15710,IDLE_HOVER
15711,IDLE_HOVER
15712,IDLE_HOVER
15713,IDLE_HOVER
15714,IDLE_HOVER
15715,IDLE_HOVER
15716,IDLE_HOVER
15717,IDLE_HOVER
15718,IDLE_HOVER
15719,IDLE_HOVER
15720,IDLE_HOVER
15721,IDLE_HOVER
15722,IDLE_HOVER
15723,IDLE_HOVER
15724,IDLE_HOVER
15725,IDLE_HOVER
15726,IDLE_HOVER
15727,IDLE_HOVER
15728,IDLE_HOVER
15729,IDLE_HOVER
15730,IDLE_HOVER
15731,IDLE_HOVER
15732,IDLE_HOVER
15733,IDLE_HOVER
15734,IDLE_HOVER
15735,IDLE_HOVER
15736,IDLE_HOVER
15737,IDLE_HOVER
15738,IDLE_HOVER
15739,IDLE_HOVER
15740,IDLE_HOVER
15741,IDLE_HOVER
15742,IDLE_HOVER
15743,IDLE_HOVER
15744,IDLE_HOVER
15745,IDLE_HOVER
15746,IDLE_HOVER
15747,IDLE_HOVER
15748,IDLE_HOVER
15749,IDLE_HOVER
15750,IDLE_HOVER
15751,IDLE_HOVER
15752,IDLE_HOVER
15753,IDLE_HOVER
15754,IDLE_HOVER
15755,IDLE_HOVER
15756,IDLE_HOVER
15757,IDLE_HOVER
15758,IDLE_HOVER
15759,IDLE_HOVER
15760,IDLE_HOVER
15761,IDLE_HOVER
15762,IDLE_HOVER
15763,IDLE_HOVER
15764,IDLE_HOVER
15765,IDLE_HOVER
15766,IDLE_HOVER
15767,IDLE_HOVER
15768,IDLE_HOVER
15769,IDLE_HOVER
15770,IDLE_HOVER
15771,IDLE_HOVER
15772,IDLE_HOVER
15773,IDLE_HOVER
15774,IDLE_HOVER
15775,IDLE_HOVER
15776,IDLE_HOVER
15777,IDLE_HOVER
15778,IDLE_HOVER
15779,IDLE_HOVER
15780,IDLE_HOVER
15781,IDLE_HOVER
15782,IDLE_HOVER
15783,IDLE_HOVER
15784,IDLE_HOVER
15785,IDLE_HOVER
15786,IDLE_HOVER
15787,IDLE_HOVER
15788,IDLE_HOVER
15789,IDLE_HOVER
15790,IDLE_HOVER
15791,IDLE_HOVER
15792,IDLE_HOVER
15793,IDLE_HOVER
15794,IDLE_HOVER
15795,IDLE_HOVER
15796,IDLE_HOVER
15797,IDLE_HOVER
15798,IDLE_HOVER
15799,IDLE_HOVER
15800,IDLE_HOVER
15801,IDLE_HOVER
15802,IDLE_HOVER
15803,IDLE_HOVER
15804,IDLE_HOVER
15805,IDLE_HOVER
15806,IDLE_HOVER
15807,IDLE_HOVER
15808,IDLE_HOVER
15809,IDLE_HOVER
15810,IDLE_HOVER
15811,IDLE_HOVER
15812,IDLE_HOVER
15813,IDLE_HOVER
15814,IDLE_HOVER
15815,IDLE_HOVER
15816,IDLE_HOVER
15817,IDLE_HOVER
15818,IDLE_HOVER
15819,IDLE_HOVER
15820,IDLE_HOVER
15821,IDLE_HOVER
15822,IDLE_HOVER
15823,IDLE_HOVER
15824,IDLE_HOVER
15825,IDLE_HOVER
15826,IDLE_HOVER
15827,IDLE_HOVER
15828,IDLE_HOVER
15829,IDLE_HOVER
15830,IDLE_HOVER
15831,IDLE_HOVER
15832,IDLE_HOVER
15833,IDLE_HOVER
15834,IDLE_HOVER
15835,IDLE_HOVER
15836,IDLE_HOVER
15837,IDLE_HOVER
15838,IDLE_HOVER
15839,IDLE_HOVER
15840,IDLE_HOVER
15841,IDLE_HOVER
15842,IDLE_HOVER
15843,IDLE_HOVER
15844,IDLE_HOVER
15845,IDLE_HOVER
15846,IDLE_HOVER
15847,IDLE_HOVER
15848,IDLE_HOVER
15849,IDLE_HOVER
15850,IDLE_HOVER
15851,IDLE_HOVER
15852,IDLE_HOVER
15853,IDLE_HOVER
15854,IDLE_HOVER
15855,IDLE_HOVER
15856,IDLE_HOVER
15857,IDLE_HOVER
15858,IDLE_HOVER
15859,IDLE_HOVER
15860,IDLE_HOVER
15861,IDLE_HOVER
15862,IDLE_HOVER
15863,IDLE_HOVER
15864,IDLE_HOVER
15865,IDLE_HOVER
15866,IDLE_HOVER
15867,IDLE_HOVER
15868,IDLE_HOVER
15869,IDLE_HOVER
15870,IDLE_HOVER
15871,IDLE_HOVER
15872,IDLE_HOVER
15873,IDLE_HOVER
15874,IDLE_HOVER
15875,IDLE_HOVER
15876,IDLE_HOVER
15877,IDLE_HOVER
15878,IDLE_HOVER
15879,IDLE_HOVER
15880,IDLE_HOVER
15881,IDLE_HOVER
15882,IDLE_HOVER
15883,IDLE_HOVER
15884,IDLE_HOVER
15885,IDLE_HOVER
15886,IDLE_HOVER
15887,IDLE_HOVER
15888,IDLE_HOVER
15889,IDLE_HOVER
15890,IDLE_HOVER
15891,IDLE_HOVER
15892,IDLE_HOVER
15893,IDLE_HOVER
15894,IDLE_HOVER
15895,IDLE_HOVER
15896,IDLE_HOVER
15897,IDLE_HOVER
15898,IDLE_HOVER
15899,IDLE_HOVER
15900,IDLE_HOVER
15901,IDLE_HOVER
15902,IDLE_HOVER
15903,IDLE_HOVER
15904,IDLE_HOVER
15905,IDLE_HOVER
15906,IDLE_HOVER
15907,IDLE_HOVER
15908,IDLE_HOVER
15909,IDLE_HOVER
15910,IDLE_HOVER
15911,IDLE_HOVER
15912,IDLE_HOVER
15913,IDLE_HOVER
15914,IDLE_HOVER
15915,IDLE_HOVER
15916,IDLE_HOVER
15917,IDLE_HOVER
15918,IDLE_HOVER
15919,IDLE_HOVER
15920,IDLE_HOVER
15921,IDLE_HOVER
15922,IDLE_HOVER
15923,IDLE_HOVER
15924,IDLE_HOVER
15925,IDLE_HOVER
15926,IDLE_HOVER
15927,IDLE_HOVER
15928,IDLE_HOVER
15929,IDLE_HOVER
15930,IDLE_HOVER
15931,IDLE_HOVER
15932,IDLE_HOVER
15933,IDLE_HOVER
15934,IDLE_HOVER
15935,IDLE_HOVER
15936,IDLE_HOVER
15937,IDLE_HOVER
15938,IDLE_HOVER
15939,IDLE_HOVER
15940,IDLE_HOVER
15941,IDLE_HOVER
15942,IDLE_HOVER
15943,IDLE_HOVER
15944,IDLE_HOVER
15945,IDLE_HOVER
15946,IDLE_HOVER
15947,IDLE_HOVER
15948,IDLE_HOVER
15949,IDLE_HOVER
15950,IDLE_HOVER
15951,IDLE_HOVER
15952,IDLE_HOVER
15953,IDLE_HOVER
15954,IDLE_HOVER
15955,IDLE_HOVER
15956,IDLE_HOVER
15957,IDLE_HOVER
15958,IDLE_HOVER
15959,IDLE_HOVER
15960,IDLE_HOVER
15961,IDLE_HOVER
15962,IDLE_HOVER
15963,IDLE_HOVER
15964,IDLE_HOVER
15965,IDLE_HOVER
15966,IDLE_HOVER
15967,IDLE_HOVER
15968,IDLE_HOVER
15969,IDLE_HOVER
15970,IDLE_HOVER
15971,IDLE_HOVER
15972,IDLE_HOVER
15973,IDLE_HOVER
15974,IDLE_HOVER
15975,IDLE_HOVER
15976,IDLE_HOVER
15977,IDLE_HOVER
15978,IDLE_HOVER
15979,IDLE_HOVER
15980,IDLE_HOVER
15981,IDLE_HOVER
15982,IDLE_HOVER
15983,IDLE_HOVER
15984,IDLE_HOVER
15985,IDLE_HOVER
15986,IDLE_HOVER
15987,IDLE_HOVER
15988,IDLE_HOVER
15989,IDLE_HOVER
15990,IDLE_HOVER
15991,IDLE_HOVER
15992,IDLE_HOVER
15993,IDLE_HOVER
15994,IDLE_HOVER
15995,IDLE_HOVER
15996,IDLE_HOVER
15997,IDLE_HOVER
15998,IDLE_HOVER
15999,IDLE_HOVER
16000,IDLE_HOVER
16001,IDLE_HOVER
16002,IDLE_HOVER
16003,IDLE_HOVER
16004,IDLE_HOVER
16005,IDLE_HOVER
16006,IDLE_HOVER
16007,IDLE_HOVER
16008,IDLE_HOVER
16009,IDLE_HOVER
16010,IDLE_HOVER
16011,IDLE_HOVER
16012,IDLE_HOVER
16013,IDLE_HOVER
16014,IDLE_HOVER
16015,IDLE_HOVER
16016,IDLE_HOVER
16017,IDLE_HOVER
16018,IDLE_HOVER
16019,IDLE_HOVER
16020,IDLE_HOVER
16021,IDLE_HOVER
16022,IDLE_HOVER
16023,IDLE_HOVER
16024,IDLE_HOVER
16025,IDLE_HOVER
16026,IDLE_HOVER
16027,IDLE_HOVER
16028,IDLE_HOVER
16029,IDLE_HOVER
16030,IDLE_HOVER
16031,IDLE_HOVER
16032,IDLE_HOVER
16033,IDLE_HOVER
16034,IDLE_HOVER
16035,IDLE_HOVER
16036,IDLE_HOVER
16037,IDLE_HOVER
16038,IDLE_HOVER
16039,IDLE_HOVER
16040,IDLE_HOVER
16041,IDLE_HOVER
16042,IDLE_HOVER
16043,IDLE_HOVER
16044,IDLE_HOVER
16045,IDLE_HOVER
16046,IDLE_HOVER
16047,IDLE_HOVER
16048,IDLE_HOVER
16049,IDLE_HOVER
16050,IDLE_HOVER
16051,IDLE_HOVER
16052,IDLE_HOVER
16053,IDLE_HOVER
16054,IDLE_HOVER
16055,IDLE_HOVER
16056,IDLE_HOVER
16057,IDLE_HOVER
16058,IDLE_HOVER
16059,IDLE_HOVER
16060,IDLE_HOVER
16061,IDLE_HOVER
16062,IDLE_HOVER
16063,IDLE_HOVER
16064,IDLE_HOVER
16065,IDLE_HOVER
16066,IDLE_HOVER
16067,IDLE_HOVER
16068,IDLE_HOVER
16069,IDLE_HOVER
16070,IDLE_HOVER
16071,IDLE_HOVER
16072,IDLE_HOVER
16073,IDLE_HOVER
16074,IDLE_HOVER
16075,IDLE_HOVER
16076,IDLE_HOVER
16077,IDLE_HOVER
16078,IDLE_HOVER
16079,IDLE_HOVER
16080,IDLE_HOVER
16081,IDLE_HOVER
16082,IDLE_HOVER
16083,IDLE_HOVER
16084,IDLE_HOVER
16085,IDLE_HOVER
16086,IDLE_HOVER
16087,IDLE_HOVER
16088,IDLE_HOVER
16089,IDLE_HOVER
16090,IDLE_HOVER
16091,IDLE_HOVER
16092,IDLE_HOVER
16093,IDLE_HOVER
16094,IDLE_HOVER
16095,IDLE_HOVER
16096,IDLE_HOVER
16097,IDLE_HOVER
16098,IDLE_HOVER
16099,IDLE_HOVER
16100,IDLE_HOVER
16101,IDLE_HOVER
16102,IDLE_HOVER
16103,IDLE_HOVER
16104,IDLE_HOVER
16105,IDLE_HOVER
16106,IDLE_HOVER
16107,IDLE_HOVER
16108,IDLE_HOVER
16109,IDLE_HOVER
16110,IDLE_HOVER
16111,IDLE_HOVER
16112,IDLE_HOVER
16113,IDLE_HOVER
16114,IDLE_HOVER
16115,IDLE_HOVER
16116,IDLE_HOVER
16117,IDLE_HOVER
16118,IDLE_HOVER
16119,IDLE_HOVER
16120,IDLE_HOVER
16121,IDLE_HOVER
16122,IDLE_HOVER
16123,IDLE_HOVER
16124,IDLE_HOVER
16125,IDLE_HOVER
16126,IDLE_HOVER
16127,IDLE_HOVER
16128,IDLE_HOVER
16129,IDLE_HOVER
16130,IDLE_HOVER
16131,IDLE_HOVER
16132,IDLE_HOVER
16133,IDLE_HOVER
16134,IDLE_HOVER
16135,IDLE_HOVER
16136,IDLE_HOVER
16137,IDLE_HOVER
16138,IDLE_HOVER
16139,IDLE_HOVER
16140,IDLE_HOVER
16141,IDLE_HOVER
16142,IDLE_HOVER
16143,IDLE_HOVER
16144,IDLE_HOVER
16145,IDLE_HOVER
16146,IDLE_HOVER
16147,IDLE_HOVER
16148,IDLE_HOVER
16149,IDLE_HOVER
16150,IDLE_HOVER
16151,IDLE_HOVER
16152,IDLE_HOVER
16153,IDLE_HOVER
16154,IDLE_HOVER
16155,IDLE_HOVER
16156,IDLE_HOVER
16157,IDLE_HOVER
16158,IDLE_HOVER
16159,IDLE_HOVER
16160,IDLE_HOVER
16161,IDLE_HOVER
16162,IDLE_HOVER
16163,IDLE_HOVER
16164,IDLE_HOVER
16165,IDLE_HOVER
16166,IDLE_HOVER
16167,IDLE_HOVER
16168,IDLE_HOVER
16169,IDLE_HOVER
16170,IDLE_HOVER
16171,IDLE_HOVER
16172,IDLE_HOVER
16173,IDLE_HOVER
16174,IDLE_HOVER
16175,IDLE_HOVER
16176,IDLE_HOVER
16177,IDLE_HOVER
16178,IDLE_HOVER
16179,IDLE_HOVER
16180,IDLE_HOVER
16181,IDLE_HOVER
16182,IDLE_HOVER
16183,IDLE_HOVER
16184,IDLE_HOVER
16185,IDLE_HOVER
16186,IDLE_HOVER
16187,IDLE_HOVER
16188,IDLE_HOVER
16189,IDLE_HOVER
16190,IDLE_HOVER
16191,IDLE_HOVER
16192,IDLE_HOVER
16193,IDLE_HOVER
16194,IDLE_HOVER
16195,IDLE_HOVER
16196,IDLE_HOVER
16197,IDLE_HOVER
16198,IDLE_HOVER
16199,IDLE_HOVER
16200,IDLE_HOVER
16201,IDLE_HOVER
16202,IDLE_HOVER
16203,IDLE_HOVER
16204,IDLE_HOVER
16205,IDLE_HOVER
16206,IDLE_HOVER
16207,IDLE_HOVER
16208,IDLE_HOVER
16209,IDLE_HOVER
16210,IDLE_HOVER
16211,IDLE_HOVER
16212,IDLE_HOVER
16213,IDLE_HOVER
16214,IDLE_HOVER
16215,IDLE_HOVER
16216,IDLE_HOVER
16217,IDLE_HOVER
16218,IDLE_HOVER
16219,IDLE_HOVER
16220,IDLE_HOVER
16221,IDLE_HOVER
16222,IDLE_HOVER
16223,IDLE_HOVER
16224,IDLE_HOVER
16225,IDLE_HOVER
16226,IDLE_HOVER
16227,IDLE_HOVER
16228,IDLE_HOVER
16229,IDLE_HOVER
16230,IDLE_HOVER
16231,IDLE_HOVER
16232,IDLE_HOVER
16233,IDLE_HOVER
16234,IDLE_HOVER
16235,IDLE_HOVER
16236,IDLE_HOVER
16237,IDLE_HOVER
16238,IDLE_HOVER
16239,IDLE_HOVER
16240,IDLE_HOVER
16241,IDLE_HOVER
16242,IDLE_HOVER
16243,IDLE_HOVER
16244,IDLE_HOVER
16245,IDLE_HOVER
16246,IDLE_HOVER
16247,IDLE_HOVER
16248,IDLE_HOVER
16249,IDLE_HOVER
16250,IDLE_HOVER
16251,IDLE_HOVER
16252,IDLE_HOVER
16253,IDLE_HOVER
16254,IDLE_HOVER
16255,IDLE_HOVER
16256,IDLE_HOVER
16257,IDLE_HOVER
16258,IDLE_HOVER
16259,IDLE_HOVER
16260,IDLE_HOVER
16261,IDLE_HOVER
16262,IDLE_HOVER
16263,IDLE_HOVER
16264,IDLE_HOVER
16265,IDLE_HOVER
16266,IDLE_HOVER
16267,IDLE_HOVER
16268,IDLE_HOVER
16269,IDLE_HOVER
16270,IDLE_HOVER
16271,IDLE_HOVER
16272,IDLE_HOVER
16273,IDLE_HOVER
16274,IDLE_HOVER
16275,IDLE_HOVER
16276,IDLE_HOVER
16277,IDLE_HOVER
16278,IDLE_HOVER
16279,IDLE_HOVER
16280,IDLE_HOVER
16281,IDLE_HOVER
16282,IDLE_HOVER
16283,IDLE_HOVER
16284,IDLE_HOVER
16285,IDLE_HOVER
16286,IDLE_HOVER
16287,IDLE_HOVER
16288,IDLE_HOVER
16289,IDLE_HOVER
16290,IDLE_HOVER
16291,IDLE_HOVER
16292,IDLE_HOVER
16293,IDLE_HOVER
16294,IDLE_HOVER
16295,IDLE_HOVER
16296,IDLE_HOVER
16297,IDLE_HOVER
16298,IDLE_HOVER
16299,IDLE_HOVER
16300,IDLE_HOVER
16301,IDLE_HOVER
16302,IDLE_HOVER
16303,IDLE_HOVER
16304,IDLE_HOVER
16305,IDLE_HOVER
16306,IDLE_HOVER
16307,IDLE_HOVER
16308,IDLE_HOVER
16309,IDLE_HOVER
16310,IDLE_HOVER
16311,IDLE_HOVER
16312,IDLE_HOVER
16313,IDLE_HOVER
16314,IDLE_HOVER
16315,IDLE_HOVER
16316,IDLE_HOVER
16317,IDLE_HOVER
16318,IDLE_HOVER
16319,IDLE_HOVER
16320,IDLE_HOVER
16321,IDLE_HOVER
16322,IDLE_HOVER
16323,IDLE_HOVER
16324,IDLE_HOVER
16325,IDLE_HOVER
16326,IDLE_HOVER
16327,IDLE_HOVER
16328,IDLE_HOVER
16329,IDLE_HOVER
16330,IDLE_HOVER
16331,IDLE_HOVER
16332,IDLE_HOVER
16333,IDLE_HOVER
16334,IDLE_HOVER
16335,IDLE_HOVER
16336,IDLE_HOVER
16337,IDLE_HOVER
16338,IDLE_HOVER
16339,IDLE_HOVER
16340,IDLE_HOVER
16341,IDLE_HOVER
16342,IDLE_HOVER
16343,IDLE_HOVER
16344,IDLE_HOVER
16345,IDLE_HOVER
16346,IDLE_HOVER
16347,IDLE_HOVER
16348,IDLE_HOVER
16349,IDLE_HOVER
16350,IDLE_HOVER
16351,IDLE_HOVER
16352,IDLE_HOVER
16353,IDLE_HOVER
16354,IDLE_HOVER
16355,IDLE_HOVER
16356,IDLE_HOVER
16357,IDLE_HOVER
16358,IDLE_HOVER
16359,IDLE_HOVER
16360,IDLE_HOVER
16361,IDLE_HOVER
16362,IDLE_HOVER
16363,IDLE_HOVER
16364,IDLE_HOVER
16365,IDLE_HOVER
16366,IDLE_HOVER
16367,IDLE_HOVER
16368,IDLE_HOVER
16369,IDLE_HOVER
16370,IDLE_HOVER
16371,IDLE_HOVER
16372,IDLE_HOVER
16373,IDLE_HOVER
16374,IDLE_HOVER
16375,IDLE_HOVER
16376,IDLE_HOVER
16377,IDLE_HOVER
16378,IDLE_HOVER
16379,IDLE_HOVER
16380,IDLE_HOVER
16381,IDLE_HOVER
16382,IDLE_HOVER
16383,IDLE_HOVER
16384,IDLE_HOVER
16385,IDLE_HOVER
16386,IDLE_HOVER
16387,IDLE_HOVER
16388,IDLE_HOVER
16389,IDLE_HOVER
16390,IDLE_HOVER
16391,IDLE_HOVER
16392,IDLE_HOVER
16393,IDLE_HOVER
16394,IDLE_HOVER
16395,IDLE_HOVER
16396,IDLE_HOVER
16397,IDLE_HOVER
16398,IDLE_HOVER
16399,IDLE_HOVER
16400,IDLE_HOVER
16401,IDLE_HOVER
16402,IDLE_HOVER
16403,IDLE_HOVER
16404,IDLE_HOVER
16405,IDLE_HOVER
16406,IDLE_HOVER
16407,IDLE_HOVER
16408,IDLE_HOVER
16409,IDLE_HOVER
16410,IDLE_HOVER
16411,IDLE_HOVER
16412,IDLE_HOVER
16413,IDLE_HOVER
16414,IDLE_HOVER
16415,IDLE_HOVER
16416,IDLE_HOVER
16417,IDLE_HOVER
16418,IDLE_HOVER
16419,IDLE_HOVER
16420,IDLE_HOVER
16421,IDLE_HOVER
16422,IDLE_HOVER
16423,IDLE_HOVER
16424,IDLE_HOVER
16425,IDLE_HOVER
16426,IDLE_HOVER
16427,IDLE_HOVER
16428,IDLE_HOVER
16429,IDLE_HOVER
16430,IDLE_HOVER
16431,IDLE_HOVER
16432,IDLE_HOVER
16433,IDLE_HOVER
16434,IDLE_HOVER
16435,IDLE_HOVER
16436,IDLE_HOVER
16437,IDLE_HOVER
16438,IDLE_HOVER
16439,IDLE_HOVER
16440,IDLE_HOVER
16441,IDLE_HOVER
16442,IDLE_HOVER
16443,IDLE_HOVER
16444,IDLE_HOVER
16445,IDLE_HOVER
16446,IDLE_HOVER
16447,IDLE_HOVER
16448,IDLE_HOVER
16449,IDLE_HOVER
16450,IDLE_HOVER
16451,IDLE_HOVER
16452,IDLE_HOVER
16453,IDLE_HOVER
16454,IDLE_HOVER
16455,IDLE_HOVER
16456,IDLE_HOVER
16457,IDLE_HOVER
16458,IDLE_HOVER
16459,IDLE_HOVER
16460,IDLE_HOVER
16461,IDLE_HOVER
16462,IDLE_HOVER
16463,IDLE_HOVER
16464,IDLE_HOVER
16465,IDLE_HOVER
16466,IDLE_HOVER
16467,IDLE_HOVER
16468,IDLE_HOVER
16469,IDLE_HOVER
16470,IDLE_HOVER
16471,IDLE_HOVER
16472,IDLE_HOVER
16473,IDLE_HOVER
16474,IDLE_HOVER
16475,IDLE_HOVER
16476,IDLE_HOVER
16477,IDLE_HOVER
16478,IDLE_HOVER
16479,IDLE_HOVER
16480,IDLE_HOVER
16481,IDLE_HOVER
16482,IDLE_HOVER
16483,IDLE_HOVER
16484,IDLE_HOVER
16485,IDLE_HOVER
16486,IDLE_HOVER
16487,IDLE_HOVER
16488,IDLE_HOVER
16489,IDLE_HOVER
16490,IDLE_HOVER
16491,IDLE_HOVER
16492,IDLE_HOVER
16493,IDLE_HOVER
16494,IDLE_HOVER
16495,IDLE_HOVER
16496,IDLE_HOVER
16497,IDLE_HOVER
16498,IDLE_HOVER
16499,IDLE_HOVER
16500,IDLE_HOVER
16501,IDLE_HOVER
16502,IDLE_HOVER
16503,IDLE_HOVER
16504,IDLE_HOVER
16505,IDLE_HOVER
16506,IDLE_HOVER
16507,IDLE_HOVER
16508,IDLE_HOVER
16509,IDLE_HOVER
16510,IDLE_HOVER
16511,IDLE_HOVER
16512,IDLE_HOVER
16513,IDLE_HOVER
16514,IDLE_HOVER
16515,IDLE_HOVER
16516,IDLE_HOVER
16517,IDLE_HOVER
16518,IDLE_HOVER
16519,IDLE_HOVER
16520,IDLE_HOVER
16521,IDLE_HOVER
16522,IDLE_HOVER
16523,IDLE_HOVER
16524,IDLE_HOVER
16525,IDLE_HOVER
16526,IDLE_HOVER
16527,IDLE_HOVER
16528,IDLE_HOVER
16529,IDLE_HOVER
16530,IDLE_HOVER
16531,IDLE_HOVER
16532,IDLE_HOVER
16533,IDLE_HOVER
16534,IDLE_HOVER
16535,IDLE_HOVER
16536,IDLE_HOVER
16537,IDLE_HOVER
16538,IDLE_HOVER
16539,IDLE_HOVER
16540,IDLE_HOVER
16541,IDLE_HOVER
16542,IDLE_HOVER
16543,IDLE_HOVER
16544,IDLE_HOVER
16545,IDLE_HOVER
16546,IDLE_HOVER
16547,IDLE_HOVER
16548,IDLE_HOVER
16549,IDLE_HOVER
16550,IDLE_HOVER
16551,IDLE_HOVER
16552,IDLE_HOVER
16553,IDLE_HOVER
16554,IDLE_HOVER
16555,IDLE_HOVER
16556,IDLE_HOVER
16557,IDLE_HOVER
16558,IDLE_HOVER
16559,IDLE_HOVER
16560,IDLE_HOVER
16561,IDLE_HOVER
16562,IDLE_HOVER
16563,IDLE_HOVER
16564,IDLE_HOVER
16565,IDLE_HOVER
16566,IDLE_HOVER
16567,IDLE_HOVER
16568,IDLE_HOVER
16569,IDLE_HOVER
16570,IDLE_HOVER
16571,IDLE_HOVER
16572,IDLE_HOVER
16573,IDLE_HOVER
16574,IDLE_HOVER
16575,IDLE_HOVER
16576,IDLE_HOVER
16577,IDLE_HOVER
16578,IDLE_HOVER
16579,IDLE_HOVER
16580,IDLE_HOVER
16581,IDLE_HOVER
16582,IDLE_HOVER
16583,IDLE_HOVER
16584,IDLE_HOVER
16585,IDLE_HOVER
16586,IDLE_HOVER
16587,IDLE_HOVER
16588,IDLE_HOVER
16589,IDLE_HOVER
16590,IDLE_HOVER
16591,IDLE_HOVER
16592,IDLE_HOVER
16593,IDLE_HOVER
16594,IDLE_HOVER
16595,IDLE_HOVER
16596,IDLE_HOVER
16597,IDLE_HOVER
16598,IDLE_HOVER
16599,IDLE_HOVER
16600,IDLE_HOVER
16601,IDLE_HOVER
16602,IDLE_HOVER
16603,IDLE_HOVER
16604,IDLE_HOVER
16605,IDLE_HOVER
16606,IDLE_HOVER
16607,IDLE_HOVER
16608,IDLE_HOVER
16609,IDLE_HOVER
16610,IDLE_HOVER
16611,IDLE_HOVER
16612,IDLE_HOVER
16613,IDLE_HOVER
16614,IDLE_HOVER
16615,IDLE_HOVER
16616,IDLE_HOVER
16617,IDLE_HOVER
16618,IDLE_HOVER
16619,IDLE_HOVER
16620,IDLE_HOVER
16621,IDLE_HOVER
16622,IDLE_HOVER
16623,IDLE_HOVER
16624,IDLE_HOVER
16625,IDLE_HOVER
16626,IDLE_HOVER
16627,IDLE_HOVER
16628,IDLE_HOVER
16629,IDLE_HOVER
16630,IDLE_HOVER
16631,IDLE_HOVER
16632,IDLE_HOVER
16633,IDLE_HOVER
16634,IDLE_HOVER
16635,IDLE_HOVER
16636,IDLE_HOVER
16637,IDLE_HOVER
16638,IDLE_HOVER
16639,IDLE_HOVER
16640,IDLE_HOVER
16641,IDLE_HOVER
16642,IDLE_HOVER
16643,IDLE_HOVER
16644,IDLE_HOVER
16645,IDLE_HOVER
16646,IDLE_HOVER
16647,IDLE_HOVER
16648,IDLE_HOVER
16649,IDLE_HOVER
16650,IDLE_HOVER
16651,IDLE_HOVER
16652,IDLE_HOVER
16653,IDLE_HOVER
16654,IDLE_HOVER
16655,IDLE_HOVER
16656,IDLE_HOVER
16657,IDLE_HOVER
16658,IDLE_HOVER
16659,IDLE_HOVER
16660,IDLE_HOVER
16661,IDLE_HOVER
16662,IDLE_HOVER
16663,IDLE_HOVER
16664,IDLE_HOVER
16665,IDLE_HOVER
16666,IDLE_HOVER
16667,IDLE_HOVER
16668,IDLE_HOVER
16669,IDLE_HOVER
16670,IDLE_HOVER
16671,IDLE_HOVER
16672,IDLE_HOVER
16673,IDLE_HOVER
16674,IDLE_HOVER
16675,IDLE_HOVER
16676,IDLE_HOVER
16677,IDLE_HOVER
16678,IDLE_HOVER
16679,IDLE_HOVER
16680,IDLE_HOVER
16681,IDLE_HOVER
16682,IDLE_HOVER
16683,IDLE_HOVER
16684,IDLE_HOVER
16685,IDLE_HOVER
16686,IDLE_HOVER
16687,IDLE_HOVER
16688,IDLE_HOVER
16689,IDLE_HOVER
16690,IDLE_HOVER
16691,IDLE_HOVER
16692,IDLE_HOVER
16693,IDLE_HOVER
16694,IDLE_HOVER
16695,IDLE_HOVER
16696,IDLE_HOVER
16697,IDLE_HOVER
16698,IDLE_HOVER
16699,IDLE_HOVER
16700,IDLE_HOVER
16701,IDLE_HOVER
16702,IDLE_HOVER
16703,IDLE_HOVER
16704,IDLE_HOVER
16705,IDLE_HOVER
16706,IDLE_HOVER
16707,IDLE_HOVER
16708,IDLE_HOVER
16709,IDLE_HOVER
16710,IDLE_HOVER
16711,IDLE_HOVER
16712,IDLE_HOVER
16713,IDLE_HOVER
16714,IDLE_HOVER
16715,IDLE_HOVER
16716,IDLE_HOVER
16717,IDLE_HOVER
16718,IDLE_HOVER
16719,IDLE_HOVER
16720,IDLE_HOVER
16721,IDLE_HOVER
16722,IDLE_HOVER
16723,IDLE_HOVER
16724,IDLE_HOVER
16725,IDLE_HOVER
16726,IDLE_HOVER
16727,IDLE_HOVER
16728,IDLE_HOVER
16729,IDLE_HOVER
16730,IDLE_HOVER
16731,IDLE_HOVER
16732,IDLE_HOVER
16733,IDLE_HOVER
16734,IDLE_HOVER
16735,IDLE_HOVER
16736,IDLE_HOVER
16737,IDLE_HOVER
16738,IDLE_HOVER
16739,IDLE_HOVER
16740,IDLE_HOVER
16741,IDLE_HOVER
16742,IDLE_HOVER
16743,IDLE_HOVER
16744,IDLE_HOVER
16745,IDLE_HOVER
16746,IDLE_HOVER
16747,IDLE_HOVER
16748,IDLE_HOVER
16749,IDLE_HOVER
16750,IDLE_HOVER
16751,IDLE_HOVER
16752,IDLE_HOVER
16753,IDLE_HOVER
16754,IDLE_HOVER
16755,IDLE_HOVER
16756,IDLE_HOVER
16757,IDLE_HOVER
16758,IDLE_HOVER
16759,IDLE_HOVER
16760,IDLE_HOVER
16761,IDLE_HOVER
16762,IDLE_HOVER
16763,IDLE_HOVER
16764,IDLE_HOVER
16765,IDLE_HOVER
16766,IDLE_HOVER
16767,IDLE_HOVER
16768,IDLE_HOVER
16769,IDLE_HOVER
16770,IDLE_HOVER
16771,IDLE_HOVER
16772,IDLE_HOVER
16773,IDLE_HOVER
16774,IDLE_HOVER
16775,IDLE_HOVER
16776,IDLE_HOVER
16777,IDLE_HOVER
16778,IDLE_HOVER
16779,IDLE_HOVER
16780,IDLE_HOVER
16781,IDLE_HOVER
16782,IDLE_HOVER
16783,IDLE_HOVER
16784,IDLE_HOVER
16785,IDLE_HOVER
16786,IDLE_HOVER
16787,IDLE_HOVER
16788,IDLE_HOVER
16789,IDLE_HOVER
16790,IDLE_HOVER
16791,IDLE_HOVER
16792,IDLE_HOVER
16793,IDLE_HOVER
16794,IDLE_HOVER
16795,IDLE_HOVER
16796,IDLE_HOVER
16797,IDLE_HOVER
16798,IDLE_HOVER
16799,IDLE_HOVER
16800,IDLE_HOVER
16801,IDLE_HOVER
16802,IDLE_HOVER
16803,IDLE_HOVER
16804,IDLE_HOVER
16805,IDLE_HOVER
16806,IDLE_HOVER
16807,IDLE_HOVER
16808,IDLE_HOVER
16809,IDLE_HOVER
16810,IDLE_HOVER
16811,IDLE_HOVER
16812,IDLE_HOVER
16813,IDLE_HOVER
16814,IDLE_HOVER
16815,IDLE_HOVER
16816,IDLE_HOVER
16817,IDLE_HOVER
16818,IDLE_HOVER
16819,IDLE_HOVER
16820,IDLE_HOVER
16821,IDLE_HOVER
16822,IDLE_HOVER
16823,IDLE_HOVER
16824,IDLE_HOVER
16825,IDLE_HOVER
16826,IDLE_HOVER
16827,IDLE_HOVER
16828,IDLE_HOVER
16829,IDLE_HOVER
16830,IDLE_HOVER
16831,IDLE_HOVER
16832,IDLE_HOVER
16833,IDLE_HOVER
16834,IDLE_HOVER
16835,IDLE_HOVER
16836,IDLE_HOVER
16837,IDLE_HOVER
16838,IDLE_HOVER
16839,IDLE_HOVER
16840,IDLE_HOVER
16841,IDLE_HOVER
16842,IDLE_HOVER
16843,IDLE_HOVER
16844,IDLE_HOVER
16845,IDLE_HOVER
16846,IDLE_HOVER
16847,IDLE_HOVER
16848,IDLE_HOVER
16849,IDLE_HOVER
16850,IDLE_HOVER
16851,IDLE_HOVER
16852,IDLE_HOVER
16853,IDLE_HOVER
16854,IDLE_HOVER
16855,IDLE_HOVER
16856,IDLE_HOVER
16857,IDLE_HOVER
16858,IDLE_HOVER
16859,IDLE_HOVER
16860,IDLE_HOVER
16861,IDLE_HOVER
16862,IDLE_HOVER
16863,IDLE_HOVER
16864,IDLE_HOVER
16865,IDLE_HOVER
16866,IDLE_HOVER
16867,IDLE_HOVER
16868,IDLE_HOVER
16869,IDLE_HOVER
16870,IDLE_HOVER
16871,IDLE_HOVER
16872,IDLE_HOVER
16873,IDLE_HOVER
16874,IDLE_HOVER
16875,IDLE_HOVER
16876,IDLE_HOVER
16877,IDLE_HOVER
16878,IDLE_HOVER
16879,IDLE_HOVER
16880,IDLE_HOVER
16881,IDLE_HOVER
16882,IDLE_HOVER
16883,IDLE_HOVER
16884,IDLE_HOVER
16885,IDLE_HOVER
16886,IDLE_HOVER
16887,IDLE_HOVER
16888,IDLE_HOVER
16889,IDLE_HOVER
16890,IDLE_HOVER
16891,IDLE_HOVER
16892,IDLE_HOVER
16893,IDLE_HOVER
16894,IDLE_HOVER
16895,IDLE_HOVER
16896,IDLE_HOVER
16897,IDLE_HOVER
16898,IDLE_HOVER
16899,IDLE_HOVER
16900,IDLE_HOVER
16901,IDLE_HOVER
16902,IDLE_HOVER
16903,IDLE_HOVER
16904,IDLE_HOVER
16905,IDLE_HOVER
16906,IDLE_HOVER
16907,IDLE_HOVER
16908,IDLE_HOVER
16909,IDLE_HOVER
16910,IDLE_HOVER
16911,IDLE_HOVER
16912,IDLE_HOVER
16913,IDLE_HOVER
16914,IDLE_HOVER
16915,IDLE_HOVER
16916,IDLE_HOVER
16917,IDLE_HOVER
16918,IDLE_HOVER
16919,IDLE_HOVER
16920,IDLE_HOVER
16921,IDLE_HOVER
16922,IDLE_HOVER
16923,IDLE_HOVER
16924,IDLE_HOVER
16925,IDLE_HOVER
16926,IDLE_HOVER
16927,IDLE_HOVER
16928,IDLE_HOVER
16929,IDLE_HOVER
16930,IDLE_HOVER
16931,IDLE_HOVER
16932,IDLE_HOVER
16933,IDLE_HOVER
16934,IDLE_HOVER
16935,IDLE_HOVER
16936,IDLE_HOVER
16937,IDLE_HOVER
16938,IDLE_HOVER
16939,IDLE_HOVER
16940,IDLE_HOVER
16941,IDLE_HOVER
16942,IDLE_HOVER
16943,IDLE_HOVER
16944,IDLE_HOVER
16945,IDLE_HOVER
16946,IDLE_HOVER
16947,IDLE_HOVER
16948,IDLE_HOVER
16949,IDLE_HOVER
16950,IDLE_HOVER
16951,IDLE_HOVER
16952,IDLE_HOVER
16953,IDLE_HOVER
16954,IDLE_HOVER
16955,IDLE_HOVER
16956,IDLE_HOVER
16957,IDLE_HOVER
16958,IDLE_HOVER
16959,IDLE_HOVER
16960,IDLE_HOVER
16961,IDLE_HOVER
16962,IDLE_HOVER
16963,IDLE_HOVER
16964,IDLE_HOVER
16965,IDLE_HOVER
16966,IDLE_HOVER
16967,IDLE_HOVER
16968,IDLE_HOVER
16969,IDLE_HOVER
16970,IDLE_HOVER
16971,IDLE_HOVER
16972,IDLE_HOVER
16973,IDLE_HOVER
16974,IDLE_HOVER
16975,IDLE_HOVER
16976,IDLE_HOVER
16977,IDLE_HOVER
16978,IDLE_HOVER
16979,IDLE_HOVER
16980,IDLE_HOVER
16981,IDLE_HOVER
16982,IDLE_HOVER
16983,IDLE_HOVER
16984,IDLE_HOVER
16985,IDLE_HOVER
16986,IDLE_HOVER
16987,IDLE_HOVER
16988,IDLE_HOVER
16989,IDLE_HOVER
16990,IDLE_HOVER
16991,IDLE_HOVER
16992,IDLE_HOVER
16993,IDLE_HOVER
16994,IDLE_HOVER
16995,IDLE_HOVER
16996,IDLE_HOVER
16997,IDLE_HOVER
16998,IDLE_HOVER
16999,IDLE_HOVER
17000,IDLE_HOVER
17001,IDLE_HOVER
17002,IDLE_HOVER
17003,IDLE_HOVER
17004,IDLE_HOVER
17005,IDLE_HOVER
17006,IDLE_HOVER
17007,IDLE_HOVER
17008,IDLE_HOVER
17009,IDLE_HOVER
17010,IDLE_HOVER
17011,IDLE_HOVER
17012,IDLE_HOVER
17013,IDLE_HOVER
17014,IDLE_HOVER
17015,IDLE_HOVER
17016,IDLE_HOVER
17017,IDLE_HOVER
17018,IDLE_HOVER
17019,IDLE_HOVER
17020,IDLE_HOVER
17021,IDLE_HOVER
17022,IDLE_HOVER
17023,IDLE_HOVER
17024,IDLE_HOVER
17025,IDLE_HOVER
17026,IDLE_HOVER
17027,IDLE_HOVER
17028,IDLE_HOVER
17029,IDLE_HOVER
17030,IDLE_HOVER
17031,IDLE_HOVER
17032,IDLE_HOVER
17033,IDLE_HOVER
17034,IDLE_HOVER
17035,IDLE_HOVER
17036,IDLE_HOVER
17037,IDLE_HOVER
17038,IDLE_HOVER
17043,IDLE_HOVER
17044,IDLE_HOVER
17045,IDLE_HOVER
17046,IDLE_HOVER
17047,IDLE_HOVER
17048,IDLE_HOVER
17049,IDLE_HOVER
17050,IDLE_HOVER
17051,IDLE_HOVER
17052,IDLE_HOVER
17053,IDLE_HOVER
17054,IDLE_HOVER
17055,IDLE_HOVER
17056,IDLE_HOVER
17057,IDLE_HOVER
17058,IDLE_HOVER
17059,IDLE_HOVER
17060,IDLE_HOVER
17061,IDLE_HOVER
17062,IDLE_HOVER
17063,IDLE_HOVER
17064,IDLE_HOVER
17065,IDLE_HOVER
17066,IDLE_HOVER
17067,IDLE_HOVER
17068,IDLE_HOVER
17069,IDLE_HOVER
17070,IDLE_HOVER
17071,IDLE_HOVER
17072,IDLE_HOVER
17073,IDLE_HOVER
17074,IDLE_HOVER
17075,IDLE_HOVER
17076,IDLE_HOVER
17077,IDLE_HOVER
17078,IDLE_HOVER
17079,IDLE_HOVER
17080,IDLE_HOVER
17081,IDLE_HOVER
17082,IDLE_HOVER
17083,IDLE_HOVER
17084,IDLE_HOVER
17085,IDLE_HOVER
17086,IDLE_HOVER
17087,IDLE_HOVER
17088,IDLE_HOVER
17089,IDLE_HOVER
17090,IDLE_HOVER
17091,IDLE_HOVER
17092,IDLE_HOVER
17093,IDLE_HOVER
17094,IDLE_HOVER
17095,IDLE_HOVER
17096,IDLE_HOVER
17097,IDLE_HOVER
17098,IDLE_HOVER
17099,IDLE_HOVER
17100,IDLE_HOVER
17101,IDLE_HOVER
17102,IDLE_HOVER
17103,IDLE_HOVER
17104,IDLE_HOVER
17105,IDLE_HOVER
17106,IDLE_HOVER
17107,IDLE_HOVER
17108,IDLE_HOVER
17109,IDLE_HOVER
17110,IDLE_HOVER
17111,IDLE_HOVER
17112,IDLE_HOVER
17113,IDLE_HOVER
17114,IDLE_HOVER
17115,IDLE_HOVER
17116,IDLE_HOVER
17117,IDLE_HOVER
17118,IDLE_HOVER
17119,IDLE_HOVER
17120,IDLE_HOVER
17121,IDLE_HOVER
17122,IDLE_HOVER
17123,IDLE_HOVER
17124,IDLE_HOVER
17125,IDLE_HOVER
17126,IDLE_HOVER
17127,IDLE_HOVER
17128,IDLE_HOVER
17129,IDLE_HOVER
17130,IDLE_HOVER
17131,IDLE_HOVER
17132,IDLE_HOVER
17133,IDLE_HOVER
17134,IDLE_HOVER
17135,IDLE_HOVER
17136,IDLE_HOVER
17137,IDLE_HOVER
17138,IDLE_HOVER
17139,IDLE_HOVER
17140,IDLE_HOVER
17141,IDLE_HOVER
17142,IDLE_HOVER
17143,IDLE_HOVER
17144,IDLE_HOVER
17145,IDLE_HOVER
17146,IDLE_HOVER
17147,IDLE_HOVER
17148,IDLE_HOVER
17149,IDLE_HOVER
17150,IDLE_HOVER
17151,IDLE_HOVER
17152,IDLE_HOVER
17153,IDLE_HOVER
17154,IDLE_HOVER
17155,IDLE_HOVER
17156,IDLE_HOVER
17157,IDLE_HOVER
17158,IDLE_HOVER
17159,IDLE_HOVER
17160,IDLE_HOVER
17161,IDLE_HOVER
17162,IDLE_HOVER
17163,IDLE_HOVER
17164,IDLE_HOVER
17165,IDLE_HOVER
17166,IDLE_HOVER
17167,IDLE_HOVER
17168,IDLE_HOVER
17169,IDLE_HOVER
17170,IDLE_HOVER
17171,IDLE_HOVER
17172,IDLE_HOVER
17173,IDLE_HOVER
17174,IDLE_HOVER
17175,IDLE_HOVER
17176,IDLE_HOVER
17177,IDLE_HOVER
17178,IDLE_HOVER
17179,IDLE_HOVER
17180,IDLE_HOVER
17181,IDLE_HOVER
17182,IDLE_HOVER
17183,IDLE_HOVER
17184,IDLE_HOVER
17185,IDLE_HOVER
17186,IDLE_HOVER
17187,IDLE_HOVER
17188,IDLE_HOVER
17189,IDLE_HOVER
17190,IDLE_HOVER
17191,IDLE_HOVER
17192,IDLE_HOVER
17193,IDLE_HOVER
17195,IDLE_HOVER
17196,IDLE_HOVER
17197,IDLE_HOVER
17198,IDLE_HOVER
17199,IDLE_HOVER
17200,IDLE_HOVER
17201,IDLE_HOVER
17202,IDLE_HOVER
17203,IDLE_HOVER
17204,IDLE_HOVER
17205,IDLE_HOVER
17206,IDLE_HOVER
17207,IDLE_HOVER
17208,IDLE_HOVER
17209,IDLE_HOVER
17210,IDLE_HOVER
17211,IDLE_HOVER
17212,IDLE_HOVER
17213,IDLE_HOVER
17214,IDLE_HOVER
17215,IDLE_HOVER
17216,IDLE_HOVER
17217,IDLE_HOVER
17218,IDLE_HOVER
17219,IDLE_HOVER
17220,IDLE_HOVER
17221,IDLE_HOVER
17222,IDLE_HOVER
17223,IDLE_HOVER
17224,IDLE_HOVER
17225,IDLE_HOVER
17226,IDLE_HOVER
17227,IDLE_HOVER
17228,IDLE_HOVER
17229,IDLE_HOVER
17230,IDLE_HOVER
17231,IDLE_HOVER
17232,IDLE_HOVER
17233,IDLE_HOVER
17234,IDLE_HOVER
17235,IDLE_HOVER
17236,IDLE_HOVER
17237,IDLE_HOVER
17239,IDLE_HOVER
17240,IDLE_HOVER
17241,IDLE_HOVER
17242,IDLE_HOVER
17243,IDLE_HOVER
17244,IDLE_HOVER
17245,IDLE_HOVER
17246,IDLE_HOVER
17247,IDLE_HOVER
17248,IDLE_HOVER
17249,IDLE_HOVER
17250,IDLE_HOVER
17251,IDLE_HOVER
17252,IDLE_HOVER
17253,IDLE_HOVER
17254,IDLE_HOVER
17255,IDLE_HOVER
17256,IDLE_HOVER
17257,IDLE_HOVER
17258,IDLE_HOVER
17259,IDLE_HOVER
17260,IDLE_HOVER
17261,IDLE_HOVER
17262,IDLE_HOVER
17263,IDLE_HOVER
17264,IDLE_HOVER
17265,IDLE_HOVER
17266,IDLE_HOVER
17267,IDLE_HOVER
17268,IDLE_HOVER
17269,IDLE_HOVER
17270,IDLE_HOVER
17271,IDLE_HOVER
17272,IDLE_HOVER
17273,IDLE_HOVER
17274,IDLE_HOVER
17275,IDLE_HOVER
17276,IDLE_HOVER
17277,IDLE_HOVER
17278,IDLE_HOVER
17279,IDLE_HOVER
17280,IDLE_HOVER
17281,IDLE_HOVER
17282,IDLE_HOVER
17283,IDLE_HOVER
17284,IDLE_HOVER
17285,IDLE_HOVER
17286,IDLE_HOVER
17287,IDLE_HOVER
17288,IDLE_HOVER
17289,IDLE_HOVER
17292,IDLE_HOVER
17293,IDLE_HOVER
17294,IDLE_HOVER
17295,IDLE_HOVER
17296,IDLE_HOVER
17297,IDLE_HOVER
17298,IDLE_HOVER
17299,IDLE_HOVER
17300,IDLE_HOVER
17301,IDLE_HOVER
17302,IDLE_HOVER
17303,IDLE_HOVER
17304,IDLE_HOVER
17305,IDLE_HOVER
17306,IDLE_HOVER
17307,IDLE_HOVER
17308,IDLE_HOVER
17309,IDLE_HOVER
17310,IDLE_HOVER
17311,IDLE_HOVER
17312,IDLE_HOVER
17313,IDLE_HOVER
17314,IDLE_HOVER
17315,IDLE_HOVER
17316,IDLE_HOVER
17317,IDLE_HOVER
17318,IDLE_HOVER
17319,IDLE_HOVER
17320,IDLE_HOVER
17321,IDLE_HOVER
17322,IDLE_HOVER
17323,IDLE_HOVER
17324,IDLE_HOVER
17325,IDLE_HOVER
17326,IDLE_HOVER
17327,IDLE_HOVER
17328,IDLE_HOVER
17329,IDLE_HOVER
17330,IDLE_HOVER
17331,IDLE_HOVER
17332,IDLE_HOVER
17333,IDLE_HOVER
17334,IDLE_HOVER
17335,IDLE_HOVER
17336,IDLE_HOVER
17337,IDLE_HOVER
17338,IDLE_HOVER
17339,IDLE_HOVER
17340,IDLE_HOVER
17341,IDLE_HOVER
17342,IDLE_HOVER
17343,IDLE_HOVER
17344,IDLE_HOVER
17345,IDLE_HOVER
17347,IDLE_HOVER
17348,IDLE_HOVER
17349,IDLE_HOVER
17350,IDLE_HOVER
17351,IDLE_HOVER
17352,IDLE_HOVER
17353,IDLE_HOVER
17354,IDLE_HOVER
17355,IDLE_HOVER
17356,IDLE_HOVER
17357,IDLE_HOVER
17358,IDLE_HOVER
17359,IDLE_HOVER
17360,IDLE_HOVER
17361,IDLE_HOVER
17362,IDLE_HOVER
17363,IDLE_HOVER
17364,IDLE_HOVER
17365,IDLE_HOVER
17366,IDLE_HOVER
17367,IDLE_HOVER
17368,IDLE_HOVER
17369,IDLE_HOVER
17370,IDLE_HOVER
17371,IDLE_HOVER
17372,IDLE_HOVER
17373,IDLE_HOVER
17374,IDLE_HOVER
17375,IDLE_HOVER
17376,IDLE_HOVER
17377,IDLE_HOVER
17378,IDLE_HOVER
17379,IDLE_HOVER
17380,IDLE_HOVER
17381,IDLE_HOVER
17382,IDLE_HOVER
17383,IDLE_HOVER
17384,IDLE_HOVER
17385,IDLE_HOVER
17386,IDLE_HOVER
17387,IDLE_HOVER
17388,IDLE_HOVER
17389,IDLE_HOVER
17390,IDLE_HOVER
17391,IDLE_HOVER
17392,IDLE_HOVER
17394,IDLE_HOVER
17395,IDLE_HOVER
17396,IDLE_HOVER
17397,IDLE_HOVER
17398,IDLE_HOVER
17399,IDLE_HOVER
17400,IDLE_HOVER
17401,IDLE_HOVER
17402,IDLE_HOVER
17403,IDLE_HOVER
17404,IDLE_HOVER
17405,IDLE_HOVER
17406,IDLE_HOVER
17407,IDLE_HOVER
17408,IDLE_HOVER
17409,IDLE_HOVER
17410,IDLE_HOVER
17411,IDLE_HOVER
17412,IDLE_HOVER
17413,IDLE_HOVER
17414,IDLE_HOVER
17415,IDLE_HOVER
17416,IDLE_HOVER
17417,IDLE_HOVER
17418,IDLE_HOVER
17419,IDLE_HOVER
17420,IDLE_HOVER
17421,IDLE_HOVER
17422,IDLE_HOVER
17423,IDLE_HOVER
17424,IDLE_HOVER
17425,IDLE_HOVER
17426,IDLE_HOVER
17427,IDLE_HOVER
17428,IDLE_HOVER
17429,IDLE_HOVER
17430,IDLE_HOVER
17431,IDLE_HOVER
17432,IDLE_HOVER
17433,IDLE_HOVER
17434,IDLE_HOVER
17435,IDLE_HOVER
17436,IDLE_HOVER
17437,IDLE_HOVER
17438,IDLE_HOVER
17439,IDLE_HOVER
17440,IDLE_HOVER
17441,IDLE_HOVER
17442,IDLE_HOVER
17443,IDLE_HOVER
17444,IDLE_HOVER
17445,IDLE_HOVER
17446,IDLE_HOVER
17447,IDLE_HOVER
17448,IDLE_HOVER
17449,IDLE_HOVER
17450,IDLE_HOVER
17451,IDLE_HOVER
17452,IDLE_HOVER
17453,IDLE_HOVER
17454,IDLE_HOVER
17455,IDLE_HOVER
17456,IDLE_HOVER
17457,IDLE_HOVER
17458,IDLE_HOVER
17459,IDLE_HOVER
17460,IDLE_HOVER
17461,IDLE_HOVER
17462,IDLE_HOVER
17463,IDLE_HOVER
17464,IDLE_HOVER
17465,IDLE_HOVER
17466,IDLE_HOVER
17467,IDLE_HOVER
17468,IDLE_HOVER
17469,IDLE_HOVER
17470,IDLE_HOVER
17471,IDLE_HOVER
17472,IDLE_HOVER
17473,IDLE_HOVER
17474,IDLE_HOVER
17475,IDLE_HOVER
17476,IDLE_HOVER
17477,IDLE_HOVER
17478,IDLE_HOVER
17479,IDLE_HOVER
17480,IDLE_HOVER
17481,IDLE_HOVER
17482,IDLE_HOVER
17483,IDLE_HOVER
17484,IDLE_HOVER
17485,IDLE_HOVER
17486,IDLE_HOVER
17487,IDLE_HOVER
17488,IDLE_HOVER
17489,IDLE_HOVER
17490,IDLE_HOVER
17491,IDLE_HOVER
17492,IDLE_HOVER
17493,IDLE_HOVER
17494,IDLE_HOVER
17495,IDLE_HOVER
17496,IDLE_HOVER
17497,IDLE_HOVER
17498,IDLE_HOVER
17499,IDLE_HOVER
17500,IDLE_HOVER
17501,IDLE_HOVER
17503,IDLE_HOVER
17505,IDLE_HOVER
17506,IDLE_HOVER
17507,IDLE_HOVER
17508,IDLE_HOVER
17509,IDLE_HOVER
17510,IDLE_HOVER
17511,IDLE_HOVER
17512,IDLE_HOVER
17513,IDLE_HOVER
17514,IDLE_HOVER
17515,IDLE_HOVER
17516,IDLE_HOVER
17517,IDLE_HOVER
17518,IDLE_HOVER
17519,IDLE_HOVER
17520,IDLE_HOVER
17521,IDLE_HOVER
17522,IDLE_HOVER
17523,IDLE_HOVER
17524,IDLE_HOVER
17525,IDLE_HOVER
17526,IDLE_HOVER
17527,IDLE_HOVER
17528,IDLE_HOVER
17529,IDLE_HOVER
17530,IDLE_HOVER
17531,IDLE_HOVER
17532,IDLE_HOVER
17533,IDLE_HOVER
17534,IDLE_HOVER
17535,IDLE_HOVER
17536,IDLE_HOVER
17537,IDLE_HOVER
17538,IDLE_HOVER
17539,IDLE_HOVER
17540,IDLE_HOVER
17541,IDLE_HOVER
17542,IDLE_HOVER
17543,IDLE_HOVER
17544,IDLE_HOVER
17545,IDLE_HOVER
17546,IDLE_HOVER
17547,IDLE_HOVER
17549,IDLE_HOVER
17550,IDLE_HOVER
17551,IDLE_HOVER
17552,IDLE_HOVER
17553,IDLE_HOVER
17554,IDLE_HOVER
17555,IDLE_HOVER
17556,IDLE_HOVER
17557,IDLE_HOVER
17558,IDLE_HOVER
17559,IDLE_HOVER
17560,IDLE_HOVER
17561,IDLE_HOVER
17562,IDLE_HOVER
17563,IDLE_HOVER
17564,IDLE_HOVER
17565,IDLE_HOVER
17566,IDLE_HOVER
17567,IDLE_HOVER
17568,IDLE_HOVER
17569,IDLE_HOVER
17570,IDLE_HOVER
17571,IDLE_HOVER
17572,IDLE_HOVER
17573,IDLE_HOVER
17574,IDLE_HOVER
17575,IDLE_HOVER
17576,IDLE_HOVER
17577,IDLE_HOVER
17578,IDLE_HOVER
17579,IDLE_HOVER
17580,IDLE_HOVER
17581,IDLE_HOVER
17582,IDLE_HOVER
17583,IDLE_HOVER
17584,IDLE_HOVER
17585,IDLE_HOVER
17586,IDLE_HOVER
17587,IDLE_HOVER
17588,IDLE_HOVER
17589,IDLE_HOVER
17590,IDLE_HOVER
17591,IDLE_HOVER
17592,IDLE_HOVER
17593,IDLE_HOVER
17594,IDLE_HOVER
17596,IDLE_HOVER
17598,IDLE_HOVER
17599,IDLE_HOVER
17600,IDLE_HOVER
17601,IDLE_HOVER
17602,IDLE_HOVER
17603,IDLE_HOVER
17604,IDLE_HOVER
17605,IDLE_HOVER
17606,IDLE_HOVER
17607,IDLE_HOVER
17608,IDLE_HOVER
17609,IDLE_HOVER
17610,IDLE_HOVER
17611,IDLE_HOVER
17612,IDLE_HOVER
17613,IDLE_HOVER
17614,IDLE_HOVER
17615,IDLE_HOVER
17616,IDLE_HOVER
17617,IDLE_HOVER
17618,IDLE_HOVER
17619,IDLE_HOVER
17620,IDLE_HOVER
17621,IDLE_HOVER
17622,IDLE_HOVER
17623,IDLE_HOVER
17624,IDLE_HOVER
17625,IDLE_HOVER
17626,IDLE_HOVER
17627,IDLE_HOVER
17628,IDLE_HOVER
17629,IDLE_HOVER
17630,IDLE_HOVER
17631,IDLE_HOVER
17632,IDLE_HOVER
17633,IDLE_HOVER
17634,IDLE_HOVER
17635,IDLE_HOVER
17636,IDLE_HOVER
17637,IDLE_HOVER
17638,IDLE_HOVER
17639,IDLE_HOVER
17640,IDLE_HOVER
17641,IDLE_HOVER
17642,IDLE_HOVER
17643,IDLE_HOVER
17644,IDLE_HOVER
17645,IDLE_HOVER
17646,IDLE_HOVER
17647,IDLE_HOVER
17648,IDLE_HOVER
17651,IDLE_HOVER
17652,IDLE_HOVER
17653,IDLE_HOVER
17654,IDLE_HOVER
17655,IDLE_HOVER
17656,IDLE_HOVER
17657,IDLE_HOVER
17658,IDLE_HOVER
17659,IDLE_HOVER
17660,IDLE_HOVER
17661,IDLE_HOVER
17662,IDLE_HOVER
17663,IDLE_HOVER
17664,IDLE_HOVER
17665,IDLE_HOVER
17666,IDLE_HOVER
17667,IDLE_HOVER
17668,IDLE_HOVER
17669,IDLE_HOVER
17670,IDLE_HOVER
17671,IDLE_HOVER
17672,IDLE_HOVER
17673,IDLE_HOVER
17674,IDLE_HOVER
17675,IDLE_HOVER
17676,IDLE_HOVER
17677,IDLE_HOVER
17678,IDLE_HOVER
17679,IDLE_HOVER
17680,IDLE_HOVER
17681,IDLE_HOVER
17682,IDLE_HOVER
17683,IDLE_HOVER
17684,IDLE_HOVER
17685,IDLE_HOVER
17686,IDLE_HOVER
17687,IDLE_HOVER
17688,IDLE_HOVER
17689,IDLE_HOVER
17690,IDLE_HOVER
17691,IDLE_HOVER
17692,IDLE_HOVER
17693,IDLE_HOVER
17694,IDLE_HOVER
17695,IDLE_HOVER
17697,IDLE_HOVER
17698,IDLE_HOVER
17699,IDLE_HOVER
17700,IDLE_HOVER
17701,IDLE_HOVER
17702,IDLE_HOVER
17703,IDLE_HOVER
17704,IDLE_HOVER
17705,IDLE_HOVER
17706,IDLE_HOVER
17707,IDLE_HOVER
17708,IDLE_HOVER
17709,IDLE_HOVER
17710,IDLE_HOVER
17711,IDLE_HOVER
17712,IDLE_HOVER
17713,IDLE_HOVER
17714,IDLE_HOVER
17715,IDLE_HOVER
17716,IDLE_HOVER
17717,IDLE_HOVER
17718,IDLE_HOVER
17719,IDLE_HOVER
17720,IDLE_HOVER
17721,IDLE_HOVER
17722,IDLE_HOVER
17723,IDLE_HOVER
17724,IDLE_HOVER
17725,IDLE_HOVER
17726,IDLE_HOVER
17727,IDLE_HOVER
17728,IDLE_HOVER
17729,IDLE_HOVER
17730,IDLE_HOVER
17731,IDLE_HOVER
17732,IDLE_HOVER
17733,IDLE_HOVER
17734,IDLE_HOVER
17735,IDLE_HOVER
17736,IDLE_HOVER
17737,IDLE_HOVER
17738,IDLE_HOVER
17739,IDLE_HOVER
17740,IDLE_HOVER
17741,IDLE_HOVER
17742,IDLE_HOVER
17743,IDLE_HOVER
17744,IDLE_HOVER
17745,IDLE_HOVER
17746,IDLE_HOVER
17747,IDLE_HOVER
17748,IDLE_HOVER
17749,IDLE_HOVER
17750,IDLE_HOVER
17751,IDLE_HOVER
17752,IDLE_HOVER
17753,IDLE_HOVER
17754,IDLE_HOVER
17755,IDLE_HOVER
17756,IDLE_HOVER
17757,IDLE_HOVER
17758,IDLE_HOVER
17759,IDLE_HOVER
17760,IDLE_HOVER
17761,IDLE_HOVER
17762,IDLE_HOVER
17763,IDLE_HOVER
17764,IDLE_HOVER
17765,IDLE_HOVER
17766,IDLE_HOVER
17767,IDLE_HOVER
17768,IDLE_HOVER
17769,IDLE_HOVER
17770,IDLE_HOVER
17771,IDLE_HOVER
17772,IDLE_HOVER
17773,IDLE_HOVER
17774,IDLE_HOVER
17775,IDLE_HOVER
17776,IDLE_HOVER
17777,IDLE_HOVER
17778,IDLE_HOVER
17779,IDLE_HOVER
17780,IDLE_HOVER
17781,IDLE_HOVER
17782,IDLE_HOVER
17783,IDLE_HOVER
17784,IDLE_HOVER
17785,IDLE_HOVER
17786,IDLE_HOVER
17787,IDLE_HOVER
17788,IDLE_HOVER
17789,IDLE_HOVER
17790,IDLE_HOVER
17791,IDLE_HOVER
17792,IDLE_HOVER
17793,IDLE_HOVER
17794,IDLE_HOVER
17795,IDLE_HOVER
17796,IDLE_HOVER
17797,IDLE_HOVER
17798,IDLE_HOVER
17799,IDLE_HOVER
17800,IDLE_HOVER
17801,IDLE_HOVER
17802,IDLE_HOVER
17803,IDLE_HOVER
17804,IDLE_HOVER
17806,IDLE_HOVER
17808,IDLE_HOVER
17809,IDLE_HOVER
17810,IDLE_HOVER
17811,IDLE_HOVER
17812,IDLE_HOVER
17813,IDLE_HOVER
17814,IDLE_HOVER
17815,IDLE_HOVER
17816,IDLE_HOVER
17817,IDLE_HOVER
17818,IDLE_HOVER
17819,IDLE_HOVER
17820,IDLE_HOVER
17821,IDLE_HOVER
17822,IDLE_HOVER
17823,IDLE_HOVER
17824,IDLE_HOVER
17825,IDLE_HOVER
17826,IDLE_HOVER
17827,IDLE_HOVER
17828,IDLE_HOVER
17829,IDLE_HOVER
17830,IDLE_HOVER
17831,IDLE_HOVER
17832,IDLE_HOVER
17833,IDLE_HOVER
17834,IDLE_HOVER
17835,IDLE_HOVER
17836,IDLE_HOVER
17837,IDLE_HOVER
17838,IDLE_HOVER
17839,IDLE_HOVER
17840,IDLE_HOVER
17841,IDLE_HOVER
17842,IDLE_HOVER
17843,IDLE_HOVER
17844,IDLE_HOVER
17845,IDLE_HOVER
17846,IDLE_HOVER
17847,IDLE_HOVER
17848,IDLE_HOVER
17849,IDLE_HOVER
17850,IDLE_HOVER
17852,IDLE_HOVER
17853,IDLE_HOVER
17854,IDLE_HOVER
17855,IDLE_HOVER
17856,IDLE_HOVER
17857,IDLE_HOVER
17858,IDLE_HOVER
17859,IDLE_HOVER
17860,IDLE_HOVER
17861,IDLE_HOVER
17862,IDLE_HOVER
17863,IDLE_HOVER
17864,IDLE_HOVER
17865,IDLE_HOVER
17866,IDLE_HOVER
17867,IDLE_HOVER
17868,IDLE_HOVER
17869,IDLE_HOVER
17870,IDLE_HOVER
17871,IDLE_HOVER
17872,IDLE_HOVER
17873,IDLE_HOVER
17874,IDLE_HOVER
17875,IDLE_HOVER
17876,IDLE_HOVER
17877,IDLE_HOVER
17878,IDLE_HOVER
17879,IDLE_HOVER
17880,IDLE_HOVER
17881,IDLE_HOVER
17882,IDLE_HOVER
17883,IDLE_HOVER
17884,IDLE_HOVER
17885,IDLE_HOVER
17886,IDLE_HOVER
17887,IDLE_HOVER
17888,IDLE_HOVER
17889,IDLE_HOVER
17890,IDLE_HOVER
17891,IDLE_HOVER
17892,IDLE_HOVER
17893,IDLE_HOVER
17894,IDLE_HOVER
17896,IDLE_HOVER
17898,IDLE_HOVER
17899,IDLE_HOVER
17900,IDLE_HOVER
17901,IDLE_HOVER
17902,IDLE_HOVER
17903,IDLE_HOVER
17904,IDLE_HOVER
17905,IDLE_HOVER
17906,IDLE_HOVER
17907,IDLE_HOVER
17908,IDLE_HOVER
17909,IDLE_HOVER
17910,IDLE_HOVER
17911,IDLE_HOVER
17912,IDLE_HOVER
17913,IDLE_HOVER
17914,IDLE_HOVER
17915,IDLE_HOVER
17916,IDLE_HOVER
17917,IDLE_HOVER
17918,IDLE_HOVER
17919,IDLE_HOVER
17920,IDLE_HOVER
17921,IDLE_HOVER
17922,IDLE_HOVER
17923,IDLE_HOVER
17924,IDLE_HOVER
17925,IDLE_HOVER
17926,IDLE_HOVER
17927,IDLE_HOVER
17928,IDLE_HOVER
17929,IDLE_HOVER
17930,IDLE_HOVER
17931,IDLE_HOVER
17932,IDLE_HOVER
17933,IDLE_HOVER
17934,IDLE_HOVER
17935,IDLE_HOVER
17936,IDLE_HOVER
17937,IDLE_HOVER
17938,IDLE_HOVER
17939,IDLE_HOVER
17940,IDLE_HOVER
17941,IDLE_HOVER
17942,IDLE_HOVER
17943,IDLE_HOVER
17944,IDLE_HOVER
17945,IDLE_HOVER
17946,IDLE_HOVER
17947,IDLE_HOVER
17948,IDLE_HOVER
17949,IDLE_HOVER
17950,IDLE_HOVER
17951,IDLE_HOVER
17952,IDLE_HOVER
17953,IDLE_HOVER
17954,IDLE_HOVER
17955,IDLE_HOVER
17958,IDLE_HOVER
17959,IDLE_HOVER
17960,IDLE_HOVER
17961,IDLE_HOVER
17962,IDLE_HOVER
17963,IDLE_HOVER
17964,IDLE_HOVER
17965,IDLE_HOVER
17966,IDLE_HOVER
17967,IDLE_HOVER
17968,IDLE_HOVER
17969,IDLE_HOVER
17970,IDLE_HOVER
17971,IDLE_HOVER
17972,IDLE_HOVER
17973,IDLE_HOVER
17974,IDLE_HOVER
17975,IDLE_HOVER
17976,IDLE_HOVER
17977,IDLE_HOVER
17978,IDLE_HOVER
17979,IDLE_HOVER
17980,IDLE_HOVER
17981,IDLE_HOVER
17982,IDLE_HOVER
17983,IDLE_HOVER
17984,IDLE_HOVER
17985,IDLE_HOVER
17986,IDLE_HOVER
17987,IDLE_HOVER
17988,IDLE_HOVER
17989,IDLE_HOVER
17990,IDLE_HOVER
17991,IDLE_HOVER
17992,IDLE_HOVER
17993,IDLE_HOVER
17994,IDLE_HOVER
17995,IDLE_HOVER
17996,IDLE_HOVER
17997,IDLE_HOVER
17998,IDLE_HOVER
17999,IDLE_HOVER
18000,IDLE_HOVER
18001,IDLE_HOVER
18002,IDLE_HOVER
18003,IDLE_HOVER
18004,IDLE_HOVER
18005,IDLE_HOVER
18007,IDLE_HOVER
18008,IDLE_HOVER
18009,IDLE_HOVER
18010,IDLE_HOVER
18011,IDLE_HOVER
18012,IDLE_HOVER
18013,IDLE_HOVER
18014,IDLE_HOVER
18015,IDLE_HOVER
18016,IDLE_HOVER
18017,IDLE_HOVER
18018,IDLE_HOVER
18019,IDLE_HOVER
18020,IDLE_HOVER
18021,IDLE_HOVER
18022,IDLE_HOVER
18023,IDLE_HOVER
18024,IDLE_HOVER
18025,IDLE_HOVER
18026,IDLE_HOVER
18027,IDLE_HOVER
18028,IDLE_HOVER
18029,IDLE_HOVER
18030,IDLE_HOVER
18031,IDLE_HOVER
18032,IDLE_HOVER
18033,IDLE_HOVER
18034,IDLE_HOVER
18035,IDLE_HOVER
18036,IDLE_HOVER
18037,IDLE_HOVER
18038,IDLE_HOVER
18039,IDLE_HOVER
18040,IDLE_HOVER
18041,IDLE_HOVER
18042,IDLE_HOVER
18043,IDLE_HOVER
18044,IDLE_HOVER
18045,IDLE_HOVER
18046,IDLE_HOVER
18047,IDLE_HOVER
18048,IDLE_HOVER
18049,IDLE_HOVER
18050,IDLE_HOVER
18051,IDLE_HOVER
18052,IDLE_HOVER
18053,IDLE_HOVER
18054,IDLE_HOVER
18055,IDLE_HOVER
18056,IDLE_HOVER
18057,IDLE_HOVER
18058,IDLE_HOVER
18059,IDLE_HOVER
18060,IDLE_HOVER
18061,IDLE_HOVER
18063,IDLE_HOVER
18064,IDLE_HOVER
18065,IDLE_HOVER
18066,IDLE_HOVER
18067,IDLE_HOVER
18068,IDLE_HOVER
18069,IDLE_HOVER
18070,IDLE_HOVER
18071,IDLE_HOVER
18072,IDLE_HOVER
18073,IDLE_HOVER
18074,IDLE_HOVER
18075,IDLE_HOVER
18076,IDLE_HOVER
18077,IDLE_HOVER
18078,IDLE_HOVER
18079,IDLE_HOVER
18080,IDLE_HOVER
18081,IDLE_HOVER
18082,IDLE_HOVER
18083,IDLE_HOVER
18084,IDLE_HOVER
18085,IDLE_HOVER
18086,IDLE_HOVER
18087,IDLE_HOVER
18088,IDLE_HOVER
18089,IDLE_HOVER
18090,IDLE_HOVER
18091,IDLE_HOVER
18092,IDLE_HOVER
18093,IDLE_HOVER
18094,IDLE_HOVER
18095,IDLE_HOVER
18096,IDLE_HOVER
18097,IDLE_HOVER
18098,IDLE_HOVER
18099,IDLE_HOVER
18100,IDLE_HOVER
18101,IDLE_HOVER
18102,IDLE_HOVER
18103,IDLE_HOVER
18104,IDLE_HOVER
18105,IDLE_HOVER
18106,IDLE_HOVER
18107,IDLE_HOVER
18108,IDLE_HOVER
18109,IDLE_HOVER
18110,IDLE_HOVER
18111,IDLE_HOVER
18112,IDLE_HOVER
18113,IDLE_HOVER
18114,IDLE_HOVER
18115,IDLE_HOVER
18116,IDLE_HOVER
18117,IDLE_HOVER
18118,IDLE_HOVER
18119,IDLE_HOVER
18120,IDLE_HOVER
18121,IDLE_HOVER
18122,IDLE_HOVER
18123,IDLE_HOVER
18124,IDLE_HOVER
18125,IDLE_HOVER
18126,IDLE_HOVER
18127,IDLE_HOVER
18128,IDLE_HOVER
18129,IDLE_HOVER
18130,IDLE_HOVER
18131,IDLE_HOVER
18132,IDLE_HOVER
18133,IDLE_HOVER
18134,IDLE_HOVER
18135,IDLE_HOVER
18136,IDLE_HOVER
18137,IDLE_HOVER
18138,IDLE_HOVER
18139,IDLE_HOVER
18140,IDLE_HOVER
18141,IDLE_HOVER
18142,IDLE_HOVER
18143,IDLE_HOVER
18146,IDLE_HOVER
18147,IDLE_HOVER
18148,IDLE_HOVER
18149,IDLE_HOVER
18150,IDLE_HOVER
18151,IDLE_HOVER
18152,IDLE_HOVER
18153,IDLE_HOVER
18154,IDLE_HOVER
18155,IDLE_HOVER
18156,IDLE_HOVER
18157,IDLE_HOVER
18158,IDLE_HOVER
18159,IDLE_HOVER
18160,IDLE_HOVER
18161,IDLE_HOVER
18162,IDLE_HOVER
18163,IDLE_HOVER
18164,IDLE_HOVER
18165,IDLE_HOVER
18166,IDLE_HOVER
18167,IDLE_HOVER
18168,IDLE_HOVER
18169,IDLE_HOVER
18170,IDLE_HOVER
18171,IDLE_HOVER
18172,IDLE_HOVER
18173,IDLE_HOVER
18174,IDLE_HOVER
18175,IDLE_HOVER
18176,IDLE_HOVER
18177,IDLE_HOVER
18178,IDLE_HOVER
18179,IDLE_HOVER
18180,IDLE_HOVER
18181,IDLE_HOVER
18182,IDLE_HOVER
18183,IDLE_HOVER
18184,IDLE_HOVER
18185,IDLE_HOVER
18186,IDLE_HOVER
18187,IDLE_HOVER
18188,IDLE_HOVER
18189,IDLE_HOVER
18191,IDLE_HOVER
18192,IDLE_HOVER
18193,IDLE_HOVER
18194,IDLE_HOVER
18195,IDLE_HOVER
18196,IDLE_HOVER
18197,IDLE_HOVER
18198,IDLE_HOVER
18199,IDLE_HOVER
18200,IDLE_HOVER
18201,IDLE_HOVER
18202,IDLE_HOVER
18203,IDLE_HOVER
18204,IDLE_HOVER
18205,IDLE_HOVER
18206,IDLE_HOVER
18207,IDLE_HOVER
18208,IDLE_HOVER
18209,IDLE_HOVER
18210,IDLE_HOVER
18211,IDLE_HOVER
18212,IDLE_HOVER
18213,IDLE_HOVER
18214,IDLE_HOVER
18215,IDLE_HOVER
18216,IDLE_HOVER
18217,IDLE_HOVER
18218,IDLE_HOVER
18219,IDLE_HOVER
18220,IDLE_HOVER
18221,IDLE_HOVER
18222,IDLE_HOVER
18223,IDLE_HOVER
18224,IDLE_HOVER
18225,IDLE_HOVER
18226,IDLE_HOVER
18227,IDLE_HOVER
18228,IDLE_HOVER
18229,IDLE_HOVER
18230,IDLE_HOVER
18231,IDLE_HOVER
18232,IDLE_HOVER
18233,IDLE_HOVER
18234,IDLE_HOVER
18236,IDLE_HOVER
18237,IDLE_HOVER
18238,IDLE_HOVER
18239,IDLE_HOVER
18240,IDLE_HOVER
18241,IDLE_HOVER
18242,IDLE_HOVER
18243,IDLE_HOVER
18244,IDLE_HOVER
18245,IDLE_HOVER
18246,IDLE_HOVER
18247,IDLE_HOVER
18248,IDLE_HOVER
18249,IDLE_HOVER
18250,IDLE_HOVER
18251,IDLE_HOVER
18252,IDLE_HOVER
18253,IDLE_HOVER
18254,IDLE_HOVER
18255,IDLE_HOVER
18256,IDLE_HOVER
18257,IDLE_HOVER
18258,IDLE_HOVER
18259,IDLE_HOVER
18260,IDLE_HOVER
18261,IDLE_HOVER
18262,IDLE_HOVER
18263,IDLE_HOVER
18264,IDLE_HOVER
18265,IDLE_HOVER
18266,IDLE_HOVER
18267,IDLE_HOVER
18268,IDLE_HOVER
18269,IDLE_HOVER
18270,IDLE_HOVER
18271,IDLE_HOVER
18272,IDLE_HOVER
18273,IDLE_HOVER
18274,IDLE_HOVER
18275,IDLE_HOVER
18276,IDLE_HOVER
18277,IDLE_HOVER
18278,IDLE_HOVER
18279,IDLE_HOVER
18280,IDLE_HOVER
18281,IDLE_HOVER
18282,IDLE_HOVER
18283,IDLE_HOVER
18284,IDLE_HOVER
18285,IDLE_HOVER
18286,IDLE_HOVER
18287,IDLE_HOVER
18289,IDLE_HOVER
18291,IDLE_HOVER
18292,IDLE_HOVER
18293,IDLE_HOVER
18294,IDLE_HOVER
18295,IDLE_HOVER
18296,IDLE_HOVER
18297,IDLE_HOVER
18298,IDLE_HOVER
18299,IDLE_HOVER
18300,IDLE_HOVER
18301,IDLE_HOVER
18302,IDLE_HOVER
18303,IDLE_HOVER
18304,IDLE_HOVER
18305,IDLE_HOVER
18306,IDLE_HOVER
18307,IDLE_HOVER
18308,IDLE_HOVER
18309,IDLE_HOVER
18310,IDLE_HOVER
18311,IDLE_HOVER
18312,IDLE_HOVER
18313,IDLE_HOVER
18314,IDLE_HOVER
18315,IDLE_HOVER
18316,IDLE_HOVER
18317,IDLE_HOVER
18318,IDLE_HOVER
18319,IDLE_HOVER
18320,IDLE_HOVER
18321,IDLE_HOVER
18322,IDLE_HOVER
18323,IDLE_HOVER
18324,IDLE_HOVER
18325,IDLE_HOVER
18326,IDLE_HOVER
18327,IDLE_HOVER
18328,IDLE_HOVER
18329,IDLE_HOVER
18330,IDLE_HOVER
18331,IDLE_HOVER
18332,IDLE_HOVER
18333,IDLE_HOVER
18334,IDLE_HOVER
18335,IDLE_HOVER
18336,IDLE_HOVER
18337,IDLE_HOVER
18338,IDLE_HOVER
18339,IDLE_HOVER
18341,IDLE_HOVER
18342,IDLE_HOVER
18343,IDLE_HOVER
18344,IDLE_HOVER
18345,IDLE_HOVER
18346,IDLE_HOVER
18347,IDLE_HOVER
18348,IDLE_HOVER
18349,IDLE_HOVER
18350,IDLE_HOVER
18351,IDLE_HOVER
18352,IDLE_HOVER
18353,IDLE_HOVER
18354,IDLE_HOVER
18355,IDLE_HOVER
18356,IDLE_HOVER
18357,IDLE_HOVER
18358,IDLE_HOVER
18359,IDLE_HOVER
18360,IDLE_HOVER
18361,IDLE_HOVER
18362,IDLE_HOVER
18363,IDLE_HOVER
18364,IDLE_HOVER
18365,IDLE_HOVER
18366,IDLE_HOVER
18367,IDLE_HOVER
18368,IDLE_HOVER
18369,IDLE_HOVER
18370,IDLE_HOVER
18371,IDLE_HOVER
18372,IDLE_HOVER
18373,IDLE_HOVER
18374,IDLE_HOVER
18375,IDLE_HOVER
18376,IDLE_HOVER
18377,IDLE_HOVER
18378,IDLE_HOVER
18379,IDLE_HOVER
18380,IDLE_HOVER
18381,IDLE_HOVER
18382,IDLE_HOVER
18383,IDLE_HOVER
18384,IDLE_HOVER
18385,IDLE_HOVER
18386,IDLE_HOVER
18387,IDLE_HOVER
18388,IDLE_HOVER
18389,IDLE_HOVER
18390,IDLE_HOVER
18391,IDLE_HOVER
18392,IDLE_HOVER
18393,IDLE_HOVER
18394,IDLE_HOVER
18395,IDLE_HOVER
18396,IDLE_HOVER
18397,IDLE_HOVER
18398,IDLE_HOVER
18399,IDLE_HOVER
18400,IDLE_HOVER
18401,IDLE_HOVER
18402,IDLE_HOVER
18403,IDLE_HOVER
18404,IDLE_HOVER
18405,IDLE_HOVER
18406,IDLE_HOVER
18407,IDLE_HOVER
18408,IDLE_HOVER
18409,IDLE_HOVER
18410,IDLE_HOVER
18411,IDLE_HOVER
18412,IDLE_HOVER
18413,IDLE_HOVER
18414,IDLE_HOVER
18415,IDLE_HOVER
18416,IDLE_HOVER
18418,IDLE_HOVER
18419,IDLE_HOVER
18420,IDLE_HOVER
18421,IDLE_HOVER
18422,IDLE_HOVER
18423,IDLE_HOVER
18424,IDLE_HOVER
18425,IDLE_HOVER
18426,IDLE_HOVER
18427,IDLE_HOVER
18428,IDLE_HOVER
18429,IDLE_HOVER
18430,IDLE_HOVER
18431,IDLE_HOVER
18432,IDLE_HOVER
18433,IDLE_HOVER
18434,IDLE_HOVER
18435,IDLE_HOVER
18436,IDLE_HOVER
18437,IDLE_HOVER
18438,IDLE_HOVER
18439,IDLE_HOVER
18440,IDLE_HOVER
18441,IDLE_HOVER
18442,IDLE_HOVER
18443,IDLE_HOVER
18444,IDLE_HOVER
18445,IDLE_HOVER
18446,IDLE_HOVER
18447,IDLE_HOVER
18448,IDLE_HOVER
18449,IDLE_HOVER
18450,IDLE_HOVER
18451,IDLE_HOVER
18452,IDLE_HOVER
18453,IDLE_HOVER
18454,IDLE_HOVER
18455,IDLE_HOVER
18456,IDLE_HOVER
18457,IDLE_HOVER
18458,IDLE_HOVER
18459,IDLE_HOVER
18460,IDLE_HOVER
18461,IDLE_HOVER
18462,IDLE_HOVER
18463,IDLE_HOVER
18464,IDLE_HOVER
18465,IDLE_HOVER
18466,IDLE_HOVER
18467,IDLE_HOVER
18468,IDLE_HOVER
18469,IDLE_HOVER
18470,IDLE_HOVER
18471,IDLE_HOVER
18472,IDLE_HOVER
18473,IDLE_HOVER
18474,IDLE_HOVER
18475,IDLE_HOVER
18476,IDLE_HOVER
18477,IDLE_HOVER
18478,IDLE_HOVER
18479,IDLE_HOVER
18480,IDLE_HOVER
18481,IDLE_HOVER
18482,IDLE_HOVER
18483,IDLE_HOVER
18484,IDLE_HOVER
18485,IDLE_HOVER
18486,IDLE_HOVER
18487,IDLE_HOVER
18488,IDLE_HOVER
18489,IDLE_HOVER
18490,IDLE_HOVER
18491,IDLE_HOVER
18492,IDLE_HOVER
18493,IDLE_HOVER
18494,IDLE_HOVER
18495,IDLE_HOVER
18496,IDLE_HOVER
18497,IDLE_HOVER
18498,IDLE_HOVER
18499,IDLE_HOVER
18501,IDLE_HOVER
18502,IDLE_HOVER
18503,IDLE_HOVER
18504,IDLE_HOVER
18505,IDLE_HOVER
18506,IDLE_HOVER
18507,IDLE_HOVER
18508,IDLE_HOVER
18509,IDLE_HOVER
18510,IDLE_HOVER
18511,IDLE_HOVER
18512,IDLE_HOVER
18513,IDLE_HOVER
18514,IDLE_HOVER
18515,IDLE_HOVER
18516,IDLE_HOVER
18517,IDLE_HOVER
18518,IDLE_HOVER
18519,IDLE_HOVER
18520,IDLE_HOVER
18521,IDLE_HOVER
18522,IDLE_HOVER
18523,IDLE_HOVER
18524,IDLE_HOVER
18525,IDLE_HOVER
18526,IDLE_HOVER
18527,IDLE_HOVER
18528,IDLE_HOVER
18529,IDLE_HOVER
18530,IDLE_HOVER
18531,IDLE_HOVER
18532,IDLE_HOVER
18533,IDLE_HOVER
18534,IDLE_HOVER
18535,IDLE_HOVER
18536,IDLE_HOVER
18537,IDLE_HOVER
18538,IDLE_HOVER
18539,IDLE_HOVER
18540,IDLE_HOVER
18541,IDLE_HOVER
18542,IDLE_HOVER
18544,IDLE_HOVER
18546,IDLE_HOVER
18547,IDLE_HOVER
18548,IDLE_HOVER
18549,IDLE_HOVER
18550,IDLE_HOVER
18551,IDLE_HOVER
18552,IDLE_HOVER
18553,IDLE_HOVER
18554,IDLE_HOVER
18555,IDLE_HOVER
18556,IDLE_HOVER
18557,IDLE_HOVER
18558,IDLE_HOVER
18559,IDLE_HOVER
18560,IDLE_HOVER
18561,IDLE_HOVER
18562,IDLE_HOVER
18563,IDLE_HOVER
18564,IDLE_HOVER
18565,IDLE_HOVER
18566,IDLE_HOVER
18567,IDLE_HOVER
18568,IDLE_HOVER
18569,IDLE_HOVER
18570,IDLE_HOVER
18571,IDLE_HOVER
18572,IDLE_HOVER
18573,IDLE_HOVER
18574,IDLE_HOVER
18575,IDLE_HOVER
18576,IDLE_HOVER
18577,IDLE_HOVER
18578,IDLE_HOVER
18579,IDLE_HOVER
18580,IDLE_HOVER
18581,IDLE_HOVER
18582,IDLE_HOVER
18583,IDLE_HOVER
18584,IDLE_HOVER
18585,IDLE_HOVER
18586,IDLE_HOVER
18587,IDLE_HOVER
18588,IDLE_HOVER
18589,IDLE_HOVER
18591,IDLE_HOVER
18593,IDLE_HOVER
18594,IDLE_HOVER
18595,IDLE_HOVER
18596,IDLE_HOVER
18597,IDLE_HOVER
18598,IDLE_HOVER
18599,IDLE_HOVER
18600,IDLE_HOVER
18601,IDLE_HOVER
18602,IDLE_HOVER
18603,IDLE_HOVER
18604,IDLE_HOVER
18605,IDLE_HOVER
18606,IDLE_HOVER
18607,IDLE_HOVER
18608,IDLE_HOVER
18609,IDLE_HOVER
18610,IDLE_HOVER
18611,IDLE_HOVER
18612,IDLE_HOVER
18613,IDLE_HOVER
18614,IDLE_HOVER
18615,IDLE_HOVER
18616,IDLE_HOVER
18617,IDLE_HOVER
18618,IDLE_HOVER
18619,IDLE_HOVER
18620,IDLE_HOVER
18621,IDLE_HOVER
18622,IDLE_HOVER
18623,IDLE_HOVER
18624,IDLE_HOVER
18625,IDLE_HOVER
18626,IDLE_HOVER
18627,IDLE_HOVER
18628,IDLE_HOVER
18629,IDLE_HOVER
18630,IDLE_HOVER
18631,IDLE_HOVER
18632,IDLE_HOVER
18633,IDLE_HOVER
18634,IDLE_HOVER
18635,IDLE_HOVER
18636,IDLE_HOVER
18637,IDLE_HOVER
18638,IDLE_HOVER
18639,IDLE_HOVER
18640,IDLE_HOVER
18641,IDLE_HOVER
18642,IDLE_HOVER
18643,IDLE_HOVER
18644,IDLE_HOVER
18645,IDLE_HOVER
18646,IDLE_HOVER
18647,IDLE_HOVER
18648,IDLE_HOVER
18649,IDLE_HOVER
18651,IDLE_HOVER
18653,IDLE_HOVER
18654,IDLE_HOVER
18655,IDLE_HOVER
18656,IDLE_HOVER
18657,IDLE_HOVER
18658,IDLE_HOVER
18659,IDLE_HOVER
18660,IDLE_HOVER
18661,IDLE_HOVER
18662,IDLE_HOVER
18663,IDLE_HOVER
18664,IDLE_HOVER
18665,IDLE_HOVER
18666,IDLE_HOVER
18667,IDLE_HOVER
18668,IDLE_HOVER
18669,IDLE_HOVER
18670,IDLE_HOVER
18671,IDLE_HOVER
18672,IDLE_HOVER
18673,IDLE_HOVER
18674,IDLE_HOVER
18675,IDLE_HOVER
18676,IDLE_HOVER
18677,IDLE_HOVER
18678,IDLE_HOVER
18679,IDLE_HOVER
18680,IDLE_HOVER
18681,IDLE_HOVER
18682,IDLE_HOVER
18683,IDLE_HOVER
18684,IDLE_HOVER
18685,IDLE_HOVER
18686,IDLE_HOVER
18687,IDLE_HOVER
18688,IDLE_HOVER
18689,IDLE_HOVER
18690,IDLE_HOVER
18691,IDLE_HOVER
18692,IDLE_HOVER
18693,IDLE_HOVER
18694,IDLE_HOVER
18695,IDLE_HOVER
18697,IDLE_HOVER
18698,IDLE_HOVER
18699,IDLE_HOVER
18700,IDLE_HOVER
18701,IDLE_HOVER
18702,IDLE_HOVER
18703,IDLE_HOVER
18704,IDLE_HOVER
18705,IDLE_HOVER
18706,IDLE_HOVER
18707,IDLE_HOVER
18708,IDLE_HOVER
18709,IDLE_HOVER
18710,IDLE_HOVER
18711,IDLE_HOVER
18712,IDLE_HOVER
18713,IDLE_HOVER
18714,IDLE_HOVER
18715,IDLE_HOVER
18716,IDLE_HOVER
18717,IDLE_HOVER
18718,IDLE_HOVER
18719,IDLE_HOVER
18720,IDLE_HOVER
18721,IDLE_HOVER
18722,IDLE_HOVER
18723,IDLE_HOVER
18724,IDLE_HOVER
18725,IDLE_HOVER
18726,IDLE_HOVER
18727,IDLE_HOVER
18728,IDLE_HOVER
18729,IDLE_HOVER
18730,IDLE_HOVER
18731,IDLE_HOVER
18732,IDLE_HOVER
18733,IDLE_HOVER
18734,IDLE_HOVER
18735,IDLE_HOVER
18736,IDLE_HOVER
18737,IDLE_HOVER
18738,IDLE_HOVER
18739,IDLE_HOVER
18740,IDLE_HOVER
18741,IDLE_HOVER
18742,IDLE_HOVER
18743,IDLE_HOVER
18744,IDLE_HOVER
18745,IDLE_HOVER
18746,IDLE_HOVER
18747,IDLE_HOVER
18748,IDLE_HOVER
18749,IDLE_HOVER
18750,IDLE_HOVER
18751,IDLE_HOVER
18752,IDLE_HOVER
18753,IDLE_HOVER
18754,IDLE_HOVER
18755,IDLE_HOVER
18756,IDLE_HOVER
18757,IDLE_HOVER
18758,IDLE_HOVER
18759,IDLE_HOVER
18760,IDLE_HOVER
18761,IDLE_HOVER
18762,IDLE_HOVER
18763,IDLE_HOVER
18764,IDLE_HOVER
18765,IDLE_HOVER
18766,IDLE_HOVER
18767,IDLE_HOVER
18768,IDLE_HOVER
18769,IDLE_HOVER
18770,IDLE_HOVER
18772,IDLE_HOVER
18774,IDLE_HOVER
18775,IDLE_HOVER
18776,IDLE_HOVER
18777,IDLE_HOVER
18778,IDLE_HOVER
18779,IDLE_HOVER
18780,IDLE_HOVER
18781,IDLE_HOVER
18782,IDLE_HOVER
18783,IDLE_HOVER
18784,IDLE_HOVER
18785,IDLE_HOVER
18786,IDLE_HOVER
18787,IDLE_HOVER
18788,IDLE_HOVER
18789,IDLE_HOVER
18790,IDLE_HOVER
18791,IDLE_HOVER
18792,IDLE_HOVER
18793,IDLE_HOVER
18794,IDLE_HOVER
18795,IDLE_HOVER
18796,IDLE_HOVER
18797,IDLE_HOVER
18798,IDLE_HOVER
18799,IDLE_HOVER
18800,IDLE_HOVER
18801,IDLE_HOVER
18802,IDLE_HOVER
18803,IDLE_HOVER
18804,IDLE_HOVER
18805,IDLE_HOVER
18806,IDLE_HOVER
18807,IDLE_HOVER
18808,IDLE_HOVER
18809,IDLE_HOVER
18810,IDLE_HOVER
18811,IDLE_HOVER
18812,IDLE_HOVER
18813,IDLE_HOVER
18814,IDLE_HOVER
18815,IDLE_HOVER
18816,IDLE_HOVER
18817,IDLE_HOVER
18818,IDLE_HOVER
18819,IDLE_HOVER
18820,IDLE_HOVER
18821,IDLE_HOVER
18822,IDLE_HOVER
18823,IDLE_HOVER
18824,IDLE_HOVER
18825,IDLE_HOVER
18826,IDLE_HOVER
18827,IDLE_HOVER
18828,IDLE_HOVER
18830,IDLE_HOVER
18832,IDLE_HOVER
18833,IDLE_HOVER
18834,IDLE_HOVER
18835,IDLE_HOVER
18836,IDLE_HOVER
18837,IDLE_HOVER
18838,IDLE_HOVER
18839,IDLE_HOVER
18840,IDLE_HOVER
18841,IDLE_HOVER
18842,IDLE_HOVER
18843,IDLE_HOVER
18844,IDLE_HOVER
18845,IDLE_HOVER
18846,IDLE_HOVER
18847,IDLE_HOVER
18848,IDLE_HOVER
18849,IDLE_HOVER
18850,IDLE_HOVER
18851,IDLE_HOVER
18852,IDLE_HOVER
18853,IDLE_HOVER
18854,IDLE_HOVER
18855,IDLE_HOVER
18856,IDLE_HOVER
18857,IDLE_HOVER
18858,IDLE_HOVER
18859,IDLE_HOVER
18860,IDLE_HOVER
18861,IDLE_HOVER
18862,IDLE_HOVER
18863,IDLE_HOVER
18864,IDLE_HOVER
18865,IDLE_HOVER
18866,IDLE_HOVER
18867,IDLE_HOVER
18868,IDLE_HOVER
18869,IDLE_HOVER
18870,IDLE_HOVER
18871,IDLE_HOVER
18872,IDLE_HOVER
18873,IDLE_HOVER
18875,IDLE_HOVER
18876,IDLE_HOVER
18877,IDLE_HOVER
18878,IDLE_HOVER
18879,IDLE_HOVER
18880,IDLE_HOVER
18881,IDLE_HOVER
18882,IDLE_HOVER
18883,IDLE_HOVER
18884,IDLE_HOVER
18885,IDLE_HOVER
18886,IDLE_HOVER
18887,IDLE_HOVER
18888,IDLE_HOVER
18889,IDLE_HOVER
18890,IDLE_HOVER
18891,IDLE_HOVER
18892,IDLE_HOVER
18893,IDLE_HOVER
18894,IDLE_HOVER
18895,IDLE_HOVER
18896,IDLE_HOVER
18897,IDLE_HOVER
18898,IDLE_HOVER
18899,IDLE_HOVER
18900,IDLE_HOVER
18901,IDLE_HOVER
18902,IDLE_HOVER
18903,IDLE_HOVER
18904,IDLE_HOVER
18905,IDLE_HOVER
18906,IDLE_HOVER
18907,IDLE_HOVER
18908,IDLE_HOVER
18909,IDLE_HOVER
18910,IDLE_HOVER
18911,IDLE_HOVER
18912,IDLE_HOVER
18913,IDLE_HOVER
18914,IDLE_HOVER
18915,IDLE_HOVER
18916,IDLE_HOVER
18918,IDLE_HOVER
18920,IDLE_HOVER
18921,IDLE_HOVER
18922,IDLE_HOVER
18923,IDLE_HOVER
18924,IDLE_HOVER
18925,IDLE_HOVER
18926,IDLE_HOVER
18927,IDLE_HOVER
18928,IDLE_HOVER
18929,IDLE_HOVER
18930,IDLE_HOVER
18931,IDLE_HOVER
18932,IDLE_HOVER
18933,IDLE_HOVER
18934,IDLE_HOVER
18935,IDLE_HOVER
18936,IDLE_HOVER
18937,IDLE_HOVER
18938,IDLE_HOVER
18939,IDLE_HOVER
18940,IDLE_HOVER
18941,IDLE_HOVER
18942,IDLE_HOVER
18943,IDLE_HOVER
18944,IDLE_HOVER
18945,IDLE_HOVER
18946,IDLE_HOVER
18947,IDLE_HOVER
18948,IDLE_HOVER
18949,IDLE_HOVER
18950,IDLE_HOVER
18951,IDLE_HOVER
18952,IDLE_HOVER
18953,IDLE_HOVER
18954,IDLE_HOVER
18955,IDLE_HOVER
18956,IDLE_HOVER
18957,IDLE_HOVER
18958,IDLE_HOVER
18959,IDLE_HOVER
18960,IDLE_HOVER
18961,IDLE_HOVER
18962,IDLE_HOVER
18963,IDLE_HOVER
18964,IDLE_HOVER
18965,IDLE_HOVER
18966,IDLE_HOVER
18967,IDLE_HOVER
18968,IDLE_HOVER
18970,IDLE_HOVER
18972,IDLE_HOVER
18973,IDLE_HOVER
18974,IDLE_HOVER
18975,IDLE_HOVER
18976,IDLE_HOVER
18977,IDLE_HOVER
18978,IDLE_HOVER
18979,IDLE_HOVER
18980,IDLE_HOVER
18981,IDLE_HOVER
18982,IDLE_HOVER
18983,IDLE_HOVER
18984,IDLE_HOVER
18985,IDLE_HOVER
18986,IDLE_HOVER
18987,IDLE_HOVER
18988,IDLE_HOVER
18989,IDLE_HOVER
18990,IDLE_HOVER
18991,IDLE_HOVER
18992,IDLE_HOVER
18993,IDLE_HOVER
18994,IDLE_HOVER
18995,IDLE_HOVER
18996,IDLE_HOVER
18997,IDLE_HOVER
18998,IDLE_HOVER
18999,IDLE_HOVER
19000,IDLE_HOVER
19001,IDLE_HOVER
19002,IDLE_HOVER
19003,IDLE_HOVER
19004,IDLE_HOVER
19005,IDLE_HOVER
19006,IDLE_HOVER
19007,IDLE_HOVER
19008,IDLE_HOVER
19009,IDLE_HOVER
19010,IDLE_HOVER
19011,IDLE_HOVER
19012,IDLE_HOVER
19013,IDLE_HOVER
19014,IDLE_HOVER
19015,IDLE_HOVER
19016,IDLE_HOVER
19017,IDLE_HOVER
19019,IDLE_HOVER
19020,IDLE_HOVER
19021,IDLE_HOVER
19022,IDLE_HOVER
19023,IDLE_HOVER
19024,IDLE_HOVER
19025,IDLE_HOVER
19026,IDLE_HOVER
19027,IDLE_HOVER
19028,IDLE_HOVER
19029,IDLE_HOVER
19030,IDLE_HOVER
19031,IDLE_HOVER
19032,IDLE_HOVER
19033,IDLE_HOVER
19034,IDLE_HOVER
19035,IDLE_HOVER
19036,IDLE_HOVER
19037,IDLE_HOVER
19038,IDLE_HOVER
19039,IDLE_HOVER
19040,IDLE_HOVER
19041,IDLE_HOVER
19042,IDLE_HOVER
19043,IDLE_HOVER
19044,IDLE_HOVER
19045,IDLE_HOVER
19046,IDLE_HOVER
19047,IDLE_HOVER
19048,IDLE_HOVER
19049,IDLE_HOVER
19050,IDLE_HOVER
19051,IDLE_HOVER
19052,IDLE_HOVER
19053,IDLE_HOVER
19054,IDLE_HOVER
19055,IDLE_HOVER
19056,IDLE_HOVER
19057,IDLE_HOVER
19058,IDLE_HOVER
19059,IDLE_HOVER
19060,IDLE_HOVER
19061,IDLE_HOVER
19062,IDLE_HOVER
19063,IDLE_HOVER
19064,IDLE_HOVER
19065,IDLE_HOVER
19066,IDLE_HOVER
19067,IDLE_HOVER
19068,IDLE_HOVER
19069,IDLE_HOVER
19070,IDLE_HOVER
19071,IDLE_HOVER
19072,IDLE_HOVER
19073,IDLE_HOVER
19074,IDLE_HOVER
19075,IDLE_HOVER
19076,IDLE_HOVER
19077,IDLE_HOVER
19078,IDLE_HOVER
19079,IDLE_HOVER
19080,IDLE_HOVER
19081,IDLE_HOVER
19082,IDLE_HOVER
19083,IDLE_HOVER
19084,IDLE_HOVER
19085,IDLE_HOVER
19086,IDLE_HOVER
19087,IDLE_HOVER
19088,IDLE_HOVER
19089,IDLE_HOVER
19090,IDLE_HOVER
19091,IDLE_HOVER
19092,IDLE_HOVER
19093,IDLE_HOVER
19094,IDLE_HOVER
19095,IDLE_HOVER
19096,IDLE_HOVER
19097,IDLE_HOVER
19098,IDLE_HOVER
19099,IDLE_HOVER
19100,IDLE_HOVER
19101,IDLE_HOVER
19102,IDLE_HOVER
19103,IDLE_HOVER
19104,IDLE_HOVER
19105,IDLE_HOVER
19106,IDLE_HOVER
19107,IDLE_HOVER
19108,IDLE_HOVER
19109,IDLE_HOVER
19110,IDLE_HOVER
19111,IDLE_HOVER
19112,IDLE_HOVER
19113,IDLE_HOVER
19114,IDLE_HOVER
19115,IDLE_HOVER
19116,IDLE_HOVER
19117,IDLE_HOVER
19118,IDLE_HOVER
19119,IDLE_HOVER
19120,IDLE_HOVER
19121,IDLE_HOVER
19122,IDLE_HOVER
19124,IDLE_HOVER
19126,IDLE_HOVER
19127,IDLE_HOVER
19128,IDLE_HOVER
19129,IDLE_HOVER
19130,IDLE_HOVER
19131,IDLE_HOVER
19132,IDLE_HOVER
19133,IDLE_HOVER
19134,IDLE_HOVER
19135,IDLE_HOVER
19136,IDLE_HOVER
19137,IDLE_HOVER
19138,IDLE_HOVER
19139,IDLE_HOVER
19140,IDLE_HOVER
19141,IDLE_HOVER
19142,IDLE_HOVER
19143,IDLE_HOVER
19144,IDLE_HOVER
19145,IDLE_HOVER
19146,IDLE_HOVER
19147,IDLE_HOVER
19148,IDLE_HOVER
19149,IDLE_HOVER
19150,IDLE_HOVER
19151,IDLE_HOVER
19152,IDLE_HOVER
19153,IDLE_HOVER
19154,IDLE_HOVER
19155,IDLE_HOVER
19156,IDLE_HOVER
19157,IDLE_HOVER
19158,IDLE_HOVER
19159,IDLE_HOVER
19160,IDLE_HOVER
19161,IDLE_HOVER
19162,IDLE_HOVER
19163,IDLE_HOVER
19164,IDLE_HOVER
19167,IDLE_HOVER
19169,IDLE_HOVER
19170,IDLE_HOVER
19171,IDLE_HOVER
19172,IDLE_HOVER
19173,IDLE_HOVER
19174,IDLE_HOVER
19175,IDLE_HOVER
19176,IDLE_HOVER
19177,IDLE_HOVER
19178,IDLE_HOVER
19179,IDLE_HOVER
19180,IDLE_HOVER
19181,IDLE_HOVER
19182,IDLE_HOVER
19183,IDLE_HOVER
19184,IDLE_HOVER
19185,IDLE_HOVER
19186,IDLE_HOVER
19187,IDLE_HOVER
19188,IDLE_HOVER
19189,IDLE_HOVER
19190,IDLE_HOVER
