id,target,current,shallow
1,0,0.00030266874570119537,0.00036504570749170876
3,0,0.0006319074268843292,0.0004602667628369429
4,0,0.0004105523400124977,0.0006911826445831313
5,0,0.0004718910475645173,0.0005197504293116379
7,0,0.0002613130898865,0.00037778536865988794
8,0,0.00027221335897009566,0.0005707475478255201
9,0,0.000801336965314859,0.0005654791175744986
11,0,0.0008055109707931427,0.001058336939240248
12,0,0.0004893678213580976,0.0005372272031052181
13,0,0.001544851651736722,0.0017849540733425823
14,0,0.0008415910605459028,0.0009335425677669808
16,0,0.0015685539883358635,0.0015791994368384308
17,0,0.002095698799845812,0.0034911105147332386
18,0,0.0006680158660825113,0.0011375481326632675
19,0,0.0013297026682163042,0.0022997491653092947
21,0,0.0009401577594211636,0.0019201359824295655
22,0,0.0005833531883427452,0.0004117125242953588
23,0,0.00043852339600011694,0.0004341582700080479
24,0,0.000361763972126282,0.00063149344843715
25,0,0.0005213102703134152,0.00035570947609715135
27,0,0.0003997242437038832,0.0005449638469476585
28,0,0.00039200395095044256,0.0007509812135840639
29,0,0.001085973613078325,0.0010018534055876115
30,0,0.00037788701704036937,0.00037914421327628085
32,0,0.0005952500517185549,0.0008533270578684796
33,0,0.0010484454357496825,0.0015179777023304386
34,0,0.0003237769000694391,0.00043754630904899167
35,0,0.0003982955543365015,0.0003939304283444325
36,0,0.0006419938393394757,0.00045745096508593346
37,0,0.00033721525280962477,0.0006559717568120798
38,0,0.0005544764403679809,0.0008351067449386144
39,0,0.0012195914923452543,0.002056673877349697
40,0,0.0015293125301601266,0.002499359027253117
41,0,0.0018458265739389429,0.0028158730710319334
42,0,0.0014521808603791654,0.0024073790207146633
43,0,0.0015578456054087574,0.002420045517146708
44,0,0.0013486040423778842,0.0029517560028569124
45,0,0.0010636245308835906,0.0011371319489118102
46,0,0.0005356015243827468,0.0006091089424109665
47,0,0.0008502369713457296,0.0007005131607570648
48,0,0.0008883040234472859,0.0009718970403614995
49,0,0.000720922967554538,0.0008655700132197399
50,0,0.0006771476408609709,0.0012506402620087902
51,1,0.938571786851844,0.934712520181847
52,0,0.0010981802531362412,0.0015351691598742218
53,0,0.00044925475559845626,0.00048732862718538726
54,0,0.00040875317265948283,0.0004272055026270179
55,0,0.0015019068021121876,0.0013273329962082143
56,0,0.0005470217487316178,0.00038142095451535395
57,0,0.0005927120652160225,0.0004271112709997586
59,0,0.001128080965199585,0.0012366869454352204
60,0,0.001957320549689284,0.002608660033217797
61,0,0.0012315558745094723,0.001329889347887817
64,0,0.0023921045554989883,0.0022318485133758586
65,0,0.000883560280496098,0.0007179594862798341
66,0,0.0012497336188995913,0.0013194618642457007
67,0,0.008313792550130913,0.008046867794674404
69,0,0.0005801947022460474,0.0006914828853809022
70,1,0.9940302231438676,0.9941262789683449
71,0,0.00249814485580152,0.0024994020520374316
72,0,0.0010574593248781382,0.0008272307153912681
74,0,0.0006196877439089625,0.0006381400738764975
75,0,0.0032835665867445934,0.004974771817716939
76,0,0.04686321015053583,0.061422396839149684
79,0,0.000690242922222975,0.0009194604300906671
80,0,0.0006673539851469899,0.0009647275404247855
81,0,0.0005657983543545554,0.0008048884831017167
82,0,0.0004403177139464733,0.000513825131974693
83,0,0.0008339701916992597,0.0008830732446792487
84,0,0.00030579260115771106,0.0006043267900131355
85,0,0.003058966817691704,0.003271025852734936
86,0,0.0007125498896424327,0.0005592272555352153
88,0,0.00032894998162187177,0.0004402381647567266
89,0,0.0005128975312414095,0.0008030132739893887
91,0,0.0003823970514540062,0.0006521265277648742
92,0,0.000682311057731103,0.0005347793067641718
93,0,0.0011045916497350238,0.0013149186114907068
94,0,0.0003872237290479355,0.0003978691775505025
95,0,0.00025974305642116505,0.000308846109401154
96,0,0.001566540851880851,0.0018066432734867113
97,0,0.00023935643249512202,0.00028845948547511093
98,0,0.0002700802315024303,0.00036203173872350827
99,0,0.00029277118729649504,0.00040405937043134983
100,0,0.0005455547965132466,0.0003739141324658603
103,0,0.0003687022906033012,0.00036433716461123215
104,0,0.0004155176028492746,0.0009566982308504188
108,0,0.0006156202773505655,0.00044397961330317913
109,0,0.0002590558959253168,0.00037282530490486944
110,0,0.0004918724584600614,0.0003262716642437976
111,0,0.0016906415157172448,0.002049618778350866
112,0,0.0003124466801071999,0.0006109808689626243
113,0,0.00031700447288968435,0.0006155386617451088
116,0,0.0014752272773639094,0.0016490824429239168
118,0,0.0003219932179373315,0.0006407497219397865
119,0,0.0006625578936416247,0.001021535156275246
120,0,0.00041985838072560214,0.0007183925695810265
123,0,0.0016817157135586556,0.0023240824145167984
124,0,0.00034766377462532304,0.00038573764621225405
125,0,0.0006798986443638691,0.0005116838375356895
126,0,0.00050933785233087,0.0008078720411862943
127,0,0.0037454560045633756,0.005120338801347322
128,0,0.0005876881907171758,0.0006634348516869908
129,0,0.00036988284366921016,0.0004189858966491991
131,0,0.0005403729788040623,0.0003813189665346393
132,0,0.0009098742819329663,0.0012688515445665877
133,0,0.00047850424922501013,0.0007591345537956436
134,0,0.000864148536723631,0.0011603499735002105
136,0,0.00047820226152420675,0.00047945945776011823
139,0,0.0006452806760038034,0.0007313996304585211
140,0,0.0023618298434528178,0.0031408441128269347
141,0,0.0004571507125748094,0.0005056549809417919
142,0,0.0006011739641854989,0.00043557316996923506
143,0,0.002461463432677403,0.0025700694129130383
144,0,0.0012609152774907533,0.0017877682808753645
146,0,0.0006139399391123537,0.0007252281222472085
148,0,0.0005468645056996386,0.0006633367844730265
149,0,0.0023218053313087228,0.0026054660675117456
150,0,0.0017687001924160896,0.0016030993981998257
151,0,0.0008278627748505445,0.0011725656410837477
153,0,0.0018672558166628213,0.0016789211314880191
154,0,0.0031231377525205812,0.0034770510224647238
155,0,0.0005811514685728665,0.0006924396517077213
156,0,0.010155535186670431,0.010156792382906342
157,0,0.0017661730231655992,0.0019108028552946052
158,0,0.008520706756804268,0.011614833912167086
159,0,0.02518803536555116,0.02719162129547585
160,0,0.021834225192206284,0.023017138207354078
161,1,0.9596138488141235,0.9611344859301703
162,1,0.957233314420282,0.957008679102964
163,0,0.00036620933076789614,0.0003618442047758271
164,0,0.0004896833172563583,0.00032408252304009453
165,0,0.0005786115688856909,0.0004926535598396314
167,0,0.00026601817964026054,0.0005847746836427155
168,0,0.0004782397893965636,0.0003126389951802998
169,1,0.8930004247629678,0.894210473340846
170,0,0.00226401223635296,0.0032340587334459504
171,0,0.0002503282776384647,0.00029943133061845363
173,0,0.0004457716628511142,0.00044702885908702567
174,0,0.0004792436402632416,0.00031364284604697775
175,0,0.001626644827788696,0.0022690115287468393
177,0,0.00026813352069227146,0.0005868900246947265
178,0,0.0004429293974897743,0.0006957553659368797
179,0,0.0007646602417857085,0.0009385154073457161
180,0,0.0017293694898309541,0.0019694719114368145
181,0,0.0004256156303417624,0.0004362610788443294
182,0,0.0002346498328593551,0.00048747580130646055
183,0,0.0015543793817359962,0.0017944818033418565
184,0,0.0002808110151294595,0.0005793452039848839
185,0,0.00036574347793186864,0.00047951288691142123
186,0,0.0004049757760162159,0.0006856060805868494
187,0,0.0016732082123769993,0.0019133106339828596
189,0,0.0002952428231448062,0.0006139993271472613
190,0,0.00046777552603050586,0.000302174731814242
192,0,0.0005029290711123784,0.0003373282768961146
193,0,0.0012801322215245778,0.0014921912565678099
196,0,0.00034472648285948493,0.00039382953583947387
197,0,0.0012911212069820271,0.0017606534735627832
198,0,0.00036209223886353437,0.0006606264277189588
199,0,0.0003483243734292475,0.0006670808774317025
200,0,0.0009552702868776092,0.0014248025534583653
201,0,0.0005260218575859048,0.00036042106336964106
202,0,0.0003054345718912543,0.0004219068506646423
203,0,0.000522837349841522,0.00035723655562525813
204,0,0.00043170923060869616,0.0005481815093820842
205,0,0.0005249787637695575,0.0003655587962878759
206,0,0.001685529981088177,0.0018913651639104868
207,0,0.0003440610512073544,0.000457830460186907
208,1,0.6976725835918571,0.6993767426913496
209,0,0.0011607394531778189,0.000995138658961555
211,0,0.00033320241676165204,0.0004444905998965069
212,0,0.0004723830825465046,0.000770917271401929
213,0,0.0013699016973467704,0.0032035653566156006
214,0,0.0016897813291405616,0.002104805283747094
215,0,0.0004207545607699073,0.00041638943477783827
216,0,0.000426013939703063,0.0004607714757105276
217,0,0.0004990905995930247,0.0007976247884484491
218,0,0.00037653946174631225,0.0004903088707258648
219,0,0.00048230038337874744,0.000517057919386212
220,0,0.00061634576982626,0.0006642051515733805
221,0,0.0007845288944189643,0.0008880892750150432
222,0,0.0005310974254132606,0.0007433552014792281
223,0,0.009925681886478691,0.010558477124532879
224,0,0.0004430190123170392,0.0004614713422845743
225,0,0.0034391328083042006,0.0032704204438492486
226,0,0.0031824542217313402,0.003886651545217866
227,0,0.0014860423205791517,0.0032276607462460903
228,0,0.0004257914016958451,0.0004656419913402742
229,0,0.00046895602622606925,0.00046459090023400016
230,0,0.0005157866875524683,0.0005556372771968973
231,0,0.0006771339577003263,0.0005115331634840624
233,0,0.0013266968817803825,0.0018550789409349797
234,0,0.0008575280022330848,0.000691927208016821
235,0,0.000643247504249732,0.000972836430721309
236,0,0.0004743370291547174,0.0008219017520708256
238,0,0.0006963425442943757,0.0010264645976160102
239,0,0.0018265189068123588,0.0012543125685263571
240,0,0.0005539399965325631,0.0005723923265000981
241,0,0.0017632976552766507,0.003519035827010974
242,0,0.022167160366699593,0.02133590940053834
244,0,0.025327009258363502,0.029011522384464958
245,0,0.019875379081757,0.013947393252464906
247,0,0.025193791893804825,0.03916802424428256
250,1,0.9804003879892451,0.9805302968435329
251,0,0.0002738479414710311,0.00032295099445102003
252,0,0.0003810739140062388,0.0003917193625088058
253,0,0.00026625679477962913,0.00031535984775961807
254,0,0.0020321863445670746,0.003002232841660065
255,0,0.0005174516463940781,0.0003518508521778142
256,0,0.00038889594483630815,0.00039954139333887514
258,0,0.00048552449259947844,0.0007451754878786872
259,0,0.00030253332113196207,0.0006010675099873865
260,1,0.9196545405194991,0.917997357233104
262,0,0.0004966911062601183,0.00033109031204385444
263,0,0.00042840980657117165,0.0007873870692047931
265,0,0.0005400171142051822,0.0008692359230228647
267,0,0.0004573390996358825,0.000505198481383003
268,0,0.00041674268112885113,0.0004179998773647626
270,0,0.000280129841858434,0.0005920499725267927
272,0,0.00027102264696303425,0.0005695568358184586
273,0,0.0002929239567272075,0.0003420270097071965
274,0,0.0004959133323280879,0.000786029075076067
275,0,0.0004756494900486958,0.0008500849414383898
276,0,0.0007353886455963323,0.0009646061534640243
278,0,0.000589145706493489,0.00041750504244610277
279,0,0.0004729873912227993,0.0007427168675336673
281,0,0.00043572562729190384,0.00044637107579447084
282,0,0.0002753767560425733,0.00032447980902256223
283,0,0.0007949729569179855,0.001258851697724999
284,0,0.0004744977933576321,0.00030889699914136824
285,0,0.0005659333335022282,0.0007389309310378205
286,0,0.0004963632626023241,0.00033076246838606026
287,0,0.00038203674050477744,0.0003776716145127084
288,0,0.00032299823734849656,0.0003721012903284855
289,0,0.0006075836613135699,0.0009113414420088329
290,0,0.0005214756709428125,0.0005972223319126273
291,0,0.0016061778221022303,0.001681924483072045
292,0,0.0004096352088328561,0.0007081693976882806
293,0,0.0013795459422822223,0.0022628552605138555
294,0,0.0008974984058941467,0.00136137714670116
295,0,0.0015716665701246957,0.0022140332710828387
297,0,0.001064133207573785,0.0015280119483807985
298,0,0.00041086905607603933,0.0006636950245231448
299,0,0.0005066377402703565,0.0008769272754490048
300,0,0.00039557524839743224,0.0003912101224053632
301,0,0.0003542004363904403,0.0003726527663579754
302,0,0.000450563127567842,0.00045182032380375347
305,0,0.0024324953259554777,0.002791472588589099
306,0,0.0006666661249052686,0.0006679233211411802
308,0,0.00026335251116394966,0.0003655570848671349
309,0,0.0019362365499397374,0.0021763389715455978
310,0,0.0005387773035267466,0.0005494227520293136
311,0,0.0004422542173599104,0.0004803280889468414
312,0,0.0004958025579538123,0.0005064480064563793
313,0,0.0003969071850622591,0.0005081953681971139
314,0,0.001717173265695297,0.002810463338024599
317,0,0.0005817898652640695,0.0009005463692665244
319,0,0.0004996577497772685,0.0006161300285506565
320,0,0.000793576600791397,0.0006235768611726517
321,0,0.0007231517407532778,0.0010501563783649921
323,0,0.0013521842971708897,0.0014686565759442776
324,0,0.00216848115954775,0.0019799405222717626
325,0,0.0004558040698074471,0.0005580086435106323
326,0,0.0053804804588298005,0.0056361933483519535
327,0,0.0007415935452111577,0.0007915992315751333
329,0,0.010736974731559972,0.010005908728401305
330,0,0.00987222849111772,0.012016314426666768
331,0,0.02338644639583042,0.03098451709382906
333,0,0.0002492201558474806,0.00036569243462086857
334,0,0.00029748578190907585,0.0006162422859115308
335,0,0.0002974420105828743,0.00041156832779502703
336,0,0.0006084111328095842,0.0004608793818426529
337,0,0.0005333950327280125,0.0008923722953616338
338,0,0.0005492296265071319,0.0009082068891407534
339,0,0.00025638161018780173,0.0003054846631677907
340,0,0.00026551675759018187,0.0003146198105701708
343,0,0.0004107026585730661,0.0004603965683043946
344,0,0.0008214956528368189,0.0009050886697510325
345,0,0.15485767770006262,0.15545704980233055
346,0,0.00048658484668992333,0.0003209840524736595
347,0,0.0002950070675938187,0.00040913338480597143
350,0,0.0002840854232502891,0.0006028419272527441
351,0,0.0007277144965229718,0.0011915932373299852
354,0,0.0002481370209581814,0.0003400885281792594
356,0,0.0002572420104842698,0.00030634506346425877
357,0,0.0007099146799632008,0.0010072882352409965
359,0,0.0002564676304072188,0.00036775581354207365
360,0,0.0002884323687697835,0.0005869665576252079
361,0,0.00029933279761225,0.0005978669864676744
362,0,0.0004954684251591198,0.000329867630942856
363,0,0.0002859889406035691,0.0006047454446060242
364,0,0.005429057438750267,0.005898589705331024
365,0,0.0009238888063490883,0.0013934210729298444
366,0,0.0016726216460459856,0.003303156017458589
367,0,0.0002725516283119554,0.00038902390708534337
368,0,0.000281563508756864,0.000398035787530252
370,0,0.0002576565506733837,0.0003067596036533726
371,0,0.00039121151158897917,0.00038684638559691013
374,0,0.000577027961886792,0.0006745640798456073
376,0,0.0004462043100539029,0.0004809618460613675
377,0,0.0007325684365237386,0.0010299419918015343
378,0,0.0007976252370297853,0.0007146141883062991
379,0,0.0007986481415487399,0.0011525614114928822
380,0,0.0010178680419463775,0.001376845304579999
381,1,0.28548407000259995,0.21020788638341112
383,0,0.0013110234435008052,0.0029347599597065515
385,0,0.0015588053564708848,0.0013330790461935293
386,0,0.0005872178167719026,0.0009362272959255969
388,0,0.0035034357814256196,0.0052226471350462385
389,0,0.0005836531939448274,0.000688390067243534
390,0,0.0008537848611341768,0.0009361574115798537
391,0,0.0006283023511457344,0.000701809769173954
392,0,0.0004535162838915094,0.000488273819898974
393,0,0.00046006529623858765,0.00047071074474115465
394,0,0.0011068015504333813,0.0029752072668005713
395,0,0.00042194584607073307,0.0004704501144377156
396,0,0.0006102987724464008,0.0007267710512197888
397,0,0.0006800217648115926,0.0005144209705953287
398,0,0.00045702275821001676,0.00045827995444592824
399,0,0.0003773078595769163,0.0004937801383503043
400,0,0.0009680621290519254,0.0011362043551480351
401,0,0.0021383932702513713,0.0019928274763354203
402,0,0.0019015409623750342,0.0017422159588745337
403,0,0.0007206857095317146,0.0010394422135341697
404,0,0.012942090014995595,0.013644856060082155
405,0,0.008751263188181375,0.007993011691289957
406,0,0.009501911542352106,0.01053766016367088
407,0,0.0006066272947919673,0.0007591803636490873
408,0,0.0003612505429982563,0.000455479457677292
410,0,0.0006795308739814419,0.0007295365603454174
411,0,0.00042595653440958593,0.0006301669142478
412,0,0.0038538731234624628,0.0033708347270010766
413,0,0.027872431130275654,0.033080257566063274
414,0,0.01465565960542664,0.013969165970824437
415,0,0.013069487169117992,0.017029798089411196
416,0,0.052043704272685704,0.054259935794885895
417,0,0.057985096234699544,0.06444478484229907
418,0,0.09328490001990004,0.08315198921485448
419,0,0.0031740500362390013,0.0033470476337745933
420,0,0.0004856717887791339,0.00032007099456287004
421,0,0.013736354343306886,0.008741598579269611
422,0,0.0004850450962640484,0.00031504535664530304
423,0,0.0017716408321988542,0.0027416873292918447
424,0,0.0003266068800994857,0.0006251410689549101
425,0,0.0004859030068659881,0.0005337623886131086
426,0,0.0006541814757368905,0.0010859719342816918
427,0,0.00041531225448901806,0.0007499552051613493
428,0,0.000380831967846525,0.000391477416349092
429,0,0.0002748383850305196,0.0003886077940100722
431,0,0.00036903834035160484,0.0003646732143595358
432,0,0.0004284381299884442,0.0009696187579895884
434,0,0.00032643160075423083,0.0005258381630653318
435,0,0.00033915449692081454,0.0006737974475931458
437,0,0.00029225067082878713,0.00040353885396364193
438,0,0.0004485624175641331,0.0004592078660667001
439,0,0.0016934581516624395,0.0023358248526205824
441,0,0.0006919736707406206,0.0011138690393625906
442,0,0.0012280564655857019,0.0014401155006289338
443,1,0.30666786178877103,0.2975939857121974
445,0,0.0005025552302676129,0.00033695443605134904
446,0,0.00136460681497653,0.0012148830043878652
449,0,0.0005566789655058169,0.0003850383014584306
451,0,0.0006078217755967199,0.0006431289999342625
452,0,0.0006867177983860711,0.001298247781199616
453,0,0.0004123421611630747,0.00040797703517100566
454,0,0.0002844146126187453,0.00033351766559873425
455,0,0.00043953002792241486,0.00047428756392987946
458,0,0.00178884135522683,0.0027588878523198204
459,0,0.00032208567935979125,0.00037118873233978023
460,0,0.00038454985381875396,0.00041930738982621856
461,0,0.0004313224484779086,0.0007119527530485421
462,0,0.0007340882314864993,0.001071783328535378
463,0,0.0004314083301698605,0.0005071549911396753
464,1,0.9179872123485674,0.9141279456785705
465,0,0.000374810586975592,0.00048609877011044684
467,0,0.0004485112509714067,0.0007470454398268311
468,0,0.0017664228340638583,0.002019248802510964
469,0,0.0003110043077110459,0.0003987329763134879
470,0,0.0002955765285361646,0.0004093459375157172
471,0,0.00045629154597591845,0.0002906907517596546
472,0,0.00042251424761575795,0.0007031445521863914
473,0,0.00021029548233901594,0.00036951515239297503
474,0,0.0003940291405514232,0.0006152271939454864
475,0,0.00048140686373078175,0.0006402097055140622
476,0,0.0007732016503324699,0.0009284468829950081
478,0,0.00034298111436369746,0.0005590423102222685
481,0,0.0003792309855974994,0.0004604869113140999
483,0,0.0007001776679500366,0.0005345768737337728
484,0,0.0022548751844466332,0.0025325657489973204
485,0,0.0006688327081682548,0.0005032319139519909
486,0,0.007523137379436616,0.007337088517764498
487,0,0.0002321561614931373,0.0003913758315470964
488,0,0.0003024848162348706,0.0004617044862888297
490,0,0.0022397476887733915,0.0028499826873339467
491,0,0.0006016634577529882,0.0006364209937604528
492,0,0.000975352065788823,0.0012577262975731677
493,0,0.0013966927268993113,0.0016752894745799066
494,0,0.0008209567512948762,0.0009374290300682642
495,0,0.005414312250166482,0.004992286587362058
496,0,0.002066151224865643,0.0030012653991033644
498,0,0.03258768853441754,0.035885635473396585
500,0,0.006615658687602503,0.011458053323409281
501,0,0.0405515266638782,0.0413409996745798
503,0,0.08837861945894615,0.0814367166361965
505,0,0.00019808319996309883,0.00027700372653621135
506,0,0.0003499048984412978,0.0003455397724492288
507,0,0.0002660019826239682,0.0003772901657588231
508,0,0.0006495294906592381,0.0005812659853520389
509,0,0.0008994349227756239,0.0012654632885316845
510,0,0.000610814299126142,0.0006461215234636847
511,0,0.0003268486915181097,0.0005164588804459628
512,0,0.00030687611108862607,0.0004964863000164792
513,0,0.0006629257849644493,0.00059466227965725
514,0,0.0005728334571017391,0.0008174952469498387
515,0,0.00035090188035301106,0.00034653675436094203
516,0,0.0003955314173734745,0.0008173031830176238
518,0,0.0010540488358327877,0.0015340793388354881
520,0,0.0029092256237875707,0.0029104828200234825
521,0,0.0002817811825502704,0.000423203249375618
522,0,0.00026960561038365873,0.0003808937935185135
523,0,0.00047273859980815155,0.00028347769879353386
524,0,0.0012851085115949987,0.0015824820668727943
525,0,0.0002066038738686654,0.00029433254247110744
528,0,0.00019973473736127376,0.00028746340596371583
529,0,0.0004751591793870514,0.00028589827837243364
530,0,0.0003012873947275662,0.0004408890253076318
531,0,0.0007951144803871333,0.0008828431489895754
532,0,0.0002286282919660845,0.0003163569605685266
533,0,0.0005204932042639014,0.0008106089470118807
536,0,0.0015578408113665408,0.0022002075123246836
537,0,0.0007124457427923924,0.0005419321311912965
538,0,0.00021969576828145877,0.0002986162948545713
539,0,0.0004775037443917964,0.0002882428433771787
540,0,0.0004273245235179293,0.00042858171975384076
541,0,0.00033594801472351416,0.0004934385392229922
542,0,0.0012211485646068697,0.00269626728355033
543,0,0.0004098450165629179,0.0004111022127988294
544,0,0.00021116434928827532,0.00029889301789071734
545,0,0.0003998854630852265,0.000401142659321138
546,0,0.000728155614834168,0.0009809815832812735
547,0,0.0005737476712064096,0.0008881143132042458
548,0,0.00043504951973618737,0.00044569496823875437
549,0,0.0010507771201024299,0.0028735069096403176
550,0,0.000504981838849121,0.0006548638157893074
551,0,0.0004986153042549012,0.0006072212844905365
552,0,0.0015734340285838656,0.0016687730190762748
553,0,0.00043353731758521323,0.0006653553360879387
554,0,0.00020564569216231576,0.00033578128387319074
555,0,0.002201756432163632,0.0027242143610194582
557,0,0.0016019747467001053,0.002439394463474776
559,0,0.00033973576431491114,0.00045350517329446373
560,0,0.0004249832148987705,0.0004597407509062351
561,0,0.0013257877290293657,0.0035465428526729593
562,0,0.0005114378479954713,0.0007500785709840083
564,0,0.00043960881289851345,0.00047436634890597805
565,0,0.0009484471730616227,0.0010898692398869704
566,0,0.000330184249477943,0.0004697858800580086
567,0,0.0005526273016962282,0.0007345311688498224
568,0,0.0030158243184299238,0.003231964583615005
569,0,0.004166055757110507,0.004455228023621883
570,0,0.0002304414448455712,0.0003896611148995303
571,0,0.0017605818595128214,0.001904636806302484
572,0,0.004845871237881698,0.004634980313339807
573,0,0.003654136913676681,0.004027213506160389
574,0,0.0008080738488570357,0.0009731858727229489
575,0,0.0006133533074796922,0.0006612126892268128
576,0,0.0032727303584659316,0.0031743183383912714
577,0,0.00245038238139565,0.0031740851902337408
578,0,0.001041230228463946,0.0010596825584314813
579,0,0.0007534008517959363,0.000879612508963946
580,0,0.0010678263653990713,0.0010690835616349826
581,0,0.05427807165757985,0.044056321943006925
582,0,0.2567625971087774,0.12494130668806899
583,0,0.0488261546784122,0.05236346199800063
584,0,0.023537949408132725,0.025457282940265117
585,0,0.06728883799347085,0.0447099216968649
586,0,0.4330091757787722,0.35111884452085107
587,1,0.720533065999372,0.7213900631688192
589,0,0.054286100033059566,0.050716598499209155
590,0,0.07128242660424784,0.06403684646071194
591,0,0.21716516924916268,0.24223102186838325
592,0,0.21434160155445903,0.21604031579549465
593,0,0.2988235392210655,0.3060117801970257
594,0,0.002264805230970941,0.0030766525015357127
595,0,0.001840541433736866,0.0029161301767678875
596,0,0.0011449336555073829,0.0024285167180704394
597,0,0.00028127918262331345,0.0004208808132033791
599,0,0.00042377869194143284,0.00043442414044399984
600,0,0.0003424933679637477,0.000510778801895883
601,0,0.0002044250436723627,0.00029215371227480475
602,0,0.002552162737021662,0.002840600980897689
603,0,0.00045637168481348013,0.0007448099286895068
604,1,0.9301676229161162,0.9284782710039843
606,0,0.0006512114546345588,0.000822810689113596
607,0,0.0010018668250776116,0.0011524825335178924
608,0,0.00048099834373527533,0.00029173744272065764
609,0,0.0013937888802164513,0.0014145547813386229
610,0,0.0005134459497030113,0.0003241850486883936
611,0,0.0005196094613307377,0.0003259496149136384
614,0,0.001231945625058737,0.0014035448595377743
615,0,0.0006290971109505581,0.0009439641653438059
616,0,0.0012106710797328843,0.0014000060834644256
617,0,0.001055248777104077,0.0012268480115831142
619,0,0.0004521086400385359,0.0007469359648155881
620,0,0.0004270857081806464,0.0004377311566832134
621,0,0.0005921719192465122,0.0009156193762424761
622,0,0.0016425455746958443,0.0017873071330597582
623,0,0.000496956382077749,0.0003138763077977135
624,0,0.0017412169305755219,0.0014812217167167903
625,0,0.00020539709188429337,0.0002931257604867354
627,0,0.0004446212465873728,0.0005886761933770352
629,0,0.0021004522307060563,0.002384242168535552
630,0,0.0009340007798493315,0.0010914913043488096
631,0,0.0006374281327518481,0.0004657874687044618
632,0,0.000678757639101004,0.0008228125858906665
634,0,0.0006025615913963631,0.0005166035823503036
635,0,0.00039345770682797787,0.0004282152428354425
636,0,0.0011899878858681605,0.0014791601523795363
637,0,0.0005219629556101268,0.00035636216139386294
638,0,0.000578376625456444,0.00041277583124018014
639,0,0.000383876781501093,0.0005234784120811587
640,0,0.0006455472629329968,0.0009689947199289607
642,0,0.000800311974367383,0.0010926504025663172
643,0,0.0016608163393248975,0.0023031830402830402
645,0,0.0011177568527800667,0.0012762972327001341
646,0,0.0006623976518487483,0.0006977048761862909
647,0,0.00021493881434757908,0.00036946215607043927
649,0,0.0009046257799656303,0.0014028009695325457
650,0,0.001294312055096998,0.001503549952717877
651,0,0.00046961330821887785,0.0005833827171984305
652,0,0.0005292994116890058,0.0006457716904623938
653,0,0.0012591369075701697,0.0017230156483771832
654,0,0.002148475184715364,0.002002909390799413
655,0,0.0026225250485949875,0.0029412815525974426
656,0,0.0008215420678016113,0.0007355840587555517
657,0,0.006143413196932616,0.006522924514588922
658,0,0.002330681926431559,0.0026083724909822465
659,0,0.000393941243317655,0.0004751971690342555
661,0,0.008618870355005782,0.009008667761307045
662,0,0.0009191261864818779,0.001394512680960075
663,0,0.0006048910869703526,0.0006155365354729196
664,0,0.0006118811451558495,0.0007550098549447294
666,0,0.000463809415281808,0.0004874611819296077
667,0,0.0005060849056394605,0.0006511069185307426
668,0,0.0012078949961521613,0.0013693295264619217
669,0,0.0005232130467260523,0.000546864813373852
670,0,0.00043141657693237005,0.000547888855705758
671,0,0.042222438876403465,0.04344995907693332
672,0,0.030296096034636847,0.03175175599639585
673,0,0.008383376659482748,0.008332323003853932
674,0,0.02096450582109878,0.02611363865300343
675,0,0.0002892196500698386,0.00040569192884322663
676,0,0.0006846409874245362,0.0006163774821173369
677,0,0.0003459104492470518,0.00034154532325498274
678,0,0.0005389869462659013,0.0003733861520496375
680,0,0.0014532454647883796,0.0023593536382127724
681,0,0.000554055510724371,0.0004680975016783116
682,0,0.00025457777918031074,0.00030368083216029967
683,0,0.0006957058222437653,0.0007792988391579787
684,0,0.000946116031470472,0.0006861208176117404
685,0,0.0003799543170506471,0.0003905997655532141
686,0,0.0004689156873490544,0.0008822454376217351
687,0,0.00037450740698962543,0.00038515285549219243
688,0,0.00027350793648576186,0.0005720421253411863
689,0,0.00040088311297657736,0.00040214030921248883
691,0,0.0003755372738130503,0.0005548100613215263
692,0,0.0003065459197208434,0.0006050801085762678
693,0,0.0002758213653671994,0.0003922936441405874
694,0,0.00023510266310205086,0.0003228313317044929
697,0,0.00022539187397994936,0.0005984289598166096
698,0,0.00028113344012021597,0.0003976057188936039
699,0,0.00046317300080899674,0.0002975722065927329
701,0,0.00030148844189498446,0.0003505914948749734
702,0,0.0004085599830902732,0.0004192054315928402
703,0,0.0004216264767269017,0.0004951338947551214
704,0,0.00046016342681902287,0.000294562632602759
705,0,0.00038678951973518237,0.0006853237085906068
706,0,0.0003630733626242979,0.0004795456413976859
707,0,0.0005351977649510452,0.0006120630752258127
708,0,0.0006939957586480321,0.0010479090285921745
709,0,0.0007718413232472095,0.0008400093489535485
711,0,0.0008479421477077084,0.0006120842999673478
712,0,0.0007131171348789948,0.0009095289424867895
713,0,0.0003708791237207507,0.00041998217670073966
714,0,0.0008228107038129225,0.0014343406866264674
715,0,0.0005422784110472618,0.00037667761683099786
716,0,0.0019467829411301538,0.0021868853627360144
717,0,0.0008735206626310342,0.0013430529292117904
718,0,0.0005940690851126914,0.0008926032739681158
719,0,0.0004725605002298211,0.0007710946890852455
720,0,0.006489953833627689,0.005749501856220654
721,0,0.0007837109154219385,0.0011426881780555599
722,0,0.0005972838160825576,0.0006978101439635259
723,0,0.0004641896626729823,0.0005399363236427971
725,0,0.001031482009232936,0.0014953607500399495
726,0,0.000365628712091232,0.0003840810420587671
727,0,0.0003161652401295255,0.0006637299630456339
728,0,0.0003554663444330958,0.0004719386232064838
729,0,0.0007579556669215469,0.0009970457956687082
730,0,0.0010662756808857972,0.0009006748866695333
731,0,0.0005322773936083779,0.0005429228421109449
732,0,0.0007671832156677038,0.0010633846524442834
733,0,0.005751611606304785,0.006110588868938407
734,0,0.0011704389656899733,0.0013684677596500988
735,0,0.0027929086809865365,0.004798679903208078
736,0,0.0005214051824468394,0.0005398575124143745
737,0,0.00045599813100468035,0.0005372540567212809
739,0,0.0016242039480254202,0.0014150392680619874
741,0,0.0008754480509858408,0.00114403614805973
742,0,0.001214660850008706,0.0015131950388641304
743,0,0.000918610647077761,0.0007530098528614972
744,0,0.008353849862582967,0.007967056063232673
745,0,0.0005146701645233224,0.0005959260902399229
746,0,0.0019900412290755113,0.0022407111343876983
747,1,0.9410170081991066,0.9257880087351416
748,0,0.019603190090563178,0.021353148596669903
749,0,0.028986157511581484,0.032974320052689944
750,0,0.16334623874201512,0.1483279414208234
751,0,0.03536429078721597,0.05036951055761994
753,0,0.14801480172010978,0.13413260644212463
754,0,0.03855392342029387,0.04342733997268795
755,0,0.020191630784269173,0.031420274347679446
756,0,0.09440899274843416,0.1462457874217838
757,0,0.09865106297314222,0.1912933539375467
758,0,0.0899725157158621,0.06058602708773857
759,0,0.01858393090115984,0.020955988947337967
760,0,0.1420869298550243,0.2036226176099345
761,0,0.33056331136774597,0.299389249472038
762,0,0.08926806730425248,0.09828581655813673
763,0,0.0028391221081050686,0.003079224529710929
764,0,0.0010281544345012578,0.0011117474514154711
765,0,0.002641535296382111,0.0028816377179879714
766,0,0.0014688283911010664,0.0030925649073068125
767,0,0.001048558751761959,0.0008829579575456953
768,0,0.0003064967275611373,0.0006946783826258757
770,0,0.0019491204813207794,0.0032557553250934816
771,0,0.0008079824622597294,0.0011053560175375249
772,0,0.002185374215567576,0.0035326375866122023
774,0,0.0003188508499425552,0.00043532312871594317
775,0,0.00042957793302104806,0.00044022338152361506
776,0,0.00039431142570726246,0.0007455262941300779
777,0,0.00029412016391519276,0.0003432232168951817
779,0,0.00038162092777297514,0.0003772558017809061
780,0,0.00055124207301606,0.0009209084399398885
781,0,0.0007112283511276889,0.0007948213680419024
782,0,0.00039303511569760516,0.0004849866229186831
783,0,0.00036146181704577965,0.0004233625293042948
784,0,0.0003642473311433064,0.00035988220515123737
785,0,0.000466019006122191,0.0008916413024923665
786,0,0.00033100602632989026,0.0004358439148837264
788,0,0.0007040666837540232,0.0008779218493140307
789,0,0.0005913890718925813,0.000787800879500376
790,0,0.0003617654592995459,0.00035740033330747685
792,0,0.0005018000211293877,0.00033619922691312384
793,0,0.0010960790818596248,0.0020760573048680267
795,0,0.0010617460522850575,0.000891746312666312
796,0,0.0004203814526324559,0.00041601632664038684
797,0,0.0007360385114618551,0.0009888644799089606
798,0,0.00041430219775866347,0.00040993707176659443
799,0,0.0005958526587837707,0.0009702881101734647
800,0,0.00031013653571848403,0.0003592395886984729
801,0,0.0006535720933536206,0.0010280075447433145
802,0,0.0025674180282037867,0.0036076298393684716
803,0,0.0004228302788362446,0.00041846515284417555
804,0,0.0014348796153165575,0.0014839826682965464
805,0,0.000321227417364667,0.00037033047034465595
806,0,0.0009352998730047888,0.001437686949933048
807,0,0.0013082505034216947,0.001657259982575389
809,0,0.000738567193757356,0.0011915741858270037
810,0,0.0006133873583158725,0.00044174669426848615
811,0,0.00048368524545945655,0.0007956053761278153
812,0,0.00061009183891155,0.0004444910446952862
813,0,0.0043091160920792175,0.004614775462206781
814,0,0.000521367487519732,0.0003557666933034681
815,0,0.0006178563220160481,0.00043331344776250573
816,0,0.0005116466053502644,0.0005222920538528314
817,0,0.0007592998519089108,0.000998389980656072
818,0,0.0016708852695596016,0.002875979430054212
819,0,0.0016471888961666916,0.0025532970695910846
820,0,0.0014532261281791372,0.0020282479078949185
821,0,0.0006508092428026998,0.000485208448586436
822,0,0.00048638352401320637,0.000521141060020671
823,0,0.0005071394629376067,0.0008759289493406768
824,0,0.00046000481529969947,0.0005764770940730874
827,0,0.0005814034568984367,0.0006161609929059013
831,0,0.00043646761101913856,0.0004549199409866737
832,0,0.00041644530795359783,0.0005106742226326336
833,0,0.0010361891915385535,0.0008705883973222897
834,0,0.004031524024814912,0.004351544741115002
835,0,0.002592583179003722,0.004177371162310557
836,0,0.0005600660492512318,0.0009288555356543018
837,0,0.00378468438010703,0.004632224441653438
838,0,0.001289637087255164,0.0014095269473704216
840,0,0.0016183601590349104,0.001737777084028734
841,0,0.0011523840714650995,0.0011708364014326345
843,0,0.002192027084470408,0.0028871566039243616
845,0,0.05645574574634508,0.05591486400752303
849,0,0.049253619439109234,0.05020276450906172
851,0,0.0003515155647634187,0.0006948794918351487
852,0,0.0007919064452259626,0.0010892800005037583
853,0,0.0014336416041207307,0.0026387357646153412
854,0,0.0004595533020981181,0.0005643911906519542
856,0,0.0004946437266482059,0.000556544438906721
857,0,0.001097813598304655,0.001297220160615756
858,0,0.0016473086035854604,0.0018874110251913207
859,0,0.00027020128453445125,0.0003193043375144402
860,0,0.0004694009925396305,0.00030380019832336664
861,0,0.0002740056274749883,0.0003852938106098431
862,0,0.0009023590074787946,0.0006423637936200631
863,0,0.0008415759562630155,0.0009553453652425681
865,0,0.0006543135019986947,0.0010704945095903393
866,0,0.0012120378337394711,0.0017916114786148147
868,0,0.00027023571000790687,0.0006298769626946053
869,0,0.00029202276921168704,0.0006353866962834171
871,0,0.0034801535453937117,0.004122520246351855
872,0,0.0017262292277936354,0.0019663316493994955
873,0,0.0016565498095767934,0.002298916510534936
874,0,0.0007953127872634373,0.0009683103847990296
875,0,0.0005399725576255418,0.0008827880637006147
876,0,0.0003861787521465212,0.0004910166407003574
877,0,0.0008823040798642816,0.0010553016773998738
878,0,0.00038824926066495665,0.0003838841346728876
879,0,0.0004117574747645858,0.00041301467100049726
881,1,0.9832313986193286,0.9819813716058918
883,0,0.0010258317937089376,0.0010270889899448492
884,0,0.0005912662693907116,0.0006019117178932786
887,0,0.00035015177217654107,0.00039925482515653
888,0,0.017237175355556578,0.017238432551792488
889,0,0.0006407050140949024,0.0005890228449548643
890,0,0.0013717279863908127,0.0017094230834396912
891,0,0.0015680767962500128,0.003171228756729041
892,0,0.0010046156820472645,0.001584189326922608
893,0,0.0034703119760154544,0.004112678676973598
894,0,0.00045248907539515435,0.0007331193799657878
895,0,0.0009164486992651801,0.0010903038648251875
896,0,0.0006551038676107738,0.0008941939963579351
897,0,0.0005740066412748862,0.0009173705683466163
898,0,0.0006398040286843777,0.000999445281371076
899,0,0.0006672918261592747,0.0007721297147131107
903,0,0.0024251705421527714,0.002933867902519041
904,1,0.014011287379159408,0.014373848182755682
905,0,0.0010268378859592043,0.0011003453039874237
907,0,0.00048922757756499,0.0006664517417742852
908,0,0.010811250539159515,0.011187542863495964
909,0,0.0009324203017695876,0.0007848885508026563
910,0,0.0005733203445259933,0.0006131709341704223
911,0,0.0006495866550398463,0.0006843441910473109
913,0,0.0006868622907109875,0.0005212614964947237
914,0,0.0074843137372832295,0.0077400266268053824
915,0,0.00041416297608526235,0.0005163675497884475
918,0,0.0015149361685121263,0.0015387890749484975
919,0,0.0009369430194234069,0.0013057325058264768
920,0,0.0013871477714507887,0.001664632905542684
921,0,0.0005757771455898918,0.0006116324607066705
922,0,0.004428479902497943,0.004333940169342066
923,0,0.02417428413265294,0.034027868275732266
924,0,0.03376494095896056,0.04750923197000351
925,0,0.027611194230405308,0.041900447258935054
926,0,0.2142942291301978,0.17102048928995034
927,1,0.9436454182375178,0.944470913455538
928,0,0.0008335144721791264,0.00091710748909334
929,0,0.001389304193825409,0.0018054852014170535
930,0,0.0020575879379077858,0.0021411809548219996
931,0,0.0004471508501637891,0.0004577962986663561
932,0,0.00036270878735227203,0.000706072714424002
933,0,0.0014989878351914982,0.0031021397956705263
934,0,0.0003964129814125747,0.00039204785542050567
937,0,0.0006931232705406331,0.0009051823055838651
938,0,0.012491071659930339,0.013724420189215419
939,0,0.0005385791228659959,0.0008083085991768639
940,0,0.00041994212150887834,0.00043058757001144534
941,0,0.0007388165723459856,0.0006705530670387863
942,0,0.0005784161006589816,0.0005267339315189435
943,0,0.0005537255201325397,0.0003820848560851533
944,0,0.0003209526387646193,0.0007110960447658939
946,0,0.0012852841591733275,0.002909020675379074
947,0,0.002186642978815413,0.002829009679773556
949,0,0.00046664892085320565,0.0007567646636011849
950,0,0.0003207660748494011,0.00036986912782939
951,0,0.00041145900219324334,0.0006920893067638768
953,0,0.00043687346062568045,0.0005417113491795165
954,0,0.0005364193183457898,0.00037081852412952594
955,0,0.0005145590037480849,0.0006120951217069002
956,0,0.000672875258082385,0.0010890562656740296
957,0,0.00027939681971911475,0.0006390380724058132
959,0,0.0009417999424651698,0.0010253929593793834
960,0,0.00030076676858764454,0.0004120549517224994
961,0,0.0005292999618273476,0.0005399454103299146
963,0,0.00047452938266847125,0.00048517483117103825
965,0,0.00035919284353914065,0.0006289223198500086
966,0,0.0006159901131013086,0.0004443494490539222
969,0,0.0003079390596281983,0.0004244113384015863
970,0,0.0008800596216253171,0.0009153668459628598
971,0,0.0004461844994329185,0.0004952875524129075
972,0,0.00034492671044070725,0.00038300058202763826
975,0,0.0003434236191374848,0.0004547118022723396
976,0,0.00028655763598635044,0.00040032704496590304
977,0,0.0007047706114824037,0.0009339881193500957
978,0,0.0004436278802168969,0.0006964538486640024
979,0,0.0005028027885395474,0.000326048446158501
980,0,0.0009896854185507003,0.001327380515599579
981,0,0.000616296082243236,0.0007138322002020513
983,0,0.0005801454398693126,0.0004145446456530488
984,0,0.0005450815842046653,0.0005941846371846543
986,0,0.00048386953300937963,0.0007366955014564852
987,0,0.0006025464944536439,0.00043694570023738
988,0,0.0005338719210076222,0.0005445173695101892
989,0,0.0008517622581562863,0.0012679432657479311
991,0,0.0007479344416004208,0.0008514948221964997
992,0,0.0005399393843103232,0.0005505848328128902
993,0,0.000568654053558044,0.0009282953062447424
994,0,0.0010118400637276453,0.0013806295501307153
995,0,0.03152741625791482,0.03218449566546065
996,0,0.0007908110876888456,0.0008306616773332747
997,0,0.0029967216218537915,0.0032341126336364497
998,0,0.0010393060456067734,0.0009841372167958447
999,0,0.0025036324568619723,0.0025048896530978837
1000,0,0.000665584408874769,0.000705434998519198
1001,0,0.001438298497954842,0.00185050692737696
1003,0,0.0010129732115531464,0.0013726144642398448
1004,0,0.0019819667328067436,0.0015750004151118778
1006,0,0.02336870240764688,0.017321880954255527
1007,0,0.16329114086536306,0.14466436846257377
1008,0,0.0005334013086965702,0.0003634015690778248
1009,0,0.00044394264197369156,0.0007245729465443251
1010,0,0.0020353894951202463,0.0014257675875966646
1012,0,0.00025801436266746506,0.000601378289739195
1013,0,0.000548065616574958,0.0006249309268497254
1016,0,0.0016154302514654571,0.0017378946754334499
1017,1,0.9843288058329924,0.9832087738986155
1018,0,0.0005944839169286491,0.00042448417730990383
1019,0,0.0022716290757192224,0.0025117314973250827
1020,0,0.0006852022560908372,0.0009144197639585292
1021,0,0.0026194598851626465,0.004229550890003132
1022,0,0.00026648328485076356,0.0006098472119224936
1023,0,0.0004357276738854661,0.0004463731223880331
1024,0,0.0013735617983375384,0.0016432912746484065
1025,0,0.0004067026747144821,0.00040795987095039357
1026,0,0.00030260905338609656,0.00035171210636608544
1028,0,0.0016228322303623519,0.0018629346519682122
1029,0,0.0005358339175933977,0.0003702331233771339
1030,0,0.0005138940128594764,0.00034829321864321254
1031,0,0.000381987883824162,0.0004905938640597972
1032,0,0.0004634604289537672,0.0004741058774563342
1033,0,0.0005463693369127035,0.0003807685426964396
1034,0,0.00030411962699219774,0.0006474835540639278
1035,0,0.0010157921260782025,0.0008702263321622516
1036,0,0.0007405535070119178,0.0009697710148796098
1037,0,0.0005190855880094018,0.0003534847937931379
1038,0,0.0005129193220333089,0.00034731852781704506
1039,0,0.0003163512454081973,0.00036545429838818626
1040,0,0.00037092160334694887,0.0006828417340153076
1041,0,0.00046299675144527896,0.00047364219994784596
1042,0,0.0004527268302615536,0.0004539840264974651
1043,0,0.00035774039015764995,0.0007011043172293801
1044,0,0.0008820051390244841,0.0010558603045844918
1045,0,0.00039475365254393904,0.0007381175796156691
1046,0,0.001280401839159669,0.001509619347027361
1047,0,0.001753703049951223,0.002659811223375616
1049,0,0.0005738764615100334,0.0004082756672937695
1050,0,0.0007427029973417842,0.000984835398704194
1051,0,0.0010014294346600973,0.0014332198932048986
1052,0,0.0006630374689518175,0.0004974366747355536
1053,0,0.0007813695218418692,0.0010510989981527372
1055,0,0.0007146265748171879,0.0005785525012375846
1057,0,0.00037620292447041874,0.00039465525443795383
1058,0,0.0006120272290586309,0.00044642643484236707
1059,0,0.0005798676249176341,0.0006289706778976231
1060,0,0.0007417262256543634,0.001150515275081377
1061,0,0.0007175899451980036,0.0008622369908632055
1062,0,0.001471862725463102,0.0015554557423773153
1064,0,0.0003185236668233379,0.00043229307580289054
1065,0,0.000555767731371687,0.0008458834741196662
1066,0,0.0005854809255496744,0.000586738121785586
1068,0,0.0005604060514297173,0.0006100999611610458
1070,0,0.0007889855571661828,0.0010587150334770508
1071,0,0.0003865932036176831,0.0004978813867525379
1072,0,0.0012161040336468175,0.0011345846833399923
1073,0,0.0007348007252047505,0.0010838102043584448
1076,0,0.0024216658997675356,0.004255329559036366
1077,0,0.000460526773395158,0.0005742961823747106
1079,0,0.0014944728220992057,0.00182543738083937
1080,0,0.0005300855710236292,0.0005537373376714289
1081,0,0.0012164097295732166,0.0013795139850885014
1082,0,0.000767889029220904,0.0010798091598892628
1083,0,0.0011635387289728888,0.0014441690335435223
1084,0,0.0010681089437629867,0.0008071023936549126
1086,1,0.9334515932295938,0.9327343651229554
1087,0,0.004151938647637702,0.004425404893070356
1088,1,0.008718816561250599,0.01189219287423563
1089,0,0.0007564278188237778,0.0010538013741015735
1090,0,0.0015333223059124947,0.0019077577573021888
1091,0,0.0002766274289528537,0.0003930997077262417
1092,0,0.000399312269655955,0.0005041501582097912
1093,0,0.00034403760712582786,0.00039314066010581674
1095,0,0.0014998846571390423,0.002287904564092856
1096,1,0.8727366165989078,0.8688773499289109
1097,0,0.00035939491478193273,0.0003606521110178442
1098,0,0.0008098478024049407,0.0008934408193191542
1099,0,0.0004768169750459407,0.0004874624235485077
1100,0,0.00046996500986876263,0.0003043642156524988
1102,0,0.000380522969934528,0.00037615784394245895
1103,0,0.0013924976594911853,0.002597591819985796
1104,0,0.0002761186882981692,0.0006194826153698992
1107,0,0.0002849265200944805,0.00033402957307446945
1108,0,0.0002492991209292221,0.00036577139970261007
1109,0,0.0005747044382433844,0.00040306377419599805
1111,0,0.002100131956493793,0.003305226116988403
1112,0,0.0006505123128855313,0.0012300859577608749
1114,0,0.0005224517949780219,0.0007805288011279469
1115,0,0.0002820434411560792,0.00033114649413606815
1116,0,0.0017571599260303716,0.001930157523565964
1117,0,0.00033124645688841555,0.00038034950986840454
1118,0,0.00032330801572781306,0.000372411068707802
1119,0,0.0004800629608494479,0.0010877789598497634
1120,0,0.004158234324513764,0.005363328485008374
1121,0,0.0010739333078660612,0.0010695681818739921
1122,0,0.0003447668358160982,0.0003938698887960871
1123,0,0.00044403693373059065,0.0007874008608023206
1124,1,0.8019761323741339,0.803141657732773
1125,1,0.9819510466336167,0.9804486199936442
1126,0,0.0020493073985149326,0.003032484751205698
1128,0,0.000536388806330963,0.0003707880121146991
1129,0,0.0006668630016920952,0.000519331250725164
1130,0,0.0007233656025468415,0.0005487917966428684
1131,0,0.000558208446500785,0.0006339551074705998
1132,0,0.0005858490724058535,0.0008977692030742123
1134,0,0.0005988823280789906,0.000947891807232685
1135,0,0.0006121627509114181,0.0006600221326585387
1137,0,0.00043261339798577095,0.00048171645096575994
1140,0,0.0002890044557659799,0.00039120902946916507
1142,0,0.0006381626310270078,0.00046816289140826247
1143,0,0.0007296328394857352,0.0011826398315553828
1144,0,0.00040433709509828987,0.0004528413634652724
1145,1,0.9641170838891977,0.9664141008529494
1146,0,0.0004975040762465851,0.0005322616122540497
1147,0,0.0003984287043139081,0.0005149009830872961
1150,0,0.0009033770958198331,0.0008174190867737737
1151,0,0.0006092249465606635,0.0006592306329246391
1152,0,0.002642435908632195,0.003755374517342769
1153,0,0.0007407995518915305,0.0005751987576752667
1154,0,0.0004897571625611493,0.0006038834797733021
1155,0,0.003136338188275324,0.0035619604846454994
1156,0,0.0005150025654084888,0.0005162597616444003
1157,0,0.0015768461275386045,0.0016036247958557317
1158,0,0.002223854914629853,0.0020582541204135895
1159,0,0.0013986326941796147,0.001688770902205905
1161,0,0.001441749335017476,0.00181618478640717
1162,1,0.9688735973343457,0.9650867840288949
1163,1,0.8859595445871433,0.8983146078842912
1164,0,0.10100302170015782,0.08740427894051819
1165,0,0.043465091866508626,0.061969998795603234
1167,0,0.04544499981046736,0.038592491219073516
1170,0,0.17287059661046328,0.22521648360564653
1171,0,0.08751351612226896,0.14591063984621022
1172,0,0.04147269720242649,0.06628337688515526
1173,0,0.022173989916133723,0.026721737223039024
1175,0,0.001587489962885281,0.0025575364599782716
1176,0,0.000487776859400117,0.00032217606518385313
1178,0,0.00035030273454800834,0.0003459376085559393
1179,0,0.013097709494765299,0.012807562413334438
1180,0,0.000567567981832337,0.00048160997278627756
1181,0,0.0004204912018026308,0.0004311366503051978
1182,0,0.001299385924441601,0.001836689989609743
1183,0,0.0008346153110911875,0.0013041475776719436
1185,0,0.0004323343771124103,0.0005058417951406299
1186,0,0.000422201610810264,0.0007568445614825952
1187,0,0.0008409715949901598,0.0009245646119043734
1188,0,0.00023818780351479515,0.0002872908564947841
1189,0,0.0012967207229418205,0.0029204572391475663
1191,0,0.0003860707918579784,0.0003967162403605454
1192,0,0.000439517648422458,0.0007934309183666005
1193,0,0.0004658378133797413,0.0005427031236545088
1194,0,0.0010452776084839755,0.002351912452256678
1195,0,0.0002585608463258293,0.0003750331250992173
1196,0,0.0006634113311747232,0.0008754703662179552
1197,0,0.000254794143729456,0.0003038971967094449
1198,0,0.0006676703904059886,0.0005994068850987893
1199,0,0.0009347887135693666,0.0009304235875772975
1200,0,0.0004669898545700087,0.0006399874521056009
1201,0,0.0018012198333939614,0.001849079215141082
1202,0,0.0003282967510958205,0.0003955931194971235
1203,0,0.0012550880392883286,0.0028788245554940747
1204,0,0.0005948722539962509,0.0006427316357433714
1205,0,0.00046083789699591794,0.00047148334549848494
1206,0,0.0016391140579125076,0.003242266018391536
1207,0,0.0014055036574304965,0.0028009153723179236
1208,0,0.00027267366952627104,0.0003839618526611259
1209,0,0.0005000828590034767,0.0008501765007242679
1210,0,0.12181823621010729,0.12207797410239604
1212,0,0.0010218722545531893,0.0015242593314814487
1214,0,0.00035190885923998456,0.0004010119122199735
1215,0,0.0004515024535847728,0.0004527596498206843
1216,0,0.0004106875533671515,0.00041194474960306297
1218,0,0.0003137976685883571,0.00043026994736174504
1219,0,0.00040167503863983514,0.0004029322348757466
1220,0,0.000812054692368271,0.0019867545635619674
1221,0,0.0006471105729389753,0.0010231880191404886
1222,0,0.0016998779431691578,0.0022420670567458775
1223,0,0.006524220410619368,0.007273531343765953
1224,0,0.0004644720499964661,0.0005693099385503023
1225,0,0.0008698660123173327,0.0011395954886282006
1226,0,0.0004509711300908037,0.0004616165785933707
1228,0,0.000654402893921512,0.0006021732088277636
1229,0,0.0004927606900771648,0.00031600634769611845
1230,0,0.003944988754020483,0.005034307935438959
1231,0,0.0028799249331029992,0.0032753803108087048
1235,0,0.011193435399138318,0.011590358446952491
1236,0,0.0005646288278527362,0.0008833853318551911
1237,0,0.0026215402253355817,0.0038441198547819982
1238,0,0.0007768444035235705,0.0005885097183487684
1239,0,0.00037059566673232195,0.00047280024043550717
1240,0,0.0005394514882822404,0.0005885545412622294
1242,0,0.0006328721723095636,0.000980436895225672
1246,0,0.013848654315808204,0.018900275850539952
1247,0,0.02208629042090697,0.046827121182636454
1248,0,0.023617469213213983,0.03033548607047975
1249,0,0.0754060569483727,0.05601672033562678
1250,0,0.027111584828354966,0.03418554716493331
1251,0,0.029618539673334703,0.03492197180320465
1252,0,0.03224348881217853,0.022671864379703643
1253,0,0.023480609412530794,0.029859077193517946
1254,0,0.002323996578096437,0.00296636327905458
1255,0,0.0006324458015705119,0.0005641822962633127
1256,0,0.0006595847404986463,0.0011291170070794024
1257,0,0.0004887299849461047,0.00032312919072984095
1260,0,0.0019241112132516941,0.003319522928139121
1261,0,0.000496116033061088,0.00032611629344234263
1262,0,0.0038383209154570206,0.004197298178090642
1263,0,0.00028378804146786895,0.000602544545470324
1264,0,0.0008596652787708496,0.0011570388340486452
1265,0,0.005338481993580178,0.005708771528758826
1266,0,0.00020512525486197024,0.0002928539234644123
1267,0,0.000215252414615498,0.00030298108321794004
1268,0,0.00041990231773628167,0.00043054776623884867
1269,0,0.000313610087926012,0.0004711006124254901
1270,0,0.0004900534068457527,0.00032445261262948884
1271,0,0.029534944002513556,0.033498075818772226
1272,0,0.00047042071136332267,0.00030481991714705883
1274,0,0.0008459349095637453,0.0009295279264779588
1275,0,0.00040473784791834525,0.00041538329642091225
1279,0,0.0008425962003469794,0.0010718137082146714
1280,0,0.0002737470579198943,0.00032285011089988326
1281,0,0.0004064408575071716,0.0006594198042244053
1282,0,0.0005986700569304768,0.0006465294386775972
1283,0,0.00030141098982720734,0.0003505140428071963
1284,0,0.001665315909291904,0.0024533358162457178
1285,1,0.17291772771884195,0.09676538226703935
1288,0,0.0007911174178247622,0.0011233100646360517
1292,0,0.0009891676255637644,0.0007533097778234039
1293,0,0.0011687438437942288,0.0015583566465465846
1294,0,0.00045297949765297585,0.0007669682636604977
1296,0,0.0012651694720491272,0.0017160894041633587
1298,0,0.0006624280234576921,0.0007392933337324597
1300,0,0.00031753381014856157,0.0004197383838517468
1302,0,0.0023141126662782462,0.002495425940964146
1305,0,0.0022893313175705336,0.0026422715883437356
1306,0,0.0022834757754913947,0.0026463759898230207
1307,0,0.0004752033695736665,0.0007685098251407828
1308,0,0.0005683289035257404,0.0006440755644955553
1309,0,0.001053857508540938,0.0009063257575740066
1311,0,0.001202821790988616,0.0012528274773525915
1312,0,0.004019764340798599,0.004433485011007978
1313,0,0.0005616488301999451,0.0008549552857670614
1314,0,0.0027065565797842616,0.003817611144142501
1315,0,0.0003797978262775068,0.000482002399980692
1317,0,0.0005401677869690775,0.0006797694175491431
1318,0,0.0016533578929715954,0.00157183854266477
1319,0,0.0004717582635532752,0.0004673931375612062
1320,0,0.000638953728094288,0.0006626054947420877
1321,0,0.0007268068595617308,0.0008720464628055061
1322,0,0.002459121116814016,0.002622098049029276
1323,0,0.0012928875389547354,0.0014182615587817098
1325,1,0.9885880678535046,0.9887586781276023
1327,0,0.0053231752658701404,0.005596742242548819
1328,0,0.009974447728685599,0.014380664934448152
1330,0,0.03653219065998445,0.04029198374047198
1331,0,0.04070371142486117,0.07479212486641967
1333,0,0.2203005048274661,0.21939346430293788
1334,0,0.047593668711206454,0.058445405317342145
1335,1,0.9401783515973461,0.940366572759297
1337,0,0.018148111845245375,0.022634116042100534
1338,0,0.00047740240708806343,0.0003118016128717996
1339,0,0.0013041204708066263,0.0016570607415798283
1340,0,0.00022579343785249968,0.00031352210645494176
1342,0,0.0023162423168743345,0.0035998253794373913
1343,0,0.00019979264358891102,0.00028752131219135306
1345,0,0.0003575846363620571,0.0003588418325979686
1346,0,0.0004952240293877216,0.0008687587253092411
1347,0,0.0003188625080195535,0.0004584641385996191
1348,0,0.00663940883242433,0.00633035053309252
1349,0,0.0017470819691989769,0.002689730508373423
1351,0,0.0007497649957837471,0.0012064668710138938
1353,0,0.00047713295941236077,0.0003115321651960969
1354,0,0.0006684720862607858,0.0006002085809535864
1355,0,0.0011263516473219762,0.002949081436859864
1356,0,0.00028378353955441657,0.0005977723055619384
1357,0,0.0002609120686116431,0.000310015121591632
1358,0,0.00043317011779398266,0.0005149725649930064
1359,0,0.00028791164006346703,0.0006019004060709888
1360,0,0.0007388468226236233,0.001036220377901419
1364,0,0.0007296337570166143,0.0006613702517094149
1365,0,0.00035915656845192823,0.0006524630240190445
1366,0,0.0002733658967197855,0.00036109456532222757
1368,0,0.00031154473300830013,0.0004584732001656568
1370,0,0.00030135550312603856,0.00044659510636981377
1371,0,0.0003741526968319255,0.0005585351524714704
1372,0,0.00035214592671032333,0.0005365283823498682
1373,0,0.0003019308199484795,0.0004471704231922547
1374,0,0.00417943548510234,0.0054990856734667345
1375,0,0.0003495297892924891,0.0004891314198725548
1376,0,0.00024034445868409234,0.0003280731272865344
1377,0,0.0005915550677830043,0.0005521991666226358
1378,0,0.0005410480370527868,0.0008692190637536088
1380,0,0.0003780076886855888,0.0005194297555109364
1381,0,0.0007468668803992302,0.0005938356971740787
1382,0,0.0004185788520145111,0.00041421372602244206
1384,0,0.001779970301251784,0.0030635533638148403
1386,0,0.0005598130163727383,0.0003830586739916919
1389,0,0.0005535738845379542,0.00038193322049056785
1391,0,0.0006749165983355565,0.0007506632593053714
1392,1,0.9784443234991884,0.9755096908531329
1393,0,0.00042867343984708564,0.0006058976040563808
1394,0,0.0005212747306151659,0.0006626967974405135
1395,0,0.0005695950915592711,0.0006743319648579777
1396,0,0.00043385893820235773,0.00046861647420982233
1397,0,0.0005067893214161187,0.0008000957769832349
1398,0,0.00048790149354507097,0.0007812079491121872
1399,0,0.000642939904287077,0.0009711109309878993
1400,0,0.00215768996639478,0.0021924475024022445
1401,0,0.10045245365033524,0.10216652751157945
1402,0,0.0004254044119923142,0.0005706440152360894
1403,0,0.0016683713135595053,0.0018368913222119483
1404,0,0.002546356702158741,0.0036032139664883642
1405,0,0.00046988874331837854,0.0006151283465621537
1407,0,0.0009257010014226451,0.0009594791809149634
1408,0,0.000548664649591519,0.000567116979559054
1410,0,0.0006391297608027181,0.0006891354471666938
1411,0,0.000863415281642352,0.0009714549234116451
1413,0,0.005974499561137032,0.005956227433578159
1414,0,0.0005045422241212515,0.0006067467978244366
1415,0,0.0011265218947974676,0.0008313117370169307
1416,0,0.020067027614293024,0.026393677874177818
1418,0,0.05834372900396156,0.07185271075544408
1419,0,0.06408728857291028,0.055667206854613405
1420,1,0.943152622752807,0.9474999485634482
1421,0,0.021530501672477748,0.02503200450854755
1422,0,0.05832593269652693,0.06866175504932517
1423,0,0.0005187708331877126,0.00035317003897144877
1424,0,0.002596275452489806,0.0027358770830698716
1425,0,0.0003752473572909772,0.0004800852458448133
1427,0,0.0004964132148096516,0.00033081242059338785
1428,0,0.0007315699997670994,0.001028943555044895
1431,0,0.0009249152695052166,0.0012170560073781354
1432,0,0.0018275997192953104,0.0018629069436328532
1434,0,0.0019992771430469526,0.002614317233510083
1435,0,0.0017119785234065551,0.0025238257939713266
1436,0,0.000248469448860481,0.000286543320447412
1439,0,0.0005318257917143839,0.0003662249974981201
1440,0,0.000396474034461885,0.000407119482964452
1441,0,0.00045990870255414114,0.0009295247627345625
1442,0,0.0003217078257049979,0.0006150142812721142
1443,0,0.000398240569532729,0.000408886018035296
1444,0,0.0003622569886025398,0.0003578918626104708
1445,0,0.0003699728199393654,0.0005152124231831407
1446,0,0.0008376634373327686,0.0011452185152792567
1449,0,0.0003210480309581132,0.000635036796965635
1450,0,0.0005507823075026457,0.0003762085015986726
1451,0,0.00031881370194504114,0.0006121201575121574
1454,0,0.0005176346592553669,0.00035203386503910303
1455,0,0.000874431648581509,0.0010482868141415166
1456,0,0.000986850113407976,0.0013045995519425258
1457,0,0.0004944685094353651,0.00032886771521910117
1458,0,0.0003622857924785978,0.000507525395722373
1459,0,0.001955730804542979,0.00276757807510775
1461,0,0.0007541578669314842,0.0006858943616242848
1462,0,0.0004969548231286686,0.0005787572703276924
1464,0,0.00031946829833903636,0.0004663967654963931
1465,0,0.0010997844226404722,0.001556486297870619
1466,0,0.00043659656091748307,0.00047135409692494767
1467,0,0.0019004889399686976,0.002843137479143144
1468,0,0.0032018099986523057,0.00353801154721781
1470,0,0.00037923509310603813,0.00042833814608602707
1471,0,0.0006103382722988425,0.000942530919110132
1472,0,0.0011690178173563263,0.0015267572872834935
1473,0,0.000564597049802492,0.0006124564315496126
1474,0,0.002108010955981454,0.002313846138803764
1477,0,0.003273303454928701,0.0030374456071883406
1478,0,0.0006429280979097324,0.0009414622867651568
1479,0,0.0006591005259450985,0.000957634714800523
1481,0,0.0011180577987138219,0.0015135131764195274
1483,0,0.0007313322313549012,0.0005586707147576026
1484,0,0.0004098967666746392,0.0004584010350416217
1486,0,0.0010388511127487083,0.0014343064904544138
1487,0,0.00038742999396776097,0.0004896345676709461
1488,0,0.000652775336581821,0.0007563357171778999
1489,0,0.0005118947816020676,0.0006231829647369224
1491,0,0.0011541094941041924,0.0021630818609098875
1492,0,0.001854620061641093,0.002589500664132222
1493,1,0.6108438459669904,0.6305281789642622
1494,0,0.0006621137240692452,0.0007292049029568007
1495,0,0.0019117754763749153,0.0026534605483454488
1496,0,0.0008212595737751627,0.0011325540421397847
1497,1,0.9974004548706286,0.9974894504469772
1498,0,0.0006298794820793497,0.0006697300717237787
1499,0,0.0004538188589923947,0.0004774706256401944
1500,0,0.002386913455815437,0.002067927170483496
1501,0,0.0024680849966678994,0.0027726183908059225
1503,0,0.01083825474807512,0.014751921847851882
1504,0,0.047231033592315785,0.05387334430998693
1505,0,0.006734585920302591,0.010460054805903476
1507,0,0.009944316969019946,0.013627467334307393
1508,0,0.11488548248617417,0.178650898564637
1509,0,0.00790355265321422,0.009131568040161473
1511,0,0.0003908731962923832,0.0004015186447949502
1512,0,0.0006931922038801558,0.0005186183979761826
1513,0,0.0002465712201346707,0.0003578594032695255
1514,0,0.0005010414540877084,0.00033104171446896307
1515,0,0.0003517434455587807,0.00034737831956671166
1516,0,0.00048407649181477636,0.0003184756975985125
1518,0,0.0011830129704497316,0.0012183201947872742
1520,0,0.00028161442338759844,0.00039808670216098644
1521,0,0.0005189616371427414,0.0003533608429264775
1522,0,0.0002301528779038147,0.00027925593088380364
1523,0,0.000500114293221869,0.00033451349900560505
1524,0,0.00027273588873805843,0.0003840240718729133
1525,0,0.0002541685400955351,0.00036793794907508776
1526,0,0.27306601053249396,0.272920444738578
1529,0,0.00031993238573625656,0.000618466574591681
1530,0,0.0005241490325251696,0.0003585482383089058
1531,0,0.0004934902230627347,0.00032788942884647086
1532,0,0.0004792369688770625,0.000527096350624183
1533,0,0.0005931032836743079,0.0006284105080118505
1534,0,0.001567726964801106,0.002210093665759249
1535,0,0.00047641949666276154,0.000830332766606904
1536,0,0.0004893458636607324,0.00032374506944446863
1537,0,0.001294176001370394,0.0029179125175761403
1538,0,0.00030069424899731474,0.0005992284378527391
1539,0,0.00039027285377324995,0.0004988788340088852
1540,0,0.000613952374370238,0.0004423117103228517
1541,0,0.00028126562128323617,0.0003303686742632251
1542,0,0.0034870547377332793,0.0033414889438173286
1543,0,0.001351728518717758,0.00191956173838151
1544,0,0.0003144674919940617,0.0006332239959965167
1545,0,0.0005136998871308351,0.0005872073051590548
1547,0,0.0015405977282272236,0.001624190745141437
1548,0,0.0010876428193322355,0.0024539361007963924
1549,0,0.0011081576798100572,0.0024147925235827594
1550,0,0.0006544982797998334,0.0007464497870209114
1552,0,0.0034001395443643283,0.0032345387501480642
1553,0,0.0007795163978486573,0.0006264852146235059
1558,0,0.0006436854498362379,0.0006393203238441689
1559,0,0.00043260810628689234,0.00044325355478945933
1560,0,0.0003324598673053599,0.00044893214607874787
1561,0,0.00045143940279900914,0.00046208485130157614
1562,0,0.0008600703683141839,0.001089287876181876
1563,0,0.0009519470751391139,0.0009532042713750253
1564,0,0.0009272921704125186,0.0011393512054557508
1565,0,0.000634805416816593,0.0010302607945222985
1566,0,0.0004421963246220691,0.0004769538606295337
1567,0,0.00196844107417475,0.002265814629452546
1568,0,0.0004118531847358206,0.000710387373591245
1569,0,0.0008276794732696132,0.0010393361021720732
1570,0,0.00038352887150801783,0.0004972982804875704
1571,0,0.0006212747007220618,0.0004556739065057979
1572,0,0.00045270985638703635,0.0005639980395218912
1574,0,0.0004079770157084222,0.0005244492944818102
1575,0,0.0011854700607838763,0.0012354757471478518
1577,0,0.000609399606369657,0.0006441571423771216
1578,0,0.00040810201625327854,0.0005245742950266665
1579,0,0.000456885950071055,0.0005706553590506076
1580,0,0.0006736434586011678,0.0007493901195709826
1581,0,0.0011058957408314044,0.0010364653719919998
1583,0,0.0006923945947499848,0.0007785135492047023
1585,0,0.0008033008380698519,0.0006149661528950496
1588,0,0.0005235495181996169,0.0006653280911518817
1589,0,0.005994182430101665,0.009899065418870407
1591,0,0.06003876730350356,0.06985544241542566
1592,0,0.03245736603191037,0.05536863511193611
1594,0,0.038845268869459465,0.05072269390035315
1595,0,0.05948231742959605,0.11550395289654652
1597,0,0.00048551360493590646,0.0007435906110858314
1598,0,0.0002637560113181148,0.00031285906429810375
1599,0,0.000280683872780871,0.00032978692576085994
1600,0,0.0003552772591980335,0.0007064921276208489
1603,0,0.00035324998765456277,0.00034888486166249373
1604,0,0.00026327361302028277,0.0003770430219998354
1605,0,0.00044797599865107403,0.00045862144715364103
1606,0,0.0006061846544840704,0.0010548898091354139
1607,0,0.0010458157057849295,0.0008802149115686656
1608,0,0.000706545207652102,0.000918604242695334
1611,0,0.0005147061099666012,0.00034910531575033733
1613,0,0.00023780541728207842,0.00028690847026206735
1616,0,0.0009037808068472603,0.0012549956752700756
1617,0,0.0010085337196935225,0.0010041685937014536
1618,0,0.00032042232762089385,0.00036952538060088273
1619,0,0.002224996856723732,0.003855531228136335
1621,0,0.0009611304234185001,0.0009717758719210671
1623,0,0.0002596489493056839,0.000603012876377414
1624,0,0.000454688305834337,0.00045594550207024847
1625,0,0.001425973985406856,0.0024661857965715414
1626,0,0.001359118590854691,0.002265226764279084
1627,0,0.001512852512791069,0.002553064323955754
1628,0,0.00033096391635024247,0.0006428840470186012
1629,0,0.0005179149846349707,0.0003523141904187069
1630,0,0.001375378021563047,0.002415589832727732
1632,0,0.0004320253132556234,0.0007126556178262569
1634,0,0.00045981285345504446,0.00047045830195761146
1636,0,0.0025860474049316656,0.0028337076729309163
1637,0,0.0005187318448987866,0.0005293772934013536
1638,0,0.0005425270174331349,0.00037692622321687107
1639,0,0.0010543586528772631,0.0015514210730089165
1640,0,0.000515273664375463,0.00033851932199441666
1641,0,0.0003362941268493884,0.0003853971798293774
1642,0,0.0004193904302999421,0.0004150253043078731
1643,0,0.0010340758783333455,0.0010297107523412764
1644,0,0.0004660472579791354,0.0005008047939866
1645,0,0.0004222994983951447,0.0007532640571353093
1646,0,0.00037169685405466713,0.00042079990703465606
1647,0,0.00027630425790210213,0.00039277653667549014
1648,0,0.00042549861390980164,0.0004267558101457131
1650,0,0.00031371389764354724,0.00043018617641693525
1651,0,0.0008771556480194802,0.0009453236737258192
1655,0,0.3109785508360334,0.3111250117336941
1657,0,0.00047005753143499265,0.0005048150674424573
1658,0,0.0030015504700502205,0.0031718878549552095
1659,0,0.00034763687357038944,0.00045892505670524423
1660,0,0.0015299523764911456,0.0013598564406827253
1661,0,0.0007248545117630502,0.0005592537175467863
1662,0,0.0007876923169167118,0.001187194931923713
1663,0,0.0006876917666002365,0.0007738107210549541
1665,0,0.0007905716336287793,0.001102491764297138
1666,0,0.0008362540285546888,0.001175557245269602
1667,0,0.0007571266980710241,0.0010690468287393828
1670,0,0.0014224043096181917,0.001457161845625656
1671,0,0.004751892800004548,0.005003595572461879
1672,0,0.0011403699929032481,0.0011588223228707832
1674,0,0.007961796549643099,0.01156760164294679
1675,0,0.03872643852377221,0.03702556585997429
1676,0,0.023087706778631846,0.016561770338302098
1677,0,0.06550197549091821,0.08560235168568942
1678,0,0.06305255703045125,0.05070598597910076
1679,0,0.06857058329833482,0.05131806461734496
1680,0,0.12249944877424321,0.07949123955770285
1681,0,0.035580928135888285,0.044692155176893095
1683,1,0.27428399376378954,0.222841335717954
1685,0,0.000621026829392587,0.0012006004742679305
1686,0,0.0014038198466791326,0.0012567603885809257
1687,0,0.0010028784326728782,0.0007738502349790635
1688,0,0.00033077254947540594,0.00044977368966637055
1689,0,0.0009392696576149929,0.000988372710594982
1690,0,0.00038235465425645067,0.0005066635373654306
1691,0,0.00047635339775204126,0.0007710304415121844
1692,0,0.00038666605966208417,0.0003832796636722885
1693,0,0.0004282958756535443,0.0004307733825872987
1694,0,0.0004932937910800651,0.0004957712980138196
1695,0,0.00025028847499581215,0.0006099297276825105
1696,0,0.0003020869117568906,0.0003511899647368795
1697,0,0.00028353800343843547,0.0003326410564184244
1698,0,0.00027349581468201506,0.0006760763299203344
1699,0,0.00030726227484854094,0.0004237345536219289
1700,0,0.0016278500922980452,0.0030923954674166266
1701,0,0.0005458581839730952,0.0007452647462841962
1703,0,0.0007766402159146495,0.0009504953814746572
1704,0,0.00046863945668483743,0.0003030386624685736
1705,0,0.00042590662329181365,0.00043655207179438065
1706,0,0.0005061010128513576,0.00034050021863509374
1707,0,0.00028231908803185454,0.0004066279711408344
1708,0,0.00039387665311069485,0.0009549238137632578
1709,0,0.00035149726686004354,0.0004006003198400325
1710,0,0.0004521050738432073,0.0004545825807769617
1711,0,0.0005398672307693237,0.0003808132184999005
1712,0,0.0015686129163216516,0.0031923494325273977
1713,0,0.0004589839887229507,0.0004713787684136987
1715,0,0.0007949230527437563,0.0012919854728754097
1717,0,0.0005357396446265813,0.00037668563235715826
1718,0,0.0025807135533343784,0.0028262956986253103
1719,0,0.0005866098339156213,0.0006485105461741364
1720,0,0.0005410295441276155,0.0005534243238183636
1722,0,0.00040152017607134017,0.0004039976830050946
1723,0,0.0009553830665086805,0.0008161763939777058
1724,0,0.0011307973896292703,0.0009915907170982956
1725,0,0.0005840382137187242,0.0005964329934094721
1728,0,0.00043529473428275707,0.000484397787262746
1730,0,0.0005213138831802852,0.0008159909269404283
1731,0,0.0020803665310014027,0.0023262455157043683
1732,0,0.0005474783463599996,0.0003772707859257939
1733,0,0.0004527316518514842,0.0004552091587852387
1734,0,0.0003664845424030341,0.0006784046730713929
1735,0,0.0004322002131532304,0.0005344047868564156
1736,0,0.001415837124798418,0.002041869492467873
1738,0,0.0005295367347949498,0.0005320142417287043
1739,0,0.0006126527779254942,0.000987088229315188
1741,0,0.00048555736576605423,0.00060685971673386
1742,0,0.0014328911288906908,0.002629090395879047
1745,0,0.0006994010914786681,0.0008766252556879632
1746,0,0.013447404747701354,0.01346781626638822
1747,0,0.00043439009105538,0.0005586989741643599
1748,0,0.16058435147797667,0.1604451448054457
1749,0,0.0015763952075969494,0.0018652904899237204
1750,0,0.0005213527581960208,0.0006403538983869854
1752,0,0.0030381129312663335,0.002898906258735359
1754,0,0.0007647438767009248,0.0012642377053784589
1755,0,0.001883988180538567,0.0019656459063625235
1756,0,0.001674641881995352,0.0017120685341460006
1758,0,0.004121663340477131,0.004341459267816837
1759,0,0.00073071968599004,0.0010544039704073731
1760,0,0.0007777167236405771,0.0008451056774960758
1761,0,0.0023167610452468914,0.0023425954318022847
1762,0,0.031659588572161376,0.028079253613925596
1763,0,0.026017170990130192,0.02666254456910852
1764,1,0.03276486739357898,0.03171710677991103
1765,0,0.0016213044214188933,0.0032518387928314966
1768,0,0.00028607700990644505,0.0005979971405748037
1769,0,0.00043965234415620745,0.0004520471238469555
1770,0,0.0005924051468619394,0.0009668405982516334
1771,0,0.00032543292768103145,0.00038733363993954657
1772,0,0.000530008671674126,0.0008358007813783968
1773,0,0.0006458392944201809,0.0004823039345399834
1774,0,0.0025936354315900757,0.0032017571629476306
1775,0,0.0005553779072225429,0.0003963238949531198
1776,0,0.0007352947133195416,0.001232357133451195
1778,0,0.0004057143694244917,0.00040232797343469604
1779,0,0.0012755548392666277,0.002622188529063515
1780,0,0.0005278936115854507,0.0003688395993160276
1781,0,0.00036916422683773095,0.00036479910084566186
1782,0,0.000559184533796319,0.0005064481943914632
1783,0,0.0005352668869677683,0.00037621287469834523
1784,0,0.0002641041934252675,0.0005760243240936261
1786,0,0.0004450975649449853,0.0004557430134475523
1787,0,0.00027231744473845825,0.0003214204977184472
1788,0,0.0012968827892339647,0.0029548691740395043
1790,1,0.9765029982255132,0.9770402842609442
1791,0,0.0004080180769142122,0.0007824535283039062
1792,0,0.0004699369828275027,0.00030433618861123887
1793,0,0.0006255742387176334,0.000881357193820067
1794,0,0.00042327748025464574,0.0007929438471784743
1795,0,0.0004795825319226037,0.0003139817377063399
1796,0,0.0003537208934784435,0.0004780297765874233
1797,0,0.00030703477964278536,0.0004260359198337499
1800,0,0.0009302463480442944,0.001104101513604302
1801,0,0.0005334273796080859,0.000545822159298834
1802,0,0.0007189164624588943,0.0007957817727336617
1803,0,0.0004653190313476769,0.0008678995465859962
1804,0,0.001101645241086639,0.0014570772158515257
1805,0,0.0005308747758110943,0.0006357126643649303
1806,0,0.0031948342751601114,0.004225128797527946
1807,0,0.0004404204552969493,0.0008000617079836478
1808,0,0.0010716136038658947,0.0014877946114575393
1810,0,0.0009860542546659824,0.0008426895654622937
1811,0,0.0019943707317356925,0.002682915708164309
1812,0,0.0004599264584137894,0.0008015945190904075
1814,0,0.0006652854076028175,0.00050175004772262
1815,0,0.00042012716738890326,0.0004405386860757685
1817,0,0.0006479802487470546,0.0007528181373008906
1819,0,0.0007293528598798593,0.0007809006559281444
1820,0,0.0016406153047970372,0.0019451486989350603
1821,0,0.0004176855724249575,0.0005419944555339374
1822,0,0.002024525601630445,0.0021793643722272616
1823,0,0.0004315611241368298,0.0007749250512085598
1824,0,0.0007324318730563969,0.0008130649309903758
1825,0,0.002963636090315031,0.0033392104400371703
1826,0,0.005798900933579299,0.00624027110364361
1827,0,0.000632845344158575,0.0009098232520516952
1828,0,0.0015911296430786714,0.0020493524246382295
1829,0,0.0031012310035667726,0.0022966033085946302
1830,0,0.003990818075748226,0.004253545371776436
1832,0,0.0019879564450863934,0.0022442484313865267
1836,0,0.00239184067791649,0.002440943730896479
1837,0,0.0013409047042207416,0.0010839009926194802
1838,0,0.0021950735661315614,0.0025706479158537003
1839,0,0.005791659442001811,0.00563835717548644
1840,0,0.0004901920949573215,0.0005821436021783994
1842,0,0.0003811424677470235,0.00037775607175722785
1843,0,0.0003310625308829507,0.0005937898269111597
1845,0,0.00034836908461707654,0.0004712422399080935
1846,0,0.001221543930296881,0.001145824155759974
1847,0,0.0005845354212552941,0.0004254814089858709
1848,0,0.000640125054759963,0.0008959080098623967
1850,0,0.0003042219337189903,0.0004255242846867961
1851,0,0.0015296791051226228,0.003132831065601651
1852,0,0.0014871674855296605,0.0030903194460086885
1853,0,0.0004986095433033892,0.00033955553103396605
1854,0,0.0004371162734735113,0.00044951105316425933
1855,0,0.000498139058561169,0.0003390850462917459
1858,0,0.0002885447138951372,0.0003376477668751261
1859,0,0.0004667388855840685,0.00047913366527481654
1860,0,0.00125039815348623,0.0024554923139808406
1861,0,0.5042436426910962,0.5042286537773938
1862,0,0.00029030943727236013,0.0009071361250545741
1864,0,0.00027542886193407737,0.0003245319149140663
1865,0,0.0003236712251691732,0.000635591355837532
1866,0,0.0005286041953767331,0.0003630034011604693
1867,0,0.0005137189335916175,0.0004620367644515794
1869,0,0.001583227422108416,0.002623439233273101
1870,0,0.0002729951478460944,0.0005917516518485494
1871,0,0.0004457418579098646,0.0004563873064124316
1872,0,0.001013701351526791,0.0013726786141604126
1873,0,0.0022708853018416145,0.0039014196732542177
1875,0,0.0002946180389350808,0.00040838744791463346
1876,0,0.001702708270584573,0.002345074971542716
1877,0,0.007068540772966003,0.008301889302251082
1879,0,0.0005827463986169349,0.00063429419466522
1882,0,0.00040901212729328496,0.0007991555332945595
1884,0,0.0006943308330724087,0.0005178932629860552
1888,0,0.0006501007624102989,0.0004798932019760932
1889,0,0.0009907756921639665,0.0015042095135038235
1891,0,0.0003329915678981641,0.00045730045100714396
1892,0,0.0015607799697704382,0.001972988399192556
1893,0,0.001161536360162858,0.0008601023752367824
1894,0,0.0009911944786804134,0.0008166206727764404
1895,0,0.0019011838308322254,0.00231736483842387
1896,0,0.0019483912488877366,0.002157692404592221
1898,0,0.0007339452043080581,0.0008300924081740908
1899,0,0.002429452646701295,0.003208466916075412
1900,0,0.0010254348879622142,0.001363129985011093
1902,0,0.00041343440252399294,0.0007822238889270629
1903,0,0.003997190699357075,0.004113206460808713
1905,0,0.0008109930774446963,0.0006407855170104907
1906,0,0.0070919250339713975,0.007200531014207034
1907,0,0.001398337534869332,0.0016106021345480034
1908,0,0.0006000371849571548,0.0009434011120288848
1909,0,0.0016303048238565975,0.001883130792303703
1910,0,0.0012926099507506136,0.0011594913358037938
1911,0,0.0020813621992041256,0.002167481153658843
1912,0,0.008300731771494952,0.00830543229763602
1913,0,0.0006068610296415303,0.0006024959036494612
1914,0,0.0005179958290728869,0.0006344681078462749
1915,0,0.004060241733051646,0.00416655371890266
1916,0,0.010515974630162163,0.012513544016994328
1918,0,0.016270529595256246,0.01430279014096482
1920,0,0.0003948156058091964,0.0004867671130302743
1921,0,0.0009164961446581797,0.0007709303507422288
1923,0,0.00045767723557403486,0.0008321126869637288
1924,0,0.00028868801759772243,0.0003999762007325773
1926,0,0.0003438025494224751,0.0004602748281958631
1928,0,0.0013539165786112398,0.002260024752035633
1929,0,0.0007936220332339739,0.0006186321335138247
1930,0,0.0003816184992201507,0.0004864563877739868
1932,0,0.00033886517739914674,0.0005916911458462522
1933,0,0.00033200121688725935,0.0004406071971228946
1934,0,0.0002583545270596247,0.0005893190857997893
1935,0,0.0004946988980847768,0.00032909810386851297
1936,0,0.0015295745840759073,0.0017195881758901093
1937,0,0.0004701432021959669,0.0007229691706430723
1939,0,0.0002605078899796065,0.0005724280206479652
1940,0,0.0012613033027947087,0.0023015151139593936
1941,0,0.0003623996291364703,0.00035803450314440127
1942,0,0.0015623291378311537,0.0022840885214182515
1943,0,0.0003939492438555928,0.00040459469235815977
1944,0,0.00026908682923004057,0.0006000513879702051
1946,0,0.0002622423874952275,0.00031134544047521645
1948,0,0.0004407324653360919,0.0005455703538899281
1949,0,0.00047541857976598605,0.0007655343225139653
1950,0,0.0004164487491491205,0.0004270941976516875
1951,0,0.0003804653008636414,0.00048530318941747755
1952,0,0.0007038301614643172,0.0005582643675483664
1953,0,0.0022642631208309857,0.0036948444747376295
1955,0,0.00044683450588470274,0.0005203419239129223
1956,0,0.0013536460782258624,0.0028287647971693224
1957,0,0.0016689917284655144,0.0027092035396301998
1959,0,0.00037663848860037446,0.0006885586192687331
1960,0,0.0012836141473213686,0.0024887083078159794
1961,0,0.0005513601436504188,0.0006271068046202336
1962,0,0.0005900297696612152,0.0006948676582150513
1963,0,0.000981016551320867,0.0010646095682350805
1964,0,0.0011090168146300592,0.0017969013451422996
1965,0,0.0005942452859594421,0.0009234640947771247
1966,0,0.00042665576317991923,0.0004222906371878502
1967,0,0.000390778520652219,0.0004398815736322079
1969,0,0.0016001884363661411,0.003147855372206708
1971,0,0.02578461602104725,0.027017964550332334
1972,0,0.0015945799778630306,0.0032183164940687765
1973,0,0.0007587372319663795,0.0008206379442248946
1974,0,0.00047047326985634474,0.0004717304660922562
1975,0,0.0005598263734690389,0.0006426484893931764
1976,0,0.0010662738336966338,0.0012783328687398657
1977,0,0.0009271848622401484,0.0015025952231827687
1978,0,0.0015729799946353632,0.0013935548543392027
1979,0,0.0009661456803970697,0.000814600855464797
1980,0,0.0012507059359869663,0.0015564980456912372
1981,0,0.0030277909231506556,0.004442125886908595
1982,0,0.001631894868985289,0.0021405922293515588
1983,0,0.0003682106800946798,0.000709878740771298
1985,0,0.0017745293688014579,0.00241259997110328
1986,0,0.0006687144132219544,0.0005096604009525313
1987,0,0.0004556334727346121,0.000579942355843592
1988,0,0.0006616581071441646,0.0007829604581119705
1989,0,0.0011876920821041995,0.0016919215322017012
1990,0,0.0017260899001856193,0.0019789158686327247
1991,0,0.00112222823928997,0.0016840547799669811
1992,0,0.001651572436022596,0.0014697845327946346
1994,0,0.0007456214053763204,0.0005678392563981667
1995,0,0.0012962382004719048,0.0016758511416927907
1996,0,0.0013614782244990998,0.0010821842407578582
1999,0,0.000300162027381671,0.00041393143636122366
2000,0,0.0005219760882825464,0.0005343708679732944
2001,0,0.0020487402243524297,0.0036724767405581756
2002,0,0.000289922379360738,0.000608678883363193
2003,0,0.0005570374756309637,0.0005053553064909256
2004,0,0.00056037734382453,0.0003947765496082662
2005,0,0.0004905302654250197,0.0005640376834532393
2006,0,0.0005651248059908142,0.00039952401177455036
2008,0,0.0004968631075521698,0.0003312623133359059
2009,0,0.0003807188332340891,0.000650448309544957
2010,0,0.00040244222908716903,0.0004036994253230805
2011,0,0.0024870125559802456,0.0038342759270248725
2012,0,0.00047933729653162535,0.0008332505664757678
2014,0,0.0004938999323651752,0.00032829913814891136
2015,0,0.0017982097003652188,0.002038312121971079
2016,1,0.8739858606998574,0.8717707199922191
2017,0,0.00043268689341128787,0.00044333234191385487
2018,0,0.00047555274715201356,0.0003099519529357497
2019,0,0.0017907962367639803,0.0023655464556994136
2021,0,0.00036575138186383996,0.00036138625587177093
2023,0,0.0014468507857326696,0.003050002746211698
2024,0,0.0005941558905251153,0.0006989937790789514
2025,0,0.00043353052071678523,0.0004347877169526967
2026,0,0.0005238911921890052,0.00035829039797274134
2028,0,0.0004825892279316644,0.0008415664905652857
2030,0,0.0004984174706139198,0.000332816676397656
2031,0,0.0007773890941174114,0.0008609821110316249
2032,0,0.018237648532197795,0.021763322721909527
2033,0,0.0004701873427944138,0.001011367970795558
2034,0,0.0020981112899018,0.0027131513803649305
2036,0,0.00034134807301760964,0.0003904511259975986
2037,0,0.00035854417915905616,0.0006113701476061616
2038,0,0.00034862857398705344,0.0005216261715226457
2039,0,0.0008772016170010306,0.0012148967140499093
2040,0,0.0004838220851564349,0.0004944675336590019
2041,0,0.0005103243463782207,0.0006189303266138559
2042,0,0.0007526343431397424,0.0010107113492896671
2043,0,0.0008968143079814243,0.0009649823336877635
2044,0,0.005033893589572812,0.004982211420432773
2045,0,0.0004259038143824457,0.0007244380032378701
2046,0,0.00038648156746217896,0.0007272235858924757
2047,0,0.0007841590177770081,0.0011218541148258867
2050,0,0.00028746074282175323,0.0007041245298509064
2051,0,0.0007120858896109584,0.0008488186055791833
2054,0,0.003326847796497531,0.004043033472249974
2055,0,0.0025706587405739,0.0029733823642739505
2056,0,0.0009825013663503734,0.0010009536963179085
2058,0,0.0005186949870747105,0.0003530941928584467
2059,0,0.0006716145839517085,0.00067287178018762
2060,0,0.0015957070921058286,0.0018378394934682385
2061,0,0.0030915324091281607,0.0031839336666119778
2063,0,0.0004654279487656858,0.000567632522468871
2064,0,0.0021241031188615816,0.003912047619268376
2065,0,0.0007080158435562476,0.0008532554468000229
2066,0,0.0007661983342277962,0.000841944995197611
2070,0,0.0005999590602701453,0.0009221606076795536
2071,0,0.0017485207949261908,0.003245700291557715
2072,0,0.10639725275139224,0.10145841460383946
2073,0,0.0007383808354134051,0.0008779824659934707
2074,0,0.0009107006905300401,0.0012294571945324951
2075,0,0.0015255835437357258,0.00126017804822517
2076,1,0.8140434090394679,0.8120541799308625
2077,0,0.0006642242916421822,0.0007040748812866112
2078,0,0.000498792047822704,0.0005224438144705037
2079,0,0.0013644525625237298,0.0013657097587596412
2080,0,0.03355480021536695,0.03540524115385625
2081,0,0.10082491616049226,0.13771722015013774
2082,0,0.024142037089338486,0.02857270253440542
2083,0,0.015146630328341605,0.019195152885829913
2084,0,0.0005743472092101071,0.00042131602598495575
2085,0,0.0007500007189689431,0.0006817372136617439
2086,0,0.0004030835776504163,0.0007377265283227475
2087,0,0.0006209681081629487,0.00086005823691011
2088,0,0.00032399536608920104,0.00041228862088455814
2089,0,0.0013185278751746284,0.0026021109377376847
2090,0,0.0011458960287301545,0.0013453025910412555
2091,0,0.0007834006529179715,0.001080774208195767
2092,0,0.000545199909012943,0.0006220652192877105
2093,0,0.0007121214378377357,0.000951211566584897
2095,0,0.0009986679985442694,0.0019786462215526713
2096,0,0.00029022202170669463,0.0004066943004800826
2097,0,0.0007483943448673249,0.000977611852735017
2101,0,0.0012156152208710653,0.001043974556823679
2102,0,0.000260548801353855,0.00030965185433384394
2103,0,0.00435848840232647,0.005596644488070768
2104,0,0.0013499136324049816,0.0022560218058293746
2105,0,0.00048469976564502666,0.0003190989714287628
2106,0,0.00040001610430639577,0.000504853992860232
2108,0,0.0007448742286858548,0.0012144064952666108
2109,0,0.0008280829833611412,0.0009290586024646207
2110,0,0.0004374619168477752,0.0004481073653503422
2111,0,0.0005265318854785939,0.00036093109126233004
2112,0,0.0006076961272607788,0.0006592439233090639
2113,0,0.0005786527428786092,0.0009376300055122307
2114,0,0.00045457186539168157,0.000457049372325436
2116,0,0.0011727314110144779,0.0016366101518214913
2117,0,0.0011901460022938001,0.001571651054307851
2118,0,0.0006512362162338563,0.0005043723998592309
2119,0,0.0006734762779233088,0.0007503415881980763
2120,0,0.0004108290469625388,0.000690862859624937
2121,0,0.00037515226500251967,0.0006378795610307288
2122,0,0.000584673268784414,0.0005970680484751621
2123,0,0.0004750050229823088,0.0007735392118377332
2124,0,0.0004262704904449046,0.0004610280264523692
2125,0,0.0005671835360845699,0.0008478138406552034
2126,1,0.9625986896390575,0.9624784933604833
2127,0,0.0005320513374996521,0.0008666942881719833
2128,0,0.0006320616017782043,0.0007089269120529717
2129,0,0.0008217347675782756,0.0006805621379963205
2130,0,0.0003944785350343373,0.0004435815880143262
2132,0,0.0009998636773407934,0.0014693959439215495
2133,0,0.0010302372628879855,0.000801209065194171
2134,0,0.00044664340918583033,0.0005552493894214656
2135,0,0.0006454585586543588,0.0006951524683856873
2136,0,0.0005403792693439265,0.0005751368053513911
2137,0,0.0004127516972965165,0.0004312040272640516
2138,0,0.0009218884532933576,0.0010431908042611636
2139,0,0.0009719772314054761,0.0012907337354079312
2140,0,0.001041755501902495,0.0011253485188167083
2141,0,0.001174546959750483,0.001644079226331239
2142,0,0.000364732947165314,0.0004669375208684992
2143,0,0.006257474283581567,0.006597997801964708
2144,0,0.0012685259967392883,0.0012117694733836922
2145,0,0.0006039018869385142,0.0006414447710612337
2146,0,0.0007458212420220449,0.000838762318200801
2149,0,0.0005841797977649785,0.0007054821487327844
2150,0,0.0006939453766624476,0.0008152477276302534
2151,0,0.0006233935200315676,0.0009689777592505173
2152,0,0.003188211628879184,0.0038767566053078003
2153,0,0.011973332541422198,0.012243431665464908
2154,0,0.0016094550923132938,0.001910858200983234
2155,0,0.004617734808638443,0.00486369332602879
2156,0,0.00331648380165671,0.004124913622170892
2157,0,0.005294833325029731,0.005219208571103688
2158,0,0.15401707094971598,0.1491097875997979
2159,0,0.04108427545097759,0.032783859649579555
2161,0,0.024001105181969254,0.029649102174868908
2162,0,0.01191080327107493,0.022306622599695722
2163,0,0.09445921372516505,0.09876392705923151
2164,0,0.04220558019867996,0.05860983611648679
2165,0,0.06993246698425207,0.0798252680107418
2166,0,0.15252514717607024,0.22131603123221677
2167,1,0.20688117756875912,0.31285124234035533
2168,0,0.0002792684877973943,0.0004057547057998174
2170,0,0.0007158208703248326,0.0009716038254272664
2171,0,0.0005285928833791774,0.00036299208916291346
2172,0,0.00044577666839620833,0.0004581714480869564
2173,0,0.0007520220288364691,0.0006064562349205183
2174,0,0.0003052464346752839,0.0006037806235307083
2175,0,0.0003806597875004742,0.00037727339151067855
2176,0,0.00030521431931562824,0.0004189837282951809
2177,0,0.0008612061024228593,0.0010904236102905513
2178,0,0.0016924002697795517,0.0019044593048227836
2179,0,0.000394068954390694,0.0003906825584008983
2180,0,0.0005171771020881547,0.0003581230898187316
2181,0,0.0003068995019676865,0.00035600255494767544
2182,0,0.0004336003056339947,0.00044599508532474274
2183,0,0.0030677739483077966,0.004632364658772782
2184,0,0.00048735344072923034,0.0003217526465129665
2185,0,0.00043965487355646256,0.0004520496532472106
2186,0,0.0005498696901067655,0.00039081567783734233
2187,0,0.00048755377058132233,0.0007681840751519558
2190,0,0.00031291402062321084,0.0006114482094786353
2191,0,0.0005160682758890119,0.0005284630555797599
2192,0,0.0005201511547202294,0.00036109714245080636
2194,0,0.0005820754779949384,0.0004230214657255152
2195,0,0.00036014203025387746,0.0004874998815702585
2196,0,0.0004953741846459779,0.0006252580711168258
2198,0,0.0010878694326076123,0.0012999284676508444
2199,0,0.000479324999206265,0.0006124052801556388
2201,0,0.0005108939497277267,0.0005232887294184747
2202,0,0.000434118960920432,0.0006836725117652186
2203,0,0.00044266469258213395,0.0004917677455621228
2204,0,0.0005428224733956367,0.0006047231856541517
2205,0,0.0018875798431591245,0.0027189794451390765
2206,0,0.0003928987835528367,0.0005227826700236845
2208,0,0.0005389819931669051,0.0003799279808974819
2209,0,0.0006492817292724094,0.0009439587730325525
2210,0,0.0011447981915918717,0.0015598221461984043
2211,0,0.0012805744752560277,0.0014926335102992598
2212,0,0.014579752387805076,0.017252292050000426
2214,0,0.0004873213637416019,0.0005248642478643213
2215,0,0.001895274512301095,0.002175420735787611
2216,0,0.0004874708458014758,0.000856710512338083
2217,0,0.0007768105389908492,0.0006088604544628327
2218,0,0.001970771123813931,0.0036013054952265342
2220,0,0.001167302696396172,0.0014230856514986056
2221,0,0.001673457916931742,0.002063070719684098
2222,0,0.005264402501739894,0.006783576227122896
2223,0,0.0006132719773151297,0.0004542179650457067
2224,0,0.0017787578876639794,0.0020345408427664127
2225,0,0.0005049965354733921,0.0005016101394835965
2226,0,0.0006703629835157714,0.0006827577632065194
2227,0,0.013844446784734156,0.014191112762676877
2228,0,0.0016410468439809016,0.0019235825152034349
2229,0,0.0006647598866865259,0.0009467622100486029
2230,0,0.002086118666852032,0.00221600255332288
2231,0,0.0008570076057371301,0.0009499486819158862
2232,0,0.001002493321646405,0.0010190082644045686
2235,0,0.001289996754888359,0.0014230770358377328
2237,0,0.0023903653093321903,0.0023352843282246627
2239,0,0.0009687375789533207,0.0009917978599123622
2240,0,0.0016910798684650699,0.0019593985083287586
2243,0,0.01922566520768595,0.01970231686218128
2244,0,0.014971028595089588,0.01452814564309011
2245,1,0.0011003086343966371,0.001133431444195425
2246,0,0.002435465901777798,0.002764813514706026
2247,0,0.0007755476019263873,0.0007531949456580135
2248,0,0.0016709858182662883,0.0018830448533095202
2249,0,0.0028809560311001217,0.0037576890312642362
2252,0,0.0005424673980474817,0.0008587832187119623
2253,0,0.0003337944084379895,0.00038289746141797847
2255,0,0.0018247931263788745,0.002605279393770799
2256,0,0.00031778032469764354,0.0004451381760140245
2257,0,0.0005363052140891266,0.0003772512018197034
2258,0,0.001268853568926116,0.0015712687065941925
2259,0,0.0033137750766025816,0.004944309448015185
2260,0,0.000578244720218814,0.0006297925162670991
2261,0,0.00037569691732437864,0.0006252504681691653
2262,0,0.0009280387466218135,0.0012773734769114416
2264,0,0.00037096824315929614,0.0005040485241086699
2266,0,0.0021014334302981255,0.002837701846320266
2268,0,0.0020127170530128183,0.0027489854690349587
2269,0,0.0007954228104828284,0.0007398331506594375
2270,0,0.0028199343339809406,0.0031000805574674566
2271,0,0.0009277064300972877,0.0012770411603869158
2273,0,0.0007044612538236227,0.0007923434421823945
2274,0,0.0003008171317093671,0.000349920184689356
2275,0,0.0005366068509978156,0.0005490016306885637
2276,0,0.0003235849678585199,0.00037268802083850885
2277,0,0.0011816883259995743,0.0013937473610428064
2278,0,0.0005514727655835225,0.0008572648752877933
2279,0,0.0003613545332639298,0.0006598887221193542
2280,0,0.0004431362322893651,0.0006926897831341517
2281,0,0.001049935624405265,0.0014053675991701517
2282,0,0.0004963803896646872,0.00033732637739526406
2285,0,0.0015654093420240606,0.0019157939650469567
2288,0,0.0007338571328505653,0.0010362722705186417
2291,0,0.0023074825587782993,0.0030437509748004396
2292,0,0.0006524723023739179,0.0006549498093076722
2293,0,0.0014045861715186018,0.001616645206561834
2294,0,0.0005158662816990867,0.0008144004705545112
2295,0,0.0005834210512347807,0.00042436703896535767
2297,0,0.00042747294440736544,0.0005019891226173309
2298,0,0.0008943150541841662,0.0011743488668465643
2299,0,0.0006254943509710889,0.0004664403387016657
2300,1,0.9246668610289748,0.9239761041972092
2301,0,0.002276840200838168,0.0030131086168603085
2302,0,0.00038166073310133813,0.00048386530680452335
2303,0,0.0005093390892200072,0.00035028507695058407
2304,0,0.0026403334630647783,0.00288591560835571
2306,0,0.002273297253481505,0.003295007056752928
2307,0,0.0019347680003262337,0.002253423386224955
2310,0,0.0005817283333581598,0.0009004848373606149
2311,0,0.0009727363027458803,0.0007962987326595268
2313,0,0.0010590423064867531,0.0010593141867138649
2314,0,0.0017729177066603766,0.0015341203702289147
2316,0,0.0006086190066253121,0.0006484695962697411
2317,0,0.0006388701338028007,0.0006764130179255201
2319,0,0.0034190630507847015,0.003773855774604259
2320,0,0.0005406532341142105,0.0005431307410479649
2322,0,0.004285796437120982,0.004687763663992948
2323,0,0.0008114075691301231,0.0005443784862659481
2324,0,0.0021160934235256255,0.0024294728743973378
2328,0,0.0426862235084489,0.041933616375242615
2329,0,0.03720303912739432,0.043238857437266395
2330,0,0.016184272663540045,0.022395146167604303
2332,1,0.9580070223444844,0.9567198230805936
2333,1,0.9450215330079055,0.9415711822258794
2334,0,0.16675739281039872,0.11431250943161539
2336,0,0.0004188124889862292,0.0005518927699356029
2337,0,0.0005641816739360272,0.0006157294699843123
2338,0,0.000939734214415906,0.0006860981219421506
2339,0,0.002025227918691412,0.0017952798984204475
2340,0,0.0005272553607708983,0.00036465703914920146
2341,0,0.0003822979025189983,0.0006059101182589009
2342,0,0.0012134221395937966,0.000987167504934518
2345,0,0.0004472207446522956,0.0007052977508022204
2346,0,0.00043146085890166474,0.0005645411398510385
2348,0,0.0005793437325904801,0.0006768798505492954
2350,0,0.0009802657490284015,0.0012383314980713347
2351,0,0.0006876067438779472,0.0005464341142959921
2352,0,0.0009517162015419275,0.001052691820645407
2353,0,0.0010631667701190175,0.001052906326956259
2355,0,0.0005328410754615234,0.0005843888715098085
2356,0,0.004531564152562971,0.00689782065049733
2357,0,0.00035836874040714913,0.0006079222912519358
2358,0,0.0005562988489106145,0.000858713986578691
2360,0,0.0005044252929150569,0.0008207411135795375
2361,0,0.0010142516667939713,0.001336359929875556
2362,0,0.00034783290181674667,0.0003969359547967356
2364,0,0.0004739471136810964,0.00048634189337184444
2365,0,0.001808957955492628,0.00205454010078356
2366,0,0.0007316940250311256,0.0005924873525001509
2367,0,0.0005308235366704999,0.0005432183163612479
2368,0,0.00046607626058215725,0.0005151793135621461
2369,0,0.0022565242988104414,0.002097470286541018
2370,0,0.0008577368464227533,0.0007185301738917786
2371,0,0.00031745618469375983,0.00036655923767374876
2372,0,0.0006997607997242856,0.0010277909603134926
2373,0,0.0010526529268129231,0.0013161067004274622
2374,0,0.0017444812383134638,0.00336821775451921
2375,0,0.0005771019669257519,0.0007101822478751258
2376,0,0.0018867292212371367,0.0018469745906230424
2378,0,0.0018499519766997283,0.0016735144066133748
2379,0,0.0015637006116028908,0.0028504072736938372
2380,0,0.0005687651267046195,0.0006736030152584556
2381,0,0.0061107709429645135,0.008335537679907915
2382,0,0.0003891653605636008,0.0004382684135435898
2383,0,0.0005319543087406045,0.0006618381952114524
2384,0,0.0012731246170795704,0.0010803523904523798
2386,0,0.00042089839979598246,0.0004700014527759714
2387,0,0.00042437531450642985,0.00047347836748641884
2388,0,0.0006723341192443065,0.0009937788367170432
2389,0,0.0005320365808417805,0.0006593944321581615
2390,0,0.0007117148948637351,0.0008358991345583672
2391,0,0.000525393298226997,0.0003663392859575739
2393,0,0.0014985900132720616,0.0029314807784747952
2398,0,0.0005263990001553331,0.00036734498788591
2400,0,0.0005799801399929768,0.0007098640264638246
2401,0,0.0012486644775317197,0.0013794186176031501
2403,0,0.0017731771487813812,0.003270356645412905
2404,0,0.0005888791264825799,0.00094568698923823
2406,0,0.000982998619759108,0.001107307502868088
2407,0,0.0025463360951314498,0.0026269691530654287
2409,0,0.001848674856244569,0.002217915461215236
2411,0,0.0006951571470421167,0.0007350077366865457
2412,0,0.001277530301695552,0.0012979418203824173
2413,0,0.0015964893576305293,0.0021215235818173653
2414,0,0.00604924750761832,0.006309490388381547
2419,0,0.00038607580801975494,0.00038268941202995927
2420,0,0.0022407404638526704,0.0038644769800584167
2421,0,0.0006004673048245977,0.0004369319449444002
2422,0,0.0015309976606051755,0.0013917909880742008
2424,0,0.0010087475697451705,0.0012912832409677037
2425,0,0.0004254280534755811,0.0007079637246981143
2426,0,0.0009968792644205716,0.0012708855415707197
2427,1,0.9251688080342801,0.9233399498072746
2428,0,0.0006805374037587185,0.0005393647741767634
2429,0,0.0037411036638209856,0.00452158993121291
2430,0,0.001556593459704529,0.0017304486252645366
2431,0,0.0022571446595047243,0.0038808811757104706
2432,0,0.000908880895480351,0.0011209399305235832
2433,0,0.0004833650692631769,0.00032431105699375377
2434,0,0.0010749808082532153,0.0009908606007625017
2435,0,0.0023177356458982216,0.003312826875583379
2437,0,0.0005587070806446899,0.00042263300706508664
2438,0,0.0005763368855476361,0.0008926527062121166
2439,0,0.0027047330898675613,0.0034410015058897016
2441,0,0.0008098880716382534,0.0007542984118148625
2442,0,0.0005075362615822286,0.0005694369738407437
2446,0,0.0028683716827299375,0.004471523643208966
2447,0,0.0009805467372266958,0.0012542412729276363
2448,0,0.0008130847519062698,0.0009140603710097494
2449,0,0.0005049940244610897,0.001046174652462234
2450,0,0.0005283008686014173,0.0008872781312350387
2452,0,0.0008917820349459549,0.0007557079613663516
2453,0,0.003521390736964509,0.0038561467657297482
2454,0,0.00046923601544741986,0.0005905383664152257
2455,0,0.00033593111979185713,0.00045723347075966295
2456,0,0.0014993400959588804,0.001245704003485125
2457,0,0.00045991364934832934,0.00045652725335853367
2458,0,0.0005411953511724006,0.0003821413389029774
2459,0,0.0007974375879711733,0.0007418479281477823
2460,0,0.0014331371030460237,0.0029808040388865907
2461,0,0.000484191784521042,0.0005217346686437614
2462,0,0.0003901438982652708,0.0006886780871206952
2463,0,0.0003902443044473888,0.0004393473574273777
2464,0,0.0003636660803301941,0.00041276913331018305
2466,0,0.00039508843604546344,0.0006936226249008878
2467,0,0.0007214928401924589,0.0006457730656555519
2469,0,0.00046201415177037596,0.00047265960027294295
2470,0,0.0005960514734452907,0.00043045067922902684
2471,0,0.0004806797971794879,0.0008153227478518192
2472,0,0.0018648814907496225,0.0021450277142361384
2474,0,0.0010674090684999853,0.0010640226725101897
2476,0,0.00042985525359328204,0.0007283894424487064
2477,0,0.0006164185339972361,0.0007078740738515278
2478,0,0.0014944988433839752,0.0016112865391505354
2479,0,0.0006405652711350776,0.0006529600508258257
2480,0,0.0006054880387421156,0.00044643402647269253
2481,0,0.0010406204374935912,0.001161922788461397
2482,0,0.0047107784525831685,0.0021425016061965628
2483,0,0.0004764419846976008,0.0007749761735530252
2484,0,0.000786420397066881,0.001140787181313216
2485,0,0.0005142235934597454,0.0005633266464397343
2487,0,0.000516068230153739,0.0005173254263896505
2488,0,0.0006698580027371585,0.0009886145067396137
2490,0,0.0005043338869041127,0.0008313385245158271
2491,0,0.0006812230053163932,0.0007692515260521002
2492,0,0.0008644754558900108,0.0008982536353823291
2493,0,0.3585060994547761,0.23586696118202047
2494,0,0.019707192210243883,0.02671434947512419
2495,1,0.9230034790761457,0.9239945856460419
2497,0,0.018977372857314403,0.019605694670382895
2498,0,0.008453907581202943,0.010143068449048121
2499,0,0.021266806122354622,0.021805458179885183
2500,0,0.05478792146480826,0.10126421480987005
2501,0,0.07043740607328933,0.10099606556666155
2502,0,0.04630099861756465,0.056004167653577325
2503,1,0.9628453060453981,0.9631618676353819
2504,0,0.0008264199181201152,0.0009100129350343286
2506,0,0.0008957399442552803,0.000979332961169494
2507,0,0.0002624441722678118,0.00031154722524780073
2510,0,0.0003061370343029875,0.0006046712231584119
2511,0,0.002572938928919952,0.0026565319458341655
2512,0,0.00039380088722292304,0.00040444633572549003
2513,0,0.0003005014049559254,0.0005990355938113499
2514,0,0.00030594379505769,0.0004197132040372426
2515,0,0.0006194060032878774,0.0007924036008234697
2516,0,0.0002862692080950093,0.00039755739122986414
2517,0,0.0006419887012322075,0.0004737738944040281
2518,0,0.0007663909149005117,0.0012302696557075251
2519,0,0.0007343328239498559,0.0006660693186426566
2521,0,0.0003968695621827882,0.0004075150106853552
2522,0,0.0002779936625349296,0.0003917630715144822
2523,0,0.00024244240412028408,0.000291545457100273
2524,0,0.00035352849310386913,0.0003491633671118001
2525,0,0.0004928047447489137,0.0005406641264960342
2527,0,0.0005043917395043816,0.0003387909452881178
2530,0,0.0002893124394634818,0.0005878466283189062
2531,0,0.0007249123008103083,0.000656648795503109
2534,0,0.00052901405890583,0.0003590143192870847
2535,0,0.00047436965558512605,0.0008333469182187475
2536,0,0.00035729702606302795,0.00047376930483641595
2537,0,0.0014655668147062644,0.0030893033309120103
2538,0,0.0015114835652602064,0.002481530062353197
2539,0,0.0005951473409671941,0.0006430067227143147
2540,0,0.000628892883085902,0.0006642001074234446
2541,0,0.0005252053426284345,0.0003596045484121706
2542,0,0.00029573553612540827,0.0004070237192602631
2543,0,0.0003075208819608088,0.0005772503582716768
2544,0,0.0003992233109928646,0.00065204927943997
2545,0,0.0007650517894440352,0.0011240290520776568
2547,0,0.00040479288150099086,0.00040042775550892183
2548,0,0.00032812236552170077,0.0003772254185016897
2550,0,0.0003831517484110807,0.0004996240271844687
2551,0,0.0021139631058194174,0.0030691612661549153
2552,0,0.0005595939186007428,0.000393993124384479
2554,0,0.0004897250892766465,0.0006061973680500344
2555,0,0.0006057309916664441,0.0004401301974501803
2556,0,0.00043445544491369604,0.000483558497893685
2558,0,0.0006455945992152835,0.0013151590196449855
2559,0,0.000802982450572261,0.0011984378282779665
2561,0,0.007590555961667791,0.011332854834745852
2563,0,0.00046853570777928176,0.0005850079865526698
2565,0,0.0011506593688293926,0.0009850585746131288
2566,0,0.00161454848184744,0.0032608969733045816
2568,0,0.0014469913351848785,0.0018059685978184998
2569,0,0.0005567301308540974,0.0006052343992210799
2570,0,0.00122215550777998,0.001395153105315572
2571,0,0.006411715145130682,0.006731735861430772
2572,0,0.0007723050184286187,0.0005955506760475723
2573,0,0.0020275899095929034,0.0028156098165467167
2574,0,0.0006212703345094339,0.0006611209241538629
2576,0,0.0009369273316014951,0.0009707055110938134
2577,0,0.0011212374108531297,0.0012377096896265178
2580,0,0.0006591521333511418,0.0006828038999989415
2581,0,0.001618956719733138,0.002207905087981203
2582,1,0.9581723049169846,0.9558937666961791
2583,0,0.0004941096982065852,0.0005125620281741202
2584,0,0.0022751735643534434,0.0019160464847922272
2585,0,0.0019763546178962984,0.0020002075243326697
2586,0,0.0011836931297517861,0.0015312578526678945
2587,0,0.0012487923820220393,0.0016426714520432189
2588,0,0.007769838309737681,0.011267659514661557
2589,0,0.018211243520581424,0.02589603302357289
2590,0,0.06966108439137927,0.08975660083239544
2591,0,0.0008256984204452686,0.001289577161252282
2596,0,0.00026807954356010855,0.00031718259654009754
2597,0,0.0006035004137710783,0.0005175424047250188
2598,0,0.0005300429286586425,0.00036444213444237865
2599,1,0.9800420064692027,0.9788330737041041
2600,0,0.0003071700045919043,0.0006057041934473287
2601,0,0.0004924423211627166,0.0005403017029098372
2603,0,0.0004906209545752466,0.0005384803363223671
2604,0,0.0014381023902049627,0.002408148887297953
2605,0,0.0011874330550254216,0.0011189945818427408
2607,0,0.00048582182704583963,0.0003202210328295758
2608,0,0.00048150596499740774,0.0005550133830256274
2610,0,0.0002912500441312213,0.0006100065481336763
2611,0,0.0004118360899723613,0.0004224815384749283
2612,0,0.001038030068679246,0.001237436630990347
2613,0,0.002458450344109402,0.0030578224463773487
2615,0,0.0002874312943358621,0.0003365343473158511
2616,0,0.0004187476976379782,0.0004293931461405452
2617,0,0.025173737026746454,0.027460702152302677
2618,0,0.0003021649410345793,0.00041593435001413196
2621,0,0.0005063122154494247,0.00034071142123316076
2622,0,0.0005129033613486826,0.00034730256713241873
2625,0,0.001597508180664984,0.0026730969236960053
2626,0,0.0008527640274030716,0.0009503001453618869
2627,0,0.0007365456099149572,0.000561971804010984
2628,0,0.0021314068601386185,0.003147767872178465
2629,0,0.0009627582851324071,0.0014194601603625537
2631,0,0.0022850053591295496,0.0031472052708674996
2632,0,0.0005169981966751075,0.0005276436451776745
2633,0,0.001118669897889214,0.001471610168662416
2634,0,0.0004580496997294662,0.0006032893029732415
2636,0,0.0005638398851491751,0.0005744853336517421
2637,0,0.003908686368725742,0.006265500088490399
2638,0,0.0018905942868068606,0.002130696708412721
2639,0,0.0012271941025893355,0.0015801343733625375
2640,0,0.0009756537372689735,0.001231436692371407
2641,0,0.0024436939884290043,0.003305733681048791
2644,0,0.0011077454150196365,0.0014211248658913486
2645,0,0.0005724077760168727,0.000609950660139592
2646,0,0.0005747640686343005,0.0004157100563648773
2648,0,0.0010560828212767988,0.0012677394501792588
2650,0,0.000578008619245041,0.0005746222232552452
2651,0,0.003196682453259958,0.004003452622412749
2652,0,0.0023540894347252594,0.0027070297054984614
2653,0,0.0017020097169935838,0.0020019498349365525
2655,0,0.000861684913362363,0.0011549913689294792
2656,0,0.004777048758918913,0.005057082571581311
2657,0,0.0030599390454326514,0.004103968352777123
2658,0,0.001501410959741217,0.0018488787163375361
2662,0,0.0009736553809363979,0.0010678842956154337
2665,0,0.0007302109533087555,0.0007688987869743662
2666,0,0.013707551294801022,0.01687037038281621
2667,0,0.06263550944795432,0.051409344521434364
2668,0,0.03461952312197005,0.036952955844145194
2669,0,0.025409214825098253,0.02541090596368905
2670,0,0.05467152928749657,0.054629842459210265
2671,0,0.020130216080966205,0.020408511484441928
2672,1,0.02284102703860654,0.025180434482982402
2673,0,0.00045955644538507037,0.0010007370733862147
2674,0,0.00033562140454905596,0.0003847244575290449
2675,0,0.00034668129333467463,0.00046568243352563925
2676,0,0.00037749623324048493,0.00037410983725068926
2677,0,0.0005095349169939841,0.00035048090472456097
2678,0,0.00032836157699383443,0.0003774646299738233
2682,0,0.0003270454887405542,0.0003761485417205431
2683,0,0.0020057015109961073,0.0026207416014592377
2684,0,0.000831772641200637,0.0005986924189488145
2685,0,0.000553717115468205,0.00039466310319878184
2686,0,0.00033550190686102604,0.00045680425782883185
2687,0,0.0006192559223171095,0.000978233184950731
2688,0,0.0016834293518574205,0.0019635755753439365
2689,0,0.0016780077966273613,0.0019581540201138773
2690,0,0.0005070581847355263,0.0005990096919566042
2691,0,0.00044001949807621183,0.0004424970050099663
2692,0,0.0008256273718218561,0.0012823292470520028
2694,0,0.0009288313049494455,0.0010784458548775537
2695,0,0.00039731552099061125,0.0003939291250008156
2697,0,0.0005454560096774784,0.0006367709460223137
2700,0,0.00886394668118774,0.010133142481435924
2701,0,0.0005347744036485692,0.00037572039137914607
2702,0,0.0023039452619056165,0.0030844315292975406
2703,0,0.000536960254967361,0.0008959375176009823
2704,0,0.004208640672111531,0.0051786871692045214
2706,0,0.35145096220729866,0.3549766363970104
2707,0,0.0006129826021667488,0.0004539285898973257
2708,0,0.00034404220544480025,0.0006425763943002247
2709,0,0.007979803864094713,0.00798228137102847
2710,0,0.0005228542754206562,0.0003638002631512332
2713,0,0.0022489703555264627,0.0032190168526194532
2714,0,0.0013794878598247956,0.001211537775296779
2715,0,0.0020474904611077205,0.0027360354375363365
2716,0,0.004117405806857645,0.0045307355571303255
2717,0,0.0005356254195373648,0.000870268370209696
2718,0,0.0007284305562690703,0.0010342226659733412
2719,0,0.0023869442569182503,0.0032683029811973845
2720,0,0.0008054660949681246,0.001159379364912267
2721,0,0.000434409414196814,0.00048351246717680295
2722,0,0.0004230465641542983,0.00047214961713428724
2723,0,0.0005845545629420716,0.000883088751797496
2724,0,0.001744631857675516,0.003347783818154544
2725,0,0.0006789804986743244,0.0005087729382401188
2726,0,0.00046248330622904524,0.0004828948249159104
2727,0,0.0007031390311575314,0.0009978160749176744
2728,0,0.0006721917232254532,0.0009668687669855963
2729,0,0.001391473519703366,0.0012503008901214108
2730,0,0.002325730321634723,0.0025377893566779553
2731,0,0.0008637221351487141,0.0008081324753253232
2732,0,0.0007408202073567322,0.0005706126469225265
2733,0,0.002060200397283769,0.0023095453548689087
2734,0,0.0007368395579831973,0.000696322503570803
2735,0,0.0004792137122559527,0.0005283167652359417
2736,0,0.0015781477036387367,0.0016791233227422162
2738,0,0.0006547781836372063,0.0006671729633279545
2740,0,0.0005184285947638335,0.0005388401134506987
2741,0,0.0005354163960281633,0.0005729592801508827
2742,0,0.001812641154004885,0.001996742381916449
2743,0,0.0017640991018342306,0.0028573891741635327
2744,0,0.0008920190691719164,0.0007284837092917189
2745,0,0.007541913367191034,0.007922906568546204
2746,0,0.0005565082179923348,0.0009040729409084431
2747,0,0.0015170918406167998,0.0020437115906256622
2748,0,0.0006720157120695143,0.0007118663017139433
2749,0,0.0007594535885049002,0.001078210092507355
2750,1,0.0006037496433559953,0.0006062271502897498
2751,0,0.0008366548831271001,0.00096096376623608
2754,0,0.004735512365676349,0.004455767129021333
2755,0,0.0016430384050162823,0.0016430662410370476
2756,0,0.0018904751216796724,0.0019280180058023916
2757,0,0.00751704335514543,0.008732564548474639
2758,0,0.040143775165594434,0.04484140319670997
2759,0,0.041280066355370626,0.05079515161261797
2760,0,0.028857556305815532,0.036930818779688894
2762,1,0.9801668335019358,0.981871089979923
2763,0,0.023222392438290308,0.04515320119289392
2765,0,0.0008341024267452372,0.0012979811675522506
2766,0,0.0008995911460141705,0.001363469886821184
2767,0,0.0009712295111091144,0.0009737070180428689
2769,0,0.0006143617593789079,0.0007582268586553474
2770,0,0.0004600948163255297,0.0006138571134447718
2773,0,0.0004243343831810482,0.00043672916287179625
2774,0,0.0007437656798681301,0.0006045590073371554
2775,0,0.0014822851517610565,0.0016153654327104303
2776,0,0.0006560601955820091,0.0004925248357018116
2777,0,0.0005947928641553776,0.0006996307527092137
2779,0,0.001623917192139074,0.00324765370834482
2780,0,0.001493315497234804,0.0024359640364092503
2781,0,0.0003624241454160008,0.0006557306009831171
2783,0,0.00041052386262484594,0.0004596269156048349
2784,0,0.0005669797738472865,0.0004079257615778634
2785,0,0.0013136912058753598,0.0014875463714353675
2786,0,0.001076248175207307,0.0012348594876109107
2787,0,0.0006500039310493723,0.0005972675916445164
2788,0,0.0006082133690213142,0.00044915935675189113
2789,0,0.0015247120148941214,0.002849913353532707
2791,0,0.0023363784515124833,0.0032229075296719366
2792,0,0.000712629985649646,0.0007619812284566979
2794,0,0.000538237583957724,0.0008437933919383334
2795,0,0.0005238340329295586,0.0005278091520032212
2796,0,0.0013819558240580044,0.001482931443161484
2797,0,0.000388444133219228,0.0005470554456228318
2798,0,0.0019014551863780539,0.002270883139064942
2799,0,0.0005158707017898325,0.000504516663998219
2800,0,0.0014137352632527696,0.0016558676646151796
2801,0,0.0008429953996302426,0.0011091509928124518
2802,0,0.000674004040837258,0.0006212677014324021
2803,0,0.0010550120428279666,0.0013627626335058884
2804,0,0.0018986121545280874,0.0035223486707338337
2805,0,0.000593205000643169,0.0006055997803339169
2807,0,0.0016623821457428336,0.0017873283835572243
2809,0,0.0005193618291321005,0.0005569047132548199
2810,0,0.0005144029896345541,0.0005110165936447584
2811,0,0.0005378884911635735,0.0008204241623861067
2812,0,0.000550522295404902,0.0005529998023386565
2814,0,0.0007589756650306104,0.0009319732625662026
2815,0,0.001319453877668548,0.0014204294967720276
2816,0,0.0005810510747932923,0.0007084089261096733
2818,0,0.0006333505073447456,0.0007139835652787247
2819,0,0.0008654824346767151,0.0006407682542061137
2820,0,0.001887249921568856,0.002167396145055372
2821,0,0.0014603218673282137,0.0017940966134305028
2822,0,0.0017968973695797247,0.0021611660116896275
2823,0,0.0005443329109793016,0.0006996145725970955
2824,0,0.0071112117878441355,0.009581071534909263
2825,0,0.0007408115331246795,0.0007447866521983421
2826,0,0.0006951826809948469,0.0005317297233229422
2827,0,0.000831075487816961,0.001179096918607641
2830,0,0.0005179556139159021,0.0005705763002140591
2831,0,0.0014968664578879722,0.001718470387574267
2832,0,0.0009841099969222118,0.0011439277093686512
2834,0,0.00823478161587274,0.008087974212758095
2835,0,0.004741823835695279,0.005078997061182576
2836,0,0.0007313415140402264,0.0005643442470160481
2837,0,0.0012050349294508065,0.0010242093005466894
2840,0,0.003475684558101451,0.0040862283852628346
2842,0,0.0026090850309263324,0.00294848768822096
2843,0,0.005420202963061586,0.005457878656307358
2844,0,0.001173894222954758,0.0014646443986978275
2849,0,0.3264038298572313,0.2906422980771137
2850,0,0.02427793890798862,0.035895740743006596
2851,0,0.01636868702374563,0.01817589086117593
2852,0,0.056964744595163555,0.08590221371940793
2853,0,0.03568136987911112,0.05028231645150484
2854,0,0.014706684655045578,0.01861048385303669
2855,0,0.01953888630776794,0.022507774014942757
2856,0,0.07327073946723019,0.07353613334977704
2857,0,0.04296341762997538,0.04513878414685035
2858,0,0.11011492896051633,0.1277672436797166
2859,1,0.9564018786562439,0.9563784871543705
2860,0,0.06103085751068149,0.13063959127195598
2861,0,0.7201826727640324,0.7557353542010228
2862,0,0.04001866419008126,0.03747427946758546
2863,0,0.24581038132775862,0.24880437018812504
2864,0,0.09834372360799291,0.09779787115942717
2865,1,0.33124213750051457,0.4306827202512625
2866,0,0.0005805844848080624,0.00041798616318636543
2867,0,0.0025663700748047367,0.0028679762440282012
2868,0,0.005026593007372061,0.005196899601417099
2869,0,0.0025514944341117297,0.00283124448499175
2870,0,0.0005404769730142547,0.0007922151420041547
2872,0,0.0004392722869608315,0.0004923841315093564
2873,0,0.0009032548750873037,0.0013237425943339073
2874,0,0.0003800743040956044,0.00043318614864412924
2875,0,0.0006645876279197391,0.0009380975432849946
2876,0,0.0006419310998407883,0.0006365886161435061
2879,0,0.0006273037625130599,0.00046030649548888143
2880,1,0.9557903716284414,0.9552253328277067
2881,0,0.0005462766742548439,0.0006357325275438407
2882,0,0.0005391342719750474,0.0006342965573393515
2884,0,0.000606199838343339,0.0006480099041700158
2885,0,0.0007672550636380776,0.0008090031811885464
2886,0,0.0020579110372290392,0.0034946313836842517
2888,0,0.0027053186255780034,0.003026730452755597
2890,0,0.000642283988619386,0.0006462591076930486
2891,0,0.0004967107959571408,0.00048535675816552737
2892,0,0.0007538774187566782,0.0008490397041209822
2894,0,0.000410532123206856,0.00046364396775538084
2897,0,0.0010691022629070964,0.0013949669202571427
2899,0,0.0008503662217896398,0.0011021043907795398
2900,0,0.0011754728154018145,0.0010368973161317204
2901,0,0.00048394336273941774,0.00047258932494780427
2902,0,0.0011324593392840884,0.0013540632689703833
2903,0,0.0006352181055004958,0.0006391932245741585
2904,0,0.0006684210745041465,0.0006630785908068645
2906,0,0.0004860579411235472,0.000539169785672072
2908,0,0.0005191145778761268,0.0006085504056775033
2909,0,0.004179871389507359,0.005240036478498482
2910,0,0.0006692550765029872,0.0007795574250652924
2911,0,0.0006351299768273687,0.0007312361297890647
2913,0,0.0023783600378415844,0.0022392282463027996
2914,0,0.0006586676634095432,0.0004960693417878462
2915,0,0.0008098021877266432,0.0008044597040293611
2918,0,0.0006521084689478207,0.0006818648919469474
2919,0,0.0009030078188380279,0.0011994058203426317
2920,0,0.002776500828138818,0.0028723735793758816
2921,0,0.0009300053421791581,0.001025167627543462
2922,0,0.0015047013987469027,0.0015573220850450596
2923,0,0.0006615757522180929,0.00071419643851625
2925,0,0.0007600938674179316,0.0008704418666962031
2927,0,0.001879248379184451,0.0017258324459887048
2928,0,0.001904381501879671,0.0020951370159113837
2929,0,0.005712186545218084,0.006152575383729954
2930,0,0.0017722017446800855,0.002068599746184689
2931,0,0.002711495915902594,0.003075969287234455
2932,0,0.0029330370213770884,0.004206102059843451
2933,0,0.0006413807695499705,0.0006711371925490974
2934,0,0.005920600675983546,0.006046565477278221
2935,0,0.0006634720022611636,0.0007441978610045566
2936,0,0.007699045771132753,0.008069943067584838
2937,0,0.002130320371635512,0.0021386552401405213
2938,0,0.007150499586908466,0.007409944522402302
2939,0,0.002091912104914839,0.0021216685279139657
2941,0,0.0069078737929269204,0.010545482435656258
2942,1,0.003621410360988195,0.003856614677612255
2943,0,0.0009522290813438672,0.0009668276220052138
2944,0,0.0057096533314675135,0.005567003945025582
2945,0,0.00041656521067676817,0.00046967705522529303
2946,0,0.004159604733418729,0.004481016560596323
2947,0,0.0009025195020367151,0.0007745901193580567
2948,0,0.00250251954553391,0.002336939383059816
2950,0,0.0017188336683371282,0.00203979582349028
2951,0,0.001605632691234083,0.0017416611684460575
2952,0,0.0005270032561680025,0.0005801151007165273
2953,0,0.0011112684771875936,0.0014868075730239186
2955,0,0.0005042155692085546,0.0004988730855112724
2956,0,0.0010258909550724215,0.0013083041224358572
2957,0,0.001545661923028267,0.0015874100405787357
2959,0,0.000578512114566241,0.0009148578505488005
2961,0,0.0005594886610537971,0.0008804508162069487
2963,0,0.0005388084832279137,0.0005919203277764386
2964,0,0.0008184252287145176,0.001299088598787662
2965,0,0.0012657884495020097,0.0016324205128489572
2966,0,0.001189357720788861,0.0010447423772959495
2967,0,0.00038092018243551784,0.0007229963308199713
2968,0,0.0033182312188942747,0.004192967944698845
2970,0,0.0007851707511072149,0.0008302022212420006
2971,0,0.0007669076829923416,0.0008290809080340675
2973,0,0.001825024011452021,0.0020369141383899166
2974,0,0.0010018660434922676,0.001112168392054573
2976,0,0.002762274345239954,0.003170810515379441
2977,0,0.005206108039278367,0.005618772880096072
2978,0,0.0016180768453746767,0.0015084439617771186
2979,0,0.0006041980877809211,0.0009028407641913619
2980,0,0.0005286610260991587,0.0005817728706476835
2981,0,0.0005905540222574877,0.0006203104452566146
2982,0,0.0010720572012886409,0.0011251690458371657
2983,0,0.001100129985485291,0.001094787501788009
2986,0,0.001250391165556529,0.0012390371277649155
2987,0,0.003129842121916498,0.003234680010470334
2988,0,0.006260056585232474,0.006683199240590675
2989,0,0.0010665187898814786,0.0011607477045605143
2991,0,0.0008802772769373037,0.0006472809259302544
2992,0,0.003946361259926473,0.004787341968581391
2993,0,0.0047384187591001355,0.004733076275402853
2995,0,0.002557596920196352,0.002656330019522475
2996,0,0.002629889772845078,0.0027756321060308483
2997,0,0.0007448206384580909,0.0008470252121612761
2998,0,0.02052142529966416,0.023731737830566074
2999,0,0.0008110017152180354,0.0011165575231986448
3000,0,0.19291968964301645,0.1925627998983318
3001,1,0.9818048429121193,0.9783724878585429
3003,0,0.0007137658506943464,0.0005435582902601409
3004,0,0.0010273488244051546,0.001031323943478817
3005,0,0.0009761965682729174,0.0013114813504975218
3006,0,0.001663314558842097,0.0019949394501832885
3007,0,0.0008378259782223649,0.0009835683114081352
3008,0,0.0031086166721578366,0.0034272720580565573
3009,0,0.0018904024464024588,0.0017086145431744974
3010,0,0.001415214845549422,0.0012334269423214606
3011,0,0.000984898475986751,0.0008258444637173278
3012,0,0.0023920693200509494,0.0026593547517632793
3013,0,0.0016853032723006985,0.002142288893899254
3014,0,0.0023121686499268505,0.0024694405046234726
3015,0,0.0025364736121694905,0.0023635610779418697
3016,0,0.0015005462299802592,0.0012316421996519588
3017,0,0.02033299424081294,0.011040115398063599
3018,0,0.018512239104242902,0.02304733901206708
3019,0,0.025425275799944025,0.02618430884993611
3020,1,0.9676275962253715,0.9704754926203056
3021,0,0.11045323231447843,0.1102877264671718
3022,0,0.11853662420824844,0.10435446453597767
3023,0,0.0435044759939732,0.05220962121419212
3024,0,0.08295522567871369,0.083922276281894
3025,0,0.026348369788261196,0.027400937020518865
3027,0,0.3248417973531706,0.4869310121664672
3028,0,0.0005776720340190344,0.0007541840195395865
3029,0,0.0038825462010615482,0.0041821466472662825
3030,0,0.0006592540939013894,0.0009670046845793111
3031,0,0.0005121421389116863,0.0007915404812955789
3032,0,0.000996680624790395,0.0012959814012739415
3033,0,0.0005231325761449487,0.0005271076952186113
3034,0,0.0007788518738869019,0.0009782584361980027
3035,0,0.0005024474481510883,0.0007818457905349809
3037,0,0.002567247244553462,0.004003967591008674
3039,0,0.001992008096753968,0.003615744612959714
3040,0,0.0006879587049891603,0.0005289046927197372
3041,0,0.0004177703795646208,0.00046687343254460975
3042,0,0.00048619806734204163,0.0007655964097259342
3043,0,0.0004511456931088357,0.00046354047279958374
3044,0,0.0005945551154905432,0.00043550110322112005
3045,0,0.0005274448175325795,0.0008099804887551127
3046,0,0.000519109031085733,0.0003600550188163098
3047,0,0.00046620500765271865,0.0004785997873434667
3048,0,0.0004365778308952596,0.0005696581118446334
3052,0,0.0018069272447351547,0.002587413512127079
3054,0,0.00041130395762078764,0.0005171910593661348
3055,0,0.002249726444874264,0.0034623554927326787
3056,0,0.0012401062033237241,0.0011643864287868171
3060,0,0.0027547519636915083,0.003163288133830995
3061,0,0.000557439585144266,0.0008422042059352776
3062,0,0.002867421195020152,0.0034264692298118515
3064,0,0.0013978408917210588,0.001747175622010687
3065,0,0.0005494265808336624,0.0004925560202492039
3066,0,0.002235607333459944,0.0024459342952156266
3067,0,0.0006888799776621314,0.0007946568612106719
3069,0,0.00037400897009539014,0.000427120814643915
3070,0,0.000518188438743683,0.0006101399459647609
3071,0,0.0013402704795942753,0.0016250351003852868
3072,0,0.00182167915704726,0.001679029770605329
3073,0,0.0026569494446358945,0.00330782261295486
3074,0,0.0007302766041712302,0.0008405789527335353
3076,0,0.0014072716411399322,0.0017155961339174195
3078,0,0.0005581958506153101,0.0008407315218378434
3079,0,0.0027516082297658565,0.003487876645787997
3080,0,0.002038002189470523,0.002318148412957039
3081,0,0.0005898319172778604,0.00041962435684365484
3082,0,0.0007032255369884598,0.0007057030439222143
3085,0,0.002013076041884126,0.003910358972683809
3086,0,0.0009159049860994856,0.0012009934064528339
3087,0,0.0007911518406966068,0.0009210357271674546
3089,0,0.001953633561819552,0.002063062445508381
3091,0,0.0008598323684921955,0.001173359319407331
3092,0,0.008049624344902296,0.008526640504798582
3093,0,0.0038039247454071407,0.003664718072876166
3094,0,0.001442088467556914,0.0016102306936530237
3095,0,0.0013758157109035015,0.0016360585916667277
3096,0,0.000669251018480872,0.0006658646224910763
3098,0,0.002065566989486409,0.0026629311039472973
3099,0,0.0022203870168144395,0.002536277575147206
3100,0,0.0015369283669299128,0.0016114445451398782
3102,0,0.0009683760498967302,0.0012503783732588072
3103,0,0.002287362508413898,0.002610956023925
3104,0,0.0007309826276096547,0.0007513941462965199
3106,0,0.031031208183603297,0.02993616177044795
3107,0,0.053156199823856165,0.051941528614531204
3108,0,0.011049094559943032,0.011779668238458493
3109,0,0.030269298331937616,0.03711958380949823
3110,0,0.023855913270081075,0.017548051209987345
3111,0,0.00031703819466467946,0.0003661412476446684
3112,0,0.00061761095185565,0.0009138831745238861
3113,0,0.002379950544172009,0.002660096767658525
3115,0,0.0011539045722378399,0.001283788458708688
3117,0,0.0003269955290574392,0.0003760985820374281
3119,0,0.0007495120506564286,0.000875136646143588
3120,0,0.0004524598915187335,0.000454937398452488
3121,0,0.0005020699379662313,0.0003430159256968083
3122,0,0.0009091181797736675,0.0011916538509962008
3124,0,0.0005614233400375744,0.00040236932776815135
3125,0,0.00048033016217553104,0.00032127614990610793
3126,0,0.0007360448253959627,0.0010384599630640391
3127,0,0.0005570936667928688,0.00039803965452344574
3128,0,0.0016905323576828495,0.0020990613738041883
3129,0,0.0005301978904792282,0.000579300943459217
3131,0,0.0006515725074153853,0.0010045127781885873
3135,0,0.0015787380193283565,0.0025213865585028026
3136,0,0.0019229728556018613,0.003546709371807607
3137,0,0.00322148847217125,0.0037480941054597733
3138,0,0.000524999570045174,0.00036594555777575083
3139,0,0.0015558124556187469,0.002535790678627149
3141,1,0.4147505559400667,0.3438194015115824
3143,0,0.0005091726861501589,0.0006481528402339535
3145,0,0.0005533931357874836,0.0006895986777202218
3146,0,0.0008181227335831244,0.0011575062553068384
3148,0,0.0008175151287399185,0.0008593251945665953
3149,0,0.0005912274578411944,0.0006403305108211834
3150,0,0.0007622164409342195,0.0007661915600078821
3151,0,0.0006692059946025513,0.0007183090475825402
3152,0,0.001274010535143097,0.001345638043795278
3153,0,0.0012483330797662673,0.0013505376534694523
3155,0,0.0016750549421373929,0.0017048113651365196
3156,0,0.0029032841279056473,0.0037898132060651003
3158,0,0.0006831623600117164,0.0005129547995775107
3159,0,0.002370005324863217,0.002364662841165935
3160,0,0.0013887039314279172,0.0016007629664711491
3161,0,0.002473713147515259,0.0026840943343009035
3162,0,0.015069709457682833,0.017919067551823036
3163,0,0.0011243987419190143,0.0012667727614368136
3164,0,0.0008285045339146374,0.0009708785534324368
3165,0,0.002765510838224763,0.002814015106591746
3166,0,0.0006852746644547764,0.0007150310874539031
3167,0,0.0011455820484889859,0.0012979746813474554
3168,0,0.0033812525468924393,0.0036410468424896026
3169,0,0.0036425048161120195,0.003556997259318693
3170,0,0.0014051662444943382,0.0017479864161013463
3171,0,0.004111543041596133,0.004213747615299319
3173,0,0.0011957901076955105,0.0015160474709197524
3174,0,0.0007099044986902202,0.0007497550883346492
3175,0,0.0006453906131521137,0.0006852412027965427
3176,0,0.0010979147227784256,0.0009227822019447873
3177,0,0.00259737137492486,0.0030618416521438294
3178,0,0.001103132147635334,0.0013855351389209679
3179,0,0.0030286471353581194,0.0034560938814219766
3180,0,0.0010353361198927036,0.0012848896707374903
3181,0,0.0016477418530497234,0.0019149573354512056
3182,0,0.0008130695380443593,0.0008506124221670787
3183,0,0.0013859513826057043,0.001548004288934542
3184,0,0.0011320196850807573,0.0008706170280770145
3185,0,0.0008471219964906248,0.00086753351517749
3187,0,0.01843479573743813,0.020771246032412153
3188,0,0.04922101191063174,0.05191654579718803
3189,0,0.010559358260715551,0.01087027203183606
3190,0,0.019895874681667793,0.02490477651945096
3191,0,0.05798622873408803,0.18236358036398642
3192,0,0.07178347734794846,0.1086915503307869
3193,0,0.02596234017599581,0.024417122656399625
3194,0,0.0008773858875386661,0.0009783615066421456
3195,0,0.0017593860426922366,0.0018696883912545418
3196,0,0.0003876372602153182,0.00043674031319530717
3197,0,0.0004183996012458118,0.0006679531520905985
3198,0,0.00038755864262487983,0.0004366616956048688
3200,0,0.0003249962760228495,0.0003781081205713744
3204,0,0.0006617794904188183,0.0004991811687971215
3205,0,0.0011693983307551866,0.0012609634170878325
3206,0,0.0005452312703564202,0.0004937274271093848
3207,0,0.0003803767026714454,0.0004334885472199703
3208,0,0.0004158180343743703,0.00046892987892289517
3213,0,0.0005348329986605009,0.0005973768659988535
3214,0,0.001718936923368027,0.002083961516094324
3215,0,0.0015271900449013098,0.0014175571613037517
3217,0,0.0007153706315843801,0.0009769620257192649
3219,0,0.001725170780714619,0.001909352616866054
3220,0,0.0005814150023042031,0.0008331531712941031
3221,0,0.0005829351682625455,0.0008346733372524456
3222,0,0.0009797127169179464,0.0009172617049640198
3223,0,0.00146189086255985,0.0017924910693291678
3224,0,0.0011215920527128393,0.0013733302217027394
3225,0,0.0006228739475323446,0.0008746121165222447
3226,0,0.000547950787462118,0.0008443957490896479
3227,0,0.0008613286344626215,0.001190181775007605
3228,0,0.0004528947368665832,0.000506006581415108
3230,0,0.0006725372323251411,0.0005912746815674476
3231,0,0.0004399014745065853,0.0004930133190551102
3233,0,0.0014355331255793764,0.0021079099255873566
3234,0,0.0029329982245450657,0.0026217126377635802
3235,0,0.001639231056725882,0.0027618037011902874
3236,0,0.0029538766972466725,0.004271347343935738
3237,1,0.5344869355094278,0.5414503087126576
3238,0,0.0024480986824597104,0.0020291843887831913
3239,0,0.0031901073515294897,0.004829832312113645
3240,0,0.01138512796594345,0.013539138751296094
3241,0,0.0015778124570270562,0.0027395830601822384
3243,0,0.0024237285285501663,0.0027202607221405574
3244,0,0.0036169548600370215,0.0043097480602759105
3245,0,0.015357872214120522,0.01706020024525904
3246,0,0.001091456279688224,0.002340101224293513
3247,0,0.0006181433661841816,0.0004555450445624847
3248,0,0.0009925554987592865,0.0013528933773819165
3249,0,0.0011355005659248387,0.0012316067188865346
3251,0,0.006318522609126321,0.005683328130536261
3253,0,0.0018669341569915077,0.0031011957956136914
3255,0,0.013294322178133708,0.013683444126125767
3256,0,0.0006470028804222032,0.00067675930342133
3258,0,0.0007455644647892453,0.000981287658816919
3259,0,0.0006848473354463664,0.0005222490138246695
3260,0,0.0005409816699943975,0.000630417497795774
3261,0,0.00197896292697452,0.0022801291317333253
3262,0,0.0009372309432499639,0.0012612799768929879
3263,0,0.0010658881983370042,0.0011553440516260012
3264,0,0.009631653255225359,0.009831162226353636
3265,0,0.001090604409855692,0.0011735089003847992
3266,0,0.01363571039647669,0.013745246272210543
3268,0,0.0008946857168840008,0.0006254895645799565
3269,0,0.00602496626021364,0.0063544293534962765
3270,0,0.007934426153218587,0.00849245030553568
3271,0,0.1009655916733978,0.10216159647847588
3272,0,0.07768847258703353,0.052688112373313056
3273,0,0.019804204254756534,0.026124006441491314
3275,0,0.0005921545673841403,0.0004295562457624434
3276,0,0.0005019500923019345,0.0008044474986164496
3277,0,0.0017982185952291872,0.0018400286610558642
3278,0,0.0005916455943555635,0.0008817162580780278
3279,0,0.0007554434892785987,0.0008515496422402949
3280,0,0.0024512336598078665,0.0027449397219165483
3281,0,0.0007277495674131902,0.0007317246864868528
3282,0,0.0016917294356239593,0.0016292784236700327
3284,0,0.0007168276725262911,0.0010531734085088506
3285,0,0.013269226409189174,0.013367850211932281
3286,0,0.0004609479960538431,0.000455605512356561
3287,0,0.0006017496819449744,0.0007034071088173096
3288,0,0.0005080767410320344,0.000496722703240421
3289,0,0.0012988150102696949,0.0013939772956339989
3291,0,0.001579524914444843,0.0018760571080352344
3294,0,0.0023274764534685338,0.0032140055316279867
3295,0,0.0004361547718144724,0.00042480073402285896
3297,0,0.0032952483110347277,0.003462192274422312
3298,0,0.0005982614444190143,0.0008776597868029068
3300,0,0.0017696664133565565,0.0020689671898401025
3301,0,0.0006256274947227499,0.000752853473640095
3303,0,0.0015741313569916824,0.001881881947669604
3304,0,0.0017339431196330573,0.0020347833753386353
3305,0,0.0008251354458368989,0.0009299733343907351
3307,0,0.0019187971806805982,0.0020926523462406056
3308,0,0.0004781631731455168,0.0005272662261255057
3309,0,0.0016256855156703155,0.0017101284536897563
3311,0,0.0035198265325558373,0.00440635561071529
3312,0,0.0009178834892801578,0.0007543481293999603
3313,0,0.0011470705972088215,0.001468482424386415
3315,0,0.0006770789918157031,0.00051802497954628
3316,0,0.0009418495516818617,0.000771641991247656
3317,0,0.017754652551874094,0.02008580901299417
3318,0,0.0010817809904228389,0.0008490553446633365
3320,0,0.0009776843671688165,0.0012700027247426519
3321,0,0.002612963670692973,0.0029508628337224104
3323,0,0.0023744307276350137,0.003788056651409321
3324,0,0.00067697798331844,0.0005143796616967431
3325,0,0.0005929453434233705,0.000581591305631757
3326,0,0.0006535545641351281,0.0007783648365962609
3327,0,0.0011885535323775292,0.0015103777104674562
3329,0,0.0008982558561527129,0.0009400039737031817
3331,0,0.0017638025911369697,0.0020573178344595513
3332,0,0.0007448984157505572,0.0005813630558703597
3333,0,0.0010525697799359426,0.001384812400177521
3334,0,0.004768513048540452,0.005704282419540779
3335,0,0.0006360183809906513,0.0007746867269458914
3336,0,0.0010042756153213212,0.0010820463651562992
3337,0,0.0006709744104104627,0.0005119203981410396
3339,0,0.0010546564330121025,0.0011830467166801494
3340,0,0.0015172027580618794,0.0015495102548771943
3341,0,0.0010116473684597359,0.0008414398080255303
3342,0,0.0022023259634038053,0.0034117941157889523
3343,0,0.00178259160428619,0.002041090406258832
3344,0,0.0005918070535728259,0.0005804530157812125
3345,0,0.005919431594457674,0.006419089640151248
3346,0,0.0010381333191577652,0.001381212188838325
3347,0,0.001384057012496953,0.0012448503399659784
3349,0,0.0008448609199814153,0.0008488360390550779
3350,0,0.004865959195017928,0.005311444351135554
3351,1,0.9175237660399413,0.9155113563209087
3353,0,0.0008399837098870901,0.0009080490837713982
3354,0,0.00115031162098561,0.0009183276955412912
3355,0,0.0018762975298974485,0.002004687813565495
3356,0,0.005291595022691786,0.006731590696354086
3357,1,0.9387226294386498,0.9200882954802432
3358,0,0.007245195788029798,0.007377234288271762
3360,0,0.028922890945036257,0.027153785385415283
3361,0,0.023432592796930003,0.024026832587444293
3362,0,0.03815682934612818,0.04187510016137399
3363,0,0.020594726515660144,0.02735011952544409
3364,0,0.03291704223500442,0.048880466813847175
3365,0,0.0005680551271749151,0.0004090011149054919
3366,0,0.0005795386070442615,0.0006714901142653394
3367,0,0.0004264567028195296,0.00042111421912224747
3368,0,0.0008023947736929206,0.0012511515915542126
3369,0,0.0045811243238575855,0.0048612705473441015
3370,1,0.9600575921810406,0.9563408948010736
3371,0,0.0007416822598609291,0.0010349752772795887
3372,0,0.0012188392342433788,0.0009652031417696234
3373,0,0.0013186076682532323,0.0016589916129809193
3374,0,0.000737946839394772,0.0010038996060659148
3377,0,0.0020418941710771002,0.0019501032356399935
3378,0,0.0009131082648608302,0.00124714570568372
3379,0,0.0004363886717226987,0.0004250346339310852
3380,0,0.0006804057494405497,0.0008440227446527828
3381,0,0.0004795484631449923,0.0006215956137907258
3382,0,0.0027399322667632374,0.0043430842272422655
3383,0,0.0005009218087630289,0.0005500248617430177
3384,0,0.0009631440576232152,0.0009578015739259331
3385,0,0.000677919128341563,0.0007197291941682398
3386,0,0.0005449282425281356,0.0005489033616017982
3387,0,0.0006507389500075667,0.0004916849377381437
3388,0,0.049034767234837955,0.051872630582274336
3389,0,0.003027098870572636,0.002759162635761217
3391,0,0.0005028569539478938,0.0006541043475573054
3393,0,0.004145086397004949,0.004727176030790528
3394,0,0.0013539758229872462,0.0014588137115410823
3395,0,0.001926939358371372,0.002226240134854918
3396,0,0.0005167343517376189,0.0005053803139460054
3397,0,0.0004889733603961284,0.0005380764133761174
3398,0,0.00066342985960461,0.0008122163797143728
3399,0,0.0009254583855580511,0.0011091908291629695
3400,0,0.0008124739708906998,0.0011057669883093595
3401,0,0.0007487144499353198,0.0007526895690089825
3403,0,0.002342688044271921,0.002622834267758437
3404,0,0.003277151956499047,0.004118132665153964
3405,0,0.0006181466835189197,0.0006800473957774347
3407,0,0.0007188759768889056,0.0008237138654427418
3408,0,0.0016119126204779924,0.001854123072155437
3409,0,0.0016614611909024858,0.0019963200907534276
3410,0,0.0007726160197303835,0.0009147786567568578
3411,0,0.0006026459015541539,0.0006517489545341428
3414,0,0.0008708781834520795,0.0011226163524419796
3415,0,0.0007503566319409806,0.0010020948009308807
3417,0,0.0012863054495826536,0.0014704872857340882
3418,0,0.00056765319286046,0.0005806963155687146
3419,0,0.0005478999874587102,0.0006010118320072351
3420,0,0.000673940421773063,0.0005113421001513661
3421,0,0.0008842025485145512,0.0007417704619427981
3422,0,0.0014729386587353452,0.001289442737475409
3423,0,0.0006031897837377586,0.0006558104700359156
3424,0,0.0006125360356728973,0.000642292458672024
3425,0,0.0007783168364000171,0.0010706351939738525
3427,0,0.003031187186527573,0.002599019445324262
3428,0,0.0005042018163365312,0.0005466226494698356
3429,0,0.004023104381110309,0.004245295212652949
3432,0,0.0016316462468751152,0.0019184047343198253
3433,0,0.0013517395580218386,0.0013463970743245563
3434,0,0.0048683717134219385,0.005239269009874023
3435,0,0.0020683701416218713,0.0020955543324772067
3436,0,0.00660464321939863,0.0066558788678160044
3437,0,0.001502450393276731,0.001899728147656826
3438,0,0.004113753791198274,0.004823563152738931
3439,0,0.0013315729246215938,0.0013613293476207205
3440,0,0.0015536644417693418,0.0018369604953638236
3441,0,0.0012827536846773888,0.0014058729896699678
3443,0,0.01447493510793536,0.014978683342033368
3444,0,0.0396336296866418,0.03789461469005993
3445,0,0.060435112235578306,0.08938543596853515
3448,0,0.04915282906828845,0.05589555691843222
3450,0,0.03873524080392591,0.038176303232382594
3452,0,0.0008329092259254419,0.001084647394915342
3453,0,0.000640165380291709,0.0004731681132675306
3454,0,0.0031566342179638954,0.00334081605411533
3456,0,0.0006103902369919564,0.0004477919153702595
3457,0,0.000531808961556596,0.0006334663884289313
3458,1,0.9347760504333814,0.9310071390699444
3459,0,0.004446933611220879,0.004890033859555949
3460,0,0.003468270186997879,0.00451770262766601
3462,0,0.005069458389177016,0.006118890829845146
3465,0,0.009868645027905756,0.010413123558693706
3466,0,0.0049722919641243596,0.005221488625262097
3467,0,0.004794851957316141,0.004985426944402322
3468,0,0.0007207060316987873,0.0005581077100770904
3469,0,0.003108748515192298,0.0031034060314950158
3470,0,0.005970823269244817,0.006105736359482097
3471,0,0.0007401834853084851,0.001057119785945473
3472,0,0.0016129565249759412,0.0014451571557109696
3473,0,0.0008491995631294221,0.0009367519421854841
3474,0,0.0006943257617973018,0.0005317274401756048
3475,0,0.0005559949212039908,0.0006385001901569459
3476,0,0.0007000879460174558,0.0007871009849298063
3477,0,0.000833342413730482,0.0011234130774529464
3479,0,0.0008668436163089249,0.0009538566552212755
3480,0,0.0008707992983869376,0.000957812337299288
3482,0,0.0021571537239245607,0.0021457996861329472
3484,0,0.0009291753374509456,0.0009331504565246082
3486,0,0.005645527552369814,0.005477728183104842
3487,0,0.000954486987513664,0.0010348761433427258
3489,0,0.00333468654401268,0.003671923401458435
3490,0,0.0006667359780453278,0.000749241246998283
3491,0,0.0014949621198935693,0.0012813704941530264
3493,0,0.17166863209082042,0.17723501517317466
3494,0,0.0010539544737175742,0.0013769724435926853
3496,0,0.0017852679378622459,0.0020789739999709277
3498,0,0.0005511741065440617,0.0005398200687524483
3499,0,0.006557703456267553,0.006933634339528786
3500,0,0.00970290310317888,0.01037266888087226
3501,0,0.0005244520798133253,0.0005191095961160433
3502,0,0.02655505162760518,0.030376306577696827
3503,0,0.008920675064344423,0.011285586134696818
3504,0,0.0013194495184209636,0.0014724369639475374
3505,0,0.0015336195203656496,0.0016531098316468545
3506,0,0.0010775620095545015,0.0008586653493236917
3507,0,0.001960471659549601,0.0021993659246321365
3508,0,0.0008005509089285699,0.0009381162540454851
3509,0,0.00045856361456476794,0.00047160673727302254
3510,0,0.003659687203966935,0.003982333067642726
3511,0,0.0008646155081534089,0.0006377554673509254
3512,0,0.004996914850079158,0.006834097266708543
3513,0,0.003995077033590824,0.0042370801486081725
3514,0,0.005029662334531973,0.00530951071574932
3515,0,0.001111563192169375,0.0012543544198227498
3516,0,0.0010505847494278622,0.0013025804440719847
3517,0,0.004319597825164998,0.004574829382408346
3519,0,0.012850004477949012,0.012438264111041398
3521,0,0.0009280607896261251,0.0009961261635104332
3522,0,0.0023223715094639495,0.0025883242761350926
3523,0,0.0009452852047044407,0.0010133505785887488
3524,0,0.0035901740813040765,0.003856126847975219
3525,0,0.020741946269033945,0.020940584102545703
3526,0,0.0050316470107843545,0.0031476797808123623
3527,0,0.040118170395576164,0.042914075343062304
3530,1,0.03066440904796116,0.025726909328170983
3531,0,0.00898521066458703,0.008861420001319552
3532,0,0.004187904824535802,0.004270410093488757
3533,0,0.004308554697906062,0.0043910599668590174
3534,0,0.00048677723921379166,0.0004754232014221782
3536,0,0.0005080509343522654,0.0004966968965606519
3537,0,0.0007926604856548099,0.0010721174670322124
3538,0,0.002288903642663448,0.002082910329293141
3539,0,0.0005093301104296795,0.0005873393670087326
3541,0,0.0015053397217074712,0.001565772450461715
3542,0,0.0010272570762879217,0.0012642990760265392
3543,0,0.0004980759872693843,0.0004927335035721021
3545,0,0.0006022293463919593,0.0006062044654656218
3546,0,0.0005113703245647963,0.0005000162867731828
3547,0,0.011843252111218113,0.011793204962113966
3548,0,0.003694449784990379,0.0037405308997284347
3549,0,0.00121789358678408,0.001285405263685286
3552,0,0.0007043074094805484,0.0009828368267184126
3553,0,0.005713674215300138,0.00775015405511177
3555,0,0.0008194295754475286,0.0009069819545035906
3556,0,0.0006406182741828848,0.0006445933932565473
3557,0,0.0005255696327862576,0.0006080749017392127
3558,0,0.009896729518196408,0.011275720337782194
3559,0,0.0009951359101961126,0.001316547737373706
3560,0,0.0009320785501078233,0.0011533059773467954
3561,0,0.0006940050650842378,0.000862118072670373
3562,0,0.0006935966156496104,0.000697571734723273
3563,0,0.0006734554303167592,0.0005108571086950623
3565,0,0.00094626429255202,0.0010423704455137161
3566,0,0.004146241436576365,0.0042811545268136445
3567,0,0.025960439078232773,0.02745257024482474
3568,0,0.0006456830712344805,0.0006496581903081432
3570,0,0.00044840972758983006,0.0005015215721383549
3571,0,0.0017646542978662697,0.0016325317886672118
3573,0,0.0010273866281884057,0.0008594632094904447
3574,0,0.002147935652147907,0.002455762969015506
3575,0,0.002531857357234185,0.002513235690225996
3576,0,0.0005832371792552163,0.0004206388576335193
3577,0,0.0005348568772947508,0.0005479000000030054
3578,0,0.0010696897637956979,0.0008959378940092184
3579,0,0.0007994081729826198,0.0006256563031961403
3580,1,0.9372114830142061,0.9335160614377069
3581,0,0.0006332499295260831,0.0004706516079043862
3583,0,0.0037488711395138883,0.0038804376752352566
3586,0,0.00218438788087595,0.0027769401632494793
3588,0,0.000792880632706086,0.0006302823110843891
3589,0,0.0013670617665465343,0.0013511135101843055
3590,0,0.27108051963746155,0.2709378702510196
3591,0,0.002666348711894276,0.0029591497620503867
3593,0,0.01279185471290553,0.013223679169120364
3594,0,0.008125520664200194,0.009096990792498243
3595,0,0.0011155208628750835,0.0014852491694206142
3596,0,0.0005961717544672928,0.0006403196098474365
3598,0,0.0008135822708857884,0.0011739201495084184
3599,0,0.0047410381619036246,0.005096496868216466
3600,0,0.002544200897065199,0.0023990839875576166
3602,0,0.011625473659159929,0.01212240473209917
3603,0,0.0056477455404787295,0.005804492700918636
3604,0,0.002845293343164805,0.003082335342903423
3605,0,0.000659282226392646,0.000732167115382838
3608,0,0.000594986404155007,0.0006080295268632615
3610,0,0.0013088389566763348,0.0012974849188847214
3611,0,0.033755039749287126,0.03148668426776709
3612,1,0.08100567030622569,0.05558381960343946
3614,0,0.0014268286398452965,0.0016927814065164394
3616,0,0.000527669886887015,0.0006056791434660682
3617,0,0.0017665481531924524,0.0021009875549895824
3618,0,0.0011919879758104362,0.0009651279350079528
3619,0,0.004362714435230526,0.004434536563253193
3620,0,0.002838904341834738,0.0031131299449559226
3621,0,0.001670163799009332,0.001748173055588385
3623,0,0.0006453782355703068,0.0007233874921493599
3624,0,0.0005099026573983675,0.0005879119139774206
3626,0,0.00063158139662739,0.0007811654503962605
3627,0,0.006289231342913639,0.008302001798940592
3628,0,0.0004815546251501894,0.0009369986304089129
3629,0,0.00039986153509521304,0.0004778707916742662
3634,0,0.000826516415594095,0.001092469182265238
3635,0,0.0005577186958835332,0.0006357279524625863
3636,0,0.00046524964933240473,0.0005432589059114579
3637,0,0.0006874664216916501,0.0006914415407653126
3639,0,0.003388954334907293,0.003254116019179477
3641,0,0.0005651976722913842,0.0008914035728290491
3642,0,0.000647795660020875,0.0009137484266920179
3644,0,0.0006857428104303987,0.0010336583231478772
3645,0,0.0005471380208453516,0.0005511131399190141
3646,0,0.0008569214166337738,0.0008346131693277826
3647,0,0.0004670133622533712,0.00046167087855608906
3648,0,0.0016923562460044346,0.001986386438161614
3649,0,0.0016063587163355402,0.0016481687821622171
3650,0,0.000748909142847619,0.0008269183994266721
3651,0,0.0013470223618104228,0.0018093512627721758
3652,0,0.0011658207623533687,0.001030982446625553
3653,0,0.0039668745047333216,0.005316720045262489
3654,0,0.0006093747517915357,0.0006133498708651983
3655,0,0.000450385886195823,0.0005963194775468651
3656,0,0.00041606313064552943,0.0004107206469482473
3658,0,0.0007842489094390965,0.0008522983702710779
3659,0,0.0011534295082552104,0.001401417045781388
3660,0,0.0004660857663195443,0.000875784399992961
3661,0,0.0017125424836183104,0.001979554436509983
3662,0,0.0005402251168106037,0.0005288710790189902
3663,0,0.0008090840615872475,0.0006388765011530418
3664,0,0.0009586121056154229,0.001270296734225468
3666,0,0.003664517546883726,0.005982831265918471
3667,0,0.0006182935947284425,0.0009505362149700206
3668,0,0.0005734923151710882,0.0004309763742329981
3669,0,0.0006556220009293548,0.0007953220663711054
3670,0,0.0006742013684263787,0.0005316854274882885
3671,0,0.002053294975057655,0.0017655184996749381
3672,0,0.0007794239007323982,0.0009169892458493133
3673,0,0.0007984685616977275,0.0008762393115327054
3674,0,0.0009034036709553477,0.0009531485952743243
3675,0,0.009918240716009104,0.010856129544742058
3676,0,0.0007427649487212448,0.0011524635823946616
3678,0,0.005705686842843967,0.006407530738814425
3679,0,0.0005610668586440178,0.0006291322325283259
3680,0,0.0004528125906718386,0.0004714151405186366
3681,0,0.0007096039739741791,0.0010028969913928386
3683,0,0.0006280839445996175,0.0006578403675987442
3684,0,0.001112558565957405,0.0012621426197262755
3685,1,0.9682367035187553,0.9656521869924091
3686,0,0.004123115274134649,0.004241379809625758
3687,0,0.0014956411304648742,0.0015191503094508971
3688,0,0.0005832516664522397,0.0005718976286606262
3689,0,0.004500006094521376,0.004253994471922869
3690,0,0.0014257481798006105,0.0017483940434764016
3692,0,0.003342044590825709,0.0037857445457593142
3693,0,0.007190166642347877,0.013564483427350886
3694,0,0.006854264947178636,0.019145183590772396
3697,0,0.0008046508740445422,0.0008086259931182047
3698,0,0.00046846249634808216,0.00046312001265080003
3699,0,0.00047686865331639586,0.00047152616961911373
3700,0,0.000581314642655813,0.0006771868996976941
3701,0,0.0016330171017831917,0.0016987668441577088
3702,0,0.003452827551221438,0.0037463427945440197
3703,0,0.0013863689381448693,0.0012515306224170535
3704,0,0.00906114651505592,0.009241592279129173
3706,0,0.0008490424353873559,0.0011716882990631472
3708,0,0.0010741710335953395,0.001078146152669002
3709,0,0.0005568029401353627,0.0005607780592090252
3710,0,0.0006913302660632979,0.001013976129739089
3712,0,0.0004732283405596699,0.000551237597138723
3713,0,0.0005562145571028758,0.0008221673237740188
3714,0,0.0004382680534227905,0.0005162773100018437
3716,0,0.0013449120852521194,0.001196119756112552
3717,0,0.00044479824106072194,0.0004334442032691085
3718,0,0.0015007880267770089,0.0019773322699331184
3721,0,0.0006307071809115508,0.0006346822999852133
3722,0,0.0009026275572831181,0.0011396695570217354
3723,0,0.000768851849117723,0.0010058938488563404
3724,0,0.0007620147572891761,0.0006348149518881905
3725,0,0.000896478210796911,0.0009004533298705736
3726,0,0.0006465993913270514,0.000650574510400714
3727,0,0.0008263825507532696,0.001063424550491887
3728,0,0.00047984823173424833,0.0004745057480369662
3730,0,0.0347638787969651,0.03709503525808518
3731,0,0.008158017020430544,0.008240008179541451
3732,0,0.01481655717238734,0.015353181007398116
3733,0,0.007889002512446952,0.008212876397041113
3735,0,0.0008683405855737765,0.001173468484876991
3736,0,0.022175060663407454,0.020946496453572147
3737,0,0.0005934592996537494,0.0006915352903483215
3739,0,0.0009538273888654707,0.0010508645514913568
3740,0,0.0010498511383444323,0.001731152824187867
3741,0,0.00317428346902542,0.0032562746281363268
3742,0,0.0007155314443808907,0.000798036713333846
3743,0,0.0006801863444376357,0.0009830862882505456
3744,0,0.00048008818963396786,0.0004747457059366858
3746,0,0.0004678930956343277,0.00046255061193704557
3748,0,0.0016176708013480282,0.0025058884031541307
3749,0,0.0013733111099820659,0.0028000216749497204
3750,0,0.0005662391942046275,0.0009407585459812592
3751,0,0.0017513358894054067,0.0016893894335070767
3752,0,0.0007577856470718313,0.0011034540854497404
3754,0,0.0012206066958959441,0.0009742479620904172
3756,0,0.02105157113959327,0.02285288944815274
3757,0,0.0006627114209604643,0.0005124290700824321
3758,0,0.0007314672685458797,0.0008221803901672803
3759,0,0.001783677281612028,0.0016028516527079107
3760,0,0.002784243647713476,0.002653711781063427
3761,1,0.2976047894086861,0.30744275818968964
3762,0,0.0028506221675141667,0.004418700151454494
3763,0,0.000755579567245285,0.0007595546863189476
3766,0,0.0037370322044084163,0.0038968185005878384
3767,0,0.008681145915086334,0.009747678384089742
3768,0,0.0006837131664314301,0.0007795854234733113
3769,0,0.0005371225000226095,0.0006100073890128014
3770,0,0.004561589075010584,0.004746193085294377
3771,0,0.0010872347703338539,0.0011705192105111381
3772,0,0.007959574616935505,0.007991464288560204
3774,0,0.0006400169455545564,0.0006346744618572742
3775,0,0.003413039190417274,0.00504049219744407
3776,0,0.06237323710121111,0.04407365799784202
3777,0,0.05872159721953682,0.06817235795862277
3778,0,0.038574121427038,0.03746828067942661
3781,0,0.0007530423014417353,0.000794852367268412
3782,0,0.004657428075130033,0.007088533859166513
3783,0,0.001921578120391712,0.002614371320630601
3784,0,0.022853439274747315,0.021790660542622166
3785,0,0.0013245047728778876,0.0020172979731167768
3786,0,0.0018395976930070232,0.001205063973717899
3787,0,0.0019779424994702207,0.0030961048837268128
3788,1,0.902190743875003,0.8703599653591456
3789,0,0.010751120760046712,0.012029564918480562
3790,0,0.0017991112450628968,0.0038557452586147163
3791,0,0.012935209452247597,0.014729173019866097
3792,0,0.0006512445630477658,0.0006552196821214284
3795,0,0.6175284672463979,0.5573144607987732
3796,0,0.0023417126636371076,0.002288200523399692
3799,0,0.0006581957240035253,0.0009751320246405132
3801,0,0.0013583200251130472,0.001707842471319125
3804,0,0.000568507688585637,0.0006510129575385921
3805,0,0.0016387058753661104,0.002439372352919112
3806,0,0.0014279079362904887,0.0021002847362984684
3807,1,0.24981250873665134,0.24614715729248238
3808,0,0.000780872613973208,0.0010709689285994203
3809,0,0.003634147958063213,0.006334534338013431
3810,0,0.4296583438040419,0.384395209737211
3811,0,0.002998838437844799,0.0027419903403728537
3814,0,0.0028423515001078873,0.003643017977660889
3815,1,0.946044058677962,0.9404108458340121
3817,0,0.005993895295712414,0.006771808030173163
3819,0,0.0027504405562194098,0.0024935924587474647
3820,0,0.002432134698170049,0.0046547845389194546
3821,0,0.015343042225679178,0.02096770016613703
3822,0,0.0013366351310896774,0.002763345696057332
3824,0,0.0024989460385252916,0.0021838687910279613
3825,0,0.0015648152876962772,0.0032202338791795684
3827,0,0.00910251677274925,0.008005405281211846
3829,0,0.002398255168599111,0.004655110042931244
3830,1,0.5644964940072535,0.512309516081566
3831,0,0.0019169212677826704,0.004382440610825692
3833,0,0.000912857239853635,0.0010263329153490965
3835,0,0.009780374302973191,0.011217094649428404
3839,0,0.0007793544985477746,0.0012048471687164382
3841,0,0.0014503221939148898,0.0008157884746257654
3842,0,0.0006040211967219685,0.0006618752886798052
3843,0,0.0006754527779628137,0.001021121216340723
3844,0,0.016509867627133284,0.016671184184313417
3845,0,0.0008283091498082797,0.0008580655728074065
3846,0,0.0004599939139200293,0.0004730370366282839
3847,0,0.02043820048433511,0.0227857167354318
3848,0,0.0012218784254924967,0.0014359821074669595
3849,0,0.003554275692030326,0.0042495116377140795
3850,0,0.0010830674429396971,0.001160312778302017
3852,0,0.005468799150868743,0.005755675111310208
3853,0,0.0033939754460362978,0.002823252807108492
3854,0,0.00295575232253642,0.0038439699243425227
3855,1,0.9913931437780783,0.9914396558159184
3858,0,0.005494159742921269,0.005273884258370958
3862,0,0.04141523092741077,0.04348661177694602
3864,0,0.1452860710112278,0.2162368642575822
3865,0,0.4419250665500428,0.49627584700864436
3866,1,0.07107659684234321,0.2082503600031465
3867,0,0.014103289153455045,0.014427163038049206
3868,1,0.937094684046472,0.9317150413956334
3869,0,0.0008118951399811946,0.0011842087028145116
3870,0,0.0009151580148631925,0.0012140076218919598
3872,0,0.0005664737896337465,0.0005611313059364643
3873,0,0.002267287711655379,0.002495973352692476
3874,0,0.0004967562961946438,0.0008450016254620656
3875,0,0.010589849462380778,0.01202656980883599
3878,0,0.002245515660432122,0.002311265402806639
3879,0,0.0004925851322997649,0.0009968639541035515
3880,0,0.0017245605259952888,0.001967830802932179
3883,0,0.003954270578945333,0.004099046414910233
3884,0,0.0006998825682307062,0.001002782512043616
3885,0,0.0005176301790947057,0.0005062761413030922
3886,0,0.0007614747411402558,0.0008510480979935871
3887,0,0.0021344399985232577,0.002057364574377011
3888,0,0.0015027655733927136,0.001525088421920545
3889,0,0.0007538383738495339,0.0010589662731527482
3890,0,0.0020815017417314544,0.002004426317585208
3891,0,0.0030883253308559614,0.0032963391302930174
3892,0,0.0020521040947807678,0.001975028670634521
3893,0,0.012959189850250855,0.012980159031740724
3896,0,0.0006750765768909605,0.0005290163266005966
3897,0,0.0007163316418575633,0.0009957886232349656
3898,0,0.000743018619455904,0.0010224756008333064
3899,0,0.0016441180604115045,0.0018759504794471599
3900,0,0.0010216867107998048,0.001152761672754529
3901,0,0.0021133227502805173,0.002321513244896568
3902,0,0.0006268560870757766,0.00048079583678541267
3903,0,0.0006382593184328054,0.0009177162998102078
3904,0,0.0007997183632258684,0.0006536581129355045
3905,0,0.003761853287061792,0.0038838459274655656
3906,0,0.0007682741187495123,0.0006222138684591484
3907,0,0.039511681628479275,0.04210292590508509
3909,0,0.000620417290895402,0.0004743570406050381
3910,0,0.00122357380845462,0.00153195535851206
3911,0,0.00046915973224534934,0.00046381724854806727
3912,0,0.006887431267972812,0.006908400449462681
3914,0,0.0005781442334914233,0.0005728017497941412
3916,0,0.000744172899074799,0.0005896516700320242
3917,0,0.0007995968302333904,0.0006535365799430265
3918,0,0.0004733334849174128,0.0005930989755012109
3919,0,0.005957646382520112,0.006696287298172101
3920,0,0.0005732642962725172,0.0009103562263070917
3922,0,0.000726431619727574,0.0007561880427267007
3923,0,0.0005795478755399471,0.0005742053918426649
3924,0,0.0008545096645390088,0.0006871061943227589
3925,0,0.000758657260575884,0.0005849053907894046
3926,0,0.002405801499250982,0.002587584231233877
3927,0,0.0005574310654706485,0.000894522995505223
3928,0,0.001206948917112786,0.0011955948793211724
3929,1,0.6548957716974293,0.627020297142441
3931,0,0.0020846922361760106,0.002504490298825208
3932,0,0.0006418296994056864,0.0006364872157084043
3933,0,0.0005580644545654387,0.0005527219708681565
3934,0,0.0007121449823340809,0.0008028581039554816
3935,0,0.0021265700284129555,0.0022236071910388417
3936,1,0.6736373183555067,0.6466854097380136
3937,0,0.001635403158416921,0.0019258781552722855
3938,0,0.001531477335424076,0.0013064829594010578
3939,0,0.0009124674261198323,0.0006656126158223665
3941,0,0.02435274575800519,0.02456740161448225
3942,0,0.014952438321140373,0.02154002242450377
3943,0,0.01880099700378741,0.01832641618613635
3946,0,0.00043653915475965345,0.0005145484113387067
3947,0,0.0017774561092403639,0.0020707491266590233
3948,0,0.0006130831179528118,0.0009288830087821305
3950,0,0.0019270552508760296,0.002220570494198611
3951,0,0.0006267712215180937,0.0004842552805800036
3953,0,0.000721517250952358,0.0005790013100142679
3954,0,0.0008412991677896383,0.0009673886993779219
3955,0,0.0006463303379028509,0.0009212589782066641
3956,0,0.0010638144307708285,0.0011646851388129602
3957,0,0.000807174138268205,0.0006646581973301148
3958,0,0.0007969518937489645,0.0009493949352516388
3959,0,0.007750765416662171,0.007905451657958078
3960,0,0.0006438041852439391,0.0005012882443058491
3961,0,0.002139392360585998,0.002157479424906362
3962,0,0.00047527739261762827,0.0006212109839686704
3963,0,0.0006103552972686454,0.0010025794656913277
3964,0,0.0005674650615737535,0.0008334178282448964
3965,0,0.00043372721322248737,0.0005796608045735295
3966,0,0.0005458197733913927,0.0006954038271602633
3967,0,0.0004660849527899001,0.0005440942093689532
3968,0,0.0010716400737923733,0.0011083412361474257
3969,0,0.0014668406372141357,0.001765356603556859
3970,0,0.0006076468668782186,0.0006116219859518812
3971,0,0.006046624598130567,0.006142661018540791
3972,0,0.0005519057115795006,0.0004093897706414105
3973,0,0.00047024426323666996,0.0005482535198157231
3974,0,0.0007465404474355703,0.0010124932141067132
3975,0,0.0007253705597227202,0.0008514600913110039
3976,0,0.0006010575012308056,0.00045854156029271546
3978,0,0.0006072903227638716,0.0006852995793429249
3979,0,0.002238648680026864,0.0025321639233494455
3980,0,0.0016304360343688425,0.00204620164545273
3981,0,0.01382416626759266,0.01512298663342511
3982,0,0.0011352456069252351,0.001011488515435206
3983,0,0.000947645114778054,0.0011000881562807283
3984,0,0.004482802034461095,0.004653758321822844
3986,0,0.0039249920376336865,0.003917382744009627
3988,0,0.000859310068863932,0.0009011201346906089
3989,0,0.0005267575782327196,0.0006047668348117727
3990,0,0.0005700787585881954,0.000693629219984452
3991,0,0.0004893261260111706,0.0007996643318653162
3992,0,0.0007080281602986545,0.000987485141676057
3994,0,0.011824747392768535,0.012083737838027315
3995,0,0.0007114559202767227,0.0007830834289289039
3997,0,0.0013427609267803154,0.0016630688709704422
3998,0,0.003909185638300579,0.004048074333886019
3999,0,0.0008519658519666518,0.0011314228333440543
4000,0,0.005658345527941459,0.005527813661291411
4001,0,0.0019375952570800357,0.0022315717043443705
4002,0,0.0005789830606616387,0.00043646711972354863
4004,0,0.0006230421366476187,0.00048052619570952855
4005,0,0.011595992105930781,0.012218346178591483
4006,0,0.0025780597086070313,0.0027065359331345283
4007,0,0.001115436686691517,0.0009710324163697132
4009,0,0.0010193347948044497,0.0008455829250179703
4010,0,0.0007706910633297705,0.0006246308130394066
4011,0,0.000565231729806796,0.0006884761286940625
4013,0,0.007881447429848133,0.008035268307031294
4014,0,0.0005609835481209139,0.0005556410644236317
4015,0,0.0009984279534626605,0.0010817123936399447
4016,0,0.002168080551773808,0.0024451882038937357
4017,0,0.0005395907635973754,0.0005526338863056299
4018,0,0.001734525959962905,0.002030574736639281
4020,0,0.000747783307847343,0.0007619371891783421
4021,0,0.017781999629649867,0.01711629731895731
4022,0,0.0015897953110354211,0.0017005447359378478
4023,0,0.004634842484281441,0.003652762386841458
4024,0,0.05572182045962505,0.0538485595078005
4025,1,0.9419184088198729,0.9363548218644628
4026,0,0.03399269143642965,0.03390098056271166
4027,0,0.06041089473851467,0.05908559188639511
4028,0,0.17745223196533455,0.1622767934814309
4029,0,0.019478565140341648,0.02212374062064866
4030,0,0.6924727672444674,0.6924727057168466
4032,0,0.04247795791129792,0.048761965303589186
4033,1,0.9802316625355588,0.9790889179062782
4035,1,0.11343611248224594,0.11032857667988796
4036,0,0.0006610056429238729,0.000743510911876828
4037,0,0.007226070228516276,0.00768993906928792
4039,0,0.0007782164899846253,0.0008386492187388692
4040,0,0.0017357574512452923,0.0015731591296235955
4041,0,0.00548297492933817,0.0054776324456408875
4043,0,0.0021899418133068103,0.0022570248417337533
4044,0,0.007736448078080523,0.007568648708815551
4045,1,0.0010761779622715695,0.0011179880280982463
4046,0,0.0014210146953662368,0.001725786468317019
4047,0,0.019210310870138643,0.019104925309033686
4048,0,0.0012711248761468352,0.001519112413673013
4049,1,0.949688494907026,0.9467052334326407
4050,0,0.0007549529991236378,0.000837458268076593
4051,0,0.0030183009545826007,0.0032264914491986515
4052,0,0.0026245749320349334,0.002725205480048297
4053,0,0.0005575177253783522,0.0005461636875867387
4054,0,0.004171750250501107,0.0039657569371308
4055,0,0.001202796944829722,0.0012698799732566647
4056,0,0.00048621703641506405,0.0004808745527177819
4058,0,0.001048056826635014,0.0012850988263736313
4060,0,0.0012710152851232476,0.0014792057797392984
4061,0,0.015341530017770885,0.015665403902365045
4062,0,0.001096980656066926,0.0009543312696249947
4063,0,0.0013340630415427752,0.0010692169349282156
4064,0,0.0016814445553358871,0.0020309670015419647
4065,0,0.0012698942874396347,0.0015585864854984937
4066,0,0.0009037650044544585,0.0011808726565743864
4067,0,0.0015034241010570132,0.001766767331904656
4068,0,0.0034206760768795237,0.0034624861427062005
4072,1,0.9829184507692028,0.9839423364236499
4073,0,0.0004231987413033495,0.00047631058585187436
4074,0,0.006762327061841829,0.006725295704137316
4075,0,0.0010027975050705747,0.0010903498841266367
4076,0,0.001688672395241246,0.0015039045056428457
4077,0,0.00216602357738936,0.003154912405173419
4078,0,0.0037768399769800578,0.004552726269238758
4079,1,0.5201943901736094,0.4890009779369046
4080,0,0.0020935859739374166,0.00435044084826955
4081,1,0.9435385126079379,0.9089984069806029
4082,1,0.9475887068693895,0.9446266610098558
4083,0,0.0032824720455606666,0.004174386017583581
4084,0,0.001619369737849922,0.003573963216781046
4085,0,0.002702281179206352,0.0035941951512292658
4086,0,0.002011036778162726,0.004928053596613723
4087,0,0.0015194546447708046,0.0031410619621060915
4088,1,0.9051230303280127,0.8905643121318286
4089,0,0.0018490962161963487,0.0016272605506522497
4090,0,0.0020697585034245,0.0027421353034324802
4091,0,0.003159319781453984,0.005416174655786117
4092,0,0.0023061300885046767,0.004528779929254082
4093,0,0.003016003119835129,0.0038453696870788725
4094,0,0.0028538907065151905,0.005542347625182993
4095,0,0.0019765174244761696,0.0037575387801389165
4097,1,0.9114661809995153,0.8969549250608851
4099,0,0.0018615848141805258,0.004640161492446815
4100,0,0.006008219411571514,0.008708356954467845
4101,0,0.3471701481521267,0.005180047054631411
4102,0,0.0022076211920923922,0.004464476066424526
4103,0,0.006659065028066442,0.010023854846520599
4104,0,0.0035923220270723515,0.004848332992268202
4105,0,0.03058016942794723,0.04213322401396087
4106,0,0.0018576527275782516,0.0013970077198866685
4107,0,0.01564374137129532,0.014417982547496294
4108,0,0.0019076888993563254,0.004300826647792407
4109,0,0.0018696851001800893,0.0021574971194311446
4112,0,0.0030747100389352934,0.004293120526579406
4113,0,0.0027703350750539514,0.003731615778351849
4114,0,0.20266934386213759,0.28906571439374
4115,0,0.26364897179144725,0.23768476315373643
4116,0,0.26590520941409335,0.26931275013486733
4117,0,0.5335078906335569,0.5507707893636777
4118,1,0.955674412515612,0.9610396052039281
4119,0,0.7871109898756126,0.8038967983911705
4120,1,0.8179594349905334,0.8110297511228886
4121,1,0.78807544797848,0.8042812038541207
4122,1,0.6726477190223306,0.7321816488678495
4123,0,0.00251038097761184,0.0050051862231156544
4124,0,0.003655634619184356,0.006209103126245419
4126,0,0.006283871330569933,0.010062788155501299
4127,0,0.0018402808842951667,0.001638391716717512
4128,0,0.0031118339231084495,0.0017040053529162303
4129,0,0.0037582011671997723,0.004239904986968463
4130,0,0.00289862214813653,0.0036745084403952298
4131,1,0.952261601980585,0.9417388399458526
4132,0,0.006374118842891085,0.007797386964621015
4133,0,0.021966003202803112,0.023860976547395024
4134,0,0.0011631016075872916,0.00559897308674886
4135,0,0.002532827545712525,0.00361058605306442
4136,0,0.0029785338638403007,0.0025596195701637816
4138,0,0.06362094161296976,0.047468240579197477
4140,0,0.0030666926387342467,0.003811800561383151
4141,1,0.9280910921558793,0.9150702832925584
4143,0,0.015018565819970275,0.017236903383583385
4144,0,0.002780146292767527,0.003672060264790441
4145,0,0.0031934447767418984,0.00639376910333685
4146,0,0.007459344062750022,0.008042746746904406
4147,0,0.002542921117849664,0.005037726363353479
4150,0,0.003873499983079711,0.006096149823829116
4151,0,0.0016006725593646646,0.004373146122778905
4152,1,0.9366990529346949,0.9242818710132868
4153,0,0.012036169386894785,0.015371492085117754
4154,1,0.9471982043778013,0.9308761272320485
4155,0,0.0035175928364632927,0.0043998470966003
4156,1,0.8808171440371997,0.8458478599660112
4157,0,0.0015428035551011566,0.003520837727107663
4158,1,0.930653486147206,0.8951017349879233
4160,0,0.0014266116097423635,0.0030482189270776504
4161,0,0.0027688438997542767,0.0036607578717771905
4163,0,0.001577176156492613,0.006075117721486714
4164,0,0.0018140114207512716,0.004586484984165511
4165,1,0.9371884170823792,0.9247712351609712
4166,0,0.004558540799730299,0.007112009306791362
4167,0,0.010337005445755883,0.012890473952816946
4168,0,0.0025212093090068353,0.0036969515860391746
4169,0,0.0022915736883905176,0.003511546934470102
4170,0,0.002875908742568958,0.003767822714591872
4171,1,0.9351508759151369,0.9214518815827708
4172,0,0.0035559729868592294,0.004497205963441121
4173,0,0.033833266310250396,0.0352635733366973
4175,0,0.003179684586548042,0.005610790370584522
4176,0,0.002105526507238923,0.0044670173607638105
4177,0,0.003266334842004538,0.00589981106028057
4178,0,0.0027293657344658,0.005446025698965721
4179,0,0.0029633721089718907,0.0040609499098277655
4181,0,0.002933001601014278,0.004006944872665121
4182,0,0.002148385068791705,0.005775746766200305
4183,1,0.9506517920868225,0.9456710809258493
4185,1,0.9316850272116967,0.9172798124127055
4186,1,0.9329806596533827,0.9184694037147527
4187,0,0.0023969191225316935,0.004619568963281099
4188,0,0.0032929400852216456,0.0037716631496164735
4190,0,0.0038274957957142247,0.006544155760214146
4191,0,0.017048047981828664,0.01621649075337543
4192,0,0.4422337623948565,0.39512864580018775
4194,0,0.0004907071570104338,0.0005037502797186884
4195,0,0.014137005297956468,0.017421855291168374
4197,0,0.0041606299818936565,0.004707839542056509
4198,0,0.0024065604107631412,0.001540818777968656
4199,0,0.0011354232880420687,0.0011772333538687455
4200,0,0.001956559557716192,0.003381909360244217
4201,0,0.0021091040197412036,0.002864345616882266
4202,0,0.09563181914293697,0.07046858887073301
4203,0,0.12624222199895774,0.04940331596158687
4205,0,0.1100369886258342,0.08391275801870333
4206,0,0.056168960945024105,0.055787228549667445
4208,1,0.026515318110060634,0.039582908711729724
4209,0,0.004506508330436651,0.005933218895404305
4210,0,0.01749662182802526,0.016383102494101437
4211,0,0.0006212947060543722,0.000702196785437735
4212,1,0.28183450092779405,0.3056639413535105
4214,0,0.0025428279376225557,0.0020821829299309726
4216,0,0.003997836544921949,0.004293885321598325
4217,0,0.038310683861549163,0.03822126696348524
4218,0,0.0006266804980762247,0.0006306556171498873
4220,0,0.00120848711196356,0.0015580095581696379
4221,0,0.09248521355844735,0.09384218673871615
4222,0,0.0008527712285862532,0.0009488773815479494
4223,0,0.0017412486768274846,0.0025419151543804863
4226,1,0.4226406672205982,0.37737753315376726
4228,0,0.026713909352053797,0.03030577016034354
4229,0,0.0035758894190618747,0.003840921197623488
4231,0,0.001289211312074811,0.0027159218770424656
4232,0,0.5218367052954442,0.4722148236022059
4233,0,0.0009576635447974041,0.0010247465732243469
4234,0,0.039139904989011536,0.038893129981606434
4235,0,0.0008263767637205218,0.0005959724135657645
4236,0,0.008768021057517686,0.00789674215397929
4238,0,0.0008375279096344808,0.0006315345962641737
4240,0,0.0012194536765685695,0.0016997493655807419
4242,0,0.005992991030577691,0.008171302105811087
4243,0,0.006171134886653299,0.007311360676677075
4244,0,0.01116297901301853,0.01838267762223089
4245,0,0.002705648848323322,0.005422308812823243
4246,0,0.0046404058878601615,0.0071938743949212245
4247,0,0.0018462779980187975,0.0029858926654428904
4248,1,0.9462106498175167,0.9279067437402478
4249,0,0.0024667822679378384,0.00518344223243776
4250,1,0.9641746024514273,0.9420345133327717
4252,1,0.94968622667485,0.9197760464402227
4254,1,0.9411476403450222,0.9278502141996607
4256,0,0.03790938507842535,0.04857673662972373
4259,1,0.9484249785230867,0.9363913318209751
4260,0,0.002163850266816924,0.004880510231316845
4261,0,0.010562039443068563,0.01532704818382853
4262,0,0.002660095154258861,0.006033759374807984
4263,0,0.0021324334207097353,0.004389288295041868
4264,0,0.0020511884381084113,0.005001948507176937
4265,0,0.0034299472351946225,0.004028120512890931
4267,0,0.0048976966835305134,0.008562192095000686
4268,0,0.00324844618067865,0.0044294344399432705
4269,0,0.0019658413644155666,0.004358979112851649
4270,0,0.0018580530493058427,0.00304637782892452
4271,1,0.9489230729447834,0.9208903455650168
4273,0,0.002298600552319528,0.004660091405844415
4274,0,0.0021370205245448003,0.0033127628015771396
4275,0,0.007952634945369831,0.009763007046131787
4276,0,0.0016835088244754768,0.0037910748227834978
4277,0,0.00948922477173213,0.013139721793695783
4278,0,0.003593136457897459,0.004450517640215992
4280,1,0.9183044420076742,0.914769908371739
4281,0,0.0026363806260075832,0.003951568468261664
4282,0,0.0022798597188853553,0.004536714593217489
4283,1,0.8953237385209716,0.8787747202067149
4284,1,0.8845808748401094,0.9268051037356969
4285,0,0.0025057919879590256,0.003761802953154875
4287,0,0.017439257511022484,0.02993759669861764
4288,0,0.003114637979328176,0.004370648944524025
4289,0,0.028696340789579645,0.03763988392649041
4290,0,0.003636615617336209,0.005501059102118422
4291,0,0.002784605687585218,0.004042224756791287
4292,0,0.07262402269134705,0.08498339237753275
4294,0,0.37569727931411495,0.186377006495483
4295,0,0.01637451644901766,0.033845075045296116
4296,0,0.10880602047877139,0.09881829053061861
4297,1,0.8191173046826054,0.8208383780818449
4298,0,0.019487947317076197,0.02534601804128289
4299,0,0.010885368086306229,0.01612130259138118
4300,0,0.020609163823789904,0.02203947085023681
4302,0,0.010779243388627936,0.012807712032385784
4303,0,0.48466969872115984,0.7324516485196226
4304,0,0.015253852540773796,0.017820426343119318
4306,0,0.002625373003254372,0.005542389821705369
4307,0,0.0025577090124326825,0.005474725830883679
4308,1,0.907600855617062,0.9168871289720083
4309,0,0.006903600712987047,0.00945706922004811
4310,0,0.001560881343345691,0.0025497701711297504
4311,0,0.0013800817132574464,0.0009667910057955054
4312,0,0.001722321067753854,0.0025229875453068556
4313,0,0.004687497572953467,0.007274452844486766
4315,0,0.0004902115676899214,0.0008269512266548991
4316,0,0.002984909035525946,0.002765558473722625
4317,0,0.0012791126137341167,0.0019514894137420966
4318,0,0.01436949002223604,0.017527657010952644
4320,0,0.010547823674289294,0.012034506360111732
4321,0,0.008612135982468603,0.009986537303821711
4322,0,0.004757652216950986,0.005140004023335903
4323,0,0.013591588315849737,0.016406601469860938
4324,1,0.8802858633995227,0.8407440257511997
4325,0,0.0049279839340286595,0.0074814524410897225
4328,0,0.0028456326056652487,0.003923391113017143
4329,1,0.860754023736799,0.8249660391323845
4330,0,0.0028182193272779546,0.005876850800218973
4331,0,0.0031606649365625928,0.005714133443623656
4332,0,0.0024814970775824396,0.003701470323662024
4333,0,0.003098100194776677,0.003990014166799591
4334,0,0.002314686531945058,0.0035346597780246424
4335,0,0.0014477493734338844,0.003381608180128964
4336,0,0.0025174545678678766,0.0037788555730445704
4337,0,0.02193698059460672,0.03426612173140973
4338,0,0.006093825162521082,0.007904197263283038
4339,0,0.01192266239412516,0.017162323951490244
4340,0,0.0027834753958657123,0.006160281106094063
4342,0,0.02639912843878569,0.027687850467388524
4343,1,0.9952387293704225,0.9952381876084837
4344,0,0.0030223428956394714,0.005517148141143287
4345,0,0.016803770334057326,0.019853447380623893
4346,0,0.0021291933146169928,0.004236759312925014
4347,0,0.002514101232249087,0.004736751072998493
4348,0,0.002025966196565154,0.004245798313717576
4349,0,0.004641574632241042,0.007341712175137374
4350,0,0.0014786880061164217,0.0034125468128115015
4351,0,0.0036039909911623567,0.0050838944400233965
4352,0,0.007718067426140927,0.006844285180311184
4353,0,0.005040093469382233,0.012481759435258347
4354,1,0.8413444304089979,0.842672412172838
4355,0,0.027617124439338187,0.030954895094785752
4356,1,0.9275721573447169,0.9170825175377988
4357,0,0.003600430737166134,0.005035703609264821
4358,0,0.021499198695649008,0.022736615432498816
4359,0,0.0022740298973321416,0.004496679738081547
4360,0,0.0028598771052016003,0.005548334023869403
4361,0,0.0015746933859247282,0.0034971889667261458
4363,0,0.010336046338838578,0.013700836157292735
4364,0,0.001912664729594772,0.004047632673356704
4365,0,0.0027654673805386984,0.005335170542162877
4366,0,0.008467593452883023,0.012365183185203316
4369,0,0.002505301294437011,0.004640269238198943
4370,0,0.002227381059893005,0.004484235934225138
4372,0,0.008375591653304386,0.007971067593775267
4373,0,0.02184268654010122,0.025390840585380263
4374,0,0.03648362610069013,0.03796705845939258
4375,0,0.02536775260206528,0.0564859768997439
4376,0,0.11587976034653114,0.0854545842924748
4377,0,0.03848560884995848,0.04107414495084628
4378,0,0.521992680577878,0.35047953853353075
4380,0,0.023144252229434455,0.03304383317707314
4381,0,0.49527001656472536,0.44983349602232514
4382,0,0.11751399882330116,0.12275362850799482
4383,0,0.11858404638225631,0.10182317951491993
4384,1,0.9889490054280479,0.9890887008460727
4386,1,0.047572088612895115,0.041570373650543335
4387,0,0.0024436250643295205,0.0038788979364282068
4388,0,0.002066381635317773,0.003546285084178813
4389,0,0.004197409833720543,0.004789936156707904
4390,1,0.9239239584202816,0.9142000862883826
4391,0,0.01931957678668011,0.020374061405318177
4392,1,0.9328773594499453,0.9165552823041926
4393,0,0.005422234096315492,0.007975702603376555
4394,0,0.0016030241418420051,0.003536882948537085
4395,0,0.010395139535179232,0.01242360817893708
4396,0,0.0038474376841114545,0.00634224292961527
4397,0,0.04459063676566981,0.04552603444532145
4398,0,0.003017429786614617,0.00390934375863753
4399,0,0.0015770124590827681,0.003510871265777848
4401,1,0.9588847283579094,0.9341783155088437
4402,0,0.0026616874436903347,0.004543923619142978
4403,0,0.0024643862448366213,0.004398245051531701
4405,0,0.013598128125527867,0.01443114085591038
4406,1,0.9232038817979921,0.8865191060805866
4407,1,0.9398532081214244,0.9368911622618907
4408,0,0.026569444727340075,0.02799975175378698
4409,0,0.004208690929815224,0.006305570183173369
4410,1,0.9459223311406877,0.9421736570239843
4411,0,0.0020309757971159487,0.005023033302690562
4412,0,0.002635965703961519,0.0035278796759844328
4413,0,0.002925068330561837,0.0038169823025847507
4414,0,0.029153631868812473,0.03764056615050885
4417,0,0.0020699649937047804,0.0048380198694768515
4418,1,0.9949304773457711,0.9949348009020534
4419,0,0.002620936529268506,0.00351285050129142
4420,1,0.9524916801953958,0.9537875144750068
4421,0,0.0051705458379768905,0.008355814367839635
4422,1,0.9716293681049637,0.9589586284983843
4423,0,0.003554187620600662,0.005811042494932795
4424,0,0.004510384589657645,0.00673303443040705
4425,0,0.002411514356628666,0.004495068230592611
4426,0,0.0028370932440869613,0.003729007216109875
4428,1,0.35184074329177767,0.29691169957067887
4429,0,0.0030824587811271796,0.0040347061465491425
4430,0,0.003405626797923468,0.006178100361337707
4431,0,0.002279304279928556,0.0037145771520272425
4432,0,0.033562975533929305,0.03215711221893952
4433,0,0.012551388255025508,0.012205904701223937
4434,0,0.019657177590984645,0.021875515154597756
4436,1,0.9397820618005119,0.9044164773410003
4437,0,0.0048958658213360574,0.0054940390990323665
4438,0,0.002811897922443205,0.003679179443655212
4439,0,0.03068868754379305,0.040524643431860005
4440,0,0.04289416462201809,0.04353259473294707
4441,0,0.013222820308240842,0.01449559984698938
4443,0,0.002200899636180775,0.0035482832231343566
4444,0,0.04436366997226347,0.05576574387593184
4445,0,0.005806296709282832,0.009039119070551282
4446,0,0.001968414917291753,0.004361552665727835
4447,0,0.0015130513068203357,0.0034760484927790916
4448,0,0.004903831329049722,0.007457299836110785
4449,1,0.9335473529615927,0.9047293496796753
4451,0,0.0015306577948150635,0.003453153375616481
4452,0,0.005667700637259532,0.008367838180155865
4453,0,0.0021013335824022214,0.004208899580710242
4455,0,0.03892139116568215,0.041694565713188275
4456,0,0.005101101577668904,0.008321791467041019
4457,0,0.00834519885824458,0.010188897140679064
4458,0,0.014723998169273392,0.013325453575553717
4459,0,0.01570686721888717,0.015783558573244334
4460,0,0.0021011734440916628,0.004494311192527745
4461,0,0.0029781868497419707,0.002629798202377392
4463,1,0.9909154097307018,0.9909376422147858
4464,0,0.002671907949418752,0.004928762823750885
4465,0,0.007183898543588146,0.008242576018754336
4467,0,0.04847418330833699,0.054442132727659534
4468,0,0.013426836232013037,0.0181533072182946
4470,1,0.007942391437153166,0.01718755973095473
4471,0,0.0014163276163713832,0.003350186423066463
4472,0,0.002948876385563996,0.005171526226313401
4475,0,0.0028151612109862264,0.005037811051735632
4478,0,0.002712377365743611,0.0036042913377665247
4479,0,0.002913647376923857,0.004306937502281946
4480,0,0.002263153687481831,0.004520008561813964
4481,1,0.9578248950241275,0.9442757367691298
4482,0,0.0031226941768890525,0.004014608148911966
4484,0,0.0021526554336632493,0.004086514240358329
4485,0,0.003198467842257166,0.004678371291118205
4486,0,0.0014437261368564851,0.003377584943551565
4487,0,0.0026184526366048455,0.00580372116646759
4488,0,0.005752672917352544,0.007250074924183622
4489,0,0.0016904730893301987,0.0036243318960252784
4490,0,0.001966317704797863,0.004734372580569934
4491,0,0.0010773941904983423,0.004824182425574166
4493,0,0.052625747302071674,0.06088468604640627
4495,0,0.003285987116104561,0.004148929947086964
4496,1,0.9577873795926973,0.9352963624073791
4497,0,0.001657415005366077,0.004649472510940691
4498,0,0.0019039122220920323,0.003337909132548564
4499,0,0.0015755231459092414,0.004567580651483855
4500,0,0.003979374852174853,0.004597725117977318
4501,0,0.0029696546230512312,0.005192304463800637
4502,1,0.9494244641267525,0.9140588796672409
4505,0,0.0013826177765210094,0.0033164765832160896
4506,0,0.023124831602998948,0.025343169166612056
4508,0,0.0020962537228832066,0.004353108597215339
4509,0,0.01942312842032396,0.02140059770435656
4512,0,0.0034759454175684506,0.00486923554292654
4513,0,0.03285191121797937,0.033274069970714304
4514,0,0.002275529220647783,0.005460797750510528
4515,0,0.0022413278543614626,0.005009382730133533
4516,0,0.01986043478900501,0.021290741815451916
4517,0,0.003245340219425245,0.005945477762321577
4518,0,0.0024613588229045183,0.0052891850192524695
4519,0,0.004560610784997422,0.007937416495225773
4520,0,0.003199359503075802,0.004062302334058205
4523,0,0.0025288603658810294,0.005867498137611661
4524,0,0.006808201573327228,0.007851738445296526
4525,0,0.0031460249381460243,0.004547346671246346
4527,0,0.0015639789785490063,0.003497837785244086
4528,1,0.924669927578156,0.9119076750690203
4529,0,0.0029175093704723065,0.005617646913368638
4530,0,0.0023031949345686336,0.004525844775318039
4531,0,0.0021745608537500896,0.00494261572952216
4532,0,0.0020156523583502546,0.004783707234122325
4533,0,0.021351327320493756,0.01919057198288655
4534,1,0.9063257686876234,0.8857739303241993
4535,0,0.004722614420419432,0.005315140743406794
4539,0,0.002232721210175918,0.004489576084508051
4540,0,0.0014716286566320786,0.003394124237433496
4541,0,0.00224755527801101,0.0036828281501096968
4542,0,0.023698555643509832,0.027690942666537488
4543,0,0.0014578565016628003,0.003565422499970821
4544,0,0.003973126965160336,0.006526595472221399
4545,1,0.8745372308244933,0.8932042893818226
4548,0,0.05814285778474144,0.05657450826968746
4549,0,0.004084908720609892,0.0037365200732453127
4550,0,0.004121422983902847,0.006821560526799179
4552,0,0.055101721060738656,0.032058823932585634
4553,0,0.010623220279547593,0.02485778366276855
4554,0,0.005083670369794555,0.008460476080022906
4555,0,0.00268972177956813,0.004946576653900263
4556,0,0.00202387921263999,0.004243711329792412
4557,1,0.9632265051483981,0.9384435141636873
4558,0,0.003095041446020126,0.006280309975882871
4559,1,0.9493121502087862,0.9305499753735739
4560,0,0.006287867362077585,0.007785269368908662
4561,0,0.00444568231919313,0.00782040770218437
4562,0,0.0015331666110408539,0.004010291615695322
4564,0,0.0018717500859862135,0.007875996910166664
4565,0,0.003371137068020626,0.004836701411643072
4566,1,0.9499836545543738,0.9312214797191615
4567,0,0.023616671016519153,0.03210360529821552
4568,0,0.00656434141840724,0.00883723027181567
4569,0,0.003152254841520926,0.00404416881354384
4570,0,0.0022321784509669387,0.004709303455621407
4571,1,0.950579094051738,0.9199996806008641
4572,0,0.0030412862130685487,0.004337310278489226
4575,0,0.012070555200742156,0.01140095393091864
4577,0,0.0035319647757271425,0.004570783267831361
4578,0,0.00213176318695236,0.0043886180612844935
4579,0,0.0021223480099051804,0.004344997850654586
4580,1,0.939435715194721,0.9206735403595087
4582,0,0.002130326873109989,0.004352976713859394
4583,0,0.0022232911657431385,0.004445941006492544
4585,0,0.00272497622720425,0.0036858656982950958
4586,0,0.0013753552672808777,0.0038524802719353455
4587,0,0.03988864756415716,0.04001714332540736
4588,0,0.002845480139146072,0.0053989486462071344
4591,0,0.0027320104150086724,0.003716549345695623
4592,0,0.0023869222329854192,0.004237119845902275
4593,0,0.002217897491707419,0.004440547332456825
4595,0,0.010806201079355801,0.01467240445620167
4596,0,0.008757585026240779,0.011311053533301842
4597,1,0.9483809382266688,0.9464235240693117
4598,0,0.007356849294604167,0.010073509259104088
4599,0,0.02261181241961864,0.024360629439399796
4602,1,0.9498620782665846,0.9278020416160186
4603,0,0.012312214387309041,0.01950213312451251
4604,0,0.07777144557687406,0.08750679608449238
4605,0,0.0008266007793762873,0.0066373603099665725
4607,0,0.006067868895638319,0.00834075774904675
4608,0,0.0021974058410020253,0.004454260715334158
4610,0,0.006085010800320808,0.008482325989702355
4611,0,0.02408906496723632,0.03306424939962302
4612,1,0.9481773696858614,0.9340725315083819
4614,0,0.036859107738524355,0.04302186183610354
4615,0,0.003062760201259442,0.004047299131946393
4617,0,0.0019839357542239195,0.005118749831740553
4618,0,0.002352867198964274,0.004609722073296407
4619,1,0.9576478092343372,0.9310924194132673
4621,1,0.9288632363644653,0.8982089957944971
4622,1,0.9268393568188005,0.8961851162488322
4623,0,0.0019026427082562444,0.004566410886909342
4624,0,0.001909803133768775,0.004382146627284176
4625,0,0.007851599891313836,0.009349001898144913
4626,0,0.011260427571288931,0.013658147565182105
4627,0,0.002001825310166152,0.0032344667541739356
4629,0,0.0022335232388939583,0.004897291417547056
4630,0,0.0039692708146395975,0.0034179616149275305
4631,0,0.0021270607776448275,0.0052618748551614605
4632,0,0.08367556720691573,0.07037425087970535
4636,0,0.01718991083856688,0.021751585866259034
4637,0,0.0437240647336304,0.05994653494563436
4638,0,0.025467147722460996,0.03063385819091597
4639,0,0.0326836235352273,0.040253039874647206
4640,0,0.09488480370596045,0.08023019947672366
4642,0,0.019375161685540654,0.023846845709514307
4643,1,0.9859325956714358,0.9863945546095578
4644,1,0.9933886532302361,0.993467863303311
4645,0,0.1086148564276298,0.11174931449043521
4646,0,0.41318071209458473,0.46319936181894655
4647,1,0.09394354222736945,0.04857626167249222
4648,0,0.002715457978681687,0.004972312853013821
4650,0,0.08315600884696644,0.09639612971220682
4653,0,0.00911240392093682,0.010642694547375812
4654,0,0.001858558274205108,0.003264335132092418
4655,0,0.013273405790298157,0.014385231661322363
4658,0,0.00388232653342048,0.006104976374169886
4659,0,0.0026757019134897053,0.003660240844176656
4661,0,0.006732451528978736,0.008229853535809814
4662,1,0.9381470741679148,0.9193848993327023
4663,0,0.0014479351296783887,0.003925060134332857
4664,0,0.03041927219317227,0.030277932651769705
4666,1,0.9393579631715765,0.920595788336364
4667,0,0.0018076932851450603,0.004524353249644982
4669,0,0.0021429915484824764,0.0043998464228146095
4670,1,0.9378302892962975,0.9350566556383673
4671,0,0.0013741291411780608,0.004324889210246586
4672,0,0.005130512337473499,0.007552172238972268
4674,0,0.002585779299042691,0.0051392478061037545
4675,0,0.027752711142561726,0.02828711494253143
4676,0,0.0032075299816328564,0.0041920689123198076
4677,0,0.0011662014167717761,0.0031599239565509034
4678,0,0.00855880937221495,0.010831698225623382
4679,0,0.01659648286914902,0.006720709802091411
4680,0,0.001622986045544584,0.0028453336907842547
4681,0,0.002115493553816483,0.0035664359388891905
4682,0,0.01038501687260458,0.01421019253674061
4684,0,0.013847327833328524,0.006969052505928249
4685,1,0.009215721910658677,0.012624589074702187
4687,0,0.0035445968687857297,0.00452913579947268
4688,0,0.002455491079766579,0.004712345954098712
4690,0,0.0024043455876162885,0.00512100555211621
4692,0,0.0032649181434023095,0.004225807614493156
4693,0,0.0026906686220868423,0.005980944816162623
4696,0,0.0015996805006918665,0.002872031183348872
4697,0,0.003727983913421881,0.006444643877921803
4698,0,0.001714283670795695,0.003122718767604687
4699,0,0.0030476345669798416,0.005409125420504729
4700,0,0.014927673459319713,0.03079220626556136
4701,0,0.0017016445992049953,0.002974484984457023
4702,0,0.0016787864360576915,0.0029516268213097196
4704,0,0.06756321251663516,0.0380316297191719
4705,0,0.003296765833267063,0.005623936841122386
4706,0,0.0034967589742350477,0.005179066984496788
4707,0,0.002097829473239604,0.004354684347571737
4709,0,0.0019685092987219654,0.005103323376238598
4710,0,0.027441154449318602,0.026377231101373876
4711,0,0.0020353556900984987,0.0045076991836139
4712,0,0.007460165249459976,0.010155531131628386
4713,0,0.0017766335438850036,0.0029959945807058984
4714,0,0.016184527098313264,0.017587343639136784
4715,0,0.00290763690435282,0.008949097096393091
4716,0,0.005120235684613213,0.007820373227509544
4717,0,0.0034146650994125215,0.00461083658543791
4718,0,0.027794632253742645,0.027337133194402077
4719,1,0.8715783032445419,0.8786520933869763
4720,0,0.003761583947675935,0.005034424332927962
4721,1,0.9205484165047855,0.8981177495699368
4722,0,0.0015840708262223938,0.0033997950579515187
4723,0,0.012971767437674418,0.016684434571653216
4724,1,0.7975598900416079,0.8286508291331642
4727,0,0.29373795361196053,0.15426115625677955
4729,0,0.08025493452151736,0.05711654689373746
4730,1,0.9924493125080478,0.9925318512564145
4731,0,0.025450734354199048,0.0285339094302157
4733,0,0.0363858330522489,0.04553267385455517
4734,0,0.048511505603768636,0.05298096361734648
4735,0,0.11374675373358448,0.1555736877762609
4738,1,0.9419129256393994,0.9120027454047721
4741,0,0.0026185454747215194,0.00360308440540847
4742,0,0.024769738683750854,0.03325667296544723
4744,0,0.015911724139762128,0.016966208758400193
4745,0,0.034862888330596246,0.0393579345837224
4747,0,0.016698111589035582,0.01664153855147905
4748,0,0.0013127342837422954,0.0038789528732977164
4749,1,0.9377154500991267,0.9081998312555313
4751,0,0.002868959734488916,0.0038534986651758666
4752,0,0.002889423749555267,0.003873962680242218
4753,0,0.0030839200812347164,0.005637388588295779
4754,0,0.001523432011173952,0.00400055701582842
4755,0,0.09053421683824635,0.07560514771387074
4756,1,0.9434840135874065,0.924721838752194
4759,0,0.005621666908076346,0.007894555761484776
4760,1,0.9370663351306989,0.9183041602954864
4761,0,0.0019457787130327453,0.0033967210981054527
4762,1,0.943208077955421,0.9136143070939677
4763,1,0.9099750752667359,0.913148734900943
4764,0,0.01781245854797515,0.022025522089156462
4765,0,0.07858950425501393,0.0673291753928319
4766,0,0.0017172015600610655,0.00472364265447991
4767,0,0.007019219561147778,0.007045606205814833
4769,1,0.9209061212456686,0.8968999195876001
4770,0,0.0013669007334267003,0.0028585311100066666
4771,1,0.9279138499100371,0.8955610802793852
4773,0,0.015719511174244073,0.012586224049154424
4774,0,0.044800118324411387,0.0457811405584482
4775,0,0.0007065127805101413,0.0018264675856891446
4776,0,0.0009776963369575265,0.004061958088906407
4777,0,0.0012028898691115882,0.0008264127600079468
4778,0,0.0005023538486719237,0.0004970113649746415
4779,1,0.23379829230738824,0.2360587847871718
4780,0,0.0013135072760000399,0.0021054474405084855
4781,0,0.0022586106262580787,0.0020461895696421034
4782,0,0.034183339649828504,0.0336635989307314
4783,0,0.007669885526544924,0.007658695238464096
4784,0,0.0004959886122731683,0.00051829072202807
4785,0,0.0004850972286835375,0.00037342924805083984
4787,0,0.0009882687626825318,0.0008766007820498342
4789,0,0.0003267433373054649,0.0003782983094104681
4791,0,0.0006145722034351162,0.0007344581283676536
4792,0,0.0020077539676878935,0.0020629171285099115
4793,0,0.0005765838016603343,0.0006151261471478
4795,0,0.0005789110055169329,0.0004150294272996263
4796,0,0.0021700740001372523,0.002062523074394729
4798,0,0.0031632353545392906,0.003469293784438611
4799,0,0.0015679823266215088,0.0015639570743957178
4800,0,0.001056486317879829,0.0010615569647674707
4801,0,0.005158888355895409,0.005895755077670307
4803,0,0.00481940926410826,0.005501666341677263
4804,0,0.0004386189611620791,0.0004934269713901621
4805,0,0.0020964633223549095,0.002153379990439372
4807,0,0.01785885015336667,0.01695823580634843
4808,0,0.000684380045566306,0.0007171181091752282
4811,0,0.0017386127250074291,0.0017939776042250825
4812,0,0.006510053457804895,0.007038666791787181
4813,0,0.025073147091754996,0.039156563167247235
4814,0,0.02877877026465462,0.031908716074402564
4815,1,0.9317649460026418,0.9255905007826799
4816,0,0.20813233449187624,0.11241617596662706
4818,0,0.0017867601572292336,0.0013892774779578317
4819,0,0.004398204581929187,0.007404645676348031
4820,0,0.001526277820592119,0.0014770953380480053
4821,0,0.0036859835589631703,0.006294575401433299
4822,0,0.016518667741082137,0.02091642680597152
4823,0,0.0038065492427504745,0.004882250211839537
4826,0,0.0034039125585962823,0.005660767432928416
4827,0,0.005989313095979972,0.007028131588084191
4828,0,0.036248987130079346,0.044029607878583586
4830,0,0.00732063294468484,0.009153741164199728
4831,0,0.0037931134037107947,0.006049968278042928
4832,1,0.9354945789943203,0.9149762949747207
4833,0,0.015266434916039422,0.018154505490120605
4834,1,0.7571230526570192,0.7528632506191661
4835,0,0.00558888416462121,0.00655070094646522
4836,0,0.030819206751692745,0.03253629363637868
4837,1,0.9359308351251845,0.9245618603294672
4838,0,0.0015971649779086862,0.004558200232006336
4839,0,0.003458084843821857,0.005680734684571262
4841,1,0.9208862989151256,0.9204320332314565
4842,0,0.009443998767339461,0.012852865931382972
4844,0,0.000787554452367892,0.0059477104871069894
4845,1,0.9457043156908991,0.9139526916012564
4847,0,0.0037986394336245845,0.0063521079406856475
4848,0,0.009705899827943287,0.014136460870070824
4849,0,0.029920548006375877,0.03660100133042365
4850,0,0.004001744612826786,0.005668623740589622
4851,0,0.046940668516157566,0.04587416552558321
4852,1,0.9218740946418783,0.886636021836589
4853,0,0.0023054935892371344,0.004491049779291799
4854,0,0.0017065644087975395,0.003754672831523859
4855,0,0.0018622504523572695,0.0042896046325337275
4856,0,0.41313266475551536,0.4587779029906265
4857,0,0.000987452778398827,0.0013775054929120352
4858,0,0.0019971152201808807,0.0033960646715325664
4859,0,0.3864892313960386,0.3299709775665075
4860,0,0.00045596545128621333,0.0005113303305038665
4862,0,0.00031238043291386026,0.0007923811623781585
4863,0,0.4723969619388536,0.49091035800587635
4865,0,0.0004918149589553746,0.0005471798381730278
4866,0,0.0004651608302189056,0.0008618848445093382
4868,0,0.003979963336682457,0.004522497842620683
4869,0,0.0016065265966348178,0.0013941055400188422
4870,0,0.00033323793249172626,0.000817727005737914
4871,0,0.0004019141892513164,0.000586855800024327
4872,0,0.00043466397992800035,0.0008099145488428738
4873,0,0.011504781032534387,0.011796777959640663
4875,0,0.0005671895349124727,0.0005989492397376799
4876,0,0.0003565894631261668,0.0004113974733542498
4877,0,0.0004743106580171719,0.0005258656301221752
4879,0,0.008182130152892793,0.009578104728103847
4880,0,0.000559536776108728,0.0006146999369307458
4881,0,0.0007643623306600362,0.0005873384860552258
4883,0,0.0008688729468586728,0.0009171277978776407
4884,0,0.0015542871123280972,0.0016358444750053619
4885,0,0.00043282411703096446,0.0009173131902771522
4889,0,0.0006834210788354101,0.0006978795347623958
4890,0,0.0006069893373459057,0.0006214477932728914
4891,0,0.0006693030744512462,0.0006841869479945867
4893,0,0.001429027971826131,0.0016395393194339977
4894,0,0.0013058688029126792,0.0013930873320903046
4895,0,0.00102098580613062,0.0011273381470755807
4896,0,0.0068907080949688095,0.007637130647627931
4897,0,0.00987700820293102,0.01801079141628792
4899,0,0.5705117140020417,0.3571544741205441
4900,0,0.09294973219531155,0.17299305692136072
4901,0,0.18523185952584487,0.186970442712941
4902,0,0.05678949229013318,0.07230583780892173
4903,0,0.11079609864611291,0.12585375922651204
4904,0,0.0011933143760965287,0.0013207060570722094
4906,0,0.013167621273832022,0.013156430985751193
4907,0,0.0020542410738329177,0.001959799317671731
4908,0,0.00039277622891238705,0.0004475842391404701
4909,0,0.0009371917627852499,0.0007304235800778071
4910,0,0.0005515731459811064,0.0005614906824249248
4911,0,0.00043978797432123596,0.0004355142889024144
4912,0,0.0003863805436216057,0.000829995028465472
4913,0,0.0006432527864842606,0.0005134644649900405
4914,0,0.00040474520186699705,0.0007900970257924875
4915,0,0.0005491950121412158,0.0005625426697447586
4917,0,0.00040439671603920233,0.0004054441849085595
4918,0,0.0005449379895282222,0.0005335839517366087
4919,0,0.0006136113877146605,0.00048382306622044046
4921,1,0.962513429607255,0.9624415060539622
4922,0,0.006836003639995139,0.00682481335191431
4923,0,0.0006034020979839852,0.00047361377648976507
4924,0,0.0005235043944089871,0.0005181619107117049
4925,0,0.0004331660488449886,0.0004885309280626419
4926,0,0.00037456156418094256,0.00037560903305029975
4927,0,0.00043976322433903414,0.0007930696120747168
4928,0,0.0009393478477570903,0.001309226334126027
4930,0,0.012365490294710402,0.012196313756477003
4931,0,0.0004654922819527139,0.0003538243013200163
4932,0,0.0006353770076053224,0.0007473705814174468
4933,0,0.0015600045926565467,0.0016018146584832237
4934,0,0.0005984787341089188,0.0004686904126146986
4935,0,0.0003283155821696144,0.0003831235923976975
4936,0,0.000523756525163261,0.0005791214043809142
4938,0,0.0005453606538484107,0.0008986670415840933
4940,0,0.019509954615556435,0.020678645259921156
4942,0,0.0005082972151057366,0.0005272751751064773
4943,0,0.00030937403117361226,0.00038113526315347455
4944,0,0.0010007915449559944,0.0008940278533505156
4945,0,0.000778090658395343,0.0006786127979478784
4947,0,0.0004452651222240216,0.0004838074677114873
4951,0,0.000932655460876065,0.0008368543757446284
4952,0,0.00040827687501348924,0.0004651935430979518
4953,0,0.007811619770050805,0.008936900192540181
4954,0,0.0005787163548115683,0.0004122452336342517
4955,0,0.0023014706963498245,0.0027263705544519875
4956,0,0.01577126660554809,0.015813387868206012
4957,0,0.0015875793912537293,0.0017968904501676126
4958,0,0.0007658653529421537,0.0006700642678107171
4960,0,0.00048363694276834843,0.0006765137123305406
4961,0,0.03891763527894762,0.04092650708460847
4963,0,0.0010659082989727762,0.001121071459794794
4965,0,0.0004999075000756738,0.00038823951944297607
4967,0,0.0004116334493334162,0.00046264679225030907
4969,0,0.0005499815821476548,0.000605346461365308
4970,0,0.0007510725531025247,0.0006394045724698271
4971,0,0.0004448886359619536,0.0005018053040464162
4972,0,0.00034300262884398374,0.00040410622659973284
4973,0,0.0005183125191999362,0.000708587673707433
4974,0,0.0005487206509102473,0.0006040855301279005
4975,0,0.0026469276424779696,0.002440517053946594
4976,0,0.002591376290862014,0.0026246342970692236
4977,1,0.8866561933092436,0.8716264137999945
4978,0,0.0029421039767071914,0.0030137816447701315
4979,0,0.004083695707219265,0.0037338938301767844
4981,0,0.0033316797844308763,0.003278728388844093
4982,0,0.03428647247455696,0.03428662957973312
4983,0,0.020658496932150633,0.034588911799276215
4984,0,0.020663000804911125,0.04053979008242772
4986,0,0.014760477643837842,0.025761623992057815
4987,0,0.0004928980193223951,0.0003844943713004651
4988,0,0.0063695125531819715,0.007839030649450015
4989,1,0.29069493118423045,0.24393902788158142
4990,0,0.0004290209427683033,0.0007942856620423693
4991,0,0.0020192200336634743,0.0020929084820937253
4992,0,0.0005716367373345052,0.0009369014566085712
4993,0,0.00038882001739542604,0.000754084736669492
4994,0,0.00025251537618088985,0.0004370476644980645
4995,0,0.0010823107954531306,0.0010332544194465653
4997,0,0.002207727796281535,0.002675370107214408
4998,1,0.8938516596504722,0.8910602033698967
4999,0,0.00045997748435911264,0.0009315960137912613
5000,0,0.0003227748316377595,0.0004103253886636545
5001,0,0.0003421814878148599,0.0003852513781382561
5002,0,0.0007352139174181818,0.0008599434632806639
5003,0,0.00030437624784258475,0.00037613747982244704
5004,0,0.001686384947844937,0.001598263011397037
5007,0,0.005610771266288094,0.0061081160902387525
5008,0,0.0007077098333857802,0.0008051376986664127
5009,0,0.0004017113228542091,0.00047487149323478535
5010,0,0.00046324226291018645,0.000482220222910927
5011,0,0.0004813375062926739,0.0003729338582707439
5012,0,0.0004313569720186636,0.0004503349320194043
5014,0,0.00040662401140714765,0.00044516635689461346
5015,0,0.0005236688730906173,0.0004152652250686874
5016,0,0.0005080225346011831,0.00040836520833756774
5017,0,0.0009650043901377736,0.0010949404440397258
5018,0,0.0006828900211216737,0.0005763292988490579
5019,0,0.00030641788837804584,0.0003781791203579082
5021,0,0.00035654469586210197,0.0007098510835977847
5023,0,0.0033802282318579294,0.0038550283257505233
5024,0,0.00032285532152127264,0.0003744102936262759
5025,0,0.0007464126322714161,0.0009352179433798068
5026,0,0.001110461408348477,0.001165624569170495
5027,0,0.0006913716767434446,0.0007103496367441851
5028,0,0.0029532769063230764,0.004487017544471931
5029,0,0.0005021284058215644,0.0005025664863339029
5032,0,0.0011281013574145217,0.001048553692630387
5033,0,0.0003063584415145523,0.0003781196734944146
5034,0,0.0005468208334510339,0.000582255621295231
5035,0,0.0006101712682114657,0.0006731810622658382
5036,0,0.0006671584778644032,0.0007301682719187756
5037,0,0.0003545802648658384,0.0007311529579809141
5038,0,0.0005020747732004246,0.0005584712448273561
5039,0,0.0006290514364243519,0.0006824053370372451
5040,0,0.00038032599021012835,0.0007568986833252041
5041,0,0.00037248178895701455,0.0007490544820720902
5042,0,0.006172059633922147,0.007273283754166243
5043,0,0.0004932910655267963,0.0003848874175048664
5044,0,0.00040497068522907557,0.0007702354045031415
5045,0,0.0008070930567163383,0.0009269789816488759
5046,0,0.0007943211157331778,0.0008494842765551956
5048,0,0.0004886431630955296,0.0005703191225711702
5049,1,0.9098719238764388,0.9102723163789543
5050,0,0.0009767343526270807,0.0010443201936045777
5051,0,0.0012794473247987898,0.0011606452858244076
5052,0,0.0008135328690059794,0.0008244279348234229
5053,0,0.0009332889620843879,0.0010397921301190226
5054,0,0.0005322804581860823,0.0008975451774601482
5055,0,0.000332107953004548,0.00040386918498441034
5056,0,0.004501487748216634,0.00484902936821617
5057,0,0.0010975685173859485,0.00104979791273165
5058,0,0.007410523453273678,0.00783766519008891
5059,0,0.0008135270316388666,0.0006046110745376482
5060,0,0.0009967343309948162,0.001103237499029451
5061,0,0.0013562206056034144,0.0014259226575393232
5062,1,0.9546887510289528,0.959410635869112
5064,0,0.0021639927896913587,0.002053390559720548
5065,0,0.0005702704624644106,0.0006676983277450432
5066,0,0.00037708043292853527,0.000730386820664218
5067,0,0.00032306634422816296,0.0004911191172150555
5068,0,0.009052489930214866,0.009098216357789695
5069,0,0.0005526859380064131,0.0005749880477613148
5070,0,0.010331993746743363,0.01092390473169048
5071,0,0.0004397894580054136,0.0004945974682334966
5072,0,0.001207527674687823,0.0013049555399684558
5073,0,0.0018624257603043533,0.001908152187879182
5074,0,0.001957828475311783,0.002343076344842765
5075,0,0.0003214241647016328,0.0006922743406732786
5076,0,0.009230777576013429,0.010300968131991196
5077,0,0.0008379662401106637,0.0008963843783150079
5078,0,0.0005933852965592089,0.0004959555520646198
5079,0,0.0011995054348064597,0.0012093377861020038
5081,0,0.000682596248870226,0.0007800241141508585
5083,0,0.00039023755469536265,0.00040006990599090683
5084,0,0.005015546333200338,0.005558080839138564
5086,0,0.007939934852794948,0.00820328776677746
5089,0,0.0004216827164023519,0.0007869474356764178
5090,0,0.00113933762065372,0.0011962883310888302
5091,0,0.0005016087663404073,0.0005114411176359515
5092,0,0.005898971103390211,0.006952413190431614
5093,0,0.00024450242687595853,0.0003336940096970195
5094,0,0.001990839829666383,0.002153675557379216
5095,0,0.00044383516049101117,0.00048130056528184265
5096,0,0.0008567324000360436,0.0013983490088982412
5097,0,0.0003524264353316936,0.0007289991284467693
5098,0,0.0005924149733722668,0.0009941287896266956
5099,0,0.0005592267525026929,0.0006143899133247107
5100,0,0.0023265204542826877,0.002446406379215225
5101,0,0.0013745421154684602,0.0014719699807490927
5102,0,0.0006649093502274679,0.0010301740695015339
5103,0,0.00042205223592821936,0.00044103019592895993
5104,0,0.0012667668415475685,0.0012778923361086094
5105,0,0.0003254685184956758,0.00040612113020656017
5106,0,0.011124648789495947,0.011262777309772513
5107,0,0.0005191351910121631,0.0004107315429902331
5108,0,0.0006678740845969069,0.0007217607975305442
5109,0,0.00105665710771682,0.0014458713487272628
5110,0,0.004006301632304859,0.004363040277636161
5111,0,0.00047796666512821045,0.0007652113446098344
5112,0,0.0005258380940764717,0.0005340336634833995
5113,0,0.0004020473869788272,0.000586244538622679
5114,0,0.0030293229337000262,0.0035451523090275524
5115,0,0.016308468585225985,0.015455155454027552
5116,0,0.02920835961530125,0.02688948971931089
5117,0,0.03191789700598633,0.029961553467436897
5119,0,0.00030196101462970294,0.0003802158384058306
5121,0,0.001091693462767723,0.0009008607238920501
5123,0,0.0006624033789539909,0.0005469040386887564
5124,0,0.0003920528509008415,0.00047960340792673655
5125,0,0.000593765170203833,0.0009766931076066207
5126,0,0.003561309037215414,0.0037567874203196638
5127,0,0.0006427038266663397,0.0011143223560984884
5128,0,0.006064182683452974,0.006258062205432514
5130,0,0.00046386711793358474,0.0005455430774092254
5131,0,0.0006998998113798727,0.0007010700204995336
5133,0,0.0025135286553820834,0.0025526255121438688
5134,0,0.00035910485021284756,0.0004202084479685966
5135,0,0.004349501154509403,0.0041959695688189745
5136,0,0.0003602219349607528,0.00042132553271650194
5137,0,0.0030987817010732425,0.002881129337988836
5139,0,0.0016896898627037503,0.0017772404197296454
5140,0,0.022987375335736974,0.02211522168768453
5141,0,0.007070819992135629,0.007022122184809337
5142,1,0.013874311173965617,0.015328245229053346
5144,0,0.0011726213449285206,0.0010642176969065907
5146,0,0.14893920817151823,0.09846874481707425
5147,0,0.005714093196244507,0.005208694198182568
5148,0,0.008830133783054356,0.007794646103155693
5149,0,0.009719702566064413,0.010020845567971825
5150,0,0.0004608286789561602,0.000515991839778178
5151,0,0.0004528292642922626,0.0009280006455425207
5152,0,0.0031451615694651908,0.0032222346232803987
5153,0,0.3654174420875969,0.3656620593914713
5154,0,0.0003009557789636501,0.0006775284720787258
5156,0,0.00041761383227293704,0.0004561561777604028
5157,0,0.00046292289450107016,0.00035451924647914024
5159,0,0.0010580422428017595,0.0014597560590561883
5160,0,0.0003130292724924748,0.00039923355271485775
5161,0,0.0015623270243645977,0.0014742050879166975
5162,0,0.0012076915297055488,0.0013922238180227235
5163,0,0.0004263056850174672,0.0004442384178750204
5165,0,0.0006091856678218618,0.0005007820197999318
5166,0,0.0032499435812209016,0.0036535643647515577
5167,0,0.00041738148003898597,0.000782646199313052
5168,0,0.0003274950255304281,0.00036603737101789386
5169,0,0.0002710550087611012,0.00035273096823674186
5171,0,0.00034137940237104376,0.00042892995939693883
5173,0,0.0005355661226236195,0.00037303951342864414
5175,0,0.0013645572883011722,0.0017212959336324735
5177,0,0.0005164033006198225,0.000948688128080373
5178,0,0.002853987542313193,0.0032107261876444947
5179,0,0.00028335440114786675,0.0003709049581737618
5181,0,0.0004718021858919223,0.000490780145892663
5182,0,0.00034454110813430725,0.0003876109984577035
5183,0,0.0003485606292877128,0.00036753858928845337
5184,0,0.00040538055192711187,0.00044845044225050806
5187,0,0.0009219656557937837,0.0012115011905252707
5188,0,0.0009724333159046431,0.0013490060090197188
5189,0,0.0004780868233578699,0.0008546595164729456
5190,0,0.0009384763194276568,0.001068412373329609
5192,0,0.0011322185884341809,0.001335175812544624
5193,0,0.025350055844908573,0.02763913911290055
5194,0,0.0011567806501172507,0.001627965046725955
5195,0,0.000649158229513351,0.0007121680235677235
5196,0,0.0004996099180118524,0.000518587878012593
5198,0,0.0004366504072040861,0.000801915126478152
5199,0,0.002304782347756217,0.0027569658894505316
5200,0,0.0005075602803345414,0.000860866668070224
5202,0,0.004202947851629167,0.004705844981448774
5203,0,0.0066838561370041495,0.006703475743932942
5204,0,0.0004968017325066916,0.0005353440779941575
5205,0,0.0005516605541896304,0.000988414132076735
5206,0,0.0005954249314567438,0.0006700051998555733
5207,0,0.0003965805767783186,0.00043965046710171476
5208,0,0.0007244528214703853,0.0007768749046245509
5209,0,0.0005420519508890509,0.0005930652938059437
5210,0,0.0008801723720570738,0.0009353355328790916
5211,0,0.0013414420085281547,0.001229774027895457
5212,0,0.003949399277407539,0.003981433086368421
5213,0,0.0025034226515405038,0.0024892414595668
5216,0,0.0007381698667783404,0.0007933330276003582
5218,0,0.016348866031782646,0.015111013975698449
5219,0,0.018317231199342306,0.024922052803841174
5220,1,0.9584347337784213,0.9566054532119418
5221,0,0.013681769645033724,0.02126809095308784
5222,0,0.011746919339000038,0.015438621124788703
5225,0,0.0002626737712624247,0.00034814439804925555
5226,0,0.003433921277977533,0.0034882160028366074
5227,0,0.0025465025307567918,0.0026008972588294726
5228,0,0.0007672982199381246,0.0006656396902762093
5229,0,0.013449655337664485,0.014145842320026532
5233,0,0.005206113664876416,0.005555869400542119
5234,0,0.000768717901458605,0.0008226046143922422
5235,0,0.0007507682956160992,0.0006442075733434834
5236,0,0.0004148834013527385,0.0004700465621747563
5237,0,0.0028432400132292024,0.0029436733194138963
5238,0,0.00044638441481005325,0.0008116491340841192
5240,0,0.0004711000196205051,0.00037144269335688963
5241,0,0.0005907717233017211,0.0004254047507147872
5242,0,0.00036080559316754515,0.0008520828304708168
5243,0,0.00048523212233628085,0.0009180340992526062
5244,0,0.00035892403064450006,0.0003779019906452407
5245,0,0.0004560250750958415,0.0003439771343818465
5246,0,0.0003030721528728325,0.0006909139430606215
5247,0,0.00048638992687371303,0.0005053678868744537
5248,0,0.0008177006399516064,0.0008288261345126473
5249,0,0.00045816335673514515,0.0005828929025976273
5250,0,0.0004896314743329719,0.0006738286259768238
5251,0,0.0057220785925226145,0.006923311491065789
5252,0,0.0047698209847158385,0.006089732853312304
5253,0,0.009529467370467093,0.010650739047675647
5255,0,0.00044457507013861215,0.0006321880895329104
5256,0,0.0015756181213533935,0.0016300128494260743
5257,0,0.0013430275373289085,0.0014879644070623014
5258,0,0.0005029031471868287,0.0005218811071875693
5259,0,0.0021310636179865602,0.0025638655949028854
5260,0,0.000338369015249222,0.0007262108054370111
5262,0,0.0002483052992187078,0.00032656012299483544
5263,0,0.0005375494892160086,0.0005474670256598271
5264,0,0.000533761204330963,0.00044113087453320906
5265,0,0.003575065442499143,0.0039836635823802665
5266,0,0.0004846224785998328,0.000628870690133328
5267,0,0.0003923200505644304,0.00047410856597276664
5268,0,0.0014706696556260768,0.0013363971553476538
5269,0,0.0018317643034673507,0.0018861590315400315
5273,0,0.0005084725143657536,0.0006901756550762436
5274,0,0.001382016519202852,0.0014824498253875461
5275,0,0.0006459918385893025,0.0004366622201356377
5276,0,0.0005181502593729662,0.0007023474110168181
5277,0,0.0003605885709660383,0.0007577509125865139
5278,0,0.001183339828311262,0.0012372265412448993
5279,0,0.0005098861609201821,0.0005056124755013605
5280,0,0.0002500510636407399,0.0003283058874168676
5283,0,0.0024006812781411707,0.003067839076469127
5284,0,0.0010458793990395356,0.0009374757510176056
5285,0,0.0007892878846847087,0.0006128268957138217
5286,0,0.00036936955910034646,0.00045692011612624147
5287,0,0.00195205487719467,0.0023556756607253262
5288,0,0.002630346408763115,0.0027012023672659848
5292,0,0.0017534772666351248,0.0018599804346697596
5293,0,0.000468182516863542,0.0005067248623510077
5295,0,0.0073605470701227325,0.008094488748995082
5296,0,0.007745453006896795,0.007789040373737996
5298,0,0.001967029076417647,0.0021520612521370016
5299,0,0.0010717015023347532,0.0012960627082845612
5300,0,0.006657781253023587,0.007759825328845271
5301,0,0.0020121809671694024,0.0025161349821694167
5302,0,0.014389721902022066,0.015235685208200032
5304,0,0.0012761735551284803,0.0017278192650422367
5305,0,0.005843736397757469,0.006605306509245092
5306,0,0.005539842375434489,0.0063847631669339405
5307,0,0.013472523081448164,0.015221193121857532
5308,0,0.11352765178710554,0.08331801778813716
5309,0,0.1205067314328046,0.14125975919465544
5310,1,0.01382279717503068,0.015012484993025718
5311,0,0.0011408329253446558,0.0016221385505727662
5314,0,0.0003666047002327412,0.0003855826602334818
5315,0,0.00036956424671827533,0.000746136939833351
5316,0,0.0005623716625046816,0.00036216212738410816
5317,0,0.0005866577599270537,0.0003864482248064802
5318,0,0.0006072817177648713,0.0003979520993112064
5319,0,0.0004210765432729536,0.0004942367136535298
5320,0,0.00482260952499336,0.005297409618885953
5321,0,0.007546152270166374,0.008630059325217706
5322,0,0.0017104384810964516,0.0017643251940300888
5323,0,0.008935640607681223,0.00991332109715511
5324,0,0.00278694291643634,0.002841337644509021
5325,0,0.0003527135427276041,0.0006825518546588992
5326,0,0.0008025499474094442,0.0010083979322043095
5327,0,0.0015446119738782094,0.0017074477015910426
5329,0,0.00098911194099762,0.0010011857524346438
5331,0,0.00032675324087209527,0.0003457312008728359
5332,0,0.0005315666304044975,0.0005867297912265153
5334,0,0.0021859604380297624,0.0022403551661024433
5336,0,0.0005738983913047074,0.0009391631105787734
5338,0,0.0006191595248956764,0.0010208733411501052
5339,0,0.0004180824696945537,0.0007946551628096294
5341,0,0.0012013030811884714,0.0012556978092611523
5342,0,0.002905926605323921,0.0029829996591391288
5344,0,0.0002597239780941255,0.00034891556091518647
5345,0,0.004427739302113621,0.005462871378472898
5346,0,0.0010797573569906072,0.0014450220762646732
5348,0,0.02370060704008557,0.026155975461492405
5349,0,0.0004236101447375475,0.00041933645931872593
5350,0,0.00026975347340197383,0.00034958493696726414
5351,0,0.00045059953488086355,0.0004695774948816042
5352,0,0.00112044233868351,0.0011303598751273283
5353,0,0.00046994733414406075,0.0008671096757645364
5354,0,0.00043828467271774186,0.0003298810246958119
5355,0,0.00047727794302583615,0.0008425426622999021
5356,0,0.011349789590961917,0.012563920048556826
5358,0,0.0003556820953832536,0.0008273006248154022
5359,0,0.00020619855903373358,0.00040007808101327324
5362,0,0.00041955538165159016,0.0004368768618553138
5363,0,0.0045960792888845815,0.005108429245002422
5364,0,0.0006105458691002288,0.0006286167506922439
5365,0,0.0003084632367783335,0.0003882947003436239
5366,0,0.00035323980198742914,0.0007410815921752181
5367,0,0.0020575252894681696,0.0026050381090429006
5368,0,0.0011526748122649582,0.0016566288272649725
5369,0,0.0004823691495427978,0.00047809546412397617
5370,0,0.00040418032514511344,0.0007987534084432305
5371,0,0.00046862110768888104,0.0005047129004986281
5372,0,0.0010357686973134258,0.001133529189056809
5373,0,0.0010352278977171182,0.0010756000808691008
5374,0,0.0006116664910373046,0.000802969436299802
5375,0,0.0006517607910158606,0.0006844988546247828
5377,0,0.02281458381317398,0.02294363669962799
5378,0,0.0009999797338093891,0.0011702952640875645
5379,0,0.0008143597016204813,0.0008252547674379247
5380,0,0.000877308600502575,0.0009750690922459581
5381,0,0.001000542778682169,0.0010114378444996124
5383,0,0.0025351549423614523,0.00248423441947071
5384,0,0.011281551825039742,0.015018853177028526
5385,0,0.024759272496538493,0.02924348217237057
5386,0,0.013654555826997683,0.01816772765563263
5387,0,0.03237846259752465,0.05603094125049657
5395,1,0.9793195120876033,0.979434211528724
5396,0,0.0857575818855908,0.12316943495354021
5397,0,0.02481264058787524,0.027560530877258103
5398,0,0.35482059228060553,0.35175532079520516
5399,0,0.26375233391601854,0.16694304746558414
5400,1,0.5026173994221763,0.5182038695823569
5401,1,0.9584781069659168,0.9587338051971792
5402,1,0.7925731520929385,0.814398569539644
5404,0,0.00027361848402378947,0.0004610153212615171
5406,0,0.0005775146438472642,0.0006219446343059595
5408,0,0.0014452833240351922,0.0014452771892430503
5410,0,0.0005141663952001234,0.0005559914952014378
5411,0,0.010064586677414921,0.010102969832826382
5412,0,0.0004058303400847762,0.0004142199408317762
5413,0,0.011794302218875412,0.013179115654132477
5414,0,0.0013608234600600828,0.0013728641333808317
5415,0,0.00023010715221501594,0.0002972133082646125
5416,0,0.0007520703050920811,0.000825758753522332
5417,0,0.0003164192303794949,0.0002639443513235934
5418,0,0.0008998568377153514,0.0010002901439000456
5419,0,0.0004865629473278946,0.0006488127856306618
5420,0,0.002956291508986766,0.003295354799703323
5421,0,0.00040048639637910453,0.00040887599712610456
5422,0,0.00026112063410655627,0.0002731613074273051
5423,0,0.0005470584292443298,0.0005888835292456443
5427,0,0.0003309573703685308,0.0003334535122177795
5428,0,0.0006906656265879762,0.0007324907265892906
5430,0,0.0002442429477259638,0.0003240744112912542
5431,0,0.0005569436828220233,0.000381726736451466
5432,0,0.00029524811903851626,0.00037181933271836074
5433,0,0.0016489407304525585,0.001930011532942178
5435,0,0.0003451903025444192,0.0008108698495286152
5438,0,0.001108676781701025,0.0011470599371124863
5439,0,0.00026409243006367896,0.0003439238936289693
5440,0,0.00028494146573240873,0.0003647729292976991
5442,0,0.0022631076902436347,0.0022742331848046755
5443,0,0.0030119175386310593,0.004213150437174235
5444,0,0.0008512568086895345,0.000893081908690849
5446,0,0.0003747805125204378,0.00036967246843642196
5447,0,0.0004448674717113302,0.00047513736349158475
5448,0,0.0004735334339457248,0.0009142563254846546
5449,0,0.00044887836505449346,0.0003344450899505159
5450,0,0.002188341628284335,0.002946358998215144
5451,0,0.0006976487582172801,0.0006999971907985347
5452,0,0.004633261103238912,0.0058344940017820875
5453,0,0.0005603932767183819,0.0005687828774653819
5454,0,0.0004944367711170414,0.0005134147311177821
5456,0,0.0004222447230311191,0.000709489402512743
5457,0,0.0003883949617895275,0.0007907955551205328
5458,0,0.0005640257001030519,0.0004317199650294585
5459,0,0.00035135047401008894,0.000739192264197878
5460,0,0.0008019356088441364,0.0006953748865715206
5461,0,0.00043269733805019136,0.0008350979313811967
5462,0,0.005205748194683061,0.005614346334564185
5463,0,0.0004924836507692888,0.0006384431394525641
5464,0,0.00048822865558795583,0.0003798250075660259
5465,0,0.0004212915912083288,0.0004170179057895072
5466,0,0.0015421664036562135,0.0015939892898557762
5467,0,0.0012811107719428712,0.0014442054533305654
5468,0,0.002287377337494102,0.0024841618979875224
5469,0,0.0004392523394522787,0.0008981087341796434
5470,0,0.0008865660240307922,0.0009283760898574691
5471,0,0.00044519641787558903,0.000827692186051984
5472,0,0.030470333442059835,0.031263698339821566
5473,0,0.006312602641812941,0.006412687945920576
5474,0,0.004772066302856578,0.004534616324261564
5475,0,0.010863536835372995,0.011279177658135058
5476,0,0.006363246223705024,0.008072814947966706
5478,0,0.0016678998808039363,0.0014960905660226544
5479,0,0.0006708656867107999,0.0005446216745688536
5480,0,0.0005681659674360597,0.0009399254700888961
5481,0,0.0015934808136167395,0.0015954245754772926
5482,0,0.0006544281105774578,0.0010714733023509768
5484,0,0.02537618777071224,0.0184708732800745
5486,0,0.06571990041342318,0.0839317802779054
5488,0,0.023982299790865764,0.02741910175132011
5489,1,0.9063325492783586,0.9087470766662866
5490,0,0.03382240851857855,0.03864355951217403
5493,0,0.005177073308067037,0.005349384566367261
5494,0,0.007662045682201428,0.008070643822082552
5495,0,0.004677243163812919,0.0054925002900208875
5498,0,0.0004399505138962718,0.00044986805034009025
5499,0,0.0009639464423795109,0.0009649939112488682
5500,0,0.0017143614445645924,0.0017687561726372732
5504,0,0.000509689787024981,0.0004983357492333675
5505,0,0.001900930721367006,0.0017753498633580839
5506,0,0.0005897539594875447,0.0004773714131466915
5507,0,0.0004153395282775436,0.00040999704458026146
5508,0,0.0004250148614343356,0.0007471793139642289
5509,0,0.005978123180607889,0.006852859906412459
5510,0,0.0005363814405083414,0.0004101374283663951
5511,0,0.0015259181321057131,0.0018424925122984665
5512,0,0.00043195978482347773,0.0008660486475755931
5513,0,0.00030813032722192067,0.000387961790787211
5514,0,0.0008315675568808494,0.0009625092214306035
5516,0,0.0006477634646167826,0.0006517385836904452
5517,0,0.00040628178617188674,0.0004009393024746046
5518,0,0.0008636958197314343,0.0007381149617225122
5519,0,0.0007823570605543046,0.0010251572903316407
5520,0,0.0007933108888446188,0.0007972860079182814
5521,0,0.0008772233265311359,0.0009738434963129817
5522,0,0.0017216137457708516,0.0020209145222543977
5524,0,0.00042075880425265094,0.0007492967045038136
5526,0,0.0072530321541170225,0.007736163025143628
5528,0,0.0005889163145301353,0.0007615661285830513
5529,0,0.0023189058631000467,0.0025617032341089334
5530,0,0.0008790826749191962,0.0004818496442334382
5531,0,0.0038412395990686877,0.004593847953641487
5532,0,0.0007682741717707439,0.0006257582308326539
5533,0,0.0008477522404604062,0.0012392691260407177
5534,0,0.0006130259670289685,0.0010052501354516508
5535,0,0.0008257454964732801,0.0006555379360390745
5538,0,0.0005764994184706187,0.0005651453806790052
5539,0,0.00039709976407330337,0.0006924291031875154
5540,0,0.0005615834793904369,0.0008821244977090103
5541,0,0.0005519565757196148,0.0009221665041497719
5542,0,0.0008546517778254006,0.0007104203063470971
5543,0,0.0010354150450499631,0.001343352876668299
5545,0,0.0007206984677739294,0.0007887479286059108
5546,0,0.011990489736629572,0.012862079847165649
5547,0,0.0006728563850921025,0.0007026128080912294
5548,0,0.004298240006704829,0.004786313609891419
5549,0,0.0004997080608803362,0.0006266226056102677
5550,0,0.010299502149620535,0.011394519295943664
5551,0,0.0006316260547728064,0.0009485872515337132
5554,0,0.015394548220197209,0.01608112255853329
5555,0,0.0005702271180597609,0.0009419866207125973
5558,0,0.0009153549638345568,0.0009571650296612336
5559,0,0.0013284703658583735,0.0013582267888575003
5560,0,0.0008161958514834055,0.0009152835622601211
5561,0,0.0008870013537427026,0.0009167577767418294
5562,0,0.014029532034667664,0.014132041928883472
5563,0,0.0019128845172276803,0.00225596338690824
5564,0,0.001284097131360718,0.0010976672041399067
5565,0,0.018576856915935754,0.019523596264724115
5566,0,0.018610569107009003,0.02038261848856393
5567,0,0.012839874460479885,0.013589592586413388
5568,0,0.0030116906088538285,0.0035512255020961757
5569,0,0.000522683115598228,0.0003964391034562816
5570,0,0.00035272289861127976,0.0007050387895520493
5571,0,0.0005863053622642866,0.000588877989361527
5572,0,0.00045215895128444166,0.0004408049134928282
5573,0,0.0003451497701706436,0.0006974656611114132
5574,0,0.00035738049969371866,0.0008177238919114721
5575,0,0.006494624386652567,0.006650313413521967
5576,0,0.0006038726749451303,0.0004776286628031839
5577,0,0.00039746363508583784,0.0004397974944277724
5578,0,0.00037391708239212175,0.0007262329733328913
5579,0,0.00046971320460321823,0.0003369224105144312
5580,0,0.00043928961224548016,0.0007265839450990682
5581,0,0.0003882050711552074,0.00046397986503489994
5582,0,0.000644039883775722,0.0006480150028493846
5583,0,0.000613244036830621,0.0007993090182363449
5584,0,0.000516281515298819,0.0006038717347828976
5587,0,0.0006645285361218534,0.000517790494596095
5588,0,0.0005424189470786031,0.0005463940661522657
5589,0,0.0006181804203976178,0.0009443863209352829
5590,0,0.005565383635009444,0.006487187799385453
5591,0,0.01165667659394461,0.012267637489917424
5592,0,0.00034073701235282213,0.00038307087169475674
5594,0,0.009650582261860087,0.009806271288729487
5595,0,0.00043612408609810583,0.0007470819172185128
5596,0,0.0004951444185119596,0.0004898019348146774
5597,0,0.00046800020796789214,0.0007901646604977855
5598,0,0.0004779510292696671,0.0008001154817995604
5600,0,0.0006975469213252087,0.0005633526902279445
5601,0,0.0005755954068808057,0.0004493513947388593
5602,0,0.0003034046555187113,0.0003888752823055421
5603,0,0.0075898635978514616,0.007745552624720862
5605,0,0.0005420274106126985,0.0006095400140761121
5606,0,0.0006198454178612127,0.0006238205369348752
5607,0,0.0002494627111525548,0.00044334223313209447
5608,0,0.00046630866146948815,0.00046096617777220596
5609,0,0.0005739939689882896,0.00046194602827429466
5611,0,0.0014122115812255137,0.0014242853926625374
5612,0,0.0006845550579835695,0.0007379089585964627
5613,0,0.00039918155814925145,0.00048673211517514647
5614,0,0.0006092662755044183,0.0009745309947784843
5615,0,0.0013088773573950085,0.0010438066995556777
5616,1,0.9727459156045687,0.969338494661526
5617,0,0.0005178415213507709,0.0005505795849596931
5618,1,0.7572089802216738,0.749244015370816
5619,0,0.5030790001884259,0.5030631483135513
5621,0,0.0003964003714958996,0.00048395092852179464
5622,0,0.00611822567714773,0.006554568854909305
5623,0,0.00045981316371890676,0.0005169858001264926
5625,0,0.0005118003387974576,0.0008835598414502939
5626,0,0.00042116220512134297,0.0008815055973390965
5627,0,0.0004908202120572109,0.00047946617426559746
5628,0,0.001028386369168213,0.0009021423570262666
5630,0,0.0029791805476360963,0.0031442167607728198
5632,0,0.0005859686156425892,0.000615725038641716
5633,0,0.006030068027607822,0.006692435284138772
5634,0,0.0010872259222883352,0.0011961700170669133
5635,0,0.006691839100594229,0.007271609442218918
5636,0,0.0022399572253865734,0.002348901320165152
5637,0,0.0016381239150241968,0.0017306140824654092
5638,0,0.0009109137265731431,0.0012052798736264844
5639,0,0.0006990833837301457,0.0007499197339746796
5640,0,0.0029834885420308636,0.0034438319342486173
5641,0,0.002100105377765355,0.0022631310656465765
5642,0,0.0005289685592840136,0.0006012096615314976
5643,0,0.000803741322497699,0.0008334977454968258
5644,0,0.0028478636512847045,0.0029424533769150784
5645,0,0.002537768269768113,0.0029435922768139737
5646,0,0.002521968438865396,0.002280735296579536
5647,0,0.0019228565184275465,0.001911502480635933
5648,0,0.0037403353502763943,0.004408714637172416
5649,0,0.007104512482881315,0.007386398970157286
5650,0,0.11329391153216883,0.09344954277955375
5651,0,0.0424138141541471,0.04863802253571577
5652,0,0.04956837290503348,0.05199030572716721
5653,0,0.02550227140984875,0.04071291967362568
5654,0,0.08655925374138285,0.09308195160581867
5655,0,0.0005017883454598096,0.0005057634645334722
5656,0,0.004629328334666089,0.004800284622027839
5658,0,0.0008357595108967387,0.0006460303731527465
5659,0,0.007114645844643914,0.007989382570448483
5660,0,0.0008396606782109378,0.0011554605690402564
5661,0,0.0007105799444343192,0.0009765327111054621
5662,0,0.006221978501516697,0.0063929347888784455
5663,0,0.0005610774623682076,0.000854370479786867
5664,0,0.0011697778033499281,0.0013193618571187987
5665,0,0.0006358568625258448,0.0004933409215877547
5666,0,0.0007636752258043067,0.0006399181343142775
5667,0,0.001641912468208345,0.001758761197434986
5668,0,0.0008487946893285203,0.0011734069380218972
5670,0,0.001204188255039047,0.00147014102171019
5671,0,0.0011591306980345596,0.0015036187929613498
5672,0,0.0005080123203905911,0.0005119874394642537
5674,0,0.0006794914564574214,0.0006834665755310839
5675,0,0.0009397088885563329,0.0012476467201746689
5676,0,0.0005442019272498498,0.0006839019926916006
5677,0,0.0005643906263117181,0.000421874685373628
5678,0,0.007683415608933996,0.00777945202934422
5682,0,0.0013527550291248048,0.0014980471721781526
5683,0,0.0022478886102901404,0.0025277369915074877
5684,0,0.00043805731557618866,0.0005800546028657003
5685,0,0.0005150677441952676,0.0005037137064036541
5686,0,0.000776882512803096,0.0006324782424812922
5688,0,0.0017460473041275616,0.0021443370870099644
5689,0,0.0012210364083293924,0.0015423288792418333
5690,0,0.0004095741909182093,0.0008850554906612818
5691,0,0.0018968931883829357,0.00226607841472518
5693,0,0.005651437559562095,0.0070881579060173075
5694,0,0.0007146099436926173,0.0010848198721227745
5695,0,0.0008035091766310076,0.0006591049063092039
5696,0,0.0006423169535817465,0.0004998010126436563
5697,0,0.000525518239535063,0.00039927422739311673
5698,0,0.007005357685711864,0.007161046712581265
5699,0,0.00969251696967243,0.010614321134048438
5700,0,0.0003364990815708965,0.0007242719521633719
5702,0,0.00334561974325153,0.0053821343208987835
5703,0,0.000521489744915663,0.0005512461679147898
5704,0,0.0012464404783743492,0.001384994381044423
5705,0,0.007813635479674506,0.008495045605188014
5706,0,0.0004483758667508535,0.0006210256808037694
5707,1,0.9706194849336072,0.968914348455832
5708,0,0.0006789762010426098,0.0007087326240417366
5709,0,0.00045207075625918874,0.0007951496259397485
5711,0,0.0015476385244205333,0.001964536601345783
5712,0,0.0005779433739303466,0.0008984843922489199
5713,0,0.00565576439158207,0.006537318990664559
5715,0,0.0004968876860405796,0.0008399665557211394
5716,0,0.00034251011412325823,0.0005020504104978578
5717,0,0.00485532394494065,0.005681524553756354
5718,0,0.001005938426030309,0.0010860075544832967
5719,0,0.0005978582834055523,0.00047161427126360595
5720,0,0.001178362879912423,0.001503573190797461
5721,0,0.0018530189713193237,0.0017471952873250969
5722,0,0.0011410388484276565,0.0014377103445453831
5723,0,0.0008722541556635764,0.0009161908798457322
5724,0,0.0020388947424717914,0.002183412135967913
5725,0,0.001314582035008316,0.001338091213994339
5727,0,0.0023509132664912328,0.002599541606005816
5728,0,0.0008588473719898541,0.0012145932837012508
5729,0,0.0017071862159998984,0.0017489962818265752
5730,0,0.0016475942683556993,0.001651569387429362
5734,0,0.018502550788840236,0.021802879315584008
5735,1,0.9729966453524528,0.9728675041953673
5736,0,0.03680803338443438,0.052737457543580404
5738,0,0.03586560887350748,0.045459293484801114
5739,0,0.007976938636950332,0.008729546991523132
5740,0,0.0006382843187174307,0.0004915462771916724
5741,0,0.0005688443133240976,0.0007085443787658482
5742,0,0.0006005855784696026,0.0007402856439113532
5743,0,0.001899052556542806,0.002160835610196973
5745,0,0.0005715984950124862,0.0005755736140861488
5746,0,0.0007182555508050193,0.0011039379919487306
5748,0,0.0010675456086348654,0.0010715207277085278
5751,0,0.001444369011072451,0.0012107822555854888
5752,0,0.00044642224704482294,0.0005244315036238761
5753,0,0.00037849124281074867,0.0007247940755297751
5754,0,0.0014426316049804043,0.0014844416708070813
5755,0,0.0010106207108248684,0.0013307526961491038
5757,0,0.0023865337583638705,0.0032612704841684407
5758,0,0.0038362397847908126,0.004710976510595382
5759,0,0.0006393390326124255,0.0007173482891914787
5760,0,0.0005049753469217714,0.0008255163652403448
5761,0,0.0005608659519062126,0.0006388752084852657
5762,0,0.0053561430304187784,0.006230879756223349
5763,0,0.0024329045607461176,0.004469384400557749
5764,0,0.0006210866269652357,0.00047857068602714557
5765,0,0.00041141092810706073,0.0005534082153965723
5766,0,0.0006454393707939772,0.001041975162277331
5767,0,0.0006737193834790681,0.0007155294493057449
5768,0,0.002264865435111477,0.0026067975137190618
5769,0,0.0022724232640333863,0.002565938507355968
5775,0,0.0005254071367509811,0.00038289119581289097
5776,0,0.0004088345442716161,0.000403492060574334
5777,0,0.004190600027087492,0.005253791506831253
5778,0,0.0014423589222674472,0.0018962565718209003
5782,0,0.0004428529859270367,0.0010193881480715695
5783,0,0.0006563423768395085,0.0007960424422812591
5784,0,0.0006389748629228385,0.0004964589219847483
5785,0,0.0015059763270038181,0.00183626806839961
5786,0,0.0007571345918677161,0.0008351438484467692
5787,0,0.0005858554933582609,0.0009063965116768342
5788,0,0.0004280386951924207,0.0005700359824819324
5789,0,0.0006744121290740636,0.0007524213856531167
5790,0,0.0010724055823474266,0.0015237104763732795
5791,0,0.00045235103988974107,0.0005861852835288381
5792,0,0.0005709093713651866,0.0005748844904388492
5793,0,0.0005101066389331145,0.000498752601141501
5794,0,0.0008998313044792903,0.0010528187500058641
5796,0,0.0008393444828717654,0.0009769098279886806
5797,0,0.005416266213864263,0.0057198903689922725
5798,0,0.0007651057886401236,0.0008367332972923047
5799,0,0.0005027756073568427,0.0005158187300650973
5801,0,0.0008959200860656246,0.0009256765090647513
5802,0,0.0015336405435764,0.001880507931812288
5803,0,0.0009759998562948278,0.001044065230179136
5804,0,0.0004691211782027433,0.0004821643009109979
5805,0,0.0058690958279798,0.006928637369276814
5806,0,0.0009573569479836312,0.0010949222931005463
5807,0,0.003678675158373094,0.00436803616372799
5808,0,0.0011163202190825033,0.0012538855641994185
5809,0,0.0004797982285501839,0.0004984007783969818
5810,0,0.0008774726803691082,0.0009554819369481614
5811,0,0.0015341203420396147,0.0013252106211952878
5813,0,0.0011934589557994336,0.0009489904770226925
5815,0,0.002473280728626439,0.002570569978327208
5816,0,0.008599166946287632,0.00617055723404843
5817,0,0.002628775898899377,0.0028071920066017044
5819,0,0.02721401740180364,0.017722285250897217
5820,0,0.06292843556183604,0.04011688591466093
5821,0,0.011049695047942556,0.015023663942159263
5822,0,0.08627466126754935,0.09364221217481317
5823,0,0.044209668010964265,0.04519669048793053
5825,0,0.04404248991699601,0.040106156650763745
5826,0,0.1273752879631511,0.10821318179566179
5827,0,0.04867609388286964,0.05712660160359094
5829,0,0.0004998261660026992,0.0006308656482624186
5830,0,0.0003725854003305314,0.000360580874214209
5831,0,0.0005256236751880472,0.0005641463807689715
5832,0,0.0006229939449183754,0.0009587181519861907
5833,0,0.0003661391096946022,0.00035989848156069837
5835,0,0.0010257203025832362,0.0012949595251430129
5836,0,0.0004982248064451581,0.0006255081089837054
5837,0,0.0003970297923625423,0.0005280692746222616
5841,0,0.0003517520429023585,0.00044533202122302865
5842,0,0.00037912991608537013,0.0003728892879514663
5843,0,0.001945236203756587,0.002236154679716719
5844,0,0.0012917306089314108,0.0010726617763659179
5845,0,0.0004771746034091252,0.0007977156217276986
5846,0,0.0004183037816778328,0.00041206315354392893
5847,0,0.0003283152109726346,0.00045625852092717257
5848,0,0.0009079504749685286,0.0013577802892242963
5851,0,0.00039510512983217656,0.00038310060371585415
5852,0,0.0003766112826363131,0.0004930742675305534
5853,0,0.0005863824571969805,0.0009720648983406917
5854,0,0.0006033642298300334,0.0003699574070807092
5855,0,0.0014553236394388262,0.0016803883803427145
5857,0,0.0003990672224520996,0.00047707647903115274
5858,0,0.0005134573207980838,0.0008133863796582275
5859,0,0.002848573851314877,0.004135236715690837
5860,0,0.0004153185243383331,0.0004933277809173863
5861,0,0.0007015419596014255,0.00046955803415710674
5862,0,0.0006514023308455197,0.0006393978047291974
5863,0,0.000649656231753757,0.0004227961909512735
5864,0,0.0007432681731841622,0.0006112650465518303
5865,0,0.0006335350460564295,0.0009540760643750028
5867,0,0.0008438004736769128,0.000996243515179587
5868,0,0.002006243083775619,0.0017642724087878552
5869,0,0.0007436706396535374,0.0011293530807972487
5870,0,0.0007719502341260411,0.0011576326752697525
5871,0,0.0008383875118963877,0.0011498041988688202
5872,0,0.0006436298696027792,0.000673386292601906
5873,0,0.0005777210568973607,0.0007089436952388418
5875,0,0.0005993518361307889,0.0004568358951926988
5877,0,0.0012035891302726864,0.0014912734231984932
5878,0,0.0006024200970391405,0.0004599041561010504
5879,0,0.001361838232454515,0.0016975624395223305
5880,0,0.000941971745835846,0.0006278448599858044
5881,0,0.0015187658700600763,0.0017772713308335966
5882,0,0.0009192180990167912,0.0006792722221448527
5883,0,0.0006174446542339708,0.0009379856725525442
5884,0,0.0008395545364946022,0.0011369336802061372
5885,0,0.001200238082164923,0.0015137305029951685
5886,0,0.0007774690174200108,0.0005640657744826133
5887,0,0.000524073486918816,0.0005513653483835006
5888,0,0.0007050010029509819,0.0010184934237812276
5889,0,0.0008843673759857361,0.0007141598155515304
5890,0,0.004497615644035104,0.005934335990490316
5892,0,0.0023936755733595825,0.004103244297621264
5893,0,0.0008645500890435722,0.0007120405145545797
5894,0,0.0012116971509144002,0.001675838203394171
5897,0,0.0026411927408547947,0.004112668477323812
5898,0,0.0008999962755962237,0.0010267286258138736
5899,0,0.0032490062205315544,0.0033468463082136097
5900,0,0.002119256472834997,0.0025177384380419216
5901,0,0.0009616504196386772,0.000773315734463875
5904,0,0.0007682091691658766,0.0007628666854685945
5907,0,0.0008695880350290007,0.0009094386246734298
5908,0,0.011695234273006717,0.012912739647340795
5909,0,0.04754300499519082,0.050475829472415336
5910,1,0.9741731413867654,0.9745895670534652
5911,0,0.0004819818295443446,0.0004859569486180071
5912,0,0.030307969147804856,0.03153623332359875
5913,0,0.0011432960889100072,0.0015363784938653574
5914,0,0.0005388001742859855,0.0006436380628398217
5915,0,0.0004327154511076401,0.0004213614133160266
5917,0,0.00048258640072530365,0.000624960420243103
5918,0,0.0015861363632835765,0.0029359819038127437
5919,0,0.0005141380909052376,0.0003550840786358145
5920,0,0.0020424789383764177,0.002569084571664941
5921,0,0.0004760749858296671,0.00046983435769576323
5922,0,0.0019242435639097084,0.0021643459855155687
5923,0,0.0005604615682438594,0.0005989842738247836
5924,0,0.0003769112683635582,0.0005041530370577094
5925,0,0.002157270317735636,0.0028903524199568415
5927,0,0.0019019778684692752,0.002202342647274761
5928,0,0.001076328550030962,0.0012177506168563098
5930,0,0.0005128230326544419,0.0005153956597516824
5931,0,0.0007027367435886634,0.0005310960795412771
5932,0,0.0016543542118510474,0.0032780907280567937
5933,0,0.0004423289876807246,0.0007739538790219161
5934,0,0.0025127329502635577,0.002718271293673834
5935,0,0.0022945432965998866,0.0023768320379442607
5936,0,0.0003971424019153557,0.0005273679475777087
5937,0,0.00030683925243512114,0.00035594230541511
5939,0,0.0004151268947848925,0.0005453524404472455
5940,0,0.16430956809462857,0.16423066283789087
5941,0,0.0009159770577705894,0.0008477135524633902
5942,1,0.0008474087057432334,0.0007791452004360341
5943,0,0.0006766074921121452,0.0006791801192093857
5944,0,0.0005972686263376118,0.0009178096446561851
5946,0,0.0007929968144553148,0.0011151661442532646
5947,0,0.0008950846604568744,0.0008976572875541149
5948,0,0.0008375599901563269,0.0008401326172535674
5949,0,0.0008681858581896247,0.0011671884823518462
5950,0,0.0005944152450134021,0.0007468582865160764
5951,0,0.0024721989119785345,0.0022335393207667414
5953,0,0.0006833405930128474,0.0010038816113314207
5954,0,0.0008317946753211236,0.0006550403329400773
5957,0,0.0005890988710033034,0.0006941696604648277
5958,0,0.0006043768866774965,0.0006823861432565496
5960,0,0.003109524096817723,0.0036964469936742227
5961,0,0.0006408983455114251,0.0008045153407236583
5962,0,0.0006685660583688687,0.0008321830535811018
5963,0,0.000792226049493662,0.0011385288822126885
5964,0,0.000548116475524105,0.00038251568130784114
5966,0,0.0008360046550206545,0.000780849905206999
5967,0,0.0028903271815872702,0.0033374696264661862
5968,0,0.0028359223964579267,0.0032830648413368427
5969,0,0.002106216944774992,0.0023155181004794762
5970,0,0.0005938036595374823,0.000949549571248879
5971,0,0.0007840717760318835,0.0009108041262495333
5972,0,0.0009858137880241322,0.0013063548063427055
5973,0,0.0014613560960450157,0.0016708197841693983
5974,0,0.0022127637610720474,0.0032723053023690613
5975,0,0.000968340812635551,0.0010950731628532008
5976,0,0.004068516827256306,0.004386443161647281
5977,0,0.0019468415700593811,0.0025618960381280837
5979,0,0.0011249299416304366,0.0012178710178091926
5980,0,0.0016038325300524077,0.0016815483257965995
5981,0,0.0010103698425423312,0.00138555594862561
5982,0,0.0032987125409371892,0.006545278668284588
5983,0,0.0007572946130428394,0.0008780021538934099
5984,0,0.0007893299634277081,0.0008621038001266624
5985,0,0.002223855196050766,0.002948604473532449
5986,0,0.012020669941278934,0.010530114310506005
5988,0,0.007579643827760329,0.008754624163639868
5989,0,0.7361916037517322,0.6052759097065714
5990,0,0.015505237275354715,0.018060063672091023
5991,0,0.01839417882806987,0.023354608041907986
5992,0,0.10779996137074963,0.10268501382264379
5993,0,0.0488468165853681,0.0442879201833657
5994,0,0.07274084567805025,0.07850871444295146
5995,0,0.04595115263576263,0.04872164895302777
5997,0,0.17546745812826825,0.129975173233145
5998,0,0.06318541946929342,0.06426703249191636
6000,1,0.10117525149698373,0.08241995819583765
6001,0,0.0011379629472812519,0.0010520049382351923
6002,0,0.001308724199918634,0.0017227944466503794
6003,0,0.0003773457455444601,0.00037110511741055626
6004,0,0.0004384765965914037,0.0007701014879325952
6005,0,0.0037268334584586297,0.004125315423665554
6007,0,0.003089532466756296,0.003083291838622392
6008,0,0.0016118293331333906,0.003235565849339137
6009,0,0.000865943129656173,0.0013208630514864217
6010,0,0.000842872792477268,0.0011461202453783837
6011,0,0.0007063611628943567,0.0011612810847246053
6012,0,0.0005261922089400098,0.0003605914147237459
6013,0,0.0014927650209825261,0.0017813985841038404
6014,0,0.002121475563511723,0.002518011354995077
6015,0,0.0003537556912954896,0.00047775611939778346
6017,0,0.000837435116704144,0.0011596044465020938
6018,0,0.0008611326651983026,0.0010184235173497462
6020,0,0.00044651342688340433,0.0007670544452019777
6021,0,0.00042181235945908335,0.00040980783334276094
6022,0,0.0005782627267191989,0.000572022098585295
6024,0,0.0032721279818612396,0.0032637207528324243
6025,1,0.9500191758000935,0.9485470508232132
6026,0,0.0019632223240980797,0.0019950521811932685
6027,0,0.0020238461531935457,0.0024709885980724617
6029,0,0.005450050157437226,0.0054991962237146055
6030,0,0.006870683503633181,0.006943204289133862
6031,0,0.012817967237327216,0.013265109682206132
6033,0,0.0004570591268215448,0.00045081849868764095
6035,0,0.004174392337338183,0.00442070744602002
6036,0,0.00044900728771303316,0.0004427666595791293
6037,0,0.0020395031268411524,0.0024866455717200684
6040,0,0.0020098818198732884,0.002464801741703537
6041,0,0.0013995196601908233,0.0014380423657717476
6042,0,0.0011937151567549854,0.0016476128063084385
6043,0,0.0003989540715330493,0.0005186888740896762
6045,0,0.0002883937443289969,0.0005811280552360964
6046,0,0.0025647261238649637,0.0025965559809601525
6048,0,0.00028662910595090115,0.0005774414310530836
6049,0,0.00038045316132637706,0.0005180185064432923
6050,0,0.0006214215371829338,0.0009771674488943305
6051,0,0.0006920354567389024,0.000515281114357856
6052,0,0.0013370327150344211,0.0015924351302157762
6054,0,0.0012608284385597058,0.0013639309607079474
6055,0,0.0005442026274330423,0.0006222118840120954
6056,0,0.0007637901065370859,0.0007910819680017705
6057,0,0.0022856753933118137,0.002638801032384205
6059,0,0.0005495174470275502,0.0005375129209112278
6060,0,0.0035818704209011694,0.003980160203783572
6061,0,0.0004683420267383742,0.0005962853366929123
6063,0,0.0014837540667748627,0.0017529932893346394
6064,0,0.0006906760061359038,0.001011217024454477
6065,0,0.0013117407528168753,0.0017230549457807793
6066,0,0.0013036754038238244,0.001315062920544455
6067,0,0.0010256722011394296,0.0013349424484149328
6068,0,0.00122426870158106,0.0013497428337830995
6069,0,0.0024531340663573663,0.002741978433820773
6071,0,0.0005492607687676686,0.0005606482854882994
6072,0,0.0010054801392107365,0.0008276979902325828
6073,0,0.0005716934879613829,0.000565452859827479
6074,0,0.003509374564282144,0.0032700376718519195
6075,0,0.0009377407597398786,0.0009403133868371191
6076,0,0.001306785857104603,0.0014098883792528444
6078,0,0.0039023645230688115,0.004825311532554754
6079,1,0.9733051311386782,0.9720571741190733
6080,0,0.02376540015320528,0.037505243986744013
6082,0,0.017374595134052682,0.02247148549202549
6083,0,0.04186794481665054,0.06349918659706641
6085,0,0.0004159472973153855,0.0005431890660095366
6086,0,0.00046445915824075315,0.00046703178533799366
6087,0,0.0004266019980835085,0.000547309538934079
6088,0,0.00039821764364165834,0.0003862131175253359
6089,0,0.0004165868684590591,0.0004945961250381123
6090,0,0.00048601336951645485,0.000649630364728688
6091,0,0.002169550661850833,0.0025495893875967226
6092,0,0.00392968719137159,0.0041460661867177995
6093,0,0.0010626520600416059,0.0015619452469088414
6094,0,0.005916412439902484,0.0068497949656521695
6096,0,0.0006392263450793822,0.0006417989721766227
6097,0,0.0004273351085692989,0.0007478761268878722
6098,0,0.000413589675513943,0.0005403220257315927
6099,0,0.001158455190858818,0.0015639486758212769
6100,0,0.0003805415826446851,0.0008782220895134685
6101,0,0.0005814662366499163,0.0009454601042700876
6102,0,0.0007773837011294926,0.0010995548642593611
6103,0,0.0006357478251790586,0.0006742705307599829
6106,0,0.0005666001084488741,0.0007190431499515484
6107,0,0.004357556193473011,0.004607472895879988
6108,0,0.007995393302670043,0.008033916008250968
6109,0,0.0011736456656632989,0.0008566572830799459
6112,0,0.0004563216128739717,0.0005830539630916215
6113,0,0.0005433326876481988,0.000786132917425535
6114,0,0.0007036088192780815,0.0005353940124499019
6115,0,0.0005622081384421415,0.00039660734422587756
6117,0,0.0006481017612036582,0.00041469493845433395
6118,0,0.0006495614265471114,0.0003994854473921591
6119,0,0.008408918999185479,0.011065925584829188
6121,0,0.0009978544921861129,0.0011288939744458321
6123,0,0.0019560428594859814,0.0024031853043648974
6124,0,0.0006927135329912999,0.0006952861600885406
6125,0,0.0006186869893483786,0.0007459702918869261
6126,0,0.0007849535762503856,0.0010277538060277217
6127,0,0.0029010233728410132,0.003498616223637567
6128,0,0.039435625313005374,0.04273003206976431
6129,0,0.001218993919422963,0.001297003176002016
6130,0,0.00091997069538621,0.0008919718554709171
6131,0,0.0008232842470129243,0.0005898774242636001
6133,0,0.0008335788773191518,0.0012884987991494004
6134,0,0.000634186661420965,0.0007121959180000181
6135,0,0.0007101148338351586,0.0010531937035157183
6136,0,0.00046796191365441105,0.0004617212855205072
6137,0,0.0011191673409559383,0.0015689971552117058
6138,0,0.0013313432028804575,0.0016303458270426788
6139,0,0.0005238693485493832,0.0007470424322994784
6140,0,0.000580475979416134,0.0004148751851998702
6141,0,0.0006791282537465382,0.0008427452489587713
6142,0,0.0008301337760531519,0.0006584931120057656
6143,0,0.00100160567097035,0.0007851855804229589
6144,0,0.0005951971677493253,0.0007327625128662404
6145,0,0.0005917991583339998,0.0004150448159529535
6146,0,0.0008711233798977466,0.00109982814806315
6148,0,0.0022744656559684053,0.0021443494430934
6149,0,0.000599621472193453,0.0009201624905120264
6150,0,0.0015630603555160695,0.0020272014079958404
6151,0,0.00041646897248576577,0.000433186865107607
6152,0,0.000490423821769651,0.0005018113384902816
6153,0,0.0004851448511758447,0.0006130881611303827
6154,1,0.9026548033853288,0.9006423936662962
6155,0,0.003913343183708022,0.0041517529660341146
6157,0,0.0008362364858318229,0.000687173762946892
6158,0,0.0008891722896338199,0.0012692110153797096
6159,0,0.005872891218187333,0.005992949863038536
6160,1,0.9027079026750797,0.8891132007948513
6162,0,0.0010065638697143843,0.0010197844147770208
6163,0,0.0012515029140703854,0.0009904963639623112
6164,0,0.006149604674660124,0.0060565289143075084
6165,0,0.00248808245773419,0.0019950816710115945
6166,0,0.06746641232418116,0.05442530660669244
6167,0,0.029472564030931833,0.10482540470759935
6168,0,0.033943979842248506,0.041178845872251756
6169,0,0.018867021245950497,0.02310318293439367
6171,0,0.02633422816231586,0.02854797781615201
6172,0,0.01957370396068736,0.02299342966955712
6173,1,0.02054112415913718,0.025668251090667282
6174,0,0.000517040570988368,0.00045652764025639
6176,0,0.0006095317241890409,0.0006543780704787866
6177,0,0.0004429222272884786,0.0005209314838675318
6179,1,0.8870980812719751,0.8848496972302476
6180,0,0.0012540903386145793,0.0015406968222209235
6181,0,0.0006175567842785477,0.000769999825781222
6182,0,0.0006084129936282925,0.0006021723654943887
6184,0,0.0004703962510004562,0.0005754670404619805
6189,0,0.0007650444311546014,0.0011007686382224168
6192,0,0.0005344088575654981,0.0008232532250289048
6193,0,0.0007278686359499175,0.0007663913415308417
6194,0,0.0006765222417211025,0.00044311541897177833
6196,0,0.0003863774185846435,0.00038013679045073963
6197,0,0.0007579082102975711,0.001154444001780925
6198,0,0.0006377867617391997,0.000973510968807015
6199,0,0.0007646793165691368,0.0005261486091779773
6200,0,0.0005242579184204357,0.0005898975733966674
6201,0,0.0003959302193777756,0.00038968959124387176
6202,0,0.0007190584398255683,0.0007405300668920118
6203,0,0.006645772701634002,0.007243365552430556
6204,0,0.0010355936197479776,0.001192884471899421
6205,0,0.0003846846361878127,0.0004626938927668659
6206,0,0.001454534809267985,0.0012214545870161625
6207,0,0.000890472871075629,0.0006546150233352683
6208,0,0.000626123664199453,0.0007593902422606835
6209,0,0.0009312590644340267,0.0011433180994772588
6211,0,0.0011484766594503709,0.0013223318250103785
6212,0,0.0024831984196252675,0.003175221926244415
6214,0,0.0005362852306735123,0.0003706844364572484
6215,0,0.0014508321025298076,0.0020666444434632326
6217,0,0.0009371117266019894,0.0012850272393194677
6218,0,0.001038157753472887,0.0013738819605407023
6219,0,0.002406324720035328,0.003281061445839898
6220,0,0.0007523157293462983,0.0008498518473051137
6221,0,0.0008872704539462526,0.001039713495448927
6222,0,0.002899413898967287,0.003983726818075435
6223,0,0.00032938891504900105,0.0006473152494399755
6224,0,0.0014725136215865842,0.0018199218109295387
6225,0,0.0004057636076958566,0.0004171511244164873
6226,0,0.0008770912293589233,0.0011057959975243267
6227,0,0.004605087790565439,0.005273494121147784
6228,0,0.001279834323489805,0.001120780311220382
6230,0,0.0011169517822411372,0.001416880841101281
6232,0,0.0006991236770483605,0.0005223693346673141
6233,0,0.0009961377508104136,0.0013956903434513715
6234,0,0.0005364907066863822,0.0005637825681510668
6235,0,0.0007259815047685424,0.0005669274924991192
6236,0,0.000806381050374072,0.0011494599200546317
6238,0,0.0006923658085762592,0.0007639933172284403
6239,0,0.005692191326109897,0.006618924457841437
6240,0,0.0010459341499211346,0.0012012234917195296
6242,0,0.002115189777777504,0.0036123692744090274
6244,0,0.002119641079645668,0.0025301849560065213
6245,0,0.0017633526793635805,0.0018783549123452918
6246,0,0.0013699851857084202,0.001969196944765824
6247,0,0.001060683215125523,0.0011714326400279495
6249,1,0.9766513168357653,0.977154529279588
6250,0,0.0009714547081685228,0.0010012111311676496
6251,0,0.0016314701206414173,0.0019630950119826087
6252,0,0.0015843397816219706,0.001723319935705765
6253,0,0.0009071433494970217,0.0009469939391414507
6254,0,0.006058470432755902,0.005881994005281324
6255,0,0.01309267578848573,0.018968165922938672
6257,1,0.007444250074405489,0.00865765979095281
6258,0,0.003897630917881053,0.004123180993663655
6259,0,0.0004845452279066205,0.0008276240975871803
6260,0,0.0018652281405414223,0.002175796103044149
6261,0,0.0010397235183324896,0.0009841338585090988
6262,0,0.0006649234700831484,0.0007067335359098253
6263,0,0.001114077075988859,0.0009550230637194359
6264,0,0.000887578576005041,0.0012860605412119653
6266,0,0.001609708998482368,0.0019878939113206194
6267,0,0.0021512312132311064,0.003239826398771101
6268,0,0.00030619111414444117,0.0003552941671244301
6269,0,0.00042314151765191047,0.000411787479860297
6270,0,0.0007234889762228179,0.0006477692016859109
6271,0,0.000594872767955672,0.0007678703654912642
6272,0,0.00043520226151908496,0.00042985977782180284
6273,0,0.0018421026417469266,0.0017865129819235356
6275,0,0.000580892845305399,0.0009014338636239723
6276,0,0.0004682325279109397,0.0008113113975914994
6277,0,0.025923005226721682,0.02823250658624478
6278,0,0.0005697540566268728,0.0005737291757005353
6279,0,0.00048349861347330705,0.0006471156086855402
6280,0,0.0018574825910089039,0.002115988051782424
6281,0,0.0005091199134589238,0.0006727369086711569
6282,0,0.0006780662624516864,0.0005190122501822633
6283,0,0.0013347983934608987,0.0014357740125643783
6284,0,0.0007227626374034886,0.0005611715519512658
6285,0,0.0004818655917168944,0.0006146206282406298
6286,0,0.001778455588965493,0.002274063984068716
6287,0,0.00042922112692322733,0.00041786708913161386
6288,0,0.0005869155603713716,0.0005908906794450343
6289,0,0.0026303979790903375,0.0029105442025768534
6290,0,0.009506849251966461,0.010998080611502484
6291,0,0.0004728077877167797,0.0007871399320146324
6292,0,0.000423837485225341,0.00047294053820532995
6294,0,0.0007742575487696981,0.0011466621223025883
6295,0,0.00047977203625999484,0.0005288750892399837
6296,0,0.0005552668162692336,0.000953748781476158
6297,0,0.0008097391011946629,0.0008515491670213397
6298,0,0.00713379160806143,0.009464948069181507
6299,0,0.0010914375652107716,0.0014431396806771424
6300,0,0.0017257016568381477,0.0020301684643844378
6301,0,0.0011603708553879247,0.0010013168431185016
6302,0,0.0004913013492221269,0.0005404044022021159
6303,0,0.001045654932499892,0.0009900652726765012
6306,0,0.0004960616080593779,0.0004847075702677644
6307,0,0.0008653529932582871,0.0011969778845994786
6308,0,0.0009303205276450048,0.0012358763356256144
6310,0,0.0019529525748006155,0.002290189432246371
6311,0,0.0012703510685208995,0.001608523208321985
6312,0,0.0008307244487832616,0.0007751347889598705
6313,0,0.0005168763241199673,0.0006190808978231525
6314,0,0.002470653430138132,0.003148657263049087
6315,0,0.0006670568418053148,0.0006617143581080327
6316,0,0.000845007249802215,0.0010222314140115102
6317,0,0.0006281227566282321,0.0007643282985609704
6318,0,0.0021838546458500803,0.003830203137307222
6319,0,0.0015011994198890375,0.0015867500477846426
6320,0,0.0006795391063208743,0.0007280433746878567
6322,0,0.011026882968051184,0.011963386560586832
6323,0,0.0007346712202926694,0.0008368757939958547
6324,0,0.0025840026106178967,0.003672597796157892
6325,0,0.0031907170284390446,0.003977409138263442
6326,0,0.000996710424623424,0.0013498979470815287
6328,0,0.0014745518402610638,0.0013548889970861145
6329,0,0.004654993316403588,0.0047400966482578286
6330,0,0.0008350712644369122,0.0006648637040027065
6331,0,0.0007251971037540769,0.000827401677457262
6332,0,0.000985663989219026,0.0010964134141214525
6334,0,0.007724561650862999,0.00957193586384216
6336,0,0.001585370074518175,0.0019247535962418892
6337,0,0.002497623448933631,0.0026494211541714403
6338,0,0.022493100368104632,0.02994962693261513
6339,0,0.02255210746516781,0.027115728843921723
6340,0,0.040133184684593134,0.04656238082036915
6342,0,0.0019363291555156976,0.0022289792773970236
6343,0,0.0005644998199474827,0.0011637115790048866
6344,0,0.000722277826922429,0.0005830711543914543
6345,0,0.0030941419689788077,0.004001341422836941
6346,0,0.0006835928120232157,0.0005156427274951992
6347,0,0.0021559079308849267,0.003216302618082493
6348,0,0.0013044572663491114,0.0016691636698806063
6349,0,0.0003869768979473353,0.0006802833535144515
6351,0,0.002659835938102384,0.0033093026371661238
6352,0,0.0004258583886346594,0.0007540294153354815
6353,0,0.0003282246800871161,0.00037732773306710507
6354,0,0.0004171246321281603,0.0005708869292474024
6356,0,0.00032927894453890197,0.0003783819975188909
6357,0,0.0007984925738665135,0.00125519444909666
6359,0,0.0005069333810119108,0.0005193281607026589
6360,0,0.001091044599869682,0.0013914093786751677
6362,0,0.002030206765994671,0.0036607411374072743
6363,0,0.0010617240884256995,0.001205589187702139
6364,0,0.0004269337657557401,0.00042354736976594446
6365,0,0.0004058572423572188,0.000551096845600994
6366,0,0.002442945580263453,0.0027451777259874374
6367,0,0.0021020364636160586,0.001962829791085084
6368,0,0.00037013309653312424,0.0005181229639029141
6369,0,0.0007859273196854494,0.0012426291949155961
6370,0,0.0004570482338401018,0.0008099885046133037
6372,0,0.0004345682786128502,0.0007278747341799665
6373,0,0.0006368481376946986,0.0008098457352302908
6374,0,0.0033145205351745918,0.0036622816457898616
6375,0,0.0005212079600486477,0.0005336027397393957
6376,0,0.0005789044026767438,0.00041985039040732066
6377,0,0.001178632063167577,0.0013576858661900105
6378,0,0.0004649480608705859,0.0006129379282403757
6379,0,0.0006007056942563828,0.0006920206306012183
6381,0,0.0008014252711875558,0.0008820583291215348
6382,0,0.0007977231419167406,0.0006506636838185336
6383,0,0.0005517040184109827,0.000589246902533702
6384,0,0.0005324689418534245,0.0005448637215441725
6386,0,0.0009633550472766183,0.0012818717046773676
6387,0,0.0005497570555006739,0.0005988601084806628
6388,0,0.0006746162042924132,0.0008283785014116553
6389,0,0.0007074891633234794,0.0010798937368563695
6390,0,0.0011110398717520764,0.0012438760800305192
6391,0,0.0011876551406796907,0.0012807686737271531
6392,0,0.000733681387812136,0.0010811491444084552
6393,0,0.00059826554518531,0.000647368598165299
6394,0,0.001850855839771531,0.002000470389699639
6395,0,0.000908434252278813,0.0014714584263024863
6396,0,0.00204156713655101,0.0022360873852165586
6397,0,0.0006828218227451404,0.0007203647068678596
6398,0,0.0009305595650482211,0.0010801741149763292
6401,0,0.0004588644625675188,0.0005073687309345013
6402,0,0.0005479233397156947,0.0008735362029513855
6403,0,0.0004594991099442399,0.0005617036836474251
6404,0,0.0007540365514708228,0.0005949825392013997
6405,0,0.01563612738721573,0.018151988415866877
6407,0,0.0011403446395008364,0.0012575081051180179
6408,0,0.007655605376384093,0.007406724929535737
6410,0,0.000832992383116076,0.0009662589611773066
6412,0,0.0009031583017454657,0.0011558659664534605
6414,0,0.001695466630329908,0.0020486541527880127
6416,0,0.000915943691471885,0.0009564774119123539
6417,0,0.0031558390814262947,0.003528628222382906
6419,0,0.04532575324168497,0.0469185953387877
6420,1,0.0309082929482328,0.03130605723946484
6421,0,0.0004313221640832657,0.0005675277060160039
6422,0,0.0003754229992301892,0.0007070478905713807
6424,0,0.00041700276486180375,0.0007486276562029952
6425,0,0.0006881891935768055,0.0007234964179143481
6426,0,0.0013504142281056918,0.001566279074549155
6428,0,0.0009162245974695789,0.0012347412548703283
6430,0,0.0010369152480376375,0.001447953701392883
6431,0,0.00039254285993687156,0.000724167751278063
6432,0,0.002070424217385319,0.002350570440871835
6433,0,0.0005143412793907086,0.0008867458529235988
6434,0,0.0003968362135975896,0.0007284611049387811
6435,0,0.0009734389237761056,0.001305063815117297
6438,0,0.027404852238567104,0.030442917743347727
6439,0,0.0014586937488396665,0.001976685628239968
6440,0,0.0005255021805556179,0.0003664481682861948
6441,0,0.0009530139098581956,0.0010021169628381846
6442,0,0.00034543998394242885,0.0003945430369224177
6443,0,0.0023095578684619858,0.0030962499782863835
6444,0,0.0004059873667025984,0.0005421929086353367
6445,0,0.0037061834685495378,0.004291461264594095
6446,0,0.00038762566551249104,0.00043672871849247997
6447,0,0.0006099659696025511,0.0007523399891203506
6448,0,0.0022890506975262116,0.0025691969210127276
6449,0,0.0010872240828758359,0.0007473848587951149
6450,0,0.0005871435554010064,0.0004236081955208089
6451,0,0.0018666137173183619,0.002511347912908902
6452,0,0.0010988156698070587,0.001497297635013983
6453,0,0.0016677550141672558,0.0018933050899498584
6454,0,0.0007380641395400205,0.0005968915099580654
6455,0,0.0004902027269805412,0.00047884868918892775
6457,0,0.0009921154480624203,0.0010930910671658998
6460,0,0.0020087754303352518,0.0018806079052115202
6462,0,0.000573327429993631,0.0007095329719263693
6463,0,0.0006987887519032392,0.0008390893591634884
6466,0,0.0013233092934575607,0.0014088599213531658
6467,0,0.000556221692449978,0.000403348506915137
6468,0,0.0017686097509652839,0.0017632672672680018
6469,0,0.0005682531674720518,0.0004091991552026287
6470,0,0.0007657248225027759,0.0007696999415764386
6471,0,0.0020645885551378927,0.002901670940142336
6472,0,0.0006399278147479137,0.0004808738024784906
6473,0,0.0005943294569144321,0.0004352754446450089
6474,0,0.0014214902523036217,0.0014531201391057766
6475,0,0.0019322536359569415,0.003282099176486109
6476,0,0.010907116318705017,0.011270256674546224
6477,0,0.0014012623998044395,0.0017384992572501948
6479,1,0.0009441572279432885,0.0007758939409024002
6480,0,0.0009538826794451864,0.0010500298833112192
6481,0,0.000843706438332244,0.0007003417491285554
6482,0,0.0011503333450291133,0.0012513089641325928
6483,0,0.000822596058890817,0.0008523524818899439
6484,0,0.0013944135757086333,0.0017716464799863837
6485,0,0.002489966865032089,0.0028281390048331746
6486,0,0.0005781135607123229,0.0006162002665612553
6487,0,0.008247700370430362,0.008585874239786379
6488,0,0.0006485671608054112,0.0004895131485359881
6490,0,0.0029668303036624218,0.003287087666886664
6491,0,0.001503739457165881,0.001746948707679037
6492,0,0.0021010054391544927,0.001955736030445645
6493,0,0.0023733733868032242,0.0025770271637694446
6494,0,0.002508816620401413,0.0032961374754113737
6495,0,0.0006581624172768188,0.0006980130069212478
6496,0,0.004669731937225529,0.004818518457335291
6497,0,0.002791108629615949,0.002359603150872754
6499,0,0.0029931444849008223,0.003331316624701908
6500,0,0.0008802631397411998,0.0008465184841845209
6501,0,0.012196816515495458,0.011710090886758475
6502,0,0.017182614059371028,0.017298879317669866
6503,0,0.1836115682541797,0.2287199909568731
6504,0,0.008503166055707934,0.009705080075526997
6505,0,0.037851591252828595,0.03589196956199764
6506,0,0.05565280871322583,0.04454670309593703
6508,0,0.0006003499509939889,0.0004368969933220843
6509,0,0.0004946886207172145,0.0006194988931783472
6510,0,0.0005722029729377903,0.0008239411419276904
6511,0,0.0016448089308634224,0.001952559521541344
6513,0,0.0007400630276948666,0.0007818730935215435
6514,0,0.000772982753741923,0.0008690889067036192
6516,0,0.0016582201865375586,0.0017005333452175353
6518,0,0.0005163356477772888,0.0005203107668509514
6519,0,0.07220246940286001,0.07499663231847456
6520,0,0.0021092196382567624,0.002416321255216439
6521,0,0.0007164809355867153,0.0005538826139650185
6522,0,0.0005788391053655235,0.0005168926494671935
6523,0,0.0007347776101194704,0.0008450799586817757
6524,0,0.0006931534794817459,0.0008113398688595901
6527,0,0.0006107517992315838,0.0007631444320900531
6528,0,0.0006344251597851236,0.0007392630483389597
6529,0,0.0005185697685802721,0.0005225448876539346
6530,0,0.0006541677958485741,0.0008065604287070434
6532,0,0.0005316753765119771,0.00046972892061364715
6533,0,0.0016405556724508584,0.0032642921886566045
6534,0,0.0008415908552926593,0.0006780554954124618
6536,0,0.0006854019667976107,0.00083779459965608
6537,0,0.0012132997853480589,0.0013142754044515384
6538,0,0.0006217324973798457,0.0006257076164535083
6541,1,0.9622228006577929,0.9617933689480491
6542,0,0.000899302658380137,0.0010446213040080764
6543,0,0.0005293732377941687,0.0006073824943732218
6545,0,0.0021784200155598238,0.002441677249728525
6548,0,0.0007833031446694529,0.0006217120592172301
6549,0,0.0005734815933090615,0.0008162818230863977
6550,0,0.0006415178174590038,0.0006454929365326664
6551,0,0.008184821862707447,0.008520546069775262
6552,0,0.0005134571275645663,0.0005265002502728209
6553,0,0.0011427333869077727,0.0015914902047690644
6554,0,0.001661342806858366,0.0019276371981652549
6555,0,0.003464404059110464,0.003951022619062347
6556,0,0.004079004326199423,0.004493637939598241
6557,0,0.0015919717059795153,0.0019464374927474874
6558,0,0.000829493733254274,0.0006592861728200684
6559,0,0.0008370038683775439,0.0008409789874512065
6561,0,0.0004857022406356418,0.0004803597569383596
6563,0,0.0012096663912150069,0.0010704597186840322
6564,0,0.001477746205886351,0.0018003920695621421
6566,0,0.0006514567687594544,0.0004924027564900313
6568,0,0.0009971122107149007,0.0013173695739391428
6569,0,0.0008131641705817961,0.0009589065037675662
6570,0,0.0037371552206124465,0.0038277765954450255
6571,0,0.0008339108621316317,0.0008737614517760608
6572,0,0.002115812565262755,0.0031596387518473146
6573,0,0.004779204220640361,0.004677132619732703
6574,0,0.0027029343972573834,0.003061995790574013
6575,0,0.0004908617101070877,0.0005307122997515167
6576,0,0.001950651851362709,0.0017985725750038707
6577,0,0.0005883218402937925,0.0006013649630020471
6578,0,0.0025250264930829474,0.002558808472858786
6579,0,0.0009453937560352013,0.0007827954344135045
6580,0,0.0010989338426423002,0.0012587774004559167
6582,0,0.0023056138883854617,0.002046443107344331
6583,0,0.0008088296236653703,0.000838586046664497
6584,0,0.008606794007209387,0.008994750245397486
6585,0,0.007307464792508499,0.010058915647676069
6586,0,0.0345428731137778,0.03726501415727632
6587,0,0.016109982149510295,0.021461332403596572
6588,0,0.026804767042695424,0.028531978769851286
6589,0,0.07864177605776793,0.07579737580051588
6590,0,0.0005637784585148177,0.0005677535775884802
6592,0,0.0014573380123568608,0.0013146886259149297
6593,0,0.003497738756986149,0.0033342033971059514
6594,0,0.0014214829713030772,0.001737282862132396
6595,0,0.0012739917783376865,0.0015954036055152803
6596,0,0.0007842830543687437,0.0006252290420993205
6598,0,0.0016846950390275656,0.0015211596791473681
6599,0,0.0021093997593501623,0.0026050081544533848
6600,0,0.0015846415524610534,0.0018505943191321963
6601,0,0.0019725683116358157,0.001916978651812425
6602,0,0.00392932440399607,0.004636337766590353
6603,0,0.003965922982768993,0.004840659708573563
6604,0,0.0017354084031956868,0.0019474674382389187
6605,0,0.0006899610934952569,0.0005309070812258337
6607,0,0.0006179020747996374,0.0006218771938733001
6608,0,0.00041678504985327426,0.0004698968944017991
6611,0,0.0003671512890066434,0.00042026313355516827
6612,0,0.0005747376078911854,0.0004121392862694884
6614,0,0.0006165880807046184,0.0006205631997782809
6616,0,0.0005986867715439958,0.0004360884499222989
6618,0,0.017862544991927343,0.02030119089857383
6619,1,0.8554793808295025,0.8555935823811813
6620,0,0.0008001377191456899,0.0006331404521215114
6621,0,0.0012750378397773344,0.0015976837034531255
6622,0,0.000550680977632818,0.000545338493935536
6623,0,0.001791357296558235,0.0020800494946170934
6624,0,0.002283503040796517,0.002699268651880404
6626,0,0.0029051902248140534,0.00294700029064073
6627,0,0.0006969586546383369,0.000719539250806208
6628,0,0.0005574667333718999,0.000733978718892452
6629,0,0.0005644160638921316,0.0005530620261005181
6630,0,0.0013350485983872908,0.001677459790641035
6631,0,0.0010339541289602374,0.0010757641947869143
6632,0,0.0025887344010509243,0.0028824404631596066
6633,0,0.003878275043769296,0.004321375292104367
6634,0,0.000536331148345401,0.0005309886646481188
6635,0,0.001295651736429876,0.00163806292868362
6637,0,0.0006744091578817817,0.0009969028510658582
6638,0,0.008111402989547966,0.008115378108621629
6639,0,0.0009599291236218712,0.0012552813989040422
6641,0,0.0023231685350935697,0.0028964859823383637
6642,0,0.0005895017245772635,0.0005841592408799814
6645,0,0.0006616406808071211,0.0006746838035153757
6646,0,0.0007734795879414539,0.0008629154157428305
6647,0,0.0005613951917554467,0.0006140158780536037
6648,0,0.00116354712622201,0.0014849589533996036
6649,0,0.0007719594927579644,0.0006093611711362676
6651,0,0.000473988969051429,0.0005266096553495859
6652,0,0.004712742913509347,0.005153131752021216
6653,0,0.0007090137306571646,0.001001332088231
6654,0,0.006900381738768577,0.0071561079544432025
6655,0,0.002831966077105968,0.002826623593408686
6656,0,0.0009204412800142592,0.0012127596375880946
6657,0,0.0008219901532702426,0.0008259652723439051
6658,0,0.004636943899270196,0.006026829156009043
6659,0,0.002078833077043144,0.001874170074474548
6660,0,0.0006052255729000511,0.0006493734282801948
6661,0,0.0010710040946799787,0.0012137953223333537
6662,0,0.002551057942997078,0.00287131530622132
6663,0,0.002292265380528794,0.002614089558618721
6664,0,0.0016422545114912414,0.0020670816676592032
6666,0,0.0024185768506298335,0.002996121155274924
6667,0,0.0009462253927533337,0.000982285678275286
6668,0,0.0014826452007040821,0.001361237915245964
6669,0,0.05492012799881756,0.05518703816530489
6670,0,0.016917015065062657,0.021394610931082116
6674,1,0.9598966748049069,0.9559267620884873
6675,0,0.04892358300781451,0.05155758768745176
6676,0,0.027274836451203023,0.030106522259934695
6677,0,0.05790657274032959,0.059899841503626476
6679,1,0.9164166933390102,0.9154529450068847
6680,0,0.0011065341424582242,0.0014058349189417707
6681,0,0.002635560458575103,0.0029217484718009534
6682,0,0.0007366978990233379,0.0007785079648500147
6683,0,0.0005398046327257534,0.0005437797517994159
6684,0,0.003220006853791188,0.0046567272002464005
6685,0,0.0008686645477364141,0.001134617314407557
6686,0,0.0013101135817229028,0.0013637366789456245
6687,0,0.0010182043292186883,0.0007227041758202605
6688,0,0.00040667228086052224,0.0004013297971632401
6690,0,0.0010935658983525864,0.0011592055533288183
6691,0,0.005400933005273834,0.007437412845085466
6692,0,0.0028761409434754468,0.0029600716746559373
6694,0,0.00071222111228118,0.0010570637297353657
6695,0,0.028100734638450094,0.029487318410440506
6696,0,0.004191896374321109,0.003978895200368407
6697,0,0.0005727464237053025,0.0006507556802843556
6698,0,0.001285163179298581,0.0015784561967172404
6700,0,0.0006984435215764962,0.000539389509307073
6701,0,0.0008991594247554939,0.0009409694905821706
6702,0,0.0006921609861172822,0.00046530094531479864
6703,0,0.0005500415143775598,0.0006280507709566129
6704,0,0.0010323283142040945,0.001348128205033413
6705,0,0.0006669076913055293,0.0008305246865177625
6706,0,0.0042371330713705515,0.004479343523047996
6707,0,0.0025130383684037185,0.0020747426814364573
6709,0,0.0005812850940850808,0.000727027427270851
6710,0,0.0005725287408531812,0.0006216317938331702
6712,0,0.0033382366102270413,0.0036485207598655218
6713,0,0.0007582305026191521,0.001024183269290295
6714,0,0.0009376835582719436,0.0009794936240986203
6716,0,0.0007981552531184294,0.0006298919660775409
6717,0,0.0014204340877824843,0.0015214097068859639
6718,0,0.0016794323990862296,0.0019871829897641514
6719,0,0.0011884857404394706,0.0010492790679084959
6720,0,0.0011377956824185288,0.0010493266502940176
6721,0,0.000695695992957887,0.0007254524159570138
6722,0,0.005407645810964319,0.005992923607008876
6723,0,0.0011329272253181991,0.0010709807694198692
6724,0,0.0006483136571296514,0.0007940559903154216
6726,0,0.0037976040369305407,0.004408147864091924
6727,0,0.0006210224024760725,0.0006507788254751993
6728,0,0.0005170521109949337,0.0008715178977629059
6729,0,0.001967748437406577,0.0023534308785502886
6730,0,0.000648028435055525,0.0006520035541291876
6731,0,0.0008942301357863711,0.0008057611036618599
6733,0,0.0015708542777256567,0.0017232973192283312
6734,0,0.0038704638257217134,0.006235374896074109
6735,0,0.0005345286653111545,0.000523174627519541
6736,0,0.000650442562175425,0.0009709835804939983
6737,0,0.001242967564160597,0.0013086072191368287
6739,0,0.0010920679439779296,0.0011747593133949975
6740,0,0.0007584679914861734,0.0008981680569279242
6741,0,0.0018460565758714768,0.0018695657548575
6742,0,0.0009200121665582793,0.0010575775116751945
6743,0,0.001542858435164644,0.0016701417377031913
6744,0,0.0006853487405838598,0.0007569762492360408
6746,0,0.004195350117672669,0.005474417451284949
6748,0,0.0031465162262368147,0.0034909916839289726
6749,0,0.0010707677287001929,0.00139523684858215
6750,0,0.0013100445538179097,0.0016033375712365691
6751,0,0.00445441973491856,0.004508555513922055
6752,0,0.0012382801278179158,0.001375845472934831
6753,0,0.0017398291708464316,0.001859124794791716
6755,0,0.0007640743848278165,0.0007938308078269433
6756,0,0.0029071330687209527,0.003239375688962531
6757,0,0.0011193750863792993,0.0013185200313650899
6758,0,0.017444418629466586,0.022055906609744366
6759,0,0.04880524707425897,0.04514971881379432
6760,1,0.027701203080542254,0.034456596090326204
6761,0,0.0008706689638465319,0.0006438089230440484
6762,0,0.0027153724357429337,0.00302594039824566
6765,0,0.0008366743779083459,0.0006098143371058625
6766,0,0.0007040276690538009,0.0008218856400982381
6767,0,0.0008513975826822669,0.0006981722042972188
6770,0,0.0014845725621379729,0.001750866953444862
6771,0,0.0006577566023138529,0.0004987025900444297
6772,0,0.0011441864707999116,0.0015298689119436228
6773,0,0.0005168479595618981,0.0005208230786355607
6775,0,0.0011138991714913758,0.0014433612774138794
6777,0,0.0010293692227722109,0.0011281023220983339
6778,0,0.0007802533398468725,0.0011442472074670437
6779,0,0.0009645467603723672,0.0013502292015160784
6780,0,0.0023630933036755237,0.0032964758294252096
6782,0,0.0011050901224642674,0.0014256311407828408
6783,0,0.0015820232861301525,0.0015715622571070968
6784,0,0.0008733279810647551,0.0010257710225674292
6785,0,0.0026864033786525828,0.002952697769959472
6786,0,0.0013013135296594542,0.0015434459310218643
6789,0,0.000784194765255872,0.0012610913417323837
6790,0,0.0008565145467003684,0.0006885644621723521
6791,0,0.0018457604277189316,0.0017065537551879569
6792,0,0.0005807215404864283,0.0007319689340958399
6793,0,0.0008546535318104415,0.001253135497017366
6794,0,0.0005271710577136356,0.0006907880529258689
6798,0,0.0006235086347891208,0.0009665875044696805
6800,1,0.9271720517954991,0.9224415358470474
6802,0,0.004154396561828616,0.007142185709860218
6803,0,0.001292253844955237,0.0014759862885601552
6804,0,0.004903057010792649,0.005800924623302793
6805,0,0.0007753024127605569,0.001128489935218662
6806,0,0.0006139673103975361,0.0008371403941476313
6807,0,0.0004538519321765431,0.0004418474060602207
6808,0,0.0010592883719677628,0.0011860207221854125
6809,0,0.00203090157646845,0.002478044021347366
6810,0,0.0005772232569923933,0.0006045151184570778
6811,0,0.0004818930267378539,0.0004986109193596951
6812,0,0.0030194704557099986,0.003391875029242889
6813,0,0.0018667300294760874,0.0032145507341966653
6814,0,0.0009923812757338837,0.0014411424399801594
6815,0,0.0005419299239405998,0.0006467678124944359
6816,0,0.0013383706006566227,0.0018288697126352307
6818,0,0.0016071006978670538,0.0016096733249642945
6820,0,0.0028199750493326584,0.0035119985559518055
6821,0,0.0006322619655883176,0.0006595538270530023
6822,0,0.000678319988684039,0.0005015656463029926
6824,0,0.0018404838810997155,0.005047435893248616
6825,0,0.0018404662175700195,0.001614739907292664
6826,0,0.0025778733086163227,0.002963555749760034
6827,0,0.0012073338418583522,0.0009984241210140253
6828,0,0.0010676747298779183,0.000890920387496872
6831,0,0.0031555908129219466,0.0037239678944836715
6833,0,0.002060499622802785,0.0023623894425192616
6834,0,0.002602132855664193,0.002549790498196497
6836,0,0.003640360769732007,0.0033364906118385955
6838,0,0.001377567024629113,0.0016062717927945165
6839,0,0.0035611708391462557,0.0027410146107992675
6840,0,0.01264623076759553,0.01539248172312067
6842,0,0.031162140828197474,0.03548481414438441
6843,0,0.02164335500702797,0.11397170079107209
6845,0,0.02179631904958867,0.031086851563348093
6847,0,0.0011577121330338348,0.0012424120930228197
6848,0,0.00040963663161513856,0.0005369199341536859
6849,0,0.0010543619345154576,0.001364929897018184
6850,0,0.0004343260144701197,0.0005653654967298391
6851,0,0.00037800529184844417,0.0006985463101670175
6852,0,0.0008137045709215453,0.0010975789010962684
6854,0,0.0007411536744252199,0.0011960735962554684
6855,0,0.0005253378591869792,0.00037627513630204834
6856,0,0.0004587088882769773,0.0005866521982315153
6857,0,0.00046344380461516206,0.0008491262457588733
6860,0,0.0004688025146090589,0.0007599689852513515
6861,0,0.0007640788855205281,0.0006339626726455228
6862,0,0.0008667127390010398,0.0007365965261260344
6863,0,0.0010825533739425108,0.0014312736991221914
6865,0,0.0019593100751847054,0.0032000811860061202
6866,0,0.0010140585557897991,0.0010166311828870398
6867,0,0.00038851224737137906,0.0005195517296310984
6868,0,0.0016896161379568362,0.0037565477044399645
6869,0,0.001995519052573947,0.002877292413774299
6870,0,0.0006180193106618134,0.0009315117314920591
6871,0,0.00028370981531324535,0.0004172486196339184
6872,0,0.0016250871177297902,0.00291174998210575
6873,0,0.00035962080455392094,0.0004849310943362509
6874,0,0.000516103368278606,0.0005941126248576593
6875,0,0.003226326294839812,0.004545698899393094
6876,0,0.0003583525122576377,0.0007014313819381975
6878,0,0.0004153465190956477,0.0007358875374142209
6879,0,0.0005107833712326255,0.000513355998329866
6880,0,0.0006663770824594547,0.0006601364543255509
6881,0,0.0007128716330477016,0.0005808685064153697
6882,0,0.00042915966309944333,0.0005071689196784965
6883,0,0.00043577006148078746,0.0004295294333468836
6884,0,0.00046531418452499764,0.0007564806551672902
6886,0,0.0016927137724784581,0.002003281734981185
6887,0,0.000560328800687703,0.0005629014277849435
6888,0,0.0006414638976118001,0.0005037580211110887
6889,0,0.0015657745767861195,0.0019614797963646907
6890,0,0.0015990913621747754,0.0018829656923494984
6891,0,0.0005496311135793762,0.00037287677119832987
6893,0,0.0006408359394562066,0.0007079479918623481
6894,0,0.0010427272996266109,0.0013632683179451842
6895,0,0.0029564561074308707,0.0030235681598370125
6896,0,0.0017205498990022303,0.0041071504077291165
6897,0,0.0006327476486571173,0.0006353202757543579
6898,0,0.1886175693536911,0.18863684649951531
6899,0,0.0007084648861240604,0.0005317105437430141
6900,0,0.0005578160018296787,0.0004087532789447479
6901,0,0.0005993802225188757,0.00045031749963394483
6902,0,0.00040771572276951677,0.0005330260125518467
6903,0,0.0007175337301849198,0.0007448255916496045
6904,0,0.000406708298329428,0.0005442736434463431
6906,0,0.00044535271800737305,0.000570663007789703
6907,0,0.0006351315955086031,0.0007069768611747465
6908,0,0.0009312387856810435,0.0009993041595653517
6909,0,0.0006324946416875104,0.0007005600155718184
6910,0,0.0037244373465352603,0.005799052082944048
6911,0,0.0016847610369158503,0.001625641818909915
6912,0,0.000790153232023551,0.0008174450934882357
6913,0,0.0005179134595065302,0.0006554788046234455
6914,0,0.0009287135205022817,0.0009967788943865898
6915,0,0.006923692551661248,0.007309374992804959
6916,0,0.0008481649781423685,0.0011687059964609419
6918,0,0.003495979999018967,0.003251511520242226
6919,0,0.0009470252235719237,0.0006983346442075143
6920,0,0.001867047781140779,0.0017306158016087564
6921,0,0.0009282673899095298,0.0009667900954904541
6922,0,0.005992463177675763,0.006733297662552078
6923,0,0.0050287312398676915,0.0044079411533852605
6924,0,0.05853160900925569,0.03416648933857338
6925,1,0.09404910849641696,0.09354832189290091
6926,0,0.19632504812327958,0.22580877537745453
6929,0,0.0003753510274452269,0.00036911039931132307
6930,0,0.0022342419529400694,0.0025251604289002016
6931,0,0.0003581117299610576,0.0006009119597383938
6932,0,0.00044178657910665223,0.00044435920620389274
6933,1,0.9694516321368472,0.9695772556416367
6934,0,0.0004455294399114005,0.000448102067008641
6935,0,0.0004395755943558594,0.0004421482214530999
6936,0,0.0008201401447832264,0.0005801942679112881
6938,0,0.00046776172398840885,0.00047033435108564936
6939,0,0.00045513005454917235,0.0005840175911084576
6940,0,0.002258487483549218,0.0025494059595093503
6941,0,0.00040639653281556874,0.000558839574318243
6942,0,0.0018248133238768982,0.002758195849626584
6943,0,0.0005315557724660238,0.0008289349161775589
6945,0,0.00048687311833228405,0.0004894457454295246
6946,0,0.0004628032148082491,0.0008484856559519603
6947,0,0.0005039676253588141,0.0008396918324266295
6948,0,0.0004182916300846904,0.000406287103968368
6949,0,0.0012045630821473162,0.0012071357092445566
6950,0,0.0004599227758272014,0.0007573019195387363
6951,0,0.0017928190729065252,0.002726201598656211
6952,0,0.0015311582659750997,0.0016030035316412432
6953,0,0.00038847643314357506,0.0007090174514621484
6954,0,0.000559165887609256,0.0005617385147064965
6956,0,0.002699482958744981,0.0029581482824238316
6959,0,0.0005290153570704542,0.0008495563753890275
6961,0,0.0011481615619429691,0.0014587295244456956
6962,0,0.0025048928966568186,0.002783402770688167
6963,0,0.001966847950527961,0.0026905407310313556
6964,0,0.0022824682667276714,0.002668150707871383
6965,0,0.0018888994008369167,0.002822281926586603
6966,0,0.002000809226493149,0.002032639083588338
6967,0,0.0006791118642783052,0.0009219120940556413
6968,0,0.0019715846656631715,0.0026952774461665658
6969,0,0.0005797311639529228,0.0009654136050966341
6970,0,0.0003795030661935043,0.0005074463761480423
6971,0,0.0008060233663344258,0.0011180641834881697
6972,0,0.000458906704208005,0.000517450349465939
6975,0,0.0044171125893168305,0.004448942446412019
6976,0,0.0014320423512166895,0.0017105522252480376
6979,0,0.00085191259509681,0.0008055165962068632
6980,0,0.005074935933176256,0.008881495290554207
6981,0,0.0006563041715123909,0.0005037945970233983
6982,0,0.00046605897955273384,0.0004540544534364114
6983,0,0.0006406989854506439,0.0005736452570830531
6984,0,0.002029104553500723,0.002266495565283381
6985,0,0.0014401985580317937,0.0018177687811787335
6986,0,0.0010702021094968679,0.001313002339274204
6987,0,0.0007275233062655744,0.0005699643185613263
6988,0,0.5587802022981605,0.2266130428353592
6989,0,0.0008674765299765829,0.0008947683914412674
6990,0,0.0006268596134687416,0.0004501052710876953
6991,1,0.06203226270066666,0.06237806473688575
6992,0,0.0006093475351944381,0.0007346578249767681
6993,0,0.0007699631223876072,0.0011130419920681671
6994,0,0.0012719409359054907,0.0016659401418502799
6995,0,0.0036058277189836827,0.004661178003032821
6996,0,0.0005708965248933016,0.0005646558967593977
6997,0,0.0008748414648225248,0.001258746787593947
6998,0,0.0014352508109688664,0.0014232462848525439
7000,0,0.0012586248684898589,0.0010702901833150565
7001,0,0.0009283774021066418,0.001048969635537842
7002,0,0.002583756204370957,0.0027170227824321875
7003,0,0.0032085694564423796,0.003343497853065801
7004,0,0.021920164322265175,0.02221179329557387
7005,0,0.04758952094441179,0.04935475072353756
7006,0,0.005879059067906032,0.008866848215937634
7007,0,0.0011661786374599285,0.0014892403002779323
7008,0,0.0010840887130847193,0.00108666134018196
7009,0,0.0025559810798737466,0.0033870505559464494
7010,0,0.0004182988886305283,0.0005455406573246795
7011,0,0.000428763200144322,0.0005620297782055524
7012,1,0.9605991350326355,0.955597973105178
7013,0,0.007127825690130051,0.009350421972969931
7014,0,0.0003907562624387406,0.0007223811537799321
7015,0,0.003236091647600038,0.0037566696004491668
7017,0,0.000539426230183133,0.0003738254359668692
7019,0,0.0019504760761440629,0.002140489667958265
7020,0,0.0008218444074701266,0.0012075268486138378
7021,0,0.0007311403712257151,0.0008036611567263965
7022,0,0.00035096994569275416,0.0004811954913551072
7023,0,0.0005348108204262008,0.0003648110808074554
7024,0,0.000346692013077105,0.0006783169044182965
7025,0,0.0011010986157899564,0.0009555328218740055
7027,0,0.0005098005938620072,0.00034419979964574345
7028,0,0.0005012088548735801,0.0008328337462147717
7030,0,0.0004705514691485315,0.000802176360489723
7031,0,0.49631947421937356,0.002681912871163188
7032,0,0.0035173831798407246,0.003589903965341406
7033,0,0.0005465862615883473,0.0006556896242113429
7034,0,0.0006222189246821138,0.000774661966184788
7035,0,0.000395109773991655,0.0007921267381674362
7036,0,0.0005038690166861242,0.0005529720696661131
7037,0,0.0016732299918326137,0.0016897836758359031
7038,0,0.0005211297942200274,0.0008527546855612187
7040,0,0.00038852065708357196,0.0005157624257777231
7041,0,0.0004824371430831888,0.00040041542291813475
7045,0,0.00038638483601015697,0.00043548788899014596
7046,0,0.0008011901775708912,0.0011996721427778155
7047,0,0.000809226953443347,0.0006636611595273961
7048,0,0.0010897937875031522,0.0014092036298703834
7050,0,0.001225722423305895,0.0012530142847705795
7051,0,0.000844861365442163,0.0009496992539959991
7052,0,0.0006576979662015431,0.0004920971719852793
7053,0,0.00042155097208894756,0.00045962484367587856
7055,0,0.0005279013070226715,0.000859526198363863
7056,0,0.0012970509105170057,0.0011224771046130324
7057,0,0.0017593567056425035,0.0018275247313488427
7058,0,0.0005083206423121187,0.0005197081590327493
7059,0,0.0036327804800687664,0.004005185053601657
7060,0,0.0005870672942659184,0.0004214665000496546
7061,0,0.0004543568315183799,0.0005815986002125311
7062,0,0.0025889058534888246,0.002862160864488778
7064,0,0.0033474368825394145,0.0035567380382438988
7067,0,0.000655659151010019,0.0006436546248936967
7069,0,0.0009132500980319525,0.0010685394398303474
7070,0,0.0008366550408706735,0.0009633873910883234
7072,0,0.0005679328149568059,0.0006170358679367947
7073,0,0.0010402370172173303,0.001040508897444442
7074,0,0.0008492691277671855,0.0010153327115466702
7075,0,0.0009275896065942127,0.0009301622336914532
7076,0,0.0011717401521228758,0.0008676973628452427
7078,0,0.0005921783942098713,0.0007071806271915827
7079,0,0.008450033569947274,0.009840174377582356
7081,0,0.002713937560130278,0.002913493328014479
7082,0,0.022911134176351787,0.02736000290709191
7083,0,0.06493007661237211,0.06825352680996136
7084,1,0.9914417475171318,0.992111557512755
7085,0,0.03666342811536079,0.06351514523555862
7086,0,0.03843143386808401,0.04346944516507516
7088,1,0.02095966251318964,0.023839060477975876
7090,0,0.0004355195348938602,0.0007887070573519651
7091,0,0.0006289586992028186,0.000771332718720618
7092,0,0.0019044564766105682,0.0021846027000970844
7094,0,0.0018676481885898147,0.0029562433741298095
7095,0,0.0005640232371843161,0.0006688611257381522
7096,0,0.000551012558693086,0.0009234171322259761
7097,0,0.000727598701888222,0.0005640633420080245
7099,0,0.00048175642951543956,0.000620736583599234
7100,0,0.0028807824311673684,0.0040391133533971705
7101,0,0.0002947696336103333,0.0003438726865903223
7103,0,0.0004936932659309612,0.0006360672854487607
7104,0,0.00042097371373471407,0.0005538099220131568
7105,0,0.0005508150484864528,0.0003917610362170296
7106,0,0.0005360349158434085,0.0003769809035739854
7107,0,0.0004979376534577219,0.0006312042315189523
7108,0,0.0005407614136221277,0.0005447365326957902
7109,0,0.00041278594370396256,0.000744410835045154
7110,0,0.00037598525568451416,0.0007291727781426192
7111,0,0.0005793843314138568,0.00042033031914443365
7112,0,0.0005893323582387213,0.0007317063777565207
7113,0,0.0012625842731439976,0.001436439438704005
7114,0,0.00033800912746721865,0.0003871121804472076
7115,0,0.0006007436804016885,0.0006047187994753511
7117,0,0.0004721657230402456,0.0008253532454983506
7118,0,0.000564148434947031,0.0005527943971554175
7119,0,0.00036425013136810833,0.00041335318434809726
7120,0,0.0015558034016440307,0.0018289266319567329
7121,0,0.0029367247848820534,0.0032004469983265803
7122,0,0.002415793649672678,0.003371084163648597
7123,0,0.0005135573818035514,0.0006463935900819942
7125,0,0.0004814327107004392,0.0008151396453618372
7126,0,0.0018729226307365853,0.0021530688542231013
7127,0,0.0006521807048761453,0.000656155823949808
7128,0,0.005761140026895622,0.006287745660184145
7129,0,0.0006198664133865284,0.00046081240111710525
7131,0,0.0037827764337658777,0.00409585317445144
7132,0,0.0012982367366494456,0.001675469640927196
7133,0,0.0008383481555962373,0.0009099756642484185
7134,0,0.0006513647869494171,0.0006553399060230796
7135,0,0.00118354268196664,0.001476192803847966
7136,0,0.0017504503096183422,0.0024284541425292974
7138,0,0.0006899616202234447,0.0007921661939266298
7139,0,0.0026306239594503155,0.004152552384611674
7140,0,0.0005971899217725027,0.0006462929747524916
7141,0,0.002152729117238644,0.002530914030076896
7142,0,0.002141735698228013,0.004050590581050069
7144,0,0.004303096402708543,0.004656283925166648
7145,0,0.0008341634994012738,0.0009765375189190732
7146,0,0.0012087287765027265,0.0015604308919690973
7148,0,0.0007038108688980758,0.0007335672918972027
7149,0,0.0005621685217518946,0.0009460738445233167
7150,0,0.0005919680006751034,0.0006300547065240358
7151,0,0.0019349745341901163,0.0021424772286213426
7152,0,0.0009924925043283436,0.0012816647708397194
7153,0,0.0006802510548249699,0.0006987033847925049
7155,0,0.0010126689042645027,0.0008470681100482388
7156,0,0.0008859166225130254,0.0012115294857487162
7157,0,0.002460236293930936,0.002601658360756284
7159,0,0.002333454569433488,0.002246034862071039
7160,0,0.0008225404789883217,0.001115846934555438
7161,0,0.0005830031599767034,0.0006852077336798886
7163,0,0.0033341401845940217,0.004028744575928798
7164,0,0.0006141524235207223,0.0007163569972239074
7168,1,0.9880155784144853,0.9906079485550094
7169,0,0.0009745721839020795,0.0013676545888574297
7170,0,0.0005207400024007127,0.0006255778909545488
7172,0,0.002242093002260757,0.002289952384007877
7173,0,0.0007498736862366598,0.0010944059584045555
7175,0,0.008282621101423152,0.008293266549925718
7176,0,0.000412534387188759,0.0005036786734496597
7177,0,0.0003810489839857525,0.0005224710508111002
7178,0,0.0008034735681798624,0.0011038383469853482
7179,0,0.0002668018042267491,0.0003159048572067381
7180,0,0.0003445122437508574,0.0004897518469946326
7181,0,0.000501175464289446,0.00044398411103289633
7182,0,0.0012828484859550794,0.0025664315485181355
7184,0,0.0005176450598292947,0.0006224829483831309
7185,0,0.0002988924052126303,0.0006128811712201521
7186,0,0.0009960059302119755,0.0009840014040956532
7190,0,0.0007032211976190521,0.0005315805335716657
7191,0,0.0015608741810615395,0.0028475370454374995
7192,0,0.0003878444967707545,0.0005180700424331075
7193,0,0.0005150296392975874,0.0008472222861088767
7194,0,0.008687492141479068,0.011080095830520005
7195,0,0.0013190397858297656,0.0018641468035154188
7197,0,0.0005188765224278543,0.0008510691692391436
7200,0,0.00041327649769078205,0.0005585161009345573
7202,0,0.0005219619342501484,0.0006672015374939237
7204,0,0.0006567335741692784,0.000704592955916399
7205,0,0.00041705732545543265,0.0005622969286992079
7206,0,0.0005561480688350233,0.00039054727461875947
7208,0,0.0003552331220674509,0.0006485395776345672
7209,0,0.0020118830973005564,0.0023596442079158258
7211,0,0.0012486573174952114,0.0025322403800582677
7212,0,0.0007918074911798627,0.0008686728014546301
7213,0,0.0005205681341750417,0.0006949334397524219
7214,0,0.000860234214389524,0.0007772231656660378
7215,0,0.00041226820657496257,0.0007262569725824844
7216,0,0.0006074128349205558,0.000935583861621378
7217,0,0.0008932248278964775,0.000660144605644655
7218,0,0.49768458961415135,0.004096698418939671
7219,0,0.0009281270014655648,0.0011401860365087967
7220,0,0.0005407746028574665,0.0008587362381204621
7221,0,0.000775146969236184,0.0008520122795109516
7223,0,0.004760617566958001,0.005925412950949312
7224,0,0.0016586515386758814,0.0026138496990113793
7225,0,0.0007839916854249416,0.0006094178795209684
7226,0,0.0009582676383156825,0.0013485156954884886
7227,0,0.001011276962890703,0.0010948699798049165
7228,0,0.0030748858365631706,0.0033824409145096586
7230,0,0.0011175838702741038,0.0012590059370994515
7231,0,0.0005439345549882793,0.0003783337607720155
7232,0,0.0004477510328059678,0.0004962553011729503
7233,0,0.0004030733878232653,0.0007465257366445691
7235,0,0.0010208749330004518,0.0013698844121541461
7236,0,0.0028765172194201395,0.0035807145429066654
7238,0,0.0006456428613929093,0.000787064928218257
7239,0,0.0004736166387240018,0.0006150387055493495
7240,0,0.0006420587048338451,0.0006700864746020164
7241,0,0.0023823650909887938,0.002968194324572672
7245,0,0.0037772483673483865,0.004032961256870539
7247,0,0.005226643368079345,0.005311746699933586
7248,0,0.0034305764749334505,0.003569584317922328
7249,0,0.005429079815917216,0.006894725901806249
7250,0,0.026050655127063917,0.034388955048285076
7251,0,0.006623804642684758,0.006669949413919798
7252,0,0.04088606992217196,0.04122137280469189
7254,0,0.06233744299534573,0.053111975571511955
7255,0,0.09748123156504328,0.09399305814064476
7256,0,0.06000125594217592,0.07150366899231185
7258,0,0.00029080310084013275,0.0003399061538201217
7260,0,0.0005764595392500296,0.00041085874503376575
7261,0,0.0050423540712510925,0.005403054899880763
7262,0,0.0006118301272457302,0.0009340012903755988
7263,0,0.0004066964594543432,0.0005339382281484943
7264,0,0.0006817972790647718,0.000720319984645696
7265,0,0.0005688447876655205,0.000571417414762761
7266,0,0.001976563333843707,0.002258846177733977
7268,0,0.0008860033188928329,0.0012844852840997573
7269,0,0.0005340897989970807,0.0003684890047808169
7270,0,0.0005470764702421743,0.0003770767306234289
7272,0,0.0018194333447132428,0.002059535766319103
7273,0,0.003957455173628825,0.005304718544673452
7274,0,0.0006324543431315177,0.000980215453746787
7275,0,0.0003201425886111485,0.0006134490441782648
7276,0,0.00037306670149974796,0.0006663731570668642
7277,0,0.001801681338882779,0.002041783760488639
7278,0,0.0006406095578701965,0.000748309951129447
7279,0,0.0003364985567229056,0.00047230510215241696
7280,0,0.00037231148097872815,0.00042141453395871714
7281,1,0.9646143282293458,0.9651516142647769
7282,0,0.0005508036516973247,0.000686610197126836
7283,0,0.0004599055673886903,0.0004705510158912573
7285,0,0.0027767707502244074,0.004407305121637011
7286,0,0.0049442847570791825,0.006410746361271558
7287,0,0.0003282595705469351,0.0004678612011270007
7288,0,0.0003630177623046497,0.000656324217871766
7290,0,0.0014885994282162855,0.0016624545937762932
7292,0,0.0008618739462999791,0.0010739329813432112
7294,0,0.000535473702632803,0.00048379153349276496
7295,0,0.0006817778538970075,0.0010347181246702095
7297,0,0.0003311729208478196,0.0006203451873591953
7298,0,0.0005765512210151785,0.0008698576765822948
7299,0,0.000630248227985645,0.0009235546835527613
7300,0,0.0006062321238187185,0.0007139325170779689
7303,0,0.0005685961100860345,0.0009125692012400427
7304,0,0.0019176343097192308,0.002123172653129507
7305,0,0.0009439879615719031,0.0012816830586207817
7306,0,0.000576783140670907,0.00095819541012772
7307,0,0.0014452122790347614,0.0031226673951048004
7308,0,0.0008716152239715137,0.001220624703125208
7311,0,0.0004065846872940448,0.0005480067541193923
7313,0,0.0010888727235737906,0.001545574598803937
7315,0,0.006819277574374033,0.012314001066115753
7316,0,0.0007025615074891358,0.0010307325341899578
7317,0,0.0007158290592196321,0.0010440000859204541
7319,0,0.0004787836066639802,0.00046870218089779017
7321,0,0.0008271340859749875,0.0013498591743704674
7322,0,0.0020664846506628118,0.0023740397286092997
7323,0,0.0003918343573693728,0.0005314359879494384
7327,0,0.0021587445954517337,0.0029705918660165053
7328,0,0.0006909303337768371,0.0005025956486020349
7330,0,0.0005591091787590891,0.0005547440527670202
7331,0,0.0006282792819535977,0.0006773823349335865
7332,0,0.0016005794544070267,0.0013395729042989524
7333,0,0.0026544904150205936,0.002874039967635433
7334,0,0.0038969784311907105,0.0044383719753109925
7335,0,0.00400440548875139,0.004379737159644985
7336,0,0.026047990848446296,0.03831176201479472
7337,0,0.01892776787233934,0.0333610492371688
7338,0,0.048864267846777804,0.05681856664324677
7339,0,0.025845940190361454,0.03188659038164334
7340,0,0.00029979729800417177,0.00044121936482951937
7342,0,0.0003726944248746607,0.0005179340281184359
7343,0,0.000301284138354248,0.0006152729043617699
7344,0,0.00043684276116313984,0.00044748820966570684
7346,0,0.0024723038733958473,0.0027386263620743246
7349,0,0.00030000106683128285,0.0005933075223983991
7350,0,0.0005078756168490358,0.0003422748226327719
7351,0,0.00029188363532552607,0.000340986688305515
7353,0,0.00048766980147818746,0.0008198624482894768
7354,0,0.0004848323467714509,0.0006262544135967984
7355,0,0.0013604969645846922,0.0015343521301446996
7356,0,0.0003133179690611317,0.00045474003588647936
7357,0,0.0016071999163974587,0.001847302338003319
7358,0,0.0005012141541308896,0.0003356133599146258
7360,0,0.0008572243956816588,0.0011505308512487751
7361,0,0.00026940322168517703,0.00041082528851052463
7362,0,0.0003116266108360597,0.00036072966381604863
7363,0,0.00035822608694690287,0.00035386096095483383
7364,0,0.0007563992277614072,0.0012131011029915537
7366,0,0.0017693255263250282,0.0019423231238606203
7367,0,0.0004071485586526738,0.0004177940071552408
7369,0,0.0008985734004092134,0.0012728771394953432
7370,0,0.0005877510236036249,0.0007235575690331363
7371,0,0.0004268102946792822,0.0007549813213801043
7372,0,0.00047258085193575816,0.00048322630043832516
7373,0,0.000443529977273369,0.000454175425775936
7374,0,0.0003978225715102453,0.0005430621747540206
7375,0,0.0009124404229699625,0.0012452959440803443
7376,0,0.0004211259843978313,0.0004167608584057623
7377,0,0.0004928372002349057,0.00032723640601864184
7378,0,0.0015065659171444624,0.0031303024333502088
7379,0,0.0009612734887779781,0.00117333252382121
7381,0,0.0004565331135000498,0.0007457053800114256
7384,0,0.000923451763018843,0.0013801536382489897
7385,0,0.0005550106268636063,0.00038940983264734247
7386,0,0.002713718580305631,0.0036968959329963967
7387,0,0.00043996084663761167,0.0007332673022047279
7388,0,0.001966287515896048,0.0024229893911261943
7390,0,0.0004494011793379143,0.0004985042323179032
7391,0,0.0005554250024297905,0.0003786706600487442
7393,0,0.0004558291765339313,0.0007814420397696221
7394,0,0.0004339850413119777,0.00042961991531990874
7395,0,0.0004746148301128021,0.0005093723661202667
7396,0,0.0004221410308084412,0.0005673806340522165
7397,0,0.00041946059272560316,0.00043791292269313825
7398,0,0.001285537290097507,0.001543614296247432
7399,0,0.001079729277345343,0.0013961719784114585
7400,0,0.0006223993324590341,0.0009363880984665559
7401,0,0.00044877863015070196,0.00044441350415863287
7402,0,0.0009047521609644087,0.0010083125415604876
7403,0,0.0005925374442047104,0.0006031828927072774
7404,0,0.002583444197254442,0.003251192664787422
7405,0,0.001074714404701333,0.0011094719407087976
7406,0,0.0010951094309808603,0.0012291365299627957
7408,0,0.0016000656713684022,0.0020587038999500488
7409,0,0.002434157138110733,0.004222101638517528
7410,0,0.0020059210993862704,0.0020071782956221818
7411,0,0.0017034648831853157,0.0014861130006043033
7412,0,0.0017304683608879573,0.002043586162381496
7413,0,0.0007543705549056274,0.0010586633752730135
7414,0,0.0005108354759541848,0.0006484008210710999
7415,0,0.0006675086812589048,0.000735574055143213
7416,0,0.0009551271658070631,0.0010231925396913713
7417,0,0.0005712403498953395,0.0006966864788929977
7418,0,0.0008486420520587104,0.0006708599030805566
7420,0,0.0013545194446231913,0.0011100509658464501
7421,0,0.0038455350151832563,0.005363726011898948
7422,0,0.04457119881543613,0.07701267672311866
7423,0,0.02511650659456758,0.03932901430547403
7424,0,0.056550881157522374,0.06806783766536109
7425,0,0.06238268185038741,0.04093432039444086
7428,0,0.0003114976701791778,0.0004339125392772138
7429,0,0.0006867322148527574,0.0009520214857981527
7430,0,0.00031115820497192953,0.0004335730740699655
7432,0,0.007532600385907643,0.008862438090558129
7433,0,0.0003994203542193337,0.0004100658027219007
7434,0,0.0004461856537761448,0.0004474428500120563
7436,0,0.00039567299796349777,0.00040631844646606477
7438,0,0.00027392519273975276,0.0004891270991398522
7439,0,0.0003093400466585709,0.0007734294967333818
7440,0,0.0004082607684473133,0.0004189062169498803
7441,0,0.0004976980435260356,0.0008329478750083955
7442,0,0.0011699253273692953,0.0024535083899323517
7444,0,0.0009294327623577349,0.0009250676363656658
7446,0,0.000969480456893039,0.000980125905395606
7447,0,0.0012290794944405984,0.00176712758146965
7448,0,0.00035198869120114864,0.0004655081558010036
7449,0,0.0003281071189976842,0.0004494368389349185
7450,0,0.0008017152196988143,0.0009081803327948252
7451,0,0.000550945227613505,0.0005535178547107455
7452,0,0.000498749163936519,0.0005013217910337595
7453,0,0.0003211986141857498,0.0006642774838663096
7454,0,0.0005997400741047233,0.0006382627796856475
7455,0,0.00048726935605327576,0.0006987630308075247
7456,0,0.00038819138422672506,0.000383826258234656
7457,0,0.0007602926937305629,0.001195768303586035
7458,0,0.0003367476725909582,0.0006194227393849295
7459,0,0.0012513321732782608,0.001509438191997818
7460,0,0.0003524282951489743,0.0004748431642470103
7461,0,0.0005573130554261726,0.0004902593270585818
7462,0,0.000383855212730569,0.0003851124089664805
7463,0,0.0006348005736226032,0.00047724158591835506
7465,0,0.00044394414374554833,0.00050958379872178
7466,0,0.0010186730684303145,0.0013991508641986335
7467,0,0.0003451186960866503,0.0006362851667289428
7468,0,0.0005208703288181663,0.0003718076059332354
7469,0,0.000528062560368476,0.0005160580342521535
7470,0,0.0003927185813998366,0.0005206618913543746
7472,0,0.0015080684590606241,0.00377965884988913
7474,0,0.008298645988386892,0.0093986536235917
7475,0,0.0016911967947378479,0.0014512509178659094
7476,0,0.0020259494384449886,0.0027496422189483834
7477,0,0.0005040325486780479,0.00035496982579311706
7478,0,0.00048238137730796817,0.0004930268258105351
7482,0,0.0004937648016986936,0.0005717740582777467
7483,0,0.0006338375919718732,0.0009716556785596623
7484,0,0.006323544680316574,0.006770103290055773
7485,0,0.002675149814867909,0.0033988425953713035
7486,0,0.00042526254245402347,0.0005588013467746965
7487,0,0.00074100812976131,0.0008632623751825408
7488,0,0.0005702463967252905,0.00042118367384035965
7489,0,0.0006461066854592459,0.0007582168726680862
7491,0,0.004107550439280604,0.004529019200932835
7494,0,0.002136809127957711,0.002160662034394082
7495,0,0.001481375414338093,0.001770736423532757
7500,0,0.0013185470944737888,0.0017042295356175003
7501,0,0.0015457639079726382,0.0015716020684365785
7502,0,0.0010167542940493059,0.0008591953063450577
7503,0,0.0009115313141168659,0.0012915700398627556
7504,0,0.004045064400044009,0.004471401335124773
7505,0,0.00946474339633441,0.009819072523497459
7506,0,0.03238623293106742,0.032827713898704036
7508,0,0.05259848598030662,0.055496936722079435
7510,1,0.9862049404269109,0.9872816333256365
7511,1,0.039839282468392856,0.046051308867566004
7512,0,0.0010095987695634668,0.0009975942434471445
7513,0,0.0009283755201383035,0.0010469650274041926
7516,0,0.002920735767094905,0.004145750526838982
7517,0,0.0025710256960861837,0.0028619441720463155
7519,0,0.00040710950880329687,0.00041775495730586386
7520,0,0.0006213656871612901,0.0009620288794185319
7521,0,0.0005135345572174626,0.00036447183433253167
7522,0,0.0003232204959398628,0.0006058955627338341
7523,0,0.0023127276230265857,0.0026036460989867175
7524,0,0.0013318604768433875,0.0036700256422860945
7525,0,0.0003882222426308669,0.00046623149920992004
7526,0,0.0007876399136550609,0.0010567760171459758
7530,0,0.0005246861625932497,0.00037562343970831886
7531,0,0.00036684138478417286,0.00036247625879210377
7532,0,0.0023552913032195036,0.0031490364358991987
7533,0,0.0003636706136540886,0.0003593054876620196
7534,0,0.0005092663537368111,0.0003602036308518803
7535,0,0.0009272542156451272,0.0013142118963516292
7536,0,0.00036419958913162163,0.0003598344631395526
7537,1,0.9316581957730443,0.9281384682109303
7538,0,0.012068882778288699,0.01474040660325187
7539,0,0.0005171885029847503,0.0003681257800998195
7540,0,0.0004079831168894374,0.0004859923734684906
7541,0,0.00033535338317841726,0.0006396462035458033
7542,0,0.00034495053938262673,0.0006654915577012
7544,0,0.0007067736548035925,0.0006603776559136458
7545,0,0.0012244813948375775,0.0015331535784667608
7546,0,0.0007326003463589032,0.0009978896173042985
7547,0,0.00047564258506916984,0.00032657986218423906
7549,0,0.00048440502515118694,0.0007670800919451583
7551,0,0.00034936065952460767,0.00047467094930693765
7552,0,0.0005507163809756678,0.0005613618294782348
7553,0,0.0005397089417728509,0.0005670008032375354
7554,0,0.0005543449163584032,0.0006323541729374564
7555,0,0.002414371787552186,0.003763283055737325
7556,0,0.0033526274592059124,0.004076320239709307
7557,0,0.0005321299683496996,0.0005347025954469401
7558,0,0.0012013209495252474,0.0016180294303429546
7559,0,0.0011251237410134936,0.0014089980711882166
7560,0,0.0016213962023548844,0.003968382595883272
7561,0,0.00264500749726207,0.0031886272805322553
7562,0,0.0012842946790099566,0.0017314371238888726
7563,0,0.0032973486240032374,0.004021041404506632
7564,0,0.0010175130195575197,0.0013950832427044595
7566,0,0.000689189139073007,0.0011155260741537712
7568,0,0.004923156528027463,0.005536901819176991
7569,0,0.0006170872820717655,0.0009213801024391515
7570,1,0.9734436960782186,0.9707566436838876
7571,0,0.0004915906862408122,0.0004928478824767237
7572,0,0.00048690032249951685,0.0004982878392201475
7573,0,0.00048551780807272666,0.0005022357006945679
7574,0,0.00048557436406030947,0.0006135176740148475
7576,0,0.000902538550074326,0.0012382627571421413
7577,0,0.0008192476719537268,0.0006424933295726804
7578,0,0.0007867627413621172,0.0008548281152464253
7579,0,0.006359095000742819,0.006738126937361913
7580,0,0.0038660291854483177,0.0038891206190043164
7581,0,0.0012491052507777696,0.0014266779881157994
7582,0,0.0035501314270716287,0.003687526062736453
7583,0,0.0007090248296330293,0.0010849047165595578
7584,0,0.0011861536929224652,0.0013541218899552085
7585,0,0.0009024776456789561,0.0012230186639975295
7586,0,0.002474997617706717,0.0029192661597079892
7587,0,0.0008508324720339936,0.0007017697491490628
7589,0,0.003253825373042477,0.0035449918436847696
7591,0,0.0010581532124285858,0.00109667591800951
7592,1,0.34861260383041703,0.30189602463876875
7595,0,0.0005297069601270613,0.00038064423724213053
7597,0,0.0004086361900061331,0.0007291772083247064
7598,0,0.0012944643247971544,0.0015372645545744907
7599,0,0.0003905106640477127,0.0005215501463074321
7600,0,0.0003946981474305295,0.00038845751929662565
7601,0,0.00036527647291552325,0.0004432857294945764
7602,0,0.014782808625825263,0.019031300050851675
7605,0,0.0003805442889329944,0.00045855354551204753
7606,0,0.0009400772127529289,0.0012312436833952214
7607,0,0.0021255547135173814,0.002849247494020776
7609,0,0.0005428973841677147,0.0008892002168867411
7610,0,0.0003680789187975813,0.0004991184010573007
7611,0,0.00046632216652054374,0.00046889479361778426
7613,0,0.0005255306612296858,0.0009045625978487784
7617,0,0.0005122097592588507,0.00036314703637391985
7618,0,0.0021210690252445397,0.002109064499128217
7619,0,0.002214203457148344,0.003582932925526935
7620,0,0.0022658697149094244,0.002350569674898409
7621,0,0.00048663785044900326,0.00033757512756407243
7622,0,0.00048789501571965606,0.0004904676428168966
7623,0,0.0010677154405182385,0.001311956990261247
7624,0,0.0006596345050075929,0.0007869178075461402
7626,0,0.00034670819373652177,0.00047201848351885174
7627,0,0.0026087666141174984,0.0033324593946208927
7628,0,0.0009815165786241364,0.0016050922333113006
7629,0,0.0004272704563197301,0.0004152659302034077
7630,0,0.009627535585109988,0.010884205380431344
7631,0,0.00046971102597369253,0.0005477202825527458
7632,0,0.001483571262447671,0.0017528104850074477
7633,0,0.0004598799014546211,0.0004536392733207172
7634,0,0.0007432235584789001,0.0006968275595889534
7635,0,0.0005053200144579357,0.0003562572915730049
7636,0,0.0005290474477930721,0.0006070567043721252
7637,0,0.0007212102245462797,0.0008434471514259563
7638,0,0.0008109220158230717,0.001434497670510236
7639,0,0.0005492250640565296,0.0008923039337370893
7640,0,0.0004825284893506234,0.0008030695076691967
7641,0,0.0005117951954468512,0.0005898044520259043
7642,0,0.0024677181288059987,0.0035520310479141464
7643,0,0.00027761531853014,0.0005239124536596974
7644,0,0.001275982266814238,0.0015160224710184273
7645,0,0.0012185839461528506,0.0015072175092741649
7648,0,0.0004935160079971628,0.0006214593179517008
7649,0,0.0016230422432159347,0.001990484586494814
7650,0,0.0036661814672487927,0.0036056685365168147
7651,0,0.002917145547210123,0.003976687088507137
7652,0,0.0033588618771932,0.0038390230356320906
7653,0,0.00193442072207078,0.004031275362531162
7654,0,0.0006938521309336964,0.0010295763380015117
7655,0,0.0004465624157206432,0.0005751825505488844
7656,0,0.00046177656615853466,0.00047316408287916543
7657,0,0.0019746762765399965,0.002001968138004681
7659,0,0.0027319165891998964,0.0034556093697032907
7660,0,0.0012086505662807403,0.0015291915845993137
7661,0,0.0021270545139227353,0.00442100975705714
7662,0,0.000664119260774611,0.000510834437302012
7663,0,0.002898865239792248,0.002712816378120131
7665,0,0.0006263570913909707,0.0009886697418976234
7666,0,0.0007604709269167164,0.0010810119452352896
7668,0,0.0014185719814504678,0.0015117207915657084
7669,0,0.003697261380020288,0.004017802398338861
7670,1,0.7727165243368196,0.7664189657636484
7671,0,0.0023255695917613604,0.0021765068688764295
7672,0,0.0008544638256828762,0.000768700193646437
7674,0,0.002399203631549834,0.0025302431138095535
7676,0,0.021552464044839383,0.033561351342523506
7678,0,0.3864629478963384,0.3867873840865931
7679,0,0.034074594936705956,0.02607858113743186
7680,0,0.028014912451634993,0.03691680039185309
7681,0,0.06368044994233892,0.09661712765306896
7682,0,0.018852417705633333,0.026288916303962732
7683,0,0.04391437802143186,0.049167744652328434
7687,0,0.05420874277683262,0.06306062796654391
7688,1,0.49345130181520236,0.6170170707898786
7690,0,0.0005963769304990619,0.0009098693513293077
7691,0,0.0003621820690198493,0.0004401913255989025
7692,0,0.0026856870092389663,0.004737320616276081
7693,0,0.0003383006772920169,0.00046361096707434686
7694,0,0.00045083547635515044,0.0004445948482212466
7695,0,0.00043535585146121963,0.00043792847855846014
7697,0,0.004756274859318963,0.005047193335279095
7698,0,0.0008643603961198023,0.0009708255092158132
7699,0,0.001394377404720922,0.0015516682568723654
7700,0,0.0005522584575044155,0.0005907811630853397
7701,0,0.009600519419049047,0.011780837006825353
7703,0,0.0009875487470181706,0.0010811287253388408
7704,0,0.00043872126113858167,0.0008244037022822929
7706,0,0.0016746418804903813,0.0030433713488689728
7707,0,0.00037260766255501704,0.0003663670344211132
7708,0,0.00041412740656353276,0.000799809847707244
7709,0,0.0005081739462511138,0.000359111223366183
7710,0,0.0005941707155823514,0.0006326934211632757
7711,0,0.0009074523722062318,0.0010139174853022426
7712,0,0.0017083878607672218,0.001999306336727354
7713,0,0.0004084352405205674,0.0007289762588391407
7714,0,0.0019766628024558545,0.0018465465895808493
7715,0,0.0009875860286016496,0.001308127046920223
7716,0,0.0020614918529503518,0.0030736847087791176
7717,0,0.002025925650110243,0.0026294912419560935
7718,0,0.001894729155268905,0.0021524684410854965
7719,0,0.0011363550251275495,0.0015902526746810026
7722,0,0.0006393708658427718,0.0005723171374751809
7723,0,0.0018636330340171354,0.001930745086423277
7724,0,0.0004168084058032719,0.00041056777766936806
7725,0,0.0005139848722597055,0.0005919941288387587
7726,0,0.0004724273018118096,0.0004661866736779057
7727,0,0.00045580355517457446,0.0004495629270406706
7728,0,0.0009506428448236421,0.0012770774554367848
7729,0,0.0009148619640986803,0.0011627581131043556
7730,0,0.0025058670043903797,0.004254577810078576
7731,0,0.0004986818880607154,0.00036589109397192835
7733,0,0.0007579738438573604,0.0008996527941215217
7735,0,0.0006108879727652499,0.00047007002029202897
7736,0,0.0010412165246201507,0.0015009171809403261
7737,0,0.0025408819032521554,0.0036020777740280096
7738,0,0.003913368266409856,0.004083313247620269
7739,0,0.0031215832007268087,0.005460386650888803
7740,0,0.0006136192574518172,0.00047678037323488766
7741,0,0.0005418083465997438,0.0006094739576099859
7742,0,0.0005492370757743368,0.0004164462816855497
7743,0,0.004702789446278658,0.005291637381694062
7744,0,0.0021715297268742424,0.0021882476194960833
7745,0,0.0031847444661979637,0.0041117561216822175
7747,0,0.0009261395603638534,0.0007415966861103111
7748,0,0.004021340876793373,0.005284372695335976
7750,0,0.0006469741617770976,0.0009900530314576573
7751,0,0.0017742968680474628,0.001794730403237156
7752,0,0.002241529366934787,0.0025254036971095106
7753,0,0.004328136242165247,0.00456654602449134
7757,1,0.943759394266505,0.9335464998113381
7758,0,0.0011752532452018007,0.0014340832484930545
7759,0,0.0014788362304454222,0.0018219151001259818
7760,1,0.901242734099776,0.8960089587765533
7761,0,0.006036033046609357,0.006038605673706597
7763,0,0.0006544928327604746,0.0007095730605278696
7764,1,0.9486029250146266,0.946634023789003
7765,0,0.000351699199161091,0.0006722402174796643
7766,0,0.0009164499781168414,0.0013703476276702945
7767,0,0.0023590165604318075,0.0030827093409352023
7769,0,0.0013875247153519125,0.0016528139862973079
7770,0,0.0005067760847124229,0.000357713361827492
7771,0,0.000498749353952587,0.0005013219810498275
7772,0,0.0005638695356983763,0.0006911528382369238
7773,0,0.00047928522661651313,0.0003302225037315823
7775,0,0.000404624134437952,0.0004826333910170051
7778,0,0.001244579665840422,0.0015357461364827146
7780,0,0.0007118479711726,0.0005741420946718885
7781,0,0.0006559005061029543,0.000947066976745247
7782,0,0.0003498925970873573,0.0006704336154059307
7783,0,0.00032666946360777546,0.00045197975339010543
7784,0,0.0005126600354366562,0.00045214710470467805
7785,0,0.003206324067591884,0.004060553369571114
7787,0,0.0006040083888886306,0.0007564514303913048
7788,0,0.002071098751564282,0.003178242040146961
7789,0,0.0003134498290822731,0.0005961248958762445
7790,0,0.0003928762641687372,0.00047088552074779036
7791,0,0.0003724494318214699,0.0003737066280573814
7792,0,0.001428614906434301,0.001535080019530312
7796,0,0.0005756537167810981,0.00041809472907684993
7797,0,0.0006179710689057354,0.0008294647436599843
7798,0,0.00041536582691210867,0.0005408119559097669
7800,0,0.003245218613284097,0.004056306034527452
7801,0,0.0004793550504687207,0.0003302923275837899
7802,0,0.0010832544386225437,0.0013286690038188855
7803,0,0.0011312515594849983,0.0016370861698538474
7804,0,0.0003101881572006642,0.0004356342861983224
7805,0,0.000517774418324465,0.0008107620962677386
7808,0,0.0006758617265542214,0.0004913188523006792
7809,0,0.00036633223097880057,0.00048766195091603484
7810,0,0.0004978160815341359,0.0005084615300367029
7812,0,0.00041088416631091874,0.0005363302953085769
7813,0,0.00037150198228833866,0.0004939168513863747
7816,0,0.000824951377643387,0.0012046095571653379
7818,0,0.0003671417685367464,0.0008312312186115574
7819,0,0.0022147208806046737,0.0025758001129394968
7820,0,0.0023069327701594564,0.0032621309304949548
7822,0,0.0005096318523835186,0.00051088904861943
7823,0,0.0006947355158618764,0.0011456811596966656
7824,0,0.0012704743827841227,0.0013842732084049774
7825,0,0.0006540262611566701,0.0005049635382717393
7826,0,0.00043356093946309026,0.0005711262845800054
7828,0,0.0005718489439318013,0.0006958221706556864
7829,0,0.0005867935564839706,0.000903236257550086
7831,0,0.0006198356235193555,0.0007059545779740731
7833,0,0.0006527012096118269,0.0009353762764057982
7834,0,0.0010662488048277967,0.0011897793749074306
7835,0,0.0007745876591998311,0.0011030646779994796
7836,0,0.0024182215648489926,0.002452979100856457
7837,0,0.0006115186706838294,0.0007339335397818653
7838,0,0.00048378226425734386,0.0005074340309051435
7840,0,0.007753679370926305,0.00960071332198784
7841,0,0.0006798450646418065,0.0006982973946093416
7842,0,0.003899119732344654,0.005261552181893733
7843,0,0.005038882469371466,0.004933374537114767
7844,0,0.08915849138625946,0.02278644504704394
7846,0,0.06487642134555123,0.07129994554857343
7847,0,0.050648697629003245,0.041442290362026096
7848,0,0.08130968433402211,0.12692930794551158
7849,0,0.05846329118865494,0.05333800589423028
7850,1,0.04674503386005894,0.05879613995552132
7851,0,0.00036731676798776737,0.0004926270577700973
7852,0,0.0035747454588678906,0.004508127984617577
7853,0,0.0004268729100554146,0.000557912392315134
7854,0,0.0041524146043456465,0.004876107384849041
7855,0,0.0004852622005527994,0.0004878348276500399
7857,0,0.0005916838865985278,0.0006302065921794521
7858,0,0.0005121249341857315,0.0008691252990399188
7860,0,0.0030575831840047108,0.0040922256252509635
7861,0,0.0006617439437227679,0.0011658244497545522
7862,0,0.00046077975291422785,0.0003279889588254408
7863,0,0.0007693125862834178,0.0010827623668646172
7864,0,0.0003735978395490747,0.0005506917460237922
7867,0,0.0008152964157768138,0.0011234339422033898
7869,0,0.0017315265288703869,0.0020738017886422506
7870,0,0.00038746937330115576,0.0007644612310127998
7871,0,0.001814273321977588,0.0028604820181539286
7872,0,0.0027912297114394695,0.004159959179818061
7873,0,0.00022896710710651192,0.0004895215294531271
7874,0,0.0004051029796907861,0.0004134925804377861
7877,0,0.0010134121840462593,0.001583523042772558
7878,0,0.000666652235400864,0.0007084773354021784
7879,0,0.0005433550535794916,0.0006874077707703564
7880,0,0.0002251293164435129,0.0002705957227221422
7882,0,0.0002634133821876785,0.00033397087433887924
7883,0,0.0007799409299542603,0.0011287351817894744
7884,0,0.0005567168215590974,0.0005442078361955398
7886,0,0.0004089443076894008,0.00029451103258542325
7887,0,0.004674908915638126,0.004978035487632101
7888,0,0.0013281984099318045,0.0014006564554814754
7889,0,0.00023702985990721627,0.0004975842822538314
7890,0,0.008790325574910045,0.010373505462630678
7892,0,0.00035383958238105673,0.000399305988659686
7893,0,0.00020613226664969775,0.00027668975880089846
7895,0,0.00020060398815961922,0.000269691284119215
7896,0,0.0005102326077353784,0.0006542853249262432
7898,0,0.000522422490609733,0.0006664752078005978
7899,0,0.0006584789737195131,0.0010795343642846138
7900,0,0.0017473947403709444,0.0030416132083250086
7901,0,0.00042383481280965936,0.0006534038831447989
7902,0,0.0016702721125425855,0.002161601120089699
7903,0,0.0005472935597172964,0.0006913462769081612
7904,0,0.0005996669508150042,0.0005871579654514465
7905,0,0.0006566012627196289,0.000556485496239647
7906,0,0.00026197003846107074,0.0003652374003949245
7907,0,0.0019299500323574502,0.002315602141688313
7909,0,0.0018212774783484859,0.00165801419941317
7910,0,0.00033339222168369653,0.0006671181837232736
7911,0,0.0018190612520869857,0.0017585483213550077
7913,0,0.0005011584742632937,0.0005688240852735358
7914,0,0.001416702780931372,0.0015907620953977632
7915,0,0.00048583675110416087,0.0005068223148327544
7916,0,0.0008252339730449834,0.00089234012909458
7917,0,0.0006681789803930549,0.0007190153306375889
7918,0,0.00041134147288825326,0.000481898965039454
7919,0,0.0005048219458405257,0.0008231047152362902
7920,0,0.000663081130722114,0.0005302903366333268
7921,0,0.0012498649273082702,0.0014282597113787754
7923,0,0.0009530570401987974,0.0008202662461100102
7924,0,0.0010035515862806554,0.0008625066599055478
7925,0,0.003736223638439908,0.004220347721653597
7926,0,0.003912815171237701,0.0036711618769196142
7928,0,0.0010069568557589206,0.0010554301540986154
7929,0,0.0011336212313646046,0.001247397509979642
7930,0,0.007336581754019751,0.007977992089141971
7931,0,0.006359659680366367,0.00586895872757636
7933,0,0.020896549265250943,0.03489403067269057
7934,0,0.1442956857375873,0.10103310913315375
7935,0,0.017769243221233223,0.019555266113894396
7937,0,0.03525574798962803,0.03675722291928067
7938,0,0.05667177370891382,0.04571204931231508
7939,0,0.04814817542900573,0.050364413391499094
7940,0,0.0382332886388043,0.05352985228938471
7941,0,0.000501304877223704,0.0003522421543387731
7942,0,0.00047223121606372793,0.00047480384316096844
7943,0,0.0005637067150187743,0.0006022294205996986
7944,0,0.0006099011579010827,0.0004723305281659491
7945,0,0.0009805590670085142,0.0014344567165619673
7946,0,0.0003725043467220638,0.00036049982060574136
7947,0,0.0005040180671635577,0.0003549553442786268
7948,0,0.001078423678816439,0.001336929139589959
7949,0,0.0005684577686164237,0.0004193950457314929
7951,0,0.0003158491437734288,0.000393858400352482
7953,0,0.00029995777643495827,0.00046429454771277896
7954,0,0.0002523309875415164,0.00031943714359111296
7955,0,0.00032673104299855055,0.0004910678142763712
7958,0,0.002004385189215225,0.001998144561081321
7961,0,0.0002648102224576402,0.00032447956917974904
7962,0,0.003128702473198742,0.003514354582529605
7964,0,0.0004627505730924866,0.0004653232001897271
7965,0,0.00038527737510070294,0.0005619873313273854
7966,0,0.00023164271037313093,0.0005940008175802067
7967,0,0.0004053874547066115,0.0003933829285902891
7968,0,0.0004096867689903032,0.0003976822428739808
7969,0,0.00039839954608197046,0.0005983480302207136
7970,0,0.0003285364209722761,0.0003941861984407579
7973,0,0.001596774668988828,0.001921984979873866
7974,0,0.0005276389052029883,0.0005751425110349971
7975,0,0.00035438821012761347,0.0003664288834483623
7977,0,0.0009208126182870045,0.0015374783741065687
7979,0,0.0011595654485182824,0.0010455395505741668
7980,0,0.0008561417939234172,0.0010266631264047971
7981,0,0.0004838080269820157,0.0003454726648263747
7982,0,0.0003721260464823301,0.0003841667198030789
7983,0,0.00040396403712875107,0.0004160047104494999
7985,0,0.00038605988436923324,0.0007484179915763089
7986,0,0.00035484489307851044,0.00041451423980061924
7987,0,0.00034722958999050134,0.00035927026331125016
7988,0,0.0004968939860657838,0.0003641031919769968
7990,0,0.00034877451159743254,0.000525484467824115
7991,0,0.0006983255322593578,0.0005982097657793759
7992,0,0.00043095003199513445,0.00044299070531588327
7993,0,0.002256455199208654,0.0025689950701425273
7994,0,0.0004762048194650475,0.00035812725166900494
7995,0,0.0006961228079495033,0.0007070996176346102
7996,0,0.0009319657626819558,0.0009976155401504375
7998,1,0.9059151703025071,0.9088979703710586
7999,0,0.002298043864559156,0.0029900673711783033
8000,0,0.0009754631930000954,0.001044550488959691
8001,0,0.0008663009469719674,0.0010103536641628322
8002,0,0.002261533875807893,0.0025706413419081036
8004,0,0.3338472452588561,0.3354044886661471
8005,0,0.0012112154433963046,0.0012385073048609891
8006,0,0.00039788669649391947,0.00046499285254351604
8007,0,0.0008655211046080323,0.0009744651993866102
8008,0,0.0007507963153843267,0.0009315835889953949
8010,0,0.00048465000087187645,0.000921872850529903
8011,0,0.02785538805455931,0.029209502506165996
8013,0,0.0066861540369012595,0.006755774660247192
8014,0,0.0011656587968426836,0.001546973950012206
8015,0,0.0013929405968419592,0.001433474317282428
8016,0,0.0012046640235790773,0.001275221515730278
8017,0,0.0009920057213228593,0.0009945783484200997
8019,0,0.0024980465448144976,0.0028025718020223598
8020,0,0.0005647446214421,0.0005814625140639412
8021,0,0.0053672989174779855,0.008002372164599985
8025,0,0.04167101202064289,0.04594116268793767
8026,0,0.13543616932885172,0.14532202157749496
8027,1,0.9571673516956052,0.9619010089443888
8029,0,0.09716555711368732,0.08395403191851462
8030,0,0.0002900751507520413,0.0005968977959485114
8031,0,0.0002547885970025301,0.0003253460891537308
8032,0,0.0005340820783128977,0.00039724319409596817
8034,0,0.00045502815877796106,0.00045760078587520157
8035,0,0.00034593471892128426,0.0004239439755003374
8037,0,0.0005022003288515072,0.0005047729559487477
8039,0,0.0010959073900415233,0.0014316315971093386
8041,0,0.00034922776490842823,0.0005135645361862489
8042,0,0.0051587210019689396,0.005500996261740804
8045,0,0.0005430151803010461,0.0008422276269795681
8047,0,0.00035113634936815435,0.0006716773676867277
8048,0,0.0003734462231253374,0.00043169930575244725
8049,0,0.0005670204859006903,0.000985003128055795
8050,0,0.0005679566456593004,0.0004286096920340631
8051,0,0.0008553701224416617,0.0011392444526163849
8052,0,0.0007230811852924608,0.0006625682545604827
8053,0,0.0009780836879607993,0.0012619580181355223
8054,0,0.001343448630868026,0.0016479738880758878
8055,0,0.0009453649456930707,0.0010518300587890816
8056,0,0.00029838169385865257,0.0005810567606526239
8057,0,0.00043301783010415924,0.00044366327860672624
8058,0,0.00034372457118406614,0.0006263996379780375
8059,0,0.0004942267830978538,0.0004967994101950943
8061,0,0.0006399097088678978,0.000593513709977951
8062,0,0.0003339169214881134,0.00045936305048577156
8063,0,0.0020930382189427187,0.0030264207446924047
8064,0,0.0003709943439750557,0.0004963046337573857
8065,0,0.000515071386194523,0.0003660086633095921
8066,0,0.0004865089040973624,0.0008915305209081549
8067,0,0.0010971054158570716,0.0015021270326678639
8068,0,0.0003452486078692223,0.0006635313772649867
8069,0,0.0009051467454918952,0.0012119693906883651
8071,0,0.0011144600118995884,0.0011082193837656847
8072,0,0.0009845732089994149,0.001085496713040567
8074,0,0.000520304412064478,0.0005082998859481556
8075,0,0.00041075261745546725,0.0006426748946345838
8076,0,0.0037554774845865455,0.003937618822793973
8077,0,0.003655368953704537,0.004588751479454223
8078,0,0.00045261773564228417,0.0007731587539608575
8079,0,0.0004292834082794898,0.0005506131282167241
8080,0,0.0004499435567394658,0.0004847010927469304
8082,0,0.0018936503086224646,0.0021845687845825964
8083,0,0.00076310572121066,0.001086148222462655
8084,0,0.0006181225277926836,0.0005510687994250927
8085,0,0.0006446374425677562,0.0004921278680787637
8086,0,0.0014220397302905268,0.0027670118404005536
8087,0,0.0005199644357286858,0.0005547219717361504
8088,0,0.0006894123920578317,0.0006223586636902407
8089,0,0.0019093532614224773,0.0027030983941021725
8093,0,0.0006146363826130183,0.0006252818311155853
8094,0,0.0005690911170120927,0.0006913453624333235
8095,0,0.004638726600647706,0.004921496982258888
8096,0,0.0015561879620066147,0.0016640056597247708
8097,0,0.0007699110877114916,0.0005931567453304452
8098,0,0.0012774442353315873,0.0013047360967962719
8099,0,0.0007169777279907906,0.0008314808733301537
8100,0,0.0008524036134998935,0.0012034771502993859
8101,0,0.000537722223687077,0.0005544401163089182
8102,0,0.0026591607940322694,0.0026705483107529004
8103,0,0.0015941737646902412,0.0016463227314901438
8104,0,0.0032475185971630963,0.0036045189620172837
8105,0,0.0009127628149837503,0.0010054890753184735
8106,0,0.0018075204589930627,0.0016575032573759494
8107,0,0.0015940654190044156,0.0019582159209353147
8108,0,0.0016592192008474571,0.002043754171261247
8109,0,0.0006599548971143912,0.0008614673202927679
8110,0,0.024904957978377926,0.024826855371163643
8111,0,0.14465527038509068,0.1154823814802376
8112,1,0.022915181776646035,0.02498244829214696
8113,0,0.001749170880418173,0.0018494407925516501
8114,0,0.0006464566026789314,0.0004939470281899388
8116,0,0.004150197932911858,0.004407937218728449
8117,0,0.004495797923691709,0.004780586269936967
8118,0,0.0006910954366068249,0.0007296181421877492
8119,0,0.002292656614754084,0.0022952292418513248
8120,0,0.0013388903991436952,0.0026019222176862982
8121,0,0.0021228944102403744,0.001926806151111406
8122,0,0.00036362786980480516,0.00036488506604071664
8123,0,0.00044376997749877615,0.0007367576554420498
8125,0,0.00033064016334679875,0.00039627981832303046
8126,0,0.00045066830586397997,0.0007436559838072535
8127,0,0.0010221371584935883,0.0010699965402407086
8129,0,0.0005462383676577854,0.0003929535441851863
8131,0,0.0007381856953668276,0.0010355592506446232
8132,0,0.0016775965452786737,0.002471341677958369
8133,0,0.0007444701491444634,0.0011799457589999356
8136,0,0.0006002876730899528,0.00036688085034062857
8137,0,0.0006726325829329404,0.00043922576018361615
8138,0,0.0003717055675176457,0.00036734044152557664
8139,0,0.0026588422778485938,0.003393722880339723
8140,0,0.000368094775315794,0.0006507698421097653
8142,0,0.00544510859979812,0.005742482155075916
8143,0,0.0011070479096276736,0.0011760113614923966
8144,0,0.0005733972792403854,0.0006997221161991558
8145,0,0.0004400601606729505,0.0005056998156491822
8146,0,0.0026113505152036078,0.0027347527071913953
8147,0,0.0005293324628509218,0.000607341719429975
8148,0,0.00047297333692068787,0.0005509825934997411
8149,0,0.0004803893520510989,0.000620054423696744
8150,0,0.0009614970546883791,0.001348454735394881
8151,0,0.0006384145626889214,0.000686273944436042
8153,0,0.0031820262131886856,0.0035689838938951874
8154,0,0.00043459986005362535,0.00046935739606108996
8155,0,0.001480592355779267,0.0018182874528281457
8156,0,0.0018497271814611267,0.002089829603066987
8157,0,0.0007508587140008011,0.0008444386923214713
8159,0,0.0007836027435202697,0.0011057341419570218
8161,0,0.0003529503871852063,0.0006412720510842109
8163,0,0.0006462245657704766,0.0004128177430211524
8165,0,0.0005201750801071422,0.0008028501469011135
8166,0,0.00041331338823560903,0.00044807092424307363
8167,0,0.0004946710675720589,0.0006170859366700949
8169,0,0.0011483399690679782,0.0012864589453160029
8170,0,0.0008552911036768566,0.0007232879770445248
8171,0,0.0007536717316419591,0.0008125263955194276
8172,0,0.00044963649542042073,0.000570966215357655
8173,0,0.0033555072236054885,0.0038306458704519377
8174,0,0.00048436655433617545,0.0006056962742734097
8175,0,0.002793412589213233,0.0036356424034158343
8176,0,0.001502511648426109,0.001799990132250497
8178,0,0.0011721106402022988,0.0010996674870148019
8180,0,0.0006958457890297288,0.0005467830661447979
8181,0,0.0012815283468186746,0.0010931936616438724
8182,0,0.0030155359647362845,0.003434153173231935
8183,0,0.0005676807394322413,0.000769193162610618
8185,0,0.006896669589882454,0.007202528148850327
8186,0,0.0009470658692177052,0.000682898273093817
8187,0,0.004599178352658727,0.004939841544915968
8188,0,0.00260089197728132,0.00221417014375305
8189,0,0.002819373447845198,0.0029456982848039687
8191,0,0.03669719592483443,0.04153108771188434
8193,1,0.9873450422039762,0.9879565419249354
8194,0,0.24638988253141547,0.15652269378342493
8195,0,0.05729365771048791,0.06480545787927357
8196,1,0.9771299788392298,0.9772562833136196
8197,0,0.04415073708768037,0.04497097861144732
8198,0,0.025898633373629423,0.03171109865149735
8199,0,0.25275985226248987,0.21276953581589825
8200,1,0.07184656453505926,0.08616039299050667
8201,0,0.0005129574154311759,0.0007228720090184524
8202,0,0.00043354718918578287,0.00043480438542169435
8203,0,0.0003487367980012171,0.00047006651793845135
8204,0,0.0002835234957871709,0.00040485321572440513
8205,0,0.5028088965106985,0.5027927966957133
8206,0,0.0005413346979191969,0.0005891940796663174
8207,0,0.0004117345789442769,0.0004223800274468439
8208,0,0.0004140192904166152,0.0004246647389191822
8209,0,0.0005167398428879271,0.00035113904867166326
8210,0,0.0013545492651812203,0.0017900248750366923
8211,0,0.0011061065460908376,0.0014467697383480794
8212,0,0.0003140978233644741,0.0004555198901898217
8213,0,0.001589387560431595,0.0018294899820374554
8214,0,0.0002934410171625039,0.00043304264774256956
8216,0,0.00040239004180156197,0.0005522720187417484
8217,0,0.05781550041063424,0.05939107465250411
8220,0,0.0003893282553968162,0.0003999737038993832
8221,0,0.00030110860938266745,0.0005944150649497837
8222,0,0.0005440513918320008,0.0009601483311149143
8223,0,0.0003638862686297788,0.0003651434648656903
8225,0,0.00023430734984230856,0.0003220360184447506
8226,0,0.0003390105589928515,0.0006323170145599678
8227,0,0.08066049181340121,0.08058158655666352
8228,0,0.0006115461578023522,0.0004399054937549658
8229,0,0.0007410508719381733,0.000716292212683824
8230,0,0.0006349700068452503,0.00100850470276677
8232,0,0.0007853408177292531,0.0008689338346434665
8234,0,0.00024558171768028085,0.0003333103862827229
8235,0,0.00028598097558290745,0.00037370964418534944
8236,0,0.0003862085036145035,0.0005436990281139815
8237,0,0.0004917035759694652,0.0003261027817532013
8238,0,0.0031889161472653097,0.002974615091025992
8239,0,0.00047509609428596623,0.00048574154278853323
8240,0,0.0019277087385456727,0.002739556009110444
8241,0,0.0003159179109160967,0.00040364657951853875
8243,0,0.0006948045276034247,0.0010425656382186941
8244,0,0.003921382719573918,0.00473322999013869
8245,0,0.0005075569560670324,0.0006527965593108077
8246,1,0.9691124200082321,0.9693335897207764
8247,0,0.000456178745196208,0.0007494852007633243
8248,0,0.0009709388815162491,0.0007386115491588533
8250,0,0.0009438051079672116,0.0010890447112109868
8251,0,0.0008311097673246942,0.0011284833226024899
8253,0,0.0005169290899241675,0.0008102355454912837
8255,0,0.0004001971952132552,0.00039583206922118617
8256,0,0.0004316463861592688,0.0005193750547617109
8257,0,0.0017450959096260853,0.002556943180190857
8258,0,0.0003356133278605019,0.00047703539468584954
8259,0,0.0003267655471702236,0.00041449421577266564
8260,0,0.0005812449492152661,0.00041564415499900225
8261,0,0.0016814765738210695,0.0027644497237377685
8265,0,0.0008834966682135546,0.0012438429148405642
8267,0,0.0014279729183869685,0.0017663190917390553
8269,0,0.0006450221407703042,0.0008525408419088483
8270,0,0.001126963205760228,0.001263074488764513
8271,0,0.0008150289504494646,0.0010225476515880085
8272,0,0.0019189514249599692,0.003870987932065751
8274,0,0.002118946553981337,0.00238049063788136
8276,0,0.0032131950453607445,0.0035023673118721203
8277,0,0.01257103553711909,0.013653601945906427
8278,0,0.5161587596932738,0.2984440295156276
8279,0,0.06663054399017804,0.039412774477663164
8280,0,0.027258539044208604,0.06498356049063128
8281,0,0.030374278227500703,0.035232734355638395
8282,0,0.050794299792757056,0.05019667863233621
8284,0,0.017821223103398953,0.018732762920192145
8286,0,0.0006455189890184052,0.0009689664460143691
8287,0,0.0004822688655758028,0.000316668071359539
8288,0,0.00029481413631634316,0.00044174260347369984
8290,0,0.0005333924047976285,0.0005812517865447491
8291,0,0.0003532675504878177,0.0003545247467237292
8293,0,0.00035324799587135625,0.0005031299728115426
8294,0,0.00041710205918966167,0.0004989045063886854
8297,0,0.0005742037238097962,0.0009903006630927096
8298,0,0.0008328654469514526,0.0009742875137768003
8299,0,0.0004787242780890915,0.000526583659836212
8300,0,0.0003533521412863306,0.00034898701529426156
8302,0,0.0002023524281276782,0.00029008109673012025
8303,0,0.0003268259132499211,0.0006408146792574429
8304,0,0.0003890121359641882,0.0003996575844667552
8305,0,0.00030972724947997394,0.00046721777397945206
8306,0,0.000814271431951687,0.0011064121698246057
8307,0,0.0004840590779290197,0.00031845828371275585
8308,1,0.9432902538364045,0.9390763163480561
8309,0,0.0007487279581839782,0.0008323209750981916
8311,0,0.0004282083078509413,0.0004388537563535083
8314,0,0.00038994492246320584,0.000494782811017042
8315,0,0.0006290933517587626,0.000465289139805284
8317,0,0.00043594936575509834,0.0005811889689988736
8318,0,0.0004412094655571737,0.0004368443395651046
8319,0,0.00046519755862621564,0.0002995967644099518
8320,0,0.003206911151404068,0.002768615464436806
8324,0,0.00048379767748166257,0.0004944431259842296
8325,0,0.0009506924065007785,0.0010188604322071174
8326,0,0.00043727648852861275,0.000582516091772388
8327,0,0.0005342758112222595,0.00036867501700599563
8328,0,0.0011849873853646549,0.0030585118869014207
8329,0,0.0013984129836526035,0.0030221494998583496
8330,0,0.0008033893352998663,0.001103754114105352
8331,0,0.0005726643945542327,0.0008659708501213489
8332,0,0.0019821786454466772,0.0022745170736456115
8333,0,0.0005015343818372749,0.00033593358762101105
8335,0,0.0005514576360423076,0.0005621030845448746
8338,0,0.0003382143256775972,0.0004404188993807824
8339,0,0.003268816878631222,0.003361218136115039
8340,0,0.000542960268729852,0.0003662059263488056
8341,0,0.0004949430038929001,0.0005055884523954671
8342,0,0.0021530859026295843,0.0022888924480590957
8343,0,0.0005491002523556864,0.0006943398555994617
8344,0,0.0005855076014728503,0.0009498999604259805
8345,0,0.0005576258936406651,0.0005856536634088364
8346,0,0.0006060837290525975,0.000692202683507315
8347,0,0.0007438205977200032,0.001057809363727525
8350,0,0.0006646769196595012,0.0009902897828951921
8352,0,0.007286740564172167,0.007575912830683543
8353,0,0.001263122028610599,0.0015564284841777152
8354,0,0.007183379758429866,0.0071986193261023125
8355,0,0.003219333177343956,0.0030472055450751255
8356,0,0.002414673217639421,0.0025829632650490875
8358,1,0.003444274834654837,0.0037147443041222828
8359,0,0.0003507843238319243,0.00049038595441199
8360,0,0.00041575225392687646,0.00042639770242944346
8361,0,0.0005285491963680093,0.0003629484021517455
8362,0,0.00041837704853928126,0.0007465480752401034
8364,0,0.00037329720646323564,0.0003689320804711666
8365,0,0.0009160350403345285,0.0013669549724487598
8366,0,0.0003937972406938044,0.0004044426891963714
8367,0,0.000582528943500421,0.0009354692142736229
8368,0,0.0007962860468052157,0.0010886244750041498
8371,0,0.00035469506592947437,0.00035032993993740533
8372,0,0.0006704283355195594,0.0008434259330551517
8373,0,0.0003657045797654605,0.0005119394344453084
8374,0,0.0018209485931480868,0.002435988683611217
8375,0,0.013696769138628107,0.01594329113112868
8376,0,0.0009543565614839843,0.0011730267292370303
8377,0,0.0028182019303034317,0.003058304351909292
8378,0,0.0015652254928902706,0.002507874032064717
8379,0,0.00426802080275926,0.0057899620249974365
8380,0,0.0003174135440870523,0.0006314023100945741
8381,0,0.0006901886886435482,0.0009977437665900364
8382,0,0.00024603612829097256,0.0002951391812709615
8384,0,0.00031821330013925457,0.0006115197557063708
8385,0,0.0003096616779002821,0.00035876473088027104
8387,0,0.0004113154552084038,0.0004219609037109708
8388,0,0.0018534786342301222,0.003160113478002825
8390,0,0.00033178805405583437,0.0003808911070358233
8391,0,0.005259643379577669,0.006729085163811874
8392,0,0.0006278103636023134,0.000704675673877081
8393,0,0.0005401425558291891,0.00037454176161292517
8394,0,0.0011608620097887648,0.0014930546566000542
8395,0,0.0004387305790943491,0.00043436545310228007
8396,0,0.0005847918968215409,0.0008630386271619378
8397,0,0.00039057213622991553,0.0003862070102378465
8398,0,0.002079878452943092,0.0023874335308895806
8399,1,0.9617299652587512,0.9578706985887543
8400,0,0.002170500633233907,0.002982347903798678
8401,0,0.0005157176026879709,0.00035011680847170704
8402,0,0.0005566708632966432,0.00039107006908037936
8403,0,0.0021353147591664286,0.002866693265233089
8404,0,0.0005135920835523673,0.0006598269382322153
8405,0,0.0003678123928939495,0.0004169154458739385
8406,0,0.0005482280146241144,0.000371473672243068
8407,0,0.0019243775155741074,0.0021302126983964173
8408,0,0.0032810071887054114,0.004012385694772072
8409,0,0.0004510863930496232,0.0004467212670575541
8410,0,0.0028614351314515396,0.002953386638672618
8411,0,0.00044649281661526916,0.00048125035262273376
8412,0,0.0005991776425386612,0.0008924840981057774
8414,0,0.00083944235935069,0.0007992587088884661
8415,0,0.001286546547871563,0.0015757188143829387
8416,0,0.0008578577069661606,0.0011540591437427402
8417,0,0.00036142071854647275,0.00046362529224965797
8418,0,0.001076145158980783,0.0012175672258061306
8419,0,0.00415181497527188,0.004504755246045082
8420,0,0.0005199962165417626,0.0005957428775115774
8421,0,0.0006408716287422504,0.0004752708345259866
8422,0,0.00048391038474084513,0.0005637576244185713
8423,0,0.00767391942512877,0.008988607724065244
8427,0,0.00046180119971925775,0.00048025352968679284
8428,0,0.0006932830770313158,0.0007432887633952914
8429,0,0.0018028910462572932,0.0016394329729939655
8430,0,0.0006582383120397776,0.0004926375178235138
8431,0,0.00667796570738752,0.008051172456284486
8432,0,0.002587228474690312,0.0035115009605933348
8434,0,0.0004764480205675467,0.0006753229444220593
8435,0,0.005821751798241428,0.0062119998554142335
8436,0,0.0014409755072859233,0.0015862151105296984
8437,0,0.0014225309244181483,0.0018158912480564047
8439,0,0.012788841204043815,0.016559394180193206
8440,0,0.015952759550795326,0.019896049312344122
8441,0,0.0018818332571407064,0.0027440331688786566
8442,0,0.00043231365377016185,0.00042794852777809287
8443,0,0.000223071480183428,0.00031080014878587004
8444,0,0.0003552336410906735,0.00035086851509860445
8445,0,0.000457646575722181,0.0004589037719580925
8446,0,0.0003015001030609075,0.0004411017336409731
8447,0,0.0003569203856055214,0.0006098993323227553
8449,0,0.0003547370485643119,0.0006077159952815458
8450,0,0.0024689319715252,0.002775302650442707
8451,0,0.00037306584912632704,0.000368700723134258
8452,0,0.0004058596836389535,0.0005557416605791399
8456,0,0.0029669353759411844,0.0032070377975470447
8457,0,0.0003111391205264311,0.0006044455760935473
8458,0,0.0006071546415388653,0.000951686913706761
8459,0,0.0009122416780839161,0.0007625178674952513
8460,0,0.0014638666825935675,0.0018116277932088368
8461,0,0.0016212392076896441,0.0032243911681686726
8462,0,0.00044062044252948383,0.0007728130893407732
8463,0,0.0004271870282531904,0.0004378324767557574
8464,0,0.0007500459143479528,0.0012067477895780993
8465,0,0.0010331157179132603,0.0013860559886864623
8466,0,0.0002724108654748489,0.00032151391845483784
8467,0,0.0003153239922540266,0.00036442704523401555
8468,0,0.00040216434272995655,0.00040342153896586803
8470,0,0.016416064883922273,0.018609103675976773
8471,0,0.00042988455471677556,0.00044053000321934256
8473,0,0.0005212775233670957,0.0003556767291508318
8474,0,0.000602950364369899,0.0010190473036528127
8475,0,0.0005612738891327439,0.0003896332250853576
8476,0,0.00042435075318959846,0.0006773296999068322
8478,0,0.00029521216533135526,0.0004366342321567029
8479,0,0.006777132752208884,0.00795347288096119
8480,0,0.0003962361410372572,0.00039187101504518815
8481,0,0.0009470858366191793,0.0010866874671992448
8482,0,0.0007308097168193776,0.0010982132931856925
8483,0,0.0008124270140277097,0.0010654059607449434
8484,0,0.0004341326377933025,0.0007528891417957575
8485,0,0.0008602188665861748,0.001072277901629407
8486,0,0.0007114170256979095,0.0005397763616505232
8487,0,0.00042004892295337184,0.00039805981920305183
8489,0,0.002296006046809319,0.0022953611822292257
8490,0,0.0005193937477259513,0.0005690876574572798
8491,0,0.0026201219366673066,0.0034286275886260885
8492,0,0.0003644957292238764,0.0004135987822038653
8493,0,0.000508695437344624,0.0006539350405883992
8494,0,0.0005904564503008013,0.0004137021079197549
8495,0,0.00044517873951035894,0.0005847803700904246
8496,0,0.002017199094124935,0.0023761763567585565
8498,0,0.0003282014524556081,0.00043040602615879327
8500,0,0.006562145360219933,0.006862448567971753
8501,0,0.005223911464871602,0.005166720111615052
8504,0,0.00048214622382830336,0.000516903759835768
8505,0,0.0006773448416618702,0.000753091502631685
8506,0,0.0005236368666591606,0.000561723572508093
8507,1,0.0005248075312705221,0.0005484592979183218
8510,0,0.005369229094855767,0.0056737624889937905
8511,0,0.0008871126178537751,0.0007154719538063888
8512,0,0.0006397386547951304,0.0007859735094749783
8514,0,0.0009665804870714079,0.0007782458018966057
8516,0,0.0007186765825036619,0.0009111124963607788
8517,0,0.007997608043605272,0.008003972748208575
8518,0,0.0025124084315143514,0.0025001865473614185
8519,0,0.015070077288905104,0.015420155289942375
8520,0,0.0018732608378420963,0.0017016901893444733
8522,0,0.02146476147563139,0.0232698516223082
8523,0,0.0002439679621650838,0.00040250834208515116
8524,0,0.00024275743594827254,0.00028083130753520357
8525,0,0.00038393658170449537,0.0007185795323768267
8526,0,0.0012767233201357166,0.0018445565397994686
8528,0,0.0005931790477734944,0.0004275782535572305
8529,0,0.0005866216559574962,0.00042102086174123233
8530,0,0.0017497872690606143,0.001578146605013228
8532,0,0.0004570392500581731,0.00046768469856074007
8533,0,0.0016293513238269234,0.0022717180247850666
8534,0,0.00025029013846658696,0.0002993931914465759
8535,0,0.0006419584381307648,0.0006772656624683075
8536,0,0.0004221899508999919,0.0005039923980990156
8537,0,0.0005181318742243199,0.0005659912559714404
8538,0,0.0005673537441450878,0.0009151148547603572
8539,0,0.0006948708719873094,0.0005292700777710456
8540,0,0.0005233798927385924,0.0003577790985223285
8541,0,0.0007753890245817646,0.0006008152186777914
8542,0,0.0005847787606422392,0.000873951027153615
8543,0,0.0002562062475948381,0.0003674944307296929
8544,0,0.0014379370897908248,0.0024079835868838152
8545,0,0.000513803804922331,0.0008727810675559524
8546,0,0.0005792468206002436,0.0009331600905443862
8547,0,0.0005400369314536449,0.0006486429116892801
8548,0,0.0005618815497238977,0.0005101993805838596
8550,0,0.0003569628170824419,0.0006554970059378664
8551,0,0.0004303551965416527,0.0004800491062729812
8552,0,0.0005915302297709538,0.0004198895657235675
8553,0,0.0005944099636445145,0.0004227692995971281
8554,0,0.0002761414614811196,0.0003252445144611085
8557,0,0.000487420514488013,0.00032181972027174913
8558,0,0.0005273938641934662,0.0008620368148657974
8560,0,0.00033808178262811477,0.0003871848356081037
8562,0,0.002664332811163802,0.002485290625228971
8563,0,0.0016588145496981995,0.0018989169713040598
8564,0,0.0005508681776413436,0.00038526738342507973
8565,0,0.0006070940733691691,0.00043252026746519597
8568,0,0.0009453647126268011,0.0009801222486342657
8570,0,0.0008036008330994816,0.0006502781989922642
8571,0,0.000509474529419521,0.0003438737352032572
8572,0,0.001671387591878216,0.0018443851894138085
8573,0,0.00028317604594834273,0.00039446422908319753
8574,0,0.0003192942380498535,0.00043306364702940615
8576,0,0.0007215713134447648,0.0005465814137246155
8578,0,0.0004317140325712104,0.0007302482214266348
8579,0,0.00040015197570629794,0.00044925502868628693
8580,0,0.0003530417660631469,0.00046681117504269955
8581,0,0.001466312281160135,0.0017850687851625902
8582,0,0.0007700585726274166,0.0006870475239039305
8583,1,0.9653753989156244,0.9597491437692434
8584,0,0.0007106390306284388,0.000786070149152769
8586,0,0.0011442692007398374,0.0030126749171070274
8587,0,0.0005040562015185418,0.0005147016500211088
8588,0,0.000333963463282048,0.0004477328722616006
8589,0,0.003214254856868829,0.002567222624479285
8590,0,0.0005402881864507072,0.0006137956044789269
8591,0,0.000651122890086129,0.00048552209586986517
8592,0,0.00040068882612919355,0.0004405394157736226
8593,0,0.0007673232879277275,0.0010837454569392624
8594,0,0.0004795147175738839,0.0004751495915818148
8595,0,0.0015103179535741731,0.0023187477740883554
8596,0,0.0005374084224075837,0.0005330432964155147
8597,0,0.00964297319713284,0.00991625857963217
8598,0,0.0020358827929519148,0.002564264852106512
8599,0,0.0007862853184366829,0.0005152533970656949
8600,0,0.0012338551893221117,0.0009523244410442161
8602,0,0.005397880008348368,0.006303988181772761
8603,0,0.012414779498608156,0.020400076266229916
8604,0,0.06100587922089265,0.04913000608969838
8605,0,0.5959853494449247,0.5961580800131144
8606,0,0.007305429896070223,0.011577216108581836
8608,0,0.3268858769916411,0.33463430241547176
8609,1,0.9078945190177061,0.9063815946553024
8610,1,0.00744767152279755,0.013034638047746003
8611,0,0.0004162960527169165,0.000714830241572341
8612,0,0.0003431394853486921,0.00044797737390252825
8613,0,0.0004777939977491402,0.0005256533794962608
8614,0,0.0007049124255603907,0.0010022859808381864
8615,0,0.0002858541265307011,0.0003996235355102537
8617,0,0.0014374152676698692,0.002225435174623683
8618,0,0.00034734419532481614,0.00045218208387865226
8619,0,0.000390436653417956,0.0003916938496538675
8620,0,0.00048817988906053596,0.0003225790948442721
8621,0,0.00048025410225664017,0.0003146533080403763
8622,0,0.0005110700076101628,0.0005589293893572833
8623,0,0.00044968251861472844,0.000497541900361849
8624,0,0.0005515176035794376,0.00037987693953205125
8625,0,0.00027963076782837413,0.0003961030466017621
8626,0,0.00035062300823906524,0.0003462578822469962
8627,0,0.00130561787612395,0.0013892108930381635
8628,0,0.0018381989198428435,0.002808245416935834
8630,0,0.00035884271961745536,0.00035447759362538633
8631,0,0.0016679992914032308,0.003278090296243717
8632,0,0.00047319407588811884,0.000307593281671855
8633,0,0.0003610386954083202,0.0003566735694162512
8634,0,0.0011418557194467702,0.0024254387820098265
8635,0,0.0005969468377139674,0.0010234098560240664
8636,0,0.0019802093352539723,0.0023391865978875936
8637,0,0.0003847439148303653,0.0003860011110662768
8638,0,0.0002879489917970634,0.00033705204477705236
8639,0,0.0014003980894059186,0.0015116862725407733
8641,0,0.0007972646604899092,0.0010093236955331412
8642,0,0.0013043435738355658,0.002907495534314594
8644,0,0.0005120351817936456,0.0005467927178011102
8645,0,0.000276365882421401,0.00032546893540139
8646,0,0.00031042190539447523,0.0006089560942498997
8647,0,0.0003287788863822374,0.00044525116515562536
8648,0,0.0005134803817426875,0.00034787958752642367
8650,0,0.013576090432078563,0.016758726496865186
8651,0,0.0006278818149462984,0.00047455918083908106
8653,0,0.00048732309311160047,0.00032172229889533663
8654,0,0.001967624641804609,0.0026099913427627516
8655,0,0.0007950539716278967,0.000864535213855955
8658,0,0.0011431433513345614,0.0016126756179153175
8659,0,0.0005808785101937801,0.0008794126990492046
8660,0,0.00208421415079266,0.0030542606478856506
8661,0,0.0019578702761695915,0.002927916773262582
8663,0,0.0004054411944089065,0.0004401987304163711
8665,0,0.0018853866102135854,0.0025277533111717283
8666,0,0.001750754798266274,0.0019562931416765503
8667,0,0.0005274729210053444,0.0008081032255759779
8668,0,0.0004708451451918269,0.0004814905936943939
8669,0,0.0005127142273383385,0.0006174511006370451
8670,0,0.0004019642721438932,0.0005791884363531883
8671,0,0.0016600484704272639,0.0014850585707071146
8672,0,0.00043065562258561355,0.0004791598909525961
8673,0,0.0019502423381513151,0.0030631809468618897
8675,0,0.006646831404049542,0.006466593471216954
8676,0,0.0009758550156715169,0.0013297682856156594
8677,0,0.0006252435271420049,0.00044848918476095853
8678,0,0.007448001405168352,0.007864114615008978
8679,0,0.0007450115425146004,0.0008121027214021558
8680,0,0.0008427444565957874,0.0008658047375548289
8681,0,0.00090106535140519,0.0007354645571889262
8682,0,0.0023143136999306223,0.00273271963152907
8683,0,0.0026094383645467144,0.0033443189670378432
8684,0,0.0023144525345717365,0.0020319142098652494
8685,0,0.0006997224522979464,0.0010266613835921926
8687,0,0.0005506145569251504,0.000664383965904703
8688,0,0.0010940504334206655,0.000754296306115596
8689,0,0.047900740033121655,0.03984219374891666
8690,0,0.05536606140232739,0.044095257666698674
8691,1,0.012713852479618341,0.029563397191360745
8693,0,0.0003841840776478052,0.0003798189516557362
8694,0,0.0004517449149378565,0.00028614412072159267
8695,0,0.0003977661650054254,0.0003990233612413369
8696,0,0.00039668598940128776,0.00040733143790385476
8697,0,0.0005715233725002672,0.0008949708294962311
8698,0,0.0003391653156418541,0.00045045349877670897
8699,0,0.0017313370691338353,0.0013278838840151486
8700,0,0.0004616085808672972,0.00029600778665103336
8701,0,0.00038025830060757406,0.00039090374911014106
8702,0,0.00039726754459345234,0.00040791299309601934
8703,0,0.0005321615464848543,0.0008911388091184756
8704,0,0.0013395283211325773,0.0022456364945569705
8705,0,0.000570404519662252,0.00048444651061619253
8706,0,0.0007367105155275997,0.0012062427821083559
8707,0,0.00110411966545593,0.0023877027280189865
8708,0,0.000269320174255508,0.000385792453028896
8709,0,0.0015473092672465773,0.002517355764339568
8710,0,0.0002686995321438101,0.0003824689411233627
8711,0,0.0004841710235605266,0.000324751056078845
8712,0,0.0002521739791744481,0.0004225140223076502
8713,0,0.00029475335599056415,0.0006135098599930192
8714,0,0.000959406327685297,0.0006994111138265654
8715,0,0.00041832341974227643,0.0009595040477434207
8717,0,0.0003504391291675511,0.00035169632540346256
8720,0,0.00039072200881206764,0.00040136745731463464
8721,0,0.000488327983531787,0.0003227271893155232
8722,0,0.00033066906652858225,0.0004311953944095505
8723,0,0.0010895247800291991,0.0028958046650494
8724,0,0.00033072559598210604,0.0006354611165218583
8725,0,0.0003253391107143208,0.0004418113894877088
8726,0,0.00041404625606713955,0.00042469170456970655
8727,0,0.00022717543153717376,0.0003149041001396158
8730,0,0.001062357706724702,0.0023828784725832986
8731,0,0.00025771113633068403,0.0003689993194655389
8732,0,0.000461461121454729,0.0007961040721270602
8733,0,0.00039366963095168925,0.00039492682718760073
8734,0,0.00036537983369420854,0.0004795061509063613
8735,0,0.0004998044408726809,0.0006790772283811568
8736,0,0.0017711391962809842,0.002677247369705377
8737,0,0.00041041407121004763,0.00044517160721751223
8738,0,0.000399995133391007,0.00039563000739893797
8739,0,0.0003856748152749781,0.0004969629984098329
8742,0,0.00040607637899099024,0.0007046105678464147
8744,0,0.0012212410432426394,0.0028449775594483855
8745,0,0.0006363016238667271,0.0010317570015724326
8746,0,0.0006481143379735025,0.0009382300807214818
8747,0,0.00046506752551560076,0.0005147614352469293
8748,0,0.0004890679444769135,0.00032346715026064965
8749,0,0.0007953843641586149,0.001099142144853878
8751,0,0.003428731500040857,0.00354250090902041
8752,0,0.00034238288366395247,0.00045885516243734047
8753,0,0.0014711566209577244,0.0014973861749785844
8754,0,0.0003911374885730372,0.0004933420622762224
8755,0,0.001556009321156555,0.0019247250444351424
8756,0,0.00043540339254812736,0.0004310382665560584
8758,0,0.0006319546949591298,0.00046635390074286595
8760,0,0.0013439404819092452,0.0020856255538797787
8761,0,0.0008133717887734019,0.0011623812679270962
8763,0,0.0033363857953770887,0.00369536305801071
8764,0,0.0005353411210101429,0.0005751917106545719
8765,0,0.0006979284931940468,0.001016684997196502
8766,0,0.0033780351766488103,0.004391901297536676
8767,0,0.002363340400541053,0.003006962370479197
8768,0,0.00476119339527839,0.004518058891604604
8769,0,0.0049481736187906205,0.008133490680039941
8770,0,0.00044297840982960115,0.0005451829835327863
8771,0,0.0065372121916312245,0.005774206891449009
8772,0,0.003516400323567488,0.0038224954741544466
8774,0,0.00032047461062081244,0.000439307121444027
8776,0,0.0002875601990351853,0.00040403247780857333
8778,0,0.00041098113593075535,0.00042162658443332235
8779,0,0.00040893343339145277,0.00041957888189401977
8781,0,0.0015897768186832625,0.0022321435196414057
8784,0,0.003361668428085566,0.00382178292323736
8785,0,0.0005525879093017546,0.0004666299002556951
8786,0,0.00039744745857729353,0.000398704654813205
8787,0,0.0012560327390177834,0.0028797692552235293
8788,0,0.0003622712104675868,0.00047087719070322206
8790,0,0.0003887800673965902,0.0003994255158991572
8791,0,0.0005920910592339053,0.001018554077544004
8792,0,0.0006925067038006571,0.0007760997207148706
8793,0,0.0007000089041723967,0.000939099032919558
8795,0,0.0004742788584180571,0.00030867806420179324
8796,0,0.0002730763766540271,0.00032217942963401605
8797,0,0.0007199018682576327,0.0005743360743416818
8798,0,0.0003524938501897163,0.00046378203332457117
8799,0,0.0004452286476933706,0.0004558740961959376
8800,0,0.00048349080119236315,0.0003178900069760993
8801,0,0.00038356536675398866,0.0004884032553078248
8802,0,0.0003055283278600073,0.0004168165109948621
8803,0,0.00039975005671016904,0.00041039550521273604
8805,0,0.006017868360289108,0.008274124742148762
8806,0,0.0004018232622736174,0.0004124687107761844
8807,0,0.0005110710422864059,0.0003454702480701421
8808,0,0.0003697579322210972,0.0003653928062290282
8809,0,0.0014895895603287133,0.002101119543142258
8810,0,0.0004687167943594537,0.00030311600014318985
8811,0,0.0004885904092610205,0.0003229896150447567
8812,0,0.0009379635889610603,0.0009335984629689912
8813,0,0.0016050225305600037,0.0018971632684329225
8814,0,0.00038795606868519974,0.0003892132649211112
8815,0,0.0006777576215024708,0.0005061169574550844
8816,0,0.0008722534330745165,0.0010461085986345241
8817,0,0.0009245779824949073,0.0013941102490756634
8818,0,0.002093519538074081,0.002668269757009514
8819,0,0.0004320737035539678,0.0005055811215821874
8822,0,0.0004938601727666099,0.00032825937855034603
8823,0,0.0006330767778538127,0.0004614361138064264
8825,0,0.0006016045140527736,0.000868355918485696
8826,0,0.0004189474893864384,0.0004295929378890054
8828,0,0.0006461918294609929,0.00047455116541360656
8829,0,0.00038866036929545623,0.0005024297782750089
8831,0,0.0005653698569009892,0.0007100169025661911
8832,0,0.001451942009225721,0.0012262156989483654
8834,0,0.0010726917459336666,0.001371225934789091
8835,0,0.0007884583521477916,0.0006168176881004053
8837,0,0.0020607131253389827,0.0021693191055746183
8838,0,0.001191230770153459,0.001201876218656026
8839,0,0.0025810742868734938,0.0027671289122822356
8840,0,0.0012800012409357893,0.0026725022679694255
8841,0,0.0006918134926472672,0.0010219355459689017
8844,0,0.00048243683475175886,0.0005989091135251469
8845,0,0.0006715598826627965,0.0007720862105437648
8846,0,0.18563061557388633,0.17863568183892303
8847,1,0.8522729886892059,0.8580236725673753
8848,0,0.00021408458877427986,0.0003018132573767219
8849,0,0.0006482772609900866,0.0005800137556828874
8852,0,0.00025355865972249574,0.0003648468428573506
8853,0,0.0002635778722379356,0.00038005015101132356
8855,0,0.0005124631042565607,0.0009389261225666596
8856,0,0.0004855482566825837,0.0004338660875425456
8857,0,0.020956904041681577,0.023132832177413902
8859,0,0.0005569148587916011,0.00038691511917285577
8860,0,0.00033597736104587863,0.0004501036782580314
8861,0,0.0003880529414873088,0.0003986983899898758
8864,0,0.0009777520664831193,0.0010697035737041974
8867,0,0.0005297004976469863,0.0009561635159570851
8868,0,0.0002677565207959146,0.0003842287995693026
8869,0,0.0006136838550901541,0.0004420431910427678
8870,0,0.000350496468306164,0.0006490306571615884
8872,0,0.00035564187963525295,0.0003512767536431839
8873,0,0.0002427517098132204,0.000361584220636435
8874,0,0.00029850973441008144,0.0005970439232655058
8875,0,0.0004074340963498155,0.0005122719849036517
8876,0,0.0015542373484799196,0.0021966040494380626
8877,0,0.00044192797901826484,0.0004431851752541763
8878,0,0.0003749605014598385,0.00047979839001367465
8880,0,0.00033841741422376275,0.00045488969299715075
8881,0,0.0004246539158962475,0.0004352993643988145
8882,0,0.0003296823994242749,0.0006282165882796993
8883,0,0.0013045273603852475,0.0018418314255533891
8884,0,0.0005112642551316369,0.00034566346091537316
8885,0,0.00040545356245420605,0.0007039877513096305
8886,0,0.00043019960020151564,0.0007108299047721492
8887,0,0.0005416826310043457,0.0008604391350068006
8888,0,0.0005873140241795695,0.0008858482130349939
8889,0,0.00033424738507909185,0.00045071966385247986
8890,0,0.0015526380976050714,0.0014070723036891206
8891,0,0.0005261499857243493,0.0003605491915080855
8892,0,0.000776359598129837,0.0011631756942380132
8893,0,0.0009874106583756851,0.0012859448472311097
8894,0,0.0013641557976547182,0.0029673077581337465
8895,0,0.0005529954786038285,0.0003762411362227821
8896,0,0.00041986915139997807,0.0007184033402554025
8897,0,0.0003938618939320726,0.00038949676794000355
8898,0,0.0005024591422414874,0.00032570479986044097
8899,0,0.0005441428593732235,0.00037854206515695963
8900,0,0.006118718529285925,0.006508673702094283
8901,0,0.0011230383751805423,0.0015257619988805929
8902,0,0.0007806823637191026,0.001019772492466264
8903,0,0.00044585844063277515,0.0005506963291866113
8905,0,0.00044131431791815875,0.0007600708219206138
8907,0,0.0004111536695983897,0.0005249230785779423
8909,0,0.00062994387979058,0.0006796377895219085
8910,0,0.00048709391898838796,0.000526944508632817
8911,0,0.0005730763343582056,0.0006078338703656702
8912,0,0.003516983065758179,0.0037698090342052843
8914,0,0.0042990562383818575,0.004476280402591153
8916,0,0.005031544666389915,0.005189356491155011
8917,0,0.013445886607108428,0.013816176142287077
8918,0,0.001361492167150796,0.0013721376156533628
8919,0,0.0015313463780630317,0.0015087497031233842
8920,0,0.007868143380932476,0.008137872857243345
8923,0,0.0014810263727028463,0.001577695826730154
8925,0,0.0012512630406405158,0.0013544282858593882
8926,0,0.0014956680182433245,0.0015596830041865943
8927,1,0.9037213676190282,0.9098081323389959
8929,0,0.005198380266909034,0.009805530266252754
8931,0,0.0002789394544236271,0.00039541173319701506
8932,0,0.00045833460407891603,0.0007389649086495495
8933,0,0.00032731362886212077,0.0006258478177175453
8934,0,0.00026377157327160737,0.0003802438520449953
8935,0,0.00026010772139879946,0.0003092107743787884
8936,0,0.00033504823459742195,0.0007093519736835517
8937,0,0.00025224154823164953,0.00030134460121163846
8938,0,0.0014798905044267553,0.002449937001519746
8939,0,0.0002407199649807526,0.00028982301796074154
8940,0,0.0006580317414484531,0.0005897682361412537
8941,0,0.00032328414660827095,0.0004962817441438632
8942,0,0.0004841171733878454,0.00031411743376910005
8943,0,0.001307072766311076,0.0015598987347581815
8944,0,0.00040864582642809074,0.00041929127493065774
8945,0,0.0005114738263290878,0.0003458730321128239
8946,0,0.00025196691886877133,0.00030106997184876027
8947,0,0.00058821193362303,0.0004406801826560987
8948,0,0.00041432840375634584,0.00042497385225891284
8949,0,0.00026272521222419677,0.0003791974909975848
8950,0,0.0023364896907481928,0.0036837530617928197
8951,0,0.0018464773107430004,0.0019300703276572137
8952,0,0.0003123748021613281,0.00042098078239696335
8953,0,0.000249187459492789,0.00029829051247277786
8954,0,0.00026906058349301487,0.00031816363647300385
8955,0,0.000967128442565383,0.0010719663311192192
8956,0,0.0015695829780168718,0.0022119496789750146
8957,0,0.0012228843023624765,0.0025295191461351786
8958,0,0.0014263085725803458,0.003050045088786092
8959,0,0.00038209921704779044,0.0003833564132837019
8960,0,0.0007484749761227048,0.0008320679930369182
8965,0,0.0003344846968127663,0.00044861101402491905
8966,0,0.0005589522020644401,0.0003873115380170537
8967,0,0.0007150864498385147,0.0005405126439345415
8970,0,0.0008905910884184304,0.0011026501234616625
8971,0,0.0003347534172363013,0.0004460416003711561
8972,0,0.000455986901256997,0.0005050899542369859
8973,0,0.0004386139653237448,0.0005121213833519644
8974,0,0.0004759310073844989,0.0005106885433919635
8975,0,0.0005139557818410609,0.00034835498762479715
8976,0,0.000964959625405765,0.0013246008780924633
8977,0,0.00032425442095904307,0.0004355426040938979
8978,0,0.0006147770829464332,0.0009751655857139201
8979,0,0.0007808143348088868,0.0007125508295016876
8980,0,0.0011066608090975648,0.0029750665254647548
8981,0,0.0005042506662251291,0.0003386498720088653
8982,0,0.0003867976542107859,0.0004359007071907748
8984,0,0.0011698980526715433,0.0030383037690387333
8987,0,0.00047947986326666843,0.0010846787871685328
8988,0,0.00031595078311364913,0.0004297201920932017
8989,0,0.0007250875067454635,0.0005775557557785323
8990,0,0.0005903067438038743,0.0009415216122266897
8991,0,0.00040663966489415187,0.0005231119436675399
8992,0,0.0007670643909149113,0.0007153822217748732
8993,0,0.00044862559197303203,0.0004977286449530209
8994,0,0.0002928836384353696,0.00041171614925858413
8995,0,0.0006663986202299858,0.0009709320143680089
8996,0,0.00041611930246514674,0.000442281776681062
8997,0,0.0004765649790668178,0.0005113225150742824
8998,0,0.00042624931417153576,0.0004218841881794668
8999,0,0.0007049150663240055,0.0010168351969923643
9000,0,0.0005969062557273781,0.0007133785345007661
9001,0,0.000784199127814796,0.0008512903067023514
9002,0,0.0006941733600823739,0.0005285725658661101
9003,0,0.0017698971729163213,0.0018097477625607502
9004,0,0.0023639805301663166,0.003264509742756362
9007,0,0.0025797260520810062,0.004396450120221763
9008,0,0.003983032329010763,0.004226385307647733
9010,0,0.00058845479820808,0.000628305387852509
9011,0,0.001538498998767936,0.0019062778739570585
9012,0,0.0012221402861942224,0.0012327857346967894
9013,0,0.0006654942729732642,0.0006891460396210639
9014,0,0.0032830569004446294,0.0030320942734932002
9015,1,0.8476750703463138,0.8706868952706985
9016,1,0.00743419779161544,0.008100652908720633
9018,0,0.0766935482021397,0.08970865219350904
9020,0,0.0002950046919577631,0.00034410774493775207
9021,0,0.00039926002263714863,0.00040990547113971563
9022,0,0.00039889004388122753,0.00040953549238379453
9023,0,0.0006159242307756438,0.0004442835667282575
9024,0,0.00038371435056508635,0.0007024708545675414
9025,0,0.0016501562777495862,0.0025123561894875367
9026,0,0.0004138668447393119,0.0006852047132224167
9027,0,0.00038699825702389137,0.00038825545325980285
9028,0,0.0003100130723342557,0.00042906768084015936
9029,0,0.0008749998686560117,0.0009585928855702251
9030,0,0.000523960447396809,0.0003583596531805452
9031,0,0.0007358316516383599,0.0010332052069161556
9032,0,0.00025178158169954863,0.00042477917923514086
9033,0,0.0007425438453540396,0.0005112059435074816
9034,0,0.0005026748622698275,0.0008349495238819597
9035,0,0.0003378659550995436,0.00039399369839015607
9037,0,0.0004233399949882036,0.0004339854434907706
9038,0,0.0003999352984623816,0.0004011924946982931
9039,0,0.005956181345438577,0.006651386401179222
9040,0,0.0014227305980982102,0.0023927770951912004
9041,0,0.0004186653573699086,0.0004293108058724756
9042,0,0.010077944512932396,0.012188572143647155
9043,0,0.000275090289350956,0.000593846793353411
9044,0,0.0011994784746149866,0.00196408010570287
9045,0,0.0019530992265980956,0.0022452399644710143
9046,0,0.0002878009751793144,0.000401570384158867
9047,0,0.0008177787193265763,0.0010281056810822592
9048,0,0.0005140451611251723,0.0003484443669089085
9049,0,0.001273931497008598,0.0028770834574876262
9050,0,0.0003600507888537536,0.000658584977709178
9051,0,0.00025789888556186044,0.0003070019385418494
9052,0,0.0006588309246442827,0.0009169079307942076
9054,0,0.0003652341688290652,0.00036086904283699615
9055,0,0.00027417878371435684,0.0003232818366943458
9056,0,0.000587240831221292,0.0004418923371755193
9057,0,0.0007543713877322864,0.0011808344060423852
9058,0,0.0003915391929684063,0.00039279638920431775
9059,0,0.003099210370758592,0.004126530342304298
9060,0,0.0004146810397323538,0.0004159382359682653
9064,0,0.0009601953581686182,0.001386658376478717
9065,0,0.00041768260936371227,0.00041893980559962375
9066,0,0.0006860619875321799,0.0009388879559792853
9067,0,0.000842778226661608,0.000773929805466714
9068,0,0.002169763088744862,0.0038002974601574653
9071,0,0.0007783851923361869,0.0009522403578961945
9072,0,0.0016580546393374122,0.0018319098048974196
9073,0,0.0006575057907421543,0.0005041831566349369
9074,0,0.0038664356499304746,0.003914939918297457
9075,0,0.0002586352176864209,0.00035286413236545664
9077,0,0.0006487340831859679,0.000983377033858299
9078,0,0.0011891194642459127,0.0014507315538698686
9079,0,0.0005759416127878694,0.00041034081857160555
9080,0,0.00030607134643023334,0.00042254362520362135
9081,0,0.008054916090540274,0.008429351541929968
9082,0,0.0004105812443099694,0.0004504318339543985
9083,0,0.0020630639593213138,0.0031788950279736496
9084,0,0.0003641919165845802,0.000475480099719435
9085,1,0.9955847790456029,0.9957297732043482
9086,0,0.003456561289471383,0.004585633844530233
9087,0,0.0008137958505046205,0.0007043773621093154
9088,0,0.0021631045050075383,0.0025375399563972324
9089,0,0.003475588000917678,0.0037802169621468503
9090,0,0.0014113893655551366,0.0012658235716391858
9092,0,0.0012068171706882923,0.0010770715102092698
9093,0,0.0008182175750381353,0.0011167517638935595
9095,0,0.09323214889810089,0.09959253711433316
9096,0,0.00937867226067752,0.012639126098547011
9098,0,0.034850310982065404,0.041492168937545475
9100,0,0.0009231954306991742,0.0010280333192530103
9101,0,0.0005302079071469589,0.0005780672888940794
9102,0,0.000354595006259759,0.00035022988026769
9103,0,0.00025996337085330097,0.00030906642383328985
9104,0,0.00039061199054780764,0.00040125743905037464
9105,0,0.0009498713416189728,0.001284514292291304
9106,0,0.0004851418112527322,0.0003195410170364684
9107,0,0.0006643103134084001,0.0010232875760420215
9108,0,0.0004260189509502235,0.0003571705297553295
9110,0,0.00028843244612499863,0.000586966634980423
9111,0,0.0007002803417799456,0.000997653897057741
9112,0,0.0014996888419832614,0.0024697353390762517
9113,0,0.00023683980338789159,0.00028594285636788055
9114,0,0.0006309718825421625,0.00047794069931701114
9115,0,0.00025788209068079693,0.00030698514366078587
9116,0,0.0006415092838467365,0.0005732457785395373
9117,0,0.00024502950685392473,0.0003587989158334774
9118,0,0.0003882280516634208,0.0004379219613947493
9119,0,0.0004649237588948108,0.000299322964678547
9120,0,0.00046057275880934687,0.0008144860287534894
9123,0,0.0004745602312376881,0.00030895943702142424
9124,0,0.0003238433622570682,0.0006223775511124926
9125,0,0.0006907464659846683,0.000622482960677469
9126,0,0.0003055239248309527,0.0004168121079658075
9127,0,0.0003433843620624166,0.0004598566408358046
9128,0,0.003581434476796081,0.003431710666207416
9129,0,0.00040524189334854843,0.00045493580307987697
9130,0,0.0004102805655950819,0.00040591543960301287
9131,0,0.00035362165256297814,0.0006521558414184026
9132,0,0.0005436842359888325,0.00037204357194144626
9134,0,0.0005786110975443959,0.00040697043349700954
9135,0,0.0004183064977014303,0.0005347787764748183
9136,0,0.0006652233455165831,0.0008944408533842751
9137,0,0.0006758147058222499,0.0007677662130433278
9138,0,0.00037201096157052566,0.00037326815780643714
9140,0,0.0005705549963981605,0.000869089185253585
9141,0,0.0015795402560156587,0.001672112147201225
9143,0,0.0005546186707368463,0.0008733751747393013
9144,0,0.00043548794505857147,0.0007340221339139959
9145,0,0.0005053359357849686,0.00032858159340392224
9146,0,0.0006093966386046776,0.00044379584438841377
9147,0,0.00043788317863539274,0.0007364173674908171
9148,0,0.0009518612206297496,0.0012099382267796745
9149,0,0.0009651644235818485,0.0013870597922038186
9150,0,0.000449758394859486,0.0011828592175704212
9151,0,0.0017296444133245402,0.0019354795961468501
9152,0,0.0003916486351874551,0.00042640617119491973
9153,0,0.001960993892411226,0.003436112611354686
9154,0,0.00039145763176769025,0.00044056068474767924
9155,0,0.0003771701152251097,0.00042627316820509863
9157,0,0.0018789432870855915,0.0025213099880437343
9158,0,0.0005654963026143022,0.0006002538386217668
9159,0,0.000500885429844654,0.0005505793395759826
9160,0,0.000536779402991343,0.00036002506061029666
9161,0,0.002266167449553037,0.0019484847316686622
9162,0,0.0030766432512032236,0.003472098628908929
9163,0,0.00039204698890538256,0.0007221690422270171
9164,0,0.0008531282265468361,0.0010654965099209752
9166,0,0.02286679206888829,0.024021090177321083
9169,0,0.0018065867643354341,0.0022602145956215256
9170,0,0.01020756067388003,0.010566537936513652
9171,0,0.0009646601797262883,0.0008598504060578131
9172,0,0.0016216371577909314,0.001919010713068727
9173,0,0.016515225006846417,0.016158030951961028
9174,0,0.0011267148265705603,0.0011758178795505492
9175,1,0.0011190228978990252,0.001142674664546825
9176,1,0.9489072725849175,0.9426699211093119
9177,0,0.00030216302149351914,0.0006006972103489435
9178,0,0.00026951774255524964,0.00030759161414218065
9179,0,0.0016395737966470225,0.002609620293740013
9180,0,0.0006446011893065006,0.0005763376839993012
9181,0,0.000260511614144977,0.000309614667124966
9182,0,0.0002698199589499715,0.0003189230119299604
9183,0,0.0005539366457183828,0.00038229598167099644
9184,0,0.00038767974490878064,0.00039832519341134764
9185,0,0.0005066592636279312,0.0003410584694116674
9186,0,0.0006411298904252847,0.000880220019172446
9187,0,0.0008081443726936787,0.0011671216353273
9188,0,0.0013403982848304255,0.0016325390227033443
9189,0,0.0002986740936605345,0.0005972082825159589
9191,0,0.0006694238349101851,0.0005252409006918759
9192,0,0.00043006264447449346,0.00043131984071040493
9193,0,0.000528433707205724,0.0003628329129894602
9194,0,0.00038152617025387977,0.00039217161875644677
9195,0,0.0005292218942431357,0.000626758012201951
9196,0,0.000297959835518214,0.000414432114291602
9197,0,0.00034781064717929284,0.0003434455211872238
9198,0,0.0003870477239405134,0.000460555141968733
9199,0,0.0002420733620560563,0.0002911764150360452
9201,0,0.00105044188299139,0.0008804421433726444
9202,0,0.0007569984309231477,0.0012518156322264028
9203,0,0.0003042803153793359,0.0004155684985141907
9204,0,0.00026759636894844877,0.00031669942192843776
9205,0,0.0003657701657892984,0.00036140503979722934
9206,0,0.0003189135652573769,0.0006376700692598319
9209,0,0.0005633741351764112,0.0006112335169235318
9210,0,0.0009594323635722395,0.0014233111043792529
9211,0,0.01151523810486503,0.012114610207132977
9213,0,0.0007836808496595102,0.0010128983575272022
9214,0,0.00034897843675395896,0.00035023563298987044
9215,0,0.0005337247136254291,0.0003681239194091653
9216,0,0.00030274148146287026,0.0004165108904424229
9217,0,0.0003577449991501051,0.0006562791880055295
9218,0,0.00048522109277898456,0.0005609677537487994
9219,0,0.0015264936762126242,0.002363913392987295
9220,0,0.0016727463601208918,0.0018785815429432017
9221,0,0.0014600040339802307,0.0028905853878868743
9222,0,0.001280689812926217,0.001106116007022244
9223,0,0.00045366723947787096,0.0007522014283332953
9224,0,0.00088425083134313,0.0010232513661351005
9225,0,0.00040700103466807347,0.00044175857067553807
9226,0,0.0007930832582669369,0.0011520605209005583
9227,0,0.0006818905912883225,0.000934716559735428
9229,0,0.00037637767324716007,0.0004928499520205481
9230,0,0.001203776383361289,0.0010582105894453382
9231,0,0.001979522944252754,0.0017195277303940224
9232,0,0.0006354944224527355,0.00046989362823647156
9235,0,0.0006201214569338222,0.0008729474253809278
9236,0,0.0002756184059575427,0.00037782297966072785
9237,0,0.0004665746517684685,0.0005150789201354511
9238,0,0.0005779689687790366,0.0009675817715313924
9239,0,0.0005256877694450729,0.0003489334270640265
9240,0,0.0007293868919349361,0.0009684770206820975
9241,0,0.0018293686518827538,0.002444408742345884
9242,0,0.0033914267860940366,0.0035000327663296717
9245,0,0.004068421444363191,0.004487731687364531
9246,0,0.01688599262712803,0.016568309909243656
9247,0,0.0037698706145682433,0.004123783884512386
9248,0,0.0006358444389407862,0.0007496138479203389
9249,0,0.000569069568090478,0.000579715016593045
9250,0,0.0008472912360598898,0.0006816904418436259
9251,0,0.0015897189012536541,0.0018594483775645223
9252,0,0.004504649021704588,0.004810416162043346
9253,0,0.0007252349159045301,0.0010553569692261645
9254,0,0.0005099892662290735,0.000734991956438712
9255,0,0.002144540311718274,0.001879134816207718
9256,0,0.0008612381611894417,0.0011799946651918968
9258,0,0.06226656943754448,0.06763049821699006
9259,0,0.0008071752398744889,0.0012869529396480823
9260,0,0.0005039243508267741,0.0008629016134603954
9261,0,0.0028009167616010553,0.003375666980536488
9262,0,0.00023344184006248158,0.0002825448930424705
9263,0,0.0006832546025377806,0.0008953136375810126
9264,0,0.0003559840269901246,0.00035161890099805556
9265,0,0.00026719349381575103,0.0003784816769506059
9266,0,0.0007193317056750649,0.0010167052609528604
9269,0,0.0002742020189782865,0.00038797142795783906
9270,0,0.006070907611292513,0.006945200847087314
9271,0,0.0015684071816572602,0.0028202918180767877
9272,0,0.000441624249262682,0.0006146218467982742
9273,0,0.0016402616715580803,0.0023751422740492093
9275,0,0.0009243634245614256,0.0010982185901214333
9277,0,0.0003616143660317756,0.00036287156226768707
9278,0,0.0009817275323638292,0.0010865654209176651
9279,0,0.0002401777315329517,0.0005589342355354067
9280,0,0.0007366258521554164,0.0005035456299035939
9281,0,0.00039699422703169825,0.00040763967553426525
9282,0,0.001666757155501069,0.0019068595771069294
9283,0,0.0006516680659415224,0.0011212003325222785
9284,0,0.00037560722436018996,0.00037686442059610143
9285,0,0.00030425229605224107,0.0006230088000546961
9286,0,0.0007529208466336735,0.0008365138635478869
9287,0,0.0008609317778485824,0.000974701186828135
9288,0,0.0003810713494812255,0.000382328545717137
9289,0,0.0007829964607966553,0.0007147329554894559
9290,0,0.0013193165890217533,0.002977302973827293
9292,0,0.0028331803343449244,0.003803226831437915
9293,0,0.00031380550042191024,0.0006325620044243653
9294,0,0.0005187315267483185,0.0005665909084954391
9296,0,0.0017202163924510301,0.0019593065211981914
9297,0,0.0002702716336397311,0.00031937468661972005
9298,0,0.00027426540384434587,0.0003907376826177339
9299,0,0.0015255738203812353,0.0024956203174742258
9300,0,0.0014041937807928594,0.00237424027788585
9301,0,0.0013733732875478722,0.0022566826057795054
9302,0,0.00013280818040968187,0.0004986468742020323
9303,0,0.00048400284833833445,0.0008708189444465107
9304,0,0.0005898058981174362,0.0004242051039011724
9305,0,0.0005076100124813486,0.0003420092182650847
9307,0,0.0007291041539314277,0.0005760729707062763
9308,0,0.0007884911646188327,0.0010177086724865248
9309,0,0.0020723229639086687,0.002246178129468676
9311,0,0.0003746029579087284,0.0004237060108887174
9312,0,0.0005696442620829217,0.00040404346786665783
9314,0,0.0006711403558849359,0.0007468870168547506
9315,0,0.0004469675595441118,0.00044260243355204274
9317,0,0.0008265343064413453,0.0011746243758744518
9318,0,0.0006882479702187422,0.000941226916935976
9319,0,0.0021486632855894096,0.0031187097826824
9320,0,0.0021741253377757465,0.002426951306222852
9321,0,0.0007241735463048558,0.0008208430003321636
9323,0,0.0011795946339975972,0.0011902400825001642
9324,0,0.0008055217502503084,0.001104055939105733
9325,0,0.0008480252186059006,0.0006824244243896368
9327,0,0.0011901249881350652,0.0013038943971146178
9328,0,0.0006518588867562275,0.0007631470698910823
9331,0,0.0007603535234338456,0.0010904755767554802
9332,0,0.000765701577494322,0.0008055521671387512
9333,0,0.0014426003980734085,0.001695426366520514
9335,0,0.0022336685937210683,0.0025896176567726265
9336,0,0.012082661212040467,0.014471087886106397
9341,0,0.00028078583232811634,0.00036907908712347344
9342,0,0.0014371425470422476,0.002407189044135238
9343,0,0.00025318598740338124,0.0005719424914058362
9346,0,0.0004749012986518243,0.0005227606803989448
9347,0,0.0004769030434174454,0.00031130224920118156
9348,0,0.0005426913724530165,0.00045673336340695705
9350,0,0.00025874933452961713,0.0005775058385320721
9352,0,0.0004076695001249502,0.00040330437413288114
9354,0,0.0023531887069534797,0.0021741465210186484
9356,0,0.00038024674874866305,0.00038150394498457453
9357,0,0.001269621761504023,0.002893358277709769
9358,0,0.00028991451551386397,0.0004629121130494562
9359,0,0.0007286889153079639,0.0008122819322221775
9360,0,0.0003242367046048761,0.00042907459315871224
9361,0,0.00046280604819967083,0.000297205253983407
9363,0,0.00026362661826615045,0.0005823831222686055
9364,0,0.0002642729672610989,0.00037556115039595367
9366,0,0.0012850643037763281,0.0029155986751889314
9367,0,0.00042275551394755,0.000433400962450117
9368,0,0.0004150384659538654,0.0004256839144564324
9369,0,0.00033760030122787356,0.00045407258000126156
9370,0,0.00042078639296608175,0.00043143184146864874
9371,0,0.0005921984694336689,0.0008312885981808302
9372,0,0.0017082125641613545,0.0023505792651194977
9374,0,0.0005114307271267443,0.0004799739517004017
9375,0,0.00036837239898782363,0.00047321028754165976
9376,0,0.001275131472656684,0.002181239646081077
9377,0,0.00013608182340200687,0.0005678722819468081
9378,0,0.00027954976001797914,0.000328652812997968
9379,0,0.000496018538954599,0.0008499318088987416
9380,0,0.0009323562042996036,0.0014018884708803597
9381,0,0.0008211808265217392,0.0009950359920817468
9382,0,0.00044563134316933956,0.0003766859645726303
9383,0,0.0005104557944347423,0.0003448550002184784
9385,0,0.0010582088075024006,0.0013503495453753194
9386,0,0.0007551985757358267,0.0004952033618770952
9387,0,0.0015854371400797665,0.001586694336315678
9388,0,0.0006961370447942696,0.0009253545526619616
9390,0,0.0029529419025973933,0.003162243058301877
9391,0,0.00028259896935291614,0.0003990712481263041
9392,0,0.0005347326559162742,0.0008937099185498956
9393,0,0.0009746697652757228,0.001444202031856479
9394,0,0.0004980852686412132,0.0005842042230959309
9395,0,0.0018136858207964215,0.002022986976500906
9398,0,0.0016846952162189329,0.0018874482640216048
9399,0,0.0003160238628930154,0.00043249614166640337
9400,0,0.0005382155471526229,0.0005879094568839514
9401,0,0.0006001911841100895,0.0006759378450799044
9402,0,0.0037638841831747274,0.004159339560880433
9404,0,0.002794667641728028,0.0029032736219636633
9406,0,0.0012453006547034626,0.001149943543625756
9407,0,0.003791540955460128,0.004128704244459959
9408,0,0.0018205274880060422,0.002391434717946073
9409,0,0.000683677315297772,0.0010292615545167217
9410,0,0.0016692532266854663,0.0020282304893190876
9411,0,0.0012097653734841605,0.0010118023744495953
9413,0,0.006198029464594237,0.009884425200428853
9414,0,0.015481727618985535,0.020509854096538424
9416,0,0.002413754858124993,0.0034492189321806413
9417,0,0.0003260930151855685,0.00043093090373940465
9419,0,0.0005968485224704488,0.0007932603300782436
9420,0,0.000396873122967349,0.0006496990914144545
9421,0,0.00026858496579195,0.000385057244565338
9422,0,0.0015222854135743457,0.0017409555813273918
9424,0,0.0006361725957563641,0.000461598789852391
9425,0,0.000350952459727353,0.00034658733373528396
9426,0,0.0004548120341639231,0.0007449277769119024
9427,0,0.0011038975456261618,0.0024105323893988642
9428,0,0.00024187292157376204,0.00029097597455375097
9430,0,0.00025471746328472884,0.00030382051626471777
9431,0,0.000417089709890237,0.0008488801684350383
9432,0,0.0009849291584211896,0.0016616541814815564
9433,0,0.00047185267005986397,0.0003062518758436001
9434,0,0.0006818512163661618,0.0008557063819261693
9435,0,0.0002494980309332554,0.0002986010839132443
9437,0,0.00029226727155403016,0.00034137032453401914
9438,0,0.00045765894725270607,0.00029205815303644223
9440,0,0.0006570154863928494,0.0005887519810856501
9441,0,0.0011403487682292881,0.001977431153233731
9442,0,0.0005394949905095729,0.0009659580088196717
9443,0,0.0007477787851181185,0.0012116575259251319
9444,0,0.0005866945774960792,0.0008257847062432405
9445,0,0.006545770305381714,0.0067985962738288195
9446,0,0.0005601348491006161,0.001171664831914161
9447,0,0.0019471919585875093,0.002244565513865305
9448,0,0.0013267490407506298,0.0027221607556380564
9450,0,0.0004170464301182648,0.0006976767346888983
9451,0,0.00026999727981375567,0.0003864695585871437
9452,0,0.00025060218310705247,0.0002997052360870414
9453,0,0.0013564695410663232,0.0016538430963441188
9454,0,0.0018980548287070378,0.002513094919170168
9456,0,0.0007924627367921673,0.0011514399994257886
9458,0,0.0005036159071219863,0.0008932287098743421
9459,0,0.0008134138126714906,0.0012398768309815895
9460,0,0.001122150167764358,0.0009565493735480943
9462,0,0.0005786193595153253,0.0013117201822262605
9463,0,0.0003811092202167173,0.00039956155018425237
9464,0,0.0004617919887138776,0.0004724374372164446
9466,0,0.00045875824229885337,0.00046940369080142037
9467,0,0.0005686736883590007,0.0006735115769128368
9468,0,0.0023875648306412416,0.0026472158259204506
9469,0,0.0018671306463426038,0.002029252953044988
9470,0,0.0005963639936045061,0.0004307631993882423
9471,0,0.0007698649385729998,0.0014348539810308536
9472,0,0.0015074135481245076,0.0013439554748611799
9473,0,0.0017802669595434486,0.002355017178478882
9475,0,0.0005789560004507896,0.0005896014489533566
9476,0,0.0005082261242661274,0.000542983660273592
9477,0,0.0011065306151901873,0.0014499829640114911
9478,0,0.0004753808499144039,0.0006168029167397516
9479,0,0.00066891874909812,0.0006701759453340315
9480,0,0.0006640552424616369,0.0004984544482453731
9481,0,0.0008101126394431818,0.0011413990546052467
9482,0,0.001734850865281291,0.0031739347125237143
9483,0,0.005374479647753075,0.005431228431899278
9484,0,0.0004461814971757351,0.0005857831277558007
9485,0,0.002142663436606433,0.002161115766573968
9486,0,0.0006966382089228551,0.0007364887985672841
9487,0,0.0011444658832965705,0.0010767303494427982
9488,0,0.0033273986666050503,0.005287711453004362
9489,0,0.019752674759054102,0.021603115697543404
9490,0,0.0807228421051368,0.07216433317850245
9491,0,0.028203241135285727,0.034703573127284545
9492,0,0.01940123685569969,0.014835565095713456
9493,0,0.024350952020582586,0.03362442773108093
9494,1,0.9777650697470976,0.9734973741428297
9496,0,0.11919633046802053,0.1664485725519947
9497,0,0.13029043373038857,0.2673913409738098
9498,0,0.00024555788620178837,0.00029466093918177724
9499,0,0.00030777670807399175,0.000601083163641108
9500,0,0.0002642399905622867,0.00031334304354227563
9501,0,0.0006316476154622054,0.00045707380955823236
9502,0,0.0007863900865048439,0.0009984491215480759
9503,0,0.0004403813986961586,0.0004510268471987256
9504,0,0.0003525646139977343,0.00045740250255157044
9505,0,0.0016154373834876288,0.0014881015642151819
9506,0,0.00045826582385368505,0.0005061252056008055
9507,0,0.000248309388813808,0.00028638326040073903
9508,0,0.00040913611514295197,0.00041978156364551897
9509,0,0.000372827207883037,0.000368462081890968
9510,0,0.0004884995054657758,0.000322898711249512
9511,0,0.0004979145248422953,0.00033231373062603145
9515,0,0.0008219220576262576,0.001278623932856404
9516,0,0.0008829391632747212,0.0006432161995884112
9517,0,0.002121931272955293,0.0030645798121297393
9518,0,0.0003058923635514786,0.00035499541653146756
9519,0,0.0002952220692079444,0.0006092108352154662
9520,0,0.0003122174923223626,0.00045181912290242826
9521,0,0.0022406628090684516,0.0024306764008826536
9522,0,0.0003275642876465882,0.0004728038908903635
9523,0,0.0004902474635145204,0.00032464666929825646
9524,0,0.0003190960388442527,0.000612402494411369
9525,0,0.0005027447004645456,0.0004510625313245075
9526,0,0.0005284437009496828,0.0005763030826968034
9527,0,0.0015374828968903109,0.0017533477433337736
9528,0,0.00039781739920637435,0.000488961685467275
9529,0,0.002699338689026042,0.0037266586605717482
9530,0,0.0005928828765470171,0.0009210539032478394
9532,0,0.0005081101927246854,0.00034250939850842153
9533,0,0.001818082519411886,0.002184758018424493
9534,0,0.0005803032735663339,0.0006722547807874119
9536,0,0.0003285701369494644,0.0006425589029569862
9538,0,0.0004851563710214455,0.0004958018195240125
9539,0,0.0005076724798499447,0.0005894749270489685
9540,0,0.002145131649418783,0.0025152283014421716
9541,0,0.0005529033888357508,0.00037614904645470444
9542,0,0.000467953638488912,0.000772246458856298
9543,0,0.0007595193049184169,0.0008773059755103681
9544,0,0.0011429679424351067,0.0026719187579189083
9545,0,0.0026152014886531147,0.0026164586848890265
9547,0,0.0005232326335179078,0.00034647829113686147
9548,0,0.0006749874756436563,0.0008118879173225075
9549,0,0.0004538373900283869,0.0007365124568223582
9550,0,0.00041650313339543243,0.0004121380074033634
9551,0,0.0005355633057213358,0.0003588089633402895
9552,0,0.0013790167494322192,0.0017594945452005383
9553,0,0.00029752844085925077,0.0004990408640376275
9554,0,0.0005896180158016223,0.0008722930825955936
9555,0,0.001016240107813377,0.0016707076486339881
9556,0,0.0005141877997026483,0.0008184806200700344
9557,0,0.002543106145008486,0.0033368512776881807
9558,0,0.0004847094430483243,0.0006243745146939693
9559,0,0.0004480512788708859,0.0004436861528788168
9560,0,0.0006776125226081156,0.0009602875894020868
9561,0,0.0006502708074441314,0.0007765956444029018
9562,0,0.005313211000602034,0.005648460832084394
9563,0,0.0017697983403071565,0.0021655035598857277
9566,0,0.0006243999111566843,0.0009408426122227996
9567,0,0.0006868703716242004,0.0005378076487392696
9569,0,0.0005215429433123213,0.0005399952732798564
9570,0,0.004254862836270182,0.004632433059417121
9571,0,0.004404115751953882,0.0047413056174684725
9573,0,0.0031068319196771144,0.0033977436843747153
9574,0,0.0019005205304096062,0.001968585904293914
9575,0,0.0020703707445943447,0.0025361344339279454
9576,0,0.0066793906219616795,0.0072235814987259605
9577,1,0.015422770262304942,0.0204391546094807
9578,0,0.003497603844126451,0.00646231572089862
9581,0,0.002659097830157997,0.0031585189631894643
9582,0,0.0007619451632548738,0.0009740041982981058
9584,0,0.0017529276148050832,0.003383461986217687
9586,0,0.0002550771558520082,0.0002931510274389392
9587,0,0.001442392016271846,0.003066128532477592
9589,0,0.0004270284199231594,0.00043767386842572637
9590,0,0.0003112135659519218,0.0006045200215190381
9591,0,0.0012895998797447896,0.0029133363959505357
9592,0,0.00037429580139242423,0.0003699306754003552
9593,0,0.0018001768519972715,0.002637259237001714
9594,0,0.0022733946889752117,0.003085241959539983
9596,0,0.0005048195972928445,0.000552678979039965
9597,0,0.00031139680807653865,0.0006047032636436549
9598,0,0.0003323946155371547,0.0006257010711042709
9599,0,0.0003940613259899426,0.0004047067744925096
9600,0,0.0003019737546919344,0.00035107680767192334
9601,0,0.00034862681391847796,0.0004534647024723141
9602,0,0.001090952551076221,0.001443892821849423
9603,0,0.000335518937836957,0.00038462199081694593
9605,0,0.0002478260394749761,0.0003947545066323328
9607,0,0.0006521799346809703,0.000996712206848866
9608,0,0.0003831211285509511,0.0006764275841180673
9609,0,0.0004754493074371353,0.00030984851322087145
9610,0,0.00044685416698140966,0.0005920937702251849
9611,0,0.0003880109452084815,0.0005332505484522568
9612,0,0.000690884925366552,0.0011069818646494655
9613,0,0.0005245084325808102,0.00035450869296206486
9616,0,0.000465676276778986,0.00030007548256272217
9617,0,0.0005234917445669117,0.0003578909503506478
9618,0,0.000375837144846594,0.000424940197826583
9620,0,0.0018121771279734082,0.0026240243985381794
9621,0,0.0004723676618842446,0.0005772055504380807
9622,0,0.0013986478121099527,0.0012530820181940018
9623,0,0.0007876127869844344,0.0011353738975997036
9624,0,0.0019892795766264723,0.0036130160928322186
9625,0,0.00041741004640227753,0.0007107165019693938
9626,0,0.00044471816408241343,0.0008034125393973682
9627,0,0.002121834331690454,0.0029336816022552253
9628,0,0.00033831727191894177,0.0007414217588718547
9629,0,0.0003029268531553176,0.00044252848373538327
9630,0,0.0006960372660240466,0.0010489775367972486
9631,0,0.00040753275566168584,0.000425985085629221
9633,0,0.001966412474119491,0.0026872398373000606
9636,0,0.0010732261007295506,0.001121730369096533
9638,0,0.0006745370071293126,0.0008197766103730877
9640,0,0.006398456606036566,0.006718477322336656
9641,0,0.0005206624527543195,0.0005554199887617841
9642,0,0.001842055925936611,0.0033181264570639134
9643,0,0.0016875581041463081,0.0033703001840118944
9644,0,0.0006013908615884202,0.0006361483975958848
9645,0,0.0004529624778339613,0.00047141480780149634
9646,0,0.0004819421797870113,0.000505593946434811
9647,0,0.0005078280556745912,0.0005262803856421263
9648,0,0.001209181131700494,0.0011167128999648103
9649,0,0.0013575216224769972,0.00139282884681454
9650,0,0.0006591340702176491,0.000649052644451459
9651,0,0.0010105666450851106,0.0013418530602471756
9652,0,0.0009173118885604581,0.000728977203385656
9653,0,0.0014292775180496408,0.0015687308807898572
9654,1,0.9184314023245295,0.9106688640637461
9656,0,0.01348476714246505,0.021984810560138644
9659,0,0.03799515307497847,0.02314010263316435
9660,1,0.9874751736423983,0.9899611277178799
9661,0,0.08782962452252391,0.08186772340114346
9662,0,0.023234519789351545,0.026436083893397386
9664,1,0.9377532493646763,0.9392967098106002
9665,1,0.9668885666634564,0.9669647578916415
9666,0,0.1812174161105713,0.32969593096307376
9668,1,0.9506315042970981,0.9463330036900037
9670,0,0.052453174659214036,0.028268298230710816
9671,0,0.08710666256392406,0.08495565516998067
9672,0,0.03010073020421842,0.033577574061504314
9675,0,0.0007362259817884815,0.0005616521758845083
9676,0,0.0017165212590084878,0.001956623680614348
9677,0,0.0004165001249040928,0.0004177573211400043
9678,0,0.002912157982991271,0.003201330249502647
9679,0,0.0011018683292636706,0.001514130060776299
9680,0,0.0003549408342189644,0.00035057570822689537
9681,0,0.0011028108300560674,0.0008428156161973357
9682,0,0.0007091222061922387,0.0011658240814223853
9683,0,0.0008843907614470316,0.000967983778361245
9684,0,0.0020051842237669244,0.0029478327629413707
9685,0,0.0012528262092931942,0.0028559781697722222
9686,0,0.001509037144989886,0.0025846258880209074
9687,0,0.0003234762748557807,0.000468715878099556
9688,0,0.00028943507385985226,0.00043085714068519986
9689,0,0.0013452772277655373,0.0030032636125710767
9690,0,0.003977881363541474,0.004599441851518038
9691,0,0.00025612334234768885,0.0003052263953276778
9692,0,0.00037696108595746243,0.0003725959599653934
9693,0,0.0006616939265614696,0.0004871201206574964
9694,0,0.0006913308343011287,0.0008271373797306401
9695,0,0.0003450085774090701,0.0006383150329761864
9697,0,0.0005825057243349177,0.000680041842293733
9698,0,0.0005383143860866426,0.0008859739568615032
9699,0,0.003592285010974166,0.003945225281747368
9700,0,0.00033086756910686465,0.00047046919968693024
9701,0,0.002606706256056872,0.0035493547952313185
9702,0,0.00048669280700423855,0.0003210920127879747
9703,0,0.00041782448119070167,0.0005592465480160492
9704,0,0.0005572128786080328,0.0008894055254193222
9705,0,0.0004753410292960298,0.00030974023507976596
9706,0,0.00034609912765989946,0.0006394055832270157
9707,0,0.00046545213940347475,0.0006012586848329861
9708,0,0.00036842113051159173,0.00041752418349158066
9710,0,0.0008656166826139827,0.0010052183131940484
9711,0,0.006341953332206744,0.009524589396993365
9712,0,0.0005452651088265661,0.0005931244905736866
9714,0,0.00042460603644361885,0.00045936357245108346
9715,0,0.0010656761056546972,0.001354848372166073
9716,0,0.0016326143446452393,0.002587812504980737
9717,0,0.000877118909090474,0.0011744924643682696
9720,0,0.0020470009904691474,0.0035221197094126074
9723,0,0.0005861957591721231,0.0008753680256834989
9724,0,0.0003991198254927395,0.00044822287847272844
9725,0,0.0017076168650381322,0.0017088740612740435
9726,0,0.0013156708783030012,0.0017059189354758073
9727,0,0.0004579368525039853,0.000597538483084051
9728,0,0.0004553297515528397,0.000748636207119956
9729,0,0.00044447954063889196,0.0004935825936188809
9730,0,0.011866593778807024,0.01195899503629084
9731,0,0.0005551038808905201,0.00038950308667425623
9732,0,0.0011288212570634408,0.0014211596852623748
9733,0,0.003397249477504048,0.003686421744015424
9734,0,0.000518601540363224,0.0010999710857149587
9735,0,0.0004656456643108787,0.0005704835528647148
9737,0,0.001659782484827896,0.0034206394417317953
9738,0,0.0029133370266235777,0.003049143572053089
9739,0,0.0007290394764750913,0.0005634386822588274
9740,0,0.0005400301505896458,0.0005680579203578172
9741,0,0.0007402288774806519,0.0005634745350996056
9743,0,0.0007000826812870964,0.0005344818870708325
9744,0,0.002163480014865161,0.002181932344832696
9745,0,0.0005172064133659601,0.0005570570030103892
9746,0,0.0006232164531103614,0.0007646385199357091
9747,0,0.0017192812852545665,0.002038885472665548
9748,0,0.0008422520652965238,0.000866104971732895
9749,0,0.0013503503684067363,0.0017708853456882823
9752,0,0.006566459423801029,0.006837456513326744
9753,0,0.006769236296859207,0.006982911341688897
9754,0,0.02699733252211435,0.030547710562333782
9755,0,0.0348788901819323,0.040205610560007245
9756,0,0.021666091717797896,0.02689566702475833
9757,0,0.009225709136806017,0.013497495349317632
9758,0,0.03823474441416794,0.03613686273249117
9759,1,0.05055317578916654,0.0927487502514377
9760,0,0.0003811187337525213,0.0006583281676122278
9761,0,0.0006315546005592192,0.0004599139365118328
9762,0,0.0015788233458750955,0.0013457431236232728
9764,0,0.0004721706577787511,0.0006465359633561313
9766,0,0.0004131828091507969,0.0004238282576533639
9767,0,0.00048094339740050167,0.00031534260318423783
9768,0,0.000361614397094865,0.00035724927110279594
9769,0,0.000520233466241619,0.0003546326720253552
9771,0,0.00040555857053844714,0.0004011934445463781
9773,0,0.00026669786732585397,0.0003158009203058429
9774,0,0.0003574875739232894,0.0004739598526966774
9775,0,0.0022398420719408874,0.0028145922908763207
9776,0,0.0007177218289982766,0.0010706620997714786
9777,0,0.0008443803656346214,0.001141753920912417
9778,0,0.0013015794950270681,0.0017524994271412996
9780,0,0.0003930483391695409,0.0004036937876721079
9781,0,0.00046180123948248123,0.0004724466879850482
9782,0,0.0005014127461442641,0.0005492721278913847
9783,0,0.001016055473386981,0.0014669754055012124
9784,0,0.00035541968107708166,0.0005016545357569296
9786,0,0.0004476861012420642,0.0007954472118573336
9787,0,0.0013309249596463034,0.0015905759549255123
9788,0,0.0006484666867583817,0.0006963260685055022
9789,0,0.0004580210211927976,0.0004686664696953646
9790,0,0.0013448924165060715,0.0014806989619355827
9792,0,0.0005486491910052088,0.000383048396788945
9794,0,0.0009119654691203205,0.000995558486034534
9796,0,0.00039683922258309807,0.00039247409659102904
9797,0,0.0006368622283199647,0.0004667662925115445
9799,0,0.00042970651410487577,0.0005345444026587119
9800,0,0.00042286328136759285,0.0007455042897712773
9801,0,0.0008066612679617704,0.0010187203030050023
9803,0,0.0007986818420722009,0.0007999390383081124
9804,0,0.001533020960540807,0.0013584471546368338
9805,0,0.00043361607886608614,0.0004827191318460751
9806,0,0.0015422106076837853,0.0018119400839946534
9807,0,0.23370468535129774,0.23342419913747575
9808,0,0.001065601549360908,0.0015922212993697703
9809,0,0.0005383613629475979,0.0008284771056955771
9810,0,0.0016717386947830675,0.0024066192972741966
9811,0,0.00043941581660649035,0.00047417335261395495
9812,0,0.0006959283536856592,0.0005259286140669138
9814,0,0.0011486741757138655,0.001504623238765424
9815,0,0.000706412249741048,0.0011862521976209715
9816,0,0.0003859592992312797,0.0005024315780046677
9817,0,0.0015699361943745972,0.0017066689103428221
9818,0,0.0005732283642098235,0.0005838738127123905
9819,0,0.0011041498097587232,0.0011865223602044001
9821,0,0.0006502853462827487,0.0007898869768628143
9823,1,0.949830434277369,0.9450136802071332
9824,0,0.0008660837346647745,0.0006883015856866208
9825,0,0.0007128194736586567,0.0007475770096661213
9826,0,0.0011573527031076888,0.0012711221120872414
9827,0,0.005958507510042316,0.007139927003662474
9828,0,0.0496581050844902,0.05123844869599921
9829,0,0.020061161593381213,0.01992553103642583
9830,0,0.10356402626027925,0.05699083602040374
9831,1,0.9615602048025342,0.959519984869428
9832,0,0.05231872773716838,0.06252676901205581
9833,0,0.04035194596045594,0.06729473826525793
9834,0,0.20854941438483104,0.07386807349067666
9836,0,0.0004053894096905272,0.0004160348581930942
9838,0,0.0014365287639883674,0.0024065752610813577
9839,0,0.0007164945925988097,0.0008903497581588172
9840,0,0.0006433553701566028,0.0004717147061092165
9841,0,0.0002739830128232559,0.0005725172016786803
9842,0,0.0015933224464772218,0.0022356891474353646
9843,0,0.0009459525015159389,0.0014098312423229523
9844,0,0.001041454114003713,0.0012601242817567588
9845,0,0.00047869075156711967,0.00031308995735085583
9846,0,0.0005054175912763063,0.0005532769730234269
9848,0,0.0018835896770208272,0.0024986297674839575
9850,0,0.0024234977037415023,0.0022779319098255517
9851,0,0.00028184907176201043,0.0005803832606174348
9852,0,0.0030061975159055517,0.002856473705316887
9853,0,0.0015874224601500563,0.002229789161108199
9854,0,0.0003140903450529873,0.0004305626238263753
9855,0,0.0013892000273525104,0.002359246524445501
9856,0,0.00041325933021887587,0.0005584989334626511
9858,0,0.0018582700779587354,0.002720469989696686
9859,0,0.00028761708646998443,0.00033672013944997337
9860,0,0.0005048880440159497,0.00033928724979968595
9862,0,0.0004639565340389342,0.0007220335401888591
9863,0,0.000694741862832084,0.0012966678460878838
9864,0,0.0016847509893124497,0.0021414528645425962
9865,0,0.00053031953461616,0.0003603197949974146
9866,0,0.01222938761139607,0.01208382181748012
9868,0,0.0007163538620271536,0.0009584862633895636
9869,0,0.0003229661663070327,0.00037206921928702164
9871,0,0.00041064315095637157,0.00041190034719228304
9872,0,0.0005856054215688711,0.0007586030191044633
9873,0,0.0015210642477648912,0.002476262408100389
9875,0,0.0004460481887951392,0.0007900212799491474
9876,0,0.0017876544934338412,0.0025995017639986124
9877,0,0.001255158039198493,0.0012742736765186532
9878,0,0.002311286308549465,0.003921377313389951
9879,0,0.0016674447856627912,0.0032979791570753947
9880,0,0.0004483494471480574,0.0004589948956506244
9881,0,0.0009008186676871595,0.0007474960335799423
9882,0,0.0004346443319410274,0.000469401867948492
9883,0,0.001163192909264602,0.001516133180037804
9884,0,0.0005409800510536864,0.00037537925683742254
9885,0,0.0006007337032896663,0.0007421557701150138
9886,0,0.0007772565156855761,0.000725574346545538
9888,0,0.0017618038456439912,0.002717002005979489
9889,0,0.0004196182546998623,0.00041525312870779326
9890,0,0.0004721849223536782,0.00046210349658748815
9891,0,0.0005629762654854814,0.0006114805338524639
9892,0,0.0021382935679593535,0.00234383191136963
9894,0,0.0013279766221562406,0.003162552590794096
9896,0,0.002018978676529323,0.0021871209026254326
9897,0,0.0006671998722084223,0.0004904455298273759
9899,0,0.0009758105905594337,0.001327977994655137
9900,0,0.0004744383163595582,0.0004928906463270934
9901,0,0.0006140836290644742,0.0009410882666761886
9902,0,0.0007515995913888159,0.0007994589731359365
9903,0,0.0011883697795231011,0.0016865449690900165
9904,0,0.0008554229481543816,0.0011455386909023607
9905,0,0.000695380209905795,0.0007352307995502241
9906,0,0.0006860295696983074,0.0006362115258734132
9907,0,0.06881680894785899,0.049055587662666225
9908,0,0.010416790297578981,0.014677396234226092
9909,0,0.001717822535035955,0.0015461818709885686
9910,0,0.00028416149951558586,0.0006029180035180409
9912,0,0.00048132431719656214,0.0003157235229802983
9913,0,0.0018827669094412403,0.0021228693310471006
9914,0,0.00025549360462670176,0.0006284626964537235
9915,0,0.0007480824799477026,0.0005735086740437294
9918,0,0.0004976949051665653,0.00033209411095030147
9919,0,0.0012818778141330182,0.002539025047848641
9920,0,0.0019425355490540626,0.002182637970659923
9921,0,0.0004772628287695725,0.00031166203455330866
9922,0,0.0016935668034214406,0.0019336692250273009
9923,0,0.0003705231629125938,0.00036615803692052474
9924,0,0.0004901560149217018,0.000324555220705438
9925,0,0.0007447024174784381,0.0009923626854776886
9926,0,0.0017225276578128482,0.0019280660012231244
9927,0,0.000545236568757289,0.0009042138313909105
9928,0,0.00028386494915030056,0.00033296800213028954
9929,0,0.0005737771081076363,0.0005220949389675982
9930,0,0.00028508644325085045,0.0004015587220242384
9931,0,0.0003451539640386486,0.00045928028125080136
9932,0,0.0005279357856495762,0.0005757951673966967
9933,0,0.0016275807053443754,0.0019865579679779967
9934,0,0.0005088145840742024,0.0003388148444554571
9935,0,0.0003364662805989134,0.00045059259781106615
9936,0,0.0006208283693723169,0.00044918770532493055
9937,0,0.000502475042017083,0.00051312049051965
9938,0,0.000585897593420956,0.00041425692937356964
9940,0,0.37674724078604277,0.3770059648765507
9942,0,0.0008689819474599412,0.0013637991487631962
9943,0,0.0014618349598540107,0.0021295834273869912
9944,0,0.00030033607015669296,0.0005700655464675609
9947,0,0.00039177424404238743,0.0007036943747107461
9948,0,0.00041146345883590844,0.0007233835895042672
9950,0,0.0012657947432534748,0.0011376272181297432
9952,0,0.002740402428296785,0.0035620131525672593
9953,0,0.0005870938694504507,0.0006677269273844297
9954,0,0.0005913799641826562,0.00042577916996639235
9955,0,0.00042272760531575257,0.000703357909886386
9956,0,0.00037359979875930405,0.0007082225912969575
9957,0,0.00035330129899906345,0.00047460364996686926
9958,0,0.00043508719320025843,0.000766051751940423
9959,0,0.0003954526076573537,0.0007371206683339719
9960,0,0.0008853418501534572,0.001218197371263839
9961,0,0.00045751930011585614,0.0007694394307842148
9962,0,0.0010319118289941536,0.001528974249125807
9963,0,0.0010266672128258158,0.0012005223783858232
9964,0,0.0006052760540516294,0.0006859091119856083
9966,0,0.0037496703279843242,0.003517634458148488
9967,0,0.000387330378269155,0.0006992505089375137
9969,0,0.0006649364819389219,0.0005058824696694989
9970,0,0.001343909701501894,0.001439649992396562
9971,0,0.002198510442600357,0.0024595349696279
9972,0,0.0005278964376743678,0.000897136104210975
9977,0,0.004213070776911149,0.00453309149321124
9979,0,0.0018888212508039442,0.0026334908503113296
9980,0,0.0020937367639902085,0.0035909162606217325
9982,0,0.003916020786011844,0.004791193810313076
9984,0,0.0025128914873210647,0.0026714318672411324
9986,0,0.007390577790714251,0.01011577710548897
9987,0,0.01988844232301376,0.024602545174683133
9988,0,0.00573989722288183,0.006470470901397291
9989,0,0.0410152087423646,0.04109398955812521
9990,0,0.0002584751897887368,0.0003075782427687257
9991,0,0.00027042782516260345,0.0003195308781425924
9992,0,0.0006549142897919788,0.0010138915524256001
9995,0,0.0004776809177931626,0.0007357579239430875
9996,0,0.0008891817063656579,0.0011692155190280561
9997,0,0.0002917227923693458,0.0006104792963718008
9998,0,0.000528043409930097,0.0003689893976606738
9999,0,0.0012427859992039272,0.0014548450342471593
10000,0,0.0003070061433211182,0.0004234784220945062
