id,target,current,shallow,deep
1,0,0.0002607878980192,0.0003038471955569266,0.00021031624119343198
3,0,0.0003377934658057,0.0003086245191679215,0.0002039127429299354
4,0,0.0003934428322066,0.0006644191086341498,0.0002271215089977845
5,0,0.0005221224987794,0.0008301761762794693,0.00024532666071165
7,0,0.0002518110252832,0.0002451127104784115,0.00016395385549772355
8,0,0.0004082960543956,0.0004195305635948949,0.00015361282856180168
9,0,0.0008225276612383,0.0008777612227161755,0.0006421968793271758
11,0,0.0003933272023472,0.0004780681755256918,0.0001721748490717981
12,0,0.0003527219321088,0.0006685804562433559,0.00017385421316149763
13,0,0.0014791218358477,0.0019592298629734664,0.0006909667815469145
14,0,0.0003462774180533,0.0004310183912317418,0.0001251250647778481
16,0,0.0003991805669181,0.00031551396965427155,0.0002884351522734266
17,0,0.0014822336443808,0.002085836978031858,0.0007112759478074917
18,0,0.0005653844394434,0.0010086042236754462,0.000330302030520928
19,0,0.0011901104015534,0.002099549727601768,0.0007017181330320952
21,0,0.0010201566503128,0.0016199276594066558,0.0005504799571623457
22,0,0.000454500131747,0.0005616450797682349,0.00019694681200035783
23,0,0.0002328675864075,0.000610439841291568,0.0003002493852312629
24,0,0.0004534145594041,0.0004702521019873349,0.00044674318893655476
25,0,0.0002584515412251,0.00024757030493631146,0.00016962570532701643
27,0,0.0005338523712965,0.0005450868804957754,0.00029136962163238303
28,0,0.0005172080971083,0.0006684360143005054,0.0004240255619229728
29,0,0.0007094417131945,0.0010174953906945193,0.0003847385707732182
30,0,0.0004073282604232,0.0004920692336016917,0.00018617590714779808
32,0,0.000625892942193,0.0005894686353353203,0.0005571146312843072
33,0,0.0006413550008106,0.0010845747850426462,0.0005745434177226066
34,0,0.000333586832697,0.0005068047991190572,0.0001889069749659834
35,0,0.0002882355008087,0.00028153718600391144,0.0001926447127336461
36,0,0.000366668684406,0.0005346256257683533,0.0002037641407363999
37,0,0.0004164163697221,0.00043413051216271064,0.00040143863938020113
38,0,0.0006570390992363,0.0009650927767363192,0.00031691328011497
39,0,0.0015231386560318,0.0018270904028323087,0.0008762747147874811
40,0,0.0011802512387359,0.0019287701291542153,0.0005441132012846108
41,0,0.0012682850770528,0.0020278199698025787,0.0007861377442989908
42,0,0.001499847927497,0.0021373269785265165,0.0010378958561165171
43,0,0.0014929269455364,0.002377149778059418,0.0013342306648746543
44,0,0.0017110714660605,0.0021911794931862667,0.0013006689267863075
45,0,0.0004255133841534,0.0005934703255157034,0.0002626088404837499
46,0,0.0006860613504096,0.0007258787169312263,0.0003346627662322236
47,0,0.0009461935084096,0.0010383405649822255,0.0008367303583353204
48,0,0.0008247749060806,0.0009827640928655138,0.0007526280428932245
49,0,0.0006428143021374,0.0009445917342922059,0.00043257683239489986
50,0,0.0006527362738255,0.0009607899513255192,0.0003768500183316079
51,1,0.9535068607433952,0.9512603505906034,0.9575105839815384
52,0,0.0011157678529768,0.0011175353236605999,0.0007901970035227699
53,0,0.000365951081792,0.0004090103793296766,0.00031371424666367623
54,0,0.0004906627668051,0.0005044077691338627,0.0004900891085591495
55,0,0.0005957654851389,0.0006839281242298918,0.00038358645772244165
56,0,0.0004357955326428,0.0005235648703088417,0.00022322320380139163
57,0,0.0004782250070361,0.0005659943447021918,0.00026565267819474164
59,0,0.0018716039299121,0.0019359983507515354,0.0015294885541718409
60,0,0.0016928894870188,0.001997598987881136,0.0009347698820718914
61,0,0.0011703472978014,0.0015108739685954103,0.0008428755110988135
64,0,0.0013872676392331,0.0014464777373097738,0.0014642053779214711
65,0,0.0006923681161142,0.0008603250574765034,0.000516185098503344
66,0,0.0012035880704973,0.0013765175632627516,0.0010599165258178332
67,0,0.0006886708819779,0.0007734118551563418,0.0004709146545699127
69,0,0.0008767891243774,0.0010363512692448571,0.0007059226274204936
70,1,0.9905241072936752,0.9908824611512843,0.9908125040015741
71,0,0.0020099884803907,0.0020268260229739346,0.001998585332955602
72,0,0.0007219489222164,0.0008359824396544083,0.0005530197164749147
74,0,0.0010543708516131,0.0010720849940537105,0.0010826347068647634
75,0,0.0047374484336483,0.0071902215894002796,0.0026208243944234027
76,0,0.0380365919978642,0.04903764972016902,0.030229127701602437
79,0,0.0008406157465873,0.001098115853586735,0.0005979285920253139
80,0,0.0006904135958209,0.0011336333800529461,0.00046708327089126
81,0,0.0003934412921219,0.0006644175685494498,0.0002252989551801833
82,0,0.0003721569264204,0.0005401138677827034,0.00021407147224743932
83,0,0.0009200396121068,0.0010879965534691532,0.0007634396967690824
84,0,0.0004517163397748,0.0004629508489740754,0.00019703311394098213
85,0,0.0037359541184359,0.003993454225435335,0.003602231529425852
86,0,0.0004306246646066,0.000808196919490668,0.0005037430002431186
88,0,0.0003746156466541,0.0004589584844304918,0.00015306515797659808
89,0,0.0011864629460326,0.0016296827302645961,0.0011277927991055255
91,0,0.000411907940907,0.00038069820433512023,0.0003294961500607686
92,0,0.0004061186403288,0.00037490890375692024,0.0003237068494825686
93,0,0.0005604632630109,0.0007273291265218679,0.0004171386704615629
94,0,0.0003098861713426,0.0004778431127049534,0.00014837810738306897
95,0,0.0002530589017245,0.00023071460613830215,0.00016520173193902352
96,0,0.001431374576192,0.002034977909843108,0.0006215966292485942
97,0,0.0003074463279357,0.00046700847280310714,0.00014945826909126895
98,0,0.0002489046456408,0.00019924610451801022,0.00014766675372353223
99,0,0.0004600025945384,0.00047123710373772544,0.00020531936870463215
100,0,0.0003202496740617,0.00048820661542400335,0.0001573451303920499
103,0,0.0002790970062176,0.0003221563037553266,0.00022686017108932625
104,0,0.0004157273418237,0.0006867036182512498,0.00024338946781654765
108,0,0.0003619129142011,0.0005298698555634034,0.0001990083705314499
109,0,0.0003654082723177,0.0004497511100940918,0.0001438577836401981
110,0,0.0003265433726421,0.00031984505783736144,0.00023868620285667351
111,0,0.0011948036322667,0.0013460315494588553,0.0011016210970813227
112,0,0.0004648439902087,0.0005366160528922611,0.00023376486018953838
113,0,0.0005526295867732,0.0005392400509600754,0.0002800775282786743
116,0,0.0005387312854136,0.000523314276288481,0.00035206384133800556
118,0,0.0003181017058617,0.00033934980506139506,0.00030376380936660854
119,0,0.0004267055051434,0.0005114464783218918,0.00020555315186799808
120,0,0.0004802580921196,0.0005233173896573266,0.00044626071376728104
123,0,0.0014865751246199,0.0021240541756494162,0.0007047837571256485
124,0,0.0004375715633459,0.0004931812080035111,0.0002176270072699829
125,0,0.0003566568005465,0.00040412442045894507,0.00033599398726305655
126,0,0.0005173892203883,0.0005106909055835114,0.00044961993835882435
127,0,0.0022888739762261,0.003664981870182259,0.001397133545140781
128,0,0.0005191834123367,0.000503766403211531,0.0003427376998066683
129,0,0.0004085753986996,0.0004963447363656919,0.00018634370249174712
131,0,0.0005065137963787,0.0005267463300036142,0.00023278586106805394
132,0,0.0006081820440197,0.0006762059308988314,0.0006883916604047927
133,0,0.0006058522814925,0.0009139059589925192,0.0002864706984129532
134,0,0.0005969850252207,0.0009128435493552559,0.0004164054561043531
136,0,0.0004912564015018,0.0005759973746802418,0.0002701040482263481
139,0,0.0004331516772136,0.00046713095838092243,0.0003662076460188337
140,0,0.0017828454884854,0.002566268582235588,0.0010277694216706335
141,0,0.000507038249231,0.0005003399344262115,0.0004633640141618737
142,0,0.0004880638872748,0.0004813655724700115,0.0004443896522056737
143,0,0.0013490684050597,0.0014473481763460855,0.0010700820460826815
144,0,0.0008007803079629,0.0009692330589429638,0.0006178010449512292
146,0,0.0006384267375508,0.0006521717398795127,0.0006378530793047995
148,0,0.0006343530887513,0.0007221224264173918,0.0004217807599099417
149,0,0.0011138505935388,0.001555784789078396,0.0008168351583782023
150,0,0.0009583275088425,0.0010013868063802266,0.0009534261838700634
151,0,0.0010924074812973,0.0012460824140350674,0.0006821412810186034
153,0,0.0003553207605436,0.00033297646495740213,0.00030077918867548934
154,0,0.0024690016024769,0.0023989285081520437,0.0024675519996764732
155,0,0.000722400543744,0.0008101698814100917,0.0005098282149026416
156,0,0.0084308826411947,0.008447720183777886,0.008419479493759553
157,0,0.01160653007411,0.008378392832495755,0.011718619222738225
158,0,0.0209620488987332,0.02123210730511607,0.01336779573823453
159,0,0.0121801194394826,0.015452759539609031,0.008670917330227982
160,0,0.0218478626375387,0.02777328900822123,0.035575578338074024
161,1,0.9801685720206038,0.9795779350835425,0.9803916677459044
162,1,0.9152889083864172,0.911574964905066,0.9182580571259908
163,0,0.0003342914616069,0.0004186342993832918,0.00011537965607305165
164,0,0.0003671344103322,0.0004389064730157611,0.00013897022393529845
165,0,0.0005177548070818,0.00030241516387255935,0.00021521535429354501
167,0,0.0002138771083596,0.0001915328127734114,0.0001260199385741328
168,0,0.0002806958040755,0.0003237551016131766,0.00022845896894717625
169,1,0.9507932205225526,0.9485407342520212,0.9559277061095217
170,0,0.0014714450380486,0.0023359269026601128,0.0008065005563182355
171,0,0.0003059673108427,0.00032368145328331066,0.00028689565593852627
173,0,0.0009540993087181,0.0009709368513013349,0.000942696161283002
174,0,0.0004202309575205,0.0004392931448586754,0.00017337540982558213
175,0,0.0018275760938227,0.002761896367085218,0.0013432654371207226
177,0,0.000227547217358,0.00020520292177180215,0.00013969004757252354
178,0,0.0006029525645296,0.0007541804817217555,0.0004985852969925594
179,0,0.000451021441773,0.0007219977182005498,0.0002769717175968031
180,0,0.0014743738447242,0.0022011858803601663,0.0006548951091324017
181,0,0.000511182721502,0.000538135005017085,0.0003037334030819721
182,0,0.0004136209079863,0.0004983618811647917,0.00019246855471089807
183,0,0.0014684384997841,0.0020720418334352077,0.0006440217255149375
184,0,0.0004151057361796,0.0004263402453789254,0.00016042251034583215
185,0,0.0002747129208568,0.00029596102005649506,0.00026037502436170853
186,0,0.0003336149171404,0.0004944500239754454,0.00029513193107272534
187,0,0.0015819271185238,0.002185530452174858,0.0007768967541329302
189,0,0.000450097555114,0.0004691597424521754,0.0002047978268685161
190,0,0.0002254908479399,0.00021879253313511146,0.00012990005986484606
192,0,0.0003510898063813,0.0004354326441576918,0.00012953931770379808
193,0,0.0006030848330311,0.0007627440712817873,0.00037212215506337925
196,0,0.0004236680914236,0.0005080109291999918,0.00021130665439054804
197,0,0.0004776599396864,0.00041646788200208287,0.00023372389401690909
198,0,0.0003184800014684,0.00048643694283070335,0.00015697193750881895
199,0,0.0005203102817295,0.0005393724690677254,0.00028020994638632425
200,0,0.0007127117503387,0.0007901589599927924,0.0007115535266036454
201,0,0.0003294255938838,0.0003070812982976022,0.00024156842409832352
202,0,0.0003477875389981,0.0005157444803604033,0.00018593185459728342
203,0,0.0004453120824342,0.00046302622487476064,0.00042624042752997625
204,0,0.0002120294526307,0.0005527891832721918,0.0002358366040686197
205,0,0.0004013201388769,0.0004856629766532918,0.0001797696501993981
206,0,0.0023133831472266,0.0034615811383013357,0.0014647243841046376
207,0,0.0004010270868195,0.00037868279123335214,0.0003290699692332802
208,1,0.8188885689894605,0.8015512330682875,0.822900679877255
209,0,0.0006184455700064,0.0006134190415267754,0.0003530806420292039
211,0,0.0004390231126697,0.0005267924503357918,0.0002167914164618471
212,0,0.0004306738290606,0.0005902359739280072,0.0002723381497749334
213,0,0.0017250541760347,0.002870848446762033,0.0009830397342501381
214,0,0.0008719432733322,0.0012378845301400914,0.0005114118638402795
215,0,0.0003716661477978,0.0003893802902384106,0.0003525944928936262
216,0,0.000360940479656,0.0005288974210183534,0.00019383950283087176
217,0,0.000534839028116,0.0005778983256536766,0.0005008416497636309
218,0,0.0005252276932945,0.0006984456597166071,0.00037530254313917176
219,0,0.0004717019982547,0.0006396589396170033,0.0003046010214295217
220,0,0.0008999621373189,0.0011777744923934348,0.0005294672373371459
221,0,0.0010532967128981,0.0014346938566914649,0.0005877689713230505
222,0,0.0006660841828256,0.0006348744462537203,0.0006418302903508324
223,0,0.0098059667305035,0.009147508083618609,0.0068892716857789985
224,0,0.0006810155293814,0.0006617491394640254,0.00039970347088740465
225,0,0.0024439038458369,0.00241269410926502,0.0028354058586396724
226,0,0.0015808890154166,0.0022396524756345005,0.0010620625083631288
227,0,0.0017923712710041,0.0023996603544427907,0.0009342191807465156
228,0,0.0004996801326995,0.0004929818178947115,0.00046355721594183214
229,0,0.0004058027971507,0.0005790207635727571,0.0002505250904823393
230,0,0.0007876661334308,0.0009472282782982571,0.0006167996364738936
231,0,0.0005970512932185,0.0005903529784137614,0.0005609283764608821
233,0,0.0007671168697565,0.0007193959756489066,0.000628449838595012
234,0,0.0006776436774787,0.0008372058223461072,0.0005049806649829939
235,0,0.0005347175165023,0.0005867822044964225,0.000520809558367744
236,0,0.0006058145839676,0.0006235287264081607,0.0005867429290633763
238,0,0.0006135619296803,0.0006222848606512223,0.0005613250945519763
239,0,0.0024572006721357,0.0026779223214722105,0.0021341128021561415
240,0,0.0007198100363906,0.0007410581355903451,0.0007493257229570494
241,0,0.0028337142036355,0.0031970714442383034,0.0022181385097157324
242,0,0.0177686150231338,0.018596971943525782,0.017414353943433818
244,0,0.0256490590467612,0.04705315902471944,0.014506122944646205
245,0,0.0103912530136324,0.013832375900824052,0.0071807265389517635
247,0,0.0115301833526016,0.01571899466894039,0.008685179113011171
250,1,0.9651618552677754,0.9636521517482208,0.9673866940983438
251,0,0.0003086641767729,0.00048188214319495713,0.0001692400881049324
252,0,0.0002706249964047,0.00031368429394237657,0.00021838816127637626
253,0,0.0003227971910826,0.0004960151575047071,0.0001833731024146824
254,0,0.0014027341004549,0.002286956932977968,0.0011182142964613485
255,0,0.0003550902346808,0.0005230471760431034,0.00019849031934303238
256,0,0.0004145560044183,0.0004257905136175754,0.00015987277858448215
258,0,0.0004408021019493,0.0005255430751277418,0.00022228843181750163
259,0,0.0002518007448437,0.00024510243003891146,0.00016394357505822353
260,1,0.98414140587612,0.9804970697494575,0.9893105976184755
262,0,0.0002360138671845,0.00025726196638419505,0.00022167597068940853
263,0,0.0004047484593326,0.0004894894325110418,0.00018359610605714807
265,0,0.000474049170836,0.0004940631222566796,0.000240520274237815
267,0,0.0003352916301496,0.0006062679065770998,0.00016295375614239763
268,0,0.0004112894441734,0.0004281269867565849,0.00039988629673825204
270,0,0.0004405093603305,0.00045174386952977544,0.00018582613449668215
272,0,0.0004366333619342,0.0004478678711335254,0.0001809624470207364
273,0,0.0004156055564143,0.0004268400656136254,0.0001624781500299661
274,0,0.0007802237676787,0.0011875311203378295,0.0003256694934324434
275,0,0.0004139746644543,0.0004987156376327918,0.00019282231117889807
276,0,0.0005845937866851,0.0007442530249357872,0.0003683500643002764
278,0,0.0006410714900405,0.0006808888565620763,0.0002987756051803193
279,0,0.000738392401998,0.0007936259634759255,0.0005736230709964138
281,0,0.0003186671731502,0.00048662411451255337,0.00015715910919066896
282,0,0.0002482105899271,0.00022586629434095213,0.00016035342014167353
283,0,0.0010056021533995,0.0013309484285995293,0.0005369930904966426
284,0,0.0002957735445498,0.0003388328420874766,0.0006434820044170761
285,0,0.00079848449515,0.0009497124123421554,0.0007053019599646227
286,0,0.000344469048383,0.0005040311932504571,0.0001861333690973834
287,0,0.0003724879915303,0.0004568308293066418,0.00015093750285274807
288,0,0.0003309654953298,0.0003086211997436021,0.0002268924281507822
289,0,0.0008584803842365,0.0005839727737999736,0.0004880436351562006
290,0,0.0010036381721684,0.0013675695614502794,0.0005089862493541901
291,0,0.002372859522554,0.002145519723141531,0.00209749602523815
292,0,0.000512413838049,0.0004990243022358755,0.0002386859027383039
293,0,0.0011593086742992,0.0019899240876421103,0.0009432885870180663
294,0,0.0005002767928946,0.0005202907443152295,0.00026817459458522614
295,0,0.0014871552583053,0.002143368189447038,0.00086560779714328
297,0,0.0010675652605948,0.0013929115357948294,0.000570142999242176
298,0,0.0006103713909527,0.000777237254463618,0.0004666405065098261
299,0,0.0005217224355011,0.000538559978084335,0.000510319288066002
300,0,0.0003259851074707,0.0003192867926659614,0.0002386718995569988
301,0,0.0003775460839766,0.0005593633566448534,0.00022068891020878304
302,0,0.0005810936243671,0.0006658345975455418,0.00035994127109164806
305,0,0.0057539936025359,0.00572278386596407,0.00603949648616028
306,0,0.0014868271144175,0.0016387248573278411,0.0013385586270457034
308,0,0.0003960206777802,0.0005692386442022572,0.00024778848980085936
309,0,0.0026012019284774,0.0036973017885650857,0.00163061127868291
310,0,0.0004937582499583,0.0005368175474959766,0.00044152141482997625
311,0,0.0003706537177715,0.0004137130153091766,0.0003184168826431763
312,0,0.000761852462479,0.0007731973558180763,0.00040327387511446207
313,0,0.0005240208515196,0.0006835829963870571,0.00034820155858732876
314,0,0.0024192879128798,0.005936128542324853,0.0012722226952632178
317,0,0.001107280099861,0.0012804980662831072,0.0009451166284833787
319,0,0.0005997799341858,0.0005930816193810114,0.0005636570174281321
320,0,0.0004680304361626,0.0004892785353622951,0.0004975461227289995
321,0,0.0017802509236092,0.0020045707794299717,0.0015673821944745666
323,0,0.0008721736781751,0.0010513644254756534,0.0006906060836058977
324,0,0.0019691014988626,0.0018815146890806469,0.0019089025920132096
325,0,0.0006840823262203,0.000684067712378488,0.0005169982171438674
326,0,0.0043040721294128,0.004216894701206757,0.004893599382705408
327,0,0.0020476453486623,0.0027175309771932327,0.0011231163595216693
329,0,0.0206729119301806,0.027938276875988138,0.010839553947554263
330,0,0.0286791773234109,0.023529892531280253,0.01465233266789288
331,0,0.0993827062459445,0.10129752942053911,0.10523106748135382
333,0,0.0002646825528522,0.0003077418503898766,0.00021244571772387625
334,0,0.0003348181044903,0.0005080360709123572,0.0001912453482738986
335,0,0.0005371824511973,0.0006090306887257763,0.0001826678140515915
336,0,0.0004244436987601,0.000591309562271018,0.0002820067723298815
337,0,0.0004535841792186,0.0006054819221289911,0.00031114725278843147
338,0,0.0003249675912038,0.0007025398460878179,0.00039323705614668144
339,0,0.0002451770787803,0.00023847876397556145,0.00015731990899487352
340,0,0.0002851020884606,0.00045832005488265714,0.0001415293322441986
343,0,0.0004886164239166,0.000531901102140985,0.00019450746613675275
344,0,0.0008451956475119,0.0011026957545113348,0.0006018698566118235
345,0,0.0218600592084183,0.021899594806915886,0.021701704295251766
346,0,0.0002249995485881,0.00024624764778784507,0.00021066165209305854
347,0,0.0004207344205503,0.000508106297205535,0.00015285673916472199
350,0,0.0004302640092764,0.0004493261966146254,0.00018340846158153214
351,0,0.0006206776495406,0.0010126636949683414,0.0003019856810083846
354,0,0.0003678724714567,0.0004526134446351418,0.00014672011818124808
356,0,0.0004234618928828,0.0004425240802210254,0.0001781621646373661
357,0,0.0008790535806688,0.0012502427808027295,0.0004500712994784439
359,0,0.0004770746168432,0.0004883091260425254,0.0002239472104588661
360,0,0.0003104561331465,0.0004700182780139571,0.00014856812361255933
361,0,0.0002358556715703,0.00022915735676551146,0.00014026488349524606
362,0,0.0003216724878203,0.0004948904542423572,0.0001731102949883943
363,0,0.0003792164466877,0.0004639574198661918,0.00015806409341229808
364,0,0.0040540835983194,0.0038267437989068813,0.003800245223662944
365,0,0.000856741158677,0.0012999609429090462,0.000596662966545916
366,0,0.0017757880447423,0.002379391378393408,0.0009204663172926368
367,0,0.0004735620269562,0.00046017249114307544,0.00020100996846167429
368,0,0.0003114044813567,0.00047936142271900334,0.00014599646670755933
370,0,0.0002706943993393,0.00024835010375315217,0.00018283722955387353
371,0,0.0002537159265252,0.00023137163093900215,0.00016640271861144884
374,0,0.0008053143395744,0.0010003606896708405,0.0004537227266955221
376,0,0.0003850245113384,0.0003783261965336614,0.0003130673937521802
377,0,0.0009355732090742,0.0012609194842742293,0.00046696414617134255
378,0,0.0005307232398618,0.00046953118217753285,0.00027626453963913505
379,0,0.0002952622111507,0.00034272983106319505,0.0002838021946300443
380,0,0.0008458614994466,0.001012727362957518,0.0006975930120748035
381,1,0.8630245271671526,0.8581255810434645,0.8675546381426202
383,0,0.001605310292693,0.002208913626344058,0.0007370996765290982
385,0,0.0009358519468708,0.0009046422102989203,0.0008604810087672114
386,0,0.0006073601862004,0.001050579970432446,0.00036293949556223556
388,0,0.0017380556884398,0.0023968191486577507,0.0009907864175225025
389,0,0.0002961656383085,0.0007837874267596763,0.000406349515076912
390,0,0.0009522966944769,0.0013955164787088962,0.0007073749643142935
391,0,0.0004292885435935,0.0004569372565481724,0.0004580214316907695
392,0,0.0004601728291651,0.00045347451436031144,0.00041649859409597365
393,0,0.0003385257540263,0.00033182743922156144,0.00025887206155005916
394,0,0.0013259669030565,0.0016437279584238865,0.0006342650707915035
395,0,0.0004479114273866,0.0006158683687489533,0.00027719392231288304
396,0,0.000654906988037,0.0006356405981195754,0.0003786256330195592
397,0,0.0007118806358607,0.0006465443912730255,0.000396048893024979
398,0,0.0077116606222365,0.007662002081113761,0.007728255565725344
399,0,0.001102624098589,0.0014828614852175352,0.0008983141528422474
400,0,0.0015370295825938,0.0011516659870152671,0.0009706689178030276
401,0,0.0036834396800608,0.003785413829953806,0.00360356561754223
402,0,0.00171705299558,0.0017526592300592856,0.0013415648140520963
403,0,0.0004514222999761,0.0005391916376421418,0.00023884997113469164
404,0,0.0089956380736487,0.009583190342815304,0.008689388908280882
405,0,0.0129583200324588,0.009971829331441398,0.01045071947164897
406,0,0.0080857633123043,0.0089683128282026,0.0077879222352943535
407,0,0.0010172324816891,0.001107310103970991,0.0010219154571608363
408,0,0.0003899512584132,0.0003676069628270022,0.00033540968654508933
410,0,0.0008302716882906,0.0008146580050661677,0.000557257644044397
411,0,0.0015781259106998,0.0016329237603802432,0.0013141887576251165
412,0,0.0072939323042642,0.011344163914502462,0.004056343965871812
413,0,0.0045447219148028,0.004540612197443328,0.003479660725140654
414,0,0.0239489500743107,0.03019974903782595,0.01655810756624018
415,0,0.0227208871983061,0.025363389330282426,0.01568380000539876
416,0,0.033571057003328,0.03102128995199846,0.019508806603358814
417,0,0.0233507604675664,0.03678397938669316,0.019273359798353453
418,0,0.0898299732551764,0.07740909708726415,0.05357374446113691
419,0,0.0021811583630066,0.002197995905589835,0.0021697552155715023
420,0,0.0003308399557923,0.0004987968971546033,0.00017009137290609861
421,0,0.0055874147093897,0.006191018043040808,0.006865780464001209
422,0,0.000250486604933,0.00027173470413274504,0.00023614870843795851
423,0,0.0013565273875849,0.0021050462780031654,0.0007166157084236514
424,0,0.0003125297551627,0.0004804866965250034,0.0001517811722764986
425,0,0.0004153489747909,0.00039993196566573094,0.0002111513571684511
426,0,0.0016000685999346,0.0016388869546558047,0.0016707366820199472
427,0,0.0003421339518173,0.0005100908931796033,0.00017997510820574937
428,0,0.0003335565170919,0.00041789935486829177,0.00011200602841439808
429,0,0.0004214598634805,0.0004405220508186754,0.00017460431578558214
431,0,0.0002564745650836,0.00027418870752421063,0.00023740291017942624
432,0,0.000498874753983,0.0008069284314830192,0.00017461959682546003
434,0,0.0005265186677892,0.0006777465849814055,0.0004221514002522094
435,0,0.0003180059757735,0.0003456546887281224,0.000272991121756231
437,0,0.0002654250465123,0.00027917004884106273,0.00022099780520485853
438,0,0.0003055405112261,0.0003485998087637766,0.00025330367609777626
439,0,0.0012014683103718,0.0019499872007901153,0.0005615566312106014
441,0,0.0006209908023229,0.0010642105865549462,0.0003765701116847356
442,0,0.0005790242048827,0.0010222439891146961,0.0003346035142444856
443,1,0.7004304841609336,0.5245083623221002,0.6793812379997439
445,0,0.0002726945727499,0.00029040871519046065,0.00025362291784567626
446,0,0.0036055383163586,0.0037724041798695178,0.003457655533142383
449,0,0.0003373096769002,0.0005052666182625034,0.0001702519322716833
451,0,0.0004863527005002,0.0006580605024543908,0.0003870947062627405
452,0,0.0004227896261532,0.0005655130318210423,0.0003899306138967079
453,0,0.0003690473557847,0.0005422653222067572,0.00022081516780535934
454,0,0.000338574830396,0.00033187651559126146,0.00025071766061057353
455,0,0.0007772108263529,0.0008170281928745263,0.00045887509039710395
458,0,0.0019112253558992,0.0026487143387061655,0.0012633167787768126
459,0,0.0005240574246345,0.0005106678888213755,0.0002503294893238039
460,0,0.0009273242397128,0.0009206259249080614,0.0008553671221265802
461,0,0.000393876627135,0.00037047065832610936,0.00022592803994985811
462,0,0.0006165605835904,0.0007828716670976379,0.00048458481740065794
463,0,0.0004932159530366,0.00046980998422765935,0.0003326204546768805
464,1,0.922620232735998,0.9190410543668168,0.9246423254230547
465,0,0.0006238852429784,0.0006104957071652754,0.000359957837269276
467,0,0.0003912932050098,0.00046668437735201105,0.00015929540886743882
468,0,0.0015876373817471,0.0015668185350859202,0.001527105270027883
469,0,0.0005224915506953,0.0005001472551091522,0.00047532487272736504
470,0,0.0005715751400197,0.0005665486115400754,0.000316010741644076
471,0,0.0003565952570488,0.00035498741429372657,0.00029750733357751015
472,0,0.000393503363481,0.00037009739467210934,0.0002255547762958581
473,0,0.0003091249491184,0.00037891339452021043,0.00014921500203105188
474,0,0.0004790020162378,0.0005475409132306773,0.00033253023592428444
475,0,0.0005062995110326,0.0005867985970944604,0.00033708172414033654
476,0,0.0008523610586314,0.0008874527854998237,0.0006515551076783376
478,0,0.000310173315394,0.0003682427493414104,0.00012835409158686395
481,0,0.0004668731796912,0.0005546425173572918,0.00025430085084984165
483,0,0.0005296803924167,0.0005384033233876723,0.0005247790674442635
484,0,0.0026222511889348,0.002972173921723724,0.001996490127865295
485,0,0.000800655560158,0.0008392955516693273,0.0006206267167172291
486,0,0.0054482118891733,0.005525663315718069,0.005295085230131973
487,0,0.0004757775934769,0.0004934917359175107,0.0004567059385727263
488,0,0.0005670168254872,0.0006314484020029695,0.00039427656560156135
490,0,0.0048231493480366,0.007587718661400955,0.003017195490171695
491,0,0.0011081189009913,0.001156478445419514,0.001134278809256398
492,0,0.000870866026922,0.0012590765095918603,0.0005356044043305125
493,0,0.0016630065875742,0.0016599561498193936,0.0015478757820137831
494,0,0.0020088212776259,0.0020518805751635763,0.0020327758117784592
495,0,0.0031181025080696,0.003596738088141701,0.0035887469060042914
496,0,0.0047271700837837,0.005011514296511679,0.004387662014612673
498,0,0.0262626610187825,0.029039923201495062,0.024414553378448563
500,0,0.0144233596972327,0.019216845045504524,0.008384516781923871
501,0,0.0485471153635064,0.04615756811125386,0.026258315110817
503,0,0.048265186137888,0.056143592260296596,0.042696959590477576
505,0,0.0003342638601911,0.0004060359228747087,0.00010609967379424605
506,0,0.0003165334855588,0.0004008763233351536,9.762168002491346e-05
507,0,0.0002670723141397,0.0002808173164684127,0.00022225846124895648
508,0,0.0002416759809818,0.0002366960198866752,0.00015031871340730709
509,0,0.0005178058231697,0.0005346433657529349,0.000505920345001838
510,0,0.0004821152749554,0.0007901689524554193,0.00020531943688760008
511,0,0.000334704436149,0.00040449288155081043,0.00017909602142763138
512,0,0.0003125738973405,0.00035563319487822657,0.0002599197511534306
513,0,0.0009069124194752,0.0010771529346244111,0.000729112445840046
514,0,0.0003615779590742,0.0005318184742234111,0.0001837779854390459
515,0,0.0002491884179804,0.00027043651718014505,0.00023446390990210648
516,0,0.0003904597211712,0.0004752006943496918,0.00016930736789579808
518,0,0.0013401766503037,0.0013042260222247341,0.0008980680218680457
520,0,0.0005737636400065,0.0005373393331488202,0.0005180987194243412
521,0,0.0003269778857556,0.00041132072353194623,0.00010542739707805252
522,0,0.000332624020281,0.00041850388175747723,0.00018441281002033215
523,0,0.0002740686675703,0.0003171279651080266,0.00022141452138323058
524,0,0.0007516309517276,0.0012318577953545117,0.0004875657107464508
525,0,0.0002378355715395,0.00021130835446935215,0.00015783723411629444
528,0,0.0002650299080591,0.0003424813346038694,0.0001214958897178519
529,0,0.0003428835244251,0.0004146555871086666,0.0001118043944059439
530,0,0.0003363879217449,0.0004207307595212418,0.00011483743306734808
531,0,0.0003357702232021,0.00044403963819377725,0.0002115043859060661
532,0,0.0003871387121639,0.00047301857364037724,0.0002404833213526661
533,0,0.0003138152015633,0.0003088352404681709,0.00021718064635643786
536,0,0.0012120729749698,0.002121512301018218,0.0007870656127706586
537,0,0.0005857614476177,0.0005493371407600203,0.0005169831367090072
538,0,0.0002618487314303,0.00025096749514151145,0.00018185039400704444
539,0,0.0002784491502721,0.000300091371925306,0.0002336352973814065
540,0,0.0005073266182109,0.0004709023113531703,0.0004216563165398554
541,0,0.0003939802508553,0.0004216289638099224,0.0003727061809343388
542,0,0.0019816801598293,0.002698273116673515,0.0013436261817706917
543,0,0.000547480631305,0.000564318173888185,0.000535595153137088
544,0,0.0003648799857376,0.00037360291670852236,0.0003122258395504806
545,0,0.0027787942984456,0.002826261918358095,0.003038422781275305
546,0,0.0007134772437061,0.0007303147862892849,0.000701591765538188
547,0,0.0007478910357143,0.0007114667288565703,0.0006791127248055572
548,0,0.0004141794452392,0.0004572387427768766,0.0003615252990520806
549,0,0.0014061281031068,0.0015836664476425932,0.0005804344640113535
550,0,0.0005194776618179,0.0008325240816426693,0.00022375706193246064
551,0,0.0007406100724467,0.0009511398034654772,0.0005773887010081235
552,0,0.0014446869696698,0.0020821660206993666,0.000687161940456833
553,0,0.0003089088505971,0.00038636027714186944,0.0001653748322558519
554,0,0.0004332816563655,0.0005077100816561772,0.0003160338177401553
555,0,0.0012331656124362,0.0020024484182257626,0.0007098462952809843
557,0,0.0013524083852891,0.002692111669597066,0.0008738455782386976
559,0,0.000507132563436,0.0005815609887266272,0.0003530492525250039
560,0,0.0003449764511129,0.0004147648965147104,0.00018016485269051815
561,0,0.0020298930233046,0.002936224684587529,0.0013589825384573496
562,0,0.0003529264275339,0.00043037785407866946,0.0002093924091926519
564,0,0.0005733132243323,0.0006316009214483772,0.00040641261964430915
565,0,0.0003469892338049,0.00032046201673470215,0.00028699967257960423
566,0,0.0003494765922427,0.00033859535595391144,0.0002894870310174042
567,0,0.0004269308305123,0.00041604959422356146,0.0003625176691665472
568,0,0.0005331138405564,0.0006178548137348918,0.0003153576131484627
569,0,0.0020061160576295,0.002090857030807942,0.001975389513716672
570,0,0.0006478466888232,0.0007071950031509772,0.0004919166613211312
571,0,0.0005550085475505,0.0005441273112617114,0.0005340610111005721
572,0,0.0027973100074874,0.0028820509806658417,0.0025795537800794126
573,0,0.0027649778624448,0.0038425869853673487,0.002718153794553619
574,0,0.0007777173998661,0.0009662464593036342,0.0005829799502625331
575,0,0.0004879849652057,0.0006268485096013643,0.00029206385448652517
576,0,0.0058290234605133,0.006256478895444311,0.005494433737668401
577,0,0.0037006453160289,0.004411980675190315,0.0023837557785334916
578,0,0.0006378647808395,0.0006765047723507773,0.0004508384062649968
579,0,0.0012042788353758,0.0012920481730418916,0.0009855690660951074
580,0,0.0013163372477096,0.0013375853469092952,0.0013016127396312566
581,0,0.0503206579929824,0.03505007951264668,0.02220213472042563
582,0,0.0424868980533793,0.05107833463340877,0.045061348337004564
583,0,0.0256407179253666,0.03168445705913493,0.031482455089022005
584,0,0.011900209564191,0.021932387324529026,0.008009723919149685
585,0,0.0611490335943466,0.06593962417195529,0.06114591285937256
586,0,0.4541920381089948,0.23691894029251137,0.5071912935517497
587,1,0.8452789919715669,0.8500431414719851,0.8544385014890599
589,0,0.0643391959548618,0.07841899283673173,0.047471474182024145
590,0,0.008782509965063,0.010581206494513981,0.007971785493453655
591,0,0.093665119870157,0.35504920773895465,0.14225997752905895
592,0,0.0517089554484795,0.10057316004351813,0.04261086639296788
593,0,0.3973222230960176,0.29706613974410573,0.3264167792578876
594,0,0.0015285384561035,0.0020086464832293166,0.0008806495419499307
595,0,0.0017546493986238,0.003156500807445316,0.0012987783554089963
596,0,0.0014434550653126,0.002352894391360968,0.0010536992881737916
597,0,0.0002891126229673,0.00035354419948311944,0.00013686028696308138
599,0,0.0008954077227144,0.0009651961681161605,0.0007384973712993979
600,0,0.0003540591579709,0.00043840199574724176,0.00013514735243700163
601,0,0.0003383788246598,0.0003471017556307223,0.0002857246784726806
602,0,0.0018897742654416,0.0018639919941908702,0.0018447513804663912
603,0,0.0006829478238697,0.0006465235170119702,0.0006272829032874912
604,1,0.9401747295755368,0.9373139257899619,0.9413478679474303
606,0,0.0003830685254386,0.00040431662463834506,0.0003683440173603065
607,0,0.0004098494673182,0.0005965194482976862,0.0002468106020601246
608,0,0.0002937075083689,0.00035813908488466944,0.0001407540279885416
609,0,0.0013739686822733,0.0015219262337980873,0.0012190079166753867
610,0,0.0003108685969549,0.0003883200234997194,0.0001709349666035916
611,0,0.0003194728764345,0.00038390445295026943,0.0001665193960541416
614,0,0.000379468189143,0.00040071628834269506,0.0003647436810646565
615,0,0.0003391147204728,0.00047797826486851427,0.0001719540363896832
616,0,0.0004795044718991,0.0006981480962400772,0.0003159308432501408
617,0,0.0009725190301591,0.001211273328277927,0.0008310059527578876
619,0,0.0005376462488669,0.0008456999263669193,0.00025161438044533533
620,0,0.0004528569115132,0.0006395268924927361,0.00027265551125082245
621,0,0.0012502946091338,0.0013982521606585871,0.0010953338435358865
622,0,0.0007484800230837,0.0009064692098686138,0.0006472685591597837
623,0,0.0002820215876372,0.00025549437056705213,0.00018014651837758422
624,0,0.0012695306296961,0.0013542716028745918,0.0010483782764206982
625,0,0.0002916852201496,0.00036147366555141044,0.0001353756610521416
627,0,0.0004118451474616,0.0005151093934316772,0.00028777353404622425
629,0,0.001271150877944,0.002126032505063613,0.0006187029657506726
630,0,0.0003593303435368,0.00042911878893861044,0.00019666195445522988
631,0,0.0003623981753288,0.0004321866207305604,0.00019972978624717988
632,0,0.0003635998629192,0.00042803143943501946,0.00021032546331593285
634,0,0.0006724749439572,0.00044597364918055936,0.00046228861573988425
635,0,0.0003853172398439,0.00047242999279052726,0.0002439182565889039
636,0,0.0014263937903939,0.0013899694835361703,0.0013576154794851573
637,0,0.000361327094675,0.00035044585838621146,0.0002994776679645615
638,0,0.0005998770191098,0.0005948504906301254,0.000344312620734126
639,0,0.0003937612246558,0.0004815305623218918,0.0001715295284479471
640,0,0.0007484208748449,0.001079288149109285,0.0003997544973182372
642,0,0.0006896219810533,0.0007015105688867795,0.00048435383542485937
643,0,0.0012255117356248,0.002069097574273513,0.0005434706337142728
645,0,0.0002364280454073,0.0005074621525202939,0.00029374399751094
646,0,0.0007511190656995,0.0011990497132018615,0.00046550884579837595
647,0,0.0003835716674952,0.0004553437301787611,0.00015624422471103953
649,0,0.0007547843368201,0.0009027418883448873,0.0005998235712221867
650,0,0.0011651882081921,0.0013384061746141572,0.0010132896138859069
651,0,0.0004887748845201,0.00046224766744990215,0.0004592081877781897
652,0,0.0005899850322701,0.0006330443298078266,0.0005850837072976634
653,0,0.0011177218056138,0.0014159702637939293,0.0005993067386132619
654,0,0.0045729787217727,0.00453655441491497,0.00458887428227303
655,0,0.0010982493539211,0.0011864119930120418,0.0008860703265045917
656,0,0.0006128282932299,0.0009258747130546693,0.00032404898000110377
657,0,0.0005413158602774,0.0006260568334558417,0.0003235596328694127
658,0,0.0022648579173744,0.0024326534304229806,0.0017111867908125985
659,0,0.0006050734796531,0.0005983751648483115,0.0005689505628954322
661,0,0.0006784100491586,0.0007631510223370418,0.0004606538217506127
662,0,0.0006777820910506,0.0009509022178502216,0.0003948758363021853
663,0,0.0010770384885535,0.0012449954299158033,0.0008871291350901174
664,0,0.0005247004300108,0.0006935442771204888,0.00034066789967206315
666,0,0.0037867159309404,0.004164288185824468,0.00382794846186575
667,0,0.0010567545951401,0.001225598442249789,0.0008727220648013632
668,0,0.0005763620128184,0.0006963067436904708,0.00045183701575549475
669,0,0.0013304851065792,0.0013473226491623848,0.0025828453328304813
670,0,0.0028105189118037,0.002820831827285598,0.0025833296049154564
671,0,0.0054675757734742,0.005057922622522535,0.00663190636851246
672,0,0.0101835537180601,0.01353324600572358,0.006404482976186808
673,0,0.0100530846802543,0.012078679736969166,0.004747478044338147
674,0,0.0316761638572608,0.028651637744181793,0.014855025466861446
675,0,0.0003245460404644,0.0004088888782407914,0.00010563423493055125
676,0,0.000801496153649,0.0012088035063081795,0.00037528375255095083
677,0,0.0003189617090432,0.00040330454681959926,0.0001000499035093591
678,0,0.0003230045428958,0.00040734738067219447,0.00010409273736195432
680,0,0.0019408416752104,0.0030195463355179855,0.001072508190680372
681,0,0.0003217639208329,0.00029835795202395936,0.0001439634373768325
682,0,0.0002391929351088,0.0002604410343085451,0.00022485503861375853
683,0,0.0005303182052548,0.0009735379894868462,0.0002827230989658891
684,0,0.001325581155086,0.0014924470185969682,0.0011776983718698336
685,0,0.0002616582732358,0.0003047175707734766,0.00021118661640998196
686,0,0.0002403347358666,0.000617906990750618,0.0003031583440234834
687,0,0.0002574950925055,0.0003005543900431766,0.00020525825737717626
688,0,0.0002860143429647,0.0004539712843270415,0.00012060632831559749
689,0,0.000338964758783,0.00030775502221112026,0.0002565529679367686
691,0,0.0004858760814191,0.0007939297589191192,0.0002034691829309207
692,0,0.0003205176215636,0.00040486045933997366,9.896713288607995e-05
693,0,0.0002873312140572,0.00045528815541950776,0.00011631134924345633
694,0,0.0003340531350286,0.0004183959728049418,0.00011250264635104807
697,0,0.0003847480954701,0.0004015856380532849,0.00037334494803495204
698,0,0.000294144751482,0.0003372040490196766,0.00024190791635367623
699,0,0.0004474688061919,0.0004587033153912254,0.00020498605652783305
701,0,0.000347191180346,0.0004315340181223418,0.0001256406916684481
702,0,0.0003726859943006,0.0004570288320769418,0.0001511355056230481
703,0,0.0003225614226917,0.0003313047298667209,0.00021584806401042702
704,0,0.0003895263861546,0.0004738692239309418,0.00016797589747704809
705,0,0.0002858825088747,0.0002996275112034127,0.00024145526756720853
706,0,0.0005887801500888,0.0005753906142756754,0.00031622809159427426
707,0,0.0006971066985984,0.0008921530486948906,0.0003604943318606165
708,0,0.0020009755605446,0.002143483838840835,0.0017150110545183373
709,0,0.0009252202046975,0.0012891515939793795,0.0004930517997872486
711,0,0.0005613574683828,0.0006203931117486738,0.0006292166113616006
712,0,0.0008434072528115,0.0012618144126882295,0.00036680459647660236
713,0,0.0001409156789057,0.0004816754095471418,0.00015251913155884178
714,0,0.0004796472323109,0.0007506235087383998,0.0002945130744900203
715,0,0.0004054591903535,0.0004231733327941106,0.000404626992225281
716,0,0.0024486169254721,0.003052220259123158,0.0015223123901730896
717,0,0.0004149552000504,0.00039953819092528097,0.00022079569047929928
718,0,0.0004256932321517,0.00041899491734691144,0.0003537361145654302
719,0,0.0004269139155861,0.0004699732131237766,0.000392916537233731
720,0,0.0051184759913513,0.005474220339832157,0.0047146955630336836
721,0,0.0004428898456563,0.0005276308188347418,0.00022173749238084807
722,0,0.0006710961493318,0.0006487518537456021,0.0005991390317455303
723,0,0.0004948266586307,0.00047940964950558097,0.0003081592145551056
725,0,0.0009805091282333,0.0013058554034333294,0.00048308686688067594
726,0,0.0004087009619773,0.0005819189283994071,0.0002499552724983681
727,0,0.0002656355082899,0.00028334965073046063,0.00024656385338567624
728,0,0.0006030873716452,0.0005896978358321254,0.000339159965936126
729,0,0.0009229894514877,0.0012429337668015993,0.0004427070803244722
730,0,0.000374514709609,0.0004622840472750918,0.00016194238076764164
731,0,0.0010690996405053,0.0012370565818676533,0.0009020165986775926
732,0,0.0011843306577552,0.0011231386000708828,0.0009157690017902066
733,0,0.005824151443563,0.00579294170699117,0.005988141711446364
734,0,0.0007555043032692,0.0011987240875011961,0.0006529518863047361
735,0,0.0050260791011096,0.005935518427158018,0.004516887497193523
736,0,0.0004758822312885,0.0004896272336172127,0.00047530857304249944
737,0,0.0009066735286907,0.0008508294486296754,0.000600333950381629
739,0,0.0016586113176988,0.0017032030005745646,0.0018572147669678246
741,0,0.0004185728976779,0.00041821186012102094,0.00039071224766703346
742,0,0.0020312309461203,0.0020742902436580264,0.0020263296211478635
743,0,0.0027364085430423,0.0026805644629812756,0.002430068964733229
744,0,0.0072556101253041,0.007456335257234628,0.00691051777700945
745,0,0.0036252422560621,0.003662553875594822,0.003627313508186023
746,0,0.001167318453183,0.001116856270091458,0.0008826245208454098
747,1,0.941029126936344,0.9416148444648311,0.9446979778748229
748,0,0.0059193834726505,0.006221033652047756,0.006344192625065866
749,0,0.0337107117473434,0.040730774042229995,0.02630323426530514
750,0,0.1709690829739177,0.23302928431158423,0.23229994579240112
751,0,0.025841289334388,0.031076892662833325,0.023281715220053654
753,0,0.0116088574375238,0.013833607073738678,0.009447465508233556
754,0,0.0288058457085036,0.047930945775827766,0.01990092440476929
755,0,0.0318745664377782,0.041164954856209274,0.023645240249111976
756,0,0.0297506511161958,0.04003776286424521,0.02048133136673102
757,0,0.1016902735725127,0.2669354536784852,0.08618523639685255
758,0,0.1233746065814485,0.26542471667819373,0.08901013107729518
759,0,0.0438924555738962,0.11377960439737178,0.034541431814680085
760,0,0.5035049143335811,0.32304438573519934,0.2846428619861472
761,0,0.0372441723297762,0.03618330600066602,0.03495619045692755
762,0,0.0747101742041218,0.0776905800866989,0.06051447129360491
763,0,0.0069456490758973,0.008181996365648335,0.006126363134784974
764,0,0.0008674321671025,0.0011249322741019847,0.0005378176549634122
765,0,0.0014569261205597,0.002391246393822268,0.0010206357025750977
766,0,0.0014137765318484,0.002323215857896818,0.0009526051666496477
767,0,0.000317902248039,0.0003609615455766766,0.00026566541291067624
768,0,0.0004092151162496,0.0004935579540259417,0.00019030331071570166
770,0,0.0015395315686409,0.0021411420201889785,0.0008551507726678434
771,0,0.0014479402493539,0.0018911600335859461,0.0012112995877478787
772,0,0.002391313674301,0.003255795538912463,0.0017263691925705855
774,0,0.000316890187119,0.0004848471284813533,0.00015069174889760533
775,0,0.0003495886289657,0.0005175455703280034,0.00018207882021412878
776,0,0.0003125489504205,0.0003121879128636209,0.00020826395691712037
777,0,0.0003273132638917,0.0003703725614294266,0.00027507642876342626
779,0,0.0002417334197919,0.00026298151899164504,0.0002273955232968585
780,0,0.0003847838120842,0.0004695247852626918,0.00016363145880879808
781,0,0.0004090544919434,0.0003478624342591012,0.00014442105865163164
782,0,0.0003790052988486,0.0005522232652706571,0.0002320671996715371
783,0,0.0003601605494654,0.00044490152264384177,0.00013900819618994808
784,0,0.0002727068880642,0.0004459248544863071,0.00012368427651260534
785,0,0.0014499694897733,0.0018275417446573178,0.0015118692639273354
786,0,0.0002454949555716,0.0002451339180146709,0.00013333016039981385
788,0,0.0004932461289813,0.0005706933386353925,0.0004380722802658486
789,0,0.0013903741648639,0.0018486737398178293,0.0009626255474962182
790,0,0.0002189633919876,0.0001966190964014424,0.00012337260391258632
792,0,0.0003125009028849,0.00048571886930695715,0.00016315185675829075
793,0,0.0045676559987176,0.005192541754714603,0.003945446661245418
795,0,0.0003160675819684,0.0004756297268358571,0.00015338914886215533
796,0,0.0003780074534756,0.00046235029125194177,0.00015645696479804806
797,0,0.0005069244156612,0.0006588221585715911,0.00035811779844218544
798,0,0.0005131903364718,0.0005081638079921754,0.0002490012853107743
799,0,0.0007292167808468,0.0008804446980389554,0.0006360342456614228
800,0,0.000301374799976,0.0004745927663981071,0.00015235218842440533
801,0,0.0004377808052362,0.0004546183478194349,0.00042637765780110203
802,0,0.0029899984065142,0.004138196397588886,0.0020029948283568845
803,0,0.0006476348097978,0.0006426082813181254,0.00038344575863672424
804,0,0.0003325294064397,0.0005004863478020534,0.00016633096821830535
805,0,0.000365934905404,0.0005338918467663033,0.00019973646718255534
806,0,0.000731039529873,0.0008890287166579638,0.000626139481622241
807,0,0.0006124263403275,0.0005512342826432329,0.0003579676401048351
809,0,0.0006045700480522,0.0009176164678770193,0.00030884944816681067
810,0,0.0004150272288753,0.00044267594182992244,0.00039437639305393916
811,0,0.0003585663689527,0.00040162566649037663,0.000324568990600331
812,0,0.0004381172848399,0.0006199345575081533,0.0002805271307203338
813,0,0.0079499522840662,0.005195157040940041,0.003027751075207978
814,0,0.0003608783459245,0.0004039376434622266,0.000326880967572181
815,0,0.0005333792234513,0.000574274729254735,0.00026709304436690624
816,0,0.0004662220925241,0.0005505649303004917,0.0002480677297140627
817,0,0.0006364042918958,0.000635190246595331,0.0004496723209472486
818,0,0.001682871367536,0.0023709930453538154,0.0010756362219398478
819,0,0.00155259873391,0.0023298960698423126,0.0008277708739222714
820,0,0.0016688832268274,0.0020518192416756347,0.0013244924079244256
821,0,0.0007538667994549,0.0007259209712498754,0.00046890600614985916
822,0,0.0003794917984752,0.0005474487398375534,0.00020804131304973382
823,0,0.0004135591195282,0.0005731212643956572,0.00025088068642195534
824,0,0.0004826313028851,0.00047593298808031145,0.00040297761040880917
827,0,0.0004771143149446,0.0005648836526106418,0.00026454198610319164
831,0,0.0004572341260838,0.00043488983049765214,0.00042111120932618215
832,0,0.0007299242389463,0.0006946455976734754,0.0004551782444583972
833,0,0.00082204724622,0.0008153489314152114,0.0007859243294623321
834,0,0.001128108473446,0.0012162711125369918,0.0009159294460295416
835,0,0.0020925117200125,0.003024618340974401,0.0015311630944628007
836,0,0.0006673863549389,0.0007517291927152418,0.0004492319921288127
837,0,0.0039906541319731,0.004865913080615134,0.002844132612276404
838,0,0.000627548745261,0.0007782137835948208,0.0005139443454772603
840,0,0.0021398851582645,0.002308601897847453,0.001945328914260816
841,0,0.0020473452577581,0.0019915011776971254,0.001741005679449079
843,0,0.0135989193935213,0.012514369868119674,0.01576120171558909
845,0,0.0575850692620284,0.06229097283723639,0.05311916108767493
849,0,0.0357063280443131,0.03956341885075712,0.03361100947255454
851,0,0.0005736804762945,0.0005927426636326754,0.0003268249285995822
852,0,0.0006270224887043,0.0010702422729363462,0.00039038182709827884
853,0,0.0015037795786538,0.002388002411176868,0.0014508112714651396
854,0,0.0004499711685528,0.0007209474449803498,0.0002768355479877422
856,0,0.0004218745444096,0.0005950925108317072,0.00027967840713824174
857,0,0.0009456891134793,0.0010969170306714556,0.0008413218459422595
858,0,0.0015052015142353,0.002108804847886358,0.0007910474693356589
859,0,0.0003176095481993,0.0004855664895616034,0.00015141110997785533
860,0,0.0002764336964596,0.0003194929939972766,0.00022419686133127623
861,0,0.0004840493187529,0.0005683921565292419,0.0002624988300753481
862,0,0.0007064055462181,0.0008576334634102555,0.0006020382786810594
863,0,0.0005034551905319,0.0005225173778701254,0.00025659964283703213
865,0,0.0009352524634978,0.001019993436676242,0.000714100110222348
866,0,0.0007810705236732,0.0010385706306726347,0.0004651718045980283
868,0,0.0002689627687808,0.00024661847319460214,0.00018110559899532354
869,0,0.0003807391809737,0.0004650820187500918,0.00015918869229619806
871,0,0.0017004364303197,0.0021805444574455163,0.0008325301796634913
872,0,0.0018407344712217,0.0025892533616400154,0.0012008227920605014
873,0,0.0018919051991663,0.0030401031902410358,0.0010299417261946768
874,0,0.0009428178197189,0.0010940457369110555,0.0008496352845335229
875,0,0.0007638222116227,0.0008884206989387054,0.0006440102465611727
876,0,0.0006621964554821,0.0010365269512758349,0.00028533497866823666
877,0,0.0009813506488184,0.0010660916219968417,0.0007601982955429481
878,0,0.0003157802004099,0.0004889981668319571,0.00016675758885825536
879,0,0.0003961679704983,0.0004805108082746418,0.00017461748182074808
881,1,0.9847681983931368,0.9844441835315482,0.9869126206623611
883,0,0.0011223696356663,0.001207110608844742,0.0009012172823908481
884,0,0.0003189703639635,0.00033271536629221274,0.00027454312265600854
887,0,0.0001576017822716,0.0004983615129130418,0.00018140893370946972
888,0,0.0124493819062117,0.012601279649122091,0.012300575288992685
889,0,0.0006746274063498,0.000653515945452285,0.0006646508032393469
890,0,0.0007881662548061,0.001231386039038146,0.0005310318671378897
891,0,0.0042739037517246,0.005183343077773018,0.003971294706248663
892,0,0.0008000490911395,0.0009580382779244639,0.0007318257773911896
893,0,0.0021232399881167,0.002871758878535015,0.0014871019506654108
894,0,0.0005024859733215,0.0005983245406941814,0.0004369809124903424
895,0,0.0011016709267677,0.0014656023160495794,0.0006515192704396735
896,0,0.0009058635393876,0.0011633636463870348,0.0006154014710006892
897,0,0.0004341808717391,0.00045582309339225595,0.00040665134852732945
898,0,0.0009322832771443,0.0009272567486646754,0.0006767188787686761
899,0,0.0009709903797465,0.0013893975396232295,0.0005300270445909738
903,0,0.0010983194599619,0.0011000869306456499,0.000774200856799558
904,1,0.6329697714994506,0.6265226156819004,0.6362210022410195
905,0,0.0018495361990421,0.002238547890037282,0.0016936130391407708
907,0,0.000513167011809,0.0006811239531713533,0.00038725440543121574
908,0,0.0065994987610757,0.006613076120022559,0.006669510155516042
909,0,0.0008574641557961,0.0009422051289745418,0.0006363118025206481
910,0,0.0005932820742546,0.0007612390156169033,0.00041330307735126635
911,0,0.0006870732265278,0.0006803749117230114,0.0006509503097701321
913,0,0.000605799382386,0.0005991010675812614,0.0005696764656283822
914,0,0.003606975046572,0.003666010689937824,0.004052999970858088
915,0,0.0004241044634705,0.0005920614048328534,0.00024638036835631467
918,0,0.0021820676706384,0.002246800635879579,0.001841398246726272
919,0,0.001384785799704,0.0014278450972416766,0.001332548964575676
920,0,0.0010426753540081,0.0008455770983096266,0.0008813412934324963
921,0,0.000566616979331,0.0007353337189139533,0.0003744515716352559
922,0,0.0021414507971375,0.00231348218738651,0.001982108381415066
923,0,0.0143917674912882,0.02475366093640434,0.011842715370245015
924,0,0.0312869965325869,0.03553276109034792,0.022090180535887207
925,0,0.0450931169726134,0.03918410811480365,0.026732055347440668
926,0,0.1179255646276112,0.07891505613960703,0.1101681400340575
927,1,0.960013059582006,0.9600186549429729,0.9599388536619899
928,0,0.0018355374536094,0.0019951966918600374,0.0016324428302776843
929,0,0.0008870169947838,0.0009717579679622918,0.0006685033246520516
930,0,0.0008155439720787,0.0010730440790781349,0.0006394454029989429
931,0,0.0005442032373393,0.0005711555208544349,0.00037713439844658253
932,0,0.0003959388475964,0.00048028168537279177,0.00017702704206255164
933,0,0.0014503771722661,0.0021384988500839654,0.0007978830267158213
934,0,0.000309016849505,0.00032673099194556064,0.00028994519460077625
937,0,0.0006931042630324,0.0010674347588260848,0.00036277136772216794
938,0,0.0186537660943494,0.020540533118205712,0.017821400931370586
939,0,0.0005714274110077,0.0006561683841861918,0.0003502750577322981
940,0,0.0002764376966349,0.00031949699417257657,0.00022420086150657626
941,0,0.0008143310588233,0.0010718311658227848,0.0005641872618658519
942,0,0.0006222241531646,0.0005910144165927702,0.0005711657308258396
943,0,0.0003129660754058,0.00048092301676815334,0.00014676763718440535
944,0,0.0005798021363092,0.0006516503738376762,0.00021994183741901507
946,0,0.0014467992702254,0.002050402603876508,0.0006177355655238867
947,0,0.0034977944553262,0.004734141745077236,0.002674228957123987
949,0,0.0003689712900347,0.000353554280909581,0.00015624713889525048
950,0,0.000328007610773,0.0005012255771951071,0.00017898499922140536
951,0,0.0004049614858003,0.0005008000531730313,0.00033945642496919235
953,0,0.0003704189536104,0.00034125000697262156,0.0002365382307346354
954,0,0.0002557965196708,0.00027704461887049505,0.00024145862317570852
955,0,0.0006209445044125,0.0008493418556971906,0.00031282375693016524
956,0,0.0005292265419416,0.0005460640845247849,0.000517823394506452
957,0,0.0003393898648843,0.00031704556929815214,0.00025153269509887354
959,0,0.0008170524374103,0.0009650099889350373,0.0006996075861750895
960,0,0.0003887097593722,0.0005482719042396072,0.00022570489169094075
961,0,0.0004100293744737,0.0004943722122500918,0.0001884788857961981
963,0,0.0005452858320675,0.0005318962962543754,0.000281358426358376
965,0,0.0013652043909483,0.0013339946543764703,0.0012827926001021187
966,0,0.0005250602862009,0.000616676335232285,0.0002565124400488141
969,0,0.0003945069036143,0.00038780858880951147,0.0003225497860280302
970,0,0.0009818093662025,0.0011768557162989907,0.0006302177533236721
971,0,0.0003926486107612,0.0004063936130899127,0.0003651190875494295
972,0,0.0003600336691986,0.0005279906105609533,0.00018858318377313382
975,0,0.0003480409302312,0.0006888006608726418,0.00037184808166906976
976,0,0.0005293428152109,0.0005243162867312754,0.000273778416835276
977,0,0.0010790248797992,0.0014043711549992794,0.0006104158168963925
978,0,0.0013312088725135,0.0012999991359416202,0.0012487970816672685
979,0,0.0003345205281882,0.0003775798257259266,0.0002822836930599262
980,0,0.0008157521417897,0.0009754113800403872,0.0006110193668661509
981,0,0.0005562765117433,0.0007279843136974408,0.0004647846759881079
983,0,0.000429140028727,0.0004721993262646766,0.000395142650374631
984,0,0.0006945826095312,0.0006811930737181254,0.0004208546742205539
986,0,0.0007325517051986,0.0007493892477817849,0.0007729392518335496
987,0,0.0013181379631884,0.0013131114347087254,0.001062573564812726
988,0,0.0005391531623348,0.0005324548475300615,0.00045949946985855916
989,0,0.0020138027580082,0.00198259302143632,0.002010017248682131
991,0,0.0006999579161726,0.000698743870872081,0.0005404147355837161
992,0,0.0004750604128051,0.00046836209800036146,0.0004008572280758526
993,0,0.000564942624603,0.0005826567670436107,0.0005932064798546634
994,0,0.0004917054965318,0.0006512676413992072,0.000318748683319857
995,0,0.0293538493579237,0.030268372299254893,0.028387152026710834
996,0,0.0005422057435067,0.0007017678883741072,0.00036574675171851634
997,0,0.0039382380958656,0.0049016746081811495,0.0028284940382755936
998,0,0.0005814167150036,0.0008523929914310998,0.00037255032471369406
999,0,0.0019955143977034,0.0020802553708818418,0.0017743620444279481
1000,0,0.0006882286024484,0.0007759979401144419,0.00047565627360699164
1001,0,0.0009076765338779,0.000995839172968892,0.0006954975064614417
1003,0,0.0008563434240487,0.0009441127617147918,0.0006437710952073417
1004,0,0.0015293945461615,0.001710222053763867,0.0017250484508401771
1006,0,0.0189654305660363,0.021563165011840864,0.01483197238514912
1007,0,0.1080801436002125,0.09861480553006326,0.090825235326395
1008,0,0.0003428025664397,0.0005160205328618072,0.00019838897739048495
1009,0,0.0006929206309268,0.0004775809877176093,0.000390381178138595
1010,0,0.0007428384662428,0.0007753684479566878,0.0008531343512566268
1012,0,0.000284320039326,0.0003273793368637266,0.00023208320419772625
1013,0,0.0005332908471216,0.0008413445246216192,0.0002533887670268108
1016,0,0.0013756275395407,0.002240522564800098,0.0011790412370314314
1017,1,0.9843324279697296,0.9825911611806072,0.9855966015625396
1018,0,0.0005679750754463,0.0005870372627844754,0.0003211195277513821
1019,0,0.0050265402208741,0.006262887510625186,0.0042072542797618245
1020,0,0.0008112680061228,0.0010687681131222348,0.00044971549494384323
1021,0,0.0027683139090551,0.0032484219361809162,0.0022353061973726432
1022,0,0.0002715622752545,0.0003146215727921766,0.00021932544012617626
1023,0,0.000480940728288,0.0004921752374872754,0.00022625750245418216
1024,0,0.000881209476153,0.0010324373933451555,0.0007768422086159594
1025,0,0.000767899499004,0.0009104077773002354,0.0004799851155078408
1026,0,0.0003389644571391,0.0004985266020065071,0.00017628602403280537
1028,0,0.0016504390204053,0.0028867863101563356,0.0007508837397472894
1029,0,0.0003391853716121,0.0004235282093884418,0.00011763488293454807
1030,0,0.0002804566248979,0.0002942016272266627,0.0002360293835904585
1031,0,0.0004430107060251,0.0003933521649023602,0.00035054552679105323
1032,0,0.0003360309630908,0.0004955931079582571,0.00017335252998455536
1033,0,0.0008790814792985,0.0010522994457206072,0.0007300588677469053
1034,0,0.0004700400983776,0.0004891022857157754,0.0002247403701321161
1035,0,0.0012409281161027,0.0012520490648778918,0.0009461557384239981
1036,0,0.0007542295294803,0.0009021870810050872,0.000600107943742691
1037,0,0.000286478534734,0.00030772663393369506,0.00027214063823890853
1038,0,0.0003179119401305,0.00033562608257111065,0.00029884028522632626
1039,0,0.0004706519530665,0.0004818864622657754,0.00022272393958437425
1040,0,0.0003385826826664,0.00033188436786161146,0.00025072551288092353
1041,0,0.000511284515601,0.0004978949797878754,0.00022040975912458502
1042,0,0.000884978920643,0.0008537691840711203,0.0008025671297967687
1043,0,0.0003452794624502,0.0005048416073176071,0.00018227459476894076
1044,0,0.0006203061621489,0.0006977533718030424,0.0006015818979939337
1045,0,0.000415151037456,0.00040845272265126143,0.0003431939198697802
1046,0,0.0012270834756592,0.0016703032598911962,0.0009794883693702392
1047,0,0.0017789276972663,0.002382531030917358,0.0009107170811023981
1049,0,0.0005666280291168,0.0005762228720427254,0.0003170603493613243
1050,0,0.0006815983446425,0.0007794737666518409,0.0005740157392960218
1051,0,0.0020076233603512,0.0020464417150724543,0.0020782914424365972
1052,0,0.000450387356421,0.0005347301941973918,0.0002177776149938197
1053,0,0.0012528701620745,0.0012216604255026703,0.0011704583712283186
1055,0,0.0014152366043306,0.0014796310251699854,0.0010576745139101735
1057,0,0.0003385172019201,0.0005064741432824533,0.0001670667164946338
1058,0,0.0003988471876358,0.0005584093325032072,0.00023091670732543383
1059,0,0.0008538565491095,0.0008488300206298755,0.0005982921507338761
1060,0,0.0005628648330948,0.0005797023756780349,0.000551461685659702
1061,0,0.0012102913022147,0.0014524132883856795,0.0006584579502827925
1062,0,0.0007862156611895,0.0011170829354538849,0.0004697900325876008
1064,0,0.0011903483660834,0.0011853218376037754,0.0009384844970014344
1065,0,0.0006743134723104,0.0010662995177381914,0.0003628900649506931
1066,0,0.0007442541448889,0.000761091687472135,0.000823805323572579
1068,0,0.0004594751413601,0.0006274320827224534,0.0002718271498225031
1070,0,0.0008832394151891,0.000900076957772285,0.000871836267753952
1071,0,0.0006920636644142,0.0006786741286010754,0.0004318367879987344
1072,0,0.0015808770627145,0.0016841158768772263,0.0015180002076925962
1073,0,0.0007535263046329,0.0011967460888648962,0.0004960166462455754
1076,0,0.0048549005270655,0.0037967531557213203,0.002831089925182062
1077,0,0.0006772523359105,0.0006949664783510607,0.0007055161911621135
1079,0,0.0018213314561914,0.0017948916502179254,0.0015515042060856566
1080,0,0.0013813727090472,0.0015545906754692571,0.0012202565594011824
1081,0,0.0014076779566498,0.0015808959230719072,0.0012465618070038324
1082,0,0.0005695264572757,0.0006125857548133766,0.0005646251323032134
1083,0,0.0008651129459375,0.0017921673405109544,0.0006410420023827221
1084,0,0.0013022798524209,0.0012464357723599253,0.0009906219538927642
1086,1,0.908330206799083,0.895499433667645,0.9175725378022763
1087,0,0.0320814356496097,0.035852039600856686,0.028946821295404983
1088,1,0.0119439843170984,0.015970994634635683,0.007214590058221917
1089,0,0.0005617342277029,0.0010049540119348962,0.00032847034331489564
1090,0,0.0017701824569213,0.0017493636102600702,0.001709650345202033
1091,0,0.0002983475331106,0.0003414068306482766,0.00024611069798227627
1092,0,0.0005028716468261,0.0005461563250504849,0.0002877303637183775
1093,0,0.0003076691761578,0.0002853248805716022,0.00021981200637232352
1095,0,0.0017523564431119,0.002355959776762958,0.000991194222021259
1096,1,0.9044205625894992,0.9003421828923447,0.9090840060702841
1097,0,0.0003041947129102,0.0004774126793323071,0.00015978112386098495
1098,0,0.0014929853712513,0.0017504854782507348,0.0012496595803512234
1099,0,0.0004668342342127,0.00047806874341197543,0.00021215100837888216
1100,0,0.0002322710686348,0.00022557275383006144,0.00014441389884937354
1102,0,0.0002450965240009,0.00022275222841475214,0.0001572393542154735
1103,0,0.0018542870598386,0.003090634349589686,0.0010350011187263244
1104,0,0.0003264625452424,0.0004944194866047033,0.00016026410702095535
1107,0,0.0003461838439354,0.00038924314147312656,0.0002939470088071263
1108,0,0.0002317077979175,0.00022500948311271143,0.00013611700984244608
1109,0,0.0003146824832112,0.0003143214456542709,0.00021039748970777035
1111,0,0.0015629902111966,0.002300479194003565,0.0009004585515979471
1112,0,0.0004929087731012,0.00043171671541688286,0.0002377814418160951
1114,0,0.0004819324995344,0.0004507227629625203,0.0003847215550905245
1115,0,0.000408931291969,0.0004932741297453918,0.00018738080329149808
1116,0,0.0012699770058861,0.0014212049230783053,0.0011767944707007727
1117,0,0.000361425108335,0.0004044844058727266,0.00030918827320672624
1118,0,0.0003763222061702,0.00036962389136546144,0.0002884650363847735
1119,0,0.0005802105229947,0.0008882642004947693,0.00025595536583721007
1120,0,0.0025786192596073,0.0035129395328698677,0.002138947668059415
1121,0,0.0015676188974804,0.0015452746018942021,0.001483290528507834
1122,0,0.0003864308620566,0.0004707736998329418,0.00017118804740722156
1123,0,0.0004494938799693,0.0005338367177456918,0.00039128463923018223
1124,1,0.8280433112096798,0.8253916751584127,0.8317809030570824
1125,1,0.9477602749531172,0.9465413956154123,0.9495588317808596
1126,0,0.0014744780576373,0.002130690988779038,0.0007676798499086394
1128,0,0.0003354973514833,0.0005087153179054072,0.00018647473993170535
1129,0,0.000463617275553,0.0005483582487314418,0.00024246492227754808
1130,0,0.0005789428227287,0.0005292842816059102,0.0004974496290178841
1131,0,0.0008138913699567,0.0011968273848048847,0.00046950055105367554
1132,0,0.0004677937977604,0.0005521366355367418,0.0002351840563331697
1134,0,0.0007646656862007,0.0009226548729856138,0.0006597656379498909
1135,0,0.0009030058281466,0.0011605059351460349,0.0006125437597596892
1137,0,0.0005119059916879,0.0005549652892256267,0.000477908613335581
1140,0,0.0005023299777627,0.0004956316629579615,0.0004150167698489988
1142,0,0.0003946720963144,0.0004159201955141451,0.00042418778288084947
1143,0,0.0005265275796104,0.0005031216108015093,0.0003965359456746624
1144,0,0.0005105937885198,0.0005038954737150114,0.00046691955345067363
1145,1,0.9680362853117888,0.9694659200884916,0.970654592721366
1146,0,0.000679777269042,0.0007675466067080918,0.00046720494020064166
1147,0,0.0005520386959663,0.0005453403811615115,0.0005083644608971737
1150,0,0.001112360310811,0.0012845908691012905,0.0007162988047596763
1151,0,0.0006274602248708,0.0007963040719804388,0.0004462801178515224
1152,0,0.003248070044868,0.004315504332912284,0.00220817703620043
1153,0,0.0009674679565234,0.0009021317119357255,0.0006463178934685642
1154,0,0.0005115548852669,0.0005392035982215724,0.000497204635412507
1155,0,0.0029881599227228,0.0028823458998432257,0.0027352739295967254
1156,0,0.0006875021398383,0.0007722431130167918,0.0004697459124303627
1157,0,0.0036297829004522,0.004556837295025705,0.0034075508574793255
1158,0,0.0014167725728386,0.001394428277252402,0.001380649656080932
1159,0,0.0026520088623832,0.003062691441609112,0.002205836323364554
1161,0,0.0010231145242644,0.0010399520668476349,0.0010117113768293021
1162,1,0.9719737122003068,0.9731574395895093,0.9735562612460212
1163,1,0.9630379723894544,0.9629903336195695,0.9659980164836431
1164,0,0.0949852465436941,0.13101379642759783,0.06897305982972339
1165,0,0.0222852219933095,0.02492772412528583,0.015187713643639968
1167,0,0.0356118334350525,0.03325153972082214,0.02583115757706263
1170,0,0.1590439987662182,0.14895492971711521,0.14811471423080164
1171,0,0.0957180400636787,0.1319609153297667,0.05045800929554069
1172,0,0.0290983679829231,0.03308310010690452,0.023754591677588196
1173,0,0.1745438178089741,0.31790840561865313,0.18181331220161565
1175,0,0.0010505136208667,0.0018601093324039286,0.0005419112547728648
1176,0,0.0004412993992219,0.0004603615865600754,0.00019444385152698215
1178,0,0.0002403997205207,0.0002885987605961355,0.00022132806561647625
1179,0,0.007753399808965,0.007949656249205597,0.007332723468146637
1180,0,0.0005856581419533,0.0008532607853249406,0.00026609116252045866
1181,0,0.0002194896896129,0.0002127913748081739,0.00013163251982748598
1182,0,0.0010762359941359,0.0015401598389258454,0.0004955235591962339
1183,0,0.0008706979205519,0.0012780052732110794,0.00048361944313433735
1185,0,0.0005083356669651,0.000535287950480235,0.000293077130246477
1186,0,0.0006051174185321,0.0006769656560606263,0.0002986381587691528
1187,0,0.0008442029936263,0.0011017031006257348,0.0005283042745511283
1188,0,0.000350908988241,0.00043525182601734176,0.00012935849956344808
1189,0,0.0031857878251774,0.0036658958523032165,0.0023976327708766644
1191,0,0.0004313947609466,0.00044262927014587544,0.00017671153511278215
1192,0,0.0002609136357407,0.00030838125565319505,0.00024423083643764464
1193,0,0.000381614550583,0.0004774531179557313,0.0003161094897518924
1194,0,0.0011988790206095,0.0019473979110277654,0.000550518286426754
1195,0,0.000257171655569,0.0003002309531066766,0.00020493482044067627
1196,0,0.000356842787918,0.00034142577879283097,0.0001519494486896504
1197,0,0.0004752421497182,0.0004864766589174754,0.00021957123480468644
1198,0,0.0004417896845433,0.0005845130902111424,0.0004193027955966081
1199,0,0.0010356602328765,0.0010547224202147253,0.000790360504631066
1200,0,0.000462560453102,0.0006144581960123411,0.0003137538358829354
1201,0,0.0026309468465482,0.0029948782358301296,0.002212967679105958
1202,0,0.0004121301833087,0.00042313679358511105,0.00015148472153073882
1203,0,0.0014404320938328,0.002044035427483858,0.0006113683891312367
1204,0,0.0005654751263315,0.0010086949105634962,0.0003178800200425391
1205,0,0.0005027812703519,0.0005140157795512254,0.0002548532568698243
1206,0,0.0016360161912336,0.002273495242263116,0.0010662570190879566
1207,0,0.0014019154751381,0.002005518808789208,0.0005765710886970557
1208,0,0.0002894401119866,0.0003031851143153627,0.0002450128706791585
1209,0,0.0004160260906371,0.00041566505308022095,0.00032794168283332525
1210,0,0.2691468721710563,0.2692564563323021,0.2689963827116483
1212,0,0.0010070010546929,0.0012645011616923348,0.0006128928846989397
1214,0,0.0003836940192113,0.00037699570440656143,0.0002963808112975988
1215,0,0.0003146546547032,0.0004878726211252571,0.00016563204315155533
1216,0,0.0011011818611512,0.0014787541160352679,0.0011627001038272816
1218,0,0.0003504535042644,0.0005184104456267034,0.0001790030188388838
1219,0,0.0003951147535168,0.0004798557266952918,0.00017396240024139807
1220,0,0.0053431114838012,0.006021466946251902,0.004716680648531588
1221,0,0.0008366294894162,0.0008454967902467045,0.0007763420614423791
1222,0,0.0011428639463853,0.0014682102215853295,0.0006721104273931986
1223,0,0.0112476611922659,0.012002571964229495,0.010681286281288593
1224,0,0.0007545269482012,0.0007943443147228264,0.0004214035868262033
1225,0,0.0009435054187099,0.0010427207094473555,0.0008115301813307473
1226,0,0.0003125976827551,0.0004805546241174034,0.00014639924453365533
1228,0,0.000655283539055,0.0008269913410091409,0.0005850817435010974
1229,0,0.0002763841022239,0.00025403980663775216,0.00019673040974765916
1230,0,0.0029142520997151,0.003904369868751976,0.0034498341379514356
1231,0,0.0007390570277081,0.0007558945702913348,0.0007276538802730019
1235,0,0.0081373873187669,0.008289285061677292,0.007975669208247308
1236,0,0.0008033013053457,0.0007768614993722254,0.0005334740552399566
1237,0,0.0016602753033789,0.0025005205488484103,0.0008444466965963644
1238,0,0.0004445565730503,0.0005288994108266418,0.00022640221024021272
1239,0,0.0004477910770712,0.00046903917627089505,0.0004334531805761085
1240,0,0.000507890912615,0.000502624422039105,0.0004127157846760955
1242,0,0.0009797512133041,0.001000999312503845,0.0009654133168090585
1246,0,0.0171474570739544,0.018748001235637045,0.012678904328256078
1247,0,0.0132508419179145,0.019138878174864028,0.00935912802381723
1248,0,0.0359116575773751,0.053619296727255655,0.03420269837780404
1249,0,0.0205115085859015,0.025662800764534314,0.017692442302996447
1250,0,0.0485076111470664,0.046918922970935556,0.031076203154766537
1251,0,0.0504949694478452,0.048906281271714355,0.033063561455545336
1252,0,0.0865088616925571,0.079825313286714,0.06567977158544364
1253,0,0.0100856356453227,0.012961031283717523,0.00864833661533343
1254,0,0.0017030530015446,0.002306656335195708,0.0009538809168078045
1255,0,0.0004096252670756,0.00034843320939128094,0.00015449793579049319
1256,0,0.0011091872741919,0.0015524070584238962,0.0010200068268351287
1257,0,0.0002214821909969,0.00021478387619219973,0.0001336250212115118
1260,0,0.0019938038264021,0.002597407160053208,0.006225568532228574
1261,0,0.0003429924183082,0.0004273352560845918,0.00012144192963069807
1262,0,0.0083850723160917,0.005750267796898696,0.0032913545577753253
1263,0,0.0002130435641571,0.00018651634708692738,0.00013304522673386967
1264,0,0.0008664951082575,0.0008570793141672781,0.000570562700712329
1265,0,0.0038957318377604,0.0040469597549525555,0.003791364570223359
1266,0,0.0003316016541433,0.00041594449191964566,0.00011005116546575197
1267,0,0.0003271026806248,0.00041144551840115434,0.0001055521919472606
1268,0,0.0004153202766198,0.0004265547858190754,0.00016063705078598215
1269,0,0.0002987941121791,0.00029381415108397095,0.00020215955697223788
1270,0,0.0002980107082547,0.0003410700057924266,0.00024535656206763057
1271,0,0.0226800119782935,0.024310555712831177,0.019962386007899575
1272,0,0.000334620171363,0.0004189630091393918,0.00011306968268549807
1274,0,0.000735856773472,0.0008838143249967872,0.0005808960078740866
1275,0,0.0004280265251694,0.0004392610343686754,0.0001748991187850161
1279,0,0.0009221295411913,0.0017193877938201847,0.0013643513475963829
1280,0,0.0002962763285402,0.0004642332699025033,0.00013476826458061895
1281,0,0.0003541893019381,0.0003629122329090223,0.0003015351557509806
1282,0,0.0006003445251213,0.0005304560870092829,0.0003640963325324131
1283,0,0.0003834063242874,0.0004677491620637918,0.0001618558356098981
1284,0,0.001372353436932,0.0021533175321843128,0.0006916765575942005
1285,1,0.6884242663773084,0.6901563478635799,0.6919611439462192
1288,0,0.0011484890614288,0.0013435354115252907,0.0008118766946910165
1292,0,0.0008202468322144,0.0009871126957253181,0.0006769222396650129
1293,0,0.0011418656016635,0.0012266065748419918,0.0009207132483880982
1294,0,0.0003366248169587,0.00031009759988855215,0.00026701889365809045
1296,0,0.0008493979403668,0.0010090571786174874,0.0006557020079042944
1298,0,0.0004783486720305,0.0007942071961650559,0.000292624965904572
1300,0,0.0011124132081977,0.0011253984417780754,0.0008785611011757345
1302,0,0.0022234466931903,0.002599626298552568,0.002282898945021618
1305,0,0.0048598335299591,0.005039819562601505,0.004856275212824716
1306,0,0.0013906558915324,0.0014943162492630354,0.001075051209829881
1307,0,0.0005552110649498,0.0005721522488832255,0.0003151372837832092
1308,0,0.0010973853971825,0.001413243921317006,0.0009116616910565219
1309,0,0.0029027101140704,0.0030347844185266556,0.002896868957882654
1311,0,0.0006517270703603,0.0008205709174699388,0.0004832433825735649
1312,0,0.0007302716521339,0.0008184342912248918,0.0005180926247174417
1313,0,0.0006882872409172,0.0006720414770898754,0.00042154597884182905
1314,0,0.0032779052099291,0.00427406076039765,0.003050815681633031
1315,0,0.0003715956997151,0.00034506848264490215,0.0003071825383692972
1317,0,0.0005414494346454,0.0006292187723114418,0.00032887710580399164
1318,0,0.000767607930157,0.0007449854167862809,0.0006503892750945322
1319,0,0.0004932387358793,0.0005775815736556918,0.00027508437306926275
1320,0,0.0045724682647715,0.004660630903862442,0.004385988465776888
1321,0,0.0009629179802738,0.0009555148043680754,0.000822535513019497
1322,0,0.0028566140955351,0.0032894172936562046,0.0026167586601778953
1323,0,0.0005114999448011,0.0004151592757638186,0.0004016838440050885
1325,1,0.9879248605287037,0.9879596612529876,0.9881328174891792
1327,0,0.019159470905583,0.01867643838356789,0.012121055102233368
1328,0,0.0154525474369523,0.019725971543547206,0.017090334166313705
1330,0,0.0318980636105518,0.04048065439735905,0.029008738660411766
1331,0,0.030306450581618,0.035643931430376224,0.02451168739475875
1333,0,0.6633082010727819,0.3779302529473042,0.6910528806178038
1334,0,0.0386104508255248,0.03388949462262892,0.025095587996397117
1335,1,0.904667685774272,0.9053879567501569,0.903917869018195
1337,0,0.040828441601968,0.04697422904283559,0.03927440654064606
1338,0,0.0003306149880294,0.00041495782580578723,0.0001117031824955471
1339,0,0.0004133958371021,0.0004981368102805918,0.00019488216697035167
1340,0,0.0003505519960721,0.0004589504863130772,0.00022485941457593215
1342,0,0.002127252616381,0.0026073606435068164,0.0017805523663882367
1343,0,0.000234469656436,0.00020794243936580215,0.00015447131901274444
1345,0,0.0003506497218549,0.0004281011483996694,0.000215247241939971
1346,0,0.000736991973492,0.0007962020715686238,0.0007975979987599794
1347,0,0.0003527276192593,0.00043707045703564177,0.00013117713058174806
1348,0,0.0046366531601394,0.00460022885328172,0.004575911341564396
1349,0,0.0016483128611502,0.0023895411223926787,0.0011373288152534112
1351,0,0.0008269986756507,0.0010844987826501848,0.00047431781417147734
1353,0,0.0003351016472419,0.0004194444850182918,0.00011355115856439809
1354,0,0.0010592624706223,0.0012019858762900924,0.001049046883192499
1355,0,0.0025608999034614,0.0032877119390973164,0.0017414211678695518
1356,0,0.00032664167109,0.00034435581353056064,0.00031166394074805113
1357,0,0.0004029058864038,0.0004461177587062254,0.00018020002367313213
1358,0,0.000461950453533,0.000502845959336435,0.0001617711928555751
1359,0,0.0003020768650325,0.00047529483145455713,0.00015183321487844163
1360,0,0.0006052933291153,0.0005659906978091054,0.00030936092157017906
1364,0,0.0011641385906122,0.0010942501525001828,0.000915116372599708
1365,0,0.0003520468075126,0.0005116089523800071,0.0001881473358038916
1366,0,0.0003258448086338,0.0004990627750558572,0.0001756011584797416
1368,0,0.000314565542021,0.0003627645820964355,0.00029958781167905115
1370,0,0.0003449562127131,0.0004482204586831273,0.00022088459929767428
1371,0,0.000349302969372,0.00033842173308326146,0.00026930463194879445
1372,0,0.0004096221478898,0.0005128863938598273,0.0002855505344743743
1373,0,0.0003905297337087,0.00046230179639231107,0.0001594506036895884
1374,0,0.0018939203024876,0.002828240575750118,0.0015198897056738457
1375,0,0.0004334321191841,0.0005177749569604418,0.00021188163050654807
1376,0,0.0005584390601879,0.0005714242937682754,0.0003122617710868743
1377,0,0.0005404118775765,0.0005704033971015738,0.00045566343400148897
1378,0,0.0004435208969329,0.00043854093583777095,0.0003761607682450217
1380,0,0.0003911978780366,0.00047554071581299177,0.00015858813660941972
1381,0,0.0004967870758694,0.0005442546957818951,0.00048314009577139094
1382,0,0.00037222876214,0.00045657159991634177,0.00015067827346244806
1384,0,0.001454562189577,0.0021813742252129666,0.0006463829585807629
1386,0,0.000313393215178,0.0002868659981078021,0.00023401577875673012
1389,0,0.0004336139697461,0.0004612626827007724,0.00039406777644772085
1391,0,0.0008415630619463,0.0010100158129263638,0.0006958505444398444
1392,1,0.969329434884986,0.9657498216465068,0.9713986845233178
1393,0,0.0004587711763058,0.0006267281176681533,0.0002958666326361999
1394,0,0.0006825378031119,0.0007071825941332255,0.00045016762903320916
1395,0,0.0005219230833278,0.0005203152405727266,0.0005284105230815306
1396,0,0.0004770328733995,0.0006449898147618534,0.00030993189657437176
1397,0,0.0004327322442094,0.0005205015818754918,0.00022015991536804164
1398,0,0.000525980886774,0.0005506256777952754,0.0002936107126952592
1399,0,0.0008248213448524,0.0009040929404551263,0.0005361668422902391
1400,0,0.0004652226711245,0.0005082819686622266,0.000468036377722338
1401,0,0.0691286658646547,0.07004121047967023,0.06849584974188903
1402,0,0.0005755329549658,0.0006185922525035266,0.0005273900443998011
1403,0,0.0014666495026172,0.0018300067432200535,0.0007911440482118043
1404,0,0.0031450691442575,0.004103362638853984,0.0020106491558947713
1405,0,0.0004437809049799,0.0004328996686911614,0.00037936774363414713
1407,0,0.0021688160508657,0.002638723845974372,0.0017688076583470284
1408,0,0.0006832734471687,0.0006970184494974127,0.0006876544648149228
1410,0,0.0005342114262939,0.0007030552734035389,0.0003579086139764839
1411,0,0.0004704136509628,0.0005768706994841416,0.0004007351129883277
1413,0,0.0026835510231819,0.003650209645055032,0.0024593959135874133
1414,0,0.0006615947102317,0.0007459375480080418,0.0004434403474216127
1415,0,0.0027058903235505,0.0029111395245322927,0.0015073006053209247
1416,0,0.016772292109113,0.023546139689246022,0.00899004918578477
1418,0,0.0390059845363524,0.03730761664788149,0.05356479441222489
1419,0,0.0677836148338403,0.06611167377134392,0.04740552050162383
1420,1,0.9518022327479096,0.9528065414805648,0.9524734539963938
1421,0,0.0154561628912934,0.017034334467580483,0.014014479930091361
1422,0,0.0521344826053365,0.05365792501489736,0.052714676540157754
1423,0,0.0002915337037983,0.00028065246750956144,0.00021153536637509443
1424,0,0.0014302617682914,0.0014193805320026616,0.001354291349411248
1425,0,0.0003548895397735,0.0005228464811358034,0.00019680408560053932
1427,0,0.0003195340306753,0.0004927519970974072,0.00018010994200738238
1428,0,0.0005188667188632,0.0005177352311418864,0.0003123888516090964
1431,0,0.0015997483773541,0.0019037001241546086,0.0009416676443482218
1432,0,0.0013251612857304,0.0015257881299545906,0.0009706225054245506
1434,0,0.0024432606435628,0.003521965303870436,0.0015348603713726174
1435,0,0.002031401325027,0.0026876142561686883,0.0013515454458372217
1436,0,0.000366376857775,0.0004381489204586111,0.00013529772775588836
1439,0,0.0004405995187303,0.0004765204500264754,0.00021060271499338216
1440,0,0.000451195511917,0.0004871164432132254,0.00022021101910043643
1441,0,0.0002740493306505,0.00031274755298515473,0.0003229740810305572
1442,0,0.000330979922567,0.0004989368639293034,0.00016947185860741895
1443,0,0.000336255022091,0.0004205978598673918,0.00011470453341349808
1444,0,0.0002875664346455,0.0003357654747209855,0.00027258870430360116
1445,0,0.0003458723751513,0.0004302152129276418,0.00012432188647374808
1446,0,0.0009332429182716,0.0010256722975220756,0.0008056694050425639
1449,0,0.000523904178934,0.0005671160512364254,0.0003027541356527661
1450,0,0.0002705223343414,0.00029177043354109507,0.00025997719548964893
1451,0,0.0003581752769646,0.0005261322183269533,0.00019666721300506897
1454,0,0.0004245858235403,0.00046764512107797657,0.00037644291297425116
1455,0,0.0006168581967696,0.000594235683398931,0.0004504081897125811
1456,0,0.0009018383028588,0.0011813989973951348,0.0004975195355678996
1457,0,0.0005541167595461,0.0005671019931264255,0.000316564123230426
1458,0,0.0004265399988146,0.0005108828365909418,0.0001939302573873697
1459,0,0.0016333658908167,0.002289578821958388,0.0009299992914172308
1461,0,0.0005096038179103,0.0007805800943378498,0.0003288225038962775
1462,0,0.0006786458750445,0.0007527714848769763,0.0003324390260028442
1464,0,0.000380899323361,0.0004290983634364355,0.00038464431436948255
1465,0,0.001078169186034,0.0014421005753159294,0.00058351726321984
1466,0,0.0003924657025091,0.0005604226438714533,0.00024818091585747495
1467,0,0.0019927992316902,0.0029726202826918357,0.00103670162344883
1468,0,0.0008076008979893,0.0008631026490661365,0.00074399938848685
1470,0,0.0003836325013984,0.00047140183906444177,0.0001614008051904971
1471,0,0.0008240340655224,0.0010190804156188405,0.0004724424526435221
1472,0,0.0007930723736594,0.0007231839355473829,0.0005663581410252827
1473,0,0.000728537388753,0.0011028678845466848,0.0008846245205186956
1474,0,0.0015416151752923,0.0022684272109282665,0.0007334359442960628
1477,0,0.0044849477584961,0.004651813622007018,0.004341216874053227
1478,0,0.0005317125606943,0.0005208313244055115,0.0004698631339838615
1479,0,0.0006665724950796,0.0006615459665999753,0.0004012075671024039
1481,0,0.0008597420306108,0.0008708629793860418,0.000564969652932148
1483,0,0.0005851749439858,0.0007531318853481034,0.0004219024400004967
1484,0,0.0004219025988712,0.0005951205652933072,0.00027197744871587177
1486,0,0.0013926496567519,0.0014094871993351348,0.0013812465093168019
1487,0,0.0005077053995629,0.0006672675444303572,0.000349717340718519
1488,0,0.0031798959783863,0.0034950308740466147,0.0026974098184495347
1489,0,0.0005243330997484,0.0005176347849436615,0.0004882101829907822
1491,0,0.003562925294607,0.004222512685486908,0.0027042648676103174
1492,0,0.0016935561648166,0.0025777789973396178,0.001305100743789693
1493,1,0.7482166798894749,0.7422132540237432,0.7528992579016582
1494,0,0.0006567920254775,0.0007431372614090574,0.0004183654780964157
1495,0,0.0014740358638522,0.0018117183284625535,0.001116715619382235
1496,0,0.0007548031880811,0.0008323660517288523,0.000385678663674632
1497,1,0.9985717009990536,0.9986694190180172,0.9986816603840376
1498,0,0.0005410314675987,0.0005587456100393107,0.0005692953228503635
1499,0,0.0008725919505433,0.0009607545896342918,0.0006604129231268417
1500,0,0.0038209041794473,0.0038473933424067797,0.003645483480409998
1501,0,0.0021665202210319,0.0022969938389258053,0.003012837026069814
1503,0,0.0051408390178285,0.007258948196482784,0.004034207294407392
1504,0,0.0291192405290162,0.03721189062715358,0.019426080993515768
1505,0,0.0063542925687781,0.011442534388101354,0.0051721229647950125
1507,0,0.0144513850304642,0.022166238040673178,0.009677895785479729
1508,0,0.1405326628507987,0.21223515239305718,0.11967518803479123
1509,0,0.020919506647025,0.027101894648657997,0.014728060042385088
1511,0,0.0004080278135479,0.00041926232274717404,0.00015334458771408077
1512,0,0.0003642064699799,0.0004489474431583918,0.00014569279984815163
1513,0,0.0002874092513851,0.00044697139625250715,0.00013432934116248236
1514,0,0.0002726555724232,0.00028640057475191275,0.00022822833111570853
1515,0,0.0002725790954501,0.00045439636811837306,0.00012983951141830208
1516,0,0.0002108667499639,0.0001885224543777075,0.0001230095801784289
1518,0,0.0005477382739642,0.0008557919514642192,0.00027094243589640007
1520,0,0.0004462189321195,0.0004574534413187754,0.00019153570628568215
1521,0,0.0003321393571967,0.0004164821949730918,0.00011058886851919808
1522,0,0.0003280278117106,0.0004123706494869755,0.00010647732303308176
1523,0,0.0004098944339473,0.0004289566212855254,0.00016303888625243215
1524,0,0.0003423249856582,0.0004266678234345418,0.00012077449698064807
1525,0,0.0003310025504515,0.0004153453882278804,0.00010945206177398672
1526,0,0.2873971380174656,0.2875067221787114,0.2870773461045746
1529,0,0.0002645520232236,0.00027829702555236274,0.00022012478191615854
1530,0,0.0003298702027859,0.0004894323476533071,0.00017188214394146895
1531,0,0.0003337944701523,0.0004181373079286418,0.00011224398147474809
1532,0,0.0003495026509865,0.0006204789274139998,0.00017716477697929763
1533,0,0.0005362171354273,0.0009794369196592962,0.000301134726504778
1534,0,0.0015236537510829,0.0020037617782086665,0.0007354986967821145
1535,0,0.0004038943957519,0.0004886353689303419,0.0001827420424764481
1536,0,0.0003060949770266,0.00047931294344865716,0.00016141511929558343
1537,0,0.0016106354630663,0.002366195338210115,0.0009582898666001159
1538,0,0.0003538191720761,0.0004381620098524418,0.0001322686833985481
1539,0,0.0003845464533429,0.00046928742652134177,0.00016339410006744806
1540,0,0.0004095315587279,0.0004371802716825224,0.0003719902388896456
1541,0,0.000311549247785,0.0003546085453227266,0.00025931241265672627
1542,0,0.0045788742955959,0.004980623948513293,0.004414216573641043
1543,0,0.0011043295513566,0.0015682533961465454,0.0005524781465002396
1544,0,0.0003088556686205,0.00028651137303435214,0.00022099849883507354
1545,0,0.000609531235246,0.000686844296993485,0.00040913628008417866
1547,0,0.0008192551140359,0.0007057430921586054,0.0005282663130940423
1548,0,0.0012521077863072,0.0020006266767254653,0.0006159697488558607
1549,0,0.0016618121157795,0.0028100101068541856,0.0008131533526574876
1550,0,0.0005150013022131,0.0004653427610903102,0.00043350810850228407
1552,0,0.0006752306134431,0.0006618410776300255,0.0004280952624821687
1553,0,0.0008779327610925,0.0010204410393887854,0.0005984845281289735
1558,0,0.0004612794467328,0.0008388517016168181,0.0005282549536630262
1559,0,0.0003553492968252,0.0005233062381875533,0.00019384123286566896
1560,0,0.0003280471123614,0.00032134879755666145,0.00025608999477518023
1561,0,0.0004006773868168,0.00048502022459319177,0.0001825230240067627
1562,0,0.0008814018129514,0.0008519054344675554,0.0006000242023923772
1563,0,0.0010753848843267,0.001092222426909885,0.001063981736891552
1564,0,0.0014773546253429,0.0018082218996072848,0.0011205974077212778
1565,0,0.0010091092364819,0.0010259467790650848,0.000997706089046752
1566,0,0.0003863431847724,0.00037964486996761146,0.00034266894970327367
1567,0,0.0005481808411198,0.0005681947925404295,0.0003150838077586499
1568,0,0.0005518472920859,0.0005239014638808753,0.0002618557953042547
1569,0,0.0009940667708463,0.0013323583657074295,0.0004705870314463743
1570,0,0.0003105996771771,0.00028825538159090217,0.00023094598470080915
1571,0,0.0004359298884284,0.0006038868297907034,0.00026882891160322176
1572,0,0.0004921751459103,0.0006517372907777071,0.00032859417420027175
1574,0,0.0004975146739986,0.0005852840116646418,0.0002849423451571916
1575,0,0.0011118328604434,0.0011549025639510583,0.0010635444980082677
1577,0,0.0004864949373802,0.0006544518787425533,0.00029613115106862727
1578,0,0.0004938591464075,0.0004871608316027614,0.00045773622964988216
1579,0,0.0004639631571909,0.0005517324948569918,0.0002513908283495416
1580,0,0.000855128615982,0.0011681750358067693,0.0005079297613146495
1581,0,0.0012908086025222,0.0016297690872308494,0.000814101402746881
1583,0,0.0004268351359404,0.0004698944334781266,0.0003995820239757254
1585,0,0.0009959592423184,0.0009695194363448754,0.000836540144996297
1588,0,0.0006951148529301,0.0007784151067352766,0.0006672312467732073
1589,0,0.0029175635726435,0.0029741933207617526,0.0026346356545963725
1591,0,0.0410117203849049,0.053150883245966646,0.06981395348502659
1592,0,0.0604711101195063,0.07505165501023017,0.12179956313769873
1594,0,0.0313803688603839,0.03812156667771136,0.022450182438997594
1595,0,0.060839624752137,0.14983077050190932,0.05254553952793673
1597,0,0.0005372687348201,0.0006220097079985417,0.00031875506468830164
1598,0,0.0004079242544965,0.0004191587636957917,0.00015324102866269847
1599,0,0.000326379840651,0.00048594198551845714,0.0001691512628799986
1600,0,0.0003222624384904,0.0003499111514450724,0.000277247584473181
1603,0,0.0002794089076817,0.00045262687410380716,0.00013583615146534858
1604,0,0.0002360328656146,0.00021368857002840216,0.00014817569582912352
1605,0,0.0002486924984663,0.00024199418366151144,0.0001608353286808235
1606,0,0.0005983925718833,0.0007647036553904879,0.00043998754384642593
1607,0,0.0003201332376208,0.0003631925351584766,0.00026789640249247625
1608,0,0.0005752632123041,0.0010184829965361462,0.0003276681060151892
1611,0,0.0008912875822814,0.0009343468798191266,0.0008390507471531263
1613,0,0.0002664039224772,0.0003094632200149266,0.00021416708734892624
1616,0,0.0008792153451795,0.0008500463985417215,0.0007453346223037354
1617,0,0.0004840777156855,0.0005688186888639418,0.00026292536241004805
1618,0,0.0003179740158657,0.0004775361607331571,0.00015608600633175933
1619,0,0.0022879406019898,0.002891543935640908,0.0014633841771090957
1621,0,0.0002575831830863,0.00025088486828156144,0.0001697260133008735
1623,0,0.0004584263239907,0.0004696608331899754,0.0002052989176063161
1624,0,0.0015198799959378,0.0016046209691162917,0.001298727642662398
1625,0,0.0017395923493037,0.0022197003764294664,0.0008716860986474413
1626,0,0.0014268174727207,0.002311040305243768,0.0011899401405107007
1627,0,0.0019750397696082,0.0024551477967340164,0.0011071335189519914
1628,0,0.0003664844314754,0.0005344413728377534,0.0002007464119737443
1629,0,0.000403764115641,0.0004881069534173918,0.00018221362696349807
1630,0,0.0016375511133063,0.0021176591404321165,0.0007696448626500912
1632,0,0.0004163735306144,0.0006873498070418997,0.0002436095323858432
1634,0,0.0003492926569048,0.0005172495982671534,0.00018223491227633334
1636,0,0.0026882096610868,0.003131429445318796,0.002428131468955666
1637,0,0.0005785139535825,0.0005651244177694254,0.00030596189508802426
1638,0,0.0003417792574914,0.0005149972239134571,0.00019321706465949432
1639,0,0.0006162862982711,0.0006363002496917796,0.00039168569537742796
1640,0,0.0003632453634149,0.00040630466095262663,0.00031100852828662624
1641,0,0.000386613656788,0.0003799153419832115,0.0003146565392017302
1642,0,0.0004138190393974,0.0004981618771737917,0.00019226855071989807
1643,0,0.0004587526277648,0.00047646677020536063,0.00043968097286057624
1644,0,0.0004604362647599,0.0006283932061222534,0.0003028063327627709
1645,0,0.0005203686777015,0.0006047115154778918,0.00028775893627431973
1646,0,0.0004568077904601,0.0005445771281261918,0.0002345760942522471
1647,0,0.0003978964709472,0.00046966853363081105,0.00017056902816308956
1648,0,0.000696079310196,0.0007808202833744417,0.0004749269569205481
1650,0,0.0004528641337371,0.0005372069715134418,0.0002347097709270127
1651,0,0.0014356799113122,0.0017996113005940796,0.0010056559624911925
1655,0,0.314578757955039,0.3155294962768888,0.3141032773905228
1657,0,0.0005224130417617,0.0004944672135567254,0.0002324215449801047
1658,0,0.0011128812748811,0.0018010029526989652,0.00048564850702143643
1659,0,0.0004412286131994,0.0005255714509757918,0.00022307425038936273
1660,0,0.0012582788695179,0.0012359345739317022,0.001226167750209648
1661,0,0.0007665209087162,0.0007387692973495263,0.0003233272165792222
1662,0,0.0010392001872243,0.0013205889508672993,0.0004852549549829629
1663,0,0.0005540672767115,0.0005817159896661724,0.0005424251888997475
1665,0,0.0006643387675069,0.0006576404527021614,0.0006282158507492821
1666,0,0.0004447726672172,0.000439506176641305,0.0003495975392782955
1667,0,0.000697854694422,0.0006911563796172114,0.0006617317776643322
1670,0,0.0007007130442612,0.000715957667860134,0.0007749191780920899
1671,0,0.0044634485944344,0.004615919552808718,0.004288577218308387
1672,0,0.0007096930926559,0.0006416396518943866,0.0006735701758982321
1674,0,0.005463851833301,0.005452888659402962,0.003818720182690354
1675,0,0.0269367816882275,0.02400401896922087,0.04589213354729739
1676,0,0.0230488763725929,0.0221276622951718,0.014680822431417835
1677,0,0.3384708661317271,0.27223660214327394,0.2008240287023135
1678,0,0.0807043583962635,0.07051234487430193,0.1043760314499734
1679,0,0.0567364286595645,0.06410952249435359,0.0728562478958174
1680,0,0.1414373195321775,0.1210469336214435,0.1815101111505774
1681,0,0.1291077507026874,0.10910193065063414,0.12699983036664986
1683,1,0.0650400792287052,0.06246407720906268,0.050550214757447656
1685,0,0.001612799226677,0.0013209506416125318,0.0016694255204047687
1686,0,0.0011102948705818,0.0014878671254658182,0.0011785643355246816
1687,0,0.0037061196769415,0.0037739688830704813,0.003810026679323628
1688,0,0.0004792699643398,0.0005241265429771142,0.00022458673850603213
1689,0,0.0003607009309926,0.0005339188974146571,0.00021712817477619859
1690,0,0.0004243025858913,0.000503720470647207,0.00041035113215041793
1691,0,0.0011871091865461,0.0014803263559194416,0.0008603409133007507
1692,0,0.0003640670427503,0.0004484098805266918,0.0001425165540727981
1693,0,0.0007776662467864,0.000971095861627233,0.0004897518632902909
1694,0,0.0019615123273476,0.001591736467846989,0.0020181529684192533
1695,0,0.0004781282840696,0.0005308125408458142,0.00023127273637473214
1696,0,0.0004162713725804,0.0004611279512176642,0.00016158814674658214
1697,0,0.0002490707972612,0.00024237248245646145,0.00016121362747577355
1698,0,0.0002320822728234,0.00023172123526644985,0.0001277972793199493
1699,0,0.0003896463053514,0.0005576032467137033,0.00022423829070225933
1700,0,0.0020283707955681,0.002631974129219158,0.0012102003212231909
1701,0,0.00055370260988,0.0006384435830584917,0.00033255025660459806
1703,0,0.0008517974722728,0.0012591048249319294,0.00040192550085711026
1704,0,0.0002569866314832,0.0002747007739238106,0.00023791497657902624
1705,0,0.0005609966999923,0.0006328449375207763,0.0002054145195663344
1706,0,0.0002798617893763,0.00030110988857599504,0.0002655238928812085
1707,0,0.0002530402370853,0.00024634192228056146,0.00016518306729987353
1708,0,0.0005659807951982,0.0008740344726982693,0.00024172563804071004
1709,0,0.0005262462099291,0.0005789304667053142,0.0002809464816836661
1710,0,0.0004385178091467,0.00040730807257487026,0.0003561060183005186
1711,0,0.0003265345496285,0.0003695552594028167,0.0003175815641899616
1712,0,0.0017713087945144,0.0031474166884706088,0.0009093453215427768
1713,0,0.0004683997204541,0.0005132562990913642,0.0002152723140697161
1715,0,0.0006197187832397,0.0005902224047558554,0.0003200339483464651
1717,0,0.0005182708778579,0.0005631274564952141,0.00027034286437582425
1718,0,0.0020122602630341,0.0027003819408519653,0.001405025117437998
1719,0,0.0009107637033738,0.0010839816697959072,0.000766431466084069
1720,0,0.0003965683942057,0.0005645253355680034,0.00023471270980488342
1722,0,0.0003289844423219,0.0005022024087440072,0.00018430458459093343
1723,0,0.0008059791330844,0.0008528968029008391,0.0008279459988743351
1724,0,0.0009942765894328,0.0010790175626112417,0.000773124236157348
1725,0,0.0013260817708875,0.0014148130003809388,0.0009878533272934685
1728,0,0.0005218731008271,0.0005691246080727351,0.0005477279379094691
1730,0,0.000659279700892,0.0008664102037966204,0.00066850133971182
1731,0,0.0017465604657125,0.0023501637993635577,0.0009367825187690442
1732,0,0.0005019028413986,0.0005221353750235142,0.00024167596498318443
1733,0,0.0005846441232802,0.0006524933294091812,0.0006825663194522238
1734,0,0.0003954948191244,0.0005634517604867033,0.00022839384229922176
1735,0,0.0005440798375258,0.0007120367788881533,0.00038257177356626894
1736,0,0.0016960285098865,0.0021731373420641738,0.0007268818309405176
1738,0,0.0019594033446646,0.002126269208175518,0.0018156724602217261
1739,0,0.0005848450761655,0.0005536353395936703,0.0005024332853193186
1741,0,0.0007336830794173,0.0007622786203756142,0.00048181921033528443
1742,0,0.0022267805422863,0.003434511496169359,0.0011855533074005436
1745,0,0.0007235526068743,0.0008915095482366034,0.0005602801028889967
1746,0,0.011119532377296,0.011119002485832061,0.011598340325878932
1747,0,0.000444729228908,0.00043803091410326146,0.0004010549938389237
1748,0,0.1380205796000291,0.13821964051031957,0.1377904342570483
1749,0,0.0019905684281865,0.001997750691651014,0.0017207411780807565
1750,0,0.0011654556433601,0.0013250177882275572,0.000992792630864444
1752,0,0.006100394999192,0.006171034716108267,0.0061483006510237755
1754,0,0.001122660825216,0.0012412347535239133,0.0008213977841660836
1755,0,0.0004173421575357,0.0004169811199788209,0.00033671695144802814
1756,0,0.0011579051746432,0.0014793793398476863,0.0008958396707882609
1758,0,0.0053222255347158,0.006071062191505969,0.005328983968360693
1759,0,0.0011534287324388,0.0011312067218157641,0.0008417708339106142
1760,0,0.0034820545368496,0.003489236800314064,0.0032122272867438064
1761,0,0.0101758254643632,0.009739357159686081,0.014114047159708813
1762,0,0.0204025045548835,0.01865293458270482,0.018279754431352765
1763,0,0.0132157985970251,0.01277258232506172,0.014057747454802138
1764,1,0.0419264086688419,0.04300448882120662,0.03883906105280848
1765,0,0.0022812942101263,0.0030187831929333153,0.0016163497283959356
1768,0,0.0003530755611115,0.00043741839888789176,0.00013012912439529955
1769,0,0.000441695591312,0.00048655216994926415,0.00018701236547818213
1770,0,0.0005849115408069,0.000736809283717241,0.0004473234850702686
1771,0,0.0004803823676409,0.0005330666244171142,0.00023352681994603215
1772,0,0.0002719474844419,0.00027158644688497096,0.00016766249093847039
1773,0,0.0005662165364864,0.0006869786369867389,0.00025973727672345276
1774,0,0.0060075494614514,0.006758916640169085,0.005455246746743145
1775,0,0.0004976440624997,0.0005425006411369642,0.00024296083666588216
1776,0,0.0009718807323066,0.0014373088044789888,0.00048589060836571024
1778,0,0.0003557346322381,0.00039578324865930005,0.0003417831784972179
1779,0,0.0011044981638777,0.0018600580390214652,0.00047027798187343267
1780,0,0.0003572616713172,0.00042903373400076105,0.00012618254129803837
1781,0,0.0003614234882174,0.0004457663259937918,0.0001398729995398981
1782,0,0.0010934537465733,0.0011613029527022811,0.0011973607489554278
1783,0,0.0003526877150594,0.00039273633148060005,0.0003387362613185179
1784,0,0.00039458487471,0.0004233104546439254,0.00015739271961083215
1786,0,0.0004297362356314,0.0004409707448306754,0.00017660882924701608
1787,0,0.0002604395290644,0.0002816876282640951,0.00024610163256930855
1788,0,0.0013303616448706,0.002214584477393668,0.001064750368433595
1790,1,0.9792715338167464,0.9782047215281606,0.9792205559834544
1791,0,0.0005851647407828,0.0007363926579749554,0.0004919822055974227
1792,0,0.0003221407543579,0.0004900976957202033,0.00016028506995708342
1793,0,0.0008837557455832,0.0011412558525826348,0.0005992390100945422
1794,0,0.0007528780232081,0.0008953863015043854,0.0004669135171818875
1795,0,0.0003097531106735,0.0003528124082111766,0.00025751627554517625
1796,0,0.0002818017879653,0.00027510347316051143,0.0001862109998902461
1797,0,0.0009796717383717,0.0010640145761480918,0.0007542551999528667
1800,0,0.0005203532074147,0.000836211731549256,0.0003414854884673976
1801,0,0.0004357791303248,0.0005201219681011918,0.00021036259190596672
1802,0,0.0005203294843782,0.0008361880085127059,0.0003414617654308476
1803,0,0.0004154839431808,0.0005834408845431033,0.000253975879221219
1804,0,0.0008869042521069,0.0012602678704191736,0.0007979252692506703
1805,0,0.0004380384932698,0.0006059954346321534,0.00026964252310750073
1806,0,0.0032852980106942,0.0031589615688927637,0.0014683981484226766
1807,0,0.0004214190476253,0.0005946370140474072,0.00027708681033556895
1808,0,0.0022884741898047,0.00225726445323287,0.0022374157674659397
1810,0,0.0011826380735486,0.0013289058438141694,0.0010731749234742705
1811,0,0.0018423426716376,0.0034737112940247247,0.0015893387715336168
1812,0,0.0005271291434271,0.0005408741457558128,0.00048270190211960855
1814,0,0.0006586032622492,0.0007473344917425889,0.0002780881698966442
1815,0,0.0006765762430399,0.0007051717839982141,0.0004112113150626539
1817,0,0.0004687349189624,0.00046837388140552095,0.0003900970083573173
1819,0,0.000959718878284,0.0012195850464690916,0.0006287623638352877
1820,0,0.0021675392500494,0.0022144569198658394,0.002189506115839335
1821,0,0.0004870390826495,0.0006549960240118534,0.00031993810582437175
1822,0,0.0027295421646463,0.00424312630037769,0.0026419175773909854
1823,0,0.0005049162165046,0.0004982179016998615,0.0004612419814355237
1824,0,0.000998496712564,0.001372378641953258,0.0009948703977576698
1825,0,0.0022103820421327,0.00243946083317731,0.0017880334939795557
1826,0,0.0006864899529395,0.0007712309261179918,0.0004646507027967477
1827,0,0.0004104907153142,0.00040522422473825495,0.0003153155873752455
1828,0,0.0030476481840178,0.003421530113407058,0.0030915451528693494
1829,0,0.0024132813916532,0.0027698375078436073,0.0015746801482769113
1830,0,0.0021310044492661,0.0022157454224445918,0.0019012360984138276
1832,0,0.0022021971096826,0.0033839958302638753,0.001149792188960158
1836,0,0.0020225577628817,0.0020626063793029,0.002008606309140818
1837,0,0.0009331105747621,0.0009761312845364168,0.0009610036857497527
1838,0,0.0015705223789817,0.001573568266012594,0.0014981919133610375
1839,0,0.0012701857712681,0.001318139050892138,0.0010747567310988302
1840,0,0.0009922594378,0.000987001834908485,0.0009139667266048247
1842,0,0.0003245128054649,0.0005063300781331033,0.0001776245538845986
1843,0,0.0005042837232772,0.0005890246964556918,0.0002817354219630996
1845,0,0.0004156855071353,0.00048392268064458715,0.0004189302899890154
1846,0,0.0006162788568334,0.0009487013182936416,0.00029671187740050865
1847,0,0.0007850781139653,0.0007783797991605615,0.0006972209441798735
1848,0,0.0013386167149782,0.0018401629396758389,0.0009245088847280221
1850,0,0.0002684682236152,0.00024612392802905215,0.00018061105382977355
1851,0,0.0015782836628846,0.0020583916900103662,0.0009984005725792665
1852,0,0.0022145075325817,0.0026946155597075165,0.00206066531280758
1853,0,0.0003618496078428,0.0005298065492051033,0.00019644159319365934
1854,0,0.0002868739553769,0.00036629184013285703,0.0002729225016360679
1855,0,0.0003525689514672,0.0004369117892435418,0.00013101846278964807
1858,0,0.0004202053250177,0.0004392675123559254,0.00017334977732283213
1859,0,0.0004111699935194,0.0004955128312957418,0.00018961950484184807
1860,0,0.0014352594779238,0.003040478399108375,0.0012125809939197802
1861,0,0.0005146647458534,0.0005994057190318418,0.0002935123925779481
1862,0,0.0005097308327872,0.0005944718059656918,0.00028857847951179805
1864,0,0.0003643185255237,0.0004486613633000418,0.00014276803684614808
1865,0,0.0003705097617284,0.0005384667030907033,0.00020477174222669433
1866,0,0.0003135188232422,0.0003068205084374615,0.00022566165345677355
1867,0,0.0009465115996424,0.001005547243008274,0.001018537806304959
1869,0,0.001346238029293,0.0022805583025555676,0.0010129675863933133
1870,0,0.0002727458090974,0.00029399390829714506,0.00025840791260235853
1871,0,0.0004719917767593,0.00045860224094622544,0.00019943971826482429
1872,0,0.0004250301589507,0.0005097711321291418,0.00020387780567524807
1873,0,0.0020071246350237,0.0031553226260984356,0.0011153842039384311
1875,0,0.0005156660309248,0.0005347282182629754,0.0002755656955815743
1876,0,0.001638853638099,0.0022763326891285162,0.0011769015667185171
1877,0,0.0074718859043189,0.009266383079961164,0.006533491568457481
1879,0,0.0005583724951722,0.0008742310193067559,0.00037779292605585315
1882,0,0.00039838206753,0.0004729580035912872,0.00037024934872724897
1884,0,0.0005295719317221,0.0005978091052314372,0.0005528008339833392
1888,0,0.0004414199001735,0.0006146378665956071,0.0002931877121942093
1889,0,0.0009726609021647,0.0010574018753431416,0.000751508548889248
1891,0,0.0004037312239828,0.0005716881653451034,0.00023301371890903304
1892,0,0.0012475319061834,0.0013322728793618418,0.0010153203001582697
1893,0,0.0005935890511185,0.0003782494079092593,0.00029206747674044456
1894,0,0.000725323894989,0.000898541861411107,0.0005788594946388393
1895,0,0.0013344697251062,0.001501335588617168,0.0011865869418900335
1896,0,0.0016323295026036,0.002295057569669674,0.0008305162997087025
1898,0,0.0009818326820022,0.0013479642621496066,0.0009353212416147671
1899,0,0.0018944003926117,0.003000099746765849,0.0016866861230368437
1900,0,0.0010287177447366,0.0011732591138789905,0.0006236715384375574
1902,0,0.0004933228355858,0.0006612797769481034,0.0003175240219523645
1903,0,0.0021071937253421,0.002154445232587735,0.0021729775984522595
1905,0,0.0005652849148513,0.0006496277526276918,0.0003471305520412627
1906,0,0.0065646236863576,0.006600229920836885,0.0061824702411964055
1907,0,0.0010508624796964,0.0011863925302854732,0.0009114266877303404
1908,0,0.0005746486633856,0.0007538394106861533,0.0003930810688163977
1909,0,0.0020844403289468,0.00205323059237492,0.0020947603281130356
1910,0,0.0015425345175949,0.0018576694132552648,0.0009682061806388779
1911,0,0.000535110124957,0.0006825622166088071,0.0003520685472138712
1912,0,0.0127604365510096,0.012627986799478904,0.01251540299274404
1913,0,0.0009338706864623,0.0009515848289029106,0.0009147990315581262
1914,0,0.0008201878530914,0.0008632471506291265,0.0007679510179631262
1915,0,0.0063070800790032,0.007039237998245424,0.004304204027720327
1916,0,0.0099404377240692,0.010306384651346345,0.009860988984821413
1918,0,0.0178177756802459,0.01608623140331767,0.013885158298619703
1920,0,0.0003929843346397,0.0004777253078181918,0.00017447066450795165
1921,0,0.0005446640460247,0.0005238451993634703,0.0004841319343054331
1923,0,0.0006522720389409,0.0008034999561331055,0.0005479047714039094
1924,0,0.0002922844725982,0.00028558615779346146,0.00020442730281277353
1926,0,0.0004674109731137,0.0004786454823129754,0.00021272774727988214
1928,0,0.001568580030812,0.002172183364463108,0.0008250810513167554
1929,0,0.0004055192203105,0.000404989328846512,0.0004658296546562118
1930,0,0.0002787641507817,0.00024959520414386037,0.0001448834279058742
1932,0,0.0003677146079181,0.0003365048713462203,0.00028530281707186863
1933,0,0.0003811566447464,0.0004658976179248418,0.00016000429147094807
1934,0,0.0004214214415993,0.00044048362893747543,0.00017456589390438216
1935,0,0.0002382635551754,0.00021591925958920215,0.00015040638538992354
1936,0,0.0016938128199808,0.0027725174802884357,0.000836558180329103
1937,0,0.0006464356717969,0.0007976635889891054,0.0005420684042599093
1939,0,0.0004078894070434,0.0004191239162427434,0.00015320618120965015
1940,0,0.0014995369901877,0.0027358842799387858,0.0006758257900595189
1941,0,0.0002229611882768,0.00020061689269065559,0.00013510401849137698
1942,0,0.003866439205156,0.004404892464214762,0.00347195047078711
1943,0,0.0002651912053059,0.0003082505028436266,0.00021295437017762624
1944,0,0.0002725665115908,0.0002938146107905451,0.0002582286150957585
1946,0,0.000456448134938,0.0004755103222762254,0.0002111484066925661
1948,0,0.0005311663507028,0.0005581186342178849,0.0003237170322827721
1949,0,0.0007511890552367,0.0011255195510304348,0.00042085615992651793
1950,0,0.0003143238948589,0.00048228083622120336,0.00015281583089931896
1951,0,0.0003427304480282,0.0003767097291955224,0.00027268391877780754
1952,0,0.0004417799789418,0.0005936777218521411,0.0002984553863924129
1953,0,0.001484577930649,0.002349059795260513,0.0008340826341617095
1955,0,0.000388370618535,0.0003880095809780709,0.0003097327079298673
1956,0,0.0014104907757627,0.002319930101811118,0.0009565616159342036
1957,0,0.0010922571795111,0.0018517920722608786,0.0005896571997049123
1959,0,0.0003516126903231,0.0003946719878608266,0.00029937585519482625
1960,0,0.0016731047811928,0.002821302772267536,0.0007338481486016751
1961,0,0.0008543021813965,0.0012727093412732294,0.00041333884624097385
1962,0,0.0006973773378025,0.0007371947043241263,0.0003459787536251236
1963,0,0.0008138282521253,0.0009617858036500873,0.0006963834008901395
1964,0,0.0009696449479858,0.0014115791435253462,0.0007061364837083538
1965,0,0.0009017423397211,0.0010496998912458873,0.0007441112043651702
1966,0,0.0004122474249549,0.0005854653913769572,0.0002636852321229943
1967,0,0.0004026353058705,0.0005705922472328533,0.00023191780079678305
1969,0,0.001854010948078,0.003230118842034209,0.0009436787292642062
1971,0,0.02418454727215,0.026085315825436748,0.023157062439552352
1972,0,0.001369756542127,0.0021072455249340153,0.0007218479650046626
1973,0,0.0007456957998346,0.0008304367730130417,0.0005134841938094697
1974,0,0.000683880292928,0.000850746156438968,0.0005356118055562535
1975,0,0.0004897494675258,0.00046058052088802156,0.00037393048669863156
1976,0,0.0009030059400376,0.0012830853644207347,0.0005580682382153087
1977,0,0.0016706686669245,0.001928168773923935,0.0013842216544463597
1978,0,0.0012944266258303,0.0013791675990087419,0.0010766703984223128
1979,0,0.0007187040223605,0.0005033643791513094,0.0005515602363131466
1980,0,0.0015856659764916,0.0022848006492389144,0.0012753017136997937
1981,0,0.0020169129543897,0.0028813948190011627,0.001340751544495622
1982,0,0.0013170566983285,0.0016417486491908683,0.0016033045858196825
1983,0,0.0004398688067124,0.0005242116444887418,0.00022171444390231272
1985,0,0.0021739058136304,0.0025517080358065185,0.002095545488554447
1986,0,0.0006949624319086,0.0006632482567589142,0.0003738123688537642
1987,0,0.0006653309540628,0.0007407221264050111,0.0004134688777798188
1988,0,0.0006329986544091,0.0008062166208312072,0.000479625038516935
1989,0,0.0013874082299046,0.0016176285997723916,0.001025712745231298
1990,0,0.0029452078187813,0.0029139980822094204,0.003050221762294112
1991,0,0.0011338848255077,0.0014744114963016603,0.0008781127877374247
1992,0,0.0010301513377077,0.0010078070421215522,0.0009806325343066568
1994,0,0.0006854770225015,0.000667355730724938,0.0005002862354903173
1995,0,0.0017561595877789,0.0019041171393036874,0.0015869926219131835
1996,0,0.0007679501115376,0.0008659607780336707,0.0005844909673251327
1999,0,0.0004328449917222,0.0004519071790603754,0.00018598944402728213
2000,0,0.0002556188747148,0.00024892055991001144,0.00016776170492932351
2001,0,0.0016685850368069,0.0021486930639326666,0.0011294202477782538
2002,0,0.0004482265936984,0.0004672887810365754,0.00020137104600348216
2003,0,0.0004040728955853,0.0004888138687637918,0.00018555922545355162
2004,0,0.0014768280542847,0.0015611708920610418,0.0012579162487508016
2005,0,0.000376107803872,0.0004037565168266224,0.0003391456744480623
2006,0,0.0003812609765758,0.0004656038143521418,0.00016234917104190164
2008,0,0.0004458464796126,0.0004649086669507754,0.00019899093191768215
2009,0,0.0003991716488263,0.0004839126220047418,0.00017801929555084808
2010,0,0.0003667730699828,0.00041424068989524506,0.00035009027067969465
2011,0,0.0019151040657314,0.0023952120928572166,0.0010808385165672948
2012,0,0.0003174092438593,0.0002677507027365102,0.00023591605014848408
2014,0,0.0004328274032577,0.0004440619124569754,0.00017814417742388215
2015,0,0.0017957912599258,0.0022758992870515666,0.0009615257107616448
2016,1,0.839018730887414,0.8370283334084583,0.840498864092676
2017,0,0.00057005638953,0.0006419046270585263,0.00023779430013955605
2018,0,0.0002423310651639,0.00023563275035911143,0.00015447389537842353
2019,0,0.0015391903349589,0.0022761270166334665,0.0009491283963224226
2021,0,0.0004311892286066,0.0004502514159448254,0.00018433368091173215
2023,0,0.0014736280661985,0.002357850898721568,0.001305408109828215
2024,0,0.0008216156095318,0.0012799151844857294,0.0004316864260952369
2025,0,0.0003962335216122,0.0004809744947906418,0.00017508116833674808
2026,0,0.0002744099026124,0.00026771158780766144,0.00018655273282697351
2028,0,0.0004719456211658,0.0004407358845939203,0.00038953383031956865
2030,0,0.0004508203174064,0.0004698825047446254,0.0002055205891609661
2031,0,0.0006365263828228,0.0010797461670548462,0.00039728292189483976
2032,0,0.0158169351190923,0.01807227346567233,0.013932268401971004
2033,0,0.000591937838815,0.0008474860473199905,0.00026858516097547243
2034,0,0.0022460261306263,0.003225847181627936,0.0013176496190581328
2036,0,0.0004450310645378,0.0006045932094052571,0.0002892628039015538
2037,0,0.0006953765130976,0.0008466044302898055,0.0006021939779122729
2038,0,0.0005807749728811,0.0007320028900733055,0.00048759243769577276
2039,0,0.001018724152931,0.0014619439371629961,0.0007671487803908994
2040,0,0.0003211554012768,0.0003144570864720615,0.0002338421933630988
2041,0,0.0004728582091945,0.0004941063083941951,0.00045852031269940854
2042,0,0.0007439275677246,0.0008685260550406054,0.0006373355269239972
2043,0,0.0009424779048483,0.0011999780118477849,0.0005809253936693932
2044,0,0.4945885877224802,0.5027805146703624,0.10144949055659434
2045,0,0.0003927566163073,0.0005607135576696533,0.00022565563948217176
2046,0,0.0004204392270279,0.0005936571934499572,0.00027610698973811896
2047,0,0.0008025182047773,0.0011999474219624915,0.00047347475566267955
2050,0,0.0004202932657753,0.0005046361035516918,0.0002021389029652627
2051,0,0.0014469329299438,0.0014939016680401355,0.0010827541492791808
2054,0,0.0079342018337215,0.008419588909561973,0.007315920961493443
2055,0,0.004089621665696,0.004174362638874442,0.003871865438288013
2056,0,0.0010145783312313,0.0011023476688973917,0.0008095564085176725
2058,0,0.0005573976380506,0.0005482552469365755,0.0002862095783599547
2059,0,0.0011561990021747,0.0011197746953169703,0.0011295400361366397
2060,0,0.0007360351874947,0.0011576464586898962,0.00045150235746974163
2061,0,0.003598168207007,0.00354439528094021,0.0035890357072110744
2063,0,0.0005783187287992,0.0006213780263368766,0.0005301758182331511
2064,0,0.0017270334739364,0.0023857969341543506,0.0010147253086130318
2065,0,0.0006388513770395,0.0006279701407507115,0.0006179038405895722
2066,0,0.0016775943742161,0.001986249287203979,0.0011744866726399925
2070,0,0.0005108988566147,0.000500305352396205,0.0004280977621516621
2071,0,0.001986691533439,0.0021080629777096562,0.0010591034696642496
2072,0,0.205551081176715,0.15058282530776138,0.20908745951272106
2073,0,0.0012376412338855,0.0012019143752963755,0.0009461005568292142
2074,0,0.0007578591373984,0.0007791072365980951,0.0007923294998570228
2075,0,0.0008252760713238,0.0007530397090783367,0.0009011677530328384
2076,1,0.8988076098661624,0.8436626629420494,0.9156053275811243
2077,0,0.000963185833596,0.0009018487861591906,0.0009422382971461221
2078,0,0.0010206286470272,0.0011938466134493071,0.000861621456086194
2079,0,0.0093041312122707,0.011804281229458854,0.010000863295464377
2080,0,0.0247187176482723,0.02731981667384647,0.023593241663414095
2081,0,0.0684103278860068,0.08854391642428275,0.04747498457498023
2082,0,0.0169498430682225,0.02432838692616019,0.011622605003672673
2083,0,0.0244672953299769,0.02530030621171574,0.016006628940314023
2084,0,0.0003585668950979,0.0005317848615199571,0.0002215041690041307
2085,0,0.0007737820566757,0.0010515944117502848,0.000376134172148353
2086,0,0.0006275095720246,0.0006829688276429263,0.0003046413303514528
2087,0,0.0013225505252828,0.0017604385073138294,0.0008951957717853034
2088,0,0.0003688036194572,0.0003775265504281723,0.0003206607088912011
2089,0,0.0016521754099329,0.002255778743583958,0.0009139185864531969
2090,0,0.0012629112383298,0.0014013763115238054,0.0011457811267946093
2091,0,0.0038547564965113,0.004297976280743296,0.00363142617158161
2092,0,0.0003725613304092,0.0006435376068366998,0.0002073242261373313
2093,0,0.0004294905200889,0.0007004667965163998,0.00025544079591265307
2095,0,0.0009450773739661,0.0013609727344364286,0.0004999130254867655
2096,0,0.000244549776641,0.00023366854035221146,0.00016455143921774445
2097,0,0.0010059352775187,0.0012634353845181348,0.0006443827663397432
2101,0,0.0009105189397208,0.0009381676526754724,0.0008709727464224209
2102,0,0.0004753666633461,0.0004740020738893754,0.00020808433885628215
2103,0,0.0042458154217434,0.0063278391326643865,0.0029238628409165362
2104,0,0.0020285655154667,0.0029127883479897676,0.0018603455590964148
2105,0,0.0008545190817437,0.0010277370481657571,0.0007101868444539189
2106,0,0.0003375460077917,0.0003359381650366266,0.00027628572135267077
2108,0,0.0006925874966932,0.0008505766834781138,0.000587687448442391
2109,0,0.000444422968914,0.0003832309112296829,0.00018929563762889513
2110,0,0.0002982668394109,0.0003413261369485766,0.00024603000428257625
2111,0,0.0002463464728076,0.00023964815800286147,0.00015848930302217354
2112,0,0.0005986089854802,0.0007402868845772317,0.0006396347338556266
2113,0,0.0005203450506975,0.0005672627205138891,0.0005369017972821765
2114,0,0.0005463790324396,0.0005151692958677703,0.00046396724159341864
2116,0,0.0012088505407702,0.0014663506477696848,0.0010187610557449607
2117,0,0.001107486038781,0.0014321779896434182,0.0009936404583158925
2118,0,0.0006892774435242,0.000868013630291733,0.00038861950942468753
2119,0,0.0003991336880051,0.0003757277191962094,0.00023118510081995814
2120,0,0.0004361516153318,0.0005208925885102917,0.00021499926205639807
2121,0,0.0005340401043293,0.0005028303677574202,0.00045162831348306864
2122,0,0.0005820492780336,0.0006220978944548501,0.0005731488650603202
2123,0,0.0006658393076192,0.0006860718412441142,0.000401911901910126
2124,0,0.0004791957921646,0.0005669651298306418,0.0002569640959566971
2125,0,0.0006489340986539,0.0009619805184787192,0.00035321349876851066
2126,1,0.8381193855133138,0.8368678803387486,0.839771563789353
2127,0,0.0004047740858196,0.00040441304826267094,0.00032613617521446727
2128,0,0.0005640326593632,0.0006598712267359313,0.0004985275985320924
2129,0,0.000609960555658,0.0006568782254743891,0.0006265173022426766
2130,0,0.0007217620462073,0.0007371894982256641,0.00045302955889167597
2132,0,0.001102508070399,0.0014427294204057794,0.000619960883853126
2133,0,0.0010456923475126,0.0011135415536415812,0.0011598403281716098
2134,0,0.0005150024836812,0.0004653439425584602,0.00042113499635166435
2135,0,0.0007887576824549,0.0008340996519987763,0.00045858286418396887
2136,0,0.0006085263784546,0.0007764833198169534,0.0004241766052832354
2137,0,0.0005115853310501,0.0005107136176067754,0.00023081743290430604
2138,0,0.0006763635971759,0.0008495815635979571,0.0005264384470205217
2139,0,0.0009289515354874,0.0009534026563325253,0.0006913569877559047
2140,0,0.0009586063098833,0.0011165954966682137,0.0008909269197751527
2141,0,0.001039667039473,0.0011976562262579638,0.0010009875029793297
2142,0,0.0013108661393457,0.0013538868491200166,0.001306592671897869
2143,0,0.009627953278797,0.009850382912715248,0.00852403848776135
2144,0,0.0009234668043694,0.0011380364928887817,0.000920980391598769
2145,0,0.0005976431813008,0.0005909448664960615,0.0005615202645431821
2146,0,0.0043749315326946,0.004861243251710975,0.00574900203883983
2149,0,0.0005430270229507,0.0005206827273645021,0.0005069041061930321
2150,0,0.0006459743848708,0.0006932258921163851,0.0007039958003886026
2151,0,0.0004829640894225,0.0007072839452432218,0.00026553619573515294
2152,0,0.0015503178246149,0.0019136750652177037,0.0009026004993850777
2153,0,0.0089178930849438,0.008548117225443139,0.00903239273203624
2154,0,0.0013558220851049,0.00211305734465163,0.0010984985380373094
2155,0,0.0027198365187276,0.0027667541885440395,0.0028129219531433276
2156,0,0.0071364978330463,0.00735096834985585,0.006250344971671765
2157,0,0.0045592222568711,0.004890393856678284,0.0038884408381878585
2158,0,0.1410027641510837,0.12341385318024309,0.19392718970237705
2159,0,0.0351034553144168,0.037479879778452525,0.024988629900030083
2161,0,0.0152523530132634,0.026366113948998092,0.009809282640782393
2162,0,0.0400417128236781,0.03880884149492286,0.031695568989185595
2163,0,0.0252263168878741,0.038133229587469245,0.021282755283659142
2164,0,0.0568110954238332,0.0665263838640665,0.0396722486193565
2165,0,0.0234904390586163,0.031168440873156993,0.01953957605610258
2166,0,0.1062843234000913,0.14873930127298637,0.2056217256230266
2167,1,0.1720158006935164,0.20773605932997144,0.12116647219541814
2168,0,0.0002885535321204,0.0003690462898089516,0.0003078101978810679
2170,0,0.0007059922989989,0.0011492120832308963,0.0004791050299374432
2171,0,0.0004674088151944,0.0004660442257377254,0.00020012649070463216
2172,0,0.0002980362509034,0.00029767521334647093,0.00019375125739997035
2173,0,0.0006649046038205,0.0008033696770145054,0.0005477744922853094
2174,0,0.0002342290735341,0.00022334783724536146,0.00015423073611089445
2175,0,0.0003547274072188,0.0004390702449951918,0.00013581560168495166
2176,0,0.0003442915143061,0.0004286343520824918,0.0001227410256285981
2177,0,0.0011757316681042,0.0015234644649943295,0.0006589835344014601
2178,0,0.0009443917563769,0.001201891863376335,0.0006068755735872931
2179,0,0.0003454153538468,0.0004297581916231418,0.0001238648651692481
2180,0,0.0003325919712485,0.0005058099376706071,0.00018825973395876895
2181,0,0.000331530404422,0.0005047483708440571,0.00018719816713221895
2182,0,0.0004767709455717,0.0005176664513751849,0.0001843697004084575
2183,0,0.0051506334107907,0.006522203869225564,0.0033967019070435048
2184,0,0.0003290436803958,0.00041338651817219435,0.00010749319171830061
2185,0,0.0003832182188825,0.00045499028156606105,0.00015213908886333837
2186,0,0.0002928740729427,0.0002663468558725522,0.00021287573551949444
2187,0,0.0003992379331649,0.0005487609738676313,0.0003614543999676134
2190,0,0.0002749982083859,0.00026411697209711147,0.00019499987096264443
2191,0,0.0012964900542638,0.0014008631728538888,0.0009636081043389872
2192,0,0.0005406760186793,0.0005810350889145642,0.0002830511038929161
2194,0,0.0003997782514902,0.0005677351928525034,0.00023827018753061894
2195,0,0.000368791733422,0.00036209341861721144,0.00027320094534694604
2196,0,0.0004273371133642,0.0006005550797862571,0.0002848670274131155
2198,0,0.0008579592334202,0.001288677989991519,0.000824181695658032
2199,0,0.0004563707335111,0.0005648887084227876,0.0004433380895481213
2201,0,0.0003905525340862,0.00045661123612582635,0.0003778506594987105
2202,0,0.0003620897246994,0.0005216518695668571,0.0002037540454137834
2203,0,0.0003947465325831,0.0005543086774505571,0.00023675847373871896
2204,0,0.0004871752597206,0.00046483096413440215,0.0004028468907480341
2205,0,0.0012866270460804,0.002096222757617629,0.0007599226913783974
2206,0,0.0004395373479608,0.0005208786152650918,0.000240652973442773
2208,0,0.0004381328816757,0.00041160566460550214,0.00037628345496526147
2209,0,0.000805700521123,0.0010473358982220917,0.000504486133252655
2210,0,0.0007259194652184,0.0011691392494504462,0.00047434409267834945
2211,0,0.0011573930672494,0.0015519198838056388,0.0006890922845888038
2212,0,0.0131531954011605,0.014819506693046547,0.012043061594465193
2214,0,0.0005529786612459,0.0007209356026082034,0.0003858776844207218
2215,0,0.001908791326422,0.003514010247606525,0.0017223821271640629
2216,0,0.0008886385352791,0.000866757495281539,0.00047220126971830265
2217,0,0.0005910987511729,0.0007643167175949571,0.00044641889344188343
2218,0,0.0025980724260881,0.003257659816968058,0.0017418522603700679
2220,0,0.0021001302060849,0.0025345904281301387,0.0016767968504421034
2221,0,0.0011816230036622,0.0012663639768406918,0.0009566046006454667
2222,0,0.0047623046523126,0.007547303315724076,0.0042918633776196985
2223,0,0.0007881659113374,0.0008209162673320641,0.0005470594657170216
2224,0,0.0009083253479487,0.0007726252898569829,0.0007281011836738266
2225,0,0.0005241583219846,0.0006054995892888918,0.0003301105221746003
2226,0,0.000836344534228,0.000943146343503324,0.0007826706112893083
2227,0,0.0114387286459625,0.011605594509473419,0.011295404053413113
2228,0,0.0010074742878133,0.001159372030723691,0.0008523482733445056
2229,0,0.0008378997558141,0.0008220166448468141,0.0005450071312765566
2230,0,0.0006415805712986,0.0007267822664557418,0.00045446297734831647
2231,0,0.0013203114832654,0.001829690355995068,0.00080079381251085
2232,0,0.0019602087292156,0.0021673564581933427,0.0016072041424473264
2235,0,0.0006979882793952,0.0007827924900338418,0.0004748425110335116
2237,0,0.000556223663005,0.0005328176941961093,0.00041447291820948787
2239,0,0.0007081702320251,0.0009259314063243666,0.000668918898363639
2240,0,0.0020622692936447,0.0021470278571500217,0.0019617878067299914
2243,0,0.0180282331080526,0.01810405323831822,0.01864102384178046
2244,0,0.0141259513179728,0.013927890694509584,0.025076903855720964
2245,1,0.0056045261841183,0.006214614582041138,0.0042300716217194365
2246,0,0.00438617796729,0.00465715424371755,0.004219856644081185
2247,0,0.0005243468984972,0.000508929889372031,0.00032876250312674396
2248,0,0.0024762609488938,0.0029129498102834963,0.0024263020845903868
2249,0,0.0040984519862662,0.004981800228904848,0.002885856681093639
2252,0,0.0006637195761442,0.0009569367455175916,0.00033695130289890067
2253,0,0.0004577029321286,0.0005025595107659141,0.00020301970629483217
2255,0,0.002264037793848,0.002867641127499058,0.0014860424423096504
2256,0,0.0004763204496161,0.0005290047063922641,0.00022946490192118216
2257,0,0.0004184203833792,0.0005269383582908876,0.00040033746316548563
2258,0,0.0011672795367315,0.0012490231738861918,0.000977419894712135
2259,0,0.0026435923204641,0.0041650243072877706,0.0019066070321030733
2260,0,0.0008693898941853,0.0013709361188829388,0.00045528206393512206
2261,0,0.0003770656225948,0.00045840688989909177,0.00018680361072503503
2262,0,0.0014325094582457,0.0015013464431298867,0.0013761520048222386
2264,0,0.0004860438141357,0.0005309003927729642,0.0002133182908303754
2266,0,0.0016278590734864,0.0022314624071375078,0.0008180811265429942
2268,0,0.002225624582129,0.00407660507198097,0.0019425372472154192
2269,0,0.00097830114464,0.0014798473693375888,0.000857703835731293
2270,0,0.0019057621712397,0.003324914229762109,0.0010671153002839336
2271,0,0.0004888660327352,0.00047344902361003095,0.000293281637364744
2273,0,0.0004109078935189,0.00038173894688112154,0.00026824207265153396
2274,0,0.0003345846132322,0.0005078025796542571,0.00019025237594241895
2275,0,0.000337766843508,0.0004038255455476263,0.00032506496892051046
2276,0,0.0004997301606231,0.0005400892308584142,0.00025274990255703305
2277,0,0.0007739403056305,0.0011638782265722184,0.0006091440587210409
2278,0,0.0009169744973912,0.0013089605428189413,0.0005900080756405853
2279,0,0.0004335011682651,0.0005930633131325571,0.0002755131094207189
2280,0,0.0004136728359284,0.0005816297772907033,0.00025181715152758344
2281,0,0.0019815932169138,0.0023761200334699887,0.0014677981158216235
2282,0,0.0004093206027898,0.0005772775441521534,0.0002474649183890334
2285,0,0.0009699373881881,0.0014118715837276462,0.000711813640320827
2288,0,0.0005922638431221,0.000759129706633068,0.0004485329586792761
2291,0,0.0018709045801199,0.0022494221923709664,0.0010511703740002426
2292,0,0.0020304184842362,0.0021010582011524175,0.00204858347897722
2293,0,0.0008898327293776,0.0008286406716932829,0.0006542494038156974
2294,0,0.0006398030826435,0.000719220967399407,0.0006320604134058041
2295,0,0.0007134825223661,0.0007289099743845142,0.000444750035050526
2297,0,0.0004095319931166,0.0005774889344789533,0.0002411360229543007
2298,0,0.0010385346087962,0.0011671104406129193,0.0009113795202730204
2299,0,0.0006210959202903,0.0007296138952020375,0.0006092208448310881
2300,1,0.9241433312349804,0.9231734846080237,0.928592883621893
2301,0,0.0022205542870109,0.003374243097929359,0.0012423798335888649
2302,0,0.0005959684381944,0.0006415073956073157,0.0006202761447225702
2303,0,0.0004575609987352,0.0004508626839304614,0.0003856038811489802
2304,0,0.0019599246812799,0.0026721216696504882,0.001241340032184282
2306,0,0.0020437309779001,0.002586091189223258,0.001159895763482828
2307,0,0.001925622854968,0.003466672932277112,0.001051334377524653
2310,0,0.0007205226280895,0.0007532729840841141,0.00045760524606950465
2311,0,0.0019965376495372,0.002060558396727325,0.0016414490006015504
2313,0,0.0007632098238264,0.0010712635013264192,0.0004379689391681971
2314,0,0.000672075605732,0.0007568165789104417,0.0004543193783240127
2316,0,0.0013386660553682,0.0015066229967305033,0.0011624830377573439
2317,0,0.0007341571480819,0.0007230071674787642,0.0004335712795736142
2319,0,0.0025493579300668,0.0028024161020890116,0.0019686774992580796
2320,0,0.0010420366797625,0.0010875756371754655,0.0011327433745665994
2322,0,0.003192395535523,0.004692881162480424,0.003107734035112954
2323,0,0.0008421723004785,0.0009339765519057873,0.0008597625761354779
2324,0,0.0012593928406177,0.0011356716739870467,0.0009245054890743073
2328,0,0.04565162225677,0.08076248733974349,0.03775593132573198
2329,0,0.0263057231598094,0.02979922863980735,0.022473268376858074
2330,0,0.0229393865506425,0.04218668272888036,0.01576741800708692
2332,1,0.969161156511327,0.9646990225159853,0.9701351601765034
2333,1,0.954800063824604,0.9514400626636916,0.9556987112431414
2334,0,0.055679425822796,0.12529296047386304,0.044857733441464494
2336,0,0.0003663756484415,0.00044771691574579177,0.00018024743889124423
2337,0,0.0009280932114796,0.0011549797512110348,0.0010221562895350244
2338,0,0.0005383967423916,0.0006201403795462918,0.00035267090269174424
2339,0,0.0004518071632663,0.0005335508004209918,0.000310274776725671
2340,0,0.0004137229878013,0.0005711919295062181,0.000507055610379859
2341,0,0.000379201525135,0.0004605427924393418,0.00023726676874402105
2342,0,0.0016433190204673,0.0019177893788749688,0.001530397595120002
2345,0,0.0013370502989117,0.0013428069024182176,0.0013040692566611543
2346,0,0.0003765563244519,0.0005445132658142534,0.0002208408895727145
2348,0,0.0006571462813587,0.0009438702644092692,0.00042638847642399654
2350,0,0.0004333143565625,0.0004681269331362818,0.00023349365030027796
2351,0,0.0006456391599477,0.0008308218753802015,0.0005285090484125595
2352,0,0.0009546030382302,0.0011814895779616848,0.0007313420271527538
2353,0,0.0008441339471562,0.0011939044110461348,0.0005738221866009256
2355,0,0.0006465097112895,0.0009332336943400693,0.0003931131694733999
2356,0,0.0031153489486238,0.003885327194486405,0.0021422362716274875
2357,0,0.000368574876613,0.0005365318179753034,0.00020706681265341895
2358,0,0.0004100246336036,0.000576890497114568,0.0002667000410542629
2360,0,0.0006100886595042,0.0008968126425548192,0.0003251596440583094
2361,0,0.0011488264129366,0.0016142544851089388,0.0007198441317461939
2362,0,0.0005357172686493,0.0005884015254255142,0.0002904175404038661
2364,0,0.0005379728536133,0.000574707525384085,0.00028326679182950085
2365,0,0.0021285444652449,0.0025070620774959662,0.0017689536488126572
2366,0,0.0004945701751425,0.00046336043857067024,0.0004121583842963186
2367,0,0.0003629829953703,0.0005309399367326534,0.0001997371389519116
2368,0,0.0004335806802239,0.0006015376215862534,0.00027207261626436896
2369,0,0.0054055874730771,0.005573544414439453,0.005244079409117568
2370,0,0.0005258671594368,0.0004946574228649703,0.0004286562149929745
2371,0,0.000311535343122,0.00028919104753585216,0.00022367817333657355
2372,0,0.0010678112512194,0.0015022714732646888,0.0006046232637490481
2373,0,0.0014442311108192,0.0018387579273753888,0.0009505637172340425
2374,0,0.0019116765757819,0.003287784469738059,0.001019936144696581
2375,0,0.0004940661970508,0.0005754074643551418,0.00030380418518108506
2376,0,0.0014468684251118,0.0014436807015945894,0.0013294876180981756
2378,0,0.0006082186030396,0.0006448402521375758,0.0005426229046956431
2379,0,0.0025888870600035,0.003192490393654608,0.0017514510698093278
2380,0,0.0013303623876581,0.0014190936171515388,0.0009647183952833087
2381,0,0.0020038450218258,0.0029751978091882153,0.0011175984987111098
2382,0,0.0009896640921172,0.001149226236984657,0.0008313284128315835
2383,0,0.000693494377372,0.0007220899183303141,0.000437929978996326
2384,0,0.0011354967242268,0.0011374972480399264,0.0010815812802201408
2386,0,0.0004958958126895,0.0005619545147290763,0.0004889451737870628
2387,0,0.0005304933521649,0.0006152975628035417,0.00033725903566762854
2388,0,0.0005409292467698,0.0007088861881321034,0.0003780247031001499
2389,0,0.0007471426615992,0.0008117295107011974,0.0007341100176362714
2390,0,0.001664133371913,0.0017587921462513306,0.0016732436764627012
2391,0,0.0004277302575605,0.00042103194275576147,0.0003557731399742802
2393,0,0.0015861492585162,0.002334668148934515,0.0009644633383839107
2398,0,0.000474783082997,0.0005552758406855016,0.0005338109782401584
2400,0,0.0009360868918717,0.0009646824328300141,0.0006842230227896845
2401,0,0.0009454214863039,0.0011020236938738522,0.0006843871978228978
2403,0,0.0024891848884928,0.003901935797153162,0.0014160737253473955
2404,0,0.0007371589119989,0.0010329261448059107,0.0006091736021052162
2406,0,0.0006995210495866,0.0007872903872526918,0.00048694872074524166
2407,0,0.0036841853290915,0.00396772374974785,0.0034890368791210334
2409,0,0.0013946444763404,0.0018274476744615546,0.0009764035389743892
2411,0,0.0008057058568816,0.0008529573641271851,0.0008637272723994026
2412,0,0.0009147495144188,0.0010939402617194034,0.0007356195340454773
2413,0,0.002979038973598,0.0034353058444523974,0.003049842233773097
2414,0,0.0042718529954011,0.004383787795514001,0.004130802819700349
2419,0,0.0002783891146331,0.00025604481904695214,0.00019053194484767354
2420,0,0.0011697860464326,0.0019183049368509152,0.000532455715645326
2421,0,0.0005893971094959,0.000710159209996189,0.0002571350201054061
2422,0,0.0032671106811163,0.0033861906193652924,0.003119993644555688
2424,0,0.0008948887209379,0.0010928342803685515,0.0007905214534009095
2425,0,0.0004247423614449,0.0005064859985995418,0.000234882719425485
2426,0,0.0010041121233836,0.0011720690647459035,0.0008412075797139499
2427,1,0.9299595203465212,0.9296567023095004,0.9309094959878749
2428,0,0.0004295488679239,0.00039833913135202024,0.00034713707707766865
2429,0,0.0024186207650477,0.003028697543226516,0.0020275014670414885
2430,0,0.0008161912462575,0.0013177374709551389,0.00040208341600732203
2431,0,0.0023305625419605,0.002934165875611558,0.0015061457676912875
2432,0,0.000429300241428,0.00036810818374373287,0.00016466680813626328
2433,0,0.0003445586194431,0.0005125155608054034,0.00018305055548351897
2434,0,0.0006272361340121,0.00039989633459963094,0.0002795803372506194
2435,0,0.0008481572151811,0.0015309786924641853,0.0004649593455833405
2437,0,0.0003475301608632,0.0005207481272853072,0.00020319792357346896
2438,0,0.0005506760753561,0.0008374000584067192,0.0003151884553887618
2439,0,0.0030115036938639,0.004862484183715821,0.0025488492281245485
2441,0,0.0007186420302755,0.0009117460812449866,0.0007589950333011801
2442,0,0.0003749135395677,0.0005481315059898071,0.00023058130227796895
2446,0,0.0043301906807157,0.005961559303102825,0.004119585325841942
2447,0,0.0013740088467885,0.0016008953865199347,0.002013765237401497
2448,0,0.0010594296389825,0.001493889861027789,0.0006056956508864426
2449,0,0.0006872271809368,0.0009952808584368193,0.00035742405540926654
2450,0,0.0004428059484055,0.0005275469215839918,0.00021778754538876672
2452,0,0.001026056693012,0.0011992746594340572,0.0008813768352809835
2453,0,0.0026773718291939,0.00265655298253267,0.002616839717474633
2454,0,0.0004403174363333,0.00041797314074715214,0.0003559890673607841
2455,0,0.0003211985377953,0.00036845004504088507,0.0003423738568869116
2456,0,0.0006421629715088,0.0007940607144191911,0.0004988383789594629
2457,0,0.0004402347888306,0.0005245776266069918,0.00022342023476502922
2458,0,0.0003760407728376,0.00046038361061394176,0.00015449028416004808
2459,0,0.0005206681456592,0.0007916444220867498,0.00034147428447342195
2460,0,0.0012859232958291,0.002023412278636065,0.0006354279993417596
2461,0,0.0005563872189373,0.000648003267968735,0.0002845782606277384
2462,0,0.0004027845230324,0.0005707414643947534,0.00024127645907286895
2463,0,0.0003523100908777,0.0003299657952915521,0.0002611084717408349
2464,0,0.0003535653061919,0.00043405806388045157,0.0003790307564557541
2466,0,0.000397256275219,0.0004403155727567266,0.00036325889686668095
2467,0,0.0005615064959675,0.00071292648454782,0.0005689651538495753
2469,0,0.0003882324152443,0.0004725752530206918,0.0001700780524342627
2470,0,0.0004669148625418,0.0005546842002078418,0.0002446831663338971
2471,0,0.0005065818000273,0.0005748189735366371,0.0005180261926131919
2472,0,0.0015635460942562,0.0022010251452857666,0.000760782303628405
2474,0,0.0007667371354851,0.000846155020241007,0.0007578367225117703
2476,0,0.0004857779576447,0.000565195842400657,0.0005115977333864084
2477,0,0.0004864084695388,0.0007107283253595218,0.00026898057585145294
2478,0,0.0019567201382166,0.00229724680901056,0.0016292483515139634
2479,0,0.0006176773752179,0.0006119343842964231,0.00042460159660474486
2480,0,0.0006760892137398,0.0007216281711527657,0.0007351171089830084
2481,0,0.0004839614790431,0.0006571794454651571,0.00033403632888772176
2482,0,0.0021551611589198,0.002672645313702507,0.0012080510887508451
2483,0,0.0004422799466757,0.0006102368880380534,0.00026609692906489393
2484,0,0.0008581372729523,0.0010177965112029873,0.0006586076548778493
2485,0,0.000610187647064,0.0006532469446016765,0.0005579508119356762
2487,0,0.0009337612352407,0.0008841026941179103,0.0009072066225268932
2488,0,0.0005244932576578,0.0005021489620716522,0.000527521681915152
2490,0,0.0010284756075773,0.0010715349051150266,0.0010012224956126253
2491,0,0.0017769790811682,0.0019334435613331034,0.001591307374374824
2492,0,0.0009948801879572,0.0013038301809853142,0.0007217502240897504
2493,0,0.1126902387651882,0.11751960022359008,0.11175083615306301
2494,0,0.0179799241892433,0.023501923546162467,0.014490867899497004
2495,1,0.909225783427456,0.9098433764636442,0.9095137276747609
2497,0,0.0140249073943749,0.01706155993737473,0.010394812025330477
2498,0,0.0121161524060494,0.014963173536531555,0.007793514964671794
2499,0,0.0333135122230494,0.03642939954469366,0.030814118997640923
2500,0,0.0567683619324521,0.08535192986204526,0.05999907722275033
2501,0,0.0756052247700206,0.08826265608459495,0.06744088117963881
2502,0,0.1500879754133123,0.08328044074758412,0.06887302869310802
2503,1,0.8731124708783925,0.879827212644384,0.8824386606563952
2504,0,0.000872971227463,0.0011304713344624348,0.0005433567153238623
2506,0,0.0006771102574982,0.001120330041730246,0.0004502229884367932
2507,0,0.0004984233588351,0.0005096578680344254,0.00024374013300133214
2510,0,0.0003641233658803,0.0004484662036566918,0.00014521156034645166
2511,0,0.0009275819761472,0.0013708017603791963,0.0007006947070857432
2512,0,0.0002753586931547,0.0003184179906924266,0.00022312185802642626
2513,0,0.0003524991501847,0.0005204560915470533,0.00019099108622516893
2514,0,0.0003597072653924,0.00044405010316874176,0.00013815677671484807
2515,0,0.0005492662650772,0.0005284474184159702,0.0004887341533579331
2516,0,0.0002872855762303,0.00030103057855901275,0.00024285833492280855
2517,0,0.0003845087091647,0.00046924968234314177,0.00016335635588924808
2518,0,0.0007030077135704,0.0008509652650951873,0.0005338407477046835
2519,0,0.0004488638044572,0.0007647223285917059,0.0002682842353408031
2521,0,0.0004073258074643,0.0004185603166635665,0.00015264258163047326
2522,0,0.0002381625591536,0.00021581826356740214,0.0001503053893681235
2523,0,0.0003340534014403,0.0005020103428026034,0.00017254533748071896
2524,0,0.0002327149264253,0.00021037063083910215,0.00014485775663982352
2525,0,0.0007220809167949,0.0011803804917487795,0.00027686165386860194
2527,0,0.000259987313316,0.00025328899851121144,0.00017213014353052353
2530,0,0.0003419041425471,0.0004262469803234918,0.00012035365386959808
2531,0,0.0018649332042485,0.0015479915388739828,0.0014303850639110474
2534,0,0.0005047447638015,0.0005159792730007754,0.00025161735741711607
2535,0,0.0004109432235699,0.00042778076615313486,0.000399540076134802
2536,0,0.000405374894306,0.0004897177320823418,0.0001838244056284481
2537,0,0.0014501266839726,0.002053730017623658,0.0006450963195817302
2538,0,0.0018319529591571,0.0029801509502317856,0.0009630591975148537
2539,0,0.0009930026583784,0.0013569340476603294,0.0005629787095574425
2540,0,0.0006964860343437,0.0010045397118437693,0.00041407913585557075
2541,0,0.0004071996137619,0.0004502589112996266,0.0003549627786336262
2542,0,0.0004869082704203,0.0005156338503542754,0.00025647132767287427
2543,0,0.0004256599849992,0.0005104009581776418,0.00020450763172374809
2544,0,0.0005713983353536,0.0007382641988645179,0.0004280737428042129
2545,0,0.0007018618641841,0.0006706521276122702,0.0006194500733379185
2547,0,0.0004050354975055,0.00042628359670519503,0.00040260877732508445
2548,0,0.0003773628163255,0.0004255618564009355,0.00037653061819723096
2550,0,0.0003867662697648,0.0003758850334760114,0.0003249168430543615
2551,0,0.0017579511021244,0.002642173934647418,0.0016595827253686065
2552,0,0.0004440542849775,0.0005318236226435418,0.00022182258876959711
2554,0,0.0004229500872368,0.0005107194249028918,0.0002007183910289471
2555,0,0.0004579806524378,0.0005457499901038918,0.00023574895622994712
2556,0,0.0005020475471353,0.0005107704781062224,0.0004726273579196826
2558,0,0.001350487980307,0.001033546314932533,0.0009170960619450089
2559,0,0.0007746432807822,0.0009258711979743554,0.0006946806698577472
2561,0,0.0069043402947579,0.008986364005678937,0.00555955776111496
2563,0,0.0005432820444433,0.0005341396533293254,0.00027209398475270467
2565,0,0.0005061765586916,0.0006741335000539534,0.00033907558186647177
2566,0,0.001635837938636,0.0022954253295159577,0.0007734817448002914
2568,0,0.000678017632568,0.0007627586057464418,0.00047125991254109105
2569,0,0.0004640869036777,0.0006320438450400533,0.00029698592685257173
2570,0,0.0025851563517997,0.0025487320449420203,0.0025827590263664416
2571,0,0.0060572814707635,0.006169216270876402,0.0059436180586454924
2572,0,0.0006140917428021,0.0006571510403398267,0.0005659488322361011
2573,0,0.0017562790304197,0.0025658747419569287,0.0012572961487235259
2574,0,0.0006098903088067,0.0006529496063443766,0.0006103370141575369
2576,0,0.0014541525146242,0.001818285137961972,0.0009549332179790323
2577,0,0.0005306302101609,0.0007098209574615034,0.0003515002297875773
2580,0,0.0008212390700173,0.0009094017091082417,0.0006090600426007916
2581,0,0.0024430300327663,0.003001001804598301,0.0017405041541895072
2582,1,0.9469439214181614,0.9460115276676568,0.9493958748131205
2583,0,0.0006523966267336,0.0006736447259333451,0.0006819123133000493
2584,0,0.0016394640629823,0.0017334596439441386,0.0010366077341135652
2585,0,0.001674876492225,0.0018050406137082146,0.001966230340433699
2586,0,0.0007351718711102,0.0009083898375322572,0.0005747706380104159
2587,0,0.0032680344461254,0.0041010983008413675,0.0023525808969080274
2588,0,0.0242547438911227,0.030072707826972498,0.020703631110904792
2589,0,0.0422678118229604,0.04441747581453764,0.03673946981991812
2590,0,0.0927332833081941,0.12252897257854857,0.07600795902108239
2591,0,0.0007294205619299,0.0008773781134546873,0.0006142662535032114
2596,0,0.0002227773298032,0.00021607901499841984,0.00013492016001773194
2597,0,0.0004324431477816,0.0005300905750180756,0.0004046672579338727
2598,0,0.0003762908993692,0.00046063373714554177,0.00015737909383530164
2599,1,0.9741380208261294,0.9721476233471738,0.9756181540313915
2600,0,0.0003617951064596,0.0005297520478219033,0.00020607967158036447
2601,0,0.0009658419993251,0.0012233421063245849,0.0006760096848425926
2603,0,0.0004377950305997,0.0007536535547342059,0.00025892731165234764
2604,0,0.0015245650321526,0.002128168365803658,0.0007465696806142504
2605,0,0.0008133256098066,0.0005258875679099427,0.00035398736221965173
2607,0,0.0003198114557574,0.0003628707532951266,0.0002716685451914011
2608,0,0.0003609182590981,0.0005288752004604033,0.00019801371542844988
2610,0,0.0002502007921932,0.00022367357512305215,0.00017020245476999444
2611,0,0.0003004142508887,0.0004683711922510534,0.00013890618692916895
2612,0,0.0005640393842645,0.0007159371271748411,0.00042071479171511294
2613,0,0.014182460829042,0.01429204499028783,0.01386266891615101
2615,0,0.0004456642050803,0.0004524012058776254,0.0001880392902939661
2616,0,0.0002748370345747,0.00026813871976991144,0.00018697986478922353
2617,0,0.0191306962353732,0.020905916446729914,0.017703506132765813
2618,0,0.0002946180182495,0.00031233216069011065,0.00027554636334532626
2621,0,0.0003530636041857,0.00036178653515667235,0.00030492069361970115
2622,0,0.0003858135917038,0.0004701564294801418,0.00016426310302624806
2625,0,0.0026407153963874,0.0033352372107981164,0.0022389518566568105
2626,0,0.001265081710804,0.0017083014950359963,0.001029166946374423
2627,0,0.0005072890005856,0.0005285370997853451,0.000496743861733899
2628,0,0.0020262939917638,0.003126314776273136,0.0011942284147421836
2629,0,0.0005932988004514,0.0005234103623393829,0.00035705060786251307
2631,0,0.0004710795430883,0.0018736671231126057,0.0007286811505667163
2632,0,0.0004664324529335,0.0005382045156171111,0.00023910501014938956
2633,0,0.0005034955871899,0.0005882365603683418,0.0002823432339144481
2634,0,0.0005121528637185,0.0005552121612561766,0.0004827326745028825
2636,0,0.0010506459699748,0.0012186029113371534,0.0008877414263052
2637,0,0.0037111353501195,0.004925349616605948,0.0024327313357375845
2638,0,0.0016693329461789,0.0024085284715291166,0.0009149522323344297
2639,0,0.0008027126819808,0.0008619227800574738,0.0008597885914864831
2640,0,0.0012698208310001,0.001643702760389358,0.0012818921299459821
2641,0,0.0021127908527382,0.003769961308236625,0.0019855547535046264
2644,0,0.0010835782950306,0.0015267980792626461,0.0008451520925875123
2645,0,0.000575974612218,0.0005650933759292615,0.0005464079154761397
2646,0,0.0007155534844761,0.0007223253139477142,0.0004452839152223186
2648,0,0.0008699468060833,0.000847324292712581,0.0007274213817165838
2650,0,0.0007331318172917,0.0008136245749802016,0.0007626887038076816
2651,0,0.0022295334114258,0.002836744063671251,0.0016574601925079405
2652,0,0.00086578387364,0.0009505248468184418,0.0006519551103928002
2653,0,0.0025999219495392,0.0027118567496521515,0.0024759655790162647
2655,0,0.0007451915969645,0.0007343103606757615,0.0007242440605146221
2656,0,0.006644211946613,0.00666415079960597,0.006533169297316805
2657,0,0.0017006455659928,0.0023594090262107005,0.0009883374006693817
2658,0,0.0017381383994881,0.0018915149461968704,0.0017515481910516798
2662,0,0.0011091471994194,0.0011101499248552431,0.0009220006389147391
2665,0,0.0008385064812226,0.0008276252449338114,0.0007818607768869149
2666,0,0.0070351889444758,0.007082106614292239,0.007093311213989668
2667,0,0.0338550765857471,0.036919440850646995,0.022880620440267334
2668,0,0.0296701558889738,0.031025728615795264,0.026531038120123158
2669,0,0.0160798186748016,0.01809834659623289,0.013271447273152511
2670,0,0.039183551953486,0.04046591507465304,0.04029132668414237
2671,0,0.0134279459864161,0.014290873104929972,0.010259889580380642
2672,1,0.0137198850323988,0.018922416986071024,0.011627348415757627
2673,0,0.0005623832338284,0.0008791124956463916,0.00023267197133613224
2674,0,0.0003426892097597,0.00042210709451565704,0.00033385312343909147
2675,0,0.0003160619035537,0.00030518066726496144,0.00023606356613049443
2676,0,0.0004156725404866,0.00045572115690785007,0.00040683645416599143
2677,0,0.0003023388485445,0.00027581163147435213,0.00022234051112129445
2678,0,0.0004924899498619,0.0004911253604051755,0.00023141767259859448
2682,0,0.0005623912443726,0.0005610266549159254,0.0003013189671093445
2683,0,0.0028214592919201,0.0037056821244431178,0.0026850169668594737
2684,0,0.0004328614971899,0.0005176024703683418,0.00021170914391444807
2685,0,0.0003382039502392,0.0003812246600135167,0.0003339900780251038
2686,0,0.0005051010888795,0.0005454601591147641,0.0002521304018701945
2687,0,0.000641729832373,0.0006506493694713392,0.0006725683874919839
2688,0,0.0015067760949338,0.003138144717320875,0.0011305946469050438
2689,0,0.0016894163490863,0.003108568407608659,0.0008826206150757756
2690,0,0.0007771949985674,0.000924201321130333,0.00045064023270397716
2691,0,0.0007400186749249,0.0007869363447412891,0.0007620544402984
2692,0,0.0004833067213321,0.00046068420796138097,0.0002950113445768344
2694,0,0.0004747075831003,0.0005202465405132657,0.0005042644696163316
2695,0,0.000489051850692,0.0005294109209272642,0.00023503512948049238
2697,0,0.0003718571591205,0.0003668771980254209,0.00027522260391368787
2700,0,0.0094556102204745,0.010802929352253623,0.007640920990908545
2701,0,0.0004905632573085,0.0005228207372897642,0.00023113870492213703
2702,0,0.0013847153327009,0.0021126040780160152,0.0007574416363596841
2703,0,0.0004457133221188,0.0005304542952972418,0.00022069491910201673
2704,0,0.0053848267338875,0.006177855394292013,0.004745655951113196
2706,0,0.3571421972201798,0.3905600796449089,0.315634344229258
2707,0,0.000292456111856,0.00028575779705121147,0.00019686532378094607
2708,0,0.0004053878449055,0.0005649499897729071,0.0002473997860610689
2709,0,0.0062131182693344,0.006260035939150839,0.006229675015919127
2710,0,0.0004255558163668,0.00047109477377976566,0.0004448124821274679
2713,0,0.0016091713800311,0.003240540002418225,0.0012461909048692983
2714,0,0.0007493142410604,0.0007896733112957141,0.000491689326274066
2715,0,0.0020330147852891,0.002689227716430838,0.00141146732412708
2716,0,0.002311283608341,0.0023107537168770616,0.002390933272546841
2717,0,0.000430703018372,0.0005986599597343534,0.0002594231422757383
2718,0,0.0009600610459493,0.0013343915417429848,0.000634262448951531
2719,0,0.0017384514626695,0.0024457476486423662,0.001133499465846688
2720,0,0.0004630307616724,0.0005477717348508418,0.00024187840839694807
2721,0,0.0005306669015369,0.0005197856652481114,0.00046881747482646147
2722,0,0.0004965181277951,0.0005808609655714918,0.0002749676391175981
2723,0,0.00045989519533,0.0005442380331063417,0.0002272854539027697
2724,0,0.0015854703383073,0.002494909664355718,0.0013462515846481768
2725,0,0.0005144856721334,0.000593903556889357,0.0005108344391479316
2726,0,0.0005646549398461,0.0005537737035573615,0.0005028055131357115
2727,0,0.0007735809098227,0.0009269574565314203,0.0007869907013862298
2728,0,0.0008826179494408,0.0011242533265399415,0.0005200919432456759
2729,0,0.0014818879871789,0.0014454636803211702,0.0014131096762701571
2730,0,0.0008670719740967,0.001251805636522758,0.0007655962995164917
2731,0,0.000797324509891,0.0009390024089880318,0.0008488154630522404
2732,0,0.0005813303494245,0.0005548031323543521,0.0005019529130032801
2733,0,0.0019591330658308,0.002598564692278924,0.0011119909287519154
2734,0,0.0008264350025164,0.0010680703796154916,0.0004904703761711723
2735,0,0.0006560084847741,0.0006990291945484168,0.0006517946125600038
2736,0,0.0009518720891065,0.0013950918733384961,0.0007033976024800712
2738,0,0.0007682303220895,0.000847648206845407,0.0007593299091161703
2740,0,0.0006563128204599,0.0006454315841711115,0.0006267461237179897
2741,0,0.0005988205890384,0.0006233002673624141,0.0003276325293478047
2742,0,0.0012164185762229,0.0016603678398942924,0.0009700073394924848
2743,0,0.0023825312380277,0.003579028271831997,0.0013180221805081827
2744,0,0.0007334998988308,0.0008017370723401372,0.0007927798481831191
2745,0,0.0057658914913016,0.006143463746185668,0.005816121411685337
2746,0,0.000512037833546,0.0005963806713223418,0.00028980044800109775
2747,0,0.000964774179469,0.000942151666098331,0.0008317513483658478
2748,0,0.0010211734733818,0.0010190686842306642,0.0007526906692297126
2749,0,0.0005194696578485,0.0006072389955145917,0.0003026765941151283
2750,1,0.0006952797533756,0.0007800207265540417,0.0004734405032327977
2751,0,0.0006437816521211,0.0010334488239858051,0.00044193858146771524
2754,0,0.0052693677499031,0.005182190321697058,0.00574009262009749
2755,0,0.0014301028809017,0.0014233678415388642,0.0011463583279686066
2756,0,0.0062749734154576,0.006354391300213508,0.006306962105984
2757,0,0.0074328816729773,0.008182311612839896,0.007014983515221588
2758,0,0.0353286449817483,0.04357131502191838,0.039655624306700415
2759,0,0.0248749776968948,0.02161811023978292,0.014094738456081245
2760,0,0.0208201728972953,0.02820248959208664,0.014390875237351186
2762,1,0.9835290949629538,0.9839796531095646,0.9833078960526582
2763,0,0.0220335004908907,0.02919526467414575,0.015878104122196285
2765,0,0.0009284066483613,0.001185906755360735,0.0006635242889674263
2766,0,0.0007410387240279,0.0007017360927216553,0.00044510631648272904
2767,0,0.0032859152175106,0.00324867994511951,0.0032168622616904697
2769,0,0.0008034021200622,0.0009504084426251831,0.0004768473541988272
2770,0,0.0002870408988369,0.0002761596625481114,0.00020704256141364444
2773,0,0.0004597470106206,0.0004920044906019141,0.00019867473335734444
2774,0,0.000507031799251,0.0004706074923932702,0.0004382534883422572
2775,0,0.0019873559664833,0.0021553129078456033,0.001825847902523719
2776,0,0.0005898214231992,0.000612464646501835,0.0004334054163418786
2777,0,0.0004051772961858,0.00040019733509072094,0.00031762851980403405
2779,0,0.001463537818384,0.0021903498540199163,0.0006311956242742495
2780,0,0.0012943736406811,0.0020222623859962154,0.0006545102754463343
2781,0,0.0005803288751156,0.0006206879453508642,0.00032735818810629446
2783,0,0.0003704634910109,0.00045480632878724177,0.00014504695259201674
2784,0,0.0003831016245883,0.0004674444623646418,0.00015768508616941673
2785,0,0.000936783115845,0.001416135258653689,0.000527389198661492
2786,0,0.0005186199453994,0.0005846786474389763,0.0005106564666910789
2787,0,0.0010402492155635,0.0011219928527181917,0.000841767210895873
2788,0,0.0005787655974127,0.0006066492295412453,0.000275051600654904
2789,0,0.0021280813994392,0.003547233457961609,0.0014394148533907014
2791,0,0.0017686873369538,0.002372290670604908,0.0009888296317618495
2792,0,0.0007509971320177,0.0011706734217741318,0.0006827665756294766
2794,0,0.0005084360268471,0.00048190880977695217,0.00043246560796694793
2795,0,0.0005558627508455,0.0006062233747803141,0.00038195587923651396
2796,0,0.0029304797000604,0.0033250065166166385,0.0025314143276025216
2797,0,0.0003635957024901,0.0005231578473575071,0.0002052600232044334
2798,0,0.0011741225930653,0.0016173423772972962,0.0009356963906221623
2799,0,0.0004342407227862,0.0005427586976979376,0.00042127239573967106
2800,0,0.0007405608973146,0.0011837806815465962,0.0005046461328850231
2801,0,0.0007244543859629,0.0007611890577337349,0.00046974832417915084
2802,0,0.0017642631338094,0.0017278388269517202,0.0017104063202544924
2803,0,0.0010313051049835,0.0009841599116880194,0.0006310315121515059
2804,0,0.0017998934494855,0.0023483645402125166,0.001111761657321624
2805,0,0.0005995076800176,0.0005886264437288615,0.0005376582533072115
2807,0,0.0018938323825397,0.0025147270971366854,0.001580574322985401
2809,0,0.0003853236871628,0.0005532806285251533,0.00021822271033767175
2810,0,0.0005074150803298,0.0005842711140735536,0.0005360805200829889
2811,0,0.0004813491853573,0.0005630928225119418,0.000282867180689623
2812,0,0.0008036246366877,0.0009888073521202015,0.0007437038735730861
2814,0,0.0007122099737059,0.0007828496906221676,0.0007304438576027576
2815,0,0.0013158117749121,0.0017786422628558464,0.0011430485988678577
2816,0,0.0007587401016734,0.0007478588653846614,0.0006834163187941374
2818,0,0.0010226704155954,0.0012643057926944915,0.0006735402409615806
2819,0,0.000665085764688,0.0007468294018426418,0.000466603760020323
2820,0,0.0022263830746686,0.003554313762059409,0.0013459768844177457
2821,0,0.0012064966845143,0.001640956906559589,0.0007604391586780178
2822,0,0.0016305181744679,0.0018644785928264083,0.0013684344104392086
2823,0,0.0004424034461173,0.0006242207187855534,0.00028916280059807176
2824,0,0.015058017509379,0.017031001429249813,0.012136869433339543
2825,0,0.0014163641151311,0.0015248820900428377,0.001408579856665533
2826,0,0.000816748611142,0.0008412282894660142,0.0005801193124020855
2827,0,0.0005324311040932,0.0005059038870230522,0.0004617965410543902
2830,0,0.0008674971588456,0.0009241235282170342,0.0009205091052665528
2831,0,0.0016826649304944,0.0020949087609731533,0.001682094862264991
2832,0,0.0006164826796009,0.0006115027185057709,0.0005257252492286591
2834,0,0.0079066818982522,0.00793372774442297,0.007882100444241587
2835,0,0.0053223812059401,0.0058485547169024685,0.004405198431702576
2836,0,0.0008981882909431,0.0009520619833487337,0.0009160563611442441
2837,0,0.0007852124328381,0.000942681374543018,0.0006020422791183425
2840,0,0.0029841374984404,0.0032258747738426897,0.0027563688592570296
2842,0,0.0018557482098359,0.0019176747206272307,0.00191036803337148
2843,0,0.0031182753272304,0.0038193955088252803,0.002615689218746571
2844,0,0.0009592085807259,0.0009857679731638872,0.0006665886665763139
2849,0,0.1814280539970454,0.18764974068942156,0.1756763090750015
2850,0,0.0333959152035601,0.040237105957619146,0.02224190889896199
2851,0,0.038767061370233,0.05307890704330178,0.027908049560155947
2852,0,0.0676037932182759,0.10809699474759121,0.07436474662810928
2853,0,0.0282603330568034,0.03417844970956928,0.027844235236028587
2854,0,0.0119976957955342,0.022447729473594816,0.011113314787805821
2855,0,0.0182058094276076,0.02242635399148774,0.015172052682274695
2856,0,0.0147753445765729,0.01910217717104295,0.013991433919141176
2857,0,0.0164438277201667,0.018208233489155234,0.01550252269304143
2858,0,0.1017018051897977,0.11540662178740886,0.12809497207785508
2859,1,0.9655022187113408,0.9659851589392248,0.96690156599927
2860,0,0.0785125976828262,0.1564197220054644,0.06347873089989489
2861,0,0.2244569460281949,0.2854973018368653,0.20829018400953464
2862,0,0.0732424947763141,0.06869908833317397,0.0733967451798471
2863,0,0.22123434355499,0.2271074084183461,0.1942537624609505
2864,0,0.1006906038496299,0.1071081781383006,0.10362950439286336
2865,1,0.2178853432411696,0.3776930402591264,0.1868016377517179
2866,0,0.0004368109458116,0.000495203713311536,0.0004556661507859263
2867,0,0.0052632805552856,0.005291731677490995,0.004948911431001384
2868,0,0.0042388202144522,0.004601079846857432,0.004192117589744249
2869,0,0.0027902134089371,0.003044440698815469,0.002569259107057516
2870,0,0.0005926731473993,0.0006249306273805642,0.0003940872222999417
2872,0,0.0005906337110783,0.0006185173432067953,0.0002756970967171845
2873,0,0.0016978569390519,0.0017263080612572954,0.001362357763154042
2874,0,0.0010215231677716,0.001178992109476518,0.0008489465705217329
2875,0,0.0005692579822544,0.0007267269239593179,0.0004090987568381681
2876,0,0.0016211798020176,0.0016496309242229454,0.0013686777632109224
2879,0,0.0005746015284256,0.0006068590084068641,0.00036613739818366225
2880,1,0.9180545914380622,0.9174714547209881,0.9188872674190469
2881,0,0.0003299829859377,0.00030780437396391144,0.00022841080298249006
2882,0,0.0003010401076652,0.00026321551491000213,0.00020091689608211643
2884,0,0.0005098206083513,0.0004622647485538093,0.00030978040093070786
2885,0,0.000836022338163,0.0011121750430333915,0.0006396676336381695
2886,0,0.0033635192459246,0.003416787771283049,0.0024563680104846986
2888,0,0.000718528250584,0.0007469793727893953,0.00046602621177737236
2890,0,0.0005943086309211,0.000751777572626018,0.0006900644438416652
2891,0,0.0004246216821283,0.0004865481929196806,0.0004414250109139789
2892,0,0.000436891616633,0.0006013388411448754,0.0005279150023476291
2894,0,0.0006245303824943,0.0006524140146228453,0.000305950258742491
2897,0,0.0004939670651079,0.0006584142896197254,0.00034795095960684974
2899,0,0.0008066088044581,0.0008344924365865954,0.0005061143757432066
2900,0,0.0012952735352851,0.0015292339536436082,0.0009281807100261054
2901,0,0.0005715209003353,0.0006118799705706142,0.00038654671963050285
2902,0,0.0009086804209939,0.0010947885217898717,0.0009554767269990504
2903,0,0.0008314646629517,0.0008382364924233641,0.0006237084263560214
2904,0,0.0005995177121616,0.0007562662506259219,0.0004577384093609614
2906,0,0.0007214117980452,0.0007492954301736954,0.0003786844270255874
2908,0,0.0004925798942492,0.0006570271187610754,0.0003465637887481997
2909,0,0.0049858778341362,0.006313808521527059,0.004493527193329072
2910,0,0.0005416363190867,0.000699105260791618,0.000373386526496071
2911,0,0.0005303122445335,0.0005081336325597114,0.0004449697975486954
2913,0,0.001641999575342,0.0015845953888061187,0.0016227805313655717
2914,0,0.0008265586322513,0.0008333304617229642,0.000616804178951185
2915,0,0.0009435463721437,0.0009177641008930202,0.0008854100968420072
2918,0,0.0006340172778222,0.0007914862195271179,0.00045811815837903665
2919,0,0.0013183269079595,0.0014672281751687256,0.0011612287878711247
2920,0,0.0005745340564743,0.0007389812809861754,0.0006640089783191114
2921,0,0.000642938069445,0.0006051134766898022,0.0006061385899879398
2922,0,0.0014209679641978,0.0014537356375147455,0.0011062254849008135
2923,0,0.0006611407716817,0.000818609713386568,0.00048524165223848666
2925,0,0.0007374359946312,0.000894904936336068,0.0005397730167101733
2927,0,0.0016938690385257,0.0018531091012537228,0.0018344939877558636
2928,0,0.0032723089211455,0.0036345685535506818,0.004674910363895993
2929,0,0.003919672288988,0.004201753851948948,0.0028424848108186567
2930,0,0.0009698370178829,0.001127305959587818,0.0007922790149371213
2931,0,0.0008515824461644,0.0008348562323593563,0.0006542145136872555
2932,0,0.0050185144126926,0.006215011446496897,0.004500763796808898
2933,0,0.0006760264575149,0.0008462840702549181,0.00048010982858930307
2934,0,0.00492715457798,0.005032781991540983,0.004926615878667521
2935,0,0.0007765864851439,0.0008737938837304813,0.0007804713734001646
2936,0,0.0024423822701029,0.0025991308085671723,0.00227204536464875
2937,0,0.0031420952093535,0.0035607232206889515,0.0032558910537448214
2938,0,0.0020009048232129,0.002157653361677222,0.0018343462358411786
2939,0,0.0017013663571891,0.0017552400495947338,0.0017192344273902443
2941,0,0.0182299106144592,0.024532640594947926,0.020955444313276297
2942,1,0.0090336262663623,0.009431578903454625,0.010363218865272267
2943,0,0.0011300918256554,0.0012875607673602679,0.0009837652246803327
2944,0,0.0074993196848274,0.007566749899108799,0.0075184679342595664
2945,0,0.0006072783212129,0.0006395358011942142,0.0004086923961135917
2946,0,0.0077899246531778,0.007611017634924045,0.0072681973884344345
2947,0,0.0017683604476582,0.001826753215158136,0.0017872156526325261
2948,0,0.000751668709571,0.0009092902423385016,0.0006447738026232473
2950,0,0.0026387948493335,0.0025683745186348196,0.002301627673118282
2951,0,0.0012108645311407,0.001742991385210189,0.0008908116924011884
2952,0,0.0016769293043121,0.0017172883745473642,0.0014864449694667417
2953,0,0.0004554534977441,0.0006199007222559254,0.0003024300563800328
2955,0,0.0008928425187061,0.0010214183505228695,0.0008226320130681008
2956,0,0.0006706909725834,0.00041404547119155933,0.00031537731980758204
2957,0,0.001104080528578,0.0014663401609831819,0.0009631807090033628
2959,0,0.0006621051577367,0.0007468107124522893,0.0006385346688868276
2961,0,0.0004463793894834,0.000603848331188318,0.00027380279223353286
2963,0,0.0004129711662332,0.000570440107938068,0.00024039456898328283
2964,0,0.0007485709894459,0.0009973606851234717,0.0007608462851976896
2965,0,0.0009863522110337,0.0009289480244978187,0.0009502307368264367
2966,0,0.0005469634796096,0.0005105391727519203,0.0004621002166614283
2967,0,0.0003477061719984,0.00030988157924325213,0.00024613398904324004
2968,0,0.0026658781683206,0.0032722715249413155,0.001965175850809355
2970,0,0.0007144292230004,0.0007235655607189127,0.0003825407890103755
2971,0,0.0008339088288214,0.0008661663088027141,0.0006608915217743829
2973,0,0.0010659477337078,0.0011765601464033717,0.001141393683738663
2974,0,0.0006495600407263,0.0006321051751537709,0.0005274061710583173
2976,0,0.0032565317255317,0.003365306886372761,0.004130020692696162
2977,0,0.0010186051586826,0.001415237797454322,0.0011167099561893612
2978,0,0.0012853574674916,0.0017198176895368887,0.000995888314031856
2979,0,0.0003480899763141,0.0003102653835589522,0.0002465177933589401
2980,0,0.0006019840854129,0.0005798054734391614,0.0005288372830175114
2981,0,0.0007293832356275,0.0008300789385641876,0.0007149649396986455
2982,0,0.000404693058199,0.0003825144462252614,0.00032378975921339045
2983,0,0.0005488126794701,0.0007132599039819254,0.0006481308305876412
2986,0,0.000480055322308,0.0006532732887301071,0.0003353754645770334
2987,0,0.0020997918054638,0.0021011422120832193,0.0018469073939721208
2988,0,0.0103941231234468,0.010469943253712371,0.010503594659874632
2989,0,0.0004771182618538,0.0004549396498800115,0.0003864434497475301
2991,0,0.0073963675407086,0.00747218767097417,0.007510118191498627
2992,0,0.0021998683212449,0.002803471654896008,0.0013900903743014942
2993,0,0.0050992155379221,0.0051971056125629835,0.004782919217451914
2995,0,0.0011014337354136,0.0012296191939881389,0.0008286436196382246
2996,0,0.0014599091910059,0.0015104724443773642,0.0012493634673134354
2997,0,0.0022787706061856,0.002312840072466064,0.002071760795762378
2998,0,0.0202511770548672,0.020250930274017375,0.01572726561403645
2999,0,0.0005726258087403,0.0005348012159851021,0.0005358263292832399
3000,0,0.067770589194829,0.06841555835180095,0.06735607249497388
3001,1,0.9597924492074824,0.96862650968662,0.9720944630985928
3003,0,0.0015398123553131,0.0015613009386383641,0.0013299279573866117
3004,0,0.0011086056546909,0.0011215733011803143,0.0009006416845650816
3005,0,0.0007773343651702,0.0009340991230923872,0.000748689225779075
3006,0,0.0012277696078934,0.001245145913504064,0.000992244465985823
3007,0,0.0008171534271992,0.0009767155720666072,0.0006444904147034939
3008,0,0.0030711064270445,0.003755757384227688,0.002295336348071289
3009,0,0.0019287488267091,0.002037266801620788,0.0019397356166558938
3010,0,0.0010754262496831,0.0011033098818115953,0.0008088244067102331
3011,0,0.000924039699743,0.0009131584634542615,0.0009030921632931222
3012,0,0.0018045939614175,0.0019982001204348213,0.0017993845926711095
3013,0,0.0011897528799042,0.001461979024477918,0.0010104390978213581
3014,0,0.0029171823725111,0.002272450616577105,0.002633197957585702
3015,0,0.0019868247196026,0.0019544672777181025,0.0020323410170304318
3016,0,0.0032296644662576,0.003607236721141668,0.0032798943866413368
3017,0,0.0043521641851241,0.004452517194006283,0.0040128883372509425
3018,0,0.0151967024896737,0.014652487495312293,0.008759677984092482
3019,0,0.030776961410084,0.03164358010022019,0.028795157783402154
3020,1,0.9777572186456804,0.9785171479882997,0.9794922015712374
3021,0,0.0295767423551502,0.03015245337495762,0.03467251874314368
3022,0,0.0624085584211195,0.05359240855781802,0.04086880097031848
3023,0,0.0282113886081597,0.042307065750216775,0.02451028960166521
3024,0,0.0410405729889224,0.04627343119346071,0.037327881046743575
3025,0,0.0146133137202219,0.01811705137655519,0.010205649274060369
3027,0,0.558289084017351,0.5910216466558015,0.6217605218914118
3028,0,0.0013073933503928,0.0014925760658253016,0.0012280596261100474
3029,0,0.0037437892201773,0.004846086848495447,0.003431569978579234
3030,0,0.0007873927378462,0.0008917658564363389,0.0004884818324551855
3031,0,0.0003773638183916,0.00035518520641781144,0.00028606810528334443
3032,0,0.0011663028963778,0.0015953613593787394,0.0010921953724977922
3033,0,0.0003722307436463,0.00035005213167251144,0.00028093503053804443
3034,0,0.0011949723699193,0.0012584238061688177,0.0012060179731494076
3035,0,0.0003399676722497,0.0003177890602759615,0.0002486719591414944
3037,0,0.0017248218165384,0.0024611823982695286,0.0011799016863084323
3039,0,0.0027498173245528,0.0028058475914205516,0.0016102189110460065
3040,0,0.0007226223024019,0.0007629813726372141,0.0004930248936574828
3041,0,0.000382267507854,0.0005502244492163034,0.00022075944389441895
3042,0,0.0004971617266078,0.0005294192065891141,0.0002638874689646549
3043,0,0.0003626699532002,0.0005306268945625034,0.00020116188924061896
3044,0,0.0005620854969073,0.0005899691290358454,0.00025837150014950403
3045,0,0.0006082429155009,0.0006899865526555917,0.00040976091083327296
3046,0,0.0003721889460922,0.0004535302133964918,0.000173304571574173
3047,0,0.0003652269635287,0.0005331839048910534,0.00020371889956916894
3048,0,0.0004885768984023,0.0005289359686375642,0.00023560621139299447
3052,0,0.0017418299870899,0.0023980429182316383,0.0011177146869723147
3054,0,0.0005718015589396,0.0006040590389209141,0.00031608818198242784
3055,0,0.0017409124690494,0.0023858629054697663,0.0008793656851373311
3056,0,0.0011988085495861,0.0014855325326366693,0.0009534537752529681
3060,0,0.0017765618408107,0.0025360967335605286,0.00122990899529943
3061,0,0.000549000435029,0.0006124518712785675,0.0005737142255215044
3062,0,0.0023867566305374,0.003262268402760163,0.0017506185930860607
3064,0,0.0011156917997372,0.0014654622636271347,0.0007803944959211548
3065,0,0.0010079002742264,0.0010896439113810418,0.0008185178049966403
3066,0,0.0004983109443818,0.0005800545815364918,0.0003037006594195107
3067,0,0.0006717866957269,0.000762612421017074,0.0006740937005070711
3069,0,0.0004396171561354,0.0005209584234396918,0.0002498323170552903
3070,0,0.0008078328864233,0.000986569073190783,0.0005499336440624643
3071,0,0.0012273634688984,0.0011961537323265203,0.0011763050465595896
3072,0,0.002485937703339,0.002626888870660387,0.002621177843695504
3073,0,0.002577989148182,0.004477774084361971,0.002347920033111844
3074,0,0.0005200456967515,0.000519684659194571,0.0004414077861463673
3076,0,0.0022912138424735,0.0026488245788666965,0.002554701420619364
3078,0,0.0004680117899059,0.0005497554270605417,0.000269529785238223
3079,0,0.0024599080227375,0.003787838710128359,0.0016278424457159333
3080,0,0.0021062325237917,0.0027658199146716076,0.001250012358073618
3081,0,0.0004992080773333,0.0006671650186956034,0.0003363035336636499
3082,0,0.0006927092592021,0.0007744528963567418,0.000494227254534423
3085,0,0.0022066369503478,0.002748997161670908,0.0012997358235469958
3086,0,0.0009488627040178,0.0007223614092411093,0.0008122279869590848
3087,0,0.0007659812955866,0.0008338663107847306,0.0008265596235289799
3089,0,0.0019151065397865,0.0019305339918048643,0.0016821786633384288
3091,0,0.0005221355474785,0.0005195357543480708,0.0004045176060838299
3092,0,0.0053532471492317,0.005438448844388842,0.0051661295552814165
3093,0,0.007230289130116,0.008046419281782393,0.006930519274051806
3094,0,0.0014854711264607,0.0013979587111630173,0.0011996140756651524
3095,0,0.0021226033336635,0.0021932430505797176,0.002193273666697716
3096,0,0.0013126871359134,0.0014722492807808072,0.0011437536076903893
3098,0,0.0018555824270212,0.002085794424850204,0.0012686364048669005
3099,0,0.001926080719969,0.002360895371036569,0.0017422851015754296
3100,0,0.0005855067702967,0.0005788084554919614,0.0005136391122020203
3102,0,0.0020184384641666,0.002077464301764808,0.0020057365895791105
3103,0,0.001994978775578,0.002495003183662609,0.0019620674460045185
3104,0,0.0048317075937924,0.005666331686435782,0.0027713627272312573
3106,0,0.0336511014068449,0.033460006899392145,0.01570487896911622
3107,0,0.0278873533936812,0.034960633329440216,0.02306565664844221
3108,0,0.0280931419928776,0.031022194895859445,0.024843991472824126
3109,0,0.0520485245072262,0.05524450978656814,0.04733870407007708
3110,0,0.0228798629958492,0.026257596061084333,0.01739119634639281
3111,0,0.0003529921061144,0.0004190508081539763,0.00034502862740607885
3112,0,0.0015383541425573,0.0014845812164904601,0.0014527635330614198
3113,0,0.0022755841198762,0.003694736178398609,0.0015483152832035836
3115,0,0.0010003562228066,0.0011473625453695831,0.0006948001976796866
3117,0,0.0003543292324822,0.0005138913773496071,0.00020124932225958238
3119,0,0.0003508696780405,0.00034588971694537096,0.00026332090165868407
3120,0,0.0005406222451152,0.0006112619620314175,0.0005588561290120076
3121,0,0.0002688440760761,0.00025796283978731145,0.00018884573865284444
3122,0,0.0006035099332994,0.0006274881937460297,0.000451246016380823
3124,0,0.0004361994727264,0.000515617357482357,0.00042736338640579147
3125,0,0.0003139457692007,0.00048190271056305336,0.00015243770524116896
3126,0,0.0006311205718562,0.0005946962649984702,0.0005981290301494807
3127,0,0.000319697370814,0.00030881613452521145,0.00023969903339074444
3128,0,0.0010037857530361,0.001003003333207562,0.0010675969307573857
3129,0,0.0003802447014146,0.00045966258617055703,0.00037659346842913163
3131,0,0.000463495533014,0.000630361396524968,0.0003201709404646629
3135,0,0.0016033049643338,0.0021182100014879653,0.0007910626122934051
3136,0,0.0027394548289953,0.004067385516386159,0.0019935644540145132
3137,0,0.0008797957991222,0.0010306496097205818,0.0008370894668492623
3138,0,0.0006064805246709,0.0006718344001812642,0.00040767484126714754
3139,0,0.001508689867725,0.00302227400345644,0.0014985020259952464
3141,1,0.8249238691489571,0.819865731616169,0.828799412847984
3143,0,0.0005682795541454,0.0006003965181079453,0.0002590027030536918
3145,0,0.0004762517144696,0.0006358138593370072,0.00031826365562516895
3146,0,0.0010215108437318,0.0012631462208309416,0.0007317092568049346
3148,0,0.0006492067577459,0.0009201830341734499,0.00047686888373874763
3149,0,0.0018753595336682,0.0019074764976307454,0.0015665449201913537
3150,0,0.0005742420636349,0.0006403007656744764,0.0005662785849265789
3151,0,0.0014523591998835,0.0014844761638460454,0.001151619815651757
3152,0,0.0006261965858187,0.0009420551099532559,0.000440472879692772
3153,0,0.0016425934797235,0.0018105504210858534,0.001481085415763969
3155,0,0.0005457843600773,0.0006543023349889876,0.0005391883361234455
3156,0,0.0035019281030823,0.003805214303518002,0.0028854783276993697
3158,0,0.0005651314258916,0.0005429528139178615,0.0004744566137853801
3159,0,0.0026260221302455,0.0025611369286557602,0.002584260543423306
3160,0,0.0008637713987442,0.0008157315286862525,0.0006035762438814658
3161,0,0.002415590717969,0.003071803649110738,0.0017940432568069801
3162,0,0.0089383538152139,0.012253502412288366,0.008410749780746027
3163,0,0.0005671824744517,0.0007351394158140033,0.00040008149762652174
3164,0,0.0007706233116019,0.0008075729416073454,0.0004696461466230621
3165,0,0.0022856638325537,0.0022478392397985024,0.00224479976012679
3166,0,0.0007645068592694,0.0008305655613090263,0.00079435987531108
3167,0,0.0007506952714798,0.0007785789036082953,0.00048409342850693295
3168,0,0.0018248028878488,0.0020886072060567478,0.0013036678329709254
3169,0,0.0015279386872273,0.0015563898094326453,0.0012619043343312828
3170,0,0.0006535439555698,0.0006814275876982953,0.00038694211259693295
3171,0,0.0056556339557771,0.005648898916414264,0.005417525935162511
3173,0,0.000959847797345,0.0010683657722566876,0.0009520635388793829
3174,0,0.0009916281059588,0.0010595131211569807,0.00105220643390123
3175,0,0.0007630425752934,0.0007958102486103954,0.00047324204607965313
3176,0,0.0011828778932319,0.0012987448966942671,0.0012450756978291465
3177,0,0.0010874481602621,0.0010648256468913809,0.0009544253291588978
3178,0,0.001181706300291,0.0012477650023305763,0.001195936045894353
3179,0,0.0024357582975087,0.0026943944511974537,0.0016993977994426144
3180,0,0.0010253289927138,0.0010899158418157973,0.001053179263915434
3181,0,0.00107861247923,0.00134612576372506,0.0009083587146594186
3182,0,0.0008845883664437,0.0008232513190068406,0.0008636408299937721
3183,0,0.0011505935994451,0.0013100851206075937,0.0009640870914836112
3184,0,0.0011673937228032,0.001165288933652064,0.0008826599411174148
3185,0,0.0045930861436749,0.005778203429393082,0.0036073027288133167
3187,0,0.0192838343567207,0.021115002016135503,0.014492921273173106
3188,0,0.035400386275462,0.038302160473516096,0.03317117433590658
3189,0,0.0437845549676535,0.045605697030772864,0.040253631899866006
3190,0,0.0174148641859578,0.02102195662285614,0.015868752921195366
3191,0,0.0508877166129018,0.05686003338502008,0.056222457964603303
3192,0,0.0583063190747979,0.08118055568231361,0.030953051328462572
3193,0,0.1444275569339579,0.16108795723501082,0.22056374915265195
3194,0,0.0007460180718203,0.0011892378560522962,0.0005226877468906101
3195,0,0.0006192302218025,0.000641873445105085,0.0007597180281922568
3196,0,0.000415635239294,0.00048352025449218067,0.0004383970724864789
3197,0,0.0004793911667627,0.0005116486467440142,0.00023928153320760577
3198,0,0.0003785799552372,0.0004599212225414918,0.00018749397735731563
3200,0,0.0005368179819228,0.0005771770521580642,0.00032840137246336915
3204,0,0.000548341985374,0.000705810927078918,0.0006440977982945653
3205,0,0.0007962609570961,0.0007667645786122554,0.00048423394062733246
3206,0,0.0004928432633852,0.0005900506619717813,0.0004904592773349773
3207,0,0.0003939326068187,0.00047527387412304176,0.00020414776773864028
3208,0,0.0004638380232442,0.0006282852477560753,0.0003178219177431997
3213,0,0.000298160071876,0.00027163285480585214,0.00020788526460584005
3214,0,0.001561567223288,0.00149668202169831,0.0014787902734426572
3215,0,0.0013350838636913,0.0017770555326199389,0.0010290696622721816
3217,0,0.0010667718446231,0.001223520383087372,0.001202011984979554
3219,0,0.0017422153336387,0.0018613805744745692,0.0019510184556093143
3220,0,0.0007305387922155,0.0007584224243439954,0.00043004436350060665
3221,0,0.0004722888113996,0.0006211900786088254,0.00031519069131122476
3222,0,0.0020158837288106,0.001922508598062183,0.001743374818161708
3223,0,0.0015776683984275,0.002057020541236189,0.001337142475979509
3224,0,0.0006790096014357,0.0007068932335641953,0.00037851517272080663
3225,0,0.0006983684461517,0.0007262520782801954,0.00039787401743680666
3226,0,0.0004644414659883,0.00044226285401456145,0.00036286928303314004
3227,0,0.0006573200643774,0.000639865198804921,0.0005542763927331313
3228,0,0.000690774591246,0.0007311336614813142,0.0005058004105412029
3230,0,0.0015158690047631,0.0018008544157892415,0.001331506820848661
3231,0,0.0004203509346177,0.0005692522018269254,0.0002513347603005365
3233,0,0.0021043935281967,0.0022960922053313444,0.0023799497242881877
3234,0,0.0023420963290778,0.0020230667551262675,0.0025704863132789677
3235,0,0.0017950337263562,0.0014760041524047175,0.0020234237105574175
3236,0,0.0017054326594573,0.001788162108074378,0.0021768880139461447
3237,1,0.2272499066793815,0.27013984078284214,0.1951991303267676
3238,0,0.0026803615394155,0.0028927963704741856,0.003086929060684259
3239,0,0.001811875713202,0.003081618137184503,0.0013529611163119555
3240,0,0.0096974086250559,0.011855112544693364,0.00732425418438842
3241,0,0.0019566754980658,0.0027204930683616445,0.0005581463261282669
3243,0,0.0013299955112185,0.001692255143623732,0.0011221153155253779
3244,0,0.0004556395999926,0.0030723617835392326,0.0007289278938228664
3245,0,0.0065899866938308,0.006422664296202182,0.004990141239501875
3246,0,0.0018716679434405,0.001954083842517041,0.001546063613742585
3247,0,0.0007546468515038,0.0007874145248207454,0.00041309745158163474
3248,0,0.0009385706293945,0.000996963396894486,0.0009627301472788865
3249,0,0.0009767577933113,0.0009835296227829141,0.0007899458588996566
3251,0,0.0054497296757231,0.005494746619830622,0.0056227478956334545
3253,0,0.002180063558959,0.002262479458035491,0.0021415119460292398
3255,0,0.0120237061280834,0.012136533339420632,0.011420984817562058
3256,0,0.0006497837528317,0.0007469911514182813,0.0006411427984130738
3258,0,0.000857959409882,0.0010103096289369872,0.0006885033664182203
3259,0,0.0008474792823669,0.0009058720498668361,0.0008792405522997962
3260,0,0.0010168465943099,0.0010447302264383954,0.000684487992507805
3261,0,0.0030126984867118,0.0032506125319368014,0.0029649805966240027
3262,0,0.0011911703614849,0.001253557063100364,0.0010228451277749034
3263,0,0.0007841167722705,0.0007619381602967114,0.0007221332972360931
3264,0,0.0048912331840673,0.00578359459091862,0.004706260775091123
3265,0,0.0010831395609907,0.0013089023001290022,0.0009653785371337689
3266,0,0.0057328638659711,0.00662522527282242,0.005532566852500937
3268,0,0.0009907058089695,0.0011008444642052776,0.0008358348721220831
3269,0,0.0036113090632531,0.003673695764868564,0.00357669879990026
3270,0,0.0038192595565531,0.004013782810423509,0.003537243750864035
3271,0,0.0818786598610836,0.1477481017832653,0.1287608343536463
3272,0,0.0459111170566519,0.047808010334607715,0.06329061297163557
3273,0,0.0228316509690458,0.030125647225736928,0.02355106258110229
3275,0,0.0009859825964602,0.000948158003705052,0.0008740797349199484
3276,0,0.0005499852804673,0.0005778689125957953,0.0002167996643038944
3277,0,0.0008419217846539,0.0011057736377040528,0.0006611302366119761
3278,0,0.000457826576058,0.0004356479640842615,0.00034592371451774845
3279,0,0.0004734164228183,0.0005706238214049312,0.0004312217247286137
3280,0,0.0026812009436964,0.0030506916657748514,0.0026759800387401167
3281,0,0.0005540499143868,0.0005042485451102216,0.0003898068022536187
3282,0,0.0015082687372775,0.001757792835181421,0.025988397442958177
3284,0,0.0005873397531564,0.0006720453078719893,0.000556885967368912
3285,0,0.0104178729735857,0.010473903240453452,0.011519019695315439
3286,0,0.0010948675236717,0.0010299823220820102,0.0009892272332816102
3287,0,0.0005448100598658,0.0005726936919943454,0.00020874339389109184
3288,0,0.0006281740855391,0.0007770753527482754,0.00046697228658462296
3289,0,0.0004951069436459,0.00045728235089075215,0.00038320408210564845
3291,0,0.001406324976716,0.0015797531747866584,0.0014886782917242572
3294,0,0.0031817114172014,0.00499202976220282,0.0027107522260386018
3295,0,0.0004618346506837,0.0005227899630283299,0.000476164804617821
3297,0,0.0039204834390888,0.0038815785115763847,0.0031182339878151667
3298,0,0.0005213354467272,0.0004991568347534614,0.00041848737430771795
3300,0,0.0008812081260686,0.0013244279103005962,0.0006452933616390231
3301,0,0.0005654198207864,0.0006661155237230876,0.0005446292217648211
3303,0,0.0011407752910814,0.0010703549603827195,0.000810139260492077
3304,0,0.001307858730227,0.0012420721435598054,0.0009724932619576953
3305,0,0.0007468206927912,0.0007293658272187209,0.0006259405163474412
3307,0,0.002038110176739,0.0022660580578546695,0.0015915774406203543
3308,0,0.000663146141175,0.0007638418441116876,0.000647539610734383
3309,0,0.0006737718327516,0.0009376236858017527,0.0008003476635942508
3311,0,0.0022341085354249,0.0029804271374979786,0.0017068134560611682
3312,0,0.0005755588176797,0.0007435157590420533,0.0004108549140424794
3313,0,0.0015243990455615,0.0016992563642467696,0.0014263676351685744
3315,0,0.0006816026720048,0.0006594240600310114,0.0005947460511993822
3316,0,0.001103999463031,0.0011131358007495627,0.0007713869103054628
3317,0,0.0080693848142009,0.008609510612450688,0.006076109026068653
3318,0,0.0007466946690889,0.000903443207553272,0.0008652989140488657
3320,0,0.000620341707153,0.000678734474652986,0.0006391969121273763
3321,0,0.002565346939649,0.002793671032679717,0.002180944449753707
3323,0,0.002954822901251,0.0048226386909758215,0.0026297072317876128
3324,0,0.0007680175317375,0.0008420493469760142,0.000601594097621822
3325,0,0.0005138427546195,0.0006870607210415572,0.0003663146776520294
3326,0,0.0004753205442081,0.0004374959514529021,0.00038846392340268225
3327,0,0.0007947544152346,0.0008232055374399453,0.0004721570991228773
3329,0,0.0020442706411157,0.0022856359544165083,0.0016672360548431718
3331,0,0.0043046700732951,0.004337415008735726,0.003834391494193937
3332,0,0.001014059908952,0.0010124800428047477,0.0007995856957043299
3333,0,0.000683753073917,0.0008569710403391072,0.0005365596939947305
3334,0,0.0062104347650327,0.006931562846406705,0.0054512168446294845
3335,0,0.0005124423534117,0.0004934590723361071,0.0003977402816326326
3336,0,0.0006909005834461,0.0006556040738570756,0.0006380787957848915
3337,0,0.0008745922559611,0.0009293844518064084,0.0005598497766641134
3339,0,0.0011132538643883,0.0012817844546806048,0.001160636001708904
3340,0,0.0019022344284549,0.0018886080036829554,0.001831993418446559
3341,0,0.0011038294479471,0.0012243485495291048,0.0010266291328566378
3342,0,0.0026150070755311,0.0035893378658366365,0.001730094560698519
3343,0,0.0021841774464942,0.0025115609130439763,0.0019293376346694192
3344,0,0.0007882475426575,0.0008381556973143584,0.0004675034711343286
3345,0,0.0018041029211394,0.0018969894946035072,0.0023971973015787518
3346,0,0.000882971269061,0.0009421088569837642,0.0006733205418328689
3347,0,0.0017457105287341,0.0018353930295406334,0.0018101756330013584
3349,0,0.0010273952380342,0.001159657287399448,0.0010128456430471815
3350,0,0.0024906741429387,0.002457549790303967,0.0026725529840990487
3351,1,0.9515945906381472,0.9481183287792218,0.9559847931883316
3353,0,0.0009583839476359,0.001017521535558714,0.0007487332204078189
3354,0,0.00132072610288,0.0013798636908027642,0.0011468698873151222
3355,0,0.0015890042740767,0.001570020993001157,0.0015461013620843304
3356,0,0.0072777673666466,0.006966773607874384,0.00933369553841596
3357,1,0.9364811016952344,0.9272797330241531,0.938150066234668
3358,0,0.0046894098856605,0.004908340692315596,0.004533349066706288
3360,0,0.010621189691267,0.014835681006699356,0.008728902367084715
3361,0,0.1399449172025762,0.13709382922891833,0.11417944305799677
3362,0,0.0414012662353058,0.04753512721228036,0.0347087905852296
3363,0,0.0360695265474078,0.04415689063876925,0.04112107087308539
3364,0,0.0305511685831892,0.03673250925881588,0.026118734875641886
3365,0,0.0004828586757067,0.00044503408295150213,0.00038001060328716796
3366,0,0.0007065562672259,0.0007350073894312953,0.0003838591066772129
3367,0,0.0004986668962443,0.0006718848626663572,0.000356199197807216
3368,0,0.000735618614911,0.0007024942622763168,0.0006580244314772395
3369,0,0.0081670410463231,0.010642061097835461,0.00760202008600196
3370,1,0.9581836971218582,0.957643917125204,0.9633420069088465
3371,0,0.0005247059584664,0.0006979239248885072,0.00038223826002936595
3372,0,0.000833620922775,0.0009855186656853913,0.0006924755647159382
3373,0,0.0013043514714671,0.0015394324633676518,0.0012705915557698218
3374,0,0.0005180912394497,0.0006133030301005141,0.00032315872935519894
3377,0,0.0036286981654773,0.004190465851320276,0.003711539745484262
3378,0,0.0007366304228679,0.000903496286378818,0.0005899617805836521
3379,0,0.0005840022140886,0.0006973051807916238,0.0005659551236968788
3380,0,0.0007407911422097,0.0007906992968666084,0.00041572183913728773
3381,0,0.0003868212529168,0.0005600392193388571,0.00023962787299448049
3382,0,0.0023108425369974,0.002767922098136309,0.001772394538478489
3383,0,0.0004550580420022,0.0006230149833645534,0.0002906888354101305
3384,0,0.0005140323117549,0.0006092441024057642,0.00031909980166044895
3385,0,0.0006140801395698,0.0005665242797723594,0.0004126593260902845
3386,0,0.0005250595943789,0.0006935901846712549,0.0005009769838657711
3387,0,0.0006895425116738,0.0008580731019661048,0.0006201693533978435
3388,0,0.036783500515916,0.04007149982754191,0.03412054140067725
3389,0,0.0049315194420362,0.004835278930611798,0.004571377120150223
3391,0,0.0003819613271403,0.0005637785998085033,0.00023145245185408048
3393,0,0.0010059536220608,0.001449173406292796,0.0007667101611327897
3394,0,0.0006581263143168,0.0008260832556791033,0.0004920839209038481
3395,0,0.0009589767519654,0.001402196536197396,0.0007230619875358231
3396,0,0.000447639330451,0.00040981473769580217,0.000344791258031468
3397,0,0.0005051435918556,0.0006647057367230572,0.00034429439037868053
3398,0,0.0005418982705044,0.0006097832857025307,0.0005646601036968289
3399,0,0.0005086311065464,0.0006818490729684571,0.00036110302957892935
3400,0,0.0004292470689958,0.0006024650354178572,0.0002817189920283294
3401,0,0.000795586837355,0.0009618597505368976,0.0007900340632577232
3403,0,0.0026955221489631,0.00454650263881507,0.002265011118539167
3404,0,0.0033172185560573,0.004645149243448109,0.0025707313641371646
3405,0,0.0004882390527246,0.0006614570191467071,0.00034071097575717936
3407,0,0.0006903920966711,0.0006729372310986209,0.0005858056322607844
3408,0,0.0010821162368401,0.0015253360210720963,0.0008305408642999995
3409,0,0.0028152555390515,0.003196946230114989,0.0026765671456757873
3410,0,0.0005796756940724,0.0007528936604945071,0.0004324823141501305
3411,0,0.0005485397880359,0.0005263611760621114,0.00046168316723048223
3414,0,0.0008048655055836,0.0008376331789005454,0.00047805902578039895
3415,0,0.0005867380220868,0.0005645594101130614,0.0004998814012814322
3417,0,0.000924404176506,0.0008823212295835809,0.0007117111311671289
3418,0,0.0004601069973826,0.00042228240462745216,0.0003732503765772323
3419,0,0.0008752461405874,0.0009031297727159454,0.0005613554049418324
3420,0,0.000838857722791,0.000897250490290986,0.0008577129277653763
3421,0,0.0013030455117113,0.0012666212048535702,0.0012330867676507192
3422,0,0.0038169349928116,0.0038554729477376544,0.0038828353541795974
3423,0,0.0008234661322006,0.0009122141811958142,0.0006589967384913651
3424,0,0.000677942637676,0.0006557640257022614,0.0006231129522220283
3425,0,0.000611548329728,0.0007759955542398754,0.0006658376060504304
3427,0,0.0025733853927559,0.0029359248778435655,0.0033973470506287714
3428,0,0.0008156720516055,0.0008695457440111337,0.0008335401218066441
3429,0,0.0026840852622085,0.0029058876218356483,0.002446593032564186
3432,0,0.0017094508349519,0.001994001372998098,0.0012127994670916168
3433,0,0.002455726717021,0.0024226023643863165,0.0023767695663140754
3434,0,0.0035441545552455,0.0036115847695268994,0.0035913593559492208
3435,0,0.0017089446337134,0.001840409469258108,0.0014055912736301236
3436,0,0.0036294965175176,0.003839197148578939,0.003568845659285891
3437,0,0.0012635702143859,0.0012367301467423864,0.0012085444213876281
3438,0,0.0076432874414759,0.008003533889288844,0.007571859553162317
3439,0,0.0012176297893219,0.0012503974626388453,0.0008952220094014208
3440,0,0.0011946005587782,0.0012211599512161873,0.0008727087372477036
3441,0,0.0011554404225179,0.0013138141619375228,0.0011560494590506756
3443,0,0.0118023356577279,0.016964566993576097,0.010911331863374731
3444,0,0.0471149490255247,0.04176258750937578,0.040516778425646174
3445,0,0.0818876967104248,0.09942244771310657,0.06395288714261058
3448,0,0.0289726168553612,0.03231999719579119,0.025114145862830606
3450,0,0.0299401849170048,0.0454611000121187,0.024369278757731316
3452,0,0.0007708366111031,0.0007799729488216627,0.0004424175368542281
3453,0,0.0006034892152606,0.0006313728473890954,0.0002885526008994845
3454,0,0.0016759401614634,0.0021552923042720386,0.0014037016188189002
3456,0,0.0004940648621674,0.0005892766528182141,0.00030116117441768606
3457,0,0.0005166722297616,0.000689919915330368,0.000612226603660494
3458,1,0.9353163000689424,0.9302806166379207,0.9394330527532451
3459,0,0.0056532022426452,0.007072354301167559,0.0051639574617662505
3460,0,0.0064409405677214,0.006496970834589152,0.006134531742710635
3462,0,0.0125479357963575,0.012991618712215651,0.011476604993604152
3465,0,0.0068027893716461,0.006856057897004599,0.006069144431689906
3466,0,0.0027478126679275,0.003110072300332732,0.0026240654894486752
3467,0,0.0045418451428121,0.004464893678516745,0.0042765293315897
3468,0,0.0008207713291254,0.0008071449043535054,0.0006944141338471201
3469,0,0.0013386014899859,0.0014795526573073371,0.0011890255030143338
3470,0,0.0055429678837232,0.0055309014600789476,0.006304660324288119
3471,0,0.0007677551590144,0.0008863683639195085,0.0007188879961713514
3472,0,0.0027119489722242,0.002338853622090689,0.002207107740117201
3473,0,0.0004918245948583,0.0005929002693671142,0.0003098003345056618
3474,0,0.0004096673627708,0.0003743708531817756,0.00028746165379687073
3475,0,0.0008198009001086,0.000922876190961705,0.0007589217399284569
3476,0,0.0005510238400268,0.0007154710645386755,0.0003983368310267997
3477,0,0.0005807135846594,0.000738182526364318,0.0004116160834249445
3479,0,0.0005800330528092,0.0007444802773210254,0.000430208715627666
3480,0,0.0006665210042247,0.0008309682287365753,0.0007783773441162452
3482,0,0.0005978376471092,0.0007055185974026142,0.00048452167062368974
3484,0,0.0008071476622537,0.0009669954387921667,0.0007315028286197631
3486,0,0.0079351025923718,0.007840501954156955,0.007677699121029644
3487,0,0.0007376867682606,0.0009708110800679831,0.0005399072877411227
3489,0,0.0157304507169555,0.015223448687057089,0.014963413488242316
3490,0,0.001087862759437,0.0011057235470188084,0.000756773588193952
3491,0,0.0006874662295405,0.000623887083803959,0.0005703673827670868
3493,0,0.0457126660717744,0.04821571301408093,0.04232574478326145
3494,0,0.0009605527817274,0.0010479067055878142,0.0007800492950790507
3496,0,0.0088884363927299,0.008682486363965578,0.008297944744617971
3498,0,0.0005939609263475,0.0006480389413218608,0.000625337610111449
3499,0,0.0135746629431994,0.01432442080707282,0.012332617777621896
3500,0,0.0102054523952771,0.010872868893337752,0.009766355255854333
3501,0,0.0029473939743495,0.0030035210184342085,0.002634386672080182
3502,0,0.036181381715116,0.038131823703691156,0.03213953043022634
3503,0,0.0107262186533535,0.01166355140323436,0.010150467347479552
3504,0,0.0009994255290082,0.0011673824703705032,0.0008141337355873675
3505,0,0.0006495796863814,0.0006305964053058071,0.0005418209960193167
3506,0,0.0013590070222734,0.0015715552957583515,0.0013057605548810545
3507,0,0.0011071246940485,0.001074670159145968,0.0008233982717550774
3508,0,0.0006333904437196,0.0006144071626440572,0.0005256317533575666
3509,0,0.0006020305397015,0.0005667340301124756,0.0005492087520402915
3510,0,0.0012133632506191,0.0012896278689223015,0.0013178802259749196
3511,0,0.0012820409467011,0.0013477255804369643,0.0010764492968410185
3512,0,0.0051826767874404,0.005305835942087584,0.004036112366085863
3513,0,0.0016778159936431,0.0016189339610944444,0.0013277406508644108
3514,0,0.0012063452766772,0.0011175998286317886,0.0008943516961101855
3515,0,0.0029765745674789,0.0032783519996337556,0.002759693686046829
3516,0,0.0007161455328719,0.0006808490232828256,0.0011000441800368284
3517,0,0.0032793885929746,0.003606772059524376,0.0030110485339051554
3519,0,0.0160663835887395,0.016982909205755407,0.015333565503884757
3521,0,0.0008869554540574,0.001060173420479507,0.0007207317074186877
3522,0,0.0008806125482409,0.0009462971819768141,0.0006750208983808684
3523,0,0.0011932785206602,0.001266337988213414,0.0009950617046174683
3524,0,0.0025541771189107,0.0027333678662113036,0.00237610124268636
3525,0,0.0332805295706865,0.03453493153534742,0.03225775312976521
3526,0,0.0077713618489191,0.008495687854734217,0.004984941275719646
3527,0,0.038655337218952,0.04471787399275446,0.0373799008227506
3530,1,0.0123867119767354,0.016165463405624133,0.010823954582113802
3531,0,0.0026080178014916,0.0028379874609778416,0.0024028252150991958
3532,0,0.0019698045573257,0.0021342517818375255,0.0020906810374808097
3533,0,0.0007413807386197,0.0007223974575441571,0.000638418647337912
3534,0,0.000622871856436,0.0006620200458966151,0.0006077449765666627
3536,0,0.0005621537701282,0.0006162317851025607,0.0005870832321912124
3537,0,0.0004726961354891,0.0004373996259000756,0.000369734044207312
3538,0,0.0017834142268369,0.0018395412709216084,0.0015262317135226384
3539,0,0.0004907014924945,0.0005983824427879642,0.00030356835513658685
3541,0,0.0013792587119104,0.0013971194994921584,0.001048169540667302
3542,0,0.0006395816165308,0.0007994293930692666,0.0005704022439157459
3543,0,0.0025934863344493,0.0023538135557909876,0.002585215369861379
3545,0,0.0008620818578651,0.0010109831250743255,0.0009698886078635151
3546,0,0.0007345409230901,0.0007844490777470085,0.00041760912137446613
3547,0,0.0104589901618806,0.010512258687239099,0.009925254299175474
3548,0,0.0049627912149573,0.004894243136968182,0.004797672607762661
3549,0,0.0005065552347199,0.0006142361850133642,0.0003856618957215266
3552,0,0.0008021477629105,0.000958896301374872,0.0009461663806404157
3553,0,0.0113151494558379,0.012705330014009912,0.010543612577495096
3555,0,0.0007307878639614,0.0007118045828858072,0.0006094035873680491
3556,0,0.0008356647294273,0.0008855728840841584,0.0005187329277116161
3557,0,0.0004790468433662,0.00044375033377712554,0.000344141817490663
3558,0,0.012249166857627,0.012666816257803701,0.0117846864211412
3559,0,0.0005856195767172,0.0005491952698594702,0.00048458613618108313
3560,0,0.0009333051791895,0.001166429490996883,0.0007355256986700227
3561,0,0.0005568274505034,0.0005215309409143756,0.00044893039773906537
3562,0,0.0005420853223205,0.0005199067103467614,0.00043018246078024847
3563,0,0.0006363337995878,0.0006141551876140615,0.0005244309380475485
3565,0,0.0006682414734213,0.0008257104151261679,0.0005030324758836229
3566,0,0.0053249608664201,0.0053128944427758475,0.008883799258667922
3567,0,0.034047354402231,0.03501196136903957,0.032593839105665656
3568,0,0.0004026984666759,0.00038051985470211145,0.0002907956051355985
3570,0,0.0004275092844009,0.00040533067242716145,0.00030865091934873505
3571,0,0.0023389203355111,0.002293164085633021,0.002217314541048552
3573,0,0.0009804571631532,0.0009113804330870893,0.0007712704751671512
3574,0,0.0008852165015494,0.0010520807996203389,0.0007021515572984736
3575,0,0.0034829392115325,0.003702503174441269,0.0029930420484385696
3576,0,0.0006395848420584,0.0007269387659188142,0.00047312895344984345
3577,0,0.0006940032203696,0.0006801030873355127,0.000326532434282081
3578,0,0.000482958282466,0.00046077967049226146,0.00037154465311585677
3579,0,0.0009737984948355,0.0010611524186959142,0.000820697169341722
3580,1,0.9513160362885004,0.946280352857479,0.9553731540168519
3581,0,0.0006119406090279,0.0007763878335397754,0.00045480974041758513
3583,0,0.0013124889782247,0.0012467023915574554,0.0009823105706540183
3586,0,0.0059294755598729,0.004501134382600906,0.007187878502740397
3588,0,0.0008144159682587,0.000983537614279318,0.0006367390750695815
3589,0,0.0018647602431438,0.001847305377571271,0.0017421716964576006
3590,0,0.2976811797995111,0.29765539752826037,0.2976059029448835
3591,0,0.0055988309139778,0.005790778575453819,0.005321024921185909
3593,0,0.0099675841041136,0.011257251772561233,0.009473781244981775
3594,0,0.0148447070470937,0.01599839585801216,0.014533122201150404
3595,0,0.0013452909894001,0.001488856791397089,0.001092918210664913
3596,0,0.0006805715238178,0.000838040465522668,0.0004873526677443145
3598,0,0.0007648238132744,0.0009292710377862254,0.0005996694455784367
3599,0,0.0069668704720014,0.006865685526694691,0.006881238239301646
3600,0,0.0036703196497674,0.0037894324419304837,0.003214849738021305
3602,0,0.0199033422471297,0.02030489142286736,0.019267799200216068
3603,0,0.006612237706343,0.006570154759420531,0.006387049195592687
3604,0,0.0009092264222364,0.0009749110559723142,0.0007303522510602303
3605,0,0.0008951781535687,0.0009982534444218049,0.0008508309774032959
3608,0,0.0010990983818923,0.0011538905777376584,0.0007843559025953634
3610,0,0.0044160208280307,0.004629322667141292,0.003431045767577156
3611,0,0.0327519295376132,0.029067793828058512,0.024346813736101907
3612,1,0.0203557645350968,0.021294781463660453,0.018571408595195644
3614,0,0.0004861832714499,0.0005938642217433142,0.0003338892503056515
3616,0,0.0005111979115245,0.0005715481166439107,0.0005042163041676568
3617,0,0.0028762540066493,0.003319473790881346,0.0026369033420476544
3618,0,0.0004525589313518,0.0006205158727141534,0.00028647343084536685
3619,0,0.0044762493207552,0.004644206262117503,0.004308850400389007
3620,0,0.0018689619498054,0.0020841574006249483,0.0016114410547957132
3621,0,0.0005125246878002,0.0006112299194866132,0.00047205330799080983
3623,0,0.0004367911582599,0.0005378668327687141,0.0002395591973595474
3624,0,0.0005929709739057,0.0006940466484145641,0.0003957390130053974
3626,0,0.0038269605558465,0.003978209302620446,0.0026021614618526646
3627,0,0.0048356066116035,0.005681413970230709,0.003716012417097239
3628,0,0.0003353791992889,0.000712951454172918,0.00039233906122513093
3629,0,0.0005589070596773,0.0006144745939270084,0.0002329075654129231
3634,0,0.0005192101073024,0.0006202857818112142,0.0003244396055244043
3635,0,0.0005361084856909,0.0006348137173773132,0.0004956371058815099
3636,0,0.0005728450251551,0.0006805259754485141,0.00038467979916170423
3637,0,0.0006429525322983,0.0006293261075263554,0.0005100217194872917
3639,0,0.0029273886776707,0.00319836495409825,0.0027473407960403023
3641,0,0.0010039899946804,0.0011026952263668132,0.0009635186148710098
3642,0,0.0005025806968413,0.0006036563713501641,0.0003209947251406488
3644,0,0.0008105444696842,0.0010357607622251193,0.0007227268839672049
3645,0,0.0005569581183523,0.0006580337928611141,0.00036430310945287207
3646,0,0.0007087645178279,0.0006656415920096336,0.0004859401449952985
3647,0,0.0018798439998812,0.0011054581065082668,0.0011325793445620463
3648,0,0.0012407895370299,0.0013345373283125414,0.0008078598553988643
3649,0,0.0022154136508198,0.002585708498575039,0.001839473622996093
3650,0,0.0004615481997584,0.0006295051411207534,0.0002908158833834225
3651,0,0.0011815735582216,0.0013738697862504417,0.001020641881503045
3652,0,0.0006646000332646,0.0009355763096921498,0.0004841608504046597
3653,0,0.0044775160567319,0.004434121343348786,0.003184427779538476
3654,0,0.0007564974323551,0.0008120649666047584,0.00044510234489205476
3655,0,0.0005721406104024,0.0006313287299675352,0.0005673179925620098
3656,0,0.0005665943355262,0.0006944987844057142,0.0004061747853047213
3658,0,0.0005589454917385,0.0007269024331008533,0.00038243068754908305
3659,0,0.0015784682559991,0.0015145395765961817,0.0014125328308631506
3660,0,0.0005633824678511,0.0005302581152163669,0.00043818283250717985
3661,0,0.0021479392562288,0.0022802634031011976,0.001669567017030566
3662,0,0.0004870351038899,0.0006602530703119572,0.0003337859576629417
3663,0,0.0007830095244598,0.0008526954450236203,0.0007516398915757267
3664,0,0.0010807870093445,0.0012730832373733917,0.0007458506586351733
3666,0,0.0049389412764446,0.005876274026325459,0.003897665500502131
3667,0,0.0005533134288181,0.0006516648955457321,0.0005532461568162205
3668,0,0.0006032337583773,0.0006624218779423851,0.0006042564549806895
3669,0,0.0005762597716668,0.0006565565822425641,0.0003670098264066615
3670,0,0.0005857874922053,0.0006660843027811141,0.0003765375469452115
3671,0,0.0007085075514127,0.0008753734149236679,0.000554401802841437
3672,0,0.000543612039622,0.0005246287585464572,0.0004353807524095047
3673,0,0.0007992788749446,0.0009007563953943641,0.0006154578496106784
3674,0,0.000922213291147,0.0008292513197454591,0.000757982366776243
3675,0,0.005698164160106,0.00630545324354464,0.004854688037997459
3676,0,0.0007835089057219,0.0009354066486322911,0.0006297623762850809
3678,0,0.0035139586003054,0.004167947236680254,0.002799091289863226
3679,0,0.0007241201478198,0.0008836822926872072,0.0005442405796263877
3680,0,0.0005525749441932,0.0006428276456695852,0.0005664229495725022
3681,0,0.000577404414788,0.0005421079051989256,0.00048804811255184646
3683,0,0.0009403450588078,0.0010007279525828085,0.000627765241235387
3684,0,0.0009796778041747,0.0010352453384243584,0.0006612115031240479
3685,1,0.958843190492386,0.9570979048513751,0.9613552489366276
3686,0,0.0068629993118428,0.006837271810847881,0.0065213732270437185
3687,0,0.0034300707270108,0.003269495761055725,0.0035112201718460524
3688,0,0.0016879957413357,0.0017572800240008143,0.0016001686028500747
3689,0,0.0041350793467516,0.00395347939223235,0.0038903851486685815
3690,0,0.0026691556658745,0.002864329598222752,0.0025931421371847584
3692,0,0.0021083175930905,0.0021464694642184196,0.0018243663051837865
3693,0,0.0080046935727704,0.008863353294900917,0.00560984077353157
3694,0,0.0135428810686046,0.014976461543506136,0.009770040521762637
3697,0,0.0013895004528335,0.0013099242568539817,0.0012140971947494073
3698,0,0.0008235685163464,0.0008796955604311084,0.0005089680224399964
3699,0,0.0006370015808151,0.0006931286248998084,0.00031793926144865433
3700,0,0.0005085217862223,0.0006162027365157141,0.0003409776881036959
3701,0,0.0007466535686404,0.0007002481729256509,0.0005767034841532992
3702,0,0.004926050756601,0.005225378260462089,0.0044491038646857686
3703,0,0.0007365808021586,0.0010075570785860997,0.0005620578029144555
3704,0,0.0094216966593809,0.009437973769299906,0.032743072396656685
3706,0,0.0010675607772359,0.0012927770697767694,0.0009657846030188197
3708,0,0.000527744680446,0.0006957016218083534,0.0003573197075492917
3709,0,0.0004698774544175,0.0006378343957798033,0.000298217804913256
3710,0,0.0005489346084308,0.0007158004719417181,0.00039518807899393096
3712,0,0.0006939759489765,0.0007495434832261584,0.0003679764547120731
3713,0,0.0005993050884991,0.0006548726227487584,0.00027330559423467313
3714,0,0.0004885544206071,0.0005431497111100725,0.00044808304079770983
3716,0,0.0011876964040101,0.0011709515648576948,0.0008309252519296468
3717,0,0.0005526744342075,0.0006082419684572084,0.00022984129545230072
3718,0,0.0004915158323203,0.0004778894075483554,0.0003519033193944793
3721,0,0.0005959360677532,0.0006970117422620642,0.00042735691498634466
3722,0,0.000591112248182,0.0007485811898868681,0.00067030775468884
3723,0,0.0005580689986022,0.0005390857175266571,0.00043716253954494355
3724,0,0.0005991527958326,0.0006552798399173084,0.00028115457404578176
3725,0,0.0030988657485007,0.003256334690205618,0.0029327807266386332
3726,0,0.0006283906407267,0.0007142679466179502,0.0005750099908584049
3727,0,0.0004160167327679,0.0003970334516923071,0.00028222501571940623
3728,0,0.0006198000801716,0.0006759271242563084,0.00030180185838478174
3730,0,0.022681226685669,0.024446235507516085,0.021584778769491584
3731,0,0.0089072120035806,0.009269471635985831,0.008779968828063698
3732,0,0.0114432868240187,0.011770351749038694,0.01083045541307512
3733,0,0.0062222617892529,0.006943389870626904,0.00545038449082813
3735,0,0.0005142743054448,0.0004811499528100668,0.00038907467010087984
3736,0,0.0063608647142256,0.006122880560684759,0.005789411712620902
3737,0,0.0005443277049971,0.0007087749295089255,0.00038615827572517045
3739,0,0.0024493727633073,0.002529669573883064,0.0022821924832108916
3740,0,0.0013718166338402,0.0014215149371570458,0.001369087435984199
3741,0,0.0032425518845347,0.0031016982491768865,0.0027982823045085755
3742,0,0.0007575715869567,0.0008434488928479502,0.0007041909370884049
3743,0,0.000699052874867,0.0007864067987274142,0.0005342466409191518
3744,0,0.0004999866078072,0.000656735146271522,0.00034044943949190114
3746,0,0.0005145094379323,0.0005718713808534133,0.000487804295863954
3748,0,0.0023182277777726,0.0032315281845913747,0.0009178302778115423
3749,0,0.001606681617838,0.0015076788382896176,0.0016070572342468034
3750,0,0.0006883797679874,0.0007757336918477642,0.0005111707495493013
3751,0,0.0006973507487464,0.000854099287210772,0.0005335253035784028
3752,0,0.0006540010681301,0.0007398783740213502,0.0005826200576185309
3754,0,0.0016383114116341,0.0016321883382154948,0.0012523918320937765
3756,0,0.0123892060207132,0.013521562464198998,0.011707747635038394
3757,0,0.0012321615296193,0.0013268958779090643,0.0010628830862288933
3758,0,0.0007342150672673,0.0007776695696940101,0.0006945020537007491
3759,0,0.002414932899551,0.002321728667388054,0.002174325762763405
3760,0,0.0038037339859544,0.0037204911882254177,0.003589446809304013
3761,1,0.4402012145100771,0.44507850990733877,0.34535469362415294
3762,0,0.0044809286794927,0.004369595997161768,0.004717765811954704
3763,0,0.001049816566187,0.0011356938720782502,0.0010189517936597108
3766,0,0.0023911702724251,0.0026550221254752026,0.0021899608297407825
3767,0,0.0070417767351449,0.00776463740669838,0.006941009937529457
3768,0,0.0006864471213294,0.0008508943458412254,0.0005063846801531058
3769,0,0.0008715811532536,0.0010204824204628254,0.0006759727547747059
3770,0,0.0011304556199064,0.0010937121267130007,0.0009106588738744043
3771,0,0.0008362335861344,0.0009231752441445642,0.0006756848833909922
3772,0,0.0048986836165514,0.004872956115556481,0.004578950875296284
3774,0,0.0011692703462407,0.0013216205652957372,0.0009856883732829635
3775,0,0.0021078569826829,0.0021784058574384805,0.001992372604077912
3776,0,0.0382750993639118,0.04583648905230353,0.01162618897549499
3777,0,0.0497696190110163,0.054978492948991195,0.05013643156997647
3778,0,0.0233409044456884,0.026137600177343182,0.0188835602265547
3781,0,0.0004973109662042,0.00047832768512860713,0.00036884726260745754
3782,0,0.0046303974700854,0.006095658500915564,0.003450176343870816
3783,0,0.002077780274167,0.0029488058685789246,0.0007289827686483472
3784,0,0.0151986747160163,0.014969742187433802,0.015733951168395894
3785,0,0.0036697096221312,0.0036188127365931865,0.0031957715756459125
3786,0,0.0019657399656927,0.0019289423073029675,0.0022776586413627955
3787,0,0.0023869432739905,0.003935206452335659,0.0016709196527650288
3788,1,0.8958832974130744,0.8777867216019299,0.9073425801222614
3789,0,0.0117338604517104,0.01294397734235017,0.009944969635331462
3790,0,0.0016017592851523,0.0028045133741599437,0.0012637677316073613
3791,0,0.011914535548632,0.011496933924490152,0.014613593210298755
3792,0,0.0007091181095042,0.000878239755524868,0.0005247266277696968
3795,0,0.6466131567971103,0.6158575644890925,0.648466263386108
3796,0,0.0018817272002707,0.0020194505743573415,0.001557712452424504
3799,0,0.0007572680219096,0.0008758812268147586,0.0006986751257509695
3801,0,0.0010049125892028,0.0011458637565242371,0.000865846014737474
3804,0,0.0004930433031812,0.00047406002210565715,0.0003757366000352583
3805,0,0.0024389051231137,0.002625396630157387,0.002020355027854474
3806,0,0.0020279922385891,0.0029207445375361747,0.0006893712175114035
3807,1,0.3366719456196358,0.34079800491968265,0.3542101677138372
3808,0,0.0006753982914128,0.0007188527938394602,0.000651679476270999
3809,0,0.0040691720995351,0.004308295501350746,0.004644563267724647
3810,0,0.4899736636685762,0.46364922996096136,0.41121504407937415
3811,0,0.0028988166525454,0.002881795193757168,0.0031182083926802437
3814,0,0.002668059824984,0.0028858504072234057,0.0022449714225806798
3815,1,0.9407648235171788,0.9204149434739739,0.9465728784018517
3817,0,0.0077244209052447,0.007856910388308228,0.0064277624159766586
3819,0,0.0017924285945193,0.003332841411923912,0.0009216278295752325
3820,0,0.0023524909625786,0.0036956654512314015,0.0019647007352481777
3821,0,0.0186168103506998,0.0294448563497731,0.024040389321741233
3822,0,0.0013564032162362,0.0013154631509447175,0.0017786198083132336
3824,0,0.0048640733292557,0.004786196079459617,0.005352115823876089
3825,0,0.0023917631328951,0.0031262710885816246,0.0009575145540059717
3827,0,0.0047836832133967,0.009351034232441732,0.0032452125136256675
3829,0,0.0032093629526549,0.004737184354749572,0.0020236981101836625
3830,1,0.3492269988329839,0.32072040680339337,0.39238767590244744
3831,0,0.0024928564528763,0.002557905739630601,0.0020893580810236296
3833,0,0.0015521637141991,0.001549674581813378,0.0011920462890604433
3835,0,0.0115087741750247,0.011562042700383149,0.01067053670369315
3839,0,0.0006026996010902,0.0005695752484555168,0.0005306376196556671
3841,0,0.0014270213448077,0.002975284523152858,0.0005922815623446031
3842,0,0.0015058276494541,0.0015204510502357781,0.0011670942030218845
3843,0,0.0006071008367389,0.0005881175556633571,0.0005285257134510093
3844,0,0.0195141930528974,0.019784112305613867,0.01908538343386688
3845,0,0.0015320166996205,0.0015836009590869948,0.0011115582013726264
3846,0,0.0006193054159569,0.0005840089063678256,0.0005605968206164117
3847,0,0.0087598492363623,0.009196232787973442,0.007671886108624199
3848,0,0.0014583553188516,0.0013551176599701303,0.0013054095271362977
3849,0,0.0036195171942987,0.0035634208889825814,0.005021066294143728
3850,0,0.0008717495747097,0.0010321316332539754,0.0006777537189145217
3852,0,0.0063284923624934,0.006822076339790118,0.0074087868282117445
3853,0,0.004345081114062,0.004410130400816252,0.00404653482315413
3854,0,0.0065212072564199,0.0074345076632386245,0.005060734726016659
3855,1,0.9896661449821328,0.9896896563233555,0.9896223564507816
3858,0,0.0064185592825462,0.007268906356109164,0.005738540986183039
3862,0,0.0182763080804164,0.02742560781552865,0.016036196458629352
3864,0,0.030734283918903,0.0366795771335869,0.024203920700476837
3865,0,0.4239532469908317,0.4177171225115089,0.34580446854480135
3866,1,0.0287025276216699,0.03743433198354626,0.025739593976925643
3867,0,0.0161247138147967,0.016760586352017805,0.01811687849804762
3868,1,0.934310808634782,0.9333950401756672,0.9421335817255317
3869,0,0.0004852097925078,0.00042163064677125904,0.0003538442416891946
3870,0,0.0005909568040683,0.0005773303792963554,0.00045134429114247933
3872,0,0.0011693109361716,0.0013133911390481071,0.0010053978155776214
3873,0,0.0013362845301904,0.0013338435442912795,0.001045071029814468
3874,0,0.000372213099006,0.00033691658941697555,0.0002552566823286525
3875,0,0.0114974225572747,0.01255086300831151,0.010481472880701496
3878,0,0.0010516155342559,0.0010481129531693554,0.0009120453608402678
3879,0,0.0007223576474806,0.0009475739400214695,0.0006312426772291336
3880,0,0.0027000508104556,0.0027028508727048976,0.0022404526537967533
3883,0,0.0006855808470109,0.0006424579211926336,0.0004627564741782985
3884,0,0.000512774878112,0.000670243819816868,0.0005659971856425532
3885,0,0.0005495406599397,0.0005965523405586078,0.0005369237780376548
3886,0,0.0006389040279719,0.000872028339779233,0.00042115718853282555
3887,0,0.0013069686539652,0.0012480866214165946,0.0009344674088846637
3888,0,0.0008749848311241,0.0007839060650348803,0.0006184980395577432
3889,0,0.000854809157094,0.0009109362011786584,0.0005368109353071317
3890,0,0.0029282614288208,0.0028166047139100365,0.0022552505019735455
3891,0,0.0031771451316905,0.0033790650029660385,0.0027537520726881965
3892,0,0.0025523773920494,0.002555177454298648,0.00242718366337491
3893,0,0.009746753935601,0.00980002246095945,0.008876660828976748
3896,0,0.0005558840195704,0.000713352961275318,0.0003819892919127314
3897,0,0.0006363785041337,0.0006860768074504958,0.0006336493062776491
3898,0,0.0005426584522458,0.0007071056767576254,0.0003883168804739314
3899,0,0.0014561376946013,0.0015938610686879917,0.001115940671262664
3900,0,0.0009019346212506,0.001160930051060433,0.000726690380453842
3901,0,0.0013315914652659,0.001285186069551201,0.0011629084692560806
3902,0,0.0005922628969128,0.0007080981201366642,0.00044502328247768497
3903,0,0.0005601169816492,0.0006677979319426642,0.000404723094283685
3904,0,0.0006196806318227,0.000777149573527618,0.00043932930756341855
3905,0,0.0019557778574588,0.002197922260593989,0.0015221960578788276
3906,0,0.0004103901939046,0.00039140691282905715,0.00028352558581068915
3907,0,0.0280736625789117,0.02931172053880239,0.024770472865620403
3909,0,0.0007018184657573,0.0007573860000070084,0.00036293831812157426
3910,0,0.0009255407717405,0.0008684702877887773,0.0008541502441664446
3911,0,0.0004486077898218,0.0005305342114436957,0.00043095781631648857
3912,0,0.004149212721229,0.004870340802603004,0.003386869202900977
3914,0,0.0008691343465313,0.0009252613906159583,0.0005511361247444317
3916,0,0.0007851124210057,0.0008412394650904084,0.0004467917832049743
3917,0,0.0008903675859144,0.0009507504796893583,0.0005631283483113794
3918,0,0.0007352164237422,0.0007955993175171584,0.0004079771861391794
3919,0,0.0077945593721584,0.0078478278975169,0.006924466265534198
3920,0,0.0004023028354322,0.0003670063258431256,0.00028903896915237525
3922,0,0.0005275979755903,0.0005086146945147071,0.00044147098512465255
3923,0,0.0005903427439069,0.000526763598170309,0.0004620350710126905
3924,0,0.00101575254194,0.0009804560323509756,0.0008875104149120773
3925,0,0.0012752617715874,0.0013308293058371084,0.0009610770949658344
3926,0,0.0020077992076495,0.0020687348210207085,0.0016921452266946441
3927,0,0.0005775806468122,0.0007420278713240754,0.0004101591957350299
3928,0,0.0019084496562582,0.0019640171905079083,0.0015770429364974298
3929,1,0.7320981795489372,0.70477907108492,0.7302894669680373
3931,0,0.0013519005730778,0.0014092625159989132,0.0013303609563100503
3932,0,0.0037401761307736,0.0037975380736947634,0.0037186365140059003
3933,0,0.0020655142626907,0.002032389910055967,0.0020499759884177802
3934,0,0.0009392291716333,0.0010122886391865141,0.0007563173808619561
3935,0,0.0012195562437539,0.0013054335496451002,0.0011904443365218082
3936,1,0.8392843026190958,0.7847824648738515,0.9123027226682526
3937,0,0.0015484985325018,0.0016058604754229132,0.0015553593728813387
3938,0,0.0016679805761053,0.001824729114569622,0.0016936920644415733
3939,0,0.0006930442069992,0.0006100889634801796,0.0006279258416120196
3941,0,0.0246232419671863,0.024248264311053352,0.023206106711906583
3942,0,0.0052253805303514,0.005286884464123435,0.005246330246361132
3943,0,0.0098723980980504,0.010737109447598809,0.01023435782984345
3946,0,0.0004896597344701,0.0006492218793375572,0.00032709423907881685
3947,0,0.001004127808108,0.0009688312985189756,0.0008861834747978015
3948,0,0.0004130404110333,0.0004963460726509107,0.00039682365160836127
3950,0,0.001578959738979,0.0015498715320474787,0.0011584692551555313
3951,0,0.0005745280050145,0.0006300955392642084,0.0002549061758130544
3953,0,0.0004816226230949,0.0005311762756747031,0.0004409217999864839
3954,0,0.0013206484684063,0.0014111197131525133,0.0012766984474952706
3955,0,0.0007963603015907,0.0010512557155551517,0.0007093984793300797
3956,0,0.000679615520173,0.0006332101244582508,0.0005043773457543931
3957,0,0.0006255596436287,0.0007160308883749132,0.0005816096227176705
3958,0,0.0005715861400943,0.0005579597153224055,0.00043197362716852934
3959,0,0.00771150361184,0.0071242164898971385,0.006537670437375101
3960,0,0.0004844312167308,0.0006439933615982071,0.0003175262489491917
3961,0,0.0037768474875191,0.003724385662949027,0.0032202089202099434
3962,0,0.0003452036657864,0.0003099071561973256,0.00022429720672909354
3963,0,0.000509876058461,0.0004767517058263168,0.00039628277057663546
3964,0,0.0005888338109194,0.0006875390426057631,0.0005483624311099597
3965,0,0.0003716648930686,0.0005448828594906571,0.00021841574684164171
3966,0,0.0004842102403714,0.0005852859148802642,0.00028697827947109743
3967,0,0.0004102938868828,0.0005782508282451533,0.00023986891398609171
3968,0,0.0010589071701069,0.0010421623309545447,0.0006793681316284085
3969,0,0.002331752475743,0.0026433621981334626,0.002162066048287009
3970,0,0.000730945041583,0.0007865125758327084,0.0004081119028278007
3971,0,0.0093187530624459,0.009922356396096958,0.008507059869033275
3972,0,0.0005322183313439,0.0005877858655935584,0.0002062188370794731
3973,0,0.0004666613104662,0.0006262234553336571,0.0002994489992063725
3974,0,0.0005049406240355,0.0005954118687816632,0.0004562352572858598
3975,0,0.0007370056750161,0.0007925732092657583,0.0004141725362608507
3976,0,0.0010535836555722,0.001034600374496657,0.0009326771965149436
3978,0,0.0005739112493488,0.0007334733942162572,0.0004070062815672417
3979,0,0.004169197548844,0.003963247520079627,0.0034889356102649097
3980,0,0.0013114107342599,0.0015037069622887416,0.0010222776179939959
3981,0,0.010708621262025,0.011203074672368918,0.010110447167342307
3982,0,0.0006260672386032,0.0007779649815135411,0.00047232070916633094
3983,0,0.0009737680371537,0.0009052199591646316,0.0007405819700794324
3984,0,0.0027787297862425,0.002968512225410948,0.002317528833279286
3986,0,0.0029526612472728,0.003090751467111589,0.0024360265613700472
3988,0,0.0012244100714486,0.0014167062994774916,0.0009444638042036334
3989,0,0.0005424183915418,0.0006328896362880131,0.0004995583392360394
3990,0,0.0006477295735514,0.0007032971078010584,0.00030884942591562426
3991,0,0.0006855684434026,0.0007416954874873084,0.0003675702216157817
3992,0,0.0004095280287554,0.0003742315191663756,0.0003019683534047138
3994,0,0.0084643932177861,0.009401725967666958,0.007578019519222517
3995,0,0.0014353234682005,0.001658674916359298,0.0009312111226674437
3997,0,0.0009288359498097,0.0010161898736700643,0.0007982423573278286
3998,0,0.00337616116733,0.0032645044524192363,0.0027162510225604624
3999,0,0.0006085652185468,0.0006959191424071641,0.00043934713408638076
4000,0,0.0024374746763862,0.002679619079521389,0.0023798397484314825
4001,0,0.002029884556666,0.002419066719773574,0.0017833393696791821
4002,0,0.0005878360101097,0.0006751899339700641,0.00039995047122871907
4004,0,0.0006759371118455,0.0007664083565917131,0.0006646748639951695
4005,0,0.0108783083128317,0.011920757262874107,0.009678580075468464
4006,0,0.0012591123005236,0.0011703668524782385,0.0009594617305386493
4007,0,0.0009144026958929,0.001100048536489439,0.000646595828158917
4009,0,0.0012028421296557,0.0012584096639054083,0.0008886574530341343
4010,0,0.0007006895124554,0.0008651367369672254,0.0006979870858128422
4011,0,0.0007891022180714,0.0008583865007364642,0.0006202361684755917
4013,0,0.0070724430030465,0.0070754872651932164,0.005964029679537764
4014,0,0.0016355333827132,0.0017276543935811643,0.0016242571206164283
4015,0,0.0009463503780171,0.0010072859913883084,0.0006401905850935476
4016,0,0.0032389900347469,0.0033988378112853666,0.0033432996737490024
4017,0,0.0014980997378852,0.0016007329295983988,0.001636600083317757
4018,0,0.0031568698374401,0.0031237454848053667,0.003127177796164863
4020,0,0.0023794095679963,0.002561773794702925,0.0024834278469825014
4021,0,0.0099590683209693,0.009727416407530725,0.00919227286693935
4022,0,0.002957565200378,0.003117412976916517,0.003001964072083507
4023,0,0.0196368636701203,0.03364021353863557,0.016736311091412683
4024,0,0.064112339326249,0.07941123748351453,0.07257827895344654
4025,1,0.9373470519406344,0.93376104281273,0.9418967592515872
4026,0,0.0324983357440452,0.030741827304121026,0.018513677336427854
4027,0,0.0483459932649693,0.06996994229584358,0.041087709927511123
4028,0,0.1149470696647282,0.11123045793482768,0.1405135252260094
4029,0,0.0295008266559829,0.031000323743134096,0.028330284385003495
4030,0,0.5841304584066741,0.5976386494964401,0.42471015149309177
4032,0,0.0604714127111664,0.0623539011995404,0.057233856925146015
4033,1,0.9738961561180643,0.9730578840328219,0.9737820089049042
4035,1,0.0505480129978891,0.05513046346676532,0.04745274603874875
4036,0,0.0005580457860843,0.0006611210769374549,0.000492840584866077
4037,0,0.0090139334065287,0.009001866982884498,0.009913377117108595
4039,0,0.0005674451685869,0.0006685208430957641,0.00043994655380392663
4040,0,0.0012014907492541,0.0013589596909589679,0.0010355801673019118
4041,0,0.0007508725774543,0.001147505216225972,0.0008435882747083524
4043,0,0.000743789527699,0.000724806246623457,0.000631372471443862
4044,0,0.0108190480691362,0.010872472553583756,0.010611742267405255
4045,1,0.0009597162552799,0.0009229727620865508,0.0007358953120639681
4046,0,0.0016437316467972,0.0015489228311644085,0.0011925531380609377
4047,0,0.0008868237566239,0.0008500802634305007,0.0006539572594095339
4048,0,0.0010247684068894,0.0010080235677369948,0.000614618241696875
4049,1,0.9228005093932432,0.9188401084149187,0.9263207521854345
4050,0,0.0007450204134786,0.0007949285681354585,0.0004280886117629161
4051,0,0.0027818992371458,0.002761287262877379,0.002585848988617934
4052,0,0.0052065901473873,0.00544108529762434,0.004634384486154765
4053,0,0.0006669831839819,0.000824452125686768,0.0005017741864442229
4054,0,0.0035489427726172,0.0036898939399385372,0.003692961390347016
4055,0,0.0009196600292616,0.0010795078058001167,0.0009803344946972842
4056,0,0.0007088857548066,0.0007650127988912584,0.0004006917682525813
4058,0,0.000930695773928,0.0010905435504665166,0.0009833453224934853
4060,0,0.0007221886051498,0.000916083870393789,0.0005163063198882645
4061,0,0.017694426493271,0.01907098560560946,0.01740363627631924
4062,0,0.0008539665281321,0.0009725797330372085,0.0008116808054032871
4063,0,0.0008487718604069,0.0011126237134570526,0.0006824139993965323
4064,0,0.0016262384028652,0.0017448516077703585,0.001583952680136437
4065,0,0.0030585570418857,0.0029671402497913448,0.002804791851519822
4066,0,0.0007618775319716,0.000919346473676468,0.0005923705265196519
4067,0,0.0051558374477721,0.005349732713016139,0.005014423185953206
4068,0,0.0055264908983672,0.005768635301502388,0.005152283165162483
4072,1,0.9752119974214278,0.9732014390117963,0.9758240637801975
4073,0,0.0005464407419119,0.0006541216922053641,0.0004019141828850041
4074,0,0.0056890027759718,0.00590383346562977,0.0052597086294926005
4075,0,0.001083142077455,0.0011330502321118584,0.0007317246925403314
4076,0,0.0021918493494561,0.0029348272718088446,0.0008350399018391272
4077,0,0.001057661741983,0.0012217097070506761,0.0006954542599948206
4078,0,0.0044563081103213,0.005770210976571738,0.003146421681585503
4079,1,0.2985259631171796,0.30250020438216646,0.23501118204973026
4080,0,0.0017642303323807,0.0027829062341573735,0.0015447252457282642
4081,1,0.941617650570798,0.9318431789029156,0.949572188771812
4082,1,0.9485612343449772,0.9321936808170707,0.9553024610759546
4083,0,0.0019953994157801,0.0041259099138195995,0.0012852341057655323
4084,0,0.0015317848906425,0.002911528969020272,0.001182059382346067
4085,0,0.0019344485253241,0.004064959023363599,0.0012242832153095322
4086,0,0.0016259275235938,0.005111957001827474,0.0009058753627200423
4087,0,0.0022764748710197,0.003812590527542463,0.00130045179068668
4088,1,0.8872660880112135,0.8681559109669807,0.8858593342352942
4089,0,0.0010671707572621,0.0012312187223297761,0.0007108867886350035
4090,0,0.0027660584223546,0.004378190110594512,0.0020106497732843335
4091,0,0.002803640085735,0.0038223159875116737,0.0028375576661929915
4092,0,0.002353677718544,0.0037292648286496068,0.0011985182098744227
4093,0,0.0019633130147653,0.0033411093298581565,0.0007882379862211753
4094,0,0.0021258877484997,0.003505631826877472,0.001828713888277673
4095,0,0.0015981073898469,0.002785840057507271,0.0013018210005487985
4097,1,0.9175786649467522,0.9052795007764722,0.9247132991259974
4099,0,0.0023497638085486,0.0037465471944635067,0.0011889079256797925
4100,0,0.0049329994197503,0.006542037284587493,0.004572550344172238
4101,0,0.0027562378559636,0.004134034171056457,0.0016287117449032308
4102,0,0.0039927777614109,0.005262520185393453,0.0036515965281690367
4103,0,0.0062862998427173,0.007908613315692483,0.004895431410757363
4104,0,0.0035389309881727,0.005161244461147933,0.00211657739019797
4105,0,0.031655559523023,0.039416109297875715,0.024880484996255003
4106,0,0.0015818128689681,0.0016642287680445913,0.001331482967974011
4107,0,0.0134760964144704,0.01549772608569239,0.012259713418894449
4108,0,0.0022750527242497,0.0036718361101646065,0.0011140602187814906
4109,0,0.0017121801433837,0.0031349191693981903,0.0008360483123257072
4112,0,0.0055605666016038,0.00622912696685007,0.004203963894938592
4113,0,0.0028390660312593,0.0028385029324685587,0.003186251726343959
4114,0,0.1632985891012511,0.2514656853216949,0.13164994292569748
4115,0,0.1744743047056926,0.18800541166189444,0.1349002748058212
4116,0,0.2381476271748952,0.21829056712343387,0.24100816053222418
4117,0,0.3575099351913824,0.5554819719171663,0.48812554253910256
4118,1,0.9603123835439212,0.9615309310390285,0.9562897541587637
4119,0,0.9106993494803538,0.8949614561894271,0.8884388992250535
4120,1,0.7794388063260324,0.5900938910428938,0.6009051871147929
4121,1,0.6017405511650262,0.7050272552626398,0.6762502942027333
4122,1,0.5215026298255092,0.6435114406239392,0.6222242377537062
4123,0,0.0040267581790044,0.005340661045254788,0.002837482284046164
4124,0,0.0056130264503644,0.007798532387006349,0.0048726296525046665
4126,0,0.0051345692059515,0.006584064961731841,0.0033030024759335957
4127,0,0.0020303715574394,0.0021130073383357206,0.0023560801855518664
4128,0,0.0056748133990084,0.0037338966732485615,0.0042270098785676
4129,0,0.001587191858006,0.0028569342819885026,0.001161541954977364
4130,0,0.0012176062224833,0.002405338890143671,0.0008138861500758625
4131,1,0.9364075752293328,0.9262426085611606,0.9384298718746681
4132,0,0.0048795222333378,0.00789542297454207,0.0038788591371549724
4133,0,0.0335982508004331,0.0334906831801122,0.028346941880943863
4134,0,0.0009689705092849,0.0014427566411147831,0.001062236347817073
4135,0,0.0020109758978008,0.0033887722128936567,0.0008288141453657307
4136,0,0.0018475084259826,0.0020599432570412857,0.002226702179870583
4138,0,0.0535983518728562,0.05210026121695922,0.04177432523627247
4140,0,0.0013713479196984,0.0022265975572250338,0.0012428730314430285
4141,1,0.926071096727068,0.9172889113555239,0.9283667618424237
4143,0,0.0065905071734687,0.008329389973166977,0.0038629250614909127
4144,0,0.0022573394152589,0.003529360888368098,0.001901315855480932
4145,0,0.0009827878738453,0.0010530978892238317,0.0358348406832917
4146,0,0.0048599221728701,0.0064689600377073435,0.004442201203685452
4147,0,0.0017306357617996,0.0039161416984415,0.0010108233951921092
4150,0,0.0021862111736741,0.004398193659207349,0.0014928753559579591
4151,0,0.0018390200435557,0.003214607153661257,0.0006617358100242753
4152,1,0.9359820845283584,0.9165846904729624,0.9490537770387522
4153,0,0.0271465796285617,0.03380278009223269,0.019771389745758965
4154,1,0.9553454126015496,0.9384521053684672,0.9701161474560747
4155,0,0.000944324175827,0.004053442078772721,0.00147436280430963
4156,1,0.8714576981774367,0.8523475211332038,0.8814247055185374
4157,0,0.0015081226717581,0.002777865095740603,0.0010492080748680556
4158,1,0.9569873015998378,0.9414791760042438,0.9682477185740779
4160,0,0.0019629816204501,0.0035889441549495633,0.0011117937742533951
4161,0,0.0011112713226283,0.002299003990288721,0.0007308191700226214
4163,0,0.0021547010570038,0.0035324973720967066,0.0009797643814194973
4164,0,0.0019319703984172,0.0033097667135101065,0.0007570337228328972
4165,1,0.9416374640848272,0.9283864553427551,0.9508866255252141
4166,0,0.0020066126889533,0.0033863567673310217,0.001656887180656817
4167,0,0.0108699739880863,0.01375455412515007,0.009744052241761062
4168,0,0.0025193362204874,0.0038096908939325553,0.002206477202241676
4169,0,0.0030501353438877,0.006507043411041338,0.0020207693566644614
4170,0,0.0013478363271699,0.002727580405547622,0.0009723566395395447
4171,1,0.944988170778332,0.9322958625023473,0.9598847956867238
4172,0,0.0021568887398451,0.0031755646416217736,0.0019590801307275128
4173,0,0.0492661791480187,0.05394959296245744,0.04038909609314406
4175,0,0.002739583852774,0.004284209807375272,0.001504823329342488
4176,0,0.0017947334743021,0.002997487563309794,0.0016473821598636139
4177,0,0.0027985023595057,0.004324114556613072,0.0016321555867463919
4178,0,0.0027452770610515,0.004166674547476122,0.0014465690823095203
4179,0,0.0025329656048638,0.004720082238127399,0.0019724973182599667
4181,0,0.0011128361910634,0.004221954094009122,0.0015670250135649633
4182,0,0.0033759767915448,0.004901588988652172,0.002209630018785492
4183,1,0.9536834236609312,0.9366383216533436,0.9662065139387438
4185,1,0.9429550641244118,0.9259099621168243,0.9529513867826921
4186,1,0.9519592738027388,0.9362810747098174,0.9576929584087153
4187,0,0.0021407089527522,0.0030431960344091194,0.0019747454021432423
4188,0,0.0022189841789631,0.003844946713462513,0.001277161175401611
4190,0,0.001982226381783,0.003435177453962316,0.001706349735664644
4191,0,0.0176586717695348,0.017119073796526108,0.006957742114264583
4192,0,0.4376497122313245,0.46496739926396646,0.4288224072369573
4194,0,0.0007289802756534,0.0007893631694284084,0.0003969823875580707
4195,0,0.013118169271424,0.015127062595626312,0.01126008448693718
4197,0,0.0035054431339505,0.0056198055225751,0.0038488525802978747
4198,0,0.0029482502677151,0.0038615506745338247,0.0016188741815431904
4199,0,0.0027215747912085,0.0026848312980151507,0.002480417961201771
4200,0,0.0030565295605043,0.0039492818594513745,0.0017118964900573216
4201,0,0.0083257343984848,0.010916069217010415,0.003956973275020313
4202,0,0.1489954228929788,0.10810805778542251,0.05860748022338741
4203,0,0.0401950997405089,0.027876596040440224,0.030211464638477084
4205,0,0.0617566890911063,0.06017024774334581,0.06562987952732571
4206,0,0.0343810476745727,0.04228381343582677,0.024680865871774947
4208,1,0.0363341954994034,0.04431834524748557,0.02767480842437985
4209,0,0.0028185598308377,0.0028015383720494174,0.003150254706109245
4210,0,0.0306398441354254,0.02914636043879658,0.039116132175564686
4211,0,0.000595184996497,0.0006450931511539084,0.00030156461494671084
4212,1,0.2444258409153946,0.2506130867349495,0.19615478249226548
4214,0,0.0014118611420991,0.0013750634837093674,0.0014694013449868893
4216,0,0.002190358093627,0.0021680957899703167,0.002119389643122594
4217,0,0.034558562972446,0.034667338133287005,0.03492385372896397
4218,0,0.0013051503203733,0.001474271966393968,0.0011336574586225336
4220,0,0.0005439402656728,0.0007988356796373015,0.000475288709995505
4221,0,0.0713035399403884,0.07339258645111166,0.06965948028908109
4222,0,0.0006907444377205,0.0007186280698489953,0.0003558953636981525
4223,0,0.0017156013386456,0.0018925307448336998,0.001950557221468289
4226,1,0.2490429056990802,0.24429082531809793,0.24313644616342484
4228,0,0.0578859859439426,0.054452484767036735,0.05362177050363793
4229,0,0.0019148654857486,0.002206244549129978,0.0022253253575587393
4231,0,0.0011361392739953,0.0013432240222554879,0.0012243500103818025
4232,0,0.4812901666051689,0.4603666506556052,0.3507680072095192
4233,0,0.0006110865796279,0.000780208225648518,0.00043845202186165597
4234,0,0.0306842707272873,0.03199811209643446,0.03245140315867289
4235,0,0.0004728417788888,0.00045385849781325716,0.0003555350757428583
4236,0,0.0036396688602297,0.0032140365422528537,0.0023017552439238828
4238,0,0.0006431348033387,0.0006992618474234084,0.00031340094947182384
4240,0,0.0007763434303649,0.0010401952834150027,0.0005782753498190292
4242,0,0.0086324839202837,0.008951928230131332,0.03930090496095769
4243,0,0.0019699452623787,0.003510358079783312,0.0010961339428000602
4244,0,0.0141622331938494,0.01596193256844914,0.009510801605878777
4245,0,0.0023789849287622,0.004076969375044741,0.0013831819948941263
4246,0,0.003229338237223,0.00492732268350559,0.0022154562550981936
4247,0,0.0017286171736876,0.003914123110329499,0.0010235393150402076
4248,1,0.9610475871767302,0.9500812677184345,0.9677323785522686
4249,0,0.0024003166236623,0.003947961099294372,0.0012387771001568936
4250,1,0.95475980661933,0.9353424589975958,0.9667293416565603
4252,1,0.9557599088064764,0.940273165036833,0.967893282658957
4254,1,0.9474732338307844,0.9292059306399292,0.9576570419751886
4256,0,0.0438304232691898,0.041795100055095194,0.03809802344447969
4259,1,0.9400196044830338,0.941505023456394,0.9573186522881574
4260,0,0.0019832778907898,0.0040855077132365995,0.0011621008921695818
4261,0,0.011280159001864,0.014393392690221935,0.00721175373214664
4262,0,0.0007083080820578,0.0008491527525437004,0.0009246281370663747
4263,0,0.0018493617471919,0.005335391225425525,0.0011198892542629867
4264,0,0.0021487096189493,0.003715101696890472,0.0009391617135115979
4265,0,0.0030131815532073,0.00511541137565405,0.002564249607840241
4267,0,0.0058179920632699,0.011278672014795255,0.0041170632043661904
4268,0,0.0053837772753625,0.006892098202496664,0.004217251262527769
4269,0,0.0024692649252793,0.003944477631919071,0.0012986281209418017
4270,0,0.002262562245484,0.0034066405144091427,0.0022673721368471093
4271,1,0.9586076516330252,0.9480204388034905,0.9701571374284059
4273,0,0.0013993227018486,0.002852273774027866,0.0010318567176483904
4274,0,0.0020909760045335,0.00425106539207435,0.0013549620240673266
4275,0,0.0090800634150126,0.011715956772272532,0.003910266321430005
4276,0,0.0026593133244,0.004034900434505557,0.0014851788333687
4277,0,0.009549907737033,0.009682397220096527,0.008432546951207277
4278,0,0.0016622388450759,0.0024905219416162016,0.0013150998448320343
4280,1,0.9137398042530868,0.9063557016815482,0.9258467249645299
4281,0,0.0032128078956197,0.006782157929729488,0.002279403602394976
4282,0,0.0025214332961377,0.0035401091979143737,0.0024428879203399682
4283,1,0.880698519347147,0.8714278956777209,0.8955956649279897
4284,1,0.921129703995248,0.9269974814150874,0.8405081833784063
4285,0,0.0048008789680297,0.0060729004411388485,0.004590907792394444
4287,0,0.023398390093978,0.02437870391761414,0.020951852548074877
4288,0,0.0022188396226396,0.0035985837010173716,0.0018681739095578417
4289,0,0.0237592452837821,0.02025939705056451,0.016940247306015697
4290,0,0.0029664980587724,0.006258780932126675,0.00539053124064738
4291,0,0.0023853626010879,0.0032406122386144836,0.0023922271197701806
4292,0,0.0678237697357716,0.10195301067818693,0.0575512419989936
4294,0,0.3192531285348253,0.25493995055395124,0.24642120994190542
4295,0,0.0159146145603188,0.01869651027383303,0.016696535617413744
4296,0,0.0281546360947571,0.031790094364349056,0.023879107688619026
4297,1,0.7627227711724228,0.7675811328154312,0.7115279140590578
4298,0,0.0311334864023494,0.03233391052562494,0.019563509260063457
4299,0,0.0166565770367821,0.02193472563704662,0.011550005780918866
4300,0,0.0217214210478316,0.02946169859243149,0.015384091217781896
4302,0,0.0126321603375009,0.013863249232194053,0.011512285416046757
4303,0,0.0860980176750368,0.08740542626370434,0.08648438569851481
4304,0,0.0193949749761476,0.02605117543981854,0.012169928700997812
4306,0,0.0027036498138926,0.0039733922378751025,0.002277999910863964
4307,0,0.0019057073557001,0.005339988888747724,0.0011126934600199983
4308,1,0.8787986746623725,0.8786259235786389,0.8911950726549114
4309,0,0.0093711705334337,0.01230650864316022,0.008289944805773122
4310,0,0.0010336694275027,0.001197717392570426,0.0006437434346087604
4311,0,0.0019720133572974,0.0027174126266466944,0.0006110504621326142
4312,0,0.0027082651761064,0.0028723131411740764,0.0023183391832124105
4313,0,0.0040215816407683,0.00444764891580181,0.0032607653817843685
4315,0,0.0003343743257043,0.0002965497329491521,0.00022247146416404844
4316,0,0.0026096564414659,0.0027456475188306073,0.0026354417491972985
4317,0,0.0013561265609897,0.002904389739334808,0.000590826007332578
4318,0,0.0164356830499965,0.02551436161047914,0.010769374377207432
4320,0,0.0102648973349932,0.01247213939371782,0.008654935974409441
4321,0,0.0076513546315439,0.009461058379472271,0.005827647553843629
4322,0,0.0018591232347458,0.003236919549838657,0.0006769614823107308
4323,0,0.0069053216305699,0.008644204430268126,0.004224599157893406
4324,1,0.8854502137587548,0.8651003337155497,0.8878426162080266
4325,0,0.0020638206493451,0.0037618050956276907,0.0010346842044720046
4328,0,0.0025121344368243,0.0061390273933876445,0.0014587786032393022
4329,1,0.8716918186358773,0.8643885923224282,0.8643678847306091
4330,0,0.0023924996951614,0.0031609230483488565,0.0022095230866909423
4331,0,0.0023996729555167,0.0037794170338944218,0.0019959528831092624
4332,0,0.0017776693285513,0.004024139256666199,0.0011076532749630258
4333,0,0.003421935996104,0.0047975231062095565,0.0022218585007022164
4334,0,0.0010917441103172,0.002279476777977571,0.0006880240379097625
4335,0,0.0023709268456845,0.0039037567007175825,0.0010826261395498508
4336,0,0.0021888913991792,0.0038321306894638324,0.001011000128296101
4337,0,0.0279451609090262,0.036417675468193536,0.022127490474678463
4338,0,0.0080562745885311,0.011378286771729083,0.0029573091157533826
4339,0,0.0151660427378886,0.011460817118124468,0.008791854104414668
4340,0,0.0055870849270974,0.00847166506416122,0.004490456777404806
4342,0,0.010332367614239,0.019120124291147393,0.008764326705542055
4343,1,0.992365936540876,0.9923682381663731,0.9923420588341771
4344,0,0.0028288783899638,0.004931108212410549,0.00203301740412437
4345,0,0.0295594963068959,0.025274920391662167,0.02241952152957734
4346,0,0.0032257132469696,0.004758543102002683,0.0020111408521465736
4347,0,0.003428179882692,0.0048059761977849065,0.0022303115922775664
4348,0,0.0009542334089131,0.001551997674022061,0.001288529631365445
4349,0,0.0069656407353888,0.008623710355798153,0.005382648463882418
4350,0,0.0021852091745506,0.0036604218811903213,0.0010515200615625133
4351,0,0.0025502959988783,0.003925883108983907,0.0013951364902087225
4352,0,0.0091963337149575,0.013982355123499067,0.0037245617685337327
4353,0,0.0098288355717279,0.014614856980269517,0.004357063625304183
4354,1,0.8273460929591081,0.8278015143547823,0.8276001974351666
4355,0,0.0329174242663274,0.03534016410528824,0.03210390567918564
4356,1,0.9120803504407042,0.9000471950666221,0.9193970258209045
4357,0,0.0021683150181618,0.0035650984040767565,0.0010074591352930424
4358,0,0.0316786348938762,0.02798041583945454,0.02461141316378882
4359,0,0.0010460843635128,0.002233817031173221,0.0006707728987692977
4360,0,0.0051227527478213,0.0063947742209304985,0.004918347225541034
4361,0,0.0020566683793335,0.004157209441519799,0.0012630503238893046
4363,0,0.0068352472284808,0.008375702035246122,0.005479400531280841
4364,0,0.0030094733878411,0.004387269702934007,0.0018345367122567973
4365,0,0.0026835927511433,0.003153561826562683,0.0028558337260514086
4366,0,0.0088607869165177,0.009777958313918271,0.010756931298949331
4369,0,0.0048242745585171,0.008187358013719994,0.0035403769012441622
4370,0,0.0027661156125738,0.004143911927666707,0.0016131653088915226
4372,0,0.0046731690936169,0.00543321830357638,0.004338043142558815
4373,0,0.0158826826076683,0.021657797114744422,0.012084750169852313
4374,0,0.0077574380389501,0.00910426977903945,0.0052416771784687816
4375,0,0.0168756510707432,0.018833062705759435,0.011009904596064147
4376,0,0.2196124386104723,0.22175021036637138,0.12237484320772773
4377,0,0.0160159302771392,0.019677802772559032,0.011122501792784715
4378,0,0.3362367152792181,0.2018478473220603,0.24610799029101726
4380,0,0.2541730050311831,0.25308114235966356,0.15275291829948867
4381,0,0.6707005274709885,0.4639754145913272,0.3910392466176403
4382,0,0.0401294955296402,0.05131786786601407,0.03403021884897888
4383,0,0.0823144178082172,0.08803421545237713,0.0683733002524924
4384,1,0.9907565623072456,0.9908272727513362,0.9904426071434999
4386,1,0.1466482070560184,0.09084022715051088,0.0793987432090977
4387,0,0.0037455926571388,0.0059569094926585995,0.003020299156157223
4388,0,0.0047074465680556,0.006083033678161207,0.003758036701421371
4389,0,0.0041397062732794,0.007625735751513075,0.0033708441958646166
4390,1,0.9223578195803142,0.9024501770441388,0.9318096545904667
4391,0,0.0073268618381649,0.01332511235113111,0.006338172874057226
4392,1,0.9464256665558284,0.9295259924870074,0.9612203853335624
4393,0,0.0047918776840192,0.006400915548856443,0.004323586183023231
4394,0,0.0032397532780361,0.004606175241917071,0.002030611835223986
4395,0,0.0117609269863819,0.012992015881075103,0.010012070719787203
4396,0,0.0028518389820605,0.0050373449187024,0.0021007345822010234
4397,0,0.0359757170673057,0.04387360214357448,0.028334708921834283
4398,0,0.0016882758105273,0.0038737817471691995,0.0009371714106678232
4399,0,0.0036249577096399,0.0051577875646729825,0.0024103853148168737
4401,1,0.9296636247403844,0.9169713164643998,0.9440279907829084
4402,0,0.0028815317585173,0.005067037695159199,0.002130427358657823
4403,0,0.002195291813556,0.003570878923661607,0.0010001779777363015
4405,0,0.0075728817213319,0.009181919586169143,0.007128297609192864
4406,1,0.9196647230518604,0.901568147240716,0.9305396549899796
4407,1,0.9521604441281224,0.9340638683169781,0.9631740542403888
4408,0,0.0350525816674412,0.04279285921204104,0.028901996331679412
4409,0,0.0025918049520744,0.0037915230030723143,0.0014922076363336608
4410,1,0.9319225748987274,0.919230266622743,0.9449772663957154
4411,0,0.00247125157885,0.0038468386889556065,0.0012761377430303015
4412,0,0.0013743704996724,0.002229620137198984,0.001276072452929464
4413,0,0.0031688686168537,0.004544455726959306,0.0019737547810340017
4414,0,0.0529419922919993,0.053725723294246575,0.051914468539030874
4417,0,0.0011510506135858,0.002530794691963522,0.0007705984609800713
4418,1,0.998044952202726,0.9980476344338879,0.9980224200582279
4419,0,0.0010529253386941,0.0022406580063544707,0.0006492052662866626
4420,1,0.9460766174278834,0.9481390092330635,0.9290165548903335
4421,0,0.0045216126777203,0.005721330728718214,0.003422015361979561
4422,1,0.9698030654234452,0.9693833496692303,0.971131460589979
4423,0,0.0046060696172725,0.005405118786178453,0.0036670313185531516
4424,0,0.0063311869231624,0.007706774033268006,0.005136073087342701
4425,0,0.0021269807611028,0.002982230398629434,0.0020504967884358762
4426,0,0.0022888329004926,0.0036644200105982066,0.0011093616658331223
4428,1,0.2125110093514151,0.11575537201448106,0.14367042899273658
4429,0,0.0015507245988975,0.0025694005006741735,0.0013312195122450643
4430,0,0.0024161194387655,0.0038913321454052212,0.0013383735926079236
4431,0,0.0022740795984902,0.003749292305129971,0.0011506694135456127
4432,0,0.0198885758952057,0.02059753869664829,0.018602605446340768
4433,0,0.0037827455484908,0.005391783413327992,0.003370555437562825
4434,0,0.0093881980328059,0.01045333162193424,0.007155094141339897
4436,1,0.9329324131260353,0.9231579414581526,0.9427361623462354
4437,0,0.0026068461159362,0.0035370012180657136,0.002402440593655934
4438,0,0.0013508275834667,0.002538560251127121,0.0010236479565839313
4439,0,0.0336044339203381,0.03831767691166132,0.03247088969819142
4440,0,0.0461547553357933,0.05449763840213996,0.03967256464074854
4441,0,0.012421443725143,0.015057337082402983,0.0072516466315604555
4443,0,0.0020503941468042,0.0034449950144037067,0.0008696125209036153
4444,0,0.0527199045419191,0.047892027535868444,0.04565268281183173
4445,0,0.0036685006350863,0.0044675498039922525,0.0028554975786201104
4446,0,0.0022531184350674,0.0036146189151116,0.0011549654239617273
4447,0,0.0016696471307616,0.0025549746631583236,0.0016938199801507688
4448,0,0.004483177557726,0.006016007412759032,0.0032686051629029237
4449,1,0.9429257563690716,0.9289435315192383,0.9540123847394661
4451,0,0.0013883685331252,0.0027681126115029217,0.0010538555209644762
4452,0,0.0059237786265499,0.007195800099659047,0.005751839759934868
4453,0,0.0093478791003504,0.01143360329918375,0.008929261769058068
4455,0,0.0357004300593305,0.05718608337935434,0.0263801913230991
4456,0,0.0041861190626531,0.005563915377745957,0.0030141937766091
4457,0,0.0097264102892815,0.01058379579790562,0.011553133612661384
4458,0,0.003895593908031,0.005273390223123907,0.0027236686219870502
4459,0,0.0107057897465804,0.011472162128891976,0.009588640066001955
4460,0,0.0027501009382471,0.004175881168158821,0.0014102916182043108
4461,0,0.0014113405007696,0.0020373388868672945,0.0010937283433969463
4463,1,0.9911586419790324,0.991213669903743,0.9911856448966647
4464,0,0.0037876178452399,0.004436235176525732,0.003346469931146595
4465,0,0.0027710150925915,0.003626264730118134,0.002813123196576437
4467,0,0.0438841675577229,0.04296129568703464,0.0407835157195405
4468,0,0.0776176059991433,0.08565153243902918,0.0768215655627143
4470,1,0.0211238728900432,0.02493667205614969,0.017631739909339094
4471,0,0.0025204908204732,0.003886912784354171,0.0013858965544530908
4472,0,0.0039375243134458,0.004007834328824282,0.004112096802964242
4475,0,0.0025528651950304,0.0039284523051360066,0.0013740517792146477
4478,0,0.0015739268532293,0.0024592543856260234,0.0014465810845772273
4479,0,0.0049258855635398,0.006301472673645357,0.003747072147723998
4480,0,0.004888891596933,0.006088609647930864,0.003813017283563293
4481,1,0.9428819720341928,0.9259822979653718,0.954487082841267
4482,0,0.0011668673687056,0.002546611447083372,0.0007631472962982126
4484,0,0.0035360391254717,0.004915783203849422,0.0031323190530642623
4485,0,0.002509360731468,0.003781382204577198,0.0022094442428536535
4486,0,0.0024753176804813,0.0037338831979458003,0.0014164928872103552
4487,0,0.0028510716596747,0.00415446738291104,0.0016507943842809607
4488,0,0.005086099354229,0.0059460066202160705,0.002903957813200947
4489,0,0.0033307832806839,0.004863613135716933,0.0021162108858608234
4490,0,0.0027279334049807,0.004103520515086257,0.0015328195691609516
4491,0,0.0017734259436073,0.003043168367589853,0.0012950712994125773
4493,0,0.0384972164426619,0.045153416906332844,0.03461414872032671
4495,0,0.0012681183741156,0.0020964014706559516,0.0008685878616028543
4496,1,0.948506927834372,0.9321393743064654,0.9579779887921435
4497,0,0.0023326420076323,0.003807854714272021,0.0012548961614747235
4498,0,0.0016657691396697,0.0038512750763115993,0.0009347890946084258
4499,0,0.001951293467583,0.0028366209999796735,0.0018239476989308774
4500,0,0.0026980780743755,0.0040758743894684065,0.0015051734435431016
4501,0,0.0021198974809314,0.0034954845910369564,0.0009247836451116516
4502,1,0.9546830291371224,0.9352656815153884,0.964292305933957
4505,0,0.0011041375162535,0.002291870183913921,0.0007004174438461126
4506,0,0.0269855891626919,0.03287694464703274,0.018670462195358284
4508,0,0.0020567139105514,0.00341821439059565,0.001000781357878101
4509,0,0.024737801782714,0.03062915726705489,0.015672542352295364
4512,0,0.0013682682050891,0.002748012283466822,0.0009927885174587448
4513,0,0.0346939714252714,0.04058532690961224,0.029904947034393833
4514,0,0.0014761383930122,0.0027458808169947527,0.0009977837488174771
4515,0,0.0009224165612379,0.0037241640138088567,0.0010559497674653355
4516,0,0.0053298817035718,0.011328132216538011,0.004440304964320462
4517,0,0.0020969123230238,0.0041991421454705994,0.00130105133718442
4518,0,0.0026312521640813,0.004628125163435971,0.001713796602809676
4519,0,0.0035980949764224,0.005207132841259643,0.003158577240472458
4520,0,0.0023737562539925,0.0037515525690853565,0.0011808516231600515
4523,0,0.0020195742684869,0.005505603746720524,0.0012707410263351065
4524,0,0.0080108930967844,0.008209930454953128,0.006530428094120227
4525,0,0.0032487546875035,0.004781584542536583,0.0020341822926804734
4527,0,0.0021813213013434,0.004283551123790149,0.00138546031550397
4528,1,0.932430393111276,0.91303299905588,0.9455406230771981
4529,0,0.0028155419415982,0.00497563132913905,0.0020795279611320267
4530,0,0.00123743249686,0.0024251651645204207,0.0008878900207340765
4531,0,0.0019685804677274,0.003240601940836598,0.0017966416011124188
4532,0,0.0032760120582031,0.004808841913236132,0.0019454908936360773
4533,0,0.0124269949130917,0.0205670862904174,0.021511619093520885
4534,1,0.9224402892185186,0.8973183713263022,0.9301518960031286
4535,0,0.003411700350312,0.004808483736226957,0.0022331012427268654
4539,0,0.0026844901716018,0.005992819956433224,0.0018871362152812596
4540,0,0.0020400512749644,0.002895300912491034,0.002082159378949337
4541,0,0.0024203338997719,0.0033056614321686235,0.002412040093495784
4542,0,0.014469287430757,0.016219566584473447,0.011670460492509844
4543,0,0.001957258443635,0.002812508081161634,0.0020563992616800704
4544,0,0.0035980254563452,0.005130855311378232,0.0022268608302352328
4545,1,0.7381795140675742,0.8169761603873142,0.7627149482184101
4548,0,0.0347718557944369,0.03560099594239572,0.03457087969577421
4549,0,0.00156313468493,0.0023231838948894806,0.0012455225275572962
4550,0,0.0031715452886986,0.0052720863508848494,0.002405032025805328
4552,0,0.0126435828574642,0.00959284363618022,0.015867217635679793
4553,0,0.0521378795389779,0.05778447852734238,0.04628106954344982
4554,0,0.0077786202867106,0.007911109769774128,0.006327721303504007
4555,0,0.0024567822001534,0.003931994906793171,0.001375687664675143
4556,0,0.0018458728411313,0.005331902319364925,0.0010770107637164668
4557,1,0.9487945371044948,0.9280723352864895,0.9563801929901213
4558,0,0.0015913361468147,0.0028610785707972528,0.0011656862437861139
4559,1,0.9496945219640676,0.93133134798781,0.9624924863736232
4560,0,0.0100524358367709,0.016539658805118828,0.009104676142305672
4561,0,0.0036804134190917,0.0053067008173411975,0.003566617184237462
4562,0,0.0016322255098967,0.0038442079954299495,0.0009075976589285732
4564,0,0.0031593411220377,0.004500123847185245,0.002696213767007861
4565,0,0.0018564129042639,0.004041918840905799,0.0011053085044044231
4566,1,0.9639821435473244,0.9423770890233594,0.9727364812274057
4567,0,0.0292412098218312,0.03698148736643104,0.022814459432820816
4568,0,0.0087364051026302,0.01071847156018732,0.007070071850668635
4569,0,0.0025058035847615,0.004031415781868872,0.0013180641540562483
4570,0,0.0036519978831408,0.005127210589780572,0.0025681468862550384
4571,1,0.9577787093909896,0.9503431945270768,0.974405406359454
4572,0,0.0022716486696081,0.005992511623644138,0.00159088315621045
4575,0,0.0048482774687853,0.012198606610531803,0.0027699047410632087
4577,0,0.0028723105402062,0.00417570626344254,0.0016609773317128346
4578,0,0.0017163987339014,0.003057181459048995,0.0011881109225283565
4579,0,0.0018275439226754,0.003375188398307522,0.0006393875335314297
4580,1,0.934647416702654,0.9272119018387412,0.9470600082408743
4582,0,0.0015671327877727,0.0037791152733058996,0.0008278592563189099
4583,0,0.0010116127521044,0.0022644250449512368,0.0005647759568839558
4585,0,0.0019204219941513,0.003468066469783372,0.0007322656050072797
4586,0,0.0019042430053261,0.003451887480958222,0.0007160866161821297
4587,0,0.0680155505077181,0.06751033303292717,0.09655692606482733
4588,0,0.0019838960491239,0.002836165718359856,0.0016992786832189532
4591,0,0.0020248373742781,0.003572481849910172,0.0008366809851340797
4592,0,0.0021954508173401,0.0031673451512269197,0.001785997015170499
4593,0,0.0019021462199528,0.003449790695584922,0.0007139898308088297
4595,0,0.0248173804951346,0.03672286867067946,0.022996122027610325
4596,0,0.0019000280263322,0.0033529790985115156,0.0015035179510858997
4597,1,0.9553308289525192,0.935913481330785,0.965705885751549
4598,0,0.0018954423113648,0.003348393383544066,0.0014989322361184498
4599,0,0.0250107353858076,0.03223789678942984,0.01617611028712718
4602,1,0.9416608976601456,0.9222435500384114,0.9542175135577918
4603,0,0.0030273848792349,0.008470413696350581,0.002209197345571283
4604,0,0.0269719048088721,0.026943160141883752,0.024196351070106873
4605,0,0.0013162722672962,0.0026570549924437945,0.0008351914991755605
4607,0,0.0056889343232624,0.00758355996995967,0.003956128820017597
4608,0,0.0013134520840318,0.0026542348091793447,0.0007851642726587065
4610,0,0.0034986644062695,0.005006985333403664,0.002240353285899126
4611,0,0.0338020889536827,0.0410292503573049,0.02460086900066973
4612,1,0.9452972201829072,0.9316799400372149,0.9551682157014927
4614,0,0.0383942874192496,0.04665386872241527,0.03180000492851863
4615,0,0.0020525845437816,0.0041548143662284,0.0012622582323417201
4617,0,0.0015802099614803,0.0025521042953671196,0.0012888688658329742
4618,0,0.0022094400384027,0.003759262795531322,0.0010234619307552296
4619,1,0.9386310606381868,0.9215776411420582,0.9544181291709145
4621,1,0.9526426750443469,0.9374414143227572,0.9624765411729915
4622,1,0.937332163175442,0.9221085145914056,0.9430508065931068
4623,0,0.0031540143983836,0.004701658874015672,0.0019859924150616676
4624,0,0.0024484829898666,0.004014875067807722,0.0012353214217834993
4625,0,0.002366981063803,0.007810009880918631,0.0015190105843591027
4626,0,0.008563716822292,0.010110232447388573,0.007222415526632973
4627,0,0.0017436887452172,0.002557146323955677,0.0016078468712594977
4629,0,0.0030721070512845,0.00518646943990915,0.003293098570780523
4630,0,0.0017483172199469,0.00272021155383377,0.004711008696571067
4631,0,0.0017680618814505,0.0027399562153373196,0.004730753358074618
4632,0,0.0481741291775172,0.04961370490041603,0.04310826414165861
4636,0,0.0306467993516054,0.029549727403235714,0.022422754120425218
4637,0,0.037706953987065,0.040100667230001996,0.031737673353216686
4638,0,0.0452369640225456,0.04309296073819824,0.0293573718998
4639,0,0.0253759050976901,0.030688208614453365,0.01764049169104508
4640,0,0.0578931075550088,0.05026475506061457,0.03638791026050441
4642,0,0.0685718586478809,0.07350872828136976,0.05273944746446191
4643,1,0.9874567154359616,0.9876345116272391,0.9870398017050221
4644,1,0.9870637287864348,0.9872415249777124,0.9869260669073874
4645,0,0.0638961244585445,0.06711410323648975,0.09300292331199592
4646,0,0.4798770443966196,0.48440023661542164,0.36231244846347416
4647,1,0.0737049357538106,0.06292528519047123,0.056934379632473636
4648,0,0.0017975299360877,0.005283559414321374,0.0009954678019072547
4650,0,0.0797544414823056,0.0747107565471616,0.0737957677639522
4653,0,0.0060000566021364,0.007675144245829088,0.005370694626744375
4654,0,0.0020261578356515,0.003573802311283572,0.0008536453644114523
4655,0,0.0044844202326891,0.006177866628215746,0.004024543289732848
4658,0,0.001038808947944,0.002291621240790787,0.0005919721527235058
4659,0,0.0011461852643328,0.0023989975571795867,0.0006993484691123058
4661,0,0.0097654059886182,0.01083053957774654,0.007431048462086966
4662,1,0.9410875803760292,0.9333450834531312,0.9460625010957988
4663,0,0.0020199956827956,0.002833453261534077,0.001762281292296768
4664,0,0.0369674144810108,0.037618639897123815,0.03200657540733194
4666,1,0.9457064441088964,0.927609868297752,0.9549761201767617
4667,0,0.0023390843831106,0.003213648744305476,0.0018526252957670776
4669,0,0.0023042713518381,0.006055821278462994,0.001250986862280881
4670,1,0.9414485802812592,0.9340130654173465,0.9544853981095255
4671,0,0.0015221883617758,0.0037341708473090495,0.0007829148303220598
4672,0,0.0056507034028625,0.007139228494490113,0.004447087641063743
4674,0,0.0010786845755742,0.0025316356477535157,0.0006318477803537557
4675,0,0.0342197627492907,0.038012562510526635,0.024419734116710032
4676,0,0.0022079482068823,0.0036831609135220713,0.0010318508296641913
4677,0,0.0019474075494998,0.003497230306628372,0.0007614294418522797
4678,0,0.0066953337714158,0.008228163626448832,0.005429783540367652
4679,0,0.0123699564547379,0.005983209549678001,0.004706080070444568
4680,0,0.0096603997922068,0.00414198018169865,0.0030774889446290045
4681,0,0.0022528841105164,0.013543996202544824,0.004469568452307589
4682,0,0.0108137451389948,0.011601198478341169,0.0054278353626446355
4684,0,0.0101969274279284,0.0046785078174202506,0.003737742476598441
4685,1,0.0065846999326151,0.012863594069088793,0.005616833002564039
4687,0,0.0029068374780497,0.0044544819536818225,0.0017186810889057297
4688,0,0.0015585579887155,0.0029377838442598446,0.0011390281908012748
4690,0,0.0026016326637987,0.003476197024993576,0.0021151735764551776
4692,0,0.0029938734030759,0.004360295366956821,0.001666406726507549
4693,0,0.0035543417268565,0.006920139955666644,0.0021769713053757
4696,0,0.0020525943993272,0.00415482422177395,0.0012206540113171803
4697,0,0.0017104606611709,0.003163411733350216,0.0012887313212755639
4698,0,0.0020575874822026,0.004188097980242099,0.0017209723031534358
4699,0,0.0050020776423396,0.006510398569473814,0.003743766521969276
4700,0,0.0045286219170052,0.010807516053478843,0.0035285018866489976
4701,0,0.0019874352130852,0.0035559792570957222,0.0007580281545394127
4702,0,0.0015863079275835,0.002399765506322027,0.0013285935370847182
4704,0,0.0936053841147748,0.04203434585474887,0.06961246027430709
4705,0,0.0058055190314925,0.006266505264285628,0.0029790653181098825
4706,0,0.011344070336567,0.00555140900002515,0.004593010536961692
4707,0,0.0013020924266535,0.0026428751518010446,0.0007852173122214802
4709,0,0.0023343610778693,0.005707183498305825,0.001526801347599654
4710,0,0.0275632785927761,0.02721266153822148,0.02049122661457289
4711,0,0.0018406511692929,0.003407043247234072,0.0006598955695434159
4712,0,0.0059668873986363,0.0074997172536693316,0.0046328571921675065
4713,0,0.0021055209931969,0.0042343793108338,0.001340459028836258
4714,0,0.0169677383131922,0.019039051720341437,0.015342159733401682
4715,0,0.0022889799215934,0.005374288351328721,0.0027044524934060595
4716,0,0.0051393036204508,0.006705695698391972,0.003826537188676525
4717,0,0.0023670493788597,0.00324494175118764,0.001955392629332437
4718,0,0.0314275312260648,0.031983935494445746,0.02473486286313065
4719,1,0.7554456005478829,0.8317983964068492,0.7771477714509027
4720,0,0.0028901496720831,0.004365362378722871,0.001518086061855399
4721,1,0.913219661107712,0.9057841462437992,0.9163372327512723
4722,0,0.0017594425322008,0.0024527862892815473,0.0013845115970266787
4723,0,0.0374156030723716,0.04932109124791646,0.03594692900463395
4724,1,0.6285443304883479,0.832711535545773,0.6915935956952585
4727,0,0.0567005701297577,0.05692626711627133,0.048536702901728276
4729,0,0.0532727597917326,0.06199594920223851,0.04825037946821581
4730,1,0.9902110902114162,0.9902885834049411,0.9900601488926732
4731,0,0.0161772262969112,0.024532090706558145,0.01230425179049693
4733,0,0.1938796868416983,0.1526238515283173,0.0830820819871459
4734,0,0.0388647806413587,0.0449659371389834,0.02848217451496929
4735,0,0.1088487763154316,0.10951330671149333,0.08714639798059912
4738,1,0.9394509959177936,0.9219922632070519,0.948401188139629
4741,0,0.0015772341942193,0.0037892166797524993,0.0008192688605345311
4742,0,0.0262673037144886,0.03400758125908849,0.01956196571781399
4744,0,0.0303452617943849,0.026640036174620768,0.024044344336909516
4745,0,0.0467586002241142,0.04886237731377242,0.049930996077955474
4747,0,0.0125033150830447,0.014242197882742978,0.009633597746306417
4748,0,0.0020367838035235,0.003586606560652072,0.0008508056958759797
4749,1,0.9358220494372952,0.9293864384207151,0.9449215052609743
4751,0,0.0030534850354139,0.004528697742053622,0.001919328165839472
4752,0,0.0022449714760197,0.0036979225481989656,0.0017981346807992057
4753,0,0.002838766043023,0.004371595898056032,0.0015258421171393413
4754,0,0.0010246702798931,0.0022774825727398867,0.0005778334846726058
4755,0,0.0852932647027971,0.0844357196330319,0.0702751268097364
4756,1,0.9485375123152312,0.9361215019349789,0.9626663698318596
4759,0,0.0090052887135985,0.01202118945480272,0.007922757713301568
4760,1,0.94011079615087,0.9220142203397257,0.9533168910067346
4761,0,0.0016909898414421,0.0031439409136213656,0.0012441530462216058
4762,1,0.9514607781961965,0.9399355526811491,0.9564974835114024
4763,1,0.9177886628253592,0.9182215923299446,0.9146785779315314
4764,0,0.0620380172460458,0.037239624330180396,0.07466102220947221
4765,0,0.0990125692866521,0.06983768868114075,0.16075293213752218
4766,0,0.0040890830201995,0.007712758768700355,0.004178961446505369
4767,0,0.0018708142105238,0.002358150785475059,0.001961942009267515
4769,1,0.9510032744882124,0.9296330758683191,0.9553745409154534
4770,0,0.0045175453219543,0.005552614396589327,0.002596086051373381
4771,1,0.927181595076484,0.9138928802116449,0.9326103648031606
4773,0,0.0281648243755753,0.022232377681250123,0.03036046626312775
4774,0,0.0795440237274532,0.0554589218101116,0.09314734964439016
4775,0,0.0028339503649197,0.003872617922783877,0.0009160895775679307
4776,0,0.0015240505174448,0.003359045001986572,0.0006044901705248817
4777,0,0.0012755169773669,0.0028329437076731355,0.0006046316480520742
4778,0,0.0006407944484002,0.0008956898623646516,0.0005506608877259025
4779,1,0.2756152719382388,0.27382163897178075,0.23203542137045055
4780,0,0.0007276384609596,0.0011818069444359872,0.0004915624176216147
4781,0,0.0008321482352739,0.0008599949413423796,0.0005762805012261125
4782,0,0.0142658473678468,0.017672790057542825,0.013595620825748334
4783,0,0.0058987953011364,0.006034395868813741,0.005290889508040386
4784,0,0.0003613149671799,0.0005794376004139625,0.00028563573595994523
4785,0,0.0004241980150202,0.0005107217177017277,0.00021379636817192853
4787,0,0.000330005735905,0.00032661505862675714,0.00022592955509324433
4789,0,0.0007225223319388,0.0007416686796650885,0.0004534006586219763
4791,0,0.0006004035370967,0.0013588431761894482,0.0007700634765600341
4792,0,0.0007780470160385,0.0009965228813667818,0.0008978313731411887
4793,0,0.0004138785972159,0.0006323544625441817,0.0005029232189456809
4795,0,0.000553715517981,0.0006435333844670777,0.0003681690123967885
4796,0,0.0028792789051074,0.003117399997588071,0.00226497935900022
4798,0,0.0040277750814667,0.004518779475591666,0.0043256723227242415
4799,0,0.0011398901013882,0.0010627959029681983,0.0010986549135780434
4800,0,0.0015747030765016,0.0016375286709625916,0.0011661051933649516
4801,0,0.0060238695414993,0.006865917752460704,0.005402906015918199
4803,0,0.0080407708852686,0.008758958287294026,0.00687601067370441
4804,0,0.0008647806453007,0.0008414087577498449,0.0009661165881772726
4805,0,0.0009406375619701,0.0011673493628627316,0.0008487028985187198
4807,0,0.0206505101998616,0.021269776136667893,0.023823161459484144
4808,0,0.000340088297553,0.0003431871648563253,0.00033768545567319016
4811,0,0.0020284189613659,0.0022256348830284375,0.0018753659685197405
4812,0,0.0043561807430424,0.004411379307275895,0.004491679616923682
4813,0,0.0070552164377463,0.008495814201121239,0.0051433219015103665
4814,0,0.0262999455799948,0.022219774603230776,0.02166590535911675
4815,1,0.9354433639378124,0.9335197701529843,0.9368574650638769
4816,0,0.0647339315162804,0.043864242449878,0.056780512796112424
4818,0,0.0033322313345554,0.003508216140995454,0.0029394395225417137
4819,0,0.0016289814089035,0.0030526048344977946,0.0011723371783475475
4820,0,0.0019145286504768,0.0017917756222530893,0.0019457949252559754
4821,0,0.0012439565488173,0.0014418886786828908,0.0014110847363221967
4822,0,0.0228582530295188,0.03059853057411869,0.015815776722122175
4823,0,0.0023695826922305,0.003822533764409816,0.0019130243134913283
4826,0,0.0015665693636612,0.002380026942399677,0.0013088549731623679
4827,0,0.0049621826759121,0.00602102631895459,0.0036080958436431605
4828,0,0.0759083294624621,0.07403967964254335,0.09233880157643339
4830,0,0.0016715644208704,0.0038570703575123494,0.000869764842930173
4831,0,0.0038753169042245,0.00482276279712729,0.0034662299818399513
4832,1,0.9117061825824913,0.896939014937252,0.932744931342215
4833,0,0.0094529680325063,0.011244343977947118,0.008106368377008722
4834,1,0.7682807238081553,0.7458121316315122,0.7846315408863589
4835,0,0.0053974763581236,0.007582982294765549,0.004595676780183373
4836,0,0.0435739044920561,0.04178325153300258,0.04215450181519054
4837,1,0.9575203205589542,0.9501166167667044,0.9586695283502438
4838,0,0.0019376569583413,0.005658519912377388,0.0010732765169653897
4839,0,0.0012751692281831,0.0013493655231580286,0.0014034678248576332
4841,1,0.9590701101734812,0.9569096222113129,0.9641563225072773
4842,0,0.0252151717483546,0.034202631662214794,0.01850087498832287
4844,0,0.0021272474390819,0.0030991417729687694,0.001717793636912349
4845,1,0.9561539807742792,0.9463693762876091,0.9698107671360959
4847,0,0.0024643985995375,0.004012043075169622,0.0013124642218103472
4848,0,0.0036663799247825,0.009945274061256143,0.0025987193485278934
4849,0,0.0284334047774482,0.030434989972428134,0.028102034572203314
4850,0,0.0065163605135504,0.008333462871224936,0.00584346876811957
4851,0,0.0297471591529519,0.02868186748758309,0.023565061776577093
4852,1,0.9357408776389448,0.9136253262047793,0.936746087911814
4853,0,0.0008837050351696,0.002207227270847937,0.000446740902347128
4854,0,0.0021441593335818,0.004216795948649651,0.0021974616480348076
4855,0,0.000984354617486,0.002508015632496816,0.000547390484663528
4856,0,0.3604898662413329,0.3301290206530515,0.37568951998798816
4857,0,0.000656472252509,0.0007359001259720886,0.0004374939935951341
4858,0,0.0005439299799304,0.0004930868992762598,0.00062689728402612
4859,0,0.3101439907049181,0.2922511681243598,0.25451971264176654
4860,0,0.0004848830842229,0.0007094412652038817,0.00040473206813119257
4862,0,0.0005136242796195,0.0007685196935840015,0.0004234907189452525
4863,0,0.383688836504807,0.4011778526611417,0.3033283658610361
4865,0,0.001268399010062,0.0012875453577883386,0.0009877570003643285
4866,0,0.0004264418755263,0.0004321874944331625,0.000426711083948994
4868,0,0.0042198004958168,0.0043554010634941406,0.003500513672471544
4869,0,0.0006244169525744,0.0006145325549684007,0.0003999899460828948
4870,0,0.0003590242442608,0.0003441733153575668,0.0002527994988982629
4871,0,0.0008028361775049,0.0009760439679901607,0.0006218532634573044
4872,0,0.0002691920072475,0.00028869192438784886,0.00023767212081433493
4873,0,0.017017573027414,0.017649710335091155,0.016717606163676284
4875,0,0.0003863334283611,0.0006101003059788624,0.00031754956332393197
4876,0,0.0002811637887585,0.00028935951069419493,0.00027246347522244773
4877,0,0.0003916146901855,0.00038822401290725713,0.0002869627931541955
4879,0,0.0063066779048803,0.006602386876469133,0.005509699966813558
4880,0,0.0002609782107076,0.0002640770780109253,0.00024264588566773668
4881,0,0.0008076121952274,0.0008267585429537385,0.0005428404031802925
4883,0,0.0004690350170827,0.0003932456334835874,0.0004088076632565563
4884,0,0.0011825859202763,0.0013271977673010409,0.0008667535293207027
4885,0,0.0005609803900674,0.0007829225324618326,0.0004854264462223644
4889,0,0.0018590921888839,0.0020900390954359817,0.0017642459526910387
4890,0,0.0007216748343522,0.0007730703512371386,0.0004812623820741627
4891,0,0.0007669253481906,0.000830323091330641,0.0005732666333191315
4893,0,0.0023098160408894,0.002413310237641679,0.002457481866575819
4894,0,0.002393491769275,0.0023970831574077053,0.0022662901340945387
4895,0,0.0006698816158614,0.0006733368188100874,0.0006117269896498889
4896,0,0.1063512422643954,0.04337344500578177,0.05838671532378819
4897,0,0.0062972599628705,0.01058156118175935,0.006839320935866745
4899,0,0.3210031543687131,0.3023119287642156,0.26467796510943936
4900,0,0.0825649095174666,0.3416370855384463,0.07051271075301573
4901,0,0.0835055463264211,0.08494341795050778,0.07593499718287383
4902,0,0.0303935307497702,0.052158079205676236,0.03621127827672719
4903,0,0.3940694221597406,0.40324040972647834,0.561019338024886
4904,0,0.0011678964045462,0.0011630274279355668,0.0010748543432212662
4906,0,0.0095084271385052,0.01001880078087642,0.008120382940874901
4907,0,0.0008572756776593,0.0011752915046012468,0.0007914686690306
4908,0,0.0006666461325472,0.0007204663263826886,0.0004107744956149308
4909,0,0.0058836916770904,0.005894767887026823,0.005981868854010616
4910,0,0.0019544897979819,0.001968905398474649,0.0019270394431462516
4911,0,0.0003557079797376,0.00036003112093479486,0.0003516153893463867
4912,0,0.000563627950016,0.000796752261823383,0.0003360682144832787
4913,0,0.0005546073755855,0.0006834956683451584,0.00028986350583623175
4914,0,0.0003944108610567,0.0003958878984446125,0.000390411487960444
4915,0,0.0003580855191463,0.0003725011196390489,0.000333306031945144
4917,0,0.0002620424620608,0.0002827926915188949,0.00025287550841480175
4918,0,0.000544883830677,0.0006525647809704641,0.00036950980556075484
4919,0,0.0004550841629854,0.0005561598374942641,0.0002731048620845548
4921,1,0.9821179512985828,0.9810537293668293,0.9837202929283573
4922,0,0.0080810652000291,0.008195745259361533,0.00818275774631726
4923,0,0.0004715882826241,0.0006004765753837584,0.00020684441287483174
4924,0,0.0005974779314065,0.0008523733453709515,0.0005073443707322025
4925,0,0.000328720023911,0.00034313562440374887,0.0003012696690753516
4926,0,0.001592524202752,0.0017002051530454142,0.0014223834791171526
4927,0,0.0003581649153811,0.00035477423810280714,0.0002426477037092162
4928,0,0.0017358860536207,0.0018369617281295142,0.0015591400542012525
4930,0,0.0218128896642529,0.021047209331747595,0.019085937437275102
4931,0,0.0008625462076572,0.0008640232450450625,0.0008558759669264017
4932,0,0.0004343367863309,0.0006259882573761106,0.00032645480278224655
4933,0,0.0025935605098833,0.002426131304387423,0.0023108726234458013
4934,0,0.0006268397843018,0.0007557280770615084,0.00036209591455258177
4935,0,0.0008686540340711,0.0008614217017599624,0.0008532744236413015
4936,0,0.0003481402934781,0.0005666161588064317,0.00027548760793175153
4938,0,0.0003655652929444,0.0003621746156661071,0.00025004808127251617
4940,0,0.0241395358920622,0.024129734121200033,0.022641698626966467
4942,0,0.0004533023600733,0.0005398260627547777,0.00026315621897050336
4943,0,0.0004937634298616,0.0005811173537219642,0.0002893460722796639
4944,0,0.0014431000473391,0.0014027099647310483,0.0008762382727826598
4945,0,0.0002919190348896,0.0002993710145959393,0.0003213477859968207
4947,0,0.0003614439664406,0.0003696396883763449,0.0003636983050614381
4951,0,0.001886266867507,0.0021377457409191606,0.0017518983993451936
4952,0,0.0005772298695288,0.0006053118497287386,0.0003055234923047286
4953,0,0.0042930673906761,0.005029371845752954,0.0035984524870615545
4954,0,0.001176552116234,0.0013497599067192607,0.0009742280532089177
4955,0,0.0032579927532348,0.003209750738371759,0.0032109141432863204
4956,0,0.0107290860561683,0.011536605496509632,0.010169919463249655
4957,0,0.0015207135571298,0.0016373861914102917,0.0013720630996234004
4958,0,0.0005530261024927,0.0006398931540447777,0.0003545507704481218
4960,0,0.0004376627865832,0.0004228118576800168,0.00037752300604234896
4961,0,0.0332065535346499,0.03405823586957366,0.03254252804683558
4963,0,0.0031904101939253,0.0034149683749062814,0.003120875609379879
4965,0,0.0006283823227516,0.0006797778396365386,0.0003879698704735627
4967,0,0.0008701044212381,0.001054524866670641,0.000573650339620785
4969,0,0.0007348677251105,0.0009533435904387818,0.0006525982414814333
4970,0,0.0008186209491611,0.0008615988802843386,0.0005697909111213627
4971,0,0.0004872237494414,0.00048383307216315715,0.00041952937311872084
4972,0,0.0010287367473509,0.0011927618884018409,0.0007118873613519851
4973,0,0.0006494878971478,0.0008702854997958107,0.0005402339893247487
4974,0,0.0018195265904051,0.0018456001655349386,0.0015537921963719625
4975,0,0.0023299307821581,0.0028102170414239045,0.0022854941428082647
4976,0,0.0015680750120625,0.0014208059740590498,0.001350299816624618
4977,1,0.8388318218592281,0.8149755744398339,0.8482713731620399
4978,0,0.0024396691309221,0.00263900189810949,0.0022048326248603964
4979,0,0.0032238792384831,0.002606865907962434,0.0026439954660328596
4981,0,0.0033604946807779,0.004423609645030226,0.00430668900756292
4982,0,0.0377098208686499,0.040893903169964746,0.091732158811971
4983,0,0.0248397793764352,0.05821024249968545,0.015484121244348283
4984,0,0.0316769551525533,0.09311260206476506,0.0566818896624334
4986,0,0.0364054291297083,0.04808920817712255,0.03752297522818349
4987,0,0.0002553742261106,0.00047216420406957674,0.00018600097491160478
4988,0,0.008378586754824,0.009165335422574753,0.007675459390624381
4989,1,0.8521449609137275,0.848163517197098,0.8579021957312302
4990,0,0.0005833485053124,0.0006288049946199885,0.000297673057713869
4991,0,0.0028252328835588,0.002912559584967428,0.001982973807688024
4992,0,0.0004597754268582,0.0006765654048171767,0.00039040217565920477
4993,0,0.0005293538316728,0.0005831740255082886,0.0002552870379585959
4994,0,0.0004248123095809,0.0004099613806777168,0.00032486062772106377
4995,0,0.0014850378704308,0.0016791019582674694,0.0013424919591402715
4997,0,0.0020836405574177,0.002052563656615098,0.0014234519006363386
4998,1,0.8714965660001653,0.8711542956411704,0.8820838968683142
4999,0,0.0002801897026908,0.0004944131583084304,0.00021896338019865205
5000,0,0.000346424792813,0.00034303411553475714,0.00023815187616131934
5001,0,0.0002525598315523,0.00025744448243137345,0.00023676637843091263
5002,0,0.0007868457546495,0.0007917304055285734,0.0007710523015281125
5003,0,0.000286654558791,0.0005024042936614746,0.00022294443142595056
5004,0,0.000854994288231,0.0007986648572580887,0.0005715547370454439
5007,0,0.0067217271658099,0.007651141911695702,0.0064824814069057695
5008,0,0.0008780440942421,0.0008046739099079134,0.0007521727231532289
5009,0,0.0016649740616964,0.0017104305510039887,0.001382543563454296
5010,0,0.0004849410164296,0.0005303975057371886,0.00020690142209515153
5011,0,0.0002516535572318,0.0002700563975420855,0.0002266101225399201
5012,0,0.0002762746114032,0.0002878216512062673,0.0002746651307014651
5014,0,0.0003242356563477,0.0003045317505559756,0.00021025132002602635
5015,0,0.0006129624373822,0.0006584189266897886,0.00033153824975503874
5016,0,0.000622642587215,0.0008255661176047408,0.00030558021391258254
5017,0,0.0018404439246554,0.0017420223675757383,0.0015848029613600384
5018,0,0.0003701275769413,0.0005869175549002767,0.0002947827140302769
5019,0,0.0006107370877422,0.0006645572815777386,0.00034624811065060197
5021,0,0.0004194358142498,0.0005059595169313277,0.0002323714999198904
5023,0,0.0009176383544974,0.001423094182053717,0.0008208735296591255
5024,0,0.0003367071154324,0.0003333164381541571,0.00022272277911072636
5025,0,0.0007446325954751,0.0007767322317525412,0.0007925483835927076
5026,0,0.0006776985509915,0.0007642222536729776,0.0004852700264057667
5027,0,0.0003331687588611,0.0005499587368201267,0.0002587312424636573
5028,0,0.0049530371971409,0.005739785864891604,0.004262970066845799
5029,0,0.0003534266424852,0.00038554873454674113,0.0004026341622387355
5032,0,0.0004981992086028,0.0005017905967354554,0.00037381233207503024
5033,0,0.0006212769080262,0.0006767178028897886,0.00035840863196265197
5034,0,0.0004902888463767,0.0004329121230066095,0.0003797142894437388
5035,0,0.0004203183938893,0.0004169277166110072,0.00031304932189264283
5036,0,0.0004317533226416,0.00042836264536335716,0.0003244842506449928
5037,0,0.000209825936103,0.00023908527820442336,0.00021385671089907806
5038,0,0.0004897483006357,0.0005655549808392761,0.00029676661807584854
5039,0,0.0004029737799118,0.000354731765048759,0.0003186299497502128
5040,0,0.0004142434798795,0.0005007671825609777,0.0002246661242353746
5041,0,0.0003595073252601,0.0005752570601305246,0.00029579719789500056
5042,0,0.0027668008160609,0.0029507954173428595,0.0021409653891168445
5043,0,0.0004030277948307,0.00039963711755245713,0.00034013784861717383
5044,0,0.0004067361125729,0.00040334543529460716,0.0003438461663593238
5045,0,0.0016521619510895,0.0018546510990588032,0.0013830367091890894
5046,0,0.0006259891672371,0.0006295805553697554,0.0005194330812108513
5048,0,0.0003926851724197,0.00041630709181792,0.0004069641899757651
5049,1,0.8805809603447601,0.877521932254228,0.8834598596409281
5050,0,0.001287294265289,0.0014976688064845768,0.0011978658239396628
5051,0,0.0009953159158158,0.0011537947587248907,0.0006876632758059284
5052,0,0.0009816216216583,0.0010076951967881887,0.0006949857094027852
5053,0,0.0011657177537321,0.000965558872933934,0.0013034030122234441
5054,0,0.0005701902130494,0.0005667995357711072,0.0005153954560498449
5055,0,0.000484390585989,0.0005738692730287276,0.0002985049009584385
5056,0,0.0092235459666507,0.009745838619117249,0.008709561322901573
5057,0,0.0099742928849561,0.00984141896370954,0.009885946831833145
5058,0,0.0067808059344075,0.0070323678589182875,0.006390635945759795
5059,0,0.0008197362174614,0.0009138818389535825,0.0006079932636343552
5060,0,0.0067210646717676,0.00691966916938821,0.007143298120477628
5061,0,0.0006899254490594,0.0006859371042261032,0.0006742764559315431
5062,1,0.9744899332571652,0.9708409162523017,0.9766110644680774
5064,0,0.002201911892473,0.0022282192452378227,0.0021066679170885405
5065,0,0.0022312153160181,0.0027095785996100663,0.002924340763012508
5066,0,0.0005534747385025,0.0006072949323380386,0.00029760310157028085
5067,0,0.0028526271516117,0.0022147935778210914,0.002192081550242679
5068,0,0.0049160577469775,0.004770877264581243,0.004755137065458453
5069,0,0.000567627733858,0.0007861035991863316,0.0006713833551426959
5070,0,0.0145519559036888,0.014419670332113532,0.01599666426845871
5071,0,0.000365448258803,0.0003457443530112756,0.0002524702110448186
5072,0,0.0018649528868341,0.002182968713776047,0.0017935922615336928
5073,0,0.0025583704406349,0.002705952349105978,0.0018727712119439189
5074,0,0.0022179055246683,0.0023433358908681963,0.0019117949018824455
5075,0,0.0005126613487606,0.0005664815425961386,0.00025678971182838085
5076,0,0.0082015325328801,0.00871190617525127,0.0065291749999090865
5077,0,0.0005957694150571,0.0007044262381673227,0.0003856092469323849
5078,0,0.0004452520737827,0.0005321191253347777,0.0002585311083233404
5079,0,0.0005533678644315,0.0006291745446350761,0.0003569888888180951
5081,0,0.0007613035631384,0.0012667593906947171,0.0006688437031292712
5083,0,0.0003441123948837,0.00032440848909197557,0.00023583947823201934
5084,0,0.0030511261165012,0.0038931743274626543,0.0024159551384214492
5086,0,0.0069683887622164,0.0070830688215487835,0.00812291577166161
5089,0,0.0004200138678737,0.00041662319059540716,0.0003117409512219693
5090,0,0.0004738077642387,0.0004156647088524595,0.00037576087676638735
5091,0,0.0003203792449969,0.0005371692229558767,0.00024770453369330056
5092,0,0.0039828638979898,0.004868062196286972,0.0035944902495304593
5093,0,0.0006011337521624,0.0006549539459979386,0.0003330952254308702
5094,0,0.0021950002221031,0.002317933990412003,0.0019112903079390646
5095,0,0.0004632739197897,0.0003881222311519702,0.00038405745832875704
5096,0,0.0013645674027415,0.0013241773201333983,0.0007138601681433961
5097,0,0.0005769760990035,0.0006307962928389886,0.0003089375722719202
5098,0,0.0004252796570654,0.0003530651585684095,0.0002998673250055388
5099,0,0.0004194820090638,0.0004160913317855071,0.00032400320085676114
5100,0,0.0021539212376492,0.0018362540199353388,0.0017354216477443894
5101,0,0.0020528551084546,0.002175788876763503,0.0017317141015331385
5102,0,0.0005822982893515,0.0006581049695551261,0.0003865679071226054
5103,0,0.0002512968784236,0.0002571250726105274,0.0002578948557333501
5104,0,0.0006299364314486,0.0007334004331039575,0.0005285909009418873
5105,0,0.0005866477974914,0.0007016212022824728,0.0003686049825395359
5106,0,0.0035276494078939,0.0037652821475450595,0.002958381792881059
5107,0,0.0002577729947429,0.00026614122673494843,0.00024434555136602806
5108,0,0.000384513568143,0.0006013035461019767,0.00030452319215944527
5109,0,0.0009005405158946,0.0008187580800573641,0.0006162913612763553
5110,0,0.0050735583306024,0.004980219565890314,0.004830503461302146
5111,0,0.0005734899363828,0.0008249688097949106,0.0004411338544861582
5112,0,0.0004170540573438,0.0005090629294311277,0.00022407484729981353
5113,0,0.0014541563423124,0.0017094720362035233,0.0011430176345929354
5114,0,0.003600820918286,0.003556018205720633,0.0025247027001488796
5115,0,0.0239726011685064,0.023358784552937998,0.018009538982092003
5116,0,0.0242814490472587,0.029769105954664817,0.014347951463869852
5117,0,0.0407447735281472,0.05738366124827654,0.024800268343242834
5119,0,0.0006654823763367,0.0007545673669574777,0.0004765353943845226
5121,0,0.0006832145725543,0.0006644165310692336,0.0004946607193882054
5123,0,0.0002983809531986,0.00031269777828141996,0.00030111458084931136
5124,0,0.0005920381056982,0.0005886474284199571,0.0004959154956431864
5125,0,0.0006362281656645,0.0008448505378394247,0.0005580282955911668
5126,0,0.0042748719674261,0.004780327794982417,0.00417477395393025
5127,0,0.0002982145613059,0.00031101691847212345,0.0003130255031231589
5128,0,0.0474283286923553,0.047423459715744666,0.04735850592250828
5130,0,0.0006621619767789,0.000613919961915809,0.0005839207239882063
5131,0,0.0005511629535666,0.0005314590477748256,0.0004963681965670449
5133,0,0.0041989942698515,0.004715307723807489,0.0032559094094017165
5134,0,0.0017943277517294,0.00194760039333507,0.0016273755381852675
5135,0,0.0014960623266865,0.0018095095614440125,0.0014145148071180017
5136,0,0.000702145640961,0.0006872947120577668,0.0008052940306781681
5137,0,0.0018505644782467,0.001764201006491625,0.0018328680177290512
5139,0,0.001722134444375,0.0017187437670967071,0.0016501212033611615
5140,0,0.0205931381800644,0.020893712920207627,0.03368045225003766
5141,0,0.0134910925767606,0.012837654069867803,0.01022901073120294
5142,1,0.0126519647179488,0.014922089130043805,0.012847176412745222
5144,0,0.0004736561624204,0.0005494628426239761,0.0002772006543580969
5146,0,0.0002025859472292,0.00021351635307426996,0.00020193315564216133
5147,0,0.0002093523390861,0.0002348789563305234,0.00020667787201227012
5148,0,0.003945789391679,0.004394452152463964,0.003466024820058814
5149,0,0.0068261612487363,0.0072656077021008535,0.006012475675726531
5150,0,0.0004113358172556,0.0004978595199370777,0.00022112256085788515
5151,0,0.0002162938974456,0.00024839353372309113,0.00026420968556325764
5152,0,0.0025777214295874,0.0027006551978963032,0.0023516177749074584
5153,0,0.3213301367171191,0.3214468093513996,0.3210591643202974
5154,0,0.0003374145782201,0.0003177106724283256,0.00022914166156836932
5156,0,0.0004198568681933,0.0005063805708747776,0.0002297107270905034
5157,0,0.0004894874794764,0.0005349439687839885,0.00020381203187786896
5159,0,0.0003369320648176,0.0005537220427765768,0.00026331801704119107
5160,0,0.0006658458024456,0.0007912761686454962,0.00027773296416219067
5161,0,0.0015867574696334,0.001734339378104478,0.0008252035281919202
5162,0,0.0012013717580608,0.0011965027814502167,0.0011206469095324568
5163,0,0.0005048461695213,0.0005084375576539554,0.0003794364723903905
5165,0,0.0004109002476647,0.0004974239503461777,0.00022075410656190338
5166,0,0.0005612122739941,0.0005424142325090837,0.0003595108467376283
5167,0,0.0004108900834692,0.00048669676367282615,0.00021190847449035832
5168,0,0.0001830737997807,0.00019400420562576995,0.00018242100819366135
5169,0,0.0006711349374691,0.0008740584678588409,0.0003498950268888228
5171,0,0.0006648663552684,0.0007103228445760387,0.00038344216764128877
5173,0,0.0003490303321293,0.00030078831726620904,0.00023766545459784274
5175,0,0.0030584442868922,0.002948432854384848,0.0027709856330092944
5177,0,0.0008420279144679,0.0010449514448575908,0.0005207880038875728
5178,0,0.0031528042742343,0.0036582601017905673,0.003060344414225121
5179,0,0.0003137741713002,0.0005305641492591767,0.00024109945999660053
5181,0,0.0002492973312238,0.0004733214586626267,0.00018209396430615726
5182,0,0.0006378162267746,0.0008407397571643408,0.0003271559326239125
5183,0,0.0001751444980692,0.00018946132315196995,0.00017787812571986135
5184,0,0.0004721148124427,0.0004572638835395168,0.0003610373374125935
5187,0,0.0017141935943292,0.0022599841440306373,0.0015207187827593156
5188,0,0.0002913853276516,0.0005071350625220246,0.00022591239519260725
5189,0,0.0002653414511966,0.00048109118606702464,0.00020131081056184403
5190,0,0.0012603936232392,0.0011335059203231134,0.001119588891240178
5192,0,0.0008283222945167,0.001333778122073017,0.0007220460080793268
5193,0,0.0255639992783691,0.028911881680827624,0.024402017595245802
5194,0,0.0010764111449879,0.001581866972544217,0.0009862876282825282
5195,0,0.0003507079073703,0.0003736417433792878,0.00036444108641452036
5196,0,0.0006239027595333,0.0006430491072595886,0.0003235668819698626
5198,0,0.0006863860715385,0.0007144680517383885,0.00040476283227352584
5199,0,0.0015608376772267,0.0015045082462537885,0.001333182003926102
5200,0,0.0005115539191975,0.0005081632419192571,0.00044866397298397385
5202,0,0.0032615432841748,0.003460511771106753,0.0034320766860464883
5203,0,0.0022050330860904,0.003047081297051854,0.0016706032098560955
5204,0,0.0006278175823864,0.0007146846339384776,0.0004442488460958511
5205,0,0.0008095783123478,0.0010183429264667106,0.0006475788568662855
5206,0,0.0008691278299744,0.0008886277471147489,0.0008639564003602609
5207,0,0.0006007177811756,0.0008167100718217326,0.0005310884933103546
5208,0,0.000584438205499,0.0005810475282207071,0.00048491308588418324
5209,0,0.0017932635407279,0.0019216939980663907,0.001440819471016535
5210,0,0.0011113338119218,0.001144804429372499,0.00111528053913342
5211,0,0.0023399673267769,0.002170783637832773,0.0017680371315229502
5212,0,0.0014530721435117,0.0013987065441617415,0.001413575841983568
5213,0,0.0028626295818646,0.0027314960686238956,0.0026005419417079044
5216,0,0.0008516028905639,0.0010700787558921817,0.0008729988556896082
5218,0,0.0033661772889724,0.00425821129300982,0.0025648246312352427
5219,0,0.0145085485769932,0.018567454530543,0.011473938667010339
5220,1,0.98294130489453,0.9849196638302744,0.9854191959616296
5221,0,0.0055146985664513,0.009710492358379987,0.004963067622745438
5222,0,0.0254036709099358,0.03930914482314926,0.015385163809681175
5225,0,0.0001938668920394,0.00020479729788446996,0.00019321410045236134
5226,0,0.0033132679801302,0.003436201748439103,0.003441996199297079
5227,0,0.0026800938953806,0.0025508931718755978,0.0023957594185203433
5228,0,0.0004994204165542,0.0005553681768635698,0.0004865142955011554
5229,0,0.0196306816706698,0.021490481069490093,0.01867085609656945
5233,0,0.0031969867881144,0.003058660817862598,0.002818289874456797
5234,0,0.000406826219773,0.0003432600703352095,0.00031858861292036623
5235,0,0.0003341191350938,0.0005509091130528267,0.00026050508731744105
5236,0,0.0003673454274267,0.0003639547501484571,0.00025907251077501934
5237,0,0.0019274566516899,0.002234178186757932,0.0016543061017868167
5238,0,0.0004379109100886,0.00043452023281030715,0.00032963799343686936
5240,0,0.0004284524122009,0.0005153194637530277,0.00023636723648581666
5241,0,0.0004608984233822,0.0005477654749343276,0.00026881324766711665
5242,0,0.0005545189584247,0.0005396680295215168,0.00047979712515041327
5243,0,0.0003625243789646,0.00029269042617952024,0.00026572066346559865
5244,0,0.0001485640222983,0.0001640728992036778,0.00014226064529234328
5245,0,0.0003857396320785,0.00047482462269932764,0.00019404409408699475
5246,0,0.0003482674735747,0.00043735246419547764,0.00015657193558314475
5247,0,0.0002096161763605,0.0002203008729598644,0.00019098531511185576
5248,0,0.0006569348198038,0.0006697489179690241,0.0004200912158535755
5249,0,0.0005588011766671,0.0006482259022349776,0.00036744537362264475
5250,0,0.0009973360723926,0.0011350594464792415,0.0005656482153892981
5251,0,0.0049510454301076,0.005958848126002008,0.003906717168846591
5252,0,0.0026918981004321,0.003577096398729273,0.002340665745347838
5253,0,0.0067443922060717,0.007196026975163883,0.0058340871564547545
5255,0,0.0002789692364899,0.0004931926921075804,0.00021774291399780205
5256,0,0.0013951560075208,0.001900611835077067,0.0013026961475116213
5257,0,0.0017389021709771,0.001930181974946489,0.0011311147269003115
5258,0,0.0004767283122927,0.0005778039868015142,0.0002824423899002003
5259,0,0.002251480086973,0.0023065522459304226,0.002007246220179939
5260,0,0.0004596213592539,0.0005606970337627642,0.00026533543686145023
5262,0,0.0004416617002936,0.0005307466909144277,0.00024996616230209474
5263,0,0.0005218480490491,0.0006021448596248641,0.0003152092662279126
5264,0,0.0004837941994129,0.0005706612509649776,0.00029170902369776664
5265,0,0.0029546587341181,0.0031165758896243333,0.0024329594164553083
5266,0,0.0003093185327867,0.000312370750854153,0.0003057964784132466
5267,0,0.0005994815337293,0.0006797783443051142,0.0003928427509081626
5268,0,0.0022571599773283,0.0023509077686109416,0.002559956352672023
5269,0,0.0016254651664946,0.0021309209940509172,0.0015238179359690189
5273,0,0.0038540513790949,0.004109367072986073,0.0036013810936712264
5274,0,0.0013718159979116,0.0012401361280421081,0.0011152072147435684
5275,0,0.0002969064431565,0.0005126561780269747,0.00023287580252179404
5276,0,0.0011323358022522,0.0011424169963334294,0.0011047211202358939
5277,0,0.0002386051045601,0.0002444332987470774,0.00024571665898090466
5278,0,0.0009244771230602,0.0008433518094327644,0.0008438728173375848
5279,0,0.0008768200212618,0.001069895934566033,0.0006043484540035468
5280,0,0.000475429430189,0.0005674383022763276,0.00028245022014501355
5283,0,0.0022748855583324,0.0021438000204738643,0.0019431534302236226
5284,0,0.0008020957064673,0.0008171400932402644,0.0008068689552464246
5285,0,0.0011679472462982,0.0013236146883985407,0.0008159316391248748
5286,0,0.0004971882558588,0.0005866669428984776,0.00031130257082818855
5287,0,0.0007655761522754,0.0007467781107903337,0.0006129823508626204
5288,0,0.0009573346442683,0.0008955804912123202,0.0008686107284983987
5292,0,0.0021568214402933,0.002565194818953339,0.0020464413232919726
5293,0,0.000533883618527,0.0005304929412487571,0.0004434940851321359
5295,0,0.0032172999996349,0.002614155386298134,0.003712412455424478
5296,0,0.0039574860817882,0.004944415264823001,0.003533255914353711
5298,0,0.0030545948168338,0.003211484066442923,0.002272720071367418
5299,0,0.0014529587917822,0.0017064009267003608,0.0015184010245961016
5300,0,0.0049034302309141,0.005064160559094099,0.004024748309022389
5301,0,0.0033782395457577,0.0035825787604016604,0.0034651191488415814
5302,0,0.0180696517244885,0.018208729362783265,0.01736703816797658
5304,0,0.0016083874896064,0.0018077202567937903,0.0012956832358489731
5305,0,0.006121035102914,0.00606806884378438,0.006060326862361178
5306,0,0.0028768290155971,0.0034003687160688153,0.0017421968556991397
5307,0,0.0558983357173342,0.10228679553891779,0.02265530911049303
5308,0,0.1263873296583201,0.1357393856934679,0.10326937935803168
5309,0,0.0464790987939175,0.04207622463246967,0.03232295314518102
5310,1,0.0353329778238188,0.033452923316933586,0.03396073962560854
5311,0,0.0011432886739243,0.0011585595241795483,0.0005294477682007887
5314,0,0.0006529394329245,0.0007067596267599886,0.0003756276898538689
5315,0,0.0008002333145324,0.0010159830494028746,0.0007398246472719548
5316,0,0.0036975423402431,0.003644084586139923,0.00377645610732893
5317,0,0.0002785455137463,0.0004942952486167746,0.00021813684648585479
5318,0,0.000303854054908,0.0005196037897784746,0.0002434453876475548
5319,0,0.0003462111044559,0.0005630010824148767,0.0002774328002011306
5320,0,0.0022545896424545,0.002760045470010817,0.0021644661257491284
5321,0,0.010212034522102,0.011019553962443281,0.009649758122558964
5322,0,0.0004493362102408,0.0006661261881997767,0.0003757221624643911
5323,0,0.0047001983778265,0.0048684952979896595,0.003953489825952951
5324,0,0.0010365854880773,0.0009284044845085946,0.0008057185746322565
5325,0,0.0020162084285957,0.002048517778621125,0.0020698830450231326
5326,0,0.0002592966821013,0.0004735201377189304,0.00019807035960915206
5327,0,0.0054989386007729,0.005285738541641089,0.005335149060108068
5329,0,0.0010147700277111,0.0012497489512651233,0.0007639495439491122
5331,0,0.0002227669393295,0.00043851667419992464,0.00015905681196440056
5332,0,0.0006015996520216,0.0007102564751318228,0.00038760096338710196
5334,0,0.0022380334022439,0.002489745651824289,0.0016930020701789877
5336,0,0.0003845238716593,0.00038113319438100714,0.00027053953533757633
5338,0,0.0005256517981509,0.0005292431862836055,0.0003944227153554893
5339,0,0.0005687658449468,0.0006764467952402641,0.00037600556487502973
5341,0,0.0006724880938728,0.001177943921429067,0.0005757232690344757
5342,0,0.0032223627277932,0.003138260631861498,0.002890870238688465
5344,0,0.000335860230248,0.0003161563244562756,0.00022758731359631934
5345,0,0.0023697408639074,0.002760261434144733,0.0020127213045414124
5346,0,0.003234321509916,0.0032309308326377074,0.0031333747114315465
5348,0,0.0202282859204464,0.020544312683622206,0.019179587807091038
5349,0,0.0005190276257286,0.0006063815495890142,0.00031101995268770027
5350,0,0.0002852892133667,0.0005010389482371247,0.00022157908600160055
5351,0,0.0003707538783886,0.00035104997259687563,0.0002634848063919928
5352,0,0.000358638408397,0.0005672607805719247,0.0002878009183364006
5353,0,0.0004126929643616,0.0005017779549823777,0.00022099742637004475
5354,0,0.0005735137089133,0.0006608676327736642,0.0003739320393767126
5355,0,0.00051838121729,0.0006078599043297277,0.00032454303905851743
5356,0,0.0070762298648519,0.00726022446613386,0.0064666904210105075
5358,0,0.0002752997183658,0.00028810207553202344,0.00026742397153156264
5359,0,0.0002307914863997,0.00024359384356597343,0.00022291573956551263
5362,0,0.0005142065984316,0.0004945026926398755,0.0004386759396244922
5363,0,0.0047815857783626,0.005832776567211297,0.0036415951510178467
5364,0,0.0005193236221634,0.0006088023092030777,0.00033343793713278854
5365,0,0.0003888152782025,0.00048082415028982765,0.00020350235098989166
5366,0,0.0003972728268643,0.0003938821495860571,0.0003343828806507738
5367,0,0.0009806600309998,0.001474833397129767,0.0008598009095309956
5368,0,0.000434928449797,0.00046380531744704263,0.00047651131606723005
5369,0,0.0004599935299147,0.0006757432647851246,0.00039777654444217295
5370,0,0.0010718970417792,0.0010560890600856308,0.0009495366850610308
5371,0,0.0005440095662285,0.0006132938488936141,0.00034648821025363627
5372,0,0.0022574962238417,0.0025709434585992124,0.002173337328461447
5373,0,0.0008873566794199,0.0010895794291705522,0.0007284024235226682
5374,0,0.0005041693923543,0.0005181951840470031,0.0005203206362439561
5375,0,0.000689596658229,0.0007816055303163276,0.00048442748570071446
5377,0,0.027678038577169,0.028138384353623133,0.02690004913870476
5378,0,0.0008994222081594,0.0009260245049600277,0.0006511711205536345
5379,0,0.0013075266505203,0.0012515282374923864,0.0012527318935207949
5380,0,0.0010748616500276,0.0012724527628599168,0.0006981523063332421
5381,0,0.0005888286391982,0.0006038730259712144,0.0005936018879773746
5383,0,0.0045093429272035,0.005441961479524833,0.0040992234561705405
5384,0,0.006228301340456,0.008986346682340135,0.004943255241457143
5385,0,0.0213495582975669,0.023226512135094062,0.018724162074042035
5386,0,0.0131286460447539,0.03012915091988682,0.007748629956259148
5387,0,0.0373887463205324,0.05112384448551444,0.04083921627079194
5395,1,0.9853008692899669,0.9853190224386432,0.984999060245306
5396,0,0.0312658708215953,0.03222746877309318,0.03063096749802
5397,0,0.035812170197264,0.03772673904776499,0.03508173276944473
5398,0,0.6278561191695776,0.6013057904111152,0.5813526886797218
5399,0,0.1068749174284301,0.15568707689783284,0.10892637871896735
5400,1,0.655819647874856,0.6549341799580922,0.7642918486560615
5401,1,0.9420516997033584,0.943744697669564,0.9103017301393199
5402,1,0.4598035438435117,0.702818882900826,0.6624204766417043
5404,0,0.0013743712581356,0.003822255597347306,0.000780003157029846
5406,0,0.001863532355425,0.002018026574502603,0.0020402862952368928
5408,0,0.0058033520974159,0.004081294415788647,0.0014961761947077127
5410,0,0.0008340007597345,0.0010893164536256734,0.0006357744393307814
5411,0,0.006917842965998,0.007122931597820629,0.0063726607049196604
5412,0,0.0004185002496275,0.0004859538546983254,0.0002148346072241032
5413,0,0.0108832433626311,0.011106133255192083,0.010134116774606189
5414,0,0.0003881270667079,0.00045558067177877543,0.0001844614243045532
5415,0,0.0002150167172567,0.00019995005246871146,0.000182917163800876
5416,0,0.000872705457589,0.0007150379126663233,0.0006068240590960193
5417,0,0.0003430452836273,0.0002964513720276273,0.0002956235013064495
5418,0,0.0008778239458046,0.000939837862216842,0.0006259756404537832
5419,0,0.0004845428381957,0.000989998665751967,0.0003944193214902782
5420,0,0.0031520929103446,0.0039388415780953045,0.0024489655461449314
5421,0,0.0003599261464458,0.00035653546916750715,0.0002516532297940693
5422,0,0.0002567394074499,0.00023739998441927354,0.00021979258737567914
5423,0,0.0009727383930514,0.001301631469597382,0.0006957139888792253
5427,0,0.000376145874776,0.0004502047556314754,0.0001790855081572532
5428,0,0.0007627693935979,0.0007064399626249386,0.000479329842412294
5430,0,0.000208069772777,0.0002105773711072274,0.0002091065193537587
5431,0,0.0002308973255535,0.0002558669374661174,0.00026217446067898346
5432,0,0.0002361885557388,0.0004529785336977767,0.0001632800187798199
5433,0,0.0005533764081157,0.001058832235672017,0.000462671315081516
5435,0,0.0005756717912429,0.000808796103050233,0.00032632236422102366
5438,0,0.0021697551963476,0.002447675654644003,0.0018656676638505831
5439,0,0.0003429833727529,0.0004320683633736777,0.00015463025230586717
5440,0,0.000233537074481,0.0002360446728111774,0.0002345738210577087
5442,0,0.0014343298470963,0.0015103633037680082,0.00134003378002515
5443,0,0.0031106493622862,0.003995847660583373,0.00273554791697468
5444,0,0.0016622820758853,0.0020143126840226474,0.001584419995496186
5446,0,0.0003740810355875,0.00046316602620832765,0.00018572791514051716
5447,0,0.0002360603073126,0.0002356714546150611,0.0002122005884670903
5448,0,0.0003217519679941,0.0005385419459530767,0.0002453152166348039
5449,0,0.0002849263264223,0.0005017163043813267,0.00020848957506305394
5450,0,0.0014511593773549,0.0016528142052060315,0.0013899330548628021
5451,0,0.0003996456864705,0.0003853277484049705,0.000337462013949618
5452,0,0.0056585535486336,0.00550716059799942,0.005167167064558369
5453,0,0.0003340577917593,0.0005426801639342246,0.00026322030169870057
5454,0,0.000873018082429,0.0010898080603880269,0.000796581331069754
5456,0,0.000462361655228,0.0005517863807958777,0.0002710058521835447
5457,0,0.0004400962608771,0.00043670558359880715,0.0003328271888804428
5458,0,0.0003550949173364,0.0003353910115446756,0.00024782584533979287
5459,0,0.0003939668588313,0.0003905761815530571,0.00029848805062431113
5460,0,0.0005306784209729,0.0007474683989319267,0.00045337060386525617
5461,0,0.0005017104845354,0.0005907954751562276,0.0003127635025832726
5462,0,0.0045481284516857,0.005485461201566559,0.00341429887376976
5463,0,0.0004812010383021,0.0005706257638699776,0.0002957723794635846
5464,0,0.0004079948631587,0.0004046041858804571,0.0003451049169451738
5465,0,0.0004143648398339,0.00039466093404212556,0.00031824222977883647
5466,0,0.0008603181766171,0.0012190662880420975,0.0007708078147409115
5467,0,0.0036173756364145,0.0038595200395497384,0.00305753660608982
5468,0,0.0021936368769574,0.002457429218526575,0.0014857749537581632
5469,0,0.0004452091969034,0.0005375536783571777,0.0002602318790572417
5470,0,0.0012389126944351,0.0013977214517863915,0.0008692870028539281
5471,0,0.0005346903219783,0.0007296064600675821,0.0004182367243231961
5472,0,0.0271301252506879,0.02744290605166721,0.026551788508432973
5473,0,0.00295773402093,0.0029315530891323664,0.0028345127347547947
5474,0,0.0063012761425594,0.007293865704760746,0.0051434874505915254
5475,0,0.0072420340805007,0.0072102119805736355,0.006687407960324037
5476,0,0.006853360232436,0.007584717363334486,0.006348381808045703
5478,0,0.0019489828731693,0.0020914085660070692,0.0018218987865915891
5479,0,0.0005590379068223,0.0006952127216240084,0.00031212970471326693
5480,0,0.0003583839510982,0.0003636756291003197,0.0003615500169813653
5481,0,0.0015272562225853,0.0015890817641224643,0.0013222761254824864
5482,0,0.0013303983331335,0.0012440348613784748,0.001312701872615901
5484,0,0.0216732906703912,0.022467008650255128,0.023918613508752302
5486,0,0.0351924050240664,0.03994868836942227,0.03109372928083386
5488,0,0.0205874838708085,0.01956876961572189,0.018911670569847803
5489,1,0.8498057531488601,0.8483687287624178,0.8670523399822986
5490,0,0.0409162327015775,0.05443124578446164,0.033299991297311156
5493,0,0.006213178261691,0.007098376559988172,0.005883041096894658
5494,0,0.0070948731575218,0.007684331694025447,0.006397240145386755
5495,0,0.0062548448000614,0.006477734692622384,0.0072746829861748364
5498,0,0.0004003877196778,0.0004894727102985777,0.0002143158933081444
5499,0,0.0005991193009996,0.0008540147149641015,0.0004922259838517128
5500,0,0.0006371321063452,0.0005808026753722887,0.0003547064647649899
5504,0,0.0005559788026814,0.0006887208198611584,0.0003010886912173803
5505,0,0.000456820633783,0.00037050150182667025,0.0003300164856686324
5506,0,0.00052791277781,0.0006606547949898085,0.00027302266634603026
5507,0,0.0003419957124118,0.000536911850501132,0.00023433003764194462
5508,0,0.0003960626385945,0.0004971383131033641,0.0001923969961911532
5509,0,0.0095474519889676,0.0103414321454985,0.009107785784329721
5510,0,0.0004048792079194,0.0005059548824282642,0.0002012135655160532
5511,0,0.0008535233999858,0.0013291119579359831,0.0006825698688607307
5512,0,0.0004060535137394,0.0005831681863871431,0.000299640936269977
5513,0,0.0004269792500264,0.00040727534423462563,0.0003187063333746693
5514,0,0.0009163407792602,0.0009527843788608447,0.0006854875579403676
5516,0,0.0003523770193254,0.00036490721228510457,0.0002793933128647201
5517,0,0.000308128548697,0.000503044686786332,0.00020046287392714462
5518,0,0.0014083170019418,0.001575181300012739,0.00114820634661308
5519,0,0.0014239339528625,0.0013766070480704584,0.0010021834783476608
5520,0,0.000453476695003,0.0006262438155740333,0.00031126150891490193
5521,0,0.0010832599957568,0.0010868513838894554,0.0009520309129613393
5522,0,0.0031141787899728,0.002939669107866337,0.002585067689602434
5524,0,0.0006180703343511,0.0007503610462092584,0.0003627289175654803
5526,0,0.0090065424832422,0.00972213031738776,0.007808593019434732
5528,0,0.0004963922517351,0.0006691593723060833,0.0003555723134011446
5529,0,0.0012482368893714,0.0012191486824398787,0.0008468362338532495
5530,0,0.0004982772613631,0.0006348359921843534,0.0003097410268821358
5531,0,0.0050587318340878,0.005996064583968659,0.00400837392211021
5532,0,0.0006923704989332,0.0007225268842532785,0.0006610008660491266
5533,0,0.0005952375045813,0.0005816110798094054,0.0004823683901719509
5534,0,0.0004882693753452,0.000655135238856118,0.00033416362677388703
5535,0,0.000532913479378,0.0006924756242454571,0.0003660085115964417
5538,0,0.0005111350649752,0.00044755591923860904,0.0004004571886501863
5539,0,0.0006047901685966,0.0005716658159618668,0.000485132011761515
5540,0,0.0004515162470564,0.00043253296598080713,0.00033825238077657524
5541,0,0.000605853748651,0.0006861505592268141,0.0003966038033909115
5542,0,0.0008807410635513,0.0009629476554782081,0.0008126652372862141
5543,0,0.0012773053263646,0.0013319347006249416,0.0007846034115739044
5545,0,0.0005984446269305,0.0005848182021586054,0.0004724311861962095
5546,0,0.0160461990907193,0.016405997010545258,0.014939593864515774
5547,0,0.0005555983225502,0.0006503326708399142,0.00036503412505622837
5548,0,0.0047726412348615,0.004924441676191806,0.004731505020488048
5549,0,0.0006092012028322,0.0007106787232819141,0.00042538017749822835
5550,0,0.0150003400988986,0.01725815901875437,0.015053146152719006
5551,0,0.0006198065391322,0.0007001033497079642,0.0004167830543738609
5554,0,0.0102969765992984,0.010814141829721867,0.00986825894360247
5555,0,0.0006926017582985,0.0008853693645161833,0.0005619279758154706
5558,0,0.0010667272068098,0.001359104534262764,0.00091562381317175
5559,0,0.0010117220901387,0.0011478969049403584,0.000738697587938651
5560,0,0.0006269938040895,0.0006236031268112572,0.0005396562639619887
5561,0,0.0007628330837362,0.0006912420669109365,0.000692445722939345
5562,0,0.010628690346683,0.011232293680334057,0.009721510483348069
5563,0,0.0007164273389988,0.0006334720954797796,0.0006513089736116197
5564,0,0.0014770524904636,0.0014417559808745256,0.0013986063223622603
5565,0,0.0155897603734671,0.016981734991723445,0.014083791585241867
5566,0,0.0149595061343486,0.022917396635433386,0.008448215002925804
5567,0,0.0310838981258738,0.04323672775077344,0.027326728689548198
5568,0,0.0049053823954296,0.005142740499127098,0.004902974806190199
5569,0,0.0004067108203717,0.00040332014309345715,0.0002984379037200193
5570,0,0.0004242484327544,0.0005253241072632141,0.00022058279035100321
5571,0,0.0032999461030095,0.003492713709227183,0.0031818746184766556
5572,0,0.0003626287314772,0.00035988605828472976,0.0002928734318161558
5573,0,0.0003521255755739,0.0003487348982956571,0.00024385265892221933
5574,0,0.0009470290706328,0.0011379691901426277,0.0008452223341277116
5575,0,0.0069141737471621,0.007624739015506636,0.005991095628259982
5576,0,0.0004284705599254,0.0005295462344342141,0.0002248049175220032
5577,0,0.0004009130415171,0.0005019887160259142,0.0001972473991137032
5578,0,0.0005075687924039,0.0006398595042620085,0.00025662350801556146
5579,0,0.0002595786193692,0.0002459519632371111,0.00021374804696292914
5580,0,0.0003563349679196,0.0005472750874294277,0.00024992239045012706
5581,0,0.0017285286727841,0.0018608193846422084,0.0014775833883957613
5582,0,0.0004209344821063,0.0006137020883240332,0.00029899381645055896
5583,0,0.000610065030453,0.0008649604444175015,0.0005031717133051128
5584,0,0.0005382569251736,0.000771381236980933,0.0002835182645716499
5587,0,0.0004918861934855,0.0005259592654410267,0.00046700525989807533
5588,0,0.0005435704147574,0.0006758611266155584,0.00028822899797178027
5589,0,0.0006987943877382,0.0007543619219878584,0.0003799383522650606
5590,0,0.0066928027092535,0.007043897828539796,0.005523855869190336
5591,0,0.0069545085751328,0.007891841325013658,0.005839710367858241
5592,0,0.0004603739844361,0.0005926646962942084,0.0002050325676504303
5594,0,0.0087322124893193,0.009327074633459536,0.007593564184951003
5595,0,0.0005122379135482,0.0006411262063078584,0.00025589876299833266
5596,0,0.0008854977514394,0.0010148421487365584,0.0006296147054270327
5597,0,0.0004262109040072,0.0004142801865971771,0.0003556454303705204
5598,0,0.0006038752733582,0.0007327635661179084,0.00034753612280838267
5600,0,0.0006690933797116,0.0007767743300050641,0.00047633309963982976
5601,0,0.0004295429367028,0.00042615225942450717,0.00032127002005106933
5602,0,0.0004838798945565,0.0005915608448499142,0.00029619924794860026
5603,0,0.0045055005306655,0.005442833280546359,0.0033502243775306796
5605,0,0.0004242665006122,0.00042087582333390715,0.00031599358396046937
5606,0,0.0003411502620355,0.0005339178682531833,0.00022005170990609994
5607,0,0.0005272901610898,0.0007821855750542515,0.0004290250687984758
5608,0,0.0004034681220993,0.0005944082416091277,0.00029705554462982703
5609,0,0.0003129705240138,0.00032728734909662,0.0003179444472544651
5611,0,0.0008144792102339,0.0009223071889204379,0.0007408718815070873
5612,0,0.0007862284639976,0.001019352775804983,0.0005432452346804868
5613,0,0.0003192194666847,0.0005360094446436767,0.00024278271532540393
5614,0,0.0004551517867942,0.0006719417647532268,0.00038247707549065056
5615,0,0.0010781031478131,0.0010632522189098668,0.0010033813145387633
5616,1,0.978640686746772,0.978364399154215,0.9798005548607001
5617,0,0.0005093134920919,0.0005896103026677142,0.0002930999131198872
5618,1,0.7760469777930449,0.7700092274833606,0.7816409273254288
5619,0,0.0937458463523536,0.2280297279330905,0.019751465516010185
5621,0,0.0004096964448046,0.0006264864227635767,0.000333259693445304
5622,0,0.0049836796283026,0.005729045204799843,0.004394568598024782
5623,0,0.0004605843856286,0.0004571937083503071,0.00036510557742156115
5625,0,0.0005136353347488,0.0005102446574705571,0.00040636626275219285
5626,0,0.0006090843339551,0.0007418263511349084,0.00036198991762682924
5627,0,0.0002772274918703,0.00027654648892312737,0.0002750756371696587
5628,0,0.0005017020246049,0.0006378768394065585,0.0002547938224958169
5630,0,0.0010846145378269,0.0010622852360147447,0.000810180175742893
5632,0,0.0006265219832023,0.0007626967980040083,0.0003796137810932669
5633,0,0.0047692518958733,0.004919184693497126,0.004178096993080869
5634,0,0.0023134725440704,0.002521330930888986,0.0021009086821393314
5635,0,0.0079101899249973,0.00865214295589179,0.007369234535666478
5636,0,0.0013705825996238,0.0014641646343218984,0.0011207636269678794
5637,0,0.0008241271856625,0.000702214655214112,0.0006705696106010619
5638,0,0.0009537063421662,0.0011464739483838832,0.0008228838155207505
5639,0,0.0005971574662034,0.0005937667889251071,0.0005423627092038449
5640,0,0.0007348831347515,0.0008715037761494084,0.0004884207592386669
5641,0,0.0023585226569575,0.002316151764437533,0.0018443982611487757
5642,0,0.0006929710180548,0.0006895803407765072,0.000638176261055245
5643,0,0.0009271448978454,0.0010633197126470584,0.0006738299942029331
5644,0,0.0006439760029688,0.0007604223583262777,0.0004404078725412299
5645,0,0.0020649368509246,0.002297052002087529,0.0018378881246626122
5646,0,0.000893797149482,0.0010265391666618084,0.0006425220922759177
5647,0,0.0010904439926679,0.0011597282753330143,0.0010026168541822746
5648,0,0.0064077131763324,0.006493048254382626,0.005963420182564011
5649,0,0.0311568990986673,0.03266996206944367,0.029758937295419736
5650,0,0.041901887337827,0.04837913818360216,0.03682716333302444
5651,0,0.0484248238222688,0.05233249832479518,0.04515158851543393
5652,0,0.0299797428662225,0.033654265665010175,0.02929458455391404
5653,0,0.0248378527068514,0.03605169699559404,0.012490474743078355
5654,0,0.034189878299298,0.037954052881574246,0.031172264665991826
5655,0,0.0004185084440381,0.00047553253997610303,0.0003852780642878839
5656,0,0.0025725691331624,0.0030157889173943963,0.0023332184685607047
5658,0,0.0011673424196829,0.0011342180670481667,0.0010537491317984854
5659,0,0.0134148140739597,0.014071027005101388,0.012780098741151755
5660,0,0.0010847336924837,0.001257951658905807,0.0009379117885478094
5661,0,0.0004246321183788,0.0005925890597411034,0.0002585466178723168
5662,0,0.0025010740301553,0.002474157234938877,0.0018803333879046896
5663,0,0.0004856641979814,0.0005933451482748142,0.0002950375128656474
5664,0,0.000572554047644,0.0006736297221528141,0.00037532208674364746
5665,0,0.0004641299899692,0.0006236921348366572,0.0002972250221876417
5666,0,0.0005579517822861,0.0006118890619300848,0.0005267241366413762
5667,0,0.0006758744401806,0.0006327515143623337,0.0004530500673479985
5668,0,0.0005402671188443,0.0006921648617546411,0.00038652058940743096
5670,0,0.0005902834956788,0.0006913591701876642,0.0003930515347784974
5671,0,0.0016610423749612,0.001933007394671748,0.001118236944684436
5672,0,0.0004703798747633,0.0005005362600833785,0.00043425417613784635
5674,0,0.000608996980654,0.0005625915849393009,0.0004337588062354431
5675,0,0.0013165529003293,0.001596479683996207,0.0011443844577744588
5676,0,0.0004815761539347,0.0005826518284435142,0.00028334492726907195
5677,0,0.000443845570226,0.0005804043010472033,0.00025530933574498575
5678,0,0.0057630015883526,0.006210184142504558,0.004839149615963257
5682,0,0.0025619437232897,0.0027964388735267406,0.0018843020672494938
5683,0,0.0031146320762233,0.003484926923978539,0.002712972841081073
5684,0,0.0004146784413757,0.0005964957140439034,0.0002581137997848417
5685,0,0.0003701509256201,0.0003348544160310256,0.00024924446656279353
5686,0,0.0009623438767973,0.001129208174868289,0.0006883652836041714
5688,0,0.0025547740984883,0.0025926424976079566,0.0025351086274206904
5689,0,0.0017364912352976,0.0020764271146793524,0.0012352702780277199
5690,0,0.0003898569356746,0.000762881474659868,0.0004573692660575593
5691,0,0.0027982298335217,0.0025980427982023463,0.002508810825052441
5693,0,0.0043511936296443,0.005060060382451254,0.0035520763090616412
5694,0,0.0006641705389544,0.0007444673495301641,0.0004651118443136752
5695,0,0.0005589723986692,0.0005453459738973055,0.00043773536090290535
5696,0,0.0005115182214822,0.0005812041420459704,0.00048123872220970224
5697,0,0.0004050196016512,0.00036972309206217556,0.0002884801993694964
5698,0,0.0039302311652287,0.004867563915109559,0.0026454453457424223
5699,0,0.00791527503264,0.008852607782520859,0.006759998879505179
5700,0,0.0009549338205281,0.0013053314937138277,0.0010076525874945983
5702,0,0.0050644692861306,0.005441003753118595,0.003908026967898567
5703,0,0.0007103751221677,0.0007296457118054782,0.0003523225477980943
5704,0,0.0011735794594144,0.0013415364007767533,0.0010031544865176916
5705,0,0.0074520951364042,0.007899277690556207,0.006410622406474569
5706,0,0.0004825228577024,0.0005628196682782142,0.00026630927873038724
5707,1,0.9629217282428892,0.9604236110877433,0.9642394579959135
5708,0,0.0005671693505012,0.0005481860694256572,0.00046429747001547485
5709,0,0.0004334852751296,0.0006153025477978033,0.00027197574825610875
5711,0,0.0014395108205615,0.001407056285658968,0.0011504505623663897
5712,0,0.0007364202846738,0.0008009263254604084,0.00042162119431056927
5713,0,0.0060067553802717,0.0066140444637103404,0.005163279258163159
5715,0,0.0005569749980926,0.0007010552009690572,0.0003819645438813053
5716,0,0.0004229162544897,0.00041351446674471116,0.00039034562083652515
5717,0,0.0036873889145617,0.004418250862369883,0.0025068417367685738
5718,0,0.0005919151090897,0.0005436730942266091,0.0005469613691085727
5719,0,0.0005091749145419,0.0004894710087501256,0.00045438015754234494
5720,0,0.0011149882442057,0.001605704463918783,0.0009117088946895421
5721,0,0.0037959319411968,0.004147818050171233,0.0035152199053897584
5722,0,0.0023299438824993,0.002478993323616058,0.0022818594118084786
5723,0,0.000714141144126,0.0007005147193541053,0.0006313711718649202
5724,0,0.0016660780399757,0.001662126447282009,0.0015596652805652692
5725,0,0.0015126027701156,0.001169841217115133,0.0011373953572261523
5727,0,0.0033043698218815,0.0033939778731155636,0.002563198631028006
5728,0,0.0011448970393401,0.0012735242141838072,0.0009315618634137966
5729,0,0.0016202414997258,0.0015834980065324506,0.0013944618264548415
5730,0,0.0011525843548122,0.0011336010737366571,0.001080435106095308
5734,0,0.0277584066773878,0.032044710597111295,0.02313580144525008
5735,1,0.9752247072584304,0.9740028319600003,0.9757391719017143
5736,0,0.0241514152098791,0.034695814249835796,0.016665662263614524
5738,0,0.0301863473745353,0.03975768807656019,0.034608139335318144
5739,0,0.016504121994949,0.017141220021670418,0.015466646732700259
5740,0,0.0004784503500013,0.0005182348196033177,0.00048087754238971647
5741,0,0.0005752006658201,0.0007431576071824034,0.00040911516531361684
5742,0,0.0005019764579019,0.0006030521324107142,0.0003047444970015474
5743,0,0.0010651152494076,0.0015083350336396462,0.0008224982081885884
5745,0,0.0004021150423014,0.00038313176122585713,0.00028120858324414354
5746,0,0.0006663133702693,0.0007041817693890068,0.0006466478992017402
5748,0,0.0004020357920033,0.0005699927333656533,0.0002316108191065917
5751,0,0.0008502680825165,0.0009105630418707585,0.0005384529008451749
5752,0,0.0003481920797965,0.0003292087987209071,0.0002312356631191025
5753,0,0.000461327814012,0.0007162232279765015,0.0003673518769417687
5754,0,0.0015904787988061,0.0015820246103624186,0.00109696259840133
5755,0,0.0004099337334216,0.000478192318135086,0.00048270605672920923
5757,0,0.0047732268716371,0.005619034230264259,0.0036620102223319743
5758,0,0.0059935460764173,0.006839353435044458,0.004946781793524662
5759,0,0.0004335284959137,0.0005032144164775203,0.0003974027972882463
5760,0,0.0004218219315962,0.0005813840764636071,0.0002549169638145917
5761,0,0.0004957398364267,0.0006553019812941571,0.0003288348686451417
5762,0,0.006652168881568,0.007497976240195159,0.005650692545278634
5763,0,0.0069053958870212,0.007842728636902059,0.005835791065320189
5764,0,0.0005367571148313,0.0006378327893401642,0.0003441021059319221
5765,0,0.0004330284464612,0.0005407093967546642,0.00025804775054514884
5766,0,0.0009690510229861,0.001142268989408157,0.0008158018767591417
5767,0,0.0016597985543129,0.0017975219283995415,0.0012526687511249725
5768,0,0.0017368649655186,0.002074986027094548,0.001267212639040146
5769,0,0.0019146228127897,0.0018778793195963006,0.0016827783604034937
5775,0,0.000365427020677,0.0003301305110879256,0.0002491757063551455
5776,0,0.0005427180387316,0.0005095936860969168,0.0004364113844372032
5777,0,0.0076200126970723,0.008348967877259654,0.006910119712907233
5778,0,0.0012664320132339,0.0012296885200405506,0.001034587560847744
5782,0,0.0004904059999011,0.0006636239663231571,0.0003371568536741417
5783,0,0.0005686218776141,0.0007365788189764534,0.0003932520194347588
5784,0,0.0004932403400381,0.00047425705896250714,0.0003851294825387061
5785,0,0.0016133214902524,0.001828516941071898,0.0011848553798671133
5786,0,0.000491070538481,0.00047208725740540715,0.00038903545141011933
5787,0,0.0006086493459513,0.0006889461565271141,0.0003993994006912115
5788,0,0.0003571835886336,0.00032188707904452557,0.0002551485015627193
5789,0,0.0004825114818245,0.00046352820074890713,0.0003804763947536193
5790,0,0.0016941785824204,0.0018420841135171294,0.001158923542482981
5791,0,0.0005791615888091,0.0006132346607646267,0.0005480262857702746
5792,0,0.0006650573764947,0.0007247987115699085,0.0003465965418909846
5793,0,0.0008742498377291,0.0010474678041511572,0.0007210006915021416
5794,0,0.0006667857343702,0.0006531593095983055,0.0005754113430996453
5796,0,0.0007643959326578,0.0008241372677330085,0.0004472959231339452
5797,0,0.0030163280457141,0.0034615649246718424,0.0027621110968193714
5798,0,0.0009965956821169,0.0012622141334216416,0.0007103641094308665
5799,0,0.0007807783321705,0.0009087155560030767,0.0009147287071106122
5801,0,0.0011084066246358,0.001237749920962439,0.000843647525814445
5802,0,0.0024865362370137,0.0030922606422227415,0.0023275202841487666
5803,0,0.0011141882054054,0.001246450254770598,0.0010806508925029663
5804,0,0.0009718558664,0.0011450738328220571,0.000814213551598005
5805,0,0.0055932890978587,0.006789786131662947,0.005135189005260964
5806,0,0.000839698892097,0.0010076558334593034,0.0006686919636700075
5807,0,0.0030757206493793,0.003631596191998618,0.002800537589322247
5808,0,0.0015773948626372,0.0016248271932756142,0.0015569138761084523
5809,0,0.0009497096489858,0.0010147625951291584,0.0006486160315925025
5810,0,0.0023755498323919,0.002607603996754149,0.0020748490116792528
5811,0,0.0010536705105794,0.0011139654699336584,0.0007354249661902991
5813,0,0.0009265805385832,0.0010861426834506572,0.0007341633787108423
5815,0,0.0030071485312287,0.0031070766123627077,0.0025806502567953583
5816,0,0.0058048406748161,0.0065413281621822935,0.004351318327600487
5817,0,0.0046458259816077,0.005127996547337781,0.0027055588379732132
5819,0,0.0520858582858101,0.04640393197430661,0.03892678901123871
5820,0,0.1282413573772238,0.1080354097665317,0.11043584372878543
5821,0,0.0467905948291027,0.060327222162861724,0.03226211817772121
5822,0,0.0508325138757673,0.05616046212706592,0.03246212775192436
5823,0,0.0517160204586732,0.05008149310328392,0.04443967158808324
5825,0,0.0425993936428247,0.041790828699169794,0.04154869692418997
5826,0,0.1017048012350972,0.1205719921570333,0.08534894158926928
5827,0,0.041644004470663,0.03943835244625089,0.03084437184576069
5829,0,0.0004216240291486,0.0005895809705109033,0.0002555385286421168
5830,0,0.0003911166236958,0.0005506787685632072,0.00022855112830446684
5831,0,0.0024452967189883,0.0026566296057700905,0.002595829001627399
5832,0,0.0009173741208488,0.0008412175179683947,0.0007560523299524062
5833,0,0.0003795537366804,0.0005527717031025072,0.00023064406284376682
5835,0,0.0010479196288968,0.0011176514596078137,0.0009110863565451052
5836,0,0.0004554516007014,0.00046913667923887504,0.00041717048456219453
5837,0,0.0005274223916528,0.0005871637267280584,0.00021306632985108138
5841,0,0.0009486719025949,0.000962356981132425,0.0009103907864557446
5842,0,0.0005570305335121,0.0006173254928663584,0.00023997116297984914
5843,0,0.002003187053766,0.0031944292094069357,0.001262560906889709
5844,0,0.0005501330708818,0.0006104280302360584,0.00023307370034954912
5845,0,0.0005384996907091,0.0005982410257843084,0.00022088669589779913
5846,0,0.0005035888587315,0.0005112666044197717,0.00045713071893044776
5847,0,0.0003283358959254,0.0005015538623475072,0.0001750867496984917
5848,0,0.0007759092631139,0.0009243320006008507,0.0005763840901391974
5851,0,0.0003563376725812,0.0005158998174486072,0.0001894327047995917
5852,0,0.0004253067153526,0.00040632343427700714,0.000322344624070762
5853,0,0.0005151447833007,0.0004820204306660168,0.00042963914364218365
5854,0,0.0005015273546046,0.0005631170758174755,0.0003093358950763354
5855,0,0.0015596276374865,0.0018998489874933293,0.0013303635859475663
5857,0,0.0004636810657315,0.0005148337200080199,0.0004912677325885819
5858,0,0.0006865506459615,0.0007762331467679833,0.0007579879754294999
5859,0,0.0041636502586456,0.005354892414286485,0.0035425771930381266
5860,0,0.0004735498870189,0.0004545666059433571,0.00037058779573711197
5861,0,0.0005355821266084,0.0006200897798332869,0.0005813305821503593
5862,0,0.0011685907642228,0.001092434161342395,0.0011723942523597015
5863,0,0.000701338363525,0.0007610796986002084,0.00038926687414844453
5864,0,0.0005202903275953,0.0006871561911062181,0.00036654379815843094
5865,0,0.0005218227400324,0.0005558958119879266,0.0005187440107198273
5867,0,0.0009471806836705,0.0010338187849085949,0.0005822381368753967
5868,0,0.0020697086172779,0.002126359264317845,0.0017170233451368694
5869,0,0.0004300461675867,0.000807618422470718,0.00048664681038848703
5870,0,0.000713020069816,0.0006907577661593168,0.0006278477840172754
5871,0,0.0007940441664318,0.0009459419093421411,0.0006402976369949309
5872,0,0.0005645321028698,0.0007324890442321533,0.0003880172986803831
5873,0,0.0005282024546194,0.0005092191735438571,0.0004233117652534397
5875,0,0.0005841182901601,0.0006438596252353084,0.0002665052953487991
5877,0,0.0009592144784904,0.0012750730026249058,0.0007648833223802248
5878,0,0.0006944780500749,0.0007589840908615584,0.00037521274038382325
5879,0,0.0007891290391188,0.0008457796861587448,0.0004172504019829572
5880,0,0.0009907551480531,0.0011346735515159693,0.000858385920621375
5881,0,0.0013060860462309,0.001740546268276189,0.0008999630867040725
5882,0,0.0005986453156272,0.0006063230613155218,0.0005521871758261978
5883,0,0.0005868570214967,0.0007464191663641572,0.0004150071684325088
5884,0,0.0008556509256154,0.001022516789126368,0.0007015451770441371
5885,0,0.0015605615811854,0.001875941009883148,0.001801406403474345
5886,0,0.0006810045986708,0.0008478704621817179,0.000526898850099487
5887,0,0.0005028578267811,0.00048387454570555715,0.00040082273971026933
5888,0,0.0007440660887331,0.0009982324964414905,0.0005028316060293729
5889,0,0.0007252081104392,0.0007918867034833141,0.0005163792536650578
5890,0,0.0032890042510496,0.0033434344022594664,0.0023989996619464796
5892,0,0.0024443678359849,0.003952332909536647,0.001791265782379087
5893,0,0.0007275283357482,0.0007430783192108768,0.0007003136556813692
5894,0,0.0015195241120005,0.0018157583880392993,0.001080138900409175
5897,0,0.0022320461179697,0.0024162976011222826,0.0016823707295460953
5898,0,0.0008825202702585,0.0008618658473098753,0.0006745563001326315
5899,0,0.0027367621480621,0.0033944187582332125,0.0023755779465994523
5900,0,0.0031968258261128,0.0027975081904959846,0.003704419876832914
5901,0,0.0007862190627108,0.0007672357816352071,0.000714340142262152
5904,0,0.0023253660789041,0.0024682047128913014,0.0022968441989850664
5907,0,0.0013389923986812,0.0013820131084554667,0.001372600745764245
5908,0,0.0057364997848062,0.006110381714195458,0.005795627835902976
5909,0,0.0226339566327641,0.024289753887306417,0.01802062725606687
5910,1,0.982594491376388,0.9851087101805388,0.980584014957623
5911,0,0.0005136743571391,0.0005714821356167141,0.0003096426150888896
5912,0,0.0258785096446267,0.027449822260465745,0.023138666772466277
5913,0,0.0005640147315297,0.0007372326979518071,0.0004269520054359807
5914,0,0.0004672627682367,0.0004174613989601215,0.0003264285262455158
5915,0,0.0003746941581042,0.0005479121245263071,0.00023527006943628237
5917,0,0.0004540181330796,0.0005193720085899142,0.00025753248806208954
5918,0,0.0016643448828146,0.002336521831567015,0.000978413147378872
5919,0,0.0003675710826704,0.000446988967426357,0.00035873499634979145
5920,0,0.0007989710313043,0.0009674237822844138,0.0006258636582464866
5921,0,0.0006912747444054,0.0008556221916214555,0.000626681890178938
5922,0,0.0019863479484597,0.0031775901041006358,0.0012549726879090462
5923,0,0.0004188403452916,0.0006898166217191498,0.0002465024712844476
5924,0,0.0002959537044576,0.00027377509248386147,0.00020465799134939444
5925,0,0.0015009485588849,0.002385171391407968,0.0013797087899748402
5927,0,0.0007727932694806,0.0012520755368506296,0.000397242687265695
5928,0,0.0009537867987559,0.001127004765177957,0.0008094545614661189
5930,0,0.0003663780263598,0.0003613980652646709,0.00026974347115293787
5931,0,0.0008222111285304,0.0007578669422587693,0.00047653975867458886
5932,0,0.0016731302041735,0.002276733537824558,0.0008616332776630914
5933,0,0.0004315860230753,0.00044813848595360467,0.0003916311067462575
5934,0,0.0017690942258722,0.002425307157013938,0.0011554376295767662
5935,0,0.0021211243320277,0.0020713229627511718,0.001980290090036566
5936,0,0.0003457595038479,0.00030793491109270215,0.00025446379073964446
5937,0,0.0005900011327667,0.0006221180967292453,0.00028677284425508644
5939,0,0.0005859597357503,0.0006407957475363254,0.0004102582580601975
5940,0,0.1168620433081553,0.11754853188289714,0.1156484694557516
5941,0,0.0007801581908633,0.001096016714997806,0.0005995786217469031
5942,1,0.0005588392973187,0.0008298155737462498,0.00038437118056490114
5943,0,0.000759950746166,0.0008140922326568584,0.0004414116967674683
5944,0,0.0005527514338998,0.0005337681528242572,0.0004675886906318835
5946,0,0.0012893210697981,0.0016295424198049294,0.000920758303986722
5947,0,0.0004486793550868,0.0006166362964491534,0.0002854334986684116
5948,0,0.000662139388014,0.0006485129632420554,0.0005395255593926044
5949,0,0.0010865531798806,0.0010374305023252584,0.0006647499664358683
5950,0,0.0005484325814092,0.0005891848657921244,0.0004360808848513903
5951,0,0.0008544841074967,0.000907221969088255,0.0008061423536020215
5953,0,0.0006062784112592,0.0005872951301836571,0.0005039985961771775
5954,0,0.0008947395519179,0.0008951869487603254,0.0007367462913027477
5957,0,0.0004501454948732,0.0008631220530835584,0.00048813529701956286
5958,0,0.0004004404866435,0.0005736584530656072,0.00026046248830116745
5960,0,0.0024750062444843,0.002404796952449088,0.001695926668161762
5961,0,0.0014290614194188,0.0013937649098297756,0.0013639208374919259
5962,0,0.000769377928726,0.0008235194152169084,0.00042906701165279347
5963,0,0.0007272479037904,0.0008915953510064054,0.0006895591255213317
5964,0,0.0004438112117536,0.0004949638660301199,0.00041969499855010114
5966,0,0.0007905348551286,0.0008670517361093026,0.0008177751908334355
5967,0,0.0021237454517268,0.0023811124090250477,0.0016984983278040832
5968,0,0.0013768581703262,0.0018398278961448962,0.001109490295286999
5969,0,0.0025062063408693,0.0032273344222433042,0.00184878251420019
5970,0,0.0006304221239183,0.0007899842687857071,0.00047243406507386897
5971,0,0.000732151641045,0.0007490928249784754,0.0005292349512442479
5972,0,0.0020136803311756,0.0021732424760430072,0.001852157839356151
5973,0,0.0020664108550175,0.002355541731979498,0.0015561565376337903
5974,0,0.0030267602326307,0.003451589320437724,0.002133378975935478
5975,0,0.0009914097421186,0.0010791800235652245,0.000980972176194437
5976,0,0.00206880543059,0.0020689753530825756,0.002013743590177834
5977,0,0.003002936871547,0.0031831354915590167,0.0025318858927499983
5979,0,0.0008817473177077,0.0009180521396758082,0.0009197274749807691
5980,0,0.0013579464282187,0.0015136119655542533,0.0011697358102183643
5981,0,0.0013992717114057,0.0013639752018166256,0.0013540673717366706
5982,0,0.0024787843115658,0.002891526113039581,0.0018700559608785157
5983,0,0.0007484627381268,0.0008067940287788927,0.0006990944985988869
5984,0,0.0008740885820309,0.0010305530621958032,0.0006845296980465876
5985,0,0.0029270304773584,0.0032189465073928086,0.002511470157693013
5986,0,0.0092327297709334,0.009395462091636952,0.009028872610096612
5988,0,0.005242551218758,0.005257347650588605,0.003220018078359625
5989,0,0.2497631422404771,0.3101772603157391,0.2553635375609073
5990,0,0.0258945331599989,0.025791275423403814,0.020156406843093486
5991,0,0.0265063788557209,0.029936282981984384,0.02440981428083587
5992,0,0.0946362393350376,0.0853606829127959,0.07769615491422076
5993,0,0.0344641751850743,0.04655557737181777,0.036164422254489355
5994,0,0.1585324977162187,0.1457033380654184,0.26711046669768407
5995,0,0.0590986341607356,0.06110158533115566,0.05436420811974592
5997,0,0.2124591405961772,0.1822830107250808,0.16458362702653095
5998,0,0.070545431317317,0.0745552944180747,0.06832324751743382
6000,1,0.2055433147370375,0.19524051282614416,0.13521792949489345
6001,0,0.0004128625037696,0.00036530664397210934,0.0002239421699890623
6002,0,0.002109693916067,0.002551628111606596,0.001878929671723642
6003,0,0.0009320273829913,0.0011052453494133571,0.0007926032943233324
6004,0,0.0005240895824083,0.0005562065463708453,0.00022022715602723787
6005,0,0.0019859909843772,0.002002828526960385,0.0020621990016346523
6007,0,0.0022253260129276,0.002377223755837941,0.0020877379571909685
6008,0,0.0035963057325292,0.0038001250357559517,0.002376117861404574
6009,0,0.0004871649710334,0.0008030234951679559,0.0003153980218214313
6010,0,0.0007230697806538,0.0008874172278698555,0.0006584769264273379
6011,0,0.0004384706078666,0.0007543291320011559,0.0002596028889192976
6012,0,0.0003779252234905,0.0005374873683579571,0.00021993716464611894
6013,0,0.0009129733666859,0.0012980866374561295,0.0006133664611067645
6014,0,0.0008565261819374,0.0009845837067281853,0.0006014091930047278
6015,0,0.0002818204033093,0.0002465238937202256,0.00017954058822722746
6017,0,0.0012714196793202,0.0016493349138503978,0.0008754221353704419
6018,0,0.0011459123574243,0.001406940303145648,0.0007768507554189398
6020,0,0.0005154692405666,0.0004964859594910071,0.0004131894254845275
6021,0,0.0004908756748268,0.0005226074808991254,0.00029439002980928954
6022,0,0.0004953932418326,0.0006472909847429912,0.00035206864928326293
6024,0,0.002429704268052,0.0034578106190171856,0.0021566707744881865
6025,1,0.95756724720341,0.9563968677707861,0.9599415706116167
6026,0,0.0025166803246616,0.003237808406035554,0.0018197135989187654
6027,0,0.0007502080581191,0.0011934278423510962,0.0004962442344688973
6029,0,0.0040882038871171,0.004171384490768103,0.004196880787178877
6030,0,0.0037703878547884,0.0038282041375594764,0.0035293445432024364
6031,0,0.0156243208090556,0.015565438776506995,0.015329753822697407
6033,0,0.0006828559691581,0.0007375589763585084,0.0003648784404691182
6035,0,0.0032517319141131,0.0035115092665950337,0.0030127741566886206
6036,0,0.0004905362483818,0.0006637542148038571,0.00035092720418574417
6037,0,0.0011608444636996,0.0016040642479316462,0.0009076311331481893
6040,0,0.0015880574505903,0.0018566857247100481,0.001173615532083491
6041,0,0.0038225345903834,0.0041627559403901795,0.0040235971862483625
6042,0,0.0009030002216139,0.001346220005845946,0.0006497868910624893
6043,0,0.0005843340738292,0.0006440754089044084,0.00027226258445264454
6045,0,0.0004868288137188,0.00046784553264325713,0.0003937408179007693
6046,0,0.0022042107692049,0.0035067972249032747,0.002215305353896686
6048,0,0.0005372859339373,0.000704151797448218,0.00038661017167157665
6049,0,0.0004801877554825,0.00046120447440690715,0.00037529706611648975
6050,0,0.0004712101923063,0.00047590015123432034,0.0004255513292930009
6051,0,0.0005307291516601,0.0005639214759304274,0.00045071280625951903
6052,0,0.0010869388725602,0.0011726960508299702,0.0008766828687344775
6054,0,0.0007655206172608,0.000845858440369555,0.0007956573554446696
6055,0,0.0004903721075363,0.0005781423889829245,0.0003950931448265078
6056,0,0.0007170367528634,0.0006980534717878071,0.0006652798235286328
6057,0,0.0041405373885777,0.004107413035943017,0.004639198996776254
6059,0,0.0006852518633265,0.0007076830637708584,0.0003552204702809258
6060,0,0.0026338673102284,0.002629484214326691,0.00239565366710751
6061,0,0.0004570814251392,0.00042178491555017563,0.0003835182403000887
6063,0,0.0009104117435259,0.0010598742990075704,0.0006852671376966018
6064,0,0.0006417691998875,0.0008209599471880534,0.0004570658408381923
6065,0,0.0014894173825708,0.0015855383743195554,0.0013610685555200085
6066,0,0.0013383324426002,0.0014261027240467744,0.0013954337644205947
6067,0,0.0011991991908231,0.0013660650543340681,0.0010416446607185192
6068,0,0.00080254665032,0.0008670526911066584,0.0005009061275700024
6069,0,0.0022989909832016,0.002351858939009898,0.002333631654465411
6071,0,0.0007031758142521,0.0007559136758436049,0.0007919272484243787
6072,0,0.0006362505993102,0.0006172673182346571,0.0005537839321759953
6073,0,0.0017087307279855,0.001645151582248909,0.0016488945899078601
6074,0,0.0021473806932501,0.0021142563406153668,0.002137548302378693
6075,0,0.0012102646278979,0.0012980349093444745,0.0011149856651880578
6076,0,0.0012522588616788,0.0012805064152258585,0.0009294110925504506
6078,0,0.0028350061905846,0.0030049475422003376,0.0028917200053538037
6079,1,0.9614309044716698,0.9618806080247736,0.9632728525262348
6080,0,0.0477676371864046,0.06461556287363132,0.036705244203575293
6082,0,0.0307026911188552,0.04846748318748854,0.02605692720107699
6083,0,0.0426535100256925,0.051113560036589754,0.04670257794594062
6085,0,0.0003539184274676,0.0003317398154938114,0.00026262271435934447
6086,0,0.0004082839414626,0.0005678460863300072,0.00025520403123998237
6087,0,0.0004446620224006,0.00042567874132500716,0.00033167223955649956
6088,0,0.0003822732424962,0.000435011104087755,0.00032985240427415983
6089,0,0.0006114937187673,0.0006992640002139244,0.0005162147560575078
6090,0,0.000655768953555,0.0007435392350016244,0.0005967417717139511
6091,0,0.0017107106987633,0.0017654137059637586,0.0013961938910033657
6092,0,0.0021121951496513,0.0024973084204214795,0.0017550428075410822
6093,0,0.0006954536568804,0.0007501566640808584,0.0003809368491204657
6094,0,0.0041358132453503,0.005438399701048675,0.0036195394071046193
6096,0,0.000428980135425,0.0004153537106531054,0.0003216333068038266
6097,0,0.0004843748355641,0.0005085605446037254,0.00028034309351388957
6098,0,0.0003765283373479,0.0005444852787102534,0.00021502027338836895
6099,0,0.0019616016613046,0.0019284773086699167,0.0019039555496024418
6100,0,0.0004043276411255,0.0005711935046364179,0.0002610030485761129
6101,0,0.000626543122388,0.0006794110781962981,0.0006098696547090048
6102,0,0.0012721626860391,0.0013048411707111953,0.0009526498145694446
6103,0,0.0004421406100681,0.0007131168864956497,0.00026980273606094763
6106,0,0.0004855486469575,0.0005687292506085026,0.0004568625795431898
6107,0,0.0025820262358193,0.002642111967333764,0.002549009291767669
6108,0,0.0209355460281855,0.0210937451739431,0.026277130226453636
6109,0,0.0010031868972609,0.0010779342111965754,0.001054771136359049
6112,0,0.0003896545332047,0.0005576114745670534,0.00022814646924516896
6113,0,0.000593440963604,0.0007453387065143411,0.0004501163710546129
6114,0,0.0004162623982489,0.0005894803646709571,0.00027193016095911895
6115,0,0.000409651124182,0.00045832797176413256,0.0003255569445183598
6117,0,0.0003949087852037,0.0005628657265660534,0.00023775496019156744
6118,0,0.0015752721589358,0.0016074347347947715,0.0015583933385757672
6119,0,0.0064664273964307,0.007731484942637527,0.005162747038033619
6121,0,0.0006365690829192,0.0006963104179944584,0.0003189560881079492
6123,0,0.0018445059113826,0.0021447938559003795,0.0014152786788705807
6124,0,0.0008749680652746,0.0008973992657189585,0.0005224125096549629
6125,0,0.0004868649148944,0.0006600828813165072,0.00034725587069839417
6126,0,0.0022153151501656,0.0021821907975308665,0.0021298095105070337
6127,0,0.0021709615871909,0.002827174518332588,0.0016266150095953986
6128,0,0.0446591075584307,0.046983892850625736,0.04314226609154849
6129,0,0.0003582857247063,0.0008103241293130084,0.13009975780599664
6130,0,0.0007537791007461,0.0008115953835172262,0.0005144191518875759
6131,0,0.0009503337865865,0.0009581823923661282,0.0006012598617203502
6133,0,0.0005594667364929,0.0005163438106746337,0.00035706260939365566
6134,0,0.0004439144562581,0.00042493117518250715,0.0003418793691872193
6135,0,0.0006061183729009,0.0006146279671389754,0.00039534448026273664
6136,0,0.0009322778789485,0.0010472523192952355,0.0007324548805763137
6137,0,0.00111638280235,0.0014236044231910982,0.0007438271455584603
6138,0,0.000966105204791,0.0011180029477013912,0.0008227806122416629
6139,0,0.0005224973189618,0.0005035140378862571,0.0004350220455675095
6140,0,0.0006024264763614,0.0005671299667723256,0.0005372858944344758
6141,0,0.0006209052509382,0.0005856087413491756,0.0005557646690113258
6142,0,0.0006806108086728,0.0007571276896535026,0.0006294748795588977
6143,0,0.0009902848990622,0.0010133223320290083,0.0006476615945934541
6144,0,0.0006593345959067,0.0008188967407741071,0.0005060697301559942
6145,0,0.0005748596841351,0.0005833692783731254,0.00034148389799285787
6146,0,0.0007278088139238,0.0009987850903512997,0.000547760932293352
6148,0,0.0035632266907826,0.0035709044364708718,0.0035167685509815477
6149,0,0.0007653517691887,0.0007575311040332754,0.0005126793013707875
6150,0,0.0019793708899542,0.0022357023558406495,0.0014486793760015496
6151,0,0.0025520418374625,0.0026468755088576855,0.0022428540986895195
6152,0,0.0007916417413232,0.0007838210761677754,0.0005389692735052875
6153,0,0.0004984458008366,0.0004631492912475256,0.00039619523674240954
6154,1,0.910989386881392,0.9034321339609588,0.9099730355426707
6155,0,0.0012021589641854,0.0012251963971522584,0.0008727338036623258
6157,0,0.0005960763658275,0.0006292686900978774,0.0005582196708386548
6158,0,0.000741426508497,0.0009146444749191071,0.0005752027618582877
6159,0,0.0010599449969863,0.0012331629634084072,0.0008953096030075854
6160,1,0.8032574184284818,0.7655414056272677,0.832420365727598
6162,0,0.0011138410502081,0.0010055815449284506,0.0011778165098557066
6163,0,0.0013896794434612,0.0013180884266359365,0.0013300134191790616
6164,0,0.0060582188681504,0.007482243670959855,0.006958816778153842
6165,0,0.0055340332760427,0.004780590174086361,0.0027408011757785655
6166,0,0.026643968269526,0.030744209108849056,0.02399311409818245
6167,0,0.0448227782092987,0.048010509829403414,0.0372010752689966
6168,0,0.0150946479095327,0.01988218151835324,0.01513906910855837
6169,0,0.0500846912128081,0.05691290740339462,0.042291793368325246
6171,0,0.0174766417834822,0.01903888746653954,0.015407473981228931
6172,0,0.0411215333758288,0.06986020447494917,0.038694807834609
6173,1,0.024241192666172,0.02756875917632407,0.024825909206005674
6174,0,0.000650394601634,0.0007050976088344583,0.0003358777938740656
6176,0,0.0006272009757171,0.0007158964698563263,0.00032628726145602797
6177,0,0.0006899282659773,0.0007123594664216084,0.0003587166546519013
6179,1,0.8245838049178622,0.8233649255801574,0.8270364092552138
6180,0,0.0016486858332359,0.0020919056174679464,0.0014694245725056442
6181,0,0.0004485275199467,0.0006164844613090034,0.00029537530509781524
6182,0,0.0007686342732649,0.0009329817204809554,0.0007040414190384379
6184,0,0.0007206765787131,0.0007431077791574084,0.0003853534566513605
6189,0,0.0006024188768677,0.0006789357578484026,0.0006186996259733523
6192,0,0.0004948359989714,0.000547703954779748,0.0005294766702352612
6193,0,0.0005965779294695,0.0009124364536040059,0.00042350003795874584
6194,0,0.0006359860933993,0.0006584172938436084,0.0003006629713375605
6196,0,0.0005783623021802,0.0006330653093806084,0.00026038477349121824
6197,0,0.0005490217149204,0.0006037247221208084,0.00023104418623141827
6198,0,0.0005377557470311,0.0006142726280118527,0.00043654828303352233
6199,0,0.0004059441082349,0.0004546209558170326,0.0004033344960840012
6200,0,0.000482808676613,0.00046382539553745713,0.000379846585331212
6201,0,0.0007824908895527,0.0009105484143434854,0.0005842563510086036
6202,0,0.0009826381908018,0.0009199683354617448,0.0005954174156627909
6203,0,0.0051665457384497,0.005166740934791486,0.006356946624018631
6204,0,0.0010459063994886,0.0012284975983046906,0.0008727717994234617
6205,0,0.0006375839272793,0.0006617696363189754,0.00043969835652985217
6206,0,0.0013264189366375,0.001339340442173248,0.0013102176950852001
6207,0,0.0006337847128409,0.0006664631975129954,0.00031427184137124457
6208,0,0.0006092978554262,0.0006334835644658254,0.00041867261432625597
6209,0,0.0008122360538716,0.0012554558381035962,0.000577153644949078
6211,0,0.001503849530978,0.0018440708809848295,0.001135286765166622
6212,0,0.0030703107411858,0.003996089649222836,0.0022927797680480874
6214,0,0.0006038951491699,0.0006360121131323954,0.00028382075699064454
6215,0,0.0013337806855339,0.0016480424848251982,0.0009290979713926795
6217,0,0.0009383084136336,0.0010486422134044755,0.0008157108033177107
6218,0,0.0005804471703042,0.0007484041116665534,0.0004175426266345999
6219,0,0.0024112746047934,0.003564963415711859,0.0017088114232817414
6220,0,0.0009188037324638,0.0011604391095628916,0.0006249603471256038
6221,0,0.0008440147225793,0.0009271953262303026,0.000721792415014557
6222,0,0.0024202192048003,0.0036700798812611245,0.0028639146866284823
6223,0,0.0004366862435799,0.000489554199388198,0.000378112379540645
6224,0,0.0005847952555831,0.0005658119745075572,0.00047990456621713976
6225,0,0.0004833243170672,0.0006565422834892572,0.0003297678273619725
6226,0,0.0007482231451995,0.001064081669334006,0.000561645418628902
6227,0,0.0036431183619388,0.004373004065247202,0.0026130319254111735
6228,0,0.0006656709683087,0.0007323495613527642,0.00045163854531522974
6230,0,0.0016960911999325,0.0016738288962757667,0.0016335129673518461
6232,0,0.0006077757553788,0.0007757326967411534,0.0004373507824820917
6233,0,0.0017995930200291,0.0018765464266128256,0.0016856993095688102
6234,0,0.0007102503861784,0.0007583502404365755,0.0005496945426451047
6235,0,0.0007789917700443,0.0009112538194094978,0.0007454544571418662
6236,0,0.0008036668242118,0.0008882291784975308,0.0009312773350686507
6238,0,0.0019555960370739,0.002398815821305896,0.001745540711812463
6239,0,0.0043457589877087,0.004360402313477833,0.004158486677565464
6240,0,0.0008419000527587,0.0009008742052925084,0.0005283701146386053
6242,0,0.0032112238749037,0.004623974783564062,0.0024613356314539853
6244,0,0.0023094482035533,0.0023563658733697394,0.002367570473067168
6245,0,0.0022101978031742,0.002257449310419835,0.002240915730967516
6246,0,0.001044273766854,0.0013424675691550416,0.0008194135015595944
6247,0,0.0013008473183622,0.0014180813826442373,0.0013696913038150076
6249,1,0.9732283600403888,0.9736176970413294,0.973605254463549
6250,0,0.0009416052110324,0.0009846259208066666,0.0009752135581154449
6251,0,0.0011224192286133,0.0013016099759138532,0.0009432892482399272
6252,0,0.0014502070733918,0.0014957460308047657,0.001498537849708626
6253,0,0.001067448133723,0.001227010278590457,0.0008806043525265773
6254,0,0.0153466546476889,0.006964372185126645,0.0056204647689019616
6255,0,0.018405513203475,0.018054224381527536,0.009961580612214431
6257,1,0.0172367602173518,0.0201026664612715,0.012043945624451421
6258,0,0.0043298331888753,0.004726417885302776,0.003640996616260312
6259,0,0.0005137911288965,0.0005791450044068642,0.00028900070366154893
6260,0,0.0020281196944338,0.002471339478665796,0.001801232425372343
6261,0,0.001832513258663,0.002067594250563502,0.0019023911349991883
6262,0,0.0009211644927002,0.001364384276932196,0.0006942772236387432
6263,0,0.0003959292360386,0.0005691472024606572,0.0002565051473706324
6264,0,0.0006351401672478,0.0006678186519198453,0.00031902107275087125
6266,0,0.0014563472437351,0.0017810391945974682,0.0014225925469264734
6267,0,0.0032708813332303,0.003927094264371988,0.0027034152323573485
6268,0,0.0005159973207383,0.0005481142847008453,0.00019592292855909454
6269,0,0.0005101774595617,0.0005755313350720642,0.00031369181454423957
6270,0,0.000657674224227,0.0010062286587018915,0.0004426898502207413
6271,0,0.0008011082142709,0.0007753259430202203,0.0007364447300007154
6272,0,0.0006412315290314,0.000688483036276985,0.000671949456824666
6273,0,0.0014287570331487,0.0015910759583791694,0.0010160498233596996
6275,0,0.0006492613259959,0.0007034028124868084,0.0003256518028935044
6276,0,0.0004758718663717,0.0005710836570225642,0.00028093935627724893
6277,0,0.0212762879431892,0.02239093313162445,0.018940661790666592
6278,0,0.0005856698698175,0.0007179319191826978,0.0005206380170450704
6279,0,0.0004180355878496,0.0005132473785004142,0.00022310307775509896
6280,0,0.0011027211640123,0.001347460734587152,0.0009623583767536692
6281,0,0.0004113533701808,0.0005793103115431533,0.00024698416358873046
6282,0,0.0004438599388633,0.0006118168802256034,0.0002794907322711805
6283,0,0.001450365759533,0.00198049088005224,0.0013219307902130818
6284,0,0.0006100647541306,0.0006647677613310084,0.0002870167517377044
6285,0,0.0004287223542462,0.0006019403206682572,0.0002815289743238805
6286,0,0.0027793325018795,0.0032586846446881887,0.0023942028545371726
6287,0,0.0005718725167236,0.0006372263922339641,0.00035201033170693117
6288,0,0.0006583441395685,0.0006904611035309954,0.0003332973582341932
6289,0,0.0025809035273615,0.004186122448546025,0.0024800569205526007
6290,0,0.0070738899282459,0.008201752653991489,0.005324395367235502
6291,0,0.0007821552860093,0.0008148337706813454,0.0004576700253845432
6292,0,0.0004661579049109,0.0006257200497783071,0.0003053087034339305
6294,0,0.0004764728100642,0.0006444297514265033,0.0003135682663945499
6295,0,0.0005470739334448,0.0005248953214710114,0.000444225861025268
6296,0,0.000582691351269,0.0007937564407234515,0.00047116277561522007
6297,0,0.0008551976574383,0.0010085742041470204,0.0008704371124489772
6298,0,0.0062969279566312,0.007173677123488016,0.00533405613913365
6299,0,0.0008234165683557,0.000781333621433281,0.0006107235230168289
6300,0,0.0020924567272681,0.002490593096055891,0.0015606945865138321
6301,0,0.0016302253671265,0.0017981823084888533,0.0014655214634892793
6302,0,0.0005960944299635,0.0006755123147194071,0.0005924431969779817
6303,0,0.0028024225057094,0.0029532763163077815,0.0027597161734364624
6306,0,0.0008525063680687,0.0008946380317447643,0.000624900421745864
6307,0,0.0005569789824467,0.0007165411273141072,0.0003986433031610334
6308,0,0.0004865307585915,0.0006597487250136071,0.0003418509008605334
6310,0,0.0013335053856529,0.0012953674620799999,0.0009524387509276787
6311,0,0.0009285874109172,0.001080485153827541,0.0007852628183678129
6312,0,0.0010772000097473,0.0016122623937301888,0.0007724374492601106
6313,0,0.0007277409591132,0.0008956979004755534,0.0005662328951536689
6314,0,0.000943968065246,0.0011510066262436316,0.0010169313681821592
6315,0,0.0008378610880635,0.001004726951574418,0.000694536495514113
6316,0,0.0008598082279984,0.0010277651693607532,0.0006969036843287998
6317,0,0.0007577772628548,0.0007947268928602453,0.00044424732473470526
6318,0,0.0026861167409683,0.0033462800002618653,0.002069836323144618
6319,0,0.001314379722577,0.001699113385003058,0.0012110523794101415
6320,0,0.0006657548247393,0.000745172709495207,0.0006977435152657004
6322,0,0.0152465924331737,0.017100303791721068,0.014528593647824469
6323,0,0.0008517003885556,0.0008857698548360641,0.0006545472370756866
6324,0,0.0025184377872436,0.0031151808397214065,0.0014491877246827498
6325,0,0.002821596901275,0.002933661999538601,0.0021381962852212166
6326,0,0.0014896169318958,0.0015640934136578156,0.0015294130543432778
6328,0,0.0016668221855057,0.002116922556354118,0.001262256718775055
6329,0,0.0019531109014906,0.001986439177951145,0.0016389290253372134
6330,0,0.0011269102174329,0.00119443315629838,0.001152992066468833
6331,0,0.0008614936850174,0.0008936106489798954,0.0005571907275158277
6332,0,0.0012066326156517,0.0014928529996030434,0.0010040776900055806
6334,0,0.0061435536983411,0.0063913410907293355,0.006017130177489931
6336,0,0.0016773865088491,0.0018307630555578704,0.0017196997266104219
6337,0,0.0079244219567932,0.007729904394345236,0.006953686004222633
6338,0,0.0500784024094282,0.04842966791507557,0.02722011568567152
6339,0,0.0473367545861636,0.05123229999578945,0.049290207593164076
6340,0,0.0371780564755525,0.044013876176503354,0.03415369378401378
6342,0,0.0019661125451114,0.002339994474500608,0.002079060619737791
6343,0,0.00050094108574,0.0007719173621674998,0.0003346197625311345
6344,0,0.0005070387724631,0.0006589365153734911,0.0003694507167265186
6345,0,0.0034963971853112,0.004190918999721866,0.0034258269927858404
6346,0,0.0005230845763947,0.0005703360836402851,0.0005489990087107538
6347,0,0.0037645567521646,0.006327508468818198,0.003309864327493945
6348,0,0.001511899745476,0.001991251888284639,0.0010886185930900844
6349,0,0.0003745725296357,0.00041759323940996674,0.0003703586574215538
6351,0,0.0017125469984545,0.003317765919639025,0.0017487603039441104
6352,0,0.000357368954446,0.0003523889933509209,0.00026853406210705167
6353,0,0.0004033218833106,0.0005712788246729034,0.00024181381935101895
6354,0,0.0002593167517965,0.00024843551550771147,0.00017931841437324444
6356,0,0.0003905375962392,0.0004748804340155918,0.00016898710756169807
6357,0,0.0012071686752356,0.001686520818044289,0.000822615434512344
6359,0,0.0004409190850037,0.0005091562585129871,0.00046083494400579836
6360,0,0.0011478498575573,0.0015329631283274793,0.0007384559403737419
6362,0,0.0022013483426446,0.003620500401166959,0.0013895870658856312
6363,0,0.0004053947182975,0.0004901356914759418,0.00018424236502204809
6364,0,0.0005258686415024,0.0005662277117376641,0.0002718519202908924
6365,0,0.0003625291550222,0.0004468719927985418,0.00014097866634464807
6366,0,0.0009187444926286,0.0008388009269723652,0.0005390171260436889
6367,0,0.0007549174133498,0.0007660383621250418,0.0004601450356711481
6368,0,0.0003882285231218,0.0005477906679892572,0.00023024046427741896
6369,0,0.0013236913449671,0.001803043487775739,0.0009381375721894878
6370,0,0.000455027663906,0.0005019453337224392,0.00047706342927954996
6372,0,0.0003978125967753,0.0004821554345516418,0.00017239605835641674
6373,0,0.0008570221254157,0.0009039397952321391,0.0008846113271057845
6374,0,0.0026353710215991,0.002708876002453435,0.0026509009351373767
6375,0,0.0004548969852378,0.0005392398230141918,0.00022948044681896673
6376,0,0.0006433291550563,0.0006836882252915642,0.00039751272017093286
6377,0,0.0019691862938775,0.001984867344683267,0.0020518796787033595
6378,0,0.0004758615257093,0.0005602043634856918,0.0002504449872904667
6379,0,0.0004021839114068,0.0005701408527691034,0.0002389380549883616
6381,0,0.0011451697839493,0.0012960235945476818,0.0011024634516763623
6382,0,0.0009533412200074,0.0009925222994141547,0.0010027488274595572
6383,0,0.000511841765791,0.000591259650546957,0.0005093789471876195
6384,0,0.0004993766275833,0.0005711486902668611,0.00026753868457740496
6386,0,0.0007063208501744,0.0006982444700961809,0.0005264643253308847
6387,0,0.0005615974782521,0.0005350702611819022,0.0004997480515416615
6388,0,0.0004516912291966,0.0005360340669729917,0.0002335368663865627
6389,0,0.0004882566306083,0.00048327666951322094,0.00041084463647170135
6390,0,0.00082898696569,0.0008616654503620454,0.0005007538396763369
6391,0,0.0010957505471888,0.0010610064844837714,0.0009905898079719617
6392,0,0.0005611002907528,0.0005311687122474093,0.00039047609624995506
6393,0,0.0008797130565453,0.0008951405085637141,0.0006077196667720881
6394,0,0.0035481634534282,0.003521636236358002,0.0035146104303272058
6395,0,0.0010042298177226,0.0014474496019545962,0.000769147408800078
6396,0,0.0022528029785614,0.003884171600948525,0.0020997650462165262
6397,0,0.0006539233044927,0.0007455393535240849,0.00038910360049104916
6398,0,0.0005964834388817,0.0007697014053037572,0.00045215120159191897
6401,0,0.0008646300092663,0.0008973803652609642,0.0006081514042117019
6402,0,0.000408229968755,0.0004925728065313418,0.0001900756059449127
6403,0,0.0004463731101319,0.00041984589306175217,0.00038195994878614716
6404,0,0.0006042106923139,0.0007774286587359572,0.00044520350137284393
6405,0,0.0096498177574861,0.012647878305319077,0.007998161707715272
6407,0,0.000826848294031,0.000995692141140639,0.0006494106359172823
6408,0,0.0046023764787978,0.004769242342308718,0.004446258992431707
6410,0,0.0008719050083289,0.0008640843431734254,0.0006448049650931729
6412,0,0.0007101646868065,0.0006879860748327114,0.0006628720021558735
6414,0,0.0011174874165223,0.0011096667513668253,0.000890387373286573
6416,0,0.0009725665650403,0.0010246312530344725,0.0009641439318015233
6417,0,0.0027165407712717,0.0028745487808225444,0.0025346435143837214
6419,0,0.0267669760323889,0.027787089104638247,0.029109891966196476
6420,1,0.0155084274027789,0.014612305979575552,0.014022117671914417
6421,0,0.0003846485362321,0.0004367241569526835,0.0003804346640179538
6422,0,0.0003459984579832,0.0005139553993455533,0.0001893985426454824
6424,0,0.0005703358543773,0.0005945215634169754,0.0003581871538752328
6425,0,0.0003902911562624,0.0003603595777570093,0.00021899510377396228
6426,0,0.0009833652031742,0.0009440625718680053,0.000687432795629079
6428,0,0.0008055331182784,0.0012487529025104463,0.0005786458492169932
6430,0,0.0016389932669441,0.0019666137731596347,0.0013501149118865055
6431,0,0.000473211771729,0.0005310195502066642,0.00026106307122693284
6432,0,0.0021931761177522,0.003048057744871763,0.0015505162074204016
6433,0,0.0004583697241079,0.0006263266654702533,0.0002954651804382999
6434,0,0.0003252572440552,0.0003143760077664614,0.00024525890663199446
6435,0,0.0005469842925884,0.0006264021773443071,0.0005433330596028817
6438,0,0.0435146457657192,0.04591035991897276,0.04227970902251183
6439,0,0.0004065552906767,0.000784127545560718,0.0004739370895004129
6440,0,0.0003763703447518,0.00033854575199660213,0.00028507463164354445
6441,0,0.0003844778983553,0.00043172940560093505,0.00041039233067140376
6442,0,0.0005334220536382,0.0005987759291485142,0.00033693640862068956
6443,0,0.0015925007155242,0.003223869337911325,0.0012163192674954936
6444,0,0.0005213261564224,0.0005791339349000642,0.00031729441437223957
6445,0,0.0042473638422253,0.004976171102740889,0.0023216075752646313
6446,0,0.0004973504579683,0.0005294674219308453,0.00017727606578909452
6447,0,0.0011266448798043,0.0011844526582819642,0.0009287593090548522
6448,0,0.0022517104526754,0.002855313786326508,0.0014718527474834498
6449,0,0.0004995962363297,0.000666462099840618,0.00035627164378031293
6450,0,0.0006923719502651,0.0008299813073761389,0.00048189468496236544
6451,0,0.0023661632831239,0.0024062021271159103,0.0016522295129679106
6452,0,0.0055901859943698,0.0017575358367296194,0.0016283229123655461
6453,0,0.0036949008030007,0.004848589613919209,0.0030870433453209396
6454,0,0.0006228306225243,0.0006555091071963953,0.0002983453618995932
6455,0,0.0003809374205827,0.0005541553870048071,0.0002362575628517334
6457,0,0.0010301075705647,0.0014200454915064185,0.0009239519121916819
6460,0,0.0019960426033538,0.002158361528584219,0.0015530912559394382
6462,0,0.0006848788751245,0.0007426866536021142,0.000494253634024556
6463,0,0.0006079750611449,0.0005905201955724209,0.0005094544394869446
6466,0,0.0029736898411225,0.0030928550819584195,0.002670055126374093
6467,0,0.0008273766341104,0.0008693056124384642,0.0006119938312271562
6468,0,0.0023106332428352,0.002342521987228368,0.0023369099941020124
6469,0,0.000491467581776,0.0006594245231383534,0.00032436660495087176
6470,0,0.0007741367537045,0.0008401954557440763,0.0007709760433967051
6471,0,0.0012540579061317,0.0016959921016712462,0.0009959341582644271
6472,0,0.0005980776620534,0.0005758990500796615,0.0005249308596580115
6473,0,0.0012674464820509,0.0012953301141793952,0.001000844639078033
6474,0,0.0008311929875827,0.0009868585249182534,0.0006445806497642065
6475,0,0.0024125921824108,0.003016195516061858,0.0016028142354673441
6476,0,0.0013528188500437,0.001505289808417968,0.0011946930604641761
6477,0,0.0020251144260889,0.002176987618616769,0.0017005281604054114
6479,1,0.0012074185124283,0.001584990767312318,0.0012743940193585262
6480,0,0.0009003690052927,0.0008528131454952593,0.0007704168576500135
6481,0,0.0031830370421887,0.0033027540795647695,0.0031850439519614184
6482,0,0.0023746853388658,0.0026026332199814693,0.0019216713200365444
6483,0,0.0007237212915634,0.0007742845449348142,0.0005218255647185093
6484,0,0.0010361748775812,0.000994091930658731,0.0008786702229993052
6485,0,0.0012845767082323,0.001436474451142691,0.0011412521156829627
6486,0,0.0006753524816894,0.0007818799838945152,0.000737068860392534
6487,0,0.0047946975066539,0.00475827319979617,0.0048317615242010085
6488,0,0.0010498430692606,0.0011144299183625474,0.001036874742214021
6490,0,0.0023113647235159,0.0023392483556444453,0.0019926320255265586
6491,0,0.0017010382619677,0.0021462751409254423,0.0014492512526536722
6492,0,0.0016237961080718,0.0014788293040079918,0.0015381068012689048
6493,0,0.0019569952003293,0.0022279714767568,0.0017675633857395072
6494,0,0.0026421916934319,0.0028542249376663316,0.0021178276887462546
6495,0,0.001718993674683,0.0017168888855318143,0.0014731318987350932
6496,0,0.0025843700498116,0.002546545457056452,0.0025430637872180203
6497,0,0.0023767667518045,0.0024714255261427806,0.0024199405661046738
6499,0,0.0033296008588221,0.0032531227856241953,0.002902074347307127
6500,0,0.0026622062556086,0.0027743927388854516,0.002553114313531654
6501,0,0.0090411382862286,0.010059560728218623,0.006581847057638229
6502,0,0.006200578887452,0.006247873258874341,0.00410256397271831
6503,0,0.2027985575888752,0.24651659471359422,0.26937968979099086
6504,0,0.05067960329474,0.030930585606455226,0.021520228980692793
6505,0,0.0262792750808043,0.02939399988218118,0.020318423484857014
6506,0,0.0234847813755565,0.027012436283789458,0.020617901180283667
6508,0,0.000564335461265,0.0005922190933934954,0.00024461426554858175
6509,0,0.00040653280455,0.0005797507709720571,0.00026710871588203237
6510,0,0.0004346854455682,0.00041250683359441147,0.00033183737314866797
6511,0,0.0018487521165455,0.0017989507472689714,0.0016947949034765953
6513,0,0.0006512532648305,0.000609170317908031,0.00041869277652404214
6514,0,0.000439927580067,0.0004177489680932114,0.00032802471852669843
6516,0,0.0005414144979803,0.0005992222764579141,0.0003683788713772917
6518,0,0.0005663919859304,0.0005942756180589454,0.000247811862178591
6519,0,0.0622701181664114,0.06357148011866552,0.05982353669909443
6520,0,0.0024892111352823,0.002608376376118219,0.0023295015924185707
6521,0,0.000881974728502,0.0008441501357468522,0.0007700718669617485
6522,0,0.0012066015095774,0.0012350526317827454,0.000888588875902391
6523,0,0.000498330987407,0.0005830365421225893,0.0005155052583338986
6524,0,0.0006125268064852,0.0007857447729072572,0.00046533342656288046
6527,0,0.0004322994890412,0.0006002564304035534,0.0002679302824491305
6528,0,0.0004277438650595,0.0005957008064218533,0.0002620300954306576
6529,0,0.0004643048081152,0.0005526341489165642,0.000262489848171249
6530,0,0.0004732533231798,0.0005615826639811142,0.00027143836323579895
6532,0,0.0006051318976652,0.0006598349048656084,0.0002820838952723044
6533,0,0.0019536675699451,0.003585036192332225,0.0016720936465399712
6534,0,0.0008964482729055,0.0008828218481335554,0.0007878512423460376
6536,0,0.0006130107585496,0.0005908321465758615,0.000510162686130118
6537,0,0.0021553003888215,0.002589760610866739,0.001732265585108005
6538,0,0.0005082861868427,0.0006762431282050533,0.00034391698025063055
6541,1,0.8735988771821701,0.8714422084917584,0.8746713097948551
6542,0,0.0007728378942928,0.0007538546132172571,0.0006749303298903102
6543,0,0.0004904754030411,0.0006500375479085072,0.0003292915045189794
6545,0,0.0013362300814354,0.0012699790994341448,0.0009337730337505131
6548,0,0.0006888818022506,0.0007435848094510584,0.0003658337998577544
6549,0,0.0006470112462171,0.0008889946298348515,0.0005664009647266201
6550,0,0.0005855618138153,0.0007535187551776033,0.0004198480441864076
6551,0,0.008086134138113,0.008072507713341054,0.09497273707142748
6552,0,0.0007345352947289,0.0008472022952031506,0.0007524737492774955
6553,0,0.0006523620487415,0.0008192279122524681,0.0005053022184192791
6554,0,0.0016700344933311,0.002064561309887339,0.0012466243847525293
6555,0,0.0023071467694255,0.002243567623688959,0.0022141852366293884
6556,0,0.00227583929857,0.0025666567934061477,0.001934450936687764
6557,0,0.0012361420747681,0.0013800604782309195,0.0011288136213427045
6558,0,0.0010475838620226,0.001121615677261164,0.0008563099969437009
6559,0,0.0008303093955077,0.0009982663368700035,0.0006659401889155805
6561,0,0.0009994787174906,0.0009663543648559169,0.0009139466209440925
6563,0,0.0025981988788612,0.002750096621771541,0.0024515302365769524
6564,0,0.0009988434038697,0.0012550900280839516,0.0009534641657901819
6566,0,0.0007189896401798,0.0008785517850472071,0.0005527554542267569
6568,0,0.0011901191343163,0.0012569215409831142,0.0009913154892641496
6569,0,0.0010429602861453,0.0010944136187926142,0.0008256253036417188
6570,0,0.0053303144648975,0.007581125772475119,0.0052353260905027834
6571,0,0.0008024032055786,0.0009756211720007072,0.0006410804540536424
6572,0,0.0042350065254181,0.005299954030221035,0.0037785612481676194
6573,0,0.0020827832888272,0.0022183133394162733,0.0019452269262232264
6574,0,0.001927913733947,0.002094779597457918,0.0017689277835829702
6575,0,0.0010465005972702,0.001105638185193014,0.0008368498700421188
6576,0,0.0013596066645132,0.0013628552472991357,0.0010482927422772754
6577,0,0.0008746708979532,0.0009074385712701954,0.0005599284186562634
6578,0,0.0022140876535191,0.0025783095961283155,0.0028861437811957174
6579,0,0.0020273164341393,0.0018548073693557376,0.002805424452937028
6580,0,0.0014734857417865,0.0016423295888961889,0.001294857830233341
6582,0,0.0010138391534147,0.0011627404206238754,0.0009559845836241733
6583,0,0.0014152852354547,0.0014691589278602838,0.001433153305655794
6584,0,0.0040776233150224,0.004174830713608981,0.004081508203278665
6585,0,0.0318827290460413,0.049450570258682144,0.03240743447067864
6586,0,0.023740523963782,0.02496359909013054,0.021114662540245015
6587,0,0.039125756160542,0.04001464758223788,0.039781369241556785
6588,0,0.0306608971093843,0.03566223009911447,0.02470134961980813
6589,0,0.0404708897384951,0.048092849444083006,0.03781289219167713
6590,0,0.0004551275844784,0.0004329489725046615,0.000352279512058918
6592,0,0.0013315757536506,0.0012984514010158667,0.0012667288499057512
6593,0,0.0027583413388815,0.0029262982802438038,0.0025972675015128958
6594,0,0.000767516979045,0.0008715623464992418,0.0007755404614687789
6595,0,0.0018602786159882,0.0019277088302695493,0.001879426865420317
6596,0,0.0010330737874368,0.001201604377729105,0.001008991176923621
6598,0,0.0024868078267531,0.002664121463809939,0.0022661785769881857
6599,0,0.0017067664697255,0.0020157721729067053,0.0016331030012587569
6600,0,0.0007249456337701,0.0007748537884270084,0.0004033387150942541
6601,0,0.0025189341859153,0.002638099426751169,0.0019754753434379248
6602,0,0.0036875281481102,0.004291131481761258,0.0028631113738409875
6603,0,0.0027538417805521,0.0034456320508673287,0.002217756270786056
6604,0,0.0008690021852657,0.0008589461575880295,0.0006059931403343869
6605,0,0.0006105267332187,0.0007700888780861071,0.0004496775317417305
6607,0,0.0006719140351882,0.000849227672244989,0.00048111419925099275
6608,0,0.0005864170253652,0.0005642384133914615,0.00048356895294571797
6611,0,0.00058269635135,0.0006105799834785453,0.000264116227598191
6612,0,0.0005448896049636,0.0005727732370920954,0.000226309481211741
6614,0,0.0007479937411502,0.0007758773732786954,0.000429413617398341
6616,0,0.0005652625599283,0.0006624699585149312,0.0005468349524080807
6618,0,0.017838217281505,0.02079012232016812,0.01732220348281881
6619,1,0.8830195077370966,0.8813787003702986,0.8837288843302049
6620,0,0.0006270558258024,0.0007915030503142254,0.0007287178161264477
6621,0,0.0007215382959455,0.0007720139406792084,0.0004004988673464541
6622,0,0.0007730039946965,0.0008234796394302084,0.00045663968305766615
6623,0,0.0010777859403197,0.0010313805446050008,0.0009487141475169272
6624,0,0.000983734904999,0.0012475867580491028,0.001142855775321324
6626,0,0.0023934680478031,0.002764825187079752,0.002318027764169908
6627,0,0.0010667550328286,0.0010289304400734522,0.0009798984120232323
6628,0,0.0008621908335125,0.0011170862474770016,0.0008038113563784318
6629,0,0.0007019331010662,0.0007603258685661361,0.0007207883060405263
6630,0,0.0025643059774247,0.002792253858540369,0.0022838612524173916
6631,0,0.0032653885304225,0.00368234637595202,0.00390504893284626
6632,0,0.0045718346142221,0.00423181231614831,0.004128454644476015
6633,0,0.0034577891512526,0.004785719838643459,0.002782747090000006
6634,0,0.0006564278937233,0.0008208751182351255,0.0007580898840473478
6635,0,0.0017189582403915,0.0021375862517270016,0.0016861384767380015
6637,0,0.0009608729752061,0.0010283031894874491,0.0009860929136942189
6638,0,0.0073067500399995,0.0074558989344936395,0.007127121962335208
6639,0,0.0007151069486347,0.0006976520830622209,0.0006105204842243844
6641,0,0.0039265881225562,0.0039798566479146485,0.0030514044873001067
6642,0,0.0007702478243706,0.000828640591870536,0.0007963991207167988
6645,0,0.0006662266752558,0.0007402584904943142,0.0004850555352627997
6646,0,0.0008115869610631,0.000969055902768018,0.000646377963525473
6647,0,0.0007426435818166,0.0007965172742222337,0.0007605116520177441
6648,0,0.0016006185776024,0.001668048791883799,0.0016592207380943325
6649,0,0.0008043768603355,0.0007821982483617114,0.0007354146947933991
6651,0,0.0007976047625634,0.0008303724358803453,0.0004655947170490896
6652,0,0.005088195646861,0.005043842318279251,0.004741491412912094
6653,0,0.0004448865579459,0.00040706196519075215,0.0003487495236322376
6654,0,0.0114693214231577,0.011432897116300019,0.011455007415199994
6655,0,0.0022623056807939,0.0022365234095431705,0.0021990971003526174
6656,0,0.0009975412221269,0.001056678810049714,0.0008121200051376303
6657,0,0.0011088756736574,0.001266344615362268,0.0011558337865031918
6658,0,0.0058593589011561,0.005971278021168384,0.005797398174898465
6659,0,0.0015273117717304,0.0017618659647939622,0.0016789416429909957
6660,0,0.0008742855719959,0.0009326783394958861,0.0009272880964999942
6661,0,0.0014761794104087,0.002447707121496463,0.0014527669232089267
6662,0,0.0012192851735954,0.0013199808765320875,0.0012224496915671937
6663,0,0.003371434112817,0.0034348855490665678,0.0034081376959156293
6664,0,0.0017623176797321,0.0018216247017662918,0.0015676779193671702
6666,0,0.0022943908809037,0.002545790705157134,0.0018109153972331255
6667,0,0.0031697984584063,0.0033769461873840926,0.0028840262664018134
6668,0,0.0053145090642631,0.005766213118934041,0.003227615718089256
6669,0,0.0435578974386253,0.045424672620506354,0.047163361380298675
6670,0,0.0240558939465758,0.02986764704790941,0.01908574823412248
6674,1,0.9623248111076886,0.9602475452948762,0.9621135743010065
6675,0,0.048416244746479,0.03901573721786249,0.03833901318164495
6676,0,0.0441646429099441,0.051284899479476245,0.03643518829304133
6677,0,0.0850587385470306,0.10172289870488498,0.05388753551967769
6679,1,0.9647709916289368,0.9626143229385251,0.9658038504405313
6680,0,0.0019602722524467,0.002557622956084819,0.0017822117938155362
6681,0,0.0025447899888196,0.0030241421316282388,0.0021876376467093823
6682,0,0.0016288111924244,0.002108163335233089,0.0012548354202324347
6683,0,0.0006107013352035,0.0007786582765658034,0.00045105781009661597
6684,0,0.0036968501500617,0.0051160022085840594,0.0030824303407547826
6685,0,0.000641452771932,0.0006224694908564571,0.000538490680650212
6686,0,0.0006444738954629,0.0006254906143873572,0.000541511804181112
6687,0,0.0005692110568313,0.000736076920342218,0.00042053643937642516
6688,0,0.00101591380939,0.000952334663653409,0.0009571029189061383
6690,0,0.0004452031224496,0.0006131600638119033,0.000273543472945356
6691,0,0.0085394519481199,0.009260580029493854,0.007832519388940303
6692,0,0.0009577538703461,0.0009044596946752816,0.0007671222827699825
6694,0,0.0007724754638245,0.0008286025079092084,0.0004544676506259887
6695,0,0.0365564591910663,0.040148038582396496,0.03335452025196449
6696,0,0.0048949106602685,0.0056037774130754045,0.004137939783063743
6697,0,0.0007412487565698,0.0007591095441516084,0.00039862635692153103
6698,0,0.000538048298267,0.0006332600889178142,0.0003732851174801515
6700,0,0.0005467892010139,0.0006478648755227642,0.00036037095559442764
6701,0,0.0051280375529884,0.005151564590249148,0.005595273069054623
6702,0,0.0005042082280596,0.0004689117184705756,0.0004012461367778119
6703,0,0.0004449617228425,0.0006181796892645572,0.0002977683429201805
6704,0,0.0006457077173984,0.0006961833621321084,0.00032120590440278777
6705,0,0.0007241738183257,0.0007740819729826084,0.00039910451525328774
6706,0,0.0041815771457191,0.00421389626850717,0.0036181892137782438
6707,0,0.0025996817776982,0.003052184910132691,0.002128845432383312
6709,0,0.0004792857932294,0.0006388479380968571,0.0003184365917524805
6710,0,0.0006476689893675,0.0007561869642792377,0.000634700662320971
6712,0,0.0016485010676143,0.0019476569635708055,0.0016667591913691316
6713,0,0.0006556762876292,0.0007440056284305142,0.0004646112147532022
6714,0,0.0015346704057003,0.0019653891622715687,0.0014982284455447234
6716,0,0.0009615133511334,0.0011363706698187194,0.0008493185460389607
6717,0,0.0019700513897435,0.0021979992708591693,0.0014916126797204238
6718,0,0.0010537109805387,0.001202859875032889,0.0008043191195282685
6719,0,0.0013166707326645,0.0013873104495807677,0.0013349046165613576
6720,0,0.0006111172533089,0.0005635613935114094,0.00041028843021040904
6721,0,0.0008399657120572,0.000822510846484671,0.0007435351818655077
6722,0,0.0068369357413014,0.007606913987164055,0.005835353303096375
6723,0,0.001340546847121,0.0014334334205851073,0.001447142531285065
6724,0,0.0007896786555735,0.0008175622877020453,0.00046311844172606566
6726,0,0.0049436287369342,0.006097317547852659,0.0042333893191153224
6727,0,0.0005692707890601,0.0007372277304224533,0.000399516597991957
6728,0,0.0006426516752778,0.000809517538788768,0.000495591844955579
6729,0,0.0008452549008888,0.000997152643799191,0.0007034862126369633
6730,0,0.0006710135316737,0.0008032755810389479,0.0007158801416578381
6731,0,0.0007333537900629,0.001049212314197456,0.000546776063492352
6733,0,0.0019347338748864,0.0019211074501145054,0.0018304186898270903
6734,0,0.0079285638636073,0.00886589661348821,0.006914890191260805
6735,0,0.000673566902349,0.0008415238437113034,0.0005137452976261408
6736,0,0.0005899967538155,0.0007579536951778034,0.00041462689563610876
6737,0,0.0008086874118186,0.0008511092899793781,0.0004762107879889574
6739,0,0.0011252483743223,0.0012809139116578532,0.000930062613351783
6740,0,0.0006215129046136,0.0007894698459759534,0.00044614304643425876
6741,0,0.0028217538296265,0.003163776493401632,0.0023169067874274983
6742,0,0.0006827728454584,0.0006637895643828572,0.0005745415582459047
6743,0,0.0008884046341782,0.001081480547482433,0.0006254328898060727
6744,0,0.0013980936329,0.0018413134171320462,0.0011222863909157276
6746,0,0.0039924137744328,0.003939951949862727,0.0034087527488476967
6748,0,0.0054577829205988,0.00555679645965047,0.005346128484006367
6749,0,0.0015764828336535,0.001728380576563841,0.0014114256206337128
6750,0,0.0007572119326233,0.0009304298990453572,0.0005909881859845377
6751,0,0.0029145316306619,0.002813020110885463,0.002795095488165704
6752,0,0.0016712825846625,0.0018308447295299572,0.0014924956649557725
6753,0,0.0014168371865497,0.0015271547441490418,0.0015411139433834055
6755,0,0.0013533390928405,0.0014137219866154583,0.0010321143524661346
6756,0,0.0032777318746821,0.003338082079801561,0.0032903713667906493
6757,0,0.0020883692647533,0.0021959274510488995,0.0017840133452762619
6758,0,0.0192812093572496,0.026354486101043986,0.012289516349721401
6759,0,0.0242944152959254,0.025675085390465913,0.019247743128757846
6760,1,0.0143262411233011,0.01517057510807129,0.01239170876766711
6761,0,0.0005190226531821,0.0006073519939834642,0.00034737702254580155
6762,0,0.0044002400799732,0.004842211748901789,0.00412530396658215
6765,0,0.0008501187612521,0.0009823808106172978,0.0008949853712361881
6766,0,0.0005228154830689,0.0006180272737197142,0.0003580523022820515
6767,0,0.0005168717232183,0.00047374879740008364,0.000313464510703815
6770,0,0.0010587801593415,0.0009998981267928947,0.0007053236984118224
6771,0,0.0004888068676455,0.0005771362084468642,0.00028699190770154897
6772,0,0.0009436147807108,0.0009104904280761168,0.0008660205972770395
6773,0,0.0005734661799545,0.0006276076664453584,0.0002498566568520544
6775,0,0.0010278279159386,0.0011111491414971066,0.001110140933515052
6777,0,0.000653623206504,0.000636168340931521,0.0005407487229916977
6778,0,0.0009877885448,0.0010424915520004085,0.0006647405424071044
6779,0,0.0008286664713453,0.0009183489721517834,0.0008462406262629845
6780,0,0.0029231871865734,0.005086619472824942,0.002520274637913893
6782,0,0.0005223313478047,0.0006818934926721071,0.0003614821463277305
6783,0,0.0008486823084567,0.001025995945513489,0.0006134014008804008
6784,0,0.0006452282658699,0.0006316018410980053,0.000521103998289412
6785,0,0.0022571671602644,0.002699138829193039,0.001900639915692425
6786,0,0.0012331297610115,0.0016109319831876683,0.0011619540101032708
6789,0,0.0007866475696896,0.0012298673539216463,0.000551565160767128
6790,0,0.0005023023637954,0.0006755203302175072,0.00035510898387313046
6791,0,0.0024111562704126,0.0025008387712190834,0.0024287304253302845
6792,0,0.0005422775676826,0.0006745396170478478,0.0005225431193604414
6793,0,0.000523090448889,0.000689956312399918,0.0003764218066047523
6794,0,0.0005581729462027,0.0006533847368535642,0.0003681686763265312
6798,0,0.000724654991776,0.0008098619868888756,0.0007450615631791316
6800,1,0.9697629516099628,0.9652456617865994,0.9737701822310898
6802,0,0.0035897970308723,0.005725707969294792,0.0033379084915763123
6803,0,0.0017274330280543,0.0019006509944764073,0.001582376921879009
6804,0,0.0032771719746509,0.003933384905792588,0.0026661305775226092
6805,0,0.0018484143940414,0.0018905460577174642,0.0016541562010475835
6806,0,0.0008126440985844,0.0008667855850753084,0.0004985591794012241
6807,0,0.0005172865221178,0.000570024383709355,0.00047824617683922863
6808,0,0.000501113932006,0.0006690708733683034,0.00033401295518082177
6809,0,0.001500179757226,0.0018004677017437296,0.0010646335793269295
6810,0,0.0007021568065186,0.0007026042033610755,0.0004861512872789877
6811,0,0.0006715356728123,0.0007305098253461084,0.00035101074443600027
6812,0,0.000651976273288,0.0006345214077155209,0.0005555457430963577
6813,0,0.0021174849878226,0.0032175057723319855,0.0013709977959025146
6814,0,0.0015061688560332,0.0019493886402652462,0.0014474987091061754
6815,0,0.0006907998618967,0.0007486161446678262,0.00042049744061323745
6816,0,0.0012097404121799,0.0015240022114711982,0.000829027351168698
6818,0,0.0030250272606709,0.0031082078643219027,0.002924449073932051
6820,0,0.0032025899189959,0.003952361569169552,0.002614815363068648
6821,0,0.0007328066591355,0.0007697562891408954,0.0004247052614285235
6822,0,0.0006543623231095,0.0008223192644718533,0.0004928542591499689
6824,0,0.0025730277426747,0.0031766310763258077,0.0017757696606586668
6825,0,0.0009524607692082,0.001119326632719118,0.0007973347547393557
6826,0,0.0014111728786135,0.001378048525978817,0.001451318739047028
6827,0,0.001100792862662,0.0011969138544107054,0.0010992805670144222
6828,0,0.0007350868693968,0.0007161035883212572,0.0006447907495133296
6831,0,0.0029825172477239,0.004222893188857883,0.0030536963870417305
6833,0,0.0017140953625037,0.0017274696700594532,0.0014744062964921843
6834,0,0.0016232487271521,0.0016086649312599397,0.0014322869476051955
6836,0,0.0014183420508316,0.0013268631555084453,0.0015138967319582313
6838,0,0.0043087097354908,0.004520439453723912,0.004030427919820512
6839,0,0.0066752866498576,0.0064267157766250554,0.004370174209273024
6840,0,0.0069273187085332,0.007843585911050294,0.00504929907008085
6842,0,0.0371738049219157,0.033364747620678425,0.0246032886433898
6843,0,0.0375481299763338,0.04711437439382585,0.023079496445366384
6845,0,0.0372663049163311,0.03834367667188647,0.021497590615222432
6847,0,0.0012936596780625,0.0014220594521474764,0.0010349944434711645
6848,0,0.0005376872945724,0.0005979822539266584,0.00022388485704968137
6849,0,0.0025476943517177,0.00268599945725772,0.002297298051498683
6850,0,0.0004312710306971,0.0005992279720594534,0.00026518553019066684
6851,0,0.0005220836576436,0.0005462693666832754,0.0003078710851475986
6852,0,0.0013094644356843,0.0014578871731713006,0.00113538621331626
6854,0,0.0004680637996687,0.0004249408738504837,0.00025027665578780905
6855,0,0.0003564285504697,0.0005243854918320533,0.00018863089084248579
6856,0,0.0005675729438679,0.0006278679032221085,0.00025051357333559916
6857,0,0.0006050350009117,0.0007693824481277054,0.0004672287393314187
6860,0,0.0008005504942729,0.0008608454536271585,0.00048349112374064914
6861,0,0.000637273100759,0.0008016205479750055,0.0004994668391787188
6862,0,0.0007258038733893,0.0007214207774875411,0.00047233861552234917
6863,0,0.0009105476048926,0.0009826323386719201,0.0006612124465578961
6865,0,0.0023844629940777,0.003575705149718586,0.0016858925518847033
6866,0,0.0005282188579784,0.0005879601930536085,0.00021060586316709915
6867,0,0.0003512384151044,0.00038443073937477744,0.0002712220697038691
6868,0,0.0020706529956892,0.003261895151330136,0.0014055603571133317
6869,0,0.0026587063827552,0.003686812733720436,0.0019426059864572085
6870,0,0.0005207644709192,0.0004776415451009337,0.00030297732703825906
6871,0,0.0002907797840148,0.00025548327442572556,0.00017452846969294553
6872,0,0.0013621298784943,0.0021570697343150816,0.0007751743099729152
6873,0,0.0005850231252263,0.0006092088342659754,0.0003765186679604171
6874,0,0.0005932891269147,0.0006174748359543254,0.00039858923891968165
6875,0,0.0018763385454709,0.002717579919560855,0.001115460586113977
6876,0,0.0004941546382723,0.0005538959733475584,0.00017654164346104915
6878,0,0.0006025270453816,0.0006173831295753754,0.00039143584033332705
6879,0,0.0003197784265818,0.0003244683855097703,0.0002498239690009945
6880,0,0.0006024439390603,0.0006101216847486218,0.0005559857992592978
6881,0,0.0004602510677092,0.0004679288133974718,0.00041379292790814785
6882,0,0.0011666162203261,0.0011751258145641253,0.000960363388053749
6883,0,0.0006800117079129,0.0008319094508232911,0.0005293359456472267
6884,0,0.0007301747218868,0.0008820724647971911,0.0005794989596211267
6886,0,0.0009063944237492,0.0008475123912005946,0.0005829399578555149
6887,0,0.0003986902507413,0.00037970696966575714,0.00029397477547362543
6888,0,0.0004603386700496,0.0008379109249336181,0.0005199962100863572
6889,0,0.0006051383606843,0.0008761146371117998,0.00042509047905385196
6890,0,0.0009724867033766,0.0011185963225085406,0.0006481612482503501
6891,0,0.0005715728296697,0.0005720202265121254,0.0003620567884580712
6893,0,0.0009084786135826,0.0012307992875428481,0.0004416875681018688
6894,0,0.0004118804717294,0.0004450727959997274,0.0003481091023019591
6895,0,0.0009751884150575,0.0011136371239291202,0.000848954445121405
6896,0,0.0014123615187981,0.0022073013746188317,0.000838357375098968
6897,0,0.0005938980763339,0.0006536394114091584,0.00028047692643658054
6898,0,0.1771586763227923,0.17929231286581804,0.17640701066531614
6899,0,0.0006869701917522,0.0007467115268274583,0.00037354904185488055
6900,0,0.0007322993788629,0.0007569441698841754,0.0005347700202510824
6901,0,0.0005781157662988,0.0006426218070854585,0.00027054240914609995
6902,0,0.0004040418859531,0.0004087318448811203,0.0003731456558870929
6903,0,0.000553500783518,0.0005345175024424572,0.0004799375986788887
6904,0,0.0007488073327496,0.0007573169269876254,0.0005473534889335712
6906,0,0.0005288882527558,0.0005099049716802571,0.00042065696554330464
6907,0,0.0008380114940857,0.0007952649495316781,0.0004922011759422773
6908,0,0.0006865069738328,0.0008544639151951034,0.0005052337098974095
6909,0,0.0006257693906648,0.0005904728810757256,0.0005606510252776196
6910,0,0.0019232963052157,0.0024177497155596682,0.001503864600377498
6911,0,0.0011118976809707,0.0011868355378944584,0.0010366284927367023
6912,0,0.0005468498045552,0.0005800421288255774,0.0005089931095663548
6913,0,0.0006618189455212,0.0006265224359321756,0.0005717272707173172
6914,0,0.0007701050923589,0.0009380620337212034,0.0005758100819308015
6915,0,0.0048547314882087,0.0049139567850004905,0.0049164465389627925
6916,0,0.0010530268153933,0.0010367810515659753,0.0008231181293286027
6918,0,0.0011897526715012,0.0011735069076738254,0.0009598439854364528
6919,0,0.0005996489053134,0.0006043388642413703,0.0005687526752473429
6920,0,0.0028129589675952,0.0030759871432801673,0.002560368767862775
6921,0,0.0016324249237222,0.0018804620017254061,0.0013706089664802432
6922,0,0.0056330114327977,0.008032602192146757,0.003396005816999223
6923,0,0.0139144398232805,0.01859876266181177,0.011257677969006627
6924,0,0.0265771121450417,0.027736938951564108,0.020308656322523384
6925,1,0.2847872376832521,0.2870396932737423,0.28467243122183944
6926,0,0.1716332460857701,0.1743676232551154,0.14557464218984253
6929,0,0.0004710507232197,0.000637916586730668,0.00032237610576487513
6930,0,0.0024244417418997,0.002611164281702586,0.0015130837106059481
6931,0,0.0006614544088106,0.0008258018560266555,0.0005764235973561034
6932,0,0.0003138920536051,0.0002949087725295571,0.00020791065143997508
6933,1,0.9710270004103853,0.9690569949732257,0.9715468627517553
6934,0,0.0003517213669233,0.0005196783082856034,0.00018843073894016785
6935,0,0.0003243153933753,0.0004922723347376534,0.00016183696271912214
6936,0,0.0007149490884206,0.0007752440477748084,0.00039788971788829917
6938,0,0.0004599393530617,0.00048412506210137544,0.0002457267805656986
6939,0,0.0004022276194397,0.0003886011946677554,0.000277822284399284
6940,0,0.0016362339039212,0.002239837237572258,0.0007953525104693691
6941,0,0.0003114643210157,0.0002978378962438054,0.000187058985975334
6942,0,0.0025971197878084,0.0037883619434493357,0.001856493640932109
6943,0,0.0005477727306459,0.0006080676900001585,0.00023071336011364914
6945,0,0.0004986316003291,0.0005583729354043585,0.00018101860551784915
6946,0,0.0005426978179117,0.0006029927772659084,0.00022563844737939916
6947,0,0.0006733416678603,0.0007620371619995263,0.00041894297348957156
6948,0,0.0003997264586912,0.00039844261857131824,0.00031971011329061903
6949,0,0.0005051631729667,0.0005273768790996267,0.0003837542022105088
6950,0,0.0009416858898419,0.0006174897596966218,0.0008431618210124666
6951,0,0.0016440896465299,0.0023003025776715882,0.0009760780123939203
6952,0,0.0006385082589337,0.0005957617143797281,0.00025113500726354387
6953,0,0.0003886061267499,0.00042179845102027747,0.00030858978134936906
6954,0,0.0004062523131501,0.00038726903207450715,0.0003002709109849251
6956,0,0.0010823447119617,0.0012083328612166704,0.0009078567536096734
6959,0,0.0005372630499746,0.0005182797688990571,0.0004463638518394001
6961,0,0.0009273903077096,0.0008386448596642387,0.0006753502235402994
6962,0,0.0016877600872921,0.0017986820248300274,0.0010844509928303497
6963,0,0.0026368796541756,0.002823602193978486,0.002201226357391341
6964,0,0.0012861441061169,0.0014504915533329553,0.0012284060017553366
6965,0,0.0029245984434742,0.003397675376325286,0.0018305994215485405
6966,0,0.001771553822944,0.002610724050147385,0.001505904941073261
6967,0,0.0006604733160278,0.0006681510617161218,0.000643273221031302
6968,0,0.0015644327109589,0.002430142333509085,0.001108582718720671
6969,0,0.0004962196002977,0.0004630952476629668,0.0003899129460032532
6970,0,0.0006170672587859,0.0006768085938611084,0.0002994542639745991
6971,0,0.0007430561350588,0.0007063126418654006,0.0005443829108277466
6972,0,0.0004169850506768,0.00045017737494717743,0.00036506531889900305
6975,0,0.0023523483681111,0.0030049594480221526,0.001291159986099523
6976,0,0.0015019530801967,0.0019277212019682979,0.0008971367061276915
6979,0,0.001459669527376,0.0015294013580870638,0.0013212858427316503
6980,0,0.0064068906177603,0.007493989644033564,0.005092078350333815
6981,0,0.0005627368077572,0.0007306937491195033,0.0003886141661994956
6982,0,0.0005375941335701,0.0005973354686453585,0.00022417298367278057
6983,0,0.0009409203322255,0.0006843882803260336,0.0007346430996901221
6984,0,0.0025635760842866,0.002580325154485766,0.0014579066518440732
6985,0,0.0014347591641414,0.0014024904595571718,0.0014179152005414667
6986,0,0.0007104155769509,0.0006772912243162169,0.0006770899228494583
6987,0,0.0006968978428008,0.0007619507889441083,0.0003898713910047499
6988,0,0.2460005228839618,0.24615242062687218,0.2458500240553787
6989,0,0.0010488139918256,0.0010849160485352262,0.0007762555251539931
6990,0,0.0004883875946446,0.00045309108505552564,0.0003982959198406673
6991,1,0.6623272331678791,0.6603703775689846,0.6675337769908731
6992,0,0.0014025031200987,0.0015620652649661572,0.0012247498612785095
6993,0,0.0007758806075053,0.0007680599423498754,0.0005633732570005912
6994,0,0.0014801456105906,0.0014878233562788717,0.001462945515594052
6995,0,0.0025139803058519,0.003963949025451705,0.002039946752881126
6996,0,0.0019975978786123,0.0020115535135372255,0.001972923977847784
6997,0,0.0008541670782926,0.0008862840422550954,0.0005562520973514555
6998,0,0.0018714958665713,0.0019256373530621585,0.0015755533171989593
7000,0,0.0033811228029223,0.0033621395218467074,0.0033359184632532706
7001,0,0.0009145477179321,0.0010832644575150532,0.0007232885902257502
7002,0,0.0031129222171506,0.0031498718471559954,0.002784069321626568
7003,0,0.0207884616099335,0.019166089165335947,0.009870332227117189
7004,0,0.0173098374425172,0.01953298442211513,0.015818498537800138
7005,0,0.0944692349068868,0.14176290754406434,0.08105328974580543
7006,0,0.0076120096832588,0.008888409755066475,0.007198622401840181
7007,0,0.0035414355365884,0.0037131433385425407,0.0034847239835043694
7008,0,0.0010824153163808,0.001064960450808321,0.0009733058566965878
7009,0,0.0024127532891545,0.003019146645775265,0.0017156110045725734
7010,0,0.0005018928615548,0.0005260785705944755,0.0002897441610527328
7011,0,0.0005877546379865,0.0006198716019490453,0.00028865462612425683
7012,1,0.9613773582294702,0.9564760130442522,0.966246055144169
7013,0,0.0071964162074282,0.009035969461230213,0.006463220766168234
7014,0,0.0002990435649966,0.0002768649530228114,0.00020774785188834444
7015,0,0.0027610705527731,0.0031088033496632296,0.002294312936089058
7017,0,0.0004529781842529,0.0004771638932925754,0.0002489464422027396
7019,0,0.0025455303609671,0.003573636711932336,0.001834968742876608
7020,0,0.0008614825535206,0.0009718163532914755,0.0008102186954592302
7021,0,0.0007043755906604,0.0006579701949456509,0.0005502965852287556
7022,0,0.0003204452763111,0.0004936632427332071,0.00017611303902136897
7023,0,0.0005537566539661,0.0005858736179285953,0.00023368226178684457
7024,0,0.000455015486902,0.0004867472929743754,0.00025718797024975226
7025,0,0.0014955053579042,0.0016474031008145412,0.0013521807653548129
7027,0,0.0027462646471942,0.0027272813661186075,0.0026611019039262337
7028,0,0.000423925406737,0.00040174679476321143,0.0003326296936287445
7030,0,0.0004800439612636,0.0005231032588012767,0.00043190105069755113
7031,0,0.0003677942024101,0.0007453664572941181,0.0004351760012338129
7032,0,0.004956617814812,0.004871770722643744,0.00465191912807434
7033,0,0.0004022151571642,0.0005754331235862571,0.0002626061129681442
7034,0,0.0004435598455838,0.0006115167869461033,0.0002806553019141499
7035,0,0.0008227479921502,0.0009330817919210755,0.0007902227249785181
7036,0,0.0005501678575102,0.0005279892455364115,0.00045887214440194443
7037,0,0.0014975847025658,0.0017744167926693737,0.0011517317621530668
7038,0,0.00067095212095,0.0007030690849125453,0.0003677238324383864
7040,0,0.0006064142832638,0.0006305999923034754,0.00041578904216390595
7041,0,0.000408906511697,0.0005821244781190572,0.0002642266539659834
7045,0,0.0004620559775815,0.0006216181224489571,0.0003040679187371189
7046,0,0.0005432751387089,0.0007101410022198179,0.0003999505461595129
7047,0,0.0007568527039556,0.0007204283970978703,0.0006711824022845554
7048,0,0.0010176178279968,0.0009966119651249362,0.0008109288895635796
7050,0,0.0011474263228818,0.0011814056040491724,0.0011032274501211773
7051,0,0.0014238559063734,0.0014816721891444764,0.0011689111686697955
7052,0,0.0006373319300317,0.0006151533180579114,0.0005641851276362614
7053,0,0.0006962417944493,0.0007098493068080627,0.0003864208968850642
7055,0,0.0004312157509834,0.00040903713900966143,0.00035031245199779046
7056,0,0.003020442490323,0.003057946826433495,0.0026899508099295514
7057,0,0.0013067340525521,0.0017499538367841462,0.0010683078501090124
7058,0,0.0004719819826391,0.0004896961250797107,0.00047572697364763256
7059,0,0.002090465597709,0.0021143574006155692,0.0017135818446112143
7060,0,0.0007271831921938,0.0007641328221992454,0.00043747323279026327
7061,0,0.0006752568068011,0.0007073737707636454,0.0003773418258600055
7062,0,0.0009567525123844,0.00124029093304075,0.0007689764025316221
7064,0,0.0050479566462311,0.005708119905524616,0.004431676228407368
7067,0,0.000660412365301,0.0007145538517918584,0.0003463274461177741
7069,0,0.0007296265749259,0.0008173968563725245,0.0007191890090017369
7070,0,0.000709800379932,0.0008777573212943033,0.0005336173623211439
7072,0,0.0011126289504588,0.001087648189725755,0.0010154405994812121
7073,0,0.0008843679956605,0.0011553442720879997,0.0006770920548304287
7074,0,0.0008210994844471,0.0008508898779918676,0.0006391657898709797
7075,0,0.0008641597240975,0.0010321166654598034,0.0006746808833465978
7076,0,0.0011037889461671,0.0010087263701378968,0.001075294729262298
7078,0,0.0009515593162736,0.0011247772826956572,0.0007914990314227721
7079,0,0.0058541320433318,0.006642609362337527,0.0050912773577410884
7081,0,0.0124584673036911,0.016203708845010864,0.01703812355825158
7082,0,0.0522945801009773,0.060357124753818964,0.04974550193692097
7083,0,0.0242113088802747,0.030023061981608312,0.01977946270095193
7084,1,0.9910870621636724,0.9914802239634728,0.9906846906247122
7085,0,0.0702454348180843,0.09687038383135516,0.05293283380235771
7086,0,0.0308369798398712,0.03865415352728127,0.028320357844994683
7088,1,0.0243473266449452,0.027307537447772215,0.022135539144390926
7090,0,0.0005090111727014,0.0005411281366638954,0.0002099111608391068
7091,0,0.0011146492613126,0.0011940671460685072,0.0011058131749919415
7092,0,0.0042604601964613,0.005865679117645874,0.00424434428136369
7094,0,0.0043045352559949,0.004508354559221652,0.004465064066587523
7095,0,0.0004988062327507,0.0004813513671782209,0.00038969677306648786
7096,0,0.0030512511455309,0.0029869069592592195,0.00291964785935355
7097,0,0.0025452777444417,0.0024809335581700196,0.0022518105663004518
7099,0,0.0005249384578957,0.0005570554218581954,0.00019989167656139317
7100,0,0.0043335732353012,0.004989786166442938,0.0037225318381729593
7101,0,0.00051500591011,0.0005803597856203641,0.0003185202650925396
7103,0,0.0003051635488324,0.00028298493685866146,0.00021386783572419446
7104,0,0.0003439251177073,0.00041743009856168507,0.0003543499953937865
7105,0,0.0003904905038726,0.0003683118918988615,0.000287642431453118
7106,0,0.0005304123918106,0.0005625293557730953,0.00020536561047629316
7107,0,0.0004091273537018,0.0005770842950641034,0.00024761928974221896
7108,0,0.0005334249234002,0.0005655418873627454,0.00021335053122099456
7109,0,0.000546637883085,0.0005787548470474954,0.00022656349090574454
7110,0,0.0005058245084454,0.0005194320208041627,0.000171524467955913
7111,0,0.0005317782853529,0.0005638952493154454,0.00021170389317369455
7112,0,0.0005207569096936,0.000600174794449507,0.0005171056767080816
7113,0,0.0006469514333967,0.0009628099575312059,0.0004659534717027011
7114,0,0.0004561220684458,0.0004991427782200667,0.00045190819623165375
7115,0,0.0010978757954545,0.001155683573932114,0.0009148541491011843
7117,0,0.0005759844364483,0.0006081014004107953,0.0002509376551139932
7118,0,0.0005580280290566,0.0005901449930190954,0.00023795363687734454
7119,0,0.0006360304634909,0.0007013843390012141,0.0004529513194236559
7120,0,0.002922801713025,0.0038528657925900388,0.002497067507659296
7121,0,0.0105029707718459,0.010742975296677544,0.01026645390161676
7122,0,0.0021030085752956,0.0027592215064373383,0.001353651930933438
7123,0,0.0004969431666225,0.0005704481474768851,0.0005124730801608268
7125,0,0.0007335407142139,0.0007804583840302891,0.0007611299159039344
7126,0,0.0025720566621592,0.003232219921452715,0.0018746206145448768
7127,0,0.0010999933739069,0.0011430140836812166,0.001100582997170016
7128,0,0.0069628259398956,0.006691052221491832,0.018645195464639455
7129,0,0.0004425310359142,0.0006020931807816071,0.0002841953566285334
7131,0,0.001495113402993,0.0014017382722445828,0.0012415650210397624
7132,0,0.0008471591574831,0.0008050762105606809,0.0006302564797813851
7133,0,0.0014918380549766,0.0017575860928091191,0.0011678068535612926
7134,0,0.0007235682311969,0.0007371757435556128,0.00040669066263140994
7135,0,0.0010599404171886,0.0014446740796146581,0.0010014346725413267
7136,0,0.0019502721559024,0.0022160201937348693,0.0015708492239367377
7138,0,0.0005204390599832,0.0006883960013455534,0.00035893099602366896
7139,0,0.0028205290606958,0.004148459748086659,0.0020480744408846955
7140,0,0.0005031105973703,0.0006710675387326533,0.00033600962054517174
7141,0,0.0023040404625324,0.0026287324133948183,0.0022287462186223114
7142,0,0.0032818766320628,0.004887095553247375,0.0031177727679033897
7144,0,0.0008273139290132,0.0008599924136852954,0.0004982963211355018
7145,0,0.0006594748142838,0.0006915917782463453,0.00035066020080695356
7146,0,0.0010122282259589,0.0014554480101908961,0.0007637537393324712
7148,0,0.0006830413073769,0.000762459192132857,0.0007150299979033504
7149,0,0.0003972132313399,0.0003706860142697521,0.00032657866830109014
7150,0,0.0005463755369439,0.0007143324783062534,0.00037927456011877176
7151,0,0.0010868125381346,0.0010475099068283553,0.0008471647657846145
7152,0,0.0013242993549776,0.0012878750481199203,0.001294012766824013
7153,0,0.0006494350218032,0.0008089971666706071,0.00047677200930749394
7155,0,0.0008536083434531,0.0008966676409908267,0.0008540550488039869
7156,0,0.0007890384945338,0.0007781572582450114,0.000744002007601385
7157,0,0.0038415843631508,0.0038294508770380254,0.0037105323915785516
7159,0,0.0010228378007013,0.0011195960400037573,0.000933870868891924
7160,0,0.0007161846204691,0.0008039539581351918,0.00047859364984284244
7161,0,0.0022295652971607,0.0022726245946984264,0.0021814223865947013
7163,0,0.0020101177037597,0.0022606761613525018,0.0016680909216257231
7164,0,0.000879566214848,0.0010475231562103032,0.0006900873740970977
7168,1,0.9852352943948552,0.987894547086516,0.9882591268104199
7169,0,0.0004742762609217,0.00042050333485486017,0.0004012095538431979
7170,0,0.0005409834108518,0.0007089403522141534,0.00038289795667888936
7172,0,0.0030043632927236,0.002672550855646883,0.0025805391522938674
7173,0,0.0009459951444358,0.0013232173136614347,0.0006275642415445945
7175,0,0.0050967248507114,0.005185420344850626,0.00481664213239201
7176,0,0.0003276147923157,0.0004955717336780033,0.0001695293381427393
7177,0,0.0003342554935211,0.00030772827645090216,0.0002542571560978444
7178,0,0.0009907704384759,0.0012482705454753347,0.0006748717194007283
7179,0,0.0003555333800036,0.0005287513464257072,0.00021120114271386896
7180,0,0.0003138598076694,0.00030297857138066145,0.00023386147024619444
7181,0,0.0004450151236599,0.0005297560968383918,0.00022386277038449808
7182,0,0.0015001265155627,0.002384349348085718,0.0011674387850702458
7184,0,0.0007176437234602,0.0011969259908301793,0.00034209314124524496
7185,0,0.0003490295682374,0.00036674371067801063,0.0003340518378955011
7186,0,0.0004485350823734,0.0003947621563065602,0.0003754683752948979
7190,0,0.0004136891689736,0.0004413378819282224,0.0003824090206725698
7191,0,0.0022019789484336,0.002645835665072257,0.0011671224115190131
7192,0,0.000473099808892,0.0005048316149643754,0.0002684972054226328
7193,0,0.000407519116292,0.000723377640426556,0.00022865139734469763
7194,0,0.0197287859476802,0.02135932968221788,0.017031898219141806
7195,0,0.0007443633069735,0.0011862975025130462,0.0004981848263601145
7197,0,0.0003925116537641,0.00036258007525870935,0.0002212156012756623
7200,0,0.0003705262901036,0.0004135855876413266,0.0003223833795376011
7202,0,0.0004655970394447,0.0004547158031559114,0.00038559870202144447
7204,0,0.0015735409391747,0.0019137622891815295,0.0011841868067089328
7205,0,0.0003350097891195,0.0005029667304818534,0.00017315410471873343
7206,0,0.0003846445120159,0.0005526014533782533,0.0002227888276151334
7208,0,0.0004205975657545,0.00040971632946576144,0.0003317717298564664
7209,0,0.0010336691406481,0.0011184101138265918,0.0008125167873726982
7211,0,0.00136520139914,0.0020930901444550652,0.00071543224200193
7212,0,0.0010558891466941,0.0012327047057045905,0.0007235694522524108
7213,0,0.001784566030276,0.0018590211483997254,0.001680788972901787
7214,0,0.0009285065218662,0.0013028370176598847,0.0006027079248684309
7215,0,0.0003730391181134,0.00034651190104320216,0.0002936616816921301
7216,0,0.0006260368804046,0.0007033499421520849,0.0004377344346815471
7217,0,0.0008428885486025,0.0009815644119140555,0.0007416786279288324
7218,0,0.2584667666539831,0.5041619491776024,0.04867149107364338
7219,0,0.0007022324785682,0.0006629298472619554,0.00042068440041501804
7220,0,0.0006435667289225,0.0006866260264601766,0.000595423818356451
7221,0,0.0006468522560689,0.0007426908234415813,0.0006205628040225372
7223,0,0.0058157238241346,0.006772434674018987,0.0043878254131117685
7224,0,0.0027993803801477,0.0037251592881846858,0.0018973134951433806
7225,0,0.000535375890314,0.0007085938567360571,0.0003929058043629155
7226,0,0.0012178378410779,0.0011814135342201704,0.0011321675394068554
7227,0,0.0016634550242756,0.0019943222985399846,0.0012510864232346533
7228,0,0.0084474087530253,0.0037955512568886257,0.0037294163643106382
7230,0,0.0007497717673221,0.0007963860122174106,0.000765176818941942
7231,0,0.000481377961648,0.0005691472993140918,0.0002688056328066416
7232,0,0.000527970947752,0.0006875330926194572,0.00036438997604202174
7233,0,0.0007207059921262,0.0007292155863642255,0.0005071655100754297
7235,0,0.00115751673852,0.0016007365227519962,0.000908158654645637
7236,0,0.0021551979383438,0.0025633778232085278,0.001482279002182387
7238,0,0.0004910376788731,0.0005753805166494418,0.0002728833160630127
7239,0,0.0005578856199331,0.0005755997623737106,0.0005914975055080869
7240,0,0.0006000443989025,0.0007792351462030533,0.00042091441852912725
7241,0,0.0018215484523357,0.002686952975506216,0.0013927531146858412
7245,0,0.0011623636354178,0.0012505262745087916,0.0009501846080013416
7247,0,0.0021810813234103,0.0020907465448468435,0.002253893468298152
7248,0,0.0027855109126351,0.0032171829861318522,0.002308670098230668
7249,0,0.0076149879859456,0.009276060961853388,0.004482411432975895
7250,0,0.0259730480177417,0.03832390999168102,0.015927088214610828
7251,0,0.0223015036480009,0.02808741284055479,0.014477873215091716
7252,0,0.0173714204607037,0.02164535868192305,0.01801473324202506
7254,0,0.3136929792521628,0.09106399716578534,0.10658401659656341
7255,0,0.0487910935695729,0.058733994755021966,0.04273754230779686
7256,0,0.0984374691103822,0.0977242093212666,0.13232202663685563
7258,0,0.0003302582419045,0.0004982151832668034,0.00017365832656673238
7260,0,0.0003272216157125,0.0003702809132501766,0.00027907870514645114
7261,0,0.0189568270556315,0.019013465211285666,0.018517190393914303
7262,0,0.0006887863875666,0.0008531338347826554,0.000624193533340138
7263,0,0.0005632291693107,0.0005953461332731953,0.0002593667429295879
7264,0,0.0015379248836156,0.0016153720932696924,0.0015553812854481016
7265,0,0.0003510728559733,0.00033361799040082095,0.00024196339628908788
7266,0,0.0029969718061644,0.003076716982365369,0.002585104236918456
7268,0,0.0007729781140558,0.0007518666531582349,0.0007687764165067002
7269,0,0.0004953499884728,0.0005195356975124254,0.0002832012879706828
7270,0,0.0003136450945219,0.0003273900968506127,0.00027301061085774895
7272,0,0.0011581522286502,0.0018747451854944153,0.00047856967604540887
7273,0,0.0055378336899113,0.006381419528560013,0.004880335571843376
7274,0,0.0004473715030796,0.00046861960227929505,0.0004368263642278489
7275,0,0.0003598341116928,0.0005277910530551034,0.00019832604773321893
7276,0,0.0003507902055902,0.00033990896930146145,0.00027079186816699445
7277,0,0.0014720326811002,0.0021988447167361662,0.0006525539455084017
7278,0,0.001347541840593,0.0013127977778879215,0.0012217649051733158
7279,0,0.0003226871311365,0.0004959050975585572,0.00018057469205485382
7280,0,0.0003854311357743,0.0004697739735506918,0.00016388064709679808
7281,1,0.949446547256842,0.9482276679191372,0.9513593316916746
7282,0,0.000744128600465,0.0008721861252557354,0.00045161142098745983
7283,0,0.0005601333069702,0.0005843190160098254,0.000326259053080187
7285,0,0.0029853022857349,0.0035889056193860076,0.0021755243387914943
7286,0,0.0061000036268781,0.007841607023720146,0.0051094224405631656
7287,0,0.0003403034737329,0.0003540484760616127,0.00029966899006874894
7288,0,0.0006175893105981,0.0006417750196377754,0.00038922158395513287
7290,0,0.0010671765811677,0.0009972881430557329,0.0008404623485336327
7292,0,0.0013284984379164,0.0016687197879232294,0.0008506701690499158
7294,0,0.0010666737417006,0.0011414210556363255,0.0009437109939315453
7295,0,0.0004607228582366,0.0005454638314150418,0.00023957050496114808
7297,0,0.0005383217117668,0.000690219454677191,0.0003949971192174629
7298,0,0.0005265778312658,0.0006143471689318918,0.0002961657237094446
7299,0,0.0007108190532221,0.0007112664500645753,0.00046784712077716856
7300,0,0.0005634865588426,0.0007314435002049533,0.0003950905886803007
7303,0,0.0010088005889823,0.0011767575303446532,0.0008416996121571717
7304,0,0.0016656921099953,0.002321905041137038,0.001012571532135931
7305,0,0.0008559057766404,0.0012533349938255414,0.0005268623275257295
7306,0,0.0005698329302753,0.000736698793786268,0.0004265083377259629
7307,0,0.0013700455888457,0.0021510096840980627,0.0006893687095079505
7308,0,0.0009036093000735,0.0010133453393670372,0.0008693627776527954
7311,0,0.00051284547354,0.000534093572739745,0.000519645789386416
7313,0,0.0012259085382209,0.0015567758124852848,0.0008135399371799534
7315,0,0.0044177592085163,0.003554433491391241,0.0032316577581227783
7316,0,0.0007763674370929,0.0008556390326956262,0.00047902539577197303
7317,0,0.000818112593461,0.000895425655208485,0.0005981547536776529
7319,0,0.0004327709194324,0.0005884364567679034,0.0002461585816138565
7321,0,0.0007583385132996,0.0009267912642797137,0.0006180602260184115
7322,0,0.0025220926101458,0.0024856683032881202,0.0025397611364320776
7323,0,0.0004718248830967,0.0006313870279641571,0.00030289135487373935
7327,0,0.0021444242173958,0.0025077814579986535,0.0015288485234760823
7328,0,0.0004894022822951,0.0005737451200714418,0.0002712479194850127
7330,0,0.0005545326811314,0.0006388755189077418,0.0003363783183213127
7331,0,0.0005675858218558,0.0005763087528267224,0.0005194429112897511
7332,0,0.0011425061722557,0.0010811691248188906,0.0011215586358058222
7333,0,0.0017642817612842,0.001931147624795168,0.0015863732282076308
7334,0,0.0047406923050698,0.005072592983664242,0.004494179189077733
7335,0,0.019372821360714,0.02507938943763726,0.010514725665409801
7336,0,0.0215952874226369,0.0400493290586516,0.02020434871056504
7337,0,0.0115889965836884,0.014374964589098458,0.0072250290955932234
7338,0,0.0328640346354186,0.037227050330887086,0.03052246174579585
7339,0,0.0487421117456861,0.1061830683801771,0.06596816603449664
7340,0,0.0004702715655704,0.0005020033716427754,0.00024229568383619447
7342,0,0.0003761367963235,0.0004604796340998918,0.00015722499078965163
7343,0,0.0003380064646508,0.00035572060709141063,0.0003230287343089011
7344,0,0.0003895493156429,0.00038456935454777094,0.0003007144233039017
7346,0,0.0038550434489981,0.004037211395345297,0.0034420982007982654
7349,0,0.0003312998212073,0.0003743591187450266,0.0002831569106413011
7350,0,0.0003613225301697,0.0004456653679460918,0.00013977204149219808
7351,0,0.0003891941935597,0.0004322534910973766,0.0003410512829936511
7353,0,0.0005527937196298,0.00032629242485310934,0.0002616250687774397
7354,0,0.0006744757321939,0.0008320881975077854,0.0004094484456259772
7355,0,0.0006258615047672,0.0007033087144213423,0.0006008161974617802
7356,0,0.0002919002332093,0.00026537301613910216,0.00021190189578604442
7357,0,0.0020007991729112,0.0028850220054342677,0.001668111442418796
7358,0,0.000383899496977,0.00045567155966056105,0.00015282036695783837
7360,0,0.0002307849623173,0.00021990372602851145,0.00014195912641921642
7361,0,0.0003315301992916,0.0004158730370679315,0.0001099797106140378
7362,0,0.0003786711518463,0.0005466280932086533,0.00021716308788676894
7363,0,0.0003230004352939,0.0003407145777345106,0.0003080227049520011
7364,0,0.000920768900078,0.0013058821708481793,0.00048246775163654303
7366,0,0.0008205975663951,0.0009849450136111054,0.0007405345612335728
7367,0,0.000358934519779,0.0004432773575553918,0.00013738403110149808
7369,0,0.0009596473357713,0.0010343946497070255,0.0008143917572275138
7370,0,0.0005310407490301,0.0005522888482297951,0.0008761503828304186
7371,0,0.0009586720625327,0.0009863207754873724,0.0009191258692343208
7372,0,0.0004097901583501,0.0004081823155949766,0.0003557980765213013
7373,0,0.0003251412605923,0.0004930982019546034,0.0001632855761914834
7374,0,0.0003792111419288,0.0005471680832911534,0.00021735545752803344
7375,0,0.0019924813190947,0.0021898464761505028,0.0013344465989744056
7376,0,0.0009699097760648,0.0010542526138411419,0.000748359287387248
7377,0,0.0003280784791474,0.0004960354205097034,0.00016622279474658343
7378,0,0.001335934224352,0.0020638229696670653,0.0007100213600554189
7379,0,0.0007120639899557,0.001155283774187746,0.0004604886174156494
7381,0,0.0012018184515463,0.001218655994129485,0.0011951470810787049
7384,0,0.0006828643899639,0.0011260841741959461,0.00044778198104142796
7385,0,0.0006511493333722,0.0006596589276102254,0.0004143174735299631
7386,0,0.0020698883447846,0.0029793276708329677,0.0017228684700190883
7387,0,0.0004881441130735,0.0005724869508498918,0.0002665936243959981
7388,0,0.0010057879493145,0.0013460092993213294,0.000571708679117417
7390,0,0.0005538293581344,0.0005273021410642021,0.0004919799314239614
7391,0,0.000570130092563,0.0005705774894054754,0.00032909612687834677
7393,0,0.0004812869530741,0.0006492438944364034,0.00031977888911451893
7394,0,0.0006885929940111,0.0006971025882491254,0.0004556212257219968
7395,0,0.0006458473314364,0.0006889066289741267,0.0006164271422208326
7396,0,0.0004710647428273,0.0005554075806036418,0.00025291038001721276
7397,0,0.0004819048055475,0.0004553775884773021,0.00042005537883706145
7398,0,0.0019805510849523,0.0019441267780945703,0.0019280388243236562
7399,0,0.0008128038327865,0.0008132512296289754,0.0005717698671018468
7400,0,0.0004669485744369,0.0004404213573667021,0.00043738187769498975
7401,0,0.0009532114541798,0.0009617210484178754,0.0007148837078155345
7402,0,0.0013445754504174,0.0016781852174039666,0.0009939818307679754
7403,0,0.0005103070465505,0.0006134186632823623,0.00029341341653536844
7404,0,0.0029817503978697,0.0036939473862402884,0.002220527221542818
7405,0,0.0009437867961478,0.001103348941015207,0.0007822643043283511
7406,0,0.0006926162113004,0.0008521783561678571,0.0005318119547815051
7408,0,0.0008205389927247,0.001122316424879556,0.0006146301301440053
7409,0,0.0025917514370244,0.002954312351775987,0.0018156938692802287
7410,0,0.0016987650317864,0.0017003383926770623,0.0013973478626963312
7411,0,0.0024241935385816,0.0024836024805594903,0.002789571255934413
7412,0,0.0012768696345305,0.0013657030403059767,0.001332285678332701
7413,0,0.0010889933914234,0.0010811727262679755,0.0008413226583128743
7414,0,0.0005240523028101,0.0005002867620225756,0.0004766978299772744
7415,0,0.000574812484678,0.0005510469438905256,0.0005345229931650642
7416,0,0.0008577906669864,0.0008909829912567774,0.0008199339719975548
7417,0,0.0005941026038652,0.0005866502915912071,0.000541318146733256
7418,0,0.0005843245828325,0.000650561384577172,0.00039348772214512623
7420,0,0.0009725907756957,0.0009713069355758183,0.0009347340807068048
7421,0,0.0040941684373555,0.00566661863257702,0.0026294174086686955
7422,0,0.0147696798748954,0.014342332402332503,0.01593429458884688
7423,0,0.2935893378292624,0.20614746052236801,0.12001673519131859
7424,0,0.0569258462024655,0.06419606749393952,0.054128858142840644
7425,0,0.0806710219858724,0.08651778970128828,0.07819667690699753
7428,0,0.0003070045022468,0.0002832389614592756,0.00021255406888317507
7429,0,0.0005047019199459,0.00047157756731116684,0.0004144703455805692
7430,0,0.0003584507319823,0.0004655328014224623,0.00014096281622516098
7432,0,0.0079979010402859,0.009408032424689674,0.0063560247887215855
7433,0,0.0003963059315829,0.0004912089876448648,0.00016952220578741355
7434,0,0.0006273581085593,0.0005942337559246167,0.0005371265341940192
7436,0,0.0002834599412564,0.0002760076289823571,0.00018900950789277506
7438,0,0.0003378839656844,0.0005111019321064571,0.00018183383791299697
7439,0,0.0005690795077033,0.0007077553710149054,0.0004371902326423897
7440,0,0.0003632179980129,0.00039641032228322743,0.00028320165261231907
7441,0,0.0003317849110128,0.00027954780945695903,0.00024387901535355752
7442,0,0.0014890674409777,0.0020926707746288077,0.0006213394405593878
7444,0,0.0002836323985311,0.00046544967119935336,0.00012426677539584694
7446,0,0.0003199575687569,0.00035314989302727743,0.00023994122335636904
7447,0,0.003271579466878,0.003326754554081566,0.0026810501484021165
7448,0,0.0010953584976357,0.0012281005148155083,0.000838932981680296
7449,0,0.0004285914622825,0.0005651501931037033,0.00023670728986000997
7450,0,0.001388813762873,0.0015272624717446704,0.001219261739685027
7451,0,0.0004183116354259,0.00045150395969622745,0.00033829529002531904
7452,0,0.0003038114392427,0.0002963591269686571,0.00021413603811152942
7453,0,0.0002580865786863,0.00023432103789882558,0.0001636361453227251
7454,0,0.0020614266345662,0.002219625780323798,0.0016020379173720405
7455,0,0.0009326609966959,0.0009317673969084553,0.0008290656812404492
7456,0,0.000451081123189,0.0004828129292613754,0.00022160711817265913
7457,0,0.0016440977011059,0.0019443856456236794,0.0011661797837494725
7458,0,0.0004845595140147,0.0005087452230543255,0.00024753941196560916
7459,0,0.0004976347945728,0.0007686110710003498,0.0003094814662149402
7460,0,0.0003437505839483,0.0003199850431607756,0.0002528809353958575
7461,0,0.0003464917322888,0.00033903942001475715,0.0002520412989251751
7462,0,0.0004232597343191,0.0005964777007412071,0.00026909141733241857
7463,0,0.0004203567453667,0.0003965912045792256,0.0003259063120031251
7465,0,0.000466104073495,0.0005610071295569148,0.00024321002847942113
7466,0,0.0008357062765282,0.0012789260607602461,0.0005824929459767893
7467,0,0.0005332625050188,0.0005001381523840668,0.0004430309306534692
7468,0,0.0003542374257274,0.0005221943670897034,0.0001864397661001358
7469,0,0.0004343288148863,0.0004268765026122571,0.00035601265706586364
7470,0,0.000550172714737,0.0005586823089750254,0.0003244890602183443
7472,0,0.0018121142721065,0.002468327203248238,0.001068959120315049
7474,0,0.0110714619704758,0.013372199744937488,0.009442476104434785
7475,0,0.0013702665304217,0.0013371421777870168,0.0012800349560564191
7476,0,0.0020300449593434,0.0028739894420763356,0.0009958599371676755
7477,0,0.0003323110556857,0.00032485874341165713,0.00025399489786526365
7478,0,0.0004620820532156,0.0006300389945779034,0.00029428439358833577
7482,0,0.0004804123385295,0.0005874944079697123,0.0002636513219949982
7483,0,0.0006685486249849,0.0008365055663472534,0.000492849953165549
7484,0,0.0022922808418731,0.0023515061386648406,0.002397731269621272
7485,0,0.0025138596093969,0.002530608679596066,0.0013199936153163363
7486,0,0.0004180882058639,0.0005999054785321533,0.0002590150526254028
7487,0,0.0006052436853862,0.0007784616518083071,0.0004444522353349421
7488,0,0.000595802867485,0.0006603089082716084,0.00027926989051925037
7489,0,0.0005488262212362,0.0007167831625985534,0.0003562365938071666
7491,0,0.0022613717151724,0.0023508862614921855,0.0019904130623319308
7494,0,0.0012181644044224,0.0013402618045711531,0.0010685294187405738
7495,0,0.0009450534657314,0.0008942679184338646,0.0008093792835995449
7500,0,0.0029579947519323,0.002924870399297617,0.0030779834292779897
7501,0,0.0009482445254622,0.0011997060728008357,0.0007905979554834459
7502,0,0.0006151976264706,0.0006288827050081251,0.0006159747378461929
7503,0,0.000535861575243,0.000549546653780475,0.0004975804591037945
7504,0,0.0054461325350771,0.005413008182442417,0.0058436299882605935
7505,0,0.0087743644616217,0.006855745228870705,0.005844035310010719
7506,0,0.0527980425959912,0.05607369219681325,0.051718662937234275
7508,0,0.084782445802669,0.07731492816419266,0.058243437940676816
7510,1,0.989529707108806,0.9897580459020567,0.9910587276723654
7511,1,0.0159907709449292,0.02249382391545722,0.012838856983538597
7512,0,0.000409623042161,0.0005537032450375071,0.00024214847524865312
7513,0,0.0003860478219803,0.000395402547750557,0.0003409424452172691
7516,0,0.0045958886625747,0.005190354027518232,0.004086974753238139
7517,0,0.0041994402169524,0.0053906823725933355,0.0034250223588906566
7519,0,0.000411611051784,0.0004357967608236754,0.0001729891024989082
7520,0,0.0008968262111752,0.0010043008146461124,0.000679730829448811
7521,0,0.0002728612773181,0.00026540896504410714,0.00017841084395452507
7522,0,0.0004533204020952,0.00047750611113487544,0.00021469845281010819
7523,0,0.0023978290766956,0.002883516831547395,0.0015099838544766183
7524,0,0.0019843318009773,0.002855624093023425,0.001351817010620096
7525,0,0.0004098850163742,0.0005831029827962572,0.0002592631834167358
7526,0,0.000776696039411,0.0008487807731903202,0.0005273608810762962
7530,0,0.0003655957014366,0.0005251578463040072,0.0002013180469244858
7531,0,0.0002983878626734,0.00048020513534165334,0.00014445053435208581
7532,0,0.0020171128368744,0.0025028005917261454,0.001517492527837594
7533,0,0.0002780046223579,0.00029168970089537503,0.00023972350621869452
7534,0,0.0003838190104731,0.0004909010799133123,0.00016379881585187474
7535,0,0.0009844734666662,0.0012463309504752067,0.0006508242747906979
7536,0,0.0003866241761298,0.0004937062455700122,0.00016660398150857475
7537,1,0.8996779324125286,0.8949397902950839,0.903191270096074
7538,0,0.0139533647692264,0.015697433335261062,0.013088367582032424
7539,0,0.0004033395223663,0.0005104215918064623,0.00018331932774502473
7540,0,0.0003469467053885,0.0003394943931145072,0.0002524962720249251
7541,0,0.0004205846412896,0.0005938026077116571,0.00027200119329987894
7542,0,0.0003693056421018,0.0005372625834641034,0.0002015079824745358
7544,0,0.0013769324051131,0.0017642400523586478,0.0008319891430066575
7545,0,0.0015472087352356,0.0018874300852424293,0.001087105117145089
7546,0,0.0012119361618921,0.0012196139075804217,0.0011654780220910978
7547,0,0.0004635147310732,0.0005705968005134123,0.00024349453645197474
7549,0,0.0004193122491982,0.0004525045734685774,0.00035554087977080905
7551,0,0.0005654413675991,0.0006251827026743584,0.00023945974475217662
7552,0,0.0004666122573782,0.0005736943268184122,0.0002465920627569747
7553,0,0.0003857907527091,0.0003783384404350571,0.00030747459488866363
7554,0,0.0006312807259872,0.0006317281228296254,0.0004080841774771498
7555,0,0.0027224568411843,0.002909179380987186,0.0019206035784434547
7556,0,0.0032889915533733,0.004389012337882686,0.0024581622229463067
7557,0,0.0006901061158436,0.0006905535126860755,0.00046690956733359975
7558,0,0.001996703528233,0.001963579175598267,0.0018924419341530007
7559,0,0.0011875384038652,0.00129386161269107,0.0009601466329805177
7560,0,0.0022613083899492,0.0033613291744585857,0.0014831996695499256
7561,0,0.0028357378709851,0.003022460410787986,0.0018401050548717528
7562,0,0.001339251849504,0.0016395397940217795,0.0008764262750718208
7563,0,0.0033294159090098,0.004239778959153355,0.0026237378443489416
7564,0,0.00075684735774,0.0009211948049560055,0.0006968041880345394
7566,0,0.0007402223056035,0.000907088169114418,0.0005895465433377767
7568,0,0.0071494209863353,0.007176241553978886,0.006979624050119851
7569,0,0.0007855413446742,0.0008101861356954754,0.0005640700911075291
7570,1,0.9520603103276776,0.9517001250128565,0.9527503752010132
7571,0,0.0019948283376829,0.0021098027780296355,0.0017119920061460946
7572,0,0.0006696773126741,0.000683362391211625,0.0006704544240496929
7573,0,0.0009512556141186,0.0013288278690026679,0.0010021311510760905
7574,0,0.0004598945303026,0.0006331124967246572,0.0003041368724279528
7576,0,0.0010313065808188,0.0010674086375284763,0.0007456029107739152
7577,0,0.0005865276799361,0.0005727020071427775,0.0004912395173916482
7578,0,0.000826107222412,0.0008906132631986085,0.0005311536545573095
7579,0,0.0037303485810412,0.0037895738778329405,0.004127441542149375
7580,0,0.0018024823435943,0.0018537481267047267,0.0017046678224631108
7581,0,0.0011489345431351,0.0012708855472680696,0.0009861971124045473
7582,0,0.0022457330823588,0.0025620979342540814,0.0017414717042405139
7583,0,0.0005977578296638,0.0006133078131264767,0.0005466631189392141
7584,0,0.0006579751742082,0.0007465396902758265,0.0007531897364909363
7585,0,0.0009132319013519,0.0008942486202763071,0.0008614114410373643
7586,0,0.0012673083495916,0.001453518473732314,0.001068429902755241
7587,0,0.0008870716011514,0.0008517750915623256,0.0008352511408368643
7589,0,0.0050117133565305,0.004920234461207346,0.004985488695127449
7591,0,0.0015548517153985,0.0016149374469129137,0.0015048832457044297
7592,1,0.4979192670226239,0.4738443157343863,0.43485746851748774
7595,0,0.0004003847554464,0.0003814014743708571,0.00029440335328127505
7597,0,0.0004962201959134,0.0005204059049530254,0.00027446920028517544
7598,0,0.0007086390580494,0.0008605368009597411,0.0005632310389306747
7599,0,0.0003383765550458,0.0005063334964081534,0.00017508592706271786
7600,0,0.0006002425213266,0.0006605374806808084,0.0003103465650622333
7601,0,0.0005176518876951,0.0005493836937674754,0.0003105827032788562
7602,0,0.0103817278277669,0.012080563009428696,0.008580170267225108
7605,0,0.0008773369182999,0.0008420404087108257,0.0007713555161347251
7606,0,0.0005104131647149,0.0004772888120802168,0.0004318395891289491
7607,0,0.0018544794037785,0.002458082737429608,0.0010135980103267192
7609,0,0.0006083679907604,0.0007470438540720055,0.0004976655954014534
7610,0,0.000367042413462,0.00040023473773232745,0.00028702606806141904
7611,0,0.0003293899900522,0.0003625823143225774,0.00024937364465166907
7613,0,0.0003684442839236,0.000746016538807618,0.00042847491303097665
7617,0,0.0004108359114888,0.00044402823575912746,0.00033081956608821904
7618,0,0.0004044140611845,0.00042662776731747676,0.0002964716076893957
7619,0,0.001522916866089,0.0022317836188959542,0.000744099967630551
7620,0,0.0004946577949298,0.0005102077783925267,0.0004210111572908816
7621,0,0.0003071227052042,0.0002718261956151756,0.00020114130303907507
7622,0,0.0005733688147665,0.0006331101498417084,0.00027192267213723656
7623,0,0.0022378963777513,0.002322043952556518,0.0020045023267798766
7624,0,0.0004108571029914,0.0005840750694135071,0.0002602352700339858
7626,0,0.0003997527459998,0.00038076946492420714,0.00029377134383462507
7627,0,0.0015553621999989,0.002158965533650008,0.000714480806547119
7628,0,0.001317749931404,0.0014465459010041138,0.0012613319285483824
7629,0,0.0004158889744338,0.0005891069408558571,0.0002649479304859606
7630,0,0.0097270003237,0.012530948691131333,0.007287368426790514
7631,0,0.0005075064514614,0.0005406987757317274,0.0004274901060608191
7632,0,0.0013077326058986,0.0014444457143604637,0.001201332175040127
7633,0,0.0007195020179445,0.0007797969772987584,0.0004186094995942866
7634,0,0.000486961698424,0.0007579379748514998,0.0003065225155640097
7635,0,0.0003789767232555,0.0003715244109815071,0.0002857922167893754
7636,0,0.0006153803968038,0.0006158277936462754,0.00039218384829379984
7637,0,0.000543996198779,0.0007172141652011071,0.0003930551548312106
7638,0,0.0005438176887852,0.0008147939652126998,0.00036219785019582246
7639,0,0.0004744751549472,0.00043917864535817557,0.00038462802832526366
7640,0,0.0006004043040182,0.0006649103448048584,0.00029591698562451063
7641,0,0.0005182051560128,0.000527559881783107,0.0004893447552229591
7642,0,0.0017581454997578,0.002650041506198735,0.0011737884408815867
7643,0,0.000504202680664,0.00046890617107492555,0.00040312046241809994
7644,0,0.0014699703569955,0.0020262527967313377,0.0011535152302640864
7645,0,0.0005720644754563,0.0005353209822629006,0.00035365751157799476
7648,0,0.0013804084524489,0.0017967798398365086,0.13841923919454202
7649,0,0.0009311437375919,0.0010064371824649054,0.000822067933381439
7650,0,0.0023836216622736,0.0023837915847662256,0.002289927360221629
7651,0,0.0025767714541442,0.0034871345042878053,0.0018964527766200036
7652,0,0.0021193884612099,0.0020524170316906266,0.0020722906459240188
7653,0,0.0015131987417696,0.002291187170630204,0.0009039978388008047
7654,0,0.0008765759914718,0.0009332266385116948,0.0005230214727806339
7655,0,0.000613792038256,0.0006555363115676781,0.00027680658597469714
7656,0,0.0005845150975272,0.0007577330639493071,0.0004287574396526028
7657,0,0.0011286728368519,0.001128222907537245,0.0007642101016259602
7659,0,0.0019296695955759,0.002795379218126085,0.001402829687249802
7660,0,0.0006712191582094,0.0006522358771338071,0.0006093861566731956
7661,0,0.0032263506614972,0.004138880706671899,0.002143526555892288
7662,0,0.0008233822845208,0.0009829444293882072,0.0006456290257005595
7663,0,0.0015911003721753,0.0015558038625862755,0.001532128822711529
7665,0,0.0011649735814634,0.0013400474422473503,0.0010405917159740543
7666,0,0.0005851890715082,0.0007643798188088033,0.0004021278670184014
7668,0,0.0011895395833184,0.001358383430428089,0.0010070834610291022
7669,0,0.0032094697459098,0.0032739757866964087,0.0029290639971006477
7670,1,0.7602504119547804,0.7516945648266189,0.7629441378399651
7671,0,0.0014520105632239,0.0014852028874942276,0.0014141538682350047
7672,0,0.0024757770217514,0.002550101371043993,0.0022920128500552527
7674,0,0.0023158799722289,0.0023490722964992273,0.002235863626828319
7676,0,0.0286337917866912,0.03287950040572295,0.021979542837293278
7678,0,0.1742527859867866,0.1628483193897712,0.14600270154469983
7679,0,0.0571020749407353,0.06000500680090291,0.05530420564859786
7680,0,0.0126861391354397,0.019673701827005615,0.009613299596357849
7681,0,0.034988731190576,0.0442438959023601,0.035822628305332234
7682,0,0.0243882479934694,0.026215513822301494,0.02084611503465839
7683,0,0.0200126055899945,0.021146473642598067,0.018598936198174078
7687,0,0.1184074944821791,0.12409825226346087,0.1254918722876661
7688,1,0.5177285115945566,0.5996202277735658,0.2635864117371313
7690,0,0.0007891641436142,0.001104543572311998,0.0004465453280168128
7691,0,0.0005033880300662,0.0005351198361385254,0.0002891831314706754
7692,0,0.001977941930588,0.002631930566962854,0.0012238398995271236
7693,0,0.0003042270878581,0.00028524380678250714,0.00019824568569292507
7694,0,0.000770252345636,0.0008305473049902584,0.0004733216544595539
7695,0,0.0003242309777048,0.0003289209366327703,0.00025427652012399455
7697,0,0.003418918934075,0.0036056414738779357,0.0023680019015638364
7698,0,0.0009484502299657,0.00107443837922067,0.0007270884176193768
7699,0,0.0007110721015004,0.0008663898769422814,0.0005882705321506119
7700,0,0.0005238694181296,0.0006620693794386448,0.00044564507675008995
7701,0,0.0178419024508324,0.01975260984579825,0.016140128933997716
7703,0,0.000526869118665,0.0005817051304510254,0.0003433068489153486
7704,0,0.0003774792415957,0.0003851569872839718,0.0003310211017946478
7706,0,0.0018755795409248,0.0030668216965657356,0.0009872803319931598
7707,0,0.0003558869064545,0.0005291048728766071,0.0002052650734970858
7708,0,0.0005147177847205,0.0006533936480321055,0.0004154673129109997
7709,0,0.000367079047855,0.0003878039897281698,0.00032879793171584454
7710,0,0.0008334015313578,0.0011487809600555482,0.00039207700646323496
7711,0,0.0014816835469925,0.0016398826927500978,0.0010766494847656216
7712,0,0.0016216300626883,0.002487339685238485,0.0010597907645978199
7713,0,0.0004061603276906,0.00038717704661500715,0.0003001789255254251
7714,0,0.0019923325746061,0.0020000103202943717,0.0019458744348050479
7715,0,0.0003805691684922,0.00041376149276257744,0.0003005528230916691
7716,0,0.0028652569007949,0.003434584603520436,0.0016283787963692895
7717,0,0.000982436013744,0.0014243702092835461,0.0007227256644105146
7718,0,0.0025777892683003,0.003008549209518136,0.0019753238335105425
7719,0,0.0011638206540362,0.0011270771608428007,0.0009378112657247227
7722,0,0.0006432062331266,0.0006000833073083837,0.0004539903298731876
7723,0,0.0014903994604846,0.0017588518380626979,0.0010612188369595412
7724,0,0.000508445320708,0.000444866174971459,0.00039285688267746424
7725,0,0.0006283207716799,0.0006880621067551084,0.0003319737079437635
7726,0,0.0016252762157275,0.0017356100154983256,0.0015809266793029386
7727,0,0.0007569919913431,0.0009146044566569854,0.0005232755100157223
7728,0,0.0006120898972913,0.0006205994915293254,0.00038587534527728337
7729,0,0.0012023009935091,0.0015425223435159294,0.0007384264136844247
7730,0,0.0039410684627698,0.004572553303947782,0.0034206595781596455
7731,0,0.0006442543930285,0.0007020706757995763,0.00033191486627738174
7733,0,0.0007984966234333,0.001225232003320698,0.000517353695841484
7735,0,0.0007384815745257,0.000690239559662659,0.0006669526805166106
7736,0,0.0013373988607931,0.0016776202107999295,0.0009134270245373312
7737,0,0.0040138265766342,0.005701432774064281,0.0037741571194884038
7738,0,0.0016604953049022,0.0017097871740662585,0.0013438809120391976
7739,0,0.0066085611341656,0.007535164305061194,0.005881515376059669
7740,0,0.0006413599454393,0.0006660047364606254,0.00042600130455357514
7741,0,0.0005608837897911,0.0005644751779238054,0.0004973706537641429
7742,0,0.0004548188895313,0.00043825172357726567,0.00039583691719744673
7743,0,0.0032862168427251,0.003931845191583793,0.0025873059305161596
7744,0,0.0060830661574845,0.006433463830670228,0.006136627672865525
7745,0,0.0041074117099451,0.005145597298063739,0.0036611767031018106
7747,0,0.0016800267103008,0.0016824040731355447,0.0013006011918293998
7748,0,0.0038844758393415,0.004226885202772216,0.0028061135802857373
7750,0,0.0005925985444544,0.0006133234863275698,0.0005933756558299929
7751,0,0.0019025463101844,0.002187245208315783,0.0015750803358857005
7752,0,0.0018622894144371,0.002191687684475048,0.0014988181711162553
7753,0,0.0061049058995853,0.006071781546950567,0.007091460239094416
7757,1,0.94169198851867,0.9352232504031083,0.9515283147141013
7758,0,0.0010080038207621,0.0010682987801163585,0.000686298021116974
7759,0,0.0014955354769067,0.0015092205554441752,0.0014963125882822429
7760,1,0.9309974233575942,0.9281796981851362,0.9348591253371095
7761,0,0.0150206431301546,0.014556703444747991,0.02040884454444252
7763,0,0.0008532368474677,0.0011686162761654982,0.0004287190240453375
7764,1,0.9477329715817784,0.9465140922440735,0.9497315592881905
7765,0,0.0009196756416194,0.0009006923605438071,0.0008136942394542251
7766,0,0.0007262469991257,0.0008054959816268637,0.0005989308785641551
7767,0,0.0013512811524113,0.0021177408983398542,0.0006660336268133609
7769,0,0.0013115426128906,0.0013192203585788717,0.0012650844730895479
7770,0,0.0002793904505092,0.00027193813823515715,0.00018494001714557508
7771,0,0.0002927136162882,0.00028526130401415714,0.00020184396773575752
7772,0,0.0012573088288318,0.0014149212941457355,0.001009540225155864
7773,0,0.0004078542860297,0.0004320399950693254,0.00018610329040147545
7775,0,0.0002751286483886,0.0002513631076011256,0.00018067821502502506
7778,0,0.0013886194359261,0.0013563507313418717,0.0013360670367961785
7780,0,0.0007077232096932,0.0007680181690474584,0.00040683069134298655
7781,0,0.0006714198458859,0.0006790975915741718,0.0006249617060848479
7782,0,0.0003376605884419,0.00031867730736630717,0.00023167918627672507
7783,0,0.0005239081984918,0.0005836495335670084,0.00021808260375676271
7784,0,0.0009169480441002,0.0009916953580359255,0.0007990365826326118
7785,0,0.0077913364162949,0.008672527735552944,0.007141501348218067
7787,0,0.0007460506357684,0.0007350906068140948,0.0003180659042449466
7788,0,0.0010107310374864,0.0014526652330259962,0.0007532546464917173
7789,0,0.0002619302709651,0.00025447795869110716,0.00016027726387002515
7790,0,0.0004395890511808,0.00047278137545112746,0.00035957270578021905
7791,0,0.0004530511065487,0.0006262690729708072,0.0003024292735912858
7792,0,0.0038654724201659,0.004232941826724479,0.003411951838000928
7796,0,0.0004373325022122,0.0005448071056830623,0.00021770484162162476
7797,0,0.0005473244789437,0.0005162876486732508,0.0004227369874534467
7798,0,0.0003939682491579,0.0005619251905202034,0.00022044760334281248
7800,0,0.0050899208166743,0.005746133747816038,0.0043884932446590875
7801,0,0.0003580781172126,0.0005260350585749034,0.0001902804575853358
7802,0,0.0010556699864477,0.0011277547202270203,0.00084102421344819
7803,0,0.0022971054879091,0.0028355587469678623,0.0018765113538191257
7804,0,0.0003479185408145,0.00034046622854045716,0.0002547340343483254
7805,0,0.0005084493292069,0.0005239993126696268,0.0004276303838372334
7808,0,0.0006598984775049,0.0006821866883456848,0.0005029246624255895
7809,0,0.0003476162911677,0.0003238507503801756,0.00026930013334726366
7810,0,0.0004560202244391,0.0005631022938792623,0.0002392592079045482
7812,0,0.0004452674762809,0.0005523495457211123,0.0002285064597463982
7813,0,0.0004080453046916,0.0003842797639040756,0.00032972914687116363
7816,0,0.0016946355294561,0.0018021101329270123,0.0014750078688655747
7818,0,0.0005615333412231,0.0006757389359032554,0.00042817459871404636
7819,0,0.0032103657042754,0.0033622634471857414,0.00305334542060472
7820,0,0.0015827644364197,0.0023725089537514816,0.0011486527104175625
7822,0,0.0007805904514225,0.0007882681971108219,0.0008123292631408673
7823,0,0.0006675513669051,0.0013080416580133578,0.0004047669456063962
7824,0,0.000790164909812,0.0009597697537579388,0.0006235233177975135
7825,0,0.0004834851487695,0.0004760328364955071,0.00043386847065798135
7826,0,0.0004267952561356,0.00040302971534812563,0.0003414469242921686
7828,0,0.0006667815160421,0.0008084803039995848,0.0004274529230299798
7829,0,0.0011462597373448,0.0011388074250707572,0.0010676990313424172
7831,0,0.0005041570464415,0.0005027363212623808,0.0004070206124072763
7833,0,0.0005442860920749,0.0005489760510029203,0.0005133898620088929
7834,0,0.0006735202928635,0.0006656996277080254,0.0004187704487913566
7835,0,0.0006779645546582,0.0008475693986041389,0.000497442219878718
7836,0,0.0009069854678403,0.0008907397040129254,0.0006438105250962565
7837,0,0.0006312360204113,0.000640590746181607,0.0006282902940600047
7838,0,0.0014483903137806,0.0013769660390631794,0.0014081008222676644
7840,0,0.0103264348786546,0.010474207866802435,0.009770092516272706
7841,0,0.0023405237763684,0.002513741742790507,0.00217355613718342
7842,0,0.0071796514747326,0.006563600435825984,0.004379815522310203
7843,0,0.0097273000094777,0.009778844407286744,0.0074001377825010295
7844,0,0.039397022435992,0.040315429988596815,0.028105673154146464
7846,0,0.0806739329191761,0.07835557622549522,0.06618051375447162
7847,0,0.0180858978111077,0.016748802471910677,0.014821481181033675
7848,0,0.1855357603502699,0.19855281275262177,0.18024759032782395
7849,0,0.0501500448833676,0.049918424863465885,0.04505454958117537
7850,1,0.0477885589893466,0.04787426168363781,0.02489861687339239
7851,0,0.000495672804416,0.0005198585134556754,0.00027392180878782544
7852,0,0.0065438933485627,0.007200106279704438,0.005919441211487856
7853,0,0.0004490827702393,0.0006170397116016034,0.0002800176510212916
7854,0,0.0021343662575496,0.0033256084131905355,0.0013599483994878566
7855,0,0.0006341690383708,0.0006939103734460084,0.00031809480869376635
7857,0,0.0011116759550305,0.0014270553837282482,0.0007464445134997726
7858,0,0.0005872904168577,0.0006126587099373309,0.0005124671969433646
7860,0,0.0021935366693716,0.0029328235599857316,0.0015768515012112806
7861,0,0.0009526007142485,0.0014808660904585024,0.0006743023292636846
7862,0,0.0003368979386927,0.00033350726141440713,0.000242932051029087
7863,0,0.0014818948039154,0.0014930005214614287,0.0011031895263749689
7864,0,0.0012792679453841,0.001368865968279245,0.001026302634832885
7867,0,0.0011815086787548,0.0010927632307093887,0.0008832392870538666
7869,0,0.0009484978374593,0.0012185093012337643,0.0007932264952621837
7870,0,0.000634128795836,0.0007917412611499353,0.00037687577648816016
7871,0,0.0013492149694485,0.002135963637199254,0.0006406894440350719
7872,0,0.0019539886566523,0.002503733254500036,0.0011510749257597733
7873,0,0.0003115848845349,0.00040658515243192727,0.00019198976742941867
7874,0,0.0003272207016174,0.0004222209695144772,0.00020762558451196868
7877,0,0.0022961519823625,0.0030415175588597927,0.0016659686015300852
7878,0,0.0006631815256274,0.0006068520946544886,0.00039732815099896665
7879,0,0.0014097028792255,0.0016280828770262532,0.0012080828252030542
7880,0,0.0004508776806909,0.0004750633897305754,0.00024697382945119853
7882,0,0.0007814995340963,0.0009123302250606675,0.0007122682867687344
7883,0,0.0013836952496992,0.001513251538002005,0.0013256505864358006
7884,0,0.000420278722416,0.00042387011054865543,0.00031847012682842353
7886,0,0.0002897536168102,0.0002700497110184256,0.00019578772914658702
7887,0,0.005428205345598,0.0055179841073320635,0.005327142923673269
7888,0,0.000319952285342,0.00040391320780412725,0.00020101572484803335
7889,0,0.0003496908512583,0.00045000511609362724,0.00024710763313753333
7890,0,0.1121899231307229,0.11352100346996569,0.11126658235857008
7892,0,0.0002659053780495,0.0002655165253520111,0.0002420456592040403
7893,0,0.0009413956848656,0.0010253566073277272,0.0008329675079486582
7895,0,0.0002458247893133,0.00023766041559556762,0.00023032877228437915
7896,0,0.0004297599426006,0.0006990236107649056,0.00033343162908712205
7898,0,0.0004050435085733,0.0006024201884527942,0.00032776208439117894
7899,0,0.0004933093577941,0.00048342496018810067,0.00030702398276992557
7900,0,0.0011370094955824,0.0020664242414681518,0.0008556105629257461
7901,0,0.000397530714765,0.00048695544033287765,0.0002110398270393845
7902,0,0.0011529625760497,0.0018733848697535123,0.0007130409549601854
7903,0,0.0005346556050865,0.0005247712074805007,0.0003312144076976761
7904,0,0.0007186741254987,0.001082637052160653,0.00045308525545202985
7905,0,0.000499841668598,0.0006293979569007549,0.0004417970053345506
7906,0,0.0002959050722226,0.00042673576318691755,0.00022689802428169046
7907,0,0.001635588216746,0.0023718926718228543,0.0009999766052013392
7909,0,0.0023983490561678,0.0023834981272646168,0.002387638566317879
7910,0,0.0004431170890655,0.0005792919038671584,0.00020305936061906467
7911,0,0.0007172967678134,0.0009082368873232277,0.0006079112743555688
7913,0,0.0003056317306459,0.0002718357246473111,0.000284593302450624
7914,0,0.0009159178754476,0.0013915064333977333,0.00072631956451547
7915,0,0.000499503009714,0.0004836950280204307,0.0003830974134543948
7916,0,0.0005026032436656,0.000687061349597432,0.00037773814087938793
7917,0,0.0003649509937376,0.0003414306112544735,0.0003464881396192467
7918,0,0.0006121583006994,0.0006087676234211572,0.000557363543699895
7919,0,0.0005958274328386,0.0005924367555603571,0.0005574900915228877
7920,0,0.0006918186704041,0.0008279934852058084,0.0004517609419577147
7921,0,0.0013975448318201,0.001760505110251933,0.001049417619156542
7923,0,0.001314374991182,0.001295391710106457,0.0012604450460689876
7924,0,0.0007266161379792,0.0009193837441968833,0.0005878072393451138
7925,0,0.001109558288986,0.0011233750228353868,0.0008015722125449077
7926,0,0.0033171015878005,0.003283977235165817,0.0038869931910073584
7928,0,0.0007248277703384,0.0007719840277449177,0.0005367749711984755
7929,0,0.0018225195115761,0.0026218579315069558,0.0016479386502934298
7930,0,0.0065447601507285,0.006357350545114842,0.004539608743993501
7931,0,0.0181454752904208,0.021987063135580583,0.015323111248350901
7933,0,0.0290324580156507,0.036394957978801996,0.02425075245523189
7934,0,0.0908135137187694,0.1539683767011534,0.04985044572075932
7935,0,0.0325371071215492,0.03777623071031111,0.03780920758627588
7937,0,0.0464094653103462,0.03179864480500303,0.023698306457415833
7938,0,0.1939084640423429,0.0814636696646733,0.16036232916620963
7939,0,0.0282315806092935,0.03853302372281351,0.02455139515221328
7940,0,0.0178479299012488,0.019836498909049483,0.015703870606454985
7941,0,0.0004681283573289,0.0005278696924041085,0.0001537722955271314
7942,0,0.0005165359489738,0.0005762772840490084,0.0002021798871720314
7943,0,0.0005393786403617,0.0005026351471683006,0.00030318327631540236
7944,0,0.0004223025835106,0.000358723437774059,0.0003350878975270593
7945,0,0.0008390864246231,0.0009775351334947704,0.0007184841113464922
7946,0,0.0004697425337469,0.0005294838688221084,0.0001553864719451314
7947,0,0.0003475155659019,0.00035220552482992027,0.00027756110832114454
7948,0,0.0004865030673135,0.0008023615914480559,0.00030545022312925555
7949,0,0.0003299092614509,0.00031092598037535716,0.00022392785928577506
7951,0,0.0004627526128248,0.0004944844188971254,0.0002560861373614486
7953,0,0.0003261986242202,0.00032485674157625445,0.0002493055065507017
7954,0,0.0003316538172188,0.0005161119231505821,0.00021591598184982254
7955,0,0.0003314872947116,0.00031250401363605714,0.0002120841514911656
7958,0,0.0009390654636097,0.000995374946871141,0.0007424135856723717
7961,0,0.0002636998587829,0.0004564674650005833,0.0001428804060956446
7962,0,0.0028099506990633,0.00306105730678192,0.0024857751033814197
7964,0,0.0004011044524633,0.0005333951643214584,0.00015216163520137175
7965,0,0.0006351525832442,0.0010562288369960482,0.00034023500243200657
7966,0,0.0002098347055541,0.00019476804076606148,0.000177735152098226
7967,0,0.0002913497394713,0.0004862658775605821,0.00018606993625982252
7968,0,0.0003495072900305,0.0005444234281197821,0.0002442274868190225
7969,0,0.0004789376961724,0.0006116797133521584,0.00023044618423207175
7970,0,0.00037728928179,0.000329047266926959,0.00029411628208034625
7973,0,0.0014706743027076,0.0017709622472253295,0.0010733561463278488
7974,0,0.0002979071502476,0.0005136568851180246,0.0002354495941805155
7975,0,0.000905802399146,0.0009024117218677571,0.0008019918597228657
7977,0,0.0017024332353335,0.0020027211798512795,0.0012040087828311266
7979,0,0.0010094994861825,0.0009878083176407286,0.0009512753604849149
7980,0,0.0004428847199209,0.0004240866784358837,0.00023942911254058106
7981,0,0.0004007137761026,0.0004897987667233777,0.00021388315342988452
7982,0,0.0006868629530644,0.0009410293607727406,0.00044839334469253764
7983,0,0.0002690627446083,0.0004858527225672767,0.00019447956996091387
7985,0,0.0003298836903141,0.0005385060624890246,0.000260802197181088
7986,0,0.0005281693475188,0.0005286167443612754,0.00030440098168625824
7987,0,0.0003248927331726,0.0003051888273808256,0.0002347097545542252
7988,0,0.0003216355309136,0.0005144031371312833,0.0002032019497847725
7990,0,0.0007388280017407,0.0009156435607511406,0.00039633793866564074
7991,0,0.0003682063361457,0.0003584935346232454,0.00034988267470851793
7992,0,0.0002467983071109,0.0002464094544133611,0.00022293858826539028
7993,0,0.0006038696951163,0.0009280457427126804,0.0006525959646029021
7994,0,0.0002401271904899,0.00023492071101964703,0.00023557880291807
7995,0,0.0004056653146455,0.0004193498194638205,0.00037872279790913087
7996,0,0.0005359210089688,0.0006686630261485585,0.0002744878941888941
7998,1,0.9456554477591834,0.9436831998439471,0.9508211360909558
7999,0,0.0015304780074026,0.0023673699920661487,0.0010724936082795818
8000,0,0.0005120331980575,0.0006447752152373084,0.0002675158330907101
8001,0,0.0007059869644969,0.0006803635693627009,0.0005701031984429216
8002,0,0.0033498888269871,0.004346763176498186,0.002600540181714438
8004,0,0.2377356987980303,0.2418648414136244,0.23637297120564227
8005,0,0.0003618162765397,0.00031162210838206564,0.0002928628100524492
8006,0,0.0005456713191103,0.0005422806418320072,0.0005073339777945376
8007,0,0.0005722883047595,0.0007736591300752332,0.0004376678713650263
8008,0,0.0022326782782086,0.0022576920389940176,0.0022669285418696417
8010,0,0.0019951279416448,0.0021394676187820056,0.0019136955438999802
8011,0,0.0519469940527823,0.05241695878343257,0.05116322205679985
8013,0,0.0090646505046417,0.010162799423612909,0.007881367536771116
8014,0,0.0012001175620586,0.0016646783155079465,0.001016361625266501
8015,0,0.001360958005413,0.001462987996457661,0.0011215286600395702
8016,0,0.0016207966366326,0.0016086631505198754,0.0015276743145308518
8017,0,0.0004947281008197,0.0004956322947121657,0.00043055256292397914
8019,0,0.0031688851029603,0.0030774062076371453,0.0032315123926786203
8020,0,0.0004916080258949,0.000479900769475597,0.0004934655931381137
8021,0,0.0084376428255809,0.010107858770156016,0.005118991823339155
8025,0,0.0892462214036654,0.09039354800284394,0.08966048658949612
8026,0,0.1646565693327682,0.18590334184714702,0.13202772115212782
8027,1,0.9660008581846492,0.96508819938555,0.9652479615455809
8029,0,0.0446534211169316,0.06169795198865241,0.044006187509348996
8030,0,0.0003445655848189,0.0003092690752298756,0.000235007093358037
8031,0,0.000281711944213,0.00025878653743741564,0.00019370680564922914
8032,0,0.0010147730720948,0.0011470637839529085,0.0007689180430194476
8034,0,0.0004434408581756,0.0004420989755316044,0.0003665477405060517
8035,0,0.0004171222690432,0.00041583842892336826,0.00033710592364266905
8037,0,0.000673861066215,0.0006629010372606948,0.0003660587842064456
8039,0,0.0010112824594106,0.0011478411902318033,0.0008296431793642615
8041,0,0.000886656212179,0.0008676729311034072,0.000777097720718087
8042,0,0.0062609522846584,0.006583139026920448,0.0061287137929611
8045,0,0.000922626611519,0.001238006040216798,0.00046896638625887555
8047,0,0.000373087958213,0.0005096466890342534,0.0001876920739936808
8048,0,0.0004303162719544,0.00042897438931040443,0.00035342315428485167
8049,0,0.0004711830565802,0.0004280601307619337,0.00026063805449676154
8050,0,0.0002949089917497,0.00028447148791396044,0.00025743155470263335
8051,0,0.0007362504564498,0.0007139211546376447,0.000423569808074606
8052,0,0.0016478747290027,0.0016147503763679668,0.0015986903834759466
8053,0,0.0007858803463789,0.0007834393604797295,0.0005035213090443528
8054,0,0.0006470130856338,0.0006278437952528851,0.0006021349161900005
8055,0,0.0010943400852523,0.0014420728821424294,0.0006094890183056807
8056,0,0.0002608256513791,0.00025337333910510716,0.00016637521801552509
8057,0,0.0003422210337101,0.0003754133579804274,0.000262204688309519
8058,0,0.0003853302739438,0.0003840464338239182,0.0003053139285432191
8059,0,0.0004606046397183,0.00047615462318102676,0.0003797856943486334
8061,0,0.0008659876666533,0.0012511009374234793,0.0004625109216330913
8062,0,0.0004944173913205,0.0005186031003601754,0.0002683568525023047
8063,0,0.0028460726454057,0.003032795185208586,0.0019223546660742425
8064,0,0.0004237686020797,0.0005833307469471072,0.000254062652753647
8065,0,0.0004000584015977,0.0005441386044741571,0.0002337172478813038
8066,0,0.0005465484045837,0.0007179235276168277,0.0004175979146491688
8067,0,0.0007817558751124,0.0009393055512833431,0.0006528053851778188
8068,0,0.0003453952089383,0.0005381628151560333,0.00022203217851672676
8069,0,0.0004665830945836,0.0004983149006559754,0.0002558435424950559
8071,0,0.0007351734787864,0.0008995209260024054,0.0006447940196285535
8072,0,0.0011631927952135,0.0012959348123932585,0.0009300285503661976
8074,0,0.000360770207522,0.000545228313453832,0.0002398353131032551
8075,0,0.0003198574962042,0.00042469217487414046,0.00021727626343865508
8076,0,0.002271727600092,0.00259242378573211,0.0019548214665945744
8077,0,0.0025695173641346,0.0030693095157771884,0.0018318919146935683
8078,0,0.0009041915458585,0.0008967392335845071,0.0008315421917978235
8079,0,0.0004859081499329,0.0004784558376588571,0.00041184151607332066
8080,0,0.0006110092342675,0.0006114566311099254,0.0003543933675356307
8082,0,0.0017921712858935,0.002395774619544608,0.0008375991739330165
8083,0,0.0011142616177968,0.0013284178768883793,0.0005041480211309774
8084,0,0.0034864312875579,0.003260665949407484,0.0032372954902754035
8085,0,0.0007180065209144,0.0007758228036854763,0.00035903026511245443
8086,0,0.0019130076222175,0.002752177849420885,0.0015075779897244918
8087,0,0.0004624782498522,0.0005729386114287123,0.00025704340669280155
8088,0,0.0004616958530832,0.0004542435408091571,0.00041207917497163135
8089,0,0.0015186051336037,0.002401414809010975,0.0008707560462360857
8093,0,0.0005802860656034,0.0005807334624458254,0.0003375706577622644
8094,0,0.0005096171441652,0.0006200775057416622,0.0002970765267354392
8095,0,0.0027420114615487,0.0027088871089139665,0.0030431847276164844
8096,0,0.0006253305729547,0.0006339541820003555,0.0005585325779106808
8097,0,0.0005333412444844,0.0005258889322103572,0.0004547805384820173
8098,0,0.0006131113342829,0.0006056590220088571,0.0005728218427699142
8099,0,0.0008368661015759,0.0008700584258462274,0.0007990094065870048
8100,0,0.000701965707548,0.0008128138371125122,0.0004898128581062892
8101,0,0.0043151884766723,0.004282064124037567,0.004994458591619782
8102,0,0.0008626899819056,0.0008548693167501754,0.0006312771983698884
8103,0,0.0021941798215732,0.002545757057346715,0.0017501417329231696
8104,0,0.0022148717092023,0.002561947970313857,0.0019579648289673266
8105,0,0.0007399001978772,0.0008760750126789084,0.0004913481579593912
8106,0,0.0015519624583693,0.0018236271700662404,0.001347370880460524
8107,0,0.0035266403103538,0.0035287131757012168,0.003737726640243831
8108,0,0.0043832605389855,0.005962236193891026,0.0032566900893882915
8109,0,0.0041079089841898,0.004095775498077025,0.004015916035286996
8110,0,0.0445133816487878,0.02074218157034899,0.022571884545030237
8111,0,0.0952959363390438,0.06609258753672605,0.1704515997676741
8112,1,0.0194655049044061,0.017905535250881358,0.014941949576991269
8113,0,0.0006965672314024,0.0008253632010024638,0.000650202859378887
8114,0,0.000379251023124,0.0005472079644863034,0.00021459626075917137
8116,0,0.0047613822023616,0.004948104742164486,0.004911437658129941
8117,0,0.0011433117611489,0.0013076592083649055,0.0010582809496943535
8118,0,0.0007628501196889,0.001206069903920946,0.0005066568725839504
8119,0,0.0010485672989469,0.0010727530079865254,0.0008268163033186755
8120,0,0.002574190573725,0.0031777939073761078,0.0017375632987329046
8121,0,0.0021750658220683,0.002341931685579218,0.0020229086713590997
8122,0,0.0003406308973212,0.00030527341802460907,0.0002584710038014946
8123,0,0.0002822470003847,0.0002813534005973054,0.00017750833474869512
8125,0,0.0003853217756396,0.00048022483170156484,0.00015574064771868264
8126,0,0.0017123155163592,0.0018010110104984762,0.0014274659417975795
8127,0,0.0005609820861562,0.0006458366337622104,0.00047142367899062274
8129,0,0.0004023608165821,0.0005755787830041572,0.0002517389836246358
8131,0,0.001188034375005,0.0013706255738210906,0.0008300887547828365
8132,0,0.0017750171373545,0.0028031234883197356,0.0005179019135513954
8133,0,0.0006124964630617,0.0010557162472937462,0.0003465205579473653
8136,0,0.0003657302173371,0.0003582779050630571,0.00028636198800340007
8137,0,0.0004214670446681,0.0005020946733692623,0.0001902316068404026
8138,0,0.000290046484876,0.000342784346467555,0.0002376256466539598
8139,0,0.002618383285954,0.0033963717148146042,0.0019538673125069767
8140,0,0.0004602903997635,0.0004920222058358754,0.00022766029025221611
8142,0,0.0007387372909265,0.0011819570751584962,0.0004994938299984898
8143,0,0.0007860021498137,0.0008082903606544348,0.0006002854104409374
8144,0,0.0004036969793836,0.0005716539207459533,0.00024654315437146743
8145,0,0.0003936875596198,0.0003862352473458071,0.00030253867713756356
8146,0,0.0015585269888753,0.0015347614480878255,0.0014673781063930635
8147,0,0.0006303953968366,0.0006790722444187326,0.0006277857846857011
8148,0,0.0004785714663654,0.0005816830830973123,0.0002675850364305713
8149,0,0.0006300930251083,0.0006305404219507754,0.0003766591342631901
8150,0,0.0016157319681925,0.0019559533181993296,0.0011619979800964425
8151,0,0.003353500145988,0.003328365761965884,0.003184839289126863
8153,0,0.0070528367268789,0.006814431505553601,0.006815167888760259
8154,0,0.0005492623781195,0.0005497097749619755,0.0002893713754644039
8155,0,0.0028115850313662,0.0031118729758839794,0.0022977899302740737
8156,0,0.0016151106313715,0.0022516676355409456,0.0009535001308679488
8157,0,0.0006260787479851,0.0006345883422231754,0.00037542581954177427
8159,0,0.0008847803379486,0.000890449109170874,0.0006824080844810001
8161,0,0.0010742285460836,0.001087913624621125,0.0010359474299444446
8163,0,0.0004968529644079,0.0006564151092753072,0.0003224056928019421
8165,0,0.0005086685278292,0.0005091159246716254,0.0002557557330971314
8166,0,0.0007102951036217,0.0008698572484891571,0.0005358478320157921
8167,0,0.0004867434901677,0.0005004285687052251,0.00046351225088139467
8169,0,0.0008761110168811,0.0009243422990617754,0.0006689326102503742
8170,0,0.0005973615065788,0.0007048361100496622,0.00037773384598822473
8171,0,0.0005688187315927,0.0007367756729550034,0.0003762291041636166
8172,0,0.0003349787868785,0.0003112132460909756,0.0002583160459511427
8173,0,0.0006125633279332,0.0007234114574976623,0.0004004104784914392
8174,0,0.000398145920122,0.0005577080649894072,0.00022843997079594693
8175,0,0.0021765532362912,0.0029243029682097755,0.0015002753670395467
8176,0,0.000695086799757,0.0009660630761844998,0.000495629892688936
8178,0,0.0012909773998862,0.0014393373835686583,0.0012867765360266557
8180,0,0.0005043599593362,0.0005169792940358914,0.00047346372927019293
8181,0,0.0020784899051246,0.002118453658422108,0.0020349566791162334
8182,0,0.0045946791217302,0.004561554769095517,0.004607457843103168
8183,0,0.0004980389917001,0.0006051210611402623,0.0002812779751655482
8185,0,0.0014988142966086,0.0015420700177329525,0.0013313031031444986
8186,0,0.0006812567226913,0.0008501005698009888,0.000495431432378077
8187,0,0.0039093760010477,0.003917053746735972,0.005457823177186204
8188,0,0.0012179777069063,0.0013457854076749031,0.0010132601465087552
8189,0,0.0018707740854511,0.001863321773177107,0.001834975620099536
8191,0,0.0495332833997054,0.029632440039637747,0.025311124231512404
8193,1,0.98783525901009,0.9880010702249314,0.98825519957213
8194,0,0.3444641505554778,0.27927855941992885,0.4030209910332805
8195,0,0.035162892917404,0.03934528015424782,0.02899765963637784
8196,1,0.9771897319764836,0.9764609390223267,0.9773185323673063
8197,0,0.0499683063777646,0.04370923305037199,0.03497711107464524
8198,0,0.0163363499120038,0.023164051509363036,0.01679084319065488
8199,0,0.4108222779982596,0.2669637940937116,0.325372560477425
8200,1,0.0747728017760736,0.0847292558890699,0.0708667865778299
8201,0,0.0005757979376698,0.0009206622991632589,0.00029848370293705513
8202,0,0.0017081510583725,0.0016750267057377669,0.0016415263737297422
8203,0,0.000910529018455,0.0008867634776675256,0.00083116078912135
8204,0,0.0004178222641173,0.0004984498928184623,0.00018978359985962
8205,0,0.0012477096100286,0.0012437822121360088,0.020071369846492347
8206,0,0.0041707120539659,0.004649994321335879,0.0038188713974537996
8207,0,0.00042035733054,0.00044454303957962543,0.00017862530454653216
8208,0,0.0003706979036475,0.00046140732040166483,0.00014390993676327633
8209,0,0.0003316801844899,0.0004996371258522534,0.000168791858102521
8210,0,0.0018282802612258,0.0022715000454577965,0.0015918480619639458
8211,0,0.0003477402080785,0.0004288213472921283,0.0004190414627118943
8212,0,0.0003712289217936,0.0003889430642342106,0.0003562511914517011
8213,0,0.002134620886418,0.0033709681761690856,0.0012973418530808464
8214,0,0.0010109445520315,0.0010468654833277254,0.0007809477482946321
8216,0,0.0003525888068568,0.0006235650832842998,0.00017300451624858317
8217,0,0.0776846784221007,0.08002357480563306,0.07545943816816922
8220,0,0.0004277403867797,0.0004636613180758754,0.00019774358304278214
8221,0,0.0004204803532694,0.0004564012845656254,0.00018949586045283642
8222,0,0.0003269027572369,0.00029697117873150934,0.0001460547237954268
8223,0,0.0006233225678223,0.0007946212128645354,0.00036419855107214087
8225,0,0.0004488513711827,0.00048477230247892544,0.00022041038689526608
8226,0,0.0003422561481941,0.0003509790791650223,0.0002941132376280511
8227,0,0.0221292926451567,0.02235348021404496,0.021660870708496205
8228,0,0.0017525787852099,0.0018565399878897261,0.0014744267365079692
8229,0,0.0005241438237371,0.0008970034740384245,0.00030483783497121193
8230,0,0.0014906880857123,0.0016175014196782756,0.0013974985271987639
8232,0,0.0011579127914079,0.0016011325756399462,0.0010640305084985572
8234,0,0.0004567735810878,0.0004926945123839754,0.00023353198970257427
8235,0,0.0003323237934996,0.0005002807348619034,0.00016458339745278284
8236,0,0.0008923666116103,0.0013535025569696795,0.000510252331895422
8237,0,0.0003535837862863,0.00034270254999751147,0.0002735854488630444
8238,0,0.004129969591079,0.004296835454589968,0.003979735843160183
8239,0,0.0003611374733113,0.0005290944146736534,0.0001978916168929116
8240,0,0.0015067321750593,0.0021103355087103578,0.0006421852000392052
8241,0,0.0004203117396574,0.0005046545774337918,0.0001877019982302197
8243,0,0.0004733384376161,0.0006465564040382071,0.0003312259985345038
8244,0,0.0026379980559458,0.003294210987087538,0.00201645059478378
8245,0,0.0004655839620281,0.0005533532996941418,0.00023504846185540878
8246,1,0.9567021885870516,0.9573864079473571,0.9574427024130676
8247,0,0.0003826236696641,0.0005505806110264533,0.00021552269283897174
8248,0,0.0010198143690445,0.0011466277030104254,0.0009450174963635204
8250,0,0.0003697657540181,0.0003588845177293114,0.0003079163273076615
8251,0,0.0005197098194851,0.0005315984073185296,0.00028341001706062917
8253,0,0.0004553955413942,0.0005431648790602918,0.00023316384518634711
8255,0,0.0003893718990679,0.0004737147368442418,0.00017121753625781272
8256,0,0.0005258185117298,0.0004992912946596021,0.000492265488628806
8257,0,0.0014182140056193,0.002352534278881868,0.0009447778936499265
8258,0,0.0004473969479677,0.0005399952565126273,0.00032498457920623447
8259,0,0.0004914739272685,0.0005122487760981254,0.0002519103766005539
8260,0,0.0006654104085432,0.0006823515924766755,0.00042533662737665915
8261,0,0.0012539776416975,0.0022918505660605103,0.0006215395964538139
8265,0,0.0010732620262,0.0012212195777247872,0.0009329442814222724
8267,0,0.0013055669377962,0.0014724328013071678,0.0011444382275655248
8269,0,0.0006767904036223,0.0008007867394963664,0.0005815114409125078
8270,0,0.001659322453053,0.0017655828550732378,0.0016087317270554022
8271,0,0.0005816912519224,0.0006848028686542622,0.00036479762190726845
8272,0,0.0075023176432643,0.010553849353394724,0.005456801159740008
8274,0,0.0041459549522366,0.00410953064537887,0.004359448864737728
8276,0,0.0017946073740744,0.0017581830672166703,0.00203103921982696
8277,0,0.0114348854811387,0.009963460239372366,0.00969735600176612
8278,0,0.1196652183965702,0.11040048830430446,0.09514562356790662
8279,0,0.0447465848471033,0.05971887363314693,0.02331740528762543
8280,0,0.0204550492393978,0.02904865927227788,0.017226175906373493
8281,0,0.0274117202176959,0.03224228471391671,0.024364562911489918
8282,0,0.0138821069519699,0.01899367419259524,0.012975751854966185
8284,0,0.0139032918557758,0.01968435940449893,0.012296749437980398
8286,0,0.0006544648337912,0.0006151622024849554,0.0003585324262460291
8287,0,0.0002817480548659,0.00035919948141071944,0.00014634557495102102
8288,0,0.0002780044257898,0.00038640291603073926,0.00015231184429359413
8290,0,0.0004629922011168,0.0007742435827470483,0.00028044389205120066
8291,0,0.0002222069489766,0.00019567973190640474,0.00014220861155334703
8293,0,0.0005218091862953,0.0008298628637953692,0.00024190710620056074
8294,0,0.0003444617811518,0.00037211049410642243,0.00030491558785337086
8297,0,0.0004253117965906,0.0006962880730181498,0.0002457275059824332
8298,0,0.000338421610078,0.0004227644478543418,0.00011687112140044807
8299,0,0.0003538163142295,0.0006247925906569998,0.00017423202362128317
8300,0,0.0002756372898831,0.00024911007281295215,0.00019563895245989444
8302,0,0.0002837629996028,0.00030147714204341064,0.00026878526926090113
8303,0,0.0004413495761324,0.0004845614484348254,0.00021864371340173214
8304,0,0.0002556985619709,0.00024481732568216145,0.00017570022454769445
8305,0,0.0003080892228741,0.0002733451601690215,0.0001722846456378278
8306,0,0.0020815633251564,0.0022224170836757243,0.001595122406816769
8307,0,0.0003504065783028,0.0004221786409864111,0.00011932744828368837
8308,1,0.959218710401311,0.9486855263897866,0.9631658752540332
8309,0,0.0007418445120505,0.0008898020635752373,0.0005858133642260527
8311,0,0.0003589083240179,0.00044325116179424177,0.00013735783534034806
8314,0,0.0003150835979519,0.0003101036368568209,0.00020945469183063955
8315,0,0.0004028394101136,0.0005760573765356571,0.0002581595523825834
8317,0,0.0004644358667644,0.0005074951643020767,0.00042949058881325763
8318,0,0.0004854811446099,0.0006586991110319571,0.0003408012868788834
8319,0,0.0003249042404956,0.00036796353803332656,0.00027676132992960115
8320,0,0.0036204282067881,0.005241337357352402,0.0025035706871660815
8324,0,0.0004568822572159,0.0004999415547535766,0.0004087393466498511
8325,0,0.0014028663017414,0.0017771967975351347,0.0010805627194869865
8326,0,0.0004214642891316,0.0005058071269079418,0.00020330992632151273
8327,0,0.0006813395329039,0.0006679499970907754,0.000417412127194776
8328,0,0.0019302176822774,0.0030784156733521355,0.0010815589191554376
8329,0,0.0015133584209219,0.002248457883354665,0.0009094801148455563
8330,0,0.000580644818858,0.0008965033429925559,0.00039333365990382754
8331,0,0.0005288332336642,0.0006967901750265533,0.00036173225683907174
8332,0,0.0011996557697121,0.0015250020449121794,0.0007310467068092925
8333,0,0.000400870310856,0.00039589034976092094,0.0003227276880581067
8335,0,0.0003900702967547,0.0003850903356596209,0.00030321220650775986
8338,0,0.0004092858275551,0.0005825037939771571,0.00026495359026531895
8339,0,0.001494128922785,0.001541596542697445,0.0015150671167799452
8340,0,0.0004625781195695,0.0005056374171071766,0.0004144352090034511
8341,0,0.0004082651976362,0.0004926080354125918,0.00019011083482616272
8342,0,0.0006688757229475,0.0008420936893696071,0.0005189505727921718
8343,0,0.0005743414838767,0.0006174007814144266,0.0005747881892275868
8344,0,0.0010561177567647,0.0020525069289217103,0.0008800865731404678
8345,0,0.0005320820635529,0.0005055548464827521,0.0005111345271030221
8346,0,0.0004839182779279,0.000473324773709405,0.0004011171834648621
8347,0,0.0008024735394406,0.0008201876818811607,0.000836085425015537
8350,0,0.0007368906993757,0.0007506357017044127,0.0006962562157115489
8352,0,0.0052219476174848,0.005388813480995718,0.005044039084408181
8353,0,0.0007004395930048,0.0008600017378722572,0.0005135958118083773
8354,0,0.04656916184505,0.046634087171022055,0.04788615948699525
8355,0,0.0017523493171524,0.0017128109946207154,0.0016552845689843938
8356,0,0.0012127423042727,0.001302433704970229,0.0009656593448318001
8358,1,0.0040606321237714,0.003964364637241669,0.003522133125313308
8359,0,0.0003693569035428,0.0005289190484102071,0.00021627699332018237
8360,0,0.0004570062979029,0.00046824080710217543,0.00020232307206908217
8361,0,0.0003426359767326,0.0005021981216000571,0.00018955606651003236
8362,0,0.0003246929747469,0.0004926499161092533,0.00016809305940918237
8364,0,0.0005605588917049,0.0006425895445092763,0.00026123024950380975
8365,0,0.0008011133610782,0.0009490709126029873,0.000701492866107769
8366,0,0.0003438731720498,0.0005034353169172071,0.00019079326182718236
8367,0,0.0005444835533895,0.0005613210959727349,0.0005378121829219547
8368,0,0.0007452446869841,0.0008932022385088373,0.0006049269422063225
8371,0,0.0004360422298804,0.0004792541021828254,0.00021333636714973214
8372,0,0.000626202264575,0.0005897779577172703,0.0005574239536662572
8373,0,0.0003679707156672,0.00039561942862182244,0.00032603146523393504
8374,0,0.0014278231065607,0.0023120459390837678,0.0012340669972587016
8375,0,0.0065603912590374,0.008114478930626345,0.005513285946763782
8376,0,0.0011917319513758,0.0015676101202156344,0.0005969485818442771
8377,0,0.0020689916770056,0.002953214509528668,0.0016799527094138048
8378,0,0.0015117759284305,0.001991883955556316,0.0008503738597987377
8379,0,0.0051006306912102,0.0072426263612692075,0.0039453461606606365
8380,0,0.0003552910234519,0.0004396338612282418,0.0001337405347743481
8381,0,0.0006742965277514,0.0006911340703345849,0.0006676251572838047
8382,0,0.0003290958626546,0.0003721551601922766,0.0002809529520885511
8384,0,0.0003498811074646,0.0004342239452409918,0.00012833061878709807
8385,0,0.0003591812753543,0.0004435241131306918,0.00013763078667679808
8387,0,0.0003517507952135,0.00043609363298989176,0.00013020030653599808
8388,0,0.0015171122514507,0.0022116340658613664,0.0009461580301812114
8390,0,0.0003278614224698,0.0003709207200075266,0.0002797185119038011
8391,0,0.0033057341026156,0.00441716994206828,0.00229397473721546
8392,0,0.000764908881455,0.0009801984783218405,0.0004353577558647663
8393,0,0.0005758300138365,0.0005870645230358254,0.00032790200035442426
8394,0,0.0020035939099681,0.0021986402600645406,0.0016669815432302664
8395,0,0.0003838713231635,0.0004682141609398418,0.0001623208344859481
8396,0,0.000498433704626,0.0005260824175806224,0.00045286140518456845
8397,0,0.0005347121754631,0.0005537743628012754,0.0002946118401198743
8398,0,0.0025139634890737,0.002680829352584668,0.0023702326046308765
8399,1,0.964418532586278,0.9593603950534899,0.9682958266492984
8400,0,0.0022591472123444,0.003193467485606968,0.0018533500388353992
8401,0,0.000428506774102,0.0004176255378132114,0.0003666573473915615
8402,0,0.0003294009304248,0.0003028737133546021,0.00024940259300154443
8403,0,0.0029423722818568,0.0038518116079052176,0.0026379417231948967
8404,0,0.0005101186367092,0.0005051386756140709,0.00043197601391125673
8405,0,0.00085078781499,0.0008373982791769253,0.000586860409280926
8406,0,0.0004396179372488,0.0004826772347864766,0.0003869637910616806
8407,0,0.0011789686063605,0.0019714650544036287,0.0006607903252257394
8408,0,0.0015404433459429,0.002144046679594008,0.0007030073557487277
8409,0,0.0006276873362077,0.0006414323385364627,0.0005828734833170065
8410,0,0.0005487806444296,0.0006335216176080418,0.0003276282911541481
8411,0,0.0005335384521108,0.0005611871650654725,0.0005122643821898888
8412,0,0.0007352253614227,0.0007782846589604266,0.0007058051722071326
8414,0,0.0010072086446557,0.0012647087516551349,0.0007765823266183821
8415,0,0.0039618360223649,0.003978673564948085,0.003955164651897305
8416,0,0.0010423426889412,0.0013622870042550993,0.0005620603177779722
8417,0,0.0008110672501138,0.0008318420989434754,0.0005850047583411344
8418,0,0.0006839776618939,0.0007286023537473754,0.000478064483851376
8419,0,0.0022830507450992,0.00224662643824152,0.002246684778873156
8420,0,0.0006212246502575,0.0005912930717521593,0.000504498687489268
8421,0,0.0006651135460442,0.0006820547299776754,0.00042503976487765914
8422,0,0.0004695659531374,0.0005573352908034418,0.00025699362429599165
8423,0,0.0077843237427122,0.009588942803241452,0.007238334640683595
8427,0,0.0006408446746165,0.0006585588170571106,0.0006744565601914869
8428,0,0.0006004335030225,0.0006367383249906583,0.0006269001595049966
8429,0,0.000792550337199,0.000840017957111445,0.0007789033571009409
8430,0,0.0004968490515569,0.0005846183892229918,0.0002781392822762074
8431,0,0.0036419514440322,0.004903530251399458,0.0028710773336803512
8432,0,0.0021913438522607,0.0025077190550578587,0.0017505249408296029
8434,0,0.0007655039004667,0.000650752093788862,0.0005942502986599913
8435,0,0.003598133581326,0.0036571692246918737,0.0036720969195450743
8436,0,0.0012705837843766,0.0013618468809263417,0.0010593496803399127
8437,0,0.0066497445438112,0.007087459048477533,0.006553041329001343
8439,0,0.0160444968564275,0.021735984424784666,0.008768968796956355
8440,0,0.0252535294868746,0.029582508947521596,0.018611624378923074
8441,0,0.002297742123028,0.0027778501501538166,0.0021459469999759928
8442,0,0.0005162540295879,0.0005594659018903254,0.00029354816685723216
8443,0,0.0003907579396515,0.0005587148810138033,0.00022786961326407102
8444,0,0.0003249921964726,0.0004982101628946572,0.00018556810780463238
8445,0,0.0004047406592584,0.0004894816324368418,0.00018622698912660164
8446,0,0.0002354075023044,0.00022452626601566144,0.00015540916488119443
8447,0,0.0004199022647507,0.0004558231960469254,0.00018990546101383215
8449,0,0.0004147267806487,0.0004506477119449254,0.00018472997691183215
8450,0,0.0020637429483224,0.002441315203206468,0.002130465883742889
8451,0,0.0003655454945266,0.0003639376517715266,0.00030593812919997386
8452,0,0.0003874284032392,0.00035749682473385934,0.0002161323507508123
8456,0,0.0021975335901895,0.0034338808799405356,0.0013782476490771744
8457,0,0.0003516704074042,0.0003947297049418766,0.00030352749683815113
8458,0,0.0006167165236231,0.0010599363078551461,0.00038163411470062795
8459,0,0.000718956605866,0.0007781667039426239,0.0007813634322954722
8460,0,0.0013190735777548,0.0014618163279632853,0.0010313936661708908
8461,0,0.0018883900571448,0.0025544258357447654,0.0012473301616128052
8462,0,0.0004927872429316,0.0008008409204316692,0.00016853208577411003
8463,0,0.0003786845961029,0.00040633330905757244,0.00033913840280452086
8464,0,0.0003619569129598,0.00033933439958908095,0.0001540975908480966
8465,0,0.0015302511036155,0.0016971169671264681,0.0013869265110661628
8466,0,0.0014247574598472,0.0015927144012095533,0.001263249395887669
8467,0,0.000312695395347,0.00030181415905826143,0.00023269705792379445
8468,0,0.0010327883029662,0.001410360557850218,0.0011001701017899128
8470,0,0.0068067865965386,0.009012033429846512,0.005145161987730503
8471,0,0.0003680279686342,0.0004523708064105918,0.00014647747995669808
8473,0,0.0003032919367841,0.00027676471971395215,0.00022329359936089444
8474,0,0.0003770714183478,0.0003471398398424094,0.0001962233849063268
8475,0,0.0003425415707508,0.0005104985121131033,0.0001796370270811499
8476,0,0.0005480973714408,0.0005671595587789754,0.00030799703609757427
8478,0,0.0003192131890209,0.00034046128822064507,0.00030448868094260645
8479,0,0.0058670642125953,0.008009059882654358,0.004678368577476605
8480,0,0.0004073217071358,0.0005805396735579072,0.00026264184940483345
8481,0,0.0004390763976871,0.0005986385425545571,0.0002807407184014834
8482,0,0.0012899461576127,0.001268834696715185,0.0012925190257776758
8483,0,0.0004706054083306,0.0006385623496929034,0.00030874972392978345
8484,0,0.0004012268094119,0.0004855696471882418,0.00017967632073434808
8485,0,0.000823652294526,0.0011545195687903847,0.0005085704277744167
8486,0,0.0005805910222739,0.0006082397352285725,0.00056829571742663
8487,0,0.000365137419068,0.0003542561827792114,0.0002857599826467301
8489,0,0.000759028592059,0.0012022483762910462,0.0005105541054326212
8490,0,0.0005398437327864,0.0005674924457410224,0.0005275484279390799
8491,0,0.0029097799897932,0.0038441002630557677,0.0025096535748082086
8492,0,0.0005025855814124,0.0005507846214878355,0.000501286810524514
8493,0,0.0006640643174028,0.0006506747815897254,0.0004038374409873844
8494,0,0.0004009315375059,0.0004852743752822418,0.00018277717469581274
8495,0,0.0005089945339333,0.0006685566788007071,0.00034541356222327177
8496,0,0.001878958967747,0.001857847506849435,0.001931429781310221
8498,0,0.0006544575062122,0.0006410679703991254,0.00039423062979678446
8500,0,0.0006396364863671,0.0007277991254580419,0.0004274574589505916
8501,0,0.0027950895582426,0.0027452759898750185,0.0028018636076017497
8504,0,0.000437261651915,0.0006052185932773034,0.00027016067508982175
8505,0,0.0012678955888636,0.001439603390817791,0.0011969602543186117
8506,0,0.0005903835387915,0.0005795023025027114,0.0005608168420495898
8507,1,0.0009561674502736,0.0010443300893645917,0.0007439884228571417
8510,0,0.00752503759806,0.007541875140643235,0.007513152119892138
8511,0,0.0007690584175265,0.0007967071304811224,0.0008223345927569144
8512,0,0.0013702234924852,0.0013686156497300767,0.0014027268909146229
8514,0,0.0006017892201055,0.0005909079838167615,0.0005717803331969204
8516,0,0.0014186234255115,0.001795962451711165,0.0008797801576507562
8517,0,0.0053513361553987,0.005503807113772968,0.005176464779272637
8518,0,0.004316349375389,0.005380711695566591,0.003933045194085865
8519,0,0.0115469086955305,0.011590253388559155,0.011713634267441653
8520,0,0.0009880025650493,0.0013153860315991263,0.0008972807215721377
8522,0,0.01760457693874,0.023207970559162804,0.013038426099169546
8523,0,0.0002458948538853,0.0002451124340567119,0.0003159620412732328
8524,0,0.0003474264240454,0.00041919848672900277,0.00011926223764854015
8525,0,0.0004696127069104,0.000510508212713835,0.00021967453535075174
8526,0,0.0008322215205361,0.001274155716075696,0.000598011844710089
8528,0,0.0003312846202957,0.0004156274580721136,0.00011237281476187349
8529,0,0.0004981454148865,0.0005093799240857755,0.00024346218905268215
8530,0,0.0032739510809705,0.003441908022332853,0.004215726127463473
8532,0,0.0006020110335525,0.0006738592710809763,0.0002496681371190645
8533,0,0.0014994560522074,0.002103059385858508,0.0006961739722893499
8534,0,0.0004325107920714,0.00044374530127072544,0.00017782756623763214
8535,0,0.0005691091911904,0.0010123289754224462,0.00033402678226792797
8536,0,0.000384429478715,0.0004120781916696724,0.0003448832854166208
8537,0,0.0006191982235757,0.0009935287193694347,0.00028555597803988237
8538,0,0.0003538945909298,0.0003001216648629602,0.000262446883888396
8539,0,0.0005014953575913,0.0005127298667905755,0.00024681213175748216
8540,0,0.0004458574700938,0.0004570919792930754,0.00019117424425998215
8541,0,0.0008278642267736,0.0009703725050698854,0.0005399498432774909
8542,0,0.0009328571714009,0.0009496947139841349,0.000920971693233038
8543,0,0.0004675024470272,0.0004787369562264754,0.00021281922119338213
8544,0,0.0014717799879207,0.002356002820443718,0.001241553845555834
8545,0,0.0005800263560068,0.0006647673291852418,0.0003588740027313481
8546,0,0.0003892413094976,0.00047398228267604177,0.00016808895622214806
8547,0,0.0010314731632094,0.0011739814415056855,0.0007455086571831875
8548,0,0.0003857087278374,0.0004704497010158918,0.00016455637456199806
8550,0,0.0003157586639877,0.0003048774276989615,0.00023576032656449445
8551,0,0.0006380915237403,0.0007099397612688263,0.0002969286720798264
8552,0,0.0005476064260073,0.0005745587095224349,0.0003401571075873221
8553,0,0.0004737474290781,0.000580892377099385,0.00021619410933150783
8554,0,0.0004537662700901,0.0004728284574282754,0.00021366593474687429
8557,0,0.0003942746329606,0.0004786174707369918,0.00017272414428309808
8558,0,0.000392534170027,0.00042651345119437245,0.0003188967575105079
8560,0,0.0003449759670337,0.00033827765222896143,0.0002730188494474802
8562,0,0.0013238684676468,0.0021048325628991627,0.0006431915883090506
8563,0,0.0013099349701641,0.002219374296212468,0.0009179113750160145
8564,0,0.0004086777537989,0.0004930205915752417,0.00019631631676579806
8565,0,0.000387432641773,0.0005606506081950571,0.0002453202026913538
8568,0,0.0004888739872493,0.000578397741502235,0.00022134454059870577
8570,0,0.0003641897381281,0.0004233998362047238,0.00041976908584997514
8571,0,0.0002961275520417,0.0002894292372369614,0.00021737503938322253
8572,0,0.003161850566997,0.0033137483099073915,0.0030139677837808334
8573,0,0.0003698340483061,0.00038357905063481274,0.00032540680699860854
8574,0,0.0004208831652499,0.00039853886966370215,0.0003489260476636302
8576,0,0.0032890737867304,0.0033278921414516046,0.0033602252268979727
8578,0,0.0003178528359424,0.0003609121334801266,0.000283855457590081
8579,0,0.0004848821887528,0.0004714926529396754,0.0002111542534421039
8580,0,0.0004034467917675,0.00042469489096724506,0.00038910889527245853
8581,0,0.0006667998043198,0.0008400177707418571,0.0005244627270077443
8582,0,0.0006289093836961,0.0007063565933502424,0.0005737355349806985
8583,1,0.9658607068041448,0.9604840857505497,0.9711935589223576
8584,0,0.0005310119930245,0.0006286594202609755,0.0005020182931459882
8586,0,0.0015443445066239,0.002147947840275008,0.0007013829580003632
8587,0,0.0004597182853714,0.0005440611231477917,0.0002415639225613627
8588,0,0.0003341924518241,0.00031184815623795214,0.0002599892670948526
8589,0,0.0024802077135257,0.0021927696716290425,0.003576864527742594
8590,0,0.0008491402359339,0.0009039380856143934,0.0005353179560797219
8591,0,0.0005061444855569,0.0006657066304243571,0.0003303251926246288
8592,0,0.0004183436042303,0.00043959170343004503,0.0004478592907967494
8593,0,0.0007569702893389,0.0008344174989929924,0.0007017964406234485
8594,0,0.0003913194317327,0.0003689751361465022,0.0003418006283316068
8595,0,0.0015349497498188,0.0025896147066925435,0.001155402963571691
8596,0,0.0009139653856262,0.0008875255796527255,0.000754546288304147
8597,0,0.0036959056691026,0.004115176019916368,0.0034832972021567586
8598,0,0.0019567583618009,0.002284448645025472,0.0013824300248448278
8599,0,0.0005585424928804,0.0007273863399900888,0.00037907039821610334
8600,0,0.0014151599415824,0.0014524715611151226,0.0014575180246140288
8602,0,0.002523440868675,0.00294636251073362,0.0020740603469991763
8603,0,0.0121246376078423,0.016976262015819647,0.008649554662490918
8604,0,0.0637949024427577,0.06348009151827626,0.05442765901528299
8605,0,0.7215527340946424,0.7236464437095763,0.7249958088706068
8606,0,0.0258156429930872,0.03230594287170717,0.01669258279546479
8608,0,0.2417852150259475,0.20633268245525424,0.3031045861220155
8609,1,0.9489633334426706,0.9467854584918025,0.9487348484922766
8610,1,0.0093037870400915,0.012499584056809673,0.008016767795998752
8611,0,0.0003143819822344,0.0003574412797721266,0.00026214514710612625
8612,0,0.0004583426788617,0.0004992381846651349,0.00018731608845862325
8613,0,0.0003784555841019,0.0006494318605294498,0.00020704870574619148
8614,0,0.0007558714214189,0.0010133715284183348,0.0005825479985062356
8615,0,0.0003210115605244,0.0004053543983007834,0.00010209975499054325
8617,0,0.0019382737422828,0.002822496574805818,0.0016537539382891985
8618,0,0.0005698862384564,0.0006417344759849263,0.00026037518097945974
8619,0,0.0005242695504627,0.0004930598138908202,0.0004418577596164686
8620,0,0.0002194906122371,0.00021279229743232097,0.00013163344245163304
8621,0,0.0002909792759247,0.0004589362172870533,0.00012557126127560932
8622,0,0.0015477656962262,0.001486573638541883,0.0012926383649410952
8623,0,0.0005029108068193,0.0008109644843193693,0.00021752742066478422
8624,0,0.000299346625117,0.0004673035664793034,0.00013261289719797712
8625,0,0.000441816821415,0.0004530513306143254,0.00018713359558123214
8626,0,0.0003270314482135,0.0004113742859898729,0.00010548095953597916
8627,0,0.0011326986204985,0.0012806561720232874,0.000978577034760891
8628,0,0.0014965235446609,0.002100126878312008,0.0006976338162890149
8630,0,0.0002801788790521,0.0004481358204143874,0.00011477086440294336
8631,0,0.0018899926460474,0.002824312919309918,0.001541049831474216
8632,0,0.0007733121850376,0.0007666138702328115,0.0006854550152521235
8633,0,0.0004535287511252,0.0004725909384633754,0.0002082290228797161
8634,0,0.0015247949146806,0.002128398248331658,0.0006940992390234702
8635,0,0.0004430973548572,0.0006148051568113909,0.00032517625725497594
8636,0,0.0021225444948522,0.002289410358363168,0.0019746617116360335
8637,0,0.0024410995056278,0.00240988976905597,0.002365728567524261
8638,0,0.0003583796121235,0.0005263365534858034,0.00019264159262179432
8639,0,0.0004911220496608,0.0005101842369989755,0.0002458223214153161
8641,0,0.000645418406351,0.001088638190582996,0.00040020752247715765
8642,0,0.002410398792925,0.0032946216254480178,0.0021735214607149504
8644,0,0.0006391622559709,0.000716475317718385,0.00043876730080907866
8645,0,0.0003457741988795,0.0005066093057145954,0.00030729121281187534
8646,0,0.000487104034842,0.0004983385440413254,0.00023917602135992426
8647,0,0.0005280921279771,0.0005147025921639754,0.0002444295650151019
8648,0,0.0005322370912713,0.0005188475554582254,0.0002596850327768243
8650,0,0.0081349861855461,0.009929483361188363,0.007196591849684682
8651,0,0.0005098449310697,0.000509315039605712,0.0005613983466432244
8653,0,0.0003913369928434,0.0004756798306197918,0.00017318263003336272
8654,0,0.0016173727315265,0.002492884503749313,0.0009579861503348159
8655,0,0.0005378043418443,0.0006805277475121424,0.0005153174528976081
8658,0,0.0005175103527949,0.000502093343669731,0.0003308429087192556
8659,0,0.0004562541191224,0.00044955580431761146,0.0003842970015361302
8660,0,0.001626509571433,0.002263988622462516,0.0010567503992873566
8661,0,0.001879201516452,0.003027399507526736,0.0009083507844658135
8663,0,0.0004196704574372,0.0005074397951032917,0.0001974387612293471
8665,0,0.0020019936697812,0.004028162576749308,0.0013178593160070755
8666,0,0.0015942369973198,0.0022317160483493166,0.0010720988180002477
8667,0,0.0006414518132781,0.000813159615232241,0.0005503519371628146
8668,0,0.0006777574085561,0.0007175747750776763,0.000311834868857507
8669,0,0.000522324526065,0.0006118482803178849,0.00026243390656212584
8670,0,0.0005297734829269,0.0006977304242892033,0.0003626904410991426
8671,0,0.0025870041878076,0.0025414277247977255,0.002370005295648974
8672,0,0.0005517284977163,0.0005947877952539767,0.0005468271727438134
8673,0,0.0019514483538036,0.0031534944692748336,0.0009479036688163561
8675,0,0.0066434340365439,0.005761038307830755,0.06217720274175737
8676,0,0.0007163446971084,0.0006666861559856103,0.0007273673846354425
8677,0,0.0004251577592692,0.0004184594444644615,0.0003509545745399526
8678,0,0.0106064110157041,0.010645229370425304,0.010750665781611254
8679,0,0.0005805896028712,0.0006168944248393582,0.0005994390603512455
8680,0,0.0017394083306186,0.0015968527756202058,0.001541937916975375
8681,0,0.0006614843074537,0.0008294412488160534,0.0004384643065506206
8682,0,0.0030563333398264,0.0029505193169468255,0.0028034473467003253
8683,0,0.0026533585927396,0.0035375814252626677,0.002288854536508212
8684,0,0.001228853956345,0.0011838560105984644,0.0013071314939833278
8685,0,0.000777827339422,0.0007219832593610254,0.00047148776111297905
8687,0,0.00071822539975,0.0008914433661721072,0.0005428036283568918
8688,0,0.0007951415332664,0.0008128556757070107,0.0007760698783622263
8689,0,0.028297847843447,0.03631354828182857,0.02291380979468478
8690,0,0.0297247434457847,0.0290890846776347,0.01867580391242205
8691,1,0.032499392506081,0.053427713666654164,0.02894460455206089
8693,0,0.0004863571961045,0.0005054193834426754,0.00023950164840958214
8694,0,0.000235366487168,0.0002835655272434355,0.00021629483226377625
8695,0,0.0005959632289928,0.000762829092503768,0.00045142959559675707
8696,0,0.0002583319281181,0.00025797089056122096,0.00015404693461472038
8697,0,0.0005719359402048,0.0007403886911848638,0.00045219856962265255
8698,0,0.0003510783625885,0.0004354212003648918,0.00013216655705465164
8699,0,0.0003496650687804,0.0006206413452079498,0.00016934430377381837
8700,0,0.000423947015256,0.0004430092025942254,0.00017709146756113216
8701,0,0.0002748050561341,0.0004427619974964106,0.00010378519132035916
8702,0,0.0002206134643619,0.00021391514955712427,0.00013275629457643636
8703,0,0.0004983105972907,0.000650208340201091,0.0003420491456989955
8704,0,0.0021563790665351,0.003392726356286186,0.0012448981124432452
8705,0,0.0011869242740357,0.0014153216253203907,0.0008601560007903507
8706,0,0.0004748447323838,0.0007458210088113498,0.00028934665460106466
8707,0,0.0013197066450435,0.002068225535461765,0.0006797949658822514
8708,0,0.0002539571775164,0.0002472588627116614,0.00016610000773097355
8709,0,0.0012111965219253,0.0021206358479737178,0.0007876847226309819
8710,0,0.0003299558843431,0.0004142987221194701,0.00010840539566557636
8711,0,0.0002607992512906,0.00023845495570440215,0.00016036761307154152
8712,0,0.000357985084319,0.00044272605749744176,0.00013683273104354808
8713,0,0.0003057956807095,0.00047901364713155714,0.00015039479932382556
8714,0,0.0004598181659953,0.0004766557085785349,0.00044841501856020206
8715,0,0.0002301901950401,0.00022349188023536144,0.00013459940696509607
8717,0,0.0003191368089581,0.0004034796467344399,9.758632028054621e-05
8720,0,0.0002702980413927,0.0003133573389304266,0.00021806120626442625
8721,0,0.0002843987238917,0.0002931216548626723,0.00023216188876342623
8722,0,0.0003385845123719,0.0003162402167857522,0.00025425614339938407
8723,0,0.0016160355634825,0.0020961435906083166,0.0012294913729885264
8724,0,0.0004756547924983,0.0004947169798365254,0.00023035506425286612
8725,0,0.0003389606786496,0.0005069176200119033,0.00016638397059412556
8726,0,0.0010065736511485,0.0010178081603478253,0.0007586456376664243
8727,0,0.0003810086391288,0.0005405707839962571,0.00021165431213975082
8730,0,0.0014059200254588,0.0020433990764883664,0.0005897155779294013
8731,0,0.0002936801895709,0.00045324233443835713,0.00012618032987235192
8732,0,0.0003511098878569,0.0003787586008115224,0.0003141477584329623
8733,0,0.0007544530040683,0.0007232432674964702,0.0006720412132221185
8734,0,0.0003327928205177,0.00033243178296082096,0.00022906207085751098
8735,0,0.0008159374934984,0.0008221647861868864,0.0006209986616315144
8736,0,0.0013992949913471,0.0022088907028843287,0.0009370224625289364
8737,0,0.0003621167050353,0.0005300736463976533,0.00018362101695646615
8738,0,0.0004913194700669,0.0004846211552621114,0.0004193623524806302
8739,0,0.00064686250332,0.0006334729675069254,0.000382935097610926
8742,0,0.0003379420999625,0.0005058990413248034,0.00016202058381371815
8744,0,0.0019080088884506,0.0027922317209736177,0.0015601212873124861
8745,0,0.000718705740959,0.0006874960043871202,0.0006214947965151245
8746,0,0.0007555046397662,0.0009134938265511638,0.0006833577765788746
8747,0,0.0006763429818758,0.0007161603483974263,0.00034321962050080327
8748,0,0.0003755408005638,0.0003688424857590614,0.0003035836829775802
8749,0,0.0007053994057871,0.0008329237128495081,0.0005623688081151475
8751,0,0.000981568854491,0.0009888769143560254,0.0007318619492560091
8752,0,0.0003200568064761,0.00031335849167131143,0.0002404031139998092
8753,0,0.0021737939109034,0.0023664550060628117,0.0018587978675739607
8754,0,0.0003639429919142,0.0004482858296905918,0.00014578862910416272
8755,0,0.0018156456893137,0.0018611961354071354,0.001441931095973981
8756,0,0.0004139343976121,0.00043518249681179504,0.0003995965011170085
8758,0,0.0004570341332086,0.00048529354395491456,0.0004865498197749994
8760,0,0.0013468117943386,0.002095330684756865,0.0006995781361903222
8761,0,0.002109558528462,0.0023501697530108495,0.0015465906477756235
8763,0,0.0042569278652113,0.0042257181286394704,0.004317272800115584
8764,0,0.0009224176886103,0.0008665736085493253,0.000616078110301279
8765,0,0.0005610928288906,0.0007343107953127071,0.00039438763121254393
8766,0,0.0037148756764518,0.0032113390675961376,0.0020103986304109795
8767,0,0.0017880328326964,0.002393570843052334,0.0014228100780312464
8768,0,0.0012494966079736,0.0014115747988517145,0.0008627614985219346
8769,0,0.0018975262994136,0.005442373882631666,0.0013514803664783281
8770,0,0.0005270964285868,0.0005203981137820614,0.0004524481071065633
8771,0,0.0007796496677984,0.0008008977669980951,0.0008091653543647994
8772,0,0.0186953252275708,0.011882207029170854,0.007585675981302163
8774,0,0.0003350331057709,0.0005168503784391033,0.00018814485419059858
8776,0,0.0009117341889104,0.0009960770266867417,0.0006928223833765016
8778,0,0.000314376190343,0.0004823331317053534,0.0001536276074568486
8779,0,0.0003266759076483,0.0003543246206029724,0.0002793297549945359
8781,0,0.0010293052826989,0.0017778241731172153,0.00039197495191162603
8784,0,0.0070835250683965,0.006425066421511609,0.003989212450413518
8785,0,0.0005746314136809,0.0008030287649655906,0.0002478631404355507
8786,0,0.0016560268784353,0.0016248171418634702,0.0016049684560965395
8787,0,0.0014994631033823,0.0019795711305081163,0.0006735465285315366
8788,0,0.000268716786529,0.0002190582454062602,0.0001872235928182341
8790,0,0.0002546603270207,0.00024796201221591145,0.00016680315723522352
8791,0,0.0004465609638091,0.0006182687657632908,0.0003286398662068759
8792,0,0.0008088735673059,0.0012161809199650795,0.0003807075422950293
8793,0,0.000643320570896,0.001086540355128046,0.00039494960419146456
8795,0,0.0002669771981133,0.0002807222004420127,0.00022254995680580852
8796,0,0.0010420227371339,0.0010532572463332255,0.000788895330749566
8797,0,0.0004334921538075,0.00045032969639073486,0.000422089006372402
8798,0,0.0003772152094202,0.0004615580471965918,0.00015566472074269807
8799,0,0.0004967609812255,0.000540045659449885,0.00020265202344565275
8800,0,0.0003491322613111,0.0004334750990874918,0.0001275817726335981
8801,0,0.0003345739345828,0.0003622226475374724,0.00029761180515891234
8802,0,0.0003043477119672,0.00029764939716241145,0.00021649054218172352
8803,0,0.0002887156613391,0.0002820173465343114,0.00020085849155362354
8805,0,0.0039143724967529,0.004927507871498698,0.0026025643149562394
8806,0,0.0002713569254081,0.0003144162229458266,0.00021912009027982626
8807,0,0.0003135602009529,0.0002912159053667021,0.00022570303116742352
8808,0,0.0003362236834039,0.0004205665211802918,0.00011467319472639807
8809,0,0.0007893948843187,0.0011202621585830348,0.00047610679715245343
8810,0,0.000338099563368,0.0005060565047303033,0.0001723615438662943
8811,0,0.0002493853558551,0.00027063345505479506,0.00023504745936000853
8812,0,0.0003556630248855,0.0005152251697529072,0.00019176624919200352
8813,0,0.0010611187887036,0.0013845698530933147,0.0006070390410355317
8814,0,0.0004359320316927,0.0004571801308923951,0.00042159413519760855
8815,0,0.0004042855769835,0.0004382648581508724,0.00033064816446700795
8816,0,0.0005138057857567,0.0007847820621841998,0.0003350621121202339
8817,0,0.0004586914297477,0.000774549953882256,0.00027504301921531585
8818,0,0.0011410540075754,0.001581688648904454,0.0005116909336907334
8819,0,0.000643208800968,0.0006830261674896263,0.0003248730650122039
8822,0,0.0003779907199772,0.0004623335577535918,0.0001598363571671627
8823,0,0.0004263349847077,0.0005942919260700034,0.000249278533121537
8825,0,0.0005488407390638,0.0006189851118257439,0.00040526695681639
8826,0,0.00031469254258,0.0003577518401176766,0.00026245570745167627
8828,0,0.0008010799072918,0.0008219629470113262,0.00043521311141714986
8829,0,0.0003960463747861,0.0005692643412081571,0.00023730068530711815
8831,0,0.0007853695054872,0.0008867516194165906,0.0003550929025823165
8832,0,0.0083844200158561,0.008353210279284269,0.008435498621491724
8834,0,0.0006692310885412,0.0006038948439535254,0.000353399345705479
8835,0,0.0004634556950527,0.0004911044080073724,0.00048166973501898524
8837,0,0.0031047099701184,0.003277927936540457,0.002939579237336322
8838,0,0.0004824013567852,0.0005667441945615918,0.0002642469939751627
8839,0,0.0018358727091861,0.002336162605845351,0.0011202973923961678
8840,0,0.0018780569192066,0.00270867233254951,0.0016932730567129784
8841,0,0.0005181330513782,0.0005268559823491223,0.00046589621624987623
8844,0,0.0005130102638547,0.0005560695613923766,0.0004607734287263763
8845,0,0.0012344478625364,0.0012121035669502521,0.0012374762867937519
8846,0,0.1349221941785348,0.14943369649579,0.12628096632826416
8847,1,0.9073109490613294,0.8854520921269382,0.9052111771431081
8848,0,0.0004813798978723,0.0007894335753723192,0.00016091135721498285
8849,0,0.0006015758266461,0.0009759063224398348,0.0002740278617897396
8852,0,0.0003043604063951,0.00046392255126255716,0.0001471318286240986
8853,0,0.0002677077909076,0.00031076708844532657,0.00021547095577932626
8855,0,0.0003839297626289,0.0004797683300016313,0.00034775014432678975
8856,0,0.002501911657012,0.002668777520522918,0.0023594747305817816
8857,0,0.0225007539801557,0.024387521004012064,0.021668388817176934
8859,0,0.001029352034943,0.0010405865441423254,0.0007746688091092321
8860,0,0.0002873381039093,0.0002869770663523709,0.00018305311040587037
8861,0,0.0004457785905267,0.0004570130997259754,0.00019109536469288213
8864,0,0.0003790844130022,0.0003253114869354102,0.00032561594350547136
8867,0,0.0005972211028615,0.0008256184541461906,0.0002704528296161507
8868,0,0.0004170876363083,0.0004361498236464754,0.00015301572013627282
8869,0,0.0003415912429337,0.0005095481842960033,0.00017485751501467711
8870,0,0.0004732447734707,0.0004844792826700254,0.00021856154763693215
8872,0,0.0003231832788313,0.0004075261166077213,0.00010163279015382764
8873,0,0.0002465780883749,0.0002947771284503855,0.00022750643347072626
8874,0,0.0002259080335538,0.00021920971874901145,0.00013805086376832354
8875,0,0.0003490016886233,0.00034402172752822095,0.0002523671334164879
8876,0,0.0012586308626735,0.002142853695196568,0.000895728436316877
8877,0,0.0010666954703153,0.001233561333826218,0.0009233708777659129
8878,0,0.000671758363662,0.0007115757301835762,0.00029267149479922404
8880,0,0.0004631313487362,0.0004743658579354754,0.00021520333525407428
8881,0,0.0003561615793927,0.0004405044171690918,0.00013461109071519808
8882,0,0.0003286202514889,0.0003716795490266266,0.00027596610530183056
8883,0,0.0014128415277989,0.0016102066848547526,0.000798700788920944
8884,0,0.0003595746339153,0.0005275315752776034,0.00019416661926615933
8885,0,0.0003615223570612,0.0003752673593899127,0.0003167085041704565
8886,0,0.0008381686883058,0.0005778634465729313,0.0006417975918781974
8887,0,0.0006222670719627,0.0006172405434830754,0.000366702673587076
8888,0,0.0004432148562582,0.0005275576940345418,0.0002106051148309697
8889,0,0.0005341581460582,0.0005207686102451254,0.000270230740349126
8890,0,0.0009896474215832,0.0009584376850113203,0.0009026495651805693
8891,0,0.0003783166445293,0.0005515346109514071,0.00022975445169744432
8892,0,0.0005362697687066,0.0005953054120724238,0.0006041289116853506
8893,0,0.0003261961883236,0.0003692554858612766,0.00029219880997123095
8894,0,0.0016222415136318,0.0023714391131328164,0.0010107283221375677
8895,0,0.0004401842715573,0.0006081412129196533,0.00027477625690820935
8896,0,0.0003792445911002,0.0004223038886379266,0.00032700775597192626
8897,0,0.0006808975159151,0.0006758709874354755,0.000425333117539476
8898,0,0.0005248212090074,0.0005197946805277254,0.00027295733992538444
8899,0,0.0005603617135258,0.0005469721777126755,0.0002866337782151039
8900,0,0.0046741331586925,0.004840999022203468,0.004526250375476333
8901,0,0.0013706180396267,0.0014914407804868422,0.0014787245976567941
8902,0,0.0005342804324124,0.0005051114857746215,0.0004184614515852315
8903,0,0.0007833932840083,0.0007332530124670262,0.0003750999099896039
8905,0,0.0003629417487205,0.00034059745313430215,0.00031926751365137364
8907,0,0.0006463480381686,0.0006270816482511754,0.0003700666831511592
8909,0,0.0005218744396359,0.0005495231525905224,0.0005400884796021352
8910,0,0.0004385808218463,0.0005263501595123918,0.00022600849300494165
8911,0,0.0005766872228017,0.0005854101537726223,0.0005717858978292134
8912,0,0.0015105745535938,0.001677440417104768,0.001350685737187854
8914,0,0.0005241569179606,0.0006921138593229533,0.000345507944846856
8916,0,0.0020030008806294,0.002407607226763501,0.0017563891585693544
8917,0,0.0095968885303682,0.009698862680261156,0.00951701446784958
8918,0,0.0005430369597946,0.0006273797975709418,0.00032488259698451274
8919,0,0.0024698200858454,0.002749158877484483,0.0019067737706732909
8920,0,0.007096618353447,0.00706540861687512,0.007686145606739558
8923,0,0.0009164491507707,0.001231431530893831,0.0006544017976646926
8925,0,0.0005260799530508,0.0005691392505884766,0.00046968701897063354
8926,0,0.0137282951935848,0.015769740282691735,0.009941060939654214
8927,1,0.9075008017476878,0.9268646487434056,0.9167433070745861
8929,0,0.0157074272250502,0.02180594126195806,0.011892926650099408
8931,0,0.0002771699914023,0.0003202292889399766,0.00022493315627397626
8932,0,0.0004455649665364,0.0005414035339091313,0.0004093853482342898
8933,0,0.0003478195128933,0.0004195915755768214,0.00011965532649635879
8934,0,0.0004264772943086,0.0004377118035078754,0.00017179406847478215
8935,0,0.0003250456028608,0.00040938844063718375,0.00010613379732694363
8936,0,0.0003075262811027,0.000321231374191759,0.0003615661210410756
8937,0,0.0002758268386839,0.00026912852387916145,0.00018796966889847352
8938,0,0.0010974597643636,0.0018459786547819152,0.00045754808520240145
8939,0,0.0003247962397586,0.00040913907753499333,0.00010588443422475319
8940,0,0.0003519444523571,0.00033652744323193096,0.0001477468347346511
8941,0,0.0004127383931555,0.0005646361360658911,0.0002648556099393334
8942,0,0.0004528088057402,0.0004718709930783754,0.00020595325804528215
8943,0,0.0009437497952761,0.0010949777124682554,0.0008393825277390593
8944,0,0.000240135769604,0.00023977473204704,0.00013585077610053943
8945,0,0.0003502310875526,0.00043457392532899176,0.00012868059887509808
8946,0,0.0002882675242084,0.00046148549063045714,0.00014003533622905932
8947,0,0.0003884285805679,0.00035721884399602023,0.0003060167897216686
8948,0,0.0010065258803611,0.0010177603895604255,0.0007518426545273323
8949,0,0.0004187441310638,0.0004299786402631254,0.00016307321615033641
8950,0,0.0017593688004299,0.0022394768275556666,0.0009251032512657448
8951,0,0.0008375803234771,0.0012448876761362295,0.00042147325692459305
8952,0,0.000606094888122,0.0007486031664182854,0.0003181805046258908
8953,0,0.0002878736506004,0.0004558305919627035,0.0001216752123789555
8954,0,0.000237777056547,0.00023107874174221145,0.00014991988676152352
8955,0,0.0003282294340422,0.00029906048740442154,0.00019434871116643537
8956,0,0.001776503688261,0.002685943014309368,0.0012606371825114324
8957,0,0.0013734688310146,0.002248980603237363,0.0007373307935632608
8958,0,0.0017068437582696,0.002855041749344286,0.0008448802852979268
8959,0,0.0007195604645706,0.0008117075211432255,0.0005917046286637138
8960,0,0.0005563928998462,0.0007143820866311138,0.00047359049014188793
8965,0,0.0008821375523546,0.0010500944937169533,0.0007159391141332053
8966,0,0.0003312372515348,0.0004991941928971533,0.000163406931584832
8967,0,0.0003952435708703,0.0005684615372923571,0.00024796962157334315
8970,0,0.0006631431371432,0.0011063629213752461,0.00040306494501211594
8971,0,0.0003875098154284,0.00039623274639932234,0.0003481299563996049
8972,0,0.0005898016059111,0.0006741444436874418,0.00036825111723354806
8973,0,0.0007313141045273,0.0007711314710488763,0.00039308566093321847
8974,0,0.0014700505606402,0.0015098679271617764,0.0011369271992651532
8975,0,0.0004070087045976,0.0004947780422636918,0.0001847770083897471
8976,0,0.0005066683593245,0.0005910111971008918,0.00028511787064699806
8977,0,0.0004035864148235,0.0005631485596909572,0.00024058154714229075
8978,0,0.0006558124803312,0.0007401553181075919,0.0004342619916536981
8979,0,0.0007698848291171,0.0011499642535002348,0.00042494712729480876
8980,0,0.0016843809910405,0.0021644890181663165,0.0008962259367397646
8981,0,0.0004230975080131,0.00041639919320831146,0.0003511403904268302
8982,0,0.0004211854017684,0.0005891423431307034,0.00024973491634288383
8984,0,0.0022871124247245,0.003171335257247518,0.0018841503932850367
8987,0,0.0003919482902071,0.0006629245666345998,0.00021482972461481586
8988,0,0.0003568899892321,0.00037460413167266063,0.000356057791103831
8989,0,0.0005147527040081,0.0005315902465913349,0.000503349556573002
8990,0,0.0006462694771708,0.000723582538918285,0.0004579670314477471
8991,0,0.0004563165961532,0.0005440859338192918,0.00024374426731184164
8992,0,0.0017391293710142,0.0017170052096283255,0.001569774985263857
8993,0,0.0004525855196936,0.0005369283574699418,0.00023443115688351272
8994,0,0.0003223466578245,0.0005041639304927034,0.00017000855090895537
8995,0,0.0008801291420958,0.0010313570592879553,0.0008001665311713473
8996,0,0.0004180771780098,0.0005860341193721034,0.0002313683676488175
8997,0,0.0004739986728854,0.0004673003580806114,0.00043787575612773215
8998,0,0.0003531781026697,0.0005349953753379533,0.000190561615648557
8999,0,0.0007863176254368,0.0007209813808491754,0.00047048588260112904
9000,0,0.001065840064769,0.0010005038201813753,0.0007446900017142142
9001,0,0.0008141910628349,0.0008138300252779709,0.0007626181015627741
9002,0,0.0007582950791097,0.0007515967643049614,0.0007221721623520822
9003,0,0.0019530069861892,0.0019463086713844115,0.0019168840694315321
9004,0,0.003061207833041,0.003206502567730838,0.0018026318519768264
9007,0,0.0023634793786088,0.0023617173500373413,0.0020693159445942244
9008,0,0.0016340214732352,0.0019772471701630604,0.0012521381818484448
9010,0,0.0007118351145379,0.0006437816737763866,0.0006757121977802322
9011,0,0.00134173500282,0.0015436133007929,0.0012932105375058841
9012,0,0.0011189802218597,0.0010837015805868755,0.000950722289238297
9013,0,0.0022513305051726,0.002230219044275035,0.004107074647522743
9014,0,0.0036783951391238,0.0036998599071444427,0.001646247093388903
9015,1,0.9466806847202222,0.9464384324761453,0.9500569134467167
9016,1,0.0094767430695746,0.013165430836381529,0.007255849221479704
9018,0,0.0758818656277412,0.1072385098192804,0.06511953961914145
9020,0,0.000362906673646,0.0003405623780598522,0.0002750495038605735
9021,0,0.0003506544923628,0.00034395617755801145,0.0002627973225773235
9022,0,0.0002456646203814,0.0002594096227101627,0.00020123737907395853
9023,0,0.0004724453406201,0.0005157300188445349,0.000203587742337936
9024,0,0.0003356251813607,0.00042036615453914177,0.00011711151122890164
9025,0,0.0013346806946145,0.0020942155873643286,0.0008091370740496184
9026,0,0.0005242726615434,0.0008323263390434693,0.00020380412088613284
9027,0,0.0015973224005257,0.0016563580438915739,0.0016651815435045007
9028,0,0.000483463414194,0.0007915170916940693,0.00016299487353673285
9029,0,0.0006219961981193,0.0010652159823512962,0.0003873295708495592
9030,0,0.0003149603010378,0.0003580195985755266,0.00026272346590952626
9031,0,0.0006062802318409,0.0009982662772686913,0.0002875882633087346
9032,0,0.0004714973164153,0.0006227252336074554,0.0003671300488782594
9033,0,0.0003954616170122,0.0003458030758894102,0.00033113825458338055
9034,0,0.000540550831821,0.0006914953405361379,0.0003667792289920759
9035,0,0.0005196609028486,0.0006016915556529262,0.0002233640583614528
9037,0,0.0002617870989792,0.00025508878417441144,0.00017392992919372353
9038,0,0.0005931097755589,0.0007443376927510554,0.0004887425080218594
9039,0,0.005193399917083,0.00530298407832883,0.004873608004192011
9040,0,0.0014619725328957,0.0019420805600214664,0.0006738174785949145
9041,0,0.0002962345142355,0.00030495744520647234,0.00024399767910722627
9042,0,0.0055304728872096,0.006300451133072255,0.004535828589189106
9043,0,0.0002352149641665,0.00025646306336624505,0.00022087706767145852
9044,0,0.0013145395546975,0.0020607140829793525,0.0006904028664950963
9045,0,0.0013125383800121,0.0017544725755516462,0.0010605795716916188
9046,0,0.0003315726144773,0.0004159154522536448,0.00011002212579975108
9047,0,0.001485280619874,0.0015405141813518756,0.0013205112888723639
9048,0,0.0010695081389424,0.0010807426481417254,0.0008163807325580661
9049,0,0.001590573182936,0.0020706812100617666,0.0012040289924419765
9050,0,0.000306002923399,0.00029930460859421145,0.00021814575361352352
9051,0,0.0002904940984962,0.00028379578369146143,0.00019811154787529017
9052,0,0.0015569851268563,0.0015738226694394849,0.001545581979421152
9054,0,0.0003438261422623,0.0004281689800386918,0.00012227565358479808
9055,0,0.0003704758579056,0.0005384327992679534,0.00020506784325650932
9056,0,0.0005480408694175,0.0006992687866096554,0.0004548583342321228
9057,0,0.0004056579575221,0.0007215164816566059,0.00022160501509620265
9058,0,0.0002725222649653,0.00025017796937910214,0.00017693147689024606
9059,0,0.0016833212284548,0.0021634292555805664,0.0008154149777985413
9060,0,0.0007448753630206,0.000911741226531568,0.0005956872143235816
9064,0,0.0005957111355743,0.0009087575553990692,0.0003012348301273091
9065,0,0.0008558782465126,0.0010227441100235679,0.0007066900978155815
9066,0,0.0008694440616036,0.0008486252149424203,0.0008089119498843831
9067,0,0.0005800786517907,0.0007532966182128072,0.0004328047024937932
9068,0,0.0014866356440178,0.002420955917280368,0.0010469640524699152
9071,0,0.0010880390521612,0.0014519704414430795,0.000629201904890426
9072,0,0.0018923345954912,0.0022562659847731297,0.0014421829391632235
9073,0,0.0002791958051222,0.00033840590319887383,0.00033477515284412515
9074,0,0.0021454628030529,0.0022332321407189416,0.0019404408803392226
9075,0,0.0003366922892799,0.0003797515868176266,0.0002844554541516262
9077,0,0.0005536225855201,0.000664713308268785,0.00030618772276811714
9078,0,0.0035590959361813,0.00352788619960942,0.0036605289686453745
9079,0,0.0004612457620744,0.00045454744726966144,0.00041757152700532365
9080,0,0.0006055620911462,0.0005328791040480254,0.00026260607689915195
9081,0,0.0052838677019796,0.005343077800056224,0.005359264974759002
9082,0,0.00046683526887,0.0004601369540652115,0.00043071235211233216
9083,0,0.0021702382508644,0.0029077272336714153,0.0015994340920132389
9084,0,0.000751146827178,0.0007158681859051254,0.0004764008326900472
9085,1,0.9956413096226058,0.9958000351195324,0.9957374939481197
9086,0,0.0047893736336151,0.00475848899840855,0.003932116027381606
9087,0,0.0006652172491601,0.000982474915330901,0.0004680101420631563
9088,0,0.0037698600791489,0.00373865034257702,0.0040984169062204335
9089,0,0.0017176331779147,0.0017609778709433055,0.0018843587498258035
9090,0,0.0008697380036525,0.0008865755462356848,0.0009492891823361291
9092,0,0.0004692959786387,0.0005536388164150418,0.0002511416158286127
9093,0,0.0005286531187803,0.0005423981211090628,0.0005280794605343495
9095,0,0.0885964261731664,0.09047341271985301,0.0877184154465281
9096,0,0.0114427974619288,0.009647316520302748,0.006302932661154413
9098,0,0.0193167914487846,0.0212378537062339,0.014621982545828513
9100,0,0.0003496213094374,0.0005175782507997533,0.0001874624658258994
9101,0,0.0007992140769315,0.0010567141839309849,0.0006398143839121124
9102,0,0.0004381644374387,0.00045722662477692543,0.00019130888974383216
9103,0,0.0003681218241673,0.0005360787655296534,0.0002073732412811486
9104,0,0.000318924819128,0.00048688176049030337,0.00015817623624179858
9105,0,0.0002808460473084,0.0002804850097515209,0.0001833942375397412
9106,0,0.0003279277693221,0.00041227060709851947,0.00010637728064462579
9107,0,0.0004749895190268,0.000626887261937141,0.00032710673581058344
9108,0,0.0006200613412252,0.0007319121917163354,0.00030148952992394083
9110,0,0.0003405870029504,0.0004249298407267418,0.00011903651427284808
9111,0,0.0005437982004221,0.0009870179846541462,0.00029620309413318913
9112,0,0.0011445843693244,0.0018931032597426652,0.000496223635141654
9113,0,0.0004443352796938,0.00045556978889312543,0.00018965205386003216
9114,0,0.0006553890486836,0.0007978973269798853,0.0003674746651874908
9115,0,0.0004511287311101,0.0004623632403094254,0.00019644550527633215
9116,0,0.0004012835411421,0.0005440069468098924,0.00037879665219535814
9117,0,0.0002758045345753,0.00044902250099735714,0.00012757234659595932
9118,0,0.0003151349048588,0.0003427836178134224,0.0002781727754348623
9119,0,0.0004224222399095,0.0004336567491088254,0.00016773901407573214
9120,0,0.0002787829829028,0.0002291244417800102,0.00018611588839722063
9123,0,0.0002477684015223,0.00022542410593615216,0.00015991123173687353
9124,0,0.0002820291268833,0.00027533081207851143,0.00019417195709782353
9125,0,0.0004950838734201,0.00043389181573578285,0.0002399565421349951
9126,0,0.000362320941942,0.0005218830868094071,0.0002001029275554443
9127,0,0.00033002694023,0.0004979838815923033,0.00016428892072829432
9128,0,0.0003009444193282,0.00036015451740482385,0.0003565237670500752
9129,0,0.0003145351242384,0.00048249206560075335,0.00014780139631942712
9130,0,0.0012845130446201,0.0013963638951111856,0.0009678911107886876
9131,0,0.0002903778998679,0.00030412290219661276,0.00024595065856040856
9132,0,0.0003145891645336,0.00031422812697672097,0.00022839210226809862
9134,0,0.0004848401870999,0.0005743639413528349,0.00022339746154784358
9135,0,0.0003559176973881,0.0003989769949258266,0.000321920319035781
9136,0,0.0005622003445336,0.001005420128765646,0.00031460523824468914
9137,0,0.0004765444032835,0.0004977925024832451,0.0004673578531984693
9138,0,0.0003724494496632,0.00041991706957564506,0.00035576665036009464
9140,0,0.0006473341270193,0.0006339445912062255,0.000383406721310226
9141,0,0.0031628848318944,0.003800361723292735,0.002817927234129045
9143,0,0.000379988648708,0.0004643314864843418,0.00014737890728076973
9144,0,0.0003257435007215,0.0003688027982591766,0.000291746122369131
9145,0,0.0003052570194142,0.00029855870460941144,0.00021794381150044883
9146,0,0.0003926743039132,0.00048044364157924177,0.00017044260770529711
9147,0,0.0003782529933726,0.0004660223310386418,0.0001560212971646971
9148,0,0.0009744283743275,0.0009432186377556702,0.0009233699519887396
9149,0,0.000599790020452,0.0009128364402768192,0.00030668299957200136
9150,0,0.0008643782570218,0.0012283096463037294,0.00043435430820084253
9151,0,0.0016807740523277,0.0021919217856444166,0.0008439075078623913
9152,0,0.0003526202283234,0.00034592191351861146,0.0002806631107371302
9153,0,0.0015053838417577,0.002242872824564665,0.0008574752646353126
9154,0,0.0004463846298295,0.0005341539674955918,0.00022415293362164712
9155,0,0.000392395218053,0.0004801645557190418,0.0001701635218450971
9157,0,0.0014708248506901,0.0017668945313765365,0.000957572371734744
9158,0,0.0004867355892406,0.0005207148704079224,0.00044197471195699903
9159,0,0.0003811724792096,0.0004088211921642724,0.00033615762519238106
9160,0,0.0004475602509017,0.0006071223957691071,0.0002856722413677093
9161,0,0.0025200298098925,0.002686895673403418,0.0023721470266762834
9162,0,0.0040645266109848,0.004103344965705955,0.07655735999566526
9163,0,0.0004282615087489,0.00047132080628662656,0.00037602467362062627
9164,0,0.0009513072225819,0.0013965441015396924,0.0006880964418240116
9166,0,0.0249175339359383,0.02564324788442358,0.024092146510531088
9169,0,0.000843737743133,0.0019152390109035745,0.0009662657999530925
9170,0,0.001391073958418,0.001407911501001235,0.002643434184669331
9171,0,0.0007563400190665,0.0007369757176702864,0.0006868553881695745
9172,0,0.0008119512903118,0.0008319652417324796,0.000585378523263085
9173,0,0.0169659453560617,0.011546817980576426,0.011590119703372575
9174,0,0.0005152794178676,0.0004897801929080578,0.00042010428992869545
9175,1,0.0024781149837368,0.0025373250818133738,0.002835112533129763
9176,1,0.9429058395670932,0.9402019033149401,0.9475888137066808
9177,0,0.0002696619184794,0.00031272121601712657,0.00021742508335112625
9178,0,0.0002656722734583,0.00025897395865351146,0.00017781510367282353
9179,0,0.001577906060665,0.0020580140877907663,0.0009176192866914828
9180,0,0.0003503834230905,0.000334966413965381,0.00014618580546810108
9181,0,0.0004582137165245,0.0004694482257238254,0.00020353049069073213
9182,0,0.0004479396535936,0.00045917416279287544,0.00019325642775978215
9183,0,0.0005243149185127,0.0006063455713170762,0.00022498627631160976
9184,0,0.0004600244304085,0.0004712589396078254,0.00020534120457473215
9185,0,0.0002508635840221,0.00022433636695195214,0.00017086524659889443
9186,0,0.0004174968741698,0.0005677416734293424,0.0003238206475348564
9187,0,0.0009967049321735,0.0010519384936514256,0.0008163741502624258
9188,0,0.0014610598795317,0.001855869014574081,0.0009332747601730045
9189,0,0.0002724905848475,0.0003155498823852266,0.00022025374971922627
9191,0,0.0003298685898414,0.0004907036966764454,0.00029138560377372537
9192,0,0.0004978074169548,0.00046659768038297025,0.0004153956261086186
9193,0,0.0003118814079683,0.00047144355283575715,0.00014999339843435933
9194,0,0.0002875176288121,0.00045547457017446367,0.00012210961416301964
9195,0,0.0005382555622313,0.0007045666457384879,0.00037985053419442593
9196,0,0.0003436233538932,0.0004279661916695418,0.00012207286521564808
9197,0,0.0002354815304461,0.00021313723485995214,0.00014762436066067354
9198,0,0.0003316942816529,0.0004996512230152533,0.0001649605537339271
9199,0,0.0003421776922656,0.00042652053004194176,0.00012062720358804808
9201,0,0.0002316041995464,0.00020925990396020215,0.00013601341147134608
9202,0,0.0005666287512647,0.001009848535496696,0.00032141786739085766
9203,0,0.0005066365128794,0.0005178710220786754,0.0002535091064950161
9204,0,0.0003516602393352,0.00043600307711159176,0.00013010975065769808
9205,0,0.0002769812521343,0.0002946953945748606,0.0002579095972300762
9206,0,0.0002438835499358,0.00026513164913554506,0.00022954565344075853
9209,0,0.0005259172327321,0.0005025112639232093,0.00034811674927608246
9210,0,0.0016454394952772,0.001902939602276635,0.0012838869840982434
9211,0,0.0258219553832721,0.02593153954451793,0.02567146592386415
9213,0,0.000624693370113,0.0007843526083636872,0.000419960595189451
9214,0,0.0002879314113587,0.00030917951055844505,0.0002735935148636585
9215,0,0.00031893225078,0.0003276551817509223,0.0002666954156516762
9216,0,0.0003700793952559,0.0003477350996697521,0.0002822222254704735
9217,0,0.0002846725777181,0.0004526295190804462,0.00011926456306900215
9218,0,0.000614466594035,0.0005532745363506829,0.00037888326847309754
9219,0,0.0015218960338019,0.002125499367453008,0.0006665743063522368
9220,0,0.0017556659253118,0.0029038639163865357,0.0009070071621898376
9221,0,0.0028583118205885,0.003461915154239608,0.0020087094673058047
9222,0,0.0007134877562192,0.0008253386067102854,0.00040338209545047346
9223,0,0.0004419350282878,0.0004849943258255266,0.00038969819315952625
9224,0,0.0007682697805248,0.0008033615073932236,0.0005164597912291027
9225,0,0.0004157202699977,0.0005836772113600034,0.0002437733965987702
9226,0,0.000798653525454,0.0009498814426462055,0.0007054709902686728
9227,0,0.0006971053473792,0.0007139428899624349,0.000685702199944102
9229,0,0.0005692669680573,0.0005642404395776754,0.00031740309897533445
9230,0,0.0008002835628785,0.000952181305788841,0.0006569589703291129
9231,0,0.0036930068913349,0.0037098444339180845,0.003681121413166988
9232,0,0.0004628945976103,0.0006224567424777572,0.00029931362590032175
9235,0,0.001011988461093,0.0010288260036761848,0.001000585313657852
9236,0,0.0004085467701888,0.00042626091262941066,0.00038947511528462627
9237,0,0.0003129249346519,0.0006445987736606754,0.05375535690443212
9238,0,0.0006532791911504,0.0008201450546613681,0.0005099545986010629
9239,0,0.0004048032072473,0.0004478625047850266,0.00035256637211902625
9240,0,0.0010675766712232,0.0013193839202678649,0.0005419265526319426
9241,0,0.0020435541471576,0.002916953599287799,0.0009120053256215208
9242,0,0.0024843883384981,0.002505636437697795,0.002520633490274316
9245,0,0.003529107728316,0.0034711553540606754,0.0033042193843455738
9246,0,0.010792407384593,0.01076119764802112,0.011120964211664534
9247,0,0.0052428793303743,0.005278485564853535,0.004860725885213055
9248,0,0.0006159984600677,0.0007892164264898071,0.00045699126912669393
9249,0,0.000408449159581,0.0004017508447762114,0.0003342459748517026
9250,0,0.0006322078070863,0.0006098635115001021,0.0005960848903286322
9251,0,0.0006543186423842,0.0007135287404607738,0.000715091249627443
9252,0,0.0026934554102479,0.0026360650368842256,0.0029276226697517145
9253,0,0.0005647662765767,0.0005580679617719114,0.0005152474731756068
9254,0,0.0010866434749632,0.0011297027725008766,0.0010344066398348764
9255,0,0.0020568982582069,0.0019888448174454365,0.0021056192074965403
9256,0,0.0008218337002928,0.0007537802595312867,0.0007857107835351322
9258,0,0.0645310326576033,0.06643937948927181,0.06247581544762703
9259,0,0.0006024954035239,0.0010444295990634962,0.00037173115918054216
9260,0,0.0004805782578497,0.000647444121360668,0.00034299020211311855
9261,0,0.0029969542911039,0.0034770623182297164,0.002845159168051893
9262,0,0.000343814294379,0.00042815713215534176,0.00012490248884510164
9263,0,0.0009037765639544,0.0012749657640882795,0.0004104848334954101
9264,0,0.0002288713976349,0.00020652710204870214,0.00014101422784942353
9265,0,0.0004577231260265,0.0004689576352257754,0.00020303990019268213
9266,0,0.0004719477071339,0.0004424513286500054,0.00017226287224061514
9269,0,0.0004481220595464,0.00046718424688457544,0.00020126651185148215
9270,0,0.0038448112576635,0.005034587754959483,0.002621668746605769
9271,0,0.0013973106117044,0.002261792476315863,0.0007323661299739856
9272,0,0.0005623179238604,0.0006470588970388918,0.0003411655705849981
9273,0,0.0015405310647819,0.0027768783545329355,0.0007212451236695743
9275,0,0.0008707316196594,0.0012780389723185794,0.0004566237894092221
9277,0,0.000309414852157,0.000330662951356745,0.00029507695566195855
9278,0,0.0010878599953704,0.001114812278885485,0.0008958964418746847
9279,0,0.0003932706606946,0.00041233284803280523,0.00014641511299971194
9280,0,0.0004110952761879,0.0004958362493663417,0.0001899429229124481
9281,0,0.0002533186433927,0.0002963779409303638,0.00020108180826436346
9282,0,0.0012139805706368,0.0019832633764264125,0.0005591779455357182
9283,0,0.0005525339863766,0.0007105231731615638,0.00043258855799773344
9284,0,0.0003700786044146,0.0004548195775930918,0.00014892625113919808
9285,0,0.0002557149621906,0.00027696306139034503,0.0002413770656955585
9286,0,0.0009471367616932,0.0013110681509751294,0.0004636747250010999
9287,0,0.0003773185771434,0.0004616614149197918,0.00015576808846589808
9288,0,0.0004530418794786,0.0005377828526570418,0.00023188952620314807
9289,0,0.0005291471911408,0.0008001234675683497,0.0003546790743870011
9290,0,0.0020844788181197,0.0030642998691213356,0.0011561023065515329
9292,0,0.0020613410348323,0.0032095390259069857,0.001169600603746981
9293,0,0.0002877252161545,0.00026538092056835214,0.00019986804636907353
9294,0,0.0007602812213772,0.0009553275714736906,0.00041048684901661634
9296,0,0.0009292144195247,0.0011867145265241348,0.0006858886286246234
9297,0,0.0004017313680406,0.0004860742058169418,0.0001801808793630481
9298,0,0.0005151769024109,0.0005017873665978254,0.00027828443938585524
9299,0,0.0020111749095422,0.002614778243193258,0.0011797632512843166
9300,0,0.0013938856608119,0.001997488994463008,0.0005841077138684942
9301,0,0.0017045619874501,0.002360774918591788,0.001051441409590681
9302,0,0.0005303792872528,0.000557331570767935,0.0003229299688328221
9303,0,0.000494670576002,0.0004634608394301202,0.0003974596315581245
9304,0,0.00038614179756,0.00037944348275521144,0.0003141846799737302
9305,0,0.0003515828535223,0.0005195397948846033,0.00018448187669712176
9307,0,0.0005036231150574,0.0006768410814795071,0.00035929087776766894
9308,0,0.0007149785614287,0.0011581983456607462,0.00046340318888864944
9309,0,0.0011356383757667,0.0014514968999012059,0.0009483272168124775
9311,0,0.000428623195454,0.00041774195916521146,0.00036677376874356146
9312,0,0.0003961221879741,0.0005640791293364533,0.0002277262178118007
9314,0,0.0008633931123669,0.0012434725367499848,0.0005292615625758717
9315,0,0.0004314635919046,0.0005158064296809918,0.00021330922909456272
9317,0,0.0010245873614134,0.0011259694753427405,0.0005943107585084666
9318,0,0.0009107133279157,0.0008827674997106754,0.0006257525346106592
9319,0,0.0028869856331655,0.0038083663523205856,0.0018657455464125942
9320,0,0.0010286404137124,0.001113381386890842,0.0008148116504652003
9321,0,0.0014660625518681,0.0016377703538222907,0.001410803464203069
9323,0,0.0009897919098907,0.0009545132686178755,0.0007150459154027973
9324,0,0.0006831739455274,0.0006722927092386114,0.0006622264090774721
9325,0,0.0006370424079404,0.0008049993493027534,0.00046085939032959394
9327,0,0.0006414326171765,0.0008146505835986071,0.0004824254262354939
9328,0,0.0007463928771915,0.0007601378795202128,0.0007725527854565981
9331,0,0.0006250470405793,0.0006387920429080627,0.0005806197992718585
9332,0,0.0007781896479148,0.0009573803952154033,0.0005990596675414773
9333,0,0.0036757146991599,0.0037512164693714557,0.0038555726481019513
9335,0,0.0099059932886216,0.012626441510413583,0.005606254700945498
9336,0,0.022477506987908,0.022971590353009975,0.0203804403533507
9341,0,0.0004418432760182,0.00046090546335642545,0.00019498772832333215
9342,0,0.0013304624385742,0.002214685271097268,0.0011572085259451712
9343,0,0.0002753200635949,0.00044853803001695713,0.00013589597492693237
9346,0,0.0004165891804061,0.0006875654568335998,0.0002484468434643333
9347,0,0.0002735912908278,0.00045540856349601734,0.0001308517067959464
9348,0,0.0003456595780498,0.000661518102184356,0.00016679185910249762
9350,0,0.000886738582803,0.0009710814205793418,0.000665188094125448
9352,0,0.0002921282044046,0.00026978390881840216,0.0002077998354320341
9354,0,0.0012145748242656,0.001983857630055163,0.0005597721991644682
9356,0,0.0006393469227573,0.0006081371861854203,0.0005882885004184897
9357,0,0.0016610686071925,0.002398557589999465,0.000998536947593847
9358,0,0.0003314059903043,0.0003001962537324702,0.00028034756796553963
9359,0,0.0006461340138107,0.0010381200592384913,0.00032744204527853456
9360,0,0.0002709345759285,0.0003129210288203794,0.0002185092401950805
9361,0,0.0002561942704673,0.00029925356800496774,0.0002039574353389674
9363,0,0.0004229000876506,0.0004419622749887754,0.0001750568508759864
9364,0,0.0004615367841073,0.0004727712933066254,0.00020840937772296608
9366,0,0.0016991221866153,0.002847320177690036,0.0008371587136436768
9367,0,0.0005428669582977,0.0005698192418127849,0.0003509034048019847
9368,0,0.0003395633595849,0.0005075203009472034,0.00017250561495638333
9369,0,0.0004994057992224,0.0005106403084217254,0.0002462783928380661
9370,0,0.0003476594387111,0.0004320022764874418,0.00012610895003354808
9371,0,0.0005356172899113,0.0007040700408913638,0.00035263802689962923
9372,0,0.0012487892084449,0.001986278191251915,0.0006008806313225625
9374,0,0.0003334248795813,0.0005013818209436533,0.0001663671349528333
9375,0,0.0003018948236271,0.0003015337860701709,0.00019816407396686098
9376,0,0.0013088912877501,0.0021931141202731178,0.0009059292563106365
9377,0,0.0003045503743377,0.00034336872905895474,0.0003469008149811862
9378,0,0.0005117594868538,0.0004983699510406754,0.000247832081144676
9379,0,0.0004430237629223,0.0003933652217995102,0.0003693883719230255
9380,0,0.0017689202562892,0.001926909443074114,0.0017296514934142773
9381,0,0.0009425764924234,0.0013065078817053296,0.00044792456960924003
9382,0,0.0003312144712325,0.0004991714125948033,0.00016580645658335934
9383,0,0.0003752258515135,0.00045956868928984177,0.00015998303686412155
9385,0,0.0024747782952762,0.002959711840455445,0.0019150755607258338
9386,0,0.0005988976140214,0.0007501255312135555,0.0005189350030969473
9387,0,0.0009804232078022,0.0009972607503854348,0.000969020060367102
9388,0,0.0011279313221942,0.0013245428400813293,0.0005305875019784425
9390,0,0.0016443728156752,0.002283804442123274,0.0008192631721623025
9391,0,0.0003467651795489,0.0003898244770865766,0.0002945283444205762
9392,0,0.0006436492661664,0.0007948771833586055,0.0005504667309810729
9393,0,0.0010170995775742,0.0013553911724353295,0.0004936198381742744
9394,0,0.0003583018544067,0.0005139673917422534,0.00016956428556830469
9395,0,0.0013110750845733,0.002059593974991565,0.0007509548179757138
9398,0,0.0011536622363697,0.0018417839141875653,0.0005146942095050725
9399,0,0.000494057851042,0.0007183777068627218,0.00028118912190731654
9400,0,0.0005121913559954,0.000511830318438521,0.0004606183947233241
9401,0,0.0008054112191987,0.0011184576390234693,0.0004582123645313495
9402,0,0.0025113012268922,0.002528138769475435,0.0024998980794571023
9404,0,0.0006489051190069,0.0007370677580978919,0.00043672609159044163
9406,0,0.0004232815499367,0.0005049624725186224,0.0003654946951158854
9407,0,0.002961388376147,0.002978225918730235,0.0029499852287119023
9408,0,0.0007113715017536,0.0008348891713161298,0.0006206101238643812
9409,0,0.0004499446393129,0.0006117561264564572,0.00027801842931212474
9410,0,0.0031708225678136,0.0030650085449339757,0.002898072575218874
9411,0,0.0014360797486163,0.001413735453030102,0.0013865609452152067
9413,0,0.0405552314094839,0.04180801399644959,0.022272783746820953
9414,0,0.0303277366292371,0.03446887799015172,0.046030442075766176
9416,0,0.0023120407437929,0.003390745404100486,0.0014036404716026673
9417,0,0.0004656907712406,0.0005065862770440349,0.0002531016927312409
9419,0,0.0004160271375326,0.0006870034139601498,0.00024788480059088333
9420,0,0.0006063192284337,0.0007575471456259054,0.0005019519608967095
9421,0,0.0002713849265243,0.0003144442240619766,0.00021914809139597625
9422,0,0.0006992118621827,0.0008089479014762373,0.00045711286935074154
9424,0,0.0003685525031071,0.0004532934762855418,0.00014740014983164807
9425,0,0.0002146214794705,0.00019227718388432113,0.0001267643096850425
9426,0,0.0003403844754697,0.00032496746634451347,0.00014480008009922648
9427,0,0.0015645098082225,0.0021681131418735578,0.0007547318612790442
9428,0,0.0004327629592905,0.0004439974684897754,0.00017807973345668215
9430,0,0.0002686667717162,0.0002824117740449627,0.00022423953040875852
9431,0,0.0004060817341157,0.0004908227072941918,0.0001849293808402981
9432,0,0.0018315911377245,0.001973030571420334,0.0015788760885190622
9433,0,0.0003334812320298,0.00040525329471331794,0.00010240210201059522
9434,0,0.0007414622209357,0.0009989623279351848,0.0004510001525488392
9435,0,0.0004237296341676,0.0004427918215058254,0.00017687408647273215
9437,0,0.000341053116623,0.0004253959543993418,0.00011950262794544808
9438,0,0.0002914330189066,0.00045938996026890334,0.00012992495494701896
9440,0,0.0007920504511964,0.0010495505581958847,0.0005250798632205474
9441,0,0.0008758850637736,0.0011981772231113585,0.0002106691721743446
9442,0,0.0005356152221737,0.0008436688996737692,0.00025023183601918423
9443,0,0.0006360893887812,0.001079309173013196,0.0003976631863380623
9444,0,0.0005004468545684,0.0004392547968841328,0.0002565108088989591
9445,0,0.0037157075268698,0.003867605269780191,0.003572382934320463
9446,0,0.0007732305743476,0.0010510429294221348,0.00033375061325494103
9447,0,0.00061446194731,0.0010576817315420461,0.0003760357448669123
9448,0,0.0025255897359652,0.003129193069616258,0.0017197294006786037
9450,0,0.0004140573906938,0.0005098959580665313,0.00034855232986269236
9451,0,0.000304404702424,0.00047236164378635336,0.00014289663846446895
9452,0,0.0004035504714365,0.0004878933092128918,0.00018199998275899809
9453,0,0.0006712107768531,0.0008308700151037873,0.00044024809888537923
9454,0,0.0013310742037784,0.002265394477040968,0.000932443351698232
9456,0,0.000574740316549,0.0006594812897274419,0.0003535879632735481
9458,0,0.0004143709642916,0.0004991119374700418,0.00019321861101614807
9459,0,0.0004821132814264,0.00045870731261745936,0.0003215177830666805
9460,0,0.0003954701873035,0.0005686881537256071,0.0002507903295725334
9462,0,0.0010364443876479,0.0014003757769297793,0.0005640953608722711
9463,0,0.000546907623418,0.0005418810949383253,0.0002815426954407539
9464,0,0.0004053679411742,0.0004897107789505918,0.00018721357836416273
9466,0,0.0003786515339945,0.0004217108315321766,0.0003305086234284511
9467,0,0.0004516002080295,0.0006195571493918034,0.00028320423786715073
9468,0,0.0020200523602772,0.002040101360995376,0.001892871136630907
9469,0,0.0017795824873669,0.002419014113815024,0.0012436366305288772
9470,0,0.0004470252128551,0.0006202431792771572,0.00029710006269972173
9471,0,0.0004721302349292,0.0007293617901882998,0.00026875898093814984
9472,0,0.0036580323050284,0.0037563120763147856,0.003345164557553831
9473,0,0.0017233707368993,0.0022345184702159664,0.0013440079038160074
9475,0,0.0009589881499795,0.001525620633526388,0.0011238102112567266
9476,0,0.000520560159265,0.0005096789229762115,0.0004996126228150722
9477,0,0.0010644535119238,0.0010650762279301254,0.0008256088747150472
9478,0,0.001302450604606,0.0013201647470465607,0.0012874728742640511
9479,0,0.001356908024395,0.0014416489975734917,0.0011306815401117168
9480,0,0.0003782838806098,0.0003517566635396021,0.0003251372724632889
9481,0,0.0005682915144501,0.0008392677908775998,0.0003610155736200287
9482,0,0.0029140144985126,0.00391017004898115,0.002005606512113912
9483,0,0.0024307582161343,0.0031128697442673638,0.0021761504485049237
9484,0,0.0004700998050778,0.0006175518967295572,0.0002870582273346212
9485,0,0.0022331618844184,0.0023209312220844915,0.0020205895555770416
9486,0,0.0008550907941154,0.0007828544318699367,0.0008341432576655221
9487,0,0.0012362282689413,0.001250605497424021,0.0011640102211558192
9488,0,0.0056987120433628,0.005327965423346777,0.0016037910818010154
9489,0,0.0049540312712659,0.005008283214484353,0.0028641788724172983
9490,0,0.0978413820921668,0.09271549181950473,0.0992318189869543
9491,0,0.0391370503059647,0.0370867497189058,0.013698126643458717
9492,0,0.0088007266795456,0.012717148796822893,0.00606937707915198
9493,0,0.0421215667478846,0.04743900518644763,0.030928324861479957
9494,1,0.9776736006190264,0.9768394422296411,0.9777405633097949
9496,0,0.0745511187788385,0.13148234738594197,0.08527539186672407
9497,0,0.3368940073693256,0.340289078023998,0.1613637695203534
9498,0,0.0005319463006137,0.0008302984497637906,0.00024312882695930866
9499,0,0.0003094856242311,0.00046904776909850715,0.00015640571400848236
9500,0,0.0003514056969625,0.0004357485347388918,0.00013249389142865165
9501,0,0.0003679734289909,0.00034144621192070215,0.0002879750915676444
9502,0,0.0007552080141724,0.0011984277984043962,0.0005283207451109432
9503,0,0.0005327665225664,0.0005597188060815349,0.00042801967307248595
9504,0,0.0003471347567163,0.0005150916980786034,0.00018904930254333934
9505,0,0.0010120530944557,0.0012830293708831998,0.0008449753047891864
9506,0,0.0006640721519409,0.0008924695032256405,0.0003373038786956007
9507,0,0.0003947886886931,0.00046656075137666106,0.00016370955867393838
9508,0,0.0002773248200328,0.00026644358374406144,0.00019732648260959443
9509,0,0.0004200554041311,0.00046326727643352544,0.00019734954140043215
9510,0,0.000348404933373,0.0004327477711493418,0.00012685444469544808
9511,0,0.0002246900428462,0.00021380880655742836,0.00014469170542296135
9515,0,0.0004177206628377,0.000395098149466981,0.0002195938622770297
9516,0,0.0016995055150828,0.0017130828740297092,0.0017713932038455494
9517,0,0.0011982570257715,0.0019261457710865652,0.0005680370868984219
9518,0,0.0002664456644633,0.00025556442817456146,0.00018644732704009445
9519,0,0.0003969466845422,0.00044015855684462543,0.0001570244533344228
9520,0,0.0004460083525253,0.0004819292838215254,0.00021601154878843215
9521,0,0.0014325369467493,0.002316759779272318,0.0013112971778391903
9522,0,0.000416619570551,0.0004525405018472254,0.0001881785862635661
9523,0,0.0002875347011976,0.00030878280039729506,0.000276989562345849
9524,0,0.000363674728211,0.0004480175659873918,0.00014212423953349808
9525,0,0.0015254249018051,0.0016922907653160678,0.0013821003092557627
9526,0,0.0006124426465158,0.0007841504484699408,0.0005044684720497955
9527,0,0.0014123663285669,0.0013730636972607054,0.0011171980869742854
9528,0,0.0021224791803101,0.002133485790586461,0.002022323067020904
9529,0,0.0018015987919104,0.002645184630559113,0.001119557689999873
9530,0,0.0004685053026483,0.00046352534155322093,0.0004011451739604717
9532,0,0.000480760993419,0.0005525330561025611,0.0002371828795052833
9533,0,0.0019703791181759,0.0022937254162031843,0.0013400098410582576
9534,0,0.0005295513147537,0.000550799413953395,0.000519006175901949
9536,0,0.000578213843138,0.0006099456492103754,0.0003507831265289743
9538,0,0.0005627872935548,0.0005632346903972754,0.00031269682050127603
9539,0,0.0004287203917694,0.0004237404306742709,0.00035057776897145674
9540,0,0.0035234553779063,0.0036799524528875766,0.003432650126036452
9541,0,0.0003191640202886,0.00029539847950107556,0.00022647185872909234
9542,0,0.0004225129650099,0.0005957309314320071,0.00027818072772016895
9543,0,0.0007026209045575,0.0008758388709795571,0.0005649882926697706
9544,0,0.0018270713497101,0.0021610110914686005,0.0011555162477926088
9545,0,0.001581509381964,0.0016889839854348622,0.001534573125586431
9547,0,0.0003713924818201,0.0004045848060904274,0.00029294828717413334
9548,0,0.0005196686762518,0.0006928866426739071,0.00036332385710656246
9549,0,0.0004679517013311,0.0004666678612112182,0.00040418033190365904
9550,0,0.0003806265303388,0.0003568609895512756,0.0002874420238726254
9551,0,0.0004269179252789,0.0004601102495492774,0.0003731264303532357
9552,0,0.000867618438982,0.0013108382232140461,0.0006031547199261687
9553,0,0.0008510130797301,0.0008435607674561071,0.0007583209181706423
9554,0,0.0005190805993672,0.0006870375407295533,0.0003464978133956463
9555,0,0.0024699256592158,0.0022315204378905505,0.0021547010676636886
9556,0,0.0004264205067516,0.00040265496596412554,0.00037289004335662695
9557,0,0.0021876713385315,0.0030151356251266817,0.0017373673014678584
9558,0,0.000449654583092,0.0006176115244543533,0.000288146519132469
9559,0,0.0007511424341362,0.0007596520283742754,0.0005206438750462538
9560,0,0.0007181287549265,0.0008860856962888534,0.0005495894832754755
9561,0,0.0008603916695592,0.0009481619510057744,0.0009174929913795947
9562,0,0.0051722918245763,0.005267125495971535,0.004903104700309899
9563,0,0.0008648872700513,0.0008001137516834387,0.0006020059367649392
9566,0,0.0008091801159054,0.0009771370572677534,0.0006313315281624274
9567,0,0.0005087941696377,0.0006192545312142122,0.0002962535522079892
9569,0,0.0005723839375953,0.0007542012102635034,0.0003919492584731014
9570,0,0.0030953181550447,0.003247215897955091,0.002912884884605211
9571,0,0.0034310573476718,0.0038411423113240434,0.0028263558888276734
9573,0,0.0015080292685819,0.0016864506367695441,0.0011854599913458715
9574,0,0.0011029724712238,0.0011012586358816676,0.0008523135058548358
9575,0,0.0007348788047228,0.0007331360627165649,0.0006173329031310225
9576,0,0.0040038951423186,0.004718083614476556,0.0025770651924623203
9577,1,0.0607701855715019,0.06364675265480327,0.042837082576513405
9578,0,0.0020796465830305,0.0031077529339956856,0.0010598880180336635
9581,0,0.001525035504827,0.0018408940289615558,0.0013503633229451331
9582,0,0.0009407425388062,0.0013258558095764295,0.0005044406266670721
9584,0,0.0024560576606902,0.0030596609943413077,0.0017465930257496009
9586,0,0.0002956383869197,0.0003386976844574266,0.00024749547635370114
9587,0,0.0022320231751097,0.0034232653307505858,0.0013676320998872243
9589,0,0.0003203832240197,0.0004883401653820534,0.0001574786803500999
9590,0,0.0003041581122749,0.0003472174098125766,0.0002560152017088511
9591,0,0.001437218326474,0.002040821660125058,0.0006274403795305441
9592,0,0.0004242306165816,0.0004674424888840754,0.00020152475385098214
9593,0,0.0025554098446702,0.0029980403175477953,0.0020619824427925934
9594,0,0.0013723370995909,0.002281776425639268,0.0008769737605939308
9596,0,0.0007517332200589,0.0010092333270583348,0.00046127115167198917
9597,0,0.0002969950394285,0.0003400543369662266,0.0002488521288625011
9598,0,0.0003869799285749,0.0004300392261125766,0.0003388370180088511
9599,0,0.0003164599457729,0.0003595192433105766,0.0002683170352068511
9600,0,0.0002687363673586,0.00025785513106986143,0.00018873802993539442
9601,0,0.0004729452716889,0.0005138407774923849,0.00018054402652565752
9602,0,0.00169314705385,0.0018693822567619055,0.001624971804384373
9603,0,0.0003745483625212,0.0004028077732675646,0.00036400322366949894
9605,0,0.0003476601707647,0.0004320030085410418,0.00012610968208714808
9607,0,0.0006056190346219,0.0010488388188538962,0.00036970427019232305
9608,0,0.0005195251055239,0.0005627369778263754,0.00030901971896298306
9609,0,0.0003086686237097,0.00047662556507205333,0.00014716055975016895
9610,0,0.0003930508593369,0.0004361101568746266,0.00034490794877090113
9611,0,0.0004037416832,0.0004880845209763418,0.00018219119452244807
9612,0,0.000509277881604,0.0006051164489766813,0.0004744815525992835
9613,0,0.0003113896286157,0.0003326377278153951,0.00030084448976394894
9616,0,0.0003192163298847,0.0003083350935959115,0.00023983889346343012
9617,0,0.0003318258764138,0.00030529865934360214,0.0002518275389905444
9618,0,0.0004491692735479,0.0005335121113242918,0.00022761878487039807
9620,0,0.0017105617356118,0.002427154692456015,0.0012832953672081756
9621,0,0.0005083091680373,0.0005978329222902349,0.0002606087299943506
9622,0,0.0008460246578204,0.0009979224007307412,0.0007027000652710129
9623,0,0.000669469785778,0.0008426877522001072,0.0005269996998269655
9624,0,0.0016620201129249,0.0024545165609680284,0.0011809028795312184
9625,0,0.0003638176248326,0.00040687692237032663,0.0003156747142666011
9626,0,0.0003984225735566,0.0005663795149189034,0.0002355180298869499
9627,0,0.0024932979570509,0.0030044456903675666,0.0016564314125855411
9628,0,0.0004106327606171,0.00042437776294581273,0.00036999827695294893
9629,0,0.000413660496754,0.0004274054990827127,0.0003730260130898489
9630,0,0.0008456882612988,0.0008092639544411203,0.0007900233407166413
9631,0,0.0004101982825841,0.0004979676202501418,0.0001879665863761971
9633,0,0.001394122798384,0.002249004425503563,0.0007544667147335205
9636,0,0.0005123848773422,0.00048585766027205217,0.0004828181806003398
9638,0,0.0011342933063431,0.0011234120700543615,0.0011047266096012398
9640,0,0.0008481556338259,0.0009363182729168418,0.0006359766064093917
9641,0,0.0012057548937711,0.0011948736574823615,0.001184807357321222
9642,0,0.0039209175185044,0.00491707306897295,0.0030528871153984267
9643,0,0.0020754602058297,0.0027355213518123938,0.0014121343602957657
9644,0,0.000718989291032,0.0007027435272046753,0.000452248028956629
9645,0,0.0006966144668144,0.0007178625660141452,0.0007310848292730729
9646,0,0.0044903426781624,0.004585176349557635,0.004174081933550447
9647,0,0.0007138448440673,0.000735092943266995,0.0007483152065259228
9648,0,0.0006327606873147,0.0007318815601715645,0.000790591367893089
9649,0,0.0020553710662995,0.0022079143813610908,0.0016703088600596044
9650,0,0.0008355371778442,0.0008363668699632254,0.0005929794258309566
9651,0,0.0015362827107568,0.0016714304898497697,0.00113969938239588
9652,0,0.0005780228790173,0.0005514956619471522,0.0005480139921087205
9653,0,0.0005929426430523,0.0007616593826352033,0.0003994166300501376
9654,1,0.8849041304471505,0.8711717317818094,0.8903126810357359
9656,0,0.0103157918898641,0.013258972744687993,0.007934324372449172
9659,0,0.0241784080089946,0.026217660802899723,0.019336322235885387
9660,1,0.9858333080306256,0.9874147786836288,0.987641751837943
9661,0,0.017979340560923,0.02241527613222486,0.014618015013126224
9662,0,0.0228226675598424,0.02554896452267076,0.02105037154102477
9664,1,0.9577470751777446,0.9577763848226903,0.9562022319082203
9665,1,0.9663779427206552,0.9628831029316236,0.9656076274818212
9666,0,0.2106322835938671,0.3166227072470533,0.18062962767112972
9668,1,0.9732443643768808,0.9714978189822152,0.9615034975795482
9670,0,0.0280637887283703,0.02729354450612987,0.027794668996534128
9671,0,0.0719499230125531,0.07533768848381778,0.08010540936248493
9672,0,0.0330145102071831,0.03861522132551076,0.03045039558939693
9675,0,0.0003868996920636,0.0004716406652420418,0.00016838602193180164
9676,0,0.0018205016709254,0.0024241050045765078,0.0010948740369834038
9677,0,0.0006831191601151,0.0006999567026982848,0.0006764477896475048
9678,0,0.0009625405965234,0.0008742999123927202,0.0008550592986682412
9679,0,0.0012200405465347,0.0012787272114843239,0.0013106996682318995
9680,0,0.0003502361678111,0.0005234541342332071,0.00021081207914318238
9681,0,0.0005704198881579,0.0005339955813002202,0.0005016415772492071
9682,0,0.0003552530398658,0.00033263052649513096,0.0001571262393051797
9683,0,0.0008716315734119,0.0012488537426375847,0.0005382505936395026
9684,0,0.0017135085467882,0.002949855836539236,0.0008942226056758743
9685,0,0.0013936277944724,0.002049840725614138,0.0007137719152826719
9686,0,0.0019350958343465,0.003013800494654136,0.0009469659743990452
9687,0,0.0003052944877734,0.0003483537853110766,0.0002571515772073511
9688,0,0.0004552768065284,0.0004984886788308755,0.00023257094379778215
9689,0,0.0010965901807012,0.0018378184419437288,0.0005856061348044612
9690,0,0.0021274465136986,0.003080233019958868,0.001182358814675467
9691,0,0.0003330526402784,0.0004926147851458071,0.00017506458143396895
9692,0,0.0004455226727429,0.0004887345450453254,0.00022281681001223215
9693,0,0.0002884655465015,0.00023469262043466019,0.0002153988394229979
9694,0,0.0006301639726903,0.0005763910466235102,0.0005976296806418735
9695,0,0.0003175614191379,0.00033130642146666275,0.00027692693547379894
9697,0,0.0005378642788658,0.0008459179563658693,0.0002554573803776707
9698,0,0.0009684245960042,0.0013757319486633795,0.0005663438040109374
9699,0,0.0087390471156985,0.008831476494948975,0.008611473602469465
9700,0,0.0003430674725167,0.0005026296173841571,0.00018473179323108343
9701,0,0.0017425497439233,0.0024704384892383652,0.0010787913089586737
9702,0,0.0003410226609714,0.0003301414246826615,0.0002610243235481944
9703,0,0.0005446862243089,0.0005878980966113254,0.0003235361810276661
9704,0,0.0006706205471542,0.0008990178984388906,0.00036249979967186525
9705,0,0.0004549397112288,0.0004981515835312754,0.0002389890608498743
9706,0,0.0003812226978301,0.0004655655356064918,0.0001596722091525981
9707,0,0.000412704024156,0.0004974449973344918,0.00019155167088059807
9708,0,0.0005007674343307,0.0005663022439734254,0.00030713972129202427
9710,0,0.0005960933668971,0.0006320142981933255,0.00037285177551192426
9711,0,0.0056779087091983,0.007819904379257357,0.004584688141720462
9712,0,0.0003481749884255,0.0006640335125600559,0.00016930726947819762
9714,0,0.0004587396332931,0.0004537596721980209,0.00038059701049520674
9715,0,0.0007164181602519,0.0007275391090271418,0.00042164578257324807
9716,0,0.0027022811968243,0.0036821022478258857,0.001778148886366865
9717,0,0.0011039439248576,0.0014292902000576295,0.000625880862580448
9720,0,0.0022438430681586,0.002847446401809708,0.0014124314099007666
9723,0,0.0005918788422226,0.0006087163848058349,0.0005852074717550547
9724,0,0.0010336705329306,0.0010071433158604021,0.0009718211062201615
9725,0,0.0041035219694794,0.0042547498866716054,0.004010339434294073
9726,0,0.0013190867792528,0.001297975318355235,0.0013148850817037002
9727,0,0.000436271882494,0.0005240412201600918,0.0002140401862861471
9728,0,0.0005806077816652,0.0006236670792028765,0.0005511875924495825
9729,0,0.0006469038705191,0.0006676787193487254,0.0004073403198511539
9730,0,0.0007759281718465,0.0009491461382686072,0.0006334580858954655
9731,0,0.0004839469819207,0.0006435091267881071,0.00032036601021067176
9732,0,0.00088489731355,0.0008455946822437554,0.0006532187982569219
9733,0,0.004186003757274,0.0043659897899164055,0.0041670129574387735
9734,0,0.0007093303546853,0.0009791136827187407,0.00041529934071174
9735,0,0.0007567316287379,0.0007470635625931763,0.0003628316818433142
9737,0,0.0026178521878542,0.0035226613753535554,0.0021566871216418568
9738,0,0.0021818723256986,0.002229339945611045,0.0022042575944428372
9739,0,0.0007666514010388,0.0008097106985765266,0.0007670981063896869
9740,0,0.000482394253784,0.0006615850010845534,0.0003032642734106273
9741,0,0.0005358396364334,0.0005570877356330951,0.000525294497581649
9743,0,0.0004737655955168,0.0004914797379573607,0.0005073774810917368
9744,0,0.002945767790625,0.0029379471254695755,0.002667709530865066
9745,0,0.0006603958424364,0.0006495146061476114,0.0006394483059864721
9746,0,0.0007186986249548,0.0006921714078846522,0.0006977510885049221
9747,0,0.001916520118707,0.00211161593495552,0.0018495371158887834
9748,0,0.0009430821064969,0.0010707828088020385,0.0006888340558259844
9749,0,0.0040496540330719,0.0043206303094994,0.003842378092241829
9752,0,0.0012855902867548,0.0013737529258457419,0.0010734112593382918
9753,0,0.0073088744221027,0.009028544257252163,0.007628653871793923
9754,0,0.0115083305444768,0.014280394475536029,0.009693945512205059
9755,0,0.0132621329809781,0.014091943345689518,0.010055128754291829
9756,0,0.0140381468347132,0.015204341937041583,0.007776586291117887
9757,0,0.026718495687054,0.03792048925825746,0.020702789693383013
9758,0,0.0267854070190369,0.03219267782162535,0.020605932167382136
9759,1,0.0650489127676639,0.07892034788763125,0.05139177540463853
9760,0,0.0004357354048082,0.00045344954724876066,0.00041624643884518057
9761,0,0.0006357022510173,0.0007075504885457762,0.0003292229912543028
9762,0,0.0017766770360598,0.0017402527292020703,0.0017436854943530806
9764,0,0.0022208045085657,0.0022760380700436256,0.002040473726654626
9766,0,0.0003313265452429,0.000415669383019288,0.00011241473970904788
9767,0,0.000291005090079,0.00045896203144135336,0.00013440517474128238
9768,0,0.0003638437281122,0.0003775887304409627,0.00032320924444809894
9769,0,0.0003331719000272,0.0004175147378035418,0.00011162141134964808
9771,0,0.0003501921550383,0.0004345349928146418,0.00012864166636074808
9773,0,0.0003341918227876,0.0004937539676550071,0.00017620376394316897
9774,0,0.0004758026863857,0.0004948648737238754,0.00022894713869078215
9775,0,0.00149470699139,0.0021195927473869522,0.0008214289677793722
9776,0,0.0004171596993179,0.0005019006724963418,0.00019600734604244808
9777,0,0.0005655183845758,0.0005262157532695554,0.00025872159899925314
9778,0,0.000934438113699,0.0013776578979310462,0.0006951946527710398
9780,0,0.0003396703908557,0.00042401322863209177,0.00011811990217819809
9781,0,0.0002714818349368,0.0002665018738417209,0.0001741133872435902
9782,0,0.0003820379043659,0.0006530141807934498,0.0002092739061373932
9783,0,0.0008498563618171,0.0011073564688165347,0.0004453272078716886
9784,0,0.0003049081028455,0.00047286504420780337,0.00014340003888591897
9786,0,0.0003903597889184,0.0004751007620968418,0.0001692074356429481
9787,0,0.0013869122628743,0.0013504879560166203,0.0013012419612033054
9788,0,0.0006503179856175,0.0008187707365976138,0.0004965555838339938
9789,0,0.0005219865589548,0.0005332210681540754,0.0002740585454726743
9790,0,0.0010327510946158,0.0012059690610379072,0.0008902810086647656
9792,0,0.000670990798432,0.0006576012626189254,0.00039843873993752427
9794,0,0.0014590838904942,0.0016170730772791138,0.0013498445859668792
9796,0,0.0004245320620009,0.00044578016120059503,0.0004216865582902009
9797,0,0.0005272227189861,0.0005702512957654254,0.00031108877308402426
9799,0,0.0004835628110552,0.0005112115240098224,0.0004596893435554859
9800,0,0.0003917661178997,0.0005513282627671571,0.00023377805905531895
9801,0,0.0008338717751771,0.0014152797847255644,0.0005433825838923759
9803,0,0.0008569164739744,0.0010081443911666055,0.0007637339387890727
9804,0,0.0008384435391135,0.0007846706130467102,0.0008077942278142561
9805,0,0.0003968957366575,0.00043995503419522663,0.000362898358305181
9806,0,0.0044308690302357,0.004394444723378021,0.004476615677076934
9807,0,0.1943046865428407,0.19495385344264474,0.1936767364934708
9808,0,0.0007496905474764,0.0006884984897921329,0.0005488712347693296
9809,0,0.0004625265458938,0.0007335028223213498,0.00029018867188664764
9810,0,0.001771319593828,0.0029195175849027356,0.0008953558361162585
9811,0,0.0005573157120065,0.0005293698838015255,0.00027235491870150917
9812,0,0.0004927910665953,0.0005805604042613918,0.00028021873775394164
9814,0,0.0008753258216829,0.0013205627006406926,0.0006358655790102379
9815,0,0.0005576888648001,0.0005327212166473534,0.00033760729937147864
9816,0,0.0010046429695203,0.0011725999108826535,0.0008321894361821893
9817,0,0.0030668410791724,0.003240059045594457,0.0029115633725040396
9818,0,0.0005505579939408,0.0005936172914784766,0.0004979038477536806
9819,0,0.0005531512184078,0.0005305287050371309,0.0003671500288612763
9821,0,0.0013264435733561,0.0013000037673826254,0.0011670244760340468
9823,1,0.9387736614494612,0.9309018087206336,0.9407082926470735
9824,0,0.0010040105640683,0.0009931293277795615,0.000947364859732665
9825,0,0.000693330130755,0.0008725208780556034,0.0005142001503816773
9826,0,0.0008535713887549,0.0007813350265093867,0.0008326238523049722
9827,0,0.0036922592713448,0.004199558889663,0.0029429058309386226
9828,0,0.0502490840199989,0.05062502897264105,0.048677491050850404
9829,0,0.0040434193178329,0.003945203598848976,0.002816751374012577
9830,0,0.0474068543070784,0.0714477123173535,0.07559259563555706
9831,1,0.952651051125112,0.9535511468924789,0.9535569175324572
9832,0,0.044342897130494,0.039536108355236924,0.036963755934515924
9833,0,0.1810457621747407,0.4102960085258406,0.17440667232985635
9834,0,0.1678924838728286,0.17058601124455988,0.05359718883943424
9836,0,0.0003824097510531,0.0003911326820240723,0.00032975560486603057
9838,0,0.001622645997749,0.002506868830272018,0.0013443642191147583
9839,0,0.0009180079024711,0.0013253152551302295,0.0004917955013730008
9840,0,0.0017530789184853,0.0018249271560138265,0.0014289136671775248
9841,0,0.0002645157363358,0.0003075750338735266,0.0002118615901487306
9842,0,0.0021443876440541,0.0026244956711798666,0.0018230121085201735
9843,0,0.0005911489335312,0.0006030375213646796,0.00036400763311107817
9844,0,0.0006910765885279,0.0008008126278214373,0.00041926675291745403
9845,0,0.0004330896922935,0.00044432420149277544,0.00017840646645968215
9846,0,0.0005661335099387,0.0010093532941706962,0.0005009209696849592
9848,0,0.001199362310079,0.0019686451158686127,0.0006527000195739293
9850,0,0.0048665332210337,0.0049761173822795305,0.004708855624287879
9851,0,0.0003187127406523,0.0004782748855197571,0.00016072468180791894
9852,0,0.0009321721193102,0.0010243191758827755,0.0007887548324937758
9853,0,0.0014300175053185,0.002033620838969608,0.0006224205167918161
9854,0,0.0002433219329057,0.00023244069661696145,0.00016332359548249445
9855,0,0.0019026117901843,0.0029813164504919358,0.0009942115179941175
9856,0,0.0003603770038524,0.0004447198416287418,0.00013882651517484808
9858,0,0.0016409744652901,0.0021210824924159165,0.0011079667536076432
9859,0,0.0003753652653196,0.0004597081030959418,0.0001538147766420481
9860,0,0.0003216815576564,0.0004948995240785072,0.00017734932036666894
9862,0,0.0004464762872056,0.000613342150716568,0.0003031516946562629
9863,0,0.0008371073151717,0.0011826293981666348,0.00044499646412937146
9864,0,0.001212872654826,0.0015437399290903348,0.0008642062772992871
9865,0,0.0003069445111093,0.00028041729403910213,0.00021811867521121642
9866,0,0.008733425589093,0.00870764331784227,0.008688402704117791
9868,0,0.0005872105243741,0.000564588011003431,0.0004090932075565659
9869,0,0.0005397693439837,0.0005756902752798754,0.00031652775259847425
9871,0,0.0027285617254315,0.003106133980315568,0.002795943524255263
9872,0,0.0005825134824344,0.0006672544556128418,0.00036136112915894806
9873,0,0.0026258829702563,0.003535322296304718,0.002353235338136689
9875,0,0.0003390595266558,0.0003340795655607209,0.0002430576081484426
9876,0,0.001608117858108,0.0020882258852337665,0.0012215736676139766
9877,0,0.0009193745174284,0.0008692342458871263,0.0004911884357714685
9878,0,0.0033148996456243,0.004027096633994888,0.002596314996528682
9879,0,0.0018780632329582,0.0025376506238381077,0.0010265924282301026
9880,0,0.0006473518350616,0.0006603370686419753,0.00041349972803963444
9881,0,0.0006505385487902,0.0007352795219686418,0.0004293861955147481
9882,0,0.0004699849578738,0.00045910372158506144,0.0004081355311634115
9883,0,0.0009202068720739,0.0010964420749857554,0.0008652515468691472
9884,0,0.0010608469975925,0.0010785611400330607,0.0010458692672505512
9885,0,0.0007564802698641,0.0007299530527939521,0.0006946308431537115
9886,0,0.0006533269098386,0.0007380678830170918,0.00042111530381351976
9888,0,0.0019151822205166,0.0027994050530396677,0.001851674803176839
9889,0,0.0004485900514367,0.0006081521963041071,0.00029060199259226894
9890,0,0.0003882107815682,0.000377617277349655,0.0002930242997591519
9891,0,0.0006445900653404,0.000665838164540145,0.0006790604277990729
9892,0,0.0026563459558642,0.003540568788387268,0.0026294354813648285
9894,0,0.0013893417529357,0.002105934709779965,0.0007316493832900085
9896,0,0.0009418075359015,0.0011488225618377567,0.0007479610623588316
9897,0,0.0004156513191057,0.0004999941568820918,0.00019749695629566271
9899,0,0.0009311319445932,0.0009430205324266295,0.0007593334861860275
9900,0,0.0005669094008279,0.0006546787384939418,0.00035433707198649167
9901,0,0.0004513614573435,0.0004944207548811766,0.0004288642184414305
9902,0,0.0013187569386672,0.0016346154628017059,0.0011034745680007908
9903,0,0.0012096679193377,0.0017815077776691226,0.0009785112899257159
9904,0,0.0007348412127677,0.0010058174891951998,0.0005301862767831039
9905,0,0.0013397845209658,0.0012744482763781253,0.0010186344579109642
9906,0,0.0032711020261198,0.004270634896396829,0.002303502870209201
9907,0,0.0690912985761245,0.034582563975923936,0.03228685377736848
9908,0,0.0108492284555712,0.013993664948198526,0.006169769255965412
9909,0,0.0014801302833202,0.0015077789962748725,0.0014431681538963122
9910,0,0.0003140616104441,0.0004872795768662071,0.00017463752177618238
9912,0,0.0002833970297745,0.0003264563273121766,0.00023116019464617624
9913,0,0.0022592848001782,0.0031936050734407678,0.0018229943821935976
9914,0,0.0003717095906135,0.0004564505637919418,0.00015319592048170164
9915,0,0.0003985350958748,0.000419783195074545,0.00038419719937975855
9918,0,0.0003273321936402,0.00033605512461112234,0.00027509535851187627
9919,0,0.0016869848305631,0.0021670928576888663,0.0008190785799068413
9920,0,0.0015075862304281,0.002441906503690668,0.0010232755737261726
9921,0,0.0004133768979081,0.00042461140710742544,0.00015869367207433215
9922,0,0.0014200373333477,0.002023640666998808,0.0005956205590785374
9923,0,0.0002636958340691,0.0003067551316067766,0.00021145899894077624
9924,0,0.0004442764816145,0.0004633386689526754,0.00019742093391958215
9925,0,0.0009241511058831,0.0011230713919001347,0.0004981110467067127
9926,0,0.000922010636464,0.0016815455292138286,0.00039474465074154327
9927,0,0.0004149738276531,0.0003941549809918703,0.00034295292671751863
9928,0,0.0002474901280469,0.00024079181324211145,0.00015963295826142355
9929,0,0.0004104854528061,0.0004952264259845918,0.00018933309953069808
9930,0,0.0003230381136128,0.0004909950549751534,0.00016153004965326897
9931,0,0.0004706806459493,0.0005580525226044849,0.00020280296456367202
9932,0,0.0005385877034287,0.0006160349130828424,0.0004991264423250681
9933,0,0.0046968593712511,0.004752092932729025,0.004532090040249514
9934,0,0.0002625218683595,0.0002837699675592451,0.0002481839718644585
9935,0,0.000335514356794,0.0003631630697486224,0.00028816820414018587
9936,0,0.0003645917757535,0.0005325487171158533,0.0002013459193351116
9937,0,0.0003833718883125,0.0004677147260888918,0.0001618213996349981
9938,0,0.0008989742218224,0.0009266229347770724,0.0008711336036746455
9940,0,0.2843660516027594,0.2844756357640052,0.28404625968986835
9942,0,0.0007095485377854,0.0007932896342954879,0.0005527443949520218
9943,0,0.0016212485177177,0.002277461448859438,0.0009032487198489239
9944,0,0.0004770959997765,0.0004939335423597348,0.00046569285234140197
9947,0,0.0003878172855223,0.000467235170278207,0.00038007461628460407
9948,0,0.0004103040340725,0.0004946468718488918,0.00018875354539499807
9950,0,0.0009840904013969,0.001241590508396335,0.0006225378902179432
9952,0,0.0035947375482475,0.005251908003745875,0.0032407562889834006
9953,0,0.000944753300635,0.0014029235619553888,0.00045010137782084
9954,0,0.000384345044026,0.0005439071888934571,0.0002260093647403834
9955,0,0.0002668141449174,0.00026011583011261146,0.00017950093700364882
9956,0,0.0002984319080498,0.00029173359324506144,0.00021111870013609883
9957,0,0.0003492389029342,0.00032689460734805216,0.0002619256950204988
9958,0,0.0005374666376183,0.0006252359752843418,0.0003070545300618946
9959,0,0.0004268180946186,0.0005863802394860571,0.00026883003577421894
9960,0,0.0015640537355862,0.0019062964286292823,0.0006874436575322627
9961,0,0.0006202872133903,0.0006488827543486141,0.0003549222854130539
9962,0,0.000803021762015,0.0009626810002656873,0.000598288987091451
9963,0,0.000608727250053,0.000924585774187556,0.000401859151031272
9964,0,0.0005691492429058,0.0008401255193332998,0.00038995538171997197
9966,0,0.0052710441622759,0.005402682878536733,0.004938284952411125
9967,0,0.0004982292493042,0.000577647134060107,0.0005240490250458584
9969,0,0.0004917901652458,0.0005795595029118418,0.0002792178364043916
9970,0,0.0018396291537881,0.0020084730008977387,0.0016746755014296958
9971,0,0.0031996628834273,0.002901212063843335,0.003329433902614111
9972,0,0.0006602678600451,0.0008657123260967551,0.00037637011667679724
9977,0,0.002375673689199,0.0023845932262973393,0.0037272414195512965
9979,0,0.0009748980531576,0.0013874658265376775,0.0007780510206610908
9980,0,0.0024424779929706,0.002861418767981038,0.0015630402014534393
9982,0,0.0024138927539338,0.002776453668685337,0.0015981253501748112
9984,0,0.005843154341207,0.005816079473684826,0.005649143503969724
9986,0,0.0028797841936661,0.003964943715634177,0.0013536533730038728
9987,0,0.0131041479487926,0.014979117684029316,0.011354300507749005
9988,0,0.024788873627035,0.02538235885680649,0.019557874531178417
9989,0,0.0594238542849136,0.08866762365480577,0.05177762019366443
9990,0,0.0004775383449386,0.0004966005322768254,0.00023068279724373214
9991,0,0.0002625769701952,0.00025587865539041145,0.00017471980040972352
9992,0,0.0006534849172217,0.0006222751806498202,0.0005710731263754686
9995,0,0.0006162722713784,0.0007875884009329016,0.0004852755739652594
9996,0,0.0016590344220249,0.0017683886971957695,0.0014787036401137758
9997,0,0.0004717255527187,0.0005244098094949141,0.00022487000502383216
9998,0,0.0003391894204959,0.00042353225827224177,0.00011763893181834808
9999,0,0.0005776908113909,0.0010209105956229462,0.00033926460894781224
10000,0,0.0003188661931782,0.00048682313454050336,0.00015735812921861895
