id,price
40000,1159.688989548055
40001,844.7113390534199
40002,7319.221541492242
40003,5164.9068451588355
40004,9129.088506782944
40005,7681.357595446534
40006,1459.4121796956624
40007,2981.568496157569
40008,554.548712072964
40009,2461.467516208758
40010,500.8374670057873
40011,1732.7470422306892
40012,7077.652750477576
40013,830.7085157433476
40014,646.1689451095463
40015,5424.162381917723
40016,6567.915791076163
40017,635.5296418745212
40018,2841.514192278015
40019,4397.383056099603
40020,2577.8875560631836
40021,3150.7354246919617
40022,13667.381159095043
40023,4751.3080878326755
40024,1014.4907970480691
40025,15023.62139454524
40026,10205.075883528498
40027,2005.6010694490515
40028,603.6908409881954
40029,668.661324243981
40030,4350.421787312255
40031,6359.374949060655
40032,1198.5645153625183
40033,6565.065502201605
40034,2910.7415419347108
40035,5624.191402932172
40036,835.0304591020392
40037,5093.9480095122135
40038,8351.012467531633
40039,4351.038424728622
40040,5007.060207038765
40041,6711.229170430702
40042,5496.9834713751325
40043,5708.490935375175
40044,1326.3202678307498
40045,5710.24782225112
40046,4208.4307703926015
40047,889.2689992831347
40048,2425.9194406678016
40049,11850.029935773578
40050,979.522688092699
40051,1051.0719425191648
40052,7367.527329023323
40053,1289.5018100907662
40054,5143.689620392366
40055,845.9576153553191
40056,11361.5124475192
40057,7107.924343268594
40058,6702.907413056304
40059,1864.6149083724347
40060,958.7342185132838
40061,755.8659576811024
40062,899.6496031355786
40063,1958.1571328035104
40064,4445.862732585606
40065,5789.0907526159435
40066,3335.9692814116197
40067,3579.1551902644205
40068,13211.311642591629
40069,5542.595945900281
40070,488.7670334233904
40071,1087.8847364430878
40072,1437.0133714023873
40073,986.4456951421168
40074,787.6902765003683
40075,944.5518174132724
40076,10299.429494416407
40077,2311.589920495588
40078,10753.51866277323
40079,7691.577881975413
40080,4008.933142878688
40081,17080.862970566224
40082,457.33017261239934
40083,4628.149897443827
40084,1739.2025554371573
40085,7020.898585353478
40086,7434.699986716199
40087,2481.46384879531
40088,1204.3733179495598
40089,2586.984351268515
40090,6810.940591929878
40091,14660.955824805189
40092,8339.858377172786
40093,685.9581994231268
40094,2152.4080172583176
40095,826.4045006512661
40096,5176.1612682890955
40097,6127.855245781325
40098,708.1882348524954
40099,4322.813033279547
40100,17033.199380009657
40101,1493.226671452114
40102,948.2897384709074
40103,703.688681360236
40104,11689.842377261735
40105,1843.368434521624
40106,636.1377757171991
40107,15972.093905711854
40108,6622.060643820298
40109,2585.010887514326
40110,6535.050452735136
40111,871.2170352080461
40112,9475.969440181892
40113,2405.190151532826
40114,861.7231037490022
40115,9017.412042294573
40116,2568.9428430953712
40117,693.8289604708781
40118,6976.910062707768
40119,11515.527394817002
40120,638.7931885090774
40121,579.5993979394377
40122,2189.0075898039636
40123,6295.2846258741765
40124,1029.5127525228156
40125,661.054254929466
40126,1920.0960946390114
40127,1232.6260180610648
40128,765.4688180189306
40129,1182.8943462962736
40130,614.5180992582301
40131,859.1435743940953
40132,3275.4258222425433
40133,2076.767259309049
40134,1036.3740116255326
40135,1092.816191829
40136,1164.8313765263597
40137,421.3764379547692
40138,648.3686364506907
40139,12300.34841911576
40140,1622.7859019586197
40141,13526.805187490803
40142,1207.6868374140745
40143,3150.724342537329
40144,13994.596830579749
40145,2270.9295105110605
40146,1238.2753993021088
40147,3825.6509183888966
40148,13873.483219670401
40149,746.5231819385775
40150,2422.1956254878137
40151,2623.0567541828136
40152,15620.37936569428
40153,4766.359802942481
40154,3383.237843723654
40155,10895.330694618247
40156,2601.9025229361714
40157,3816.692342735955
40158,2067.93619213901
40159,1652.923371990719
40160,7235.098519212332
40161,833.7585490003727
40162,5027.911381585759
40163,2289.284801512134
40164,1173.9590155615654
40165,2371.281260592038
40166,1082.6325804696353
40167,1774.0113479099628
40168,3033.320564803015
40169,4975.356454686653
40170,4881.386415225183
40171,695.7277355681637
40172,1026.718754448044
40173,733.8844544132733
40174,4553.075582657087
40175,865.8640554949136
40176,8721.133367696666
40177,2473.411587232319
40178,5821.489100028627
40179,14031.893422355079
40180,1131.111121516964
40181,888.2626601749529
40182,964.6423662028453
40183,794.5312618865527
40184,3093.7967176145194
40185,832.3098317832874
40186,508.6568186178742
40187,6602.612084005996
40188,3962.3488710496913
40189,1735.4589801278598
40190,1344.445581747984
40191,830.1244942534781
40192,1974.169868220774
40193,4358.078883692529
40194,1284.7324078381864
40195,17847.064409852668
40196,15811.917692667104
40197,4112.053184766942
40198,397.6584102757099
40199,1659.6321729178708
40200,1349.0710836362316
40201,1711.2470910764025
40202,1678.0585509100085
40203,14907.176529476921
40204,9154.006003907822
40205,2266.4284844836293
40206,1842.1256786985887
40207,1097.8230936989548
40208,5805.612737487834
40209,5978.8085994602025
40210,16180.40446740491
40211,712.453298389681
40212,3954.271848358545
40213,2424.849361715451
40214,6419.875196945303
40215,1107.9812060305658
40216,955.3416050031074
40217,939.8388808666709
40218,2407.9522427249017
40219,748.5459466043409
40220,871.3276870401578
40221,1173.4005046784507
40222,611.2254639389877
40223,5515.8419617961545
40224,970.8254085983789
40225,8230.675525156914
40226,2762.701088187051
40227,2704.4916449513253
40228,1106.3422896868526
40229,2484.656589125094
40230,6395.051917941792
40231,1933.0551342434173
40232,11494.210098882038
40233,4060.2228754074263
40234,1796.9524717971863
40235,13962.04482330868
40236,955.7495057472992
40237,826.8666420397062
40238,3523.9319099390195
40239,3119.65566155666
40240,1017.9079738124777
40241,495.9940331302566
40242,7002.181249867607
40243,6528.41502978305
40244,809.5061776508961
40245,2370.777784436614
40246,2880.6369415990866
40247,7815.587995038954
40248,2127.7740278963806
40249,1051.3990073799123
40250,6969.057183956056
40251,4345.258725448007
40252,16955.332149037917
40253,3809.3589241541354
40254,5313.754548856209
40255,6538.814215297381
40256,673.653581363197
40257,1269.107048145394
40258,5404.235139230014
40259,2288.2727552166393
40260,413.40547917407713
40261,8800.750330740768
40262,855.3464326275598
40263,1905.9389373958315
40264,7050.090530648734
40265,1844.8069903449948
40266,6291.8210188214525
40267,4914.764197913363
40268,5718.141034646341
40269,4233.857700577794
40270,1060.0517983096238
40271,600.9336552066559
40272,743.8798777599336
40273,839.556956728944
40274,1011.2061309150043
40275,6859.226457936255
40276,2399.9809333770995
40277,592.3771961085024
40278,717.7629844527532
40279,4324.09337184686
40280,3006.847075650866
40281,8094.7414784953235
40282,541.5562649670418
40283,1950.1676027075903
40284,859.8459728711745
40285,926.3096081269565
40286,1142.4176886151083
40287,3728.343767100239
40288,673.2527495864562
40289,999.4159870783344
40290,886.6473447545003
40291,517.8710147046496
40292,6346.749220041403
40293,3968.9914958067425
40294,11322.20572545506
40295,927.7553873743653
40296,6585.008160864098
40297,17470.73411912519
40298,798.0597474213401
40299,695.0627449949469
40300,8411.581857561941
40301,3096.047932334629
40302,5203.9338220684385
40303,2730.4568339737725
40304,1247.215642892358
40305,1459.821221153629
40306,4812.3324088091995
40307,2729.9204029543107
40308,1619.355217723462
40309,417.28596992859997
40310,923.778642480914
40311,1078.7697795141676
40312,10521.703106363379
40313,5597.083387606716
40314,1560.4655430550686
40315,2069.950589604816
40316,9906.408709690075
40317,3803.1602220132972
40318,703.9263113008807
40319,10694.249541917523
40320,3053.019166815169
40321,713.465292032407
40322,4604.440355059407
40323,625.118130393638
40324,13132.005521495304
40325,11969.27416501467
40326,5572.183405266988
40327,793.5788641677451
40328,508.1526294731605
40329,624.9851713292052
40330,805.8649555054801
40331,13758.040454714486
40332,702.1680282094712
40333,12179.731570514276
40334,588.6580366895554
40335,633.9186398973868
40336,1369.9419288813706
40337,6033.324307887288
40338,5926.754424690251
40339,1765.7831070674386
40340,2446.7446949328005
40341,1013.1814766051184
40342,3953.6640478662025
40343,840.7870317837087
40344,4182.110275117127
40345,699.9029226017688
40346,1010.5080709010188
40347,7907.904226772018
40348,6048.081986507354
40349,3521.52771865929
40350,645.1436587132572
40351,764.3501156397947
40352,3081.384826587364
40353,11458.011648372107
40354,766.529413570735
40355,17095.78411578868
40356,1052.4381263359537
40357,14781.22509362914
40358,14586.042192082225
40359,6930.6405091215365
40360,3472.431768415826
40361,1275.8012878776765
40362,7301.626289541556
40363,1097.9321479541445
40364,15362.554640879922
40365,954.6681735520589
40366,1422.5747762713088
40367,1594.715026130123
40368,9402.659529456587
40369,473.8171248078665
40370,2667.001386466025
40371,877.5356561809681
40372,11812.282789516557
40373,6172.635101073652
40374,721.1167774774389
40375,806.8557808325263
40376,871.6101513266202
40377,1744.9794243607928
40378,460.30775997119434
40379,961.5057472643598
40380,2341.5154539006194
40381,6579.819841711074
40382,517.6687196467329
40383,628.4704532427857
40384,2458.3260977633786
40385,691.3664154696895
40386,1641.5550659824612
40387,4383.045180838829
40388,6045.2380379030365
40389,10666.84393951486
40390,13216.895372008868
40391,891.0699087247111
40392,1166.5581373445407
40393,666.591545300334
40394,12801.117174440731
40395,1147.913096911792
40396,494.38542925337083
40397,3808.553891867527
40398,8628.413357269774
40399,5223.062765743258
40400,854.5929906142843
40401,1250.4259664819451
40402,11189.197735956828
40403,5638.08687693887
40404,2735.8953662222507
40405,16956.082612427253
40406,4497.280869728525
40407,6152.122401586483
40408,415.5988924388883
40409,8539.677771152607
40410,14250.970027417514
40411,4720.430385530997
40412,1173.62202657948
40413,2349.95429341246
40414,672.8896783761908
40415,3295.9954911380837
40416,4153.927777611139
40417,4193.1876733250065
40418,766.1155702127892
40419,471.2846304795063
40420,14396.861334503208
40421,14208.355617533629
40422,728.6839844477782
40423,2402.7073051919324
40424,1790.5533689225692
40425,2552.702230945011
40426,4358.3336137474425
40427,941.2596114766766
40428,12096.999506967812
40429,6966.167382802951
40430,530.1932780206967
40431,1782.7204412886956
40432,386.1760741417916
40433,1182.6217607349454
40434,995.5868570541488
40435,660.5538827773953
40436,6388.2181563397235
40437,715.6227371675863
40438,16824.27738482177
40439,663.6576784021364
40440,3277.211721668926
40441,1092.511641209868
40442,1965.1904708057355
40443,5927.803631303511
40444,3033.1965500258084
40445,4761.700207669282
40446,1000.8122671400209
40447,4676.573488928406
40448,8578.964579242758
40449,1004.567411095923
40450,2212.7359061155225
40451,4226.808404881505
40452,17095.68519316588
40453,738.4666705025128
40454,2031.8722729442793
40455,1421.5118729792237
40456,5945.682062294909
40457,460.76842818548124
40458,3507.2917253025125
40459,3904.8125170956814
40460,4003.3913428917085
40461,14071.397078447022
40462,1402.9244607354933
40463,7629.92641481361
40464,4412.514137829443
40465,865.0813184217742
40466,518.478984041758
40467,3940.8088999605247
40468,5165.930195717012
40469,2859.5658522278923
40470,1813.6415860722554
40471,5770.381039033574
40472,6127.597997571357
40473,1264.5406238804185
40474,1862.6176944767597
40475,14029.839559102542
40476,15270.223234528787
40477,712.7614151095956
40478,5432.249369481118
40479,1109.6994773595625
40480,2892.0341030920613
40481,774.4556734617199
40482,4141.062445207969
40483,4577.246155666064
40484,6244.707255687869
40485,3818.350897272385
40486,3176.0792485840902
40487,14704.892720268748
40488,1427.2962486168742
40489,1149.3356612301243
40490,2219.7639800009442
40491,1649.8161975578735
40492,5022.248701776067
40493,7282.6110160592
40494,13784.498763586806
40495,6248.595400062464
40496,541.8004577030953
40497,590.4453489743274
40498,4197.635748461838
40499,588.0307774342509
40500,3863.743059769513
40501,1376.396775338008
40502,16139.64433431041
40503,8481.136481579522
40504,575.4707506530764
40505,2871.366717361849
40506,873.2390611447729
40507,503.14299690364345
40508,1088.5561718907716
40509,917.8104839747623
40510,1825.27319342437
40511,819.369007014375
40512,12405.853153666492
40513,681.6842957651189
40514,1034.9851066173128
40515,14336.49272907613
40516,4642.247571317716
40517,1148.4674005157165
40518,643.0911538814273
40519,15744.240006402117
40520,1646.721222319568
40521,14384.745454494956
40522,3163.3992185347893
40523,763.7754418560343
40524,622.7568315919724
40525,4305.041700365877
40526,11281.570651054995
40527,10341.115118973665
40528,1547.5296853989016
40529,696.9470443859541
40530,3585.0193629392897
40531,932.6068418851396
40532,8397.179321863077
40533,870.8964588482002
40534,787.9073509216612
40535,4699.739212052603
40536,1837.808489157739
40537,818.5241220818192
40538,8128.392600515
40539,6642.700537080433
40540,1016.5132907122454
40541,13291.275941724665
40542,1095.962156609843
40543,4314.010243241245
40544,4211.954442842521
40545,2620.767947622338
40546,3653.0152181766694
40547,4629.279901446376
40548,8391.047251714088
40549,1043.5248420067119
40550,1033.9454308586692
40551,13532.977950486493
40552,11260.44228872113
40553,1594.714201353955
40554,4836.416283831183
40555,1114.7247154757501
40556,9720.562332264524
40557,6746.732669028328
40558,9422.322655385826
40559,13166.6597361298
40560,10820.948210023078
40561,5094.406391056787
40562,3748.219922247265
40563,14052.537026909076
40564,5323.803670012094
40565,696.1890760627772
40566,880.8488353947539
40567,5647.924896923011
40568,8815.348796989027
40569,6233.127928205433
40570,606.2737012701252
40571,9536.55661011318
40572,3429.4070056641085
40573,2986.521607935732
40574,770.898197277744
40575,943.5883100761132
40576,5768.786571828755
40577,3780.773133804978
40578,4681.540608192019
40579,4184.444862252498
40580,667.6871347478526
40581,2401.280624952291
40582,1772.9690502789424
40583,1893.8219193634986
40584,8638.967066140103
40585,5388.696567268892
40586,2710.3706177270083
40587,7298.823121404264
40588,4533.860028672364
40589,3518.2875189983315
40590,4522.4218442606025
40591,7616.675177867843
40592,2916.524077666058
40593,9575.957854580709
40594,1811.9283484175965
40595,12213.63239846575
40596,5144.05914865784
40597,1866.293916279077
40598,765.6922235741539
40599,692.5792532888677
40600,3425.6114194729275
40601,5046.037986566
40602,10616.889578557308
40603,3371.227185536725
40604,1371.2210967480935
40605,492.405870908435
40606,2392.784215802298
40607,757.2324973431221
40608,746.5415776824293
40609,4310.605461683824
40610,1374.7966025587752
40611,11287.153912822021
40612,842.8434277289048
40613,11529.468128466513
40614,678.3429790634297
40615,5761.7265821224155
40616,1712.892014197474
40617,405.5949198867746
40618,1031.489584188494
40619,5977.740050633137
40620,1476.7096985988978
40621,4663.89163388722
40622,579.3240742648923
40623,5228.186035331778
40624,520.0088945964008
40625,1809.088985629883
40626,718.9538301356828
40627,3954.422253119361
40628,1084.6681671228196
40629,959.8350798723696
40630,6357.777172268952
40631,10144.983491952778
40632,3893.8119795470634
40633,12285.096135380658
40634,719.7552217189126
40635,7394.11734703799
40636,658.2845595411768
40637,1811.881894038904
40638,790.734837939468
40639,5170.096556833784
40640,4512.42468415168
40641,1937.3336696174672
40642,3744.547042957165
40643,701.9906492386245
40644,3578.986115769706
40645,606.508336723704
40646,2894.5802267424388
40647,5733.587153722995
40648,9779.736696877111
40649,15708.074959779811
40650,699.7885915513237
40651,11580.525951066515
40652,1169.091381864644
40653,1090.9258241192101
40654,553.7058182281504
40655,11877.418832016787
40656,2077.7163218371034
40657,3688.7607171029217
40658,2006.034835848209
40659,632.5105538747523
40660,9592.476148646958
40661,2512.3352436868176
40662,6373.957906650285
40663,2292.8248406803764
40664,5540.834940845345
40665,1725.0937390238437
40666,677.8284302076974
40667,13446.687479745366
40668,15599.944130972579
40669,7447.974058720349
40670,668.0244831297041
40671,1894.201752454579
40672,8923.677689974942
40673,6897.397393468619
40674,2214.2239461891027
40675,2120.2896850078096
40676,11815.118211579294
40677,772.6096210078485
40678,678.3783187265171
40679,514.1426362350886
40680,6770.482966320598
40681,2059.8401562296517
40682,2356.1717457770483
40683,823.2362063783197
40684,4986.994240663279
40685,680.2943356082806
40686,3501.1131425919725
40687,7153.982150900971
40688,15795.347541612398
40689,701.9194493158898
40690,3187.8668318915597
40691,511.1768552764835
40692,964.6531609576642
40693,929.4595848880033
40694,2810.4080312599344
40695,12575.505891879215
40696,508.4887409974861
40697,509.40120314450786
40698,4605.07500007586
40699,9171.99898833309
40700,3854.9407481150447
40701,1521.351928763756
40702,8941.135472346705
40703,1309.0704087703102
40704,5856.472909262112
40705,1580.871971987519
40706,13888.100449086065
40707,1269.3829133186257
40708,8179.357370235262
40709,3409.808661805271
40710,2232.1875912279024
40711,1419.4920497084443
40712,734.1195501017532
40713,1179.5357446906928
40714,10454.235068203068
40715,704.6872159986045
40716,950.2385916143892
40717,2587.5324264610076
40718,1753.0104794261185
40719,4050.4711648936413
40720,1657.0205263224334
40721,4762.257720127548
40722,651.9273815365505
40723,1606.3652173518583
40724,4326.15748493785
40725,1136.7015872724983
40726,457.02108543469893
40727,2443.730045680578
40728,4670.710188007383
40729,6388.460054207491
40730,431.9114071840038
40731,7794.458910070475
40732,7731.406615866742
40733,946.6427806695892
40734,1663.358907364902
40735,7310.89058945117
40736,1289.0215672433833
40737,7005.7945572452
40738,879.8655220902895
40739,1235.1977976808548
40740,2604.315248854886
40741,14974.13467042248
40742,13465.96444290423
40743,11046.152311617985
40744,1909.1540885642269
40745,4205.4865783292025
40746,3275.437799617366
40747,11704.011706141588
40748,468.6748703594432
40749,5075.250266383385
40750,11174.30223509493
40751,6964.347891644418
40752,2167.5222327996316
40753,3344.232313423792
40754,1793.2652430115554
40755,833.5263234421362
40756,826.7218124947882
40757,4601.213867753179
40758,7577.693495620737
40759,1068.6329595235125
40760,1301.9481036577808
40761,14991.819806113568
40762,2034.3591162059747
40763,10190.999413135558
40764,5126.130509744296
40765,608.6089688555976
40766,4315.954713847177
40767,15913.774126165916
40768,1064.9687622507795
40769,8979.188871267228
40770,5978.736428719402
40771,1885.0139314338478
40772,4564.412315097778
40773,811.3849283663
40774,1942.6975283194915
40775,2812.561852749478
40776,8568.206386373917
40777,441.4495205027425
40778,2028.8093760615782
40779,1030.7931715974662
40780,685.6481551622484
40781,9204.717818261764
40782,858.3791674580183
40783,903.1564042462513
40784,1024.8766862541293
40785,5592.728857098401
40786,2291.9202903097967
40787,1280.687161393361
40788,1196.1504850734013
40789,3104.3272389892663
40790,1653.0974297508585
40791,426.8101813708127
40792,970.0907691772662
40793,6916.152194037423
40794,618.4975140257761
40795,5998.455406467278
40796,737.1636436173801
40797,12089.77465998155
40798,2470.3571290633536
40799,1033.6690316979284
40800,1795.0003917707377
40801,456.1809755047916
40802,1321.6951918088077
40803,418.6556567961413
40804,5204.240721635991
40805,901.7026157267728
40806,4861.380799324518
40807,1737.4440339146458
40808,998.897570893617
40809,1074.3245387612699
40810,903.5432674464397
40811,5526.799986569793
40812,8901.304797929079
40813,7533.566823498107
40814,11699.79690444129
40815,1448.7489825706573
40816,1850.118865367134
40817,2033.4417620426589
40818,15093.40245423591
40819,1345.4634570527608
40820,889.0632905460901
40821,828.694530001964
40822,513.9650071782031
40823,5152.4716109555975
40824,3705.841930263073
40825,4561.178686937328
40826,4399.031223955241
40827,3440.7846195716966
40828,3369.443918605785
40829,3844.0573521330944
40830,8164.451790724176
40831,12048.303835031891
40832,7260.840358269676
40833,2470.4621677258488
40834,2283.790635955689
40835,13949.19397347631
40836,2378.288503608104
40837,3023.8535870899136
40838,3262.0074582292204
40839,12162.80446413878
40840,1971.2318645869857
40841,2584.4478438198316
40842,820.6061774710163
40843,713.1677636689434
40844,1328.9765270776184
40845,10197.546283174128
40846,805.7147841577615
40847,994.8410094739232
40848,4824.124007138329
40849,3216.741209391265
40850,1671.091934208273
40851,517.1488564046143
40852,2394.022302475657
40853,1091.6557322128313
40854,432.82863079116424
40855,1908.0594190976788
40856,1882.2181961513413
40857,14697.850501294059
40858,15502.879703079278
40859,2728.865198802138
40860,619.6932988934326
40861,1688.9724333147217
40862,4734.464749187834
40863,2421.0363570217974
40864,6757.148382874927
40865,2291.1842425808272
40866,3046.016405348104
40867,1109.2210136937065
40868,1383.3335109845543
40869,11859.39382527363
40870,13383.032376399578
40871,5257.556995682413
40872,1251.693493375988
40873,405.1865374438305
40874,404.9238261499251
40875,618.4490566388399
40876,731.9340049527137
40877,2480.1026007140813
40878,9842.453845681179
40879,2879.2492082731565
40880,1583.316998575938
40881,747.1168059675837
40882,6197.071904385337
40883,1725.1347936319446
40884,7791.744611183334
40885,1837.0203898410448
40886,7441.314358366308
40887,4428.628412773525
40888,13330.654787085978
40889,2140.2628740130767
40890,903.6600378039471
40891,5275.319339323815
40892,654.9086678836752
40893,930.1574158568142
40894,6029.102594124661
40895,18094.98365380234
40896,11958.13349869042
40897,1263.1661265731454
40898,4995.871722411747
40899,5230.240517543413
40900,3615.145241317525
40901,3987.4520981486007
40902,4655.228272105049
40903,762.9599255487691
40904,5953.331560866938
40905,7892.9448601777995
40906,987.2524943729996
40907,15291.204763338274
40908,529.3163393929032
40909,679.9173812920809
40910,4460.809951606776
40911,6361.188966094408
40912,10043.31940843134
40913,3222.6907929063154
40914,1677.1903229925615
40915,1716.3832113756207
40916,738.3603221632181
40917,4731.059997935257
40918,3980.5119169928316
40919,3626.6811318789746
40920,1212.0374217607493
40921,666.7948517085906
40922,2427.2414746555605
40923,1912.12041065512
40924,621.433431328981
40925,3696.6336843977806
40926,857.3804271596528
40927,3932.346548072039
40928,887.4292973155412
40929,4753.773697030459
40930,633.6194843576425
40931,5295.785337657931
40932,669.9014048238276
40933,878.1520553884393
40934,753.6986110308892
40935,5138.356933216183
40936,4049.829345092012
40937,2345.264402094208
40938,430.26330280667617
40939,6734.755156051593
40940,1696.5218364548966
40941,1775.1602816665777
40942,2258.808604733694
40943,2407.579236074304
40944,892.5974335327035
40945,2357.382029186734
40946,509.7029985701705
40947,7020.041566395229
40948,3420.736333608463
40949,405.64677816772075
40950,1119.5817339624475
40951,2774.819581446685
40952,13486.142302495024
40953,12747.232171852442
40954,7862.99204542087
40955,4976.94165120454
40956,3336.9471508530096
40957,452.81520232101144
40958,4744.0709454908365
40959,4987.677270181313
40960,954.20249635524
40961,7088.786300574848
40962,559.8948571583952
40963,2667.0665923239103
40964,5445.771107789145
40965,3537.188373351538
40966,3728.352869093246
40967,993.5249720757398
40968,2500.7027686194483
40969,3838.383016213623
40970,1992.4227546513414
40971,5413.873713033348
40972,3675.1230137559237
40973,994.4413365694805
40974,4751.699814987537
40975,5976.180017883975
40976,905.0692675532752
40977,4412.574780897954
40978,6699.740918074366
40979,965.9172938558648
40980,10545.717454230502
40981,4938.674985760768
40982,1286.6585327885666
40983,10034.817738002403
40984,12161.432478772584
40985,613.8436865656311
40986,4700.327913602011
40987,885.1114467344748
40988,2821.8238582795407
40989,1392.3648073600216
40990,3020.521935856486
40991,665.0475194347239
40992,1100.594896973159
40993,11360.808043943161
40994,9612.219984133937
40995,5846.710107732383
40996,1029.178832213528
40997,735.6989032813749
40998,9390.838053168789
40999,1133.2695358995175
41000,11687.071194820206
41001,3689.0248905382437
41002,2647.36183537012
41003,3815.498740053309
41004,565.3738947732281
41005,4964.171568072727
41006,4226.636856193467
41007,590.8668789001202
41008,5960.600750753037
41009,1188.5886404529272
41010,1665.0223256725506
41011,619.8066124116796
41012,5752.951792549969
41013,1055.978552051107
41014,2641.582417482633
41015,4199.730754744002
41016,3896.1788673292453
41017,840.6297161520895
41018,1793.8159950314498
41019,684.2546816962891
41020,3420.2220828432096
41021,3682.3442875417504
41022,1004.2800541126526
41023,2678.435896735925
41024,497.2305101273325
41025,460.63591002083274
41026,7876.425770677281
41027,2533.0592053642845
41028,12860.958832329401
41029,1317.128446115848
41030,946.192414371196
41031,2519.204996547606
41032,577.6946887104276
41033,2458.0719889801444
41034,4838.54506475688
41035,579.5957816116647
41036,2086.226332685208
41037,12049.651765727933
41038,1631.455792348079
41039,3397.913650689034
41040,3906.775616007351
41041,805.4196066179311
41042,16383.916880214776
41043,1481.9485094913803
41044,1583.9480048952
41045,856.3538375874334
41046,3924.525594020984
41047,6429.792838783711
41048,710.9919808650819
41049,809.848433974394
41050,479.4137654081055
41051,3789.736517211662
41052,1470.6912789192793
41053,11328.717346846184
41054,5328.868169576958
41055,1706.2214124424704
41056,572.0003619874968
41057,12808.847355066619
41058,4257.722435471762
41059,2768.0774829953216
41060,12511.045988075559
41061,5936.860658933376
41062,729.9160791811569
41063,9710.374899173617
41064,7108.341796230467
41065,3113.4484582882124
41066,4623.09221198436
41067,7646.103002351459
41068,842.4930594320268
41069,804.1249722471214
41070,718.9118212575833
41071,456.84689100221544
41072,886.9733763127539
41073,2771.7730939235503
41074,2903.5808463903895
41075,16092.098023839857
41076,1504.6333084344606
41077,1346.9262792569307
41078,6595.996501180155
41079,633.6742168072834
41080,913.7992362253705
41081,6103.729072090862
41082,684.3546892007715
41083,1896.2378678287832
41084,3471.2867785489116
41085,15411.545459666078
41086,5541.682103816326
41087,6139.914367016039
41088,4366.327001266031
41089,886.8795267617813
41090,4818.538021844609
41091,1315.656694325481
41092,9078.077055355976
41093,3832.4554239443723
41094,15277.853828962567
41095,569.4945232771865
41096,1522.2699287720752
41097,3499.6503158682453
41098,9158.222801293125
41099,3458.3458418070572
41100,874.5727731878462
41101,580.4686177954419
41102,1228.7972423376204
41103,5984.947423313664
41104,849.4844648101043
41105,521.598676863506
41106,1585.288534456402
41107,13792.342632531747
41108,925.0777486081382
41109,14278.845586135934
41110,7547.707269482244
41111,577.6572720243848
41112,1594.6232869893704
41113,11370.668834818674
41114,15036.950072005846
41115,2332.700898630028
41116,959.8894282380924
41117,4005.045071693211
41118,2820.0469300865843
41119,430.100175695862
41120,3184.4943960150035
41121,1365.9140813281338
41122,1817.9447217230622
41123,4971.40011744742
41124,7083.091501466531
41125,620.6085351383033
41126,3077.171192312341
41127,3292.8540278741903
41128,7772.218192480071
41129,1047.8621001651516
41130,9720.951807111876
41131,5948.893247220974
41132,11419.047715759809
41133,975.0704726124333
41134,716.1557639689391
41135,11031.709243640391
41136,2300.52503770922
41137,615.3695627066301
41138,718.9323782586691
41139,16230.745273952727
41140,5269.33311492416
41141,5011.003078695345
41142,8938.567898892485
41143,7365.198487721294
41144,1341.5743441327945
41145,471.89978220611863
41146,14461.547553471693
41147,1601.9880678095521
41148,718.0067763242137
41149,793.5144900560504
41150,11928.201248280502
41151,6491.31839796987
41152,14745.720571509903
41153,573.4530201813232
41154,2791.7532625014314
41155,499.02130633692525
41156,10374.622379209442
41157,5038.321174786867
41158,7391.098982859582
41159,8244.064426976895
41160,1166.2648562534173
41161,4503.978723837606
41162,625.8798110842914
41163,4542.675638006055
41164,2929.546984549667
41165,1617.2751988210455
41166,787.8439290590823
41167,6355.188511519453
41168,728.9858091559005
41169,974.1107492249216
41170,1202.3989305481791
41171,658.3447387346455
41172,2413.7261546767227
41173,494.7251568015591
41174,888.8098040246402
41175,15536.998047976349
41176,12661.6479040531
41177,1032.3943463641117
41178,15092.753860172166
41179,4106.454065523499
41180,511.46655289276714
41181,8796.738003571749
41182,848.8660031896358
41183,4592.022511519761
41184,3338.75793526258
41185,1336.378285914752
41186,922.2129362578162
41187,695.3754911512813
41188,2252.0603384778265
41189,695.5169003745784
41190,5497.168070664326
41191,651.6932516566291
41192,6418.3245704085475
41193,1251.014197959634
41194,793.0119226732616
41195,10301.203525434647
41196,1502.871455282205
41197,5438.6463942740465
41198,1771.7072476663689
41199,1084.2162817580308
41200,4353.623110316119
41201,5083.3112238655085
41202,997.12948897587
41203,9731.6847959903
41204,2651.258608730503
41205,4156.188249118172
41206,14627.957992909405
41207,7692.871197850204
41208,7023.329198741204
41209,1062.7761460006964
41210,2073.020316428501
41211,14145.71105512943
41212,12058.408089167391
41213,2403.210636922473
41214,1818.9953677203246
41215,506.23302240621
41216,3007.4991885587865
41217,2607.2391246794227
41218,449.6301422065317
41219,519.3709130058874
41220,17333.965737495382
41221,1173.0510993250068
41222,1825.7963126634452
41223,1692.2085527008223
41224,4343.856730612297
41225,9154.889341140552
41226,12099.030014887594
41227,959.4172296994933
41228,555.4890027710544
41229,594.6146231577883
41230,10244.12989432523
41231,669.7465529048567
41232,7082.873432737374
41233,7117.42539655281
41234,1073.3686455522231
41235,1790.9668418174936
41236,1171.9921126784095
41237,1857.9636135899307
41238,691.3668475427169
41239,10542.426116375262
41240,670.5650009601301
41241,485.3412298853337
41242,750.9499047501897
41243,3666.5688201051967
41244,15150.292405115291
41245,11099.242819088762
41246,8847.962860408821
41247,2997.0549102391965
41248,578.5401570242001
41249,1801.6999608487433
41250,863.7196937833722
41251,2342.2166732955598
41252,8162.431685946334
41253,4232.64237747113
41254,15311.850697397604
41255,572.4452578969368
41256,1943.1909505367669
41257,15387.88661346515
41258,4121.300816059549
41259,3728.03268244751
41260,1469.0301100738754
41261,5182.805416243784
41262,1304.934730096085
41263,1043.2647755592268
41264,6562.974122193129
41265,17298.077466835424
41266,470.1654310297199
41267,1862.0657624094342
41268,4223.977780811672
41269,775.9999078986351
41270,1429.2540457028242
41271,5810.058320707244
41272,518.6470712670338
41273,4041.16479827559
41274,9343.924409064208
41275,17079.728699642266
41276,1068.9051136689195
41277,8350.129530207412
41278,2856.6197599996735
41279,5928.75430320927
41280,698.0908214750225
41281,12511.710879760032
41282,1675.509408103885
41283,4710.852846865437
41284,1039.9385300140275
41285,776.4681409813016
41286,1277.5912112447613
41287,7337.409770632703
41288,1510.186508837427
41289,543.2144998171943
41290,3213.198557933248
41291,4144.8264878136315
41292,3161.233091283446
41293,1107.6539772438423
41294,17217.489984441938
41295,9998.41124343205
41296,8341.657902160045
41297,833.4851876898032
41298,2136.1989065300586
41299,873.3837311428381
41300,559.2345218231877
41301,502.06221330233524
41302,2659.4472267035835
41303,584.4931482311057
41304,1136.9187822236854
41305,4518.402058562656
41306,1720.3063130753142
41307,1834.9284673888662
41308,2631.6964424528696
41309,1202.4815140659232
41310,696.768065915519
41311,814.7444494143599
41312,5503.194228916384
41313,1827.2513733977657
41314,10726.73760874556
41315,672.7963091798921
41316,1153.2848178701063
41317,9335.89337560148
41318,1548.52179241965
41319,1179.5436287199318
41320,504.6604486846412
41321,15881.330867556579
41322,556.2604535007962
41323,2614.0925494792987
41324,523.0096652227807
41325,1945.4708041049837
41326,1240.319240941127
41327,8265.237925654828
41328,4663.0597555631075
41329,7443.540140405644
41330,3723.0529828956633
41331,10605.891975506
41332,1762.1697230796028
41333,9890.329623625099
41334,754.1208762468558
41335,9322.541254887909
41336,3391.919563970905
41337,1948.3661850793878
41338,848.6247023095771
41339,17560.91297489087
41340,1758.284287733872
41341,5147.898055979406
41342,11651.417546277267
41343,449.0044283751813
41344,3120.7947143746856
41345,15872.081117889024
41346,981.5924392512683
41347,6159.3939873947365
41348,904.7804407494765
41349,2516.36205290494
41350,1836.3212877103526
41351,640.3723487569072
41352,4421.851561213764
41353,6220.089461334533
41354,1471.9848713016436
41355,1849.3545370937181
41356,659.690835703855
41357,2408.6829230199473
41358,12399.360631514235
41359,962.3368921526876
41360,1271.0258452039786
41361,11959.555170438924
41362,2692.4955427805317
41363,3186.4470511482477
41364,681.4662500801974
41365,9650.715636316974
41366,14594.675337135423
41367,716.4823854103441
41368,873.6108818088377
41369,997.9173926097224
41370,898.9866658791186
41371,647.015169491522
41372,1876.9741326692053
41373,1068.2495243204394
41374,2353.441412968771
41375,3163.092160041694
41376,1315.010733872566
41377,1943.8261021786452
41378,4490.502255306385
41379,14517.553859495094
41380,3850.250876810161
41381,15383.870585407689
41382,4657.484273562345
41383,8434.600621231466
41384,3144.958871218868
41385,7473.473488680731
41386,1852.5693164506927
41387,2490.1923955905427
41388,922.1596562103377
41389,1182.6902162983863
41390,461.67519564173944
41391,639.5617902069085
41392,591.4426668455028
41393,11782.161570187387
41394,2054.754569011797
41395,1906.4734078244405
41396,519.7806743484767
41397,1010.5136215207444
41398,3451.331981013356
41399,6223.279670483107
41400,1066.3088723310964
41401,1035.7206521943388
41402,2299.2713830686316
41403,714.5770860349095
41404,8475.651405776103
41405,418.7116540629353
41406,8141.74951989254
41407,1408.4079524392992
41408,1848.1321668292167
41409,646.1118346158088
41410,6166.268229481866
41411,2364.585858694805
41412,10377.350667611883
41413,10337.594858209135
41414,984.6627923908036
41415,822.205948500465
41416,4826.264747704202
41417,2588.738734241109
41418,965.2354004236219
41419,2923.9104472163253
41420,964.0331736502102
41421,4777.819791163091
41422,756.2071558760636
41423,11362.968085813078
41424,3069.3715683233245
41425,2877.3603375988596
41426,2323.7861523302645
41427,9774.004186448221
41428,767.7757762730654
41429,1010.207015220549
41430,3707.9361256410775
41431,1075.3942845682893
41432,1121.4322775804653
41433,2804.7036771775456
41434,3213.0221537241723
41435,766.5236885303436
41436,3168.2551428468237
41437,891.0497963199757
41438,4219.432185395307
41439,869.7439759445341
41440,14129.534135044722
41441,5763.969410400041
41442,8445.067238255053
41443,8533.240188652437
41444,4852.048732505324
41445,5964.058791078194
41446,2548.7747376677153
41447,16635.116705210283
41448,1578.2322821317505
41449,8816.841835679868
41450,4001.115235949949
41451,14337.938197574613
41452,991.219675109823
41453,2240.999829974652
41454,812.3807753423176
41455,6478.08532565156
41456,4620.351929133775
41457,10880.981310642139
41458,15311.568257122539
41459,996.5175764317221
41460,2114.327330902319
41461,1081.1855339438223
41462,8924.7380472912
41463,539.4225463566206
41464,3893.943135271464
41465,3080.119908420797
41466,1340.9534437315183
41467,739.4206859526582
41468,1395.460421703718
41469,4574.9495728563625
41470,15479.428103253533
41471,419.65745734651375
41472,6071.286924246419
41473,524.1745977786834
41474,2478.6337942173864
41475,866.4995143184863
41476,4043.4074418070595
41477,3639.01993784456
41478,8595.502495206338
41479,4667.8726944181135
41480,6605.25769459107
41481,2021.0982141117586
41482,743.356154603709
41483,692.5848682377276
41484,736.4960565428273
41485,880.0472155351421
41486,1081.72775920897
41487,4173.200372291879
41488,9544.066799636112
41489,4155.75188257602
41490,4244.638522665854
41491,2828.555226013626
41492,5200.025890090834
41493,2612.5550918621884
41494,1179.0094942232113
41495,10810.82912308244
41496,7592.679472107642
41497,6785.98602876216
41498,2446.1943446454316
41499,7196.693596473539
41500,12502.18109503586
41501,12267.414313339777
41502,2930.5817827713076
41503,3852.404350167103
41504,4849.84260956972
41505,583.6705771858768
41506,4497.677461631894
41507,461.22946035715
41508,8152.880334747071
41509,9339.08573890656
41510,8068.5197806518645
41511,783.0866695503836
41512,567.9997147563523
41513,2667.1010809491386
41514,2665.2578926450547
41515,502.31080025630035
41516,4771.536642376934
41517,11239.39154118537
41518,4537.229984862544
41519,9770.188034487972
41520,988.7921940300088
41521,1161.3961056788157
41522,17364.32481372452
41523,810.7559786934444
41524,630.7338986766525
41525,1801.3032046633402
41526,7478.8396323842
41527,2738.8206126463747
41528,2346.4391402178894
41529,9109.177484543265
41530,2785.5666109606864
41531,1545.0111455330123
41532,940.7429326600078
41533,11935.34378238081
41534,10764.87598210916
41535,1580.8721495371108
41536,2426.4186747632903
41537,12502.230093299395
41538,3623.678649785507
41539,1879.2180182467177
41540,6190.511950429821
41541,1681.725551062188
41542,11965.375301335735
41543,463.1957211061015
41544,7847.28264867212
41545,934.9835746981513
41546,561.1953486979723
41547,4297.764405913456
41548,5451.55796990266
41549,1544.0413969596232
41550,3058.287879275328
41551,7413.479996363372
41552,917.2059005287439
41553,3641.827204050223
41554,3392.438428167793
41555,14650.320363973766
41556,1237.5226269484167
41557,757.7844862206755
41558,1578.5672343246285
41559,4772.159223198743
41560,1138.8410701051653
41561,9862.3280517497
41562,4284.0426741325155
41563,11452.040129261239
41564,4789.313994186827
41565,16513.71509416468
41566,1204.7740879981152
41567,1103.1567353265666
41568,3795.6105238113605
41569,4628.561292901343
41570,3579.568308588724
41571,4086.644132992131
41572,10345.484261809179
41573,559.303418878428
41574,1982.363919801204
41575,7636.451307197824
41576,1199.119700893864
41577,8027.483232513676
41578,449.4469843273497
41579,453.61964436248974
41580,1871.8676344657758
41581,4562.856756889865
41582,2419.0511479915026
41583,8989.482552566556
41584,8981.796822369872
41585,2319.8521283124164
41586,879.8103607371467
41587,3997.7883551248033
41588,956.0415471048757
41589,514.4383992505574
41590,2871.8314645314445
41591,684.5188656243347
41592,874.6779004830964
41593,1864.5126533602354
41594,857.1268009110095
41595,1204.4882285681406
41596,2215.5285663803825
41597,5974.068865507199
41598,6793.953030220922
41599,3008.1635752090006
41600,3262.9079768080487
41601,2313.248173136623
41602,15393.402338262087
41603,1933.243977351901
41604,9668.700169857186
41605,982.6236374382639
41606,2958.03095973367
41607,8156.394223314699
41608,7439.224133261684
41609,1373.5466822744881
41610,1574.337491661225
41611,2258.6451705953955
41612,1665.3252665425855
41613,4607.995983697207
41614,2189.50352555617
41615,15619.816909147668
41616,625.8839391252884
41617,841.4891093344684
41618,4635.065925296663
41619,1356.5991199860894
41620,1389.3011558938558
41621,13933.48599955415
41622,1526.6751988786637
41623,10754.817954368644
41624,5644.266965605358
41625,4163.410686473223
41626,5388.6010580557695
41627,3113.879885587998
41628,419.4234091096532
41629,15884.042950609452
41630,1022.2563087924478
41631,3354.593648185308
41632,8395.507464551265
41633,636.996222626885
41634,4418.888955151125
41635,673.0250020989737
41636,1927.7456086342363
41637,1506.4220000715986
41638,1685.250479670835
41639,7167.6402158803385
41640,1881.2358346446113
41641,2227.4073878963254
41642,2772.991376953139
41643,3329.5806928879024
41644,565.5698368062737
41645,2751.5974616877575
41646,2522.3189063222926
41647,1436.1667498614424
41648,805.5349462076937
41649,15178.780384678044
41650,7015.35259913681
41651,1125.2489831576966
41652,1621.8340626287775
41653,1044.4026085737719
41654,4369.857555558574
41655,2982.730917616008
41656,5825.729125408311
41657,2073.7559151790383
41658,4529.583421041715
41659,1158.473961245775
41660,2504.266635050739
41661,8082.20207694987
41662,1947.3699586364237
41663,667.8468321695757
41664,998.1310949928411
41665,852.1311383753382
41666,1033.8091544206202
41667,2728.3480676683043
41668,5370.869307258303
41669,737.8805021163317
41670,4635.8203070051595
41671,8409.679177621088
41672,566.7232349720908
41673,3541.051636174164
41674,778.0865729765452
41675,1299.1816362814893
41676,1498.139791458692
41677,888.3922550480207
41678,1890.475875984601
41679,3393.2386024411117
41680,1879.8465911665628
41681,492.63824666495964
41682,9418.100966360907
41683,15843.713172650721
41684,991.6917145197788
41685,1007.4544890603185
41686,689.8526875013059
41687,1844.4979809574224
41688,3664.186254517466
41689,3228.887082211273
41690,3318.306527812077
41691,16032.64578270821
41692,769.5116069568899
41693,1719.348561527784
41694,956.9930890863739
41695,664.9258121781601
41696,7081.845188780504
41697,2233.778909192476
41698,13663.186323005162
41699,8085.611974022668
41700,4313.874751523357
41701,1395.0430223225242
41702,1695.9814604474643
41703,1865.463788019681
41704,879.1673280760417
41705,1008.8067219395529
41706,2086.0808978799296
41707,14512.711047011966
41708,432.01618443815096
41709,12701.497925762851
41710,503.4808781012621
41711,11862.55177525986
41712,11838.345164162673
41713,433.89794151210845
41714,1526.5084562914922
41715,6206.07649077748
41716,533.035565686994
41717,912.0976331775669
41718,10145.318732228916
41719,1214.176514776052
41720,778.2320136353713
41721,6275.146852278344
41722,1051.9800931403486
41723,17302.915573717393
41724,2429.405321478951
41725,3364.6756965792338
41726,3178.766927203133
41727,2087.8227117144925
41728,583.3461875493788
41729,12616.388256369213
41730,1188.0762454102442
41731,657.8385658104614
41732,2392.454600775455
41733,1272.16450082554
41734,1134.0731581417392
41735,893.1280673270621
41736,1309.997517990275
41737,2666.7974311610546
41738,514.3344522851548
41739,603.2847598210351
41740,15374.983288795687
41741,1305.3347595675211
41742,4368.131290075472
41743,3976.333993086594
41744,7803.187350367801
41745,482.22905630043545
41746,2196.179095309768
41747,14055.613541597844
41748,14150.753932113828
41749,439.3832979082623
41750,10766.141953460288
41751,933.4328347736946
41752,605.5123767200453
41753,6015.081431511172
41754,1298.8188765126583
41755,3711.616970827481
41756,17291.8824383139
41757,3649.6069019011165
41758,594.7760786149781
41759,3240.595499515539
41760,2039.8857085269278
41761,8084.415251518878
41762,576.9815037795386
41763,6881.080080992093
41764,3123.950898393597
41765,2642.348131031757
41766,2933.242211666859
41767,3345.5625533347966
41768,9948.100899248557
41769,608.2118875821176
41770,4026.815625454959
41771,3980.9353518711428
41772,1178.7597890123695
41773,467.1951392157333
41774,2132.640685536744
41775,708.0616376359806
41776,5103.429694220038
41777,759.496845942107
41778,568.173608428861
41779,6029.946269373429
41780,493.8811932275736
41781,1003.7326467844396
41782,616.509406595671
41783,891.0634848472995
41784,3628.4271630572803
41785,1251.5956644363418
41786,1404.1453255780232
41787,452.3274939780428
41788,1800.2537137142028
41789,526.532637230139
41790,668.166538240948
41791,15570.631956749083
41792,731.5007230996764
41793,678.8488957693122
41794,5251.385866600251
41795,6436.309754376812
41796,1606.8897810654828
41797,11335.447509748392
41798,704.5198735960801
41799,888.6167809761204
41800,688.10254344606
41801,1743.42366162365
41802,1167.2559427485808
41803,6206.956231079897
41804,783.3378160163642
41805,948.1962072913288
41806,2577.358871927475
41807,775.4534552516631
41808,3064.9285474283215
41809,923.5932323223603
41810,876.3899012346833
41811,1500.6758770698673
41812,1556.332745483265
41813,1639.7708047643728
41814,487.8215984324693
41815,11669.891276373193
41816,671.2546802401386
41817,1502.9980957600521
41818,8783.112841397136
41819,14360.42565420117
41820,4553.428430350962
41821,1050.9793489978886
41822,3691.1692148835778
41823,1178.915979318782
41824,4860.567303488107
41825,5301.58292375788
41826,402.15730202258345
41827,4438.055757260596
41828,2537.4693189476084
41829,754.427648703081
41830,2200.3362932800915
41831,5257.357017416503
41832,7839.591870833902
41833,4306.584030789154
41834,430.4931103703683
41835,1898.3320359261706
41836,14573.260891470636
41837,5273.530563409134
41838,5645.7776628928
41839,1449.8456894221215
41840,7894.072613841273
41841,925.0889325997467
41842,7051.000256047597
41843,3036.4623230477687
41844,588.3014515317806
41845,578.6347067554185
41846,6002.876579906353
41847,2813.6734255204165
41848,1876.8978932935695
41849,4629.118073729802
41850,2877.68595060234
41851,1780.408300705528
41852,2043.0244690851966
41853,2231.1469096648266
41854,855.7672897615764
41855,904.3388360997525
41856,16366.477926674064
41857,1925.9949910038429
41858,11952.490390395502
41859,6385.5843409579475
41860,11378.862291788579
41861,991.0917448360345
41862,2436.849316792928
41863,627.0943030656131
41864,481.76791411721706
41865,4531.203371323175
41866,767.5912015099672
41867,1718.771973008912
41868,1963.598645893442
41869,2139.1108468060065
41870,8063.912905735837
41871,4584.076023547952
41872,2481.728370370671
41873,8458.054487749912
41874,2460.6204022952343
41875,8897.568071350743
41876,14310.565766336016
41877,10335.447927455298
41878,1420.3750549763015
41879,3154.314715793583
41880,4177.634118875484
41881,2347.244728594323
41882,1138.4815561570472
41883,5572.783954661081
41884,6432.686214581746
41885,13998.699316874214
41886,7774.040140615805
41887,3503.8947041386677
41888,1909.4622692472553
41889,16843.45890095796
41890,988.9749606757304
41891,1943.1546691984788
41892,7326.724127939231
41893,8393.94706875876
41894,6201.691828366793
41895,14167.53096987708
41896,1181.3020944046443
41897,723.8697991640876
41898,1608.9988456043893
41899,4719.901513781594
41900,9507.277974988845
41901,2960.4758567099334
41902,2546.761124423637
41903,858.1302693468701
41904,1415.2283576026443
41905,539.6696884533089
41906,16204.476772452314
41907,2655.7358428019193
41908,2420.1745613268663
41909,2410.7449965203805
41910,4706.834592949414
41911,1205.244839012566
41912,12852.548345720921
41913,17818.261919978966
41914,827.9100183750036
41915,15867.645642537098
41916,13885.32120563836
41917,1020.9251969641793
41918,6348.827169550552
41919,2491.0487721010672
41920,15188.047660496348
41921,3617.564322733275
41922,7161.397185636594
41923,5392.781287000649
41924,9050.039849897315
41925,1366.3568761470008
41926,1153.0706192293212
41927,10969.896802731277
41928,17858.140725879486
41929,4360.570442321606
41930,2899.6428753545974
41931,464.56212691842296
41932,1816.1892564766488
41933,814.2119196761731
41934,1707.8026291829126
41935,4084.829326585197
41936,783.3479723218364
41937,1632.9603694731113
41938,1194.902751853681
41939,5986.433863658786
41940,878.648469320898
41941,711.762232692137
41942,1971.1703715268864
41943,5285.913066138639
41944,1640.919656787208
41945,6226.534696239196
41946,5724.870175581374
41947,5443.493886392598
41948,658.09224188502
41949,3473.3908562401243
41950,516.9551359940908
41951,5339.66432013823
41952,3157.318803282152
41953,4479.801456575116
41954,4397.228539629538
41955,699.3882787825535
41956,2758.064952421763
41957,886.1563048722231
41958,16921.79651920883
41959,584.0282261914066
41960,11926.094443342321
41961,739.0447858991224
41962,7300.098439194139
41963,381.37514574774866
41964,640.1977789102875
41965,5819.674241244827
41966,2451.4974850642966
41967,3053.201207370181
41968,4302.991680366726
41969,2453.477156891203
41970,677.7651821960533
41971,9517.706853676038
41972,711.1722578311483
41973,482.74679538138855
41974,8643.038097398545
41975,618.3639292422903
41976,9431.131793352573
41977,1948.532513753009
41978,16874.488915460774
41979,5758.067374361276
41980,4682.365742148529
41981,4027.428450070019
41982,2721.3232128831282
41983,7782.876831576788
41984,3901.2191096518063
41985,449.42543583209886
41986,3180.4793046148866
41987,508.2625703826215
41988,1921.7147400411698
41989,570.1068152606797
41990,1271.475030624944
41991,5170.065894826453
41992,5644.177391792362
41993,4496.698271804139
41994,1663.3865344033106
41995,4016.839016028707
41996,3645.5175692742796
41997,1693.075467267471
41998,627.0848342043887
41999,4610.342049771734
42000,581.3880919608141
42001,3917.9363998502818
42002,7660.84567993574
42003,5832.636029039082
42004,3893.3462968615745
42005,7454.162426251275
42006,801.4768835854304
42007,604.501096450023
42008,2001.4040488106414
42009,715.8205300289904
42010,1690.3547518574183
42011,869.1036012952703
42012,1718.8150956282677
42013,5183.891963310575
42014,699.0669904675734
42015,2123.554596105031
42016,1891.7350072982167
42017,791.7790373301724
42018,8800.174289248416
42019,562.0797716994755
42020,552.529550464909
42021,2941.626368102034
42022,3716.4681669602996
42023,2084.1107353495045
42024,3172.171740650178
42025,1557.1456411718916
42026,4157.797452272446
42027,3283.7885354640935
42028,6388.62333024242
42029,827.5341957524485
42030,7925.001619240722
42031,843.1190277815829
42032,1405.3724252877676
42033,525.2132975470446
42034,14499.160712822128
42035,2425.8607153651674
42036,3599.6456970019008
42037,3999.1894284560385
42038,993.5318201901953
42039,4867.648396372625
42040,4266.509005078609
42041,1012.6325969063995
42042,13487.834202795862
42043,2344.728635901389
42044,17451.096734679057
42045,598.2673958177916
42046,814.0098207124365
42047,3593.863823232783
42048,13655.304424529324
42049,553.9193800806606
42050,7435.109297139509
42051,834.9808224657619
42052,1057.5378098872584
42053,2966.4822419446728
42054,2015.5167087463788
42055,1791.585755456852
42056,647.6112003691368
42057,818.3262263536313
42058,4083.181926420877
42059,4911.016614630885
42060,499.964984845108
42061,396.4578345517842
42062,4740.073418984069
42063,5054.483173986405
42064,1824.3640142936144
42065,1809.5682111161
42066,4058.9013233003147
42067,4099.46452809116
42068,919.5156081930108
42069,5138.221510857483
42070,15737.837666736259
42071,631.5014894659669
42072,6011.68356402849
42073,1034.2927733301094
42074,6322.799134430171
42075,5513.901314471374
42076,11136.279070880353
42077,2472.8548132360706
42078,4368.786459384904
42079,2536.63447709398
42080,5427.51214571847
42081,5540.798720792518
42082,718.6853611261843
42083,636.9336896981914
42084,13857.50943601357
42085,9446.396879395561
42086,2838.7520481884853
42087,7286.269251238574
42088,866.4916462003326
42089,418.67913158603335
42090,538.9273602197712
42091,855.6957316170218
42092,3794.6921124540604
42093,594.4108566117603
42094,4653.459776462827
42095,8875.534971064564
42096,8338.192311588427
42097,1035.156204710498
42098,1036.0542044464257
42099,4676.096440627218
42100,2511.0353790417175
42101,770.6458422555808
42102,722.0512149637171
42103,2622.3236058232037
42104,4842.610840495236
42105,1637.5645182082303
42106,3729.399717644618
42107,793.2980984133063
42108,4085.5836564750502
42109,1009.2750693539066
42110,2198.772451140733
42111,15396.246757946248
42112,7520.962974799488
42113,10050.898187187739
42114,680.0132291504752
42115,876.2782340059244
42116,1303.5844679062143
42117,4244.675704596347
42118,6478.1598605028985
42119,699.4342799436565
42120,988.6863355364703
42121,2222.4545833543034
42122,578.0880103931613
42123,1146.5231953969676
42124,4273.74027613768
42125,6051.580413854954
42126,4062.647467776481
42127,519.9487038495289
42128,682.8732490059598
42129,763.8653511129917
42130,708.5277531277585
42131,1800.5565808572608
42132,514.4745945065945
42133,11585.681958604875
42134,3683.131320647488
42135,4940.5854097945075
42136,1220.6986329182794
42137,11052.53265107468
42138,2664.5057733132157
42139,565.2166670263125
42140,661.4525768921068
42141,4342.720744461905
42142,663.14499318809
42143,5192.8077342914
42144,7516.5418308919825
42145,5572.097331563284
42146,5426.424003237769
42147,505.853228290135
42148,2614.4113700202447
42149,551.1994586014947
42150,1779.6918278877995
42151,2159.966798593883
42152,2026.6100639118645
42153,723.1977427620069
42154,998.6468399369504
42155,4219.266673442772
42156,3439.7779835865854
42157,678.2972777767059
42158,13997.198876851178
42159,929.8941785564065
42160,4170.546579071799
42161,954.3043757783885
42162,423.4887593964869
42163,1860.6111360744183
42164,747.7945666164693
42165,1652.126616671662
42166,7002.508680077216
42167,1469.8800502069491
42168,2561.610925919784
42169,1962.5173031426289
42170,3843.420183019941
42171,1583.9187775397024
42172,391.6641489501456
42173,1890.0834792120827
42174,969.4613353342805
42175,3790.755452551048
42176,425.84236800305143
42177,1048.759213966567
42178,4038.792670317432
42179,8473.402450215686
42180,10588.061265395201
42181,2455.2474100662557
42182,604.7686760582066
42183,910.3666348462324
42184,2209.6757237211123
42185,6803.585839030826
42186,646.0556071879839
42187,13390.28164889885
42188,8372.855557327033
42189,706.1072749125378
42190,2724.0331222438845
42191,3869.3008027620044
42192,5589.212407160967
42193,4925.5303807259515
42194,10947.840457881462
42195,16269.981592589338
42196,4084.9131772599285
42197,2191.2731201799047
42198,913.4241529729007
42199,2552.008727861425
42200,1762.9533895559546
42201,7605.525311596415
42202,11178.99183984151
42203,1229.5098902997277
42204,9801.97762349326
42205,3390.897820008757
42206,1629.2524921882916
42207,1026.24228370567
42208,1609.1804679977574
42209,11498.12730576081
42210,9409.951400801572
42211,591.4665323161694
42212,860.2328062478919
42213,4661.3131594333145
42214,523.1468357700087
42215,1305.9140121310993
42216,7026.155983129965
42217,722.305802442964
42218,472.52090025838197
42219,4491.576697899494
42220,4957.239125107254
42221,1821.0194994099409
42222,3624.8830864149527
42223,2408.0610874242234
42224,1637.3643754150644
42225,4512.779219804414
42226,6529.654560426221
42227,3936.6200332107846
42228,3509.428786472752
42229,5656.948467243598
42230,1061.6469998663906
42231,656.8483374406605
42232,797.9229172866476
42233,872.3024805525412
42234,1174.6906198401548
42235,11203.901522035167
42236,758.9802816457114
42237,898.347595496479
42238,792.1679510474308
42239,2921.919364569961
42240,15547.379458312287
42241,4227.511226212
42242,1389.5873145281028
42243,5700.348388741981
42244,429.3566614288757
42245,5606.394366862189
42246,13133.363238868678
42247,892.3919912730641
42248,4578.818327759418
42249,1718.6212851540333
42250,5908.111339689656
42251,1039.2979830029142
42252,535.283490547049
42253,502.1773045172681
42254,487.35596904765475
42255,4712.522255738533
42256,2929.4412634597984
42257,1103.4584262898293
42258,8746.090178961742
42259,3186.107911000215
42260,4202.287204875893
42261,1988.5839084025758
42262,1593.0373330760115
42263,5362.854377732051
42264,14154.915778539242
42265,2935.907997595061
42266,9961.310909605207
42267,14462.871286958409
42268,13585.427036880566
42269,925.3574552847305
42270,787.035148232346
42271,4924.312187269513
42272,6327.973665160035
42273,4382.484913758608
42274,1183.4517880216708
42275,592.4681447746914
42276,636.4443681333305
42277,15349.263053856563
42278,739.7090913670274
42279,6367.308371693762
42280,6026.511871907774
42281,1853.8103762887838
42282,6397.922248329113
42283,2701.7741361839644
42284,950.027986466346
42285,10743.941977180672
42286,785.9721577053278
42287,2519.8413890649813
42288,3584.230533730799
42289,5368.758163731166
42290,822.9509871349534
42291,1371.99285575333
42292,726.9231586162477
42293,1632.2354190678157
42294,2352.3233314492954
42295,6910.600958115238
42296,7743.996398930733
42297,6454.755247740587
42298,13988.104280317433
42299,15896.499489503822
42300,505.0808130753612
42301,599.4013307834564
42302,2153.760674018368
42303,5253.727512021146
42304,15274.592222622736
42305,4506.952994581854
42306,429.3017589498535
42307,931.4531813025961
42308,749.7546591946874
42309,3501.453106762263
42310,479.38402651841176
42311,4828.651675463065
42312,1652.889103567684
42313,408.85277914617495
42314,4612.694402042076
42315,894.1217513255393
42316,2192.254263970649
42317,2099.662780035415
42318,4029.4729924777944
42319,8626.531472258353
42320,1753.907197974658
42321,5722.045375494692
42322,5659.391633500708
42323,868.6031600211819
42324,563.1621223459516
42325,4695.880138880606
42326,14154.72700252641
42327,1182.8478375964492
42328,947.8954380048931
42329,927.8387771883681
42330,7158.046609406514
42331,8453.505523926322
42332,2148.8039766698107
42333,6746.471943608996
42334,2504.21004057251
42335,1422.0420089825284
42336,1035.943871413888
42337,4675.129956201219
42338,3378.6274096601946
42339,599.5376295159344
42340,4607.591249104024
42341,573.7420721318854
42342,3635.6510155256046
42343,5222.576916706814
42344,7513.632308654883
42345,3682.6112531099507
42346,4436.3318532432295
42347,1808.3965233870076
42348,3426.1190483620558
42349,1412.0045382851074
42350,2570.1939015155876
42351,7760.554316767786
42352,1618.495184786716
42353,435.79565670830374
42354,974.3758422901961
42355,477.4413591601988
42356,1296.9090976654518
42357,3674.712225646614
42358,15161.199943435051
42359,769.3295845242845
42360,12027.341978860004
42361,15500.184694877109
42362,731.5015190226717
42363,3367.635383763384
42364,1332.9744249381706
42365,3476.575992644026
42366,1185.938216452653
42367,4475.756834788556
42368,4392.160962006997
42369,1637.457676389696
42370,2410.5399391664946
42371,4506.44514761092
42372,1413.7091746410692
42373,2572.986042465744
42374,1880.0450781073926
42375,4745.812293787577
42376,3132.5632310970873
42377,1260.7127877506473
42378,2734.7568772909212
42379,3224.588651945781
42380,3251.94531097772
42381,762.5910013899371
42382,1221.275292143096
42383,7323.822959427572
42384,751.0229552836821
42385,1280.8784892440624
42386,1880.1076002391208
42387,5921.7616914547925
42388,2296.9321729310495
42389,14358.331162540031
42390,17667.54248535538
42391,4581.136033215368
42392,819.6931264853114
42393,2679.65837261316
42394,3318.2570657659217
42395,5739.42728456793
42396,1056.7654994297302
42397,419.18285541077444
42398,609.7234901502163
42399,5838.551093298937
42400,686.4228114491913
42401,7508.540175898816
42402,802.0500903010584
42403,8269.801370269059
42404,2297.404373356094
42405,4698.324654780583
42406,9094.845367028527
42407,6750.869552058039
42408,791.4344377355939
42409,814.2514620223017
42410,11123.70013470462
42411,4220.42148867209
42412,3054.857514724049
42413,3167.562566597785
42414,759.422054178665
42415,2540.1496624546407
42416,792.7884028501231
42417,2027.861345307123
42418,1816.3210571061259
42419,422.9011193991738
42420,567.4125299946833
42421,3297.6014436513597
42422,1013.3063635171816
42423,475.95147239861353
42424,5199.788390194363
42425,5928.968534070114
42426,491.5776588159326
42427,919.5247625478783
42428,3766.663259060763
42429,1787.2665612045876
42430,4567.457869411343
42431,463.1409718063591
42432,4604.297834551441
42433,1298.261159207133
42434,685.1331631987391
42435,3453.4533300382845
42436,1488.7635500582933
42437,1342.1749246273134
42438,1456.1391697328386
42439,2908.1341902023105
42440,546.069769566661
42441,1297.6979132138624
42442,4616.716898030882
42443,3785.330059921659
42444,437.0400592293796
42445,1179.8351331556182
42446,1338.0626418022566
42447,1933.0798897572013
42448,1042.860889018597
42449,2705.6157044121587
42450,3288.660399938628
42451,553.6830843521377
42452,8915.368249767249
42453,902.4748450217012
42454,6277.189145414446
42455,4609.23251530306
42456,15349.732157694014
42457,1421.4501649176188
42458,2867.4636093568774
42459,9032.453007506918
42460,841.1016378486576
42461,4202.281400010515
42462,3134.353382083628
42463,4199.152118413159
42464,624.5681974905174
42465,6353.990895870582
42466,409.40908004243107
42467,7562.368663292344
42468,10812.390209364397
42469,754.0276191921614
42470,2384.722115053943
42471,922.4153270826004
42472,2863.0836190606924
42473,669.4337932687076
42474,1146.9272351871837
42475,3971.032090162349
42476,1785.4529198910445
42477,1090.988302985029
42478,7768.585180327129
42479,1577.7716341752537
42480,3353.8190138754653
42481,2879.9597236262125
42482,1067.2404027333632
42483,1397.0976989432154
42484,449.9591248622801
42485,1681.2008226401954
42486,10733.868850655042
42487,5453.1708156211325
42488,8551.304991667615
42489,2194.828482665018
42490,5354.673249036803
42491,6436.738965145925
42492,9117.35607417394
42493,840.9190255034968
42494,713.2406873271032
42495,2191.0195729720863
42496,701.3548523994976
42497,6389.519664671788
42498,2264.225284389464
42499,1418.173933927663
42500,1709.5917334691496
42501,8282.790808369344
42502,889.4030187774621
42503,1250.0017824520844
42504,2532.770110560441
42505,1263.693152339395
42506,4116.894403822652
42507,1717.1675164082328
42508,12343.006749507384
42509,2897.0523650717846
42510,796.1580048377017
42511,1141.810884900711
42512,12037.755368266327
42513,576.3197598746636
42514,15655.84778805131
42515,1611.8740766482933
42516,5200.647878977601
42517,762.3385238281355
42518,1740.2432803227969
42519,2374.1141526927468
42520,977.5472677628277
42521,996.6027829939981
42522,2961.883964368854
42523,8218.967071232677
42524,1104.3488680658452
42525,3896.479002395423
42526,2465.142773683369
42527,2489.0785424725104
42528,5438.944902644758
42529,995.7505029936043
42530,832.3861978993601
42531,957.3340924119611
42532,1967.4075696135292
42533,1176.3066866988886
42534,4926.902541242471
42535,4240.351187547858
42536,1199.4064958429478
42537,5064.283905463091
42538,9609.875741117476
42539,860.3418091964189
42540,16528.36070093698
42541,8584.631166109195
42542,4314.285807410071
42543,425.2156606393279
42544,832.2445288617348
42545,3223.4431953661892
42546,12996.888530001506
42547,697.6083294395889
42548,5243.249790265268
42549,2805.3487189570483
42550,2852.9186751977713
42551,9745.677960621839
42552,2609.1560607185716
42553,431.54082319342126
42554,837.9838791679623
42555,1978.6129096347088
42556,3535.425503404048
42557,3219.505374401677
42558,772.3016174005221
42559,988.433333486619
42560,3183.844630040829
42561,4290.700652996119
42562,3610.9852388923227
42563,987.4409417349863
42564,13168.575074544035
42565,590.0625731453499
42566,4561.607026002517
42567,13477.331730686756
42568,1141.6925069036233
42569,3273.8771454981556
42570,852.997993327994
42571,961.4268165648388
42572,4417.2185771406785
42573,878.15322218511
42574,1161.2493295498023
42575,6825.741516355167
42576,901.1094947485116
42577,550.1431898139317
42578,2272.3505505341986
42579,14947.525017016047
42580,4796.897701163862
42581,2486.0782784682488
42582,12706.694747743151
42583,16378.96945911621
42584,3144.553782022437
42585,1036.810423660462
42586,1692.749456149431
42587,11565.94580792422
42588,4148.499651568956
42589,1196.7669412766274
42590,2070.479558964523
42591,1926.6113849431986
42592,10287.186550065382
42593,12251.479972703804
42594,8884.420045272856
42595,4413.172989304298
42596,17091.982963135415
42597,622.1970734026858
42598,629.6648235708236
42599,1262.681125098621
42600,2995.466207828921
42601,649.7658804234154
42602,4212.625973090271
42603,11465.709249987927
42604,794.8819695554374
42605,819.8513814856241
42606,4249.236744426877
42607,629.7465391234009
42608,984.9420687605706
42609,17511.402813948065
42610,3676.618841416052
42611,5632.361976214638
42612,5971.669271117474
42613,1746.2509653530497
42614,746.5208409075843
42615,10567.33542118472
42616,14005.261304158657
42617,1446.7050142904636
42618,604.0152283966955
42619,3938.419836701578
42620,7822.590002504723
42621,9082.808113201407
42622,1378.1136487442761
42623,2134.1502316304986
42624,4431.654338566066
42625,784.4775160726518
42626,1409.3674422924223
42627,11229.771841439913
42628,5726.88889246034
42629,15442.394526087384
42630,15166.463334499518
42631,13581.82662345931
42632,5711.276005347395
42633,569.6327845555816
42634,4157.309770178097
42635,1076.1592490381395
42636,513.6387359012956
42637,6489.696918267816
42638,2496.231506184477
42639,7287.798030055961
42640,1643.5505422364254
42641,1310.3975759615141
42642,1777.6550019854974
42643,775.0616238639694
42644,8227.931024349185
42645,13590.616461832682
42646,7428.463879292531
42647,694.0615657090138
42648,1754.2116819035948
42649,1256.2152460051238
42650,4931.657805794478
42651,7260.650398384696
42652,1003.052899735901
42653,11155.079950228253
42654,4616.980943663477
42655,2261.940321983278
42656,11261.907514233912
42657,9192.613363220516
42658,5201.787089521825
42659,4264.241145379591
42660,4706.688996650365
42661,3087.8357958003867
42662,1026.360106132286
42663,16435.483884280053
42664,813.1752184958945
42665,4805.806426087844
42666,4380.915504157166
42667,1750.731913485305
42668,5325.694265211117
42669,5004.864915326636
42670,10835.199639423112
42671,6043.55202892678
42672,2658.957039984492
42673,4004.609484498853
42674,1283.4421432922068
42675,1045.6820991672491
42676,1599.5917522964608
42677,4585.548015567941
42678,876.2022126090534
42679,4108.590691313769
42680,16879.82509298511
42681,601.3174247101232
42682,539.5048044977141
42683,1890.6732881740086
42684,1592.2039004636354
42685,3139.6969277914723
42686,10830.15567891532
42687,4394.485031788706
42688,5555.280268377295
42689,13764.327522355346
42690,426.4411789697127
42691,2725.0966839965336
42692,561.0972057826806
42693,13460.889615731778
42694,3238.9096694226005
42695,952.6459322852656
42696,717.3843363113173
42697,873.821158149206
42698,15026.56029723566
42699,13550.982213079276
42700,4265.678932362357
42701,2667.900847141529
42702,835.6970639469773
42703,9033.466887444582
42704,800.6298941333137
42705,15101.175467122503
42706,6337.163319144931
42707,15915.6189593068
42708,489.4313415673802
42709,1039.9547112407809
42710,735.8799559169183
42711,2079.7200301884604
42712,822.3342416347062
42713,1565.4791516384748
42714,653.6191003073053
42715,790.3270455627425
42716,1026.5369655740385
42717,6983.24364406487
42718,405.1469201053184
42719,7705.625530130158
42720,2799.9204638943356
42721,709.0645011463513
42722,1051.9332056353671
42723,635.3289220588117
42724,607.1049632576216
42725,796.2776542376504
42726,1724.5603049231197
42727,4221.173543587436
42728,3276.1260511018413
42729,3525.119654348011
42730,1899.3122341860528
42731,2580.130722428063
42732,972.0149586632639
42733,3484.675565469107
42734,2676.418329252365
42735,788.1268717386265
42736,3259.792207527249
42737,1891.4105100042032
42738,873.4147772716794
42739,4804.119638635259
42740,5517.0038442211
42741,4265.707047779122
42742,1385.443738422586
42743,1716.7571352695577
42744,3062.5915857036853
42745,683.1056342564619
42746,8589.695124966664
42747,8185.802067932189
42748,5711.773602984418
42749,1660.2289988718367
42750,3154.6695906594596
42751,1468.3229704871885
42752,8787.816383319452
42753,4331.650569877476
42754,2971.607129270978
42755,2008.6936529852217
42756,4481.276130537112
42757,3795.857065782708
42758,3286.575618245616
42759,3974.335357439279
42760,14085.07329361614
42761,1402.199917700799
42762,4631.583987623571
42763,1734.10620579382
42764,10248.731479141521
42765,12813.94673436227
42766,6784.578648035537
42767,8006.583214827455
42768,2606.7953320379092
42769,9626.006890831033
42770,1600.8925190008126
42771,1749.4390235331434
42772,522.0567167863113
42773,3720.9472689626546
42774,3275.8118221353734
42775,661.2768995543348
42776,2195.2325645662822
42777,5469.955804366864
42778,695.8867290106296
42779,2146.4409248788115
42780,1659.616796540888
42781,5355.788435536417
42782,1137.9059494699673
42783,2216.7943269380908
42784,763.3582953501324
42785,659.4065186149995
42786,13616.25656293506
42787,6831.208522303248
42788,728.7735939244872
42789,4964.77823630393
42790,879.0783728688579
42791,1422.0544494025758
42792,1001.7515260174754
42793,8692.614944982024
42794,4984.2598617850235
42795,3095.1041121091266
42796,484.615638136801
42797,731.636255855613
42798,955.7186391934291
42799,2721.390687128224
42800,4232.141232157806
42801,1463.8256191300131
42802,15703.836625022697
42803,878.5878021826474
42804,2271.688497981551
42805,1222.8692050397276
42806,2264.6984100977693
42807,682.181026109142
42808,520.9977866100438
42809,1610.7227212513171
42810,857.7908325347931
42811,11721.65083281245
42812,7288.012743345285
42813,1356.274939013193
42814,1390.0171625992318
42815,3546.6925507252877
42816,2336.262851660825
42817,12973.584156911147
42818,11113.965472950875
42819,8134.724795042136
42820,2476.927936411405
42821,10262.410361031003
42822,2434.984151555962
42823,2612.815003987031
42824,596.6923270277904
42825,863.8931813100628
42826,9377.316812883926
42827,1729.2307271342147
42828,6918.019282587787
42829,2100.3797547446916
42830,2416.575760921919
42831,6863.694363585589
42832,576.788256654097
42833,777.6642101672558
42834,1044.279601112048
42835,6350.525521408568
42836,1960.3556558550206
42837,9751.22730778143
42838,1735.296379034053
42839,1019.9925210344985
42840,2834.1278358621544
42841,491.61369101376255
42842,1892.1457430024172
42843,750.2643634609815
42844,898.063035467347
42845,607.0535120305291
42846,3767.8246538583526
42847,7547.7884345852835
42848,543.122503851157
42849,4886.974428892132
42850,4481.891167631314
42851,817.5674114298521
42852,956.8463031353698
42853,1845.038620342571
42854,3236.052428751179
42855,4843.809200157133
42856,1899.74153869666
42857,4742.559051747549
42858,1794.4475208191507
42859,944.7325078770438
42860,726.9936427579055
42861,884.8830444359406
42862,9444.77160945278
42863,4162.870847682981
42864,1765.1509673144292
42865,466.58104861561355
42866,5395.625924377377
42867,1300.414909462448
42868,10858.087226809599
42869,535.3624642778561
42870,2119.014232318233
42871,455.7863787505717
42872,1199.7940360695184
42873,1017.800047645893
42874,13058.859679862595
42875,611.471521057875
42876,915.891200207196
42877,4428.542171761297
42878,2209.271079867418
42879,5648.704759085727
42880,1166.3085951295611
42881,604.4944771749225
42882,1722.9475507699058
42883,4806.293287486113
42884,8606.953245305205
42885,459.6196935212419
42886,3094.679294552869
42887,803.7533251285145
42888,6669.15509311004
42889,1339.0697035351168
42890,1272.5193332420624
42891,4587.168496265583
42892,667.9728741176046
42893,3200.365535102401
42894,1168.0611232397757
42895,9265.595170013052
42896,712.6555259790589
42897,1709.3814079079748
42898,7116.9451917382985
42899,3017.674324429877
42900,1654.945795126171
42901,445.51309287074406
42902,880.1470322555616
42903,5655.651848938694
42904,536.4112412361081
42905,671.4941032512363
42906,15679.800967971103
42907,720.5535789664971
42908,2746.163085415337
42909,743.372431448237
42910,3573.336404637335
42911,3500.236744760742
42912,661.2677632199282
42913,6084.338032012876
42914,1668.6531457567967
42915,2428.6124468670378
42916,552.6176962934115
42917,2103.700226013474
42918,518.6049911227514
42919,13728.267402233374
42920,4934.877022588775
42921,5135.879867357151
42922,6836.767277610694
42923,5092.777664095403
42924,1805.1415508612981
42925,879.1038037672106
42926,1485.759132910437
42927,4138.327182864591
42928,5118.746523635329
42929,1069.1535759606772
42930,7067.035519044657
42931,4977.401479066469
42932,3500.0651948092786
42933,1052.5362169873038
42934,2382.401492654664
42935,1849.5751484624896
42936,10971.454766448585
42937,3989.2775582166614
42938,573.3454884369811
42939,667.6818870269783
42940,5035.797932890068
42941,16655.322258067335
42942,518.3929525883813
42943,3591.6498853737794
42944,16101.54029294826
42945,895.7339585036799
42946,2905.567238760347
42947,693.1310979978304
42948,671.6633940744122
42949,779.7974008037281
42950,374.563841458298
42951,3719.4971690315756
42952,442.83449146544353
42953,552.6409374611512
42954,13501.260460072832
42955,5011.001874588987
42956,5258.481269843906
42957,8544.057621151935
42958,4415.1403684680245
42959,5650.640333199877
42960,12247.181720981009
42961,1233.6388046394916
42962,10682.636329437822
42963,12528.591799619564
42964,4298.019866851015
42965,16092.06878203527
42966,5045.90666928572
42967,1828.6020295062847
42968,1139.181839429184
42969,2634.2178007155107
42970,575.8403856899741
42971,16377.24466309712
42972,5474.89218760669
42973,712.8475377047902
42974,822.0694448446787
42975,2457.092141638468
42976,928.2204226365455
42977,5668.84224836459
42978,1340.9864334261813
42979,6626.208690958023
42980,1425.0493520926834
42981,8473.649565842745
42982,715.8923491180514
42983,4024.586434077425
42984,4190.96590769758
42985,1656.4387327700756
42986,558.4310898979302
42987,1096.5186205270775
42988,960.1845372719433
42989,994.8180638719151
42990,4448.191196909135
42991,6868.052185653816
42992,5369.922791778883
42993,911.9491425567182
42994,821.0697403524358
42995,1881.5775582442411
42996,4227.326898395081
42997,726.3229210233716
42998,636.1338382108568
42999,1303.4288316049867
43000,1884.1783227242718
43001,7621.957710852675
43002,901.787265663826
43003,9991.313786483937
43004,7200.006274145029
43005,1698.5779402334795
43006,762.5178509819258
43007,5111.179556649688
43008,14542.398100091832
43009,2691.0717951405372
43010,531.3419836013678
43011,2910.1311527783187
43012,927.3113771486342
43013,11460.431046902737
43014,10700.478933773384
43015,633.6236064120093
43016,16247.884761381725
43017,4038.253501892788
43018,3944.6133611990977
43019,815.6777810676763
43020,514.5213330021086
43021,14768.779438610378
43022,684.9437942106424
43023,1757.2315688591277
43024,3250.834137841422
43025,4915.482212858626
43026,819.1020829791581
43027,4817.745721363404
43028,1490.437455555717
43029,1615.68643697303
43030,1151.3064516573518
43031,8660.159640998656
43032,777.9948739257488
43033,7115.560726150408
43034,1024.6029296425565
43035,2767.6715812306306
43036,2225.2896349657717
43037,5349.026739405903
43038,13657.172382730605
43039,1356.0279063455305
43040,11552.504092666208
43041,821.7424758436952
43042,6122.8703670204595
43043,3148.9444404572464
43044,4331.0612131375165
43045,743.0402224184297
43046,2945.577525590768
43047,623.0222708067447
43048,5081.312429836023
43049,896.0754146959017
43050,1875.6572461917613
43051,1976.8602584972948
43052,3558.505466767116
43053,5574.222277798428
43054,529.5832560701565
43055,2973.152033294879
43056,2961.824674941511
43057,2144.963145376882
43058,700.8220098316825
43059,12365.52088109577
43060,1052.6800235493286
43061,886.2346911659233
43062,4731.941900958162
43063,768.0797405257322
43064,1920.6392685706296
43065,4609.984460739328
43066,4590.355636118136
43067,690.2921134132936
43068,1176.5734670614863
43069,15227.43399067865
43070,716.2719057960015
43071,1850.3769144143314
43072,1124.0734129987143
43073,1033.6900702875328
43074,521.333864051647
43075,1975.5762470035459
43076,2083.8513360096194
43077,3901.367273280695
43078,547.7156857089626
43079,776.219864679139
43080,10659.738499013001
43081,6060.617262399207
43082,11003.755132695556
43083,5457.891224473238
43084,454.5011809544459
43085,594.4372657775225
43086,641.9258202034279
43087,6145.127145527889
43088,988.6673287451547
43089,1033.6591212283365
43090,4381.865728192705
43091,680.5220789397362
43092,2363.855988196917
43093,1577.6274906405822
43094,12123.89534839796
43095,5873.428448560254
43096,504.69507061471444
43097,14039.100028767949
43098,564.1836457967111
43099,4511.0063234756
43100,3067.670910412711
43101,4666.236874146287
43102,2792.965198177514
43103,2300.36495525767
43104,446.9583920382178
43105,1152.500148194747
43106,3281.444110776706
43107,1832.411504284373
43108,5753.841890227959
43109,5935.070807432812
43110,6801.265804634943
43111,6365.56056336563
43112,12034.492969659761
43113,5120.995622083937
43114,814.9002754198914
43115,1814.9619894001712
43116,2782.3163867268986
43117,413.3073328358432
43118,616.7372739481539
43119,11227.428711948714
43120,8683.480616311226
43121,750.7418312779179
43122,1025.3415222997571
43123,1676.1280629880266
43124,2469.7968243797395
43125,601.7881193348898
43126,869.4510286700889
43127,5534.55000696795
43128,4538.078968099225
43129,723.3711984120919
43130,5713.344255318968
43131,7459.343773953503
43132,1022.812178614965
43133,2417.2799565017503
43134,4046.0537761462183
43135,760.3042774714102
43136,2290.906551231843
43137,4576.27022967423
43138,906.775408213842
43139,1418.536052720914
43140,497.6651288269397
43141,4481.513741877415
43142,958.370889184248
43143,565.7294436299119
43144,5990.279873243115
43145,1316.6214483643746
43146,7508.110998906355
43147,2085.816310926956
43148,4416.9802564056
43149,1512.2547974790978
43150,13432.88901345006
43151,1013.6135795123228
43152,9741.119822990902
43153,1483.608288506078
43154,3113.8982929307654
43155,3066.75048224841
43156,4021.8447710097994
43157,485.15461524653006
43158,423.7262075765493
43159,1780.0012550079748
43160,515.4581756592746
43161,630.8824947441177
43162,2316.4345887642426
43163,924.0328989985495
43164,11258.51365552215
43165,2515.0408114031375
43166,8190.949082642819
43167,14851.353333622224
43168,10900.940622988219
43169,1672.8766299634804
43170,3948.8263583924445
43171,12299.889839970743
43172,623.0899672775971
43173,698.1749632567182
43174,11173.486240092245
43175,3634.7924860126873
43176,1318.3660460704061
43177,928.1706102798795
43178,1046.311806508275
43179,1923.1053400447088
43180,767.7326675949776
43181,580.4190823770242
43182,4914.602153846273
43183,5319.849702762579
43184,1258.2398699213124
43185,9993.578274911117
43186,4061.4686076095227
43187,512.5987754032517
43188,8327.403140699696
43189,4852.7337425795995
43190,2303.6389393756795
43191,377.4973022856939
43192,5425.309978089079
43193,2054.578990158524
43194,789.3866828648888
43195,685.1217347059065
43196,2844.6613882171264
43197,4715.061685173009
43198,2680.8016648335415
43199,1280.936197199831
43200,1835.6313793053419
43201,2647.7374732749317
43202,1763.822669832955
43203,4462.156258360982
43204,1916.9939219901432
43205,6235.7487993475825
43206,2399.821183818639
43207,7142.184485318087
43208,3577.084295549494
43209,2534.5405289248583
43210,5439.866297052697
43211,5546.704145984397
43212,1281.2628902484325
43213,3071.648089002136
43214,707.6220167046308
43215,14116.80057230027
43216,1399.5174881243577
43217,8796.647853824781
43218,830.7006790935214
43219,5051.425619899243
43220,6775.536617049859
43221,364.70787166476424
43222,2967.6542174524848
43223,2309.842383539986
43224,980.5383808752488
43225,982.181008073329
43226,1595.792087693143
43227,813.854641164574
43228,1629.1754254345133
43229,4055.3202811726637
43230,1154.9773276970977
43231,5471.1696967801545
43232,1434.6967342089936
43233,3504.389999022483
43234,816.4358526002212
43235,707.2661023497785
43236,977.8020077760582
43237,14074.200025300346
43238,3533.741557268059
43239,1205.8343297381452
43240,827.020357175788
43241,3331.6312478410646
43242,4533.095646387274
43243,9106.931769387442
43244,1191.2490494624358
43245,10344.671351069095
43246,5251.302220850744
43247,3063.2495253959733
43248,1168.0542885886841
43249,1339.9756884210847
43250,2184.592609304329
43251,3089.4488015757074
43252,9705.142349678172
43253,1044.6542639515565
43254,2738.314404781238
43255,12342.02700694268
43256,3108.642859656586
43257,3272.54173147748
43258,3781.7962239341277
43259,701.9034064464579
43260,729.8404038221109
43261,412.4963641266753
43262,6151.765201511489
43263,4569.755043516177
43264,991.0964509291834
43265,4497.834450226353
43266,2771.2872909721927
43267,7540.344582320581
43268,4563.8645404174085
43269,13761.438210538836
43270,6416.348348667234
43271,1494.2704831334793
43272,2750.7280598454718
43273,684.5946159674195
43274,1252.067581916372
43275,1489.1603077154462
43276,2485.7077723562984
43277,404.28997634092025
43278,963.7565088076528
43279,3679.9262443342136
43280,644.9467351581776
43281,3108.6290813130386
43282,1430.583963629922
43283,4418.092501066457
43284,3244.5390512519193
43285,1278.0275792203925
43286,2183.300485566312
43287,401.1767078480031
43288,8867.677294041236
43289,1015.6668911848458
43290,3365.858926663492
43291,545.0853305238222
43292,5630.404314792687
43293,1062.1680861930527
43294,1320.3026034686532
43295,705.911333961489
43296,13346.988202885228
43297,5632.701775658339
43298,1790.1495093687956
43299,8415.364152177674
43300,939.4945150248568
43301,16954.42855240479
43302,7175.949273879
43303,2234.7846491438263
43304,669.7410060186559
43305,2077.9237964080676
43306,425.74065555729317
43307,2684.751358025489
43308,1896.8283112352956
43309,11176.128814419098
43310,9496.263364437444
43311,1728.343195445452
43312,7693.722749668087
43313,1384.5217987452713
43314,3032.578072160187
43315,9677.255305831612
43316,6014.044548236709
43317,15260.350905464182
43318,3640.2319001618957
43319,4083.5005632162997
43320,1171.235723558217
43321,535.5973457981863
43322,2358.0906851641334
43323,547.6438541801728
43324,3429.6457920278085
43325,2685.0208997430814
43326,5271.83581974737
43327,7354.415001037383
43328,1882.6258844615718
43329,955.5233301060417
43330,3122.864890224048
43331,1447.7667698678943
43332,11922.927582140072
43333,873.169429739678
43334,1883.6168702563577
43335,826.2689446222406
43336,907.9097181777394
43337,1407.357858386235
43338,1200.050550928934
43339,1891.9696316580162
43340,2113.006331576914
43341,2447.441067830105
43342,596.382847321854
43343,672.4661322192571
43344,836.3289767082447
43345,797.0601819452072
43346,8461.99282186431
43347,5061.561882075931
43348,734.109878216815
43349,1003.052899735901
43350,1394.9268640263256
43351,7836.729574742875
43352,712.9449580141446
43353,4201.584589906143
43354,714.7676152951552
43355,3974.4468353465895
43356,3631.79140043929
43357,3672.560807770789
43358,1670.7801240468484
43359,5252.78992277716
43360,6306.33029140677
43361,4240.802942902827
43362,1950.5584535765684
43363,529.6983605474087
43364,9331.79395830853
43365,4215.66481777442
43366,878.2265213758894
43367,522.7391623546355
43368,1025.0789002860965
43369,2230.782730878363
43370,786.3829463262309
43371,414.1756503760181
43372,15982.460729729122
43373,2810.087268976299
43374,1152.3256973530047
43375,1543.4512642495506
43376,1682.430616560384
43377,700.7761261522287
43378,1036.8731797866449
43379,509.8126511667755
43380,7479.348195957759
43381,511.5110987690483
43382,755.7710564724788
43383,1020.0528832600614
43384,6040.555322353672
43385,13836.18472122535
43386,3091.285861928583
43387,6219.34142761959
43388,4833.837142444448
43389,10595.072927288724
43390,720.9057950384218
43391,1217.641432240737
43392,1712.727894936235
43393,868.3672119414912
43394,2616.214753957717
43395,1917.6277016163597
43396,496.78117281776844
43397,6641.840751002576
43398,880.3059892803698
43399,2559.662352907439
43400,906.4541745385474
43401,2778.7770754943163
43402,508.19622255056896
43403,1400.6651240711503
43404,753.2776330920914
43405,11969.072624285825
43406,3535.225525350338
43407,1858.5571648129073
43408,5897.065553650675
43409,1002.2943432103508
43410,6282.971526332617
43411,9056.259574851698
43412,1743.752812861441
43413,1165.7751607726716
43414,1732.2890502934654
43415,2825.1451433877505
43416,1075.871913060826
43417,4803.796456879769
43418,1265.7301998918736
43419,3231.886791721932
43420,2029.9731966795532
43421,5663.452705123084
43422,11030.109170092503
43423,4572.313140758065
43424,5878.2166563312485
43425,4850.1214503635665
43426,7819.760825711809
43427,615.6355541485984
43428,15315.82912539471
43429,5102.699713978104
43430,1312.7923855265867
43431,1068.2797132378405
43432,1594.9871238779128
43433,4298.760769094955
43434,958.6727716517279
43435,6104.572068404943
43436,15402.960162551264
43437,15200.679435257416
43438,2088.351010204997
43439,4823.365532550119
43440,4229.853637140912
43441,4844.762187717728
43442,6993.439333189237
43443,939.3529727919941
43444,1311.0046413613827
43445,6482.654689988407
43446,5424.832009547886
43447,13242.119956888027
43448,488.4087908074772
43449,13638.34378158504
43450,806.3124247091365
43451,12416.488499575351
43452,1638.3163139489934
43453,814.8883767476257
43454,7763.78601440921
43455,454.52307980604655
43456,710.0003032623209
43457,6624.877342246586
43458,2564.541609813878
43459,811.6648951024727
43460,2677.4850772961677
43461,4667.495558633614
43462,3697.2234735266447
43463,2494.7693896260434
43464,4479.666499453672
43465,5554.039864226886
43466,2062.580919145521
43467,615.6388359731757
43468,6820.052269710135
43469,574.9441494203857
43470,2779.818578855597
43471,897.6099664908545
43472,7273.088189898268
43473,1911.820659454069
43474,4444.327133732998
43475,1369.0303629631667
43476,2726.1909040676587
43477,4428.632129894704
43478,6871.032060985204
43479,552.1873381418109
43480,1682.8624339824155
43481,7516.422048926009
43482,8684.833325083468
43483,992.5204545360918
43484,1161.5340431618397
43485,685.7719992983284
43486,424.8442632789702
43487,1718.4312924206465
43488,5417.348949674886
43489,465.3590599808192
43490,2684.7552639474934
43491,1687.910018299148
43492,4333.757067211448
43493,497.0109242295233
43494,1699.6009654610866
43495,681.4581733963261
43496,2599.263842544407
43497,15731.62794941385
43498,4105.3449497268375
43499,785.8432279801436
43500,6599.604977996573
43501,2310.9328656850216
43502,1661.8003703169372
43503,2131.02468142277
43504,377.4348371040102
43505,2545.108898379328
43506,8338.971669512266
43507,4470.591956984421
43508,950.6728389957393
43509,859.8859474857793
43510,5339.049960293206
43511,5180.091571292107
43512,3161.342956223337
43513,2946.561016436942
43514,772.4939718609365
43515,3450.9532940157173
43516,1309.8800948059682
43517,847.290515990179
43518,697.059122528308
43519,7969.184427250231
43520,4587.40875782941
43521,11902.498422371444
43522,4730.154685158626
43523,615.7600273226003
43524,2911.5186604841583
43525,7515.7921585529175
43526,6791.36691830106
43527,8983.66759640447
43528,788.2801346618859
43529,4014.1538871277153
43530,620.6349462392295
43531,1114.8299818137698
43532,1885.0910560398333
43533,792.466866856152
43534,14943.615854206859
43535,1891.2167375069412
43536,809.6183755207286
43537,942.2489769985841
43538,6343.10346864878
43539,6965.725717942233
43540,785.2410814244811
43541,10185.82496147272
43542,1665.778958762465
43543,5557.365202855914
43544,1184.461427012766
43545,690.5366170214196
43546,634.3926044739377
43547,6341.684326166326
43548,6430.1951592464475
43549,1156.858559527638
43550,3300.604010724056
43551,1013.0973231524029
43552,667.7097650701012
43553,5340.914538668413
43554,1674.0585796797036
43555,2872.89302963854
43556,3718.1454170493666
43557,963.360835522051
43558,1827.0601425522123
43559,974.7850395590793
43560,2063.784718061459
43561,5168.148334622978
43562,958.0372783772372
43563,753.3295406926028
43564,10850.697061602148
43565,1478.5197709058498
43566,3502.0345981481396
43567,7216.093096594522
43568,14430.408684232254
43569,2306.3986277071026
43570,4272.108250965354
43571,2673.184838039614
43572,5786.895297530824
43573,523.4374568517702
43574,2738.249703573255
43575,509.54360320888804
43576,2295.0237259614623
43577,2134.680325468607
43578,6379.003682651493
43579,1704.2382065242393
43580,715.3108203559233
43581,16323.765959360555
43582,1072.414290076442
43583,535.0507835075316
43584,9076.083377010324
43585,5357.873523019676
43586,3900.302632910229
43587,578.0150591408036
43588,679.1868264892631
43589,1026.7637809298622
43590,2527.7421158432835
43591,4069.65095378716
43592,1750.4257677951653
43593,3073.3312439510455
43594,1319.819677165386
43595,415.24543354753456
43596,6090.765072356648
43597,1621.2232638780222
43598,2436.2016246401304
43599,1637.0780573510897
43600,990.7323061196321
43601,1570.545288014091
43602,867.712908411393
43603,4504.455389031322
43604,610.4457158535961
43605,1666.296019263253
43606,6494.795308420505
43607,2543.930831218325
43608,15695.284626382934
43609,1647.4327666161378
43610,11726.383312608901
43611,3484.6034779378847
43612,2562.8414669336735
43613,16464.842159643467
43614,3653.842414335215
43615,776.1087796261542
43616,10083.297609913843
43617,537.8704548697752
43618,5832.302378666354
43619,4160.297969700977
43620,4724.149268492402
43621,7876.535776456888
43622,8781.479493645622
43623,4310.862690324602
43624,1614.107951210299
43625,5170.008204765135
43626,1879.890817261034
43627,547.6291605567534
43628,753.3779865654084
43629,15386.430314018491
43630,1994.3164157333933
43631,617.5992073549211
43632,7966.248906630403
43633,811.221671661927
43634,1488.0961311196975
43635,2598.027130289919
43636,676.449174791127
43637,5364.18658458246
43638,581.6147234442423
43639,867.8703989996985
43640,1397.0034315982932
43641,2105.3897521789454
43642,3799.463414505606
43643,1820.2628486830706
43644,628.3153958738106
43645,2625.983178821061
43646,635.4631706699279
43647,1735.5366349639319
43648,3085.1508743846334
43649,4503.269028981505
43650,948.5943272002795
43651,1332.844333013395
43652,900.3922304657518
43653,505.3453286040924
43654,2047.9900256115411
43655,1583.4873535169318
43656,12248.209811413992
43657,5141.0896655726065
43658,5148.777631824729
43659,1742.5410137015147
43660,529.6288093623695
43661,4087.3620779837024
43662,639.1964149871718
43663,728.7751052220914
43664,540.2044388425998
43665,2013.4285367814718
43666,13581.58725099124
43667,2408.6486876441863
43668,4567.391315428825
43669,2269.237757394588
43670,2150.384072558894
43671,1472.1532426839265
43672,6723.068877577704
43673,14205.031872115474
43674,4551.6643496546
43675,578.7645441034113
43676,11520.065464573565
43677,3859.5176691066313
43678,753.6131088835432
43679,1153.4550137621013
43680,3547.6592840298067
43681,6137.280569385694
43682,982.6980089665507
43683,6953.5555387576405
43684,3019.043500121268
43685,4620.773642001738
43686,3891.851142645745
43687,4269.350219591786
43688,1616.5637569204443
43689,3228.7171986810354
43690,1283.5353169692394
43691,7819.9537520356025
43692,3619.7300187783435
43693,1302.6519962104835
43694,5611.893387320902
43695,15335.183623736742
43696,3753.1937596277867
43697,6413.5300299689725
43698,5255.322648449832
43699,1110.9384277043885
43700,10861.901165605803
43701,3059.972454314339
43702,1134.692947769874
43703,679.5303064799449
43704,9552.620844571058
43705,1187.229190249212
43706,2080.5909242382063
43707,12463.235757364153
43708,1214.310593415104
43709,3448.3241391351116
43710,1129.155653180529
43711,4570.241123280566
43712,5608.353323429443
43713,2179.4513976608296
43714,14042.503549594327
43715,13978.993289813025
43716,5219.067220487231
43717,812.3138582278135
43718,1555.8983900860874
43719,11911.690738910396
43720,5172.720205846013
43721,443.84642429682776
43722,4806.687548951159
43723,589.3444124651209
43724,753.6986110308892
43725,5658.97971474311
43726,1703.938081966614
43727,4886.870408061786
43728,3699.1146287541746
43729,1849.3682032946263
43730,14213.311345253389
43731,1146.2293108483113
43732,2828.597486121262
43733,789.325612319542
43734,699.8577731695428
43735,4116.807678772462
43736,1063.4617653496289
43737,903.5480503243357
43738,1665.891638105213
43739,8418.517566330858
43740,2301.5006417012873
43741,2911.1229992080375
43742,600.1662357184898
43743,1060.8097735438564
43744,674.43810614784
43745,3769.3782380635043
43746,4851.095717730148
43747,11026.43522866199
43748,1207.0137950809449
43749,2840.3098208352267
43750,482.4307265465536
43751,3105.3589934404044
43752,2201.488587900518
43753,859.54876032135
43754,1004.9385934477918
43755,5549.608185362166
43756,5599.603280881526
43757,4379.278399823789
43758,470.1801838714921
43759,14894.000319439476
43760,1031.917558955166
43761,434.02272846299957
43762,6288.146770297736
43763,7487.197661387767
43764,2345.6281008010415
43765,2124.948300176955
43766,12860.799066950718
43767,3422.3376260980504
43768,626.5211817044362
43769,614.8348047352837
43770,490.07159284852844
43771,691.3522597493024
43772,3030.820165700661
43773,4716.860388723923
43774,4488.270405128219
43775,4921.953896840921
43776,540.238510931233
43777,4764.875366835306
43778,3853.5590371111507
43779,5342.252457272172
43780,4629.58488641473
43781,4251.877472322184
43782,945.797981018887
43783,894.9159576384018
43784,1768.3656495408948
43785,8634.057047935392
43786,720.7775629920196
43787,478.9253770866007
43788,11577.295231981198
43789,7231.160937817621
43790,5021.307801242484
43791,380.9085491208137
43792,3697.0079816149732
43793,2434.4650255583347
43794,3265.790568359344
43795,5021.3863516794445
43796,6042.034937183329
43797,4415.131689563475
43798,1006.1060294339926
43799,4354.881057419026
43800,3142.0885758512372
43801,4948.165993474263
43802,10165.977831619646
43803,1925.6089373659306
43804,2500.7225932269866
43805,2890.9490533223607
43806,10205.262790267505
43807,3242.9224854379895
43808,4627.369519975236
43809,11040.135732614459
43810,5034.422809582122
43811,6158.608570662842
43812,1402.2773864642943
43813,1158.4998846428919
43814,800.7314795708603
43815,8491.672585427152
43816,10019.970949222901
43817,797.1163985838797
43818,523.2050225075532
43819,486.5388633386619
43820,788.2275440189326
43821,17482.213542638114
43822,504.57474762893867
43823,14176.54475623014
43824,867.9517481433957
43825,867.6275823878203
43826,2954.5286219138334
43827,13341.277374881138
43828,9987.544465735413
43829,615.5389229475666
43830,1061.5963745177244
43831,1756.0167586153582
43832,650.5011631307823
43833,1894.0630848969136
43834,3940.689944945727
43835,1199.9764063593027
43836,8932.413432157184
43837,1440.5773919955607
43838,1583.3400558101503
43839,17378.224569459388
43840,798.0324720354533
43841,1682.4608843078602
43842,5807.002454488006
43843,4746.198729477106
43844,927.476729204813
43845,6066.051799838884
43846,2094.5848596839032
43847,1360.2634921684453
43848,764.3182794662183
43849,3245.0425641220204
43850,2123.424132266239
43851,4243.028462448816
43852,6320.37326759937
43853,2469.9061259033497
43854,3937.2791065406227
43855,5278.74989937597
43856,628.0134726577818
43857,1042.2449864876678
43858,728.6942423007246
43859,6280.776478891244
43860,4389.291963817808
43861,7554.488788967306
43862,6239.893054643971
43863,4978.873221407339
43864,1666.3768912951082
43865,2222.727241954097
43866,3552.5825267242876
43867,2115.3390880469583
43868,1812.1566959568686
43869,445.6362068467158
43870,12224.070025597812
43871,3636.885950584795
43872,4245.195789026356
43873,423.48915477192435
43874,673.7417424008755
43875,4003.636574016029
43876,656.3269470016666
43877,596.5224307756456
43878,587.3306545200567
43879,1303.230348209613
43880,1794.3424682669536
43881,11685.570321886937
43882,3104.8231472024163
43883,632.6015605113487
43884,772.2974207199717
43885,9018.347201648427
43886,1135.1082182933585
43887,932.8431446624475
43888,1686.9296013316675
43889,730.755673869929
43890,661.8134651568078
43891,5436.504718913913
43892,5394.7385834950865
43893,3648.5353878607666
43894,1216.0882173677526
43895,1151.225660331235
43896,8134.495703832849
43897,1238.2088158413096
43898,1078.6020390060169
43899,8646.195154365281
43900,4916.61303767184
43901,760.6619858467623
43902,3588.3066541964463
43903,818.2416731104732
43904,1935.4606212132035
43905,6748.200716000854
43906,16498.869075963197
43907,503.90334745927635
43908,2411.356481207573
43909,4690.097009387773
43910,4148.764518528115
43911,1039.5662210938012
43912,7685.989497536343
43913,4151.570248086004
43914,1721.7710329530432
43915,763.6250946572403
43916,2952.799588898214
43917,5630.4438037896025
43918,3329.7087141182424
43919,7024.752348833348
43920,1395.31110148157
43921,2119.116690509448
43922,2300.050643530246
43923,570.0479250846096
43924,7890.402818116591
43925,1919.06353110222
43926,3366.8913384447387
43927,608.988493641016
43928,837.5325498044105
43929,1369.1113262971103
43930,1239.1754169677613
43931,704.8399702112598
43932,15805.001720251363
43933,683.3626515315292
43934,600.9488359337229
43935,2587.8442864848125
43936,450.5070933373673
43937,4827.6111439096385
43938,1010.7314780086282
43939,5455.4637053695305
43940,1959.213051492542
43941,549.3691626936504
43942,13175.271154292988
43943,4025.852510524168
43944,1610.7589780603869
43945,5669.553277592672
43946,684.2758465021152
43947,2519.6137558365795
43948,1017.3788642584076
43949,751.5805176067581
43950,5347.082561233125
43951,2420.9241219316564
43952,710.0371520578119
43953,6139.816479955085
43954,4947.127729912922
43955,773.533101561619
43956,3097.787361507645
43957,4168.119446718155
43958,5090.152382955605
43959,2709.624032604481
43960,905.0420437083841
43961,2529.7818651996768
43962,677.2426604955391
43963,5244.877991977757
43964,11866.523027185338
43965,1951.153204332692
43966,1660.4142434967225
43967,540.4126198257879
43968,10346.53535225663
43969,3233.487730461078
43970,1602.9568956754952
43971,831.7625321045192
43972,3876.5533537812025
43973,13591.817611543205
43974,4753.6084720333365
43975,6161.083622317653
43976,3606.9044473154327
43977,1067.8526695371445
43978,1369.1887000916452
43979,3727.6296843762125
43980,15276.704314426224
43981,15835.079823987111
43982,670.1511762610678
43983,2064.519010394321
43984,393.26600447350285
43985,10436.613665682564
43986,9564.536143767702
43987,4038.0374263021376
43988,450.2957179020726
43989,8321.403293616073
43990,695.242102497891
43991,13828.442963119107
43992,2703.0905677572973
43993,860.4662393453026
43994,5167.908048269989
43995,1222.3284948431779
43996,1947.7936599793168
43997,615.7875063061744
43998,6539.8536840153865
43999,845.9037375663453
44000,1016.3016364536428
44001,13884.01071869472
44002,2748.5027309048714
44003,3650.1637906388023
44004,1029.138799075009
44005,7555.0268745648145
44006,1260.2104619934705
44007,877.2500448002027
44008,797.9999809299394
44009,2743.2579869162137
44010,4379.258763694844
44011,2122.3550713288687
44012,4280.637680748127
44013,1860.77127489434
44014,4256.175807614638
44015,4225.700241759984
44016,5859.996335254958
44017,622.6651598192877
44018,2145.3644184723485
44019,776.1204904496186
44020,2761.757744725345
44021,1053.7928717216123
44022,5264.2668773184705
44023,5095.186746917469
44024,5791.216528050581
44025,9074.268742996863
44026,11358.542257349269
44027,4630.791769097216
44028,6930.738716016935
44029,7774.2730522148
44030,2605.9169075835403
44031,3290.982627350628
44032,4271.15155510055
44033,10960.191623937331
44034,415.11362934423965
44035,6810.338601890875
44036,4558.462836519375
44037,6460.073175421932
44038,663.2939714770175
44039,594.6921073307295
44040,649.4177675665135
44041,7385.3970725106055
44042,17353.629111653692
44043,430.79373128193964
44044,1859.3832168727633
44045,8575.375545666735
44046,5892.234135913843
44047,5101.396879688772
44048,15348.22798727443
44049,745.7522604390703
44050,5299.124900430589
44051,451.98119444310487
44052,4724.149268492402
44053,16831.87509338693
44054,13884.92372947042
44055,696.0935478577401
44056,1272.943508514201
44057,636.7960381609167
44058,7249.300328315453
44059,2218.5238572999974
44060,2606.8035062316235
44061,1729.056008795959
44062,6885.802808381599
44063,1780.7095143876331
44064,2483.9395967011333
44065,1559.738755879623
44066,1047.169012352474
44067,9193.61099071716
44068,3755.6968532850906
44069,1620.1466491437575
44070,2628.5058978232278
44071,6231.461385819113
44072,968.0604614592833
44073,1014.5630171731777
44074,1231.0475141920456
44075,11891.354520154657
44076,2125.6274372119333
44077,5107.337005401406
44078,2562.946758782799
44079,12807.882126141658
44080,764.4052715971841
44081,556.0632080776165
44082,1355.720390116271
44083,578.9003468164877
44084,865.7078624938358
44085,2284.251528075333
44086,640.2592738050067
44087,7123.300923057008
44088,1324.5845676334159
44089,1862.4548863732505
44090,4439.332936630745
44091,908.6168407872663
44092,879.303338608409
44093,3951.38880418451
44094,16519.574223781594
44095,5996.958481117051
44096,4946.894766513399
44097,6257.761127337407
44098,1303.2897032921173
44099,1104.848730809285
44100,1368.0083543610212
44101,16802.162631339692
44102,12697.53853981225
44103,411.51442355235133
44104,7361.75603483059
44105,9161.039380203229
44106,1183.8328593774452
44107,1019.775394381834
44108,498.74790833121153
44109,1713.9927624888358
44110,4820.1591367122755
44111,1987.5559666349948
44112,1718.5270484425891
44113,1678.5924258274893
44114,4378.2289516463
44115,757.5270131246659
44116,736.2843231207823
44117,1317.0603844923342
44118,1002.1893825202557
44119,492.35400320165496
44120,1704.1755166738128
44121,1335.860049491744
44122,1678.1565310257392
44123,11478.87142784761
44124,673.9582691962524
44125,2507.771368439264
44126,15325.37849702602
44127,858.823921802055
44128,449.87996500562605
44129,816.3096960662992
44130,2299.084672360309
44131,1033.8405014595758
44132,3347.965116100068
44133,2884.09147179821
44134,706.7040217560148
44135,1347.5139040879096
44136,2630.1921006583566
44137,16188.045271530525
44138,796.0420740974082
44139,1831.4774120335294
44140,3523.0802853687146
44141,999.811270327574
44142,1763.4530169787074
44143,631.5081498802348
44144,3289.4919166935674
44145,2730.792182586578
44146,3967.473303556794
44147,16704.382464967082
44148,14754.556338497981
44149,470.5873231283321
44150,2759.136353980925
44151,1634.4862271617958
44152,832.0893078999668
44153,2177.112001848375
44154,2312.4526713194505
44155,3478.867514726452
44156,888.4134141223332
44157,551.0390731675352
44158,2446.500282674323
44159,1617.146101591149
44160,1215.5794657454453
44161,5615.651726578913
44162,2701.1803803605444
44163,1428.778160522388
44164,1815.2989871048421
44165,974.3981848503078
44166,2498.785993797897
44167,2034.7460208205055
44168,2748.3921246444265
44169,4543.162500831465
44170,8441.360136713973
44171,994.620155311718
44172,748.0215527633878
44173,4039.1014165963015
44174,532.8653144931734
44175,718.6007032191621
44176,890.4402874720529
44177,10056.094978357849
44178,1422.812203068714
44179,12688.16123245777
44180,522.8801909590071
44181,595.7134222960977
44182,659.0846281861254
44183,1780.9274005425273
44184,7227.441920069386
44185,10577.588700589971
44186,1259.0708780170205
44187,1205.5221960412775
44188,6657.852815423588
44189,657.4119659122804
44190,660.2734196350015
44191,5463.923678161375
44192,1178.7333661190073
44193,8570.754359578614
44194,5361.700918045986
44195,480.15384449970713
44196,1623.005263198393
44197,844.4293959458807
44198,1214.0358069459019
44199,5693.88441687381
44200,12081.39657916149
44201,9681.535458292523
44202,5653.7790364074635
44203,10340.120067476097
44204,4235.955481428141
44205,3168.434935489728
44206,4503.565015414581
44207,383.7217364961647
44208,868.6221269494237
44209,3944.210678359253
44210,3924.470426344122
44211,10270.913685529868
44212,9833.644057659796
44213,5078.03642670791
44214,5900.489938614122
44215,17558.879508629285
44216,518.3210883312938
44217,1011.8442954901295
44218,10324.810324784577
44219,1720.3178975695994
44220,5359.131110839463
44221,10690.01571865694
44222,1438.145707919159
44223,1698.928715303754
44224,2074.9079498610367
44225,1212.2434153513302
44226,470.92678776285953
44227,1167.341513379718
44228,460.3197049414338
44229,4200.455599785533
44230,479.42455881057685
44231,13168.628489866587
44232,773.7548548171745
44233,7999.021953750643
44234,5239.292653266297
44235,3829.4623941823324
44236,1898.6233188196938
44237,8477.412048960154
44238,1116.6524796768845
44239,3964.8512548887848
44240,842.9877724235331
44241,1644.9424559672775
44242,1402.303867950597
44243,1555.5587239752886
44244,6235.554344990781
44245,3792.6516710821625
44246,1179.344886614603
44247,14263.301388957176
44248,1250.112622950628
44249,697.579724336999
44250,1795.510326140376
44251,2509.636658807848
44252,12608.656079920504
44253,5842.681280716657
44254,1217.0980555552505
44255,6358.917283899142
44256,2227.2364545298155
44257,5377.629695179397
44258,769.6101781239354
44259,1912.1184359276538
44260,1170.933106713938
44261,2464.88202376284
44262,2481.447206079478
44263,2278.256673630994
44264,2011.6273737939491
44265,4810.9829257160745
44266,5118.564697473219
44267,466.817427413224
44268,3829.0331053950326
44269,1107.628412247716
44270,5743.927583764607
44271,5447.354406995337
44272,2518.7486029284187
44273,6417.752770060252
44274,3191.2748673220863
44275,4870.400410616575
44276,13289.30691312435
44277,4366.159864250786
44278,3073.879141222976
44279,4772.91826996254
44280,614.8930013380582
44281,926.5896331936348
44282,2599.1328209483336
44283,4295.988605517217
44284,1333.3834804291328
44285,1093.239780264119
44286,1104.5138932536138
44287,9207.896851710042
44288,2352.99110212241
44289,1063.238662196717
44290,703.2383725328586
44291,4073.47063969348
44292,6816.433352622048
44293,9111.171918286023
44294,2014.5282696139336
44295,5252.776111567789
44296,15535.230101838955
44297,1583.1722541207425
44298,16276.937136159399
44299,1363.94508274152
44300,1029.7758386745309
44301,3294.2633316772167
44302,1333.1796961551804
44303,1503.1737876628943
44304,1660.0808281572706
44305,4450.26125775099
44306,6855.967965128879
44307,13054.568602451149
44308,5458.430582703109
44309,4334.443611097192
44310,8187.468893167199
44311,4825.133169509296
44312,2148.4985682390125
44313,8931.860504657741
44314,9617.60604093072
44315,1096.4843225620193
44316,6942.322365083014
44317,5762.0656648366075
44318,4790.801639772745
44319,7180.285350128156
44320,2828.235196257932
44321,904.7217868885486
44322,2907.461461608994
44323,679.139778680791
44324,1905.843773039052
44325,1694.7580724997554
44326,7173.465902010388
44327,978.5669705961491
44328,4229.378138341177
44329,10454.123429984813
44330,2315.155666809123
44331,892.2169434818304
44332,981.8699392503229
44333,717.5447019103367
44334,937.046286945375
44335,1838.5825751552788
44336,15170.76037962324
44337,2189.232222772915
44338,7359.270891776485
44339,13769.096337857625
44340,8144.282102055434
44341,3832.1980872020263
44342,5011.2846202365
44343,2103.8922101418666
44344,5654.231152025338
44345,2248.7738256759058
44346,1528.1745997596513
44347,661.9931353087961
44348,896.5238596985773
44349,11253.607385146865
44350,2458.027581011911
44351,1678.193043397739
44352,1961.8524132137259
44353,569.9240812899912
44354,1054.54270246362
44355,1280.0130080681774
44356,2381.8061523662273
44357,1033.3458575465474
44358,10105.91486249498
44359,714.0984064804456
44360,776.69197824109
44361,13791.876412993253
44362,805.8587227531095
44363,963.006700867003
44364,5147.90487349491
44365,4657.3294208208745
44366,5305.271405923608
44367,1440.4927079836013
44368,1753.8436725983488
44369,964.3074314410823
44370,459.17891866258367
44371,967.2423016287737
44372,6319.703704284944
44373,7339.6326579682045
44374,454.0133236073156
44375,837.9491276132479
44376,1357.1919627255181
44377,2565.467597994359
44378,1729.1582274413754
44379,4209.618023959212
44380,617.8537820307333
44381,888.836443212949
44382,3020.58557072351
44383,734.3327011212626
44384,7267.659744629567
44385,1302.031885512656
44386,937.5153317607504
44387,1111.1323401714549
44388,3941.959936529509
44389,7482.007064045763
44390,10262.21526234798
44391,10158.968362742828
44392,4694.031037465929
44393,829.7024955933969
44394,4917.342464611305
44395,819.9819427251659
44396,889.2211170797896
44397,8676.329070203376
44398,11896.444546727462
44399,1654.2292375709508
44400,12216.245257940149
44401,471.4825210851862
44402,3176.4504486448923
44403,12663.12743406943
44404,589.292265664025
44405,867.6925661321153
44406,2757.3237164117713
44407,857.8762887615329
44408,495.3197928992926
44409,5795.01350965959
44410,651.629380955594
44411,818.8323675631418
44412,1000.7797841923956
44413,7601.85253147197
44414,1244.2155324195455
44415,865.9395977549146
44416,5445.94696725391
44417,996.2265877603497
44418,1888.0033889861563
44419,406.449123923103
44420,2248.0490115790353
44421,5966.853366528809
44422,5426.728336604591
44423,9717.122542090197
44424,1661.9495928102688
44425,4407.137205205304
44426,12572.618848877932
44427,1333.5183231236558
44428,11156.738968079173
44429,1953.1209255241652
44430,11741.114010250814
44431,2098.645192622184
44432,9994.272550922391
44433,638.1230434823126
44434,1844.9485572054768
44435,465.52486212098927
44436,5014.655417440772
44437,2329.7360703097484
44438,7429.227522587628
44439,842.0850981694656
44440,380.534814792683
44441,3434.130842917302
44442,4827.6638977682505
44443,2385.6235621981878
44444,9749.901463096703
44445,700.3134718871871
44446,665.2159264432639
44447,705.7760699826142
44448,408.79438327312533
44449,5480.118485384737
44450,9600.53028830938
44451,615.5060150366608
44452,1547.8360290694957
44453,830.183981638773
44454,13977.794457012957
44455,776.219451896363
44456,9928.614177026846
44457,8688.914325369427
44458,593.4148310305778
44459,2678.850343774943
44460,16702.77248516031
44461,4356.481543696828
44462,7961.330030784745
44463,534.8564847870565
44464,3051.86862615124
44465,4850.322114199977
44466,2663.305338657516
44467,8175.324303273338
44468,7111.054569215903
44469,487.81849574354504
44470,7005.772052355758
44471,416.3693382005741
44472,806.8200356477349
44473,632.2254083965025
44474,4504.932973279371
44475,576.7016737277049
44476,1287.9969378310136
44477,607.6970948706121
44478,582.8433800205405
44479,3630.6973610544096
44480,2849.9283180926545
44481,1790.5183598250853
44482,606.9062837438015
44483,3359.6029852583506
44484,2448.20322035744
44485,603.6524989456025
44486,911.3714150936629
44487,5112.116503821013
44488,1769.791448880991
44489,1477.7485077930812
44490,619.835513318109
44491,781.4411162460476
44492,6206.481470189287
44493,17376.54058326154
44494,525.6686232047127
44495,9385.34045242929
44496,5265.224272026085
44497,572.3580823578048
44498,2609.8006962806994
44499,2439.0996472340935
44500,1582.5326053101605
44501,881.266482509705
44502,794.5150885129622
44503,4613.018423257968
44504,3018.434397162953
44505,572.7795550890758
44506,3420.816528400211
44507,1465.9173532086222
44508,3677.5702925451014
44509,467.30087147616655
44510,611.1051405622508
44511,4847.722297477989
44512,15552.809614987083
44513,768.8928936786725
44514,1052.1322137438913
44515,3239.8233202058705
44516,451.75536234879735
44517,2870.3719030059324
44518,2473.596276739095
44519,541.4060343616507
44520,7129.498107148921
44521,2009.588296489065
44522,2174.1462297760036
44523,4297.99384166404
44524,432.6150686496401
44525,746.8523662969517
44526,735.7307262439183
44527,3004.834093412078
44528,1199.153063882191
44529,4940.549827878588
44530,654.5693870265939
44531,14938.948382920853
44532,6412.057416857694
44533,963.6848860258171
44534,7094.815456791998
44535,5230.665422778615
44536,4091.307596967614
44537,8528.344378064226
44538,777.2616532738592
44539,995.83441841785
44540,15779.854168660451
44541,952.1709943091386
44542,9287.184443812816
44543,9060.152683905897
44544,5255.562580603894
44545,1978.4515282495654
44546,2801.508183799043
44547,562.6466452245718
44548,464.05037789752373
44549,5239.096326666058
44550,670.9114523248362
44551,700.7333183923142
44552,782.4822449452859
44553,823.9861173330668
44554,943.2744136517679
44555,3811.5183303731596
44556,4130.601256375171
44557,745.9554668881176
44558,667.098161867307
44559,3258.6242255436105
44560,5175.752314435495
44561,7121.386414633643
44562,2759.076318370716
44563,1834.3637055139036
44564,506.3173879950427
44565,2607.535469030808
44566,5914.732093458138
44567,988.1346296602563
44568,4573.478715825043
44569,8214.007333681102
44570,614.7808910018475
44571,711.9880904312398
44572,1070.6294127593678
44573,478.4043374985203
44574,638.3803979128501
44575,1839.757393441774
44576,2109.4769009743027
44577,1471.8136242567045
44578,2575.345373491069
44579,665.0308975439056
44580,8827.068924925748
44581,1722.503904995287
44582,978.8439823446078
44583,803.8541779659206
44584,3156.183014340401
44585,1258.08499874764
44586,604.844508375821
44587,14649.892730083106
44588,590.9618493489039
44589,4112.1071152650375
44590,2777.8062735611643
44591,651.1380189338856
44592,1022.5969044175489
44593,5213.2052292372855
44594,13057.443139263716
44595,16101.961914900301
44596,691.4879419047531
44597,481.5849455974641
44598,5240.85384002271
44599,3406.7528256784462
44600,9682.69658267264
44601,481.7185626581091
44602,798.2002575470808
44603,793.8040596160301
44604,3009.7078988427725
44605,1643.375235428763
44606,6244.711770741273
44607,3165.716041103437
44608,2209.5608871320183
44609,2510.699222692832
44610,3179.0009195800894
44611,2374.63398703299
44612,3003.202272760944
44613,3893.50393064897
44614,5691.987781699973
44615,2509.0819266296107
44616,3869.46575102768
44617,1953.7247335226652
44618,2451.9819952066987
44619,3174.1517482162144
44620,769.3595219888762
44621,1025.4765306625557
44622,1701.629261275694
44623,12699.126789937905
44624,2923.561086618055
44625,852.235862968085
44626,4337.586327867799
44627,1250.473773302506
44628,16490.28455101584
44629,8489.247576257158
44630,10153.001215114089
44631,1418.2586639393887
44632,8646.250811155653
44633,5444.991639031981
44634,1014.3007920267897
44635,15786.419087961294
44636,741.0911034194207
44637,1929.1842988938995
44638,16038.08312342686
44639,450.65304930425623
44640,8632.4215285351
44641,3352.5935288804158
44642,1769.6358684515862
44643,3247.3781264734425
44644,4098.668721901112
44645,1014.8022594262501
44646,609.1437367353625
44647,4184.43275245231
44648,4245.487021124324
44649,962.446517093843
44650,550.7722483163589
44651,7163.541359983874
44652,3778.5346387725667
44653,575.9244073066347
44654,638.6779558348676
44655,2073.2771016571696
44656,14031.535467882975
44657,2890.9048308624965
44658,5837.237350451556
44659,1065.5886906733936
44660,1409.0766039199314
44661,687.0170520535946
44662,7510.785475835705
44663,2492.3819174841824
44664,16761.79250857291
44665,747.80210219808
44666,4164.68394134768
44667,901.3962233613669
44668,2231.6493997133425
44669,1090.4224286497083
44670,4580.973356751295
44671,624.15050998555
44672,779.3839241162036
44673,6694.664560246166
44674,860.84060635425
44675,9698.78306343306
44676,967.5976230006908
44677,7928.456273656361
44678,909.4895260222103
44679,590.8732728432998
44680,1592.5107577646058
44681,2191.494073490998
44682,1463.9901963536836
44683,4829.884729786254
44684,9647.375326368561
44685,1044.1421682236653
44686,2563.8692476249776
44687,904.9637519611775
44688,785.3739367468909
44689,830.7062775742653
44690,4478.1226356262505
44691,2146.6895765523277
44692,715.1959635762826
44693,707.645403971319
44694,3847.8504178466087
44695,1425.6198441101603
44696,902.3030708813249
44697,3932.242917976179
44698,1844.9126975097863
44699,678.3979604904897
44700,13877.548853510667
44701,5454.253079255293
44702,2456.896136459418
44703,440.6390762750619
44704,4448.472251438599
44705,1734.5850495735174
44706,1796.8038767834576
44707,1584.6097833852773
44708,13843.169764448681
44709,1715.5787706718315
44710,773.2973192334297
44711,1247.1376371424894
44712,12860.361546188336
44713,8681.337315309751
44714,10403.58682739361
44715,729.3168033341808
44716,13795.232815118989
44717,2241.007245832496
44718,729.0495216934613
44719,2477.35500750238
44720,5066.342048189488
44721,1803.9042918096425
44722,7819.921665193345
44723,4984.9762988583
44724,5092.220087581356
44725,4079.9248650023906
44726,5360.73764501154
44727,7709.61060678913
44728,4531.970286055227
44729,3995.937577125555
44730,906.5397124186686
44731,6668.910568006123
44732,713.8427822732323
44733,8075.149454394748
44734,755.9763951076746
44735,537.7813669082304
44736,1215.0067487105773
44737,621.9438614921077
44738,593.9086659182111
44739,774.6069895849485
44740,17957.723753873262
44741,2508.3666719393045
44742,623.1741375836172
44743,2893.3350669548863
44744,1258.618014207905
44745,604.736382386946
44746,10451.712603295711
44747,2750.442398974368
44748,2390.6630019609547
44749,4882.696303675998
44750,618.3102507762437
44751,1312.869114158027
44752,980.3486608658884
44753,2593.888945499859
44754,603.929954744897
44755,2574.864492431334
44756,577.1275911391397
44757,4112.9315796778765
44758,972.29170058195
44759,1047.165852930703
44760,812.4648047780626
44761,13529.23593219678
44762,4448.153311067193
44763,581.9212989933524
44764,833.9703359309194
44765,4063.9539530464576
44766,15982.65923803602
44767,695.6697142381378
44768,4897.001691589487
44769,819.2171666659038
44770,1042.2430286228039
44771,16965.895104320454
44772,515.4578130648815
44773,757.8149303270259
44774,5538.335867481315
44775,2591.4660187361865
44776,879.7431844776444
44777,658.6743510587701
44778,2408.7487798691027
44779,487.03251483885424
44780,2760.128373391411
44781,2354.2031535827314
44782,3113.5124680330123
44783,4084.0374923284344
44784,688.6027983140514
44785,826.9027409695769
44786,5719.259616811986
44787,4863.130003704865
44788,578.5731577281279
44789,1094.6326687222954
44790,1102.7853624181528
44791,1826.3008884225312
44792,2765.6525253998334
44793,1072.607988033767
44794,4265.227856372686
44795,1054.7360093957623
44796,932.3917382663421
44797,7757.716737791866
44798,1981.6913922966298
44799,4270.2699163317775
44800,8993.714899838913
44801,901.1250935799758
44802,2147.0543565003445
44803,1970.2339894501256
44804,1946.920759065938
44805,8140.944554662147
44806,5800.48837113066
44807,1649.713912030069
44808,4719.40933960256
44809,3024.908433042378
44810,3928.855367939136
44811,1136.5060647408031
44812,14184.676270271313
44813,2563.745718294155
44814,6683.585882904658
44815,6889.947851096115
44816,4447.904877186374
44817,1174.216160243349
44818,3984.5571477825783
44819,563.3407980046454
44820,1064.0878245228273
44821,581.1514040708797
44822,5335.582550043328
44823,2604.733764192698
44824,4074.3417765146924
44825,1221.1645709402906
44826,5521.545907982162
44827,572.3373483445089
44828,4346.321492205444
44829,1186.7116008915978
44830,510.71827693398353
44831,5117.748273170993
44832,7712.040823375314
44833,709.7581557711784
44834,15583.974660798016
44835,5222.706213479852
44836,2458.8652071360766
44837,739.6189328353149
44838,9979.189121586207
44839,1666.8911976033016
44840,2129.2784257092094
44841,656.8753192106129
44842,2419.692655669929
44843,920.9265704746128
44844,6589.339565147091
44845,6908.601264309215
44846,1390.0047841831133
44847,836.2741657501111
44848,562.0713454982186
44849,2837.1241799845648
44850,844.9669739551499
44851,10622.7081918127
44852,7226.783487608232
44853,1547.682912793667
44854,670.2384615203517
44855,448.4503404997314
44856,691.8634618592058
44857,1004.9382238135862
44858,2912.7476656132667
44859,9786.142483854743
44860,2009.2843551656856
44861,1080.9981340166346
44862,602.3738339137001
44863,3935.819725426906
44864,578.1362256225317
44865,2218.4352250863
44866,2307.486915829861
44867,3124.092114603786
44868,6164.146572306127
44869,1476.005201052902
44870,2187.8214439473745
44871,1779.5394935588026
44872,13781.029834247725
44873,3499.4709313930516
44874,864.3496947495236
44875,11683.34335292749
44876,6269.339354544067
44877,10967.329019170613
44878,3329.364332632063
44879,651.9047374737827
44880,3307.621538785645
44881,4762.954090782912
44882,7137.229349028506
44883,1041.7025672857399
44884,1813.6427680859692
44885,598.6775619475247
44886,476.13625269216186
44887,726.0323730588436
44888,1234.3841350455268
44889,1679.3122529511854
44890,781.3912438256016
44891,6744.118989104835
44892,14041.241075059332
44893,2130.169012411245
44894,1109.481349478951
44895,16786.66414783257
44896,671.8812076899661
44897,838.5277086427194
44898,5139.431458892541
44899,2690.7409718151016
44900,648.5483128934746
44901,6473.899826983945
44902,555.1038328725541
44903,6820.726962327253
44904,1387.7631085696476
44905,502.6549685245058
44906,8291.712508077057
44907,4280.825723792867
44908,3202.844918754999
44909,4476.428950797662
44910,6393.627949392506
44911,7569.456995012445
44912,4711.354533915481
44913,1754.860588250088
44914,4450.233140658161
44915,15979.281507007016
44916,1899.3054359755467
44917,4175.054272197053
44918,757.5752680901364
44919,9604.509462420505
44920,801.5761079657201
44921,1906.493869505483
44922,2627.1403781922872
44923,790.9957794968774
44924,2921.3710577072925
44925,793.9299788459655
44926,745.3830891567573
44927,5117.603815001778
44928,1302.177569755914
44929,711.0601792904622
44930,5733.670441944879
44931,17045.85244744815
44932,1132.9503154197766
44933,13586.174806369872
44934,6859.458860990953
44935,1775.15260253366
44936,11633.412140893839
44937,1060.3819619566573
44938,905.8236566997817
44939,862.741193891441
44940,1956.0275414603116
44941,14345.081859042288
44942,755.8496835602385
44943,11403.718928430177
44944,507.09213170672575
44945,2681.7527476242662
44946,2789.9874570035245
44947,2294.6483226839746
44948,1147.255864035012
44949,9690.233064836511
44950,7920.422677916558
44951,714.5423032841302
44952,1040.496755493231
44953,11325.125931215778
44954,10983.81298515773
44955,4023.6029461360404
44956,1330.437461106298
44957,5802.585454225974
44958,8481.721914124757
44959,8173.063510517688
44960,538.2048533363018
44961,13166.87762808799
44962,1068.5352793981685
44963,1323.6895639376837
44964,822.2961147499248
44965,2679.2153189415667
44966,6891.932238477585
44967,5400.368884795186
44968,548.4291076842746
44969,698.4188205522361
44970,1657.4715352451078
44971,1608.260171253387
44972,852.1947178720104
44973,1269.237375024788
44974,16692.15780905743
44975,932.9580781216949
44976,3264.9575689892545
44977,1614.948598914574
44978,1162.1054795365783
44979,6775.71267997408
44980,821.3660944666697
44981,5714.461396979292
44982,664.5129084628146
44983,2342.8240497046704
44984,1247.2290212373614
44985,1846.564441165688
44986,12312.502673020283
44987,15856.11846349097
44988,5891.728504644504
44989,1294.65008655788
44990,3573.1856870375505
44991,17147.006992757775
44992,578.4389373910321
44993,16698.639223447077
44994,15757.47735139048
44995,3341.4082755134696
44996,3107.8756490385854
44997,2370.6650120419263
44998,6031.96976974428
44999,2346.530976826325
45000,8896.458600760974
45001,2092.285606307261
45002,697.2943092879381
45003,7464.713267024808
45004,553.6101321752964
45005,3650.279226503306
45006,1101.2933933565093
45007,6272.324071076976
45008,446.51839633135353
45009,2696.6417274742175
45010,835.503147703042
45011,928.0765964398823
45012,801.5802548633893
45013,2535.787103295594
45014,2518.649645759747
45015,2591.7689226248826
45016,3964.210505291485
45017,1909.9894617906436
45018,606.9132948795863
45019,1349.6010279492286
45020,6591.134377559774
45021,8054.057217846398
45022,4725.913290136505
45023,6497.332815576899
45024,3423.5769900767687
45025,763.9241480798152
45026,2935.090751740904
45027,1885.7440568671886
45028,6594.326799251584
45029,5419.564988608025
45030,4032.333184324485
45031,1144.9426123808635
45032,983.9587905945409
45033,3056.4294232577276
45034,4878.563067880297
45035,5696.3448610668875
45036,6890.29798038092
45037,4713.303579354907
45038,9146.479366393016
45039,8000.142243890271
45040,1030.1257035691858
45041,1039.8326033854278
45042,574.651826666569
45043,4686.353980156554
45044,3575.8137626422113
45045,12838.694604572427
45046,4140.5331726611885
45047,1504.8242967757235
45048,696.734184466939
45049,9084.444809877754
45050,3562.9532489506346
45051,3939.1078267721755
45052,13699.161606603357
45053,1807.8667043649014
45054,2698.7538553290674
45055,13740.4814565855
45056,2199.894323557937
45057,15302.627416640744
45058,3002.9291335745993
45059,10750.273897733
45060,3903.418272209359
45061,820.0128057562496
45062,945.1261729742756
45063,3811.6316656393124
45064,988.6714838098648
45065,1711.43338558066
45066,1543.5631902457765
45067,9962.44202039609
45068,2505.213796054601
45069,1785.5824005353825
45070,7497.573202223817
45071,12358.226146826722
45072,10102.847279295842
45073,3391.1971636449703
45074,430.05415066299145
45075,5647.915183326503
45076,6213.198790371326
45077,1264.0397869400615
45078,6284.76364480626
45079,2232.484504343932
45080,746.6724875025188
45081,664.5828728371938
45082,2560.750445715108
45083,2481.1285099886745
45084,883.737973438773
45085,3754.6812172554655
45086,7137.19457313401
45087,5991.932091320887
45088,5556.0813579105425
45089,6893.622565420749
45090,859.7002465337431
45091,528.3661079167229
45092,3313.554902820262
45093,486.34357050402707
45094,2496.9246069375877
45095,7733.386230979195
45096,1846.6401226960745
45097,13362.739751619514
45098,5405.085433967479
45099,2177.6587711218367
45100,760.2681557848832
45101,14955.206932852408
45102,746.0516277415189
45103,5153.440173625407
45104,1498.915203340911
45105,1194.9213857679752
45106,1066.3424387202604
45107,1856.7403517710322
45108,932.3990609095704
45109,9247.388814042097
45110,2997.631802628041
45111,1545.7929678850169
45112,512.706415507024
45113,572.2698096909003
45114,3003.072146057394
45115,1933.1492657200934
45116,1000.4664381788978
45117,8443.817368898575
45118,1916.4608221980009
45119,1013.6373260730658
45120,3979.995605329673
45121,805.2215279380432
45122,2966.687088247015
45123,6867.795930603395
45124,726.7613503560245
45125,2572.9723161506167
45126,2383.7263727784434
45127,1361.0432792990898
45128,549.2074054003101
45129,4973.422412469172
45130,8488.704441443331
45131,5208.819059623133
45132,763.8406582791762
45133,17562.03884575136
45134,1038.2596804760312
45135,5662.32871384637
45136,4575.999819738076
45137,1708.3898448415655
45138,2507.8991703844295
45139,3412.854359234484
45140,5674.66999765406
45141,1014.133879142122
45142,9278.901688081654
45143,967.6960631785413
45144,5894.880605521388
45145,4228.862247590657
45146,8062.736575159704
45147,380.2274981146226
45148,8155.469812572632
45149,591.326779557452
45150,9891.190742508543
45151,441.75143386727996
45152,5907.151187959891
45153,4974.275719628773
45154,4542.069688532956
45155,3821.500143336
45156,592.5766353966696
45157,6865.161230404687
45158,1644.3980647854617
45159,10033.938660765436
45160,1022.8285973429952
45161,424.0880860419796
45162,7143.084307842716
45163,11195.990390781468
45164,819.3179999739743
45165,4038.9251009901295
45166,559.3845745341789
45167,10408.199444264776
45168,13393.829574466976
45169,4289.718080290667
45170,4109.216741849974
45171,811.5223258060953
45172,1108.643591786761
45173,12043.329802104161
45174,1054.755758959581
45175,5500.627628542248
45176,13394.044862197094
45177,1086.635679769692
45178,4480.421427556536
45179,2394.108614522067
45180,6706.630979536249
45181,556.9712730956034
45182,986.4405552042325
45183,2291.408437543421
45184,1008.4769261435057
45185,918.2731479353034
45186,1468.8724714031537
45187,5126.195464819574
45188,8991.731452677514
45189,721.7319897479439
45190,676.2717470259805
45191,4651.172354960374
45192,507.49047295229303
45193,4434.7818737416555
45194,3084.5118509914614
45195,773.6841863779329
45196,776.2470071416184
45197,6712.412712020343
45198,624.9594095372843
45199,2212.263770522208
45200,1613.557584294399
45201,4217.382467383948
45202,1132.4633676130243
45203,2997.0313116138036
45204,8761.320233164553
45205,1474.5423673814307
45206,4945.771517840353
45207,15379.437373036333
45208,3888.5758541857194
45209,4327.7588662149865
45210,3417.806295827482
45211,415.82172915680275
45212,940.9841662877025
45213,5025.2746340218455
45214,7733.167031776062
45215,885.6833458134872
45216,807.2964003929096
45217,940.4076819569863
45218,934.8474167683838
45219,6116.795669698137
45220,3696.8871483022226
45221,5991.806841752045
45222,2249.1892943358525
45223,4333.124189062808
45224,885.5254684535748
45225,3752.806921541604
45226,1446.1236760416152
45227,725.5149335502551
45228,809.1270861900281
45229,2105.951781487979
45230,2905.077807892025
45231,535.7996318235114
45232,13943.789925542886
45233,873.8308290290789
45234,2409.908015226623
45235,684.7531866868292
45236,2684.1010598508497
45237,1631.1889807493483
45238,500.835701820292
45239,489.1934972637557
45240,3629.8597447227294
45241,512.3328960466597
45242,7028.720694583653
45243,808.6134167337042
45244,798.5408954188085
45245,1152.2264085663132
45246,1690.943788334795
45247,4339.018081945044
45248,1097.5315580971258
45249,5757.315833032114
45250,1622.2493949606464
45251,4064.51047573938
45252,1005.91175268671
45253,717.2742373746341
45254,4513.221281994227
45255,1245.2754808341663
45256,7476.14403023015
45257,6851.352044050726
45258,5702.561405094368
45259,702.2174938241874
45260,2387.4327659563737
45261,449.6024056762825
45262,9782.852219306835
45263,7050.940174082688
45264,485.7724802843139
45265,4255.936285835636
45266,2765.2208310890446
45267,3139.8825837875897
45268,2400.6350809148003
45269,4168.817943592529
45270,686.5507062685715
45271,5714.455547217915
45272,1813.0387465929487
45273,3526.1740904823337
45274,3530.3522757471615
45275,11310.079273978801
45276,10957.119440069391
45277,3937.179378052228
45278,442.6744115154281
45279,1248.638486996474
45280,920.7444821790052
45281,577.8825297253292
45282,3209.123504434745
45283,8528.127013683306
45284,2358.927683343697
45285,1199.3645167682628
45286,999.2971662391834
45287,1760.2757391733376
45288,1110.0130561943674
45289,1031.3517702325405
45290,10127.63380183541
45291,15242.55263147121
45292,16871.32822251354
45293,13091.965578378165
45294,10829.36628324551
45295,652.5241736688358
45296,5157.617181975166
45297,983.0112067279086
45298,874.5498391539511
45299,4849.6403933547845
45300,4510.849515659973
45301,1075.3903293857886
45302,758.3419161691083
45303,673.4014597813571
45304,2632.1419277072864
45305,1531.1276776003851
45306,485.52366250595
45307,2195.209500728985
45308,3490.434099130168
45309,817.5378945121029
45310,793.336064833365
45311,16985.893530074736
45312,839.2885112487179
45313,2829.045423103972
45314,3311.5415402073895
45315,2629.429812823215
45316,869.9495942330374
45317,1755.5655463881005
45318,865.4035600813738
45319,1030.0573874261995
45320,3871.0529357916525
45321,2787.3938180315495
45322,14812.250706522069
45323,8118.614881731637
45324,5464.194417464278
45325,15710.986730129154
45326,924.4855029195636
45327,7479.135943940077
45328,739.9023387950493
45329,757.9887695818478
45330,777.7570780724338
45331,2663.7918934517975
45332,813.2526413513859
45333,936.9765262012269
45334,778.4700834257163
45335,2553.5283690898477
45336,3741.910359176554
45337,4656.287119623574
45338,4131.070286364068
45339,757.4260415737797
45340,7088.322902294087
45341,722.8562773047202
45342,866.091535783227
45343,5886.5742683971275
45344,4958.4878726983
45345,833.1084291756508
45346,642.5606993161341
45347,4241.458359465315
45348,16058.98472792933
45349,798.0950132224087
45350,810.9355191852369
45351,5614.3726889090085
45352,876.4770071334804
45353,3636.4603668953864
45354,5092.594898697919
45355,9509.684657002534
45356,396.4976863090655
45357,9394.905730624447
45358,873.2416853166048
45359,13633.60496730712
45360,4895.9590957097
45361,728.6619840949473
45362,1814.710207520159
45363,479.98721689770986
45364,1651.3544626792984
45365,4393.8591887124785
45366,713.459212988414
45367,473.4853896972032
45368,11659.91018637083
45369,2412.0066132097177
45370,2112.776704252
45371,775.3349414060793
45372,1014.7860673278068
45373,9100.78322465863
45374,1505.6740071151971
45375,3929.956053402752
45376,5936.168206186
45377,521.60567790681
45378,9370.060409870846
45379,12232.740446957838
45380,2035.266551337447
45381,1691.6855240224884
45382,521.6263072497867
45383,2594.6414161357507
45384,3225.2497121014035
45385,897.5414738331108
45386,847.9906518264272
45387,4947.595568070663
45388,957.3697516614843
45389,561.7201386291504
45390,6144.434937828029
45391,3398.4541193009754
45392,13970.178075920528
45393,12930.635220113927
45394,1571.1583576938574
45395,5094.9622403684925
45396,769.1915874444609
45397,5730.678762796479
45398,969.4209197777278
45399,1391.434325292456
45400,11283.770797091503
45401,745.7855309998496
45402,2190.918117613372
45403,10489.52310625282
45404,6329.18389227618
45405,12445.423157857918
45406,7761.236697353109
45407,665.7970691519738
45408,768.5441893052648
45409,3382.5280406264637
45410,5121.646711641304
45411,651.5390266584513
45412,858.5050158423364
45413,2981.4905786296526
45414,1724.2293845682218
45415,3209.7523767641924
45416,1183.7468840542456
45417,681.893805120855
45418,1607.4823097622802
45419,6933.221694544499
45420,861.9591099941026
45421,11562.353253958854
45422,1310.3285617629979
45423,645.6531742264892
45424,3707.9666551470227
45425,8736.939155091999
45426,6478.328572649587
45427,4636.003037152907
45428,2220.857953709339
45429,1427.0480157273144
45430,6259.135256379073
45431,746.797375048476
45432,1250.04883977514
45433,2358.6649374594904
45434,5865.131344734637
45435,1053.9784078902285
45436,1874.415552759281
45437,440.44527176690303
45438,3907.011999906093
45439,558.7447543199975
45440,830.4129172504813
45441,4173.715422277282
45442,3600.4012087037127
45443,8925.817303612796
45444,3137.557941144176
45445,448.9322359216135
45446,3513.758694570167
45447,977.8720662710052
45448,675.3635705727098
45449,520.9257904148473
45450,6077.837746155917
45451,3879.892159602162
45452,7232.13884686279
45453,1792.342340212519
45454,4864.541645563551
45455,521.8546599588714
45456,2161.0728720239977
45457,866.2322669005662
45458,988.3078248980147
45459,2680.6920947603076
45460,3576.827448527828
45461,676.9605753620209
45462,9436.798127379692
45463,743.7329727633414
45464,2413.185824445476
45465,14876.382166541265
45466,712.8004253126202
45467,1267.9048385216656
45468,699.7834490730754
45469,6503.821928265803
45470,1176.442758148933
45471,1078.4176645209293
45472,5657.662111457292
45473,8712.255028416275
45474,1009.4022974440124
45475,2108.6448996542895
45476,14700.455012644374
45477,811.396432308105
45478,522.9501725707887
45479,5956.079579230002
45480,4281.162499209691
45481,502.9114252855577
45482,2342.324614138924
45483,1091.6754705478168
45484,472.8348143040231
45485,5218.23100491988
45486,678.6894069261649
45487,1427.878223438764
45488,4326.87260090053
45489,775.2477793840811
45490,4420.424135197496
45491,4991.47378730064
45492,570.6244956209929
45493,3241.430482083707
45494,2156.827660638516
45495,8669.930159673178
45496,3249.3364110681114
45497,2871.626381784431
45498,4894.034703591959
45499,5128.162893093105
45500,3063.682415068033
45501,2550.1015543722824
45502,1417.2122206700192
45503,1827.058954327676
45504,2560.603161795315
45505,2156.827660638516
45506,9053.602402879402
45507,9886.783314271539
45508,1889.854934431159
45509,2297.6223606242384
45510,4637.761553286801
45511,9058.543995409587
45512,756.9972809186074
45513,2729.36664612322
45514,2225.12902703121
45515,13700.584953420568
45516,8974.54578320555
45517,661.1545361349763
45518,4329.040294554365
45519,6942.251126249595
45520,3037.327517228208
45521,4534.875490316594
45522,1416.4640845760491
45523,1606.876206216939
45524,833.2126893022769
45525,15623.894391679278
45526,959.1482913252031
45527,826.4005216552644
45528,12236.977646946
45529,634.3702110080205
45530,7128.021433280376
45531,637.5355780065886
45532,1460.0492932282516
45533,2945.332844813664
45534,620.101650462368
45535,602.3196818454994
45536,5256.747888735212
45537,6965.614820876329
45538,1346.4595225634653
45539,14827.219180150307
45540,9971.926148801316
45541,16790.24039688776
45542,1784.5117148371116
45543,908.255606006441
45544,789.7258303484357
45545,14041.108767169464
45546,893.2063841927273
45547,4628.241576065998
45548,5811.020755951687
45549,6854.3531615968695
45550,883.407199872747
45551,1589.645924531986
45552,2324.1421582295247
45553,915.8673075926604
45554,2281.375628619839
45555,790.0723213963284
45556,934.6528130227128
45557,431.5104645955622
45558,9226.393039064205
45559,5210.861959951621
45560,4939.951609971728
45561,601.8326418515708
45562,6431.302466218831
45563,10324.461037257119
45564,5653.82337324682
45565,1673.286039912414
45566,723.4714256550028
45567,2345.0161672026456
45568,8813.578211708384
45569,9173.665981475124
45570,5561.49685446792
45571,1810.400930309134
45572,12240.60213829243
45573,9672.487788290433
45574,617.5042951251343
45575,2666.156773051303
45576,812.6736930992738
45577,641.901065910227
45578,6631.888761302475
45579,6396.009884032835
45580,965.1541417359657
45581,7042.327839720295
45582,5147.502768506263
45583,528.333692059995
45584,798.273122885409
45585,2358.7268209927183
45586,634.945212190609
45587,8136.8051115687895
45588,1652.709581184984
45589,4613.899963123676
45590,4270.125491878
45591,2502.0251280367634
45592,8172.880651230983
45593,3283.839047809607
45594,920.6226847767795
45595,2404.445864596832
45596,1741.27395632526
45597,1702.113033678682
45598,384.6651511584181
45599,2123.723697745519
45600,4241.417748028414
45601,4585.678049966841
45602,4421.627431604222
45603,2658.744894895842
45604,545.3099396580358
45605,801.1950697818139
45606,908.9703193802717
45607,766.3259193413601
45608,4250.755713136227
45609,921.5797378135956
45610,1996.1808104529662
45611,5360.755877193426
45612,796.0072348184777
45613,691.4114134162952
45614,1063.374977361608
45615,8187.222673745695
45616,8315.245979010084
45617,566.3798824074912
45618,713.7069482092056
45619,2545.71270150745
45620,907.380712726879
45621,605.3543176754199
45622,1711.9593800942705
45623,609.8166812976042
45624,1368.904965886669
45625,2642.14067575577
45626,1617.77244899493
45627,2180.6112957787527
45628,2029.9234026729255
45629,4377.78900629353
45630,930.5197027202487
45631,768.7573280492569
45632,11699.322332256454
45633,2597.177565779448
45634,4032.8955650237276
45635,1061.9841875938193
45636,1158.9993188696963
45637,4731.835508375644
45638,1132.711675777825
45639,1088.7144999159768
45640,632.7345405034097
45641,1378.5716570858215
45642,3528.447523305137
45643,812.807671404147
45644,998.5605719452296
45645,875.6506522680722
45646,6753.965928846084
45647,3376.7932867973004
45648,13441.812518834398
45649,977.053766524582
45650,794.3433853164878
45651,10742.175937023538
45652,5911.923091102631
45653,2887.4341684190895
45654,799.6878422594001
45655,646.7376614694887
45656,2726.886717132166
45657,822.852571625325
45658,6849.701501310504
45659,8630.646946613857
45660,6728.9023916724245
45661,814.031834536477
45662,2072.714475169644
45663,2069.773899209198
45664,917.842366110268
45665,495.0194613085985
45666,1976.4254201157803
45667,5047.0407805555515
45668,1608.3613827733827
45669,658.2850913649675
45670,852.4333029323371
45671,3704.1438221396756
45672,3656.9074983538158
45673,3369.4561438548753
45674,640.6599576280755
45675,10698.776383967164
45676,7116.397392960904
45677,3581.2398862712844
45678,805.4312373211554
45679,797.8948251256052
45680,1540.701828996974
45681,6834.649904944334
45682,3019.516912879697
45683,425.3356752876815
45684,3648.7126988706586
45685,1110.601269881462
45686,17515.798534420963
45687,757.1828440877966
45688,4655.867877947489
45689,5904.656456886369
45690,3851.159525679063
45691,1661.7739736587346
45692,3823.8806426600268
45693,6093.21720594792
45694,971.504362789853
45695,683.7606299424011
45696,7478.0223944607005
45697,2696.282179641262
45698,7756.441367538849
45699,824.1936779224495
45700,2830.6101765765056
45701,5383.581726067756
45702,803.0684705157098
45703,2745.1770622042977
45704,7619.282231938986
45705,727.9488848032455
45706,1093.693989375277
45707,619.2076711158805
45708,883.3943432722518
45709,1694.696884809167
45710,949.686712850274
45711,1981.3251737656312
45712,440.08837119063736
45713,4546.929082021059
45714,1462.3659764508361
45715,1754.8216309835311
45716,2905.233978618093
45717,9218.261718570342
45718,2222.131500519616
45719,888.3467541692108
45720,935.4464185073628
45721,2899.181098019078
45722,8583.896320370364
45723,1270.5709494409966
45724,10717.901499752057
45725,2260.492725448555
45726,5827.358484009253
45727,7663.451141259635
45728,1797.7568426859452
45729,1348.3287042302336
45730,776.6996577049617
45731,2797.1214889950907
45732,3574.0378456459744
45733,4975.724351950904
45734,6144.990956951667
45735,680.9315194849031
45736,4075.3820582057206
45737,9746.995928627188
45738,6525.4936049885855
45739,2087.2625486568245
45740,1364.4633704885412
45741,1347.7379442612078
45742,2921.843524255765
45743,1776.9371613640767
45744,836.6816737201269
45745,10571.93717053062
45746,698.9673804909664
45747,8842.318890867027
45748,16596.65841005289
45749,3341.175813104252
45750,5165.8453619612455
45751,6173.144335129513
45752,2055.0879446677172
45753,4550.241867374901
45754,6852.638853936537
45755,2311.8065252208594
45756,4038.4486159990993
45757,1237.9238232629837
45758,1985.3665258483088
45759,4585.353974210212
45760,11752.342693308392
45761,1496.6533969915597
45762,17514.1117511267
45763,11137.463599066647
45764,4986.743151121373
45765,11704.352708890061
45766,3142.0600989215845
45767,1156.257644662371
45768,10498.392755638579
45769,654.5823679026923
45770,8538.98490349874
45771,443.76640551191025
45772,4943.060584435461
45773,9757.67128565329
45774,856.0181040919995
45775,868.8905132859879
45776,1151.838842803259
45777,4097.508754307981
45778,6433.003415797481
45779,6632.369234101474
45780,4295.936003123447
45781,1353.6715380717253
45782,1024.0262518986392
45783,954.6821512314104
45784,4541.008165331433
45785,3136.091393218678
45786,487.0147789902278
45787,4778.95286040856
45788,940.049703982106
45789,1048.9575702157463
45790,2454.3446375105295
45791,5851.947251845329
45792,743.9121908486886
45793,1006.2028695436109
45794,593.4862190982911
45795,2043.6605236826765
45796,1696.735126155766
45797,2647.829496541433
45798,14230.034564764628
45799,2036.219402557525
45800,4341.842676071851
45801,4709.051285831883
45802,1465.819522012755
45803,599.6614773231391
45804,8420.355455070823
45805,2865.309095748287
45806,14571.54777498507
45807,2483.5510270297673
45808,665.5460053546844
45809,7224.935933801147
45810,558.2967176277928
45811,3602.2663659247096
45812,3825.221270145157
45813,4156.661564012402
45814,487.52118996875043
45815,1237.296162844838
45816,8551.425373297698
45817,14027.124052693383
45818,10141.395525055397
45819,936.9516367080806
45820,1922.574155634187
45821,2251.0134165735158
45822,3106.169938990743
45823,968.2002054614151
45824,5072.574618374923
45825,1009.9619037194466
45826,14397.607245474737
45827,2889.473109089348
45828,1335.9266141591759
45829,15924.650788318308
45830,6782.362732564566
45831,480.05109059479247
45832,4105.589656479021
45833,2821.933515886404
45834,531.8840353765843
45835,2486.028834734974
45836,1664.2310626673207
45837,644.0561420881364
45838,4881.479323006676
45839,1111.654418959222
45840,1043.2505785590809
45841,4317.342448351692
45842,15261.233008598934
45843,735.3433265865248
45844,2903.0453717316373
45845,619.8257600810548
45846,524.8830189813866
45847,9354.306531991424
45848,14300.658165042807
45849,1051.4728621853865
45850,1120.8420123458127
45851,5130.286183951785
45852,2435.2665171046538
45853,16976.840083640218
45854,5419.103789087797
45855,2051.7002006189573
45856,542.5034071729312
45857,920.4579262040565
45858,956.6019042775885
45859,454.1791852772
45860,13800.279730310735
45861,10111.338117555291
45862,3312.065469936576
45863,1756.2037307353585
45864,812.4278251472498
45865,8228.980258045798
45866,7362.045408892878
45867,2608.387112152197
45868,12337.499617793268
45869,924.4169147931947
45870,4443.169257429693
45871,4817.956328942636
45872,789.5045918726795
45873,9230.083847034299
45874,4219.794288705634
45875,505.844990290832
45876,1768.268185344144
45877,1852.453606140962
45878,5085.097808098248
45879,4367.433754667478
45880,764.6302632603101
45881,10046.479674157334
45882,1145.4137855378162
45883,821.7952964079554
45884,439.4053039357899
45885,2633.550332686623
45886,1643.709130578634
45887,14097.086995794625
45888,2807.9206781929547
45889,2265.430403467525
45890,6822.123411529907
45891,3450.2656350712286
45892,1034.3895827158763
45893,4245.2446365703745
45894,6336.699554984892
45895,5852.876206400248
45896,890.0073172713013
45897,684.0989314292981
45898,634.7618420791869
45899,1008.6181307028007
45900,2880.2583056895023
45901,624.0074487218238
45902,6865.996193098668
45903,1052.2725106397595
45904,1396.2946716922545
45905,3610.340614291431
45906,623.3870100774783
45907,3384.04792867918
45908,713.8746672042791
45909,735.3045877936187
45910,1258.0223804814211
45911,5868.363111309068
45912,9321.699595174312
45913,545.5434247377898
45914,15701.030009818522
45915,8061.2811709101325
45916,1417.6630919587456
45917,6537.108054829449
45918,5212.422584793309
45919,736.1862385587604
45920,2205.6711518295324
45921,2384.30443300375
45922,760.4759943059773
45923,4984.606291655595
45924,5778.449160042371
45925,837.4902052941096
45926,939.0925711668202
45927,13037.700696476322
45928,2798.4473297439763
45929,2593.517492788637
45930,6028.499959666671
45931,1020.8923421401449
45932,579.7733603461107
45933,4525.018998899829
45934,9091.144659844265
45935,7764.560499658925
45936,532.3038093817313
45937,562.5361885089388
45938,513.2270472625419
45939,726.8258902407694
45940,10472.48533989644
45941,2363.5006370932997
45942,7075.953110111891
45943,2856.690907578854
45944,777.5447280276337
45945,827.9027790443263
45946,1749.9379316419554
45947,733.1006608463243
45948,519.0592629860082
45949,887.6300558393197
45950,10010.382898538177
45951,6048.770193172696
45952,1648.244648790049
45953,1277.851639528224
45954,823.3919076848482
45955,3078.5630789420834
45956,3492.821671693944
45957,1406.8046163814554
45958,1313.0055895595203
45959,14933.25999555095
45960,535.7489261537377
45961,5662.450834881149
45962,1090.1765546680194
45963,859.9377978936856
45964,1238.247384710922
45965,8679.477277217451
45966,834.2321559812217
45967,4972.943643959328
45968,530.3053831523576
45969,12821.919289745596
45970,1743.2771551821634
45971,911.6779227252114
45972,1078.9283796835978
45973,3247.663848291281
45974,13679.332039658777
45975,1022.3808131296146
45976,12739.236835289918
45977,579.9163964136404
45978,3053.1286776399147
45979,2983.80707456773
45980,1966.3332971053226
45981,804.7482798038886
45982,7023.433792185247
45983,6198.090251097489
45984,5049.087005776215
45985,4003.4637649526353
45986,1160.4428064775518
45987,2844.569500061731
45988,5941.409093607084
45989,2486.6142767144647
45990,537.8378265100412
45991,2328.671388396089
45992,3133.0726376614543
45993,2250.803586050136
45994,3029.792182206842
45995,1367.180546791206
45996,824.477435532983
45997,493.5874049269774
45998,1157.9698969486658
45999,5656.745244309485
46000,4998.378934331916
46001,1044.0193926876968
46002,535.3863231654931
46003,8676.142920979708
46004,4097.711911044512
46005,2261.7658732836644
46006,4208.628756795989
46007,1097.0265797561751
46008,1715.4781898658612
46009,2329.6074468362626
46010,7036.021171579991
46011,547.8639279023796
46012,703.8426000505675
46013,1123.1193423716093
46014,555.4066890983964
46015,750.4336901965189
46016,670.9129380686269
46017,3682.6679367345187
46018,736.0963048751429
46019,7381.686694270883
46020,545.7936220996735
46021,3472.672411665939
46022,5378.575811865359
46023,3057.8143521730453
46024,668.0174725844646
46025,3351.4902940945426
46026,1145.8819647834482
46027,2563.8255068317626
46028,662.9279243224764
46029,1115.3862872331774
46030,13593.4849250878
46031,2677.3518495519265
46032,2968.0573158143598
46033,14353.323714922913
46034,8434.359930430488
46035,2562.3704819610653
46036,5253.190549505606
46037,14018.813625318857
46038,1712.506480438642
46039,861.5168274916459
46040,10516.951965364775
46041,14664.597925320628
46042,1963.5710622308864
46043,598.1511297002058
46044,2430.8564902409994
46045,532.197139958079
46046,2883.413666960362
46047,2090.241175023313
46048,1244.6410297987873
46049,835.44527847479
46050,883.4375336939453
46051,5615.954535438923
46052,510.7951212117267
46053,16753.8108368334
46054,879.0862859013428
46055,4326.015549875628
46056,8144.485064008405
46057,926.6714025137024
46058,10592.756116974217
46059,1157.7005941102575
46060,774.4525101562698
46061,12451.892215960534
46062,14257.219153955562
46063,506.4430177558878
46064,1802.4481475373993
46065,3135.5471215768703
46066,2520.1034491492387
46067,2097.2787918814247
46068,2826.4193380086854
46069,3148.2390077606424
46070,794.8401305860132
46071,1029.4251260690958
46072,1741.3168460634565
46073,1087.0283986044483
46074,2574.6955632320532
46075,2252.731267470431
46076,563.8163917739547
46077,2438.692483086419
46078,1984.5986969819653
46079,2398.9560259555324
46080,4337.990042129626
46081,1994.7774491569414
46082,1556.9961389754183
46083,2619.5471669098306
46084,5812.92530748177
46085,1241.5540445714885
46086,12627.806308296986
46087,1156.767365576299
46088,796.2840296311196
46089,2025.0424852020305
46090,590.985668381176
46091,819.6055133773642
46092,7462.952616540731
46093,10639.608624429238
46094,2460.8895412165807
46095,3885.271964248448
46096,8458.448295054475
46097,5048.694369658209
46098,11829.29704410684
46099,915.0096946258433
46100,925.6501549418108
46101,3187.0300518560416
46102,1400.2611402954137
46103,5376.134395556266
46104,4446.211965884482
46105,3801.986471849372
46106,801.8904295976884
46107,3294.543686018933
46108,3695.3490622861386
46109,8607.93163148967
46110,760.1241040313815
46111,4044.004393636635
46112,5756.159301906646
46113,2491.1342674053767
46114,2933.868104767425
46115,9157.360428938633
46116,789.7020288451578
46117,898.1127073566728
46118,433.51191548266036
46119,3039.659717494971
46120,14802.754737243913
46121,2841.8000604397603
46122,4201.692096713044
46123,1942.751023334639
46124,915.5323231972077
46125,6415.965279227519
46126,2507.2839762715225
46127,641.3813448050128
46128,8981.422738650837
46129,1230.5358368520829
46130,3870.6249449021007
46131,2787.731953986903
46132,1905.14787090122
46133,15737.211863790151
46134,564.9913404073906
46135,3826.903736783395
46136,935.7789585232605
46137,2432.0697326855948
46138,1839.163781489577
46139,14607.86101397224
46140,1213.1608337986133
46141,2750.303736963733
46142,9310.881239045162
46143,1292.9316009937318
46144,1031.6277321363536
46145,839.4484222880048
46146,606.3546658802717
46147,823.0570127518102
46148,5544.786461033501
46149,801.9953582320936
46150,4527.249817243586
46151,910.1366176377941
46152,407.314130414585
46153,6672.780216435019
46154,643.2761187390652
46155,3731.7523104435163
46156,428.639167980904
46157,538.0101260297798
46158,5269.712998079724
46159,1432.394938868721
46160,9213.756073813562
46161,801.75361201127
46162,758.8683287288798
46163,731.2796251156781
46164,5141.48157066302
46165,947.6536927396626
46166,1783.6912147703083
46167,5701.8171714676755
46168,5136.512874167245
46169,2507.0012326415795
46170,823.6616741124707
46171,1864.978519544526
46172,595.2369824042541
46173,8451.382163195785
46174,9825.943477002565
46175,804.8534052069399
46176,3076.132945589527
46177,933.9859911828872
46178,978.7950269918897
46179,433.52735364726266
46180,1688.4713435451945
46181,6337.2562450464375
46182,656.7815300191901
46183,578.2370235506229
46184,1007.1663811828334
46185,5064.362374877047
46186,7585.543877770806
46187,767.4783078543755
46188,4942.811135709382
46189,493.68755334534404
46190,12833.010585860386
46191,3102.526414824415
46192,6698.005538819415
46193,5368.929833078961
46194,433.0585776783311
46195,2774.0017594928795
46196,520.3270676744029
46197,900.4434419488127
46198,2460.934984207397
46199,14535.918852760457
46200,5071.016859746013
46201,1128.7546602696805
46202,835.8252189262058
46203,5151.586995640537
46204,3317.3009507158363
46205,1751.0292828666147
46206,6673.892907662732
46207,1258.8954143950416
46208,877.5651554146724
46209,1090.5179547342407
46210,9460.77033732006
46211,1444.0476783015374
46212,651.1709421722001
46213,3006.59994359556
46214,671.4382633269495
46215,4604.437800807877
46216,437.62108668747413
46217,2682.4026350289473
46218,1624.0618046790726
46219,579.6936891322315
46220,5314.161015637167
46221,2814.313036163824
46222,10706.693290045489
46223,9574.570914762071
46224,1493.095055212446
46225,7709.387911036833
46226,2117.4116306822375
46227,1687.4025780947084
46228,3881.2909944164116
46229,4916.273414230514
46230,8051.082988463558
46231,4118.461019587456
46232,590.9680698541788
46233,4908.201661368603
46234,10132.674789663684
46235,2845.4778324196
46236,755.1496668154309
46237,5923.729183877048
46238,589.6127340697369
46239,15595.554605983803
46240,1397.3887644125118
46241,12249.52079929748
46242,716.8119230409283
46243,868.8799987576307
46244,3498.378260287239
46245,5151.050230811628
46246,4813.123273367378
46247,9868.694928932828
46248,437.2086921278186
46249,769.8577740007881
46250,2470.434415523387
46251,4470.210887398871
46252,1712.8235287857647
46253,876.626303872778
46254,4934.51019970171
46255,5666.233787227838
46256,457.1663378433296
46257,579.9340705470611
46258,868.8992898033507
46259,1059.1667192570324
46260,1585.1251218725763
46261,888.9172301921724
46262,759.2910836939941
46263,2620.2453786913347
46264,3063.7942581031257
46265,909.4875248358841
46266,1270.1182112364122
46267,9381.367737373808
46268,1243.2247761053352
46269,6504.7786332623
46270,666.982577358964
46271,3050.8783777463696
46272,2392.512037287587
46273,9532.689821091608
46274,427.17447261030424
46275,2352.9909100459736
46276,479.939930023711
46277,13459.450948713757
46278,496.48562880925687
46279,11594.925951285495
46280,1595.4692429271602
46281,1831.5267413423887
46282,3290.3790330611096
46283,3028.2899195572318
46284,1615.224677466365
46285,1048.8383084057625
46286,7202.604845132626
46287,2574.4989238391536
46288,999.9814009347795
46289,722.6846058070196
46290,5631.226902377278
46291,5144.23007871348
46292,6630.061687438776
46293,879.8724355964222
46294,1186.5015493916292
46295,6217.087076725076
46296,6838.186341339216
46297,578.5693476430547
46298,1015.0110015953179
46299,5118.564697473219
46300,6923.180402000546
46301,2337.098825573754
46302,3179.9824022642615
46303,1079.80678946152
46304,4027.079736833804
46305,525.1665705165578
46306,2233.0433895221718
46307,5410.203537853597
46308,2084.855779882911
46309,7793.701125905477
46310,843.874892329645
46311,6663.639970639183
46312,1750.0920053249497
46313,2303.3781902488645
46314,3893.0410846892532
46315,6663.0600037624135
46316,3437.5623407104076
46317,5346.646236848662
46318,533.6557031250044
46319,3667.440558794616
46320,3944.2602892518225
46321,13402.378392426317
46322,3824.5608796498077
46323,964.7291176018257
46324,784.1077754496785
46325,1063.4982767632075
46326,2220.322770958386
46327,3810.6820984784576
46328,3483.4283562180635
46329,492.7841719257967
46330,651.4965921296848
46331,2143.2128963633418
46332,1340.0438542628444
46333,11933.23598338372
46334,3320.3464927721056
46335,8056.428235100103
46336,686.8406466037314
46337,4509.363714672337
46338,2629.8856056610753
46339,14811.525058763484
46340,801.8469681185097
46341,7545.519314283934
46342,3187.919766867732
46343,2121.226493386816
46344,4612.704212381799
46345,6678.820561824478
46346,5066.704391719671
46347,10186.870783664453
46348,724.6242748416412
46349,735.3835896803892
46350,3428.9324006877737
46351,1217.444268621891
46352,1447.7460112254914
46353,4974.620138371512
46354,820.5921176828007
46355,1418.6423846872483
46356,8324.460920280011
46357,15577.074088696634
46358,625.9021922692698
46359,700.6869442317778
46360,1052.5522108579228
46361,2675.7432070332584
46362,1215.094481122865
46363,2674.1244117656574
46364,2537.9463696280463
46365,6376.493077530032
46366,1086.2674122639417
46367,952.3678708891802
46368,818.1204912693623
46369,877.6594655940471
46370,2228.803362557409
46371,4001.1440186767754
46372,2259.4426369879525
46373,9348.128046881218
46374,670.4371285500293
46375,712.9291320684193
46376,832.8955658825682
46377,1167.9627829690828
46378,7046.88623087545
46379,795.7169570350377
46380,4420.295108478099
46381,15223.752907489034
46382,544.4273932929124
46383,1044.8629643761044
46384,750.4973886151029
46385,3577.9179910149833
46386,920.7309641175628
46387,484.7337373274481
46388,9797.75178797407
46389,3273.2537024162616
46390,2033.1380848208985
46391,1000.347489196666
46392,2069.1547204834997
46393,1470.066455829938
46394,2886.375666031507
46395,769.3894352515647
46396,5617.876917425653
46397,12180.892240137322
46398,4998.25325955249
46399,447.09348265178755
46400,5572.564756236022
46401,1093.2376766144566
46402,685.8138766102538
46403,659.9798563551179
46404,2390.8994936985423
46405,1922.1028179221003
46406,654.7019442471654
46407,590.651089870757
46408,1196.2270386582725
46409,8629.417142785756
46410,9188.603383169384
46411,825.578786679728
46412,10191.145172852133
46413,2790.356614774882
46414,894.5423433509538
46415,1210.5236228673907
46416,775.4890446953692
46417,2419.4667644380124
46418,1078.7563896085644
46419,1073.987035073943
46420,6438.5124004249865
46421,405.00615330478
46422,1772.3868074725503
46423,6670.181645960798
46424,1001.4894569242522
46425,788.6151075622369
46426,2604.970866462686
46427,3320.5881524145893
46428,1265.8968821971841
46429,887.2868907822301
46430,6379.377868809716
46431,1922.0111068290169
46432,1662.3593264839103
46433,1956.1330855273975
46434,920.4583307431711
46435,2618.2906441901464
46436,3728.748169193908
46437,659.1364821706906
46438,12709.61099079472
46439,5481.70730726667
46440,743.5208745728801
46441,412.97619430654066
46442,1192.0030601980977
46443,5219.955631733783
46444,767.986303970377
46445,1858.9070564763033
46446,473.1181791763711
46447,2571.2539845489528
46448,3948.7324882039925
46449,5992.1626988377275
46450,4342.831954964093
46451,4002.3734954408287
46452,772.649711351606
46453,4584.3365815292545
46454,5724.167193910963
46455,895.2624529354831
46456,1062.0786822154018
46457,4214.924839379758
46458,7189.985327981421
46459,1110.9277557006037
46460,6289.325006486808
46461,1097.9200258423327
46462,1977.4361521461256
46463,2012.8596612960616
46464,460.70533285080967
46465,858.7813854763351
46466,2536.504442254482
46467,3446.413725326546
46468,5646.76996733498
46469,761.7710748525969
46470,10904.590643871004
46471,1741.7287508205054
46472,857.677389825999
46473,3305.0083464797635
46474,17297.63002216915
46475,4206.581973761613
46476,1892.6455532185428
46477,1404.7710625299108
46478,2472.178068125621
46479,3454.0372256249684
46480,625.6937106996344
46481,1945.2643130714068
46482,5268.752945321928
46483,837.3601565978258
46484,9892.612220159754
46485,971.9581854655139
46486,1906.0746836346764
46487,4459.598767984539
46488,1255.7448304295467
46489,12640.523547588627
46490,6098.074983775963
46491,3579.013647223904
46492,1139.8089926668185
46493,511.86991833993477
46494,1811.6649560257529
46495,889.3950167037422
46496,508.43692898221184
46497,4908.244170579338
46498,8600.576369592362
46499,4656.022345634956
46500,1996.6957664060694
46501,1254.7642968638072
46502,1366.894503350009
46503,831.7420930004638
46504,1352.5355366143344
46505,4847.487711398576
46506,3661.1322271687764
46507,13941.2214143212
46508,1528.2683497293172
46509,873.4247551943781
46510,583.4798357599018
46511,557.361981431612
46512,15879.86888510216
46513,1274.0841445040994
46514,2039.3190357521928
46515,1534.4329167358628
46516,730.8102153808425
46517,1812.7378788492583
46518,1250.3947487148773
46519,13727.622835224342
46520,830.4256908772192
46521,903.7399390840383
46522,840.8753001996162
46523,12537.115870996662
46524,9193.071574113948
46525,801.3645839069462
46526,9982.788320049982
46527,9133.087011470494
46528,506.82531779374193
46529,2284.024683864371
46530,1018.5974587659487
46531,8440.713906138546
46532,683.1976356417501
46533,970.7262911857448
46534,4100.081955401965
46535,989.1811131963357
46536,771.9521777952245
46537,4678.1168303847735
46538,4168.652142979662
46539,929.6677582217654
46540,7794.3587880733185
46541,5600.599762962774
46542,7270.962627674328
46543,1685.7478442219347
46544,3163.4997986326644
46545,621.3200923516172
46546,4217.111708426909
46547,2323.826808677655
46548,5003.414969741404
46549,2590.1695712749806
46550,4952.105746695832
46551,4447.393242744043
46552,556.6155146544074
46553,761.9355371695239
46554,16709.048140621406
46555,1876.384230825758
46556,1471.281724253227
46557,488.51453048920615
46558,2325.6240803035766
46559,2431.7663957497816
46560,5096.548711263773
46561,1026.560124746239
46562,981.3712732871617
46563,2977.616392209575
46564,1411.9232003338598
46565,7776.7239236943615
46566,725.3996644472367
46567,1079.5034949649103
46568,425.4649628935674
46569,5063.153381544633
46570,1931.2271788169974
46571,10407.335504764953
46572,4532.751949658367
46573,11889.445806395226
46574,3260.88735823732
46575,3589.507340108267
46576,2225.8564831904896
46577,1712.1219601888743
46578,1135.8212679621552
46579,799.3091822650777
46580,2250.526875703645
46581,5956.625982774291
46582,4500.787617477232
46583,697.361034688278
46584,4119.891650684495
46585,13100.814535723375
46586,892.1083924451998
46587,11534.895306201355
46588,1769.9941768578474
46589,909.2946456125783
46590,2548.3690811692195
46591,8087.323733759933
46592,1160.0284717211368
46593,3246.8907651837767
46594,10206.652107948632
46595,2080.1531922337617
46596,5107.613794410247
46597,606.9224615067603
46598,649.4814060607376
46599,3537.693784222867
46600,10178.040470449607
46601,6752.9197434409
46602,9013.332414379485
46603,2239.003319152602
46604,11956.260740842416
46605,1872.1435870737478
46606,661.9973844734847
46607,1769.8524251031743
46608,585.3388809524214
46609,2572.298660938033
46610,5063.51851115636
46611,4973.656234716323
46612,9948.092262051136
46613,1594.5810083875149
46614,957.1797451588466
46615,876.4008882150953
46616,6986.367781508159
46617,4091.6518842392074
46618,1321.770361873752
46619,2724.568480293963
46620,1629.2639636146828
46621,4422.57789217947
46622,5728.493822075628
46623,4820.959820143837
46624,753.5454213702205
46625,606.3051226855708
46626,11353.906442428792
46627,508.19674886347735
46628,1850.697621070444
46629,2231.013062663501
46630,1886.0656056814994
46631,668.4736456078086
46632,5418.2877275943265
46633,390.5683233210367
46634,15919.18467621125
46635,4677.6553010856305
46636,4088.4613999063904
46637,452.05547355978763
46638,5253.175019345145
46639,1958.0197588729725
46640,15795.004128686702
46641,3787.7312000851894
46642,5384.860323959559
46643,999.1460860552714
46644,15933.073224442276
46645,6494.858810568809
46646,872.9804352466782
46647,1086.8906127016792
46648,628.9356795401148
46649,2378.7674928127444
46650,628.7294972083719
46651,1690.7329659974207
46652,3780.089315584598
46653,2195.8331794185933
46654,1043.9132259634418
46655,5346.783160314889
46656,1115.4839413519626
46657,4822.327625231591
46658,2120.4612760372966
46659,735.3308322450105
46660,4776.323448534962
46661,2152.2054875355716
46662,4799.058288158491
46663,1194.6681235944757
46664,803.9910612777275
46665,10802.57667692287
46666,5099.906115374107
46667,1185.0260597727633
46668,4091.886169364282
46669,1503.6549719515588
46670,1630.510320075983
46671,2961.3394784006327
46672,5452.518617304031
46673,1387.1904886083273
46674,1336.7234985983578
46675,655.6639100798683
46676,1635.3699845162025
46677,3304.9338730991676
46678,7074.49745791145
46679,1119.4010514624701
46680,873.1864300502099
46681,4253.476008461613
46682,1778.2940426954895
46683,1512.043728169482
46684,2286.015240985247
46685,605.0467852946723
46686,6624.781759235485
46687,596.9767999501947
46688,950.7191691298503
46689,529.4695475122248
46690,1027.15620459945
46691,2899.9669682006133
46692,5581.080161853426
46693,4814.757994052098
46694,2316.86950887146
46695,820.6797564497293
46696,556.2161021544048
46697,910.4793078920937
46698,17437.281301955205
46699,2293.8791944734685
46700,8803.351331277718
46701,9287.69473622056
46702,856.2282568558936
46703,1179.2368922884523
46704,826.2521345086898
46705,1110.5788228946658
46706,5650.397145971225
46707,1081.241662551174
46708,5103.885226120889
46709,684.2294840721217
46710,12964.49423335135
46711,4373.086236293002
46712,934.0236609518576
46713,6609.8938104753415
46714,817.4368210614638
46715,8870.245158865786
46716,15487.798061059151
46717,4831.57412693322
46718,1536.5035988233046
46719,770.0226791461341
46720,5012.010170232595
46721,1289.1787231229973
46722,947.7715016772086
46723,3879.3897850947
46724,755.6452825503169
46725,2136.8807781205105
46726,6905.63730831018
46727,7500.533604639104
46728,771.9085868185632
46729,688.2192017598247
46730,897.8580033604561
46731,12514.004774655596
46732,1757.7351165886955
46733,881.0054207646511
46734,1121.052155713555
46735,1423.0857102224982
46736,706.1431614685697
46737,2374.3907752343894
46738,1081.7968280294476
46739,6499.299209984908
46740,892.5655527590852
46741,2474.782494364206
46742,608.8580221655511
46743,1089.7458560345794
46744,1691.4000818667023
46745,1764.0471048313946
46746,1200.8504082804493
46747,8904.381052962146
46748,999.1129807231176
46749,1896.1499217057883
46750,3085.9796362477027
46751,2065.8312840329813
46752,836.6963293774578
46753,4957.487987025572
46754,680.478477486622
46755,7032.5586828926325
46756,6254.417195235816
46757,518.3984771215108
46758,5685.762178032713
46759,879.6047439186234
46760,494.384252784051
46761,413.09162551692685
46762,11747.792016687967
46763,2456.2067764471526
46764,1420.7527144061705
46765,4278.6811800013265
46766,897.50352067073
46767,1048.8446112609258
46768,3560.075110180185
46769,737.5206580526287
46770,6140.119440165233
46771,995.8402668620067
46772,905.8841216645013
46773,721.2298008921344
46774,836.7582893700888
46775,635.6503430000589
46776,866.9136578270322
46777,592.0843975067778
46778,3575.808411842949
46779,1063.6087482573002
46780,7227.513475454301
46781,728.0153117102503
46782,882.0876168256603
46783,1386.1531569232172
46784,2475.597801840085
46785,1406.9733621136738
46786,2063.3620046852543
46787,489.8639896041144
46788,4045.298938569941
46789,558.5200714947526
46790,16236.788538276029
46791,3977.7817472061906
46792,6586.875222212113
46793,2319.6149319664273
46794,2070.623896576787
46795,683.5552746324884
46796,980.4537999771898
46797,17352.027313726736
46798,521.3661107464204
46799,3999.805939622456
46800,3054.529935553838
46801,1715.861073008533
46802,964.8219628369554
46803,6666.276334209016
46804,1207.0563075418665
46805,4979.685213145645
46806,791.4321382132737
46807,3312.988132908493
46808,2523.326270528454
46809,2253.2598332508105
46810,2372.3599626962164
46811,5301.224639583154
46812,1902.4957289916822
46813,2443.240164142783
46814,516.2705323945979
46815,849.3668789197447
46816,2098.3488918739567
46817,3715.9763500527906
46818,947.6501352549408
46819,1651.1633500101213
46820,641.2719584472153
46821,9560.698076825058
46822,595.0469197737242
46823,1719.271505519801
46824,5088.4658177050815
46825,611.0805213268196
46826,6132.18483795584
46827,4662.651017385058
46828,754.4386561676852
46829,2136.9866610588624
46830,707.9669685131547
46831,8590.900763477724
46832,12134.592936954792
46833,4049.1978347793884
46834,10514.277614779458
46835,576.2465545207058
46836,5698.459994054734
46837,7297.185714867479
46838,921.2466472133185
46839,1741.5236087419162
46840,4373.022458303719
46841,5838.258809384598
46842,942.3223711345057
46843,1133.9347068658358
46844,5254.061656540506
46845,10700.304252066611
46846,643.0718172037904
46847,2249.1249299456163
46848,496.85410998204935
46849,1188.8158824302498
46850,14043.351785188213
46851,578.9667407362946
46852,15229.984165558108
46853,985.9475059270403
46854,4016.267164189032
46855,3943.399606849414
46856,6403.831490764785
46857,4286.665901799802
46858,938.2664861122114
46859,6633.124526928956
46860,4555.471040018849
46861,1084.285603395121
46862,1315.5104576168133
46863,3101.0716340874687
46864,1965.8400134898463
46865,7918.347359324057
46866,487.9200281705175
46867,4998.226535253178
46868,1172.9048126832577
46869,438.40026950451335
46870,1981.649910270812
46871,1877.088493169484
46872,2693.77813076804
46873,877.8893193605652
46874,8488.825831867396
46875,2221.473410252667
46876,12254.928949370462
46877,3787.670861546769
46878,698.9323281595139
46879,1679.7670590713378
46880,2154.1307510399015
46881,13626.954532930115
46882,2424.4873549940553
46883,5493.603629844821
46884,2237.122212028209
46885,5491.462476570277
46886,1959.5606762453497
46887,15433.753146189967
46888,4918.337387088012
46889,1173.2624327593442
46890,484.55665389293233
46891,1318.1565787583113
46892,4206.42608535883
46893,4450.369810052796
46894,3224.267038257831
46895,6033.863027168979
46896,920.6794971508393
46897,1832.698172344372
46898,1127.5207052477058
46899,905.3814396690493
46900,16178.67509890545
46901,702.1210723085226
46902,697.7517145581886
46903,4548.71331797803
46904,6802.675774595513
46905,608.9509526089341
46906,5034.481107022051
46907,3125.4299415585547
46908,6250.2313048411625
46909,3339.0869561193554
46910,4401.373759831372
46911,715.1559319285902
46912,2728.881876021958
46913,5423.527033840569
46914,2390.6198859753467
46915,3876.458230313009
46916,8173.935886378925
46917,5159.833014746801
46918,819.9025374582095
46919,1751.7190153484912
46920,452.1751424527488
46921,1187.9907647390069
46922,623.0401131161724
46923,823.615930660517
46924,4604.616394506224
46925,1683.1407923000954
46926,914.6165525086344
46927,685.0234565912505
46928,618.140677310227
46929,499.90742734334384
46930,1543.9190429635603
46931,3100.9152417695886
46932,12103.757830993141
46933,1338.5106015034207
46934,12269.89164558697
46935,15486.34822148941
46936,1182.3391085751623
46937,2752.5945937035362
46938,484.4853342219233
46939,798.9988211985617
46940,3049.4872759155337
46941,1696.0049753825754
46942,590.7639322606334
46943,575.3120275042957
46944,546.6423216476351
46945,2389.6589180737406
46946,747.9635956703604
46947,572.6647218807611
46948,14738.158347811852
46949,538.0059467801335
46950,7070.374886600562
46951,5922.442847170587
46952,747.6837165965264
46953,8223.636841841677
46954,3800.2066869436144
46955,18106.574876953833
46956,4379.741200387396
46957,3444.491899546511
46958,6456.182398621135
46959,4709.662834726675
46960,1009.1382218498752
46961,1901.012082429858
46962,2143.422427244653
46963,8086.445367711029
46964,1764.803803964089
46965,578.0249814897744
46966,935.9269158224834
46967,924.1817716794616
46968,6208.448043564827
46969,714.2146227904225
46970,2113.801788438546
46971,5727.233881217009
46972,921.682818592126
46973,1228.3254612986723
46974,1109.0006866766628
46975,9999.698743203257
46976,797.9854384021419
46977,1142.77873006641
46978,3618.1133633201957
46979,1843.2514210217828
46980,3971.390396727191
46981,6413.202250255737
46982,813.8993911126511
46983,799.3834850639342
46984,520.8199702193922
46985,2316.780045330797
46986,5986.413870524508
46987,2660.6775286448224
46988,475.72776315563254
46989,7300.3675098021595
46990,5909.546942953148
46991,820.3676218158298
46992,2445.2103236961066
46993,5559.47500922871
46994,8002.151370621432
46995,1023.7885829448182
46996,1146.336004034225
46997,5527.023047845125
46998,585.32796895744
46999,4316.053228585387
47000,6658.945179826588
47001,839.3685525846429
47002,1566.821359282341
47003,1992.244749370852
47004,913.6532951019815
47005,716.7245114004778
47006,387.1119040509048
47007,6401.000012364723
47008,7042.199948964373
47009,754.2328958534014
47010,5583.853262749104
47011,1810.8544841110154
47012,1960.4663133580095
47013,2942.2281813561267
47014,15552.190584750235
47015,8919.45335625389
47016,742.377276167972
47017,881.0817788469499
47018,1589.0491473573575
47019,1013.227629341472
47020,12166.75838132203
47021,859.4149016822514
47022,538.3014770217495
47023,14444.146825610358
47024,5194.203088464748
47025,1629.8962022404899
47026,690.3353630812218
47027,5610.9433724687315
47028,2966.6935760471997
47029,4465.930423474063
47030,650.8927851144151
47031,1607.9518508379224
47032,714.6646251418215
47033,397.0148444730601
47034,4874.522334965309
47035,1439.0896018886936
47036,2128.7469480313907
47037,1016.591704876035
47038,2018.431544180444
47039,757.0673156183057
47040,1297.8195258651342
47041,936.0443336090367
47042,1022.7949679671343
47043,2555.2496783417014
47044,1865.488688227925
47045,1116.996742143736
47046,4719.470555866622
47047,11031.617562260504
47048,15977.038134142487
47049,5941.72603257419
47050,1824.9006943206593
47051,546.2676338458646
47052,1993.1212757000303
47053,1678.6243293121395
47054,2431.2863597372366
47055,1067.2899058921585
47056,4076.200713875565
47057,846.0792060841518
47058,1400.2685276169568
47059,16429.757046885352
47060,1410.6669518958765
47061,1669.220398782274
47062,4142.241907250175
47063,3282.418212560505
47064,464.88227141249763
47065,12422.170936162203
47066,1088.0314317987513
47067,1868.8969594443456
47068,2681.6194453243097
47069,2223.613974784179
47070,946.1635804975189
47071,3228.2013153960715
47072,2062.23221011994
47073,4124.643295052152
47074,7480.935988413999
47075,15760.900146549297
47076,2380.761560998966
47077,12212.195476138726
47078,397.99835729966065
47079,4601.748650926808
47080,4940.094030619953
47081,1808.748440148675
47082,2701.9236078782465
47083,1014.2648008380493
47084,2139.5440295595668
47085,3009.6471936170697
47086,675.7161577816936
47087,1491.5912584957698
47088,2701.0338394297673
47089,2762.946746197982
47090,9556.912710935681
47091,1642.4013563617102
47092,2783.671313309908
47093,2987.779092140246
47094,7298.254975410542
47095,677.7371326010569
47096,710.8031308976235
47097,3333.182873243176
47098,950.5135681798475
47099,2050.3196682167973
47100,7240.601537463763
47101,841.2315084356229
47102,5561.475471594253
47103,14510.059677525249
47104,779.9775739379105
47105,982.0239129430472
47106,2079.5289024744256
47107,1032.1261748848956
47108,11507.203779137444
47109,6348.58441456598
47110,473.500395826177
47111,1963.0300663567466
47112,8658.487151790603
47113,5413.525996303184
47114,11744.91548008983
47115,1126.2889021857527
47116,682.900812007086
47117,9374.080510405878
47118,1350.3691702355477
47119,1443.7753531878059
47120,1687.191233183045
47121,3719.5720845857013
47122,3024.2454734561634
47123,2473.258932698831
47124,524.4698436696542
47125,7899.542305232619
47126,1037.0278251593718
47127,4813.953269828189
47128,1736.5367024027964
47129,5438.674980327859
47130,1085.9437306871362
47131,617.2663540358238
47132,13700.386664585621
47133,728.12651695175
47134,1411.2919037301328
47135,4633.476448852362
47136,4002.4392645490443
47137,2526.319418773482
47138,9205.38219275833
47139,5146.653484754013
47140,1807.2873016852636
47141,2395.271398990969
47142,738.5259906989237
47143,678.6957521677971
47144,702.5472141926853
47145,5609.22289395644
47146,4528.421797410378
47147,14557.679762122618
47148,1526.1037092434772
47149,613.7629030051008
47150,8761.681911460055
47151,2189.384647682495
47152,2460.6829484959344
47153,1496.9845420034499
47154,11234.10254954247
47155,3703.9039338041725
47156,1895.6038730924522
47157,4867.64359835844
47158,1894.3183903474294
47159,9212.917728461016
47160,5296.978821482464
47161,674.1843407101752
47162,660.1358704059055
47163,11639.61162411324
47164,585.8756952077987
47165,1043.789806604843
47166,4590.234579065984
47167,1332.42256594924
47168,1824.8403721207314
47169,786.4003312068417
47170,2215.20979513161
47171,4927.603808632412
47172,3236.8938309209298
47173,783.4415732150345
47174,627.3464422990783
47175,3224.0316591097776
47176,4739.180217748404
47177,15123.234532778359
47178,653.9633779292518
47179,424.91543700135156
47180,9530.408854195834
47181,6275.501632235943
47182,2233.5331064102543
47183,5448.493284242923
47184,729.6483806513958
47185,1443.894485387109
47186,4789.360012166613
47187,4506.191100095816
47188,1531.1994391366359
47189,535.5069384539195
47190,996.3601062993968
47191,15477.732523663755
47192,864.1401113772101
47193,9232.209188027375
47194,720.5276313293665
47195,1745.4771652575
47196,1667.2067217568235
47197,12111.698063027878
47198,827.5237633166334
47199,1602.4117131690703
47200,522.6116423372376
47201,1760.0914309393727
47202,1379.8570672143608
47203,3657.7945434647004
47204,828.622988409624
47205,4507.883129458823
47206,780.4352136015808
47207,1139.934124463031
47208,11996.110701050722
47209,4437.94660944047
47210,2985.605735570843
47211,1043.1490401257158
47212,2645.0529481825215
47213,3027.8312905634743
47214,2133.896706298277
47215,1802.3905605692607
47216,2481.3409218126208
47217,5900.319764807522
47218,768.4369516268113
47219,9356.841177735985
47220,1149.05490288825
47221,2649.8053251860433
47222,12526.565067917356
47223,13447.997015699846
47224,3382.0650936405227
47225,901.364603334165
47226,4888.961229196223
47227,542.2305536662197
47228,9895.671398103299
47229,541.3493527455274
47230,1006.1708886424134
47231,1536.9107099141133
47232,625.6848638258105
47233,4179.706910713087
47234,545.4170311763512
47235,2834.9950928449293
47236,4618.99039670617
47237,7641.519298205166
47238,1709.4120309879759
47239,1792.63052505717
47240,4215.486212257975
47241,7311.02107959083
47242,2573.728245586205
47243,803.1200770138964
47244,2355.0053135993617
47245,448.80998099854804
47246,4881.112395576364
47247,11710.383425233067
47248,2432.1143044457635
47249,848.7439891941865
47250,13324.944633996294
47251,15354.599133814669
47252,5848.98018971404
47253,9701.218592645184
47254,14100.79801075094
47255,2312.9668461045017
47256,14984.922932560814
47257,1002.3586354431959
47258,16552.50763257134
47259,823.4013839986613
47260,1047.1427682601768
47261,1405.310493225663
47262,16526.729706017555
47263,759.4105363844012
47264,1204.3255760779489
47265,11366.655601669216
47266,2241.263726513361
47267,492.3840281799182
47268,598.0555983155659
47269,11878.336184445618
47270,2100.752591561562
47271,10923.668247089568
47272,1219.244260011647
47273,1146.7256287332525
47274,1316.911026202025
47275,16400.2601840967
47276,1462.525549831286
47277,819.0797893274677
47278,1523.6391999396938
47279,2328.088891505145
47280,652.4498859550125
47281,5079.15186054267
47282,871.9464473917155
47283,603.3887281693709
47284,723.2748042989166
47285,1900.2578657083252
47286,4605.965352303845
47287,1002.6959510906827
47288,6443.687274881292
47289,970.734496135928
47290,525.1909270087133
47291,1794.1404559855828
47292,972.0244361308423
47293,6419.439847672866
47294,2133.0786242673244
47295,861.5122850882934
47296,927.1084601372909
47297,14184.019850995535
47298,2305.431822570452
47299,5934.21576970782
47300,1740.2992991612384
47301,1981.9605492532255
47302,561.5458620235615
47303,1220.1268434052704
47304,5755.915168843108
47305,4805.248406477992
47306,3793.5107997055816
47307,610.4291897832719
47308,2222.381883217641
47309,1090.1534704613696
47310,503.0999837056019
47311,3504.317152147522
47312,2928.7875937433832
47313,3143.5838273821346
47314,1030.7331410607173
47315,6026.939506130438
47316,6271.592759639855
47317,16399.355830163615
47318,4029.5066818745154
47319,1355.975881636164
47320,2127.703529257007
47321,11628.79516337695
47322,1108.5394556065216
47323,550.053457794335
47324,894.099478569968
47325,989.0932804537651
47326,1574.3013218564831
47327,3052.629399208272
47328,863.684136727803
47329,934.6001987119006
47330,4182.599908015318
47331,1975.1843005880874
47332,5804.720149449845
47333,6495.318321066703
47334,1022.681930575432
47335,1166.0388166471964
47336,1386.8335258554434
47337,1934.61196525499
47338,16254.727628707698
47339,1138.0635898623686
47340,811.0939421560465
47341,8007.219763221173
47342,1471.2712196717534
47343,1629.003889973637
47344,730.4644778538385
47345,2688.3415679084414
47346,1659.464037675909
47347,1968.3211031631085
47348,747.2387256740919
47349,2713.773857716595
47350,1089.2300370724583
47351,11116.089983133379
47352,3991.1109071523492
47353,813.6481893552582
47354,544.5447150862848
47355,14278.087714301395
47356,7469.3845053442155
47357,672.5299224296814
47358,1540.150362106145
47359,729.5677074549737
47360,7204.535648572529
47361,1026.5164649129517
47362,645.1944516905295
47363,4921.117819094646
47364,525.252708594343
47365,3993.4115896004073
47366,938.1814687085155
47367,16548.466203753604
47368,2271.1948658355127
47369,600.8622172554172
47370,4757.964631912708
47371,413.75781053888977
47372,612.3310530802071
47373,1080.9362284283281
47374,605.2440949086937
47375,595.0697386469529
47376,4106.798914879598
47377,531.7055969449266
47378,5094.912099460642
47379,2894.142208764037
47380,999.8456438768841
47381,831.9984104131265
47382,4168.182504515446
47383,1485.6346762814171
47384,4822.933067778105
47385,717.4596777716671
47386,1099.6345048908531
47387,835.1525318879403
47388,467.98563212365366
47389,14090.179217438827
47390,1776.8821461139619
47391,15627.997839473941
47392,1164.1313293993735
47393,752.4054637674027
47394,1387.6012773849911
47395,5980.239204168254
47396,11923.162552246224
47397,4431.205325262708
47398,1270.6197026180785
47399,2708.412626714784
47400,8182.721952031901
47401,2829.3415964786145
47402,8047.638620945351
47403,3244.7741430330066
47404,1036.630808599694
47405,2388.511244061174
47406,524.5119361760659
47407,4640.583304225042
47408,4261.434585371997
47409,4048.9284470354155
47410,1746.1838539111288
47411,3652.431789804122
47412,12374.912933191119
47413,624.6153041020233
47414,4529.841024086546
47415,1286.5446281352329
47416,1054.2793210634334
47417,784.155751371136
47418,1269.1157621238317
47419,626.6101553430021
47420,2570.9944226123575
47421,650.1285926775031
47422,911.6581770556395
47423,4816.18662558474
47424,572.4803872890906
47425,1924.4068489043839
47426,1116.6324427795635
47427,602.1830993979901
47428,895.0688288866446
47429,6586.661655142743
47430,919.3220228406834
47431,465.83413101414084
47432,887.0557436475758
47433,494.0319133630917
47434,744.2796994164011
47435,1018.6737545505052
47436,668.1515699372964
47437,1989.9675488070498
47438,733.4103938739192
47439,856.4141119327029
47440,956.2694131486058
47441,2420.183217189043
47442,16577.017888909464
47443,7603.715352482134
47444,4445.297807400203
47445,8275.41096472798
47446,704.9888161696981
47447,2558.06282765879
47448,14297.8957547211
47449,561.904510601133
47450,11626.610643677714
47451,1813.5256110083817
47452,444.49867650888575
47453,501.51031005216174
47454,595.8273199977557
47455,5550.1129885627415
47456,993.6139361850716
47457,973.9613796639442
47458,1171.373047927769
47459,1089.0128830618792
47460,586.0920533652903
47461,2514.274747552611
47462,4994.600653301174
47463,1215.882335213965
47464,17407.02203784062
47465,1106.8471137293757
47466,506.16429312769486
47467,400.7032809444124
47468,5180.442270688631
47469,762.3354480719926
47470,2349.6020302014185
47471,969.8808064812221
47472,1046.3691081191612
47473,4560.727748872841
47474,1010.7721517853827
47475,444.89524533025616
47476,755.9929059165255
47477,458.3972781693565
47478,5802.944702690022
47479,1886.3444428632147
47480,4128.349118276605
47481,7392.88081415061
47482,3103.5126564350244
47483,7650.50720984449
47484,4755.912584494702
47485,1142.5965133333025
47486,2920.4610579948885
47487,566.3199169875156
47488,743.634010139379
47489,4363.683787397573
47490,586.309382742961
47491,3974.6484686982626
47492,6008.732579763273
47493,4266.469642394451
47494,4378.847460112365
47495,2305.8858119224146
47496,1385.7652346410002
47497,1013.6522893418427
47498,2380.280005955979
47499,4930.816137281809
47500,15814.723643903828
47501,3099.6508964752857
47502,2016.0563164928592
47503,4184.114656853195
47504,2374.7214177857204
47505,839.175396111005
47506,4524.78068799977
47507,2500.941543872397
47508,2196.765696450524
47509,694.0469281238649
47510,2290.9837695624
47511,453.5496626036471
47512,6182.722798675329
47513,648.2308311863052
47514,1118.8073273833513
47515,13535.844098128227
47516,2587.057218314543
47517,7071.75629914367
47518,1684.5534397368388
47519,4625.646349475474
47520,900.5454464608491
47521,451.63361203701817
47522,566.880136871984
47523,1138.5020042168533
47524,727.3354976130795
47525,3125.7346341661473
47526,9505.336694646086
47527,1945.549138971297
47528,6732.9753763854405
47529,1613.2222776791357
47530,2466.549450363072
47531,2176.487011464295
47532,1630.146594967352
47533,1880.844265664169
47534,3525.7995346218404
47535,1117.0543968497154
47536,2195.7557593976594
47537,2056.3605532887295
47538,846.9160729844525
47539,6668.672098066061
47540,796.6220430816593
47541,10092.290705677044
47542,944.5275078950608
47543,4321.9569622262115
47544,1283.8560559589914
47545,1782.4876952208501
47546,2040.2885547372184
47547,7045.737674096522
47548,6769.486931236506
47549,825.2748261103138
47550,1552.6210292652058
47551,2089.4498717141805
47552,5482.390357902924
47553,3113.977915231859
47554,15415.143289840556
47555,1488.1744227312727
47556,3545.284336853015
47557,3360.67660961222
47558,11449.245651838886
47559,1183.929050802249
47560,1314.778898809863
47561,2298.272316228088
47562,669.2953146677307
47563,1446.8915003105462
47564,867.9229667001862
47565,7204.96036109601
47566,702.2074242582886
47567,5123.517122147724
47568,4862.299184955782
47569,16377.25765611598
47570,784.6715712268434
47571,4868.565772182372
47572,12230.180523991223
47573,12177.9412044617
47574,1042.7891326236333
47575,6326.280026255671
47576,2263.7089438822672
47577,1036.2711582120708
47578,1760.8641422553187
47579,8137.5015861275315
47580,9123.277772170697
47581,701.0191198933056
47582,2896.320936557377
47583,982.5203238491428
47584,9323.596305471385
47585,4340.8799499397865
47586,2504.9457621369547
47587,1869.2179819185405
47588,16720.4463681689
47589,1226.2527673529526
47590,526.6535801856668
47591,1117.6048148517489
47592,4412.29153434996
47593,525.9887753577189
47594,905.0634158920474
47595,4038.122937384498
47596,974.1739486330282
47597,2509.742547516837
47598,665.493704083835
47599,642.9471330611499
47600,5126.005619528001
47601,1215.5706316152307
47602,3711.844495529627
47603,1451.7577543476168
47604,1020.4529804697665
47605,8593.371639056179
47606,876.8656421795303
47607,2100.5489196547655
47608,6502.64310152724
47609,978.0843322831375
47610,644.7019739285477
47611,581.7231393850603
47612,2635.0757709416907
47613,12422.790536897466
47614,1063.892505180841
47615,555.3343710754572
47616,5988.015783728899
47617,4586.53261334633
47618,980.6697333883641
47619,2290.661763149221
47620,2536.9754917165405
47621,563.5884744290048
47622,1696.9163858399452
47623,5022.340256896435
47624,1246.0817619434793
47625,1179.8029402323023
47626,952.6545913553667
47627,8185.0173512680885
47628,9650.539601022823
47629,924.0991442056284
47630,568.472403904204
47631,722.0205424866984
47632,749.3975739782128
47633,775.3246529837093
47634,621.0617315509292
47635,714.4739699896749
47636,759.784302218323
47637,3157.8128868413714
47638,782.2156224918938
47639,632.418778721252
47640,1691.690816594531
47641,7720.588801145718
47642,5084.817308358241
47643,4209.341200027237
47644,700.1797990024833
47645,9571.439594404523
47646,4570.619226159115
47647,1171.9197556533368
47648,690.9619035080719
47649,1715.7858559302965
47650,8895.807986852693
47651,7004.953958778579
47652,2127.224245497203
47653,992.6185964380761
47654,751.1945308658247
47655,547.1012430121393
47656,2414.434690574505
47657,843.1249439359649
47658,1224.1327175199478
47659,2637.9440125991764
47660,12048.679271648029
47661,1687.9743851128756
47662,2413.1797856969815
47663,482.4372521515904
47664,1365.0477383913637
47665,1078.3604739428404
47666,3730.3552558407173
47667,888.2892944899357
47668,8006.574158375093
47669,2291.923040665957
47670,826.520419889842
47671,1689.557113353374
47672,3945.516592463171
47673,2730.542656939109
47674,6227.070340452263
47675,4543.410252098253
47676,2940.9622528528785
47677,900.4430617428968
47678,6185.6915955850645
47679,5251.414930786843
47680,825.4401645926739
47681,4729.192596446887
47682,552.3982678794459
47683,5216.065576886114
47684,2899.476873915758
47685,596.3969561359107
47686,6565.144533712472
47687,1026.679008256675
47688,1593.3925358477213
47689,5570.042276876727
47690,776.0218762355016
47691,6500.390334527213
47692,8878.50199624908
47693,626.2601672203118
47694,12187.721703936466
47695,891.5509062610715
47696,648.5822684471074
47697,824.6409034446971
47698,1172.664860170667
47699,696.624801916591
47700,1598.604824310857
47701,2956.2657198156635
47702,677.7675771107977
47703,1403.474904217763
47704,1115.7407221585204
47705,2402.697013085296
47706,1823.2360933818009
47707,5818.675319577668
47708,2059.8443337819676
47709,5945.03568033619
47710,7680.297577928521
47711,841.5157326247875
47712,920.6083364956429
47713,9355.16788072933
47714,952.1624553910541
47715,3272.7173341180214
47716,3964.0142668007215
47717,2646.3873394890657
47718,673.1023067323944
47719,919.0722585643961
47720,865.4033802684229
47721,1006.9187287043125
47722,2358.17431674879
47723,3753.41284658251
47724,2586.502314207201
47725,928.3116510812566
47726,830.7758197565026
47727,15857.165806362955
47728,1756.6619735833187
47729,8572.417217505696
47730,4262.945072454645
47731,1027.5416775604522
47732,3137.527190824995
47733,3559.635871543952
47734,2393.2137800748374
47735,2287.073153115665
47736,618.8056388723281
47737,694.087156082841
47738,4878.787804130085
47739,2093.903751288686
47740,815.6951024640655
47741,2444.9664131139357
47742,410.02966434813106
47743,643.7796565345828
47744,7624.677787781696
47745,752.6382512265606
47746,739.7032120041332
47747,890.054980865512
47748,652.4571281992943
47749,717.6319470286585
47750,1200.3770555137712
47751,3243.038608631034
47752,1029.2022140013512
47753,1740.0016337579302
47754,13009.375488705615
47755,1096.1130635205218
47756,4468.222455459414
47757,1666.3313962449442
47758,2767.2767030698565
47759,4081.0080940458797
47760,4108.280606516211
47761,611.1771361715736
47762,11413.491034894525
47763,758.8972355285084
47764,642.2229008853783
47765,5302.955524097304
47766,1751.8264223696567
47767,2611.8475841558475
47768,1891.630519108519
47769,1773.7689385881702
47770,1849.7565031636009
47771,1186.8576640527324
47772,1775.9328887277227
47773,1089.0101925933825
47774,5435.054802984786
47775,980.4109070667151
47776,3330.4557716925347
47777,8877.941519117236
47778,3336.36016040402
47779,5175.194042452283
47780,893.1509911012729
47781,4758.82325776395
47782,754.4907357137757
47783,15174.502332493874
47784,2443.1427106948067
47785,1092.5877321789533
47786,638.3665141563873
47787,728.4272380536104
47788,4958.472114002061
47789,2393.1533195978177
47790,9004.455392041
47791,1609.5769802789803
47792,583.4586642832944
47793,557.8668879722534
47794,5469.806822402771
47795,994.3850164711862
47796,4584.0796230800925
47797,416.0267815876781
47798,2917.5489854537286
47799,5791.853631897172
47800,7332.3749547473
47801,3454.6929537850656
47802,886.9189796917942
47803,7154.888873479049
47804,3983.7753164561555
47805,4433.309542982694
47806,5789.311271863975
47807,1269.5956516433957
47808,927.3060468483844
47809,12176.756575621204
47810,4649.585189478746
47811,13436.243866992192
47812,1580.0619915506384
47813,11108.474887153045
47814,1184.6571622525448
47815,553.9070493797094
47816,13786.33045023473
47817,7066.1460980548845
47818,1039.7424833829584
47819,1711.269995075326
47820,5416.099376429982
47821,1913.8128546700832
47822,1206.0427507204845
47823,5723.517277774594
47824,1668.5280069198009
47825,6372.713704739347
47826,10126.093599087133
47827,3145.3646298264907
47828,1317.4970384085736
47829,449.3745455273444
47830,1284.391896454511
47831,3514.6362063591473
47832,1170.8146738821647
47833,5730.116151777704
47834,981.3129848271379
47835,3900.9449628105585
47836,854.5319899743911
47837,3095.5272369712293
47838,4232.972340719622
47839,832.7046426305478
47840,825.9600948710465
47841,971.0322999032439
47842,4321.931712614482
47843,1346.6024253772575
47844,5406.704245273446
47845,7007.153535456807
47846,5196.078682059354
47847,643.4132885195585
47848,17203.359309292853
47849,3249.2763284326124
47850,2053.300420932685
47851,7961.741266034908
47852,9818.490490182301
47853,2192.8402542026474
47854,2385.457152429924
47855,2889.817650952125
47856,1583.9398068148844
47857,7060.525418787026
47858,463.00374357176406
47859,853.9029001750478
47860,14660.324001468949
47861,13589.372596963542
47862,5797.913083094011
47863,3767.295207440821
47864,2281.1384349288605
47865,1065.1218779231824
47866,6613.7371543907875
47867,12173.310857433586
47868,396.2868847672865
47869,830.5849791693206
47870,728.3739025526448
47871,605.9626400590649
47872,2753.675500138443
47873,7249.740045712843
47874,428.8185181143064
47875,10762.413141944824
47876,14187.250727390592
47877,1847.7936049299526
47878,551.3072406948429
47879,660.2513323709156
47880,8829.871360558596
47881,6743.102375776398
47882,7747.6434653227525
47883,11814.281069321823
47884,2998.6287809920073
47885,2810.105363111254
47886,2752.3086659191963
47887,2058.0283222354433
47888,2064.968818869977
47889,2417.942887765026
47890,4895.397465713227
47891,1346.5505376260899
47892,3295.1411428084843
47893,7660.304672248419
47894,15979.376369348753
47895,2096.090508596449
47896,3104.2087416898985
47897,4050.1768363921424
47898,3085.6136643294167
47899,17063.42909816691
47900,1878.0306686933918
47901,5264.7160987288125
47902,1886.8311254873424
47903,12656.049393730862
47904,2286.1228394860354
47905,2049.227846456194
47906,15339.400866606942
47907,474.1687656334624
47908,4753.686288577516
47909,4294.810701710298
47910,735.3339379684734
47911,777.1613125617165
47912,4886.009267109632
47913,801.0066283901301
47914,13828.868324713987
47915,878.51009157811
47916,7166.318872872523
47917,1023.4024012600164
47918,9773.512704589699
47919,672.8170408860559
47920,1303.349971028003
47921,931.2478386181529
47922,15798.330980049095
47923,6274.2493668463585
47924,4462.976854072233
47925,852.3764257749492
47926,1374.4875158277694
47927,636.9829190750542
47928,7559.000109156537
47929,774.8468785654736
47930,2103.4373923536664
47931,832.6386823959967
47932,1314.8097085166776
47933,14462.769893856354
47934,892.1498267221865
47935,584.5808443218406
47936,545.4075334503934
47937,10764.09084036363
47938,9437.765831270539
47939,6497.429041637649
47940,709.100880227762
47941,4758.605041969386
47942,2940.2838080483934
47943,7921.534410701446
47944,16539.484839515753
47945,445.8502539222844
47946,896.919149280384
47947,9773.519722838215
47948,4788.745128095535
47949,1174.3125745710763
47950,10844.459182882383
47951,2698.355124749967
47952,5190.146201542384
47953,1018.5618671442505
47954,695.5876298557301
47955,470.53506191505164
47956,834.3809530402164
47957,2527.7852364058913
47958,1381.4153638092996
47959,4323.751782708084
47960,3426.944499433716
47961,4476.638990404863
47962,1034.7608987933693
47963,750.1912655804024
47964,740.4467931474929
47965,4208.993924870981
47966,771.1644118535476
47967,5298.122480892402
47968,16053.816675037853
47969,2580.708106281198
47970,16213.2006629884
47971,1041.793820098877
47972,4257.067867903445
47973,2733.039129079807
47974,2909.7010919602944
47975,11885.055889320056
47976,4165.204412319531
47977,791.1507208022692
47978,1129.3031783017882
47979,2670.695567342206
47980,1018.0526650155564
47981,10885.936939054602
47982,626.5963579535832
47983,3412.904862293239
47984,6409.360555308179
47985,11291.795488296604
47986,2549.512489770312
47987,4716.929803286067
47988,2147.8770874048605
47989,1803.5562056483914
47990,1091.423972020163
47991,5087.002952755478
47992,11335.721075539133
47993,16018.509858297493
47994,1907.3441006752018
47995,1286.3977811555933
47996,1027.8090511501757
47997,1121.484923259271
47998,6242.762501057387
47999,2599.734504610143
48000,437.19435912242886
48001,12738.322898098026
48002,1158.4757775507908
48003,591.0684315142041
48004,839.1205178392149
48005,4944.72095242644
48006,17363.508130827515
48007,1206.9753415671016
48008,14860.33676349162
48009,765.2923555523745
48010,8180.172285299414
48011,2797.7503280407477
48012,4387.732836779656
48013,830.2341990707675
48014,666.9856262284612
48015,2086.095612769258
48016,13878.198851826126
48017,2309.6066241869135
48018,838.7959347567755
48019,3504.4908430956725
48020,12985.958408868633
48021,3516.547224838985
48022,4116.417567384161
48023,15370.749128076017
48024,2063.2054113376043
48025,4600.37382224268
48026,3973.980909967434
48027,4867.6465447687415
48028,827.2566313667119
48029,7263.777260745823
48030,1373.5360301226315
48031,4809.8230783165
48032,7506.370952120573
48033,821.2399734808864
48034,6939.877371464892
48035,3445.839141669184
48036,6388.6116451960615
48037,3735.3824706332357
48038,5113.901133893616
48039,15951.49308988642
48040,477.1901514031426
48041,16033.219803994407
48042,5620.657993904191
48043,7608.923103235829
48044,13553.37039121932
48045,4411.554549081793
48046,1620.1933447087968
48047,773.2009292068934
48048,486.04373516573077
48049,11420.392145715306
48050,984.6225812964461
48051,3803.3226951770093
48052,678.9338724332398
48053,1766.659372631562
48054,3911.5728994264286
48055,2721.6737779777795
48056,16876.177186967583
48057,1080.373028597809
48058,1954.4333581751837
48059,1436.5750581147759
48060,10590.185018216778
48061,857.0828622620352
48062,8757.61244522878
48063,747.047978109651
48064,1091.3907998104842
48065,13460.70718674486
48066,3509.528960262945
48067,13787.723757628943
48068,1051.447180356069
48069,768.2827131488141
48070,1351.1048806869792
48071,1583.9917328183922
48072,6950.752888227634
48073,871.9367882961808
48074,834.6201667678611
48075,3575.654898484606
48076,1008.0210250813309
48077,3223.824690249687
48078,5468.473891527699
48079,731.0397940257686
48080,899.0541002320597
48081,2389.500188366264
48082,6443.845456303702
48083,808.1739264675263
48084,10004.547489727267
48085,4253.331179712495
48086,1684.984790381496
48087,565.2062107282992
48088,442.86454940788934
48089,594.8621733159639
48090,889.371612894478
48091,4319.197081167385
48092,1136.1196100446434
48093,2236.019183845136
48094,3986.896921846021
48095,9375.825192494456
48096,2303.0199775223778
48097,7666.360394445095
48098,16427.044678321203
48099,2770.7194380484766
48100,4911.087199028755
48101,529.136489123134
48102,623.0892106604726
48103,1944.2382549301585
48104,610.7206694699363
48105,9369.988780054813
48106,422.07381420568873
48107,771.7069151121873
48108,929.0206940653728
48109,3077.173056615538
48110,12520.445250371873
48111,1038.4575607380116
48112,1358.9645930696493
48113,3515.0305629709433
48114,1078.4139643169235
48115,7165.139933788136
48116,9487.649138625715
48117,8019.004994502703
48118,561.0237353422041
48119,676.1744015412063
48120,1543.3702263198613
48121,2637.341971445663
48122,12085.20120712912
48123,692.2155280282111
48124,2768.9182435600414
48125,925.1526887081002
48126,629.2610145123183
48127,916.1947317238075
48128,852.6048880697396
48129,681.2547228556749
48130,10718.125611169566
48131,5193.190217535754
48132,5931.874864982953
48133,813.3771638198642
48134,5514.743997423777
48135,2600.307585882372
48136,6485.746544580281
48137,2080.95947324747
48138,864.54597456124
48139,9285.50354145481
48140,3126.623125271162
48141,6012.434773064268
48142,907.0913698367875
48143,502.3405583805622
48144,16399.06788417558
48145,6303.408384851054
48146,5589.846180825639
48147,4915.354162612318
48148,2827.4168307618042
48149,4655.55691352992
48150,760.9038029001546
48151,888.3273242677217
48152,1246.6038130440033
48153,1575.6427608381675
48154,17714.906466174536
48155,4161.4572294950085
48156,7383.014273211757
48157,5923.921840720473
48158,1587.3430601820191
48159,4604.487211010064
48160,577.4032271114671
48161,891.4560006809795
48162,2679.886993156512
48163,2002.9771452188675
48164,7639.293276918633
48165,722.5819734435769
48166,2662.4560193335437
48167,737.5170290651952
48168,2889.934736810613
48169,12385.760804634449
48170,8447.153505020131
48171,985.6239390624288
48172,1154.0282138132025
48173,430.9880816472059
48174,4414.9394386111135
48175,7650.552316851852
48176,3994.782511499347
48177,892.9042275917714
48178,852.8881503364554
48179,816.049355382322
48180,3408.374163598119
48181,15941.047209459559
48182,682.0625613833923
48183,15490.295227663522
48184,505.00089943460074
48185,2707.6124360613
48186,3007.1849433425327
48187,8009.519501061543
48188,3017.645960524613
48189,2299.9031086464797
48190,7315.694979491514
48191,2630.763236514326
48192,859.4228709470224
48193,1683.3385160824837
48194,2261.907462988972
48195,12375.50876681516
48196,8810.400078927072
48197,2188.3188515857837
48198,2102.0991103040337
48199,7176.559501210649
48200,726.9518686009683
48201,3470.753009151067
48202,3265.151263226769
48203,3456.6245262824627
48204,1543.857053329116
48205,6281.427299648947
48206,5314.103175082603
48207,8036.398942585684
48208,2767.541744229939
48209,3730.5865421411145
48210,764.502544400623
48211,1023.1325637540197
48212,2158.7282726614458
48213,567.0864217162666
48214,5247.269391681213
48215,2358.7931946744616
48216,1279.5857017878698
48217,571.3506993734829
48218,7405.974999692945
48219,2288.29314298504
48220,768.770205788231
48221,1083.8537629700265
48222,2360.2993011120902
48223,2895.2016513216004
48224,2031.5979585899067
48225,606.8086647364669
48226,798.0957122541903
48227,5240.218187089949
48228,16763.502571834277
48229,3337.404672066419
48230,410.7556263855189
48231,3476.1499859875235
48232,1483.5206976593042
48233,15672.360421735733
48234,14658.233755044223
48235,1174.313304926761
48236,818.972884595948
48237,1738.199386117033
48238,16710.88826506211
48239,9295.178070278165
48240,13782.78637209224
48241,1686.5304070986185
48242,4838.731823357194
48243,1481.4158568666528
48244,7729.172211162528
48245,4988.152575968637
48246,553.9671060986793
48247,2550.6091651356423
48248,5081.684358570443
48249,7147.032978205808
48250,496.2656181486897
48251,1645.4803632061607
48252,742.7532901345463
48253,568.7681314405858
48254,1920.3425192320356
48255,5027.836361437913
48256,1261.2856980861798
48257,7329.2506207881
48258,3497.7848103877354
48259,3181.472013816948
48260,1153.6651028690358
48261,1865.2574618077674
48262,13217.501873938401
48263,6309.124784188883
48264,9625.233482993659
48265,1038.444589266967
48266,4007.1982277059915
48267,949.3455386059192
48268,12271.301833438296
48269,509.6671471222423
48270,3897.849552037434
48271,9433.640134283896
48272,5313.715728293683
48273,938.4634103285174
48274,4603.495887653021
48275,1253.1234857060904
48276,4686.925857751708
48277,1412.1689182903951
48278,10693.360366750405
48279,792.1815572901244
48280,7255.0068797891745
48281,5691.777676963993
48282,2261.3055033582054
48283,11509.071936670167
48284,2421.0071468205265
48285,752.6267582078739
48286,2286.269110955068
48287,12945.308718332495
48288,1245.6903520339667
48289,1638.9005128966417
48290,672.6998980243984
48291,2839.8623831814375
48292,851.7537575841872
48293,5041.284058805925
48294,723.3551760558863
48295,1042.2631813241856
48296,3775.907811062107
48297,667.6339700944841
48298,1888.6160721104734
48299,2524.006971130201
48300,3973.817754961758
48301,2812.858891207138
48302,423.74449196105326
48303,5407.42396044917
48304,1252.933858210382
48305,1184.279694803321
48306,8440.425004926685
48307,16771.655652929072
48308,10540.502664055632
48309,2105.9051750528233
48310,564.2619615987574
48311,5706.89157589074
48312,2377.012183125705
48313,14244.432405099002
48314,9441.127424775148
48315,654.6006590960172
48316,1608.937732017018
48317,6018.709327952823
48318,13872.092068616023
48319,9388.79501050764
48320,12665.036228367891
48321,2858.2980369634884
48322,1613.798627944644
48323,1702.7142396049092
48324,9433.389796081889
48325,2472.2125737149177
48326,4324.413091957749
48327,12654.637338057746
48328,2572.141281904468
48329,1087.5428155463826
48330,1946.904077568636
48331,2215.2887572706154
48332,866.0204544751032
48333,6026.679517760217
48334,895.2541230850721
48335,2965.2327643283083
48336,1510.1609487134583
48337,851.0096695593211
48338,1601.743897780881
48339,1207.0041861887514
48340,3195.0077802601627
48341,1045.1849171041647
48342,1658.3394031817388
48343,7124.636814385672
48344,12748.925853518691
48345,902.2450543517292
48346,7722.614136600429
48347,3590.332683377139
48348,722.2015064553941
48349,7084.303486538003
48350,897.1045804561347
48351,745.4669690937792
48352,2174.673977087752
48353,588.8363624379565
48354,4167.702166029478
48355,3968.681055009415
48356,4360.887927773784
48357,6310.695061091404
48358,4833.197491533271
48359,1655.2022696031238
48360,2891.064879749176
48361,678.0192834329628
48362,1620.1792428640263
48363,9907.229535511586
48364,1060.6392835916113
48365,5576.721841727717
48366,7195.294494764447
48367,1126.9818340951583
48368,4783.50930564788
48369,870.5898234493013
48370,471.96996534794215
48371,5601.153594854822
48372,15000.915691736956
48373,5546.640620175528
48374,1726.544271798009
48375,438.5297161591518
48376,1088.2949532626517
48377,5797.857890742739
48378,2372.607405576918
48379,10376.425133802783
48380,666.3350852037412
48381,3490.737155838012
48382,604.7412093815557
48383,13090.00570114063
48384,401.7629206320696
48385,905.0422866340009
48386,4617.6144045101655
48387,498.91459513799776
48388,4280.243935343504
48389,5064.595510900603
48390,1658.084780967054
48391,9066.109254286472
48392,5014.056363955787
48393,8790.498277671564
48394,405.6612459125487
48395,590.6737616171308
48396,3693.142337536182
48397,2001.943295335255
48398,811.1567893000337
48399,904.8842694741362
48400,650.8128048509775
48401,1233.871864415892
48402,2323.9156488392778
48403,624.6978393964372
48404,3087.8767290285955
48405,12561.871658630718
48406,8020.492513391885
48407,1772.3953881145123
48408,7705.190147631188
48409,12995.217498204942
48410,4692.347204327204
48411,8073.331630903273
48412,559.7143450128473
48413,9243.282448874792
48414,732.5719977721755
48415,7067.312151973058
48416,4346.455145891919
48417,1099.1993715886933
48418,3005.172206216456
48419,768.2303511199206
48420,1028.1215100883944
48421,6410.8460770959455
48422,11884.502483995337
48423,5768.67919217304
48424,8317.777282859997
48425,418.47276939595366
48426,4443.9048593440575
48427,596.5706040087515
48428,4391.251915190606
48429,7615.588196294335
48430,896.7754258891057
48431,414.333928809292
48432,706.6077844341394
48433,852.6061168061453
48434,1386.3098474161661
48435,431.8991539710192
48436,4910.616244485715
48437,1018.3827764041569
48438,793.3753238503651
48439,2453.578821162833
48440,408.6514894643074
48441,6393.03665648301
48442,3409.225019414275
48443,2220.4714246571216
48444,2767.4532805417057
48445,2249.2391491338235
48446,14824.943376654479
48447,2038.3718210309164
48448,2300.2571234959046
48449,3726.5923585928995
48450,1505.3620259538923
48451,3559.044572097026
48452,15913.445560596714
48453,15581.207174415746
48454,694.9659861875767
48455,1320.9476749148575
48456,533.4347994723659
48457,1776.425174450148
48458,4932.1975299563255
48459,12878.33708284539
48460,633.8124394124249
48461,3673.4619568255994
48462,3854.9372960842366
48463,9061.380111203987
48464,939.2895643537245
48465,4663.424066252245
48466,2034.137804234523
48467,4778.165962329934
48468,1355.828388763019
48469,3029.592050778452
48470,2736.664146600298
48471,963.1159129587093
48472,4017.1155841634877
48473,4358.513698994144
48474,1753.0443709826523
48475,1717.3772304678162
48476,3489.337971431693
48477,2409.242309901691
48478,3347.1823826086897
48479,3931.8900064629897
48480,16793.497684353068
48481,1155.227987310392
48482,499.3135691487289
48483,894.2595293196139
48484,2340.108829082422
48485,13100.697392563528
48486,2785.9001876075395
48487,1034.8721207680157
48488,917.1648090747865
48489,3734.069128074859
48490,835.8189897355014
48491,3380.821808763324
48492,8103.8688728995685
48493,2510.162627821187
48494,13161.785477109306
48495,4974.7248777364275
48496,4345.834179098238
48497,2419.3664810360488
48498,5146.938075427768
48499,8891.557781314772
48500,6784.095154855814
48501,1525.9148595763104
48502,2898.593795447085
48503,606.8155728310767
48504,2488.190078869002
48505,8291.255212887276
48506,2176.566514767889
48507,2570.6968020035597
48508,15577.967864038612
48509,683.7058023924783
48510,1999.926705534559
48511,1540.098244066354
48512,536.0538512895853
48513,985.8678209928312
48514,2738.7213349905705
48515,3610.648127476502
48516,6531.34794157564
48517,5083.114919068266
48518,4453.0844613207955
48519,517.7105160242661
48520,672.644494409767
48521,926.4580924279811
48522,863.0792613846604
48523,6521.2897762813645
48524,14172.258739651801
48525,840.4960814844927
48526,5273.631456269284
48527,14360.690331934315
48528,529.8139121201999
48529,5274.102345131317
48530,3374.9686328883677
48531,970.4028121921008
48532,699.7492343199957
48533,5190.985292773219
48534,12615.861841063892
48535,2861.4121244245857
48536,2151.163909961162
48537,2303.935769710811
48538,4391.964319768024
48539,2041.320631846832
48540,3309.2200941134156
48541,773.9135849106343
48542,777.1267789904798
48543,1801.908927287277
48544,1884.9838035559985
48545,4787.482800800048
48546,8388.674821765393
48547,7210.377677797996
48548,733.4107060486348
48549,4921.4751880443155
48550,470.7980975587503
48551,4555.121721904415
48552,1894.5405224611231
48553,2361.355204278681
48554,706.3413441203725
48555,2188.336026131667
48556,12876.42113986436
48557,881.5502028963552
48558,486.71122195921544
48559,6517.999544399981
48560,8499.502852042051
48561,7821.696811655497
48562,1752.3830248166385
48563,4078.47785231996
48564,1724.6786704599513
48565,10590.540273202743
48566,2733.051854725502
48567,2030.7205995708728
48568,3022.720273598256
48569,849.4005677750187
48570,4168.157340386309
48571,765.8247907789947
48572,798.7180209610182
48573,4827.7311627601575
48574,535.6667244963774
48575,476.2731265956771
48576,428.5612807319292
48577,1223.9385729558237
48578,9358.960855350335
48579,5034.775656811056
48580,9649.993608052599
48581,3870.5485140179876
48582,1999.6044179055443
48583,3841.3439841879635
48584,4224.383663099632
48585,10846.919177804577
48586,8912.754894015303
48587,3009.6701786491876
48588,4596.261123735761
48589,453.5178192110274
48590,953.1899737649011
48591,659.8732618774226
48592,550.7073120226148
48593,4419.86042056239
48594,2122.411124714651
48595,800.5781789223417
48596,3166.259213899894
48597,783.95646935071
48598,706.7939397954341
48599,3449.116998510538
48600,903.0715099545755
48601,449.1686612269113
48602,2079.461234757099
48603,15908.569704374902
48604,3034.8068807092764
48605,3665.8445169126676
48606,13902.034858740284
48607,1892.2642597782574
48608,1237.901315746633
48609,1253.3624503107023
48610,11386.282430474675
48611,966.561815494978
48612,1632.8338696365106
48613,2790.3247148752334
48614,4454.40127979234
48615,14981.915906284761
48616,14018.766963759637
48617,1949.1644610606932
48618,3191.532181888471
48619,940.0996447106191
48620,2310.5372601968475
48621,1735.5741425230915
48622,2440.8213853124066
48623,12224.435485031103
48624,4191.336115411749
48625,5772.284239547904
48626,6291.403451605696
48627,628.9818161418636
48628,5956.911208176035
48629,889.5175369376378
48630,1568.3395156680863
48631,2970.0668119010065
48632,1356.730178820423
48633,2990.8901882465675
48634,811.6858332646756
48635,2924.9745847154413
48636,3434.0125059621546
48637,1517.6876176494347
48638,494.30653960059743
48639,9358.701547748027
48640,13619.572251094407
48641,4848.756877687524
48642,727.3168012338936
48643,8486.705508415174
48644,623.7215722837002
48645,714.4745417715867
48646,6554.779609707083
48647,6382.785855863048
48648,2690.228385737696
48649,3122.9607256011063
48650,563.8341180818618
48651,4321.647416323715
48652,1922.461993623113
48653,4241.405381970282
48654,837.3123591904799
48655,503.92148053542184
48656,16588.96997092197
48657,2066.142433004901
48658,598.1345656775179
48659,2142.2677330525476
48660,1042.7887729759054
48661,845.9337759434553
48662,978.0034352031604
48663,5261.808175362061
48664,8271.544848857837
48665,5972.18686860369
48666,1043.0932383263262
48667,428.3301975959727
48668,941.8908861928186
48669,900.5354725763675
48670,14696.880356820686
48671,591.6362984500801
48672,11465.824309981805
48673,1461.0576304464666
48674,691.0093717058012
48675,4598.4974839065835
48676,672.6135530541778
48677,1626.3195271574102
48678,390.40459951059336
48679,418.057107959016
48680,923.400585473653
48681,423.99975387333006
48682,4841.838075684892
48683,4292.541859768367
48684,4894.110652416284
48685,4198.302698223334
48686,1898.128912708743
48687,2905.947991798107
48688,3679.8870711229742
48689,11474.88110137222
48690,11036.162932393192
48691,417.9365375204693
48692,993.297602863515
48693,3308.5587355751327
48694,8614.501706658104
48695,6717.978395916141
48696,4716.129912289832
48697,2572.4560142221367
48698,674.0314302470351
48699,5117.727356231374
48700,4277.795656616527
48701,2731.97933792163
48702,909.51642559395
48703,830.8751770434726
48704,6462.961973910504
48705,1231.4703625493532
48706,2375.015183147067
48707,693.4769763923357
48708,8979.12839695067
48709,1906.8831199051488
48710,13478.073070837121
48711,3588.9852763580143
48712,892.9204998544456
48713,1785.4584303091128
48714,2987.919218417938
48715,16857.509846396722
48716,13870.304369099706
48717,1053.765140855222
48718,3086.2350339726995
48719,3260.7201248362753
48720,876.4796567077582
48721,1005.486927117329
48722,4269.774861351023
48723,4150.392110324464
48724,7624.425633100848
48725,9538.003401631226
48726,684.3527373660925
48727,486.8899841986579
48728,989.576807092798
48729,1949.9727211341858
48730,14293.703893372382
48731,4513.185287970338
48732,1743.436261485918
48733,3992.18737921002
48734,4881.20369361139
48735,2623.1626813647035
48736,15298.206606129901
48737,602.3375393523903
48738,7181.772572842477
48739,4733.54550715919
48740,504.4754470490971
48741,1928.6635449219496
48742,2399.1881369486787
48743,888.2551374866736
48744,8085.282036452876
48745,920.7204331710046
48746,1142.7275721632561
48747,1632.8304601699103
48748,745.0169252203502
48749,5268.05470547806
48750,2580.8147087250168
48751,6036.087162541408
48752,779.0658682072719
48753,1000.0814431239448
48754,10484.707431017483
48755,6429.1980147134645
48756,2810.4563385302295
48757,745.5814811194801
48758,1250.4463920494773
48759,4410.631951217005
48760,4665.324068263624
48761,1036.2275491671292
48762,7362.677155649945
48763,8876.512988954322
48764,2289.8740124652372
48765,2201.9502194685233
48766,923.0615267350731
48767,1054.7927406477313
48768,1985.9795180376486
48769,2338.3793090396675
48770,1724.7662624813695
48771,1005.8124873136069
48772,400.3311284635472
48773,4738.4985239800935
48774,2517.8174699802407
48775,9253.620257378072
48776,15948.358273107322
48777,768.8696276366629
48778,2831.465564758439
48779,977.1382126209087
48780,512.6473137977011
48781,804.8973272778877
48782,4515.765731292783
48783,3280.5934594153896
48784,990.6686418394756
48785,708.8906360765817
48786,1109.9517936496316
48787,389.7879850587337
48788,5290.505713781368
48789,580.1080887802874
48790,7537.89149093171
48791,13055.050606140208
48792,5617.711443187515
48793,419.99149718305983
48794,3263.2542250570073
48795,648.381966703106
48796,1135.6041626701165
48797,2774.5035644307272
48798,13251.97576581736
48799,1679.1955317285476
48800,10610.759915104329
48801,2537.333490641727
48802,425.02023842627835
48803,826.6671473139339
48804,1625.621367228276
48805,428.73891048690126
48806,5744.087565217437
48807,643.5276179460395
48808,1245.3162995261073
48809,4945.377117252912
48810,6167.533398671877
48811,2329.639207895905
48812,10100.110327504888
48813,1272.5018568197768
48814,1268.6205761609922
48815,5125.709969052445
48816,2107.4937704329654
48817,5967.364686036556
48818,1360.4248688578
48819,3149.801132996953
48820,1828.437229360834
48821,10335.207791900102
48822,14994.869240367816
48823,1391.822587824794
48824,2164.375120134824
48825,7221.396943917841
48826,4412.299253152093
48827,1620.447789687952
48828,697.3883871095302
48829,5049.447343004316
48830,1818.2227420722645
48831,5133.89228347212
48832,8423.942399967444
48833,2103.885998445297
48834,845.0562851049033
48835,3795.478415394126
48836,4665.028684062498
48837,5480.697436779153
48838,609.217478420735
48839,2336.0512996219045
48840,7584.846549555375
48841,6726.393815048447
48842,1837.620853959081
48843,1187.0012638624614
48844,688.4958272971376
48845,2534.8306747816755
48846,973.7042905105344
48847,636.076340440463
48848,718.5621261770539
48849,1997.1858218762256
48850,4182.589728858608
48851,1711.2039087352446
48852,12178.324754333193
48853,9149.819070288646
48854,4165.833067210197
48855,1077.2428086303971
48856,565.2556279556197
48857,1009.8036868654707
48858,3588.554797416088
48859,12901.315512648018
48860,6798.408874239379
48861,3016.7815934694463
48862,647.3053697100729
48863,633.8991769211459
48864,698.7163713086253
48865,575.6440798356615
48866,740.2277509529371
48867,1061.0475824975688
48868,699.0972686265312
48869,5140.918953722452
48870,3223.6526911106134
48871,7052.974744076553
48872,2015.7522272430147
48873,14823.24439446899
48874,4023.9435536803476
48875,1668.7896771958908
48876,1865.0435888250415
48877,11753.240827623882
48878,8409.809908733509
48879,1611.7890665949324
48880,697.2259265501033
48881,16329.38308335423
48882,664.3219587562385
48883,7293.016733074636
48884,2843.1259914278453
48885,917.9646773191531
48886,5009.080812413038
48887,16604.233660925514
48888,969.8663549948348
48889,5211.874844804197
48890,2817.6052658140293
48891,8466.681280763223
48892,409.2690496857114
48893,16569.729665325085
48894,9503.758654257144
48895,17057.519723967467
48896,4455.125776767976
48897,16410.041132476916
48898,3974.1426346763524
48899,11484.94445985267
48900,13869.405770194695
48901,15662.953337212462
48902,4454.022173008108
48903,12476.224922432782
48904,16062.52322660076
48905,10912.15253802581
48906,1773.9132101805058
48907,2954.781997526337
48908,1177.1498483302753
48909,759.9842303403436
48910,6259.425778012049
48911,5553.496963973006
48912,16742.19445196217
48913,910.0774621170991
48914,669.8215582586603
48915,713.7041903880128
48916,4725.884583763178
48917,901.347940707775
48918,2858.2913142145826
48919,979.4961870324656
48920,2625.5509165922986
48921,436.6859242671021
48922,6521.046196296029
48923,9768.845068692579
48924,3061.3100435548686
48925,4369.498652112157
48926,5598.410276777221
48927,565.0480974038397
48928,3588.8649142286345
48929,911.2562301767815
48930,8003.666925046812
48931,1045.058094985047
48932,2427.5506131517586
48933,626.2651476614003
48934,410.0515157521761
48935,513.4508270366307
48936,2196.8683797220037
48937,515.094651933472
48938,13246.373068096667
48939,1518.9613771889383
48940,959.2619021924913
48941,7092.920782192062
48942,644.5958855550698
48943,3716.788575064688
48944,690.3805740982522
48945,602.5980301370834
48946,1207.6173629823538
48947,1284.7853371717936
48948,1944.9084719593873
48949,823.7151012266974
48950,8799.951049779893
48951,2085.707599000295
48952,1746.6397833126962
48953,8143.8858351003955
48954,6024.078166706967
48955,7333.1124459985695
48956,4044.9123466692363
48957,8148.874199496495
48958,2795.0658809219462
48959,4080.4132283343397
48960,8667.163985969339
48961,10149.361321797007
48962,11943.711189937747
48963,1689.8386612230966
48964,4761.685093726465
48965,801.7104103448337
48966,3066.2630906271843
48967,2616.3055882401686
48968,1599.1479027325372
48969,10491.841326635744
48970,1900.7897325850713
48971,3904.697706097607
48972,4630.578169100416
48973,2735.4699378386936
48974,7048.271432553304
48975,828.3395297562698
48976,637.9112457375134
48977,6031.551830680687
48978,3724.326141163432
48979,1144.0863150426114
48980,5256.250347498991
48981,1063.6156338194978
48982,1018.0076588736384
48983,584.0584930195923
48984,3030.8470710965507
48985,506.5593891675353
48986,423.9649588729617
48987,1898.6060999170077
48988,5583.740552463445
48989,697.0079618852496
48990,13188.893997413159
48991,993.8828092084801
48992,927.873054133445
48993,1284.2562505360697
48994,692.3615039794646
48995,872.7736068938689
48996,1327.6176253490053
48997,5467.626385308802
48998,770.518953393582
48999,15907.884446011249
49000,850.8179722593254
49001,6549.178473409712
49002,2266.650362850288
49003,12017.450920623107
49004,1523.2713465138872
49005,1101.6161023826492
49006,1605.544985789004
49007,1189.2435935270773
49008,2300.787632802157
49009,11649.419242868893
49010,9951.420507381805
49011,822.0771869315631
49012,570.7251898178765
49013,930.8567418838002
49014,916.5927920766969
49015,1326.7487530841852
49016,1824.1915269705337
49017,963.2597248496393
49018,3623.7953724467075
49019,594.5082849068343
49020,1856.183587548757
49021,829.2138488442731
49022,8433.900604906983
49023,3369.6370113018233
49024,2908.4924530322774
49025,1764.0224913081822
49026,2456.7437418931213
49027,4047.968593271085
49028,4938.084166602625
49029,10661.113143417631
49030,3873.122815102522
49031,4673.84595154983
49032,13572.978243514151
49033,2769.211721528174
49034,2314.4686803409027
49035,16447.40877055782
49036,4899.169976443858
49037,17656.98111235534
49038,5694.025062205889
49039,2412.4230193073836
49040,4653.544217011314
49041,4372.998285736534
49042,6416.3524863756
49043,4066.951701300399
49044,1856.312316603062
49045,5975.357771476815
49046,4154.157181073234
49047,681.872164734767
49048,4340.552470993735
49049,521.8000200369023
49050,817.1137860365582
49051,2323.298710104348
49052,6175.486655028983
49053,1284.7064069469134
49054,696.3905976782196
49055,1598.4435361102892
49056,524.7363025179056
49057,702.1430345005717
49058,551.3422982857215
49059,3908.20633114988
49060,3798.942788990973
49061,957.5553085876328
49062,4255.8805854695765
49063,991.2803965642743
49064,9275.831501255027
49065,611.4925766621875
49066,2002.9533248818614
49067,4678.134950099364
49068,4407.300706708175
49069,898.9776176406406
49070,2308.9790861649
49071,1144.6667108489348
49072,1035.1315167057996
49073,1041.3917082278087
49074,649.0667159736113
49075,2160.272749386115
49076,989.4994869856653
49077,2352.609744610965
49078,3738.3931092421126
49079,2038.1101765849235
49080,1826.6096564998122
49081,3463.696824954538
49082,708.2430067156859
49083,3046.920456312966
49084,10664.921029081928
49085,1273.3299447448235
49086,833.169543263825
49087,432.8285308730935
49088,6607.351503037393
49089,3401.127454659627
49090,457.53397250142626
49091,423.6207308711017
49092,4977.5780963654
49093,2794.722118171836
49094,4290.431606252491
49095,2916.963833346057
49096,3830.9777280013564
49097,1012.4905022101799
49098,1822.706123610987
49099,3188.091512749897
49100,3903.4935637074072
49101,1192.3584771192952
49102,1592.6488371502644
49103,525.5316327442251
49104,1470.9129956914144
49105,7536.603568654678
49106,761.5828684608241
49107,628.5444715022669
49108,11591.7185693972
49109,697.2152475733138
49110,1777.2078688193892
49111,1070.1610105198638
49112,462.9839554517748
49113,1010.0826485388624
49114,4673.691467766125
49115,1363.4844694388928
49116,11860.12280460043
49117,4271.721814815016
49118,856.8353712791936
49119,953.2733193152341
49120,5675.080828708217
49121,2847.6350322084154
49122,1173.7580290154228
49123,4354.5225905896605
49124,484.33608259814827
49125,5195.684640171518
49126,10501.579853534487
49127,1666.3726733548397
49128,3105.7075216804014
49129,804.9702393811351
49130,14934.34571852348
49131,13749.235076211467
49132,4696.2420247340315
49133,15614.312478072092
49134,12103.745221258161
49135,1396.136030203845
49136,1321.6535091196574
49137,6345.513113830124
49138,4388.073414068834
49139,1528.5233315973544
49140,1582.9021813238967
49141,5075.0262968261395
49142,2670.392148179103
49143,8472.09319336483
49144,12559.328564475374
49145,8605.695403871283
49146,1781.0382321857865
49147,5588.869975524353
49148,4839.667479694
49149,897.6636567924567
49150,853.4949970155005
49151,762.7961431139554
49152,5846.579990386264
49153,1105.247097426867
49154,640.6093416758481
49155,869.815932861594
49156,596.4236382627095
49157,759.0796129234212
49158,7934.896926764993
49159,553.2690741902023
49160,1431.9397824380267
49161,2239.9118175275044
49162,1062.8683872952056
49163,3472.0183800790846
49164,15236.23624572241
49165,889.9288260172899
49166,2773.2045284926353
49167,899.2174274076732
49168,1495.2687395572889
49169,5455.957964327199
49170,1400.8472470651661
49171,1994.0972432537949
49172,753.860991199059
49173,2304.9226178470267
49174,4878.496584178118
49175,5255.384684248397
49176,3545.5848576857425
49177,457.79987658929184
49178,870.9247361377063
49179,16192.958472471051
49180,14109.605951687303
49181,10794.17177436253
49182,1049.5840503852141
49183,1134.6652979027838
49184,726.1955935872901
49185,3414.88808822092
49186,1637.1176049661876
49187,1074.6523149400123
49188,1817.7488196070406
49189,1355.9607214397295
49190,2026.7437362967949
49191,1964.8345725485426
49192,6215.440074385516
49193,2979.0664036608932
49194,1078.7659991988164
49195,830.5910102364084
49196,2205.6933326275475
49197,1071.9851328655031
49198,891.8946010971234
49199,4588.703754891275
49200,10936.150953333481
49201,4216.082880658883
49202,1891.3876280581333
49203,1910.3931870488261
49204,633.6658825892008
49205,658.1938737884386
49206,1604.4495015125424
49207,1793.6512560058018
49208,8608.818037196887
49209,961.3246680086287
49210,3779.9883876272997
49211,1873.2179808924373
49212,9793.288498010923
49213,2246.2956008823035
49214,4666.918447868725
49215,1122.245538343257
49216,7891.479755391583
49217,396.36880681915846
49218,3337.578932496578
49219,6466.615123095698
49220,823.8435435886868
49221,1666.9252844950427
49222,1681.3315622071325
49223,846.6408568642082
49224,1031.2908922659126
49225,662.7404520752146
49226,2155.520617679167
49227,4799.469290222283
49228,966.9955484488314
49229,2344.9623733638246
49230,6878.131313753317
49231,666.4111722567047
49232,8676.797976322037
49233,874.2000794479767
49234,919.5644040180903
49235,2202.114687137179
49236,837.1325286868455
49237,672.0722952065905
49238,641.2999681007406
49239,594.383849899988
49240,485.25061219408457
49241,6542.77397333628
49242,1807.1887867866699
49243,2500.700543873506
49244,2102.9487018913605
49245,2680.6892003817297
49246,9300.748724813719
49247,821.8752555796337
49248,2493.613513166513
49249,3864.346307650907
49250,773.774619544483
49251,2688.830799300936
49252,2851.056631432576
49253,539.5177917984947
49254,544.9023292839544
49255,457.18524027871877
49256,3496.9421510005614
49257,5821.764415808644
49258,763.4689973595844
49259,1432.5269138770252
49260,9980.626871187536
49261,11545.259781272081
49262,4006.7951111580246
49263,3156.0693778530967
49264,4174.14434432234
49265,690.1637892505598
49266,9573.597818972057
49267,4592.656963086247
49268,677.362478597421
49269,7553.993882328477
49270,6784.887334627511
49271,6187.290326583542
49272,1639.3774626516174
49273,543.9458797310361
49274,3203.8439814913468
49275,3646.423475499529
49276,4492.783944831047
49277,2286.4873093745814
49278,797.3041304190021
49279,749.1654413152656
49280,3283.993789373485
49281,765.3829190975374
49282,2859.440000982459
49283,13625.189264549987
49284,885.1350169494638
49285,7048.157055155608
49286,1246.1893351342683
49287,2701.276206114683
49288,1558.5362325719404
49289,5818.752637750734
49290,940.6372060989086
49291,763.1599958305003
49292,5214.671912377924
49293,5055.958655683576
49294,2758.9814926520467
49295,2597.59522535874
49296,825.3246038031691
49297,11000.812622715031
49298,5423.1745657725305
49299,1579.6710816588902
49300,799.6563883198239
49301,3913.33175061267
49302,835.2616286461607
49303,11728.780818990697
49304,6079.1200361873725
49305,13956.753601006576
49306,4926.045670271394
49307,415.69247738587075
49308,536.8820331054411
49309,753.104520111763
49310,11877.872748866122
49311,8117.41470637487
49312,3329.0842564186937
49313,2471.8106511245783
49314,5470.387865206151
49315,4642.394059568828
49316,1309.7952920176779
49317,493.18026744647665
49318,734.2363674166186
49319,4459.316423111297
49320,796.7709245024139
49321,6433.9173509522125
49322,14686.58867425457
49323,16164.69112870687
49324,2389.775770964415
49325,415.31712220046364
49326,18048.93673811341
49327,604.0329894189472
49328,1066.5283866428579
49329,887.6201709044118
49330,3765.2337942820154
49331,5524.680918194827
49332,1723.131158315495
49333,887.6080085171812
49334,10417.442957625277
49335,3270.9922344122397
49336,773.3159268607599
49337,727.1917236151724
49338,15252.142401207331
49339,842.9768914635183
49340,512.6346293645356
49341,16072.45360420096
49342,7618.9201030211225
49343,3192.6053577534904
49344,1472.8852271474298
49345,5070.118943137661
49346,890.8369421979703
49347,4256.938619683031
49348,6222.832881183197
49349,1327.4819289764507
49350,2774.806101413144
49351,4793.5764761668115
49352,593.9134372530627
49353,4592.27649792995
49354,875.6652276388146
49355,1048.3883058902982
49356,14434.58807562992
49357,6475.22278336327
49358,2390.2884204838065
49359,2898.0566574821555
49360,536.7566776010467
49361,9619.577885994098
49362,4460.099762004647
49363,1024.3171143112324
49364,4914.548695444382
49365,3569.9853394280144
49366,1835.3633641702165
49367,1353.974708700516
49368,959.3306428761135
49369,1390.8632291758415
49370,723.6560352302928
49371,1015.4548467633934
49372,17248.837161668238
49373,4914.912575311457
49374,722.3112350555721
49375,458.0837646606857
49376,2121.425622862778
49377,2775.7183642397804
49378,4997.325203075998
49379,12431.326037838482
49380,3407.8518312939377
49381,828.6777360941621
49382,492.9611970048473
49383,1023.1347977803694
49384,6599.111309113175
49385,517.0218978432573
49386,4839.898183299978
49387,854.2803002986523
49388,2608.906096215834
49389,3471.5060443023644
49390,6521.087701425289
49391,1184.1152507675038
49392,1782.6197632567737
49393,951.0284146052801
49394,2733.403129408213
49395,6597.110885856301
49396,683.5472241928468
49397,4102.736120177194
49398,770.8796830699016
49399,3521.9715806411627
49400,971.8342208132957
49401,8621.27181438352
49402,5163.241020481877
49403,877.9749606434905
49404,592.0271809091759
49405,768.7653601722374
49406,4796.759204454219
49407,1914.9412832165908
49408,711.004118324382
49409,538.0389174014566
49410,4495.548641998513
49411,1097.2742907960164
49412,4993.022374982721
49413,12116.835787335325
49414,4439.508384306012
49415,13780.957378735184
49416,614.6809524186036
49417,646.2962211204176
49418,4149.045404056273
49419,5718.215618768472
49420,1163.5077967855623
49421,2715.8103523275086
49422,781.1814145986651
49423,12557.723888876018
49424,790.7784778692169
49425,1014.3291180583689
49426,523.68899298021
49427,1657.9818906270948
49428,719.8079452286394
49429,892.2976994432604
49430,1128.0131179047858
49431,6997.319585625619
49432,3061.9245691243864
49433,9530.4170770075
49434,8915.180003568403
49435,990.4797373141026
49436,5367.878032385515
49437,425.6830253247008
49438,931.6649098091112
49439,481.96329293177786
49440,1815.160430527069
49441,1884.3813950630108
49442,1603.4336781475977
49443,2603.614492016073
49444,3365.5481414219307
49445,1837.3228960782428
49446,1043.623739216692
49447,613.8933109781475
49448,449.7027549789015
49449,747.7444739713168
49450,4178.011332513052
49451,5577.445669671417
49452,718.2815912365246
49453,9004.438405133433
49454,8114.7132790492415
49455,1616.7872419414043
49456,4826.475862792599
49457,6134.35709077432
49458,4664.526643913977
49459,819.1957601244218
49460,1172.7256074082618
49461,15871.243644322363
49462,12063.577398664691
49463,16081.62801631225
49464,4113.0133645531305
49465,4613.020152048578
49466,1755.8201714210081
49467,3756.092284410345
49468,916.1721099382763
49469,13659.14707072783
49470,14798.976611928123
49471,5705.513132187656
49472,7787.891760896803
49473,10241.441790454131
49474,15902.515944689116
49475,2601.073778733897
49476,543.182647822
49477,687.2969424707819
49478,9566.592469208776
49479,3010.7722601194037
49480,2937.711399917131
49481,487.2658710366535
49482,5183.3671454046835
49483,17783.111638091978
49484,692.7680975959114
49485,2422.7377227548577
49486,7910.105981037838
49487,3295.8101230649236
49488,669.608112984497
49489,1420.2032985474857
49490,2224.2314145158502
49491,1871.700411048399
49492,760.055347071022
49493,12138.463495366528
49494,8480.380538563153
49495,2501.15099087073
49496,562.7115587202974
49497,1032.097484726172
49498,10017.155211151803
49499,4622.038150654779
49500,1190.0041105251134
49501,15552.741772686959
49502,624.649564831413
49503,631.5729979087739
49504,1225.1570628129546
49505,3946.4106565012826
49506,4611.30418065943
49507,1986.6956677790226
49508,1000.4487066483072
49509,5845.593850009712
49510,13235.522255957158
49511,3176.3235321004195
49512,507.7375680164303
49513,3947.4319960185408
49514,4190.658086496434
49515,1613.0697188140189
49516,683.6237216192739
49517,6042.436945990488
49518,854.9489932867502
49519,928.4997827330686
49520,585.7993780383896
49521,3426.647222497372
49522,5109.92534773248
49523,870.130406397474
49524,16323.31411651005
49525,962.3253473977625
49526,980.9103064226848
49527,622.0035937105883
49528,4024.4058691171253
49529,4591.7136434809445
49530,1003.2241399003269
49531,2106.2609423577746
49532,1177.8155965915703
49533,4781.019659566948
49534,1805.1668390768282
49535,1481.7085210586415
49536,12664.8089610239
49537,403.2921042215777
49538,2752.0861993739386
49539,3583.7669182643904
49540,3704.0559826332637
49541,696.0198768981041
49542,966.1287248120913
49543,8181.079367146446
49544,9899.589771926652
49545,2081.720005873956
49546,7895.278785722551
49547,2280.588383541781
49548,983.3278198786616
49549,10598.543333608864
49550,1727.069785025634
49551,6849.098437441317
49552,2662.8318824078137
49553,1595.0978100105065
49554,709.0410685019478
49555,1045.0474287430757
49556,7967.385435834108
49557,4174.97805055982
49558,2402.220692547183
49559,3144.8080215613336
49560,1935.7415047719655
49561,839.0886018247356
49562,11905.701906288721
49563,2942.2432828843835
49564,1042.9907877180906
49565,4798.127910709109
49566,12470.497277429138
49567,3938.014853344085
49568,5727.948093151703
49569,595.0102222796571
49570,2526.0442368771082
49571,4115.085755941551
49572,4933.7638560857495
49573,9908.404390338977
49574,2359.4334864770794
49575,671.0129500251458
49576,1239.8083554170596
49577,774.1567693450063
49578,3331.035557137778
49579,5437.203995002206
49580,759.2996373188137
49581,15062.898302544727
49582,713.8368448220469
49583,3273.577853040922
49584,1983.2853505889225
49585,8285.889697024573
49586,9695.40173760839
49587,2738.128229068356
49588,4595.0953067722985
49589,1094.2633492876403
49590,830.1407611454573
49591,3511.5220150243035
49592,5258.2245930275885
49593,5591.053524840924
49594,1242.9209029721048
49595,4049.174804841495
49596,782.9494552226533
49597,4975.700645850193
49598,1131.0977990076374
49599,6600.873089660245
49600,1899.8404929478274
49601,861.8892684712627
49602,5943.723675313108
49603,630.0890147047805
49604,1018.0943168148214
49605,9397.092818554103
49606,3024.354538901935
49607,4752.924251992988
49608,1960.867869587367
49609,4350.361808239764
49610,2987.5958688713954
49611,771.9152581451558
49612,4607.631907835756
49613,5542.962744764558
49614,855.174012942028
49615,7476.099544427808
49616,5844.552957483096
49617,11792.479170193545
49618,3556.303637816327
49619,786.2103135382073
49620,898.75346038709
49621,13223.330006574659
49622,785.825418083875
49623,4054.4510650236784
49624,973.5601835149163
49625,3292.39892422286
49626,1231.7292979326328
49627,9304.198761802752
49628,937.2009776894981
49629,1835.2123187413074
49630,14028.987136814254
49631,4142.496040754261
49632,566.8375260377056
49633,731.684681915758
49634,1419.7239712330513
49635,8488.831927136858
49636,4511.100801910041
49637,1952.6600766470506
49638,8926.390832210194
49639,2177.6041102692197
49640,7947.519931015309
49641,821.5181322141285
49642,1035.83600043357
49643,863.2805890094422
49644,1158.5690009377986
49645,3824.773519311359
49646,982.7774640669
49647,15952.596953493774
49648,10002.843034258227
49649,8145.7942116805
49650,1274.9447224790201
49651,604.0471396086689
49652,16433.80639425284
49653,1312.7876089123608
49654,3788.004906996317
49655,749.3853116087755
49656,15066.065588269648
49657,12247.61654966197
49658,4692.990478123909
49659,445.68377982548856
49660,4037.5648153756533
49661,6184.435440123282
49662,16114.283586925992
49663,3241.149160258435
49664,3269.706304704335
49665,8886.24548798939
49666,707.828959499855
49667,1486.9468672446058
49668,4431.085306080514
49669,576.4759543574552
49670,739.0233848615683
49671,809.1652807325153
49672,952.9468821146785
49673,423.2374510634584
49674,1214.8250673016125
49675,1797.6914053880853
49676,6802.466383442101
49677,2871.831877311586
49678,2915.1115501342397
49679,6820.729013269237
49680,1182.746651710505
49681,16610.128353194366
49682,1742.6147261712372
49683,1507.422961231071
49684,3513.6958097169195
49685,3360.8345769958064
49686,2634.431643497237
49687,5994.628641685577
49688,2814.2577697437714
49689,15953.39089934935
49690,6581.972116677965
49691,3050.5523893637396
49692,2177.863361142257
49693,1626.7564164603034
49694,2236.829843016295
49695,12212.446283746873
49696,964.4975546520606
49697,1738.530126341124
49698,1653.9653977242933
49699,1225.0035274234897
49700,634.5871073101247
49701,4263.027737605147
49702,6034.522105565123
49703,5176.018981485535
49704,2742.648213319497
49705,1008.1321489391188
49706,1093.318004517965
49707,1832.3514499921562
49708,5708.18403024842
49709,944.3026887563027
49710,1898.5667387547562
49711,932.9781203523756
49712,4854.2392190918545
49713,1080.538213385845
49714,14002.43859733148
49715,520.8060213397323
49716,968.3029682322846
49717,1007.2817997045925
49718,14589.348562339994
49719,8277.177746767673
49720,4406.024601507193
49721,1478.4751875035456
49722,5439.221782345781
49723,11264.462540166987
49724,3363.339218797861
49725,566.3301520192504
49726,16093.780507034211
49727,17282.706894864514
49728,14584.891572069606
49729,864.1098085134163
49730,2276.144960891839
49731,7167.45142330167
49732,785.1015213530463
49733,3220.916121245101
49734,694.1225106432112
49735,573.7895661557587
49736,1409.6453441679673
49737,13446.73562315094
49738,5326.194600755457
49739,3947.6561357056235
49740,986.9212978969585
49741,5179.185015543462
49742,2178.9406485200284
49743,3700.015901259869
49744,440.0364662926723
49745,4659.823954929946
49746,1346.4329174720995
49747,799.7684637904263
49748,522.7007668810336
49749,2902.4910866607515
49750,5929.9741000208405
49751,800.9603411408388
49752,891.8229516496413
49753,3297.782184132821
49754,996.4801572490512
49755,410.13985570812605
49756,732.759535495278
49757,633.477045733987
49758,940.2254852632944
49759,3882.174471067962
49760,804.4713978114066
49761,603.4128940135304
49762,5550.788196387421
49763,762.5700180650517
49764,575.2962636822917
49765,7061.952315274391
49766,4970.323779861324
49767,653.8623390293603
49768,1458.8269670581014
49769,3664.416924552331
49770,4069.6701780403523
49771,786.2403544195138
49772,7241.157510367948
49773,2714.2574137911647
49774,1370.7215971527594
49775,2626.878053695041
49776,4873.279496367153
49777,2468.6484206223504
49778,7621.523393097398
49779,730.4705772302202
49780,652.0811724283844
49781,508.39945661176733
49782,10253.819083853203
49783,1047.46984354383
49784,3537.7087972272393
49785,1163.4085315275117
49786,6689.529923976501
49787,1885.2115930866357
49788,1007.1657087879071
49789,10459.93280643369
49790,561.3160356411033
49791,731.2932117587491
49792,505.08046214782576
49793,9391.689728880792
49794,6604.616378326136
49795,1512.0398946869773
49796,5439.453798393748
49797,4585.684066993361
49798,3188.4088237442948
49799,2746.2618378884335
49800,495.29521002003213
49801,8161.206260899556
49802,5857.067059693796
49803,1221.1385303629702
49804,4896.911863782283
49805,587.7262961735523
49806,826.1207021042721
49807,561.7547091692577
49808,12646.368243721354
49809,10745.811396663832
49810,642.6847131175574
49811,4969.498488629615
49812,2994.4296444961155
49813,776.1169735583786
49814,1044.7512195770503
49815,864.1162829388151
49816,8226.332350812067
49817,1298.7018433511737
49818,1704.1210826889376
49819,4069.492110804186
49820,15029.437739432147
49821,1040.552344163384
49822,2105.9371727933226
49823,6382.954903437591
49824,443.420202632225
49825,2981.21783525213
49826,1904.389297115624
49827,801.6031697965711
49828,777.7347690671768
49829,17633.280231043005
49830,1027.3346296226307
49831,1875.7339745066993
49832,2402.5128146896955
49833,3187.746344065738
49834,802.5335112980531
49835,2671.1971985778773
49836,13813.156470221462
49837,3845.538434885281
49838,1642.1114435366374
49839,14595.394923000144
49840,16097.567901145925
49841,1262.3826671899324
49842,3667.2893972980155
49843,13078.337481946477
49844,1123.0827216379173
49845,1192.6941574995753
49846,1838.7901518929357
49847,6423.012390773596
49848,9995.43823111005
49849,490.8803179929785
49850,9171.809466252264
49851,4594.217558615329
49852,853.2624483527097
49853,9332.441613642488
49854,1402.1704264933894
49855,5054.776507829348
49856,15437.743026702696
49857,4669.603653300802
49858,2373.1782312031723
49859,921.3547325816593
49860,2090.3037999169946
49861,762.5937705726636
49862,4543.042714560304
49863,2874.662367231302
49864,9676.860861930832
49865,16266.134133593472
49866,6779.732780358477
49867,9286.30183447731
49868,2541.0481295688105
49869,891.1182194874273
49870,8897.941339292975
49871,3843.5580289692575
49872,1604.6291356873091
49873,10279.713818600776
49874,3864.128217088903
49875,590.9596953584122
49876,749.4653233135665
49877,1914.7935220527688
49878,2046.254886888011
49879,3191.440744624421
49880,7385.095214691032
49881,14654.885875830545
49882,814.4361474897115
49883,11118.474288442103
49884,2967.5136138192365
49885,1494.7717347392716
49886,5279.5247406557155
49887,2453.144576673133
49888,1704.1573618482369
49889,1698.1338683207146
49890,1118.9531731437623
49891,1234.6426126593876
49892,982.6848178470009
49893,512.949140183721
49894,3412.1380727016776
49895,4668.233308799736
49896,1027.9817939605969
49897,4406.18862464875
49898,5436.682908193186
49899,1786.8485171178042
49900,9540.591610624326
49901,3083.273733068632
49902,6673.499272762872
49903,777.9209327664742
49904,2457.3223376663077
49905,906.4644537467789
49906,15559.98309124079
49907,2541.572255360114
49908,3506.6033348369087
49909,2288.863582510015
49910,7281.020145265909
49911,13956.70226742123
49912,4761.564142062913
49913,4625.045565628004
49914,3902.2567807382316
49915,840.2253519335529
49916,15262.339002120796
49917,4248.679243440582
49918,2324.74135712771
49919,586.1930415338203
49920,779.79185564167
49921,4131.2817066207435
49922,3722.0478361926885
49923,3480.5248904633227
49924,724.2278913940266
49925,1123.8195949009748
49926,9351.625197777956
49927,6731.429584984655
49928,10274.737619922756
49929,472.95374675040176
49930,4251.7178594702145
49931,784.2860917335328
49932,4508.645926141963
49933,15509.64313754544
49934,1149.5789118562345
49935,4560.414078099776
49936,578.4996864074122
49937,1290.1476357549545
49938,2975.089693905032
49939,1003.1655695741703
49940,6791.2519081325045
49941,2357.552039282105
49942,3761.021047710519
49943,3724.243370019325
49944,799.8918515895392
49945,616.3841612105246
49946,1231.5399708325576
49947,1591.0350548427346
49948,470.0100968095686
49949,14594.333660152186
49950,436.16283265599003
49951,462.04222222834693
49952,734.8233710793814
49953,4373.889901052438
49954,9160.51312241028
49955,5866.10592281765
49956,1468.0407785198158
49957,2877.2414126972517
49958,2541.6039920665526
49959,1443.3878254177946
49960,3307.1059316503897
49961,1582.155716334958
49962,10610.868085215841
49963,1434.7004352113045
49964,653.5313140489671
49965,2297.301855843369
49966,2718.051234075834
49967,4268.809232916688
49968,1166.0853804074152
49969,1715.7992682497902
49970,1015.8588688913768
49971,4841.303210447613
49972,797.1583751917391
49973,4786.816348629005
49974,1297.293664997211
49975,6268.32895970939
49976,7666.506273553817
49977,839.850595908249
49978,701.5962214503244
49979,7531.047555251335
49980,763.4563208872861
49981,14840.714142701754
49982,666.2326525665318
49983,5300.273527215847
49984,4611.842553217099
49985,4452.527293473444
49986,1789.8138812181871
49987,2712.0413155993438
49988,9098.29896986163
49989,761.6416039696925
49990,2223.8461350588723
49991,2048.4352213108364
49992,6319.975024819917
49993,1199.0516164504647
49994,9350.940161889235
49995,3963.5933849852954
49996,1957.040273993938
49997,8689.401202797051
49998,3268.691478107869
49999,847.1716937395585
50000,1002.165507632927
50001,4986.906608386308
50002,832.7205512978261
50003,2885.5311865202425
50004,830.6932654540782
50005,2892.5469722710154
50006,1366.0821710827045
50007,864.6995920447931
50008,406.7531911461901
50009,6786.115582123667
50010,11716.402506404136
50011,4918.021066866796
50012,8068.818797523953
50013,1820.894281126886
50014,5739.072968256557
50015,3445.8758695608385
50016,4020.3903951397947
50017,1762.3549635138993
50018,14037.645156008912
50019,6838.062719774275
50020,3222.582709162695
50021,4340.193590136587
50022,1918.1177541365264
50023,2537.133354761308
50024,9017.16273555046
50025,2290.381085391697
50026,802.7219738428703
50027,4767.593403079739
50028,569.2834146843422
50029,4673.0182559802015
50030,680.7147315956203
50031,2881.6107550803217
50032,3507.8900340003293
50033,6655.41374384987
50034,914.7819197010043
50035,496.67960919804915
50036,3990.232949114726
50037,786.389024601017
50038,421.07725943544045
50039,4292.190559615297
50040,1046.2427068238121
50041,2221.021182047015
50042,10433.994070522283
50043,972.2486389115554
50044,9900.823251475931
50045,813.1579553254323
50046,1173.5807794940208
50047,5332.871518031438
50048,1239.236018864577
50049,826.5357342226672
50050,8961.95023299798
50051,3621.398261688751
50052,3410.402591346625
50053,1306.2268697804143
50054,7636.013999240332
50055,6745.915169629869
50056,1270.1873193564882
50057,4016.5133705323765
50058,1071.0939672811692
50059,4578.509261041682
50060,1897.7751539085384
50061,5115.611535478285
50062,785.0242981912597
50063,1830.7746788086029
50064,1028.758421320647
50065,628.0466755803939
50066,762.3354543127699
50067,875.153584223447
50068,524.6732004007738
50069,6681.029176304874
50070,11381.544846679188
50071,911.9288134211813
50072,816.1113524274574
50073,6231.849225120024
50074,1380.3952395393524
50075,17392.648731692992
50076,6744.047242008219
50077,1103.647647614615
50078,11321.358846732337
50079,1287.7966460721382
50080,4659.39066257076
50081,2335.3313843444407
50082,11271.355499828946
50083,14790.702105900138
50084,9329.697888012357
50085,14740.908124258896
50086,560.3969261778548
50087,13983.147469733665
50088,4239.442749194343
50089,4537.113004005341
50090,1906.1728433460225
50091,712.7352526488072
50092,1034.7690280978347
50093,17731.731179195325
50094,483.65914628278506
50095,8552.507260564713
50096,2719.272472635996
50097,1133.848029694562
50098,4012.0230128937947
50099,915.8221919885443
50100,2650.4452861322316
50101,2816.274245548538
50102,10354.315959768339
50103,1990.2971577654653
50104,4885.4882872108365
50105,1391.851268198619
50106,7600.802963836267
50107,11239.711716253656
50108,11966.821551059878
50109,757.3108193319576
50110,11229.403316986314
50111,754.3668547683437
50112,6719.589299019498
50113,600.8619583629883
50114,3282.4633368486816
50115,732.9042321147956
50116,5886.242041693087
50117,5090.734597456552
50118,5124.8727379524835
50119,5282.86316632841
50120,888.4369062976681
50121,837.5587879712264
50122,1920.9842008974606
50123,10704.670698994592
50124,5149.861961587572
50125,2479.417937136565
50126,3136.277951081359
50127,1457.7869996360587
50128,13977.869286345789
50129,12303.311294195146
50130,8923.146953609697
50131,5744.27252336038
50132,6647.819598962845
50133,541.66172550556
50134,634.8287447762165
50135,3238.502708650775
50136,11769.66861591485
50137,1268.4044009435527
50138,845.2693351513645
50139,6525.321942008822
50140,3094.4240048778984
50141,1947.8221439308475
50142,7350.553581531829
50143,727.3606266503177
50144,11162.01729498614
50145,2082.0146639803256
50146,7581.163490050465
50147,5195.1002037819235
50148,9648.858428251297
50149,12743.3301461318
50150,6247.604036445373
50151,576.4069318837711
50152,6905.096364728549
50153,2063.005091230505
50154,5061.745853018039
50155,1305.550616881878
50156,2626.3023381502744
50157,4989.449885727485
50158,3255.486083788399
50159,789.9162807135705
50160,16496.497087511256
50161,696.5763885397873
50162,925.707230822294
50163,7398.6997687020375
50164,873.7414185387908
50165,530.7591651737046
50166,3599.6456970019008
50167,16060.8114259445
50168,2978.5208840733308
50169,3415.2591209446946
50170,862.0135278485167
50171,2948.655391567682
50172,554.1490246778394
50173,965.3677827417059
50174,5496.951543666594
50175,17465.12835500131
50176,2763.4056925840973
50177,5284.83381743057
50178,12931.772023523896
50179,2426.6065924231225
50180,714.6864044767516
50181,547.8037005695047
50182,807.3048991379912
50183,7266.375770612722
50184,5216.169096830216
50185,570.3641312114471
50186,2159.220358063509
50187,14147.808850615991
50188,678.2853467093232
50189,1362.024493077324
50190,10290.00024234042
50191,6515.322779878857
50192,4427.374642184882
50193,1780.1184972257508
50194,12822.20163638924
50195,15768.760137486608
50196,959.1095291638271
50197,3980.503479110854
50198,431.2877995484188
50199,3913.634047753349
50200,2615.991408234671
50201,2087.4517503054194
50202,1062.2929460261114
50203,1351.2488083266317
50204,1107.5692521292062
50205,1678.79957599068
50206,877.3785284818072
50207,4283.7749777117715
50208,2388.9422048137926
50209,1003.3560145582815
50210,15994.981679459657
50211,15114.669821310888
50212,1878.815473639301
50213,3601.4705771253525
50214,15528.16396463064
50215,2217.284715454606
50216,1030.2398867833763
50217,3403.552921908277
50218,5544.852383027757
50219,9994.759529270908
50220,1921.3935403060325
50221,3371.5257244061895
50222,10021.711227511447
50223,3687.5080362686776
50224,2567.8662947033595
50225,10402.580296783604
50226,680.2541585911649
50227,580.5130428945494
50228,3193.015436478664
50229,7279.795117885221
50230,574.5011940209705
50231,3135.460238458109
50232,958.6022171868372
50233,908.8079546313594
50234,582.5659496601098
50235,648.3609400016902
50236,872.999749052372
50237,2279.4355767672287
50238,2424.553962727508
50239,840.1380595980394
50240,5442.560833918315
50241,613.0303355023723
50242,1013.6830571065077
50243,7182.078481511444
50244,517.055608551388
50245,1746.6788490966499
50246,10942.84110682052
50247,1792.7251077803442
50248,8699.296605887239
50249,2809.278985494755
50250,527.3509837784246
50251,4120.658599203381
50252,1385.5270954365892
50253,1080.015339370086
50254,615.5735419510421
50255,5161.815123677117
50256,7482.0885561135665
50257,786.7091312108785
50258,13698.635169457504
50259,1303.6472606938567
50260,762.6239310572875
50261,4658.9377864853195
50262,8705.660753506698
50263,615.0370993270288
50264,15124.399117463403
50265,5352.044939725951
50266,5309.36426980343
50267,611.5841966631604
50268,562.0939779719209
50269,588.8099766888012
50270,3787.469616316814
50271,598.3622933684836
50272,1087.574117193226
50273,863.1985549545514
50274,575.4942322849273
50275,5584.684646439644
50276,7089.761277276848
50277,6476.569287356133
50278,827.5797633749403
50279,895.6026863647115
50280,3333.718010480224
50281,2170.4393072913763
50282,4726.381395549199
50283,1816.892952407781
50284,527.7479232983189
50285,5680.287784991817
50286,2882.034155860701
50287,743.7990460987345
50288,3222.3241451257554
50289,770.5695605766268
50290,534.4229963090944
50291,5459.431200042231
50292,804.516128025184
50293,3988.7259140267915
50294,4445.230454321997
50295,1324.2244147252163
50296,1293.4681949308838
50297,1578.8755294324055
50298,524.0367697036379
50299,15299.344916686247
50300,1647.960580100306
50301,644.1448649323407
50302,2436.8778146445507
50303,468.3575458612311
50304,3640.061827254358
50305,2761.8390773987358
50306,11287.18899301774
50307,5801.247221803417
50308,1767.446653630213
50309,899.6077836485048
50310,2256.9761970463674
50311,4804.122311352997
50312,4429.1135099312205
50313,921.7585397627853
50314,1354.7991820027135
50315,6422.541702271436
50316,3229.0369399587375
50317,1117.6917492459122
50318,838.4526401907214
50319,525.8946777094915
50320,414.1780695075717
50321,7528.654320993372
50322,3415.249300840217
50323,4905.8729292523785
50324,4578.956345885321
50325,5039.715153315472
50326,1447.935968060741
50327,1727.2745273599046
50328,911.7439729061042
50329,2806.949342502247
50330,4902.183467766062
50331,2422.760370660192
50332,4792.402010330116
50333,9496.062388606771
50334,6515.236123710568
50335,2240.4493154035995
50336,11478.005998566558
50337,14485.25196803288
50338,1813.0194494233692
50339,3037.1561310941
50340,1146.9933905189837
50341,2561.297277652039
50342,13273.075291834715
50343,744.9758613419085
50344,16765.58808594438
50345,704.0247995710519
50346,11688.971678670467
50347,4367.221246646111
50348,11121.266031865538
50349,792.0448867255901
50350,847.0437239796022
50351,1047.8755943368749
50352,1169.9735964706863
50353,1629.6337241679253
50354,687.3260913175286
50355,7387.910289063506
50356,2749.02153052706
50357,452.8591020225872
50358,590.7704423588783
50359,2935.743348663318
50360,3948.5619588018617
50361,16255.676304907207
50362,1169.4055013814193
50363,10945.39934156575
50364,501.87438226973455
50365,13078.870227474494
50366,602.906017152461
50367,3733.5689107535827
50368,5185.6471686765535
50369,6211.978434734345
50370,8913.81935089457
50371,427.2175967762534
50372,10120.937988745982
50373,2380.989497703538
50374,3937.2791065406227
50375,1550.3994362004914
50376,812.5721887017195
50377,675.0539279930019
50378,771.1519217258261
50379,1224.977914679773
50380,774.7945416943874
50381,12148.401989234866
50382,4302.5846859734565
50383,690.9757581365728
50384,6096.8345783388995
50385,779.5949761209175
50386,1034.9549828092859
50387,17649.331473652273
50388,1297.2272125653092
50389,2969.8525648408577
50390,791.2891670389843
50391,13497.768340238437
50392,814.5289298753022
50393,1086.9616759226044
50394,1412.3905205163571
50395,547.744369828575
50396,1282.3301638695268
50397,728.2976697874757
50398,1337.6508373900372
50399,3574.1992776805196
50400,2275.858104403964
50401,1195.0708685985599
50402,704.0406056012295
50403,5026.125883932568
50404,3070.523181131443
50405,737.9058891677313
50406,5049.3536305538655
50407,7099.929152089628
50408,3173.361240946026
50409,679.713178374724
50410,15112.21264118764
50411,3272.058097477273
50412,4682.958053685634
50413,6995.771537860403
50414,2646.420187579299
50415,6284.085593293083
50416,2434.5103579685538
50417,1142.9589211761377
50418,778.6786279554701
50419,2050.66520768077
50420,5774.364624968337
50421,1273.4995040017006
50422,613.5374478006871
50423,3692.682632598598
50424,4483.3305806867
50425,1007.4544890603185
50426,554.3069983207138
50427,665.8029963478084
50428,2924.8644747061876
50429,6646.8593104203255
50430,14661.842457137778
50431,824.8533174693755
50432,4605.619885059804
50433,1839.261315925088
50434,9139.587151988662
50435,777.380315983794
50436,11392.161950642163
50437,2606.5920419188587
50438,4299.547772753182
50439,2468.629893715266
50440,1096.7636557673372
50441,1748.8468845270825
50442,1746.9415600972188
50443,1892.0063887717188
50444,1842.3844300551834
50445,599.1124866721042
50446,1953.8120794079675
50447,15606.652606244754
50448,4923.689593026882
50449,6317.768770252622
50450,10016.208473683517
50451,2317.2758939971295
50452,5687.904271161303
50453,1393.5104686976108
50454,1577.669309211312
50455,6261.317438267536
50456,1252.7655501127726
50457,832.3069778947897
50458,13106.532002087832
50459,963.472593285525
50460,5601.370863836231
50461,9491.543907863144
50462,5624.132207787043
50463,13804.544387780612
50464,15207.34800133292
50465,4150.016527780068
50466,5554.7292346901095
50467,9784.630203408738
50468,5261.863259976551
50469,9203.58958180174
50470,5896.9702655189985
50471,10695.465553681557
50472,4326.555407203043
50473,1015.4614122259296
50474,921.7628621121155
50475,532.7082113351548
50476,576.235294194886
50477,6743.863123323504
50478,761.460996567038
50479,10031.224976047075
50480,879.4958056328538
50481,11868.912155980917
50482,1235.8956004277638
50483,815.7770137586111
50484,4600.751435857463
50485,6047.207237247095
50486,5874.9233849927305
50487,4282.453063831843
50488,4929.563161639656
50489,1659.702803347778
50490,1201.44020280123
50491,2488.1097851058407
50492,4871.401857877017
50493,2421.8146519348097
50494,5230.038511408638
50495,5026.535661520809
50496,1503.0036999169197
50497,6535.785117610359
50498,914.5426947964834
50499,14043.609153776788
50500,5728.513428358384
50501,1146.8894217592735
50502,2235.4099676895253
50503,16563.234066347086
50504,1016.8387569859456
50505,6501.473674972995
50506,7214.1921278162945
50507,760.4727310842892
50508,9002.655366390494
50509,677.8780461968323
50510,1909.3711088558546
50511,2247.070591322774
50512,4885.162883732641
50513,3518.485178929887
50514,4083.125614691417
50515,3093.0737951271426
50516,3933.233601827015
50517,697.2249630067242
50518,7737.930932605102
50519,8026.563392004429
50520,533.6276564435312
50521,764.7489794923445
50522,2387.3853237727326
50523,3717.096536189825
50524,925.7728557653243
50525,1123.1376060668285
50526,6685.480695116154
50527,2954.2258088525186
50528,2064.8494291407856
50529,4339.120139468369
50530,1165.1164683060624
50531,1562.4970545101746
50532,594.5189540496467
50533,4821.53335974787
50534,7437.624859774046
50535,2738.9897383274742
50536,12333.766751415416
50537,514.7111803442698
50538,2929.5946046916083
50539,527.3254495310482
50540,1045.5108190851593
50541,17983.348177167816
50542,6977.03493862153
50543,10161.64394225675
50544,685.8551443999961
50545,2640.98141480979
50546,627.37607168782
50547,2587.1805085938945
50548,17863.472790616837
50549,3083.2109253867825
50550,5132.765526341016
50551,15697.326043563993
50552,3358.6386202875883
50553,4416.385218398138
50554,10906.073401174348
50555,1031.5558353800484
50556,2518.6144317659223
50557,1890.3874897247504
50558,3405.496773457365
50559,1096.5739072009262
50560,4675.382371813349
50561,1712.7759171779164
50562,2584.6619650676703
50563,3649.66052423814
50564,10305.736327490997
50565,14981.550154984572
50566,1324.9547189651971
50567,492.89833918065005
50568,3981.5767989936535
50569,497.53867552634495
50570,8180.155567318598
50571,5436.673228303702
50572,401.368361297562
50573,7428.68584490351
50574,3442.889351891807
50575,4833.6355291626505
50576,4625.062330231996
50577,4674.872490015594
50578,7419.466010119911
50579,745.4007067460049
50580,1008.8838695863769
50581,15227.81295968937
50582,1839.9547834456532
50583,1234.3486640145527
50584,6486.274720384784
50585,1101.6644254911243
50586,2226.1423270866194
50587,1063.9020814054606
50588,5250.47469881586
50589,5799.276586595448
50590,4237.097318177004
50591,2267.790475521833
50592,5155.230744157766
50593,1349.934653165218
50594,2305.341760971649
50595,5804.776898388591
50596,550.8181347593818
50597,3288.9991821288095
50598,2246.899716784141
50599,566.2924197022047
50600,675.3728191979646
50601,1586.956476739895
50602,3202.1850813800415
50603,1034.2209857903642
50604,2830.7855205754627
50605,7556.954842591786
50606,3915.714975054218
50607,5014.496257216639
50608,3516.721598640556
50609,2334.8611615172326
50610,3576.4619197863467
50611,3121.8617292587783
50612,745.1152905678433
50613,8243.200676364746
50614,543.0189907835038
50615,626.6055534777893
50616,3294.578810685223
50617,13390.28454216812
50618,2785.8366608164106
50619,8606.96928847784
50620,4927.829564230413
50621,2243.9543875710247
50622,2293.5662428182113
50623,11455.998492222316
50624,2500.6234681520345
50625,1978.5957135499684
50626,5341.646907273857
50627,4103.519367862524
50628,1259.6517097618416
50629,4296.957331897322
50630,5066.7880918985675
50631,682.2739952498548
50632,6026.659628735972
50633,2448.091334105475
50634,918.8063381009907
50635,1885.2609287129146
50636,2420.662169960766
50637,2842.4601490507107
50638,7741.792763484022
50639,10360.731011577484
50640,5021.97331055242
50641,2571.508010598117
50642,521.9007984959674
50643,8983.096159058328
50644,740.9279038755618
50645,18107.756625977054
50646,582.8717843911788
50647,828.6040545964291
50648,866.7741053290401
50649,11851.352211406778
50650,442.21915883743844
50651,1744.743491969745
50652,6421.570957467929
50653,5004.659659725835
50654,1195.461563431656
50655,9654.58328293609
50656,14493.908643899844
50657,2437.5914455827497
50658,1901.054235121342
50659,662.6838479407234
50660,593.3517060206099
50661,4680.466157961129
50662,1745.669366852266
50663,1156.9175499089706
50664,1620.8206793626043
50665,4367.4242311678045
50666,3619.9728735218987
50667,4728.616588131627
50668,851.6922422014577
50669,610.3970544561461
50670,1029.172584408221
50671,2893.831228846089
50672,1091.7414660627367
50673,1036.1422869858106
50674,767.5616746973056
50675,4241.731778295072
50676,17412.804531474823
50677,944.795407759589
50678,7837.800986692565
50679,862.3135798491098
50680,11311.451517046087
50681,992.4334992331032
50682,1078.282188246302
50683,4259.793842034715
50684,635.7614932070413
50685,1371.4217628683825
50686,12109.732198406175
50687,1041.3215106127866
50688,3247.8294306383787
50689,2484.071091276536
50690,933.2662888315735
50691,4709.156039447872
50692,871.9041857795571
50693,2001.910603115696
50694,3919.1047458817134
50695,17037.08547677673
50696,779.0272236253292
50697,2123.7002939011504
50698,1015.1422309140754
50699,1180.0424091433058
50700,1417.7671640657834
50701,1650.905910144908
50702,2463.8688439394296
50703,866.364551976474
50704,889.5398339767721
50705,799.4374306226248
50706,788.8584527080757
50707,887.2054971523959
50708,569.6479307645523
50709,530.907052897142
50710,1248.1993864653066
50711,1014.0145285976123
50712,1545.0733583874803
50713,576.9828499943292
50714,9093.0620414924
50715,5245.667523936063
50716,1039.3373659158833
50717,499.6579717313421
50718,1393.7143295157202
50719,13816.181215497398
50720,617.6166990645179
50721,955.6903366612627
50722,7980.623556267878
50723,11220.86085636564
50724,2624.0368817959643
50725,1581.8245118352302
50726,1888.9225044850646
50727,6677.656438778191
50728,5261.142186767892
50729,1750.4948809331806
50730,7791.390914076384
50731,687.0678338325691
50732,636.8045711687103
50733,5758.630343801177
50734,786.0936161299057
50735,667.0285199596615
50736,495.86542503504984
50737,971.1736021986426
50738,1312.6821436908572
50739,657.0550703871211
50740,2704.2761436593705
50741,994.2060771270059
50742,651.8729944218421
50743,15159.760015714794
50744,922.041727342926
50745,14450.774082356824
50746,663.9489184730969
50747,1010.3092958092786
50748,10834.819703651454
50749,5105.716322369431
50750,9908.489678125121
50751,1034.6713975678886
50752,2437.7783606454236
50753,685.1607524701119
50754,9538.291924155623
50755,6228.775006259099
50756,1112.6814190036648
50757,1880.0477372089454
50758,7121.465847203013
50759,3969.907838160438
50760,3965.623562125275
50761,815.0138891064515
50762,3063.989761741607
50763,1642.854688829372
50764,3483.242777944759
50765,4556.249684391131
50766,8277.02541821281
50767,13634.063929014406
50768,2179.1771251637624
50769,812.6352729321604
50770,8265.883640901438
50771,3959.765566873585
50772,7614.097285296855
50773,735.086457914025
50774,3956.942701891752
50775,4818.978671428747
50776,16671.85392017896
50777,628.9913972782066
50778,680.634260488436
50779,3004.3430712951977
50780,953.6451400063761
50781,4059.043888132429
50782,585.2648023073185
50783,14737.772091686109
50784,2945.7035155068784
50785,5029.947718843372
50786,4589.232723942562
50787,9342.952136429314
50788,741.5897062131099
50789,1890.6060829697428
50790,1134.6304068981335
50791,998.4444927890189
50792,944.1502846258336
50793,2256.08250925825
50794,12012.602563354878
50795,10526.550749345693
50796,922.0696649415488
50797,4747.005835344386
50798,469.96802458530766
50799,11871.548917053948
50800,4099.934031610097
50801,1717.1108522494076
50802,718.8039131374958
50803,3913.3058238022268
50804,631.5318539688715
50805,4278.175101315703
50806,7181.306477510532
50807,580.596407986043
50808,865.0312744820325
50809,1106.369232675328
50810,874.7323970059109
50811,2602.0973547350463
50812,3589.4912742908205
50813,3984.3825852741425
50814,9163.812256791416
50815,1631.829585749772
50816,4963.367020627782
50817,13803.072120658027
50818,16660.176527091044
50819,2577.1989008106048
50820,8734.144570355114
50821,5768.611756580387
50822,11611.25135712506
50823,2944.008013640114
50824,4710.717200236251
50825,636.265874447457
50826,4504.971137263241
50827,429.2317772550611
50828,1302.4084013723862
50829,415.5969616850429
50830,1751.67431368044
50831,17457.891052449297
50832,5223.627610327088
50833,2020.1928724503282
50834,1789.0456277388864
50835,1803.1649150092298
50836,677.4905400209465
50837,2361.062870550694
50838,862.225816956749
50839,779.0621556055941
50840,4810.122822803779
50841,5291.387843007985
50842,13882.636677456414
50843,6554.097954021437
50844,5743.696409195406
50845,2606.9214854417337
50846,5120.4073193760605
50847,1025.8519118908773
50848,2550.333576962639
50849,2100.3058794949893
50850,3041.4398215824795
50851,8447.738531164261
50852,969.5170393122849
50853,5144.178482874071
50854,917.5734253224459
50855,596.8550156555444
50856,1371.04017034613
50857,6377.706047737476
50858,2447.4177198566276
50859,1710.5317087528958
50860,5667.070197119656
50861,7158.35532683206
50862,4917.015458396051
50863,1871.1763251956684
50864,11536.095215190793
50865,919.6136878605187
50866,2500.458702642479
50867,7552.151615113588
50868,741.1416700954865
50869,819.657978589682
50870,604.1098842260413
50871,1150.0732582561416
50872,1128.3803820066357
50873,3601.1339705320606
50874,1239.1439321153705
50875,557.0199023226139
50876,1810.423964033999
50877,1397.0071065026266
50878,2190.949654883662
50879,1235.477046857695
50880,10499.108992607004
50881,4762.99017743544
50882,1996.6003287705366
50883,3359.088268344491
50884,694.2311881772735
50885,794.0500081763136
50886,1058.5402894451877
50887,6090.142601132209
50888,887.8278260053208
50889,1222.5955127658763
50890,14457.966735974822
50891,687.2687978654087
50892,864.6557634081679
50893,2905.701054822266
50894,761.4419454944037
50895,4243.392691580701
50896,2273.56967198218
50897,1030.7918184605492
50898,2271.158602781165
50899,10910.006515344869
50900,4662.248546793691
50901,907.1202347166143
50902,15674.853689023887
50903,635.8939320145333
50904,449.6557265913488
50905,8718.654530071042
50906,5045.4082705492365
50907,446.6675261024547
50908,976.7487022585588
50909,2058.4090349045705
50910,895.1543277006812
50911,16974.893247070202
50912,1562.3637136316404
50913,1350.2343123875394
50914,923.0315319750822
50915,2612.474032658905
50916,9831.255746266343
50917,5023.021302950422
50918,1991.601417321126
50919,9597.935972401709
50920,865.2766261534115
50921,1100.7358271164037
50922,865.1972313926966
50923,748.9603415818596
50924,5310.328780458574
50925,1109.9941228813618
50926,5956.658600380601
50927,848.2723583906453
50928,15375.696356374383
50929,4620.10259621303
50930,9771.779709343235
50931,3111.548257788302
50932,1074.1949059845294
50933,5469.584016164051
50934,974.3208101876326
50935,6110.710689752671
50936,1868.11152207705
50937,667.175632224876
50938,612.5647980054243
50939,861.2978216894829
50940,892.5579925596187
50941,4686.761946413778
50942,519.6242793950455
50943,908.9560966173636
50944,637.1864670017852
50945,13948.443223087797
50946,1054.4837444737436
50947,518.9532732441376
50948,521.4448771889532
50949,1855.586342899356
50950,4448.421568631294
50951,924.166497565512
50952,1069.896973482794
50953,1999.772517116941
50954,860.1580728714043
50955,4936.311428052769
50956,4682.614905864492
50957,2295.188402555443
50958,1987.3340332139392
50959,3175.8960824723536
50960,5280.637616729274
50961,596.7632243120182
50962,2517.584424349508
50963,4115.027392672433
50964,612.0064143330859
50965,1414.2030311659307
50966,15547.230031434832
50967,4319.659672131237
50968,1804.6233353864175
50969,1675.7525354485629
50970,5486.584159670483
50971,3909.3000875351945
50972,773.1504607626742
50973,8639.257785716984
50974,912.5311410487974
50975,1111.3144014837014
50976,6124.649179531346
50977,1598.4980776101777
50978,1610.1025410745276
50979,11036.76428003013
50980,857.9666918531922
50981,531.2336411325653
50982,1454.3627810741932
50983,801.284922331532
50984,3034.352138603422
50985,3257.8524535678957
50986,601.3399016717882
50987,1056.4154785015714
50988,1884.5960759925613
50989,3733.446763671355
50990,633.5585863315505
50991,3659.008400358979
50992,4670.970557759369
50993,1761.8153315940995
50994,1044.2390752321623
50995,2308.5257513558786
50996,14774.34571392865
50997,4547.872752043982
50998,1636.3028876340416
50999,705.9833005706103
51000,13162.266290649668
51001,2115.9446891985654
51002,466.53628252294214
51003,8898.890552577835
51004,18039.42599891156
51005,1280.0296478004473
51006,5562.068366833322
51007,572.4259605541458
51008,3603.5617314761
51009,2290.9195565079285
51010,750.5771577998224
51011,984.5814439656227
51012,4086.4535629008465
51013,4047.906030335211
51014,2420.490821726337
51015,4232.015003234957
51016,1221.718377569753
51017,10784.298746809889
51018,5091.832828534273
51019,6524.7449294681455
51020,2161.283421383092
51021,662.5781848998347
51022,3026.494734703112
51023,3023.543485904476
51024,644.4216174584541
51025,4598.701006182605
51026,15379.857167304168
51027,4221.82264261903
51028,1639.8623403460726
51029,4314.775163896908
51030,833.6832083213015
51031,690.7557431961608
51032,9619.510269956807
51033,395.50522308527934
51034,4484.758669630074
51035,12794.830098664328
51036,4777.4307556352205
51037,5567.924020422244
51038,8184.665360191344
51039,6409.006341715659
51040,3992.153376355809
51041,3231.971831584469
51042,779.76891147059
51043,7064.601498179859
51044,2536.086012205661
51045,13553.002433405183
51046,9509.573499437789
51047,3650.0179169619664
51048,11206.992046574711
51049,1282.9437920330167
51050,3264.5301738637495
51051,877.0943402604942
51052,3396.1789176777397
51053,2701.175136830812
51054,2746.5944380704987
51055,4068.1903114662055
51056,5627.050983564299
51057,897.525754642586
51058,4498.877632626793
51059,648.0160014500418
51060,16580.263816769504
51061,813.8108584828396
51062,1033.6862874668886
51063,2293.2953835872704
51064,932.9270467101843
51065,1628.050179689068
51066,1039.7318020786843
51067,856.4626867141496
51068,3363.874592158019
51069,1035.9499471475185
51070,2898.43076287659
51071,663.6969150806897
51072,869.8208734749617
51073,3235.8721230164037
51074,4023.2432388988723
51075,3957.8596941735254
51076,467.80536890854444
51077,9171.53788084888
51078,4485.533783492541
51079,14681.516058201049
51080,2317.752425384498
51081,673.6711554602543
51082,428.2643861018586
51083,15807.686303349052
51084,6400.781427077934
51085,441.1243215550466
51086,4343.857553571714
51087,1277.8775093739484
51088,3019.434053991571
51089,1101.7111343028791
51090,1158.0635831119491
51091,6810.958291024956
51092,6614.155147856903
51093,5581.984886426294
51094,6573.486292298644
51095,6381.770177564882
51096,567.5629807600778
51097,1619.484065444537
51098,3064.747855399064
51099,4958.153522162581
51100,9224.576247057927
51101,4338.889348565143
51102,4510.546454406235
51103,2430.7970881932083
51104,2928.2069707948663
51105,9715.169111441926
51106,6585.016990044472
51107,5830.464321773989
51108,2191.7267257233407
51109,694.7538555188978
51110,776.0421006164179
51111,8810.003260448517
51112,10086.779111398091
51113,8560.294700029683
51114,4924.985531741297
51115,6759.986945800346
51116,1012.9056797805463
51117,596.8980653258927
51118,676.5142492147621
51119,6499.970004152541
51120,1328.043628407526
51121,1223.8398530360007
51122,9819.244086540999
51123,3567.8555276338393
51124,797.7693893184273
51125,4114.697401335209
51126,782.891016505935
51127,1309.9119884383488
51128,1495.5046768558218
51129,13180.464437387598
51130,657.4859471757262
51131,2062.696752484738
51132,5204.011025178293
51133,3113.4381926759097
51134,2230.0171467301525
51135,2895.717997467448
51136,12975.22127107541
51137,1456.508551722562
51138,6765.314528095892
51139,10847.648283926635
51140,2137.7507877858216
51141,4289.174451107543
51142,11243.215922201958
51143,16637.770166543447
51144,848.3191634697364
51145,451.01435013813756
51146,6450.973122968254
51147,865.860933127384
51148,1226.7948976396717
51149,3650.849398975525
51150,9471.80641530283
51151,4929.054195900171
51152,1770.5836473511174
51153,664.8087031956655
51154,15933.830263155029
51155,729.0433741983462
51156,683.4663243899305
51157,465.43522400071384
51158,603.6670246509178
51159,970.3834089379058
51160,929.281705692629
51161,380.92327825758866
51162,649.9751937207759
51163,7358.536043138363
51164,6446.144085730243
51165,4881.241156536316
51166,9752.151881522937
51167,17064.00549395437
51168,1760.0434840922308
51169,1255.7496776245673
51170,3800.4871587539997
51171,5002.315764938441
51172,897.9805706560641
51173,2611.3907124724287
51174,8432.15323067389
51175,6466.84879372918
51176,728.9386615240378
51177,2823.8505756351556
51178,4865.641908769657
51179,923.0641084970057
51180,2356.719385574628
51181,5077.085175915699
51182,3741.8692298063784
51183,10488.807335634061
51184,1433.602933016123
51185,5666.351220556361
51186,1678.5977594637775
51187,3523.748200427402
51188,5881.748247641941
51189,595.1836003643722
51190,572.1752703051307
51191,1021.2530930224362
51192,6573.426872521965
51193,5832.276848627638
51194,992.2979883058007
51195,624.1862025610932
51196,1616.8088569118213
51197,585.365340763165
51198,10172.907578895676
51199,537.0554895443552
51200,1064.3179573313346
51201,6577.812640242746
51202,12281.137224714956
51203,961.5915337326778
51204,684.2413338188824
51205,14356.863865279232
51206,4755.865964819125
51207,12111.798812634546
51208,13406.925500018564
51209,1062.5667997356823
51210,587.0449451968732
51211,5272.921899024177
51212,665.0423301790892
51213,1147.0360115935605
51214,1511.93079257523
51215,557.1358854037942
51216,2191.6696759775296
51217,3828.9143750595254
51218,4326.268832357547
51219,1572.307445841508
51220,825.0130433290763
51221,6467.80147797359
51222,6775.933604959311
51223,2231.770902428509
51224,2819.732464047367
51225,2281.8747794300334
51226,1031.489584188494
51227,6250.611733296069
51228,8721.877848246715
51229,5933.753191539712
51230,826.9068968826174
51231,1971.4701097938203
51232,2388.7365290283124
51233,5295.856207114988
51234,3686.391329318866
51235,2630.8065853402695
51236,5065.927812173533
51237,1993.5991352009153
51238,526.0169710880451
51239,1977.5028783505
51240,2458.5413474043085
51241,11016.760830836773
51242,6128.247161630254
51243,2055.655172151318
51244,2223.9054778985737
51245,2051.61234385908
51246,4807.938586030856
51247,1025.5910694170987
51248,7277.0213026742495
51249,4923.549244681093
51250,3137.4513210848168
51251,936.9842770940235
51252,718.426931589637
51253,456.43528569738345
51254,626.8281139174654
51255,2251.870950579825
51256,929.3313182317416
51257,6427.277805838424
51258,572.8165511587283
51259,1624.0598840636853
51260,1927.3310400089092
51261,6720.434928519618
51262,12591.4167513774
51263,1543.1687509043713
51264,4079.6712989803973
51265,1020.7653801207748
51266,13365.16880776089
51267,5886.880932080606
51268,972.9850805937314
51269,4621.360183306927
51270,2309.199033899525
51271,1233.7836911173742
51272,1711.599939768185
51273,6426.294618050433
51274,889.1586333976414
51275,4399.736968224135
51276,1055.6163796494632
51277,597.5684678463763
51278,2995.240951138102
51279,4586.688968496365
51280,1837.0192895726186
51281,1633.7267813332085
51282,1338.5079882698603
51283,783.1088559409753
51284,1725.3968646404248
51285,3992.379585804082
51286,583.9447574775371
51287,4827.414544747877
51288,1238.2753993021088
51289,10753.724943831787
51290,3962.353175057755
51291,651.0477890772698
51292,1091.953473846299
51293,841.541543208982
51294,533.424377995802
51295,2847.4581587673547
51296,1283.3105876817979
51297,4269.1682434725935
51298,4117.724891992765
51299,4723.280470552891
51300,725.950918675914
51301,6808.089630375383
51302,1069.4557462711418
51303,1109.2951889314638
51304,15951.480790783266
51305,2394.7761186300495
51306,1685.723426993519
51307,636.4298668535891
51308,740.30910292433
51309,1113.1974672472445
51310,4451.12220024852
51311,1833.4420268965184
51312,5459.535700805851
51313,588.1431200562283
51314,756.3905404096332
51315,5751.326418038845
51316,738.4743568521235
51317,4893.759755467326
51318,2014.6584426071768
51319,1408.2022575920391
51320,573.4907988209476
51321,11520.275594250319
51322,1468.5019854437073
51323,9431.577252185547
51324,4085.691317591497
51325,6017.305299617517
51326,591.2929384842647
51327,3450.0661261888226
51328,861.0041742487334
51329,771.1490701863404
51330,506.2266364199822
51331,1014.5597983922598
51332,3147.036354182067
51333,1096.0933509579722
51334,16379.45823143017
51335,10102.475590865692
51336,2265.4657085303725
51337,2282.080576455722
51338,2476.20015396793
51339,2421.5289304272383
51340,981.800377201451
51341,1192.0494078509755
51342,1889.45650307496
51343,442.4609482488088
51344,1180.8407341039017
51345,942.6989919421956
51346,5382.8111971200215
51347,16490.58663072357
51348,6089.064968303714
51349,2427.1945807051693
51350,1183.0092017167215
51351,2042.6453481804
51352,536.3998819325636
51353,8990.549991112068
51354,544.9096459947283
51355,457.96187707487894
51356,6160.090586313165
51357,928.210705685354
51358,13866.520786874233
51359,4231.740739680597
51360,1030.4786667397975
51361,825.2706664588587
51362,12567.237250312315
51363,3038.4584641854563
51364,612.613839836849
51365,1098.0428196548694
51366,1112.319229746833
51367,4799.763345641583
51368,866.5391221299358
51369,2659.4294929975977
51370,3827.3147954633896
51371,996.8536586237448
51372,17261.88402763334
51373,15119.916344089945
51374,936.75854867374
51375,954.5352482267724
51376,1030.8951115407133
51377,1030.090719009977
51378,696.4808479225255
51379,4284.564577055755
51380,2542.7272867358424
51381,1964.768488318839
51382,7237.956793260428
51383,2362.2357991653093
51384,2064.0660832937856
51385,759.0676700507643
51386,16286.839546482384
51387,15751.828824561742
51388,4222.255644276887
51389,4639.291787978614
51390,5306.657950772072
51391,6332.918021619299
51392,3687.551555536074
51393,832.1252946965341
51394,1012.9691818997458
51395,15167.479558673636
51396,569.6675981183504
51397,1386.7953556558457
51398,7134.368471402982
51399,8451.427479671867
51400,5148.1299305841785
51401,5213.135473942718
51402,10638.094783313267
51403,867.8127499958955
51404,1599.5663309909753
51405,7837.56810603192
51406,5273.171961058645
51407,8238.77299027676
51408,2050.969520837116
51409,5716.8616182925425
51410,17999.745768858622
51411,12028.793139158337
51412,5198.966589898036
51413,4274.133449903642
51414,3815.8761857913196
51415,1004.9733443149153
51416,922.0314975783405
51417,821.6479352318185
51418,6822.511667728256
51419,2862.5606530794553
51420,1053.3884383506845
51421,416.650639620214
51422,970.0896592241705
51423,4209.907103689424
51424,4255.306877304525
51425,4246.234358271742
51426,6572.049005259342
51427,830.4417140048099
51428,5411.720553848258
51429,1785.1640641916108
51430,514.4239132134005
51431,822.4697986213725
51432,2174.8437501649673
51433,10858.886590803002
51434,2464.601952223705
51435,15415.143289840556
51436,1025.6229298599912
51437,804.0275823815778
51438,3021.8460427318532
51439,5099.025641179684
51440,635.2650876252145
51441,693.9783387876214
51442,4791.766246227788
51443,6965.874074731596
51444,12910.206407843158
51445,4214.074120268923
51446,1001.249936938512
51447,4744.48939853288
51448,6403.107660235178
51449,2187.266302964849
51450,6663.829987523444
51451,3271.307531102204
51452,895.6699009082184
51453,1721.0065855612836
51454,1145.5773004109662
51455,14654.221731970454
51456,1259.0030309793133
51457,8028.715725159903
51458,795.9107900615545
51459,3378.518277408397
51460,639.3767685596936
51461,3078.9124984129326
51462,8388.499002796685
51463,6789.946349453625
51464,4521.265318117576
51465,1939.7530157823069
51466,564.2741465226192
51467,460.5404622093187
51468,1635.1760856341427
51469,722.4935258629542
51470,5970.974509528597
51471,1117.6850354334638
51472,582.2819404673618
51473,3075.7884808473286
51474,847.5196314304858
51475,2973.5907877018
51476,1051.30520399427
51477,2474.774687278682
51478,12250.812496402514
51479,380.9854641859591
51480,831.5043127852573
51481,5282.009114779511
51482,445.13431124321204
51483,1673.552874055665
51484,551.5869918198441
51485,4463.853426282054
51486,4890.6426851548695
51487,1065.7468106260312
51488,12129.628061087838
51489,1039.1944000029355
51490,5838.61384313958
51491,4597.696246057312
51492,974.8321144684157
51493,1136.2541689568095
51494,6600.017943756925
51495,1225.3422208090924
51496,7789.8556709320865
51497,559.5563878642735
51498,1031.3128192261547
51499,3301.4209181202414
51500,1845.0310338266
51501,2486.275777135345
51502,3922.7278531576376
51503,5047.050565356157
51504,4394.251953478188
51505,1602.440301383922
51506,865.1240081629193
51507,567.1514189984007
51508,867.1782834050194
51509,470.9247615946813
51510,6491.484235468664
51511,5480.851171130538
51512,891.8466949262673
51513,4170.856010776561
51514,1433.9974572326894
51515,4106.469488529167
51516,866.5349711095402
51517,7835.99819709805
51518,2191.2657968281947
51519,541.1515359704296
51520,450.2545558916828
51521,696.5515833858402
51522,8554.541424209347
51523,6276.039792150636
51524,982.77088029411
51525,575.9551706134159
51526,4074.1272064795953
51527,1871.7296161546114
51528,2192.1141963971822
51529,5827.972888710182
51530,959.3175842215301
51531,783.7857323012211
51532,728.5924789739042
51533,5567.31454467094
51534,4526.800841667412
51535,1002.4586306407627
51536,17947.908299588118
51537,1411.2306385793333
51538,10155.552074988658
51539,458.2326543800409
51540,2392.4296734458076
51541,15486.773877741218
51542,4797.334987048006
51543,2427.579440203823
51544,746.1408797255724
51545,929.5286945817013
51546,12864.856136656434
51547,610.5082368896843
51548,1018.0903485445049
51549,9644.451957185353
51550,599.365800570912
51551,3194.9813147288214
51552,407.5539752311003
51553,666.0511614278155
51554,3592.9247923160206
51555,1254.7936871932843
51556,2016.400147233096
51557,3826.25736434237
51558,479.2431737197676
51559,1992.5430897006615
51560,669.7153552039845
51561,1002.4905473792749
51562,9300.125593238763
51563,2853.006699335797
51564,4423.123818107025
51565,8052.025901329292
51566,6643.842950869127
51567,1347.478842507827
51568,949.2385470041257
51569,2303.9235530855312
51570,5378.407066740559
51571,1082.1758698066078
51572,505.73313885020434
51573,1665.1258048221357
51574,2213.8633471380226
51575,4245.966806232902
51576,14996.389830543852
51577,530.9331458171433
51578,981.4805348310773
51579,742.0163844561309
51580,6788.8811060758235
51581,901.5186672306112
51582,1313.9996867418413
51583,541.1905767213591
51584,4099.968846914645
51585,977.8481250377176
51586,539.4178434760541
51587,10212.319555259593
51588,2559.8855066465335
51589,1019.704177032551
51590,16190.122536572493
51591,785.8510031626889
51592,440.8518943669964
51593,4359.849043834768
51594,519.7868214515235
51595,7288.887096307513
51596,3850.8876030861466
51597,2979.7345383043457
51598,2067.0710434111343
51599,11571.84960585659
51600,6202.713428010442
51601,1304.9093505613018
51602,988.6718284783572
51603,4610.638427658268
51604,5771.524875857188
51605,7835.072696733727
51606,8944.85853036216
51607,575.415057632008
51608,11174.150087650863
51609,4746.834177323158
51610,1999.6062082781186
51611,720.7919491474458
51612,5807.817326709815
51613,501.5411586004436
51614,4432.3685780906235
51615,1680.468892655043
51616,604.8594962722846
51617,10245.620288083528
51618,2591.663987159035
51619,10962.202870466554
51620,15840.270497390826
51621,5662.099870062219
51622,7741.556837566305
51623,590.0684350165265
51624,5218.218125217061
51625,563.4307189291671
51626,547.6467281869728
51627,1414.1787223704496
51628,1180.513803174
51629,2096.9171907081545
51630,3013.7132008670483
51631,3344.392996166561
51632,2278.852598480761
51633,1660.041449692977
51634,5120.204707970926
51635,2348.128307080464
51636,1583.2681209617347
51637,1050.0178704756252
51638,5146.676618141765
51639,15317.640498701156
51640,1314.4641467896884
51641,3219.9485314208478
51642,979.1702212710007
51643,2819.984836848622
51644,1825.9206780469988
51645,3198.290739880086
51646,2753.681687503984
51647,17861.821451188378
51648,5920.756963462083
51649,648.0526265382572
51650,6916.723191295574
51651,4873.533708722577
51652,818.9492500135715
51653,1892.115849243484
51654,1117.421571685869
51655,1363.7401408159794
51656,5219.997557455916
51657,4685.7711519404165
51658,2950.9927241050905
51659,8796.212926021251
51660,4129.44963476709
51661,4598.485599862195
51662,9936.23656428918
51663,1760.194219879243
51664,1178.9675278796014
51665,545.6644509647624
51666,1747.003329023107
51667,4937.804909778026
51668,1019.9828883119188
51669,7035.871439975006
51670,7202.3673594469865
51671,2318.994325348156
51672,3472.291304674331
51673,3260.4584471960516
51674,9239.511233762969
51675,3911.6065018755385
51676,1311.4030420210004
51677,1720.6619404417925
51678,6357.14045006068
51679,924.7234333379739
51680,2473.779153270833
51681,8665.24372231184
51682,1389.8671272022336
51683,1127.9766236519306
51684,805.9271465173781
51685,795.2837855790889
51686,681.5106484871388
51687,5420.491913276913
51688,4112.073935829532
51689,4314.92681531925
51690,6037.059837924738
51691,1381.2821454301159
51692,1674.6712479309258
51693,895.0645440957541
51694,729.9962585077596
51695,2735.4446298416465
51696,990.6470686476962
51697,593.5004141608284
51698,1002.4079410064483
51699,15281.31125339227
51700,3125.9580528535603
51701,8621.32671966673
51702,925.4627170224228
51703,4604.252530379223
51704,796.7038146229229
51705,2621.3677467998323
51706,4612.279057315173
51707,3901.2004328497546
51708,8655.057968061981
51709,756.4130820970872
51710,2896.8830721300815
51711,577.8935809010238
51712,2042.8201742584513
51713,4069.2713193446853
51714,8580.589179947652
51715,9723.396096675842
51716,8423.064343401727
51717,710.2729485908563
51718,1627.3986347649736
51719,15648.444904267188
51720,4633.62636023885
51721,823.3609167020066
51722,735.8135432405749
51723,555.8174441874041
51724,6302.01421951181
51725,1318.6758751901264
51726,962.5783011127825
51727,996.0548805961821
51728,3956.53860955826
51729,672.6879702091561
51730,2106.7839830392245
51731,4289.527589500595
51732,416.5952358649991
51733,11541.979883991433
51734,13774.581895685873
51735,890.1043908279561
51736,4039.928934700405
51737,1446.8613627480072
51738,593.4055795190109
51739,587.9882870320664
51740,14068.284973263113
51741,5566.627726006393
51742,5151.9619248582085
51743,896.2855019745413
51744,11622.546660731705
51745,10892.358765914254
51746,904.6630110936491
51747,16214.950931671165
51748,6126.344306411118
51749,7712.542155353699
51750,459.3928007500953
51751,8470.466664501944
51752,630.7920949290938
51753,982.9947886001136
51754,934.7475264436036
51755,630.2186007231709
51756,15376.394592804285
51757,550.1227189954459
51758,1777.2812109224953
51759,2021.4230170727158
51760,786.3139101072018
51761,661.600427990838
51762,6379.871625476209
51763,4106.206268536503
51764,1326.2940645830286
51765,4225.792818873008
51766,438.52801333243633
51767,16487.128228053447
51768,1855.1070832961384
51769,661.8054552535373
51770,6120.25829317604
51771,7183.8757427983
51772,514.1563940698336
51773,644.2002041804855
51774,4110.312172715418
51775,3521.52771865929
51776,1236.4553226967198
51777,5796.980723937139
51778,608.6941403348586
51779,1050.507750075726
51780,1153.9724716432809
51781,4222.529067842088
51782,2022.8862444968038
51783,5729.220576868102
51784,4630.175813085112
51785,5274.102345131317
51786,2449.1450543558703
51787,5780.794132582534
51788,4480.490396354589
51789,3997.9173684763095
51790,1075.3197764395852
51791,1468.0884984272557
51792,977.196555471291
51793,3353.758007032084
51794,2009.6289594690322
51795,532.664493321932
51796,2278.262420079179
51797,14881.535954760871
51798,12050.892489108042
51799,3854.179280747471
51800,1683.1659241440511
51801,1191.9188941928394
51802,589.541641432153
51803,3875.0027085094457
51804,6601.581958152295
51805,626.2116012275881
51806,626.6798619481315
51807,952.8662222370323
51808,5354.175746668366
51809,502.72727255407136
51810,4062.6086804194692
51811,1851.3742174642707
51812,11382.257033590811
51813,3294.8133059903876
51814,638.6425947891244
51815,8336.183683948244
51816,847.3786917023516
51817,1763.5781830952783
51818,2292.845137881475
51819,3153.0106246406917
51820,1712.3824457922055
51821,566.8053590385927
51822,626.436793894135
51823,5431.2131275683005
51824,8433.480870140962
51825,1843.1774083344178
51826,500.9346897832323
51827,2130.3532386889633
51828,6114.957709359362
51829,1018.5339624007006
51830,1194.4699028627488
51831,1105.997660814589
51832,8115.066133648533
51833,1446.4535603932597
51834,490.72831559782907
51835,1850.9126862773549
51836,16397.8873813504
51837,3389.306042425044
51838,17287.977887794932
51839,14257.645036603524
51840,3364.5628634488135
51841,773.4437685931941
51842,14106.345870571502
51843,606.49033629174
51844,3964.388572190073
51845,2096.7869701679742
51846,579.3486848913002
51847,2761.6717698067787
51848,515.0962532064547
51849,1936.339508617978
51850,6534.8924542705945
51851,508.4293033883008
51852,949.4536796980342
51853,12629.259869313071
51854,5275.194617897083
51855,1140.8388222908811
51856,2672.992446954154
51857,4265.901174600245
51858,5104.946197672966
51859,1078.8383823050285
51860,8636.84778940918
51861,853.1307308321765
51862,1262.1309793742166
51863,559.2541026752231
51864,1133.7777389818407
51865,1360.905222182545
51866,2370.3972337530636
51867,3160.352901964816
51868,3387.480426934723
51869,3092.84562953607
51870,5637.462553657538
51871,1028.682232705363
51872,3304.0960768814743
51873,657.0775127048367
51874,2049.572063365257
51875,910.2161562062391
51876,705.7325690026904
51877,3759.825348440672
51878,6362.792087180672
51879,934.1013523031882
51880,1361.6265289064959
51881,1362.172440043819
51882,10329.449539995967
51883,4230.277561161766
51884,869.876779665302
51885,11164.166018139906
51886,7534.827362385354
51887,560.200622485108
51888,449.81810023592004
51889,7648.473093642135
51890,4141.857919322414
51891,1670.706701490267
51892,1239.091715873076
51893,581.2769712930475
51894,11209.725198755616
51895,514.0973482835252
51896,888.7445245790663
51897,6181.920552864705
51898,8267.308076756133
51899,2155.6031911981563
51900,497.5725986883575
51901,997.6590388379226
51902,787.6052284542949
51903,9004.363493969942
51904,7977.177050452623
51905,1587.6052884148633
51906,934.3069262394641
51907,3767.235953961987
51908,671.9264642112596
51909,1210.209021475656
51910,813.8026294957829
51911,2244.9975366825634
51912,10466.041739327513
51913,2627.785965936072
51914,790.3500445914759
51915,663.0000233433099
51916,2804.5922571849433
51917,572.5660422395355
51918,3588.317106500061
51919,2640.64263503234
51920,4730.892753673271
51921,7605.9266451058365
51922,2388.6814167147727
51923,719.2870682068533
51924,716.2574202896448
51925,3323.3113043490284
51926,1233.0405581379243
51927,8594.811983376538
51928,1567.7389995108394
51929,1263.6076648753672
51930,4375.951574955993
51931,3795.900706699595
51932,904.2895176137098
51933,2903.718242732838
51934,4943.457104721681
51935,1745.4929284519644
51936,645.0719951361395
51937,6686.123129113346
51938,2122.6511482043143
51939,1214.7104410452112
51940,1318.2761704497957
51941,581.071157861185
51942,626.3311176784368
51943,10712.321471851836
51944,9992.143694834993
51945,4400.47415442938
51946,711.7502159519415
51947,8473.343680569113
51948,773.833060775533
51949,634.5256359585077
51950,4488.783771832944
51951,841.7937808635957
51952,5137.076193193889
51953,3078.0025449584273
51954,835.6229639437333
51955,1116.8833311264432
51956,861.2208007033062
51957,2482.3064610734573
51958,2310.237807411748
51959,693.0563714346914
51960,954.670828709314
51961,6848.403067679535
51962,5657.803604053739
51963,910.0188946393096
51964,969.468191316375
51965,594.9572773576499
51966,4569.6144623080145
51967,3684.62718633969
51968,6837.955898406158
51969,8970.432597564479
51970,15617.553594558973
51971,2270.337466410019
51972,2481.7388986475853
51973,789.0199490625579
51974,790.2581958258199
51975,2123.6839188054187
51976,11554.358890864201
51977,675.7927692265995
51978,2631.5678385055567
51979,488.7262725796259
51980,860.0187080901256
51981,448.37360956095097
51982,2832.1724441168426
51983,2310.7386758871485
51984,2771.5891750546893
51985,9065.634026002353
51986,6518.687642387886
51987,4074.5064685031098
51988,4609.480906336741
51989,6011.969988133813
51990,1036.4255404061985
51991,1393.3936049359038
51992,1009.0589529863802
51993,740.6477581142432
51994,2193.6675935123435
51995,11770.613191181841
51996,5060.525351903863
51997,3929.4326174043476
51998,849.1653020145378
51999,12309.977496129137
52000,2833.410213713623
52001,896.7262477047252
52002,1269.549034107183
52003,1000.419683910338
52004,2790.9308709372463
52005,5346.7510515062795
52006,697.8074087998609
52007,2555.0851123490456
52008,846.5456370613716
52009,595.590696721295
52010,1601.0036129043417
52011,1370.2841020024891
52012,1024.6419820878064
52013,2791.343911857755
52014,4269.704399584647
52015,1707.4741587906246
52016,4104.665051347669
52017,15870.399546108301
52018,2552.2727390180557
52019,3345.113947163831
52020,16827.691887059158
52021,1044.5328687492529
52022,1381.731496753137
52023,2156.7425167519646
52024,1264.19753149019
52025,746.4326705685493
52026,16357.785745988302
52027,4478.178675802655
52028,4034.6248336150074
52029,2139.6485537930325
52030,2031.5469636171742
52031,1732.0374860261227
52032,530.4323867068523
52033,8162.03744499655
52034,1464.904238887136
52035,1534.8449744554541
52036,6501.891660500566
52037,3042.5112861077237
52038,775.9360772547743
52039,11363.333723874695
52040,16145.336192289267
52041,1010.2853397340865
52042,1193.9314887605397
52043,668.0863671207194
52044,7439.163675609722
52045,6858.680485069807
52046,954.3435610552443
52047,1540.0241889353788
52048,4325.834226185311
52049,2003.9080519038614
52050,10417.110846704825
52051,10227.098922164894
52052,1741.9177062217102
52053,8964.361398886746
52054,6341.884916325402
52055,11165.105036703262
52056,571.1224277351005
52057,514.6092273748311
52058,5884.704840446208
52059,1455.5077793991338
52060,4422.918389820387
52061,1176.8913525479334
52062,5467.933465642764
52063,3150.31645836762
52064,5752.1517320213225
52065,1307.8806064463363
52066,10363.55239449729
52067,10863.658913670402
52068,777.185641150712
52069,5526.665202702438
52070,5841.2900202854435
52071,621.0265743407144
52072,3752.5385211129474
52073,4270.478692738934
52074,2205.9446152775995
52075,2553.849813693743
52076,4259.754218706621
52077,1141.837325914106
52078,2954.055115401245
52079,842.5345828428433
52080,3444.402382041657
52081,596.7749037174275
52082,732.3688276741606
52083,13797.579573366764
52084,977.7701989847213
52085,1508.1798889003012
52086,6372.938267510523
52087,542.3360121011015
52088,16001.627284353812
52089,7793.521330272142
52090,4075.1601133943136
52091,2217.922008028281
52092,4476.927489102973
52093,3312.075304818956
52094,1869.1473337941347
52095,5424.112003488429
52096,1798.8643264201344
52097,569.8890117252162
52098,5636.909240045779
52099,532.9315380197803
52100,3703.3463547243064
52101,7214.439306707302
52102,732.9118084107598
52103,995.8138970576799
52104,2727.8791558373327
52105,4975.594050909057
52106,2289.406537880801
52107,738.1319267862953
52108,2118.1527656015037
52109,764.6262413990153
52110,10318.08850480378
52111,2651.6693597776366
52112,664.6256276599207
52113,1053.602067568509
52114,4780.770839758425
52115,4355.730246284882
52116,6746.2561666233705
52117,1498.9225985170744
52118,15260.146385382359
52119,701.4744175634784
52120,5689.972694398338
52121,751.4638312861812
52122,4414.445773094216
52123,2344.298076198018
52124,5482.69844770179
52125,827.5522223977093
52126,5216.740895393577
52127,3420.9032043792945
52128,857.2383201889692
52129,4638.286083458935
52130,3378.714245533841
52131,4207.0060514618235
52132,713.5234418149363
52133,5618.7649260784765
52134,3867.679871284221
52135,694.3940976168246
52136,3120.168547570547
52137,11637.038567035179
52138,864.9022696813636
52139,9970.786286835944
52140,1288.6805737600812
52141,1317.7940250410518
52142,4649.691439119823
52143,794.9546566429813
52144,7996.773134017126
52145,8357.00994170201
52146,2105.60863183589
52147,3818.5412648163338
52148,808.6511698965809
52149,525.8930640038668
52150,4326.962249759475
52151,4198.662256929653
52152,2001.792989907157
52153,2398.275294775716
52154,6475.163422582685
52155,574.5286753931616
52156,3268.452065041331
52157,1646.914953298513
52158,16854.665954922988
52159,4858.240024260098
52160,6182.475766330479
52161,4269.90263925654
52162,7763.185246376646
52163,560.2840134663487
52164,684.9437942106424
52165,414.6796183668588
52166,806.5095569028719
52167,893.8492668743397
52168,9078.505190703952
52169,14128.168932420356
52170,10726.86253020072
52171,601.4876880314699
52172,8200.010065297976
52173,16779.201033277666
52174,519.7605592142263
52175,4669.836838128038
52176,1263.3737365084917
52177,681.6527325192503
52178,10836.673358332217
52179,7078.8276679451055
52180,2316.191116647617
52181,13487.956016705304
52182,779.591243502479
52183,11129.386260359828
52184,2122.2330617088783
52185,12389.041218327442
52186,785.8339072416676
52187,11357.728689326386
52188,3409.8947353709086
52189,10468.733201320809
52190,647.8058845729865
52191,808.7729137760268
52192,1362.0055481610523
52193,2944.2177162681655
52194,1000.463062613368
52195,2916.698957141738
52196,991.7540215091623
52197,3558.2308508981014
52198,881.507983701458
52199,3804.4524197043097
52200,1751.0941312092828
52201,2699.428459165363
52202,1056.6929098321004
52203,2586.6284632202974
52204,2282.688693320559
52205,3949.276536351271
52206,4056.1491110102183
52207,2437.3076250223844
52208,4614.858536430707
52209,568.7892283545791
52210,930.1326741452367
52211,3015.8250601307673
52212,1068.2689999842814
52213,12223.415048144183
52214,1065.8574566139328
52215,4832.929341820079
52216,1928.2527596114646
52217,4998.441461305283
52218,654.4948589958086
52219,3152.684494882034
52220,751.949542122743
52221,684.6517069537161
52222,1712.4549190558203
52223,3247.454160626799
52224,16381.874553079226
52225,2863.098670084741
52226,9932.767659270148
52227,1305.1800051084429
52228,1483.7780005543796
52229,854.8263239055699
52230,5476.297131561959
52231,1693.2511784961955
52232,590.5157933721288
52233,776.7566225593336
52234,864.5510214155743
52235,13292.404045164456
52236,952.3136325075366
52237,3381.0498856212503
52238,3445.7649589558623
52239,1353.1157690976424
52240,1094.4331318535299
52241,15838.807502028507
52242,594.1560100071314
52243,8941.929487286068
52244,10213.830355566415
52245,835.1600138994294
52246,4680.118793652689
52247,8682.271199197683
52248,4553.065362776234
52249,7485.423160034377
52250,3546.306833304851
52251,1588.7783736089145
52252,4532.786833347513
52253,3042.6441957469574
52254,1781.221982114912
52255,3958.020438578657
52256,2166.133965142865
52257,2130.237911879525
52258,1301.1589950372434
52259,4363.5572533655495
52260,691.028881455044
52261,4239.74017006196
52262,10066.367414972368
52263,1498.5818769572666
52264,1675.1247692118304
52265,4057.2083764794756
52266,2434.6593422938736
52267,661.1938535808208
52268,2474.033546423126
52269,5210.862032033544
52270,3263.932101637191
52271,1497.8920189420119
52272,2440.970471866052
52273,8721.377957654528
52274,650.8859954423461
52275,14522.090984648135
52276,4891.341414231158
52277,3604.2487529792743
52278,3072.8031466367147
52279,1323.8023838909032
52280,8705.108921983981
52281,3154.5269858793386
52282,3373.2330538446527
52283,1700.8210854659237
52284,4353.785251654991
52285,4144.375750487508
52286,9514.28331199076
52287,495.72994439640996
52288,3516.6808823858087
52289,714.0637146927187
52290,1407.9839677784112
52291,859.4375928433826
52292,472.86339360864986
52293,720.2234854912705
52294,1192.0032104396598
52295,7323.933925420115
52296,7477.144729965491
52297,527.0218877672228
52298,662.1223181167555
52299,1367.4732302672564
52300,13135.116996913688
52301,1121.5214034565513
52302,1108.7441280212513
52303,2528.3563756951776
52304,3846.870582222215
52305,1372.5135719190457
52306,1058.5345090544224
52307,666.4620931864802
52308,16174.626516848639
52309,604.2166639299674
52310,3112.1888753604
52311,3859.2519313346793
52312,5442.879109005045
52313,4466.125957604432
52314,15818.57581762548
52315,625.4190298532849
52316,3988.4554364299433
52317,486.26438762602794
52318,4515.103624141582
52319,12720.381256104169
52320,5391.287212131952
52321,4194.398685662799
52322,2372.284559119994
52323,3537.0698583469193
52324,12646.420446471586
52325,3276.8975901578983
52326,666.7393279912934
52327,923.8487615265684
52328,812.9284768764417
52329,10668.347585592383
52330,1017.8008957364531
52331,3903.565334131924
52332,7463.808010511781
52333,468.2068590015968
52334,3024.470896315628
52335,6598.243489452415
52336,5553.471049395922
52337,11873.473480695167
52338,3766.1318952376228
52339,2873.825633483974
52340,991.6065222495876
52341,15467.052985228345
52342,2419.0340078255845
52343,4411.525700387134
52344,608.2687070930843
52345,561.5324005638245
52346,14810.608544519651
52347,11386.168898096077
52348,615.7358661794352
52349,3509.42360410241
52350,3610.939368377057
52351,4556.703500150894
52352,6120.991791881964
52353,455.3951491510285
52354,1696.2984418924173
52355,1334.0878429523982
52356,3759.392864388428
52357,15365.841029663527
52358,826.3222795144841
52359,13068.387459884749
52360,13563.970293554834
52361,1487.3072091146917
52362,9228.553098175269
52363,5063.504928120283
52364,615.1365503062034
52365,1194.9354828614598
52366,3651.8660772253606
52367,418.8460463634476
52368,669.2530605779399
52369,5979.073891950235
52370,1038.12136399944
52371,4880.450609309771
52372,609.916857739222
52373,1331.8772375963483
52374,5023.788201287576
52375,13349.763036925102
52376,685.4604346251142
52377,10457.083236413575
52378,515.5917525881667
52379,1613.4038647482778
52380,2875.3965457998697
52381,864.3496947495236
52382,1475.5688132151763
52383,2493.351937116809
52384,7168.70665806847
52385,1768.3049298560563
52386,4038.25589281451
52387,1841.9158441729828
52388,782.9268970573327
52389,1693.6247541930109
52390,9904.581274929436
52391,804.8867457664988
52392,1385.6175382026581
52393,1284.244209471609
52394,2925.441242833459
52395,4664.207592727328
52396,14649.757674609686
52397,2608.4202542741714
52398,4401.397024270964
52399,6980.897538022697
52400,2601.3293073173
52401,4083.2091294440556
52402,776.6931377286764
52403,2919.0418012617247
52404,4436.055335650203
52405,11746.435516264173
52406,1711.939681639987
52407,652.7555319963902
52408,1066.8192523354417
52409,15229.345060743997
52410,2471.0143919702546
52411,3113.2110752830527
52412,530.2212621618135
52413,3578.9701560812196
52414,4629.173735861334
52415,1452.6819829042392
52416,6945.67043793153
52417,5455.81918964278
52418,599.1652355382821
52419,10594.339134424205
52420,11935.90261159521
52421,3342.0907405494795
52422,1048.0487910387742
52423,1101.0189409170373
52424,829.2468767359751
52425,707.8891602948014
52426,10781.940382169687
52427,4606.635827178267
52428,4430.351383639655
52429,2552.7891968590384
52430,720.4823290434088
52431,693.2732720182707
52432,9781.604092243106
52433,672.7631190397838
52434,3247.792708898239
52435,17353.419640083794
52436,8338.856911014196
52437,1122.361662806215
52438,898.1994109961457
52439,732.2942275999441
52440,6198.224945026899
52441,737.4188919412765
52442,4459.968107647219
52443,4471.831656386355
52444,5255.668185989786
52445,4263.912441975041
52446,2235.05471519118
52447,2145.2361956214295
52448,528.7101570742406
52449,5099.535492019097
52450,13925.309497939834
52451,1944.6823158875484
52452,2155.342153254759
52453,996.3684135194748
52454,3211.010585936507
52455,2595.870344964101
52456,432.38981700164635
52457,4340.12917425701
52458,3598.1861004677567
52459,729.0720055568997
52460,1071.853243484657
52461,1044.4971731263984
52462,1687.1738548570117
52463,2024.5357449893174
52464,980.5214110616397
52465,9547.058089044764
52466,529.9009825192791
52467,16382.648361297783
52468,1797.5321340632076
52469,894.1726546145377
52470,12614.573733126894
52471,1215.2326929152573
52472,1755.038976632438
52473,3414.48636690307
52474,3157.200483545309
52475,3357.289109386998
52476,6900.977571102899
52477,932.3468639288509
52478,4335.138022233827
52479,12598.257948616252
52480,9174.350511663923
52481,4364.068983702476
52482,635.0792142087788
52483,2627.6463836717476
52484,7640.886129884266
52485,760.7253832722906
52486,634.497496094466
52487,1438.6534486938815
52488,506.789761202888
52489,1469.2603786693664
52490,924.4733595071923
52491,1692.4043337178
52492,8108.954142202439
52493,4259.678906092646
52494,4823.777026743978
52495,2502.829733013946
52496,2926.715943819362
52497,6255.991806120893
52498,13930.161009425843
52499,796.7461518883205
52500,4268.744823449832
52501,6570.313831643223
52502,784.7276087956144
52503,526.3922283870327
52504,2125.3586732190824
52505,1229.1114631569837
52506,7179.399222026876
52507,935.0426178220554
52508,3745.1741785181034
52509,8041.2988743989545
52510,607.9049414107947
52511,2620.283056218503
52512,2438.447599106987
52513,2931.357845432359
52514,4968.793345679664
52515,1133.0339543056507
52516,15990.677339148335
52517,1680.86874351952
52518,2483.9194993729093
52519,2468.371724534853
52520,1468.851566300458
52521,3925.181794061522
52522,810.7417174504726
52523,1138.5882723665188
52524,565.9323360283558
52525,1784.3299244117047
52526,1478.4784918222736
52527,4643.49669757069
52528,6994.7256909422895
52529,749.3993705408742
52530,2240.8880169897084
52531,9868.313769336457
52532,676.3476310422666
52533,741.8947583314196
52534,727.63561327085
52535,848.1793806249364
52536,2497.798390242446
52537,13292.404045164456
52538,604.6982403816879
52539,957.6697671059923
52540,866.1670132927505
52541,705.1495635710475
52542,2051.7048404591264
52543,2001.2622156596756
52544,3128.0170671012393
52545,2548.8215678991696
52546,3698.825837194741
52547,3706.176756065742
52548,699.5927012136408
52549,16391.90850459109
52550,869.6974571876358
52551,1801.5272743028424
52552,4756.988796113755
52553,14044.362017099265
52554,861.0508284387173
52555,5207.767042795221
52556,11689.333013694091
52557,692.9330582627623
52558,1521.020082601358
52559,2630.4281193004404
52560,2283.7294189973873
52561,4495.821489907761
52562,10579.782254459462
52563,14423.250851412422
52564,15586.295060098757
52565,584.2709096292512
52566,3596.773009780857
52567,3379.3566463171346
52568,14147.607745971436
52569,1932.12946798814
52570,1377.0546260267538
52571,898.8990176426
52572,4737.032506410397
52573,572.3278984263683
52574,12758.223156860562
52575,9628.936718748422
52576,1896.9504380850142
52577,2150.564772051851
52578,5925.073176988112
52579,16310.769634803108
52580,16535.579178095304
52581,4334.583668333681
52582,6397.012605004711
52583,576.9801900095567
52584,5374.031271657653
52585,6532.66964510053
52586,5058.8636850917665
52587,3293.851449257254
52588,1017.1116557996792
52589,6324.757077718444
52590,12740.340549020988
52591,6546.591572833213
52592,638.6043250337026
52593,9702.634461423191
52594,2192.764977091744
52595,10161.688197261077
52596,489.34086987206734
52597,2116.881780032003
52598,1151.7829549400742
52599,3731.7429654797966
52600,1725.5470228463269
52601,10966.403017702909
52602,1551.393776631582
52603,2408.3153909674224
52604,708.2297076013712
52605,2113.1931896218825
52606,1023.9346246416455
52607,5957.512906336659
52608,10283.246486975368
52609,2506.3319477122445
52610,5930.984534197195
52611,8050.0313629911825
52612,640.6508493701966
52613,3774.872207046376
52614,1053.9355852883011
52615,4692.97259962194
52616,1400.375939692167
52617,15296.795337478192
52618,5740.416978014307
52619,17095.161559359065
52620,583.2488465140157
52621,12346.102439072883
52622,958.9413263757077
52623,895.7644246507007
52624,2736.045841754573
52625,1748.5512789459997
52626,2865.2478625377917
52627,15661.238398310285
52628,12149.717769537365
52629,1572.7427457322879
52630,3293.5025277839977
52631,7022.390466739123
52632,4704.186111509984
52633,1053.501111674049
52634,679.914729086515
52635,856.4563293953088
52636,2691.358979183717
52637,16479.78051308715
52638,1942.4583230496746
52639,725.3673789014272
52640,2778.4797621879425
52641,5958.05679907808
52642,2893.9197954007063
52643,2886.6549745242196
52644,4067.7444154378104
52645,540.2005750732644
52646,7964.200507945862
52647,6631.9316024628315
52648,790.7297045196095
52649,1319.7074280428126
52650,940.7573752788908
52651,1313.8614477006624
52652,1513.1138517014115
52653,5946.525037619113
52654,2227.3662584695066
52655,1433.183828196277
52656,540.1924326806508
52657,635.0043366049053
52658,11776.441665578634
52659,11056.787478523762
52660,1838.121014016791
52661,2710.25736093726
52662,3974.1412687588986
52663,838.6060615696475
52664,803.8603490773987
52665,675.8594935871903
52666,5356.576338623643
52667,658.950492998581
52668,15832.573895499358
52669,973.5665583504011
52670,2004.7034399046438
52671,8178.110214234542
52672,2007.5791866057455
52673,478.28540473017404
52674,9937.859365564524
52675,1723.6414990872686
52676,1020.2029538214526
52677,3750.4868646294103
52678,3354.1658920812292
52679,5457.312950358945
52680,4577.2168506721955
52681,1263.6256089226856
52682,508.7403523723194
52683,2076.0036458886248
52684,766.2460615993489
52685,10069.445540202358
52686,8630.062348175272
52687,747.3336083815282
52688,3122.6808208776865
52689,1842.5401744265953
52690,5741.828058731405
52691,990.9721267856607
52692,796.8925107097798
52693,1185.2321793578483
52694,698.7360850942449
52695,2435.5649283703638
52696,5682.677265781002
52697,4845.928395850688
52698,4306.177732955881
52699,863.6187040024215
52700,621.6077533054779
52701,1312.3510658188382
52702,4072.452567377076
52703,1992.5389327674359
52704,817.8579753335977
52705,2331.9761980840785
52706,700.4393868215063
52707,3962.7819877680517
52708,932.5765304716318
52709,2003.5205042517846
52710,4899.243986727806
52711,9293.98428569902
52712,5756.192861782023
52713,1520.6873076727063
52714,2145.6451164148393
52715,1330.8971537049824
52716,4476.1940015842365
52717,8579.425339901089
52718,15273.202054002952
52719,3099.1442350160883
52720,2667.77855505457
52721,3133.1095675611114
52722,4685.10648625535
52723,1448.8799654107102
52724,544.2006699534998
52725,3120.509371266032
52726,4046.7931065189487
52727,842.3255689923669
52728,3112.2657585620386
52729,1011.7021014801994
52730,4301.942509053032
52731,7184.567770271517
52732,1283.5093832346934
52733,6509.577540186229
52734,3220.0708525167756
52735,9403.934148800594
52736,7499.5710022688845
52737,9800.831215809685
52738,686.8261726041612
52739,2040.9825025769608
52740,961.6798987742251
52741,6092.665085974864
52742,11530.911151225942
52743,5601.5962853782985
52744,2759.9420310085166
52745,2091.1103455733755
52746,601.3174247101232
52747,584.475145656468
52748,6999.853436573042
52749,6997.177440717519
52750,659.9789135825533
52751,758.6279171830447
52752,1037.6243288188696
52753,1012.9044711780194
52754,10702.95693020187
52755,555.9304554393826
52756,3151.6126456648353
52757,5108.863982986035
52758,686.0422362077157
52759,4888.985841733184
52760,755.5008642207299
52761,861.8100119301009
52762,624.3133978725996
52763,1565.8022879722892
52764,2964.431433938843
52765,732.477004368816
52766,2244.3103093102295
52767,2177.3777482395594
52768,772.4089594951165
52769,1538.844185358233
52770,1328.1690985857051
52771,4981.790597635464
52772,634.6938942010484
52773,3973.737953473307
52774,872.8473217211986
52775,755.0515750105344
52776,3672.854595394608
52777,528.9610579923778
52778,6756.236651653218
52779,1793.620877910718
52780,12881.732355244996
52781,488.0898930459486
52782,2187.8214439473745
52783,8312.659075140764
52784,896.407191303159
52785,545.1991061919334
52786,15335.02465696887
52787,1057.5182293276246
52788,7839.017531378024
52789,1594.1579409784872
52790,7946.040133662757
52791,6412.014888534327
52792,722.1507334999689
52793,430.49782333914175
52794,8481.143707114386
52795,11486.477320071577
52796,3706.7769538695748
52797,491.3098446211582
52798,4077.880541242501
52799,418.95844991502076
52800,1404.4351159289236
52801,634.0757614898029
52802,2212.4276894163745
52803,3432.5842452032225
52804,566.7227503314173
52805,813.7438253740027
52806,7102.522093789099
52807,6093.7150632997755
52808,15925.874229394552
52809,1837.4330891487934
52810,4141.242182896174
52811,3296.686783666139
52812,1573.6459299354103
52813,3954.4408779521577
52814,1095.985658293292
52815,2494.3133528808194
52816,5897.965077637831
52817,1016.0491101351713
52818,4416.32014665843
52819,2226.9788888870958
52820,8723.97034907143
52821,1641.719769691983
52822,1143.4855627521065
52823,7447.430912624399
52824,1859.5417625167477
52825,5825.026756906786
52826,859.990856206878
52827,3643.600657258044
52828,5107.825594054497
52829,1857.2131401085887
52830,4241.289278003036
52831,11237.67463797832
52832,2929.2070566870566
52833,4410.1682531770775
52834,672.0554137038481
52835,839.7692131694474
52836,5347.216993571352
52837,610.091657360231
52838,4608.141296573685
52839,7020.902216455137
52840,8162.275466349214
52841,1058.1116128048357
52842,748.0226372429812
52843,16437.67601686643
52844,8670.674294775594
52845,589.1671636198339
52846,4607.903900009201
52847,2515.260475759683
52848,2257.635940125131
52849,648.3578773665697
52850,3009.7608217585066
52851,1019.0795185572892
52852,956.8787563553115
52853,443.0526798028947
52854,442.41287027410004
52855,1035.9177926239458
52856,818.4121964762678
52857,1102.1234175186287
52858,1897.6955080238479
52859,9338.509489157339
52860,741.5294392567627
52861,588.9150662011219
52862,1050.1315331859041
52863,8494.708031979793
52864,1821.8150063311678
52865,2432.9092042086972
52866,2062.7640484128265
52867,5181.757208954754
52868,1755.9863106981322
52869,563.1225230383677
52870,3154.287828320997
52871,536.6066108105094
52872,13790.767963854847
52873,1664.5750241290812
52874,16162.905210006256
52875,1277.859401601717
52876,4109.544594781101
52877,7113.639281618642
52878,4629.40837167363
52879,3096.8202268249856
52880,5143.679619240947
52881,6573.493326718948
52882,4112.5747248208345
52883,7522.007444804937
52884,2834.431982888067
52885,3208.367807153725
52886,5237.491754875932
52887,1200.566281874137
52888,698.8648899784253
52889,1041.2824143447115
52890,5595.066908691657
52891,1805.1836119772988
52892,5597.631522532234
52893,12488.237800116196
52894,1502.3634720007801
52895,8130.432166326552
52896,15629.672496232557
52897,981.1700795912706
52898,3350.757600355007
52899,7688.628238949727
52900,4388.531383974973
52901,3310.928682884501
52902,6303.387066919466
52903,1268.9022805102252
52904,5177.1577523892065
52905,2740.2180378873927
52906,662.8214918685851
52907,6013.905777430665
52908,8366.384443378398
52909,16345.858750762209
52910,1727.0803360383952
52911,2952.203859159716
52912,4003.1624670897404
52913,11035.3004132879
52914,9437.461199889456
52915,562.6085562195792
52916,2314.9543040292133
52917,4851.603959969521
52918,1922.6974164460903
52919,8565.758116449873
52920,9360.82781636838
52921,3133.1241129819464
52922,3000.561031399591
52923,4533.567796911195
52924,557.9172119103496
52925,7068.542575126344
52926,4894.106401101836
52927,731.336897228172
52928,11410.40593695779
52929,7799.417876903575
52930,856.5716013738178
52931,5631.688345365332
52932,658.6804032324222
52933,3575.294222536978
52934,771.6197470889928
52935,5271.056609854088
52936,2967.465271852239
52937,861.1952533796185
52938,7432.716709188913
52939,7697.393052306297
52940,3978.1646500264255
52941,13612.110081283186
52942,2594.181690763328
52943,2521.318530964262
52944,3843.622781766587
52945,2770.0864055201537
52946,493.5053539251535
52947,737.1384705175427
52948,10180.281048602854
52949,726.2939947244937
52950,4330.70422149136
52951,10108.900406959105
52952,1601.8763563729271
52953,8052.671264874558
52954,6432.8109232914585
52955,4058.935043182884
52956,3076.8898222440334
52957,9268.726956396995
52958,1158.3545990955563
52959,580.5893928281922
52960,3896.447823656384
52961,5279.006751724469
52962,2216.856124719332
52963,922.9945707589079
52964,717.8771321383001
52965,2301.2648391
52966,688.1717553950186
52967,15708.242102550223
52968,13141.880947727106
52969,4275.489098354013
52970,4738.09911798402
52971,2506.1217024466323
52972,981.9174931794001
52973,1428.034392366551
52974,1028.920233145803
52975,2518.64566839427
52976,4411.340693740095
52977,2732.5219833623023
52978,7177.406134641107
52979,3171.3564693274934
52980,768.7032088720507
52981,3203.2182818674282
52982,764.7433198500629
52983,935.5119773567992
52984,2390.8171259670235
52985,8988.465741900178
52986,5227.027241872859
52987,2280.3550718743572
52988,715.0749343335877
52989,925.6127506428901
52990,12031.007042188612
52991,839.4689626204614
52992,5028.7953913540805
52993,1026.1263428866193
52994,4687.866508545469
52995,1425.7385239656385
52996,1395.0544400398533
52997,1423.5075740573875
52998,10748.201047636618
52999,6636.146570282535
53000,1023.6933684984983
53001,8161.199497901517
53002,1844.5623088033883
53003,5259.018065228414
53004,4157.556679178091
53005,1115.9206844637097
53006,4456.914818720366
53007,10018.852095081244
53008,6814.6897330159045
53009,3335.0564484229794
53010,3237.632322341449
53011,6577.003443249459
53012,512.3312512484086
53013,17512.26309307803
53014,9097.455607659493
53015,4381.041300935751
53016,676.2316491024324
53017,1635.1369489765593
53018,4267.642006540298
53019,5225.277009135391
53020,1392.9538506165575
53021,774.7129746853632
53022,1928.4468260246813
53023,10212.817733083315
53024,15968.907193435507
53025,7186.819244221325
53026,670.3987278169084
53027,4728.444436945205
53028,5115.086609571706
53029,7615.942943157916
53030,1814.216859539739
53031,566.6013337694851
53032,10069.798448003541
53033,624.9334910971717
53034,817.5059467011876
53035,1013.9412056836721
53036,4691.618300535514
53037,1784.775759577512
53038,8558.639520626597
53039,4727.4044996882585
53040,4214.461418346823
53041,2469.718050703258
53042,881.9527350192981
53043,2890.5965024261136
53044,4729.017240725092
53045,1358.2678218281792
53046,2409.10581595963
53047,5640.776250035713
53048,776.5066981759234
53049,1035.2505168371597
53050,588.6356650007158
53051,1659.449198580615
53052,691.9302947459738
53053,2630.829070883612
53054,662.1446662270057
53055,7044.150903004749
53056,583.9092932538881
53057,1232.2622332682556
53058,3224.1853615134614
53059,1477.470884184003
53060,907.372760507944
53061,14532.222534581
53062,14462.769893856354
53063,2267.6657458983154
53064,2366.8792508365104
53065,14373.134438454403
53066,1388.2822449800603
53067,4059.338636438614
53068,2130.945817477822
53069,6989.325445245451
53070,556.0505832552484
53071,2867.5834582682073
53072,13959.70014799918
53073,860.6885695556305
53074,17628.47342658531
53075,1864.5457465398006
53076,1462.597784839205
53077,1519.7231800271613
53078,1478.1413484010916
53079,9327.203289371048
53080,13003.165979426625
53081,1478.1869004717653
53082,7519.828317569866
53083,1245.1280239042762
53084,1047.4839266402964
53085,2151.669579447233
53086,5127.351250669559
53087,4105.5357813472665
53088,424.50871585824626
53089,583.4714572059448
53090,2017.3384890394857
53091,9492.86787675835
53092,742.3362131632535
53093,1850.5109471259707
53094,1236.0179309194373
53095,972.9936265043796
53096,7562.504254877478
53097,387.9003788983574
53098,1610.3174701965893
53099,5971.570425342835
53100,8056.714746387508
53101,809.3434692057839
53102,3333.403756167014
53103,1445.336700752941
53104,7201.753229164112
53105,1328.8768618429272
53106,5337.96604844974
53107,919.4867539213853
53108,2125.6180169963764
53109,13909.05015793756
53110,1963.5725790927181
53111,1201.7233309834205
53112,1266.7375151973938
53113,701.2082379211159
53114,2496.463330772625
53115,506.3447850026859
53116,1783.8216868524394
53117,715.594069772445
53118,4475.368137671658
53119,915.9584669068562
53120,4027.371978555726
53121,1367.528955618149
53122,2369.923841851477
53123,4501.900581706903
53124,667.3479710579255
53125,705.4339990482515
53126,6131.880883614413
53127,822.9941254955768
53128,4302.918742467406
53129,10939.184908979278
53130,13663.694155315938
53131,538.5428870667042
53132,8894.366415740746
53133,1688.8205941565548
53134,747.135160145239
53135,1394.177043726585
53136,5333.7155626198355
53137,2488.291117217283
53138,5612.280150871137
53139,1872.5610899928397
53140,3680.3491788538327
53141,982.8400611348022
53142,7810.620675945546
53143,634.2849731502534
53144,661.8861100652183
53145,8587.396616888927
53146,7620.008789304315
53147,6252.888486539347
53148,2600.468005865062
53149,1262.090562063181
53150,640.0218064692492
53151,3503.802817628794
53152,915.1377362966319
53153,4649.931076630233
53154,4249.28957725575
53155,1047.2980294780127
53156,9071.831382688026
53157,4695.2139186148615
53158,600.9212006308769
53159,1407.6747185590243
53160,14002.249257427842
53161,901.0381675623049
53162,5094.7180274129505
53163,781.0975950977547
53164,14155.913705802039
53165,5498.536480682368
53166,2066.805944486122
53167,611.9010722369904
53168,4203.473003820869
53169,830.2631773343559
53170,2016.0764660216685
53171,1117.0838273414993
53172,1647.6259819736115
53173,4116.513133730083
53174,8770.074406304695
53175,1102.9654061963388
53176,924.0202960896344
53177,10445.548278173974
53178,8286.513389000094
53179,6273.953872893205
53180,11956.524834080736
53181,488.20271870999926
53182,997.1710123158567
53183,8465.195200008646
53184,2585.5513815712507
53185,14183.433513242804
53186,1832.049885225195
53187,1116.7374245485132
53188,562.8820884956378
53189,982.4901742133255
53190,742.7014926918465
53191,2959.711031230992
53192,4194.765127396208
53193,1285.2973549157753
53194,1977.6231261502082
53195,2188.00542364108
53196,5164.344579752322
53197,4860.742656129029
53198,5623.971345625257
53199,2322.0869276844255
53200,2510.8692681360885
53201,8075.756695796778
53202,3591.401301089123
53203,895.3328118761257
53204,16077.457000480117
53205,1994.9536551237095
53206,821.6782904417094
53207,1601.9967033571695
53208,4241.725713555422
53209,1781.7448869926473
53210,819.8928022664365
53211,1882.2211652841315
53212,996.1991088075024
53213,4101.011076258879
53214,2373.013686407573
53215,2775.686667807832
53216,4699.739212052603
53217,506.7301153963427
53218,1253.4038826531346
53219,5144.495623771977
53220,1785.9324905427343
53221,1944.0426761948404
53222,11521.336314948589
53223,15618.381341396658
53224,1945.2533122105858
53225,1716.2604483755963
53226,3691.9099300161056
53227,1044.1069816267564
53228,2713.991418546611
53229,7152.583258150961
53230,897.525275710438
53231,2531.222133033937
53232,1177.1058610849502
53233,2856.872968914484
53234,10558.11567681087
53235,7446.008628559969
53236,1468.425516371486
53237,4605.613201611506
53238,10292.220898985082
53239,591.829699769003
53240,2390.351469969212
53241,686.9828010336256
53242,3095.4912959030157
53243,917.8386625380405
53244,2545.3184261147444
53245,1060.816311380294
53246,14120.233633548207
53247,3294.4768232230144
53248,3996.5750183861765
53249,1551.85325808966
53250,2609.9377366756394
53251,11143.946310849933
53252,3664.869887230894
53253,845.7548217855768
53254,4483.50103429972
53255,11177.688222483086
53256,4065.3848073648824
53257,821.1769626547991
53258,2585.366482967252
53259,1701.624815080219
53260,3265.694757433787
53261,6567.526943090225
53262,7472.144854654164
53263,880.1006910841697
53264,895.8655364643145
53265,886.7663310253412
53266,6827.009989515028
53267,510.01371822447925
53268,1438.2792680850243
53269,8906.73870700248
53270,886.8693604383446
53271,3871.5404878800205
53272,826.8324581351135
53273,8801.810917599832
53274,2765.5794091791186
53275,9329.361332038561
53276,8336.242868314695
53277,4789.1267495549155
53278,4701.74416921888
53279,2147.2910005565586
53280,15946.571757424214
53281,939.914718619667
53282,562.6862761380091
53283,1485.1827211580696
53284,610.2337196653978
53285,1025.7958232254255
53286,17418.864368387254
53287,7884.300985006968
53288,6882.818885284483
53289,3674.7273352198727
53290,3104.10674786933
53291,15793.976198960128
53292,1486.6741509828769
53293,1754.9807731043184
53294,3743.192910536874
53295,3271.218104385163
53296,357.6489705679881
53297,3092.887057346003
53298,11264.417627967116
53299,931.5607677664455
53300,2643.1529476400415
53301,5127.890192781745
53302,708.2453916700096
53303,953.7176632475315
53304,832.1339562570382
53305,1634.2659028245794
53306,1863.2663765388183
53307,5318.164700812869
53308,2448.5136776485633
53309,9401.016850949569
53310,773.5657058275387
53311,17271.567518984342
53312,2652.610547961996
53313,953.9662131881232
53314,950.3928618898041
53315,2373.2029482879248
53316,3246.2576074012272
53317,3769.1904166674544
53318,1874.3269045523339
53319,4673.017917618112
53320,878.398928045569
53321,1040.0351212545977
53322,2572.280591983849
53323,912.0452254173784
53324,2208.9102627616858
53325,7372.6598114641865
53326,6992.873691377659
53327,10851.16722709763
53328,897.1623600277838
53329,12292.319610567349
53330,15241.414782554351
53331,7143.018893720764
53332,13617.021889194517
53333,876.7008093912257
53334,6276.453780000094
53335,747.0086574146346
53336,4392.9140419372525
53337,587.3245839120374
53338,2776.822212830662
53339,15000.431291991126
53340,8583.71899540464
53341,4989.246678846252
53342,2384.6837126505525
53343,8834.94137475201
53344,612.6520715070757
53345,7046.015018076676
53346,9904.019129138913
53347,448.98602909957805
53348,13907.077402016852
53349,819.842364629512
53350,8070.855155378387
53351,4561.659512642098
53352,12276.404051027585
53353,3414.3973027577504
53354,452.70536884039586
53355,11648.31157574888
53356,2077.985053516312
53357,4077.354885916751
53358,4467.9479320136215
53359,1474.8898770293906
53360,573.2903326727616
53361,1751.6848248757312
53362,4462.379940687005
53363,3199.336591587166
53364,2607.535469030808
53365,1833.1798914120463
53366,1770.6780268598181
53367,3096.1997919326323
53368,839.2337402630294
53369,785.0982300495587
53370,395.83063121464863
53371,2075.9560418772908
53372,13918.646144131953
53373,7319.957867610278
53374,2756.1204928522316
53375,628.1396838691278
53376,4443.374906138438
53377,1745.8852086303414
53378,747.3601394325881
53379,1085.7971148448805
53380,684.4045869968724
53381,2756.6369547130766
53382,2117.5428697905354
53383,1034.965553839081
53384,4340.684801322627
53385,726.516565208177
53386,929.7475572455703
53387,871.7319682719667
53388,1126.6967803750151
53389,4739.632032041666
53390,11405.210240114455
53391,1567.734185343894
53392,677.8661802314488
53393,3797.0005579936924
53394,18065.07638838382
53395,2321.7626771082882
53396,848.8689584476303
53397,6052.009438500268
53398,2121.0205457019915
53399,1429.9598533109895
53400,11958.33912965207
53401,431.8240917611893
53402,1773.5780157644308
53403,484.7130938558544
53404,3513.726282867597
53405,2176.946993718194
53406,1504.7062576715907
53407,1030.9213182044775
53408,7116.139665063401
53409,692.1844848651206
53410,8215.301475728838
53411,802.6022359911234
53412,1287.350094631278
53413,1029.6780365944069
53414,8203.283878506718
53415,1455.1510794552205
53416,3551.9210698131074
53417,13853.934192488807
53418,2533.0592053642845
53419,4166.619138062938
53420,610.3929783517923
53421,1265.9657912481382
53422,2463.5595255739686
53423,2358.784341742391
53424,524.0076398186558
53425,922.7906839646135
53426,8805.499419980139
53427,710.2018695904574
53428,364.9076815424683
53429,1780.347098516345
53430,2608.2261891802955
53431,2515.946434063169
53432,8855.61527521989
53433,1419.5277476483893
53434,4691.047771830197
53435,6585.05071395856
53436,1960.8974212694866
53437,5349.178663973291
53438,4926.020113027092
53439,600.7948000088645
53440,12756.116778414893
53441,9964.754166348579
53442,582.61251308885
53443,2425.648441648465
53444,1862.6785984173598
53445,1837.693710415939
53446,1049.4128646375743
53447,663.5422363440551
53448,2932.600303920563
53449,694.9889153806713
53450,4786.045531251042
53451,641.3857352466032
53452,3781.048378573548
53453,772.233857694814
53454,1718.0965084349407
53455,17575.405792785343
53456,846.0790538687677
53457,511.5539249864611
53458,1287.6432775022079
53459,1092.607750794366
53460,859.6469495147369
53461,5127.339393327774
53462,622.8802119174316
53463,1625.9285444885527
53464,1027.4157226165116
53465,5178.069089814107
53466,4064.9240406835315
53467,3338.425600435978
53468,15113.122993251907
53469,3418.784540678481
53470,1968.7049194260312
53471,1696.8521580607053
53472,4754.195622450317
53473,4106.1919652475835
53474,4094.179767438083
53475,741.4331759075953
53476,1854.9695056278001
53477,2556.0776931519217
53478,542.9321251725581
53479,644.560606614203
53480,1045.0749811873065
53481,10669.039538750736
53482,14878.797125343284
53483,2816.0992446247974
53484,5919.849571666741
53485,3033.110794285044
53486,929.2349805534952
53487,8537.652930325026
53488,1018.5085607113846
53489,2409.6643464233557
53490,8905.440611243503
53491,4257.258523281748
53492,860.683672897056
53493,385.16511222304246
53494,963.8896441648873
53495,524.7245067622132
53496,5037.354200591604
53497,7658.1101800760325
53498,518.4067396838075
53499,2864.5765262285654
53500,12330.852667940979
53501,6682.914606946863
53502,1040.6432199614744
53503,3948.967365946257
53504,3415.6601682200962
53505,885.4276115652954
53506,1772.5160696000921
53507,980.4039828349593
53508,1122.908537248781
53509,2797.465867562866
53510,590.4423782024094
53511,4091.479958176144
53512,4083.3186991048046
53513,10462.80100828494
53514,1032.717688550602
53515,4359.2193439397715
53516,1036.3597361805776
53517,6486.1140145571
53518,441.9249077675525
53519,4434.463974678098
53520,803.1191111031811
53521,574.2608709518506
53522,7481.547448080102
53523,1228.3685292207306
53524,1428.7915388652095
53525,10896.873995833455
53526,851.144670005922
53527,771.6719258856564
53528,516.7582931704912
53529,4152.539268914713
53530,1140.5771366324605
53531,5941.475434639841
53532,3821.6804584848783
53533,3479.4041547037223
53534,5165.823488995388
53535,4357.711630350522
53536,4206.316499813431
53537,7160.966721620833
53538,4517.008605482762
53539,1402.0661675436697
53540,1146.7536703691517
53541,780.5233499895193
53542,7707.5324841376305
53543,3792.348337930856
53544,1910.8243157702539
53545,2868.199090472705
53546,4040.613292212968
53547,5274.255000788271
53548,11646.57881976039
53549,4094.8183383096866
53550,10548.90927602853
53551,6024.9412152587065
53552,3727.3134760144435
53553,799.3358121081336
53554,1971.9805618682879
53555,1261.764223111256
53556,4037.45553220991
53557,2147.314377874638
53558,2810.464756188006
53559,3312.5639662277454
53560,1161.7743840619635
53561,6773.255882236752
53562,11551.799933408143
53563,704.1012150326818
53564,601.9637357690481
53565,15688.96261295913
53566,833.849519672375
53567,495.4781353126032
53568,1479.010941315978
53569,2713.276723402339
53570,1601.8371606011542
53571,10090.128725856035
53572,5772.516677319111
53573,12526.332632136624
53574,2767.451862573081
53575,3306.72489706603
53576,12233.054394797586
53577,1984.2126539323394
53578,2601.529277324756
53579,813.2220494880257
53580,10026.86540672701
53581,5934.053441191776
53582,1302.0740436815936
53583,3658.446755808169
53584,8793.046881220082
53585,2644.719983790816
53586,2698.0240671485453
53587,675.3306866330133
53588,917.0856900108241
53589,533.3924263371686
53590,1948.3379910099566
53591,3066.2172137463076
53592,11428.690118636974
53593,2341.637214887479
53594,795.8029303211748
53595,6268.635733580562
53596,897.5739500830983
53597,5872.556937742818
53598,5164.859437363608
53599,1469.6628329572834
53600,5087.808994719826
53601,3616.615501955882
53602,885.259631394201
53603,2418.104221183495
53604,990.0717626480568
53605,1497.1099836841836
53606,819.8010939818048
53607,3893.0843252374266
53608,12674.384946836315
53609,686.4540950032317
53610,761.7046797013851
53611,849.8627735273151
53612,4958.5253557406595
53613,1776.383653512
53614,7774.566610961948
53615,1360.8962076408009
53616,615.7460198032512
53617,4313.522618953577
53618,679.8321539176125
53619,4493.191191645984
53620,5210.715267347567
53621,6003.816709147504
53622,645.5346538529195
53623,1351.937187663845
53624,5350.333805521237
53625,696.2395497769942
53626,443.9551517315324
53627,831.056382647041
53628,2233.8742133710793
53629,2874.675679214191
53630,849.759436750051
53631,4856.252685774995
53632,5237.35078996083
53633,5720.643814636755
53634,6397.304707131657
53635,4487.688378807672
53636,1924.1056565281178
53637,405.888490027299
53638,1830.81378398194
53639,1716.0915785288491
53640,1279.3097021936198
53641,1080.9792813163706
53642,6306.4535269117805
53643,7042.9937998452615
53644,10514.154629079929
53645,2403.563289358195
53646,797.5197594599189
53647,1364.4659829504974
53648,3499.5800339158845
53649,11877.220254430882
53650,4434.170861767998
53651,4475.950791602367
53652,5292.473502912572
53653,4887.183814889329
53654,1620.3554429169885
53655,1690.3676819926068
53656,16490.749214360094
53657,1671.4588277303903
53658,3150.1711845020877
53659,6388.1004363605425
53660,8705.49318095488
53661,3816.8104992504873
53662,7441.080671170603
53663,1650.3263818622177
53664,5266.535852221143
53665,3724.690680254278
53666,750.4381966649739
53667,4390.378175695865
53668,2470.39427451653
53669,931.0377272983847
53670,16566.828906547078
53671,3322.9183798229674
53672,2892.5864014943004
53673,420.0359628570565
53674,3262.6668603889143
53675,943.7384298490633
53676,839.8048181107223
53677,600.8590989998241
53678,1864.8673657005868
53679,2857.8826754782876
53680,12700.844792438085
53681,2056.011349443562
53682,1474.3404787933096
53683,5124.788385345565
53684,4788.681773928958
53685,4791.94724803461
53686,6032.009540322351
53687,4070.793228118143
53688,5738.007892175855
53689,428.21150328849785
53690,696.4592007815163
53691,4515.765731292783
53692,1274.6713144756548
53693,16394.30874530981
53694,649.1179631684308
53695,898.2043839281995
53696,1217.5412074632536
53697,1698.1970723756447
53698,7905.049687730079
53699,2103.1470062464227
53700,779.2464245867336
53701,492.4525098509055
53702,3394.506963248407
53703,4221.286223254434
53704,739.5755783735417
53705,7156.3985338186485
53706,2414.1102188796317
53707,2835.994635044454
53708,4243.295400829784
53709,701.9566627222298
53710,1920.352716353816
53711,13359.697308985633
53712,6199.173151891601
53713,1628.9441291954872
53714,858.8538038626224
53715,6974.946938078046
53716,1475.4155805484509
53717,673.4941258666466
53718,4676.241242679545
53719,605.968604744291
53720,5157.743129867827
53721,1296.8200815625823
53722,597.0189965187454
53723,824.881838991522
53724,4810.184825831098
53725,5109.299946420025
53726,524.5814043760467
53727,4213.352464189393
53728,432.8530426943258
53729,1782.9940357565918
53730,560.3262098434141
53731,4446.630546065734
53732,938.6213135916953
53733,1457.0880288186627
53734,5546.9089190999475
53735,4131.491602346193
53736,4012.6377648983125
53737,6564.91551369001
53738,766.8211953274688
53739,1865.0838496259491
53740,4780.241647077418
53741,556.9378893123566
53742,672.1107095190478
53743,7105.696952801269
53744,679.481813989458
53745,675.823910055569
53746,5606.437473974892
53747,6706.077182345433
53748,609.2031754489515
53749,8674.665636896949
53750,1410.2218845834202
53751,3426.61009497625
53752,16019.011810568189
53753,558.3185701423148
53754,718.3405742652801
53755,1345.2351856355288
53756,11462.149725076379
53757,2102.290524908393
53758,929.7904920896281
53759,1039.8353324535572
53760,2712.780044221955
53761,4353.972095635247
53762,2452.591497627065
53763,1962.7886152511571
53764,968.562689138234
53765,5419.933194591282
53766,7168.616266273727
53767,1580.3599058757106
53768,652.4590178327683
53769,2557.2997972810745
53770,3750.8141792988326
53771,15336.659944267529
53772,1747.3416281013585
53773,5726.701720652495
53774,2635.2932330957647
53775,13929.354849071786
53776,403.03053347348606
53777,3178.2057096247036
53778,425.9500003113434
53779,5121.0700758287785
53780,765.8576328288325
53781,1020.1919457951585
53782,3906.2598485195863
53783,809.3997946973217
53784,909.2154408639558
53785,1019.0361011014128
53786,2371.9949390431834
53787,1417.1624079687344
53788,5081.136171552461
53789,13925.045623045607
53790,604.061312077922
53791,2959.7006797614968
53792,2504.3966065145414
53793,8779.058136324238
53794,4138.276302992766
53795,15149.966301055736
53796,2043.7919558335536
53797,5503.608090739175
53798,723.5784341996409
53799,726.5481350257256
53800,5583.392116423252
53801,5329.865619491817
53802,4097.917223377301
53803,863.0972214762172
53804,571.389997420053
53805,739.7709804950279
53806,8084.503381518679
53807,3342.6291279719103
53808,2576.0319632381256
53809,3040.9518591659566
53810,622.5025979847793
53811,13782.67078403309
53812,1146.9376584058712
53813,1729.9325964004217
53814,6044.041006534284
53815,9983.837540398916
53816,1615.2407404039463
53817,917.980862668069
53818,3008.652344301903
53819,940.9997019440599
53820,6968.8533366164
53821,5021.373414458911
53822,939.8272608473806
53823,7657.827464827896
53824,3798.6252831710135
53825,1675.5210458062368
53826,2704.4631991257884
53827,3398.880369896443
53828,791.3555627125494
53829,4956.9582884940355
53830,4065.309281788198
53831,748.6012587751414
53832,1026.6333017228335
53833,2392.6424921174566
53834,1568.8085228236675
53835,2729.1111107322713
53836,3767.062062402294
53837,991.9872070421941
53838,4580.820942615659
53839,910.4705338781591
53840,5404.830703315302
53841,2458.0862645847146
53842,823.4475161503549
53843,11239.01160527843
53844,1469.8198499922764
53845,559.3887988553898
53846,1236.1075826864667
53847,7715.248982791113
53848,2504.8910162263305
53849,9229.82123066695
53850,14976.591747982133
53851,17643.392166764002
53852,662.67667904682
53853,1308.0496578781358
53854,786.4003312068417
53855,814.8765735136396
53856,1072.006976609644
53857,1116.262949010894
53858,4997.040407641552
53859,14518.106874143361
53860,12704.02663591973
53861,7988.728394889095
53862,10679.901083215591
53863,14156.72366977906
53864,6073.051269233541
53865,623.9921748630017
53866,8735.890316166462
53867,1359.5865984006336
53868,564.4855516940083
53869,648.5025091905849
53870,1931.3194396019821
53871,5362.9830310568395
53872,998.2316102565117
53873,3982.440055725535
53874,578.0999814480512
53875,3265.02407757452
53876,11446.997432520999
53877,712.0821114648941
53878,7270.352405626023
53879,2110.5781529361775
53880,612.2651998903231
53881,5303.047460761417
53882,662.5781848998347
53883,12947.510599216355
53884,1741.7411514508863
53885,1145.9080534768984
53886,3998.071696252282
53887,13773.25890888689
53888,4018.3971276834086
53889,553.7694571503812
53890,3510.278626811341
53891,5884.597284536955
53892,4754.983650072683
53893,10405.01073605979
53894,6863.829638476125
53895,1246.6099170057175
53896,1642.292038509237
53897,8176.280700217915
53898,6106.461653011245
53899,1157.0661980274588
53900,13321.378925651135
53901,513.6326177790964
53902,500.1853928550091
53903,623.2672492497808
53904,978.8785204667411
53905,873.954614918734
53906,782.9861925506606
53907,4736.543934587973
53908,2304.7575448859147
53909,706.6493504237534
53910,852.3131762166962
53911,761.8090120127428
53912,1208.0683460804858
53913,17053.01877738515
53914,1210.9468714184045
53915,1194.8600722834271
53916,8433.46733563165
53917,4103.902100805773
53918,6719.385858540061
53919,779.974085193717
53920,5838.737773969038
53921,4561.85381656123
53922,408.6792235341604
53923,517.6074102648065
53924,1006.9496314979672
53925,6460.585287868268
53926,1110.1863142534608
53927,12283.718406729755
53928,1022.5331415143797
53929,1043.051718885656
53930,9355.079829736731
53931,1895.3957133083493
53932,716.3850917188211
53933,7342.722818981157
53934,939.4706689141826
53935,755.0725753257994
53936,3747.2980045582804
53937,10962.410621439478
53938,928.1566188064933
53939,4545.107446395964
