id,target,current,native_cat,exponential_gb,blend_native_cat,blend_exponential_gb
1,0,0.0003038471955569,0.0004488109568653609,2.084621320627562e-05,0.0003763290762111304,0.00016234670438158781
3,0,0.0003086245191679,0.0002646256738558972,2.9857180711155064e-05,0.0002866250965118986,0.00016924084993952753
4,0,0.0006644191086341,0.000492490204636397,1.8222344734164025e-05,0.0005784546566352485,0.00034132072668413197
5,0,0.0008301761762794,0.0006330050502898292,5.38194938377958e-05,0.0007315906132846146,0.0004419978350585979
7,0,0.0002451127104784,0.00022272259754170176,1.5734498902289695e-05,0.00023391765401005086,0.00013042360469034484
8,0,0.0004195305635948,0.00047248585061310846,2.3854079300121166e-05,0.00044600820710395423,0.0002216923214474606
9,0,0.0008777612227161,0.0006639313705647845,0.0007546726173132154,0.0007708462966404422,0.0008162169200146577
11,0,0.0004780681755256,0.0005219178483927707,3.37514487454508e-05,0.0004999930119591854,0.0002559098121355254
12,0,0.0006685804562433,0.0007234188284898544,1.6537938475227652e-05,0.0006959996423665771,0.0003425591973592638
13,0,0.0019592298629734,0.0012569472297528934,0.00016895290029864956,0.0016080885463631467,0.0010640913816360247
14,0,0.0004310183912317,0.00030368868990005097,1.2936045315080813e-05,0.0003673535405658755,0.0002219772182733904
16,0,0.0003155139696542,0.00037218003412793784,3.467790436161797e-05,0.0003438470018910689,0.00017509593700790898
17,0,0.0020858369780318,0.0009119744036191799,0.0004101934187664767,0.00149890569082549,0.0012480151983991382
18,0,0.0010086042236754,0.0008787286682553164,0.00014238759469364364,0.0009436664459653582,0.0005754959091845218
19,0,0.0020995497276017,0.0012558153660518082,0.0010203117332499817,0.001677682546826754,0.0015599307304258406
21,0,0.0016199276594066,0.0014731254004984153,5.38194938377958e-05,0.0015465265299525075,0.0008368735766221979
22,0,0.0005616450797682,0.0009184970614193508,1.9029926975777212e-05,0.0007400710705937754,0.0002903375033719886
23,0,0.0006104398412915,0.000547461640929439,0.00012925943205440007,0.0005789507411104695,0.00036984963667295004
24,0,0.0004702521019873,0.001369282069915793,0.00017296298155895545,0.0009197670859515466,0.00032160754177312773
25,0,0.0002475703049363,0.0006742858642678616,1.8275023942121967e-05,0.00046092808460208086,0.000132922664439211
27,0,0.0005450868804957,0.0013331458365268166,3.4683965808889535e-05,0.0009391163585112583,0.00028988542315229476
28,0,0.0006684360143005,0.0011733397679281649,0.0001803435033683049,0.0009208878911143325,0.0004243897588344025
29,0,0.0010174953906945,0.001728310497510752,2.6568468570478534e-05,0.001372902944102626,0.0005220319296324892
30,0,0.0004920692336016,0.0007350381387876721,1.2936045315080813e-05,0.000613553686194636,0.00025250263945834043
32,0,0.0005894686353353,0.0021861197152890505,0.00020436162291188076,0.0013877941753121753,0.00039691512912359036
33,0,0.0010845747850426,0.0013795791910257936,0.00021558477771413729,0.001232076988034197,0.0006500797813783686
34,0,0.000506804799119,0.0006979013989916237,1.6185078846110246e-05,0.0006023530990553118,0.00026149493898255515
35,0,0.0002815371860039,0.0007017679943295159,1.5734498902289695e-05,0.000491652590166708,0.00014863584245309485
36,0,0.0005346256257683,0.0006688413014386235,1.9133219226061395e-05,0.0006017334636034617,0.0002768794224971807
37,0,0.0004341305121627,0.0007374972299755538,2.5514080975827643e-05,0.0005858138710691269,0.00022982229656926383
38,0,0.0009650927767363,0.0010592014334829744,3.727876264396563e-05,0.0010121471051096373,0.0005011857696901328
39,0,0.0018270904028323,0.00126545749438929,0.0002063031708569815,0.0015462739486107949,0.0010166967868446408
40,0,0.0019287701291542,0.001711686634025875,0.0006369209503345723,0.0018202283815900375,0.0012828455397443862
41,0,0.0020278199698025,0.001859189403942165,0.00033574873242058726,0.0019435046868723324,0.0011817843511115437
42,0,0.0021373269785265,0.0017137841132529345,0.00015821697969360275,0.0019255555458897173,0.0011477719791100514
43,0,0.0023771497780594,0.0016380534867425503,0.0009822836754769472,0.0020076016324009753,0.0016797167267681738
44,0,0.0021911794931862,0.0017637406313494944,0.00020035198389162337,0.001977460062267847,0.0011957657385389116
45,0,0.0005934703255157,0.0008594253687467032,1.9133219226061395e-05,0.0007264478471312016,0.0003063017723708807
46,0,0.0007258787169312,0.002226616074824359,8.604819746706175e-05,0.0014762473958777793,0.00040596345719913084
47,0,0.0010383405649822,0.001595569902202201,0.0007546726173132154,0.0013169552335922006,0.0008965065911477076
48,0,0.0009827640928655,0.0014780479178257604,0.00011678316243505088,0.00123040600534563,0.0005497736276502754
49,0,0.0009445917342922,0.0017009133756462355,1.9550351596311738e-05,0.0013227525549692177,0.0004820710429442559
50,0,0.0009607899513255,0.0016643427164747438,5.065646077187039e-05,0.0013125663339001218,0.0005057232060486852
51,1,0.9512603505906034,0.9653747113046697,0.9856679061104275,0.9583175309476366,0.9684641283505155
52,0,0.0011175353236605,0.0027906093897544686,0.0005409884044073748,0.001954072356707484,0.0008292618640339375
53,0,0.0004090103793296,0.0006626205654790564,2.2956853599533354e-05,0.0005358154724043281,0.00021598361646456667
54,0,0.0005044077691338,0.0008221390614434773,5.3110879225978195e-05,0.0006632734152886386,0.00027875932417988905
55,0,0.0006839281242298,0.0007080804865842775,1.4681951523862876e-05,0.0006960043054070387,0.00034930503787683145
56,0,0.0005235648703088,0.0011443714159651086,1.21139188570185e-05,0.0008339681431369544,0.00026783939458290923
57,0,0.0005659943447021,0.0013616650450228598,1.21139188570185e-05,0.0009638296948624799,0.00028905413177955923
59,0,0.0019359983507515,0.0017866401706810684,5.2683568701100254e-05,0.0018613192607162842,0.0009943409597263002
60,0,0.0019975989878811,0.0028121594607444186,0.0003746338363400742,0.0024048792243127593,0.001186116412110587
61,0,0.0015108739685954,0.002191656121982247,0.00014515951953923724,0.0018512650452888234,0.0008280167440673187
64,0,0.0014464777373097,0.0017858789898268367,0.0003409585945891322,0.0016161783635682684,0.0008937181659494162
65,0,0.0008603250574765,0.0010904826656822325,7.468850657390115e-05,0.0009754038615793662,0.0004675067820252006
66,0,0.0013765175632627,0.0023414570896897286,0.00015863209018463894,0.0018589873264762144,0.0007675748267236695
67,0,0.0007734118551563,0.0009399452407546698,4.501535850060698e-05,0.0008566785479554848,0.0004092136068284535
69,0,0.0010363512692448,0.001238221178605439,7.468850657390115e-05,0.0011372862239251197,0.0005555198879093506
70,1,0.9908824611512844,0.9924289029427381,0.9999911051807,0.9916556820470113,0.9954367831659923
71,0,0.0020268260229739,0.002050629390630392,0.0002016281835136607,0.002038727706802146,0.0011142271032437802
72,0,0.0008359824396544,0.0016336968719542124,7.468850657390115e-05,0.0012348396558043062,0.0004553354731141506
74,0,0.0010720849940537,0.0021743447079421788,5.3110879225978195e-05,0.0016232148509979394,0.0005625979366398391
75,0,0.0071902215894002,0.0068168264219483085,0.0005586983775919353,0.007003524005674254,0.0038744599834960674
76,0,0.049037649720169,0.014476788675262484,0.013541579722125566,0.03175721919771574,0.03128961472114729
79,0,0.0010981158535867,0.0014031855682670909,0.00015500955468169544,0.0012506507109268953,0.0006265627041341978
80,0,0.0011336333800529,0.000689454508166812,0.00016030781462012743,0.000911543944109856,0.0006469705973365137
81,0,0.0006644175685494,0.0004662126229894427,1.8222344734164025e-05,0.0005653150957694213,0.000341319956641782
82,0,0.0005401138677827,0.0005938034466309244,1.8222344734164025e-05,0.0005669586572068122,0.000279168106258432
83,0,0.0010879965534691,0.00046450724069500653,1.8222344734164025e-05,0.0007762518970820532,0.000553109449101632
84,0,0.000462950848974,0.0005888713710412617,2.3854079300121166e-05,0.0005259111100076308,0.00024340246413706058
85,0,0.0039934542254353,0.0014243500543506256,0.00012738665133318585,0.0027089021398929627,0.002060420438384243
86,0,0.0008081969194906,0.0005449184573578467,0.00029995501813733844,0.0006765576884242234,0.0005540759688139693
88,0,0.0004589584844304,0.0005535847652841224,1.2936045315080813e-05,0.0005062716248572612,0.0002359472648727404
89,0,0.0016296827302645,0.00083296366091178,0.00018237193699002094,0.00123132319558814,0.0009060273336272605
91,0,0.0003806982043351,0.0007592284541483288,0.00017595659124214902,0.0005699633292417143,0.0002783273977886245
92,0,0.0003749089037569,0.0007999301698733054,0.00017595659124214902,0.0005874195368151027,0.0002754327474995245
93,0,0.0007273291265218,0.000847739185830861,0.000291897808443713,0.0007875341561763304,0.0005096134674827565
94,0,0.0004778431127049,0.0005725162418307386,1.6185078846110246e-05,0.0005251796772678193,0.0002470140957755051
95,0,0.0002307146061383,0.00041074901374699423,1.5734498902289695e-05,0.0003207318099426471,0.00012322455252029485
96,0,0.0020349779098431,0.0010754198076024404,0.0004101934187664767,0.0015551988587227702,0.0012225856643047883
97,0,0.0004670084728031,0.00043899050916768555,1.6185078846110246e-05,0.0004529994909853928,0.00024159677582460512
98,0,0.000199246104518,0.0005320166834353728,1.2347509783075827e-05,0.0003656313939766864,0.00010579680715053791
99,0,0.0004712371037377,0.0008876499681473806,2.3854079300121166e-05,0.0006794435359425403,0.00024754559151891057
100,0,0.000488206615424,0.0007015286516663507,1.6185078846110246e-05,0.0005948676335451753,0.0002521958471350551
103,0,0.0003221563037553,0.00042579146270439196,2.084621320627562e-05,0.00037397388322984597,0.0001715012584807878
104,0,0.0006867036182512,0.0005075653747743542,1.6185078846110246e-05,0.0005971344965127771,0.0003514443485486551
108,0,0.0005298698555634,0.0006261806875641986,1.6185078846110246e-05,0.0005780252715637992,0.00027302746720475515
109,0,0.000449751110094,0.0004364908858092984,1.2936045315080813e-05,0.00044312099795164924,0.0002313435777045404
110,0,0.0003198450578373,0.0010121685192541238,1.5734498902289695e-05,0.0006660067885457119,0.00016778977836979486
111,0,0.0013460315494588,0.0015719858321490037,0.000124037831424335,0.0014590086908039018,0.0007350346904415675
112,0,0.0005366160528922,0.0006668763706466715,1.2936045315080813e-05,0.0006017462117694358,0.00027477604910364044
113,0,0.00053924005096,0.0010593571871201995,2.3854079300121166e-05,0.0007992986190400997,0.00028154706513006057
116,0,0.0005233142762884,0.0011365554840837178,0.0001620494088408257,0.0008299348801860589,0.00034268184256461287
118,0,0.0003393498050613,0.0006624844853223583,2.084621320627562e-05,0.0005009171451918292,0.0001800980091337878
119,0,0.0005114464783218,0.0003498338004533494,3.9461085152587944e-05,0.00043064013938757465,0.00027545378173719396
120,0,0.0005233173896573,0.0007322822174774054,4.112366575086379e-05,0.0006277998035673527,0.0002822205277040819
123,0,0.0021240541756494,0.0018767707009345474,0.00015821697969360275,0.002000412438291974,0.0011411355776715015
124,0,0.0004931812080035,0.0008211504316276807,1.4681951523862876e-05,0.0006571658198155903,0.00025393157976368145
125,0,0.0004041244204589,0.0008582941273404644,1.0614914271069363e-05,0.0006312092738996822,0.0002073696673649847
126,0,0.0005106909055835,0.0011347995007581339,0.00012674909970991196,0.0008227452031708169,0.00031872000264670597
127,0,0.0036649818701822,0.004643387150477434,0.0006357635227951995,0.004154184510329817,0.0021503726964887
128,0,0.0005037664032115,0.0010076583493227329,0.00011811552311908829,0.0007557123762671164,0.00031094096316529416
129,0,0.0004963447363656,0.0006189483526687672,1.4681951523862876e-05,0.0005576465445171836,0.00025551334394473144
131,0,0.0005267463300036,0.0015068813999305046,2.7342221303959137e-05,0.0010168138649670523,0.0002770442756537796
132,0,0.0006762059308988,0.0016528780975476017,0.0004654912927114452,0.001164542014223201,0.0005708486118051226
133,0,0.0009139059589925,0.0007805451140998033,2.5006969302819223e-05,0.0008472255365461516,0.00046945646414765964
134,0,0.0009128435493552,0.0011601740204131364,1.9550351596311738e-05,0.0010365087848841683,0.0004661969504757559
136,0,0.0005759973746802,0.0004213287965995814,1.4756889968068784e-05,0.0004986630856398907,0.0002953771323241344
139,0,0.0004671309583809,0.0006084807118811779,4.5651339517336026e-05,0.0005378058351310389,0.00025639114894911803
140,0,0.0025662685822355,0.0030372601069017856,0.0007611445733612853,0.0028017643445686427,0.0016637065777983925
141,0,0.0005003399344262,0.0015458122889867765,6.33616509433586e-05,0.0010230761117064882,0.0002818507926847793
142,0,0.00048136557247,0.0013924129687443959,6.33616509433586e-05,0.0009368892706071979,0.0002723636117066793
143,0,0.001447348176346,0.001648405547703875,0.00010323976912010198,0.0015478768620249377,0.000775293972733051
144,0,0.0009692330589429,0.0010480613571047378,0.0001709012947726379,0.001008647208023819,0.0005700671768577689
146,0,0.0006521717398795,0.0009309537506202906,5.3110879225978195e-05,0.0007915627452498953,0.00035264130955273913
148,0,0.0007221224264173,0.0009749758524217956,1.21139188570185e-05,0.0008485491394195478,0.0003671181726371592
149,0,0.0015557847890783,0.0018543373834900723,0.0005051326152624552,0.0017050610862841863,0.0010304587021703776
150,0,0.0010013868063802,0.0012335384186565417,5.3110879225978195e-05,0.0011174626125183707,0.0005272488428030891
151,0,0.001246082414035,0.001793175485074286,0.00020428506980516072,0.0015196289495546431,0.0007251837419200804
153,0,0.0003329764649574,0.001171108012558398,3.3047541242671345e-05,0.000752042238757899,0.0001830120031000357
154,0,0.002398928508152,0.004281520747202568,0.00014511905854024243,0.0033402246276772836,0.0012720237833461212
155,0,0.00081016988141,0.0018471954821685343,1.21139188570185e-05,0.0013286826817892673,0.00041114190013350925
156,0,0.0084477201837778,0.0026549532454663446,0.0001556295338552766,0.005551336714622073,0.004301674858816539
157,0,0.0083783928324957,0.004928841701780701,0.011644275876797228,0.0066536172671382,0.010011334354646463
158,0,0.021232107305116,0.0359743192994636,0.007177809460752947,0.0286032133022898,0.014204958382934472
159,0,0.015452759539609,0.01438251891412444,0.002518542036250775,0.01491763922686672,0.008985650787929888
160,0,0.0277732890082212,0.02761749086827745,0.0043695129291338895,0.027695389938249326,0.016071400968677544
161,1,0.9795779350835424,0.992890150375405,0.9994067104300322,0.9862340427294737,0.9894923227567873
162,1,0.911574964905066,0.9920389100869887,0.9962390371892268,0.9518069374960274,0.9539070010471464
163,0,0.0004186342993832,0.00021703963214447542,1.2936045315080813e-05,0.0003178369657638377,0.0002157851723491404
164,0,0.0004389064730157,0.00042367457276508603,1.2936045315080813e-05,0.000431290522890393,0.0002259212591653904
165,0,0.0003024151638725,0.0002999648855382266,9.312288770601301e-05,0.0003011900247053633,0.0001977690257892565
167,0,0.0001915328127734,0.00032017612324848534,1.5734498902289695e-05,0.0002558544680109427,0.00010363365583784485
168,0,0.0003237551016131,0.0004715793781398767,2.084621320627562e-05,0.00039766723987648834,0.00017230065740968782
169,1,0.9485407342520212,0.9770801064578045,0.9833026415083057,0.9628104203549128,0.9659216878801635
170,0,0.0023359269026601,0.0008508430416810096,0.00025048841318525147,0.0015933849721705548,0.0012932076579226758
171,0,0.0003236814532833,0.0005042355586867813,2.084621320627562e-05,0.0004139585059850406,0.0001722638332447878
173,0,0.0009709368513013,0.0012664730309292652,0.00014132276466343062,0.0011187049411152826,0.0005561298079823653
174,0,0.0004392931448586,0.0003545537385095187,2.3854079300121166e-05,0.0003969234416840593,0.00023157361207936058
175,0,0.0027618963670852,0.0011714284081141486,0.0008337947913234205,0.0019666623875996742,0.0017978455792043103
177,0,0.0002052029217718,0.00033540790859331996,1.5734498902289695e-05,0.00027030541518255997,0.00011046871033704485
178,0,0.0007541804817217,0.0007923692806963791,0.000124037831424335,0.0007732748812090396,0.0004391091565730175
179,0,0.0007219977182005,0.000763464192478759,1.6185078846110246e-05,0.0007427309553396295,0.0003690913985233051
180,0,0.0022011858803601,0.000994917974296661,0.00016895290029864956,0.0015980519273283804,0.0011850693903293747
181,0,0.000538135005017,0.0008110904219370166,3.726093720650917e-05,0.0006746127134770083,0.00028769797111175455
182,0,0.0004983618811647,0.00029139540274482876,3.37514487454508e-05,0.0003948786419547644,0.0002660566649550754
183,0,0.0020720418334352,0.0007988976938842026,0.0004101934187664767,0.0014354697636597012,0.0012411176261008382
184,0,0.0004263402453789,0.0005583645854402246,2.3854079300121166e-05,0.0004923524154095624,0.0002250971623395106
185,0,0.0002959610200564,0.000594964095498875,2.084621320627562e-05,0.0004454625577776375,0.0001584036166313378
186,0,0.0004944500239754,0.0005526939818947104,1.9757495018917642e-05,0.0005235720029350552,0.0002571037594971588
187,0,0.0021855304521748,0.001225314241395055,0.0004101934187664767,0.0017054223467849274,0.0012978619354706384
189,0,0.0004691597424521,0.0009206169829798418,2.3854079300121166e-05,0.0006948883627159709,0.00024650691087611056
190,0,0.0002187925331351,0.000492459021969279,1.5734498902289695e-05,0.0003556257775521895,0.00011726351601869485
192,0,0.0004354326441576,0.00034765856800626316,1.2936045315080813e-05,0.0003915456060819316,0.0002241843447363404
193,0,0.0007627440712817,0.0010001731624556154,0.0001709012947726379,0.0008814586168686577,0.000466822683027169
196,0,0.0005080109291999,0.0011143148714657647,1.815092999475052e-05,0.0008111629003328324,0.0002630809295973253
197,0,0.000416467882002,0.000635202289148193,0.0001234802938141981,0.0005258350855750965,0.00026997408790809907
198,0,0.0004864369428307,0.00048602822542007405,1.6185078846110246e-05,0.000486232584125387,0.0002513110108384051
199,0,0.0005393724690677,0.0011732117689771666,2.3854079300121166e-05,0.0008562921190224333,0.0002816132741839106
200,0,0.0007901589599927,0.0010677977007143194,0.0001326344776601699,0.0009289783303535097,0.000461396718826435
201,0,0.0003070812982976,0.0008699514883118361,1.5734498902289695e-05,0.0005885163933047181,0.00016140789859994486
202,0,0.0005157444803604,0.0007421549958576456,1.6185078846110246e-05,0.0006289497381090228,0.0002659647796032551
203,0,0.0004630262248747,0.000677378358349309,2.2956853599533354e-05,0.0005702022916120044,0.00024299153923711667
204,0,0.0005527891832721,0.0006561024330272271,1.815092999475052e-05,0.0006044458081496636,0.0002854700566334253
205,0,0.0004856629766532,0.00040257448163278183,1.2936045315080813e-05,0.0004441187291429909,0.0002492995109841404
206,0,0.0034615811383013,0.0019342113276083618,0.0004831688388060224,0.0026978962329548307,0.001972374988553661
207,0,0.0003786827912333,0.0010402077624516333,7.428089327933054e-05,0.0007094452768424667,0.00022648184225631526
208,1,0.8015512330682875,0.8786048680009021,0.984423130445677,0.8400780505345948,0.8929871817569822
209,0,0.0006134190415267,0.0013936899502282813,3.3165004956500466e-05,0.0010035544958774906,0.0003232920232416002
211,0,0.0005267924503357,0.0006034497371824741,1.4681951523862876e-05,0.0005651210937590871,0.00027073720092978145
212,0,0.000590235973928,0.0009859324894671573,1.6185078846110246e-05,0.0007880842316975786,0.00030321052638705514
213,0,0.002870848446762,0.0017141888201199088,0.00015902442165714167,0.0022925186334409545,0.0015149364342095708
214,0,0.00123788453014,0.0012287737074001906,7.413986629850761e-05,0.0012333291187700953,0.0006560121982192537
215,0,0.0003893802902384,0.0006516024934937484,2.2956853599533354e-05,0.0005204913918660742,0.00020616857191896668
216,0,0.0005288974210183,0.0008815414879912201,1.9133219226061395e-05,0.0007052194545047601,0.00027401532012218073
217,0,0.0005778983256536,0.0009223665251619894,3.3279669681037564e-05,0.0007501324254077946,0.0003055889976673188
218,0,0.0006984456597166,0.0009951857390372307,1.9133219226061395e-05,0.0008468156993769154,0.00035878943947133073
219,0,0.000639658939617,0.0010544338959201458,1.9133219226061395e-05,0.0008470464177685729,0.0003293960794215307
220,0,0.0011777744923934,0.0011180297225405003,7.451826246677812e-05,0.0011479021074669502,0.0006261463774300891
221,0,0.0014346938566914,0.0036380185452569488,0.0005326050109234056,0.0025363562009741744,0.0009836494338074028
222,0,0.0006348744462537,0.0018161641928841348,0.0001949440492601641,0.0012255193195689173,0.00041490924775693203
223,0,0.0091475080836186,0.0025785494609659506,0.0010099430056810547,0.005863028772292275,0.005078725544649828
224,0,0.000661749139464,0.0020115610326963294,8.331293537538457e-05,0.0013366550860801647,0.0003725310374196923
225,0,0.002412694109265,0.005513345739551796,0.000738896001337808,0.003963019924408398,0.0015757950553014041
226,0,0.0022396524756345,0.0020620104263699614,0.00014515951953923724,0.002150831451002231,0.0011924059975868687
227,0,0.0023996603544427,0.002067309840797307,0.001260751218353262,0.0022334850976200036,0.0018302057863979811
228,0,0.0004929818178947,0.0012963323015210892,6.33616509433586e-05,0.0008946570597078945,0.0002781717344190293
229,0,0.0005790207635727,0.000694777786856409,6.315254348051204e-05,0.0006368992752145545,0.00032108665352660604
230,0,0.0009472282782982,0.0011101907044726623,7.468850657390115e-05,0.001028709491385431,0.0005109583924360506
231,0,0.0005903529784137,0.001363023347041003,6.33616509433586e-05,0.0009766881627273514,0.00032685731467852933
233,0,0.0007193959756489,0.0019248697074005646,0.00014116680116327903,0.0013221328415247322,0.0004302813884060895
234,0,0.0008372058223461,0.0010754049248222304,7.468850657390115e-05,0.0009563053735841652,0.0004559471644600006
235,0,0.0005867822044964,0.0010303542583314149,6.0764111477341345e-05,0.0008085682314139074,0.0003237731579868706
236,0,0.0006235287264081,0.0008918142856286439,2.9743263506417857e-05,0.000757671506018372,0.000326635994957259
238,0,0.0006222848606512,0.0008445571738549901,2.9743263506417857e-05,0.000733421017253095,0.00032601406207880896
239,0,0.0026779223214722,0.0031222103103930583,4.625826708915189e-05,0.002900066315932629,0.001362090294280676
240,0,0.0007410581355903,0.0011948873125718921,5.3110879225978195e-05,0.0009679727240810961,0.0003970845074081391
241,0,0.0031970714442383,0.0016721461489455503,0.0001182898109881597,0.0024346087965919252,0.0016576806276132298
242,0,0.0185969719435257,0.01744560883194478,0.008566277026916844,0.01802129038773524,0.013581624485221272
244,0,0.0470531590247194,0.03127139039889865,0.03136049974409881,0.039162274711809025,0.0392068293844091
245,0,0.013832375900824,0.008742999810168616,0.002846057810705088,0.011287687855496307,0.008339216855764544
247,0,0.0157189946689403,0.03537249037940644,0.01296991787658168,0.02554574252417337,0.01434445627276099
250,1,0.9636521517482208,0.9940215851905131,0.9956451363716008,0.9788368684693669,0.9796486440599108
251,0,0.0004818821431949,0.00032976234751212524,1.8222344734164025e-05,0.0004058222453535126,0.000250052243964532
252,0,0.0003136842939423,0.0004734130888983184,2.084621320627562e-05,0.0003935486914203092,0.00016726525357428783
253,0,0.0004960151575047,0.0003056069818241088,1.8222344734164025e-05,0.0004008110696644044,0.000257118751119432
254,0,0.0022869569329779,0.0009051366409887332,0.0014725319922471618,0.0015960467869833165,0.0018797444626125308
255,0,0.0005230471760431,0.0004520362163898033,1.8222344734164025e-05,0.00048754169621645165,0.000270634760388632
256,0,0.0004257905136175,0.0003651927584382862,2.3854079300121166e-05,0.0003954916360278931,0.00022482229645881058
258,0,0.0005255430751277,0.00020079496658005231,3.9461085152587944e-05,0.0003631690208538762,0.000282502080140144
259,0,0.0002451024300389,0.00033174419729325506,1.5734498902289695e-05,0.00028842331366607754,0.00013041846447059486
260,1,0.9804970697494576,0.9962195626939034,0.9929764303016856,0.9883583162216805,0.9867367500255716
262,0,0.0002572619663841,0.0005327892558056647,2.084621320627562e-05,0.0003950256110948824,0.00013905408979518783
263,0,0.000489489432511,0.00020000987258466906,3.579481976389114e-05,0.0003447496525478345,0.00026264212613744554
265,0,0.0004940631222566,0.0004106919674747917,3.530344799548206e-05,0.00045237754486569587,0.00026468328512604104
267,0,0.000606267906577,0.0004524542752306056,1.6185078846110246e-05,0.0005293610909038028,0.0003112264927115551
268,0,0.0004281269867565,0.0012901002246480102,0.00014132276466343062,0.0008591136057022552,0.0002847248757099653
270,0,0.0004517438695297,0.00044966031071424047,2.3854079300121166e-05,0.0004507020901219702,0.00023779897441491058
272,0,0.0004478678711335,0.0005798450721157851,2.3854079300121166e-05,0.0005138564716246426,0.00023586097521681058
273,0,0.0004268400656136,0.0005276632371427342,2.3854079300121166e-05,0.0004772516513781671,0.0002253470724568606
274,0,0.0011875311203378,0.0006316950533079318,0.00016670890546419196,0.0009096130868228658,0.0006771200129009959
275,0,0.0004987156376327,0.00028999969108532816,3.9461085152587944e-05,0.00039435766435901406,0.00026908836139264396
276,0,0.0007442530249357,0.0008975057730407928,0.0003403229641485535,0.0008208793989882464,0.0005422879945421267
278,0,0.000680888856562,0.0009474581941915212,7.507129272055362e-05,0.0008141735253767606,0.0003779800746412768
279,0,0.0007936259634759,0.0007066439699762444,0.00038523464006103676,0.0007501349667260722,0.0005894303017684684
281,0,0.0004866241145125,0.00048218772598005913,1.6185078846110246e-05,0.0004844059202462796,0.00025140459667930513
282,0,0.0002258662943409,0.0010170012844689371,1.5734498902289695e-05,0.0006214337894049186,0.00012080039662159486
283,0,0.0013309484285995,0.0011886248554488566,0.00031067911944954396,0.0012597866420241783,0.000820813774024522
284,0,0.0003388328420874,0.000646505726489056,4.112366575086379e-05,0.000492669284288228,0.00018997825391913189
285,0,0.0009497124123421,0.0015546697177966945,0.000124037831424335,0.0012521910650693973,0.0005368751218832175
286,0,0.0005040311932504,0.0005858479413924354,1.6185078846110246e-05,0.0005449395673214176,0.0002601081360482551
287,0,0.0004568308293066,0.0003493615210732269,1.2936045315080813e-05,0.00040309617518991344,0.0002348834373108404
288,0,0.0003086211997436,0.0011797054643267525,1.1891251837612269e-05,0.0007441633320351762,0.00016025622579060613
289,0,0.0005839727737999,0.0009556331461234274,9.361527014342985e-05,0.0007698029599616637,0.00033879402197166495
290,0,0.0013675695614502,0.0016983298519545487,0.0002527354466113002,0.0015329497067023744,0.0008101525040307502
291,0,0.0021455197231415,0.0011025259182845142,0.0003277971811923482,0.0016240228207130072,0.0012366584521669242
292,0,0.0004990243022358,0.0009994824784881479,3.3165004956500466e-05,0.0007492533903619739,0.0002660946535961502
293,0,0.0019899240876421,0.0014010746071932683,0.0006816362144434705,0.001695499347417684,0.0013357801510427852
294,0,0.0005202907443152,0.0008127130376365395,6.507602351917533e-05,0.0006665018909758698,0.0002926833839171877
295,0,0.002143368189447,0.0015248668142784588,0.0004848760666375479,0.0018341175018627295,0.0013141221280422739
297,0,0.0013929115357948,0.001896868528026215,0.00019108247737934116,0.0016448900319105076,0.0007919970065870705
298,0,0.0007772372544636,0.0009560025961475985,7.759236964744919e-05,0.0008666199253055992,0.0004274148120555246
299,0,0.0005385599780843,0.0015046761114775947,0.00014132276466343062,0.0010216180447809474,0.0003399413713738653
300,0,0.0003192867926659,0.0006123829502202169,2.982825594334265e-05,0.0004658348714430585,0.00017455752430462133
301,0,0.0005593633566448,0.000745498429493106,1.9133219226061395e-05,0.0006524308930689531,0.0002892482879354307
302,0,0.0006658345975455,0.0004439913359266457,3.9461085152587944e-05,0.0005549129667360728,0.00035264784134904397
305,0,0.005722783865964,0.004727561128068328,0.0037638761373144226,0.0052251724970161645,0.004743330001639211
306,0,0.0016387248573278,0.0020273652811236267,7.759236964744919e-05,0.0018330450692257134,0.0008581586134876246
308,0,0.0005692386442022,0.0006220164030393094,1.9133219226061395e-05,0.0005956275236207547,0.0002941859317141307
309,0,0.003697301788565,0.0037188089883841997,0.0006872480380537369,0.0037080553884745997,0.0021922749133093684
310,0,0.0005368175474959,0.0007786400895769714,2.2956853599533354e-05,0.0006577288185364357,0.0002798872005477167
311,0,0.0004137130153091,0.0006576028878681774,2.2956853599533354e-05,0.0005356579515886387,0.00021833493445431667
312,0,0.000773197355818,0.0012858566657855141,6.354003923978008e-05,0.0010295270108017572,0.0004183686975288901
313,0,0.000683582996387,0.0009756123265814333,7.468850657390115e-05,0.0008295976614842166,0.0003791357514804506
314,0,0.0059361285423248,0.003358166930346507,0.0010044094327803178,0.004647147736335654,0.003470268987552559
317,0,0.0012804980662831,0.000931727334028313,7.468850657390115e-05,0.0011061127001557064,0.0006775932864285006
319,0,0.000593081619381,0.001391487614543215,6.33616509433586e-05,0.0009922846169621074,0.0003282216351621793
320,0,0.0004892785353622,0.000891812813478682,5.3110879225978195e-05,0.000690545674420441,0.00027119470729408907
321,0,0.0020045707794299,0.0006836897478273296,1.2175749913611695e-05,0.0013441302636286148,0.001008373264671756
323,0,0.0010513644254756,0.001341372026087658,7.468850657390115e-05,0.001196368225781629,0.0005630264660247506
324,0,0.0018815146890806,0.0026203297663139505,7.169138739119637e-05,0.0022509222276972753,0.000976603038235898
325,0,0.0006840677123784,0.001503144279465066,4.6322974656394324e-05,0.001093605995921733,0.00036519534351739716
326,0,0.0042168947012067,0.00619587337485113,0.004520668163564612,0.005206384038028915,0.0043687814323856555
327,0,0.0027175309771932,0.0054932122209048,0.0006488243207194135,0.004105371599049,0.0016831776489563068
329,0,0.0279382768759881,0.027321331637272378,0.005697373866175701,0.02762980425663024,0.0168178253710819
330,0,0.0235298925312802,0.011653168272323888,0.0017593933364821422,0.017591530401802044,0.012644642933881171
331,0,0.1012975294205391,0.04681992016323221,0.020296333847756018,0.07405872479188566,0.06079693163414756
333,0,0.0003077418503898,0.0004442840310155727,2.084621320627562e-05,0.0003760129407026863,0.00016429403179803783
334,0,0.0005080360709123,0.00035674062823495367,1.8222344734164025e-05,0.00043238834957362685,0.000263129207823232
335,0,0.0006090306887257,0.00032663650333368083,4.255304732444171e-05,0.0004678335960296904,0.0003257918680250709
336,0,0.000591309562271,0.0004349952299017994,7.973461153158616e-05,0.0005131523960863997,0.00033552208690129306
337,0,0.0006054819221289,0.0006863887077209572,7.973461153158616e-05,0.0006459353149249286,0.00034260826683024306
338,0,0.0007025398460878,0.0004892700983771798,0.00029995501813733844,0.0005959049722324899,0.0005012474321125693
339,0,0.0002384787639755,0.0002763001359210422,1.5734498902289695e-05,0.0002573894499482711,0.00012710663143889484
340,0,0.0004583200548826,0.00032756465386169604,1.8222344734164025e-05,0.000392942354372148,0.00023827119980838202
343,0,0.0005319011021409,0.0003942677113283534,1.9029926975777212e-05,0.00046308440673462666,0.0002754655145583386
344,0,0.0011026957545113,0.0007856255226705221,0.00021286014469797262,0.0009441606385909109,0.0006577779496046363
345,0,0.0218995948069158,0.011073102325832626,0.00018343424369173894,0.016486348566374213,0.01104151452530377
346,0,0.0002462476477878,0.0005024346063151559,2.084621320627562e-05,0.000374341127051478,0.00013354693049703783
347,0,0.0005081062972055,0.00042841445759080326,1.9029926975777212e-05,0.00046826037739815165,0.00026356811209063863
350,0,0.0004493261966146,0.00038030446794274714,2.3854079300121166e-05,0.00041481533227867356,0.00023659013795736058
351,0,0.0010126636949683,0.0006357626699325899,7.398949000944188e-05,0.0008242131824504449,0.0005433265924888709
354,0,0.0004526134446351,0.00024819208661985555,1.2936045315080813e-05,0.00035040276562747774,0.0002327747449750904
356,0,0.000442524080221,0.0005081553843544675,2.3854079300121166e-05,0.00047533973228773373,0.0002331890797605606
357,0,0.0012502427808027,0.001410774402332173,0.0002940768403692724,0.0013305085915674365,0.0007721598105859862
359,0,0.0004883091260425,0.000545818636918843,2.3854079300121166e-05,0.0005170638814806716,0.0002560816026713106
360,0,0.0004700182780139,0.0004329606269502808,1.6185078846110246e-05,0.0004514894524820904,0.00024310167843000512
361,0,0.0002291573567655,0.0006347905408468357,1.5734498902289695e-05,0.00043197394880616785,0.00012244592783389484
362,0,0.0004948904542423,0.0005337045535803282,1.6185078846110246e-05,0.0005142975039113141,0.00025553776654420513
363,0,0.0004639574198661,0.00031744923259870405,1.2936045315080813e-05,0.00039070332623240204,0.0002384467325905904
364,0,0.0038267437989068,0.0009596300569752343,0.00045197501187375623,0.0023931869279410173,0.002139359405390278
365,0,0.001299960942909,0.0018277876905856316,0.00016831987435351255,0.0015638743167473157,0.0007341404086312563
366,0,0.0023793913783934,0.0017018344419232644,0.0004848760666375479,0.002040612910158332,0.001432133722515474
367,0,0.000460172491143,0.0007801222837133216,2.3854079300121166e-05,0.0006201473874281608,0.00024201328522156058
368,0,0.000479361422719,0.00045224753787157136,1.6185078846110246e-05,0.00046580448029528564,0.0002477732507825551
370,0,0.0002483501037531,0.000541559643953658,1.5734498902289695e-05,0.000394954873853379,0.00013204230132769486
371,0,0.000231371630939,0.0005030956017857732,2.982825594334265e-05,0.0003672336163623866,0.00013059994344117134
374,0,0.0010003606896708,0.0011980876498619711,0.00012993318875349145,0.0010992241697663856,0.0005651469392121457
376,0,0.0003783261965336,0.0012344858851976869,7.428089327933054e-05,0.0008064060408656434,0.00022630354490646526
377,0,0.0012609194842742,0.00126369588066095,0.00025614563212929676,0.001262307682467575,0.0007585325582017484
378,0,0.0004695311821775,0.0011103470744674739,0.0001234802938141981,0.0007899391283224869,0.0002965057379958491
379,0,0.0003427298310631,0.0008217830420428786,1.596115445812976e-05,0.0005822564365529893,0.0001793454927606149
380,0,0.0010127273629575,0.001546799458840907,0.000291897808443713,0.0012797634108992035,0.0006523125857006064
381,1,0.8581255810434645,0.7819891755024299,0.989250507496421,0.8200573782729472,0.9236880442699427
383,0,0.002208913626344,0.0013806116795401745,0.0004848760666375479,0.0017947626529420872,0.001346894846490774
385,0,0.0009046422102989,0.0025468871533135,0.00017595659124214902,0.0017257646818062001,0.0005402994007705246
386,0,0.0010505799704324,0.0012032193953919407,0.00016831987435351255,0.0011268996829121704,0.0006094499223929563
388,0,0.0023968191486577,0.0016269545750785103,0.00014515951953923724,0.002011886861868105,0.0012709893340984687
389,0,0.0007837874267596,0.0020950810901123823,0.0008628814541404577,0.0014394342584359912,0.0008233344404500289
390,0,0.0013955164787088,0.00172833100052269,0.00015553068914758562,0.0015619237396157452,0.0007755235839281929
391,0,0.0004569372565481,0.0008517111579721124,6.240590118298313e-05,0.0006543242072601062,0.0002596715788655416
392,0,0.0004534745143603,0.0011990642142614555,6.33616509433586e-05,0.0008262693643108777,0.0002584180826518293
393,0,0.0003318274392215,0.0007675602615795536,3.3047541242671345e-05,0.0005496938504005269,0.0001824374902320857
394,0,0.0016437279584238,0.001543690527857655,0.0001182898109881597,0.0015937092431407276,0.0008810088847059799
395,0,0.0006158683687489,0.0008491633901413498,1.9133219226061395e-05,0.0007325158794451249,0.0003175007939874807
396,0,0.0006356405981195,0.0012553172395201664,8.331293537538457e-05,0.0009454789188198332,0.0003594767667474423
397,0,0.000646544391273,0.0013662465080463218,8.331293537538457e-05,0.0010063954496596608,0.00036492866332419227
398,0,0.0076620020811137,0.001586473251756417,7.569271964592652e-05,0.004624237666435059,0.0038688474003798134
399,0,0.0014828614852175,0.0006089628607744175,1.2175749913611695e-05,0.0010459121729959587,0.000747518617565556
400,0,0.0011516659870152,0.002304105212973378,0.0002604464987284705,0.001727885599994289,0.0007060562428718353
401,0,0.0037854138299538,0.003586276175429074,0.0003778738590118515,0.003685845002691437,0.002081643844482826
402,0,0.0017526592300592,0.00190015071534345,0.00010159090212875604,0.001826404972701325,0.0009271250660939779
403,0,0.0005391916376421,0.000294144416578605,1.21139188570185e-05,0.0004166680271103525,0.00027565277824955923
404,0,0.0095831903428153,0.013190102140608551,0.0012929536358969199,0.011386646241711925,0.00543807198935611
405,0,0.0099718293314413,0.003082521337867199,0.001154281412433727,0.006527175334654249,0.005563055371937513
406,0,0.0089683128282026,0.004870006683348838,0.0011019858451215125,0.006919159755775719,0.005035149336662056
407,0,0.0011073101039709,0.0011005696184981611,6.043256723210474e-05,0.0011039398612345307,0.0005838713356015024
408,0,0.000367606962827,0.000906926123650184,3.3047541242671345e-05,0.000637266543238592,0.0002003272520348357
410,0,0.0008146580050661,0.0018728187304474157,8.331293537538457e-05,0.001343738367756758,0.0004489854702207423
411,0,0.0016329237603802,0.0015957102716513173,8.26336237512021e-05,0.0016143170160157587,0.0008577786920657011
412,0,0.0113441639145024,0.007237895769413131,0.003139370435644683,0.009291029841957765,0.007241767175073541
413,0,0.0045406121974433,0.00426291365712045,0.0021882273427745,0.004401762927281875,0.0033644197701089
414,0,0.0301997490378259,0.016055934234257677,0.023364149353155516,0.02312784163604179,0.026781949195490706
415,0,0.0253633893302824,0.034580917662138055,0.024739831528022987,0.029972153496210227,0.025051610429152694
416,0,0.0310212899519984,0.035234706279120405,0.027879244168864312,0.0331279981155594,0.029450267060431357
417,0,0.0367839793866931,0.02231478763714439,0.022274091918925838,0.029549383511918745,0.02952903565280947
418,0,0.0774090970872641,0.03941532875652308,0.07002708611877852,0.05841221292189359,0.07371809160302131
419,0,0.0021979959055898,0.0015504056629968466,0.00014132276466343062,0.0018742007842933233,0.0011696593351266155
420,0,0.0004987968971546,0.0003351933659131315,1.8222344734164025e-05,0.00041699513153386575,0.000258509620944382
421,0,0.0061910180430408,0.0005792068768859047,0.0004618028284260978,0.003385112459963352,0.0033264104357334486
422,0,0.0002717347041327,0.00051381276105246,2.084621320627562e-05,0.00039277373259258,0.00014629045866948782
423,0,0.0021050462780031,0.00043194109426071607,0.00025048841318525147,0.001268493686131908,0.0011777673455941756
424,0,0.000480486696525,0.0004052869982726386,1.8222344734164025e-05,0.0004428868473988193,0.000249354520629582
425,0,0.0003999319656657,0.00022040581837595827,3.432837898767922e-05,0.00031016889202082915,0.0002171301723266896
426,0,0.0016388869546558,0.0005459290656874175,0.0008790226449347483,0.0010924080101716088,0.0012589547997952741
427,0,0.0005100908931796,0.0005271570119285347,1.8222344734164025e-05,0.0005186239525540673,0.000264156618956882
428,0,0.0004178993548682,0.00040737168543130954,1.2936045315080813e-05,0.00041263552014975477,0.0002154177000916404
429,0,0.0004405220508186,0.00040283490095820303,2.3854079300121166e-05,0.0004216784758884015,0.00023218806505936058
431,0,0.0002741887075242,0.0004266189347011955,2.084621320627562e-05,0.00035040382111269775,0.00014751746036523782
432,0,0.000806928431483,0.00041238560238506623,2.3285209751233358e-05,0.0006096570169340332,0.0004151068206171167
434,0,0.0006777465849814,0.0006987110708610057,0.000124037831424335,0.0006882288279212029,0.0004008922082028675
435,0,0.0003456546887281,0.0005349382934266589,2.384198675371211e-05,0.00044029649107737946,0.00018474833774090603
437,0,0.000279170048841,0.0005047319743006429,2.084621320627562e-05,0.0003919510115708214,0.00015000813102363783
438,0,0.0003485998087637,0.000421634973441105,2.084621320627562e-05,0.0003851173911024025,0.00018472301098498782
439,0,0.0019499872007901,0.0005824324943555901,0.00025048841318525147,0.0012662098475728452,0.0011002378069876757
441,0,0.0010642105865549,0.000801345224150417,0.00014238759469364364,0.0009327779053526586,0.0006032990906242718
442,0,0.0010222439891146,0.0008397338658728163,0.00014238759469364364,0.0009309889274937081,0.0005823157919041218
443,1,0.5245083623221002,0.6389515160461143,0.3454331459558877,0.5817299391841073,0.43497075413899394
445,0,0.0002904087151904,0.00045138180547137064,2.084621320627562e-05,0.0003708952603308853,0.00015562746419833781
446,0,0.0037724041798695,0.0006394357793451442,0.000291897808443713,0.002205919979607322,0.0020321509941566064
449,0,0.0005052666182625,0.0006198323492872224,1.6185078846110246e-05,0.0005625494837748612,0.0002607258485543051
451,0,0.0006580605024543,0.0009394950935933046,7.8045624775581e-05,0.0007987777980238023,0.0003680530636149405
452,0,0.000565513031821,0.0006815840908168025,5.4609153175833195e-05,0.0006235485613189012,0.00031006109249841657
453,0,0.0005422653222067,0.0005141442007797422,1.6185078846110246e-05,0.0005282047614932211,0.00027922520052640513
454,0,0.0003318765155912,0.0009959993116460065,1.5734498902289695e-05,0.0006639379136186033,0.00017380550724674485
455,0,0.0008170281928745,0.0011136727222330793,6.209357566327874e-05,0.0009653504575537897,0.00043956088426888937
458,0,0.0026487143387061,0.0009880148318685358,0.0006369209503345723,0.001818364585287318,0.0016428176445203362
459,0,0.0005106678888213,0.000979906757225762,3.3165004956500466e-05,0.000745287323023531,0.0002719164468889002
460,0,0.000920625924908,0.0009498633285372678,5.5397020832831816e-05,0.0009352446267226339,0.0004880114728704159
461,0,0.0003704706583261,0.0004996903553608217,6.507602351917533e-05,0.0004350805068434609,0.00021777334092263766
462,0,0.0007828716670976,0.0011548164185160744,0.0001268544554746427,0.0009688440428068372,0.00045486306128612137
463,0,0.0004698099842276,0.0010484257957872301,0.00012085550406185345,0.0007591178900074151,0.0002953327441447267
464,1,0.9190410543668168,0.9109048365333456,0.9870350399731543,0.9149729454500812,0.9530380471699855
465,0,0.0006104957071652,0.00097748048449986,3.480826615449476e-05,0.0007939880958325299,0.00032265198665984733
467,0,0.000466684377352,0.00027770768653750385,1.4681951523862876e-05,0.00037219603194475195,0.00024068316443793142
468,0,0.0015668185350859,0.0021205912096420483,0.00017595659124214902,0.0018437048723639743,0.0008713875631640246
469,0,0.0005001472551091,0.0011649337267089627,0.00012674909970991196,0.0008325404909090314,0.000313448177409506
470,0,0.00056654861154,0.0008914198623838193,2.5201159793819864e-05,0.0007289842369619096,0.00029587488566690994
471,0,0.0003549874142937,0.0005963847208708817,2.2956853599533354e-05,0.00047568606758229085,0.0001889721339466167
472,0,0.0003700973946721,0.0010319005303099714,6.507602351917533e-05,0.0007009989624910356,0.00021758670909563768
473,0,0.0003789133945202,0.0005536413027497818,1.5625883905366337e-05,0.00046627734863499096,0.00019726963921278318
474,0,0.0005475409132306,0.0008854361139963733,3.561914384177883e-05,0.0007164885136134866,0.0002915800285361894
475,0,0.0005867985970944,0.001000106725757994,1.5625883905366337e-05,0.0007934526614261971,0.00030121224049988317
476,0,0.0008874527854998,0.001340009484516956,0.00017947745293840766,0.001113731135008378,0.0005334651192191039
478,0,0.0003682427493414,0.000508948584194712,1.5625883905366337e-05,0.000438595666768056,0.00019193431662338316
481,0,0.0005546425173572,0.0002928276953245539,1.21139188570185e-05,0.0004237351063408769,0.00028337821810710923
483,0,0.0005384033233876,0.00079331183495015,5.3110879225978195e-05,0.000665857579168875,0.00029575710130678914
484,0,0.0029721739217237,0.0024487351345260627,0.00030734257604891294,0.0027104545281248812,0.0016397582488863064
485,0,0.0008392955516693,0.0017262166426323582,8.331293537538457e-05,0.001282756097150829,0.00046130424352234227
486,0,0.005525663315718,0.0006651215484118508,5.157638472404576e-05,0.0030953924320649253,0.0027886198502210225
487,0,0.0004934917359175,0.0008290668310201891,2.9743263506417857e-05,0.0006612792834688446,0.00026161749971195895
488,0,0.0006314484020029,0.0005409783303926531,6.723002127631661e-05,0.0005862133661977766,0.0003493392116396083
490,0,0.0075877186614009,0.0019527946001017653,0.001630674132299891,0.004770256630751333,0.004609196396850396
491,0,0.0011564784454195,0.0013334468134079485,6.500295616012017e-05,0.0012449626294137243,0.0006107407007898101
492,0,0.0012590765095918,0.0013374167704576668,7.413986629850761e-05,0.0012982466400247334,0.0006666081879451538
493,0,0.0016599561498193,0.003266673086652263,0.00015942870990975834,0.0024633146182357814,0.0009096924298645291
494,0,0.0020518805751635,0.0018390388134918042,6.500295616012017e-05,0.001945459694327652,0.00105844176566181
495,0,0.0035967380881417,0.00296854649654966,0.00038470551243560973,0.0032826422923456803,0.0019907218002886548
496,0,0.0050115142965116,0.01633867667473797,0.00043696176782593145,0.010675095485624786,0.002724238032168766
498,0,0.029039923201495,0.03319798253437856,0.01557426554314231,0.031118952867936783,0.022307094372318655
500,0,0.0192168450455045,0.025861410166762803,0.018554603176170106,0.02253912760613365,0.018885724110837304
501,0,0.0461575681112538,0.031400221035982,0.011969751034054827,0.0387788945736179,0.029063659572654315
503,0,0.0561435922602965,0.056268098345988865,0.03244084493310999,0.05620584530314268,0.044292218596703244
505,0,0.0004060359228747,0.00033066861107587154,1.2936045315080813e-05,0.0003683522669752858,0.0002094859840948904
506,0,0.0004008763233351,0.00023111540141437776,1.2936045315080813e-05,0.0003159958623747389,0.0002069061843250904
507,0,0.0002808173164684,0.0004713936581177357,2.5514080975827643e-05,0.0003761054872930678,0.0001531656987221138
508,0,0.0002366960198866,0.00027269798827860367,2.3343634780990172e-05,0.00025469700408260184,0.00013001982733379508
509,0,0.0005346433657529,0.0011551311604687938,0.00017296298155895545,0.0008448872631108469,0.0003538031736559277
510,0,0.0007901689524554,0.0005500692489018392,5.38194938377958e-05,0.0006701191006786196,0.0004219942231465979
511,0,0.0004044928815508,0.0003062542559651488,1.4881980517254696e-05,0.0003553735687579744,0.00020968743103402736
512,0,0.0003556331948782,0.0005496431523743591,2.5514080975827643e-05,0.00045263817362627953,0.00019057363792701382
513,0,0.0010771529346244,0.000600130376277508,1.3506341021374746e-05,0.000838641655450954,0.0005453296378228874
514,0,0.0005318184742234,0.0005862750772570762,1.3506341021374746e-05,0.0005590467757402381,0.00027266240762238735
515,0,0.0002704365171801,0.0004991671890072494,2.5514080975827643e-05,0.00038480185309367474,0.00014797529907796382
516,0,0.0004752006943496,0.00022767843138847354,3.9461085152587944e-05,0.0003514395628690368,0.000257330889751094
518,0,0.0013042260222247,0.0006403315162747684,7.565602196612242e-05,0.0009722787692497343,0.0006899410220954112
520,0,0.0005373393331488,0.0007094371167868569,0.00020436162291188076,0.0006233882249678284,0.00037085047803034034
521,0,0.0004113207235319,0.00022116901835519628,1.2936045315080813e-05,0.0003162448709435481,0.0002121283844234904
522,0,0.0004185038817574,0.0005273050836786727,3.4683965808889535e-05,0.00047290448271803634,0.00022659392378314476
523,0,0.000317127965108,0.0005940854081796273,2.5514080975827643e-05,0.00045560668664381364,0.0001713210230419138
524,0,0.0012318577953545,0.0007872433889039115,0.00024237996818251997,0.0010095505921292058,0.0007371188817685099
525,0,0.0002113083544693,0.0002994473503862205,1.8275023942121967e-05,0.00025537785242776026,0.00011479168920571098
528,0,0.0003424813346038,0.00036397982090474355,1.321816383225575e-05,0.0003532305777542718,0.0001778497492180279
529,0,0.0004146555871086,0.00037339481865156124,1.2936045315080813e-05,0.0003940252028800806,0.0002137958162118404
530,0,0.0004207307595212,0.0003062955522185351,1.2936045315080813e-05,0.00036351315586986756,0.0002168334024181404
531,0,0.0004440396381937,0.0006046264600419672,3.4683965808889535e-05,0.0005243330491178336,0.00023936180200129478
532,0,0.0004730185736403,0.0007060354852073887,3.4683965808889535e-05,0.0005895270294238444,0.00025385126972459474
533,0,0.0003088352404681,0.0007300191652245404,1.8275023942121967e-05,0.0005194272028463202,0.000163555132205111
536,0,0.0021215123010182,0.001058445466748526,0.0011235027082457183,0.001589978883883363,0.001622507504631959
537,0,0.00054933714076,0.0015047947618034823,0.00020436162291188076,0.001027065951281741,0.00037684938183594037
538,0,0.0002509674951415,0.0005473384371345934,1.8275023942121967e-05,0.0003991529661380467,0.000134621259541811
539,0,0.0003000913719253,0.0005874191791776321,2.5514080975827643e-05,0.0004437552755514661,0.00016280272645056382
540,0,0.0004709023113531,0.0014789986954947655,0.00020436162291188076,0.0009749505034239328,0.0003376319671324904
541,0,0.0004216289638099,0.0009259002900285438,5.756467138483188e-05,0.0006737646269192219,0.00023959681759736594
542,0,0.0026982731166735,0.0022306532610452943,0.0007783145038477993,0.002464463188859397,0.0017382938102606497
543,0,0.0005643181738881,0.0014301644980030438,0.00017296298155895545,0.000997241335945572,0.0003686405777235277
544,0,0.0003736029167085,0.0005593058670649481,2.5514080975827643e-05,0.00046645439188672407,0.00019955849884216383
545,0,0.002826261918358,0.0013405754901183614,2.9810870952615768e-05,0.002083418704238181,0.001428036394655308
546,0,0.0007303147862892,0.0016010662443535757,0.00017296298155895545,0.0011656905153213878,0.00045163888392407773
547,0,0.0007114667288565,0.0019880467812878506,0.00020436162291188076,0.0013497567550721753,0.00045791417588419037
548,0,0.0004572387427768,0.0008417181692890136,2.8097321037015083e-05,0.0006494784560329067,0.00024266803190690754
549,0,0.0015836664476425,0.001214917957630605,0.0003960266155197223,0.0013992922026365524,0.0009898465315811111
550,0,0.0008325240816426,0.00042655482902089045,6.108287504014848e-05,0.0006295394553317452,0.0004468034783413742
551,0,0.0009511398034654,0.001220359138099692,4.2293708119487976e-05,0.001085749470782546,0.0004967167557924441
552,0,0.0020821660206993,0.0006855029518999919,0.00015821697969360275,0.001383834486299646,0.0011201915001964513
553,0,0.0003863602771418,0.00040519307405478014,1.321816383225575e-05,0.00039577667559829007,0.00019978922048702788
554,0,0.0005077100816561,0.0007198795759739675,3.664260603204139e-05,0.0006137948288150337,0.00027217634384407073
555,0,0.0020024484182257,0.0008878995305843545,7.451826246677812e-05,0.0014451739744050273,0.0010384833403462392
557,0,0.002692111669597,0.002290541326558033,0.0009241470033222643,0.002491326498077516,0.0018081293364596322
559,0,0.0005815609887266,0.0013070597578574731,4.8221900365888336e-05,0.0009443103732920366,0.0003148914445462442
560,0,0.0004147648965147,0.0007533760619607295,1.5625883905366337e-05,0.0005840704792377147,0.00021519539021003318
561,0,0.0029362246845875,0.0028336248527055983,0.0008839341771440763,0.002884924768646549,0.001910079430865788
562,0,0.0004303778540786,0.00047216160925457883,1.5625883905366337e-05,0.0004512697316665894,0.00022300186899198318
564,0,0.0006316009214483,0.0019230850288681387,0.0001211342077599977,0.0012773429751582193,0.00037636756460414887
565,0,0.0003204620167347,0.0010624752706751173,3.838335894266199e-05,0.0006914686437049086,0.000179422687838681
566,0,0.0003385953559539,0.0009240197751429809,3.838335894266199e-05,0.0006313075655484404,0.000188489357448281
567,0,0.0004160495942235,0.0011393032959353456,3.838335894266199e-05,0.0007776764450794228,0.000227216476583081
568,0,0.0006178548137348,0.00039318913996501235,1.4756889968068784e-05,0.0005055219768499062,0.00031630585185143435
569,0,0.0020908570308079,0.0011601315902587028,8.752158102203237e-05,0.0016254943105333012,0.001089189305914966
570,0,0.0007071950031509,0.001079799922171771,5.179015935353557e-05,0.0008934974626613355,0.0003794925812522178
571,0,0.0005441273112617,0.001424968589582338,7.359158945065188e-05,0.000984547950422019,0.00030885945035617594
572,0,0.0028820509806658,0.00042386122802668536,1.4756889968068784e-05,0.0016529561043462427,0.0014484039353169344
573,0,0.0038425869853673,0.0035069553975067653,0.0028320999910543105,0.0036747711914370327,0.0033373434882108055
574,0,0.0009662464593036,0.0021637232926098233,0.00021607359291117055,0.0015649848759567116,0.0005911600261073852
575,0,0.0006268485096013,0.0008795082319006766,6.212131070790069e-05,0.0007531783707509883,0.00034448491015460033
576,0,0.0062564788954443,0.003214776396401742,0.00017117663991002085,0.004735627645923021,0.0032138277676771604
577,0,0.0044119806751903,0.0016874341935697369,8.825440755040312e-05,0.0030497074343800185,0.0022501175413703516
578,0,0.0006765047723507,0.002200287245561294,0.0001211342077599977,0.001438396008955997,0.00039881949005534886
579,0,0.0012920481730418,0.0011258349487357525,1.21139188570185e-05,0.0012089415608887762,0.0006520810459494092
580,0,0.0013375853469092,0.0016912549946630417,4.7545735875435816e-05,0.0015144201707861208,0.0006925655413923179
581,0,0.0350500795126466,0.042307365227441635,0.06065614137077704,0.03867872237004412,0.04785311044171182
582,0,0.0510783346334087,0.05590533762994977,0.040760080445438045,0.05349183613167924,0.04591920753942337
583,0,0.0316844570591349,0.033731151423743305,0.014064183484974948,0.0327078042414391,0.022874320272054924
584,0,0.021932387324529,0.01689083836548492,0.030218784462897347,0.01941161284500696,0.02607558589371317
585,0,0.0659396241719552,0.0781029979119213,0.06483456472727402,0.07202131104193825,0.0653870944496146
586,0,0.2369189402925113,0.45097704986942416,0.16616040082670794,0.34394799508096774,0.2015396705596096
587,1,0.8500431414719851,0.9446335624188372,0.9969626752315461,0.8973383519454112,0.9235029083517656
589,0,0.0784189928367317,0.20329633291255805,0.05374548341598449,0.14085766287464488,0.06608223812635809
590,0,0.0105812064945139,0.036619485882907116,0.0034602326436019982,0.023600346188710507,0.007020719569057949
591,0,0.3550492077389546,0.18320130153496172,0.45265122148103115,0.26912525463695813,0.4038502146099929
592,0,0.1005731600435181,0.11102911304209921,0.05169713611139609,0.10580113654280865,0.0761351480774571
593,0,0.2970661397441057,0.39407359467326386,0.6483202397602806,0.34556986720868477,0.47269318975219315
594,0,0.0020086464832293,0.0008317689712114625,0.00016895290029864956,0.0014202077272203813,0.0010887996917639748
595,0,0.0031565008074453,0.0006000923029508859,0.0008063426198226007,0.001878296555198093,0.0019814217136339502
596,0,0.0023528943913609,0.0009465922815832931,0.001725366514018701,0.0016497433364720967,0.0020391304526898007
597,0,0.0003535441994831,0.0003208316062288317,1.4881980517254696e-05,0.00033718790285596585,0.00018421309000017733
599,0,0.0009651961681161,0.0005047663117332044,1.4881980517254696e-05,0.0007349812399246522,0.0004900390743166773
600,0,0.0004384019957472,0.00024255254762179103,1.2936045315080813e-05,0.00034047727168449554,0.0002256690205311404
601,0,0.0003471017556307,0.0005367572756047685,4.317450488350404e-05,0.00044192951561773425,0.000195138130257102
602,0,0.0018639919941908,0.0007811294804891425,0.00020436162291188076,0.0013225607373399712,0.0010341768085513404
603,0,0.0006465235170119,0.0007212251796097838,0.00020436162291188076,0.0006838743483108419,0.00042544256996189034
604,1,0.937313925789962,0.9015530564624359,0.9956422653544404,0.919433491126199,0.9664780955722012
606,0,0.0004043166246383,0.000657316898543385,4.317450488350404e-05,0.0005308167615908425,0.00022374556476090202
607,0,0.0005965194482976,0.0007640585512295202,0.00010915154477090434,0.0006802889997635602,0.00035283549653425216
608,0,0.0003581390848846,0.0003873731192747962,1.321816383225575e-05,0.0003727561020796981,0.00018567862435842788
609,0,0.001521926233798,0.0010810265409579034,0.0005677798694880066,0.0013014763873779515,0.0010448530516430033
610,0,0.0003883200234997,0.0005112575364487616,1.321816383225575e-05,0.00044978877997423083,0.0002007690936659779
611,0,0.0003839044529502,0.0005059584376856733,1.321816383225575e-05,0.0004449314453179367,0.00019856130839122788
614,0,0.0004007162883426,0.0006608555873513601,4.317450488350404e-05,0.00053078593784698,0.000221945396613052
615,0,0.0004779782648685,0.0004756190389438959,1.321816383225575e-05,0.0004767986519061979,0.00024559821435037786
616,0,0.00069814809624,0.0006501123038580313,4.2293708119487976e-05,0.0006741302000490157,0.000370220902179744
617,0,0.0012112733282779,0.0006023791751000224,9.013195329908576e-05,0.0009068262516889612,0.0006507026407884929
619,0,0.0008456999263669,0.0007509893081125029,5.38194938377958e-05,0.0007983446172397015,0.0004497597101023479
620,0,0.0006395268924927,0.0011820960433971107,6.187184548486813e-05,0.0009108114679449053,0.0003506993689887841
621,0,0.0013982521606585,0.0009437754181684257,0.00035514453850163337,0.0011710137894134628,0.0008766983495800667
622,0,0.0009064692098686,0.0013277873126957323,0.0004053577116368402,0.0011171282612821663,0.0006559134607527201
623,0,0.000255494370567,0.000742005977990535,1.3811246753833307e-05,0.0004987501742787675,0.00013465280866041665
624,0,0.0013542716028745,0.0006253534445328339,5.448630379517e-05,0.0009898125237036669,0.0007043789533348351
625,0,0.0003614736655514,0.00047163476296636697,1.321816383225575e-05,0.0004165542142588835,0.00018734591469182787
627,0,0.0005151093934316,0.0011189388718466314,3.4683965808889535e-05,0.0008170241326391158,0.0002748966796202448
629,0,0.0021260325050636,0.0023689492977295294,0.0004192195393222562,0.0022474909013965646,0.001272626022192928
630,0,0.0004291187889386,0.0007847396485538935,1.5625883905366337e-05,0.0006069292187462468,0.00022237233642198316
631,0,0.0004321866207305,0.0010487083549207761,1.5625883905366337e-05,0.000740447487825638,0.00022390625231793318
632,0,0.000428031439435,0.0007129064820196603,1.321816383225575e-05,0.0005704689607273301,0.00022062480163362788
634,0,0.0004459736491805,0.0013293858342689905,0.00038070481576551324,0.0008876797417247453,0.00041333923247300665
635,0,0.0004724299927905,0.001373084753501694,4.8221900365888336e-05,0.0009227573731460971,0.0002603259465781942
636,0,0.0013899694835361,0.002159229801737244,0.00020436162291188076,0.001774599642636672,0.0007971655532239905
637,0,0.0003504458583862,0.00131066535546075,6.434112741571516e-05,0.000830555606923475,0.0002073934929009576
638,0,0.0005948504906301,0.0012904425392853847,5.061116355414812e-05,0.0009426465149577424,0.00032273082709212403
639,0,0.0004815305623218,0.00043028587409819875,1.4681951523862876e-05,0.00045590821820999937,0.0002481062569228314
640,0,0.0010792881491092,0.001082438383961734,0.00014515951953923724,0.001080863266535467,0.0006122238343242186
642,0,0.0007015105688867,0.0011417885637832065,0.00013718443427374028,0.0009216495663349532,0.00041934750158022016
643,0,0.0020690975742735,0.0020544245741283833,0.0004192195393222562,0.002061761074200942,0.0012441585567978782
645,0,0.0005074621525202,0.0005472017460593049,0.00010556684847539664,0.0005273319492897525,0.00030651450049779834
646,0,0.0011990497132018,0.0018968039262772626,0.0002778139067032874,0.0015479268197395313,0.0007384318099525436
647,0,0.0004553437301787,0.0006693866972672127,1.2175749913611695e-05,0.0005623652137229563,0.00023375974004615584
649,0,0.0009027418883448,0.0010583685479873615,0.00023114792910593044,0.0009805552181660808,0.0005669449087253652
650,0,0.0013384061746141,0.0005382954871611646,3.655486728406945e-05,0.0009383508308876323,0.0006874805209490847
651,0,0.0004622476674499,0.002150034523877851,7.359158945065188e-05,0.0013061410956638755,0.0002679196284502759
652,0,0.0006330443298078,0.0009643706663918087,5.3110879225978195e-05,0.0007987074980998043,0.00034307760451688914
653,0,0.0014159702637939,0.0028139045531857415,0.0005297148720330333,0.002114937408489821,0.0009728425679134667
654,0,0.0045365544149149,0.004832713104775164,0.000245951631807676,0.004684633759845032,0.002391253023361288
655,0,0.001186411993012,0.00042765279254544745,1.4681951523862876e-05,0.0008070323927787237,0.0006005469722679314
656,0,0.0009258747130546,0.0008648362402346478,5.0399226301835476e-05,0.000895355476644624,0.00048813696967821773
657,0,0.0006260568334558,0.00040506053628867135,1.4756889968068784e-05,0.0005155586848722357,0.00032040686171193436
658,0,0.0024326534304229,0.002275901601081118,0.0004125423315098675,0.002354277515752009,0.0014225978809663837
659,0,0.0005983751648483,0.0012997537786860868,6.33616509433586e-05,0.0009490644717671934,0.0003308684078958293
661,0,0.000763151022337,0.00042372116738115023,4.0833075660242015e-05,0.0005934360948590752,0.000401992048998621
662,0,0.0009509022178502,0.0011838564178226468,5.542897283067553e-05,0.0010673793178364234,0.0005031655953404377
663,0,0.0012449954299158,0.0007356861291819741,8.231930071870334e-05,0.000990340779548887,0.0006636573653172517
664,0,0.0006935442771204,0.0008917161970799673,7.468850657390115e-05,0.0007926302371001837,0.0003841163918471506
666,0,0.0041642881858244,0.0010614069540331333,0.0013456656878241585,0.0026128475699287662,0.002754976936824279
667,0,0.0012255984422497,0.001039015671854396,7.468850657390115e-05,0.001132307057052048,0.0006501434744118006
668,0,0.0006963067436904,0.0015964458007990295,4.5196079636667715e-05,0.0011463762722447148,0.0003707514116635339
669,0,0.0013473226491623,0.0019250936265218,0.0005564372427254587,0.00163620813784205,0.0009518799459438793
670,0,0.0028208318272855,0.0014562061033418239,3.561914384177883e-05,0.0021385189653136617,0.0014282254855636394
671,0,0.0050579226225225,0.008062257279913027,0.0007820723742108464,0.006560089951217763,0.002919997498366673
672,0,0.0135332460057235,0.013555212613931744,0.008410901332200458,0.013544229309827623,0.010972073668961978
673,0,0.0120786797369691,0.019831582163752668,0.0026457217999268654,0.015955130950360885,0.007362200768447983
674,0,0.0286516377441817,0.024669617436607828,0.008453729666534935,0.026660627590394764,0.018552683705358317
675,0,0.0004088888782407,0.00045406007476452286,1.2936045315080813e-05,0.0004314744765026114,0.0002109124617778904
676,0,0.0012088035063081,0.0003974190847482584,0.00016670890546419196,0.0008031112955281792,0.000687756205886146
677,0,0.0004033045468195,0.0002646832316311862,1.2936045315080813e-05,0.0003339938892253431,0.0002081202960672904
678,0,0.0004073473806721,0.0004435360602465366,1.2936045315080813e-05,0.0004254417204593183,0.0002101417129935904
680,0,0.0030195463355179,0.0004703652567382424,0.0004985621359884063,0.0017449557961280713,0.0017590542357531532
681,0,0.0002983579520239,0.0002734244440368983,3.432837898767922e-05,0.0002858911980303992,0.0001663431655057896
682,0,0.0002604410343085,0.0004486929623936079,2.084621320627562e-05,0.0003545669983510539,0.0001406436237573878
683,0,0.0009735379894868,0.0008729080952444603,0.00014238759469364364,0.0009232230423656301,0.0005579627920902218
684,0,0.0014924470185969,0.0009577493707158644,7.759236964744919e-05,0.0012250981946563821,0.0007850196941221746
685,0,0.0003047175707734,0.00043059547642525844,2.084621320627562e-05,0.0003676565235993292,0.0001627818919898378
686,0,0.0006179069907506,0.00042335128168298047,0.00012925943205440007,0.0005206291362167902,0.00037358321140250003
687,0,0.0003005543900431,0.00044734974090244865,2.084621320627562e-05,0.0003739520654727743,0.00016070030162468782
688,0,0.000453971284327,0.0003580703427270063,1.6185078846110246e-05,0.00040602081352700313,0.00023507818158655512
689,0,0.0003077550222111,0.0005097919645322355,0.00017595659124214902,0.00040877349337166776,0.0002418558067266245
691,0,0.0007939297589191,0.0005393772060212567,5.38194938377958e-05,0.0006666534824701783,0.0004238746263784479
692,0,0.0004048604593399,0.0002739505800217001,1.2936045315080813e-05,0.00033940551968080005,0.0002088982523274904
693,0,0.0004552881554195,0.0003827296817409163,1.6185078846110246e-05,0.00041900891858020817,0.00023573661713280513
694,0,0.0004183959728049,0.00042122576789434767,1.2936045315080813e-05,0.0004198108703496238,0.0002156660090599904
697,0,0.0004015856380532,0.0010358016635814828,0.00014132276466343062,0.0007186936508173414,0.0002714542013583153
698,0,0.0003372040490196,0.0005683007984507153,2.084621320627562e-05,0.0004527524237351576,0.0001790251311129378
699,0,0.0004587033153912,0.0007733524256234798,2.3854079300121166e-05,0.0006160278705073399,0.0002412786973456606
701,0,0.0004315340181223,0.0002665265549415297,1.2936045315080813e-05,0.00034903028653191485,0.0002222350317186904
702,0,0.0004570288320769,0.0005693999542384535,1.2936045315080813e-05,0.0005132143931576768,0.0002349824386959904
703,0,0.0003313047298667,0.0006503134035703721,3.810105441756437e-05,0.0004908090667185361,0.0001847028921421322
704,0,0.0004738692239309,0.0005744952305219824,1.2936045315080813e-05,0.0005241822272264412,0.0002434026346229904
705,0,0.0002996275112034,0.0005957174825765314,2.084621320627562e-05,0.0004476724968899657,0.00016023686220483781
706,0,0.0005753906142756,0.0009385723173451725,2.8266778917912398e-05,0.0007569814658103862,0.00030182869659675616
707,0,0.0008921530486948,0.0007873866694938263,9.873489085398083e-05,0.0008397698590943131,0.0004954439697743904
708,0,0.0021434838388408,0.001224270114907031,5.700229984248985e-05,0.0016838769768739155,0.001100243069341645
709,0,0.0012891515939793,0.0009107612157074649,0.00017612182049215203,0.0010999564048433824,0.0007326367072357261
711,0,0.0006203931117486,0.0011857681698862123,0.0006078755677976805,0.0009030806408174062,0.0006141343397731403
712,0,0.0012618144126882,0.0012165791853849508,7.277514718181427e-05,0.0012391967990365753,0.0006672947799350071
713,0,0.0004816754095471,0.00048598241934410787,1.815092999475052e-05,0.00048382891444560393,0.0002499131697709253
714,0,0.0007506235087383,0.0009921578662229914,1.9133219226061395e-05,0.0008713906874806456,0.0003848783639821807
715,0,0.0004231733327941,0.0006381174218356455,4.112366575086379e-05,0.0005306453773148728,0.0002321484992724819
716,0,0.0030522202591231,0.0028488285091188914,0.0004848760666375479,0.002950524384120996,0.001768548162880324
717,0,0.0003995381909252,0.000805176103037516,6.507602351917533e-05,0.000602357146981358,0.00023230710722218765
718,0,0.0004189949173469,0.0011645298274921916,5.5397020832831816e-05,0.0007917623724195458,0.0002371959690898659
719,0,0.0004699732131237,0.0007852030756503358,3.3279669681037564e-05,0.0006275881443870179,0.0002516264414023688
720,0,0.0054742203398321,0.0033228937313359084,3.3383654250746924e-05,0.0043985570355840045,0.0027538019970414235
721,0,0.0005276308188347,0.0003066845105019712,3.37514487454508e-05,0.0004171576646683356,0.0002806911337900754
722,0,0.0006487518537456,0.001604267428061219,7.713080787231873e-05,0.0011265096409034095,0.00036294133080895936
723,0,0.0004794096495055,0.0007686371092023263,0.00011485347598161052,0.0006240233793539131,0.00029713156274355527
725,0,0.0013058554034333,0.001746522141630619,0.00019108247737934116,0.0015261887725319596,0.0007484689404063206
726,0,0.0005819189283994,0.0006626702359073498,1.9133219226061395e-05,0.0006222945821533749,0.0003005260738127307
727,0,0.0002833496507304,0.0005919593087151079,2.2956853599533354e-05,0.000437654479722754,0.0001531532521649667
728,0,0.0005896978358321,0.0009746619066334523,3.561914384177883e-05,0.0007821798712327761,0.0003126584898369394
729,0,0.0012429337668015,0.0013398103036147899,0.00023928316250644633,0.0012913720352081448,0.0007411084646539732
730,0,0.000462284047275,0.00026263606387248826,1.21139188570185e-05,0.0003624600555737441,0.00023719898306600923
731,0,0.0012370565818676,0.00081238495824007,1.7679249381646716e-05,0.001024720770053835,0.0006273679156246233
732,0,0.0011231386000708,0.0011039212385828255,0.0001234802938141981,0.0011135299193268128,0.000623309446942499
733,0,0.0057929417069911,0.0053617926612349945,0.00021176706444256578,0.0055773671841130475,0.0030023543857168327
734,0,0.0011987240875011,0.0010306691603909762,0.000560915698391105,0.0011146966239460382,0.0008798198929461025
735,0,0.005935518427158,0.0013172853529995864,0.0009181393930880211,0.0036264018900787932,0.0034268289101230106
736,0,0.0004896272336172,0.0007670542538112445,5.3110879225978195e-05,0.0006283407437142222,0.0002713690564215891
737,0,0.0008508294486296,0.0015233924224327016,8.331293537538457e-05,0.0011871109355311507,0.0004670711920024923
739,0,0.0017032030005745,0.0007212589781942453,7.171820650032898e-05,0.0012122309893843727,0.0008874606035374145
741,0,0.000418211860121,0.0007827430969560659,3.3986230357832205e-05,0.000600477478538533,0.0002260990452394161
742,0,0.002074290243658,0.0010709963040416623,5.3110879225978195e-05,0.0015726432738498311,0.0010637005614419891
743,0,0.0026805644629812,0.001387155494166488,8.331293537538457e-05,0.002033859978573844,0.0013819386991782924
744,0,0.0074563352572346,0.00495230161271793,0.00030173859522180426,0.006204318434976265,0.003879036926228202
745,0,0.0036625538755948,0.0012072561765763034,6.0764111477341345e-05,0.0024349050260855515,0.0018616589935360707
746,0,0.0011168562700914,0.003355415975561302,0.00010464481994147729,0.002236136122826351,0.0006107505450164386
747,1,0.9416148444648312,0.9420146039118705,0.9576529608867748,0.9418147241883509,0.9496339026758029
748,0,0.0062210336520477,0.0036285125502297827,0.0006298171824971864,0.004924773101138741,0.003425425417272443
749,0,0.0407307740422299,0.018601821235277743,0.011027019785802512,0.029666297638753822,0.025878896914016205
750,0,0.2330292843115842,0.10376701211104426,0.1352512942098792,0.16839814821131424,0.1841402892607317
751,0,0.0310768926628333,0.02719233870815989,0.018703754110612033,0.029134615685496593,0.024890323386722667
753,0,0.0138336070737386,0.008980093471253642,0.00240848543159019,0.01140685027249612,0.008121046252664394
754,0,0.0479309457758277,0.04070337983901177,0.03579728541884683,0.044317162807419735,0.04186411559733727
755,0,0.0411649548562092,0.017279039458980308,0.01771671148152938,0.029221997157594753,0.029440833168869286
756,0,0.0400377628642452,0.051540247980693316,0.0035943942540827296,0.04578900542246926,0.021816078559163964
757,0,0.2669354536784852,0.14753588837278123,0.19280151584199356,0.20723567102563323,0.22986848476023938
758,0,0.2654247166781937,0.14619882740896248,0.11414715823027229,0.2058117720435781,0.18978593745423297
759,0,0.1137796043973717,0.09054602190725543,0.075936543009153,0.10216281315231357,0.09485807370326235
760,0,0.3230443857351993,0.3058127572645271,0.48234729267076676,0.3144285714998632,0.402695839202983
761,0,0.036183306000666,0.015365786270314008,0.008337987774393507,0.025774546135490004,0.022260646887529753
762,0,0.0776905800866989,0.02134754763392463,0.046693351685019445,0.04951906386031176,0.062191965885859166
763,0,0.0081819963656483,0.0008744882786566055,0.0005547000212628698,0.004528242322152453,0.004368348193455585
764,0,0.0011249322741019,0.000571446743440561,0.00012738665133318585,0.0008481895087712305,0.0006261594627175429
765,0,0.0023912463938222,0.0010908569817438206,0.0008337947913234205,0.0017410516877830104,0.0016125205925728104
766,0,0.0023232158578968,0.0008918307170580339,0.0008337947913234205,0.001607523287477417,0.0015785053246101103
767,0,0.0003609615455766,0.0003925032183257677,2.084621320627562e-05,0.00037673238195118385,0.00019090387939143781
768,0,0.0004935579540259,0.00024643292228159163,3.9461085152587944e-05,0.00036999543815374584,0.000266509519589244
770,0,0.0021411420201889,0.00043935675263610997,0.00013201919739013002,0.001290249386412505,0.001136580608789515
771,0,0.0018911600335859,0.0009180797873880454,0.00016030781462012743,0.0014046199104869727,0.0010257339241030138
772,0,0.0032557955389124,0.00045026102283685164,0.00025048841318525147,0.001853028280874626,0.0017531419760488257
774,0,0.0004848471284813,0.0004386811379732079,1.6185078846110246e-05,0.0004617641332272539,0.0002505161036637051
775,0,0.000517545570328,0.0005368882189247526,1.6185078846110246e-05,0.0005272168946263763,0.0002668653245870551
776,0,0.0003121879128636,0.0001659958424415042,1.5734498902289695e-05,0.0002390918776525521,0.00016396120588294485
777,0,0.0003703725614294,0.0006380975216231912,2.084621320627562e-05,0.0005042350415262955,0.0001956093873178378
779,0,0.0002629815189916,0.0004275416823128291,2.084621320627562e-05,0.0003452616006522145,0.00014191386609893782
780,0,0.0004695247852626,0.00019333772227606065,1.2936045315080813e-05,0.0003314312537693303,0.0002412304152888404
781,0,0.0003478624342591,0.0002396746724045617,6.513912618466566e-05,0.00029376855333183085,0.00020650078022188282
782,0,0.0005522232652706,0.0004855135324566005,1.6185078846110246e-05,0.0005188683988636003,0.0002842041720583551
783,0,0.0004449015226438,0.0002084518115647285,1.2936045315080813e-05,0.00032667666710426427,0.00022891878397944041
784,0,0.0004459248544863,0.0003084731403158102,1.6185078846110246e-05,0.0003771989974010551,0.00023105496666620513
785,0,0.0018275417446573,0.00047277558701588527,0.000291897808443713,0.0011501586658365925,0.0010597197765505066
786,0,0.0002451339180146,0.00022427261897777086,1.5734498902289695e-05,0.00023470326849618544,0.00013043420845844486
788,0,0.0005706933386353,0.0005597351469005993,6.21016856888654e-05,0.0005652142427679497,0.00031639751216208266
789,0,0.0018486737398178,0.0006192945768996303,0.00017001667186959562,0.001233984158358715,0.0010093452058436978
790,0,0.0001966190964014,0.00040110641430045444,1.5734498902289695e-05,0.0002988627553509272,0.00010617679765184485
792,0,0.0004857188693069,0.0003847545832174115,1.6185078846110246e-05,0.00043523672626215575,0.00025095197407650513
793,0,0.0051925417547146,0.0014542909961198234,0.00017631493158462854,0.0033234163754172117,0.002684428343149614
795,0,0.0004756297268358,0.00037650643766951535,1.6185078846110246e-05,0.0004260680822526577,0.0002459074028409551
796,0,0.0004623502912519,0.00031633786470679817,1.2936045315080813e-05,0.00038934407797934907,0.0002376431682834904
797,0,0.0006588221585715,0.0007179112251607344,7.759236964744919e-05,0.0006883666918661172,0.0003682072641094746
798,0,0.0005081638079921,0.0008408001479741248,2.8266778917912398e-05,0.0006744819779831125,0.0002682152934550062
799,0,0.0008804446980389,0.0010262969649611554,0.000124037831424335,0.0009533708315000277,0.0005022412647316175
800,0,0.0004745927663981,0.000372899021484415,1.6185078846110246e-05,0.0004237458939412575,0.00024538892262210516
801,0,0.0004546183478194,0.0014823735634057356,0.00014132276466343062,0.0009684959556125678,0.00029797055624141534
802,0,0.0041381963975888,0.001820354558398542,0.0007710554476590006,0.0029792754779936707,0.0024546259226239002
803,0,0.0006426082813181,0.0009300068329765336,2.8266778917912398e-05,0.0007863075571473168,0.0003354375301180062
804,0,0.000500486347802,0.00047038313481082635,1.6185078846110246e-05,0.00048543474130641315,0.0002583357133240551
805,0,0.0005338918467663,0.0004763201621652112,1.6185078846110246e-05,0.0005051060044657556,0.0002750384628062051
806,0,0.0008890287166579,0.001378819047122736,0.00016793659163537078,0.001133923881890318,0.0005284826541466353
807,0,0.0005512342826432,0.0010273335818537642,0.0001234802938141981,0.0007892839322484822,0.0003373572882286991
809,0,0.000917616467877,0.0008576998915659155,6.108287504014848e-05,0.0008876581797214577,0.0004893496714585742
810,0,0.0004426759418299,0.000857385218910271,3.806216592383733e-05,0.0006500305803700855,0.00024036905387686867
811,0,0.0004016256664903,0.0008010230145507312,3.3279669681037564e-05,0.0006013243405205155,0.00021745266808566877
812,0,0.0006199345575081,0.0007502838167885597,1.9133219226061395e-05,0.0006851091871483298,0.0003195338883670807
813,0,0.00519515704094,0.002089601147670138,0.0003930679832467343,0.0036423790943050692,0.0027941125120933673
814,0,0.0004039376434622,0.0008298157169628115,3.3279669681037564e-05,0.0006168766802125058,0.0002186086565716188
815,0,0.0005742747292547,0.0007239626764009871,1.7911479828297028e-05,0.0006491187028278435,0.0002960931045414985
816,0,0.0005505649303004,0.00047500451296966355,1.4756889968068784e-05,0.0005127847216350317,0.00028266091013423437
817,0,0.0006351902465953,0.0008578863540798929,0.0001467043648920405,0.0007465383003375964,0.00039094730574367023
818,0,0.0023709930453538,0.0012688543602583596,0.0006369209503345723,0.00181992370280608,0.0015039569978441863
819,0,0.0023298960698423,0.0009398990380780963,0.00015821697969360275,0.0016348975539601982,0.0012440565247679514
820,0,0.0020518192416756,0.0010497403424320362,7.413986629850761e-05,0.0015507797920538181,0.0010629795539870539
821,0,0.0007259209712498,0.0014168408123179576,8.331293537538457e-05,0.0010713808917838788,0.0004046169533125923
822,0,0.0005474487398375,0.0007721320699415071,1.9133219226061395e-05,0.0006597904048895036,0.0002832909795317807
823,0,0.0005731212643956,0.0005139917255455569,1.9133219226061395e-05,0.0005435564949705785,0.0002961272418108307
824,0,0.0004759329880803,0.000885705447876479,3.3047541242671345e-05,0.0006808192179783895,0.00025449026466148566
827,0,0.0005648836526106,0.0005655263575255067,1.21139188570185e-05,0.0005652050050680533,0.0002884987857338092
831,0,0.0004348898304976,0.0012172111702880293,6.33616509433586e-05,0.0008260505003928147,0.0002491257407204793
832,0,0.0006946455976734,0.0010511710086027017,3.561914384177883e-05,0.0008729083031380508,0.0003651323707575894
833,0,0.0008153489314152,0.0016075193180263509,6.33616509433586e-05,0.0012114341247207753,0.0004393552911792793
834,0,0.0012162711125369,0.0004981748368758057,4.0625722499752996e-05,0.0008572229747063529,0.0006284484175183265
835,0,0.0030246183409744,0.0020196678643713377,0.00015902442165714167,0.0025221431026728686,0.0015918213813157708
836,0,0.0007517291927152,0.00065376642544613,1.2175749913611695e-05,0.000702747809080665,0.00038195247131440587
837,0,0.0048659130806151,0.003145537130341762,0.0006872480380537369,0.0040057251054784315,0.0027765805593344185
838,0,0.0007782137835948,0.001230579962131408,4.5196079636667715e-05,0.0010043968728631041,0.00041170493161573387
840,0,0.0023086018978474,0.0006275434375797251,7.606406519064738e-05,0.0014680726677135626,0.0011923329815190238
841,0,0.0019915011776971,0.0016956661034979016,8.331293537538457e-05,0.001843583640597501,0.0010374070565362424
843,0,0.0125143698681196,0.0048793485797496775,0.0005219968383187886,0.00869685922393464,0.006518183353219194
845,0,0.0622909728372363,0.022451239285199924,0.021395717969181615,0.04237110606121811,0.041843345403208956
849,0,0.0395634188507571,0.04026365993190349,0.01092243110962293,0.0399135393913303,0.025242924980190016
851,0,0.0005927426636326,0.00038555697747690796,2.3854079300121166e-05,0.000489149820554754,0.0003082983714663606
852,0,0.0010702422729363,0.0005240449008688297,0.00016030781462012743,0.0007971435869025649,0.0006152750437782137
853,0,0.0023880024111768,0.0010463439808828061,0.0009213765406914403,0.0017171731960298029,0.00165468947593412
854,0,0.0007209474449803,0.0004599312763634142,1.8222344734164025e-05,0.0005904393606718571,0.000369584894857232
856,0,0.0005950925108317,0.0003263530099876214,1.8222344734164025e-05,0.0004607227604096607,0.000306657427782932
857,0,0.0010969170306714,0.0007948412432433619,0.000124037831424335,0.0009458791369573809,0.0006104774310478675
858,0,0.0021088048478863,0.0006094336991212285,0.0004101934187664767,0.0013591192735037641,0.0012594991333263884
859,0,0.0004855664895616,0.0003131053412447208,1.6185078846110246e-05,0.0003993359154031604,0.00025087578420385513
860,0,0.0003194929939972,0.00048415677305160864,2.084621320627562e-05,0.0004018248835244043,0.0001701696036017378
861,0,0.0005683921565292,0.00023385226691421607,1.2936045315080813e-05,0.00040112221172170805,0.00029066410092214043
862,0,0.0008576334634102,0.0007747693419623338,0.000124037831424335,0.0008162014026862668,0.0004908356474172675
863,0,0.0005225173778701,0.0005027116917363784,2.3854079300121166e-05,0.0005126145348032392,0.0002731857285851106
865,0,0.0010199934366762,0.0005381229857824147,5.448630379517e-05,0.0007790582112293074,0.0005372398702356851
866,0,0.0010385706306726,0.0007393157688329148,0.00016895290029864956,0.0008889431997527574,0.0006037617654856248
868,0,0.0002466184731946,0.0002789935847638857,1.5734498902289695e-05,0.0002628060289792428,0.00013117648604844484
869,0,0.00046508201875,0.00036408157435665706,1.2936045315080813e-05,0.0004145817965533285,0.0002390090320325404
871,0,0.0021805444574455,0.0007248278559746814,0.00015500955468169544,0.0014526861567100906,0.0011677770060635976
872,0,0.00258925336164,0.0007459367228414074,0.00025048841318525147,0.0016675950422407038,0.0014198708874126257
873,0,0.003040103190241,0.0012230297727513087,0.0005547000212628698,0.0021315664814961542,0.001797401605751935
874,0,0.001094045736911,0.0015109185434776446,0.000124037831424335,0.0013024821401943223,0.0006090417841676675
875,0,0.0008884206989387,0.0010791219842387078,0.000124037831424335,0.000983771341588704,0.0005062292651815176
876,0,0.0010365269512758,0.0005383177128518312,3.4254184340458914e-05,0.0007874223320638155,0.0005353905678081295
877,0,0.0010660916219968,0.0006796395918266704,5.13759718391519e-05,0.0008728656069117351,0.0005587337969179759
878,0,0.0004889981668319,0.0003601986676791854,1.6185078846110246e-05,0.0004245984172555427,0.0002525916228390051
879,0,0.0004805108082746,0.000277515046419644,1.2936045315080813e-05,0.000379012927347122,0.0002467234267948404
881,1,0.9844441835315482,0.9955404799215057,0.9897723551738165,0.9899923317265269,0.9871082693526823
883,0,0.0012071106088447,0.00029780171796423477,3.579481976389114e-05,0.0007524561634044675,0.0006214527143042956
884,0,0.0003327153662922,0.0006817669613989584,2.084621320627562e-05,0.0005072411638455792,0.00017678078974923782
887,0,0.000498361512913,0.0004371067164363309,1.815092999475052e-05,0.0004677341146746654,0.00025825622145387526
888,0,0.012601279649122,0.001149833177717324,7.759236964744919e-05,0.006875556413419662,0.006339436009384724
889,0,0.0006535159454522,0.0012889675418498387,0.0002775032652848574,0.0009712417436510193,0.00046550960536852865
890,0,0.0012313860390381,0.0012671337217259634,0.00016831987435351255,0.0012492598803820316,0.0006998529566958063
891,0,0.005183343077773,0.0014960494738768828,0.0010964961747076212,0.0033396962758249415,0.0031399196262403106
892,0,0.0009580382779244,0.0016139263724376633,0.00037254344718311907,0.0012859823251810316,0.0006652908625537596
893,0,0.002871758878535,0.001048038776991966,0.0006369209503345723,0.001959898827763483,0.001754339914434786
894,0,0.0005983245406941,0.0009934819643096571,5.979624711709186e-05,0.0007959032525018785,0.0003290603939055959
895,0,0.0014656023160495,0.0015568446175693957,0.00033706588424595554,0.0015112234668094478,0.0009013341001477277
896,0,0.001163363646387,0.001058750410725785,0.000145900333996708,0.0011110570285563924,0.000654631990191854
897,0,0.0004558230933922,0.0008198552017559622,4.112366575086379e-05,0.0006378391475740811,0.0002484733795715319
898,0,0.0009272567486646,0.0012102295423607565,3.480826615449476e-05,0.0010687431455126783,0.0004810325074095474
899,0,0.0013893975396232,0.0015066936758746023,0.00010584668925761503,0.0014480456077489011,0.0007476221144404075
903,0,0.0011000869306456,0.001425779545874711,0.0003405194737428351,0.0012629332382601555,0.0007203032021942176
904,1,0.6265226156819004,0.007742228353145421,0.9923025429637481,0.3171324220175229,0.8094125793228242
905,0,0.0022385478900372,0.0011576287191721417,3.507103527691651e-05,0.0016980883046046709,0.0011368094626570584
907,0,0.0006811239531713,0.0007461353042666283,1.7679249381646716e-05,0.0007136296287189642,0.0003494016012764733
908,0,0.0066130761200225,0.0017344582268308648,0.000669382054748523,0.004173767173426682,0.0036412290873855113
909,0,0.0009422051289745,0.0004297705337981438,3.8502103537629464e-05,0.0006859878313863219,0.0004903536162560647
910,0,0.0007612390156169,0.0007640590203601104,7.468850657390115e-05,0.0007626490179885052,0.00041796376109540055
911,0,0.000680374911723,0.001187535551323704,6.33616509433586e-05,0.0009339552315233519,0.0003718682813331793
913,0,0.0005991010675812,0.000925985245558137,6.33616509433586e-05,0.0007625431565696685,0.0003312313592622793
914,0,0.0036660106899378,0.00202310520007935,0.0008681079508723957,0.002844557945008575,0.002267059320405098
915,0,0.0005920614048328,0.0005842475999535264,6.315254348051204e-05,0.0005881545023931632,0.00032760697415665604
918,0,0.0022468006358795,0.0024393315132861674,0.00021725286833637307,0.0023430660745828334,0.0012320267521079365
919,0,0.0014278450972416,0.001110638681146946,2.9743263506417857e-05,0.001269241889194273,0.000728794180374009
920,0,0.0008455770983096,0.0028532904813993107,0.00013611027459788205,0.0018494337898544554,0.000490843686453741
921,0,0.0007353337189139,0.000716355807368658,7.606406519064738e-05,0.000725844763141279,0.0004056988920522737
922,0,0.0023134821873865,0.0005941103958279802,2.8332960540504387e-05,0.0014537962916072401,0.001170907573963502
923,0,0.0247536609364043,0.009436090824908202,0.0042163956819903856,0.017094875880656252,0.014485028309197344
924,0,0.0355327610903479,0.015520534886299774,0.014650060570852694,0.025526647988323835,0.0250914108306003
925,0,0.0391841081148036,0.036527803030680324,0.008378615719436038,0.03785595557274196,0.02378136191711982
926,0,0.078915056139607,0.11576331751608272,0.02417224423153979,0.09733918682784487,0.0515436501855734
927,1,0.9600186549429728,0.9823932431943909,0.9994754982145051,0.9712059490686819,0.9797470765787389
928,0,0.00199519669186,0.0008785874659636128,0.0001551908354178066,0.0014368920789118065,0.0010751937636389033
929,0,0.0009717579679622,0.0004942170396649088,5.13759718391519e-05,0.0007329875038135544,0.000511566969900676
930,0,0.0010730440790781,0.0005949978657469306,0.00015500955468169544,0.0008340209724125153,0.0006140268168798976
931,0,0.0005711555208544,0.00032417970581221533,2.667952402754046e-05,0.00044766761333330765,0.00029891752244097026
932,0,0.0004802816853727,0.00019505835375991135,1.2936045315080813e-05,0.0003376700195663057,0.0002466088653438904
933,0,0.0021384988500839,0.00033237232634805963,0.00025048841318525147,0.0012354355882159798,0.0011944936316345756
934,0,0.0003267309919455,0.0004509650213224512,2.084621320627562e-05,0.0003888480066339756,0.0001737886025758878
937,0,0.001067434758826,0.0004534202787853479,7.917112902732683e-05,0.0007604275188056739,0.0005733029439266634
938,0,0.0205405331182057,0.0016337278729489986,0.0007286039416286917,0.011087130495577349,0.010634568529917196
939,0,0.0006561683841861,0.00021056478272050652,3.9461085152587944e-05,0.0004333665834533033,0.00034781473466934397
940,0,0.0003194969941725,0.0005342122245975982,2.084621320627562e-05,0.0004268546093850491,0.00017017160368938783
941,0,0.0010718311658227,0.00038601998704322464,7.310289356538994e-05,0.0007289255764329624,0.000572467029694045
942,0,0.0005910144165927,0.0005647590826573753,0.00023281333444490591,0.0005778867496250376,0.00041191387551880294
943,0,0.0004809230167681,0.00035471950024500235,1.6185078846110246e-05,0.0004178212585065512,0.0002485540478071051
944,0,0.0006516503738376,0.0005438763912438986,4.255304732444171e-05,0.0005977633825407494,0.0003471017105810209
946,0,0.0020504026038765,0.0006615096040297816,0.0004101934187664767,0.0013559561039531408,0.0012302980113214883
947,0,0.0047341417450772,0.0009441077240747856,0.0005547000212628698,0.002839124734575993,0.002644420883170035
949,0,0.0003535542809095,0.0002237740238596556,3.432837898767922e-05,0.0002886641523845778,0.0001939413299485896
950,0,0.0005012255771951,0.00038610579336972574,1.6185078846110246e-05,0.00044366568528241284,0.0002587053280206051
951,0,0.000500800053173,0.0006877564683841689,5.429879722052363e-05,0.0005942782607785844,0.0002775494251967618
953,0,0.0003412500069726,0.00037987266170567285,2.9857180711155064e-05,0.0003605613343391364,0.00018555359384187753
954,0,0.0002770446188704,0.0005541388630171217,2.084621320627562e-05,0.00041559174094376087,0.00014894541603833783
955,0,0.0008493418556971,0.0009174516876275089,9.345757072855449e-05,0.0008833967716623044,0.00047139971321282723
956,0,0.0005460640845247,0.001801478738360318,0.00014132276466343062,0.001173771411442509,0.0003436934245940653
957,0,0.0003170455692981,0.000622260671162632,1.5734498902289695e-05,0.000469653120230366,0.00016639003410019485
959,0,0.000965009988935,0.0015111275615500833,0.0004310813017785032,0.0012380687752425418,0.0006980456453567517
960,0,0.0005482719042396,0.0004968680128604164,1.6185078846110246e-05,0.0005225699585500082,0.0002822284915428551
961,0,0.00049437221225,0.00029714624823810437,1.2936045315080813e-05,0.0003957592302440522,0.0002536541287825404
963,0,0.0005318962962543,0.0008023257257715729,2.5201159793819864e-05,0.0006671110110129364,0.0002785487280240599
965,0,0.0013339946543764,0.0020105030470992324,0.00017595659124214902,0.0016722488507378162,0.0007549756228092746
966,0,0.0006166763352322,0.00048498391445823264,2.1598272792135776e-05,0.0005508301248452163,0.00031913730401216786
969,0,0.0003878085888095,0.0006986744793108782,7.428089327933054e-05,0.0005432415340601892,0.00023104474104441525
970,0,0.0011768557162989,0.0014580884582831633,0.00012993318875349145,0.0013174720872910317,0.0006533944525261957
971,0,0.0004063936130899,0.0007054252757508378,4.112366575086379e-05,0.0005559094444203689,0.00022375863942038189
972,0,0.0005279906105609,0.0006498664740505925,1.9133219226061395e-05,0.0005889285423057463,0.0002735619148934807
975,0,0.0006888006608726,0.00034193953294717763,1.815092999475052e-05,0.0005153700969098888,0.00035347579543367527
976,0,0.0005243162867312,0.000852098179069992,2.5201159793819864e-05,0.0006882072329005961,0.00027475872326250994
977,0,0.0014043711549992,0.0014263129872295335,0.00025614563212929676,0.0014153420711143668,0.0008302583935642484
978,0,0.0012999991359416,0.002445820480581388,0.00017595659124214902,0.001872909808261494,0.0007379778635918746
979,0,0.0003775798257259,0.0006780333962193759,2.2956853599533354e-05,0.000527806610972638,0.00020026833966271668
980,0,0.0009754113800403,0.0014742158425726975,0.00020413005673512572,0.0012248136113064989,0.0005897707183877129
981,0,0.0007279843136974,0.001416110126194482,0.00010265970548332288,0.001072047219945941,0.0004153220095903614
983,0,0.0004721993262646,0.0008450132769906359,3.3279669681037564e-05,0.0006586063016276179,0.0002527394979728188
984,0,0.0006811930737181,0.0013612435663785693,3.3165004956500466e-05,0.0010212183200483346,0.0003571790393373002
986,0,0.0007493892477817,0.0015856291723223355,0.00021248650073325053,0.0011675092100520178,0.0004809378742574753
987,0,0.0013131114347087,0.0017837034391514214,4.3204499979733994e-05,0.0015484074369300606,0.0006781579673442171
988,0,0.00053245484753,0.0009689255901530453,3.3047541242671345e-05,0.0007506902188415226,0.00028275119438633567
989,0,0.0019825930214363,0.002136023311138141,0.00036950065943100756,0.0020593081662872207,0.001176046840433654
991,0,0.000698743870872,0.001707220653997561,0.00015936512126378253,0.0012029822624347805,0.00042905449606789125
992,0,0.0004683620980003,0.0006902779436237025,3.3047541242671345e-05,0.0005793200208120012,0.0002507048196214857
993,0,0.0005826567670436,0.0008894364850171607,5.3110879225978195e-05,0.0007360466260303804,0.0003178838231347891
994,0,0.0006512676413992,0.0005553300246789582,6.315254348051204e-05,0.0006032988330390791,0.000357210092439856
995,0,0.0302683722992548,0.0008150107202755252,0.00013526984322762548,0.015541691509765162,0.015201821071241213
996,0,0.0007017678883741,0.0007630104326646894,7.468850657390115e-05,0.0007323891605193947,0.0003882281974740006
997,0,0.0049016746081811,0.0016778262506749887,0.00045136782216160474,0.0032897504294280445,0.0026765212151713524
998,0,0.000852392991431,0.0007081043206266659,7.606406519064738e-05,0.0007802486560288329,0.0004642285283108237
999,0,0.0020802553708818,0.0014159977928823383,5.13759718391519e-05,0.0017481265818820692,0.001065815671360476
1000,0,0.0007759979401144,0.00046398270190390337,1.21139188570185e-05,0.0006199903210091517,0.00039405592948570925
1001,0,0.0009958391729688,0.0005454494248297108,1.21139188570185e-05,0.0007706442988992554,0.0005039765459129092
1003,0,0.0009441127617147,0.0007499837005818031,1.21139188570185e-05,0.0008470482311482516,0.00047811334028585923
1004,0,0.0017102220537638,0.0017899037196699883,6.760911045669557e-05,0.001750062886716894,0.0008889155821102478
1006,0,0.0215631650118408,0.010486670175916363,0.0035045978368992104,0.01602491759387858,0.012533881424370006
1007,0,0.0986148055300632,0.14876865406651102,0.05210923823217605,0.1236917297982871,0.07536202188111962
1008,0,0.0005160205328618,0.0002625554245117801,1.8222344734164025e-05,0.00038928797868679,0.000267121438797982
1009,0,0.0004775809877176,0.0002183870402552834,9.312288770601301e-05,0.0003479840139864417,0.0002853519377118065
1010,0,0.0007753684479566,0.0009353265287407514,7.8045624775581e-05,0.0008553474883486757,0.0004267070363660905
1012,0,0.0003273793368637,0.0005116542906496584,2.084621320627562e-05,0.0004195168137566792,0.00017411277503498782
1013,0,0.0008413445246216,0.0003867723418733527,5.38194938377958e-05,0.0006140584332474763,0.0004475820092296979
1016,0,0.0022405225648,0.0009659929253123178,0.00041945774509120345,0.001603257745056159,0.0013299901549456018
1017,1,0.9825911611806072,0.9944026181637918,0.9929764303016856,0.9884968896721995,0.9877837957411464
1018,0,0.0005870372627844,0.0004109817803775173,2.3854079300121166e-05,0.0004990095215809587,0.0003054456710422606
1019,0,0.0062628875106251,0.0010013343636206694,0.0005547000212628698,0.003632110937122885,0.003408793765943985
1020,0,0.0010687681131222,0.0006484373396338108,0.00015500955468169544,0.0008586027263780055,0.0006118888339019478
1021,0,0.0032484219361809,0.0012964526349202885,0.00015500955468169544,0.0022724372855505944,0.0017017157454312978
1022,0,0.0003146215727921,0.0005215113152433788,2.084621320627562e-05,0.0004180664440177394,0.00016773389299918782
1023,0,0.0004921752374872,0.0003571137416145786,2.3854079300121166e-05,0.0004246444895508893,0.0002580146583936606
1024,0,0.0010324373933451,0.0008132708165810485,0.000124037831424335,0.0009228541049630742,0.0005782376123847175
1025,0,0.0009104077773002,0.00048128623721059886,2.9087788582833464e-05,0.0006958470072553995,0.00046974778294151675
1026,0,0.0004985266020065,0.000374840885346044,1.6185078846110246e-05,0.00043668374367627203,0.0002573558404263051
1028,0,0.0028867863101563,0.0008109678097186317,0.0005547000212628698,0.0018488770599374659,0.001720743165709585
1029,0,0.0004235282093884,0.0003118498904820325,1.2936045315080813e-05,0.00036768904993521626,0.0002182321273517404
1030,0,0.0002942016272266,0.0005987243039173895,2.084621320627562e-05,0.00044646296557199476,0.00015752392021643782
1031,0,0.0003933521649023,0.0004294970349037798,3.603940198894198e-05,0.00041142459990303987,0.000214695783445621
1032,0,0.0004955931079582,0.00039238234068214947,1.6185078846110246e-05,0.00044398772432017476,0.0002558890934021551
1033,0,0.0010522994457206,0.0003591180934220502,1.6185078846110246e-05,0.0007057087695713251,0.0005342422622833551
1034,0,0.0004891022857157,0.0005768722714709121,2.3854079300121166e-05,0.000532987278593306,0.00025647818250791057
1035,0,0.0012520490648778,0.0005160168171359549,5.13759718391519e-05,0.0008840329410068775,0.000651712518358476
1036,0,0.000902187081005,0.0012916281115870412,0.00028323934585409224,0.0010969075962960206,0.0005927132134295461
1037,0,0.0003077266339336,0.0006436612065463635,2.084621320627562e-05,0.0004756939202399817,0.0001642864235699378
1038,0,0.0003356260825711,0.0005682656278683192,2.084621320627562e-05,0.0004519458552197096,0.00017823614788868783
1039,0,0.0004818864622657,0.0009385611273137681,2.3854079300121166e-05,0.0007102237947897341,0.00025287027078291056
1040,0,0.0003318843678616,0.00090311406967545,1.5734498902289695e-05,0.000617499218768525,0.00017380943338194486
1041,0,0.0004978949797878,0.0009039331008623014,2.8266778917912398e-05,0.0007009140403250507,0.00026308087935285616
1042,0,0.0008537691840711,0.0015506309515847096,0.00017595659124214902,0.0012022000678279048,0.0005148628876566246
1043,0,0.0005048416073176,0.00045860561005767886,1.6185078846110246e-05,0.00048172360868763944,0.0002605133430818551
1044,0,0.000697753371803,0.0009988965269698072,0.00012250409491193937,0.0008483249493864036,0.0004101287333574697
1045,0,0.0004084527226512,0.0006323506945869963,7.428089327933054e-05,0.0005204017086190982,0.00024136680796526527
1046,0,0.0016703032598911,0.000909419036972244,0.00016831987435351255,0.001289861148431672,0.0009193115671223063
1047,0,0.0023825310309173,0.0009126745682082292,0.0004848760666375479,0.0016476027995627647,0.001433703548777424
1049,0,0.0005762228720427,0.000978152664594136,2.3854079300121166e-05,0.0007771877683184179,0.0003000384756714106
1050,0,0.0007794737666518,0.001326675154732207,0.00011563050956100104,0.0010530744606920034,0.00044755213810640054
1051,0,0.0020464417150724,0.0018395286629821087,0.0008790226449347483,0.0019429851890272543,0.0014627321800035741
1052,0,0.0005347301941973,0.00035613810305274726,1.815092999475052e-05,0.0004454341486250236,0.0002764405620960253
1053,0,0.0012216604255026,0.0017027219601680567,0.00017595659124214902,0.0014621911928353283,0.0006988085083723746
1055,0,0.0014796310251699,0.0013396584496606033,2.9087788582833464e-05,0.0014096447374152515,0.0007543594068763667
1057,0,0.0005064741432824,0.0006368774786000805,1.9133219226061395e-05,0.0005716758109412402,0.0002628036812542307
1058,0,0.0005584093325032,0.0007199792341795497,1.9133219226061395e-05,0.0006391942833413749,0.00028877127586463073
1059,0,0.0008488300206298,0.001051800486633616,3.480826615449476e-05,0.0009503152536317081,0.0004418191433921474
1060,0,0.000579702375678,0.0013484198960390145,0.00014132276466343062,0.0009640611358585072,0.0003605125701707153
1061,0,0.0014524132883856,0.0014213053271719589,0.00025614563212929676,0.0014368593077787794,0.0008542794602574484
1062,0,0.0011170829354538,0.0007911367049425518,0.00014515951953923724,0.000954109820198176,0.0006311212274965187
1064,0,0.0011853218376037,0.0009364539518400257,2.5201159793819864e-05,0.001060887894721863,0.00060526149869876
1065,0,0.0010662995177381,0.0011251219904641183,6.964112581064317e-05,0.001095710754101109,0.0005679703217743716
1066,0,0.0007610916874721,0.00171158901377078,0.00036174461610029085,0.00123634035062144,0.0005614181517861954
1068,0,0.0006274320827224,0.0009317089108917501,1.9133219226061395e-05,0.0007795704968070751,0.0003232826509742307
1070,0,0.0009000769577722,0.0017011004984568106,0.0001556295338552766,0.0013005887281145054,0.0005278532458137383
1071,0,0.000678674128601,0.0009780508990078142,3.561914384177883e-05,0.000828362513804407,0.0003571466362213894
1072,0,0.0016841158768772,0.0013385045891000545,0.0002014255602641854,0.0015113102329886272,0.0009427707185706926
1073,0,0.0011967460888648,0.001103764147864258,0.0005329802095602704,0.0011502551183645289,0.0008648631492125351
1076,0,0.0037967531557213,0.0017388426462312005,0.00036096133649790645,0.00276779790097625,0.002078857246109603
1077,0,0.000694966478351,0.000824955593071104,5.3110879225978195e-05,0.0007599610357110519,0.0003740386787884891
1079,0,0.0017948916502179,0.0018825378557684827,3.561914384177883e-05,0.0018387147529931912,0.0009152553970298394
1080,0,0.0015545906754692,0.0011154775214809573,0.00016867557193058668,0.0013350340984750785,0.0008616331236998933
1081,0,0.0015808959230719,0.0011914287686068017,0.00016867557193058668,0.0013861623458393509,0.0008747857475012434
1082,0,0.0006125857548133,0.0012370524678863505,5.3110879225978195e-05,0.0009248191113498253,0.0003328483170196391
1083,0,0.0017921673405109,0.0019764367661535627,5.065646077187039e-05,0.0018843020533322315,0.0009214119006413852
1084,0,0.0012464357723599,0.0022365987738761873,8.331293537538457e-05,0.0017415172731180435,0.0006648743538676423
1086,1,0.895499433667645,0.95731970554828,0.9010094880347994,0.9264095696079625,0.8982544608512222
1087,0,0.0358520396008566,0.02492701716382677,0.003543825778334941,0.030389528382341685,0.01969793268959577
1088,1,0.0159709946346356,0.007419934337469132,0.008585379393757657,0.011695464486052366,0.01227818701419663
1089,0,0.0010049540119348,0.000451866961905908,0.00016030781462012743,0.0007284104869203539,0.0005826309132774636
1090,0,0.00174936361026,0.0008750802998079267,0.00017595659124214902,0.0013122219550339633,0.0009626601007510745
1091,0,0.0003414068306482,0.0005308276145952961,2.084621320627562e-05,0.00043611722262174805,0.00018112652192723782
1092,0,0.0005461563250504,0.00040860366872101867,1.9029926975777212e-05,0.00047737999688570934,0.0002825931260130886
1093,0,0.0002853248805716,0.0002674079964797814,1.5734498902289695e-05,0.0002763664385256907,0.00015052968973694485
1095,0,0.0023559597767629,0.0006218678243302452,0.0004618028284260978,0.0014889138005465727,0.0014088813025944988
1096,1,0.9003421828923447,0.7245008462101973,0.9882549609343214,0.812421514551271,0.944298571913333
1097,0,0.0004774126793323,0.00034777541210396286,1.8222344734164025e-05,0.00041259404571813144,0.000247817512033232
1098,0,0.0017504854782507,0.000590879000881493,0.00021286014469797262,0.0011706822395660965,0.0009816728114743364
1099,0,0.0004780687434119,0.00039550434025430203,2.3854079300121166e-05,0.00043678654183310105,0.00025096141135601057
1100,0,0.00022557275383,0.0001668476399886154,1.5734498902289695e-05,0.0001962101969093077,0.00012065362636614485
1102,0,0.0002227522284147,0.00026306337001285316,1.5734498902289695e-05,0.0002429077992137766,0.00011924336365849485
1103,0,0.0030906343495896,0.001041783760240048,0.0005547000212628698,0.002066209054914824,0.001822667185426235
1104,0,0.0004944194866047,0.00030922664253895386,1.6185078846110246e-05,0.0004018230645718269,0.0002553022827254051
1107,0,0.0003892431414731,0.00045473315977078934,2.084621320627562e-05,0.0004219881506219447,0.00020504467733968782
1108,0,0.0002250094831127,0.00022205812477064525,1.5734498902289695e-05,0.0002235338039416726,0.00012037199100749485
1109,0,0.0003143214456542,0.00023499553945084,1.5734498902289695e-05,0.00027465849255252004,0.00016502797227824486
1111,0,0.0023004791940035,0.0007828110165539221,0.00025048841318525147,0.001541645105278711,0.0012754838035943757
1112,0,0.0004317167154168,0.0003828338718556632,6.513912618466566e-05,0.00040727529363623156,0.0002484279208007328
1114,0,0.0004507227629625,0.0009515700048593594,0.00017595659124214902,0.0007011463839109297,0.0003133396771023245
1115,0,0.0004932741297453,0.00036278265301841465,1.2936045315080813e-05,0.00042802839138185737,0.00025310508753019045
1116,0,0.0014212049230783,0.001426449104949305,0.000124037831424335,0.0014238270140138026,0.0007726213772513175
1117,0,0.0004044844058727,0.0007621684418276939,2.084621320627562e-05,0.000583326423850197,0.00021266530953948783
1118,0,0.0003696238913654,0.0005751876663216852,1.5734498902289695e-05,0.0004724057788435426,0.00019267919513384486
1119,0,0.0008882642004947,0.0005037886622538421,2.3285209751233358e-05,0.000696026431374271,0.0004557747051229667
1120,0,0.0035129395328698,0.002259673740618775,0.0010964961747076212,0.0028863066367442874,0.0023047178537887107
1121,0,0.0015452746018942,0.0009309753915840447,2.7879834816755138e-05,0.0012381249967391224,0.0007865772183554776
1122,0,0.0004707736998329,0.0004946538780895974,1.815092999475052e-05,0.0004827137889612487,0.00024446231491382525
1123,0,0.0005338367177456,0.00035228799860309953,2.2037807155403322e-05,0.0004430623581743498,0.00027793726245050167
1124,1,0.8253916751584127,0.48933380172971924,0.9913621989055043,0.657362738444066,0.9083769370319585
1125,1,0.9465413956154124,0.9289417764609393,0.9969854202449778,0.9377415860381759,0.9717634079301951
1126,0,0.002130690988779,0.0010927329122742463,0.0004848760666375479,0.0016117119505266232,0.0013077835277082739
1128,0,0.0005087153179054,0.0004735861767611322,1.6185078846110246e-05,0.0004911507473332661,0.0002624501983757551
1129,0,0.0005483582487314,0.0003970831425965111,3.579481976389114e-05,0.0004727206956639556,0.0002920765342476456
1130,0,0.0005292842816059,0.001366603716263781,2.7879834816755138e-05,0.0009479439989348406,0.0002785820582113276
1131,0,0.0011968273848048,0.0008853581080008768,7.413986629850761e-05,0.0010410927464028384,0.0006354836255516537
1132,0,0.0005521366355367,0.0004877558130275468,1.815092999475052e-05,0.0005199462242821234,0.0002851437827657253
1134,0,0.0009226548729856,0.00136772728366655,0.00031190851729523167,0.001145191078326075,0.0006172816951404158
1135,0,0.001160505935146,0.0013403042603798109,0.000145900333996708,0.0012504050977629054,0.0006532031345713539
1137,0,0.0005549652892256,0.0007540266075752284,3.3279669681037564e-05,0.0006544959484004141,0.0002941224794533188
1140,0,0.0004956316629579,0.0008463037044886572,2.982825594334265e-05,0.0006709676837232786,0.00026272995945062134
1142,0,0.0004159201955141,0.0009537736248358874,7.001882896618027e-05,0.0006848469101749938,0.0002429695122401401
1143,0,0.0005031216108015,0.0008468306882878121,0.00012476580680357606,0.000674976149544656,0.00031394370880253805
1144,0,0.000503895473715,0.0013032111512840969,6.33616509433586e-05,0.0009035533124995485,0.00028362856232917933
1145,1,0.9694659200884916,0.9601061671667965,0.9958416543988742,0.9647860436276441,0.9826537872436829
1146,0,0.000767546606708,0.0005043848502663346,1.4681951523862876e-05,0.0006359657284871673,0.0003911142791159314
1147,0,0.0005453403811615,0.0009963178632443844,6.33616509433586e-05,0.0007708291222029422,0.0003043510160524293
1150,0,0.0012845908691012,0.0013400871053182025,0.00010248214595658399,0.0013123389872097013,0.000693536507528892
1151,0,0.0007963040719804,0.0013184620232539758,7.468850657390115e-05,0.0010573830476171878,0.0004354962892771506
1152,0,0.0043155043329122,0.0029885779206604243,0.00140143484476326,0.0036520411267863123,0.00285846958883773
1153,0,0.0009021317119357,0.001849492691196922,8.331293537538457e-05,0.001375812201566311,0.0004927223236555423
1154,0,0.0005392035982215,0.0008669381677886068,2.6255935693992162e-05,0.0007030708830050535,0.00028272976695774613
1155,0,0.0028823458998432,0.0019586812814684747,0.0013442624652314147,0.0024205135906558376,0.002113304182537307
1156,0,0.0007722431130167,0.0008181404212398712,1.4756889968068784e-05,0.0007951917671282856,0.00039350000149238436
1157,0,0.0045568372950257,0.0016786528043160128,5.065646077187039e-05,0.0031177450496708567,0.0023037468778987855
1158,0,0.0013944282772524,0.0017666825807881627,6.33616509433586e-05,0.0015805554290202813,0.0007288949640978792
1159,0,0.0030626914416091,0.0030437564075788646,0.0007432731763793953,0.0030532239245939824,0.0019029823089942478
1161,0,0.0010399520668476,0.0020950342547140155,0.0001556295338552766,0.0015674931607808076,0.0005977908003514383
1162,1,0.9731574395895092,0.9863099978556059,0.9968456447239038,0.9797337187225575,0.9850015421567064
1163,1,0.9629903336195696,0.9959519778647775,0.9878582726567271,0.9794711557421736,0.9754243031381484
1164,0,0.1310137964275978,0.04015763578119756,0.10406189601515431,0.08558571610439769,0.11753784622137606
1165,0,0.0249277241252858,0.022387461501032307,0.024739831528022987,0.023657592813159052,0.024833777826654392
1167,0,0.0332515397208221,0.016616605957729413,0.021669555818324214,0.024934072839275755,0.027460547769573157
1170,0,0.1489549297171152,0.05087135011642816,0.15126760440590187,0.09991313991677167,0.1501112670615085
1171,0,0.1319609153297667,0.08860129444234152,0.18254210882873567,0.11028110488605411,0.1572515120792512
1172,0,0.0330831001069045,0.018708169779866397,0.008121774127005156,0.02589563494338545,0.02060243711695483
1173,0,0.3179084056186531,0.3950236362473052,0.11741608782880994,0.35646602093297913,0.21766224672373152
1175,0,0.0018601093324039,0.00042585693108613794,0.00013201919739013002,0.001142983131745019,0.000996064264897015
1176,0,0.00046036158656,0.0002957781835001855,2.3854079300121166e-05,0.00037806988503009275,0.0002421078329300606
1178,0,0.0002885987605961,0.0004570579317450268,2.084621320627562e-05,0.0003728283461705634,0.0001547224869011878
1179,0,0.0079496562492055,0.002057308775019614,0.00020652468199194835,0.005003482512112556,0.004078090465598724
1180,0,0.0008532607853249,0.00042071804663618666,9.53120542051594e-05,0.0006369894159805433,0.00047428641976502973
1181,0,0.0002127913748081,0.00024572014012806236,1.5734498902289695e-05,0.0002292557574680812,0.00011426293685519485
1182,0,0.0015401598389258,0.0007480774983602505,0.00035659856553179914,0.0011441186686430252,0.0009483792022287996
1183,0,0.001278005273211,0.0004222484257390275,0.0004104356103630457,0.0008501268494750138,0.0008442204417870229
1185,0,0.0005352879504802,0.0002405106576892418,3.0620347346348497e-05,0.0003878993040847209,0.00028295414891327426
1186,0,0.0006769656560606,0.0004447813611243607,4.255304732444171e-05,0.0005608735085924803,0.0003597593516925209
1187,0,0.0011017031006257,0.00045399092855470126,0.00021286014469797262,0.0007778470145902006,0.0006572816226618363
1188,0,0.0004352518260173,0.0001688326402154865,1.2936045315080813e-05,0.00030204223311639325,0.0002240939356661904
1189,0,0.0036658958523032,0.0006038056491496933,0.00016895290029864956,0.0021348507507264465,0.0019174243763009247
1191,0,0.0004426292701458,0.00042901344102587886,2.3854079300121166e-05,0.0004358213555858394,0.00023324167472296058
1192,0,0.0003083812556531,0.0007042569417948084,2.4356913379209013e-05,0.0005063190987239542,0.00016636908451615452
1193,0,0.0004774531179557,0.0006856993625879306,5.429879722052363e-05,0.0005815762402718153,0.00026587595758811183
1194,0,0.0019473979110277,0.0005226888009462716,0.00025048841318525147,0.0012350433559869859,0.0010989431621064756
1195,0,0.0003002309531066,0.0005073376656741077,2.084621320627562e-05,0.00040378430939035385,0.00016053858315643783
1196,0,0.0003414257787928,0.0003855087028873258,3.530344799548206e-05,0.0003634672408400629,0.00018836461339414104
1197,0,0.0004864766589174,0.0007215878821510844,2.3854079300121166e-05,0.0006040322705342422,0.00025516536910876055
1198,0,0.0005845130902111,0.0005850475110568782,0.00015221794222499284,0.0005847803006339891,0.00036836551621804645
1199,0,0.0010547224202147,0.0005804412194438139,2.3854079300121166e-05,0.000817581819829257,0.0005392882497574106
1200,0,0.0006144581960123,0.0006571641258792892,7.759236964744919e-05,0.0006358111609457947,0.0003460252828298746
1201,0,0.0029948782358301,0.0012308693368568002,0.00031067911944954396,0.00211287378634345,0.001652778677639822
1202,0,0.0004231367935851,0.0003343938697726484,1.2936045315080813e-05,0.0003787653316788742,0.0002180364194500904
1203,0,0.0020440354274838,0.0009426254196496403,0.0004101934187664767,0.0014933304235667203,0.0012271144231251383
1204,0,0.0010086949105634,0.0008873699349242394,0.00014238759469364364,0.0009480324227438197,0.0005755412526285218
1205,0,0.0005140157795512,0.0009792726285033845,2.3854079300121166e-05,0.0007466442040272923,0.0002689349294256606
1206,0,0.0022734952422631,0.0008903911257746008,0.00017592696016579447,0.0015819431840188504,0.0012247111012144473
1207,0,0.0020055188087892,0.001007319913852698,0.0004848760666375479,0.001506419361320949,0.001245197437713374
1208,0,0.0003031851143153,0.0005496684641626111,2.084621320627562e-05,0.0004264267892389556,0.00016201566376078782
1209,0,0.0004156650530802,0.0008906927374446916,7.428089327933054e-05,0.0006531788952624458,0.0002449729731797653
1210,0,0.2692564563323021,0.6597103223371479,0.00010696275314291243,0.464483389334725,0.13468170954272252
1212,0,0.0012645011616923,0.001133832702435427,9.031421264148349e-05,0.0011991669320638636,0.0006774076871668917
1214,0,0.0003769957044065,0.00042450961529366205,2.982825594334265e-05,0.00040075265985008103,0.00020341198017492134
1215,0,0.0004878726211252,0.00044276301475902955,1.6185078846110246e-05,0.0004653178179421148,0.0002520288499856551
1216,0,0.0014787541160352,0.0008124006169094902,0.000291897808443713,0.0011455773664723451,0.0008853259622394565
1218,0,0.0005184104456267,0.0008455775281543624,1.9133219226061395e-05,0.0006819939868905312,0.0002687718324263807
1219,0,0.0004798557266952,0.0003437462502694736,1.4756889968068784e-05,0.0004118009884823368,0.0002473063083316344
1220,0,0.0060214669462519,0.0010985623966528984,0.00015357079247776495,0.003560014671452399,0.0030875188693648328
1221,0,0.0008454967902467,0.0011480260088823425,0.00023858697254801117,0.0009967613995645213,0.0005420418813973557
1222,0,0.0014682102215853,0.0009989864142644859,0.0001452037372292895,0.0012335983179248928,0.0008067069794072948
1223,0,0.0120025719642294,0.004555422303152394,0.00029365200460391327,0.008278997133690897,0.006148111984416656
1224,0,0.0007943443147228,0.001426117016904371,0.00012010518244066627,0.0011102306658135855,0.00045722474858173317
1225,0,0.0010427207094473,0.00161650336566253,0.00014698051999410418,0.0013296120375549149,0.000594850614720702
1226,0,0.0004805546241174,0.0005990129825314839,1.9133219226061395e-05,0.000539783803324442,0.0002498439216717307
1228,0,0.0008269913410091,0.0010205410104182433,0.00012123380552637544,0.0009237661757136716,0.0004741125732677377
1229,0,0.0002540398066377,0.0006842467452832123,3.3047541242671345e-05,0.0004691432759604562,0.00014354367394018569
1230,0,0.0039043698687519,0.0016343487521191201,0.0014156777180384242,0.00276935931043551,0.002660023793395162
1231,0,0.0007558945702913,0.0013018681325453643,0.00014132276466343062,0.001028881351418332,0.0004486086674773653
1235,0,0.0082892850616772,0.0015792819961841385,0.0002560727741149988,0.0049342835289306695,0.0042726789178961
1236,0,0.0007768614993722,0.001315120963285685,3.561914384177883e-05,0.0010459912313289426,0.0004062403216069894
1237,0,0.0025005205488484,0.0010612478494340491,0.00019565670446484087,0.0017808841991412245,0.0013480886266566204
1238,0,0.0005288994108266,0.00037473113778297687,1.2175749913611695e-05,0.00045181527430478846,0.00027053758037010587
1239,0,0.0004690391762708,0.0007596082411322441,2.9743263506417857e-05,0.0006143237087015221,0.00024939121988860896
1240,0,0.0005026244220391,0.0009765161967719894,3.3047541242671345e-05,0.0007395703094055447,0.00026783598164088567
1242,0,0.0010009993125038,0.0007727095024862528,2.9743263506417857e-05,0.0008868544074950264,0.000515371288005109
1246,0,0.018748001235637,0.008741988752394615,0.007639121876340046,0.013744994994015807,0.013193561555988522
1247,0,0.019138878174864,0.01283075316117816,0.012347945080479388,0.01598481566802108,0.015743411627671695
1248,0,0.0536192967272556,0.043261252047209084,0.03851056305320184,0.04844027438723234,0.04606492989022872
1249,0,0.0256628007645343,0.0359407840479518,0.01355398817695552,0.030801792406243048,0.01960839447074491
1250,0,0.0469189229709355,0.032574134083114555,0.038109282381485296,0.039746528527025024,0.0425141026762104
1251,0,0.0489062812717143,0.05547714051945801,0.038109282381485296,0.052191710895586156,0.0435077818265998
1252,0,0.079825313286714,0.03481888601575618,0.020910276573699774,0.05732209965123509,0.050367794930206884
1253,0,0.0129610312837175,0.026480745347648344,0.0023660622473359663,0.019720888315682923,0.007663546765526733
1254,0,0.0023066563351957,0.0006921945652844466,0.0004618028284260978,0.0014994254502400733,0.0013842295818108988
1255,0,0.0003484332093912,0.0003167044240714208,6.513912618466566e-05,0.0003325688167313104,0.00020678616778793283
1256,0,0.0015524070584238,0.0005429587345835926,0.0002053233611318527,0.0010476828965036962,0.0008788652097778263
1257,0,0.0002147838761921,0.0002715434175374304,1.5734498902289695e-05,0.00024316364686476522,0.00011525918754719484
1260,0,0.0025974071600532,0.0005208376327351846,0.0004618028284260978,0.0015591223963941922,0.0015296049942396489
1261,0,0.0004273352560845,0.0002723022849168217,1.2936045315080813e-05,0.0003498187705006609,0.0002201356506997904
1262,0,0.0057502677968986,0.000717738672211776,0.0007546726173132154,0.003234003234555188,0.0032524702071059074
1263,0,0.0001865163470869,0.00029615262470203,1.8275023942121967e-05,0.00024133448589446502,0.00010239568551451099
1264,0,0.0008570793141672,0.0006265383173714801,7.565602196612242e-05,0.00074180881576934,0.0004663676680666612
1265,0,0.0040469597549525,0.0011002162169675947,0.0001803435033683049,0.0025735879859600476,0.0021136516291604024
1266,0,0.0004159444919196,0.00024501591756040164,1.2936045315080813e-05,0.00033048020474000085,0.0002144402686173404
1267,0,0.0004114455184011,0.00021098225251098713,1.2936045315080813e-05,0.0003112138854560436,0.0002121907818580904
1268,0,0.000426554785819,0.0005141873507582343,3.4683965808889535e-05,0.0004703710682886172,0.00023061937581394477
1269,0,0.0002938141510839,0.00027042625100837494,1.8275023942121967e-05,0.0002821202010461375,0.000156044587513011
1270,0,0.0003410700057924,0.0005573409356767538,2.5514080975827643e-05,0.0004492054707345769,0.0001832920433841138
1271,0,0.0243105557128311,0.004677072946214633,0.0004031553873548059,0.014493814329522866,0.012356855550092954
1272,0,0.0004189630091393,0.0003810838633914967,1.2936045315080813e-05,0.0004000234362653984,0.0002159495272271904
1274,0,0.0008838143249967,0.001184314998535243,0.00033560294480125725,0.0010340646617659716,0.0006097086348989787
1275,0,0.0004392610343686,0.0005527037459139701,3.4683965808889535e-05,0.000495982390141285,0.00023697250008874478
1279,0,0.0017193877938201,0.0012874374257042145,0.00021748582123434364,0.0015034126097621574,0.0009684368075272219
1280,0,0.0004642332699025,0.0004607425193270754,1.6185078846110246e-05,0.0004624878946147877,0.00024020917437430513
1281,0,0.000362912232909,0.0006450034020042989,2.5514080975827643e-05,0.0005039578174566494,0.0001942131569424138
1282,0,0.0005304560870092,0.001024615337252224,0.00014341518481548167,0.000777535712130712,0.0003369356359123408
1283,0,0.0004677491620637,0.0005554130469370405,1.2936045315080813e-05,0.0005115811045003703,0.0002403426036893904
1284,0,0.0021533175321843,0.0015169505456302866,8.985561345043685e-05,0.0018351340389072934,0.0011215865728173686
1285,1,0.6901563478635799,0.4295696918111158,0.9758528183669064,0.5598630198373479,0.8330045831152432
1288,0,0.0013435354115252,0.0020824806131591322,0.0001982733044390097,0.0017130080123421662,0.0007709043579821049
1292,0,0.0009871126957253,0.0010198843657415954,0.000291897808443713,0.0010034985307334477,0.0006395052520845064
1293,0,0.0012266065748419,0.0007956857066220193,5.13759718391519e-05,0.0010111461407319596,0.000638991273340526
1294,0,0.0003100975998885,0.0006585720625489769,3.4644309578818603e-05,0.0004843348312187385,0.0001723709547336593
1296,0,0.0010090571786174,0.0018510138996127314,0.00030649484036784745,0.0014300355391150656,0.0006577760094926237
1298,0,0.000794207196165,0.0017709528022823047,1.9550351596311738e-05,0.0012825799992236524,0.0004068787738806559
1300,0,0.001125398441778,0.0009907401539603461,3.0209278012578055e-05,0.001058069297869173,0.000577803859895289
1302,0,0.0025996262985525,0.0014233477608177748,0.00015280111611353024,0.0020114870296851373,0.0013762137073330151
1305,0,0.0050398195626015,0.0031495417214175907,0.0005493424254755646,0.004094680642009545,0.0027945809940385325
1306,0,0.001494316249263,0.0021752597422307262,0.0001791598622871564,0.001834787995746863,0.0008367380557750782
1307,0,0.0005721522488832,0.001973395250204513,0.0001211342077599977,0.0012727737495438565,0.00034664322832159887
1308,0,0.001413243921317,0.0018302166061370953,1.9550351596311738e-05,0.0016217302637270476,0.0007163971364566558
1309,0,0.0030347844185266,0.002355230732813106,0.0008014161358153845,0.002695007575669853,0.0019181002771709924
1311,0,0.0008205709174699,0.0017944174341935723,1.9133219226061395e-05,0.001307494175831736,0.0004198520683479807
1312,0,0.0008184342912248,0.0008800466996521536,4.478676837205011e-05,0.0008492404954384767,0.00043161052979842504
1313,0,0.0006720414770898,0.0021870053738795294,0.0001211342077599977,0.0014295234254846647,0.0003965878424248989
1314,0,0.0042740607603976,0.00454800342286468,0.0014597671076412324,0.00441103209163114,0.002866913934019416
1315,0,0.0003450684826449,0.0011372616995965613,3.838335894266199e-05,0.0007411650911207307,0.000191725920793781
1317,0,0.0006292187723114,0.001265408544785618,1.3228522665854007e-05,0.0009473136585485091,0.000321223647488627
1318,0,0.0007449854167862,0.001746715140218581,0.0001490237320751924,0.0012458502785023906,0.00044700457443069624
1319,0,0.0005775815736556,0.000673674961102551,1.3296042733217399e-05,0.0006256282673790755,0.0002954388081944087
1320,0,0.0046606309038624,0.0013538627141711631,6.817338444818704e-05,0.0030072468090167814,0.0023644021441552934
1321,0,0.000955514804368,0.0011915979407704986,9.104731559973161e-05,0.0010735563725692494,0.0005232810599838659
1322,0,0.0032894172936562,0.005308128285186159,4.244023483027543e-05,0.00429877278942118,0.0016659287642432376
1323,0,0.0004151592757638,0.0011937592624930691,7.283330688496063e-05,0.0008044592691284346,0.00024399629132438032
1325,1,0.9879596612529876,0.9950396895928486,0.9999766522638682,0.9914996754229182,0.993968156758428
1327,0,0.0186764383835678,0.01585982265901416,0.0030204115528732127,0.01726813052129098,0.010848424968220506
1328,0,0.0197259715435472,0.013055066125532064,0.03619307859168179,0.01639051883453963,0.027959525067614496
1330,0,0.040480654397359,0.018055863790045954,0.003933568333432076,0.029268259093702474,0.02220711136539554
1331,0,0.0356439314303762,0.04459385268746398,0.014994530118676222,0.04011889205892009,0.02531923077452621
1333,0,0.3779302529473042,0.4723446618913795,0.21819104286396704,0.42513745741934184,0.29806064790563563
1334,0,0.0338894946226289,0.04044630824045258,0.008193516263319416,0.03716790143154074,0.02104150544297416
1335,1,0.9053879567501568,0.41194589080353355,0.9991767821998472,0.6586669237768452,0.952282369475002
1337,0,0.0469742290428355,0.06007250763949751,0.040465010848572146,0.0535233683411665,0.04371961994570382
1338,0,0.0004149578258057,0.0002510307175291179,1.2936045315080813e-05,0.0003329942716674089,0.0002139469355603904
1339,0,0.0004981368102805,0.0002704786880911128,3.579481976389114e-05,0.00038430774918580635,0.00026696581502219554
1340,0,0.000458950486313,0.0004820574001556441,3.4683965808889535e-05,0.0004705039432343221,0.00024681722606094474
1342,0,0.0026073606435068,0.0009581628271495879,0.00016895290029864956,0.0017827617353281938,0.0013881567719027247
1343,0,0.0002079424393658,0.0003138976688201194,1.8275023942121967e-05,0.0002609200540929597,0.00011310873165396098
1345,0,0.0004281011483996,0.000590111763623977,3.361180505239357e-05,0.0005091064560117885,0.0002308564767259968
1346,0,0.0007962020715686,0.0012456436373923813,0.00046486022072253746,0.0010209228544804908,0.0006305311461455687
1347,0,0.0004370704570356,0.0002737507636556112,1.2936045315080813e-05,0.00035541061034560556,0.0002250032511753404
1348,0,0.0046002288532817,0.0005805958274731649,0.00077165977446879,0.0025904123403774327,0.0026859443138752452
1349,0,0.0023895411223926,0.0005186739135614729,0.0001533324136529488,0.0014541075179770365,0.0012714367680227744
1351,0,0.0010844987826501,0.0006675791161276901,0.00012738665133318585,0.0008760389493888951,0.000605942716991643
1353,0,0.0004194444850182,0.00020869819840592147,1.2936045315080813e-05,0.00031407134171206074,0.0002161902651666404
1354,0,0.00120198587629,0.0005748077822962381,0.00010768334162107026,0.000888396829293119,0.0006548346089555352
1355,0,0.0032877119390973,0.0008259403636647707,0.00021286014469797262,0.002056826151381035,0.0017502860418976362
1356,0,0.0003443558135305,0.0005004390106087488,3.13028091425107e-05,0.0004223974120696244,0.00018782931133650533
1357,0,0.0004461177587062,0.0004733138943673029,3.4683965808889535e-05,0.00045971582653675145,0.00024040086225754479
1358,0,0.0005028459593364,0.0007039601079045582,1.9029926975777212e-05,0.0006034030336204791,0.0002609379431560886
1359,0,0.0004752948314545,0.000416054825044624,1.6185078846110246e-05,0.000445674828249562,0.0002457399551503051
1360,0,0.0005659906978091,0.0006447619857548829,7.565602196612242e-05,0.0006053763417819915,0.0003208233598876112
1364,0,0.0010942501525001,0.0009717988423151192,7.565602196612242e-05,0.0010330244974076095,0.0005849530872331112
1365,0,0.00051160895238,0.0005508716413712642,1.6185078846110246e-05,0.0005312402968756321,0.00026389701561305514
1366,0,0.0004990627750558,0.0005092791826290992,1.6185078846110246e-05,0.0005041709788424496,0.00025762392695095513
1368,0,0.0003627645820964,0.0005324445080440277,3.13028091425107e-05,0.0004476045450702139,0.00019703369561945534
1370,0,0.0004482204586831,0.000910099128266839,4.3021368647342125e-05,0.0006791597934749695,0.00024562091366522106
1371,0,0.0003384217330832,0.0010368351022609589,1.8275023942121967e-05,0.0006876284176720795,0.000178348378512661
1372,0,0.0005128863938598,0.0008499160858117287,4.3021368647342125e-05,0.0006814012398357644,0.00027795388125357104
1373,0,0.0004623017963923,0.00047193120815009463,1.6114670095778482e-05,0.00046711650227119735,0.00023920823324403924
1374,0,0.0028282405757501,0.001954778302446426,0.0013780638127568335,0.002391509439098263,0.0021031521942534667
1375,0,0.0005177749569604,0.0004355264331573261,1.4126292055621439e-05,0.000476650695058863,0.0002659506245080107
1376,0,0.0005714242937682,0.0007795107040381725,4.3021368647342125e-05,0.0006754674989031862,0.0003072228312077711
1377,0,0.0005704033971015,0.0009677810292346733,0.0005750007398412985,0.0007690922131680867,0.0005727020684713993
1378,0,0.0004385409358377,0.0013204628949536898,6.61686271305824e-05,0.0008795019153956949,0.00025235478148414117
1380,0,0.0004755407158129,0.0003578839945226671,1.815092999475052e-05,0.00041671235516778355,0.00024684582290382525
1381,0,0.0005442546957818,0.0009073588959197172,3.6574434914922705e-05,0.0007258067958507586,0.00029041456534836135
1382,0,0.0004565715999163,0.0003729773452269479,1.4756889968068784e-05,0.00041477447257162395,0.00023566424494218439
1384,0,0.0021813742252129,0.002108817013199517,0.00015902442165714167,0.0021450956192062085,0.0011701993234350208
1386,0,0.0002868659981078,0.0007164892245778867,3.4644309578818603e-05,0.0005016776113428434,0.0001607551538433093
1389,0,0.0004612626827007,0.000725734141815356,4.0723186125424036e-05,0.000593498412258028,0.000250992934413062
1391,0,0.0010100158129263,0.002019419520212531,0.00030649484036784745,0.0015147176665694156,0.0006582553266470737
1392,1,0.9657498216465068,0.9467022220495197,0.9913284743514038,0.9562260218480132,0.9785391479989554
1393,0,0.0006267281176681,0.0010426588339362758,1.9133219226061395e-05,0.0008346934758021879,0.0003229306684470807
1394,0,0.0007071825941332,0.0019128104333563773,0.00018224186703775312,0.0013099965137447886,0.00044471223058547654
1395,0,0.0005203152405727,0.0010018510449174183,7.975035047040105e-05,0.0007610831427450591,0.00030003279552155053
1396,0,0.0006449898147618,0.001044071139971943,1.9133219226061395e-05,0.0008445304773668715,0.0003320615169939307
1397,0,0.0005205015818754,0.0012920544555042198,1.3228522665854007e-05,0.0009062780186898098,0.000266865052270627
1398,0,0.0005506256777952,0.0018670309109205772,0.0001211342077599977,0.0012088282943578887,0.00033587994277759886
1399,0,0.0009040929404551,0.002447517577390535,0.00026800212029418936,0.0016758052589228175,0.0005860475303746447
1400,0,0.0005082819686622,0.0010700069206251188,7.975035047040105e-05,0.0007891444446436594,0.0002940161595663005
1401,0,0.0700412104796702,0.005412482760750011,0.000489678513367408,0.03772684662021011,0.035265444496518805
1402,0,0.0006185922525035,0.0007730304303456895,3.447212396843659e-05,0.0006958113414245947,0.0003265321882359683
1403,0,0.00183000674322,0.002047296725469904,0.00010852713516201714,0.001938651734344952,0.0009692669391910086
1404,0,0.0041033626388539,0.003140465678672696,0.0020364204988819255,0.003621914158763298,0.003069891568867913
1405,0,0.0004328996686911,0.0013545477271044448,3.838335894266199e-05,0.0008937236978977724,0.000235641513816881
1407,0,0.0026387238459743,0.003078812929567441,0.001156750662856125,0.0028587683877708703,0.0018977372544152125
1408,0,0.0006970184494974,0.001115603967950078,7.975035047040105e-05,0.000906311208723739,0.0003883843999839005
1410,0,0.0007030552734035,0.0014803988897237421,7.468850657390115e-05,0.0010917270815636211,0.00038887188998870057
1411,0,0.0005768706994841,0.0011472715649411007,5.649229351881472e-05,0.0008620711322126003,0.0003166814965014574
1413,0,0.003650209645055,0.0016437111593068246,0.00021147942301608458,0.002646960402180912,0.0019308445340355423
1414,0,0.000745937548008,0.0009831487175483114,1.2175749913611695e-05,0.0008645431327781557,0.00037905664896080584
1415,0,0.0029111395245322,0.0030284881496376267,0.0004364635677283323,0.0029698138370849135,0.0016738015461302662
1416,0,0.023546139689246,0.02022378080353702,0.035787245215246136,0.02188496024639151,0.02966669245224607
1418,0,0.0373076166478814,0.023625138730365113,0.01886204731852288,0.030466377689123258,0.028084831983202142
1419,0,0.0661116737713439,0.0664810830906246,0.04392913399220774,0.06629637843098425,0.05502040388177582
1420,1,0.9528065414805648,0.9877968637278908,0.9991499713894672,0.9703017026042278,0.9759782564350159
1421,0,0.0170343344675804,0.02367874511042901,0.0037683701608380304,0.020356539789004705,0.010401352314209215
1422,0,0.0536579250148973,0.04896630369458619,0.023752694750056577,0.05131211435474174,0.03870530988247694
1423,0,0.0002806524675095,0.00033182249509812066,1.8275023942121967e-05,0.00030623748130381034,0.000149463745725811
1424,0,0.0014193805320026,0.00035602448696778693,3.118479562863581e-05,0.0008877025094851935,0.0007252826638156179
1425,0,0.0005228464811358,0.0005319655179648231,1.8222344734164025e-05,0.0005274059995503115,0.000270534412934982
1427,0,0.0004927519970974,0.0004452447757409261,1.8222344734164025e-05,0.00046899838641916304,0.000255487170915782
1428,0,0.0005177352311418,0.0004688080663982124,3.987099101952229e-05,0.0004932716487700062,0.00027880311108066116
1431,0,0.0019037001241546,0.0004157832018945075,0.00010883464734154259,0.0011597416630245538,0.0010062673857480712
1432,0,0.0015257881299545,0.0007595513274227549,0.00013588354074691917,0.0011426697286886275,0.0008308358353507095
1434,0,0.0035219653038704,0.00093198018615272,0.0004572081749039234,0.00222697274501156,0.0019895867393871615
1435,0,0.0026876142561686,0.0009302534912957449,0.0004101934187664767,0.0018089338737321723,0.0015489038374675384
1436,0,0.0004381489204586,0.0005950352002023233,1.2936045315080813e-05,0.0005165920603304616,0.0002255424828868404
1439,0,0.0004765204500264,0.000736098536151233,3.4683965808889535e-05,0.0006063094930888165,0.00025560220791764475
1440,0,0.0004871164432132,0.0006563472735940184,3.4683965808889535e-05,0.0005717318584036092,0.00026090020451104476
1441,0,0.0003127475529851,0.0006255831760932509,0.00077165977446879,0.00046916536453917544,0.000542203663726945
1442,0,0.0004989368639293,0.0007123373399017614,1.6185078846110246e-05,0.0006056371019155307,0.00025756097138770513
1443,0,0.0004205978598673,0.0004979669737766989,1.2936045315080813e-05,0.0004592824168219994,0.0002167669525911904
1444,0,0.0003357654747209,0.0005061906853717086,3.13028091425107e-05,0.0004209780800463043,0.00018353414193170533
1445,0,0.0004302152129276,0.0007900536551351106,1.2936045315080813e-05,0.0006101344340313554,0.0002215756291213404
1446,0,0.001025672297522,0.0009419677670247952,0.0005600414513519913,0.0009838200322733975,0.0007928568744369957
1449,0,0.0005671160512364,0.0006672510805663594,4.3021368647342125e-05,0.0006171835659013797,0.00030506870994187105
1450,0,0.000291770433541,0.0005860452303788744,3.13028091425107e-05,0.0004389078319599372,0.00016153662134175533
1451,0,0.0005261322183269,0.0005355848118196237,1.6185078846110246e-05,0.0005308585150732618,0.0002711586485865051
1454,0,0.0004676451210779,0.0006962284712882146,3.13028091425107e-05,0.0005819367961830573,0.00024947396511020535
1455,0,0.0005942356833989,0.0012968964523032522,0.00019355489478577707,0.0009455660678510761,0.0003938952890923385
1456,0,0.0011813989973951,0.0016369183537694944,0.00019211113514997006,0.0014091586755822973,0.000686755066272535
1457,0,0.0005671019931264,0.001185713141322497,6.277693849661165e-05,0.0008764075672244485,0.0003149394658115058
1458,0,0.0005108828365909,0.0012175424939482459,1.9820989252225855e-05,0.000864212665269573,0.00026535191292156293
1459,0,0.0022895788219583,0.0013113642715149323,0.0004848760666375479,0.0018004715467366162,0.001387227444297924
1461,0,0.0007805800943378,0.0010013435734065072,1.9133219226061395e-05,0.0008909618338721536,0.0003998566567819307
1462,0,0.0007527714848769,0.0014465733804112926,8.602091013019208e-05,0.0010996724326440962,0.000419396197503546
1464,0,0.0004290983634364,0.0007811256998869602,6.17509354809444e-05,0.0006051120316616801,0.0002454246494586722
1465,0,0.0014421005753159,0.0017963891490654137,0.00033695902178553427,0.0016192448621906567,0.0008895297985507171
1466,0,0.0005604226438714,0.0009834873022508202,1.9133219226061395e-05,0.00077195497306111,0.0002897779315487307
1467,0,0.0029726202826918,0.0026284666030185317,0.0009241470033222643,0.0028005434428551657,0.0019483836430070323
1468,0,0.0008631026490661,0.0019598965760735717,0.00015809877860541074,0.0014114996125698359,0.0005106007138357554
1470,0,0.0004714018390644,0.0008934371786301296,1.4681951523862876e-05,0.0006824195088472649,0.00024304189529413144
1471,0,0.0010190804156188,0.0015654265109599917,0.0001889144906686842,0.0012922534632893957,0.000603997453143742
1472,0,0.0007231839355473,0.0015575183573956347,0.0002531000598982605,0.0011403511464714673,0.00048814199772278025
1473,0,0.0011028678845466,0.0010105394611244357,6.964112581064317e-05,0.0010567036728355178,0.0005862545051786216
1474,0,0.0022684272109282,0.0015493480520190682,0.00015902442165714167,0.0019088876314736342,0.001213725816292671
1477,0,0.004651813622007,0.001237938485263544,0.000291897808443713,0.002944876053635272,0.0024718557152253566
1478,0,0.0005208313244055,0.0012810917683533651,6.434112741571516e-05,0.0009009615463794326,0.00029258622591060756
1479,0,0.0006615459665999,0.0014296515410583258,4.8221900365888336e-05,0.0010455987538291129,0.0003548839334828942
1481,0,0.000870862979386,0.0012609226161526602,5.13759718391519e-05,0.0010658927977693301,0.0004611194756125759
1483,0,0.0007531318853481,0.0010764625220614664,1.7679249381646716e-05,0.0009147972037047833,0.00038540556736487336
1484,0,0.0005951205652933,0.0009198700053206486,1.9133219226061395e-05,0.0007574952853069743,0.0003071268922596807
1486,0,0.0014094871993351,0.0017780483907622374,0.00014132276466343062,0.0015937677950486687,0.0007754049819992653
1487,0,0.0006672675444303,0.0007088890307332807,1.9133219226061395e-05,0.0006880782875817904,0.0003432003818281807
1488,0,0.0034950308740466,0.003031552414030449,0.0008097979023168547,0.0032632916440385245,0.0021524143881817273
1489,0,0.0005176347849436,0.0011423081129136217,6.33616509433586e-05,0.0008299714489286109,0.0002904982179434793
1491,0,0.0042225126854869,0.0015698921865347753,0.001260751218353262,0.0028962024360108377,0.002741631951920081
1492,0,0.0025777789973396,0.0015538182767253427,0.0005282550039857273,0.0020657986370324712,0.0015530170006626636
1493,1,0.7422132540237432,0.7949312235602991,0.9528365550097753,0.7685722387920211,0.8475249045167592
1494,0,0.000743137261409,0.0013022931399473037,1.7820522030154742e-05,0.0010227152006781518,0.00038047889171957737
1495,0,0.0018117183284625,0.0016275847898535687,0.00014903276483950405,0.0017196515591580343,0.000980375546651002
1496,0,0.0008323660517288,0.0011321264709975786,9.361527014342985e-05,0.0009822462613631893,0.00046299066093611496
1497,1,0.9986694190180172,0.9989920496237656,0.9999995324230105,0.9988307343208914,0.9993344757205138
1498,0,0.0005587456100393,0.0010938912197263828,5.3110879225978195e-05,0.0008263184148828413,0.00030592824463263914
1499,0,0.0009607545896342,0.0012262566134301368,1.21139188570185e-05,0.0010935056015321685,0.00048643425424560926
1500,0,0.0038473933424067,0.0022499617403165316,5.13759718391519e-05,0.0030486775413616158,0.001949384657122926
1501,0,0.0022969938389258,0.003372331273471626,0.0003013500525525369,0.002834662556198713,0.0012991719457391684
1503,0,0.0072589481964827,0.009980567302079203,0.0015244820075030995,0.008619757749280952,0.004391715101992899
1504,0,0.0372118906271535,0.05194921083093111,0.0274337047293155,0.04458055072904231,0.0323227976782345
1505,0,0.0114425343881013,0.005925621535977634,0.003970120941690577,0.008684077962039467,0.0077063276648959384
1507,0,0.0221662380406731,0.033403870991179814,0.00986844907569494,0.027785054515926458,0.01601734355818402
1508,0,0.2122351523930571,0.042121043920458554,0.06406155526001284,0.12717809815675782,0.13814835382653495
1509,0,0.0271018946486579,0.023562706675384897,0.013261111294857972,0.025332300662021398,0.020181502971757935
1511,0,0.0004192623227471,0.0004547871435985933,2.3854079300121166e-05,0.00043702473317284665,0.00022155820102361058
1512,0,0.0004489474431583,0.00024914881750880136,1.2936045315080813e-05,0.00034904813033355067,0.0002309417442366904
1513,0,0.0004469713962525,0.0003773349017014038,1.8222344734164025e-05,0.00041215314897695193,0.00023259687049333202
1514,0,0.0002864005747519,0.0004832503903024065,2.084621320627562e-05,0.00038482548252715326,0.00015362339397908783
1515,0,0.0004543963681183,0.00034628892186119544,1.8222344734164025e-05,0.00040034264498974774,0.000236309356426232
1516,0,0.0001885224543777,0.0002747719552374058,1.5734498902289695e-05,0.00023164720480755292,0.00010212847663999486
1518,0,0.0008557919514642,0.0007495223638802771,5.38194938377958e-05,0.0008026571576722386,0.00045480572265099793
1520,0,0.0004574534413187,0.000554962697176392,2.3854079300121166e-05,0.000506208069247546,0.00024065376030941058
1521,0,0.000416482194973,0.0005857896989806917,1.2936045315080813e-05,0.0005011359469768459,0.0002147091201440404
1522,0,0.0004123706494869,0.00029307884663834727,1.2936045315080813e-05,0.0003527247480626236,0.0002126533474009904
1523,0,0.0004289566212855,0.0005544279226463904,2.3854079300121166e-05,0.0004916922719659452,0.0002264053502928106
1524,0,0.0004266678234345,0.0004715096048674351,1.2936045315080813e-05,0.0004490887141509676,0.0002198019343747904
1525,0,0.0004153453882278,0.00035757508487540467,1.2936045315080813e-05,0.00038646023655160234,0.0002141407167714404
1526,0,0.2875067221787114,0.9372557850882771,0.00010696275314291243,0.6123812536334943,0.14380684246592718
1529,0,0.0002782970255523,0.0004978055972992972,2.084621320627562e-05,0.0003880513114257986,0.00014957161937928783
1530,0,0.0004894323476533,0.0005804333867167139,1.6185078846110246e-05,0.0005349328671850069,0.0002528087132497051
1531,0,0.0004181373079286,0.000603233649794847,1.2936045315080813e-05,0.0005106854788617235,0.0002155366766218404
1532,0,0.0006204789274139,0.0005150794850482602,1.6185078846110246e-05,0.0005677792062310801,0.0003183320031300051
1533,0,0.0009794369196592,0.0007872382496928563,0.00014238759469364364,0.0008833375846760282,0.0005609122571764218
1534,0,0.0020037617782086,0.0014565776124747147,0.00016895290029864956,0.0017301696953416575,0.0010863573392536248
1535,0,0.0004886353689303,0.00035350613198595424,1.2936045315080813e-05,0.0004210707504581271,0.00025078570712269043
1536,0,0.0004793129434486,0.0005590620008190568,1.6185078846110246e-05,0.0005191874721338284,0.00024774901114735514
1537,0,0.0023661953382101,0.0014423819527330994,0.00036096133649790645,0.0019042886454715996,0.001363578337354003
1538,0,0.0004381620098524,0.0006944899949108763,1.2936045315080813e-05,0.0005663260023816381,0.0002255490275837404
1539,0,0.0004692874265213,0.0005470179755493849,1.2936045315080813e-05,0.0005081527010353424,0.0002411117359181904
1540,0,0.0004371802716825,0.0007971064767920223,3.1963151017958025e-05,0.0006171433742372612,0.00023457171135022903
1541,0,0.0003546085453227,0.0006731214684998277,2.084621320627562e-05,0.0005138650069112638,0.00018772737926448782
1542,0,0.0049806239485132,0.0030340895031114807,0.00020194849205975,0.004007356725812341,0.002591286220286475
1543,0,0.0015682533961465,0.0013016984760985417,0.00046902164987302895,0.0014349759361225209,0.0010186375230097646
1544,0,0.0002865113730343,0.0010468375135151541,1.5734498902289695e-05,0.0006666744432747271,0.00015112293596829485
1545,0,0.0006868442969934,0.0015744240917088597,4.228970017121447e-05,0.00113063419435113,0.0003645669985823072
1547,0,0.0007057430921586,0.0024095891376772482,0.00022930912586478287,0.0015576661149179242,0.0004675261090116914
1548,0,0.0020006266767254,0.0018340787536163569,0.0006369209503345723,0.0019173527151708785,0.001318773813529986
1549,0,0.0028100101068541,0.0020892460751422083,0.0004831688388060224,0.002449628090998154,0.0016465894728300613
1550,0,0.0004653427610903,0.001744631979711826,2.7879834816755138e-05,0.0011049873704010629,0.00024661129795352756
1552,0,0.00066184107763,0.0017088592718099785,3.480826615449476e-05,0.0011853501747199893,0.00034832467189224736
1553,0,0.0010204410393887,0.0018134565837975114,5.700229984248985e-05,0.0014169488115931056,0.0005387216696155949
1558,0,0.0008388517016168,0.001022484066709598,0.00012925943205440007,0.0009306678841631991,0.0004840555668356
1559,0,0.0005233062381875,0.000658444447810793,1.9133219226061395e-05,0.0005908753429991465,0.0002712197287067807
1560,0,0.0003213487975566,0.0006803922632232449,5.264567604876715e-05,0.0005008705303899225,0.00018699723680268355
1561,0,0.0004850202245931,0.0006178506889420444,1.2175749913611695e-05,0.0005514354567675722,0.00024859798725335587
1562,0,0.0008519054344675,0.0017046719494796258,0.00021792215634760834,0.001278288691973563,0.0005349137954075542
1563,0,0.0010922224269098,0.002303500722566374,0.00014132276466343062,0.001697861574738087,0.0006167725957866153
1564,0,0.0018082218996072,0.0012970254146739213,0.00014515951953923724,0.0015526236571405607,0.0009766907095732187
1565,0,0.001025946779065,0.0016834163505740766,0.00014132276466343062,0.0013546815648195383,0.0005836347718642153
1566,0,0.0003796448699676,0.0009814414792569948,6.33616509433586e-05,0.0006805431746122974,0.0002215032604554793
1567,0,0.0005681947925404,0.0012855058267837792,6.507602351917533e-05,0.0009268503096620896,0.0003166354080297877
1568,0,0.0005239014638808,0.0014541955882011633,8.331293537538457e-05,0.0009890485260409816,0.0003036071996280923
1569,0,0.0013323583657074,0.0019701942114993725,0.00036437050302782966,0.0016512762886033861,0.0008483644343676148
1570,0,0.0002882553815909,0.0011520900919480812,3.3047541242671345e-05,0.0007201727367694906,0.00016065146141678568
1571,0,0.0006038868297907,0.000988855896233319,1.9133219226061395e-05,0.0007963713630120095,0.0003115100245083807
1572,0,0.0006517372907777,0.0009296381918562067,1.9133219226061395e-05,0.0007906877413169533,0.0003354352550018807
1574,0,0.0005852840116646,0.0014290764327016753,1.21139188570185e-05,0.0010071802221831377,0.00029869896526080924
1575,0,0.001154902563951,0.0008240759662111566,0.00010451061869645606,0.0009894892650810783,0.000629706591323728
1577,0,0.0006544518787425,0.001023519816858252,7.468850657390115e-05,0.0008389858478003759,0.0003645701926582006
1578,0,0.0004871608316027,0.001543216032276824,6.33616509433586e-05,0.001015188431939762,0.0002752612412730293
1579,0,0.0005517324948569,0.0006133551477654345,1.21139188570185e-05,0.0005825438213111673,0.00028192320685695925
1580,0,0.0011681750358067,0.001319337964015121,2.1805375611649177e-05,0.0012437564999109106,0.0005949902057091746
1581,0,0.0016297690872308,0.001722360797082652,9.415789517095979e-05,0.001676064942156726,0.0008619634912008799
1583,0,0.0004698944334781,0.0007235386054188915,2.2956853599533354e-05,0.0005967165194484957,0.0002464256435388167
1585,0,0.0009695194363448,0.0010657420759371528,5.048412983319807e-05,0.0010176307561409765,0.0005100017830889991
1588,0,0.0007784151067352,0.0012237793673900296,2.9743263506417857e-05,0.0010010972370626148,0.00040407918512080893
1589,0,0.0029741933207617,0.004485541512270226,8.972158510237927e-05,0.003729867416515963,0.0015319574529320398
1591,0,0.0531508832459666,0.04771242010144724,0.02272212369126676,0.05043165167370692,0.03793650346861668
1592,0,0.0750516550102301,0.05083333582552148,0.022090096736735183,0.06294249541787579,0.04857087587348265
1594,0,0.0381215666777113,0.03330979516352637,0.02717753650581749,0.03571568092061883,0.03264955159176439
1595,0,0.1498307705019093,0.011842158582635013,0.03373467423585984,0.08083646454227215,0.09178272236888457
1597,0,0.0006220097079985,0.000329920810904697,5.448630379517e-05,0.0004759652594515985,0.00033824800589683497
1598,0,0.0004191587636957,0.0003037360870630186,2.3854079300121166e-05,0.0003614474253793593,0.00022150642149791058
1599,0,0.0004859419855184,0.00033363858735058633,1.8222344734164025e-05,0.00040979028643449314,0.000252082165126282
1600,0,0.000349911151445,0.00038553533992314687,2.462645814491914e-05,0.00036772324568407343,0.00018726880479495955
1603,0,0.0004526268741038,0.0002877399373478191,1.8222344734164025e-05,0.00037018340572580956,0.00023542460941898202
1604,0,0.0002136885700284,0.0003804117995576278,1.5734498902289695e-05,0.0002970501847930139,0.00011471153446534485
1605,0,0.0002419941836615,0.0003572432710930989,1.5734498902289695e-05,0.00029961872737729943,0.00012886434128189485
1606,0,0.0007647036553904,0.0009293261455290236,7.8045624775581e-05,0.0008470149004597118,0.0004213746400829905
1607,0,0.0003631925351584,0.0005431407213713327,2.084621320627562e-05,0.0004531666282648663,0.00019201937418233782
1608,0,0.0010184829965361,0.0008138022461262164,0.00014238759469364364,0.0009161426213311582,0.0005804352956148718
1611,0,0.0009343468798191,0.0005068705575158648,2.084621320627562e-05,0.0007206087186674825,0.0004775965465126878
1613,0,0.0003094632200149,0.0005410104704104842,2.084621320627562e-05,0.0004252368452126921,0.00016515471661058783
1616,0,0.0008500463985417,0.00028192340194208915,2.9857180711155064e-05,0.0005659849002418945,0.0004399517896264275
1617,0,0.0005688186888639,0.0002284290016169378,1.2936045315080813e-05,0.00039862384524041886,0.0002908773670894904
1618,0,0.0004775361607331,0.0003743623607074888,1.6185078846110246e-05,0.00042594926072029443,0.0002468606197896051
1619,0,0.0028915439356409,0.0013127699583420252,0.0004101934187664767,0.0021021569469914627,0.0016508686772036883
1621,0,0.0002508848682815,0.0003348643133518077,1.5734498902289695e-05,0.0002928745908166539,0.00013330968359189486
1623,0,0.0004696608331899,0.0005225924116824657,2.3854079300121166e-05,0.0004961266224361828,0.0002467574562450106
1624,0,0.0016046209691162,0.0006057331128679564,5.13759718391519e-05,0.0011051770409920782,0.000827998470477676
1625,0,0.0022197003764294,0.0015237354293353765,0.00017682476697183515,0.0018717179028823884,0.0011982625717006177
1626,0,0.0023110403052437,0.0013115868195863942,0.000551614783057915,0.001811313562415047,0.0014313275441508076
1627,0,0.002455147796734,0.0018778187062049314,0.00017682476697183515,0.0021664832514694658,0.0013159862818529176
1628,0,0.0005344413728377,0.0005087343919967128,1.6185078846110246e-05,0.0005215878824172064,0.00027531322584190514
1629,0,0.0004881069534173,0.0006954059119086275,1.2936045315080813e-05,0.0005917564326629638,0.0002505214993661904
1630,0,0.0021176591404321,0.0013867338490436728,0.00017682476697183515,0.0017521964947378864,0.0011472419537019677
1632,0,0.0006873498070418,0.0006258193364382873,1.6185078846110246e-05,0.0006565845717400436,0.0003517674429439551
1634,0,0.0005172495982671,0.0006058483555265877,1.6185078846110246e-05,0.0005615489768968438,0.00026671733855660514
1636,0,0.0031314294453187,0.0018136283699336324,0.00016831987435351255,0.0024725289076261664,0.0016498746598361063
1637,0,0.0005651244177694,0.0008115101099205412,2.8266778917912398e-05,0.0006883172638449705,0.0002966955983436562
1638,0,0.0005149972239134,0.0006511385328076356,1.6185078846110246e-05,0.0005830678783605178,0.0002655911513797551
1639,0,0.0006363002496917,0.0012747901314745216,0.00012085550406185345,0.0009555451905831108,0.0003785778768767767
1640,0,0.0004063046609526,0.000765882281135892,2.2956853599533354e-05,0.000586093471044246,0.0002146307572760667
1641,0,0.0003799153419832,0.001121449140047277,7.428089327933054e-05,0.0007506822410152385,0.00022709811763126526
1642,0,0.0004981618771737,0.00038130291574013013,1.4756889968068784e-05,0.00043973239645691506,0.00025645938357088437
1643,0,0.0004764667702053,0.0007441290631063985,2.2956853599533354e-05,0.0006102979166558493,0.00024971181190241667
1644,0,0.0006283932061222,0.0009013085650538007,1.9133219226061395e-05,0.0007648508855880004,0.0003237632126741307
1645,0,0.0006047115154778,0.000449100006332892,1.815092999475052e-05,0.0005269057609053459,0.00031143122273627526
1646,0,0.0005445771281261,0.000617300662394155,1.4681951523862876e-05,0.0005809388952601276,0.0002796295398249814
1647,0,0.0004696685336308,0.00064468929799632,1.2175749913611695e-05,0.00055717891581356,0.00024092214177220584
1648,0,0.0007808202833744,0.0005654439129320959,1.2936045315080813e-05,0.000673132098153248,0.00039687816434474043
1650,0,0.0005372069715134,0.000638018341695411,1.4756889968068784e-05,0.0005876126566044056,0.0002759819307407344
1651,0,0.001799611300594,0.0011364776726293267,0.00025614563212929676,0.0014680444866116632,0.0010278784663616484
1655,0,0.3155294962768888,0.7773963568610607,0.0002028135384106052,0.5464629265689748,0.15786615490764971
1657,0,0.0004944672135567,0.0012634947075020279,8.331293537538457e-05,0.0008789809605293639,0.00028889007446604225
1658,0,0.0018010029526989,0.001560281041601805,0.00036096133649790645,0.0016806419971503524,0.0010809821445984032
1659,0,0.0005255714509757,0.0005711856221839435,1.2175749913611695e-05,0.0005483785365798218,0.00026887360044465584
1660,0,0.0012359345739317,0.003105452558414636,6.923103641784366e-05,0.002170693566173168,0.0006525828051747719
1661,0,0.0007387692973495,0.0014300283045748992,0.00014861416368811754,0.0010843988009621996,0.00044369173051880877
1662,0,0.0013205889508672,0.0011922074711371799,0.00016368536314538662,0.0012563982110021898,0.0007421371570062933
1663,0,0.0005817159896661,0.0010700454806058337,2.6255935693992162e-05,0.0008258807351359668,0.00030398596268004603
1665,0,0.0006576404527021,0.0016440188111460294,6.33616509433586e-05,0.0011508296319240646,0.0003605010518227293
1666,0,0.0004395061766413,0.0015135003669291842,3.3047541242671345e-05,0.0009765032717852421,0.00023627685894198568
1667,0,0.0006911563796172,0.0017262916426026085,6.33616509433586e-05,0.0012087240111099042,0.00037725901528027933
1670,0,0.0007159576678601,0.0019498341140226085,0.0008681079508723957,0.0013328958909413543,0.0007920328093662479
1671,0,0.0046159195528087,0.0018594183702970379,0.0005962435942274211,0.003237668961552869,0.002606081573518061
1672,0,0.0006416396518943,0.002480991431043376,6.33616509433586e-05,0.001561315541468838,0.0003525006514188293
1674,0,0.0054528886594029,0.004459731504730702,0.000406091955354218,0.0049563100820668015,0.002929490307378559
1675,0,0.0240040189692208,0.009548676598599022,0.009089358413599539,0.01677634778390991,0.01654668869141017
1676,0,0.0221276622951718,0.02611913731049451,0.025804544753592153,0.024123399802833154,0.023966103524381978
1677,0,0.2722366021432739,0.2684054383644084,0.25068765123249354,0.27032102025384114,0.2614621266878837
1678,0,0.0705123448743019,0.033969124709034,0.010029963750041787,0.05224073479166795,0.04027115431217184
1679,0,0.0641095224943535,0.0550173068797014,0.04103486862349767,0.05956341468702745,0.05257219555892559
1680,0,0.1210469336214435,0.07171951638628472,0.04923785764149544,0.09638322500386412,0.08514239563146947
1681,0,0.1091019306506341,0.03532224002164269,0.009872702656686898,0.0722120853361384,0.0594873166536605
1683,1,0.0624640772090626,0.04211282374387861,0.011481837207922299,0.052288450476470606,0.036972957208492446
1685,0,0.0013209506416125,0.0008841236967905082,6.701241269946054e-05,0.0011025371692015042,0.0006939815271559803
1686,0,0.0014878671254658,0.0006841526332690852,0.00032320928822256043,0.0010860098793674426,0.0009055382068441802
1687,0,0.0037739688830704,0.0016645647809859076,0.0006078755677976805,0.002719266832028154,0.0021909222254340405
1688,0,0.0005241265429771,0.0003238795458849478,2.3854079300121166e-05,0.0004240030444310239,0.0002739903111386106
1689,0,0.0005339188974146,0.00034262793391132243,1.9635476639234335e-05,0.0004382734156629612,0.00027677718702691714
1690,0,0.0005037204706472,0.000592364654813331,2.084621320627562e-05,0.0005480425627302655,0.0002622833419267378
1691,0,0.0014803263559194,0.0004028021011802159,9.345757072855449e-05,0.000941564228549808,0.0007868919633239772
1692,0,0.0004484098805266,0.00019542626187948835,1.2936045315080813e-05,0.0003219180712030442,0.0002306729629208404
1693,0,0.0009710958616272,0.00041031691737549787,5.700229984248985e-05,0.000690706389501349,0.000514049080734845
1694,0,0.0015917364678469,0.0013388659175026963,0.0006078755677976805,0.001465301192674798,0.0010998060178222901
1695,0,0.0005308125408458,0.0003210730614075492,2.3854079300121166e-05,0.00042594280112667456,0.0002773333100729606
1696,0,0.0004611279512176,0.00030349567796101917,2.3854079300121166e-05,0.0003823118145893096,0.0002424910152588606
1697,0,0.0002423724824564,0.0002857548286141781,1.5734498902289695e-05,0.00026406365553528907,0.00012905349067934485
1698,0,0.0002317212352664,0.000250682357109322,1.5734498902289695e-05,0.000241201796187861,0.00012372786708434485
1699,0,0.0005576032467137,0.00042527324932930155,1.6185078846110246e-05,0.0004914382480215008,0.0002868941627799051
1700,0,0.0026319741292191,0.0007701499379520369,0.00044199023689767494,0.0017010620335855685,0.0015369821830583873
1701,0,0.0006384435830584,0.0003016654117886672,3.37514487454508e-05,0.0004700544974235336,0.0003360975159019254
1703,0,0.0012591048249319,0.0005689234034446306,0.00018179231580396413,0.0009140141141882653,0.0007204485703679321
1704,0,0.0002747007739238,0.0006228547565204964,2.084621320627562e-05,0.00044877776522214816,0.00014777349356503782
1705,0,0.0006328449375207,0.0005251045737638344,4.255304732444171e-05,0.0005789747556422672,0.00033769899242257087
1706,0,0.0003011098885759,0.000622006530970436,2.084621320627562e-05,0.00046155820977316795,0.00016097805089108783
1707,0,0.0002463419222805,0.000517416898367156,1.5734498902289695e-05,0.000381879410323828,0.00013103821059139484
1708,0,0.0008740344726982,0.000944036502180113,2.6568468570478534e-05,0.0009090354874391565,0.0004503014706343393
1709,0,0.0005789304667053,0.0006646462270056594,2.3854079300121166e-05,0.0006217883468554797,0.0003013922730027106
1710,0,0.0004073080725748,0.001119210686516734,0.00017595659124214902,0.000763259379545767,0.0002916323319084745
1711,0,0.0003695552594028,0.0005909497527073934,2.084621320627562e-05,0.0004802525060550967,0.00019520073630453782
1712,0,0.0031474166884706,0.0013735787568079577,0.0008340304144815025,0.002260497722639279,0.0019907235514760513
1713,0,0.0005132562990913,0.0007190750233467241,2.3854079300121166e-05,0.0006161656612190121,0.0002685551891957106
1715,0,0.0005902224047558,0.001201963340241966,6.513912618466566e-05,0.0008960928724988831,0.00032768076547023283
1717,0,0.0005631274564952,0.0008098328191975175,2.3854079300121166e-05,0.0006864801378463587,0.0002934907678976606
1718,0,0.0027003819408519,0.0018522408256708201,0.0006701869629514924,0.0022763113832613598,0.0016852844519016962
1719,0,0.0010839816697959,0.0007321827326700101,1.7440224758845476e-05,0.0009080822012329552,0.0005507109472773728
1720,0,0.000564525335568,0.0006435739921628489,1.7440224758845476e-05,0.0006040496638654244,0.00029098278016342276
1722,0,0.000502202408744,0.0006191457172391696,1.7440224758845476e-05,0.0005606740629915848,0.00025982131675142276
1723,0,0.0008528968029008,0.0018459966343420283,0.00014132276466343062,0.0013494467186214141,0.0004971097837821153
1724,0,0.0010790175626112,0.0009883469870620935,5.13759718391519e-05,0.0010336822748366467,0.000565196767225176
1725,0,0.0014148130003809,0.0010769574382318266,7.931046710806642e-05,0.0012458852193063634,0.0007470617337444832
1728,0,0.0005691246080727,0.0009970669063065396,2.084621320627562e-05,0.0007830957571896197,0.0002949854106394878
1730,0,0.0008664102037966,0.001504613831078001,4.774763374174507e-05,0.0011855120174373004,0.00045707891876917253
1731,0,0.0023501637993635,0.001823618062064921,0.0005224590073298971,0.0020868909307142107,0.0014363114033466985
1732,0,0.0005221353750235,0.0007867405087149281,2.5201159793819864e-05,0.000654437941869214,0.0002736682674086599
1733,0,0.0006524933294091,0.0019210813438655916,0.0006078755677976805,0.0012867873366373458,0.0006301844486033903
1734,0,0.0005634517604867,0.0008195478393817366,2.061698744530616e-05,0.0006914997999342183,0.00029203437396600306
1735,0,0.0007120367788881,0.0009481556494046714,2.061698744530616e-05,0.0008300962141463857,0.0003663268831667031
1736,0,0.0021731373420641,0.0009533746953865197,0.0002776009374969623,0.0015632560187253098,0.0012253691397805311
1738,0,0.0021262692081755,0.0009239762943835173,0.0003145276329620374,0.0015251227512795085,0.0012203984205687688
1739,0,0.0005536353395936,0.0017985735597680083,0.00017595659124214902,0.0011761044496808042,0.0003647959654178745
1741,0,0.0007622786203756,0.0009828177274907599,4.3204499979733994e-05,0.0008725481739331799,0.000402741560177667
1742,0,0.0034345114961693,0.0016362165265389513,0.0004918959285097154,0.0025353640113541256,0.001963203712339508
1745,0,0.0008915095482366,0.0016308677465635254,1.9050265370206382e-05,0.0012611886474000627,0.00045527990680340315
1746,0,0.011119002485832,0.005721100447512451,0.0027859014974046478,0.008420051466672226,0.006952451991618324
1747,0,0.0004380309141032,0.001295009604004979,6.33616509433586e-05,0.0008665202590540896,0.0002506962825232793
1748,0,0.1382196405103195,0.24479527392074066,0.00010696275314291243,0.19150745721553009,0.06916330163173122
1749,0,0.001997750691651,0.0013933500245723773,4.3204499979733994e-05,0.0016955503581116886,0.001020477595815367
1750,0,0.0013250177882275,0.0010069233155438472,7.468850657390115e-05,0.0011659705518856736,0.0006998531474007005
1752,0,0.0061710347161082,0.002883150073316557,0.00038229136961028583,0.004527092394712379,0.003276663042859243
1754,0,0.0012412347535239,0.0023889648986064843,0.00021725286833637307,0.001815099826065192,0.0007292438109301366
1755,0,0.0004169811199788,0.0011031644078520135,3.3986230357832205e-05,0.0007600727639154067,0.0002254836751683161
1756,0,0.0014793793398476,0.002262156273621842,9.969432228484531e-05,0.001870767806734721,0.0007895368310662226
1758,0,0.0060710621915059,0.0012913542861401894,0.0010332826744178395,0.0036812082388230447,0.0035521724329618696
1759,0,0.0011312067218157,0.001342379716556938,8.331293537538457e-05,0.001236793219186319,0.0006072598285955423
1760,0,0.003489236800314,0.0012650924385311805,3.561914384177883e-05,0.0023771646194225902,0.0017624279720778895
1761,0,0.009739357159686,0.004610941852697212,0.0011549510899400677,0.007175149506191606,0.005447154124813033
1762,0,0.0186529345827048,0.011929457484364145,0.0008388262969548957,0.015291196033534474,0.009745880439829848
1763,0,0.0127725823250617,0.007601556908662078,0.001702053924968678,0.01018706961686189,0.00723731812501519
1764,1,0.0430044888212066,0.04696509332938366,0.0845573317738366,0.04498479107529513,0.0637809102975216
1765,0,0.0030187831929333,0.0006633981034613825,0.00025048841318525147,0.0018410906481973414,0.0016346358030592757
1768,0,0.0004374183988878,0.00039198971062323975,1.2936045315080813e-05,0.0004147040547555199,0.0002251772221014404
1769,0,0.0004865521699492,0.0003545478970365442,2.3854079300121166e-05,0.0004205500334928721,0.0002552031246246606
1770,0,0.0007368092837172,0.0007318878510495731,8.591757297923594e-05,0.0007343485673833865,0.00041136342834821794
1771,0,0.0005330666244171,0.00039697991834870014,2.3854079300121166e-05,0.00046502327138290005,0.00027846035185861057
1772,0,0.0002715864468849,0.0003565000166124431,1.5734498902289695e-05,0.00031404323174867154,0.00014366047289359485
1773,0,0.0006869786369867,0.0004251456055958224,0.0001047841878109218,0.0005560621212912612,0.0003958814123988109
1774,0,0.006758916640169,0.0029877546008229877,0.00026767483857681495,0.0048733356204959935,0.003513295739372907
1775,0,0.0005425006411369,0.00034817714407098027,2.3854079300121166e-05,0.0004453388926039401,0.0002831773602185106
1776,0,0.0014373088044789,0.0007399758289378077,0.0004104356103630457,0.001088642316708354,0.0009238722074209728
1778,0,0.0003957832486593,0.000555652887372127,2.084621320627562e-05,0.0004757180680157135,0.00020831473093278782
1779,0,0.0018600580390214,0.0007559310953689217,0.00025048841318525147,0.0013079945671951609,0.0010552732261033258
1780,0,0.0004290337340007,0.00046974208066849667,1.2936045315080813e-05,0.00044938790733459834,0.0002209848896578904
1781,0,0.0004457663259937,0.00022782551002921848,1.2936045315080813e-05,0.00033679591801145925,0.00022935118565439041
1782,0,0.0011613029527022,0.0012546531443917669,0.0006078755677976805,0.0012079780485469835,0.0008845892602499403
1783,0,0.0003927363314806,0.000497031140054075,2.084621320627562e-05,0.0004448837357673375,0.00020679127234343782
1784,0,0.0004233104546439,0.0005099644027685925,2.3854079300121166e-05,0.00046663742870624623,0.00022358226697201058
1786,0,0.0004409707448306,0.000499775278818622,2.3854079300121166e-05,0.000470373011824611,0.00023241241206536058
1787,0,0.000281687628264,0.0005024034748949812,2.084621320627562e-05,0.00039204555157949057,0.00015126692073513782
1788,0,0.0022145844773936,0.0008959295816687581,0.00047970981808009866,0.001555257029531179,0.0013471471477368492
1790,1,0.9782047215281606,0.9431704304728411,0.9938064768750059,0.9606875760005009,0.9860055992015833
1791,0,0.0007363926579749,0.00086719590514098,0.000124037831424335,0.00080179428155794,0.0004302152446996175
1792,0,0.0004900976957202,0.00043993857141926007,1.6185078846110246e-05,0.00046501813356973,0.0002531413872831551
1793,0,0.0011412558525826,0.0007725456941771572,9.210306633865589e-05,0.0009569007733798787,0.000616679459460628
1794,0,0.0008953863015043,0.00081494770706141,5.700229984248985e-05,0.000855167004282855,0.0004761943006733949
1795,0,0.0003528124082111,0.0007263893132464143,2.084621320627562e-05,0.0005396008607287571,0.00018682931070868782
1796,0,0.0002751034731605,0.0007314648323631537,1.5734498902289695e-05,0.0005032841527618268,0.00014541898603139485
1797,0,0.001064014576148,0.00040724387721724573,1.2936045315080813e-05,0.0007356292266826229,0.0005384753107315404
1800,0,0.0008362117315492,0.0012283780009229607,1.782044801299278e-05,0.0010322948662360803,0.0004270160897810964
1801,0,0.0005201219681011,0.00043370858133670077,1.2936045315080813e-05,0.00047691527471890036,0.0002665290067080904
1802,0,0.0008361880085127,0.001128524104070799,2.106646746746036e-05,0.0009823560562917495,0.00042862723799008017
1803,0,0.0005834408845431,0.0006572349658566518,2.061698744530616e-05,0.0006203379251998759,0.00030202893599420307
1804,0,0.0012602678704191,0.0015681477151960669,0.0001268544554746427,0.0014142077928075835,0.0006935611629468714
1805,0,0.0006059954346321,0.000931362367342348,2.061698744530616e-05,0.0007686789009872239,0.00031330621103870307
1806,0,0.0031589615688927,0.0012631439263965638,0.00027754332347851,0.0022110527476446318,0.001718252446185605
1807,0,0.0005946370140474,0.0006451963847240469,1.7440224758845476e-05,0.0006199166993857235,0.00030603861940312277
1808,0,0.0022572644532328,0.002327170458483081,0.0008790226449347483,0.0022922174558579404,0.0015681435490837742
1810,0,0.0013289058438141,0.0011026912236669153,0.0007546726173132154,0.0012157985337405077,0.0010417892305636576
1811,0,0.0034737112940247,0.0024630288274068548,0.0010964961747076212,0.0029683700607157776,0.0022851037343661605
1812,0,0.0005408741457558,0.0007674358620506328,2.2956853599533354e-05,0.0006541550039032164,0.0002819154996776667
1814,0,0.0007473344917425,0.001049214314467791,4.8775374686706364e-05,0.0008982744031051455,0.0003980549332146032
1815,0,0.0007051717839982,0.001059452992145264,3.3165004956500466e-05,0.000882312388071732,0.0003691683944773502
1817,0,0.0004683738814055,0.001285228455390166,5.4141004450461615e-05,0.000876801168397833,0.0002612574429279808
1819,0,0.001219585046469,0.0010410578923593045,9.170688661535801e-05,0.0011303214694141522,0.0006556459665421789
1820,0,0.0022144569198658,0.0021384837622434568,0.00014132276466343062,0.0021764703410546283,0.0011778898422646154
1821,0,0.0006549960240118,0.000859157410780036,2.061698744530616e-05,0.000757076717395918,0.00033780650572855307
1822,0,0.0042431263003776,0.002240745167741825,0.0006514503852850311,0.003241935734059713,0.0024472883428313156
1823,0,0.0004982179016998,0.0018568403100902248,6.33616509433586e-05,0.0011775291058950125,0.0002807897763215793
1824,0,0.0013723786419532,0.0019838641391415777,0.00023042235938528952,0.001678121390547389,0.0008014005006692449
1825,0,0.0024394608331773,0.0032544084463838655,0.00014515951953923724,0.0028469346397805824,0.0012923101763582686
1826,0,0.0007712309261179,0.0005035406802500838,1.4756889968068784e-05,0.0006373858031839918,0.00039299390804298435
1827,0,0.0004052242247382,0.0010393768643958722,3.3047541242671345e-05,0.0007223005445670362,0.00021913588299043567
1828,0,0.003421530113407,0.0031915877666962083,0.00031190851729523167,0.003306558940051604,0.0018667193153511156
1829,0,0.0027698375078436,0.0032612605671396453,4.244023483027543e-05,0.003015549037491623,0.0014061388713369376
1830,0,0.0022157454224445,0.0018260910358439755,7.208595788197576e-05,0.0020209182291442375,0.0011439156901632379
1832,0,0.0033839958302638,0.0017625480125183746,0.00045136782216160474,0.0025732719213910874,0.0019176818262127023
1836,0,0.0020626063793029,0.001142180836185241,2.2956853599533354e-05,0.0016023936077440705,0.0010427816164512167
1837,0,0.0009761312845364,0.0015244326181551716,5.3110879225978195e-05,0.0012502819513457858,0.000514621081881189
1838,0,0.0015735682660125,0.0034285317032211227,0.0001372682243761931,0.0025010499846168112,0.0008554182451943465
1839,0,0.0013181390508921,0.0012674794427439534,9.05655217984369e-06,0.0012928092468180268,0.0006635978015359719
1840,0,0.0009870018349084,0.0009987732499496678,1.0614914271069363e-05,0.000992887542429034,0.0004988083745897347
1842,0,0.0005063300781331,0.00037644071755520657,1.9635476639234335e-05,0.00044138539784415327,0.00026298277738616714
1843,0,0.0005890246964556,0.0003300055182785633,3.37514487454508e-05,0.00045951510736708166,0.00031138807260052537
1845,0,0.0004839226806445,0.0007540280354121561,2.384198675371211e-05,0.000618975358028328,0.00025388233369910603
1846,0,0.0009487013182936,0.0003840653877560097,2.9342990650863003e-05,0.0006663833530248048,0.0004890221544722314
1847,0,0.0007783797991605,0.00038234927408731,1.5734498902289695e-05,0.000580364536623905,0.00039705714903139484
1848,0,0.0018401629396758,0.00048001592000977505,0.0002940768403692724,0.0011600894298427877,0.0010671198900225362
1850,0,0.000246123928029,0.0005286713928219804,1.5734498902289695e-05,0.0003873976604254902,0.00013092921346564485
1851,0,0.0020583916900103,0.0008998942103613155,0.00015500955468169544,0.0014791429501858078,0.0011067006223459976
1852,0,0.0026946155597075,0.0008420618796675652,0.00016895290029864956,0.0017683387196875326,0.0014317842300030747
1853,0,0.0005298065492051,0.0005709588611175915,1.7440224758845476e-05,0.0005503827051613457,0.00027362338698197274
1854,0,0.0003662918401328,0.0006793706192839564,2.084621320627562e-05,0.0005228312297083782,0.00019356902666953782
1855,0,0.0004369117892435,0.0004079084635941142,1.2936045315080813e-05,0.0004224101264188071,0.0002249239172792904
1858,0,0.0004392675123559,0.0004422061690946754,2.3854079300121166e-05,0.00044073684072528773,0.0002315607958280106
1859,0,0.0004955128312957,0.0003334780828822688,1.2936045315080813e-05,0.00041449545708898436,0.0002542244383053904
1860,0,0.0030404783991083,0.00117531672352502,0.00047970981808009866,0.00210789756131666,0.0017600941085941992
1861,0,0.0005994057190318,0.0002752356424456958,1.2936045315080813e-05,0.0004373206807387479,0.00030617088217344045
1862,0,0.0005944718059656,0.0002738575790786526,1.2936045315080813e-05,0.0004341646925221263,0.0003037039256403404
1864,0,0.0004486613633,0.00047739901719532404,1.2936045315080813e-05,0.00046303019024766204,0.0002307987043075404
1865,0,0.0005384667030907,0.0004721123017246098,1.6185078846110246e-05,0.0005052895024076549,0.0002773258909684051
1866,0,0.0003068205084374,0.0009258309423091286,1.5734498902289695e-05,0.0006163257253732643,0.00016127750366984485
1867,0,0.0010055472430082,0.0013972037194605377,0.0006078755677976805,0.001201375481234369,0.0008067114054029403
1869,0,0.0022805583025555,0.0019226735611645347,0.0013546001224844437,0.0021016159318600174,0.0018175792125199718
1870,0,0.0002939939082971,0.0005967115863747952,2.084621320627562e-05,0.00044535274733594756,0.00015742006075168783
1871,0,0.0004586022409462,0.0008481429228471905,2.8266778917912398e-05,0.0006533725818966953,0.00024343450993205622
1872,0,0.0005097711321291,0.0005332031475329637,3.37514487454508e-05,0.0005214871398310319,0.0002717612904372754
1873,0,0.0031553226260984,0.002165930229984112,0.0006357635227951995,0.0026606264280412562,0.0018955430744467998
1875,0,0.0005347282182629,0.0009585491483904882,2.3854079300121166e-05,0.000746638683326694,0.0002792911487815106
1876,0,0.0022763326891285,0.0015963441885462793,0.0001917514974294646,0.0019363384388373897,0.0012340420932789825
1877,0,0.0092663830799611,0.002873617830204505,0.0008350604151767982,0.006070000455082802,0.005050721747568949
1879,0,0.0008742310193067,0.0015434296963020753,2.106646746746036e-05,0.0012088303578043876,0.00044764874338708017
1882,0,0.0004729580035912,0.0007576196074908748,3.557446596850087e-05,0.0006152888055410374,0.0002542662347798504
1884,0,0.0005978091052314,0.0007714452153951072,3.118701039246857e-05,0.0006846271603132536,0.0003144980578119343
1888,0,0.0006146378665956,0.0006623293817259664,1.7440224758845476e-05,0.0006384836241607832,0.00031603904567722275
1889,0,0.0010574018753431,0.0005285394565486701,5.448630379517e-05,0.0007929706659458851,0.000555944089569135
1891,0,0.0005716881653451,0.0006908080009565472,2.061698744530616e-05,0.0006312480831508236,0.0002961525763952031
1892,0,0.0013322728793618,0.0005322161982409715,1.815092999475052e-05,0.0009322445388013857,0.0006752119046782752
1893,0,0.0003782494079092,0.0007813887663994165,0.00017652299005394456,0.0005798190871543083,0.0002773861989815723
1894,0,0.0008985418614111,0.0008952244497543129,1.6185078846110246e-05,0.0008968831555827065,0.0004573634701286051
1895,0,0.0015013355886171,0.0012876294051129425,8.36092264236033e-05,0.0013944824968650212,0.0007924724075203517
1896,0,0.0022950575696696,0.002424664647480628,0.00014515951953923724,0.002359861108575114,0.0012201085446044188
1898,0,0.0013479642621496,0.0015589989687629143,0.00012123380552637544,0.001453481615456257,0.0007345990338379878
1899,0,0.0030000997467658,0.0022959301487260357,0.0012800235282349765,0.002648014947745918,0.002140061637500388
1900,0,0.0011732591138789,0.0018642043288997943,0.00020428506980516072,0.0015187317213893473,0.0006887720918420304
1902,0,0.0006612797769481,0.0005971922609820006,6.315254348051204e-05,0.0006292360189650503,0.000362216160214306
1903,0,0.0021544452325877,0.001377137645607081,0.00012186117443658003,0.0017657914390973905,0.0011381532035121401
1905,0,0.0006496277526276,0.000492747271069667,1.2175749913611695e-05,0.0005711875118486335,0.0003309017512706058
1906,0,0.0066002299208368,0.001407562061527142,0.00026257748626443036,0.004003895991181971,0.0034314037035506153
1907,0,0.0011863925302854,0.001429686539432985,2.495241149466143e-05,0.0013080395348591925,0.0006056724708900308
1908,0,0.0007538394106861,0.001024394052758188,7.468850657390115e-05,0.000889116731722144,0.0004142639586300006
1909,0,0.0020532305923749,0.004515269267082014,0.00021176706444256578,0.003284249929728457,0.001132498828408733
1910,0,0.0018576694132552,0.001710546206922264,0.00036437050302782966,0.0017841078100887318,0.001111019958141515
1911,0,0.0006825622166088,0.0005785824597782326,6.315254348051204e-05,0.0006305723381935163,0.000372857380044656
1912,0,0.0126279867994789,0.0020679186311874935,5.150805177566672e-05,0.007347952715333197,0.006339747425627284
1913,0,0.0009515848289029,0.000966340579764152,2.9743263506417857e-05,0.000958962704333526,0.0004906640462046589
1914,0,0.0008632471506291,0.0012241462485392221,2.9743263506417857e-05,0.0010436966995841612,0.000446495207067759
1915,0,0.0070392379982454,0.004262797074148151,0.0016007062226218523,0.005651017536196776,0.004319972110433626
1916,0,0.0103063846513463,0.013472035149966118,0.0008152091445653019,0.011889209900656209,0.005560796897955801
1918,0,0.0160862314033176,0.010449653919126263,0.010959559807431069,0.013267942661221933,0.013522895605374334
1920,0,0.0004777253078181,0.0002142853735536795,1.2936045315080813e-05,0.0003460053406858898,0.00024533067656659044
1921,0,0.0005238451993634,0.0009769923473158396,0.00017595659124214902,0.0007504187733396199,0.0003499008953027745
1923,0,0.0008034999561331,0.00044181331565563156,0.000124037831424335,0.0006226566358943658,0.0004637688937787175
1924,0,0.0002855861577934,0.00034710950262208096,1.5734498902289695e-05,0.00031634783020774047,0.00015066032834784484
1926,0,0.0004786454823129,0.000329411198047507,2.3854079300121166e-05,0.0004040283401802035,0.0002512497808065106
1928,0,0.0021721833644631,0.0006175669177885101,0.0004618028284260978,0.0013948751411258051,0.001316993096444599
1929,0,0.0004049893288465,0.0006380047880455379,0.0005140918618924947,0.000521497058446019,0.00045954059536949734
1930,0,0.0002495952041438,0.0002591083131566999,2.9857180711155064e-05,0.0002543517586502499,0.00013972619242747753
1932,0,0.0003365048713462,0.0008367119959463556,0.00017595659124214902,0.0005866084336462778,0.0002562307312941745
1933,0,0.0004658976179248,0.0001924887380272522,1.2936045315080813e-05,0.0003291931779760261,0.0002394168316199404
1934,0,0.0004404836289374,0.00034996048242959927,2.3854079300121166e-05,0.00039522205568349967,0.0002321688541187606
1935,0,0.0002159192595892,0.00044893851912271456,1.5734498902289695e-05,0.00033242888935595727,0.00011582687924574485
1936,0,0.0027725174802884,0.0008107695974626535,0.0005547000212628698,0.0017916435388755268,0.001663608750775635
1937,0,0.0007976635889891,0.0007557945215187098,0.000124037831424335,0.0007767290552539048,0.0004608507102067175
1939,0,0.0004191239162427,0.0004485022448865145,2.3854079300121166e-05,0.00043381308056460725,0.0002214889977714106
1940,0,0.0027358842799387,0.0008693847104838085,0.0005547000212628698,0.0018026344952112542,0.001645292150600785
1941,0,0.0002006168926906,0.00037396945934261785,1.5734498902289695e-05,0.00028729317601660894,0.00010817569579644485
1942,0,0.0044048924642147,0.003248403136532765,2.8855462364246547e-05,0.0038266478003737324,0.002216873963289473
1943,0,0.0003082505028436,0.00045844673137782245,2.084621320627562e-05,0.0003833486171107112,0.00016454835802493783
1944,0,0.0002938146107905,0.0006194504804098888,2.084621320627562e-05,0.00045663254560019437,0.0001573304119983878
1946,0,0.0004755103222762,0.0007020964874236118,2.3854079300121166e-05,0.0005888034048499059,0.00024968220078816055
1948,0,0.0005581186342178,0.0009687155338722403,3.726093720650917e-05,0.0007634170840450203,0.0002976897857121546
1949,0,0.0011255195510304,0.0010854863311436547,7.917112902732683e-05,0.0011055029410870273,0.0006023453400288635
1950,0,0.0004822808362212,0.0004106707721293963,1.6185078846110246e-05,0.0004464758041752982,0.0002492329575336551
1951,0,0.0003767097291955,0.0005722202510848622,6.622727678098573e-05,0.0004744649901401811,0.00022146850298824288
1952,0,0.0005936777218521,0.0005563531513083864,7.759236964744919e-05,0.0005750154365802432,0.0003356350457497746
1953,0,0.0023490597952605,0.002049479819088517,0.0006701869629514924,0.0021992698071745084,0.0015096233791059962
1955,0,0.000388009580978,0.0007951747416682762,7.639069348054424e-05,0.0005915921613231382,0.00023220013722927211
1956,0,0.0023199301018111,0.0016395619566605146,0.0010964961747076212,0.0019797460292358075,0.0017082131382593607
1957,0,0.0018517920722608,0.000786768662784116,0.00019565670446484087,0.0013192803675224581,0.0010237243883628206
1959,0,0.0003946719878608,0.0007178807517747417,2.2956853599533354e-05,0.0005562763698177709,0.00020881442073016667
1960,0,0.0028213027722675,0.001116595221338482,0.0005860073087855446,0.0019689489968029907,0.0017036550405265223
1961,0,0.0012727093412732,0.0013971778043431731,0.00010584668925761503,0.0013349435728081866,0.0006892780152654075
1962,0,0.0007371947043241,0.0013572354453268674,8.604819746706175e-05,0.0010472150748254837,0.00041162145089558084
1963,0,0.00096178580365,0.0020165322675252915,0.00022558679705243797,0.0014891590355876458,0.000593686300351219
1964,0,0.0014115791435253,0.0012766396237610263,0.00016831987435351255,0.0013441093836431633,0.0007899495089394063
1965,0,0.0010496998912458,0.001639052261172244,0.0001130380275998861,0.001344376076209022,0.000581368959422843
1966,0,0.0005854653913769,0.0007421788108168605,1.6185078846110246e-05,0.0006638221010968803,0.00030082523511150514
1967,0,0.0005705922472328,0.0007391855732399973,1.9133219226061395e-05,0.0006548889102363986,0.0002948627332294307
1969,0,0.0032301188420342,0.00138662068850483,0.0006357635227951995,0.002308369765269515,0.0019329411824146998
1971,0,0.0260853158254367,0.004278601728565225,0.0007245407126781802,0.015181958777000962,0.01340492826905744
1972,0,0.002107245524934,0.0013872823521410406,0.0006369209503345723,0.0017472639385375205,0.0013720832376342862
1973,0,0.000830436773013,0.0005530816401769664,1.815092999475052e-05,0.0006917592065949832,0.0004242938515038753
1974,0,0.0008507461564389,0.0008263993120447224,7.759236964744919e-05,0.0008385727342418112,0.0004641692630431746
1975,0,0.000460580520888,0.0008298194411957597,9.989510302111145e-05,0.0006451999810418798,0.0002802378119545557
1976,0,0.0012830853644207,0.0014181941675611835,7.413986629850761e-05,0.0013506397659909417,0.0006786126153596038
1977,0,0.0019281687739239,0.0010481276599655363,0.00010447057583158666,0.0014881482169447182,0.0010163196748777434
1978,0,0.0013791675990087,0.00043741670694524907,1.4756889968068784e-05,0.0009082921529769745,0.0006969622444883844
1979,0,0.0005033643791513,0.0010603228107959944,0.0003384008550395908,0.0007818435949736472,0.0004208826170954454
1980,0,0.0022848006492389,0.001413944638858518,7.451826246677812e-05,0.001849372644048709,0.0011796594558528392
1981,0,0.0028813948190011,0.0022181463174078377,0.00036096133649790645,0.0025497705682044685,0.001621178077749503
1982,0,0.0016417486491908,0.002454987360789575,0.00013865410745655875,0.0020483680049901876,0.0008902013783236794
1983,0,0.0005242116444887,0.0008497470111038128,1.2175749913611695e-05,0.0006869793277962564,0.00026819369720115587
1985,0,0.0025517080358065,0.0023163578474026947,9.829749259072691e-05,0.0024340329416045973,0.0013250027641986135
1986,0,0.0006632482567589,0.0012420018826004092,8.331293537538457e-05,0.0009526250696796545,0.0003732805960671423
1987,0,0.000740722126405,0.0014971007480323022,1.21139188570185e-05,0.0011189114372186513,0.00037641802263100926
1988,0,0.0008062166208312,0.0008844093820281884,6.804974824021345e-05,0.0008453130014296942,0.00043713318453570673
1989,0,0.0016176285997723,0.0013200683604536717,9.170688661535801e-05,0.0014688484801129859,0.000854667743193829
1990,0,0.0029139980822094,0.006148868170388562,0.0012800822568140796,0.004531433126298981,0.00209704016951174
1991,0,0.0014744114963016,0.002896130967273079,0.0001993347442449928,0.0021852712317873397,0.0008368731202732964
1992,0,0.0010078070421215,0.0014691905708808589,3.3047541242671345e-05,0.0012384988065011794,0.0005204272916820857
1994,0,0.0006673557307249,0.0010219288337722258,4.6322974656394324e-05,0.0008446422822485629,0.00035683935269064716
1995,0,0.0019041171393036,0.00222123644786053,0.00012735295345987614,0.002062676793582065,0.0010157350463817381
1996,0,0.0008659607780336,0.003466631351093497,1.6808443960518602e-05,0.002166296064563549,0.00044138461099705933
1999,0,0.0004519071790603,0.00036078451674804047,2.3854079300121166e-05,0.00040634584790417023,0.00023788062918021058
2000,0,0.00024892055991,0.0003477977187714929,1.5734498902289695e-05,0.00029835913934074645,0.00013232752940614485
2001,0,0.0021486930639326,0.0009340472410402416,0.00016895290029864956,0.0015413701524864206,0.0011588229821156246
2002,0,0.0004672887810365,0.0003352851375643812,2.3854079300121166e-05,0.0004012869593004406,0.00024557143016831057
2003,0,0.0004888138687637,0.00020059127881738283,3.579481976389114e-05,0.00034470257379054146,0.00026230434426379557
2004,0,0.001561170892061,0.00022116815172092022,1.2936045315080813e-05,0.0008911695218909601,0.0007870534686880403
2005,0,0.0004037565168266,0.0004855624392657573,7.318969138551972e-05,0.0004446594780461786,0.00023847310410605985
2006,0,0.0004656038143521,0.00036340288267866456,1.2936045315080813e-05,0.0004145033485153823,0.0002392699298335904
2008,0,0.0004649086669507,0.0004837305061841536,2.3854079300121166e-05,0.0004743195865674268,0.00024438137312541056
2009,0,0.0004839126220047,0.00026020745169003204,3.579481976389114e-05,0.000372060036847366,0.00025985372088429556
2010,0,0.0004142406898952,0.000699147921707414,2.4356913379209013e-05,0.000556694305801307,0.00021929880163720452
2011,0,0.0023952120928572,0.0014508491149878408,0.00015500955468169544,0.0019230306039225206,0.0012751108237694477
2012,0,0.0002677507027365,0.0004922503178732481,2.7879834816755138e-05,0.000380000510304874,0.00014781526877662756
2014,0,0.0004440619124569,0.0006685119406461465,2.3854079300121166e-05,0.0005562869265515232,0.0002339579958785106
2015,0,0.0022758992870515,0.0017947417228142157,0.00015500955468169544,0.002035320504932858,0.0012154544208665976
2016,1,0.8370283334084583,0.7331834667658833,0.99589137497388,0.7851059000871707,0.9164598541911692
2017,0,0.0006419046270585,0.000500890144622271,4.255304732444171e-05,0.0005713973858403854,0.00034222883719147086
2018,0,0.0002356327503591,0.0002980339799026722,1.5734498902289695e-05,0.0002668333651308861,0.00012568362463069485
2019,0,0.0022761270166334,0.0007890796870191606,7.917112902732683e-05,0.0015326033518262804,0.0011776490728303635
2021,0,0.0004502514159448,0.0007593955570016014,2.3854079300121166e-05,0.0006048234864732007,0.0002370527476224606
2023,0,0.0023578508987215,0.0010566049367609642,0.000551614783057915,0.001707227917741232,0.0014547328408897075
2024,0,0.0012799151844857,0.0016008954057435993,9.234438485918317e-05,0.0014404052951146496,0.0006861297846724416
2025,0,0.0004809744947906,0.00024322919660367117,3.37514487454508e-05,0.00036210184569713557,0.0002573629717680254
2026,0,0.0002677115878076,0.0006860084879005432,1.5734498902289695e-05,0.0004768600378540716,0.00014172304335494486
2028,0,0.0004407358845939,0.0014568407932090746,0.00017595659124214902,0.0009487883389014873,0.0003083462379180245
2030,0,0.0004698825047446,0.0009423386301753553,2.3854079300121166e-05,0.0007061105674599777,0.0002468682920223606
2031,0,0.0010797461670548,0.00135993198291538,0.00014238759469364364,0.00121983907498509,0.0006110668808742218
2032,0,0.0180722734656723,0.005139724685912824,0.0004575429343177295,0.011605999075792562,0.009264908199995014
2033,0,0.0008474860473199,0.0014533978944088317,2.9342990650863003e-05,0.0011504419708643658,0.0004384145189853815
2034,0,0.0032258471816279,0.0015921972092980414,0.00048264547986587915,0.0024090221954629707,0.0018542463307468894
2036,0,0.0006045932094052,0.0005196857348417597,1.6185078846110246e-05,0.0005621394721234799,0.00031038914412565515
2037,0,0.0008466044302898,0.0017297839529240714,0.000124037831424335,0.0012881941916069357,0.0004853211308570675
2038,0,0.0007320028900733,0.0015247171545937634,0.000124037831424335,0.0011283600223335319,0.0004280203607488175
2039,0,0.0014619439371629,0.0025923968209868534,0.00016831987435351255,0.0020271703790748765,0.0008151319057582063
2040,0,0.000314457086472,0.0008123207169897852,2.982825594334265e-05,0.0005633889017308926,0.00017214267120767133
2041,0,0.0004941063083941,0.0007873049062947195,2.084621320627562e-05,0.0006407056073444097,0.0002574762608001878
2042,0,0.0008685260550406,0.001729533832996714,0.000124037831424335,0.001299029944018657,0.0004962819432324675
2043,0,0.0011999780118477,0.0021826521816087157,0.000145900333996708,0.001691315096728208,0.000672939172922204
2044,0,0.5027805146703624,0.0012953254215392802,0.0002650036964642444,0.2520379200459509,0.2515227591834133
2045,0,0.0005607135576696,0.0009336575331464548,1.9133219226061395e-05,0.0007471855454080274,0.0002899233884478307
2046,0,0.0005936571934499,0.0007671772664659679,1.6185078846110246e-05,0.000680417229957934,0.00030492113614800513
2047,0,0.0011999474219624,0.002082418597750923,7.413986629850761e-05,0.0016411830098566615,0.0006370436441304537
2050,0,0.0005046361035516,0.0006264603254978616,1.4756889968068784e-05,0.0005655482145247308,0.00025969649675983435
2051,0,0.0014939016680401,0.001509071586300081,6.0711824560203864e-05,0.0015014866271700904,0.000777306746300152
2054,0,0.0084195889095619,0.007441783277579729,0.0006657173184303589,0.007930686093570814,0.004542653113996129
2055,0,0.0041743626388744,0.0008424391101078957,4.501535850060698e-05,0.0025084008744911475,0.002109688998687503
2056,0,0.0011023476688973,0.0008588541512517962,1.4681951523862876e-05,0.0009806009100745481,0.0005585148102105814
2058,0,0.0005482552469365,0.002208412922193317,0.0001211342077599977,0.0013783340845649084,0.00033469472734824887
2059,0,0.0011197746953169,0.0022105831251362047,0.00022641357091168483,0.0016651789102265523,0.0006730941331142924
2060,0,0.0011576464586898,0.0013805239264453157,0.00016831987435351255,0.001269085192567558,0.0006629831665216563
2061,0,0.0035443952809402,0.0043928884494809535,0.00023780125487496436,0.003968641865210577,0.001891098267907582
2063,0,0.0006213780263368,0.0011391597066775982,3.447212396843659e-05,0.0008802688665071991,0.0003279250751526183
2064,0,0.0023857969341543,0.0035060675317542893,0.00015821697969360275,0.002945932232954295,0.0012720069569239513
2065,0,0.0006279701407507,0.0020340038379463156,7.359158945065188e-05,0.0013309869893485078,0.00035078086510067596
2066,0,0.0019862492872039,0.003582849222941697,0.0005297148720330333,0.0027845492550727987,0.0012579820796184665
2070,0,0.0005003053523962,0.0014325774743934989,3.838335894266199e-05,0.0009664414133948495,0.000269344355669431
2071,0,0.0021080629777096,0.002819637751310609,0.001260751218353262,0.0024638503645101045,0.0016844070980314308
2072,0,0.1505828253077613,0.00838495005605564,0.0050281538778479224,0.07948388768190846,0.0778054895928046
2073,0,0.0012019143752963,0.0020778578841203726,0.0001211342077599977,0.0016398861297083362,0.0006615242915281489
2074,0,0.000779107236598,0.0015157478970987803,6.500295616012017e-05,0.0011474275668483902,0.00042205509637906007
2075,0,0.0007530397090783,0.0024018050888860516,0.00012557296821797537,0.0015774223989821758,0.00043930633864813773
2076,1,0.8436626629420494,0.9808416451350035,0.8985320192972714,0.9122521540385264,0.8710973411196604
2077,0,0.0009018487861591,0.0024270178810530453,7.359158945065188e-05,0.0016644333336060726,0.0004877201878048759
2078,0,0.0011938466134493,0.0018520741189466474,7.468850657390115e-05,0.0015229603661979737,0.0006342675600116006
2079,0,0.0118042812294588,0.003353771197887282,0.0224740201240757,0.007579026213673041,0.01713915067676725
2080,0,0.0273198166738464,0.01651289232777685,0.009567473187087224,0.021916354500811624,0.01844364493046681
2081,0,0.0885439164242827,0.04346658291865433,0.015017444278603884,0.06600524967146852,0.051780680351443294
2082,0,0.0243283869261601,0.05323208028086957,0.013688367261388758,0.03878023360351483,0.01900837709377443
2083,0,0.0253003062117157,0.016728404968643255,0.005004061423255962,0.021014355590179477,0.01515218381748583
2084,0,0.0005317848615199,0.00042636573757931186,4.1156035861599115e-05,0.00047907529954960596,0.0002864704486907496
2085,0,0.0010515944117502,0.001159921236259394,3.908402896840309e-05,0.0011057578240047969,0.0005453392203593016
2086,0,0.0006829688276429,0.000712331376327598,9.16749043348138e-05,0.000697650101985249,0.0003873218659888569
2087,0,0.0017604385073138,0.0009542445389565844,0.0005923566005942109,0.001357341523135192,0.0011763975539540055
2088,0,0.0003775265504281,0.0007397490056918828,2.5514080975827643e-05,0.0005586377780599914,0.00020152031570196382
2089,0,0.0022557787435839,0.0009641093509816809,0.0004618028284260978,0.0016099440472827904,0.0013587907860049988
2090,0,0.0014013763115238,0.0010329684860233186,0.000245030117869462,0.0012171723987735592,0.000823203214696631
2091,0,0.0042979762807432,0.0010158951775891686,0.00016030781462012743,0.002656935729166184,0.0022291420476816637
2092,0,0.0006435376068366,0.0006202202954326978,1.6185078846110246e-05,0.0006318789511346489,0.0003298613428413551
2093,0,0.0007004667965163,0.000666401454138873,1.6185078846110246e-05,0.0006834341253275865,0.00035832593768120514
2095,0,0.0013609727344364,0.0005301917835613376,0.00011789169852506747,0.0009455822589988687,0.0007394322164807337
2096,0,0.0002336685403522,0.0004508329824981596,1.8275023942121967e-05,0.0003422507614251798,0.00012597178214716098
2097,0,0.0012634353845181,0.002818089051503859,0.00015500955468169544,0.0020407622180109797,0.0007092224695998976
2101,0,0.0009381676526754,0.0006684855512089499,3.0140769893045677e-05,0.000803326601942175,0.00048415421128422285
2102,0,0.0004740020738893,0.0007368044640629405,4.712706692169245e-05,0.0006054032689761203,0.00026056457040549624
2103,0,0.0063278391326643,0.0031287981825102932,0.001788356618556595,0.004728318657587297,0.004058097875610447
2104,0,0.0029127883479897,0.0012109234827992468,0.000551614783057915,0.0020618559153944734,0.0017322015655238075
2105,0,0.0010277370481657,0.00040408208927278887,1.6185078846110246e-05,0.0007159095687192445,0.0005219610635059052
2106,0,0.0003359381650366,0.0005714048856395518,2.084621320627562e-05,0.0004536715253380759,0.0001783921891214378
2108,0,0.0008505766834781,0.0015032875031104468,0.00015249862725537,0.0011769320932942735,0.000501537655366735
2109,0,0.0003832309112296,0.001240961169787935,6.513912618466566e-05,0.0008120960405087676,0.00022418501870713283
2110,0,0.0003413261369485,0.0006390648437433111,2.084621320627562e-05,0.0004901954903459055,0.00018108617507738782
2111,0,0.0002396481580028,0.0006856945952032619,1.5734498902289695e-05,0.000462671376603031,0.00012769132845254485
2112,0,0.0007402868845772,0.0011134697984107116,0.0004914229852263498,0.0009268783414939558,0.0006158549349017748
2113,0,0.0005672627205138,0.001879978452481248,0.00014132276466343062,0.001223620586497524,0.0003542927425886153
2114,0,0.0005151692958677,0.0025827459807772008,0.00017595659124214902,0.0015489576383224503,0.0003455629435549245
2116,0,0.0014663506477696,0.0022110328307255295,0.00015573186359028846,0.0018386917392475648,0.0008110412556799442
2117,0,0.0014321779896434,0.00173258918240706,9.829749259072691e-05,0.00158238358602523,0.0007652377411170634
2118,0,0.0008680136302917,0.001259287192446025,3.9523303619712645e-05,0.0010636504113688626,0.0004537684669557063
2119,0,0.0003757277191962,0.0007127492933925223,6.507602351917533e-05,0.0005442385062943612,0.00022040187135768767
2120,0,0.0005208925885102,0.0006255250501026004,3.579481976389114e-05,0.0005732088193064002,0.00027834370413704556
2121,0,0.0005028303677574,0.0011881650466387765,0.00017595659124214902,0.0008454977071980882,0.0003393934794997745
2122,0,0.0006220978944548,0.0008148805019091526,2.2956853599533354e-05,0.0007184891981819764,0.0003225273740271667
2123,0,0.0006860718412441,0.0012196139823181984,2.5201159793819864e-05,0.0009528429117811492,0.00035563650051895993
2124,0,0.0005669651298306,0.0012002268687421505,1.4681951523862876e-05,0.0008835959992863753,0.00029082354067723145
2125,0,0.0009619805184787,0.0016200384076861176,6.108287504014848e-05,0.0012910094630824089,0.0005115316967594242
2126,1,0.8368678803387486,0.2142346707781553,0.9925033341081909,0.5255512755584519,0.9146856072234697
2127,0,0.0004044130482626,0.0009465690684279084,5.4141004450461615e-05,0.0006754910583452542,0.0002292770263565308
2128,0,0.0006598712267359,0.0009447731324507076,5.979624711709186e-05,0.0008023221795933038,0.00035983373692649595
2129,0,0.0006568782254743,0.0014974792902753926,0.00014132276466343062,0.0010771787578748462,0.0003991004950688653
2130,0,0.0007371894982256,0.0013350529983980643,3.424235830575142e-05,0.0010361212483118321,0.0003857159282656757
2132,0,0.0014427294204057,0.0021608697645559075,0.0002596200068112325,0.0018017995924808038,0.0008511747136084663
2133,0,0.0011135415536415,0.0016097777736924991,0.0011984817119845856,0.0013616596636669997,0.0011560116328130428
2134,0,0.0004653439425584,0.0010202921340188946,2.3407532819776135e-05,0.0007428180382886473,0.00024437573768908806
2135,0,0.0008340996519987,0.002488931838797306,0.00014861416368811754,0.001661515745398003,0.0004913569078434087
2136,0,0.0007764833198169,0.0014990281670971889,1.9133219226061395e-05,0.0011377557434570445,0.0003978082695214807
2137,0,0.0005107136176067,0.001942937030317299,8.331293537538457e-05,0.0012268253239619996,0.0002970132764910423
2138,0,0.0008495815635979,0.0010965826933943409,2.061698744530616e-05,0.0009730821284961204,0.0004350992755216031
2139,0,0.0009534026563325,0.0029246886111395924,0.00010105400541552657,0.0019390456337360462,0.0005272283308740132
2140,0,0.0011165954966682,0.0021879638217255416,0.0003563596068188353,0.0016522796591968707,0.0007364775517435177
2141,0,0.0011976562262579,0.002007376569346787,0.00013791225052171637,0.0016025163978023436,0.0006677842383898083
2142,0,0.00135388684912,0.0008142076378181074,2.2956853599533354e-05,0.0010840472434690536,0.0006884218513597666
2143,0,0.0098503829127152,0.005085661041617473,0.002456196865223602,0.007468021977166337,0.006153289888969401
2144,0,0.0011380364928887,0.0011572012035780902,5.8649586851755986e-05,0.001147618848233395,0.000598343039870228
2145,0,0.000590944866496,0.002057808563386855,6.33616509433586e-05,0.0013243767149414274,0.0003271532587196793
2146,0,0.0048612432517109,0.0010829043914064387,7.111314603360519e-05,0.002972073821558669,0.0024661781988722527
2149,0,0.0005206827273645,0.0015867754649874076,6.33616509433586e-05,0.0010537290961759537,0.0002920221891539293
2150,0,0.0006932258921163,0.0011314704245646164,5.3110879225978195e-05,0.0009123481583404583,0.0003731683856711391
2151,0,0.0007072839452432,0.0009511735733191465,1.2175749913611695e-05,0.0008292287592811733,0.00035972984757840583
2152,0,0.0019136750652177,0.0028655135973616264,0.0001182898109881597,0.0023895943312896633,0.00101598243810293
2153,0,0.0085481172254431,0.002035547842640426,0.0008670963029367038,0.005291832534041764,0.004707606764189902
2154,0,0.0021130573446516,0.0026993610047618844,7.451826246677812e-05,0.0024062091747067424,0.0010937878035591892
2155,0,0.002766754188544,0.002269552265621437,0.0002016281835136607,0.0025181532270827185,0.0014841911860288303
2156,0,0.0073509683498558,0.0058287605100126785,0.0001993347442449928,0.006589864429934239,0.0037751515470503963
2157,0,0.0048903938566782,0.004242893643495164,0.0010869127434596016,0.0045666437500866824,0.002988653300068901
2158,0,0.123413853180243,0.12443347206433451,0.04789002070924939,0.12392366262228877,0.0856519369447462
2159,0,0.0374798797784525,0.031690396845973585,0.007662907163245075,0.03458513831221304,0.022571393470848786
2161,0,0.026366113948998,0.04525175007614698,0.01993624176980564,0.035808932012572486,0.02315117785940182
2162,0,0.0388088414949228,0.04871005614823319,0.015868822135875198,0.04375944882157799,0.027338831815399
2163,0,0.0381332295874692,0.02220077763166523,0.008587995110389749,0.030167003609567214,0.023360612348929475
2164,0,0.0665263838640665,0.07921263459927824,0.036741579158528145,0.07286950923167237,0.05163398151129732
2165,0,0.0311684408731569,0.028618305714737363,0.012389977247271028,0.02989337329394713,0.021779209060213963
2166,0,0.1487393012729863,0.17546619449571593,0.1120406751373927,0.1621027478843511,0.1303899882051895
2167,1,0.2077360593299714,0.1252297945131634,0.0982669758475004,0.1664829269215674,0.1530015175887359
2168,0,0.0003690462898089,0.0009503396178311992,2.084621320627562e-05,0.0006596929538200496,0.00019494625150758783
2170,0,0.0011492120832308,0.0010175196871535324,0.00017273768612785875,0.0010833658851921663,0.0006609748846793294
2171,0,0.0004660442257377,0.000645650315332167,3.241201325233952e-05,0.0005558472705349335,0.0002492281194950198
2172,0,0.0002976752133464,0.0004884832063342375,1.5734498902289695e-05,0.0003930792098403188,0.00015670485612434486
2173,0,0.0008033696770145,0.0007935081225175369,0.000245030117869462,0.0007984388997660185,0.000524199897441981
2174,0,0.0002233478372453,0.0004702859772385308,1.8275023942121967e-05,0.0003468169072419154,0.00012081143059371098
2175,0,0.0004390702449951,0.0005379323720264969,1.2936045315080813e-05,0.0004885013085107984,0.0002260031451550904
2176,0,0.0004286343520824,0.0005332334425509295,1.2936045315080813e-05,0.0004809338973166648,0.0002207851986987404
2177,0,0.0015234644649943,0.001027973690742595,0.000810567176445535,0.0012757190778684476,0.0011670158207199176
2178,0,0.0012018918633763,0.0016220083861444427,0.00021286014469797262,0.0014119501247603712,0.0007073760040371363
2179,0,0.0004297581916231,0.0005391381555075088,1.2936045315080813e-05,0.0004844481735653044,0.0002213471184690904
2180,0,0.0005058099376706,0.0005424220067538598,1.7440224758845476e-05,0.0005241159722122299,0.00026162508121472275
2181,0,0.000504748370844,0.0005200261076885289,1.7440224758845476e-05,0.0005123872392662645,0.00026109429780142275
2182,0,0.0005176664513751,0.0007632001988471858,1.7784375018639706e-05,0.0006404333251111429,0.00026772541319686986
2183,0,0.0065222038692255,0.007772130451675208,0.0003552269035547952,0.007147167160450354,0.0034387153863901475
2184,0,0.0004133865181721,0.0006148108128667547,1.2936045315080813e-05,0.0005140986655194274,0.00021316128174359041
2185,0,0.000454990281566,0.0012961520402950543,1.2936045315080813e-05,0.0008755711609305272,0.0002339631634405404
2186,0,0.0002663468558725,0.0006760196359531177,1.8275023942121967e-05,0.0004711832459128088,0.00014231093990731098
2187,0,0.0005487609738676,0.0009631028212841887,2.418158375803293e-05,0.0007559318975758943,0.0002864712788128165
2190,0,0.0002641169720971,0.0009917109702934604,1.8275023942121967e-05,0.0006279139711952801,0.00014119599801961098
2191,0,0.0014008631728538,0.0012778078690162795,5.781907001163609e-05,0.0013393355209350398,0.000729341121432718
2192,0,0.0005810350889145,0.0012311485337938406,3.241201325233952e-05,0.0009060918113541703,0.0003067235510834198
2194,0,0.0005677351928525,0.0011522754078005103,1.7440224758845476e-05,0.0008600053003265052,0.00029258770880567276
2195,0,0.0003620934186172,0.0009041085221258658,1.5734498902289695e-05,0.0006331009703715328,0.00018891395875974485
2196,0,0.0006005550797862,0.0010074278732212602,1.7440224758845476e-05,0.0008039914765037301,0.00030899765227252276
2198,0,0.0012886779899915,0.0019810912073441947,0.000294578653020974,0.0016348845986678474,0.000791628321506237
2199,0,0.0005648887084227,0.0016730431843958887,2.2030685211904128e-05,0.0011189659464092942,0.0002934596968173021
2201,0,0.0004566112361258,0.0011824574741512606,2.2030685211904128e-05,0.0008195343551385304,0.00023932096066885206
2202,0,0.0005216518695668,0.0012542184347141007,1.7440224758845476e-05,0.0008879351521404504,0.00026954604716282276
2203,0,0.0005543086774505,0.0012182130575600694,1.7440224758845476e-05,0.0008862608675052847,0.00028587445110467275
2204,0,0.0004648309641344,0.0024415967380050116,2.7879834816755138e-05,0.0014532138510697057,0.0002463553994755776
2205,0,0.0020962227576176,0.0021640078644585403,0.00019025357668889776,0.0021301153110380704,0.001143238167153249
2206,0,0.000520878615265,0.000811296574998337,1.7395195645101484e-05,0.0006660875951316684,0.00026913690545505073
2208,0,0.0004116056646055,0.0017499280258214324,8.627362581631642e-05,0.0010807668452134662,0.0002489396452109082
2209,0,0.001047335898222,0.001680483627624567,0.00019505032359020403,0.0013639097629232835,0.000621193110906102
2210,0,0.0011691392494504,0.0020771313438441978,0.00018137086846726144,0.001623135296647299,0.0006752550589588307
2211,0,0.0015519198838056,0.003430929841525879,0.0006657173184303589,0.0024914248626657395,0.0011088186011179795
2212,0,0.0148195066930465,0.012559532367452799,0.0010192143502411911,0.01368951953024965,0.007919360521643846
2214,0,0.0007209356026082,0.0010275804309096755,2.061698744530616e-05,0.0008742580167589377,0.0003707762950267531
2215,0,0.0035140102476065,0.0024800366750773162,0.0006464679993325614,0.002997023461341908,0.002080239123469531
2216,0,0.0008667574952815,0.0018689600518100263,0.00012917483290971634,0.001367858773545763,0.0004979661640956082
2217,0,0.0007643167175949,0.0011200601149533734,1.7440224758845476e-05,0.0009421884162741367,0.00039087847117687274
2218,0,0.003257659816968,0.0026425665512369335,0.0005224590073298971,0.0029501131841024666,0.0018900594121489486
2220,0,0.0025345904281301,0.002516544715316476,0.00048570105986691763,0.002525567571723288,0.001510145743998509
2221,0,0.0012663639768406,0.000857692574451293,4.0833075660242015e-05,0.0010620282756459464,0.000653598526250421
2222,0,0.007547303315724,0.005339315628410443,0.001702794584437883,0.006443309472067222,0.0046250489500809415
2223,0,0.000820916267332,0.0026888507847767714,0.00010105400541552657,0.0017548835260543856,0.00046098513637376327
2224,0,0.0007726252898569,0.0033830428344654626,0.0002367276353104487,0.0020778340621611813,0.0005046764625836743
2225,0,0.0006054995892888,0.0007813611934886505,1.9843686438483904e-05,0.0006934303913887252,0.00031267163786364194
2226,0,0.0009431463435033,0.0020117361666332524,4.82451591057279e-05,0.0014774412550682763,0.0004956957513045139
2227,0,0.0116055945094734,0.00227434483803136,0.00037179918540624523,0.00693996967375238,0.005988696847439822
2228,0,0.0011593720307236,0.0021650163870593785,0.0003028384607022177,0.0016621942088914893,0.0007311052457129088
2229,0,0.0008220166448468,0.0019406179052596083,4.83977299935588e-05,0.0013813172750532041,0.00043520718742017943
2230,0,0.0007267822664557,0.0008672531363089004,1.628968074343128e-05,0.0007970177013823002,0.00037153597359956565
2231,0,0.001829690355995,0.0031042906359499086,0.00018280558109641336,0.0024669904959724546,0.0010062479685457068
2232,0,0.0021673564581933,0.0048799805620040005,0.00025658335125690454,0.0035236685100986506,0.0012119699047251024
2235,0,0.0007827924900338,0.0018023410961800221,1.628968074343128e-05,0.001292566793106911,0.00039954108538861567
2237,0,0.0005328176941961,0.0019804835560767097,6.507602351917533e-05,0.0012566506251364049,0.0002989468588576377
2239,0,0.0009259314063243,0.0018612097230471852,6.966515073838955e-05,0.0013935705646857426,0.0004977982785313447
2240,0,0.00214702785715,0.002398686608048759,7.329951085929413e-05,0.0022728572325993795,0.0011101636840046471
2243,0,0.0181040532383182,0.004016173536157813,0.002102567225828652,0.011060113387238007,0.010103310232073425
2244,0,0.0139278906945095,0.0059258325678016935,0.0017656835285316855,0.009926861631155597,0.007846787111520592
2245,1,0.0062146145820411,0.0050120250912279425,0.0024096555173585064,0.005613319836634521,0.004312135049699803
2246,0,0.0046571542437175,0.001211164142137595,2.225399619270422e-05,0.0029341591929275476,0.0023397041199551025
2247,0,0.000508929889372,0.0004731369342419427,3.530344799548206e-05,0.0004910334118069713,0.000272116668683741
2248,0,0.0029129498102834,0.0022343658920075853,0.0002993284091449224,0.0025736578511454927,0.0016061391097141613
2249,0,0.0049818002289048,0.002507186681189354,0.0006628168940013069,0.003744493455047077,0.0028223085614530537
2252,0,0.0009569367455175,0.0006731048486396297,9.345757072855449e-05,0.0008150207970785649,0.0005251971581230272
2253,0,0.0005025595107659,0.000602340984808041,2.3854079300121166e-05,0.0005524502477869705,0.0002632067950330106
2255,0,0.002867641127499,0.001818106953699274,0.00044199023689767494,0.002342874040599137,0.0016548156821983373
2256,0,0.0005290047063922,0.0006694788475440083,2.3854079300121166e-05,0.0005992417769681041,0.00027642939284616057
2257,0,0.0005269383582908,0.0011208085155391086,2.2030685211904128e-05,0.0008238734369149543,0.0002744845217513521
2258,0,0.0012490231738861,0.00039467842497852105,8.077111788740549e-05,0.0008218507994323104,0.0006648971458867527
2259,0,0.0041650243072877,0.0037393839004348736,0.0015602804283143252,0.003952204103861287,0.002862652367801013
2260,0,0.0013709361188829,0.0012869935144591198,0.0002940768403692724,0.0013289648166710099,0.0008325064796260861
2261,0,0.000458406889899,0.00044583696247800346,1.7395195645101484e-05,0.00045212192618850175,0.00023790104277205074
2262,0,0.0015013464431298,0.0016828967666896167,9.400113994248437e-05,0.0015921216049097084,0.0007976737915361421
2264,0,0.0005309003927729,0.001032000547775826,2.3854079300121166e-05,0.000781450470274363,0.0002773772360365106
2266,0,0.0022314624071375,0.0027084353141364113,0.00044199023689767494,0.0024699488606369554,0.0013367263220175874
2268,0,0.0040766050719809,0.001957241777814918,0.0010898456551160307,0.003016923424897909,0.0025832253635484654
2269,0,0.0014798473693375,0.001480414942907245,0.00017850645286754784,0.0014801311561223724,0.000829176911102524
2270,0,0.0033249142297621,0.0021887105898279924,0.0010515358031162655,0.002756812409795046,0.0021882250164391827
2271,0,0.00047344902361,0.0007713210559701028,4.1484254090354623e-05,0.0006223850397900514,0.0002574666388501773
2273,0,0.0003817389468811,0.0007948136438646005,2.9857180711155064e-05,0.0005882762953728503,0.00020579806379612754
2274,0,0.0005078025796542,0.0009419425322132451,1.7440224758845476e-05,0.0007248725559337226,0.00026262140220652274
2275,0,0.0004038255455476,0.0008993256938233394,2.2030685211904128e-05,0.0006515756196854697,0.00021292811537975206
2276,0,0.0005400892308584,0.0012232607443332616,3.241201325233952e-05,0.0008816749875958308,0.00028625062205536977
2277,0,0.0011638782265722,0.0022078745454118154,0.0002522332181116969,0.0016858763859920077,0.0007080557223419484
2278,0,0.0013089605428189,0.0012521727126583472,7.398949000944188e-05,0.0012805666277386236,0.0006914750164141709
2279,0,0.0005930633131325,0.0011373848716095967,1.7440224758845476e-05,0.0008652240923710484,0.00030525176894567274
2280,0,0.0005816297772907,0.0009340719340361493,1.7440224758845476e-05,0.0007578508556634247,0.00029953500102477274
2281,0,0.0023761200334699,0.003786566104727447,0.0004579408098207497,0.0030813430690986732,0.0014170304216453247
2282,0,0.0005772775441521,0.000799581574370871,1.7440224758845476e-05,0.0006884295592614855,0.00029735888445547274
2285,0,0.0014118715837276,0.0021979836846561297,0.00018137086846726144,0.0018049276341918648,0.0007966212260974307
2288,0,0.000759129706633,0.0020601862297383294,0.0003145276329620374,0.0014096579681856648,0.0005368286697975187
2291,0,0.0022494221923709,0.0021993136326803266,0.00031937228992715694,0.0022243679125256133,0.0012843972411490285
2292,0,0.0021010582011524,0.002453119002135245,0.00014935163512342278,0.0022770886016438225,0.0011252049181379115
2293,0,0.0008286406716932,0.002198077574599657,0.00021792215634760834,0.0015133591231464285,0.0005232814140204042
2294,0,0.0007192209673994,0.0014342583394420375,3.748480362102903e-05,0.0010767396534207187,0.0003783528855102145
2295,0,0.0007289099743845,0.001828433657685629,4.729595872557863e-05,0.0012786718160350645,0.0003881029665550393
2297,0,0.0005774889344789,0.0009237526824501417,2.061698744530616e-05,0.0007506208084645208,0.0002990529609621031
2298,0,0.0011671104406129,0.0018633422088745113,0.0010251515814416186,0.0015152263247437056,0.0010961310110272592
2299,0,0.000729613895202,0.001287971406336524,3.517057997409286e-05,0.001008792650769262,0.00038239223758804647
2300,1,0.9231734846080236,0.907788844714978,0.9664376285486457,0.9154811646615009,0.9448055565783346
2301,0,0.0033742430979293,0.002741463849379253,0.0008636616252935624,0.0030578534736542765,0.0021189523616114312
2302,0,0.0006415073956073,0.0010111362779315397,2.2956853599533354e-05,0.0008263218367694199,0.0003322321246034167
2303,0,0.0004508626839304,0.0008968428259050331,5.264567604876715e-05,0.0006738527549177165,0.0002517541799895836
2304,0,0.0026721216696504,0.0025162219289640107,0.0005224590073298971,0.0025941717993072056,0.0015972903384901486
2306,0,0.0025860911892232,0.001944650818654851,0.0005224590073298971,0.0022653710039390257,0.0015542750982765485
2307,0,0.0034666729322771,0.004993458166265266,0.0010044094327803178,0.004230065549271183,0.002235541182528709
2310,0,0.0007532729840841,0.002355817997280704,0.00010105400541552657,0.0015545454906824019,0.0004271634947498133
2311,0,0.0020605583967273,0.0015529543887508913,7.65456104246794e-05,0.0018067563927390957,0.0010685520035759897
2313,0,0.0010712635013264,0.0009743983788175764,2.5006969302819223e-05,0.001022830940071988,0.0005481352353146095
2314,0,0.0007568165789104,0.0007154828841456068,4.0833075660242015e-05,0.0007361497315280034,0.000398824827285321
2316,0,0.0015066229967305,0.0011202006271688332,7.468850657390115e-05,0.0013134118119496666,0.0007906557516522006
2317,0,0.0007230071674787,0.0020571086920499176,8.331293537538457e-05,0.0013900579297643088,0.00040316005142704227
2319,0,0.002802416102089,0.002815763379440315,0.0001504696722256223,0.0028090897407646574,0.001476442887157311
2320,0,0.0010875756371754,0.0010404310165703283,2.9743263506417857e-05,0.0010640033268728643,0.000558659450340909
2322,0,0.0046928811624804,0.0017783110156812526,0.0010832078921808879,0.0032355960890808264,0.0028880445273306438
2323,0,0.0009339765519057,0.0018457870927226516,6.0764111477341345e-05,0.0013898818223141759,0.0004973703316915206
2324,0,0.001135671673987,0.0026737647745076693,6.69243953043143e-05,0.0019047182242473348,0.0006012980346456572
2328,0,0.0807624873397434,0.05794732161605816,0.01996680446777009,0.06935490447790077,0.05036464590375674
2329,0,0.0297992286398073,0.030977285716766834,0.01362754925771239,0.030388257178287068,0.021713388948759845
2330,0,0.0421866827288803,0.04697289154425608,0.009391258537334853,0.04457978713656819,0.025788970633107575
2332,1,0.9646990225159852,0.9914136205073598,0.9972023043358226,0.9780563215116724,0.9809506634259039
2333,1,0.9514400626636916,0.9885175185011014,0.9982666194391703,0.9699787905823964,0.974853341051431
2334,0,0.125292960473863,0.053607642753014516,0.01862794214763533,0.08945030161343877,0.07196045131074917
2336,0,0.0004477169157457,0.0005838462995270981,1.7395195645101484e-05,0.000515781607636399,0.00023255605569540074
2337,0,0.001154979751211,0.0009675052925871799,0.00010645957105558683,0.00106124252189909,0.0006307196611332935
2338,0,0.0006201403795462,0.0004043173989459699,7.326708560409894e-05,0.000512228889246085,0.00034670373257514943
2339,0,0.0005335508004209,0.00044186171885305796,5.881577733923675e-05,0.000487706259636979,0.00029618328888006835
2340,0,0.0005711919295062,0.0009325832720177058,8.699465579158011e-05,0.0007518876007619529,0.00032909329264889
2341,0,0.0004605427924393,0.000600985877583124,2.1256001619384373e-05,0.000530764335011212,0.00024089939702934217
2342,0,0.0019177893788749,0.0019629732434590006,0.00013438600049956527,0.0019403813111669504,0.0010260876896872326
2345,0,0.0013428069024182,0.0022057301762630674,0.00021390659902271444,0.0017742685393406336,0.0007783567507204573
2346,0,0.0005445132658142,0.0008717023289299803,1.7440224758845476e-05,0.0007081077973720902,0.00028097674528652276
2348,0,0.0009438702644092,0.001190334152138378,0.00010809835780889886,0.001067102208273789,0.0005259843111090494
2350,0,0.0004681269331362,0.0007522610308726915,3.673587960440009e-05,0.0006101939820044457,0.00025243140637030005
2351,0,0.0008308218753802,0.0007453101801390295,0.00016853181749130328,0.0007880660277596147,0.0004996768464357517
2352,0,0.0011814895779616,0.001067642718973921,0.00042746856396607026,0.0011245661484677605,0.0008044790709638352
2353,0,0.0011939044110461,0.0008877539851988722,0.00015901394827935833,0.001040829198122486,0.0006764591796627292
2355,0,0.00093323369434,0.0007893430153983932,7.237045080845723e-05,0.0008612883548691966,0.0005028020725742286
2356,0,0.0038853271944864,0.007626769468014142,0.0006006397972301784,0.005756048331250271,0.0022429834958582894
2357,0,0.0005365318179753,0.0008398135153427818,1.7440224758845476e-05,0.0006881726666590409,0.0002769860213670728
2358,0,0.0005768904971145,0.0012883631437116533,8.36092264236033e-05,0.0009326268204130767,0.00033024986176905164
2360,0,0.0008968126425548,0.0008119131522334149,0.00010809835780889886,0.0008543628973941075,0.0005024555001818495
2361,0,0.0016142544851089,0.0026166821562724585,0.0002940768403692724,0.0021154683206906794,0.0009541656627390861
2362,0,0.0005884015254255,0.000787341977612611,2.3854079300121166e-05,0.0006878717515190555,0.0003061278023628106
2364,0,0.000574707525384,0.0009847230586137014,2.5589629552398973e-05,0.0007797152919988507,0.0003001485774681995
2365,0,0.0025070620774959,0.0015756177670199288,0.00033930847744891165,0.0020413399222579142,0.0014231852774724057
2366,0,0.0004633604385706,0.0017816202574977734,0.00017595659124214902,0.0011224903480341866,0.0003196585149063745
2367,0,0.0005309399367326,0.0011334323823124054,1.7440224758845476e-05,0.0008321861595225028,0.0002741900807457228
2368,0,0.0006015376215862,0.0012459032117951704,1.7440224758845476e-05,0.0009237204166906853,0.00030948892317252276
2369,0,0.0055735444144394,0.00135023698919218,1.9765998867125373e-05,0.00346189070181579,0.0027966552066532625
2370,0,0.0004946574228649,0.0015754912936858361,0.00017595659124214902,0.0010350743582753681,0.0003353070070535245
2371,0,0.0002891910475358,0.001184167942906686,1.5734498902289695e-05,0.000736679495221243,0.00015246277321904485
2372,0,0.0015022714732646,0.0020796830696581843,0.00033049067390191264,0.001790977271461392,0.0009163810735832563
2373,0,0.0018387579273753,0.0023513588881603456,0.0004220955039700872,0.002095058407767823,0.0011304267156726935
2374,0,0.003287784469738,0.0033178954990893245,0.0007710554476590006,0.0033028399844136623,0.0020294199586985
2375,0,0.0005754074643551,0.0005463731012900199,1.7395195645101484e-05,0.00056089028282256,0.0002964013300001007
2376,0,0.0014436807015945,0.0018330057962899142,0.00031594036608193393,0.0016383432489422071,0.000879810533838217
2378,0,0.0006448402521375,0.0011925845523074773,3.714583861076271e-05,0.0009187124022224887,0.00034099304537413137
2379,0,0.0031924903936546,0.002674686384650563,0.0005920926381145708,0.0029335883891525817,0.0018922915158845854
2380,0,0.0014190936171515,0.001449934040221198,4.763181380879744e-05,0.001434513828686349,0.0007333627154801487
2381,0,0.0029751978091882,0.0025263297112113783,0.0009085565119326699,0.0027507637601997892,0.001941877160560435
2382,0,0.0011492262369846,0.0012072381234112838,1.9765998867125373e-05,0.001178232180197942,0.0005844961179258628
2383,0,0.0007220899183303,0.0013259836642089177,3.480826615449476e-05,0.0010240367912696087,0.0003784490922423974
2384,0,0.0011374972480399,0.0009863897730778906,4.543562664268124e-05,0.0010619435105588952,0.0005914664373412906
2386,0,0.000561954514729,0.0010418400834501396,4.346024297549507e-05,0.0008018972990895698,0.0003027073788522475
2387,0,0.0006152975628035,0.0006626032850001109,1.9742916732523943e-05,0.0006389504239018055,0.000317520239768012
2388,0,0.0007088861881321,0.0014744916535102163,2.061698744530616e-05,0.0010916889208211582,0.0003647515877887031
2389,0,0.0008117295107011,0.0013834165859599513,2.4261248287558645e-05,0.0010975730483305257,0.0004179953794943293
2390,0,0.0017587921462513,0.0013110810280034181,3.8705037766068176e-05,0.001534936587127359,0.0008987485920086841
2391,0,0.0004210319427557,0.0008985953678353294,5.264567604876715e-05,0.0006598136552955147,0.00023683880940223356
2393,0,0.0023346681489345,0.0023369474932227125,0.0006369209503345723,0.0023358078210786062,0.0014857945496345362
2398,0,0.0005552758406855,0.001205914758819894,5.3110879225978195e-05,0.000880595299752697,0.00030419335995573906
2400,0,0.00096468243283,0.0014670861407233724,3.561914384177883e-05,0.0012158842867766861,0.0005001507883358894
2401,0,0.0011020236938738,0.0024117411746030094,0.0001012953445824426,0.0017568824342384048,0.0006016595192281213
2403,0,0.0039019357971531,0.0037322186838075005,0.0010044094327803178,0.0038170772404803,0.002453172614966709
2404,0,0.0010329261448059,0.0020607052887394533,3.307928396424121e-05,0.0015468157167726766,0.0005330027143850705
2406,0,0.0007872903872526,0.0015082736058373567,1.21139188570185e-05,0.0011477819965449783,0.0003997021530548092
2407,0,0.0039677237497478,0.001204668982455704,7.468850657390115e-05,0.002586196366101752,0.00202120612816085
2409,0,0.0018274476744615,0.005276111059589006,4.244023483027543e-05,0.0035517793670252528,0.0009349439546458877
2411,0,0.0008529573641271,0.001383556801489809,5.3110879225978195e-05,0.0011182570828084544,0.0004530341216765391
2412,0,0.0010939402617194,0.0012314092492270664,7.468850657390115e-05,0.0011626747554732333,0.0005843143841466505
2413,0,0.0034353058444523,0.004669454451103074,0.00015764197434311848,0.004052380147777687,0.001796473909397709
2414,0,0.004383787795514,0.004329687419059019,0.0005252961851757444,0.0043567376072865096,0.0024545419903448723
2419,0,0.0002560448190469,0.0004196825547414654,1.5734498902289695e-05,0.0003378636868941827,0.00013588965897459485
2420,0,0.0019183049368509,0.000742958009584098,0.00025048841318525147,0.0013306314732174991,0.0010843966750180758
2421,0,0.0007101592099961,0.0003975080345462985,4.255304732444171e-05,0.0005538336222711993,0.00037635612866027086
2422,0,0.0033861906193652,0.004955213439065918,0.00019385510002642954,0.004170702029215559,0.0017900228596958148
2424,0,0.0010928342803685,0.0009199016558630552,0.000124037831424335,0.0010063679681157774,0.0006084360558964174
2425,0,0.0005064859985995,0.000279858597664368,4.538549666773161e-05,0.00039317229813193397,0.00027593574763361576
2426,0,0.0011720690647459,0.0014841370879670572,1.7440224758845476e-05,0.0013281030763564786,0.0005947546447523728
2427,1,0.9296567023095004,0.9080906694271975,0.9944884047325487,0.9188736858683489,0.9620725535210246
2428,0,0.000398339131352,0.0009725999536287086,0.00017595659124214902,0.0006854695424903544,0.00028714786129707454
2429,0,0.0030286975432265,0.0009397719180296267,0.00015901394827935833,0.0019842347306280633,0.0015938557457529292
2430,0,0.0013177374709551,0.0008022699627431905,0.0002940768403692724,0.0010600037168491453,0.0008059071556621862
2431,0,0.0029341658756115,0.0016667129597771734,0.00044199023689767494,0.0023004394176943366,0.0016880780562545873
2432,0,0.0003681081837437,0.0006311864129697528,6.513912618466566e-05,0.0004996472983567265,0.00021662365496418284
2433,0,0.0005125155608054,0.0007616742622003201,1.7440224758845476e-05,0.0006370949115028601,0.00026497789278212276
2434,0,0.0003998963345996,0.00042504530752655856,9.312288770601301e-05,0.00041247082106307925,0.0002465096111528065
2435,0,0.0015309786924641,0.0007509029809563546,0.00013201919739013002,0.0011409408367102274,0.000831498944927115
2437,0,0.0005207481272853,0.0011612431664855965,1.7440224758845476e-05,0.0008409956468854483,0.0002690941760220728
2438,0,0.0008374000584067,0.0010034943512061015,7.237045080845723e-05,0.0009204472048064008,0.00045488525460757865
2439,0,0.0048624841837158,0.0023471082640906878,0.0010898456551160307,0.0036047962239032436,0.0029761649194159153
2441,0,0.0009117460812449,0.0014622381007643374,0.00020826621751709142,0.0011869920910046188,0.0005600061493809957
2442,0,0.0005481315059898,0.0008535837641759123,1.7440224758845476e-05,0.0007008576350828561,0.00028278586537432273
2446,0,0.0059615593031028,0.00187257434547012,0.0009181393930880211,0.00391706682428646,0.0034398493480954106
2447,0,0.0016008953865199,0.0015834461246539582,0.0004760306615134676,0.0015921707555869291,0.001038463024016684
2448,0,0.0014938898610277,0.002057466727285828,0.0005829172165895802,0.001775678294156764,0.00103840353880864
2449,0,0.0009952808584368,0.0018328203633081294,2.6568468570478534e-05,0.0014140506108724646,0.0005109246635036392
2450,0,0.0005275469215839,0.0006357213579556533,3.579481976389114e-05,0.0005816341397697766,0.00028167087067389554
2452,0,0.001199274659434,0.0009499644355508704,1.7440224758845476e-05,0.0010746195474924353,0.0006083574420964227
2453,0,0.0026565529825326,0.001907415762727672,0.00017595659124214902,0.002281984372630136,0.0014162547868873745
2454,0,0.0004179731407471,0.0015305829669506317,2.7879834816755138e-05,0.0009742780538488659,0.00022292648778192756
2455,0,0.0003684500450408,0.0007088112229754129,2.084621320627562e-05,0.0005386306340081064,0.00019464812912353783
2456,0,0.0007940607144191,0.0018181119826394506,8.36092264236033e-05,0.0013060863485292752,0.00043883497042135165
2457,0,0.0005245776266069,0.0008822300200950127,1.815092999475052e-05,0.0007034038233509563,0.00027136427830082527
2458,0,0.0004603836106139,0.0005019921769376381,1.2936045315080813e-05,0.00048118789377576905,0.0002366598279644904
2459,0,0.0007916444220867,0.0010065531791895815,2.061698744530616e-05,0.0008990988006381407,0.0004061307047660031
2460,0,0.002023412278636,0.0013702993659827991,0.0006369209503345723,0.0016968558223093995,0.0013301666144852863
2461,0,0.0006480032679687,0.001198324425351822,2.1598272792135776e-05,0.0009231638466602611,0.0003348007703804179
2462,0,0.0005707414643947,0.0007652143071335067,1.9133219226061395e-05,0.0006679778857641034,0.0002949373418103807
2463,0,0.0003299657952915,0.0008796365659284039,5.6138136075103087e-05,0.000604801180609952,0.00019305196568330154
2464,0,0.0004340580638804,0.0009270420741589599,4.112366575086379e-05,0.00068055006901968,0.0002375908648156319
2466,0,0.0004403155727567,0.0008824443823905571,3.3279669681037564e-05,0.0006613799775736285,0.0002367976212188688
2467,0,0.0007129264845478,0.001087009456067185,9.763525803160691e-05,0.0008999679703074926,0.00040528087128970347
2469,0,0.0004725752530206,0.0007514480768263688,1.2175749913611695e-05,0.0006120116649234844,0.00024237550146710585
2470,0,0.0005546842002078,0.000916185421299152,1.4681951523862876e-05,0.0007354348107534759,0.00028468307586583145
2471,0,0.0005748189735366,0.0009794453525317013,3.806216592383733e-05,0.0007771321630341507,0.0003064405697302187
2472,0,0.0022010251452857,0.001762241047953395,0.00015821697969360275,0.0019816330966195474,0.0011796210624896513
2474,0,0.000846155020241,0.0007968917907733722,2.2956853599533354e-05,0.0008215234055071861,0.0004345559369202667
2476,0,0.0005651958424006,0.0009876671806977604,5.3110879225978195e-05,0.0007764315115491801,0.00030915336081328913
2477,0,0.0007107283253595,0.0014439759528779314,1.2175749913611695e-05,0.0010773521391187156,0.0003614520376365558
2478,0,0.0022972468090105,0.0036448810445789577,0.00014515951953923724,0.002971063926794729,0.0012212031642748686
2479,0,0.0006119343842964,0.001623437873480314,2.608664979478587e-05,0.0011176861288883571,0.0003190105170455929
2480,0,0.0007216281711527,0.001000212707049347,5.3110879225978195e-05,0.0008609204391010234,0.0003873695251893391
2481,0,0.0006571794454651,0.0009216520075675942,2.061698744530616e-05,0.0007894157265163471,0.00033889821645520307
2482,0,0.0026726453137025,0.0029109603418537014,0.0007432731763793953,0.0027918028277781008,0.0017079592450409478
2483,0,0.000610236888038,0.0010689076564236264,7.468850657390115e-05,0.0008395722722308132,0.0003424626973059506
2484,0,0.0010177965112029,0.0013230398005528942,0.0001709012947726379,0.001170418155877897,0.0005943489029877689
2485,0,0.0006532469446016,0.0008473471495131176,2.2956853599533354e-05,0.0007502970470573588,0.00033810189910056667
2487,0,0.0008841026941179,0.0018643958607951186,7.569271964592652e-05,0.0013742492774565093,0.00047989770688191326
2488,0,0.0005021489620716,0.0016414254755091385,5.855589579090978e-05,0.0010717872187903693,0.00028035242893125487
2490,0,0.001071534905115,0.0008142834356525527,2.2956853599533354e-05,0.0009429091703837763,0.0005472458793572666
2491,0,0.0019334435613331,0.0009986608953826874,6.315254348051204e-05,0.0014660522283578936,0.000998298052406806
2492,0,0.0013038301809853,0.003708307318636134,2.1805375611649177e-05,0.002506068749810717,0.0006628177782984746
2493,0,0.11751960022359,0.03778923800177004,0.0013233015520132394,0.07765441911268002,0.05942145088780162
2494,0,0.0235019235461624,0.025741883545278225,0.009368600541066729,0.024621903545720313,0.016435262043614566
2495,1,0.9098433764636442,0.9843997577435403,0.9989270976150159,0.9471215671035922,0.95438523703933
2497,0,0.0170615599373747,0.017612577827224196,0.002518542036250775,0.017337068882299446,0.009790050986812737
2498,0,0.0149631735365315,0.017150342246464126,0.0036928340359873284,0.01605675789149781,0.009328003786259413
2499,0,0.0364293995446936,0.09330394775634317,0.00932782837628598,0.06486667365051837,0.022878613960489787
2500,0,0.0853519298620452,0.07502847068838953,0.01464611831124812,0.08019020027521737,0.049999024086646665
2501,0,0.0882626560845949,0.09522719704393692,0.021588269643132364,0.09174492656426592,0.05492546286386363
2502,0,0.0832804407475841,0.08731770683992696,0.030697493292708957,0.08529907379375554,0.05698896702014653
2503,1,0.879827212644384,0.9465077613625708,0.9907766082888693,0.9131674870034774,0.9353019104666267
2504,0,0.0011304713344624,0.0013773913257950352,7.917112902732683e-05,0.0012539313301287176,0.0006048212317448634
2506,0,0.0011203300417302,0.0007462805752347489,0.00016030781462012743,0.0009333053084824744,0.0006403189281751636
2507,0,0.0005096578680344,0.0005465599370628888,2.3854079300121166e-05,0.0005281089025486443,0.00026675597366726056
2510,0,0.0004484662036566,0.0006087363511733046,1.2936045315080813e-05,0.0005286012774149523,0.0002307011244858404
2511,0,0.0013708017603791,0.0012294185082135538,0.00016030781462012743,0.0013001101342963268,0.0007655547874996137
2512,0,0.0003184179906924,0.0004610646321387395,2.084621320627562e-05,0.00038974131141556974,0.00016963210194933782
2513,0,0.000520456091547,0.00046745105689672276,1.6185078846110246e-05,0.0004939535742218613,0.0002683205851965551
2514,0,0.0004440501031687,0.0003679497897281614,1.2936045315080813e-05,0.0004059999464484307,0.0002284930742418904
2515,0,0.0005284474184159,0.0009909850203412588,0.00017595659124214902,0.0007597162193785794,0.0003522020048290245
2516,0,0.000301030578559,0.0005158813095610307,2.084621320627562e-05,0.00040845594406001533,0.00016093839588263782
2517,0,0.0004692496823431,0.0002606557084128772,1.2936045315080813e-05,0.0003649526953779886,0.0002410928638290904
2518,0,0.0008509652650951,0.0011017647169523073,8.92606939185907e-05,0.0009763649910237036,0.0004701129795068454
2519,0,0.0007647223285917,0.00089590941609609,1.6537938475227652e-05,0.0008303158723438949,0.0003906301335334638
2521,0,0.0004185603166635,0.000632626554884328,2.3854079300121166e-05,0.000525593435773914,0.0002212071979818106
2522,0,0.0002158182635674,0.00035010999208747,1.5734498902289695e-05,0.00028296412782743497,0.00011577638123484485
2523,0,0.0005020103428026,0.00040776230399703646,1.6185078846110246e-05,0.00045488632339981826,0.0002590977108243551
2524,0,0.0002103706308391,0.0003791208565997533,1.5734498902289695e-05,0.00029474574371942666,0.00011305256487069486
2525,0,0.0011803804917487,0.0009074305284638644,5.2344434739836496e-05,0.0010439055101062822,0.0006163624632442683
2527,0,0.0002532889985112,0.00038806630289013854,1.5734498902289695e-05,0.00032067765070066924,0.00013451174870674485
2530,0,0.0004262469803234,0.00025084814471219185,1.2936045315080813e-05,0.00033854756251779593,0.0002195915128192404
2531,0,0.0015479915388739,0.0007359265262135407,0.00017669414108454254,0.0011419590325437204,0.0008623428399792213
2534,0,0.0005159792730007,0.001167217514438774,2.3854079300121166e-05,0.000841598393719737,0.0002699166761504106
2535,0,0.0004277807661531,0.0013151946458468116,0.00014132276466343062,0.0008714877059999558,0.0002845517654082653
2536,0,0.0004897177320823,0.000870739791498316,1.2936045315080813e-05,0.0006802287617903081,0.00025132688869869044
2537,0,0.0020537300176236,0.0013363703262854157,0.0004101934187664767,0.001695050171954508,0.0012319617181950383
2538,0,0.0029801509502317,0.001516839099670044,0.0008177810943859374,0.002248495024950872,0.0018989660223088188
2539,0,0.0013569340476603,0.0021996265055693434,0.00042906853361295797,0.0017782802766148217,0.000893001290636629
2540,0,0.0010045397118437,0.0016889319876904041,5.38194938377958e-05,0.001346735849767052,0.0005291796028407479
2541,0,0.0004502589112996,0.0007573556125434228,2.084621320627562e-05,0.0006038072619215114,0.00023555256225293782
2542,0,0.0005156338503542,0.0012380324123038827,2.3854079300121166e-05,0.0008768331313290413,0.00026974396482716057
2543,0,0.0005104009581776,0.0006231785210943167,3.579481976389114e-05,0.0005667897396359584,0.00027309788897074557
2544,0,0.0007382641988645,0.0009184391120537925,7.759236964744919e-05,0.0008283516554591463,0.0004079282842559746
2545,0,0.0006706521276122,0.002175555502461642,0.00017595659124214902,0.001423103815036921,0.0004233043594271745
2547,0,0.0004262835967051,0.0008095362486265346,3.134532279585874e-05,0.0006179099226658173,0.00022881445975047937
2548,0,0.0004255618564009,0.0007503573654946326,4.112366575086379e-05,0.0005879596109477663,0.00023334276107588189
2550,0,0.000375885033476,0.0014167399026239497,6.434112741571516e-05,0.0008963124680499749,0.00022011308044585757
2551,0,0.0026421739346474,0.002160103790251802,0.0023686001770887003,0.002401138862449601,0.00250538705586805
2552,0,0.0005318236226435,0.0009290870452974591,1.4681951523862876e-05,0.0007304553339704796,0.0002732527870836814
2554,0,0.0005107194249028,0.0012516358845475995,1.4681951523862876e-05,0.0008811776547251998,0.0002627006882133314
2555,0,0.0005457499901038,0.0009150954392820977,1.4681951523862876e-05,0.0007304227146929488,0.00028021597081383145
2556,0,0.0005107704781062,0.0010666358355661762,4.073151390494514e-05,0.0007887031568361881,0.00027575099600557257
2558,0,0.0010335463149325,0.0017840224837337583,0.0003349149103200965,0.0014087843993331292,0.0006842306126262983
2559,0,0.0009258711979743,0.0019470360414232013,0.000124037831424335,0.0014364536196987507,0.0005249545146993175
2561,0,0.0089863640056789,0.007762705849455832,0.001609397432194979,0.008374534927567366,0.00529788071893694
2563,0,0.0005341396533293,0.002002329697077024,8.331293537538457e-05,0.001268234675203162,0.0003087262943523423
2565,0,0.0006741335000539,0.0010591667300795138,1.9133219226061395e-05,0.0008666501150667069,0.0003466333596399807
2566,0,0.0022954253295159,0.002050472464604935,0.0004848760666375479,0.0021729488970604173,0.001390150698076724
2568,0,0.0007627586057464,0.001065094702526862,4.735721217653813e-05,0.000913926654136631,0.00040505790896146903
2569,0,0.00063204384504,0.0009876700761405816,2.061698744530616e-05,0.0008098569605902908,0.0003263304162426531
2570,0,0.002548732044942,0.0027594410100950035,0.00022641357091168483,0.002654086527518502,0.0013875728079268423
2571,0,0.0061692162708764,0.003298371328725532,0.0008014161358153845,0.004733793799800966,0.0034853162033458922
2572,0,0.0006571510403398,0.0013555448153876667,2.8097321037015083e-05,0.0010063479278637332,0.0003426241806884075
2573,0,0.0025658747419569,0.0032589126006230505,0.00019025357668889776,0.002912393671289975,0.0013780641593228989
2574,0,0.0006529496063443,0.001581652068120551,6.500295616012017e-05,0.0011173008372324256,0.00035897628125221005
2576,0,0.0018182851379619,0.003744316287934274,0.0007742318560122649,0.002781300712948087,0.0012962584969870823
2577,0,0.0007098209574615,0.0012330311230907224,7.468850657390115e-05,0.0009714260402761112,0.00039225473201770055
2580,0,0.0009094017091082,0.001264568726942009,3.8306586760101365e-05,0.0010869852180251044,0.00047385414793415067
2581,0,0.0030010018045983,0.004832283838333282,0.00048399432285918206,0.003916642821465791,0.001742498063728741
2582,1,0.9460115276676568,0.9675636021609416,0.9562812513387522,0.9567875649142992,0.9511463895032045
2583,0,0.0006736447259333,0.0010845224217875212,5.3110879225978195e-05,0.0008790835738604106,0.00036337780257963905
2584,0,0.0017334596439441,0.002407185374395073,0.0004125423315098675,0.0020703225091695866,0.0010730009877269837
2585,0,0.0018050406137082,0.0015642296890508631,6.454851803965835e-05,0.0016846351513795316,0.0009347945658739292
2586,0,0.0009083898375322,0.0009430264473532523,8.231930071870334e-05,0.0009257081424427261,0.0004953545691254517
2587,0,0.0041010983008413,0.010326041767000752,0.0006488243207194135,0.0072135700339210265,0.002374961310780357
2588,0,0.0300727078269724,0.018253211060716742,0.025359350715140512,0.02416295944384457,0.027716029271056458
2589,0,0.0444174758145376,0.017995076708859924,0.009315271188519342,0.031206276261698765,0.02686637350152847
2590,0,0.1225289725785485,0.11181176554819731,0.06568250549629696,0.11717036906337291,0.09410573903742273
2591,0,0.0008773781134546,0.0011281876767508352,0.00017150430555444893,0.0010027828951027177,0.0005244412095045245
2596,0,0.0002160790149984,0.0002849410955530128,1.5734498902289695e-05,0.0002505100552757064,0.00011590675695034485
2597,0,0.000530090575018,0.0006439710780814638,5.429879722052363e-05,0.000587030826549732,0.00029219468611926184
2598,0,0.0004606337371455,0.0005951952129763169,1.2936045315080813e-05,0.0005279144750609085,0.0002367848912302904
2599,1,0.9721476233471738,0.9940558226255453,0.99589137497388,0.9831017229863594,0.9840194991605269
2600,0,0.0005297520478219,0.0004397336414222813,1.6185078846110246e-05,0.0004847428446220906,0.0002729685633340051
2601,0,0.0012233421063245,0.0013278718575417095,0.00011099343563940632,0.0012756069819331048,0.0006671677709819532
2603,0,0.0007536535547342,0.0008323618696987465,1.6537938475227652e-05,0.0007930077122164733,0.00038509574660471383
2604,0,0.0021281683658036,0.0007332086054775066,0.0004101934187664767,0.0014306884856405532,0.0012691808922850384
2605,0,0.0005258875679099,0.0005751729269251898,4.938383811098064e-05,0.0005505302474175449,0.00028763570301044034
2607,0,0.0003628707532951,0.0008008015777808671,2.5514080975827643e-05,0.0005818361655379836,0.00019419241713546383
2608,0,0.0005288752004604,0.0007136080565993843,1.6185078846110246e-05,0.0006212416285298921,0.0002725301396532551
2610,0,0.000223673575123,0.0004456996784918335,1.8275023942121967e-05,0.00033468662680741673,0.00012097429953256098
2611,0,0.000468371192251,0.0004653802957808518,1.6185078846110246e-05,0.00046687574401592586,0.00024227813554855511
2612,0,0.0007159371271748,0.00119647263043379,7.759236964744919e-05,0.0009562048788042951,0.0003967647484111246
2613,0,0.0142920449902878,0.03061272091302167,0.00010696275314291243,0.022452382951654734,0.0071995038717153565
2615,0,0.0004524012058776,0.0007527132499259928,3.241201325233952e-05,0.0006025572279017964,0.00024240660956496976
2616,0,0.0002681387197699,0.0007235049941261966,1.5734498902289695e-05,0.0004958218569480484,0.00014193660933609485
2617,0,0.0209059164467299,0.006520324304094069,0.00042517158041728066,0.013713120375411985,0.010665544013573591
2618,0,0.0003123321606901,0.0007538759188806721,2.084621320627562e-05,0.0005331040397853861,0.00016658918694818783
2621,0,0.0003617865351566,0.000862197877129847,2.5514080975827643e-05,0.0006119922061432235,0.0001936503080662138
2622,0,0.0004701564294801,0.0012055839835703424,1.2936045315080813e-05,0.0008378702065252212,0.0002415462373975904
2625,0,0.0033352372107981,0.0019175423978188243,9.031421264148349e-05,0.002626389804308462,0.0017127757117197918
2626,0,0.0017083014950359,0.0012195129415090262,0.00014238759469364364,0.001463907218272463,0.0009253445448647718
2627,0,0.0005285370997853,0.0012087634076544042,2.5514080975827643e-05,0.0008686502537198521,0.0002770255903805638
2628,0,0.0031263147762731,0.002873018200337566,0.0011571046849443716,0.002999666488305333,0.0021417097306087357
2629,0,0.0005234103623393,0.001623335951172618,0.00014341518481548167,0.001073373156755959,0.00033341277357739084
2631,0,0.0018736671231126,0.0019138004737731683,7.551440499346678e-05,0.0018937337984428842,0.0009745907640530334
2632,0,0.0005382045156171,0.001261450996579206,1.4756889968068784e-05,0.000899827756098153,0.0002764807027925844
2633,0,0.0005882365603683,0.0007321702872903151,3.9461085152587944e-05,0.0006602034238293075,0.00031384882276044396
2634,0,0.0005552121612561,0.0013323969782648235,6.17509354809444e-05,0.0009438045697604618,0.0003084815483685222
2636,0,0.0012186029113371,0.0012632879839967308,1.9133219226061395e-05,0.0012409454476669155,0.0006188680652815807
2637,0,0.0049253496166059,0.004135384667596741,0.00030911990076783674,0.004530367142101321,0.0026172347586868685
2638,0,0.0024085284715291,0.002536530572239755,0.00015821697969360275,0.0024725295218844274,0.0012833727256113515
2639,0,0.0008619227800574,0.0017749859966407538,0.0003789254918452416,0.001318454388349077,0.0006204241359513208
2640,0,0.0016437027603893,0.0023426787103049238,0.0003817259494322382,0.001993190735347112,0.0010127143549107692
2641,0,0.0037699613082366,0.002833137971356366,0.0011235027082457183,0.003301549639796483,0.002446732008241159
2644,0,0.0015267980792626,0.002697516241877213,0.00018137086846726144,0.0021121571605699067,0.0008540844738649307
2645,0,0.0005650933759292,0.0015991220832550427,7.359158945065188e-05,0.0010821077295921214,0.0003193424826899259
2646,0,0.0007223253139477,0.0015558772789599248,7.036978816581727e-05,0.0011391012964538125,0.0003963475510567586
2648,0,0.0008473242927125,0.0028166303999740045,0.0001449082033636409,0.0018319773463432523,0.0004961162480380704
2650,0,0.0008136245749802,0.0012502618185119487,2.8097321037015083e-05,0.0010319431967460743,0.00042086094800860755
2651,0,0.0028367440636712,0.008410311281216812,0.0007920154792412262,0.005623527672444006,0.001814379771456213
2652,0,0.0009505248468184,0.001779213554143439,5.13759718391519e-05,0.0013648692004809195,0.000500950409328776
2653,0,0.0027118567496521,0.002569416359179004,0.0008014161358153845,0.0026406365544155517,0.0017566364427337423
2655,0,0.0007343103606757,0.001557098215449518,7.359158945065188e-05,0.001145704288062609,0.00040395097506317596
2656,0,0.0066641507996059,0.0024144444893406925,0.0026952988200777657,0.004539297644473296,0.004679724809841833
2657,0,0.0023594090262107,0.00403690456900297,0.00015821697969360275,0.003198156797606835,0.0012588130029521514
2658,0,0.0018915149461968,0.0019498152197670719,7.3185137730697e-05,0.0019206650829819358,0.0009823500419637486
2662,0,0.0011101499248552,0.002114434883149415,9.151550319351823e-05,0.0016122924040023073,0.0006008327140243591
2665,0,0.0008276252449338,0.003043319626936702,3.838335894266199e-05,0.001935472435935251,0.000433004301938231
2666,0,0.0070821066142922,0.008463192401253641,0.00029446654086570727,0.0077726495077729205,0.0036882865775789537
2667,0,0.0369194408506469,0.0589060779828038,0.024978375194188336,0.04791275941672535,0.030948908022417617
2668,0,0.0310257286157952,0.014583013527051028,0.0033022239151315196,0.022804371071423114,0.01716397626546336
2669,0,0.0180983465962328,0.01665203285021663,0.0019525826144506542,0.017375189723224715,0.010025464605341728
2670,0,0.040465915074653,0.022532040503922292,0.005118129436913625,0.03149897778928765,0.02279202225578331
2671,0,0.0142908731049299,0.03178843396693692,0.004959423491484727,0.02303965353593341,0.009625148298207313
2672,1,0.018922416986071,0.03492379358987383,0.001729116111831645,0.026923105287972416,0.010325766548951322
2673,0,0.0008791124956463,0.0006832577554677557,5.79708678384562e-05,0.0007811851255570279,0.0004685416817423781
2674,0,0.0004221070945156,0.0009354387032217655,2.5514080975827643e-05,0.0006787728988686827,0.00022381058774571382
2675,0,0.0003051806672649,0.0004959602196162431,1.8275023942121967e-05,0.00040057044344057153,0.000161727845603511
2676,0,0.0004557211569078,0.0008118760192489269,2.5514080975827643e-05,0.0006337985880783634,0.0002406176189418138
2677,0,0.0002758116314743,0.0004939642209691341,1.8275023942121967e-05,0.00038488792622171704,0.00014704332770821099
2678,0,0.0004911253604051,0.0006630350616226866,4.712706692169245e-05,0.0005770802110138933,0.00026912621366339623
2682,0,0.0005610266549159,0.0007085101591919074,4.712706692169245e-05,0.0006347684070539037,0.00030407686091879623
2683,0,0.0037056821244431,0.0016459341203578569,0.0007201696142980883,0.0026758081224004786,0.0022129258693705943
2684,0,0.0005176024703683,0.0005650540797750829,3.579481976389114e-05,0.0005413282750716914,0.00027669864506609556
2685,0,0.0003812246600135,0.0009107122341142335,2.5514080975827643e-05,0.0006459684470638667,0.00020336937049466382
2686,0,0.0005454601591147,0.0006978663897925063,4.712706692169245e-05,0.0006216632744536032,0.00029629361301819625
2687,0,0.0006506493694713,0.0013031263616183769,0.00033962206093651303,0.0009768878655448386,0.0004951357152039066
2688,0,0.0031381447173208,0.0019653608918755064,0.0010203117332499817,0.002551752804598153,0.002079228225285391
2689,0,0.0031085684076086,0.0016480299181361082,0.0010953201077675183,0.002378299162872354,0.002101944257688059
2690,0,0.0009242013211303,0.0008191345204787871,5.7466697500947884e-05,0.0008716679208045435,0.0004908340093156239
2691,0,0.0007869363447412,0.0015309256370424182,0.00017296298155895545,0.001158930990891809,0.00047994966315007773
2692,0,0.0004606842079613,0.0007349097815171351,4.1003486849267843e-05,0.0005977969947392176,0.0002508438474052839
2694,0,0.0005202465405132,0.0009022501712646658,3.13028091425107e-05,0.000711248355888933,0.00027577467482785533
2695,0,0.0005294109209272,0.0009649776376297225,4.712706692169245e-05,0.0007471942792784612,0.0002882689939244462
2697,0,0.0003668771980254,0.0007646854400279601,1.8275023942121967e-05,0.0005657813190266801,0.000192576110983761
2700,0,0.0108029293522536,0.0075720272609958745,0.001047543030762251,0.009187478306624738,0.005925236191507926
2701,0,0.0005228207372897,0.000978743269050404,4.712706692169245e-05,0.000750782003170052,0.00028497390210569624
2702,0,0.002112604078016,0.0022363237767032314,0.00029092176806280983,0.002174463927359616,0.001201762923039405
2703,0,0.0005304542952972,0.0006553341110097216,3.579481976389114e-05,0.0005928942031534608,0.00028312455753054554
2704,0,0.006177855394292,0.0027955377247789585,0.0005075467099514888,0.00448669655953548,0.0033427010521217444
2706,0,0.3905600796449089,0.8075374437589918,0.07213826329336075,0.5990487617019504,0.23134917146913483
2707,0,0.0002857577970512,0.0009354288951876684,1.5734498902289695e-05,0.0006105933461194342,0.00015074614797674484
2708,0,0.0005649499897729,0.0010681368693782594,1.7440224758845476e-05,0.0008165434295755796,0.00029119510726587273
2709,0,0.0062600359391508,0.03113370799600408,0.00014132276466343062,0.018696871967577442,0.0032006793519071155
2710,0,0.0004710947737797,0.0010609961715019754,2.084621320627562e-05,0.0007660454726408377,0.0002459704934929878
2713,0,0.0032405400024182,0.0026859211653446403,0.0011235027082457183,0.00296323058388142,0.0021820213553319593
2714,0,0.0007896733112957,0.0012767928975387245,4.712706692169245e-05,0.0010332331044172122,0.00041840018910869624
2715,0,0.0026892277164308,0.0023086111253126616,0.0005224590073298971,0.0024989194208717307,0.0016058433618803484
2716,0,0.002310753716877,0.0018513590964547551,0.0008790226449347483,0.0020810564066658776,0.001594888180905874
2717,0,0.0005986599597343,0.001129357959562371,2.061698744530616e-05,0.0008640089596483355,0.0003096384735898031
2718,0,0.0013343915417429,0.0018730224734756816,9.031421264148349e-05,0.0016037070076092908,0.0007123528771921917
2719,0,0.0024457476486423,0.0022606538167752855,0.00012597193618946873,0.0023532007327087927,0.0012858597924158843
2720,0,0.0005477717348508,0.0008690023157774913,1.2936045315080813e-05,0.0007083870253141456,0.0002803538900829404
2721,0,0.0005197856652481,0.0013587511411557352,8.627362581631642e-05,0.0009392684032019176,0.0003030296455322082
2722,0,0.0005808609655714,0.0008688654347890764,1.2936045315080813e-05,0.0007248632001802381,0.0002968985054432404
2723,0,0.0005442380331063,0.0008211862163712253,1.815092999475052e-05,0.0006827121247387626,0.0002811944815505253
2724,0,0.0024949096643557,0.002126808101872998,0.0013416995744711612,0.002310858883114349,0.0019183046194134305
2725,0,0.0005939035568893,0.0014177291226371031,2.8097321037015083e-05,0.0010058163397632016,0.0003110004389631575
2726,0,0.0005537737035573,0.0015197301590689518,8.627362581631642e-05,0.0010367519313131258,0.0003200236646868082
2727,0,0.0009269574565314,0.0017167645817999506,7.3185137730697e-05,0.0013218610191656753,0.0005000712971310485
2728,0,0.0011242533265399,0.0017862807121514477,0.0002566746055052879,0.0014552670193456738,0.0006904639660225939
2729,0,0.0014454636803211,0.0029944795751448475,0.00020436162291188076,0.0022199716277329735,0.0008249126516164904
2730,0,0.0012518056365227,0.002477527788084001,0.00024982844614206666,0.0018646667123033505,0.0007508170413323832
2731,0,0.000939002408988,0.001799331299888829,0.00012133600024767964,0.0013691668544384146,0.0005301692046178399
2732,0,0.0005548031323543,0.0012375312024924365,3.4644309578818603e-05,0.0008961671674233683,0.00029472372096655934
2733,0,0.0025985646922789,0.003769670294964493,0.00014515951953923724,0.0031841174936216967,0.0013718621059090686
2734,0,0.0010680703796154,0.0022577181716952697,0.00021161852065700886,0.0016628942756553348,0.0006398444501362044
2735,0,0.0006990291945484,0.0011886055039689954,2.8097321037015083e-05,0.0009438173492586977,0.0003635632577927075
2736,0,0.0013950918733384,0.0018635292038692458,0.00018137086846726144,0.001629310538603823,0.0007882313709028307
2738,0,0.0008476482068454,0.0015885298264583117,2.2956853599533354e-05,0.0012180890166518558,0.00043530253022246667
2740,0,0.0006454315841711,0.0017697498129035556,7.359158945065188e-05,0.0012075906985373277,0.0003595115868108759
2741,0,0.0006233002673624,0.002372081008575995,8.331293537538457e-05,0.0014976906379691973,0.0003533066013688923
2742,0,0.0016603678398942,0.0029613816060453436,0.00018137086846726144,0.002310874722969772,0.0009208693541807307
2743,0,0.0035790282718319,0.005183579355752367,0.0010044094327803178,0.004381303813792133,0.002291718852306109
2744,0,0.0008017370723401,0.001963608834025376,6.0743070938117526e-05,0.001382672953182738,0.00043124007163910876
2745,0,0.0061434637461856,0.0012748479375516513,0.0005962435942274211,0.0037091558418686256,0.003369853670206511
2746,0,0.0005963806713223,0.0009328558887533476,1.2175749913611695e-05,0.0007646182800378238,0.00030427821061795586
2747,0,0.0009421516660983,0.0033693032529584555,0.0001449082033636409,0.0021557274595283777,0.0005435299347309704
2748,0,0.0010190686842306,0.002228520964439646,0.0001211342077599977,0.0016237948243351232,0.0005701014459952989
2749,0,0.0006072389955145,0.0011588005680596106,1.21139188570185e-05,0.0008830197817870553,0.00030967645718575924
2750,1,0.000780020726554,0.001065680619372803,1.4756889968068784e-05,0.0009228506729634016,0.00039738880826103437
2751,0,0.0010334488239858,0.0019313529425936068,1.2175749913611695e-05,0.0014824008832897034,0.0005228122869497059
2754,0,0.005182190321697,0.005914936729323159,0.0034202310027537613,0.005548563525510079,0.004301210662225381
2755,0,0.0014233678415388,0.0019382358856340485,4.83977299935588e-05,0.0016808018635864242,0.0007358827857661794
2756,0,0.0063543913002135,0.003221014615549646,6.500295616012017e-05,0.004787702957881573,0.00320969712818681
2757,0,0.0081823116128398,0.007690022705692226,0.0010962026691431971,0.007936167159266013,0.004639257140991498
2758,0,0.0435713150219183,0.06460820513967769,0.03676645551679233,0.054089760080797994,0.04016888526935532
2759,0,0.0216181102397829,0.014622741922990219,0.00513562660145173,0.01812042608138656,0.013376868420617315
2760,0,0.0282024895920866,0.06004139374617081,0.01255908195684414,0.04412194166912871,0.02038078577446537
2762,1,0.9839796531095646,0.9971078469387371,0.9991675595009676,0.9905437500241508,0.991573606305266
2763,0,0.0291952646741457,0.04286768842942602,0.013831577022661438,0.03603147655178586,0.021513420848403568
2765,0,0.0011859067553607,0.002336590734408578,0.00015500955468169544,0.0017612487448846392,0.0006704581550211978
2766,0,0.0007017360927216,0.0009522813362422255,7.565602196612242e-05,0.0008270087144819128,0.0003886960573438612
2767,0,0.0032486799451195,0.0007844632904786792,4.185826183601029e-05,0.0020165716177990897,0.0016452691034777552
2769,0,0.0009504084426251,0.0007809111833447545,5.7466697500947884e-05,0.0008656598129849273,0.0005039375700630239
2770,0,0.0002761596625481,0.0006169390569840025,1.8275023942121967e-05,0.00044654935976605123,0.000147217343245111
2773,0,0.0004920044906019,0.0007043037250257421,4.712706692169245e-05,0.0005981541078138211,0.00026956577876179625
2774,0,0.0004706074923932,0.0015580807012819343,0.00020436162291188076,0.0010143440968375672,0.0003374845576525404
2775,0,0.0021553129078456,0.0007507779685646475,1.7440224758845476e-05,0.0014530454382051237,0.0010863765663022226
2776,0,0.0006124646465018,0.000805785341854129,6.312771067184194e-05,0.0007091249941779646,0.00033779617858682097
2777,0,0.0004001973350907,0.000710138452423169,1.879411934322107e-05,0.0005551678937569345,0.00020949572721696053
2779,0,0.0021903498540199,0.002163470700293821,0.00016895290029864956,0.0021769102771568606,0.0011796513771592746
2780,0,0.0020222623859962,0.0013479088121337334,0.00029092176806280983,0.0016850855990649667,0.001156592077029505
2781,0,0.0006206879453508,0.0007210308764002468,4.712706692169245e-05,0.0006708594108755234,0.00033390750613624624
2783,0,0.0004548063287872,0.0009631275511935029,1.2936045315080813e-05,0.0007089669399903514,0.0002338711870511404
2784,0,0.0004674444623646,0.0006384267173476829,1.2936045315080813e-05,0.0005529355898561414,0.0002401902538398404
2785,0,0.0014161352586536,0.0018770873758925792,0.0005808367556640781,0.0016466113172730896,0.000998486007158839
2786,0,0.0005846786474389,0.0018425125064054383,2.6963771875631888e-05,0.0012135955769221691,0.0003058212096572659
2787,0,0.0011219928527181,0.0005583955549238988,4.813317914366538e-05,0.0008401942038209994,0.0005850630159308826
2788,0,0.0006066492295412,0.0007416018154561724,4.384977676557343e-05,0.0006741255224986862,0.0003252495031533867
2789,0,0.0035472334579616,0.0028243468131032997,0.0012898690060176824,0.00318579013553245,0.002418551231989641
2791,0,0.0023722906706049,0.002558087174387796,0.00044199023689767494,0.002465188922496348,0.0014071404537512875
2792,0,0.0011706734217741,0.0029361854086105573,0.00012984332189826231,0.0020534294151923287,0.0006502583718361811
2794,0,0.0004819088097769,0.001736633585117888,3.118479562863581e-05,0.001109271197447394,0.00025654680270276794
2795,0,0.0006062233747803,0.002413940710371136,5.712590897956e-05,0.001510082042575718,0.00033167464187993
2796,0,0.0033250065166166,0.0029767901357048653,0.0007226700344847053,0.0031508983261607326,0.0020238382755506526
2797,0,0.0005231578473575,0.001104176550934398,1.7440224758845476e-05,0.000813667199145949,0.0002702990360581728
2798,0,0.0016173423772972,0.004472020085557331,0.00018137086846726144,0.003044681231427266,0.0008993566228822306
2799,0,0.0005427586976979,0.001485417471390925,3.468284539670369e-05,0.0010140880845444125,0.0002887207715473018
2800,0,0.0011837806815465,0.00265341136927714,0.00015342818988565453,0.00191859602541182,0.0006686044357160772
2801,0,0.0007611890577337,0.001445332610075894,2.9191508366234822e-05,0.001103260833904797,0.0003951902830499674
2802,0,0.0017278388269517,0.0021064646835968924,0.0010208091851162376,0.0019171517552742962,0.0013743240060339688
2803,0,0.000984159911688,0.0014918926313405194,7.358457977376248e-05,0.0012380262715142596,0.0005288722457308812
2804,0,0.0023483645402125,0.002559433034230406,0.00038508609588808846,0.0024538987872214533,0.0013667253180502943
2805,0,0.0005886264437288,0.0019158645716740984,8.627362581631642e-05,0.0012522455077014492,0.0003374500347725582
2807,0,0.0025147270971366,0.002987357471294323,0.0005501120935934516,0.0027510422842154615,0.0015324195953650259
2809,0,0.0005532806285251,0.0011427628207691502,2.061698744530616e-05,0.0008480217246471251,0.0002869488079852031
2810,0,0.0005842711140735,0.0012544834489706409,5.31915572652528e-05,0.0009193772815220705,0.0003187313356693764
2811,0,0.0005630928225119,0.0009399940828418996,4.538549666773161e-05,0.0007515434526768998,0.0003042391595898158
2812,0,0.0009888073521202,0.0018628108678092603,0.000245030117869462,0.0014258091099647301,0.000616918734994831
2814,0,0.0007828496906221,0.0021085403147933566,0.00018278907670501697,0.0014456950027077285,0.0004828193836635585
2815,0,0.0017786422628558,0.0034630391826930332,0.0002640201455119717,0.002620840722774417,0.0010213312041838858
2816,0,0.0007478588653846,0.001337723960934291,5.911692506090243e-05,0.0010427914131594454,0.00040348789522275124
2818,0,0.0012643057926944,0.0023457698526682252,0.00021161852065700886,0.0018050378226813126,0.0007379621566757044
2819,0,0.0007468294018426,0.0010007537953511216,1.7395195645101484e-05,0.0008737915985968607,0.0003821122987438507
2820,0,0.0035543137620594,0.0034987512591654825,0.0012552902479537455,0.003526532510612441,0.0024048020050065726
2821,0,0.0016409569065595,0.00297390114043633,0.0006657173184303589,0.002307429023497915,0.0011533371124949295
2822,0,0.0018644785928264,0.002018732417905061,0.0003036668310398591,0.0019416055053657305,0.0010840727119331296
2823,0,0.0006242207187855,0.001326227215236598,2.061698744530616e-05,0.000975223967011049,0.00032241885311540307
2824,0,0.0170310014292498,0.02033873490120835,0.0017770022639574403,0.018684868165229074,0.00940400184660362
2825,0,0.0015248820900428,0.0021169310700464385,3.1131243667588864e-05,0.0018209065800446193,0.0007780066668551945
2826,0,0.000841228289466,0.003657440209548696,0.00017305421910047646,0.002249334249507348,0.0005071412542832383
2827,0,0.000505903887023,0.001550975688370112,3.838335894266199e-05,0.001028439787696556,0.000272143622982831
2830,0,0.000924123528217,0.0016520355436302424,8.689239968555296e-05,0.0012880795359236212,0.0005055079639512764
2831,0,0.0020949087609731,0.004498284044127414,0.00020138926046319808,0.003296596402550257,0.001148149010718149
2832,0,0.0006115027185057,0.002399927529572628,3.947360173141538e-05,0.001505715124039164,0.0003254881601185577
2834,0,0.0079337277444229,0.0046495017469209855,0.0049588532549745285,0.006291614745671943,0.006446290499698714
2835,0,0.0058485547169024,0.004725658090540023,0.0005429682986264323,0.005287106403721212,0.003195761507764416
2836,0,0.0009520619833487,0.0016550375194968783,8.689239968555296e-05,0.0013035497514227892,0.0005194771915171264
2837,0,0.000942681374543,0.0022296194742101347,0.00011500085569353658,0.0015861504243765675,0.0005288411151182683
2840,0,0.0032258747738426,0.0028067028051150153,0.0002991944948580667,0.0030162887894788076,0.0017625346343503334
2842,0,0.0019176747206272,0.002264080014138481,7.202162797882276e-05,0.0020908773673828404,0.0009948481743030113
2843,0,0.0038193955088252,0.008349143945591076,0.0016370565744723796,0.006084269727208138,0.0027282260416487897
2844,0,0.0009857679731638,0.0030437441128567514,5.017661359027015e-05,0.002014756043010276,0.0005179722933770351
2849,0,0.1876497406894215,0.09022365208255649,0.019400046570025444,0.138936696385989,0.10352489362972347
2850,0,0.0402371059576191,0.058982057898275674,0.048412225407303576,0.049609581927947385,0.04432466568246134
2851,0,0.0530789070433017,0.05366437154643321,0.1155118733275328,0.05337163929486745,0.08429539018541725
2852,0,0.1080969947475912,0.050805062904308966,0.08711612893014822,0.07945102882595008,0.0976065618388697
2853,0,0.0341784497095692,0.018953337753942433,0.017897149602850982,0.026565893731755816,0.026037799656210094
2854,0,0.0224477294735948,0.037710348810026204,0.0133660998400565,0.030079039141810503,0.01790691465682565
2855,0,0.0224263539914877,0.061869651279484614,0.020206852573155316,0.042148002635486154,0.02131660328232151
2856,0,0.0191021771710429,0.03528115897347239,0.018804114815094995,0.027191668072257646,0.018953145993068948
2857,0,0.0182082334891552,0.014345341880541273,0.0018681222316251154,0.016276787684848235,0.010038177860390157
2858,0,0.1154066217874088,0.13166311552471238,0.18494012336564855,0.12353486865606059,0.15017337257652869
2859,1,0.9659851589392248,0.9928197078812488,0.999475988005145,0.9794024334102368,0.982730573472185
2860,0,0.1564197220054644,0.4026833090029066,0.08819140579980825,0.2795515155041855,0.12230556390263632
2861,0,0.2854973018368653,0.1388922874289567,0.054354750419591924,0.212194794632911,0.1699260261282286
2862,0,0.0686990883331739,0.15727141340979883,0.028676511734592177,0.11298525087148636,0.04868780003388304
2863,0,0.2271074084183461,0.08667827181617586,0.30561065251484304,0.15689284011726098,0.2663590304665946
2864,0,0.1071081781383006,0.2906861839092481,0.03372155928634384,0.19889718102377435,0.07041486871232222
2865,1,0.3776930402591264,0.1796741296396025,0.13285978943357563,0.27868358494936446,0.255276414846351
2866,0,0.0004952037133115,0.001636490899633492,6.594171665481447e-05,0.001065847306472496,0.00028057271498315724
2867,0,0.0052917316774909,0.0012775048314916746,0.0002667143885502039,0.0032846182544912874,0.002779223033020552
2868,0,0.0046010798468574,0.0036674598064859805,0.0014797924066963727,0.004134269826671691,0.0030404361267768864
2869,0,0.0030444406988154,0.0023256289351277644,0.0011057808603556955,0.002685034816971582,0.002075110779585548
2870,0,0.0006249306273805,0.0018665491416593827,7.560239533050543e-05,0.0012457398845199413,0.0003502665113555027
2872,0,0.0006185173432067,0.0008571863886828827,0.0001022393213382437,0.0007378518659447913,0.00036037833227247186
2873,0,0.0017263080612572,0.0007879946770633986,0.0002602167401371393,0.0012571513691602993,0.0009932624006971696
2874,0,0.0011789921094765,0.001310344663351332,7.726921040677097e-05,0.001244668386413916,0.0006281306599416355
2875,0,0.0007267269239593,0.0019329789849892426,7.726921040677097e-05,0.0013298529544742714,0.0004019980671830355
2876,0,0.0016496309242229,0.0007749313421391934,0.00042975882269796523,0.0012122811331810467,0.0010396948734604327
2879,0,0.0006068590084068,0.0015247643532984502,7.560239533050543e-05,0.001065811680852625,0.0003412307018686527
2880,1,0.917471454720988,0.9354991845931537,0.9964453369757315,0.9264853196570708,0.9569583958483597
2881,0,0.0003078043739639,0.0007039831335432867,2.2715209935471325e-05,0.0005058937537535934,0.00016525979194968566
2882,0,0.00026321551491,0.0006386324315078714,2.444453447307212e-05,0.00045092397320893574,0.00014383002469153607
2884,0,0.0004622647485538,0.0008243423150425069,5.333074866573736e-05,0.0006433035317981535,0.00025779774860976867
2885,0,0.0011121750430333,0.002114162883786721,0.0005465366138270358,0.0016131689634100105,0.0008293558284301679
2886,0,0.003416787771283,0.003552981717781339,0.003778699089653182,0.003484884744532169,0.003597743430468091
2888,0,0.0007469793727893,0.0006392284458603633,0.00042975882269796523,0.0006931039093248316,0.0005883690977436327
2890,0,0.000751777572626,0.0015792159455217832,7.726921040677097e-05,0.0011654967590738917,0.0004145233915163855
2891,0,0.0004865481929196,0.0013117797265783618,5.4656250403897114e-05,0.0008991639597489809,0.0002706022216617486
2892,0,0.0006013388411448,0.0013727925983720347,7.726921040677097e-05,0.0009870657197584174,0.00033930402577578544
2894,0,0.0006524140146228,0.0009073349351581962,0.0001022393213382437,0.0007798744748904981,0.00037732666798052185
2897,0,0.0006584142896197,0.0016212335716341434,7.726921040677097e-05,0.0011398239306269218,0.0003678417500132355
2899,0,0.0008344924365865,0.0011490546389047952,0.00017721481888563956,0.0009917735377456475,0.0005058536277360697
2900,0,0.0015292339536436,0.0026217740368489444,0.0016018993857029203,0.002075503995246272,0.00156556666967326
2901,0,0.0006118799705706,0.002552712604745497,7.103876166751032e-05,0.0015822962876580486,0.00034145936611905517
2902,0,0.0010947885217898,0.002362305641594307,0.00020156236578273854,0.0017285470816920535,0.0006481754437862692
2903,0,0.0008382364924233,0.0020659311140581067,7.103876166751032e-05,0.0014520838032407034,0.00045463762704540516
2904,0,0.0007562662506259,0.001683996512978157,0.0002764871848644337,0.0012201313818020285,0.0005163767177451669
2906,0,0.0007492954301736,0.0013276498924524795,0.00018189066067095605,0.0010384726613130398,0.000465593045422278
2908,0,0.000657027118761,0.0013547238348107491,7.726921040677097e-05,0.0010058754767858745,0.00036714816458388545
2909,0,0.006313808521527,0.007165916292365736,0.003125793925520457,0.006739862406946368,0.004719801223523728
2910,0,0.0006991052607916,0.001324884982876113,9.134291568647584e-05,0.0010119951218338565,0.00039522408823903794
2911,0,0.0005081336325597,0.0016298784456925653,8.60608693442872e-05,0.0010690060391261326,0.0002970972509519936
2913,0,0.0015845953888061,0.002357343342944123,0.00018999242375128362,0.001970969365875112,0.0008872939062786918
2914,0,0.0008333304617229,0.0027533681019526694,8.855191502193114e-05,0.0017933492818377847,0.00046094118837241557
2915,0,0.000917764100893,0.0023939525771139373,0.0002257220684307919,0.0016558583390034686,0.000571743084661896
2918,0,0.0007914862195271,0.0013825178009941636,9.134291568647584e-05,0.0010870020102606319,0.00044141456760678796
2919,0,0.0014672281751687,0.0017813656207626314,9.134291568647584e-05,0.0016242968979656657,0.0007792855454275879
2920,0,0.0007389812809861,0.0016233490289159968,9.134291568647584e-05,0.0011811651549510484,0.00041516209833628796
2921,0,0.0006051134766898,0.0026184023164883352,9.625071575805976e-05,0.0016117578965890676,0.0003506820962239299
2922,0,0.0014537356375147,0.0014081716288115366,0.0001160365962752267,0.0014309536331631183,0.0007848861168949634
2923,0,0.0008186097133865,0.0016147638401566367,9.134291568647584e-05,0.0012166867767715683,0.00045497631453648795
2925,0,0.000894904936336,0.001976914328517502,9.134291568647584e-05,0.0014359096324267511,0.0004931239260112379
2927,0,0.0018531091012537,0.00339248152000386,0.0004669115849554993,0.00262279531062878,0.0011600103431045996
2928,0,0.0036345685535506,0.004629761267516902,0.0019747720028250757,0.0041321649105337515,0.0028046702781878378
2929,0,0.0042017538519489,0.007833176078810412,0.0005210243387307257,0.006017464965379657,0.002361389095339813
2930,0,0.0011273059595878,0.002106924038077621,0.00012445771447976145,0.0016171149988327103,0.0006258818370337807
2931,0,0.0008348562323593,0.0030497678982603755,0.00017825459452998417,0.0019423120653098377,0.0005065554134446421
2932,0,0.0062150114464968,0.006936207550726766,0.0023909752773994784,0.006575609498611783,0.00430299336194814
2933,0,0.0008462840702549,0.0020312908998995913,0.00013659873709541908,0.0014387874850772457,0.0004914414036751595
2934,0,0.0050327819915409,0.003951469818014189,0.0004636216359710717,0.004492125904777544,0.002748201813755986
2935,0,0.0008737938837304,0.0027250461978353983,7.261786149967084e-05,0.0017994200407828991,0.00047320587261503544
2936,0,0.0025991308085671,0.0022438050479785493,0.0019890202089325668,0.0024214679282728246,0.0022940755087498335
2937,0,0.0035607232206889,0.00953434778176869,0.0006902070920369231,0.006547535501228795,0.0021254651563629113
2938,0,0.0021576533616772,0.004695234719271198,0.0018364018207739558,0.003426444040474199,0.0019970275912255782
2939,0,0.0017552400495947,0.002629600622485656,9.560256734558434e-05,0.002192420336040178,0.0009254213084701422
2941,0,0.0245326405949479,0.020268696546426428,0.01120003408562989,0.022400668570687163,0.017866337340288897
2942,1,0.0094315789034546,0.007854092594232958,0.03946850685931982,0.00864283574884378,0.024450042881387208
2943,0,0.0012875607673602,0.0020056781050767033,8.699465579158011e-05,0.0016466194362184518,0.00068727771157589
2944,0,0.0075667498991087,0.003039129717026024,0.0002880303895565601,0.005302939808067362,0.00392739014433263
2945,0,0.0006395358011942,0.0019518244524890469,7.560239533050543e-05,0.0012956801268416234,0.0003575690982623527
2946,0,0.007611017634924,0.0012224004345248295,0.0002667143885502039,0.004416709034724415,0.003938866011737102
2947,0,0.0018267532151581,0.0017891853567369863,5.374767064258514e-05,0.0018079692859475432,0.0009402504429003426
2948,0,0.0009092902423385,0.002336432553401105,0.0003135710144166499,0.0016228613978698026,0.000611430628377575
2950,0,0.0025683745186348,0.0017368665592483261,0.00024571141220213556,0.0021526205389415633,0.0014070429654184679
2951,0,0.0017429913852101,0.002429773723405797,0.0001734973926639358,0.002086382554307949,0.0009582443889370179
2952,0,0.0017172883745473,0.001987233612651795,7.103876166751032e-05,0.0018522609935995474,0.0008941635681074052
2953,0,0.0006199007222559,0.0016953982195966298,7.726921040677097e-05,0.001157649470926265,0.00034858496633133546
2955,0,0.0010214183505228,0.0019121259439047647,0.0019059960230724737,0.0014667721472137823,0.001463707186797637
2956,0,0.0004140454711915,0.0006861332286842968,0.0001344328365282784,0.0005500893499378985,0.0002742391538598892
2957,0,0.0014663401609831,0.003211676391622053,0.001314565795957444,0.0023390082763025764,0.001390452978470272
2959,0,0.0007468107124522,0.0030527760218749854,4.038080054213295e-05,0.0018997933671635928,0.00039359575649716645
2961,0,0.0006038483311883,0.001336142347497818,7.726921040677097e-05,0.000969995339343059,0.0003405587707975355
2963,0,0.000570440107938,0.0011367512419392112,7.726921040677097e-05,0.0008535956749386056,0.00032385465917238545
2964,0,0.0009973606851234,0.0023147838138217825,0.0001371448736506197,0.0016560722494725912,0.0005672527793870099
2965,0,0.0009289480244978,0.001287024588395045,4.0248684899365715e-05,0.0011079863064464225,0.0004845983546985829
2966,0,0.0005105391727519,0.0017395264886377992,0.00020975638499840055,0.0011250328306948495,0.00036014777887515025
2967,0,0.0003098815792432,0.0013223928747063936,2.444453447307212e-05,0.0008161372269747968,0.00016716305685813605
2968,0,0.0032722715249413,0.003980269263163237,0.0003890989525798981,0.0036262703940522683,0.001830685238760599
2970,0,0.0007235655607189,0.0020794723964563996,0.00012963834512081304,0.0014015189785876498,0.00042660195291985655
2971,0,0.0008661663088027,0.0022571471273068588,7.103876166751032e-05,0.0015616567180547795,0.0004686025352351052
2973,0,0.0011765601464033,0.0028108603439377725,0.00013999088265171722,0.0019937102451705363,0.0006582755145275085
2974,0,0.0006321051751537,0.0012353792848407358,4.6339711648094666e-05,0.0009337422299972179,0.00033922244340089735
2976,0,0.0033653068863727,0.0031211612226635685,0.003778699089653182,0.003243234054518134,0.003572002988012941
2977,0,0.0014152377974543,0.0016116324683748565,0.0010395569812579233,0.0015134351329145783,0.0012273973893561117
2978,0,0.0017198176895368,0.003983279508733524,0.00201179442278699,0.0028515485991351622,0.0018658060561618948
2979,0,0.0003102653835589,0.001032224197104635,2.444453447307212e-05,0.0006712447903317675,0.00016735495901598607
2980,0,0.0005798054734391,0.0016689970066321445,0.00011539630346538455,0.0011244012400356222,0.00034760088845224227
2981,0,0.0008300789385641,0.001815738458873349,5.830116679426016e-05,0.0013229086987187244,0.00044419005267918004
2982,0,0.0003825144462252,0.0010578716667422132,4.6339711648094666e-05,0.0007201930564837066,0.00021442707893664734
2983,0,0.0007132599039819,0.001498164450988831,0.0001745032338501104,0.0011057121774853656,0.0004438815689160052
2986,0,0.0006532732887301,0.001500060360445307,1.9765998867125373e-05,0.0010766668245877035,0.00033651964379861264
2987,0,0.0021011422120832,0.002406133734138237,0.00047079414978947126,0.0022536379731107185,0.0012859681809363355
2988,0,0.0104699432537123,0.0034271281866960477,0.0010608924334446677,0.006948535720204174,0.005765417843578484
2989,0,0.00045493964988,0.0019602973879929214,4.6339711648094666e-05,0.0012076185189364608,0.00025063968076404733
2991,0,0.0074721876709741,0.0027490780345543267,0.0020907246878462747,0.005110632852764214,0.004781456179410187
2992,0,0.002803471654896,0.004509471243504214,0.0005224590073298971,0.0036564714492001073,0.0016629653311129484
2993,0,0.0051971056125629,0.0029765738367927472,7.359270146959233e-05,0.004086839724677824,0.0026353491570162463
2995,0,0.0012296191939881,0.004501387242526186,0.00038285244752207494,0.002865503218257143,0.0008062358207550875
2996,0,0.0015104724443773,0.002622000553110973,0.00014683267004730183,0.0020662364987441366,0.000828652557212301
2997,0,0.002312840072466,0.0020182546001635986,8.529956459570103e-05,0.0021655473363147992,0.0011990698185308504
2998,0,0.0202509302740173,0.013899482287994909,0.0065238320679332955,0.017075206281006103,0.013387381170975297
2999,0,0.0005348012159851,0.0018199474919428995,9.843371791244683e-05,0.0011773743539639997,0.0003166174669487734
3000,0,0.0684155583518009,0.01630979073997927,0.0009383540940513392,0.042362674545890086,0.03467695622292612
3001,1,0.96862650968662,0.9870281873589196,0.9994438964684637,0.9778273485227698,0.9840352030775419
3003,0,0.0015613009386383,0.002037105211537995,8.529956459570103e-05,0.0017992030750881476,0.0008233002516170005
3004,0,0.0011215733011803,0.0024689542532247864,8.529956459570103e-05,0.0017952637772025433,0.0006034364328880005
3005,0,0.0009340991230923,0.0027565158395032995,7.907200785680855e-05,0.0018453074812977998,0.0005065855654745543
3006,0,0.001245145913504,0.002231280943714956,0.00014683267004730183,0.001738213428609478,0.0006959892917756509
3007,0,0.0009767155720666,0.0018417249778749215,7.468850657390115e-05,0.0014092202749707607,0.0005257020393202506
3008,0,0.0037557573842276,0.005242723976668571,0.00118199826867428,0.004499240680448086,0.00246887782645094
3009,0,0.0020372668016207,0.0021856973166666255,3.8194365607383344e-05,0.0021114820591436627,0.0010377305836140418
3010,0,0.0011033098818115,0.0017218092178961264,4.473994085673593e-05,0.0014125595498538132,0.0005740249113341179
3011,0,0.0009131584634542,0.002159518101853649,7.359158945065188e-05,0.0015363382826539245,0.000493375026452426
3012,0,0.0019982001204348,0.003376406813014301,0.00019925062860444727,0.0026873034667245508,0.0010987253745196237
3013,0,0.0014619790244779,0.0028530423177349825,7.468850657390115e-05,0.0021575106711064413,0.0007683337655259005
3014,0,0.0022724506165771,0.007605692992770087,0.00040456522523414136,0.004939071804673593,0.0013385079209056205
3015,0,0.0019544672777181,0.003643670737391039,0.0001082977594617077,0.0027990690075545693,0.0010313825185899038
3016,0,0.0036072367211416,0.0026858433700985397,0.0005962435942274211,0.00314654004562007,0.002101740157684511
3017,0,0.0044525171940062,0.005694237834865876,0.00032406527647139695,0.005073377514436038,0.0023882912352387983
3018,0,0.0146524874953122,0.013726047010301074,0.010032672236444995,0.014189267252806637,0.012342579865878597
3019,0,0.0316435801002201,0.02166760349063094,0.012600636959663536,0.02665559179542552,0.022122108529941818
3020,1,0.9785171479882996,0.9935225523320311,0.9997693352156317,0.9860198501601654,0.9891432416019657
3021,0,0.0301524533749576,0.03505060573484704,0.018137941778642138,0.03260152955490232,0.02414519757679987
3022,0,0.053592408557818,0.050572678319077496,0.06830164663063198,0.052082543438447745,0.06094702759422499
3023,0,0.0423070657502167,0.05652831259101273,0.020162311717291572,0.04941768917061472,0.031234688733754137
3024,0,0.0462734311934607,0.0486577632766165,0.018487211754034637,0.0474655972350386,0.03238032147374767
3025,0,0.0181170513765551,0.03314182993796807,0.02132520376317929,0.025629440657261585,0.019721127569867197
3027,0,0.5910216466558015,0.6059231381204649,0.8591267506380503,0.5984723923881332,0.7250741986469259
3028,0,0.0014925760658253,0.0016264249477763054,0.0003337100739601581,0.0015595005068008028,0.0009131430698927291
3029,0,0.0048460868484954,0.003057111866636551,0.0013134611183272498,0.003951599357565975,0.003079773983411325
3030,0,0.0008917658564363,0.002114451807425046,0.00019046662751701803,0.001503108831930673,0.000541116241976659
3031,0,0.0003551852064178,0.0006149318680104738,2.444453447307212e-05,0.0004850585372141369,0.00018981487044543606
3032,0,0.0015953613593787,0.0028745768302417467,0.00014285831121876302,0.0022349690948102233,0.0008691098352987315
3033,0,0.0003500521316725,0.0007325465290378715,2.444453447307212e-05,0.0005412993303551858,0.00018724833307278606
3034,0,0.0012584238061688,0.002867231467060933,0.0003533587327672371,0.0020628276366148664,0.0008058912694680185
3035,0,0.0003177890602759,0.000680759256835714,2.444453447307212e-05,0.000499274158555807,0.00017111679737448607
3037,0,0.0024611823982695,0.0015250964729990873,0.00024782922425122146,0.0019931394356342935,0.0013545058112603607
3039,0,0.0028058475914205,0.0025084975932041695,0.0010971581677985639,0.0026571725923123348,0.0019515028796095318
3040,0,0.0007629813726372,0.0012348579679591016,5.5508042273829495e-05,0.0009989196702981508,0.00040924470745551476
3041,0,0.0005502244492163,0.0011725883968253348,1.7440224758845476e-05,0.0008614064230208174,0.00028383233698757275
3042,0,0.0005294192065891,0.0012611236383354755,6.052598298681992e-05,0.0008952714224622878,0.00029497259478796
3043,0,0.0005306268945625,0.0013234903743609353,1.7440224758845476e-05,0.0009270586344617177,0.00027403355966067276
3044,0,0.0005899691290358,0.0006638403607153626,4.384977676557343e-05,0.0006269047448755813,0.0003169094529006867
3045,0,0.0006899865526555,0.0009946442341421037,6.908473323224908e-05,0.0008423153933988019,0.00037953564294387454
3046,0,0.0004535302133964,0.0007237871521073935,1.7395195645101484e-05,0.0005886586827518967,0.00023546270452075074
3047,0,0.000533183904891,0.0012388341362973877,1.7440224758845476e-05,0.0008860090205941939,0.00027531206482492277
3048,0,0.0005289359686375,0.0013381498288459676,4.712706692169245e-05,0.0009335428987417338,0.0002880315177795962
3052,0,0.0023980429182316,0.0022132343610661233,0.0005009043196016332,0.0023056386396488617,0.0014494736189166167
3054,0,0.0006040590389209,0.0013298866714463197,4.993205008551792e-05,0.0009669728551836099,0.00032699554450320897
3055,0,0.0023858629054697,0.002649205929679077,0.00033930847744891165,0.0025175344175743884,0.0013625856914593058
3056,0,0.0014855325326366,0.0016378534854288673,7.237045080845723e-05,0.0015616930090327336,0.0007789514917225286
3060,0,0.0025360967335605,0.001998033437545934,0.00013201919739013002,0.002267065085553217,0.001334057965475315
3061,0,0.0006124518712785,0.0020938279597109127,0.00021390659902271444,0.0013531399154947063,0.0004131792351506073
3062,0,0.0032622684027601,0.006252949761235274,0.0006701869629514924,0.004757609081997688,0.0019662276828557963
3064,0,0.0014654622636271,0.002525896245313008,0.00014937079479910944,0.0019956792544700537,0.0008074165292131047
3065,0,0.001089643911381,0.0007103258122278396,2.1256001619384373e-05,0.0008999848618044198,0.0005554499565001922
3066,0,0.0005800545815364,0.0008187118493361008,4.813317914366538e-05,0.0006993832154362504,0.0003140938803400327
3067,0,0.000762612421017,0.0020078654672787332,4.864252885209765e-05,0.0013852389441478667,0.0004056274749345488
3069,0,0.0005209584234396,0.0007809636774938813,2.1256001619384373e-05,0.0006509610504667406,0.0002711072125294922
3070,0,0.0009865690731907,0.0025286126645116644,8.206137034568852e-05,0.0017575908688511823,0.0005343152217681944
3071,0,0.0011961537323265,0.002854770370966944,0.00023281333444490591,0.002025462051646722,0.0007144835333857029
3072,0,0.0026268888706603,0.0023250535428121348,0.0002764871848644337,0.002475971206736217,0.0014516880277623669
3073,0,0.0044777740843619,0.005344993748800343,0.002087923241451043,0.004911383916581122,0.0032828486629064716
3074,0,0.0005196846591945,0.0012557852138824226,5.4141004450461615e-05,0.0008877349365384612,0.0002869128318224808
3076,0,0.0026488245788666,0.003962382981370185,0.00018209767828040522,0.0033056037801183925,0.0014154611285735028
3078,0,0.0005497554270605,0.0009917127986219698,4.538549666773161e-05,0.000770734112841235,0.0002975704618641158
3079,0,0.0037878387101283,0.003854940339604996,0.000954139972081677,0.003821389524866648,0.0023709893411049884
3080,0,0.0027658199146716,0.0030875791345535792,0.0005224590073298971,0.0029266995246125895,0.0016441394610007484
3081,0,0.0006671650186956,0.0012495265581123078,2.061698744530616e-05,0.0009583457884039539,0.0003438910030704531
3082,0,0.0007744528963567,0.0011818800138906592,6.908473323224908e-05,0.0009781664551236796,0.00042176881479447456
3085,0,0.0027489971616709,0.003298484072646316,0.0005224590073298971,0.003023740617158608,0.0016357280845003986
3086,0,0.0007223614092411,0.0019323952150409475,0.00039301928754234577,0.0013273783121410237,0.0005576903483917229
3087,0,0.0008338663107847,0.0014282774809982355,6.86962211209553e-05,0.0011310718958914678,0.0004512812659528277
3089,0,0.0019305339918048,0.0026825467997894296,6.219822691578123e-05,0.002306540395797115,0.0009963661093602906
3091,0,0.000519535754348,0.0017153459048147174,3.838335894266199e-05,0.0011174408295813586,0.00027895955664533097
3092,0,0.0054384488443888,0.0012497407985261658,5.462918756143987e-05,0.0033440948214574825,0.0027465390159751198
3093,0,0.0080464192817823,0.003809429730691203,0.0006836997708827716,0.0059279245062367515,0.004365059526332536
3094,0,0.001397958711163,0.005343342648964176,0.00030248678215860994,0.003370650680063588,0.0008502227466608049
3095,0,0.0021932430505797,0.00274414174511575,0.0006137224877923981,0.002468692397847725,0.001403482769186049
3096,0,0.0014722492807808,0.0014452285023023239,6.804974824021345e-05,0.001458738891541562,0.0007701495145105067
3098,0,0.0020857944248502,0.003827959097503198,0.0002375738231039666,0.0029568767611766987,0.0011616841239770832
3099,0,0.0023608953710365,0.004442870147746739,0.00028637197883923373,0.0034018827593916196,0.001323633674937867
3100,0,0.0005788084554919,0.002469256871233206,3.3047541242671345e-05,0.001524032663362553,0.0003059279983672857
3102,0,0.0020774643017648,0.002064401926982937,2.4261248287558645e-05,0.0020709331143738685,0.0010508627750261794
3103,0,0.0024950031836626,0.006568793463102657,0.0002902236141557665,0.004531898323382628,0.0013926133989091833
3104,0,0.0056663316864357,0.0037800915666345797,0.0011549510899400677,0.0047232116265351395,0.003410641388187884
3106,0,0.0334600068993921,0.03603154653174401,0.02889657666096108,0.034745776715568055,0.031178291780176594
3107,0,0.0349606333294402,0.05764675505652419,0.011867325852418897,0.04630369419298219,0.02341397959092955
3108,0,0.0310221948958594,0.026164308599362283,0.003109871506847645,0.02859325174761084,0.017066033201353522
3109,0,0.0552445097865681,0.03804074265756886,0.024572744982212347,0.04664262622206848,0.03990862738439022
3110,0,0.0262575960610843,0.03627289390225153,0.018104677595441748,0.03126524498166791,0.022181136828263025
3111,0,0.0004190508081539,0.0012205542664247128,2.6963771875631888e-05,0.0008198025372893064,0.00022300729001476595
3112,0,0.0014845812164904,0.0008666716093118239,4.185826183601029e-05,0.001175626412901112,0.0007632197391632051
3113,0,0.0036947361783986,0.0014216225102333102,0.0007535617176145637,0.002558179344315955,0.0022241489480065817
3115,0,0.0011473625453695,0.0008811324941309832,5.7466697500947884e-05,0.0010142475197502416,0.0006024146214352239
3117,0,0.0005138913773496,0.000807668610777015,1.9635476639234335e-05,0.0006607799940633075,0.00026676342699441714
3119,0,0.0003458897169453,0.0006766778529214961,1.879411934322107e-05,0.0005112837849333981,0.00018234191814426052
3120,0,0.0006112619620314,0.002159336381971808,0.00018278907670501697,0.001385299172001604,0.00039702551936820845
3121,0,0.0002579628397873,0.0006135588457553237,1.8275023942121967e-05,0.0004357608427713118,0.000138118931864711
3122,0,0.000627488193746,0.0010366686340395768,6.908473323224908e-05,0.0008320784138927884,0.00034828646348912453
3124,0,0.0005156173574823,0.0011869570161633367,2.5514080975827643e-05,0.0008512871868228183,0.0002705657192290638
3125,0,0.000481902710563,0.0007901647295230729,1.7440224758845476e-05,0.0006360337200430365,0.00024967146766092277
3126,0,0.0005946962649984,0.0013649040985220546,0.0002703943839686708,0.0009798001817602274,0.0004325453244835354
3127,0,0.0003088161345252,0.0007130504538668915,1.8275023942121967e-05,0.0005109332941960458,0.000163545579233661
3128,0,0.0010030033332075,0.0013549261741555231,0.00077165977446879,0.0011789647536815115,0.0008873315538381449
3129,0,0.0004596625861705,0.0012238020269622703,2.5514080975827643e-05,0.0008417323065663851,0.00024258833357316382
3131,0,0.0006303613965249,0.0010861744652716332,8.36092264236033e-05,0.0008582679308982666,0.00035698531147425165
3135,0,0.0021182100014879,0.0023222238907457814,0.00029092176806280983,0.002220216946116841,0.0012045658847753549
3136,0,0.0040673855163861,0.00320037075887326,0.001995087045614401,0.0036338781376296803,0.0030312362810002505
3137,0,0.0010306496097205,0.0024074465118690464,0.0005560320019908601,0.0017190480607947732,0.0007933408058556801
3138,0,0.0006718344001812,0.0012733723649942747,5.712590897956e-05,0.0009726033825877374,0.00036448015458038
3139,0,0.0030222740034564,0.002680407823087449,0.000660200453019448,0.002851340913271924,0.001841237228237924
3141,1,0.819865731616169,0.6174619595450769,0.992631381450407,0.7186638455806229,0.9062485565332881
3143,0,0.0006003965181079,0.0008665719314471428,9.454926999593652e-05,0.0007334842247775214,0.00034747289405191826
3145,0,0.000635813859337,0.001580529072758978,1.7440224758845476e-05,0.001108171466047989,0.0003266270420479228
3146,0,0.0012631462208309,0.0018770086665317355,0.00023642628438808454,0.0015700774436813178,0.0007497862526094923
3148,0,0.0009201830341734,0.0019603341003031987,2.061698744530616e-05,0.0014402585672382993,0.0004704000108093531
3149,0,0.0019074764976307,0.0013701836400839952,4.032439294947092e-05,0.0016388300688573477,0.0009739004452900855
3150,0,0.0006403007656744,0.0019111116211925432,3.8194365607383344e-05,0.0012757061934334716,0.00033924756564089164
3151,0,0.001484476163846,0.0014487718962687879,4.959858960822385e-05,0.0014666240300573938,0.0007670373767271119
3152,0,0.0009420551099532,0.002328054858154535,2.106646746746036e-05,0.0016350549840538674,0.0004815607887103302
3153,0,0.0018105504210858,0.001851909629604328,2.061698744530616e-05,0.001831230025345064,0.0009155837042655531
3155,0,0.0006543023349889,0.0017736771568299624,5.53685267121045e-05,0.0012139897459094312,0.0003548354308505022
3156,0,0.003805214303518,0.003273046168983623,0.0025178430682087694,0.0035391302362508116,0.0031615286858633846
3158,0,0.0005429528139178,0.0019480566594182588,4.6339711648094666e-05,0.0012455047366680295,0.00029464626278294734
3159,0,0.0025611369286557,0.002654108594337299,0.0002044540737278276,0.0026076227614964995,0.0013827955011917637
3160,0,0.0008157315286862,0.002538641886078069,0.00010396831456899359,0.0016771867073821344,0.00045984992162759674
3161,0,0.0030718036491107,0.004852480605224883,0.0005224590073298971,0.003962142127167792,0.0017971313282202986
3162,0,0.0122535024122883,0.015403869616014067,0.002322651655724781,0.013828686014151183,0.007288077034006541
3163,0,0.000735139415814,0.0013746857875179537,2.061698744530616e-05,0.0010549126016659769,0.0003778782016296531
3164,0,0.0008075729416073,0.0014274235519224677,3.310241264294491e-05,0.0011174982467648839,0.0004203376771251225
3165,0,0.0022478392397985,0.0034997326488461194,0.0001035777689989024,0.00287378594432231,0.0011757085043987011
3166,0,0.000830565561309,0.0017513851019159308,8.83612264033169e-05,0.0012909753316124655,0.0004594633938561585
3167,0,0.0007785789036082,0.0010887851894103937,4.473994085673593e-05,0.0009336820465092969,0.000411659422232468
3168,0,0.0020886072060567,0.002849130485134658,0.0004817056105707386,0.0024688688455956793,0.0012851564083137194
3169,0,0.0015563898094326,0.00093853411493403,5.422399699026283e-05,0.001247461962183315,0.0008053069032114314
3170,0,0.0006814275876982,0.0008673141477102458,4.473994085673593e-05,0.0007743708677042228,0.00036308376427746797
3171,0,0.0056488989164142,0.0022739928527559243,8.529956459570103e-05,0.003961445884585062,0.0028670992405049507
3173,0,0.0010683657722566,0.002341237726950092,3.8194365607383344e-05,0.0017048017496033461,0.0005532800689319917
3174,0,0.0010595131211569,0.0018336600421604314,8.83612264033169e-05,0.0014465865816586658,0.0005739371737801084
3175,0,0.0007958102486103,0.0011031596732292734,4.106306590070813e-05,0.0009494849609197867,0.00041843665725550404
3176,0,0.0012987448966942,0.002235070892981933,0.00011562012866676785,0.0017669078948380666,0.0007071825126804839
3177,0,0.0010648256468913,0.0026560506964952786,0.0001449082033636409,0.0018604381716932892,0.0006048669251274704
3178,0,0.0012477650023305,0.001908750565322062,3.8471662459750004e-05,0.001578257783826281,0.000643118332395125
3179,0,0.0026943944511974,0.003082433652751358,0.00021796856429800524,0.002888414051974379,0.0014561815077477026
3180,0,0.0010899158418157,0.0016456310822163412,6.86962211209553e-05,0.0013677734620160206,0.0005793060314683276
3181,0,0.001346125763725,0.0032067524370259083,8.196242016929877e-05,0.0022764391003754544,0.0007140440919471494
3182,0,0.0008232513190068,0.0029865134022679755,7.359158945065188e-05,0.0019048823606373877,0.000448421454228726
3183,0,0.0013100851206075,0.0028357999643396194,6.314152420662255e-05,0.0020729425424735595,0.0006866133224070613
3184,0,0.001165288933652,0.003954369500126878,0.0001211342077599977,0.002559829216889439,0.0006432115707059988
3185,0,0.005778203429393,0.004267812225944786,0.0011549510899400677,0.005023007827668893,0.003466577259666534
3187,0,0.0211150020161355,0.02014074547589783,0.004876000255229507,0.020627873746016663,0.012995501135682503
3188,0,0.038302160473516,0.031441749283851295,0.001051689350568295,0.03487195487868365,0.01967692491204215
3189,0,0.0456056970307728,0.019274893458621663,0.004885827452515082,0.03244029524469723,0.025245762241643942
3190,0,0.0210219566228561,0.03057123507945461,0.011420263881570115,0.025796595851155357,0.01622111025221311
3191,0,0.05686003338502,0.06596603769781087,0.08780779494310607,0.06141303554141543,0.07233391416406304
3192,0,0.0811805556823136,0.13774778687018913,0.01180751782230504,0.10946417127625135,0.046494036752309315
3193,0,0.1610879572350108,0.1967863283300947,0.17605932770074326,0.17893714278255274,0.16857364246787704
3194,0,0.0011892378560522,0.002365613604079302,0.00019576939202145996,0.001777425730065751,0.0006925036240368299
3195,0,0.000641873445105,0.0017080413446807269,6.122475079210689e-05,0.0011749573948928635,0.00035154909794855345
3196,0,0.0004835202544921,0.0013697799125278287,2.6963771875631888e-05,0.0009266500835099644,0.0002552420131838659
3197,0,0.000511648646744,0.0012548908278262583,3.434119270128571e-05,0.0008832697372851291,0.00027299491972264286
3198,0,0.0004599212225414,0.0010600557718944274,1.7395195645101484e-05,0.0007599884972179136,0.00023865820909325073
3200,0,0.000577177052158,0.0011704096359268087,4.2895517488631484e-05,0.0008737933440424044,0.0003100362848233158
3204,0,0.0007058109270789,0.001126380697512439,7.726921040677097e-05,0.0009160958122956695,0.0003915400687428355
3205,0,0.0007667645786122,0.0010880951604599583,6.513912618466566e-05,0.0009274298695360792,0.00041595185239843283
3206,0,0.0005900506619717,0.0012674120879370707,3.807050142547862e-05,0.0009287313749543854,0.00031406058169858927
3207,0,0.000475273874123,0.0005549054935310636,2.1256001619384373e-05,0.0005150896838270318,0.0002482649378711922
3208,0,0.000628285247756,0.0018449216602963233,7.726921040677097e-05,0.0012366034540261617,0.00035277722908138545
3213,0,0.0002716328548058,0.0007806705645522108,1.8275023942121967e-05,0.0005261517096790053,0.000144953939373961
3214,0,0.0014966820216983,0.001032570253431876,5.598885020961993e-05,0.001264626137565088,0.0007763354359539601
3215,0,0.0017770555326199,0.002956766135238021,0.0017180799525657014,0.0023669108339289605,0.0017475677425928008
3217,0,0.0012235203830873,0.0013872809411331073,0.0002764871848644337,0.0013054006621102036,0.0007500037839758668
3219,0,0.0018613805744745,0.0032114561999330962,0.0022002131267831217,0.002536418387203798,0.002030796850628811
3220,0,0.0007584224243439,0.001184295202726367,0.0001553514926162212,0.0009713588135351335,0.0004568869584800606
3221,0,0.0006211900786088,0.001634841758415412,7.726921040677097e-05,0.001128015918512106,0.00034922964450778547
3222,0,0.0019225085980621,0.001823485214284331,0.00010119496521310442,0.0018729969061732155,0.0010118517816376021
3223,0,0.0020570205412361,0.002822781388827983,0.0009745617457271023,0.0024399009650320413,0.001515791143481601
3224,0,0.0007068932335641,0.0012274967743278818,0.0001553514926162212,0.0009671950039459909,0.0004311223630901606
3225,0,0.0007262520782801,0.0008540202407782322,0.0001553514926162212,0.0007901361595291661,0.0004408017854481606
3226,0,0.0004422628540145,0.0016353353494202685,2.444453447307212e-05,0.0010387991017173843,0.00023335369424378605
3227,0,0.0006398651988049,0.0019161658540337335,0.00011539630346538455,0.0012780155264193167,0.0003776307511351423
3228,0,0.0007311336614813,0.0019178524845580643,7.103876166751032e-05,0.0013244930730196823,0.0004010862115744052
3230,0,0.0018008544157892,0.0029932067663809236,0.0006851162240236566,0.0023970305910850616,0.0012429853199064282
3231,0,0.0005692522018269,0.0011479711908169677,7.726921040677097e-05,0.0008586116963219339,0.0003232607061168355
3233,0,0.0022960922053313,0.0019039185995507195,0.0005854417545956361,0.0021000054024410096,0.001440766979963468
3234,0,0.0020230667551262,0.0025759375962097434,0.00025987176089819515,0.0022995021756679716,0.0011414692580121975
3235,0,0.0014760041524047,0.0023817382004474676,0.00030238011861928,0.0019288711764260838,0.00088919213551199
3236,0,0.0017881621080743,0.003184492630837681,0.0006119643996706889,0.0024863273694559905,0.0012000632538724946
3237,1,0.2701398407828421,0.3786556731512477,0.18081001359751916,0.32439775696704487,0.22547492719018064
3238,0,0.0028927963704741,0.0042276629722244425,0.0028490930247585785,0.003560229671349271,0.002870944697616339
3239,0,0.0030816181371845,0.0024450104592898293,0.0009457397880806688,0.0027633142982371644,0.0020136789626325844
3240,0,0.0118551125446933,0.0024729733097579904,0.001291616672699978,0.007164042927225645,0.006573364608696639
3241,0,0.0027204930683616,0.0018514558512746743,0.0003385956936930087,0.002285974459818137,0.0015295443810273042
3243,0,0.0016922551436237,0.002709495772068557,0.0015536488041661596,0.0022008754578461283,0.0016229519738949298
3244,0,0.0030723617835392,0.001138590542675748,0.006650144217570819,0.002105476163107474,0.0048612530005550094
3245,0,0.0064226642962021,0.006004748949107226,0.001207417262854597,0.006213706622654663,0.0038150407795283486
3246,0,0.001954083842517,0.0020549978308208898,0.0004363041208699865,0.002004540836668945,0.0011951939816934932
3247,0,0.0007874145248207,0.002882143739245046,7.989457991348304e-05,0.001834779132032873,0.0004336545523670915
3248,0,0.0009969633968944,0.002324685710357105,7.261786149967084e-05,0.0016608245536257524,0.0005347906291970355
3249,0,0.0009835296227829,0.003860084939702582,0.00010607330311835623,0.002421807281242741,0.0005448014629506282
3251,0,0.0054947466198306,0.003598907019597521,0.0013793701046499044,0.004546826819714061,0.0034370583622402523
3253,0,0.0022624794580354,0.003177720441615374,0.0005135868907796383,0.002720099949825387,0.0013880331744075191
3255,0,0.0121365333394206,0.015898063031246135,0.0041261069841194995,0.014017298185333368,0.00813132016177005
3256,0,0.0007469911514182,0.0033776409164493885,7.705066907475617e-05,0.0020623160339337944,0.0004120209102464781
3258,0,0.0010103096289369,0.0025247090318087665,0.0004134347536973901,0.0017675093303728333,0.0007118721913171451
3259,0,0.0009058720498668,0.0031407368506444137,6.017610750101869e-05,0.0020233044502556067,0.00048302407868390935
3260,0,0.0010447302264383,0.0015971885651176838,5.54563773257895e-05,0.001320959395777992,0.0005500933018820447
3261,0,0.0032506125319368,0.006335584761731293,0.0003403404486164188,0.004793098646834046,0.0017954764902766095
3262,0,0.0012535570631003,0.0032247728746478024,6.715772978377873e-05,0.0022391649688740514,0.0006603573964420393
3263,0,0.0007619381602967,0.002193747581659536,7.410681745352593e-05,0.001477842870978118,0.000418022488875113
3264,0,0.0057835945909186,0.017651590996576854,0.0009272542881422279,0.011717592793747726,0.003355424439530414
3265,0,0.001308902300129,0.0030501419115797858,0.00012944396666372194,0.0021795221058543927,0.0007191731333963609
3266,0,0.0066252252728224,0.0065368067806687935,0.0009272542881422279,0.006581016026745597,0.003776239780482314
3268,0,0.0011008444642052,0.004868523374100581,9.356970066515964e-05,0.00298468391915289,0.0005972070824351799
3269,0,0.0036736957648685,0.005170625136963932,9.518350410628907e-05,0.004422160450916216,0.0018844396344873946
3270,0,0.0040137828104235,0.013867489444757734,0.00010963080336973112,0.008940636127590617,0.0020617068068966155
3271,0,0.1477481017832653,0.16481479531413146,0.1412163317410442,0.15628144854869838,0.14448221676215475
3272,0,0.0478080103346077,0.030249424489036322,0.03870143703426755,0.03902871741182201,0.043254723684437626
3273,0,0.0301256472257369,0.050773974162495274,0.012062188939143794,0.04044981069411609,0.021093918082440346
3275,0,0.000948158003705,0.0009784694414898306,1.8402977811494623e-05,0.0009633137225974153,0.0004832804907582473
3276,0,0.0005778689125957,0.0011576651438927508,5.891910365827734e-05,0.0008677670282442254,0.00031839400812698867
3277,0,0.001105773637704,0.0019671796115759196,8.699465579158011e-05,0.0015364766246399597,0.0005963841467477901
3278,0,0.0004356479640842,0.0009058195377770248,1.8402977811494623e-05,0.0006707337509306124,0.00022702547094784732
3279,0,0.0005706238214049,0.002836664811950816,3.383042452472975e-05,0.001703644316677858,0.00030222712296481484
3280,0,0.0030506916657748,0.008206805785068825,0.000567192823318565,0.005628748725421812,0.0018089422445466826
3281,0,0.0005042485451102,0.001098283831527336,3.49207001448427e-05,0.000801266188318768,0.0002695846226275214
3282,0,0.0017577928351814,0.002123252632740777,7.147902915159134e-05,0.0019405227339610884,0.0009146359321664956
3284,0,0.0006720453078719,0.002949741927488062,3.869206461355546e-05,0.001810893617679981,0.00035536868624272774
3285,0,0.0104739032404534,0.008174513275517463,0.0023570160031591656,0.009324208257985432,0.006415459621806283
3286,0,0.001029982322082,0.0014686775489964122,3.2608024435875066e-05,0.001249329935539206,0.0005312951732589376
3287,0,0.0005726936919943,0.0008900361138232431,5.891910365827734e-05,0.0007313649029087716,0.00031580639782628864
3288,0,0.0007770753527482,0.0018051846278315379,7.726921040677097e-05,0.001291129990289869,0.00042717228157748547
3289,0,0.0004572823508907,0.0014204891610565386,1.9109080767439198e-05,0.0009388857559736193,0.0002381957158290696
3291,0,0.0015797531747866,0.002366142620379258,0.000751942516340381,0.001972947897582929,0.0011658478455634906
3294,0,0.0049920297622028,0.003874479826390578,0.002699545086829623,0.004433254794296689,0.003845787424516212
3295,0,0.0005227899630283,0.001532369668857811,4.268599231251138e-05,0.0010275798159430556,0.00028273797767040565
3297,0,0.0038815785115763,0.0022555029595149223,0.0006720361033780752,0.003068540735545611,0.0022768073074771874
3298,0,0.0004991568347534,0.0012492740762756762,1.8402977811494623e-05,0.0008742154555145381,0.0002587799062824473
3300,0,0.0013244279103005,0.0029273586813709914,0.00015342818988565453,0.002125893295835746,0.0007389280500930772
3301,0,0.000666115523723,0.0017288480770485336,4.268599231251138e-05,0.0011974818003857668,0.00035440075801775566
3303,0,0.0010703549603827,0.0022797933874236587,0.0002289597877462978,0.0016750741739031793,0.0006496573740644989
3304,0,0.0012420721435598,0.0031053451187546014,9.403645478240128e-05,0.0021737086311572006,0.0006680542991711006
3305,0,0.0007293658272187,0.0016608548077955635,1.8402977811494623e-05,0.0011951103175071318,0.0003738844025150973
3307,0,0.0022660580578546,0.004469354326649779,0.0014696648860243128,0.0033677061922521897,0.0018678614719394564
3308,0,0.0007638418441116,0.0020194808168711963,4.268599231251138e-05,0.0013916613304913981,0.00040326391821205566
3309,0,0.0009376236858017,0.001704734238470575,7.726921040677097e-05,0.0013211789621361374,0.0005074464481042355
3311,0,0.0029804271374979,0.004997013354374533,0.0007030880137885378,0.003988720245936217,0.001841757575643219
3312,0,0.000743515759042,0.0017709617313416178,1.9765998867125373e-05,0.0012572387451918088,0.00038164087895456266
3313,0,0.0016992563642467,0.002210285627111892,0.0012850122794937397,0.001954770995679296,0.0014921343218702197
3315,0,0.000659424060031,0.0022368288323732287,8.687763533084696e-05,0.0014481264462021144,0.00037315084768092344
3316,0,0.0011131358007495,0.00206431832850006,8.099566988344259e-05,0.00158872706462478,0.0005970657353164713
3317,0,0.0086095106124506,0.005275001650106337,0.003868215849960209,0.006942256131278468,0.0062388632312054045
3318,0,0.0009034432075532,0.0020903716233134553,0.0010395569812579233,0.0014969074154333275,0.0009715000944055616
3320,0,0.0006787344746529,0.0020218457527222044,5.149995740481918e-05,0.001350290113687552,0.00036511721602885955
3321,0,0.0027936710326797,0.004831003180720476,0.0003855343708097027,0.003812337106700088,0.0015896027017447013
3323,0,0.0048226386909758,0.004309342009621594,0.0036110616623441383,0.004565990350298697,0.004216850176659969
3324,0,0.000842049346976,0.002263915793440215,7.298605031996252e-05,0.0015529825702081076,0.00045751769864798127
3325,0,0.0006870607210415,0.0013555439665731979,1.9765998867125373e-05,0.0010213023438073489,0.0003534133599543127
3326,0,0.0004374959514529,0.0019718126416385763,8.687763533084696e-05,0.0012046542965457382,0.0002621867933918735
3327,0,0.0008232055374399,0.0020726173805473806,0.00015074932070157146,0.0014479114589936403,0.00048697742907073574
3329,0,0.0022856359544165,0.003472668199358561,0.0008651674543804676,0.0028791520768875305,0.001575401704398484
3331,0,0.0043374150087357,0.0038275092476393498,0.0009931122995284034,0.004082462128187525,0.0026652636541320517
3332,0,0.0010124800428047,0.0014756370319928768,0.0001494787879966243,0.0012440585373987884,0.0005809794154006621
3333,0,0.0008569710403391,0.0017624247071842802,1.9765998867125373e-05,0.00130969787376169,0.00043836851960311267
3334,0,0.0069315628464067,0.005035917443479135,0.0006189269209333924,0.005983740144942918,0.0037752448836700465
3335,0,0.0004934590723361,0.001740183363150478,4.14460422259218e-05,0.001116821217743289,0.0002674525572810109
3336,0,0.000655604073857,0.0030184838501883912,9.264007877880436e-05,0.0018370439620226957,0.0003741220763179022
3337,0,0.0009293844518064,0.0015332877718447844,9.49151003014772e-05,0.0012313361118255922,0.0005121497760539386
3339,0,0.0012817844546806,0.00293619200354884,0.00015121061049067888,0.00210898822911472,0.0007164975325856394
3340,0,0.0018886080036829,0.002227590870911393,8.803918559052159e-05,0.0020580994372971467,0.000988323594636711
3341,0,0.0012243485495291,0.0025679210232027712,7.57224222340943e-05,0.0018961347863659357,0.0006500354858815972
3342,0,0.0035893378658366,0.0045707494461882546,0.0006189269209333924,0.004080043656012427,0.0021041323933849963
3343,0,0.0025115609130439,0.004562999184173748,0.00043787907897822973,0.003537280048608824,0.0014747199960110648
3344,0,0.0008381556973143,0.0011234138854225662,9.539951930627623e-05,0.0009807847913684332,0.00046677760831028813
3345,0,0.0018969894946035,0.0036054941650229045,0.004640227324914995,0.0027512418298132023,0.0032686084097592475
3346,0,0.0009421088569837,0.0022823412951855256,0.0001347967896735316,0.0016122250760846127,0.0005384528233286158
3347,0,0.0018353930295406,0.0030555872016223987,0.0011233177040177321,0.0024454901155814995,0.001479355366779166
3349,0,0.0011596572873994,0.002109495729854478,7.165143980205046e-05,0.001634576508626939,0.0006156543636007253
3350,0,0.0024575497903039,0.008135540759248962,0.0012200731713458864,0.005296545274776431,0.001838811480824893
3351,1,0.9481183287792218,0.9819429205786678,0.986265957812577,0.9650306246789448,0.9671921432958994
3353,0,0.0010175215355587,0.0021250939194218327,0.0001347967896735316,0.0015713077274902665,0.0005761591626161158
3354,0,0.0013798636908027,0.002311747792399887,0.00017731524956889297,0.0018458057416012935,0.0007785894701857965
3355,0,0.0015700209930011,0.0028352262895421374,8.803918559052159e-05,0.0022026236412716186,0.0008290300892958108
3356,0,0.0069667736078743,0.006852545609762942,0.003166007294447197,0.006909659608818621,0.005066390451160748
3357,1,0.9272797330241532,0.9786626044011884,0.9948335899510681,0.9529711687126707,0.9610566614876106
3358,0,0.0049083406923155,0.004886057418598608,0.00018151862301349226,0.0048971990554570535,0.0025449296576644962
3360,0,0.0148356810066993,0.015475078027889588,0.006365356590971742,0.015155379517294443,0.010600518798835522
3361,0,0.1370938292289183,0.09499541287233897,0.16124298030400866,0.11604462105062863,0.14916840476646348
3362,0,0.0475351272122803,0.07550033422680148,0.024238106903399607,0.06151773071954089,0.03588661705783995
3363,0,0.0441568906387692,0.07209280414257495,0.023238800441846414,0.05812484739067207,0.03369784554030781
3364,0,0.0367325092588158,0.05271257306841065,0.008244413348040509,0.044722541163613225,0.022488461303428152
3365,0,0.0004450340829515,0.0007597147085219324,1.8402977811494623e-05,0.0006023743957367162,0.00023171853038149733
3366,0,0.0007350073894312,0.0007811649623812625,7.100223840853877e-05,0.0007580861759062313,0.00040300481391986943
3367,0,0.0006718848626663,0.001149134289322785,1.9635476639234335e-05,0.0009105095759945425,0.00034576016965276717
3368,0,0.0007024942622763,0.0015404910769206326,0.0006417560667575369,0.0011214926695984663,0.0006721251645169185
3369,0,0.0106420610978354,0.005308288717650142,0.004341525150477425,0.007975174907742771,0.007491793124156413
3370,1,0.957643917125204,0.9392534514744312,0.9914864242149386,0.9484486842998177,0.9745651706700713
3371,0,0.0006979239248885,0.0010427746558566106,1.9635476639234335e-05,0.0008703492903725553,0.00035877970076386717
3372,0,0.0009855186656853,0.0017897504229100489,8.591757297923594e-05,0.0013876345442976744,0.0005357181193322679
3373,0,0.0015394324633676,0.001942069373393711,0.0002481509450229556,0.0017407509183806555,0.0008937917041952778
3374,0,0.0006133030301005,0.0011165692194851546,5.2442910043311545e-05,0.0008649361247928273,0.0003328729700719058
3377,0,0.0041904658513202,0.0038802397848275274,0.0011193769735321278,0.004035352818073864,0.0026549214124261637
3378,0,0.0009034962863788,0.0019393279125248396,0.00013928222412384298,0.0014214120994518198,0.0005213892552513215
3379,0,0.0006973051807916,0.0015759137007200438,6.876087829541968e-05,0.0011366094407558218,0.0003830330295435098
3380,0,0.0007906992968666,0.0011040741509388738,0.00010135606432387302,0.000947386723902737,0.00044602768059523646
3381,0,0.0005600392193388,0.0011277162140249917,1.7440224758845476e-05,0.0008438777166818958,0.00028873972204882274
3382,0,0.0027679220981363,0.0014497552465992777,0.00015069330477459998,0.0021088386723677886,0.00145930770145545
3383,0,0.0006230149833645,0.0010913192760028092,1.7440224758845476e-05,0.0008571671296836547,0.0003202276040616728
3384,0,0.0006092441024057,0.0016336608134851162,4.656677150228853e-05,0.0011214524579454082,0.0003279054369539943
3385,0,0.0005665242797723,0.0013061839530288395,4.9557974972044586e-05,0.0009363541164005698,0.0003080411273721723
3386,0,0.0006935901846712,0.0016434320775233833,6.876087829541968e-05,0.0011685111310972916,0.0003811755314833098
3387,0,0.0008580731019661,0.001958021108621874,6.876087829541968e-05,0.001408047105293987,0.0004634169901307598
3388,0,0.0400714998275419,0.02728363374520502,0.001627059967627088,0.03367756678637346,0.020849279897584495
3389,0,0.0048352789306117,0.0028045807358424214,0.004117250068138936,0.003819929833227061,0.004476264499375318
3391,0,0.0005637785998085,0.0013583106594363863,1.7440224758845476e-05,0.0009610446296224431,0.00029060941228367275
3393,0,0.0014491734062927,0.0032774902258987985,0.00015342818988565453,0.0023633318160957493,0.0008013007980891772
3394,0,0.0008260832556791,0.0017454631103448787,1.9765998867125373e-05,0.0012857731830119893,0.00042292462727311266
3395,0,0.0014021965361973,0.002820351664233964,0.00017388574243325597,0.002111274100215632,0.000788041139315278
3396,0,0.0004098147376958,0.002070704512191992,1.8402977811494623e-05,0.001240259624943896,0.00021410885775364732
3397,0,0.000664705736723,0.0019167299872489573,1.7440224758845476e-05,0.0012907178619859787,0.00034107298074092276
3398,0,0.0006097832857025,0.0016879349271176688,4.818903977051193e-05,0.0011488591064100844,0.00032898616273650594
3399,0,0.0006818490729684,0.0014826505821453608,1.7440224758845476e-05,0.0010822498275568804,0.00034964464886362275
3400,0,0.0006024650354178,0.0012556517140888718,1.7440224758845476e-05,0.000929058374753336,0.0003099526300883228
3401,0,0.0009618597505368,0.0021120723616949817,8.945300934590502e-05,0.0015369660561158909,0.0005256563799413526
3403,0,0.004546502638815,0.004227897177814016,0.004003591553739418,0.004387199908314508,0.004275047096277209
3404,0,0.0046451492434481,0.005071090866374755,0.0018862352519650595,0.0048581200549114275,0.00326569224770658
3405,0,0.0006614570191467,0.0014912454586006975,1.9765998867125373e-05,0.0010763512388736987,0.0003406115090069127
3407,0,0.0006729372310986,0.002242405874990045,6.479159546042375e-05,0.0014576715530443226,0.00036886441327951185
3408,0,0.001525336021072,0.004034581683511308,0.00018137086846726144,0.002779958852291654,0.0008533534447696307
3409,0,0.0031969462301149,0.00394943462369501,0.00015732050656283263,0.003573190426904955,0.0016771333683388665
3410,0,0.0007528936604945,0.0017631801055524477,1.7440224758845476e-05,0.001258036883023474,0.0003851669426266728
3411,0,0.0005263611760621,0.0021246167858586617,6.479159546042375e-05,0.001325488980960381,0.0002955763857612619
3414,0,0.0008376331789005,0.0013893304477165783,8.750785133120399e-05,0.0011134818133085392,0.00046257051511585203
3415,0,0.000564559410113,0.001267727789162035,6.157368908361829e-05,0.0009161435996375175,0.00031306654959830917
3417,0,0.0008823212295835,0.0015860402420997562,0.00016580166368778814,0.0012341807358416282,0.0005240614466356441
3418,0,0.0004222824046274,0.0021292569359015173,6.479159546042375e-05,0.0012757696702644587,0.00024353700004391186
3419,0,0.0009031297727159,0.0015737980392358368,8.166109618388188e-05,0.0012384639059758683,0.000492395434449891
3420,0,0.0008972504902909,0.0019016779026005516,6.0009967773471964e-05,0.0013994641964457258,0.00047863022903218603
3421,0,0.0012666212048535,0.004406812942375521,0.00020452922218099754,0.00283671707361451,0.0007355752135172487
3422,0,0.0038554729477376,0.002884796720123959,0.0010423143298275614,0.00337013483393078,0.002448893638782581
3423,0,0.0009122141811958,0.0034992795879899173,0.00014981691854229823,0.0022057468845928588,0.0005310155498690491
3424,0,0.0006557640257022,0.0020092453192506457,7.410681745352593e-05,0.0013325046724764228,0.00036493542157786294
3425,0,0.0007759955542398,0.0014497053088945013,9.134291568647584e-05,0.0011128504315671506,0.00043366923496313795
3427,0,0.0029359248778435,0.004755080153547844,0.0015536488041661596,0.0038455025156956717,0.00224478684100483
3428,0,0.0008695457440111,0.001971854802225899,0.0001481155022089091,0.0014207002731184994,0.0005088306231100046
3429,0,0.0029058876218356,0.004476239392371032,0.0027112716585613135,0.0036910635071033164,0.002808579640198457
3432,0,0.001994001372998,0.004176549839649959,0.0006767771164964803,0.0030852756063239795,0.0013353892447472402
3433,0,0.0024226023643863,0.004228920595525629,0.00018828108109516712,0.0033257614799559647,0.0013054417227407336
3434,0,0.0036115847695268,0.004379209439505018,0.0003039231348127292,0.003995397104515909,0.0019577539521697645
3435,0,0.0018404094692581,0.0035237855636980576,0.0005749742546241249,0.0026820975164780787,0.0012076918619411123
3436,0,0.0038391971485789,0.00314447108095351,0.00013952029676650402,0.0034918341147662053,0.001989358722672702
3437,0,0.0012367301467423,0.0033803155997210554,9.852819349372506e-05,0.002308522873231678,0.0006676291701180125
3438,0,0.0080035338892888,0.008001025291921204,0.0002656778880245194,0.008002279590605003,0.00413460588865666
3439,0,0.0012503974626388,0.0037776024979495463,7.220269813252387e-05,0.0025139999802941734,0.000661300080385662
3440,0,0.0012211599512161,0.005232868672741982,7.220269813252387e-05,0.003227014311979041,0.0006466813246743119
3441,0,0.0013138141619375,0.0027364645256675708,0.00013659873709541908,0.0020251393438025355,0.0007252064495164596
3443,0,0.016964566993576,0.010777991961688075,0.0016906862229528897,0.013871279477632038,0.009327626608264444
3444,0,0.0417625875093757,0.03190327278965747,0.020397454598895488,0.03683293014951658,0.03108002105413559
3445,0,0.0994224477131065,0.10596006171339245,0.26648521485546856,0.10269125471324947,0.18295383128428752
3448,0,0.0323199971957911,0.05607106723368841,0.012434532134728138,0.044195532214739756,0.02237726466525962
3450,0,0.0454611000121187,0.05877242284177917,0.0522897236339187,0.05211676142694893,0.0488754118230187
3452,0,0.0007799729488216,0.0016906514865589115,8.675991743257331e-05,0.0012353122176902557,0.0004333664331270867
3453,0,0.000631372847389,0.000992626985592004,7.710251133288116e-05,0.000811999916490502,0.0003542376793609405
3454,0,0.002155292304272,0.004393939172715815,0.002130213497154491,0.0032746157384939073,0.0021427529007132457
3456,0,0.0005892766528182,0.002267833374443455,5.937104743185329e-05,0.0014285550136308276,0.00032432385012502664
3457,0,0.0006899199153303,0.0012054063789727204,8.699465579158011e-05,0.0009476631471515102,0.00038845728556094006
3458,1,0.9302806166379208,0.8564611191840359,0.990235881859865,0.8933708679109784,0.9602582492488929
3459,0,0.0070723543011675,0.004580831721080032,0.0022777819399342363,0.0058265930111237665,0.004675068120550868
3460,0,0.0064969708345891,0.004895551447905071,0.002573330245762686,0.005696261141247085,0.004535150540175893
3462,0,0.0129916187122156,0.005013736877130635,0.002573330245762686,0.009002677794673118,0.007782474478989143
3465,0,0.0068560578970045,0.006550496576032282,0.003778699089653182,0.0067032772365183905,0.005317378493328841
3466,0,0.0031100723003327,0.004531976074842218,0.001314565795957444,0.003821024187587459,0.002212319048145072
3467,0,0.0044648936785167,0.002686270810281263,3.49207001448427e-05,0.003575582244398981,0.0022499071893307713
3468,0,0.0008071449043535,0.001067720126150819,2.1863037754175238e-05,0.0009374325152521595,0.0004145039710538376
3469,0,0.0014795526573073,0.0026232155742501348,0.0002764871848644337,0.002051384115778717,0.0008780199210858669
3470,0,0.0055309014600789,0.003286791544430522,0.003483526755023168,0.004408846502254711,0.004507214107551034
3471,0,0.0008863683639195,0.0027221738357982484,0.00039376825295561263,0.0018042710998588743,0.0006400683084375564
3472,0,0.0023388536220906,0.001568032955677341,0.0003030107613306339,0.0019534432888839706,0.001320932191710617
3473,0,0.0005929002693671,0.0018257504329446885,6.940485838779508e-05,0.001209325351155894,0.00033115256387744753
3474,0,0.0003743708531817,0.0009694175777234564,2.1863037754175238e-05,0.0006718942154525782,0.0001981169454679376
3475,0,0.0009228761909617,0.001982654431809181,0.0001460463843810978,0.0014527653113854404,0.0005344612876713989
3476,0,0.0007154710645386,0.0011351679846145432,7.726921040677097e-05,0.0009253195245765716,0.00039637013747268547
3477,0,0.0007381825263643,0.0012806823494019156,7.726921040677097e-05,0.0010094324378831078,0.00040772586838553547
3479,0,0.000744480277321,0.0013088898334235601,7.726921040677097e-05,0.00102668505537228,0.00041087474386388546
3480,0,0.0008309682287365,0.0016979734731948836,7.726921040677097e-05,0.0012644708509656918,0.00045411871957163545
3482,0,0.0007055185974026,0.0019292251145604166,0.00010289551887773926,0.0013173718559815082,0.0004042070581401696
3484,0,0.0009669954387921,0.0026245159378430615,0.0001460463843810978,0.0017957556883175807,0.0005565209115865989
3486,0,0.0078405019541569,0.0034876054858238195,0.0029345176172165914,0.00566405371999036,0.005387509785686746
3487,0,0.0009708110800679,0.0022438330610419647,9.538169535729145e-05,0.0016073220705549323,0.0005330963877125958
3489,0,0.015223448687057,0.004052374528744668,0.005119399593458236,0.009637911607900835,0.010171424140257618
3490,0,0.0011057235470188,0.0016093133106053576,0.00017897330565195153,0.0013575184288120788,0.0006423484263353757
3491,0,0.0006238870838039,0.001830361609848923,5.007624199920005e-05,0.0012271243468264116,0.00033698166290155
3493,0,0.0482157130140809,0.022969084088439347,0.0012420200579193485,0.035592398551260125,0.024728866536000125
3494,0,0.0010479067055878,0.002290946823530188,5.48002652496458e-05,0.001669426764558994,0.0005513534854187229
3496,0,0.0086824863639655,0.007825508673439707,0.00060230517871848,0.008253997518702604,0.00464239577134199
3498,0,0.0006480389413218,0.0022394378938599847,8.410783759476195e-05,0.0014437384175908924,0.00036607338945828096
3499,0,0.0143244208070728,0.006150242740965708,0.00354389224878805,0.010237331774019254,0.008934156527930425
3500,0,0.0108728688933377,0.0031155862875814223,0.0005757061875837526,0.006994227590459561,0.005724287540460726
3501,0,0.0030035210184342,0.001356030025083985,7.29008962029456e-05,0.0021797755217590926,0.0015382109573185726
3502,0,0.0381318237036911,0.022832144579903714,0.007104639787221093,0.030481984141797407,0.022618231745456095
3503,0,0.0116635514032343,0.0074140215112289765,0.0013244470897159396,0.009538786457231638,0.006493999246475119
3504,0,0.0011673824703705,0.002153318489688212,2.3366394841714008e-05,0.0016603504800293558,0.0005953744326061069
3505,0,0.0006305964053058,0.0020347356459499205,4.591914709785575e-05,0.0013326660256278602,0.00033825777620182787
3506,0,0.0015715552957583,0.0035032778501544294,0.000522312360074041,0.002537416572956365,0.0010469338279161706
3507,0,0.0010746701591459,0.00239271779794011,0.00011477688844913644,0.001733693978543005,0.0005947235237975183
3508,0,0.000614407162644,0.0021290087483286156,4.591914709785575e-05,0.001371707955486308,0.0003301631548709279
3509,0,0.0005667340301124,0.002063525791535782,8.803918559052159e-05,0.001315129910824091,0.00032738660785146083
3510,0,0.0012896278689223,0.004260819055773897,0.0012550021041190518,0.0027752234623480984,0.001272314986520676
3511,0,0.0013477255804369,0.0023947143763241386,0.00011165590986332795,0.0018712199783805193,0.000729690745150114
3512,0,0.0053058359420875,0.0055966258794872955,0.0022791289564856416,0.005451230910787398,0.003792482449286571
3513,0,0.0016189339610944,0.0037611559527347127,0.0002117630006687706,0.002690044956914556,0.0009153484808815853
3514,0,0.0011175998286317,0.0038881887405307486,0.0001688210760340096,0.0025028942845812243,0.0006432104523328548
3515,0,0.0032783519996337,0.004463527499733038,9.858525823029573e-05,0.003870939749683369,0.0016884686289319979
3516,0,0.0006808490232828,0.002230524281685767,3.6606295937163665e-05,0.0014556866524842835,0.00035872765960998185
3517,0,0.0036067720595243,0.004695597061623273,0.0006207357416120816,0.004151184560573786,0.0021137539005681907
3519,0,0.0169829092057554,0.00764175721943698,0.0025287185897279896,0.012312333212596189,0.009755813897741696
3521,0,0.0010601734204795,0.002079885611807555,0.00010589421475476906,0.0015700295161435276,0.0005830338176171345
3522,0,0.0009462971819768,0.002778170056091391,0.00011165590986332795,0.0018622336190340955,0.0005289765459200639
3523,0,0.0012663379882134,0.0028899100911790455,0.00011165590986332795,0.0020781240396962226,0.0006889969490383639
3524,0,0.0027333678662113,0.001898915414533402,8.464808716293084e-05,0.002316141640372351,0.0014090079766871156
3525,0,0.0345349315353474,0.011495803283325827,0.018346466270061753,0.023015367409336615,0.026440698902704576
3526,0,0.0084956878547342,0.0076898526806619336,0.001323718557803338,0.008092770267698068,0.004909703206268769
3527,0,0.0447178739927544,0.03224237615834253,0.017206421325178484,0.03848012507554846,0.03096214765896644
3530,1,0.0161654634056241,0.03362593889275414,0.01415225304700555,0.024895701149189122,0.015158858226314825
3531,0,0.0028379874609778,0.0028494663012986767,0.0011083380362679638,0.0028437268811382383,0.001973162748622882
3532,0,0.0021342517818375,0.0014345517099698377,0.00013394498115143312,0.0017844017459036688,0.0011340983814944665
3533,0,0.0007223974575441,0.0008972240279714953,2.1863037754175238e-05,0.0008098107427577977,0.0003721302476491376
3534,0,0.0006620200458966,0.0018524507472639853,7.047438016101691e-05,0.0012572353965802927,0.00036624721302880845
3536,0,0.0006162317851025,0.0024686049941933484,5.8413225386974226e-05,0.0015424183896479242,0.00033732250524473714
3537,0,0.0004373996259,0.0009168135356172854,2.1863037754175238e-05,0.0006771065807586427,0.00022963133182708761
3538,0,0.0018395412709216,0.0014435514814926506,0.00013249149411138306,0.0016415463762071252,0.0009860163825164915
3539,0,0.0005983824427879,0.0017636285341938822,3.624236515986065e-05,0.0011810054884908911,0.0003173124039738803
3541,0,0.0013971194994921,0.00106506312726949,0.00017897330565195153,0.001231091313380795,0.0007880464025720258
3542,0,0.0007994293930692,0.0018345072884287793,0.00013101356469291518,0.0013169683407489897,0.00046522147888105757
3543,0,0.0023538135557909,0.0033539110424983926,0.0017208556089011286,0.002853862299144646,0.0020373345823460143
3545,0,0.0010109831250743,0.0018518080694440143,0.00011897141457651238,0.001431395597259157,0.0005649772698254061
3546,0,0.000784449077747,0.0009391039759954092,0.0001238493986532484,0.0008617765268712046,0.0004541492382001242
3547,0,0.010512258687239,0.006200265174803919,0.005806463292734195,0.00835626193102146,0.008159360989986597
3548,0,0.0048942431369681,0.002319035166188829,0.00019183654509437204,0.003606639151578464,0.002543039841031236
3549,0,0.0006142361850133,0.00196553266701175,0.00010289551887773926,0.001289884426012525,0.00035856585194551964
3552,0,0.0009588963013748,0.0014696742873907124,0.0002764871848644337,0.0012142852943827563,0.0006176917431196169
3553,0,0.0127053300140099,0.005258193673165446,0.013566470649912942,0.008981761843587673,0.01313590033196142
3555,0,0.0007118045828858,0.0013207600369776146,2.1863037754175238e-05,0.0010162823099317073,0.0003668338103199876
3556,0,0.0008855728840841,0.0014600322979252595,0.0001238493986532484,0.0011728025910046798,0.0005047111413686742
3557,0,0.0004437503337771,0.0011327400257669228,1.652288253106968e-05,0.0007882451797720114,0.00023013660815408485
3558,0,0.0126668162578037,0.004133447037372466,0.00022640544355431497,0.008400131647588082,0.0064466108506790075
3559,0,0.0005491952698594,0.002549609773571049,0.0001699424827099149,0.0015494025217152245,0.0003595688762846574
3560,0,0.0011664294909968,0.002115171607905891,8.4631800093509e-05,0.0016408005494513455,0.0006255306455451545
3561,0,0.0005215309409143,0.0019653733142300372,2.1863037754175238e-05,0.0012434521275721687,0.0002716969893342376
3562,0,0.0005199067103467,0.0020523655717599983,1.8402977811494623e-05,0.0012861361410533491,0.00026915484407909727
3563,0,0.000614155187614,0.001862717679942547,1.8402977811494623e-05,0.0012384364337782736,0.0003162790827127473
3565,0,0.0008257104151261,0.001838757485280349,7.726921040677097e-05,0.0013322339502032244,0.00045148981276643544
3566,0,0.0053128944427758,0.004763304970210517,0.004318783237774465,0.005038099706493158,0.004815838840275132
3567,0,0.0350119613690395,0.020926646327116844,0.009382553233465912,0.02796930384807817,0.02219725730125271
3568,0,0.0003805198547021,0.001875095294277733,1.8402977811494623e-05,0.0011278075744899166,0.00019946141625679732
3570,0,0.0004053306724271,0.001240746871526304,1.8402977811494623e-05,0.0008230387719767021,0.0002118668251192973
3571,0,0.002293164085633,0.0031936958282191654,0.000353989746083234,0.002743429956926083,0.0013235769158581171
3573,0,0.000911380433087,0.001982034275123808,0.0002458818760711291,0.001446707354105404,0.0005786311545790645
3574,0,0.0010520807996203,0.0033173329303112413,0.00026538329574378217,0.0021847068649657707,0.0006587320476820411
3575,0,0.0037025031744412,0.0037476258125764455,0.0015415037012398982,0.0037250644935088225,0.002622003437840549
3576,0,0.0007269387659188,0.0022598318382377885,6.534283728400962e-05,0.0014933853020782943,0.0003961408016014048
3577,0,0.0006801030873355,0.001861334971185463,7.302308741276422e-05,0.0012707190292604816,0.00037656308737413213
3578,0,0.0004607796704922,0.0014677776067308396,3.4886870157892977e-05,0.0009642786386115198,0.00024783327032504646
3579,0,0.0010611524186959,0.0024868502918565212,5.8937430544623894e-05,0.0017740013552762107,0.000560044924620262
3580,1,0.946280352857479,0.9566616250911476,0.990235881859865,0.9514709889743134,0.968258117358672
3581,0,0.0007763878335397,0.0013810571665016952,7.726921040677097e-05,0.0010787225000206976,0.00042682852197323544
3583,0,0.0012467023915574,0.0027023756422896263,0.00031457649571364505,0.001974539016923513,0.0007806394436355225
3586,0,0.0045011343826009,0.0030476212675775577,0.001360718621781566,0.003774377825089229,0.002930926502191233
3588,0,0.0009835376142793,0.002097409832586282,9.134291568647584e-05,0.0015404737234327912,0.0005374402649828879
3589,0,0.0018473053775712,0.0022137815547752025,3.865209729619134e-05,0.0020305434661732013,0.0009429787374336957
3590,0,0.2976553975282603,0.9652117122118974,0.00020452922218099754,0.6314335548700789,0.14892996337522066
3591,0,0.0057907785754538,0.0046737815973751165,0.0012722177342565878,0.005232280086414458,0.003531498154855194
3593,0,0.0112572517725612,0.0057196170922642195,0.0011365190889605574,0.00848843443241271,0.006196885430760878
3594,0,0.0159983958580121,0.006963716876753886,0.002235205097172007,0.011481056367382994,0.009116800477592054
3595,0,0.001488856791397,0.004442340724931524,0.00016055631548630148,0.002965598758164262,0.0008247065534416507
3596,0,0.0008380404655226,0.0014804605684662219,0.00013659873709541908,0.001159250516994411,0.0004873196013090096
3598,0,0.0009292710377862,0.0017553904944686185,0.00012445771447976145,0.0013423307661274092,0.0005268643761329807
3599,0,0.0068656855266946,0.00784963282848806,0.0006705492377618036,0.0073576591775913296,0.003768117382228202
3600,0,0.0037894324419304,0.005443695619351261,0.0018893642686497079,0.00461656403064083,0.002839398355290054
3602,0,0.0203048914228673,0.006781879620479245,0.0015398969783703322,0.013543385521673272,0.010922394200618815
3603,0,0.0065701547594205,0.003570285495666857,9.394536084274996e-05,0.005070220127543679,0.003332050060131625
3604,0,0.0009749110559723,0.002903605580233471,0.00014438894262349888,0.0019392583181028855,0.0005596499992978995
3605,0,0.0009982534444218,0.002011611475939842,0.00023302367085297496,0.001504932460180821,0.0006156385576373875
3608,0,0.0011538905777376,0.0024645429714335175,9.49151003014772e-05,0.0018092167745855587,0.0006244028390195387
3610,0,0.0046293226671412,0.005090973881712067,0.0013713821544535452,0.004860148274426633,0.0030003524107973726
3611,0,0.0290677938280585,0.043041812682526825,0.021446215431623256,0.036054803255292665,0.02525700462984088
3612,1,0.0212947814636604,0.016548855481580884,0.006071177845371685,0.018921818472620644,0.013682979654516043
3614,0,0.0005938642217433,0.0015295051566334308,6.898657822777848e-05,0.0010616846891883655,0.00033142539998553926
3616,0,0.0005715481166439,0.0018411531299373886,3.366382398979703e-05,0.0012063506232906443,0.0003026059703168485
3617,0,0.0033194737908813,0.0027962674217079818,0.00014034961178906343,0.003057870606294641,0.0017299117013351818
3618,0,0.0006205158727141,0.0010976945497708952,1.5953394212044086e-05,0.0008591052112424977,0.000318234633463072
3619,0,0.0046442062621175,0.0016667329544419918,2.4564256351060507e-05,0.003155469608279746,0.0023343852592342803
3620,0,0.0020841574006249,0.002039173803420016,0.0005198784812979531,0.0020616656020224578,0.0013020179409614265
3621,0,0.0006112299194866,0.0022289428320651436,3.7526913455861786e-05,0.0014200863757758719,0.0003243784164712309
3623,0,0.0005378668327687,0.0011387466433736238,3.4206387516550205e-05,0.000838306738071162,0.0002860366101426251
3624,0,0.0006940466484145,0.0010283055835140073,3.4206387516550205e-05,0.0008611761159642536,0.00036412651796552506
3626,0,0.0039782093026204,0.0014675070570499243,7.29008962029456e-05,0.0027228581798351623,0.002025555099411673
3627,0,0.0056814139702307,0.0033817308095503533,0.001255537169945387,0.004531572389890527,0.0034684755700880436
3628,0,0.0007129514541729,0.0013760965002228094,0.00011316629207944937,0.0010445239771978546,0.00041305887312617466
3629,0,0.000614474593927,0.0008730829640475413,7.29008962029456e-05,0.0007437787789872706,0.0003436877450649728
3634,0,0.0006202857818112,0.0019069332194404012,3.624236515986065e-05,0.0012636095006258005,0.00032826407348553036
3635,0,0.0006348137173773,0.001847543322538635,3.7526913455861786e-05,0.0012411785199579674,0.0003361703154165809
3636,0,0.0006805259754485,0.0017695026490139344,3.624236515986065e-05,0.0012250143122312172,0.0003583841703041804
3637,0,0.0006293261075263,0.001164844113970074,1.7923977721775206e-05,0.000897085110748187,0.00032362504262403757
3639,0,0.0031983649540982,0.0029341828615616176,2.1817977517980458e-05,0.003066273907829909,0.0016100914658080904
3641,0,0.0011026952263668,0.0020452407948230228,3.7526913455861786e-05,0.0015739680105949115,0.0005701110699113308
3642,0,0.0006036563713501,0.0012453231378330009,3.4206387516550205e-05,0.0009244897545915504,0.0003189313794333251
3644,0,0.0010357607622251,0.001129724606291414,0.0006337127673600535,0.001082742684258257,0.0008347367647925767
3645,0,0.0006580337928611,0.0010299640242320213,3.4206387516550205e-05,0.0008439989085465607,0.0003461200901888251
3646,0,0.0006656415920096,0.0022811344226250627,4.693496788001444e-05,0.0014733880073173314,0.0003562882799448072
3647,0,0.0011054581065082,0.0015179130254841676,0.0005116635065081926,0.0013116855659961839,0.0008085608065081962
3648,0,0.0013345373283125,0.0018826276036314389,0.0002858213895822606,0.0016085824659719695,0.0008101793589473803
3649,0,0.002585708498575,0.0031347444903708577,0.0001365814417142179,0.0028602264944729287,0.0013611449701446089
3650,0,0.0006295051411207,0.0014476464930967391,2.1817977517980458e-05,0.0010385758171087196,0.00032566155931934023
3651,0,0.0013738697862504,0.0016410467786102327,0.0001305893008041691,0.0015074582824303163,0.0007522295435272846
3652,0,0.0009355763096921,0.0021372709242649035,2.1817977517980458e-05,0.0015364236169785018,0.00047869714360504023
3653,0,0.0044341213433487,0.004211631823426747,0.0013834608082825336,0.004322876583387723,0.002908791075815617
3654,0,0.0008120649666047,0.0021114898635470787,0.00010228683069665327,0.0014617774150758893,0.00045717589865067665
3655,0,0.0006313287299675,0.0017125076687111015,5.6426715097322386e-05,0.0011719181993393008,0.0003438777225324112
3656,0,0.0006944987844057,0.001290267783165495,3.4206387516550205e-05,0.0009923832837855976,0.0003643525859611251
3658,0,0.0007269024331008,0.0016726287716043859,2.579213376493135e-05,0.001199765602352593,0.0003763472834328657
3659,0,0.0015145395765961,0.0025452089860904625,4.726517720697811e-05,0.0020298742813432812,0.000780902376901539
3660,0,0.0005302581152163,0.0015899316447672018,0.00013547989663345334,0.0010600948799917508,0.00033286900592487665
3661,0,0.0022802634031011,0.0034761505436493147,0.0022791289564856416,0.002878206973375207,0.0022796961797933706
3662,0,0.0006602530703119,0.0015849299196767858,2.579213376493135e-05,0.0011225914949943429,0.0003430226020384157
3663,0,0.0008526954450236,0.0019760754558589087,3.910451666469819e-05,0.0014143854504412544,0.0004458999808441491
3664,0,0.0012730832373733,0.0026903159514571695,0.00017400535304644735,0.001981699594415235,0.0007235442952098737
3666,0,0.0058762740263254,0.004629298475115627,0.001093728635555403,0.0052527862507205135,0.0034850013309404015
3667,0,0.0006516648955457,0.002331929401842147,4.1326373990212724e-05,0.0014917971486939235,0.0003464956347679564
3668,0,0.0006624218779423,0.001920609515640689,6.747845466661513e-05,0.0012915156967914945,0.00036495016630445757
3669,0,0.0006565565822425,0.0013068073974030544,3.9208270831258714e-05,0.0009816819898227772,0.0003478824265368793
3670,0,0.0006660843027811,0.001518941694828181,3.9208270831258714e-05,0.0010925129988046405,0.00035264628680617936
3671,0,0.0008753734149236,0.002565045679940936,0.00025556093744701314,0.001720209547432268,0.0005654671761853065
3672,0,0.0005246287585464,0.0017703226481183495,3.6606295937163665e-05,0.0011474757033323748,0.00028061752724178185
3673,0,0.0009007563953943,0.0018444343372474887,9.462854828680877e-05,0.0013725953663208943,0.0004976924718405544
3674,0,0.0008292513197454,0.0020516214301614846,4.472404233562325e-05,0.0014404363749534422,0.00043698768104051165
3675,0,0.0063054532435446,0.005298445010756442,0.0006535210510813191,0.005801949127150522,0.0034794871473129594
3676,0,0.0009354066486322,0.00268604740813286,6.793147808075704e-05,0.00181072702838253,0.0005016690633564785
3678,0,0.0041679472366802,0.004247048767870781,0.0004934598495789847,0.00420749800227549,0.002330703543129592
3679,0,0.0008836822926872,0.001546121307062779,9.343507683047421e-05,0.0012149017998749896,0.0004885586847588371
3680,0,0.0006428276456695,0.0020698188917591172,4.673068128466769e-05,0.0013563232687143086,0.00034477916347708384
3681,0,0.0005421079051989,0.001673109341881959,5.3042274235509394e-05,0.0011076086235404295,0.0002975750897172047
3683,0,0.0010007279525828,0.0016404884507584673,6.826807461373737e-05,0.0013206082016706338,0.0005344980135982687
3684,0,0.0010352453384243,0.0016331321332225869,6.861650429950021e-05,0.0013341887358234434,0.0005519309213619001
3685,1,0.9570979048513752,0.9906715373973939,0.9770130839183213,0.9738847211243846,0.9670554943848483
3686,0,0.0068372718108478,0.0031534560296550447,0.00024284691526766617,0.004995363920251423,0.003540059363057733
3687,0,0.0032694957610557,0.004520415705225282,0.0003560620511418103,0.003894955733140491,0.0018127789060987552
3688,0,0.0017572800240008,0.0033313077006383025,7.239263896646472e-05,0.0025442938623195513,0.0009148363314836324
3689,0,0.0039534793922323,0.004671673431438626,0.00018767085249547013,0.004312576411835463,0.002070575122363885
3690,0,0.0028643295982227,0.0020237455560667954,0.0003023446259345446,0.002444037577144748,0.0015833371120786224
3692,0,0.0021464694642184,0.006525565543986169,9.472204241492532e-05,0.004336017504102284,0.0011205957533166628
3693,0,0.0088633532949009,0.004767021158418628,0.00576228377489825,0.006815187226659764,0.007312818534899575
3694,0,0.0149764615435061,0.01664031246126141,0.004796430112735079,0.015808387002383753,0.00988644582812059
3697,0,0.0013099242568539,0.0020343324332144064,7.301878928537839e-05,0.0016721283450341533,0.0006914715230696392
3698,0,0.0008796955604311,0.0013560283217501211,0.00013249149411138306,0.0011178619410906105,0.0005060935272712415
3699,0,0.0006931286248998,0.0008818474638019733,0.00011499271103007688,0.0007874880443508867,0.00040406066796493844
3700,0,0.0006162027365157,0.0020156553920209043,4.5270246895632335e-05,0.0013159290642683022,0.0003307364917056662
3701,0,0.0007002481729256,0.0009657894680296874,3.307238987744795e-05,0.0008330188204776438,0.000366660281401524
3702,0,0.005225378260462,0.003965518410783717,0.0009844231598811271,0.004595448335622859,0.0031049007101715638
3703,0,0.001007557078586,0.0020202210356046065,2.4564256351060507e-05,0.0015138890570953033,0.0005160606674685303
3704,0,0.0094379737692999,0.003061026753217564,0.0003576520239708559,0.006249500261258732,0.0048978128966353784
3706,0,0.0012927770697767,0.001415866080267243,0.0006337127673600535,0.0013543215750219714,0.0009632449185683768
3708,0,0.0006957016218083,0.001651668920628205,2.1817977517980458e-05,0.0011736852712182526,0.00035875979966314023
3709,0,0.0006378343957798,0.0014838255465083544,2.1817977517980458e-05,0.0010608299711440772,0.0003298261866488902
3710,0,0.0007158004719417,0.0014406307508098813,0.00025556093744701314,0.0010782156113757907,0.0004856807046943565
3712,0,0.0007495434832261,0.0008724488453483262,7.29008962029456e-05,0.0008109961642872131,0.0004112221897145228
3713,0,0.0006548726227487,0.000903708400122869,7.29008962029456e-05,0.0007792905114357845,0.0003638867594758228
3714,0,0.00054314971111,0.0017208326066445619,3.7526913455861786e-05,0.0011319911588772808,0.0002903383122829309
3716,0,0.0011709515648576,0.001733395440806132,0.00013103876443989492,0.0014521735028318662,0.0006509951646487475
3717,0,0.0006082419684572,0.0009558392551551551,7.29008962029456e-05,0.0007820406118061776,0.0003405714323300728
3718,0,0.0004778894075483,0.001061417025563537,1.742891529786407e-05,0.0007696532165559185,0.00024765916142308205
3721,0,0.000697011742262,0.001986536062201437,4.5270246895632335e-05,0.0013417739022317185,0.00037114099457881617
3722,0,0.0007485811898868,0.001896137960840227,9.666346624535341e-05,0.0013223595753635135,0.0004226223280660767
3723,0,0.0005390857175266,0.0010797655586217917,1.742891529786407e-05,0.0008094256380741958,0.00027825731641223204
3724,0,0.0006552798399173,0.0009940393875489057,0.00013249149411138306,0.0008246596137331029,0.00039388566701434156
3725,0,0.0032563346902056,0.002786436704843815,9.666346624535341e-05,0.003021385697524708,0.0016764990782254768
3726,0,0.0007142679466179,0.0022368283923320516,6.48482913556343e-05,0.0014755481694749759,0.0003895581189867672
3727,0,0.0003970334516923,0.0011309158594141585,1.742891529786407e-05,0.0007639746555532293,0.00020723118349508205
3728,0,0.0006759271242563,0.0011711473695597367,0.00013249149411138306,0.0009235372469080184,0.00040420930918384155
3730,0,0.024446235507516,0.017287985659419216,0.0009539957667354039,0.02086711058346761,0.012700115637125703
3731,0,0.0092694716359858,0.005861352730284175,0.0016440058391868353,0.007565412183134988,0.005456738737586318
3732,0,0.0117703517490386,0.005294483624795395,0.0009531603651129836,0.008532417686916998,0.006361756057075792
3733,0,0.0069433898706269,0.0033639252321765994,0.0004934598495789847,0.00515365755140175,0.003718424860102942
3735,0,0.00048114995281,0.001756923864239158,0.00013547989663345334,0.001119036908524579,0.00030831492472172667
3736,0,0.0061228805606847,0.004771158412847526,0.0001688210760340096,0.005447019486766113,0.0031458508183593546
3737,0,0.0007087749295089,0.0018118354873395866,9.666346624535341e-05,0.0012603052084242433,0.0004027191978771267
3739,0,0.002529669573883,0.003119235872316028,4.782667701274761e-05,0.002824452723099514,0.0012887481254478738
3740,0,0.001421514937157,0.002796320954347238,6.48482913556343e-05,0.002108917945752119,0.0007431816142563171
3741,0,0.0031016982491768,0.004401513751972754,0.0007576813246030631,0.003751606000574777,0.0019296897868899315
3742,0,0.0008434488928479,0.002289736097357918,9.33732743168379e-05,0.0015665924951029089,0.00046841108358236896
3743,0,0.0007864067987274,0.0014039612856539428,5.565182602718893e-05,0.0010951840421906714,0.00042102931237729445
3744,0,0.0006567351462715,0.0011239715891179756,0.00022465059560565408,0.0008903533676947378,0.000440692870938577
3746,0,0.0005718713808534,0.0027623631690579485,0.00018217845496495367,0.0016671172749556742,0.00037702491790917684
3748,0,0.0032315281845913,0.0031279091552564972,0.00024343254008770776,0.0031797186699238987,0.001737480362339504
3749,0,0.0015076788382896,0.0020201281965351336,0.0001422443708388459,0.0017639035174123667,0.0008249616045642229
3750,0,0.0007757336918477,0.002185609518780882,4.982378954768165e-05,0.001480671605314291,0.00041277874069769083
3751,0,0.0008540992872107,0.0019278734514478158,0.0003742038693246202,0.001390986369329258,0.0006141515782676601
3752,0,0.0007398783740213,0.0037064551974810415,4.963845630182963e-05,0.0022231667857511707,0.0003947584151615648
3754,0,0.0016321883382154,0.0036952505288616886,0.00010240045418289394,0.002663719433538544,0.000867294396199147
3756,0,0.0135215624641989,0.01427618430776699,0.004190797843145744,0.013898873385982946,0.008856180153672323
3757,0,0.001326895877909,0.002727377479031892,9.524414950564533e-05,0.002027136678470446,0.0007110700137073227
3758,0,0.000777669569694,0.0027711233350562778,7.141374232263113e-05,0.0017743964523751388,0.00042454165600831555
3759,0,0.002321728667388,0.0029006225981931372,0.00010732994955210463,0.0026111756327905685,0.0012145293084700522
3760,0,0.0037204911882254,0.011588744545247416,0.00046227886761078806,0.007654617866736408,0.002091385027918094
3761,1,0.4450785099073387,0.2101664671628271,0.23670768012006413,0.3276224885350829,0.3408930950137014
3762,0,0.0043695959971617,0.0036919838972007874,0.0003147622090025713,0.004030789947181244,0.0023421791030821355
3763,0,0.0011356938720782,0.005092982131812267,5.098221973090143e-05,0.0031143380019452334,0.0005933380459045507
3766,0,0.0026550221254752,0.006801780779591954,0.00014386423763485426,0.004728401452533577,0.001399443181555027
3767,0,0.0077646374066983,0.007937590254830205,0.0010403859463373492,0.007851113830764252,0.004402511676517824
3768,0,0.0008508943458412,0.001421269856458755,0.0001708819166399447,0.0011360821011499776,0.0005108881312405724
3769,0,0.0010204824204628,0.0017363052531918874,0.0001708819166399447,0.0013783938368273439,0.0005956821685513723
3770,0,0.001093712126713,0.0025538433308250653,0.00011477688844913644,0.0018237777287690327,0.0006042445075810682
3771,0,0.0009231752441445,0.0037502970997769923,0.0001123822692689923,0.0023367361719607463,0.0005177787567067462
3772,0,0.0048729561155564,0.00488262674810854,0.0003046125769288394,0.00487779143183247,0.0025887843462426194
3774,0,0.0013216205652957,0.0036460185970306116,0.0004301522167198013,0.0024838195811631558,0.0008758863910077506
3775,0,0.0021784058574384,0.009126689767391796,5.541892076367592e-05,0.005652547812415098,0.001116912389101038
3776,0,0.0458364890523035,0.0275484761563199,0.03153067207361652,0.0366924826043117,0.03868358056296001
3777,0,0.0549784929489911,0.05235117504999659,0.059697238102529054,0.053664833999493844,0.057337865525760076
3778,0,0.0261376001773431,0.025146563949448555,0.0021899561248248556,0.025642082063395827,0.014163778151083977
3781,0,0.0004783276851286,0.0006893351851131636,1.742891529786407e-05,0.0005838314351208818,0.00024787830021323203
3782,0,0.0060956585009155,0.0038751042396196838,0.0008792769354679026,0.004985381370267592,0.0034874677181917016
3783,0,0.0029488058685789,0.0016338433731112431,0.0005374331269037734,0.0022913246208450715,0.0017431194977413367
3784,0,0.0149697421874338,0.010631411278299073,0.007957974609472576,0.012800576732866437,0.011463858398453187
3785,0,0.0036188127365931,0.002177891674106728,0.0002146117307880122,0.002898352205349914,0.0019167122336905562
3786,0,0.0019289423073029,0.00223634293230463,0.00033476562713188326,0.0020826426198037647,0.0011318539672173916
3787,0,0.0039352064523356,0.0011919072534056741,0.0010333841934708884,0.0025635568528706368,0.002484295322903244
3788,1,0.8777867216019299,0.8931210439713816,0.7781018022715801,0.8854538827866558,0.827944261936755
3789,0,0.0129439773423501,0.004264356037949269,0.005224561632520166,0.008604166690149684,0.009084269487435133
3790,0,0.0028045133741599,0.0027097902087109224,0.00162558444863668,0.0027571517914354114,0.00221504891139829
3791,0,0.0114969339244901,0.007615721714723987,0.012651662208020782,0.009556327819607044,0.012074298066255441
3792,0,0.0008782397555248,0.00176574401459262,9.666346624535341e-05,0.00132199188505871,0.0004874516108850767
3795,0,0.6158575644890925,0.6594170411416792,0.5917738747701061,0.6376373028153859,0.6038157196295992
3796,0,0.0020194505743573,0.004499485927697069,0.0008263721236037757,0.003259468251027184,0.0014229113489805378
3799,0,0.0008758812268147,0.006308717699502442,0.0002695128772738017,0.003592299463158571,0.0005726970520442508
3801,0,0.0011458637565242,0.00279984550818818,0.0002764871848644337,0.00197285463235619,0.0007111754706943169
3804,0,0.0004740600221056,0.001314844043173531,2.1863037754175238e-05,0.0008944520326395655,0.0002479615299298876
3805,0,0.0026253966301573,0.0017014629811810875,0.0003648864677205705,0.002163429805669194,0.0014951415489389353
3806,0,0.0029207445375361,0.001896869476942783,0.00025994931705636737,0.0024088070072394415,0.0015903469272962338
3807,1,0.3407980049196826,0.4236020075098668,0.2498591211934034,0.3822000062147747,0.295328563056543
3808,0,0.0007188527938394,0.003449476122803101,4.629506200035176e-05,0.0020841644583212506,0.0003825739279198759
3809,0,0.0043082955013507,0.005191781656699662,0.0036955450231197723,0.004750038579025181,0.004001920262235236
3810,0,0.4636492299609613,0.3996829010837199,0.3399093650273459,0.4316660655223406,0.40177929749415364
3811,0,0.0028817951937571,0.0026090991747367716,0.0002545017194864324,0.002745447184246936,0.0015681484566217663
3814,0,0.0028858504072234,0.001982120966692419,0.00043295670544120433,0.0024339856869579094,0.001659403556332302
3815,1,0.920414943473974,0.9701875019899859,0.7768545428617876,0.9453012227319799,0.8486347431678808
3817,0,0.0078569103883082,0.0031172517374612207,0.007482284513949983,0.00548708106288471,0.007669597451129091
3819,0,0.0033328414119239,0.0012127683460525106,0.000917955587074342,0.0022728048789882054,0.002125398499499121
3820,0,0.0036956654512314,0.002494369412873532,0.0017838314312238804,0.003095017432052466,0.00273974844122764
3821,0,0.0294448563497731,0.008003973865968421,0.1055542508653889,0.018724415107870762,0.067499553607581
3822,0,0.0013154631509447,0.002700374682209867,0.00033476562713188326,0.0020079189165772837,0.0008251143890382917
3824,0,0.0047861960794596,0.0029297744697108466,0.00035366420269225145,0.003857985274585223,0.0025699301410759255
3825,0,0.0031262710885816,0.0023135291952177447,0.0005221824613487894,0.0027199001418996725,0.0018242267749651946
3827,0,0.0093510342324417,0.0022023523077100296,0.012968414358524994,0.005776693270075866,0.011159724295483347
3829,0,0.0047371843547495,0.0026524710069711576,0.0008792769354679026,0.0036948276808603285,0.0028082306451087014
3830,1,0.3207204068033933,0.2544550256831515,0.3351745748643645,0.2875877162432724,0.3279474908338789
3831,0,0.0025579057396306,0.004147757371685143,0.0004967566831556987,0.0033528315556578714,0.0015273312113931493
3833,0,0.0015496745818133,0.0031194725785835802,0.00014057421892015972,0.00233457358019844,0.0008451244003667298
3835,0,0.0115620427003831,0.012626688143200471,0.005156502306691376,0.012094365421791785,0.008359272503537237
3839,0,0.0005695752484555,0.003997585466138943,0.0007693385795858969,0.0022835803572972217,0.0006694569140206985
3841,0,0.0029752845231528,0.0010456083696331188,0.0008817023261775057,0.0020104464463929594,0.001928493424665153
3842,0,0.0015204510502357,0.0026649617910514136,6.961100186208204e-05,0.002092706420643557,0.0007950310260488911
3843,0,0.0005881175556633,0.0016420586573036285,7.018457913923817e-05,0.0011150881064834642,0.00032915106740126905
3844,0,0.0197841123056138,0.02054650715461153,0.0007481060340605002,0.020165309730112664,0.01026610916983715
3845,0,0.0015836009590869,0.003929638389069451,0.00010240045418289394,0.0027566196740781757,0.000843000706634897
3846,0,0.0005840089063678,0.0016726734538137786,8.803918559052159e-05,0.0011283411800907892,0.00033602404597916083
3847,0,0.0091962327879734,0.0030586030122427693,0.0010455040394399657,0.006127417900108085,0.005120868413706683
3848,0,0.0013551176599701,0.006125020200147753,5.83085345635274e-05,0.003740068930058926,0.0007067130972668136
3849,0,0.0035634208889825,0.003736040772569333,0.007774354522360394,0.0036497308307759163,0.0056688877056714475
3850,0,0.0010321316332539,0.001465152502692849,0.0001708819166399447,0.0012486420679733747,0.0006015067749469223
3852,0,0.0068220763397901,0.006509330304880852,0.007052554147404495,0.006665703322335476,0.006937315243597298
3853,0,0.0044101304008162,0.0050490087339345935,0.0006110997876504948,0.004729569567375396,0.002510615094233347
3854,0,0.0074345076632386,0.00690119629250335,0.00024343254008770776,0.0071678519778709746,0.003838970101663154
3855,1,0.9896896563233556,0.9983908662831615,0.9999999968831663,0.9940402613032586,0.994844826603261
3858,0,0.0072689063561091,0.012011478726803191,0.002214362838245656,0.009640192541456146,0.0047416345971773785
3862,0,0.0274256078155286,0.06417406605699608,0.01528014927007639,0.04579983693626234,0.021352878542802496
3864,0,0.0366795771335869,0.04523418992051414,0.02339780790577387,0.04095688352705052,0.030038692519680388
3865,0,0.4177171225115089,0.3594386371657687,0.3294105063080324,0.3885778798386388,0.37356381440977066
3866,1,0.0374343319835462,0.039746266245379636,0.0055281635175585715,0.03859029911446292,0.021481247750552386
3867,0,0.0167605863520178,0.004918541182997832,0.005225394377087662,0.010839563767507818,0.010992990364552731
3868,1,0.9333950401756672,0.9233443265750425,0.9963615416965896,0.9283696833753549,0.9648782909361284
3869,0,0.0004216306467712,0.0008358111207102479,1.3677193152410764e-05,0.000628720883740724,0.00021765391996180538
3870,0,0.0005773303792963,0.0008583825483465834,1.742891529786407e-05,0.0007178564638214418,0.00029737964729708205
3872,0,0.0013133911390481,0.0014584701284415138,2.784004269635231e-05,0.001385930633744807,0.0006706155908722261
3873,0,0.0013338435442912,0.0015909397048447802,4.826809925893587e-05,0.0014623916245679902,0.0006910558217750679
3874,0,0.0003369165894169,0.0009445989531951689,1.742891529786407e-05,0.0006407577713060345,0.00017717275235738203
3875,0,0.0125508630083115,0.0059827694824879365,0.0013301705374423618,0.009266816245399719,0.006940516772876931
3878,0,0.0010481129531693,0.0009944774324621899,2.2262861603291664e-05,0.001021295192815745,0.0005351879073862958
3879,0,0.0009475739400214,0.0024177682349025694,0.0006714076420428428,0.0016826710874619847,0.0008094907910321214
3880,0,0.0027028508727048,0.0034032751256915426,0.0014960299467659125,0.0030530629991981713,0.002099440409735356
3883,0,0.0006424579211926,0.001421611242518014,4.693496788001444e-05,0.001032034581855307,0.0003446964445363072
3884,0,0.0006702438198168,0.001983690853948365,9.666346624535341e-05,0.0013269673368825825,0.0003834536430310767
3885,0,0.0005965523405586,0.001973804057562864,6.48482913556343e-05,0.001285178199060732,0.00033070031595711715
3886,0,0.0008720283397792,0.002558169385123553,5.520251553828153e-05,0.0017150988624513766,0.00046361542765874074
3887,0,0.0012480866214165,0.0020752540172861273,8.905949805463824e-05,0.0016616703193513137,0.0006685730597355691
3888,0,0.0007839060650348,0.001928819459530599,0.00014904038998644263,0.0013563627622826995,0.00046647322751062136
3889,0,0.0009109362011786,0.0014636041609443842,0.00013249149411138306,0.001187270181061492,0.0005217138476449916
3890,0,0.00281660471391,0.005759452062451763,0.0007141087370469921,0.004288028388180882,0.0017653567254784961
3891,0,0.003379065002966,0.006945333974334979,0.0016250807620444238,0.005162199488650489,0.002502072882505212
3892,0,0.0025551774542986,0.0032507939647201164,0.0013947200640039487,0.0029029857095093582,0.0019749487591512746
3893,0,0.0098000224609594,0.00806914114181627,0.004722749129409961,0.008934581801387835,0.007261385795184681
3896,0,0.0007133529612753,0.0019508831622915643,9.666346624535341e-05,0.0013321180617834323,0.0004050082137603267
3897,0,0.0006860768074504,0.0021801086359234485,6.48482913556343e-05,0.0014330927216869242,0.0003754625494030172
3898,0,0.0007071056767576,0.0018641146763464479,9.666346624535341e-05,0.0012856101765520238,0.0004018845715014767
3899,0,0.0015938610686879,0.0033955089503916883,0.00047841331030091773,0.0024946850095397943,0.0010361371894944088
3900,0,0.0011609300510604,0.002823688559588816,0.00015481931170386822,0.001992309305324608,0.0006578746813821341
3901,0,0.0012851860695512,0.00149128111717951,6.269512590618944e-05,0.0013882335933653551,0.0006739405977286948
3902,0,0.0007080981201366,0.0021944170419296695,4.5270246895632335e-05,0.0014512575810331349,0.00037668418351611616
3903,0,0.0006677979319426,0.0015134384781980697,4.5270246895632335e-05,0.0010906182050703349,0.0003565340894191162
3904,0,0.0007771495735276,0.0017712589510061893,9.666346624535341e-05,0.0012742042622668945,0.0004369065198864767
3905,0,0.0021979222605939,0.0045266274318612205,0.0017166966067412304,0.0033622748462275604,0.0019573094336675654
3906,0,0.000391406912829,0.0010276273796601294,1.742891529786407e-05,0.0007095171462445647,0.00020441791406343205
3907,0,0.0293117205388023,0.016824210614609474,0.006618179489687165,0.023067965576705887,0.017964950014244734
3909,0,0.000757386000007,0.0013258108664070737,0.000124986698521123,0.0010415984332070368,0.0004411863492640615
3910,0,0.0008684702877887,0.001237605095736476,1.3677193152410764e-05,0.001053037691762588,0.00044107374047055537
3911,0,0.0005305342114436,0.002355200508190458,7.5768797663416e-05,0.001442867359817029,0.000303151504553508
3912,0,0.004870340802603,0.005022409300477379,0.0004934598495789847,0.00494637505154019,0.002681900326090992
3914,0,0.0009252613906159,0.0011415036899269403,0.0001016174821755717,0.0010333825402714203,0.0005134394363957358
3916,0,0.0008412394650904,0.0013586755090394286,0.000124986698521123,0.0010999574870649144,0.0004831130818057615
3917,0,0.0009507504796893,0.0018153271596861294,0.0001011014928353022,0.0013830388196877147,0.0005259259862623011
3918,0,0.0007955993175171,0.0013461680087727215,8.27392557535815e-05,0.0010708836631449109,0.00043916928663534073
3919,0,0.0078478278975169,0.010325902180279263,0.005578223793777991,0.009086865038898082,0.006713025845647445
3920,0,0.0003670063258431,0.0012319098759662598,3.3040350411476794e-05,0.0007994581009046799,0.0002000233381272884
3922,0,0.0005086146945147,0.001444516544972693,7.018457913923817e-05,0.0009765656197436965,0.00028939963682696906
3923,0,0.0005267635981703,0.0018599608656995979,2.8726598209552138e-05,0.001193362231934949,0.0002777450981899261
3924,0,0.0009804560323509,0.0016828826040490728,2.7665126531214224e-05,0.0013316693181999865,0.0005040605794410571
3925,0,0.0013308293058371,0.001446699520053064,8.384475663338089e-05,0.001388764412945082,0.0007073370312352405
3926,0,0.0020687348210207,0.001574413116606244,0.0001011014928353022,0.0018215739688134719,0.001084918156928001
3927,0,0.000742027871324,0.0011465349993964422,0.00011426921031868822,0.0009442814353602211,0.0004281485408213441
3928,0,0.0019640171905079,0.0018156958075954443,6.996628516106353e-05,0.001889856499051672,0.0010169917378344817
3929,1,0.70477907108492,0.2541056357236347,0.9936161011331825,0.4794423534042773,0.8491975861090513
3931,0,0.0014092625159989,0.004937371173705071,0.00018217845496495367,0.003173316844851985,0.0007957204854819268
3932,0,0.0037975380736947,0.0047433209325865085,0.00020062040825761919,0.004270429503140605,0.0019990792409761596
3933,0,0.0020323899100559,0.0036432798390258836,0.0007693385795858969,0.002837834874540892,0.0014008642448208983
3934,0,0.0010122886391865,0.0017204592070394476,8.356736986748847e-05,0.0013663739231129738,0.0005479280045269943
3935,0,0.0013054335496451,0.0032330828759171903,7.141374232263113e-05,0.0022692582127811453,0.0006884236459838655
3936,1,0.7847824648738515,0.8262138355446732,0.5588186933664817,0.8054981502092624,0.6718005791201667
3937,0,0.0016058604754229,0.004058651027174151,0.00031253014550630383,0.0028322557512985257,0.0009591953104646019
3938,0,0.0018247291145696,0.002592017833790646,0.0014925447070177616,0.002208373474180123,0.0016586369107936807
3939,0,0.0006100889634801,0.0022097192625954135,7.018457913923817e-05,0.0014099041130377567,0.00034013677130966907
3941,0,0.0242482643110533,0.03011732412130023,0.0010442668084538018,0.027182794216176767,0.012646265559753551
3942,0,0.0052868844641234,0.007310951113421786,0.00040998965025239894,0.0062989177887725935,0.0028484370571878995
3943,0,0.0107371094475988,0.017935190238124444,0.004139176434422996,0.014336149842861622,0.007438142941010898
3946,0,0.0006492218793375,0.0013602781255000335,2.784004269635231e-05,0.0010047500024187668,0.00033853096101692617
3947,0,0.0009688312985189,0.0007969380134739956,3.0882117506007454e-05,0.0008828846559964478,0.0004998567080124537
3948,0,0.0004963460726509,0.0020961234232786184,2.7369973145884132e-05,0.0012962347479647592,0.00026185802289839207
3950,0,0.0015498715320474,0.0014950313220955973,0.00012811540751055326,0.0015224514270714986,0.0008389934697789767
3951,0,0.0006300955392642,0.0009106889666368322,7.29008962029456e-05,0.0007703922529505162,0.0003514982177335728
3953,0,0.0005311762756747,0.0018273975339556736,5.3749947182055224e-05,0.0011792869048151868,0.0002924631114283776
3954,0,0.0014111197131525,0.0018580091144637916,5.3749947182055224e-05,0.0016345644138081458,0.0007324348301672776
3955,0,0.0010512557155551,0.0025538341649041195,0.00011034473420060953,0.0018025449402296098,0.0005808002248778548
3956,0,0.0006332101244582,0.0010160075790138314,3.307238987744795e-05,0.0008246088517360157,0.00033314125716782394
3957,0,0.0007160308883749,0.0020195211732003918,5.3749947182055224e-05,0.0013677760307876459,0.0003848904177784776
3958,0,0.0005579597153224,0.000959307769073815,1.742891529786407e-05,0.0007586337421981075,0.000287694315310132
3959,0,0.0071242164898971,0.00418617318337467,0.0022330217540266592,0.005655194836635885,0.00467861912196188
3960,0,0.0006439933615982,0.0014744774113115045,2.1817977517980458e-05,0.0010592353864548522,0.0003329056695580902
3961,0,0.003724385662949,0.004167126575884694,0.0006318657571742598,0.003945756119416847,0.00217812571006163
3962,0,0.0003099071561973,0.0009297402450601906,1.742891529786407e-05,0.0006198237006287454,0.00016366803574758204
3963,0,0.0004767517058263,0.0013864584344465349,0.00013547989663345334,0.0009316050701364175,0.00030611580122987664
3964,0,0.0006875390426057,0.0020671117977189507,3.7526913455861786e-05,0.0013773254201623255,0.0003625329780307809
3965,0,0.0005448828594906,0.0013841153003205158,2.1817977517980458e-05,0.0009644990799055579,0.0002833504185042902
3966,0,0.0005852859148802,0.0016516669136368784,3.4206387516550205e-05,0.0011184764142585391,0.00030974615119837507
3967,0,0.0005782508282451,0.001173528340081066,2.1817977517980458e-05,0.0008758895841630831,0.0003000344028815402
3968,0,0.0010421623309545,0.002009439945606453,0.0001072398487689197,0.0015258011382804765,0.0005747010898617098
3969,0,0.0026433621981334,0.003195619946088127,0.0002576293659791123,0.0029194910721107633,0.0014504957820562561
3970,0,0.0007865125758327,0.00172630217428327,7.29008962029456e-05,0.001256407375057985,0.00042970673601782283
3971,0,0.0099223563960969,0.005846649441190755,0.0006265626275175008,0.007884502918643828,0.0052744595118072
3972,0,0.0005877858655935,0.0009536002132302227,7.29008962029456e-05,0.0007706930394118614,0.0003303433808982228
3973,0,0.0006262234553336,0.0013761687425555493,2.4727540676489253e-05,0.0010011960989445745,0.00032547549800504463
3974,0,0.0005954118687816,0.001707927016630429,5.3749947182055224e-05,0.0011516694427060143,0.00032458090798182757
3975,0,0.0007925732092657,0.0018192490029360641,7.29008962029456e-05,0.001305911106100882,0.0004327370527343228
3976,0,0.0010346003744966,0.0011223613249570824,1.742891529786407e-05,0.0010784808497268411,0.0005260146448972321
3978,0,0.0007334733942162,0.0019774326665300862,2.4727540676489253e-05,0.0013554530303731432,0.00037910046744634465
3979,0,0.0039632475200796,0.004510698114902491,0.00034768339229950934,0.004236972817491046,0.0021554654561895545
3980,0,0.0015037069622887,0.002292351719451257,0.0005997299672718094,0.0018980293408699784,0.0010517184647802547
3981,0,0.0112030746723689,0.001971388278486165,0.00020567094672778216,0.006587231475427533,0.005704372809548342
3982,0,0.0007779649815135,0.002661179741996144,6.793147808075704e-05,0.001719572361754822,0.00042294822979712857
3983,0,0.0009052199591646,0.001891352194881754,0.00012454277291675,0.001398286077023177,0.000514881366040675
3984,0,0.0029685122254109,0.0033996908931831615,0.0012955651321817055,0.0031841015592970305,0.0021320386787963027
3986,0,0.0030907514671115,0.004575541430679894,0.0015693449661888877,0.0038331464488956975,0.002330048216650194
3988,0,0.0014167062994774,0.003907695047311749,9.57206430764828e-05,0.0026622006733945745,0.0007562134712769413
3989,0,0.000632889636288,0.0019534170434619656,7.054545293726792e-05,0.0012931533398749828,0.00035171754461263394
3990,0,0.000703297107801,0.0011658049982973164,0.00010228683069665327,0.0009345510530491582,0.0004027919692488266
3991,0,0.0007416954874873,0.0011452677267828032,0.00015490211512037848,0.0009434816071350516,0.0004482988013038392
3992,0,0.0003742315191663,0.0016080265444918778,8.227953383417922e-05,0.000991129031829089,0.0002282555265002396
3994,0,0.0094017259676669,0.0042401559784635235,0.004122416099160215,0.006820940973065211,0.006762071033413557
3995,0,0.0016586749163592,0.0029855129331885773,0.00048685425056963947,0.0023220939247738884,0.0010727645834644197
3997,0,0.00101618987367,0.0027835572388708496,4.782667701274761e-05,0.001899873556270425,0.0005320082753413739
3998,0,0.0032645044524192,0.0058678688627684045,0.0006856489990990575,0.004566186657593802,0.0019750767257591287
3999,0,0.0006959191424071,0.0023579468422017516,7.588978546888223e-05,0.0015269329923044259,0.0003859044639379911
4000,0,0.0026796190795213,0.004357678570154127,0.0012735190919217728,0.003518648824837714,0.0019765690857215363
4001,0,0.0024190667197735,0.00509313162375734,6.64940507532316e-05,0.00375609917176542,0.0012427803852633659
4002,0,0.00067518993397,0.0019289412106030335,5.411712243637476e-05,0.0013020655722865166,0.00036465352820318735
4004,0,0.0007664083565917,0.0022070229523984907,9.17693549183377e-05,0.0014867156544950953,0.0004290888557550188
4005,0,0.0119207572628741,0.006951621723597914,0.0034959057578482157,0.009436189493236007,0.0077083315103611575
4006,0,0.0011703668524782,0.0029828085929521206,0.0001688210760340096,0.0020765877227151603,0.0006695939642561048
4007,0,0.0011000485364894,0.0027158670087634633,0.0001503702855289766,0.0019079577726264316,0.0006252094110091883
4009,0,0.0012584096639054,0.002519972275109046,8.384475663338089e-05,0.001889190969507223,0.0006711272102693905
4010,0,0.0008651367369672,0.00128458852758604,0.0001708819166399447,0.0010748626322766202,0.0005180093268035723
4011,0,0.0008583865007364,0.002787973460197031,6.759726012702903e-05,0.0018231799804667155,0.0004629918804317145
4013,0,0.0070754872651932,0.005497870798653808,0.0004934598495789847,0.006286679031923504,0.003784473557386092
4014,0,0.0017276543935811,0.0032587726057253332,9.580643847477097e-05,0.0024932134996532166,0.0009117304160279354
4015,0,0.0010072859913883,0.0020439296137680827,8.341900542592248e-05,0.0015256078025781914,0.0005453524984071112
4016,0,0.0033988378112853,0.0033197266515199134,0.0004978112393443882,0.0033592822314026066,0.0019483245253148441
4017,0,0.0016007329295983,0.0030979603099719434,0.0004978112393443882,0.0023493466197851216,0.001049272084471344
4018,0,0.0031237454848053,0.008489311340051021,0.001236376350859694,0.005806528412428161,0.002180060917832497
4020,0,0.0025617737947029,0.004571471317678888,0.0003850616679936699,0.003566622556190894,0.001473417731348285
4021,0,0.0097274164075307,0.003913415784952981,0.0018249038796883258,0.00682041609624184,0.005776160143609512
4022,0,0.0031174129769165,0.004079247958948616,0.0003211377894604169,0.003598330467932558,0.0017192753831884583
4023,0,0.0336402135386355,0.03536026591012332,0.11331035677854993,0.034500239724379406,0.07347528515859272
4024,0,0.0794112374835145,0.03280230848990671,0.018779918571507865,0.0561067729867106,0.04909557802751118
4025,1,0.93376104281273,0.9829041046960867,0.988292472710767,0.9583325737544084,0.9610267577617485
4026,0,0.030741827304121,0.03924203947919255,0.021132502431161444,0.03499193339165678,0.02593716486764122
4027,0,0.0699699422958435,0.05008106710316637,0.03689998193520872,0.060025504699504934,0.053434962115526105
4028,0,0.1112304579348276,0.12359500242999985,0.08740264527798974,0.11741273018241372,0.09931655160640868
4029,0,0.031000323743134,0.024757536931832184,0.017163446274432295,0.027878930337483093,0.024081885008783145
4030,0,0.5976386494964401,0.03979135981364267,0.4311675976524383,0.3187150046550414,0.5144031235744392
4032,0,0.0623539011995404,0.09538803271285237,0.03322082663884746,0.07887096695619639,0.04778736391919393
4033,1,0.973057884032822,0.9970968363961271,0.9999213841385025,0.9850773602144746,0.9864896340856623
4035,1,0.0551304634667653,0.028666528078709737,0.027597125022172903,0.04189849577273752,0.0413637942444691
4036,0,0.0006611210769374,0.002361592698164292,0.0001460463843810978,0.001511356887550846,0.0004035837306592489
4037,0,0.0090018669828844,0.0027026869568617913,0.0011989282069645583,0.005852276969873095,0.005100397594924479
4039,0,0.0006685208430957,0.002298677567795835,0.00010289551887773926,0.0014835992054457675,0.0003857081809867196
4040,0,0.0013589596909589,0.0013436047599429367,0.00013394498115143312,0.0013512822254509184,0.0007464523360551665
4041,0,0.0011475052162259,0.001665104432546216,0.0010682296584759313,0.001406304824386058,0.0011078674373509157
4043,0,0.0007248062466234,0.0010466405589820355,2.1863037754175238e-05,0.0008857234028027178,0.0003733346421887876
4044,0,0.0108724725535837,0.0033172349321929934,0.00023302056895534498,0.007094853742888347,0.005552746561269523
4045,1,0.0009229727620865,0.0016573157525340168,6.0547600276700994e-05,0.0012901442573102584,0.0004917601811816005
4046,0,0.0015489228311644,0.0013216995350027133,0.00021784345729219113,0.0014353111830835567,0.0008833831442282956
4047,0,0.0008500802634305,0.0014594869984139464,5.887533757649857e-05,0.0011547836309222233,0.00045447780050349927
4048,0,0.0010080235677369,0.0017745362050192992,0.0001072398487689197,0.0013912798863780996,0.0005576317082529099
4049,1,0.9188401084149188,0.9585143603911536,0.9919376578470602,0.9386772344030362,0.9553888831309896
4050,0,0.0007949285681354,0.0015026404286299332,0.0001238493986532484,0.0011487844983826666,0.0004593889833943242
4051,0,0.0027612872628773,0.0019162398367968923,0.00017792340621567863,0.002338763549837096,0.0014696053345464894
4052,0,0.0054410852976243,0.0038296066342368624,0.001412529541735506,0.004635345965930581,0.0034268074196799033
4053,0,0.0008244521256867,0.001679171768205491,0.00011897141457651238,0.0012518119469460956,0.0004717117701316062
4054,0,0.0036898939399385,0.002672416044296251,0.0002764871848644337,0.0031811549921173755,0.0019831905624014667
4055,0,0.0010795078058001,0.0028171909110759584,0.0002916205539693158,0.001948349358438029,0.0006855641798847079
4056,0,0.0007650127988912,0.0010098233117223803,0.00013249149411138306,0.0008874180553067901,0.00044875214650129153
4058,0,0.0010905435504665,0.0020900117871113463,0.0002916205539693158,0.0015902776687889233,0.0006910820522179079
4060,0,0.0009160838703937,0.0020028947367346154,0.00015076603780437832,0.0014594893035641578,0.0005334249540990391
4061,0,0.0190709856056094,0.007559638009113983,0.020931932415775904,0.013315311807361691,0.020001459010692654
4062,0,0.0009725797330372,0.0033974527261369553,0.00041022817428653735,0.0021850162295870778,0.0006914039536618686
4063,0,0.001112623713457,0.0018098976303240288,0.00011897141457651238,0.0014612606718905144,0.0006157975640167562
4064,0,0.0017448516077703,0.004689336023567927,0.00041022817428653735,0.0032170938156691133,0.0010775398910284188
4065,0,0.0029671402497913,0.0027557610727953165,0.00015202912006163162,0.002861450661293308,0.001559584684926466
4066,0,0.0009193464736764,0.0018308408390224845,0.00011897141457651238,0.0013750936563494422,0.0005191589441264562
4067,0,0.0053497327130161,0.0032146683587266855,0.00015448382891420073,0.004282200535871393,0.0027521082709651506
4068,0,0.0057686353015023,0.005245180289558791,0.004369218941835432,0.005506907795530546,0.005068927121668866
4072,1,0.9732014390117965,0.983376067026777,0.9997875915286972,0.9782887530192867,0.9864945152702469
4073,0,0.0006541216922053,0.0026602309866931156,6.526381220651633e-05,0.001657176339449208,0.0003596927522059082
4074,0,0.0059038334656297,0.0036755380346496494,0.0015493596468363644,0.0047896857501396745,0.0037265965562330323
4075,0,0.0011330502321118,0.0031732378214629014,0.00014500774866330721,0.0021531440267873506,0.0006390289903875537
4076,0,0.0029348272718088,0.002377043899726821,0.0002531803347608968,0.0026559355857678105,0.0015940038032848484
4077,0,0.0012217097070506,0.002145250731438734,0.0002301960095738009,0.001683480219244667,0.0007259528583122005
4078,0,0.0057702109765717,0.0026640158777649866,0.0007681179828946381,0.004217113427168343,0.0032691644797331687
4079,1,0.3025002043821664,0.3563014845070314,0.2650870382740453,0.32940084444459894,0.2837936213281058
4080,0,0.0027829062341573,0.0038176498972141825,0.001913397824922717,0.003300278065685741,0.0023481520295400085
4081,1,0.9318431789029156,0.9559642638231678,0.8963028694806433,0.9439037213630417,0.9140730241917794
4082,1,0.9321936808170708,0.947407587245498,0.6851746130184624,0.9398006340312843,0.8086841469177666
4083,0,0.0041259099138195,0.0026739146676208175,0.0009771959094060855,0.0033999122907201586,0.0025515529116127925
4084,0,0.0029115289690202,0.0014960956877721177,0.0012289004023613129,0.0022038123283961587,0.0020702146856907567
4085,0,0.0040649590233635,0.002434119304565672,0.0009771959094060855,0.003249539163964586,0.002521077466384793
4086,0,0.0051119570018274,0.002119022728228021,0.0015939027007414563,0.0036154898650277104,0.003352929851284428
4087,0,0.0038125905275424,0.0014008048963166813,0.0019450776608675618,0.0026066977119295408,0.002878834094204981
4088,1,0.8681559109669807,0.8689378428206643,0.7768545428617876,0.8685468768938225,0.8225052269143842
4089,0,0.0012312187223297,0.0010988415080534044,0.00030688484028159875,0.001165030115191552,0.0007690517813056494
4090,0,0.0043781901105945,0.001300604834010706,0.0010849845790741755,0.002839397472302603,0.002731587344834338
4091,0,0.0038223159875116,0.008277160967714971,0.001913397824922717,0.0060497384776132855,0.0028678569062171584
4092,0,0.0037292648286496,0.002218558982708336,0.0006245752913772672,0.0029739119056789677,0.0021769200600134336
4093,0,0.0033411093298581,0.002462043349827214,0.0008000245046162482,0.002901576339842657,0.002070566917237174
4094,0,0.0035056318268774,0.0018188716410776923,0.0016392032724404247,0.0026622517339775463,0.002572417549658912
4095,0,0.0027858400575072,0.002976691699125753,0.0014463730037946809,0.0028812658783164764,0.0021161065306509403
4097,1,0.9052795007764722,0.9527052794164671,0.904040775021908,0.9289923900964696,0.9046601378991901
4099,0,0.0037465471944635,0.0029528434848271187,0.0006214054972813824,0.003349695339645309,0.002183976345872441
4100,0,0.0065420372845874,0.0018049970416812717,0.001020606248556958,0.004173517163134336,0.0037813217665721792
4101,0,0.0041340341710564,0.0033955749379720387,0.0008000245046162482,0.0037648045545142193,0.002467029337836324
4102,0,0.0052625201853934,0.005686525058192002,0.002040267903773131,0.005474522621792701,0.0036513940445832655
4103,0,0.0079086133156924,0.0029617398755140316,0.0029856261028907123,0.005435176595603216,0.005447119709291556
4104,0,0.0051612444611479,0.0023178515349534154,0.0029856261028907123,0.003739547998050658,0.004073435282019306
4105,0,0.0394161092978757,0.0330506719168907,0.11570073255945919,0.036233390607383203,0.07755842092866744
4106,0,0.0016642287680445,0.001289832086232371,0.00035229991170797673,0.0014770304271384356,0.0010082643398762383
4107,0,0.0154977260856923,0.004904260768995738,0.0016570398782788241,0.01020099342734402,0.008577382981985562
4108,0,0.0036718361101646,0.003521914182548519,0.0006214054972813824,0.0035968751463565595,0.002146620803722991
4109,0,0.0031349191693981,0.0019660301245157732,0.002653758197317942,0.0025504746469569364,0.002894338683358021
4112,0,0.00622912696685,0.0032711429697187236,0.00023830342985607048,0.004750134968284362,0.0032337151983530352
4113,0,0.0028385029324685,0.0023422996163827525,0.00032506220414362446,0.0025904012744256263,0.0015817825683060623
4114,0,0.2514656853216949,0.22084245455849788,0.11946608904638313,0.23615406994009638,0.185465887184039
4115,0,0.1880054116618944,0.23240170545432595,0.12414807274162548,0.21020355855811018,0.15607674220175993
4116,0,0.2182905671234338,0.20848626706049608,0.33637424808183186,0.21338841709196493,0.27733240760263284
4117,0,0.5554819719171663,0.4462664028209622,0.974306932288617,0.5008741873690643,0.7648944521028916
4118,1,0.9615309310390284,0.9930209435522601,0.9999668946246156,0.9772759372956443,0.9807489128318221
4119,0,0.8949614561894271,0.8906091711463329,0.8230669845164128,0.89278531366788,0.85901422035292
4120,1,0.5900938910428938,0.5564371990926459,0.47722367207971184,0.5732655450677698,0.5336587815613028
4121,1,0.7050272552626398,0.7322276702561007,0.8594247635508939,0.7186274627593703,0.7822260094067668
4122,1,0.6435114406239392,0.7812811826397791,0.8353483983895101,0.7123963116318591,0.7394299195067247
4123,0,0.0053406610452547,0.0037403510382425786,0.000616097125659639,0.004540506041748639,0.0029783790854571697
4124,0,0.0077985323870063,0.002229232770753451,0.0008252450737849852,0.005013882578879875,0.004311888730395642
4126,0,0.0065840649617318,0.0031758516688609123,0.001852648286917965,0.004879958315296356,0.004218356624324882
4127,0,0.0021130073383357,0.0031505929148041476,0.0007741665625724378,0.002631800126569924,0.001443586950454069
4128,0,0.0037338966732485,0.004486006512568544,0.009194262422300975,0.0041099515929085215,0.006464079547774738
4129,0,0.0028569342819885,0.0017245138418304211,0.001251024859756281,0.0022907240619094607,0.0020539795708723906
4130,0,0.0024053388901436,0.0012333671325942042,0.0006486163201350733,0.001819353011368902,0.0015269776051393365
4131,1,0.9262426085611606,0.9622558196381868,0.806340366357289,0.9442492140996737,0.8662914874592248
4132,0,0.007895422974542,0.003448041124921817,0.002174666649914976,0.005671732049731908,0.005035044812228488
4133,0,0.0334906831801122,0.011974195193860601,0.04681148760730459,0.022732439186986402,0.040151085393708395
4134,0,0.0014427566411147,0.0019102122152609812,0.0035637327172684478,0.0016764844281878407,0.002503244679191574
4135,0,0.0033887722128936,0.0017687976425316318,0.0005475504859090325,0.0025787849277126157,0.001968161349401316
4136,0,0.0020599432570412,0.004095725817164716,0.00273026390169273,0.003077834537102958,0.002395103579366965
4138,0,0.0521002612169592,0.008496438103641195,0.011887240523657234,0.0302983496603002,0.031993750870308216
4140,0,0.002226597557225,0.001965043538107713,0.0006326311629189699,0.0020958205476663567,0.0014296143600719849
4141,1,0.917288911355524,0.9575839444895818,0.8389657618891327,0.9374364279225529,0.8781273366223283
4143,0,0.0083293899731669,0.004299580771036578,0.0011227745852936753,0.00631448537210174,0.004726082279230288
4144,0,0.003529360888368,0.0020711300032366735,0.0006326311629189699,0.0028002454458023367,0.002080996025643485
4145,0,0.0010530978892238,0.002122840291728533,0.0035637327172684478,0.0015879690904761663,0.002308415303246124
4146,0,0.0064689600377073,0.0013903994902273152,0.0006670280874464976,0.003929679763967308,0.003567994062576899
4147,0,0.0039161416984415,0.002006325378224666,0.0007054927351993215,0.0029612335383330827,0.0023108172168204108
4150,0,0.0043981936592073,0.0019413301402094261,0.0007950414190008446,0.003169761899708363,0.002596617539104072
4151,0,0.0032146071536612,0.00204628288411361,0.0005475504859090325,0.002630445018887405,0.0018810788197851163
4152,1,0.9165846904729624,0.9568801267300419,0.8171724416883888,0.9367324086015021,0.8668785660806756
4153,0,0.0338027800922326,0.007104980477645039,0.06589135792309934,0.02045388028493882,0.04984706900766597
4154,1,0.9384521053684672,0.9722253432031007,0.7275831570993434,0.955338724285784,0.8330176312339053
4155,0,0.0040534420787727,0.002172585051728097,0.007578881616856376,0.0031130135652503985,0.005816161847814538
4156,1,0.8523475211332038,0.900013569177679,0.7465110252625649,0.8761805451554414,0.7994292731978843
4157,0,0.0027778650957406,0.002208368175887863,0.0009457397880806688,0.002493116635814231,0.0018618024419106345
4158,1,0.9414791760042438,0.9520130222637754,0.8931523885356035,0.9467460991340095,0.9173157822699236
4160,0,0.0035889441549495,0.0017929545013462894,0.0016458589755437595,0.002690949328147895,0.00261740156524663
4161,0,0.0022990039902887,0.0015615804327757082,0.0006486163201350733,0.0019302922115322042,0.0014738101552118866
4163,0,0.0035324973720967,0.0023765497427850036,0.0009352411325920488,0.002954523557440852,0.0022338692523443744
4164,0,0.0033097667135101,0.0021153453541495246,0.0005475504859090325,0.0027125560338298123,0.0019286585997095663
4165,1,0.9283864553427552,0.9336479738656894,0.8191766259631927,0.9310172146042224,0.873781540652974
4166,0,0.003386356767331,0.0015993067256816573,0.0012289004023613129,0.0024928317465063286,0.0023076285848461567
4167,0,0.01375455412515,0.003991374221074771,0.003802702142775901,0.008872964173112386,0.00877862813396295
4168,0,0.0038096908939325,0.003889253828936573,0.0017898810365707435,0.0038494723614345364,0.0027997859652516216
4169,0,0.0065070434110413,0.003154481812797151,0.0010044250296279923,0.004830762611919225,0.003755734220334646
4170,0,0.0027275804055476,0.0014911831736554907,0.0009097252351242414,0.002109381789601545,0.0018186528203359207
4171,1,0.9322958625023472,0.9653110277954023,0.9142023920950966,0.9488034451488747,0.9232491272987219
4172,0,0.0031755646416217,0.005377764303152909,0.001913397824922717,0.004276664472387304,0.0025444812332722083
4173,0,0.0539495929624574,0.023131664437291147,0.1204751646624741,0.03854062869987428,0.08721237881246575
4175,0,0.0042842098073752,0.003599905516088417,0.0009978313880991798,0.003942057661731809,0.00264102059773719
4176,0,0.0029974875633097,0.002883242580817411,0.0023390285116080137,0.0029403650720635555,0.002668258037458857
4177,0,0.004324114556613,0.0033643968561159485,0.0008276409802038276,0.0038442557063644743,0.002575877768408414
4178,0,0.0041666745474761,0.004659694721522535,0.0011895750778599438,0.004413184634499317,0.002678124812668022
4179,0,0.0047200822381273,0.0035857469593807835,0.0027323776542969957,0.004152914598754042,0.003726229946212148
4181,0,0.0042219540940091,0.0020267169484571557,0.007578881616856376,0.0031243355212331276,0.005900417855432738
4182,0,0.0049015889886521,0.0041303298578342995,0.0008276409802038276,0.0045159594232432,0.002864614984427964
4183,1,0.9366383216533436,0.9758541576171945,0.8564121559517572,0.9562462396352691,0.8965252388025504
4185,1,0.9259099621168244,0.9747669540668292,0.8411702163818052,0.9503384580918268,0.8835400892493148
4186,1,0.9362810747098174,0.9642617035576403,0.8696687179295032,0.9502713891337289,0.9029748963196602
4187,0,0.0030431960344091,0.003875181024499039,0.0012550317864859534,0.0034591885294540693,0.0021491139104475266
4188,0,0.0038449467134625,0.002461285096574769,0.002648451995128464,0.0031531159050186344,0.0032466993542954823
4190,0,0.0034351774539623,0.0012494911790497574,0.0015724342104960498,0.0023423343165060286,0.002503805832229175
4191,0,0.0171190737965261,0.005272726370211706,0.006518921035337723,0.011195900083368904,0.011818997415931912
4192,0,0.4649673992639664,0.22051169352323532,0.5818910553228368,0.3427395463936009,0.5234292272934016
4194,0,0.0007893631694284,0.002093767094014548,6.961100186208204e-05,0.0014415651317214741,0.000429487085645241
4195,0,0.0151270625956263,0.00902509914534943,0.0030531692128369695,0.012076080870487865,0.009090115904231635
4197,0,0.0056198055225751,0.004097038517962105,0.0016279572681476345,0.004858422020268602,0.003623881395361367
4198,0,0.0038615506745338,0.004606207884821692,0.00024343254008770776,0.004233879279677746,0.002052491607310754
4199,0,0.0026848312980151,0.0024321755549535115,8.897322490768074e-05,0.0025585034264843055,0.0013869022614613903
4200,0,0.0039492818594513,0.0035649014794217667,0.0002446747633347399,0.0037570916694365333,0.00209697831139302
4201,0,0.0109160692170104,0.00953648581735487,0.005610110600184165,0.010226277517182636,0.008263089908597282
4202,0,0.1081080577854225,0.07709068311515198,0.08941783516351541,0.09259937045028724,0.09876294647446895
4203,0,0.0278765960404402,0.010839927120706772,0.01668960852762927,0.019358261580573487,0.022283102284034732
4205,0,0.0601702477433458,0.060460079619014916,0.05201970097190066,0.06031516368118035,0.05609497435762323
4206,0,0.0422838134358267,0.05522357285452387,0.01397917917902246,0.04875369314517528,0.028131496307424578
4208,1,0.0443183452474855,0.038438656325636804,0.03155935706769731,0.04137850078656115,0.03793885115759141
4209,0,0.0028015383720494,0.0026520025369671744,0.00033476562713188326,0.0027267704545082872,0.0015681519995906416
4210,0,0.0291463604387965,0.007156350778390119,0.02611259130967505,0.01815135560859331,0.027629475874235775
4211,0,0.0006450931511539,0.0012108198302232533,0.00010334981072287053,0.0009279564906885766,0.00037422148093838525
4212,1,0.2506130867349495,0.26448972308368446,0.23967943076691417,0.25755140490931694,0.24514625875093182
4214,0,0.0013750634837093,0.002473639133064259,0.0002545017194864324,0.0019243513083867796,0.0008147826015978661
4216,0,0.0021680957899703,0.002667424003136759,0.0001699424827099149,0.0024177598965535296,0.0011690191363401075
4217,0,0.034667338133287,0.0062421828936937976,0.006532579486332576,0.0204547605134904,0.020599958809809787
4218,0,0.0014742719663939,0.0021108177226075776,0.00011897141457651238,0.001792544844500739,0.0007966216904852063
4220,0,0.0007988356796373,0.0026946644683940543,0.0002237608304803836,0.001746750074015677,0.0005112982550588418
4221,0,0.0733925864511116,0.025217478975779015,0.0007955510423976828,0.04930503271344531,0.037094068746754645
4222,0,0.0007186280698489,0.001719600112434757,7.239894653807681e-05,0.0012191140911418286,0.0003955135081934884
4223,0,0.0018925307448336,0.0034891599816582386,0.0007741665625724378,0.0026908453632459193,0.001333348653703019
4226,1,0.2442908253180979,0.2321230872755805,0.23967943076691417,0.2382069562968392,0.24198512804250605
4228,0,0.0544524847670367,0.03839751799991838,0.02611259130967505,0.04642500138347754,0.040282538038355874
4229,0,0.0022062445491299,0.004258398616253405,0.0004367284074470547,0.0032323215826916525,0.0013214864782884774
4231,0,0.0013432240222554,0.003320606608828265,0.0011043149986649707,0.0023319153155418326,0.0012237695104601854
4232,0,0.4603666506556052,0.6043065562055924,0.2774849469221455,0.5323366034305987,0.3689257987888753
4233,0,0.0007802082256485,0.001963656898586456,0.00011897141457651238,0.001371932562117478,0.0004495898201125062
4234,0,0.0319981120964344,0.024952965781085846,0.023081852279047063,0.02847553893876012,0.02753998218774073
4235,0,0.0004538584978132,0.0010490566989142813,2.1863037754175238e-05,0.0007514575983637407,0.00023786076778368762
4236,0,0.0032140365422528,0.0023391239718918086,0.0019944460505842395,0.0027765802570723043,0.0026042412964185197
4238,0,0.0006992618474234,0.001195710811940057,0.00011056162223763016,0.0009474863296817285,0.00040491173483051505
4240,0,0.001040195283415,0.0019403154541096552,9.666346624535341e-05,0.0014902553687623278,0.0005684293748301767
4242,0,0.0089519282301313,0.006152906424808742,0.001441115244622152,0.007552417327470021,0.0051965217373767265
4243,0,0.0035103580797833,0.0016292469908539455,0.0007459444463363727,0.0025698025353186227,0.0021281512630598365
4244,0,0.0159619325684491,0.007347289993328391,0.0158581555383807,0.011654611280888745,0.0159100440534149
4245,0,0.0040769693750447,0.0021338423650491658,0.0016458589755437595,0.003105405870046933,0.0028614141752942297
4246,0,0.0049273226835055,0.0031482059840558644,0.0013376322504171033,0.004037764333780682,0.003132477466961302
4247,0,0.0039141231103294,0.002305250210884302,0.0007698610236615743,0.0031096866606068513,0.0023419920669954875
4248,1,0.9500812677184344,0.955952166194794,0.9085154671842222,0.9530167169566142,0.9292983674513282
4249,0,0.0039479610992943,0.0035754733253997306,0.000632562844479179,0.0037617172123470153,0.0022902619718867395
4250,1,0.9353424589975958,0.9587159154786317,0.8878078291845448,0.9470291872381138,0.9115751440910703
4252,1,0.940273165036833,0.9704394617131497,0.9527589108088801,0.9553563133749914,0.9465160379228565
4254,1,0.9292059306399292,0.9687395088926762,0.7600868308537305,0.9489727197663027,0.8446463807468299
4256,0,0.0417951000550951,0.018510690846075244,0.026263204501490132,0.030152895450585172,0.03402915227829262
4259,1,0.941505023456394,0.9694663338353101,0.7584577224633594,0.9554856786458521,0.8499813729598766
4260,0,0.0040855077132365,0.00187145864631477,0.0006301230332400139,0.002978483179775635,0.002357815373238257
4261,0,0.0143933926902219,0.009648979895700138,0.011149243264580532,0.01202118629296102,0.012771317977401216
4262,0,0.0008491527525437,0.0038559785465740277,0.004370300586343462,0.0023525656495588638,0.002609726669443581
4263,0,0.0053353912254255,0.0035526427030481682,0.0013206045406017482,0.004444016964236835,0.003327997883013624
4264,0,0.0037151016968904,0.002268139258901626,0.0007178763042523464,0.002991620477896013,0.002216489000571373
4265,0,0.005115411375654,0.0035194049737835016,0.0006706024326100629,0.004317408174718751,0.0028930069041320314
4267,0,0.0112786720147952,0.004885404672474656,0.04578412827929146,0.008082038343634928,0.028531400147043327
4268,0,0.0068920982024966,0.00489808912481175,0.0005923848096481944,0.005895093663654176,0.0037422415060723974
4269,0,0.003944477631919,0.0018672083383784622,0.0016242265774771866,0.002905842985148731,0.0027843521046980934
4270,0,0.0034066405144091,0.0029644681584889048,0.0014271933591610017,0.0031855543364490025,0.002416916936785051
4271,1,0.9480204388034904,0.9507673353264262,0.922428508755304,0.9493938870649583,0.9352244737793972
4273,0,0.0028522737740278,0.001504673651702388,0.0011788243220976686,0.002178473712865094,0.0020155490480627345
4274,0,0.0042510653920743,0.0037046173460992624,0.0017141550818061655,0.003977841369086781,0.0029826102369402327
4275,0,0.0117159567722725,0.005276224940346653,0.0031544505657892393,0.008496090856309577,0.00743520366903087
4276,0,0.0040349004345055,0.0047452927912272945,0.0005153852748542141,0.004390096612866398,0.0022751428546798572
4277,0,0.0096823972200965,0.005094153423449352,0.00355297628361106,0.007388275321772926,0.00661768675185378
4278,0,0.0024905219416162,0.003152064332737914,0.0018689058450417296,0.002821293137177057,0.002179713893328965
4280,1,0.9063557016815482,0.9570653312313461,0.8843256160421514,0.9317105164564472,0.8953406588618498
4281,0,0.0067821579297294,0.003835220457879995,0.0034207500481097477,0.005308689193804697,0.0051014539889195736
4282,0,0.0035401091979143,0.004785105899267567,0.0042967670873992996,0.0041626075485909336,0.003918438142656799
4283,1,0.8714278956777209,0.9277711278463918,0.915752642280794,0.8995995117620563,0.8935902689792574
4284,1,0.9269974814150874,0.9101750724734043,0.6558534724351459,0.9185862769442459,0.7914254769251167
4285,0,0.0060729004411388,0.003286249608029713,0.0011247726446846616,0.0046795750245842566,0.0035988365429117306
4287,0,0.0243787039176141,0.006881413960050073,0.12322267160539938,0.015630058938832087,0.07380068776150674
4288,0,0.0035985837010173,0.0029640530342803506,0.0013613562121803102,0.0032813183676488255,0.002479969956598805
4289,0,0.0202593970505645,0.016210420123168357,0.02162368637625115,0.018234908586866428,0.020941541713407827
4290,0,0.0062587809321266,0.005287394915212895,0.003623219418096514,0.005773087923669748,0.004941000175111557
4291,0,0.0032406122386144,0.004862323672221965,0.0011247726446846616,0.0040514679554181825,0.0021826924416495307
4292,0,0.1019530106781869,0.08359944951146296,0.17699346092842602,0.09277623009482494,0.13947323580330645
4294,0,0.2549399505539512,0.23145560398973916,0.6019185085299358,0.24319777727184516,0.4284292295419435
4295,0,0.018696510273833,0.037915303235638624,0.009234243640491696,0.028305906754735814,0.013965376957162347
4296,0,0.031790094364349,0.02256298393159754,0.029536857332978724,0.027176539147973272,0.030663475848663864
4297,1,0.7675811328154312,0.3124341928658767,0.9999355658557798,0.5400076628406539,0.8837583493356055
4298,0,0.0323339105256249,0.02575545209642661,0.023485820278255038,0.029044681311025757,0.027909865401939966
4299,0,0.0219347256370466,0.0036473700889674346,0.018088608093859326,0.012791047863007018,0.020011666865452964
4300,0,0.0294616985924314,0.010123414127251072,0.08904799696981675,0.019792556359841236,0.059254847781124075
4302,0,0.013863249232194,0.004502058225794073,0.002370682427716618,0.009182653728994036,0.00811696582995531
4303,0,0.0874054262637043,0.0061986223743527745,0.0009457397880806688,0.04680202431902854,0.04417558302589249
4304,0,0.0260511754398185,0.005417495965374481,0.11052526747103343,0.01573433570259649,0.06828822145542597
4306,0,0.0039733922378751,0.0019639023777657813,0.001251024859756281,0.0029686473078204406,0.0026122085488156904
4307,0,0.0053399888887477,0.0030693588427962853,0.0014145024634614088,0.004204673865771993,0.0033772456761045544
4308,1,0.8786259235786389,0.9509741991147759,0.7538172605261428,0.9148000613467073,0.8162215920523909
4309,0,0.0123065086431602,0.003222352616052485,0.0016971823888550274,0.007764430629606342,0.007001845516007613
4310,0,0.0011977173925704,0.0015350826992867046,0.0002301960095738009,0.0013664000459285524,0.0007139567010721005
4311,0,0.0027174126266466,0.0015354805657849747,0.0005699528763217535,0.0021264465962157874,0.0016436827514841766
4312,0,0.002872313141174,0.001515644777881845,0.0002301960095738009,0.0021939789595279225,0.0015512545753739004
4313,0,0.0044476489158018,0.0019744921183579745,0.0006372709994999637,0.0032110705170798875,0.0025424599576508817
4315,0,0.0002965497329491,0.0010534762204034863,1.8402977811494623e-05,0.0006750129766762931,0.00015747635538029733
4316,0,0.0027456475188306,0.0029232683944593685,0.0001899128517221537,0.002834457956644984,0.0014677801852763768
4317,0,0.0029043897393348,0.000934893006395872,0.000596358178272338,0.001919641372865336,0.001750373958803569
4318,0,0.0255143616104791,0.004538967864179805,0.048034898042280304,0.015026664737329453,0.036774629826379704
4320,0,0.0124721393937178,0.005366103999497921,0.0038569811158605523,0.00891912169660786,0.008164560254789175
4321,0,0.0094610583794722,0.005479174176546302,0.003935874393076712,0.007470116278009251,0.006698466386274455
4322,0,0.0032369195498386,0.001630981943690307,0.0005014377616340215,0.0024339507467644535,0.0018691786557363107
4323,0,0.0086442044302681,0.002725175064198364,0.0011227745852936753,0.005684689747233232,0.004883489507780887
4324,1,0.8651003337155497,0.917071222139342,0.6566634927116463,0.8910857779274459,0.760881913213598
4325,0,0.0037618050956276,0.0013234233628311054,0.001069520214449867,0.002542614229229353,0.0024156626550387336
4328,0,0.0061390273933876,0.002290018256761388,0.004381231090669108,0.004214522825074494,0.0052601292420283545
4329,1,0.8643885923224282,0.9489673226724628,0.9206822049924414,0.9066779574974455,0.8925353986574347
4330,0,0.0031609230483488,0.002995031014316585,0.002759082991146733,0.0030779770313326925,0.002960003019747767
4331,0,0.0037794170338944,0.0017142027152043959,0.0006486163201350733,0.002746809874549398,0.002214016677014737
4332,0,0.0040241392566661,0.002427176823368679,0.0005688435467987764,0.0032256580400173897,0.0022964914017324384
4333,0,0.0047975231062095,0.004553982683842374,0.0005014377616340215,0.004675752895025937,0.0026494804339217606
4334,0,0.0022794767779775,0.0018945034105071778,0.0006486163201350733,0.002086990094242339,0.0014640465490562866
4335,0,0.0039037567007175,0.0017022086034496672,0.0010988445841401278,0.0028029826520835836,0.002501300642428814
4336,0,0.0038321306894638,0.0013356978867398476,0.0010988445841401278,0.0025839142881018237,0.0024654876368019637
4337,0,0.0364176754681935,0.008243643995541422,0.09360608772959776,0.02233065973186746,0.06501188159889564
4338,0,0.011378286771729,0.006043025387621011,0.003548608054179046,0.008710656079675005,0.007463447412954023
4339,0,0.0114608171181244,0.00464524099540882,0.02167138172733956,0.00805302905676661,0.016566099422731982
4340,0,0.0084716650641612,0.0036562307102784727,0.0018227145286501172,0.006063947887219837,0.005147189796405658
4342,0,0.0191201242911473,0.0029693497097567066,0.003007805835345931,0.011044737000452004,0.011063965063246615
4343,1,0.9923682381663732,0.9997800105302934,0.9999988724476785,0.9960741243483333,0.9961835553070258
4344,0,0.0049311082124105,0.002617001844352247,0.0006662213487018262,0.0037740550283813733,0.002798664780556163
4345,0,0.0252749203916621,0.007715716711258797,0.02167138172733956,0.01649531855146045,0.023473151059500832
4346,0,0.0047585431020026,0.00178284104993268,0.001298744916885505,0.0032706920759676397,0.0030286440094440524
4347,0,0.0048059761977849,0.0025856040968312176,0.000748662882341471,0.0036957901473080586,0.0027773195400631855
4348,0,0.001551997674022,0.0046507092476050105,0.004183180845175182,0.0031013534608135052,0.002867589259598591
4349,0,0.0086237103557981,0.005677942193347709,0.0010012400344366786,0.007150826274572905,0.004812475195117389
4350,0,0.0036604218811903,0.0015712843778450454,0.0016909587944158064,0.0026158531295176726,0.0026756903378030534
4351,0,0.0039258831089839,0.0027931443697025056,0.0005719795285060885,0.0033595137393432027,0.002248931318744994
4352,0,0.013982355123499,0.004810134137641059,0.017478103778423106,0.009396244630570028,0.01573022945096105
4353,0,0.0146148569802695,0.006050475152818501,0.019654737976656303,0.010332666066544,0.0171347974784629
4354,1,0.8278015143547823,0.3505390663577428,0.9999150577095178,0.5891702903562626,0.91385828603215
4355,0,0.0353401641052882,0.0034622667677254018,0.003284909884482495,0.019401215436506802,0.01931253699488535
4356,1,0.9000471950666221,0.9691324426703654,0.8883378004626058,0.9345898188684938,0.894192497764614
4357,0,0.0035650984040767,0.0032266006501175466,0.000569076512181395,0.003395849527097123,0.0020670874581290477
4358,0,0.0279804158394545,0.008087041002363385,0.03298300457719454,0.018033728420908942,0.03048171020832452
4359,0,0.0022338170311732,0.002207078308919306,0.0013613562121803102,0.002220447670046253,0.001797586621676755
4360,0,0.0063947742209304,0.004374641257699843,0.0007765246150846883,0.005384707739315121,0.003585649418007544
4361,0,0.0041572094415197,0.0035998634197912686,0.0011827762804668158,0.0038785364306554845,0.002669992860993258
4363,0,0.0083757020352461,0.003957531456471952,0.0029856261028907123,0.006166616745859025,0.005680664069068406
4364,0,0.004387269702934,0.0032785583348124286,0.0009677276332917803,0.0038329140188732144,0.00267749866811289
4365,0,0.0031535618265626,0.003425327619703877,0.005777527294377564,0.0032894447231332385,0.004465544560470082
4366,0,0.0097779583139182,0.004472153242960485,0.003086101258915746,0.007125055778439342,0.006432029786416973
4369,0,0.0081873580137199,0.004729387327184329,0.017625864796163376,0.006458372670452114,0.012906611404941638
4370,0,0.0041439119276667,0.003510581364856725,0.0008803215490401826,0.0038272466462617124,0.002512116738353441
4372,0,0.0054332183035763,0.0027213017140787113,0.0009924444664763965,0.004077260008827506,0.003212831385026348
4373,0,0.0216577971147444,0.00424409202906767,0.015765566265458428,0.012950944571906035,0.018711681690101414
4374,0,0.0091042697790394,0.007434361303898489,0.0069385926575736435,0.008269315541468945,0.008021431218306521
4375,0,0.0188330627057594,0.016225505277361364,0.014693445746463476,0.017529283991560382,0.016763254226111437
4376,0,0.2217502103663713,0.3038918875350291,0.4897346034504061,0.2628210489507002,0.3557424069083887
4377,0,0.019677802772559,0.018577221838089814,0.01178512028885383,0.019127512305324407,0.015731461530706415
4378,0,0.2018478473220603,0.11362987456740034,0.13740158314050552,0.15773886094473033,0.16962471523128292
4380,0,0.2530811423596635,0.4116503361637407,0.08746454253324734,0.3323657392617021,0.1702728424464554
4381,0,0.4639754145913272,0.9053088927044477,0.3022543944092716,0.6846421536478875,0.3831149045002994
4382,0,0.051317867866014,0.07869074247125199,0.034913483351213706,0.065004305168633,0.04311567560861385
4383,0,0.0880342154523771,0.2593304845412505,0.02714662397325585,0.1736823499968138,0.05759041971281647
4384,1,0.9908272727513362,0.9992738878073248,0.9999902119507836,0.9950505802793306,0.9954087423510599
4386,1,0.0908402271505108,0.01654702528445725,0.06985232731193862,0.053693626217484025,0.0803462772312247
4387,0,0.0059569094926585,0.0023135086453637214,0.0006410583810208173,0.00413520906901111,0.0032989839368396585
4388,0,0.0060830336781612,0.002885891748821408,0.0005014377616340215,0.004484462713491304,0.0032922357198976104
4389,0,0.007625735751513,0.0027040547173830787,0.0015939027007414563,0.005164895234448039,0.004609819226127228
4390,1,0.9024501770441388,0.9488942815694115,0.8129505878135967,0.9256722293067752,0.8577003824288678
4391,0,0.0133251123511311,0.0020386105234894702,0.0021458001559758783,0.007681861437310285,0.007735456253553489
4392,1,0.9295259924870074,0.9584214891697409,0.6938867108136217,0.9439737408283742,0.8117063516503146
4393,0,0.0064009155488564,0.0012563267727540724,0.0006486163201350733,0.0038286211608052362,0.0035247659344957365
4394,0,0.004606175241917,0.0020916881240727607,0.00190340374209461,0.0033489316829948806,0.003254789492005805
4395,0,0.0129920158810751,0.004917810877113973,0.002370682427716618,0.008954913379094535,0.007681349154395859
4396,0,0.0050373449187024,0.0025928765974555564,0.0006410583810208173,0.003815110758078978,0.0028392016498616085
4397,0,0.0438736021435744,0.02172615525913349,0.020339697478084402,0.032799878701353945,0.032106649810829405
4398,0,0.0038737817471691,0.0023602226508135137,0.0006410583810208173,0.0031170021989913067,0.002257420064094959
4399,0,0.0051577875646729,0.002175910777657096,0.0016909587944158064,0.0036668491711649978,0.003424373179544353
4401,1,0.9169713164643998,0.9661260625650977,0.9020835985983681,0.9415486895147487,0.9095274575313839
4402,0,0.0050670376951591,0.002754479415673561,0.0006410583810208173,0.00391075855541633,0.002854048038089959
4403,0,0.0035708789236616,0.0030231049135876023,0.0005014377616340215,0.003296991918624601,0.002036158342647811
4405,0,0.0091819195861691,0.00161050894091605,0.0006486163201350733,0.005396214263542575,0.004915267953152086
4406,1,0.901568147240716,0.9380657973063847,0.6892081382904688,0.9198169722735503,0.7953881427655924
4407,1,0.934063868316978,0.9709902588375318,0.8419931575181552,0.9525270635772549,0.8880285129175666
4408,0,0.042792859212041,0.021211101267358444,0.09923734990181227,0.03200198023969972,0.07101510455692664
4409,0,0.0037915230030723,0.0034152351768498685,0.002025460042293048,0.003603379089961084,0.002908491522682674
4410,1,0.919230266622743,0.9683980613586932,0.8942063401585624,0.943814163990718,0.9067183033906527
4411,0,0.0038468386889556,0.0023741981488299042,0.0005014377616340215,0.003110518418892752,0.0021741382252948105
4412,0,0.0022296201371989,0.002986407521530184,0.0007051802303019001,0.002608013829364542,0.0014674001837504
4413,0,0.0045444557269593,0.00510083695611564,0.0005475504859090325,0.00482264634153747,0.0025460031064341664
4414,0,0.0537257232942465,0.011672035140142523,0.033969124790897795,0.03269887921719451,0.04384742404257215
4417,0,0.0025307946919635,0.0015815859674711149,0.0006486163201350733,0.0020561903297173076,0.0015897055060492865
4418,1,0.998047634433888,0.9997516837496325,0.9999994708965854,0.9988996590917603,0.9990235526652367
4419,0,0.0022406580063544,0.002333820904574735,0.0006486163201350733,0.0022872394554645675,0.0014446371632447367
4420,1,0.9481390092330636,0.87303173978141,0.9980799857977007,0.9105853745072368,0.9731094975153822
4421,0,0.0057213307287182,0.003662198563289497,0.002025460042293048,0.004691764646003849,0.003873395385505624
4422,1,0.9693833496692305,0.9832604051284324,0.9613067029432127,0.9763218773988314,0.9653450263062215
4423,0,0.0054051187861784,0.004117350412946695,0.0008000245046162482,0.004761234599562547,0.003102571645397324
4424,0,0.007706774033268,0.003207569918446705,0.0005719795285060885,0.005457171975857353,0.004139376780887044
4425,0,0.0029822303986294,0.0036224770779972946,0.0007051802303019001,0.003302353738313347,0.00184370531446565
4426,0,0.0036644200105982,0.004186110468647637,0.0007034429345624203,0.0039252652396229186,0.00218393147258031
4428,1,0.115755372014481,0.05157896704479463,0.03298300457719454,0.08366716952963782,0.07436918829583777
4429,0,0.0025694005006741,0.0037554161036135454,0.001913397824922717,0.0031624083021438228,0.0022413991627984087
4430,0,0.0038913321454052,0.001987193973320735,0.0016909587944158064,0.002939263059362968,0.002791145469910503
4431,0,0.0037492923051299,0.002407517714387723,0.0016909587944158064,0.0030784050097588116,0.0027201255497728534
4432,0,0.0205975386966482,0.006368557004832921,0.001998360256614582,0.01348304785074056,0.01129794947663139
4433,0,0.0053917834133279,0.001257609666856023,0.0008891162626138123,0.003324696540091962,0.0031404498379708564
4434,0,0.0104533316219342,0.004950688971769956,0.001998360256614582,0.007702010296852078,0.006225845939274391
4436,1,0.9231579414581526,0.9687418288387746,0.8961285495816835,0.9459498851484636,0.909643245519918
4437,0,0.0035370012180657,0.003115799030700034,0.0007765246150846883,0.003326400124382867,0.0021567629165751942
4438,0,0.0025385602511271,0.0020789214905915015,0.0016266419846547584,0.0023087408708593006,0.002082601117890929
4439,0,0.0383176769116613,0.01601492616130832,0.09711359982266593,0.02716630153648481,0.06771563836716361
4440,0,0.0544976384021399,0.031059894445419813,0.10982097009550759,0.042778766423779854,0.08215930424882374
4441,0,0.0150573370824029,0.006425517445562363,0.002804280528809628,0.010741427263982632,0.008930808805606264
4443,0,0.0034449950144037,0.002837434974556395,0.00046958439002309097,0.0031412149944800476,0.0019572897022133956
4444,0,0.0478920275358684,0.02661151572194182,0.03298300457719454,0.03725177162890511,0.04043751605653147
4445,0,0.0044675498039922,0.009474371210239066,0.0008000245046162482,0.006970960507115633,0.002633787154304224
4446,0,0.0036146189151116,0.002403257216319624,0.001998360256614582,0.003008938065715612,0.0028064895858630912
4447,0,0.0025549746631583,0.0030037127497332624,0.001203426819202239,0.0027793437064457813,0.0018792007411802696
4448,0,0.006016007412759,0.004036652502504822,0.001998360256614582,0.005026329957631911,0.004007183834686791
4449,1,0.9289435315192384,0.9563703966339945,0.6999749502183653,0.9426569640766165,0.8144592408688018
4451,0,0.0027681126115029,0.0015331342429688358,0.0009924444664763965,0.002150623427235868,0.0018802785389896483
4452,0,0.007195800099659,0.0036987028071411624,0.001203426819202239,0.0054472514534000815,0.00419961345943062
4453,0,0.0114336032991837,0.003977112636828989,0.001186712215087245,0.007705357968006345,0.006310157757135472
4455,0,0.0571860833793543,0.028707448076713743,0.09541708211676252,0.04294676572803402,0.0763015827480584
4456,0,0.0055639153777459,0.003229475649231212,0.0009677276332917803,0.004396695513488556,0.00326582150551884
4457,0,0.0105837957979056,0.0031934829011787754,0.001836147312946404,0.006888639349542187,0.006209971555426002
4458,0,0.0052733902231239,0.0037665522078830314,0.0009677276332917803,0.004519971215503465,0.00312055892820784
4459,0,0.0114721621288919,0.006733236183219171,0.0029856261028907123,0.009102699156055535,0.0072288941158913066
4460,0,0.0041758811681588,0.0033878957209044613,0.003575317988087152,0.0037818884445316304,0.003875599578122976
4461,0,0.0020373388868672,0.002009678722822891,0.0009924444664763965,0.0020235088048450455,0.0015148916766717982
4463,1,0.991213669903743,0.999443651087355,0.9999981995027374,0.995328660495549,0.9956059347032402
4464,0,0.0044362351765257,0.008270365002102128,0.002040267903773131,0.006353300089313913,0.0032382515401494154
4465,0,0.0036262647301181,0.006803897421993311,0.0019444861906319762,0.005215081076055705,0.002785375460375038
4467,0,0.0429612956870346,0.047801654345227165,0.03781385044780055,0.04538147501613088,0.040387573067417575
4468,0,0.0856515324390291,0.07203954963959139,0.055202027157746685,0.07884554103931024,0.07042677979838789
4470,1,0.0249366720561496,0.021237113686109314,0.029536857332978724,0.023086892871129458,0.02723676469456416
4471,0,0.0038869127843541,0.0021975757765071717,0.00190340374209461,0.0030422442804306357,0.002895158263224355
4472,0,0.0040078343288242,0.0018880586512827033,0.004710122408563214,0.0029479464900534517,0.004358978368693707
4475,0,0.003928452305136,0.002300751358547159,0.0005475504859090325,0.0031146018318415794,0.002238001395522516
4478,0,0.002459254385626,0.0026975353089264704,0.0007051802303019001,0.002578394847276235,0.00158221730796395
4479,0,0.0063014726736453,0.004263189734599371,0.0005014377616340215,0.005282331204122335,0.003401455217639661
4480,0,0.0060886096479308,0.0031842278552225286,0.002081268879637378,0.004636418751576664,0.004084939263784089
4481,1,0.9259822979653718,0.9527942282096682,0.6938867108136217,0.93938826308752,0.8099345043894968
4482,0,0.0025466114470833,0.0012231186831996633,0.0006486163201350733,0.0018848650651414815,0.0015976138836091866
4484,0,0.0049157832038494,0.0012716953473586156,0.0006486163201350733,0.003093739275604008,0.0027821997619922366
4485,0,0.0037813822045771,0.0038898898442977655,0.0007051802303019001,0.003835636024437433,0.0022432812174395
4486,0,0.0037338831979458,0.0025020041821583318,0.0016909587944158064,0.0031179436900520656,0.002712420996180803
4487,0,0.004154467382911,0.00422429801625754,0.002025460042293048,0.00418938269958427,0.003089963712602024
4488,0,0.005946006620216,0.003823936661081417,0.0016909587944158064,0.004884971640648709,0.0038184827073159035
4489,0,0.0048636131357169,0.0029634024916942543,0.0016909587944158064,0.003913507813705577,0.003277285965066353
4490,0,0.0041035205150862,0.0034130845169541785,0.0005475504859090325,0.003758302516020189,0.002325535500497616
4491,0,0.0030431683675898,0.002954667786780521,0.0009457397880806688,0.0029989180771851608,0.0019944540778352345
4493,0,0.0451534169063328,0.012684394935222927,0.12022517371706593,0.028918905920777865,0.08268929531169936
4495,0,0.0020964014706559,0.001586178150687433,0.000898516035564744,0.0018412898106716664,0.001497458753110322
4496,1,0.9321393743064654,0.958972090561275,0.8168924406840523,0.9455557324338701,0.8745159074952589
4497,0,0.003807854714272,0.00256526739001657,0.0016909587944158064,0.0031865610521442846,0.002749406754343903
4498,0,0.0038512750763115,0.002012833337418528,0.0007950414190008446,0.0029320542068650137,0.002323158247656172
4499,0,0.0028366209999796,0.0032280961280199538,0.0007051802303019001,0.003032358563999777,0.0017709006151407501
4500,0,0.0040758743894684,0.002266786897770072,0.0009352411325920488,0.003171330643619236,0.002505557761030225
4501,0,0.0034954845910369,0.002356269658491917,0.0005475504859090325,0.0029258771247644083,0.0020215175384729663
4502,1,0.9352656815153884,0.9706649185528716,0.8342178147524351,0.95296530003413,0.8847417481339117
4505,0,0.0022918701839139,0.002107167031177787,0.0006486163201350733,0.0021995186075458436,0.0014702432520244866
4506,0,0.0328769446470327,0.008001279548850092,0.07083670586898827,0.020439112097941397,0.05185682525801048
4508,0,0.0034182143905956,0.0019424631939178717,0.0016909587944158064,0.002680338792256736,0.002554586592505703
4509,0,0.0306291572670548,0.007704827945993392,0.06245026902394601,0.019166992606524096,0.0465397131455004
4512,0,0.0027480122834668,0.001851821542235218,0.0009097252351242414,0.002299916912851009,0.0018288687592955208
4513,0,0.0405853269096122,0.010983393187493709,0.1063638971384735,0.025784360048552956,0.07347461202404285
4514,0,0.0027458808169947,0.0031424853909772254,0.0009457397880806688,0.0029441831039859626,0.0018458103025376844
4515,0,0.0037241640138088,0.003655004250681637,0.0007681179828946381,0.0036895841322452183,0.0022461409983517188
4516,0,0.011328132216538,0.0023962084126708076,0.0036488691244763232,0.006862170314604404,0.007488500670507162
4517,0,0.0041991421454705,0.002738714898282218,0.0009311049560527627,0.0034689285218763586,0.002565123550761631
4518,0,0.0046281251634359,0.002802606542240423,0.004975009880091639,0.003715365852838161,0.004801567521763769
4519,0,0.0052071328412596,0.001244181981017764,0.0008645795685951606,0.003225657411138682,0.00303585620492738
4520,0,0.0037515525690853,0.0030696330496916575,0.0005475504859090325,0.0034105928093884786,0.002149551527497166
4523,0,0.0055056037467205,0.0037637346517606124,0.0015939027007414563,0.0046346691992405565,0.0035497532237309783
4524,0,0.0082099304549531,0.0035660708393530165,0.0035170191156710376,0.005888000647153059,0.005863474785312069
4525,0,0.0047815845425365,0.0032939106944935397,0.001998360256614582,0.00403774761851502,0.003389972399575541
4527,0,0.0042835511237901,0.002838181028970861,0.0007677517953074813,0.0035608660763804803,0.0025256514595487904
4528,1,0.91303299905588,0.9799748903630392,0.8623285391092013,0.9465039447094596,0.8876807690825406
4529,0,0.004975631329139,0.003781321548606878,0.0014666896764479872,0.004378476438872939,0.0032211605027934937
4530,0,0.0024251651645204,0.0018794571143785467,0.0013613562121803102,0.0021523111394494733,0.001893260688350355
4531,0,0.0032406019408365,0.0033715627816841296,0.001203426819202239,0.0033060823612603147,0.0022220143800193697
4532,0,0.0048088419132361,0.0024895545401574753,0.001998360256614582,0.0036491982266967874,0.003403601084925341
4533,0,0.0205670862904174,0.01276633031512551,0.04532247082672041,0.016666708302771456,0.03294477855856891
4534,1,0.8973183713263022,0.9713185450022539,0.9013639907183948,0.934318458164278,0.8993411810223485
4535,0,0.0048084837362269,0.003284228422640168,0.0009628179779664731,0.004046356079433534,0.0028856508570966866
4539,0,0.0059928199564332,0.0038603396364112917,0.0037378387430789307,0.004926579796422246,0.004865329349756065
4540,0,0.002895300912491,0.0030974634964304904,0.001203426819202239,0.002996382204460745,0.0020493638658466195
4541,0,0.0033056614321686,0.004243011107409024,0.0007765246150846883,0.003774336269788812,0.002041093023626644
4542,0,0.0162195665844734,0.013998863645815096,0.0030505198581531213,0.015109215115144249,0.009635043221313262
4543,0,0.0028125080811616,0.004252385094062369,0.0007765246150846883,0.0035324465876119845,0.0017945163481231442
4544,0,0.0051308553113782,0.003794857518295386,0.002855271538617366,0.004462856414836793,0.003993063424997783
4545,1,0.8169761603873142,0.84572383409155,0.34852454562344964,0.8313499972394321,0.5827503530053819
4548,0,0.0356009959423957,0.004605869181485619,0.001502631191291483,0.020103432561940658,0.01855181356684359
4549,0,0.0023231838948894,0.0022903800344378834,0.0009924444664763965,0.0023067819646636414,0.0016578141806828982
4550,0,0.0052720863508848,0.004229348761790189,0.0015223703993294878,0.004750717556337495,0.0033972283751071437
4552,0,0.0095928436361802,0.019333028667199124,0.013608286413269704,0.014462936151689663,0.011600565024724951
4553,0,0.0577844785273423,0.030158238613496934,0.03144324865343887,0.043971358570419616,0.04461386359039059
4554,0,0.0079111097697741,0.003754165262807723,0.0009116664614148565,0.005832637516290911,0.004411388115594478
4555,0,0.0039319949067931,0.0025143161816091612,0.004288752615505351,0.0032231555442011305,0.004110373761149226
4556,0,0.0053319023193649,0.002763347140399443,0.0015939027007414563,0.004047624729882172,0.0034629025100531784
4557,1,0.9280723352864896,0.9623695816945427,0.8918598877395315,0.9452209584905161,0.9099661115130105
4558,0,0.0028610785707972,0.001771588431447051,0.001251024859756281,0.0023163335011221254,0.0020560517152767403
4559,1,0.93133134798781,0.9654278394015472,0.8415218357979143,0.9483795936946786,0.8864265918928622
4560,0,0.0165396588051188,0.006590915315301007,0.06472206911372771,0.011565287060209904,0.04063086395942326
4561,0,0.0053067008173411,0.0031785923367003426,0.00162558444863668,0.004242646577020721,0.0034661426329888902
4562,0,0.0038442079954299,0.002586703863457718,0.0009292892656736918,0.003215455929443809,0.002386748630551796
4564,0,0.0045001238471852,0.0028995351774703266,0.0009457397880806688,0.003699829512327763,0.002722931817632934
4565,0,0.0040419188409057,0.0025015956931435965,0.0009292892656736918,0.003271757267024648,0.002485604053289696
4566,1,0.9423770890233594,0.9639747534135914,0.9073895386846775,0.9531759212184754,0.9248833138540185
4567,0,0.036981487366431,0.012996275733493557,0.13774589696057446,0.024988881549962278,0.08736369216350273
4568,0,0.0107184715601873,0.00471550077455065,0.00187391005685367,0.007716986167368975,0.006296190808520485
4569,0,0.0040314157818688,0.0026592742714559104,0.0008792769354679026,0.003345345026662355,0.0024553463586683513
4570,0,0.0051272105897805,0.0019350837140002712,0.0016909587944158064,0.0035311471518903854,0.003409084692098153
4571,1,0.9503431945270768,0.9803748734391925,0.8664402405946234,0.9653590339831346,0.9083917175608501
4572,0,0.0059925116236441,0.0031153945756815238,0.0014898498571790314,0.004553953099662812,0.0037411807404115656
4575,0,0.0121986066105318,0.001935199727194536,0.0025482263068350415,0.007066903168863168,0.00737341645868342
4577,0,0.0041757062634425,0.0034454942154663985,0.0016462611014154732,0.0038106002394544492,0.0029109836824289864
4578,0,0.0030571814590489,0.0013695009005735836,0.0007540721482559964,0.002213341179811242,0.001905626803652448
4579,0,0.0033751883983075,0.0017091725001466538,0.000632562844479179,0.002542180449227077,0.0020038756213933396
4580,1,0.9272119018387412,0.9416115288496721,0.8405296331578149,0.9344117153442066,0.8838707674982781
4582,0,0.0037791152733058,0.0015823977136075202,0.0005380186770596327,0.00268075649345666,0.0021585669751827165
4583,0,0.0022644250449512,0.0014506363188863404,0.0006143058003635751,0.0018575306819187702,0.0014393654226573876
4585,0,0.0034680664697833,0.002441585716432825,0.000632562844479179,0.0029548260931080627,0.0020503146571312393
4586,0,0.0034518874809582,0.0024058578066589614,0.000632562844479179,0.002928872643808581,0.0020422251627186896
4587,0,0.0675103330329271,0.014449513483385502,0.18011544764912826,0.0409799232581563,0.12381289034102769
4588,0,0.0028361657183598,0.0035084720869557524,0.0008363798169881844,0.003172318902657776,0.0018362727676739922
4591,0,0.0035724818499101,0.003148068042785607,0.000632562844479179,0.0033602749463478533,0.0021025223471946393
4592,0,0.0031673451512269,0.005649232774974634,0.0013892587012248837,0.004408288963100767,0.002278301926225892
4593,0,0.0034497906955849,0.0023788084067634173,0.000632562844479179,0.002914299551174159,0.0020411767700320394
4595,0,0.0367228686706794,0.026902621711190337,0.05276799655485978,0.03181274519093487,0.04474543261276959
4596,0,0.0033529790985115,0.0014727655897775218,0.0011639297540155672,0.002412872344144511,0.0022584544262635336
4597,1,0.935913481330785,0.9416779700311441,0.7600164117468523,0.9387957256809645,0.8479649465388186
4598,0,0.003348393383544,0.0014727655897775218,0.0011639297540155672,0.0024105794866607607,0.0022561615687797833
4599,0,0.0322378967894298,0.014565675655371127,0.12240879212128167,0.023401786222400463,0.07732334445535574
4602,1,0.9222435500384114,0.9613868348191067,0.7584577224633594,0.941815192428759,0.8403506362508855
4603,0,0.0084704136963505,0.0027622143964814165,0.004819798484565987,0.005616314046415958,0.006645106090458243
4604,0,0.0269431601418837,0.009589231224759213,0.00330106272813587,0.018266195683321457,0.015122111435009786
4605,0,0.0026570549924437,0.0027375780177339233,0.0009457397880806688,0.002697316505088812,0.0018013973902621843
4607,0,0.0075835599699596,0.0037022036502723957,0.0014318045335069073,0.0056428818101159975,0.004507682251733254
4608,0,0.0026542348091793,0.002738171130237007,0.0007540721482559964,0.0026962029697081536,0.0017041534787176483
4610,0,0.0050069853334036,0.005530442252826808,0.0005923848096481944,0.005268713793115204,0.0027996850715258973
4611,0,0.0410292503573049,0.017792407609567237,0.05909165920102417,0.02941082898343607,0.05006045477916453
4612,1,0.9316799400372148,0.9574736991083685,0.8913429041118449,0.9445768195727917,0.9115114220745298
4614,0,0.0466538687224152,0.018512991653547802,0.08131993719961607,0.0325834301879815,0.06398690296101564
4615,0,0.0041548143662284,0.002363027658493949,0.0008031710536712739,0.0032589210123611743,0.002478992709949837
4617,0,0.0025521042953671,0.004434118420652368,0.0031217911175816624,0.003493111358009734,0.002836947706474381
4618,0,0.0037592627955313,0.002473754011149273,0.0005755348431437831,0.003116508403340286,0.0021673988193375415
4619,1,0.9215776411420582,0.9643440179135094,0.881878884808503,0.9429608295277838,0.9017282629752805
4621,1,0.9374414143227572,0.9682692651213954,0.7753701171488533,0.9528553397220763,0.8564057657358053
4622,1,0.9221085145914056,0.9429007613882822,0.7515841838612458,0.9325046379898438,0.8368463492263257
4623,0,0.0047016588740156,0.0040923430409085405,0.0005954066571947787,0.00439700095746207,0.0026485327656051894
4624,0,0.0040148750678077,0.005493339483934472,0.0005923848096481944,0.004754107275871086,0.002303629938727947
4625,0,0.0078100098809186,0.0031884178517811953,0.0038460201616668946,0.005499213866349897,0.005828015021292748
4626,0,0.0101102324473885,0.003940150731244272,0.0024271056954658092,0.007025191589316386,0.006268669071427154
4627,0,0.0025571463239556,0.003478487813261943,0.001411843043888407,0.0030178170686087713,0.0019844946839220035
4629,0,0.0051864694399091,0.0037207425512853524,0.0011379949879391643,0.0044536059955972256,0.003162232213924132
4630,0,0.0027202115538337,0.0046582767366710595,0.003046572095970664,0.00368924414525238,0.002883391824902182
4631,0,0.0027399562153373,0.005056990651380609,0.003658854917176532,0.0038984734333589546,0.003199405566256916
4632,0,0.049613704900416,0.01225597068320773,0.009043652186935678,0.030934837791811866,0.029328678543675837
4636,0,0.0295497274032357,0.03215531383706488,0.03602068019523331,0.03085252062015029,0.032785203799234504
4637,0,0.0401006672300019,0.0707686415980098,0.011689954434613996,0.05543465441400585,0.02589531083230795
4638,0,0.0430929607381982,0.0587861491367712,0.019092450901107914,0.0509395549374847,0.031092705819653055
4639,0,0.0306882086144533,0.010617870655077646,0.02389968816794979,0.020653039634765474,0.027293948391201542
4640,0,0.0502647550606145,0.03960687974320591,0.030912111519007787,0.0449358174019102,0.04058843328981114
4642,0,0.0735087282813697,0.03865643093827402,0.005365510940204486,0.05608257960982186,0.039437119610787094
4643,1,0.9876345116272393,0.9996821285878554,0.9999939262680586,0.9936583201075473,0.9938142189476489
4644,1,0.9872415249777124,0.9997341600406631,0.9999939262680586,0.9934878425091878,0.9936177256228855
4645,0,0.0671141032364897,0.09817589999999768,0.024909132724634325,0.08264500161824369,0.04601161798056201
4646,0,0.4844002366154216,0.3993466834302578,0.297142284075443,0.44187346002283967,0.3907712603454323
4647,1,0.0629252851904712,0.0069486599198598925,0.012803806815191719,0.03493697255516555,0.03786454600283146
4648,0,0.0052835594143213,0.0030400649483666555,0.00092305992684907,0.004161812181343977,0.003103309670585185
4650,0,0.0747107565471616,0.020661679627490215,0.045870939074303084,0.047686218087325906,0.06029084781073234
4653,0,0.007675144245829,0.0013567812435685074,0.0011650571474077194,0.004515962744698753,0.00442010069661836
4654,0,0.0035738023112835,0.002066191831393822,0.000632562844479179,0.002819997071338661,0.0021031825778813395
4655,0,0.0061778666282157,0.0011877232920940127,0.0007923436159761116,0.0036827949601548563,0.0034851051220959055
4658,0,0.0022916212407907,0.0010235061545146341,0.0006143058003635751,0.0016575636976526671,0.0014529635205771376
4659,0,0.0023989975571795,0.000999618436015556,0.0006143058003635751,0.001699307996597528,0.0015066516787715376
4661,0,0.0108305395777465,0.004463953998499033,0.001374297668701598,0.007647246788122767,0.006102418623224049
4662,1,0.9333450834531312,0.9663737846329955,0.9360809008049129,0.9498594340430633,0.934712992129022
4663,0,0.002833453261534,0.0025904337117234034,0.0008273787883870418,0.0027119434866287014,0.0018304160249605207
4664,0,0.0376186398971238,0.019524247696206382,0.05369352387536029,0.02857144379666509,0.045656081886242046
4666,1,0.927609868297752,0.9675971628696249,0.7828538536928102,0.9476035155836885,0.8552318609952811
4667,0,0.0032136487443054,0.003129333932460516,0.0008273787883870418,0.003171491338382958,0.0020205137663462207
4669,0,0.0060558212784629,0.0024273642226340505,0.005593368126102468,0.004241592750548475,0.005824594702282684
4670,1,0.9340130654173464,0.9673700236678584,0.8405296331578149,0.9506915445426024,0.8872713492875807
4671,0,0.003734170847309,0.001724216880088854,0.0005380186770596327,0.002729193863698927,0.0021360947621843164
4672,0,0.0071392284944901,0.004383080985918165,0.000632562844479179,0.0057611547402041325,0.0038858956694846395
4674,0,0.0025316356477535,0.0015106221161655105,0.0006143058003635751,0.002021128881959505,0.0015729707240585377
4675,0,0.0380125625105266,0.012940396482952057,0.06139547696113085,0.025476479496739327,0.049704019735828726
4676,0,0.003683160913522,0.0020243851050660952,0.001374297668701598,0.0028537730092940477,0.002528729291111799
4677,0,0.0034972303066283,0.0026966147597856293,0.0005755348431437831,0.003096922533206965,0.0020363825748860418
4678,0,0.0082281636264488,0.003955300695767436,0.001374297668701598,0.006091732161108117,0.004801230647575198
4679,0,0.005983209549678,0.002720412859491129,0.0005380186770596327,0.004351811204584564,0.0032606141133688163
4680,0,0.0041419801816986,0.0017545155300739774,0.0005380186770596327,0.0029482478558862887,0.002339999429379116
4681,0,0.0135439962025448,0.0028588406096094216,0.0012212210518725186,0.008201418406077111,0.007382608627208659
4682,0,0.0116011984783411,0.0021570752729350847,0.001374297668701598,0.0068791368756380925,0.0064877480735213485
4684,0,0.0046785078174202,0.002265874993148386,0.0005380186770596327,0.0034721914052842934,0.0026082632472399165
4685,1,0.0128635940690887,0.002352608442249517,0.0038460201616668946,0.007608101255669109,0.008354807115377798
4687,0,0.0044544819536818,0.002544557786920236,0.000632562844479179,0.003499519870301018,0.0025435223990804895
4688,0,0.0029377838442598,0.0026284782373302224,0.0007540721482559964,0.002783131040795011,0.001845927996257898
4690,0,0.0034761970249935,0.0038564956114282537,0.0009110749551004484,0.003666346318210877,0.0021936359900469743
4692,0,0.0043602953669568,0.001750799186816516,0.001374297668701598,0.003055547276886658,0.002867296517829199
4693,0,0.0069201399556666,0.0033310832904547647,0.0028620080956388277,0.0051256116230606824,0.004891074025652714
4696,0,0.0041548242217739,0.0018315285958199717,0.0006301230332400139,0.0029931764087969357,0.002392473627506957
4697,0,0.0031634117333502,0.0009616238754441252,0.0008188543810426485,0.0020625178043971624,0.001991133057196424
4698,0,0.004188097980242,0.002887978775252526,0.0005683850043934596,0.0035380383777472635,0.00237824149231773
4699,0,0.0065103985694738,0.0034065455757344835,0.0005923848096481944,0.004958472072604142,0.0035513916895609974
4700,0,0.0108075160534788,0.0012142282310727305,0.002707929426577715,0.0060108721422757645,0.006757722740028257
4701,0,0.0035559792570957,0.002401651702870183,0.0007178763042523464,0.0029788154799829415,0.002136927780674023
4702,0,0.002399765506322,0.0032700831968246573,0.0009110749551004484,0.0028349243515733286,0.0016554202307112241
4704,0,0.0420343458547488,0.009883439683683727,0.008186562305689541,0.025958892769216264,0.02511045408021917
4705,0,0.0062665052642856,0.0017893911704881518,0.00147080809293817,0.004027948217386876,0.003868656678611885
4706,0,0.0055514090000251,0.003129398129357588,0.001203918834303805,0.004340403564691344,0.0033776639171644524
4707,0,0.002642875151801,0.0031480308999935857,0.0008656079783594783,0.002895453025897293,0.0017542415650802392
4709,0,0.0057071834983058,0.002631044903153763,0.0021666129607325647,0.0041691142007297816,0.003936898229519183
4710,0,0.0272126615382214,0.007927548448599154,0.011374583288250585,0.017570104993410277,0.019293622413235994
4711,0,0.003407043247234,0.002246195654071974,0.0005923848096481944,0.002826619450652987,0.0019997140284410972
4712,0,0.0074997172536693,0.004692659702063738,0.0022118326388227507,0.00609618847786652,0.004855774946246025
4713,0,0.0042343793108338,0.0018723912825123188,0.0009927507351457964,0.003053385296673059,0.002613565022989798
4714,0,0.0190390517203414,0.0055866964429778475,0.0014318045335069073,0.012312874081659623,0.010235428126924153
4715,0,0.0053742883513287,0.002414161085731385,0.009895461871303118,0.0038942247185300427,0.007634875111315909
4716,0,0.0067056956983919,0.005769705124588125,0.0005923848096481944,0.006237700411490013,0.0036490402540200473
4717,0,0.0032449417511876,0.0013721479482213176,0.0007377746645563395,0.0023085448497044588,0.0019913582078719696
4718,0,0.0319839354944457,0.013931871603172911,0.047723704607237294,0.022957903548809305,0.039853820050841496
4719,1,0.8317983964068492,0.8036633475953889,0.38565829453165684,0.817730872001119,0.608728345469253
4720,0,0.0043653623787228,0.0022183258678077247,0.002321079760430961,0.003291844123265262,0.0033432210695768802
4721,1,0.9057841462437992,0.9697983820231765,0.8614351476565121,0.9377912641334878,0.8836096469501556
4722,0,0.0024527862892815,0.0035913945294273153,0.0020845867911792678,0.003022090409354408,0.0022686865402303837
4723,0,0.0493210912479164,0.03371604274477652,0.05276799655485978,0.04151856699634646,0.05104454390138809
4724,1,0.832711535545773,0.8365806720226312,0.8581397871602195,0.8346461037842021,0.8454256613529962
4727,0,0.0569262671162713,0.02502541833431196,0.026727736180208586,0.04097584272529163,0.04182700164823994
4729,0,0.0619959492022385,0.012943190163160426,0.023464967329919744,0.03746956968269946,0.04273045826607912
4730,1,0.9902885834049412,0.999666348091959,0.9999887885253933,0.99497746574845,0.9951386859651672
4731,0,0.0245320907065581,0.025034617660033207,0.016499777177464422,0.024783354183295653,0.02051593394201126
4733,0,0.1526238515283173,0.04396960875930076,0.04839368188801808,0.09829673014380903,0.10050876670816769
4734,0,0.0449659371389834,0.04305352194303415,0.035893596571769035,0.04400972954100878,0.04042976685537622
4735,0,0.1095133067114933,0.04563402213680697,0.06565369258773823,0.07757366442415013,0.08758349964961576
4738,1,0.921992263207052,0.9507936482154786,0.886502032017412,0.9363929557112654,0.904247147612232
4741,0,0.0037892166797524,0.002110783937973208,0.0005380186770596327,0.0029500003088628038,0.0021636176784060163
4742,0,0.0340075812590884,0.02209531070475235,0.08462859369764172,0.028051445981920373,0.05931808747836506
4744,0,0.0266400361746207,0.010741510780592921,0.02571393051845291,0.01869077347760681,0.026176983346536804
4745,0,0.0488623773137724,0.011433534190463111,0.039040458192580695,0.030147955752117758,0.04395141775317655
4747,0,0.0142421978827429,0.008780790325021928,0.0014042178949623624,0.011511494103882414,0.00782320788885263
4748,0,0.003586606560652,0.0020051242090096334,0.0006728347638297927,0.0027958653848308168,0.0021297206622408965
4749,1,0.9293864384207152,0.9589789869022124,0.8448709228524626,0.9441827126614638,0.8871286806365889
4751,0,0.0045286977420536,0.002526301884480858,0.001374297668701598,0.0035274998132672286,0.002951497705377599
4752,0,0.0036979225481989,0.0010569353548661026,0.0006143058003635751,0.0023774289515325012,0.0021561141742812377
4753,0,0.004371595898056,0.0026400439341809166,0.001374297668701598,0.0035058199161184583,0.002872946783378799
4754,0,0.0022774825727398,0.0010483490149725788,0.0006143058003635751,0.0016629157938561894,0.0014458941865516876
4755,0,0.0844357196330319,0.04878468673071087,0.11618274935907939,0.06661020318187139,0.10030923449605564
4756,1,0.9361215019349788,0.9601707102748872,0.9207823388092087,0.948146106104933,0.9284519203720938
4759,0,0.0120211894548027,0.003920308035278492,0.0028483156092453886,0.007970748745040597,0.007434752532024045
4760,1,0.9220142203397256,0.9636521149719269,0.6504663031585689,0.9428331676558263,0.7862402617491473
4761,0,0.0031439409136213,0.0012453838336095246,0.0006143058003635751,0.0021946623736154125,0.0018791233569924377
4762,1,0.9399355526811491,0.9773237122447206,0.8267548619363981,0.9586296324629349,0.8833452073087736
4763,1,0.9182215923299446,0.8389367616853295,0.9989509355468389,0.878579177007637,0.9585862639383917
4764,0,0.0372396243301803,0.004283988630302196,0.005385729764285238,0.020761806480241247,0.02131267704723277
4765,0,0.0698376886811407,0.014503287960493586,0.047865207243490526,0.04217048832081714,0.05885144796231561
4766,0,0.0077127587687003,0.0021377071018710762,0.00092305992684907,0.004925232935285688,0.004317909347774685
4767,0,0.002358150785475,0.0026949043668469817,0.0006210330841877412,0.002526527576160991,0.0014895919348313705
4769,1,0.9296330758683192,0.9528759115420578,0.8085304250491006,0.9412544937051885,0.8690817504587098
4770,0,0.0055526143965893,0.0024723266752576965,0.00043279157648974746,0.004012470535923498,0.0029927029865395235
4771,1,0.9138928802116448,0.9442065372783326,0.8928238161420494,0.9290497087449887,0.9033583481768471
4773,0,0.0222323776812501,0.0054946755397306535,0.0051472663477431626,0.013863526610490376,0.01368982201449663
4774,0,0.0554589218101116,0.012038750298995952,0.04332333978213001,0.033748836054553775,0.0493911307961208
4775,0,0.0038726179227838,0.0018773236635936884,0.00037139044124554334,0.002874970793188744,0.002122004182014672
4776,0,0.0033590450019865,0.0018747047367431119,0.0003938670087940237,0.0026168748693648058,0.001876456005390262
4777,0,0.0028329437076731,0.0010924273806493083,0.0006754291459069936,0.001962685544161204,0.0017541864267900467
4778,0,0.0008956898623646,0.0027841563769530975,0.0001295094280966308,0.0018399231196588488,0.0005125996452306154
4779,1,0.2738216389717807,0.46917396146000623,0.23135412759420715,0.37149780021589346,0.2525878832829939
4780,0,0.0011818069444359,0.0012071288146554978,0.0003058317882941834,0.001194467879545699,0.0007438193663650418
4781,0,0.0008599949413423,0.0015024753262693237,0.00016148673102965504,0.0011812351338058118,0.0005107408361859775
4782,0,0.0176727900575428,0.003966408883133979,0.01342735248275683,0.01081959947033839,0.015550071270149814
4783,0,0.0060343958688137,0.014867356836233164,0.0034130240925234817,0.010450876352523432,0.004723709980668591
4784,0,0.0005794376004139,0.0005931992626698729,0.00010346097974095781,0.0005863184315418865,0.00034144929007742895
4785,0,0.0005107217177017,0.0010259324028614723,5.147621652969396e-05,0.0007683270602815862,0.000281098967115697
4787,0,0.0003266150586267,0.0008671144119883806,5.8314750734641774e-05,0.0005968647353075402,0.0001924649046806709
4789,0,0.000741668679665,0.0014680457448192007,4.782667701274761e-05,0.0011048572122421003,0.00039474767833887377
4791,0,0.0013588431761894,0.002009399967343895,0.0004760513841875023,0.0016841215717666475,0.0009174472801884512
4792,0,0.0009965228813667,0.002299242739604748,0.00010346097974095781,0.001647882810485724,0.0005499919305538289
4793,0,0.0006323544625441,0.0010425778053568201,0.00010346097974095781,0.0008374661339504601,0.00036790772114252894
4795,0,0.000643533384467,0.001256787256081341,8.677087388982689e-05,0.0009501603202741705,0.0003651521291784134
4796,0,0.003117399997588,0.005092173044858224,0.0015560299304187813,0.0041047865212231124,0.0023367149640033907
4798,0,0.0045187794755916,0.003179702286192314,0.0017539218098187527,0.003849240880891957,0.003136350642705176
4799,0,0.0010627959029681,0.0018437046451214342,0.00012910160335190482,0.001453250274044767,0.0005959487531600025
4800,0,0.0016375286709625,0.0033830598785583835,0.0005527212302640325,0.0025102942747604415,0.0010951249506132663
4801,0,0.0068659177524607,0.005715126653903625,0.0004934598495789847,0.006290522203182162,0.003679688801019842
4803,0,0.008758958287294,0.011422504416382605,0.0024925022738359177,0.010090731351838304,0.005625730280564959
4804,0,0.0008414087577498,0.001589264426789836,9.16427943460671e-05,0.001215336592269818,0.0004665257760479335
4805,0,0.0011673493628627,0.0007528109675333861,0.00015471976350860044,0.000960080165198043,0.0006610345631856503
4807,0,0.0212697761366678,0.0038256100324261916,0.0009317021343826211,0.012547693084546995,0.011100739135525211
4808,0,0.0003431871648563,0.0016279678616107096,8.308974751428856e-05,0.0009855775132335048,0.00021313845618529427
4811,0,0.0022256348830284,0.0033477292129349464,0.00015486695566885702,0.0027866820479816733,0.0011902509193486286
4812,0,0.0044113793072758,0.008783948977998543,0.00047374308393566955,0.006597664142637172,0.002442561195605735
4813,0,0.0084958142011212,0.003990726901361429,0.010771227810560616,0.006243270551241315,0.009633521005840908
4814,0,0.0222197746032307,0.019267461091850933,0.01931167401272315,0.020743617847540814,0.020765724307976925
4815,1,0.9335197701529844,0.977239836696496,0.9964630863836649,0.9553798034247402,0.9649914282683246
4816,0,0.043864242449878,0.029083725706250996,0.042500272918513674,0.0364739840780645,0.04318225768419584
4818,0,0.0035082161409954,0.0014015017781199351,0.00022637751258149344,0.0024548589595576676,0.0018672968267884468
4819,0,0.0030526048344977,0.0013665128759509995,0.0007540721482559964,0.00220955885522435,0.0019033384913768481
4820,0,0.001791775622253,0.0022286013730752623,0.00014730370350640463,0.0020101884976641313,0.0009695396628797024
4821,0,0.0014418886786828,0.0026830763468428955,0.0005828920119999612,0.002062482512762848,0.0010123903453413807
4822,0,0.0305985305741186,0.010024561138110132,0.045549175984012764,0.020311545856114367,0.03807385327906568
4823,0,0.0038225337644098,0.0009424022184372559,0.0006143058003635751,0.002382467991423528,0.0022184197823866877
4826,0,0.0023800269423996,0.003033777841660401,0.0007765747341984346,0.0027069023920300007,0.0015783008382990174
4827,0,0.0060210263189545,0.002935087463024918,0.0016916393307304285,0.0044780568909897085,0.003856332824842464
4828,0,0.0740396796425433,0.01339923797013751,0.04091871798854408,0.0437194588063404,0.05747919881554368
4830,0,0.0038570703575123,0.0021835803210977084,0.0005380186770596327,0.003020325339305004,0.0021975445172859663
4831,0,0.0048227627971272,0.0011328336052735487,0.00048213320279152016,0.0029777982012003743,0.0026524479999593597
4832,1,0.896939014937252,0.9565403586878531,0.6841795630380528,0.9267396868125526,0.7905592889876525
4833,0,0.0112443439779471,0.004835575830848246,0.0012112515720201476,0.008039959904397674,0.006227797774983624
4834,1,0.7458121316315122,0.8811773652412515,0.40455324621227523,0.8134947484363818,0.5751826889218937
4835,0,0.0075829822947655,0.0030387489571754543,0.0005380186770596327,0.0053108656259704765,0.004060500485912566
4836,0,0.0417832515330025,0.015118191048945054,0.10982728468471835,0.028450721290973775,0.07580526810886043
4837,1,0.9501166167667044,0.9558219846825449,0.851431724379675,0.9529693007246247,0.9007741705731898
4838,0,0.0056585199123773,0.0027665520269765107,0.0012847448150344544,0.0042125359696769055,0.0034716323637058776
4839,0,0.001349365523158,0.0014171386357991103,0.0022007250523992,0.001383252079478555,0.0017750452877786
4841,1,0.9569096222113128,0.9762721387419059,0.9184486863859307,0.9665908804766093,0.9376791542986218
4842,0,0.0342026316622147,0.004321743331148754,0.046411144824968206,0.019262187496681724,0.04030688824359145
4844,0,0.0030991417729687,0.0040177990119397095,0.001303998212482956,0.0035584703924542048,0.002201569992725828
4845,1,0.9463693762876092,0.9778579392174144,0.8405296331578149,0.9621136577525118,0.893449504722712
4847,0,0.0040120430751696,0.002397061146592526,0.000632562844479179,0.003204552110881063,0.0023223029598243893
4848,0,0.0099452740612561,0.0016533939404764708,0.0020324526448882237,0.005799334000866285,0.0059888633530721614
4849,0,0.0304349899724281,0.01895865480784375,0.09252854275744146,0.024696822390135924,0.061481766364934784
4850,0,0.0083334628712249,0.0036172269148323525,0.0012112515720201476,0.0059753448930286255,0.004772357221622524
4851,0,0.028681867487583,0.00852072949969465,0.07652311239172817,0.018601298493638826,0.052602489939655585
4852,1,0.9136253262047792,0.946155309885057,0.8948602723418368,0.9298903180449181,0.904242799273308
4853,0,0.0022072272708479,0.0011320562539166937,0.0006143058003635751,0.001669641762382297,0.0014107665356057376
4854,0,0.0042167959486496,0.0018834571494674235,0.0005380186770596327,0.0030501265490585116,0.002377407312854616
4855,0,0.0025080156324968,0.0011977429400996957,0.0006143058003635751,0.0018528792862982477,0.0015611607164301875
4856,0,0.3301290206530515,0.24252651309925619,0.10803598011311741,0.28632776687615386,0.21908250038308447
4857,0,0.000735900125972,0.002604778692754338,4.253749338363563e-05,0.001670339409363169,0.00038921880967781783
4858,0,0.0004930868992762,0.0021663109786463344,0.000530117474530888,0.001329698938961267,0.000511602186903544
4859,0,0.2922511681243598,0.23831169413438472,0.14978208798644502,0.26528143112937225,0.2210166280554024
4860,0,0.0007094412652038,0.0006373726089703974,8.752034112363504e-05,0.0006734069370870988,0.0003984808031637175
4862,0,0.000768519693584,0.0014297620905036927,0.0001295094280966308,0.0010991408920438463,0.0004490145608403154
4863,0,0.4011778526611417,0.4664826240936748,0.22389376593425286,0.43383023837740825,0.3125358092976973
4865,0,0.0012875453577883,0.0016080115510019146,4.982378954768165e-05,0.0014477784543951073,0.0006686845736679908
4866,0,0.0004321874944331,0.0019096383609621878,5.359326384364568e-05,0.0011709129276976438,0.00024289037913837282
4868,0,0.0043554010634941,0.005359826278908769,0.0034130240925234817,0.004857613671201435,0.0038842125780087907
4869,0,0.0006145325549684,0.001539916340167599,0.00015702707072302993,0.0010772244475679995,0.00038577981284571494
4870,0,0.0003441733153575,0.0021400329916498964,0.00013547989663345334,0.001242103153503698,0.00023982660599547668
4871,0,0.0009760439679901,0.0025512431082186458,0.0001295094280966308,0.0017636435381043728,0.0005527766980433653
4872,0,0.0002886919243878,0.0022706864522914613,3.725154770645778e-05,0.0012796891883396307,0.0001629717360471289
4873,0,0.0176497103350911,0.014791906063825551,0.005053215581869177,0.016220808199458325,0.011351462958480139
4875,0,0.0006101003059788,0.0008021899797413459,0.00010346097974095781,0.000706145142860073,0.00035678064285987895
4876,0,0.0002893595106941,0.0021683876900214284,4.6031669697520665e-05,0.0012288736003577643,0.00016769559019581034
4877,0,0.0003882240129072,0.0015988437477051389,3.6606295937163665e-05,0.0009935338803061695,0.00021241515442218183
4879,0,0.0066023868764691,0.009583394788353367,0.0013756879250699234,0.008092890832411234,0.003989037400769511
4880,0,0.0002640770780109,0.0017452184616451075,5.359326384364568e-05,0.0010046477698280039,0.00015883517092727284
4881,0,0.0008267585429537,0.00258478346149548,6.351681464514828e-05,0.0017057710022245901,0.0004451376787994242
4883,0,0.0003932456334835,0.001801259392291593,9.815610504334971e-05,0.0010972525128875466,0.00024570086926342487
4884,0,0.001327197767301,0.0030595816983510307,9.39452042408782e-05,0.0021933897328260156,0.0007105714857709391
4885,0,0.0007829225324618,0.0010684339268715662,0.0003275980903427549,0.0009256782296666831,0.0005552603114022775
4889,0,0.0020900390954359,0.0011535914459895357,0.00015471976350860044,0.0016218152707127178,0.0011223794294722503
4890,0,0.0007730703512371,0.0013748348865725514,7.852297932770814e-05,0.0010739526189048258,0.0004257966652824041
4891,0,0.0008303230913306,0.0033328463409023263,3.4355574190598286e-05,0.002081584716116463,0.00043233933276059914
4893,0,0.0024133102376416,0.004064489213798915,0.0008172392189666742,0.0032388997257202577,0.0016152747283041371
4894,0,0.0023970831574077,0.0020689019000402556,3.6606295937163665e-05,0.002232992528723978,0.0012168447266724318
4895,0,0.00067333681881,0.0041267210278320525,4.628962109966321e-05,0.002400028923321026,0.0003598132199548316
4896,0,0.0433734450057817,0.023910589610926365,0.11184833484987379,0.03364201730835403,0.07761088992782775
4897,0,0.0105815611817593,0.011755754824143214,0.015261065813716466,0.011168658002951257,0.012921313497737882
4899,0,0.3023119287642156,0.16187888585345944,0.029697946285180164,0.23209540730883751,0.1660049375246979
4900,0,0.3416370855384463,0.13564293089388874,0.22286851483971493,0.23864000821616752,0.2822528001890806
4901,0,0.0849434179505077,0.02953638431201586,0.030217710694041763,0.057239901131261775,0.05758056432227473
4902,0,0.0521580792056762,0.10126569118625901,0.01672038087183719,0.07671188519596761,0.034439230038756694
4903,0,0.4032404097264783,0.3043518917377318,0.4482624262852187,0.353796150732105,0.4257514180058485
4904,0,0.0011630274279355,0.0013717125924039438,0.00013547989663345334,0.001267370010169722,0.0006492536622844766
4906,0,0.0100188007808764,0.008664042363034849,0.0030616826240561345,0.009341421571955624,0.006540241702466267
4907,0,0.0011752915046012,0.001979389612049422,9.853591212146892e-05,0.0015773405583253109,0.0006369137083613345
4908,0,0.0007204663263826,0.001649005431434912,4.5270246895632335e-05,0.001184735878908756,0.00038286828663911616
4909,0,0.0058947678870268,0.0020945194732520287,0.00017388846587281263,0.003994643680139414,0.0030343281764498064
4910,0,0.0019689053984746,0.0014168627229013654,4.866606595716522e-05,0.0016928840606879828,0.0010087857322158827
4911,0,0.0003600311209347,0.0013864135729268958,4.866606595716522e-05,0.0008732223469307979,0.00020434859344593262
4912,0,0.0007967522618233,0.002244482451268985,5.187022842688872e-05,0.0015206173565461426,0.00042431124512509435
4913,0,0.0006834956683451,0.0014365149864048522,4.795952938422502e-05,0.001060005327374976,0.0003657275988646625
4914,0,0.0003958878984446,0.0014045144343539635,4.866606595716522e-05,0.0009002011663992817,0.00022227698220088262
4915,0,0.000372501119639,0.0015672570752158115,4.866606595716522e-05,0.0009698790974274058,0.00021058359279808262
4917,0,0.0002827926915188,0.0018502131951500347,5.686162698552852e-05,0.0010665029433344173,0.00016982715925216424
4918,0,0.0006525647809704,0.0020062433002912983,4.253749338363563e-05,0.0013294040406308491,0.0003475511371770178
4919,0,0.0005561598374942,0.0018922902477775097,4.5270246895632335e-05,0.001224225042635855,0.0003007150421949162
4921,1,0.9810537293668292,0.9937701090874046,0.9987179398018766,0.9874119192271169,0.9898858345843529
4922,0,0.0081957452593615,0.006033814905397347,0.001468914793820928,0.007114780082379424,0.004832330026591214
4923,0,0.0006004765753837,0.0010321632641063251,4.795952938422502e-05,0.0008163199197450126,0.0003242180523839625
4924,0,0.0008523733453709,0.002826094861830402,0.0001295094280966308,0.001839234103600651,0.0004909413867337654
4925,0,0.0003431356244037,0.0016185188983161034,4.866606595716522e-05,0.0009808272613599017,0.00019590084518043263
4926,0,0.0017002051530454,0.00124425503818087,4.5270246895632335e-05,0.001472230095613135,0.0008727376999705162
4927,0,0.0003547742381028,0.0012581296730096246,1.742891529786407e-05,0.0008064519555562123,0.00018610157670033203
4928,0,0.0018369617281295,0.002052020089620204,4.253749338363563e-05,0.001944490908874852,0.0009397496107565679
4930,0,0.0210472093317475,0.004309793310299449,0.0018946755980219407,0.012678501321023473,0.011470942464884719
4931,0,0.000864023245045,0.0011700834640603502,4.866606595716522e-05,0.0010170533545526752,0.00045634465550108263
4932,0,0.0006259882573761,0.0018376427853320605,8.752034112363504e-05,0.0012318155213540802,0.00035675429924986754
4933,0,0.0024261313043874,0.0040729378572490205,0.00025746353256182096,0.0032495345808182105,0.0013417974184746105
4934,0,0.0007557280770615,0.0013212590145104206,4.795952938422502e-05,0.0010384935457859604,0.0004018438032228625
4935,0,0.0008614217017599,0.0012899313562598083,4.866606595716522e-05,0.0010756765290098542,0.0004550438838585326
4936,0,0.0005666161588064,0.0011173428220740374,8.752034112363504e-05,0.0008419794904402187,0.00032706824996501756
4938,0,0.0003621746156661,0.0012042798169601574,1.867803083742725e-05,0.0007832272163131287,0.00019042632325176362
4940,0,0.0241297341212,0.011917108315188042,0.004493609016280134,0.018023421218194023,0.014311671568740067
4942,0,0.0005398260627547,0.0009163090613135721,3.597931726990411e-05,0.000728067562034136,0.00028790269001230205
4943,0,0.0005811173537219,0.0011234789195538233,4.053405413975282e-05,0.0008522981366378616,0.0003108257039308264
4944,0,0.001402709964731,0.002557339775465076,0.000505417150681265,0.001980024870098038,0.0009540635577061325
4945,0,0.0002993710145959,0.0025250669143088477,0.0002995413892383436,0.0014122189644523739,0.00029945620191712183
4947,0,0.0003696396883763,0.00173662037614916,5.359326384364568e-05,0.00105313003226273,0.00021161647610997282
4951,0,0.0021377457409191,0.002019858977479447,0.00013782878489843295,0.0020788023591992734,0.0011377872629087665
4952,0,0.0006053118497287,0.0011052354050766532,5.302461472999557e-05,0.0008552736274026766,0.0003291682322293478
4953,0,0.0050293718457529,0.005003534785110789,0.0004934598495789847,0.005016453315431844,0.0027614158476659423
4954,0,0.0013497599067192,0.0012944939799917471,0.00012928961309351442,0.0013221269433554735,0.0007395247599063572
4955,0,0.0032097507383717,0.0015326856769510597,0.00024933299099266575,0.00237121820766138,0.0017295418646821829
4956,0,0.0115366054965096,0.010319544937337964,0.0002601064911690278,0.010928075216923782,0.005898355993839314
4957,0,0.0016373861914102,0.00377567085923311,7.870789338177053e-05,0.002706528525321655,0.0008580470423959853
4958,0,0.0006398931540447,0.0012006609340529087,5.4567334183963835e-05,0.0009202770440488043,0.0003472302441143319
4960,0,0.00042281185768,0.0034982175962473753,0.0007693385795858969,0.0019605147269636876,0.0005960752186329485
4961,0,0.0340582358695736,0.017138881078284384,0.002090089358250494,0.025598558473928994,0.018074162613912047
4963,0,0.0034149683749062,0.00330491872257881,9.559939507129743e-05,0.003359943548742505,0.0017552838849887486
4965,0,0.0006797778396365,0.0010804442571784654,7.852297932770814e-05,0.0008801110484074827,0.00037915040948210407
4967,0,0.0010545248666706,0.0017120518976141857,0.0002275752059430912,0.0013832883821423927,0.0006410500363068455
4969,0,0.0009533435904387,0.0019226194862240475,0.00014096835431247004,0.001437981538331374,0.000547155972375585
4970,0,0.0008615988802843,0.0010240045238987527,7.852297932770814e-05,0.0009428017020915264,0.00047006092980600406
4971,0,0.0004838330721631,0.0011950943362322316,7.018457913923817e-05,0.0008394637041976658,0.0002770088256511691
4972,0,0.0011927618884018,0.001659781010954183,0.0002421925334098274,0.0014262714496779915,0.0007174772109058136
4973,0,0.0008702854997958,0.002085977446225584,0.00023454732733521025,0.001478131473010692,0.0005524164135655051
4974,0,0.0018456001655349,0.0013905513841881408,8.356736986748847e-05,0.0016180757748615205,0.0009645837677011943
4975,0,0.0028102170414239,0.0030217487209454213,0.0017539218098187527,0.002915982881184661,0.0022820694256213267
4976,0,0.001420805974059,0.0028671363348532776,0.00018767085249547013,0.0021439711544561386,0.000804238413277235
4977,1,0.8149755744398339,0.9217704060175694,0.9541351002067828,0.8683729902287016,0.8845553373233084
4978,0,0.0026390018981094,0.001774382759757793,0.00016107047146757622,0.0022066923289335966,0.001400036184788488
4979,0,0.0026068659079624,0.00459036017748187,0.000384970956965241,0.0035986130427221354,0.0014959184324638206
4981,0,0.0044236096450302,0.00563204907568206,0.01978418849424689,0.00502782936035613,0.012103899069638546
4982,0,0.0408939031699647,0.012568348599149626,0.023760106846228455,0.02673112588455716,0.03232700500809658
4983,0,0.0582102424996854,0.0174740511914054,0.04574383090893031,0.0378421468455454,0.05197703670430785
4984,0,0.093112602064765,0.1774935591554086,0.3628625067221512,0.1353030806100868,0.2279875543934581
4986,0,0.0480892081771225,0.01920751594482743,0.02959770235475772,0.03364836206097496,0.03884345526594011
4987,0,0.0004721642040695,0.0008639420610605112,2.224064081376508e-05,0.0006680531325650056,0.00024720242244163253
4988,0,0.0091653354225747,0.001748470580724538,0.00034244938891029507,0.005456903001649619,0.004753892405742497
4989,1,0.848163517197098,0.9401422808600469,0.983797627861734,0.8941528990285725,0.915980572529416
4990,0,0.0006288049946199,0.0005596477836560776,3.4206387516550205e-05,0.0005942263891379888,0.00033150569106822506
4991,0,0.0029125595849674,0.0017792789216177257,0.0003775228624518171,0.002345919253292563,0.0016450412237096084
4992,0,0.0006765654048171,0.0011822334266185495,2.5206567333818764e-05,0.0009293994157178248,0.0003508859860754594
4993,0,0.0005831740255082,0.0012399996626703252,3.624236515986065e-05,0.0009115868440892626,0.0003097081953340303
4994,0,0.0004099613806777,0.0010401767598584189,0.00013547989663345334,0.0007250690702680594,0.00027272063865557667
4995,0,0.0016791019582674,0.0019949630136074357,0.00034271672911944913,0.0018370324859374179,0.0010109093436934246
4997,0,0.002052563656615,0.003299800425640679,0.00019588866349931055,0.0026761820411278395,0.0011242261600571553
4998,1,0.8711542956411704,0.7985189544405886,0.9864768440720322,0.8348366250408795,0.9288155698566013
4999,0,0.0004944131583084,0.0008547935804909468,6.150586365698416e-05,0.0006746033693996734,0.00027795951098269207
5000,0,0.0003430341155347,0.0008676744077423144,1.742891529786407e-05,0.0006053542616385072,0.00018023151541628204
5001,0,0.0002574444824313,0.001869138114121258,0.00013672169497813707,0.001063291298276279,0.00019708308870471853
5002,0,0.0007917304055285,0.002547891755275117,0.00013672169497813707,0.0016698110804018085,0.0004642260502533185
5003,0,0.0005024042936614,0.0007142668353209612,2.2388479872074026e-05,0.0006083355644911806,0.00026239638676673705
5004,0,0.000798664857258,0.0011870912703132756,8.905949805463824e-05,0.0009928780637856378,0.0004438621776563191
5007,0,0.0076511419116957,0.003879579218021781,0.0005673262707205751,0.00576536056485874,0.004109234091208137
5008,0,0.0008046739099079,0.0011083656445165903,0.0002408176656161283,0.0009565197772122452,0.0005227457877620142
5009,0,0.0017104305510039,0.001375096160125433,3.624236515986065e-05,0.0015427633555646666,0.0008733364580818803
5010,0,0.0005303975057371,0.0011856908080304764,3.624236515986065e-05,0.0008580441568837882,0.00028331993544848037
5011,0,0.000270056397542,0.0010441499654882849,4.033708792056045e-05,0.0006571031815151425,0.00015519674273128023
5012,0,0.0002878216512062,0.0014246214698049138,4.033708792056045e-05,0.0008562215605055569,0.00016407936956338022
5014,0,0.0003045317505559,0.000951578477324622,1.742891529786407e-05,0.0006280551139402611,0.00016098033292688205
5015,0,0.0006584189266897,0.0007231536742980327,3.4206387516550205e-05,0.0006907863004938664,0.0003463126571031251
5016,0,0.0008255661176047,0.0005984765654975487,8.660416422009522e-05,0.0007120213415511244,0.0004560851409123976
5017,0,0.0017420223675757,0.0020733096975390558,0.0010512968018327787,0.001907666032557378,0.0013966595847042394
5018,0,0.0005869175549002,0.0009332822491703246,2.2388479872074026e-05,0.0007600999020352622,0.000304653017386137
5019,0,0.0006645572815777,0.0010009543225744503,3.624236515986065e-05,0.0008327558020760752,0.0003503998233687803
5021,0,0.0005059595169313,0.0008694143995870852,4.396462605269524e-05,0.0006876869582591926,0.0002749620714919976
5023,0,0.0014230941820537,0.0018862100590365841,0.00019695224439271065,0.001654652120545142,0.0008100232132232054
5024,0,0.0003333164381541,0.0009653810103918799,1.742891529786407e-05,0.00064934872427299,0.00017537267672598203
5025,0,0.0007767322317525,0.0007330352993477324,0.00041065909935543736,0.0007548837655501162,0.0005936956655539687
5026,0,0.0007642222536729,0.001665372530526948,4.1043540820246625e-05,0.001214797392099924,0.0004026328972465733
5027,0,0.0005499587368201,0.000704993894286316,1.975413659038626e-05,0.000627476315553208,0.0002848564367052431
5028,0,0.0057397858648916,0.00258530194656538,0.0008706280679464439,0.00416254390572849,0.003305206966419022
5029,0,0.0003855487345467,0.0008690365839100449,0.00017900714103117363,0.0006272926592283724,0.00028227793778893683
5032,0,0.0005017905967354,0.0011929921418679073,3.3040350411476794e-05,0.0008473913693016537,0.0002674154735734384
5033,0,0.0006767178028897,0.0012099922411012668,3.624236515986065e-05,0.0009433550219954834,0.00035648008402478035
5034,0,0.0004329121230066,0.0005408989379319948,9.346579481720074e-05,0.00048690553046929744,0.0002631889589119004
5035,0,0.000416927716611,0.0011741331086648522,3.3040350411476794e-05,0.0007955304126379261,0.0002249840335112384
5036,0,0.0004283626453633,0.001215889248569214,3.3040350411476794e-05,0.000822125946966257,0.00023070149788738842
5037,0,0.0002390852782044,0.0003826084123238525,4.4959091216613155e-05,0.00031084684526412626,0.00014202218471050658
5038,0,0.0005655549808392,0.0011523178570425321,3.3864736229519555e-05,0.0008589364189408661,0.0002997098585343598
5039,0,0.0003547317650487,0.001635547068045909,7.952725321125265e-05,0.0009951394165473044,0.00021712950912997634
5040,0,0.0005007671825609,0.0008191329943907444,4.1043540820246625e-05,0.0006599500884758222,0.0002709053616905733
5041,0,0.0005752570601305,0.0007769181033573936,2.6466550676849823e-05,0.0006760875817439468,0.0003008618054036749
5042,0,0.0029507954173428,0.0013193304362682718,0.00155125241332311,0.002135062926805536,0.002251023915332955
5043,0,0.0003996371175524,0.0009482156676633191,7.018457913923817e-05,0.0006739263926078596,0.0002349108483458191
5044,0,0.0004033454352946,0.0011312725201354003,7.018457913923817e-05,0.0007673089777150001,0.0002367650072169191
5045,0,0.0018546510990588,0.0024205501691036938,0.0008492490916998225,0.0021376006340812466,0.0013519500953793112
5046,0,0.0006295805553697,0.0017350393671155177,3.7646064842420324e-05,0.0011823099612426088,0.00033361331010606015
5048,0,0.0004163070918179,0.0006802243747462691,3.101361955171574e-05,0.0005482657332820845,0.00022366035568480787
5049,1,0.877521932254228,0.5561617760015471,0.9996220310208032,0.7168418541278876,0.9385719816375155
5050,0,0.0014976688064845,0.0014794274383816447,8.73560153607806e-05,0.0014885481224330725,0.0007925124109226403
5051,0,0.0011537947587248,0.0012939474155160334,9.998023404924829e-05,0.0012238710871204169,0.0006268874963870242
5052,0,0.0010076951967881,0.0009724139227948963,7.801544531994103e-05,0.000990054559791498,0.0005428553210540205
5053,0,0.0009655588729339,0.0026134334594562817,0.0003560620511418103,0.001789496166195091,0.0006608104620378552
5054,0,0.0005667995357711,0.0013462848155485975,7.018457913923817e-05,0.0009565421756598488,0.00031849205745516907
5055,0,0.0005738692730287,0.00151258319487436,3.369276758259093e-05,0.00104322623395153,0.00030378102030564544
5056,0,0.0097458386191172,0.0046718096496719775,0.0005306481006968567,0.007208824134394588,0.0051382433599070285
5057,0,0.0098414189637095,0.003337189397351633,0.0003384896449059386,0.006589304180530567,0.0050899543043077195
5058,0,0.0070323678589182,0.005441556003225994,0.0018333630508211886,0.006236961931072097,0.004432865454869694
5059,0,0.0009138818389535,0.0010861786692390033,8.356736986748847e-05,0.0010000302540962517,0.0004987246044104942
5060,0,0.0069196691693882,0.002539223221173022,0.0007352361556975384,0.004729446195280611,0.0038274526625428694
5061,0,0.0006859371042261,0.002975199399421765,7.721799348539857e-05,0.0018305682518239327,0.0003815775488557493
5062,1,0.9708409162523016,0.9939922962576713,0.9944262635063414,0.9824166062549864,0.9826335898793215
5064,0,0.0022282192452378,0.0016419077369572025,6.467443286039377e-05,0.0019350634910975013,0.0011464468390490969
5065,0,0.00270957859961,0.0020349576802115178,0.001675801265939174,0.0023722681399107586,0.002192689932774587
5066,0,0.000607294932338,0.000950753015880764,4.5270246895632335e-05,0.0007790239741093819,0.00032628258961681615
5067,0,0.002214793577821,0.0009336160734274771,0.0003958620178727778,0.0015742048256242385,0.0013053277978468888
5068,0,0.0047708772645812,0.0008326713845408722,0.0005359970783854851,0.002801774324561036,0.0026534371714833425
5069,0,0.0007861035991863,0.0006956603188974158,9.853591212146892e-05,0.000740881959041858,0.00044231975565388445
5070,0,0.0144196703321135,0.0021017585828321784,0.001468914793820928,0.00826071445747284,0.007944292562967215
5071,0,0.0003457443530112,0.0011051622841264802,2.9740999967113036e-05,0.0007254533185688401,0.00018774267648915651
5072,0,0.002182968713776,0.0014908733659245292,8.752034112363504e-05,0.0018369210398502646,0.0011352445274498176
5073,0,0.0027059523491059,0.0028450342916802878,0.000921771827304248,0.002775493320393094,0.0018138620882050742
5074,0,0.0023433358908681,0.0012619947600630034,9.515406154951819e-05,0.0018026653254655518,0.001219244976208809
5075,0,0.0005664815425961,0.0008479360595848909,4.5270246895632335e-05,0.0007072088010904954,0.00030587589474586615
5076,0,0.0087119061752512,0.003010663024196835,0.0007543975838012722,0.005861284599724017,0.004733151879526235
5077,0,0.0007044262381673,0.0009553413746799501,6.467443286039377e-05,0.000829883806423625,0.00038455033551384684
5078,0,0.0005321191253347,0.0006638578911232353,6.53914784856806e-05,0.0005979885082289676,0.0002987553019101903
5079,0,0.000629174544635,0.0010737844701764888,3.597931726990411e-05,0.0008514795074057444,0.00033257693095245207
5081,0,0.0012667593906947,0.002228908735378652,0.00019695224439271065,0.001747834063036676,0.0007318558175437054
5083,0,0.0003244084890919,0.000997637336680303,1.742891529786407e-05,0.0006610229128861015,0.00017091870219488204
5084,0,0.0038931743274626,0.003509662493298784,0.00034244938891029507,0.003701418410380692,0.0021178118581864475
5086,0,0.0070830688215487,0.004940048553632368,0.0013478328123017144,0.006011558687590534,0.004215450816925207
5089,0,0.0004166231905954,0.001197208042014448,1.742891529786407e-05,0.000806915616304924,0.00021702605294663204
5090,0,0.0004156647088524,0.0006023967574202604,3.461893438259126e-05,0.0005090307331363302,0.00022514182161749563
5091,0,0.0005371692229558,0.0010008368554885298,1.975413659038626e-05,0.0007690030392221649,0.0002784616797730931
5092,0,0.0048680621962869,0.0020593484963134325,0.0005006038537107874,0.0034637053463001666,0.002684333024998844
5093,0,0.0006549539459979,0.001055727266106226,3.4206387516550205e-05,0.000855340606052063,0.0003445801667572251
5094,0,0.002317933990412,0.002737117699639502,0.001258389506959905,0.002527525845025751,0.0017881617486859526
5095,0,0.0003881222311519,0.000369764990821615,3.356344813191987e-05,0.00037894361098675746,0.00021084283964190994
5096,0,0.0013241773201333,0.0015836854262270177,0.00019588866349931055,0.001453931373180159,0.0007600329918163053
5097,0,0.0006307962928389,0.0008286179930479972,3.4206387516550205e-05,0.0007297071429434485,0.0003325013401777251
5098,0,0.0003530651585684,0.0003232254581171164,0.00010069835854752653,0.0003381453083427582,0.00022688175855796325
5099,0,0.0004160913317855,0.0015182291006375268,8.227953383417922e-05,0.0009671602162115134,0.0002491854328098396
5100,0,0.0018362540199353,0.001977972228398855,0.0008500197184146996,0.0019071131241670774,0.0013431368691749998
5101,0,0.0021757888767635,0.0017931870688464055,0.0004306029379585753,0.001984487972804953,0.0013031959073610377
5102,0,0.0006581049695551,0.0013821533673937243,4.1043540820246625e-05,0.0010201291684744122,0.0003495742551876733
5103,0,0.0002571250726105,0.0003168744793503574,2.664813996050143e-05,0.0002869997759804287,0.0001418866062855007
5104,0,0.0007334004331039,0.0007572301751009756,0.00017757045888138596,0.0007453153041024378,0.000455485445992643
5105,0,0.0007016212022824,0.0012658401156896574,4.174869333155971e-05,0.0009837306589860287,0.0003716849478069798
5106,0,0.003765282147545,0.0011762858857022702,0.0023436006059006135,0.002470784016623635,0.0030544413767228068
5107,0,0.0002661412267349,0.0003682099836624762,5.5555766254782436e-05,0.0003171756051986881,0.00016084849649484123
5108,0,0.0006013035461019,0.0008971222691658245,2.335237189015474e-05,0.0007492129076338622,0.0003123279589960274
5109,0,0.0008187580800573,0.000853167200685458,0.0003340814797023935,0.000835962640371379,0.0005764197798798468
5110,0,0.0049802195658903,0.0007616384796203531,0.00016088559140761113,0.0028709290227553266,0.0025705525786489554
5111,0,0.0008249688097949,0.0010596861585935083,0.00010414636117258674,0.0009423274841942042,0.0004645575854837434
5112,0,0.0005090629294311,0.0008182097515330321,3.036747237854291e-05,0.000663636340482066,0.00026971520090482144
5113,0,0.0017094720362035,0.0016557937904375325,8.868953725955788e-05,0.0016826329133205163,0.0008990807867315289
5114,0,0.0035560182057206,0.0016120512220660903,0.0004718437435253527,0.0025840347138933453,0.0020139309746229762
5115,0,0.0233587845529379,0.0019738728744379008,0.0007674076831175077,0.012666328713687901,0.012063096118027705
5116,0,0.0297691059546648,0.008988319151287474,0.0015775104934009185,0.019378712552976136,0.01567330822403286
5117,0,0.0573836612482765,0.04137474794035254,0.005726236290944835,0.049379204594314524,0.031554948769610666
5119,0,0.0007545673669574,0.0011530591580263066,3.0522469161681506e-05,0.0009538132624918533,0.0003925449180595407
5121,0,0.0006644165310692,0.0020896058374697143,8.897322490768074e-05,0.0013770111842694571,0.00037669487798844037
5123,0,0.0003126977782814,0.000545143963902286,3.101361955171574e-05,0.00042892087109184303,0.00017185569891655788
5124,0,0.0005886474284199,0.0018426013049074514,3.6606295937163665e-05,0.0012156243666636758,0.00031262686217853184
5125,0,0.0008448505378394,0.000815182191585908,7.707784812594166e-05,0.000830016364712654,0.00046096419298267087
5126,0,0.0047803277949824,0.004293742494530411,0.0006499269563821551,0.004537035144756406,0.0027151273756822777
5127,0,0.0003110169184721,0.000603483033822192,0.00039583415483543925,0.00045724997614714604,0.0003534255366537696
5128,0,0.0474234597157446,0.0024742287689021912,0.0001501001743461202,0.024948844242323395,0.02378677994504536
5130,0,0.0006139199619158,0.0019340705074949777,8.384337432238951e-05,0.0012739952347053888,0.00034888166811909477
5131,0,0.0005314590477748,0.0012191910739950114,7.018457913923817e-05,0.0008753250608849058,0.0003008218134570191
5133,0,0.0047153077238074,0.003433324426567455,0.0004959477736334659,0.004074316075187427,0.002605627748720433
5134,0,0.001947600393335,0.0007488987213314911,0.0017512483805085589,0.0013482495573332457,0.0018494243869217795
5135,0,0.001809509561444,0.0018317663766558934,8.459729013867783e-05,0.0018206379690499466,0.0009470534257913389
5136,0,0.0006872947120577,0.005897478708670998,0.0007354065463432023,0.003292386710364349,0.0007113506292004512
5137,0,0.0017642010064916,0.0020244538284513404,0.0001607443970316013,0.00189432741747147,0.0009624727017616007
5139,0,0.0017187437670967,0.002587526454335841,3.6606295937163665e-05,0.0021531351107162704,0.0008776750315169318
5140,0,0.0208937129202076,0.004124668065639038,9.652213816674845e-05,0.012509190492923318,0.010495117529187173
5141,0,0.0128376540698678,0.006008344947525276,0.0003564342866381907,0.009422999508696538,0.0065970441782529955
5142,1,0.0149220891300438,0.00945034732967767,0.009643042263174646,0.012186218229860735,0.012282565696609224
5144,0,0.0005494628426239,0.0009527046623733337,3.597931726990411e-05,0.0007510837524986168,0.0002927210799469021
5146,0,0.0002135163530742,0.0003490160811169592,2.8162265424519422e-05,0.0002812662170955796,0.00012083930924935971
5147,0,0.0002348789563305,0.0003205615273229571,2.8162265424519422e-05,0.00027772024182672853,0.00013152061087750972
5148,0,0.0043944521524639,0.0010884339001403884,0.00036668002359089056,0.002741443026302144,0.0023805660880273955
5149,0,0.0072656077021008,0.0012389864183480982,0.0003554482317115549,0.004252297060224449,0.0038105279669061773
5150,0,0.000497859519937,0.0009510729170377161,3.597931726990411e-05,0.0007244662184873581,0.0002669194186034521
5151,0,0.000248393533723,0.0004923785142461093,0.00017900714103117363,0.00037038602398455463,0.00021370033737708682
5152,0,0.0027006551978963,0.0025879636107539812,0.0011032868110416442,0.0026443094043251407,0.0019019710044689722
5153,0,0.3214468093513996,0.9172891251895583,7.718948352116473e-05,0.6193679672704789,0.16076199941746036
5154,0,0.0003177106724283,0.0009415467488060905,1.742891529786407e-05,0.0006296287106171952,0.00016756979386308205
5156,0,0.0005063805708747,0.000609826880796565,3.597931726990411e-05,0.0005581037258356325,0.0002711799440723021
5157,0,0.0005349439687839,0.0006054632343256349,3.4206387516550205e-05,0.0005702036015547674,0.00028457517815022506
5159,0,0.0005537220427765,0.0010094887503706354,1.975413659038626e-05,0.0007816053965735677,0.0002867380896834431
5160,0,0.0007912761686454,0.000669946678178812,6.593352443099698e-05,0.000730611423412106,0.0004286048465381985
5161,0,0.0017343393781044,0.0014994281634393843,0.0007054533784159629,0.001616883770771892,0.0012198963782601815
5162,0,0.0011965027814502,0.001597996691975052,0.00013547989663345334,0.001397249736712626,0.0006659913390418266
5163,0,0.0005084375576539,0.0008814727384966112,1.742891529786407e-05,0.0006949551480752555,0.00026293323647588203
5165,0,0.0004974239503461,0.0005616650785264603,3.597931726990411e-05,0.0005295445144362801,0.00026670163380800206
5166,0,0.000542414232509,0.0016809435193424246,4.693496788001444e-05,0.0011116788759257122,0.0002946746001945072
5167,0,0.0004866967636728,0.0009985279812666401,3.597931726990411e-05,0.0007426123724697201,0.0002613380404713521
5168,0,0.0001940042056257,0.00030747352356659286,2.8162265424519422e-05,0.00025073886459614644,0.0001110832355251097
5169,0,0.0008740584678588,0.0007605266357500799,4.1711352416075876e-05,0.00081729255180444,0.00045788491013743794
5171,0,0.000710322844576,0.0006348144521061416,3.4206387516550205e-05,0.0006725686483410708,0.00037226461604627505
5173,0,0.0003007883172662,0.0015483293421340383,3.992032508138608e-05,0.0009245588297001192,0.00017035432117379302
5175,0,0.0029484328543848,0.0010640628104492634,0.0005222509436373516,0.0020062478324170316,0.0017353418990110757
5177,0,0.0010449514448575,0.0009848266177506484,8.173925653780302e-05,0.001014889031304074,0.0005633453506976515
5178,0,0.0036582601017905,0.0037847031338586303,0.00023281977350324469,0.0037214816178245654,0.0019455399376468723
5179,0,0.0005305641492591,0.0010834528399127695,1.975413659038626e-05,0.0008070084945859347,0.0002751591429247431
5181,0,0.0004733214586626,0.0005837754033704702,1.975413659038626e-05,0.0005285484310165351,0.00024653779762649314
5182,0,0.0008407397571643,0.0007936225519595197,8.660416422009522e-05,0.0008171811545619099,0.0004636719606921976
5183,0,0.0001894613231519,0.0004355012132144101,2.8162265424519422e-05,0.000312481268183155,0.00010881179428820971
5184,0,0.0004572638835395,0.0018737838780782294,0.00013547989663345334,0.0011655238808088648,0.00029637189008647666
5187,0,0.0022599841440306,0.0012636164755729495,0.00022439987714980165,0.0017618003098017747,0.0012421920105902008
5188,0,0.000507135062522,0.00046875559232857714,2.2388479872074026e-05,0.00048794532742528853,0.000264761771197037
5189,0,0.000481091186067,0.0006155206505292684,1.975413659038626e-05,0.0005483059182981342,0.0002504226613286931
5190,0,0.0011335059203231,0.0009071367918040786,0.00019483449886136152,0.0010203213560635892,0.0006641702095922308
5192,0,0.001333778122073,0.0019427683309544584,0.00020543009241228493,0.0016382732265137292,0.0007696041072426425
5193,0,0.0289118816808276,0.015739946033766137,0.0021774368423604787,0.022325913857296868,0.015544659261594039
5194,0,0.0015818669725442,0.002651262642306327,0.00023281977350324469,0.0021165648074252634,0.0009073433730237224
5195,0,0.0003736417433792,0.0007746991446371101,3.101361955171574e-05,0.000574170444008155,0.00020232768146545788
5196,0,0.0006430491072595,0.0007134307476048914,4.755792135425466e-05,0.0006782399274321957,0.00034530351430687734
5198,0,0.0007144680517383,0.001310713143268246,5.411712243637476e-05,0.001012590597503273,0.00038429258708733735
5199,0,0.0015045082462537,0.002268226502766592,0.00032363829796175494,0.001886367374510146,0.0009140732721077275
5200,0,0.0005081632419192,0.0012383340023819427,7.018457913923817e-05,0.0008732486221505714,0.00028917391052921907
5202,0,0.0034605117711067,0.0029728954261989578,0.0009087417963478573,0.003216703598652829,0.0021846267837272787
5203,0,0.0030470812970518,0.005014684012437993,0.0009457051851693842,0.004030882654744897,0.001996393241110592
5204,0,0.0007146846339384,0.0013384863001767735,5.015275532563597e-05,0.0010265854670575866,0.00038241869463201796
5205,0,0.0010183429264667,0.0016903022105438385,0.0002630080161784389,0.0013543225685052692,0.0006406754713225695
5206,0,0.0008886277471147,0.0016310309546362556,8.308974751428856e-05,0.0012598293508754778,0.0004858587473144943
5207,0,0.0008167100718217,0.0010842483012250528,0.001231553775937111,0.0009504791865233763,0.0010241319238794054
5208,0,0.0005810475282207,0.0019458018988813886,3.6606295937163665e-05,0.0012634247135510444,0.00030882691207893186
5209,0,0.0019216939980663,0.0014941056674947738,0.0001235999988354242,0.001707899832780537,0.0010226469984508622
5210,0,0.0011448044293724,0.0020263474978961184,5.359326384364568e-05,0.0015855759636342593,0.0005991988466080228
5211,0,0.0021707836378327,0.003333803518144798,4.117061666540767e-05,0.002752293577988749,0.001105977127249054
5212,0,0.0013987065441617,0.0023405052815824133,0.0001068573019024284,0.0018696059128720567,0.0007527819230320642
5213,0,0.0027314960686238,0.00577093114112279,0.0003174455792955098,0.004251213604873295,0.001524470823959655
5216,0,0.0010700787558921,0.0019572931995758156,0.00015486695566885702,0.0015136859777339579,0.0006124728557804785
5218,0,0.0042582112930098,0.00458927850961779,0.000487557012607806,0.004423744901313795,0.002372884152808803
5219,0,0.018567454530543,0.008913609688680435,0.01169831579813217,0.013740532109611717,0.015132885164337584
5220,1,0.9849196638302744,0.9896539305444706,0.9994026770512306,0.9872867971873724,0.9921611704407525
5221,0,0.0097104923583799,0.02848326057221762,0.00874805382687648,0.01909687646529876,0.00922927309262819
5222,0,0.0393091448231492,0.02238860665654257,0.02457267948616729,0.030848875739845884,0.031940912154658246
5225,0,0.0002047972978844,0.0004387129313747091,2.8162265424519422e-05,0.00032175511462955456,0.00011647978165445971
5226,0,0.0034362017484391,0.0019667260779920558,0.0007388792941710463,0.002701463913215578,0.002087540521305073
5227,0,0.0025508931718755,0.0021685962834953696,0.0007014832979899268,0.002359744727685435,0.0016261882349327135
5228,0,0.0005553681768635,0.0007090226556310949,7.499929011401001e-05,0.0006321954162472974,0.000315183733488755
5229,0,0.02149048106949,0.009258896351086399,0.0013355002327369882,0.015374688710288199,0.011412990651113494
5233,0,0.0030586608178625,0.0033988369827867067,0.0002684232468458376,0.003228748900324603,0.0016635420323541687
5234,0,0.0003432600703352,0.0013006717635069584,3.2209382423875413e-05,0.0008219659169210792,0.00018773472637953768
5235,0,0.0005509091130528,0.0011951385711871957,1.975413659038626e-05,0.0008730238421199979,0.0002853316248215931
5236,0,0.0003639547501484,0.0008601509047116845,1.742891529786407e-05,0.0006120528274300423,0.00019069183272313203
5237,0,0.0022341781867579,0.0018603282223218303,0.000563765327894347,0.002047253204539865,0.0013989717573261234
5238,0,0.0004345202328103,0.0009059093149818932,1.742891529786407e-05,0.0006702147738960967,0.00022597457405408204
5240,0,0.000515319463753,0.0006776534081293697,3.597931726990411e-05,0.0005964864359411849,0.00027564939051145205
5241,0,0.0005477654749343,0.0006867918134409218,6.256731731126705e-05,0.0006172786441876109,0.0003051663961227835
5242,0,0.0005396680295215,0.0014496780425005574,0.0006769235717308348,0.0009946730360110287,0.0006082958006261674
5243,0,0.0002926904261795,0.0004903110411792143,4.866882469475146e-05,0.0003915007336793572,0.00017067962543712575
5244,0,0.0001640728992036,0.0005484801299116052,1.3569300278786492e-05,0.00035627651455760257,8.882109974119325e-05
5245,0,0.0004748246226993,0.0007420823147305795,2.6756370289110686e-05,0.0006084534687149398,0.0002507904964942053
5246,0,0.0004373524641954,0.0007792437019346933,2.6756370289110686e-05,0.0006082980830650467,0.00023205441724225535
5247,0,0.0002203008729598,0.0008569277890624948,2.664813996050143e-05,0.0005386143310111474,0.00012347450646015072
5248,0,0.000669748917969,0.0014914237936106197,4.693496788001444e-05,0.0010805863557898099,0.0003583419429245072
5249,0,0.0006482259022349,0.0010254808017800955,3.979684222732872e-05,0.0008368533520074977,0.00034401137223111434
5250,0,0.0011350594464792,0.0021160706176391667,0.00019588866349931055,0.0016255650320591833,0.0006654740549892553
5251,0,0.005958848126002,0.0027377024658853917,0.001255537169945387,0.004348275295943695,0.0036071926479736933
5252,0,0.0035770963987292,0.0035235758630859553,0.0005006038537107874,0.0035503361309075776,0.0020388501262199937
5253,0,0.0071960269751638,0.004628165194782018,0.0006237015757916075,0.005912096084972909,0.003909864275477704
5255,0,0.0004931926921075,0.0005065599279572779,6.150586365698416e-05,0.000499876310032389,0.0002773492778822421
5256,0,0.001900611835077,0.003178745270720878,0.0001737814035077996,0.002539678552898939,0.0010371966192923997
5257,0,0.0019301819749464,0.0029780667746665394,0.0009713305249032941,0.00245412437480647,0.001450756249924847
5258,0,0.0005778039868015,0.0008692289930609636,3.4206387516550205e-05,0.0007235164899312319,0.0003060051871590251
5259,0,0.0023065522459304,0.001313180167311616,3.678426033534746e-05,0.0018098662066210079,0.0011716682531328739
5260,0,0.0005606970337627,0.0008112245870762994,3.4206387516550205e-05,0.0006859608104194997,0.00029745171063962506
5262,0,0.0005307466909144,0.001166829029411384,2.6756370289110686e-05,0.000848787860162892,0.00027875153060175534
5263,0,0.0006021448596248,0.0010026467746905182,4.9914287841858445e-05,0.000802395817157659,0.0003260295737333292
5264,0,0.0005706612509649,0.0009775612042883216,5.351461206832297e-05,0.0007741112276266108,0.00031208793151661147
5265,0,0.0031165758896243,0.0033812004184579493,0.0017935185239286683,0.0032488881540411246,0.002455047206776484
5266,0,0.0003123707508541,0.001863813934877705,9.032625389830524e-05,0.0010880923428659025,0.0002013485023762026
5267,0,0.0006797783443051,0.0014192345490719775,3.613805936320861e-05,0.0010495064466885388,0.0003579582018341543
5268,0,0.0023509077686109,0.0026831138432119005,0.000221593407787483,0.0025170108059114,0.0012862505881991915
5269,0,0.0021309209940509,0.002353974880169387,0.00020543009241228493,0.0022424479371101437,0.0011681755432315923
5273,0,0.004109367072986,0.0018165016741417397,0.0002177215942205868,0.00296293437356387,0.0021635443336032933
5274,0,0.0012401361280421,0.0014656427144251827,0.00016802485105179858,0.0013528894212336412,0.0007040804895469493
5275,0,0.0005126561780269,0.0006774256395870435,1.975413659038626e-05,0.0005950409088069718,0.0002662051573086431
5276,0,0.0011424169963334,0.0009972775641886268,0.000141876772266601,0.0010698472802610133,0.0006421468843000004
5277,0,0.000244433298747,0.001047782982710873,5.2568924869036136e-05,0.0006461081407289366,0.00014850111180801808
5278,0,0.0008433518094327,0.0012515498097509046,4.254193400834991e-05,0.0010474508095918024,0.00044294687172052497
5279,0,0.001069895934566,0.0017511559095785467,4.4066819103254246e-05,0.0014105259220722733,0.0005569813768346272
5280,0,0.0005674383022763,0.001099283072397717,3.036747237854291e-05,0.0008333606873370085,0.0002989028873274214
5283,0,0.0021438000204738,0.0011572184173694066,0.0002797048430835976,0.0016505092189216034,0.001211752431778699
5284,0,0.0008171400932402,0.0004688715988836385,0.00015869394992921662,0.0006430058460619193,0.00048791702158470834
5285,0,0.0013236146883985,0.0015711781340573864,7.554649234414264e-05,0.0014473964112279433,0.0006995805903713213
5286,0,0.0005866669428984,0.0015352729202869537,3.369276758259093e-05,0.0010609699315926768,0.00031017985524049545
5287,0,0.0007467781107903,0.0020408862155768177,0.00017057853656331982,0.001393832163183559,0.0004586783236768099
5288,0,0.0008955804912123,0.00047212945489933804,3.607429274918554e-05,0.000683854973055819,0.00046582739198074277
5292,0,0.0025651948189533,0.0027972898758336414,0.0004959477736334659,0.0026812423473934707,0.001530571296293383
5293,0,0.0005304929412487,0.001593215797522606,3.6606295937163665e-05,0.001061854369385653,0.00028354961859293183
5295,0,0.0026141553862981,0.002400648721043099,0.0009653606091152974,0.0025074020536705994,0.0017897579977066986
5296,0,0.004944415264823,0.004332488165244591,0.0005641099038923345,0.004638451715033796,0.0027542625843576672
5298,0,0.0032114840664429,0.003041518075662129,0.0007875665999423609,0.0031265010710525144,0.0019995253331926304
5299,0,0.0017064009267003,0.0018696347975933043,0.00025303089874274,0.0017880178621468021,0.00097971591272152
5300,0,0.005064160559094,0.00517533580452415,0.0005609409072248109,0.005119748181809075,0.0028125507331594056
5301,0,0.0035825787604016,0.0017135513455986983,0.0002673165249405286,0.002648065053000149,0.0019249476426710644
5302,0,0.0182087293627832,0.029687982686314975,0.0015873837429315975,0.02394835602454909,0.009898056552857398
5304,0,0.0018077202567937,0.0011880017700343463,0.0001503702855289766,0.0014978610134140232,0.0009790452711613384
5305,0,0.0060680688437843,0.0013083245177364492,9.298528168135163e-05,0.0036881966807603746,0.0030805270627328254
5306,0,0.0034003687160688,0.002563528671217479,0.0005350518508459715,0.0029819486936431393,0.0019677102834573857
5307,0,0.1022867955389177,0.009185718408580882,0.01538819224341864,0.055736256973749294,0.05883749389116817
5308,0,0.1357393856934679,0.08582893376705013,0.07292990628736179,0.11078415973025901,0.10433464599041485
5309,0,0.0420762246324696,0.05730359583205692,0.0385694511245542,0.04968991023226326,0.0403228378785119
5310,1,0.0334529233169335,0.024119061479620674,0.003668849167035608,0.028785992398277088,0.018560886241984556
5311,0,0.0011585595241795,0.0021791390628022357,0.00019588866349931055,0.001668849293490868,0.0006772240938394052
5314,0,0.0007067596267599,0.00118126800922428,3.4206387516550205e-05,0.00094401381799209,0.0003704830071382251
5315,0,0.0010159830494028,0.0005774305125487326,2.224064081376508e-05,0.0007967067809757664,0.0005191118451082826
5316,0,0.0036440845861399,0.0019315085747376275,0.00020674475582242374,0.002787796580438764,0.001925414670981162
5317,0,0.0004942952486167,0.0006249698349626387,2.224064081376508e-05,0.0005596325417896693,0.00025826794471523254
5318,0,0.0005196037897784,0.0007209916204252698,2.5206567333818764e-05,0.0006202977051018349,0.0002724051785561094
5319,0,0.0005630010824148,0.000735836912225284,2.2388479872074026e-05,0.000649418997320042,0.000292694781143437
5320,0,0.0027600454700108,0.002585375264247087,0.0001737814035077996,0.0026727103671289436,0.0014669134367592998
5321,0,0.0110195539624432,0.0017692318368932925,0.00018049481729431562,0.006394392899668246,0.005600024389868757
5322,0,0.0006661261881997,0.0014347109424475216,1.975413659038626e-05,0.0010504185653236109,0.0003429401623950431
5323,0,0.0048684952979896,0.004048301830020499,0.001782647936586539,0.00445839856400505,0.0033255716172880694
5324,0,0.0009284044845085,0.0014380819441640515,8.905949805463824e-05,0.0011832432143362758,0.0005087319912815691
5325,0,0.0020485177786211,0.0013965851175147467,0.00016938431494628389,0.0017225514480679234,0.0011089510467836919
5326,0,0.0004735201377189,0.0007037472217243624,6.150586365698416e-05,0.0005886336797216312,0.0002675130006879421
5327,0,0.005285738541641,0.002830337422053738,0.0002966360377265023,0.0040580379818473695,0.002791187289683751
5329,0,0.0012497489512651,0.002351020925407313,0.0003832997491829649,0.0018003849383362064,0.0008165243502240325
5331,0,0.0004385166741999,0.0006055586247999091,1.975413659038626e-05,0.0005220376494999045,0.00022913540539514315
5332,0,0.0007102564751318,0.0019617044119850397,4.946365983093966e-05,0.0013359804435584199,0.00037986006748136987
5334,0,0.0024897456518242,0.005546628815790476,0.0007054533784159629,0.0040181872338073375,0.0015975995151200815
5336,0,0.000381133194381,0.0011186534860347438,1.742891529786407e-05,0.0007498933402078718,0.00019928105483943203
5338,0,0.0005292431862836,0.0011267985655772307,1.742891529786407e-05,0.0008280208759304153,0.000273336050790732
5339,0,0.0006764467952402,0.0016900861428158231,3.4206387516550205e-05,0.0011832664690280116,0.0003553265913783751
5341,0,0.001177943921429,0.002653055570769073,0.0001737814035077996,0.0019154997460990365,0.0006758626624683999
5342,0,0.0031382606318614,0.003707528464658946,0.0002955931926480498,0.003422894548260173,0.0017169269122547248
5344,0,0.0003161563244562,0.001274640507387412,1.742891529786407e-05,0.000795398415921806,0.00016679261987703205
5345,0,0.0027602614341447,0.00308136697424941,0.0006797758193154065,0.002920814204197055,0.0017200186267300533
5346,0,0.0032309308326377,0.0013675991257266946,0.00034471040479983224,0.002299264979182197,0.0017878206187187662
5348,0,0.0205443126836222,0.007749166334421109,0.0023625733325487817,0.014146739509021653,0.011453443008085491
5349,0,0.000606381549589,0.0008569317993070545,3.4206387516550205e-05,0.0007316566744480272,0.00032029396855277507
5350,0,0.0005010389482371,0.0008180922074410812,1.975413659038626e-05,0.0006595655778390906,0.00026039654241374313
5351,0,0.0003510499725968,0.0010306739738624516,1.742891529786407e-05,0.0006908619732296258,0.00018423944394733204
5352,0,0.0005672607805719,0.0008975551208443418,1.975413659038626e-05,0.0007324079507081209,0.0002935074585811431
5353,0,0.0005017779549823,0.001019323587762458,3.0522469161681506e-05,0.000760550771372379,0.0002661502120719907
5354,0,0.0006608676327736,0.0009041299978050277,4.9914287841858445e-05,0.0007824988152893139,0.0003553909603077292
5355,0,0.0006078599043297,0.0014971692756028466,4.083511894687598e-05,0.0010525145899662734,0.000324347511638288
5356,0,0.0072602244661338,0.005431554684725847,0.0020997611097185163,0.006345889575429824,0.004679992787926158
5358,0,0.000288102075532,0.001867840951801823,9.545817219716817e-05,0.0010779715136669116,0.0001917801238645841
5359,0,0.0002435938435659,0.0024740021079719563,9.545817219716817e-05,0.0013587979757689282,0.00016952600788153408
5362,0,0.0004945026926398,0.002067334146054735,0.0001457829703360649,0.0012809184193472674,0.0003201428314879324
5363,0,0.0058327765672112,0.0043420353177041696,0.0014388731070686604,0.0050874059424576845,0.0036358248371399305
5364,0,0.000608802309203,0.0018947361898538795,3.369276758259093e-05,0.0012517692495284398,0.00032124753839279544
5365,0,0.0004808241502898,0.0012327510715496011,2.5055940620694734e-05,0.0008567876109197006,0.00025294004545524737
5366,0,0.000393882149586,0.0011566429251955548,7.018457913923817e-05,0.0007752625373907774,0.0002320333643626191
5367,0,0.0014748333971297,0.002151444360860536,0.00020543009241228493,0.0018131388789951182,0.0008401317447709925
5368,0,0.000463805317447,0.002337990837234957,0.00021793892688245177,0.0014008980773409785,0.0003408721221647259
5369,0,0.0006757432647851,0.0010211788353820359,2.335237189015474e-05,0.0008484610500835679,0.0003495478183376274
5370,0,0.0010560890600856,0.0018820126460215567,3.6606295937163665e-05,0.0014690508530535783,0.0005463476780113818
5371,0,0.0006132938488936,0.0013050787941078024,5.1077050630343186e-05,0.0009591863215007012,0.0003321854497619716
5372,0,0.0025709434585992,0.0029200140698302907,8.459729013867783e-05,0.0027454787642147453,0.0013277703743689389
5373,0,0.0010895794291705,0.0016800239358644687,0.00010735876327585112,0.0013848016825174843,0.0005984690962231755
5374,0,0.000518195184047,0.002548468348492317,9.947091968048834e-05,0.0015333317662696586,0.0003088330518637442
5375,0,0.0007816055303163,0.002551265472060705,2.5055940620694734e-05,0.0016664355011885023,0.00040333073546849733
5377,0,0.0281383843536231,0.006041323304681136,0.0005989603632973446,0.017089853829152117,0.014368672358460222
5378,0,0.00092602450496,0.0031683026486079755,3.979684222732872e-05,0.0020471635767839876,0.0004829106735936644
5379,0,0.0012515282374923,0.0021127643424636053,7.018457913923817e-05,0.0016821462899779525,0.000660856408315769
5380,0,0.0012724527628599,0.0023264812014870424,0.0001402774644178763,0.001799466982173471,0.000706365113638888
5381,0,0.0006038730259712,0.0023399358518059656,6.516712526378418e-05,0.0014719044388885828,0.0003345200756174921
5383,0,0.0054419614795248,0.005516685240562811,0.000579242337657243,0.005479323360043805,0.0030106019085910213
5384,0,0.0089863466823401,0.013297982327079308,0.005185670018656702,0.011142164504709704,0.007086008350498401
5385,0,0.023226512135094,0.016097938429201035,0.006493537615712017,0.01966222528214752,0.014860024875403008
5386,0,0.0301291509198868,0.03614124106508658,0.022002556286215755,0.03313519599248669,0.026065853603051276
5387,0,0.0511238444855144,0.12742988732386354,0.029659217845402156,0.08927686590468897,0.04039153116545828
5395,1,0.9853190224386432,0.9934435355431867,0.9999994481223599,0.9893812789909149,0.9926592352805015
5396,0,0.0322274687730931,0.00809734450486911,0.003760168066965306,0.020162406638981105,0.0179938184200292
5397,0,0.0377267390477649,0.019064133541934036,0.011452542178167081,0.028395436294849467,0.02458964061296599
5398,0,0.6013057904111152,0.9188977144196747,0.8165583122966789,0.760101752415395,0.708932051353897
5399,0,0.1556870768978328,0.025846735881626396,0.014517003844836156,0.09076690638972959,0.08510204037133447
5400,1,0.6549341799580922,0.7046997007590188,0.794611371520477,0.6798169403585554,0.7247727757392846
5401,1,0.943744697669564,0.9617669724465423,0.9977850332656767,0.9527558350580532,0.9707648654676204
5402,1,0.702818882900826,0.49038362755371945,0.9747747688416585,0.5966012552272727,0.8387968258712422
5404,0,0.0038222555973473,0.0011441683386019038,0.0006337127673600535,0.002483211967974602,0.002227984182353677
5406,0,0.0020180265745026,0.0018583342901545168,0.0002592344439016708,0.0019381804323285584,0.0011386305092021354
5408,0,0.0040812944157886,0.0011171444028887391,0.0006337127673600535,0.0025992194093386696,0.002357503591574327
5410,0,0.0010893164536256,0.0022352993622919773,0.00019086182470113823,0.0016623079079587887,0.0006400891391633691
5411,0,0.0071229315978206,0.0022167964694731006,0.0006658483457377529,0.00466986403364685,0.0038943899717791765
5412,0,0.0004859538546983,0.0008909476318432652,3.4206387516550205e-05,0.0006884507432707826,0.0002600801211074251
5413,0,0.011106133255192,0.005092282785957935,0.0005495738219793362,0.008099208020574967,0.005827853538585668
5414,0,0.0004555806717787,0.0008019826219275607,3.4206387516550205e-05,0.0006287816468531303,0.0002448935296476251
5415,0,0.0001999500524687,0.0006482585554250201,2.664813996050143e-05,0.00042410430394686005,0.00011329909621460071
5416,0,0.0007150379126663,0.0011622595055045303,0.0002539949306275966,0.0009386487090854152,0.0004845164216469483
5417,0,0.0002964513720276,0.0009456336704668472,3.0882117506007454e-05,0.0006210425212472236,0.00016366674476680373
5418,0,0.0009398378622168,0.001213986972182821,5.0226543043261735e-05,0.0010769124171998105,0.0004950322026300309
5419,0,0.0009899986657519,0.00109775225877166,0.00016127644022033527,0.00104387546226178,0.0005756375529861177
5420,0,0.0039388415780953,0.002183281633229108,0.00034244938891029507,0.003061061605662204,0.0021406454835027977
5421,0,0.0003565354691675,0.000749998605271056,1.742891529786407e-05,0.000553267037219278,0.00018698219223268204
5422,0,0.0002373999844192,0.0007417908116733339,2.664813996050143e-05,0.000489595398046267,0.00013202406218985072
5423,0,0.0013016314695973,0.002417267470963434,0.00026237786303645675,0.001859449470280367,0.0007820046663168784
5427,0,0.0004502047556314,0.0010558181185401309,3.4206387516550205e-05,0.0007530114370857654,0.0002422055715739751
5428,0,0.0007064399626249,0.0013051605838905098,8.905949805463824e-05,0.001005800273257705,0.00039774973033976916
5430,0,0.0002105773711072,0.0007057465261277816,2.664813996050143e-05,0.00045816194861749077,0.00011861275553385071
5431,0,0.0002558669374661,0.0011389973618562501,0.00038858827751432563,0.0006974321496611751,0.00032222760749021283
5432,0,0.0004529785336977,0.0005287284409258616,1.8332465086720008e-05,0.0004908534873117809,0.00023565549939221002
5433,0,0.001058832235672,0.001194321276739579,0.0001737814035077996,0.0011265767562057896,0.0006163068195898998
5435,0,0.0008087961030502,0.0008555172129514411,4.1711352416075876e-05,0.0008321566580008205,0.0004252537277331379
5438,0,0.002447675654644,0.0024703374869968387,0.00032025447306161035,0.0024590065708204193,0.001383965063852805
5439,0,0.0004320683633736,0.0009075169730928448,2.6756370289110686e-05,0.0006697926682332224,0.00022941236683135535
5440,0,0.0002360446728111,0.0011426095642836276,2.664813996050143e-05,0.0006893271185473638,0.0001313464063858007
5442,0,0.001510363303768,0.002171975008979298,0.0001406725508937398,0.001841169156373649,0.0008255179273308699
5443,0,0.0039958476605833,0.001864316378322392,0.0005917375055795052,0.002930082019452846,0.002293792583081403
5444,0,0.0020143126840226,0.0012832817607862424,2.2144221937474017e-05,0.0016487972224044213,0.001018228452980037
5446,0,0.0004631660262083,0.0008192606960629303,2.6756370289110686e-05,0.0006412133611356152,0.00024496119824870535
5447,0,0.000235671454615,0.0008458698946246117,5.2568924869036136e-05,0.0005407706746198059,0.00014412018974201807
5448,0,0.000538541945953,0.0007873001275204294,2.1671747143882197e-05,0.0006629210367367147,0.00028010684654844107
5449,0,0.0005017163043813,0.0007606464251720013,2.1671747143882197e-05,0.0006311813647766507,0.0002616940257625911
5450,0,0.001652814205206,0.0012728624637645019,5.707956311394861e-05,0.0014628383344852509,0.0008549468841599743
5451,0,0.0003853277484049,0.0014254802463644402,9.787218570437152e-05,0.00090540399738467,0.00024159996705463575
5452,0,0.0055071605979994,0.0030190022750103203,0.0019187022643363907,0.00426308143650486,0.0037129314311678953
5453,0,0.0005426801639342,0.0006268341000434879,1.8332465086720008e-05,0.0005847571319888439,0.00028050631451046
5454,0,0.001089808060388,0.0008524807250677926,2.335237189015474e-05,0.0009711443927278963,0.0005565802161390773
5456,0,0.0005517863807958,0.0010244881440777149,3.979684222732872e-05,0.0007881372624367574,0.00029579161151156437
5457,0,0.0004367055835988,0.0011977723779044152,3.3040350411476794e-05,0.0008172389807516076,0.0002348729670051384
5458,0,0.0003353910115446,0.001128475093074935,3.3040350411476794e-05,0.0007319330523097676,0.0001842156809780384
5459,0,0.000390576181553,0.0009927889322936243,5.8314750734641774e-05,0.0006916825569233122,0.0002244454661438209
5460,0,0.0007474683989319,0.0014861055606958699,2.335237189015474e-05,0.001116786979813885,0.0003854103854110274
5461,0,0.0005907954751562,0.0014283217688432035,3.0522469161681506e-05,0.0010095586219997018,0.0003106589721589407
5462,0,0.0054854612015665,0.006138830733407192,0.0012087572168414569,0.005812145967486846,0.0033471092092039784
5463,0,0.0005706257638699,0.0016135951441234543,3.979684222732872e-05,0.0010921104539966771,0.00030521130304861436
5464,0,0.0004046041858804,0.0011489150391937512,7.018457913923817e-05,0.0007767596125370757,0.0002373943825098191
5465,0,0.0003946609340421,0.0013540798160930315,3.6606295937163665e-05,0.0008743703750675657,0.00021563361498963182
5466,0,0.001219066288042,0.0025687168816728263,2.3861485810123304e-05,0.0018938915848574131,0.0006214638869260616
5467,0,0.0038595200395497,0.003957286919417935,0.0003704529265882052,0.003908403479483818,0.0021149864830689526
5468,0,0.0024574292185265,0.004430612242378775,0.0007875665999423609,0.0034440207304526375,0.0016224979092344305
5469,0,0.0005375536783571,0.0011725117300310666,3.036747237854291e-05,0.0008550327041940833,0.0002839605753678214
5470,0,0.0013977214517863,0.0038412089395963096,0.0001960334073450005,0.002619465195691305,0.0007968774295656503
5471,0,0.0007296064600675,0.0015734289446611284,7.707784812594166e-05,0.0011515177023643142,0.00040334215409672085
5472,0,0.0274429060516672,0.010245223825525226,0.0008092788128837941,0.018844064938596215,0.014126092432275498
5473,0,0.0029315530891323,0.0036721308517221633,8.587549287389488e-05,0.0033018419704272314,0.0015087142910030975
5474,0,0.0072938657047607,0.004569255344356131,0.0014848914109981434,0.005931560524558416,0.004389378557879422
5475,0,0.0072102119805736,0.004730978928595768,0.00042510079525067714,0.0059705954545846845,0.0038176563879121386
5476,0,0.0075847173633344,0.005247075371377523,0.00034366878733113474,0.0064158963673559615,0.003964193075332767
5478,0,0.002091408566007,0.0015279275142565274,0.0017512483805085589,0.0018096680401317638,0.0019213284732577792
5479,0,0.000695212721624,0.0016687032629290716,3.2754709521911234e-05,0.0011819579922765359,0.0003639837155729556
5480,0,0.0003636756291003,0.001685225057380002,2.9346197429005554e-05,0.001024450343240151,0.00019651091326465279
5481,0,0.0015890817641224,0.001825547726601696,5.1077050630343186e-05,0.0017073147453620478,0.0008200794073763715
5482,0,0.0012440348613784,0.0025290138789090476,0.0001607443970316013,0.001886524370143724,0.0007023896292050007
5484,0,0.0224670086502551,0.047418146622302926,0.00332091114398269,0.03494257763627901,0.012893959897118895
5486,0,0.0399486883694222,0.023204160097384467,0.009739215723401728,0.03157642423340333,0.024843952046411964
5488,0,0.0195687696157218,0.019780653133251173,0.0021347228502381515,0.019674711374486488,0.010851746232979976
5489,1,0.8483687287624178,0.9604543489311241,0.984308098773674,0.904411538846771,0.9163384137680459
5490,0,0.0544312457844616,0.03179811336195618,0.050591471079343774,0.04311467957320889,0.05251135843190269
5493,0,0.0070983765599881,0.0020348635621369473,0.0005635820425653353,0.0045666200610625235,0.003830979301276718
5494,0,0.0076843316940254,0.001663053545165278,0.0002633083523239077,0.004673692619595339,0.0039738200231746535
5495,0,0.0064777346926223,0.003376417565302585,0.0005989875622428348,0.004927076128962443,0.0035383611274325674
5498,0,0.0004894727102985,0.0008675135836561146,2.6756370289110686e-05,0.0006784931469773073,0.00025811454029380534
5499,0,0.0008540147149641,0.0011985740121514409,0.00010414636117258674,0.0010262943635577703,0.00047908053806834335
5500,0,0.0005808026753722,0.0014438656751193423,8.905949805463824e-05,0.0010123341752457712,0.0003349310867134191
5504,0,0.0006887208198611,0.0007103049215711698,3.497760040371033e-05,0.0006995128707161348,0.00036184921013240515
5505,0,0.0003705015018266,0.0011003729846473336,5.299153214823254e-05,0.0007354372432369668,0.00021174651698741627
5506,0,0.0006606547949898,0.000726315813562558,6.082539662687582e-05,0.000693485304276179,0.0003607400958083379
5507,0,0.0005369118505011,0.001077573705923754,1.975413659038626e-05,0.000807242778212427,0.00027833299354574313
5508,0,0.0004971383131033,0.0012692536780040012,3.4206387516550205e-05,0.0008831959955536506,0.00026567235030992506
5509,0,0.0103414321454985,0.004591238326115468,0.0005006038537107874,0.007466335235806984,0.005421017999604643
5510,0,0.0005059548824282,0.0010546874359936343,3.4206387516550205e-05,0.0007803211592109172,0.0002700806349723751
5511,0,0.0013291119579359,0.0044366169296086696,0.0001737814035077996,0.0028828644437722847,0.0007514466807218499
5512,0,0.0005831681863871,0.0016464824931005922,6.150586365698416e-05,0.0011148253397438462,0.00032233702502204207
5513,0,0.0004072753442346,0.001208462662567624,1.8097645173233614e-05,0.000807869003401112,0.0002126864947039168
5514,0,0.0009527843788608,0.002477962504002517,0.00010074517555085609,0.0017153734414316584,0.000526764777205828
5516,0,0.0003649072122851,0.0020835091562909397,2.8162265424519422e-05,0.0012242081842880198,0.00019653473885480972
5517,0,0.0005030446867863,0.0010177959962105682,1.975413659038626e-05,0.0007604203414984341,0.00026139941168834313
5518,0,0.0015751813000127,0.0016880865173340045,0.00017492883450814206,0.0016316339086733522,0.000875055067260421
5519,0,0.0013766070480704,0.001223159324037972,0.00010842876611089746,0.0012998831860541859,0.0007425179070906487
5520,0,0.000626243815574,0.0018053314493860835,1.975413659038626e-05,0.0012157876324800417,0.0003229989760821931
5521,0,0.0010868513838894,0.001167799886490214,1.742891529786407e-05,0.0011273256351898072,0.0005521401495936321
5522,0,0.0029396691078663,0.003955180083009413,0.0003844868373199409,0.0034474245954378563,0.0016620779725931203
5524,0,0.0007503610462092,0.0011038827081317748,3.708574530643096e-05,0.0009271218771704874,0.00039372339575781553
5526,0,0.0097221303173877,0.004979435631488007,0.0007522279767440394,0.0073507829744378535,0.00523717914706587
5528,0,0.000669159372306,0.0014183967959797473,1.975413659038626e-05,0.0010437780841428736,0.0003444567544481931
5529,0,0.0012191486824398,0.0029563041832694984,0.00045093281736098995,0.002087726432854649,0.0008350407499003949
5530,0,0.0006348359921843,0.0018377963516305004,2.1817977517980458e-05,0.0012363161719074,0.00032832698485114024
5531,0,0.0059960645839686,0.0043411875137504725,0.0013263472361460336,0.005168626048859536,0.0036612059100573167
5532,0,0.0007225268842532,0.0018374979635372751,3.910451666469819e-05,0.0012800124238952376,0.0003808157004589491
5533,0,0.0005816110798094,0.001755069798735976,5.997109178952836e-05,0.001168340439272688,0.00032079108579946417
5534,0,0.0006551352388561,0.0014330947267319604,6.793147808075704e-05,0.0010441149827940303,0.00036153335846842853
5535,0,0.0006924756242454,0.001804414354508789,2.1817977517980458e-05,0.0012484449893770944,0.0003571468008816902
5538,0,0.0004475559192386,0.0017263730999506337,3.0882117506007454e-05,0.0010869645095946169,0.00023921901837230372
5539,0,0.0005716658159618,0.002219329293924756,0.00013547989663345334,0.001395497554943278,0.0003535728562976267
5540,0,0.0004325329659808,0.001231517098744684,3.3040350411476794e-05,0.000832025032362742,0.0002327866581961384
5541,0,0.0006861505592268,0.0012380466239415063,4.755792135425466e-05,0.0009620985915841532,0.00036685424029052734
5542,0,0.0009629476554782,0.0027763758315262625,0.00018904715060043958,0.0018696617435022312,0.0005759974030393198
5543,0,0.0013319347006249,0.002675917771936361,0.00022452748576224358,0.0020039262362806305,0.0007782310931935718
5545,0,0.0005848182021586,0.0012083632563134458,5.8314750734641774e-05,0.000896590729236023,0.0003215664764466209
5546,0,0.0164059970105452,0.003698915053953919,0.0010069321953265337,0.010052456032249558,0.008706464602935867
5547,0,0.0006503326708399,0.0016836401858940568,7.801544531994103e-05,0.0011669864283669785,0.0003641740580799205
5548,0,0.0049244416761918,0.0026077703259482364,0.000260267979534261,0.003766106001070018,0.0025923548278630306
5549,0,0.0007106787232819,0.0014807682089387204,7.801544531994103e-05,0.0010957234661103103,0.00039434708430092054
5550,0,0.0172581590187543,0.0050037558223507295,0.000716855303912821,0.011130957420552513,0.00898750716133356
5551,0,0.0007001033497079,0.00223990554580523,5.1077050630343186e-05,0.001470004447756565,0.0003755902001691216
5554,0,0.0108141418297218,0.015298484889632582,0.00020860700615486108,0.01305631335967719,0.00551137441793833
5555,0,0.0008853693645161,0.002515580418817691,7.707784812594166e-05,0.0017004748916668955,0.00048122360632102087
5558,0,0.0013591045342627,0.0031565702020704555,9.283613056242848e-05,0.0022578373681665775,0.0007259703324125642
5559,0,0.0011478969049403,0.0023082566447273152,3.472888258904761e-05,0.0017280767748338076,0.0005913128937646738
5560,0,0.0006236031268112,0.002084348742474055,3.6606295937163665e-05,0.0013539759346426275,0.00033010471137418185
5561,0,0.0006912420669109,0.0017571885758841798,7.018457913923817e-05,0.00122421532139754,0.00038071332302506907
5562,0,0.011232293680334,0.007964089897274736,0.0019593321772706997,0.009598191788804368,0.00659581292880235
5563,0,0.0006334720954797,0.0021872982477279556,7.018457913923817e-05,0.0014103851716038278,0.0003518283373094691
5564,0,0.0014417559808745,0.002790843555255678,3.6606295937163665e-05,0.0021162997680650893,0.0007391811384058318
5565,0,0.0169817349917234,0.013025068240495341,0.0031768423930231718,0.015003401616109371,0.010079288692373286
5566,0,0.0229173966354333,0.015589280481187844,0.007156956262372477,0.019253338558310573,0.015037176448902888
5567,0,0.0432367277507734,0.05419479547034505,0.016659779054463263,0.048715761610559224,0.02994825340261833
5568,0,0.005142740499127,0.0028058551366316985,0.0003109019206487054,0.003974297817879349,0.0027268212098878527
5569,0,0.0004033201430934,0.0006072765493053545,1.742891529786407e-05,0.0005052983461993773,0.00021037452919563205
5570,0,0.0005253241072632,0.0008697465346214127,3.4206387516550205e-05,0.0006975353209423064,0.0002797652473898751
5571,0,0.0034927137092271,0.0009340356092117274,2.0640023537491365e-05,0.0022133746592194136,0.0017566768663822958
5572,0,0.0003598860582847,0.0009916444912376015,2.664813996050143e-05,0.0006757652747611507,0.0001932670991226007
5573,0,0.0003487348982956,0.0007529389762556583,1.742891529786407e-05,0.0005508369372756291,0.00018308190679673205
5574,0,0.0011379691901426,0.0006156517335260758,5.8655501690233004e-05,0.0008768104618343379,0.0005983123459164165
5575,0,0.0076247390155066,0.0031456952734174926,0.0007828963413868563,0.005385217144462046,0.004203817678446728
5576,0,0.0005295462344342,0.0010148813532744913,3.4206387516550205e-05,0.0007722137938543457,0.0002818763109753751
5577,0,0.0005019887160259,0.0010130318425069916,3.4206387516550205e-05,0.0007575102792664458,0.0002680975517712251
5578,0,0.000639859504262,0.0013055766875026897,3.497760040371033e-05,0.0009727180958823448,0.00033741855233285515
5579,0,0.0002459519632371,0.0008119272759193368,2.664813996050143e-05,0.0005289396195782183,0.0001363000515988007
5580,0,0.0005472750874294,0.0007287838726188629,6.150586365698416e-05,0.0006380294800241315,0.0003043904755431921
5581,0,0.0018608193846422,0.001246901104763446,3.497760040371033e-05,0.001553860244702823,0.0009478984925229551
5582,0,0.000613702088324,0.0015854939563859259,1.975413659038626e-05,0.001099598022354963,0.0003167281124571931
5583,0,0.0008649604444175,0.0016975218620267551,0.00010414636117258674,0.0012812411532221275,0.0004845534027950434
5584,0,0.0007713812369809,0.0012907588326901238,4.1711352416075876e-05,0.001031070034835512,0.0004065462946984879
5587,0,0.000525959265441,0.0013694026361033593,3.5509321799678974e-05,0.0009476809507721796,0.0002807342936203395
5588,0,0.0006758611266155,0.0017620829508328125,3.708574530643096e-05,0.0012189720387241563,0.0003564734359609655
5589,0,0.0007543619219878,0.0009214280327490012,7.29008962029456e-05,0.0008378949773684006,0.0004136314090953728
5590,0,0.0070438978285397,0.004513791616028236,0.0018168242128154156,0.005778844722283968,0.004430361020677558
5591,0,0.0078918413250136,0.006565937206756548,0.001255537169945387,0.007228889265885073,0.004573689247479493
5592,0,0.0005926646962942,0.0007737190423356073,3.497760040371033e-05,0.0006831918693149037,0.0003138211483489552
5594,0,0.0093270746334595,0.003498964231663311,0.002097978619091021,0.006413019432561406,0.00571252662627526
5595,0,0.0006411262063078,0.0010382084495177502,4.986906038212557e-05,0.000839667327912775,0.00034549763334496274
5596,0,0.0010148421487365,0.0012103136868836654,6.995707214750551e-05,0.0011125779178100827,0.0005423996104420028
5597,0,0.0004142801865971,0.0017417144983717639,2.8162265424519422e-05,0.001077997342484432,0.00022122122601080972
5598,0,0.0007327635661179,0.0015777696329362975,4.703428014508924e-05,0.0011552665995270988,0.00038989892313149465
5600,0,0.000776774330005,0.0017413036315440228,3.4206387516550205e-05,0.0012590389807745114,0.0004054903587607751
5601,0,0.0004261522594245,0.0015736820628592212,1.742891529786407e-05,0.0009999171611418606,0.00022179058736118205
5602,0,0.0005915608448499,0.00102738488509868,3.4206387516550205e-05,0.00080947286497429,0.00031288361618322507
5603,0,0.0054428332805463,0.0045987026493141065,0.001744770202500335,0.005020767964930203,0.0035938017415233173
5605,0,0.0004208758233339,0.0014605302565298516,1.742891529786407e-05,0.0009407030399318758,0.00021915236931588204
5606,0,0.0005339178682531,0.0015157064646791894,1.975413659038626e-05,0.0010248121664661446,0.0002768360024217431
5607,0,0.0007821855750542,0.0010104396275310438,0.00010414636117258674,0.0008963126012926218,0.0004431659681133934
5608,0,0.0005944082416091,0.0015855015228316022,6.150586365698416e-05,0.0010899548822203512,0.00032795705263304205
5609,0,0.0003272873490966,0.0015933239308040558,2.8162265424519422e-05,0.0009603056399503279,0.0001777248072605597
5611,0,0.0009223071889204,0.0023689130746958084,0.00021941623583093708,0.0016456101318081042,0.0005708617123756685
5612,0,0.0010193527758049,0.0021215407369467197,4.1711352416075876e-05,0.0015704467563758097,0.000530532064110488
5613,0,0.0005360094446436,0.001110456525594435,2.335237189015474e-05,0.0008232329851190175,0.0002796809082668774
5614,0,0.0006719417647532,0.0013241309835053824,2.335237189015474e-05,0.0009980363741292912,0.0003476470683216774
5615,0,0.0010632522189098,0.001875468530834349,0.0006769235717308348,0.0014693603748720746,0.0008700878953203174
5616,1,0.978364399154215,0.9923088628647356,0.9971952892950845,0.9853366310094753,0.9877798442246497
5617,0,0.0005896103026677,0.0010883371315730166,4.755792135425466e-05,0.0008389737171203583,0.00031858411201097733
5618,1,0.7700092274833606,0.21145378079459404,0.9978826235033847,0.49073150413897737,0.8839459254933727
5619,0,0.2280297279330905,0.002022375712328385,0.018133127059648493,0.11502605182270945,0.1230814274963695
5621,0,0.0006264864227635,0.0008150792865797571,2.335237189015474e-05,0.0007207828546716285,0.0003249193973268274
5622,0,0.0057290452047998,0.008922005379930492,0.0005917375055795052,0.007325525292365145,0.0031603913551896527
5623,0,0.0004571937083503,0.0009196493554906817,5.8314750734641774e-05,0.0006884215319204909,0.00025775422954247087
5625,0,0.0005102446574705,0.0019389249669173544,3.3040350411476794e-05,0.0012245848121939273,0.0002716425039409884
5626,0,0.0007418263511349,0.0012651227977832932,5.202471232323456e-05,0.0010034745744590967,0.0003969255317290673
5627,0,0.0002765464889231,0.0014066267828181267,2.9346197429005554e-05,0.0008415866358706134,0.00015294634317605278
5628,0,0.0006378768394065,0.0015430255845727222,3.2754709521911234e-05,0.001090451211989611,0.00033531577446420564
5630,0,0.0010622852360147,0.0037704038686579037,0.00032363829796175494,0.0024163445523363017,0.0006929617669882275
5632,0,0.000762696798004,0.0018280441324877732,3.2754709521911234e-05,0.0012953704652458866,0.0003977257537629556
5633,0,0.0049191846934971,0.004551388011138891,0.0020096042361694155,0.004735286352317996,0.003464394464833258
5634,0,0.0025213309308889,0.002179198879037485,0.00018103566161050297,0.0023502649049631924,0.0013511832962497014
5635,0,0.0086521429558917,0.006637495364691491,0.0014219124987719786,0.007644819160291596,0.00503702772733184
5636,0,0.0014641646343218,0.003173279117983994,6.755245814468173e-05,0.002318721876152897,0.0007658585462332408
5637,0,0.0007022146552141,0.0024117711758640196,8.527139823402679e-05,0.0015569929155390598,0.0003937430267240634
5638,0,0.0011464739483838,0.0032328393955881737,7.122086895956417e-05,0.0021896566719859867,0.000608847408671682
5639,0,0.0005937667889251,0.0017807199019252056,7.018457913923817e-05,0.0011872433454251528,0.00033197568403216905
5640,0,0.0008715037761494,0.0016455444240694149,6.90342164778228e-05,0.0012585241001094073,0.0004702689963136114
5641,0,0.0023161517644375,0.005756618094864215,0.0006727004087571668,0.004036384929650858,0.0014944260865973336
5642,0,0.0006895803407765,0.0017277043667466322,7.018457913923817e-05,0.001208642353761566,0.00037988245995786905
5643,0,0.001063319712647,0.0027104895536929894,3.2754709521911234e-05,0.0018869046331699947,0.0005480372110844556
5644,0,0.0007604223583262,0.0016234952206897072,7.801544531994103e-05,0.0011919587895079535,0.0004192189018230705
5645,0,0.0022970520020875,0.00618470026258364,0.00021444784056600335,0.00424087613233557,0.0012557499213267517
5646,0,0.0010265391666618,0.0018422103544438206,5.193166379927713e-05,0.0014343747605528104,0.0005392354152305385
5647,0,0.001159728275333,0.0024475005781879238,7.239263896646472e-05,0.0018036144267604619,0.0006160604571497323
5648,0,0.0064930482543826,0.005993876564648352,0.00015639386693051273,0.006243462409515475,0.0033247210606565563
5649,0,0.0326699620694436,0.02416061456597541,0.02351343632486809,0.028415288317709505,0.028091699197155845
5650,0,0.0483791381836021,0.0645084917182218,0.013369551851836149,0.056443814950911955,0.030874345017719126
5651,0,0.0523324983247951,0.05976892279213409,0.010414408461847036,0.0560507105584646,0.031373453393321066
5652,0,0.0336542656650101,0.023000896848234694,0.0027890070280951434,0.028327581256622394,0.01822163634655262
5653,0,0.036051696995594,0.04219611357033955,0.022417879268186322,0.039123905282966775,0.02923478813189016
5654,0,0.0379540528815742,0.025375966692266456,0.008575319123290594,0.03166500978692033,0.023264686002432394
5655,0,0.0004755325399761,0.001618696013981879,3.7526913455861786e-05,0.0010471142769789895,0.00025652972671598087
5656,0,0.0030157889173943,0.0035451963726860947,0.00021608896061110482,0.0032804926450401973,0.0016159389390027023
5658,0,0.0011342180670481,0.0011883580151282704,0.0005116635065081926,0.0011612880410881853,0.0008229407867781462
5659,0,0.0140710270051013,0.0046824281762886085,0.0006224276959575203,0.009376727590694954,0.00734672735052941
5660,0,0.0012579516589058,0.0014448835321136952,2.4564256351060507e-05,0.0013514175955097476,0.0006412579576284302
5661,0,0.0005925890597411,0.0012892988427266401,2.4564256351060507e-05,0.0009409439512338701,0.00030857665804608027
5662,0,0.0024741572349388,0.0034692432025125396,0.0003576520239708559,0.00297170021872567,0.001415904629454828
5663,0,0.0005933451482748,0.0011190616534042935,3.4206387516550205e-05,0.0008562034008395467,0.0003137757678956751
5664,0,0.0006736297221528,0.0017226171621512044,3.4206387516550205e-05,0.0011981234421520022,0.0003539180548346751
5665,0,0.0006236921348366,0.001466443751445071,2.1817977517980458e-05,0.0010450679431408356,0.00032275505617729023
5666,0,0.00061188906193,0.00290761245565669,0.00018217845496495367,0.001759750758793345,0.00039703375844747684
5667,0,0.0006327515143623,0.0010729886393601787,4.693496788001444e-05,0.0008528700768612393,0.0003398432411211572
5668,0,0.0006921648617546,0.001968215179399923,6.793147808075704e-05,0.0013301900205772614,0.0003800481699176785
5670,0,0.0006913591701876,0.0012276094544412988,3.4206387516550205e-05,0.0009594843123144494,0.0003627827788520751
5671,0,0.0019330073946717,0.0023782665420878767,0.000764599012182138,0.0021556369683797885,0.001348803203426919
5672,0,0.0005005362600833,0.0014228240256344725,3.5509321799678974e-05,0.0009616801428588863,0.0002680227909414895
5674,0,0.0005625915849393,0.0012854778083725494,3.307238987744795e-05,0.0009240346966559247,0.00029783198740837395
5675,0,0.0015964796839962,0.002625890144522845,0.0001702118341326328,0.0021111849142595226,0.0008833457590644164
5676,0,0.0005826518284435,0.001460756620666534,3.4206387516550205e-05,0.001021704224555017,0.0003084291079800251
5677,0,0.0005804043010472,0.0009795506318427808,2.1817977517980458e-05,0.0007799774664449904,0.00030111113928259025
5678,0,0.0062101841425045,0.0033170383032455055,0.0005528773627158312,0.004763611222875002,0.003381530752610166
5682,0,0.0027964388735267,0.0021949035961924984,0.0003775228624518171,0.0024956712348595993,0.0015869808679892584
5683,0,0.0034849269239785,0.004216642599346741,0.0007173738374757473,0.0038507847616626205,0.0021011503807271234
5684,0,0.0005964957140439,0.0014603615213077121,2.1817977517980458e-05,0.001028428617675806,0.00030915684578094023
5685,0,0.000334854416031,0.001133874729493729,1.742891529786407e-05,0.0007343645727623646,0.00017614166566443204
5686,0,0.0011292081748682,0.0013343944758875434,9.620942772951741e-05,0.0012318013253778716,0.0006127088012988588
5688,0,0.0025926424976079,0.0030533153709337364,0.00012035947368706312,0.002822978934270818,0.0013565009856474815
5689,0,0.0020764271146793,0.0027101197612443245,0.0006062724878070542,0.0023932734379618122,0.0013413498012431772
5690,0,0.0007628814746598,0.0013168104914299094,0.00011316629207944937,0.0010398459830448547,0.0004380238833696247
5691,0,0.0025980427982023,0.002586369448993089,0.00026715849809570615,0.0025922061235976943,0.001432600648149003
5693,0,0.0050600603824512,0.004223993485858895,0.0004934598495789847,0.004642026934155047,0.002776760116015092
5694,0,0.0007444673495301,0.001961886609729541,3.613805936320861e-05,0.0013531769796298206,0.0003903027044466543
5695,0,0.0005453459738973,0.0017528735310458523,6.13623519842608e-05,0.001149109752471576,0.00030335416294078037
5696,0,0.0005812041420459,0.0019552112868353624,7.004882077124469e-05,0.0012682077144406311,0.0003256264814085723
5697,0,0.0003697230920621,0.0010604074150281683,3.3040350411476794e-05,0.0007150652535451341,0.00020138172123678838
5698,0,0.0048675639151095,0.002965614329964491,0.0014388731070686604,0.003916589122536996,0.0031532185110890805
5699,0,0.0088526077825208,0.00497143014419455,0.0014388731070686604,0.0069120189633576756,0.00514574044479473
5700,0,0.0013053314937138,0.0015202878231706872,0.00023139162596571484,0.0014128096584422436,0.0007683615598397574
5702,0,0.0054410037531185,0.004352788263894427,0.002000410530937673,0.004896896008506463,0.0037207071420280865
5703,0,0.0007296457118054,0.0017287923016459919,5.076863990789501e-05,0.0012292190067256959,0.0003902071758566475
5704,0,0.0013415364007767,0.002306451572643783,2.579213376493135e-05,0.0018239939867102414,0.0006836642672708157
5705,0,0.0078992776905562,0.00553966857855566,0.0006535210510813191,0.006719473134555931,0.0042763993708187596
5706,0,0.0005628196682782,0.001391535093840235,3.9208270831258714e-05,0.0009771773810592175,0.00030101396955472935
5707,1,0.9604236110877432,0.9757083323954909,0.99364707578839,0.9680659717416171,0.9770353434380665
5708,0,0.0005481860694256,0.0011225457215134499,5.8314750734641774e-05,0.0008353658954695249,0.0003032504100801209
5709,0,0.0006153025477978,0.0011991477790015193,2.579213376493135e-05,0.0009072251633996597,0.0003205473407813657
5711,0,0.0014070562856589,0.002623597885091239,9.15002932155533e-05,0.0020153270853750698,0.0007492782894372267
5712,0,0.0008009263254604,0.0015718119454833535,5.076863990789501e-05,0.0011863691354718768,0.0004258474826841475
5713,0,0.0066140444637103,0.004085644306233817,0.0006535210510813191,0.005349844384972059,0.0036337827573958096
5715,0,0.000701055200969,0.0011287352964578917,2.579213376493135e-05,0.0009148952487134459,0.0003634236673669657
5716,0,0.0004135144667447,0.001200952108189774,3.910451666469819e-05,0.000807233287467237,0.0002263094917046991
5717,0,0.0044182508623698,0.004505948831657306,0.0014848914109981434,0.004462099847013553,0.0029515711366839715
5718,0,0.0005436730942266,0.002173887887412114,0.00016914419322661695,0.001358780490819357,0.0003564086437266085
5719,0,0.0004894710087501,0.0011868294513147097,7.018457913923817e-05,0.0008381502300324049,0.0002798277939446691
5720,0,0.0016057044639187,0.0034213964089743107,0.0004959477736334659,0.0025135504364465055,0.001050826118776083
5721,0,0.0041478180501712,0.005096365105196096,0.0007132175119786078,0.0046220915776836475,0.0024305177810749036
5722,0,0.002478993323616,0.0024454555733535053,4.7455568431989106e-05,0.0024622244484847526,0.0012632244460239945
5723,0,0.0007005147193541,0.0022286853832239697,7.018457913923817e-05,0.0014646000512890348,0.00038534964924666907
5724,0,0.001662126447282,0.0017765366898022368,0.00012842992677530304,0.0017193315685421185,0.0008952781870286515
5725,0,0.0011698412171151,0.0031694626042912994,0.0003560620511418103,0.0021696519107032,0.0007629516341284551
5727,0,0.0033939778731155,0.0055306717638926705,0.000541822124706218,0.004462324818504085,0.001967899998910859
5728,0,0.0012735242141838,0.0022334829138782385,0.00011096636171977313,0.0017535035640310194,0.0006922452879517866
5729,0,0.0015834980065324,0.00349581045366093,9.15002932155533e-05,0.002539654230096665,0.0008374991498739767
5730,0,0.0011336010737366,0.0026220423835739883,3.6606295937163665e-05,0.001877821728655294,0.0005851036848368819
5734,0,0.0320447105971112,0.0524251550454348,0.007273893165293034,0.042234932821273,0.019659301881202115
5735,1,0.9740028319600004,0.9948993946147208,0.9988490402929405,0.9844511132873606,0.9864259361264704
5736,0,0.0346958142498357,0.03050304283896557,0.011826306715792007,0.032599428544400635,0.02326106048281385
5738,0,0.0397576880765601,0.03927846348935621,0.01209274997359109,0.039518075782958156,0.025925219025075594
5739,0,0.0171412200216704,0.003411448043762665,0.0019436314728848985,0.010276334032716532,0.00954242574727765
5740,0,0.0005182348196033,0.0011647098222641547,3.5509321799678974e-05,0.0008414723209337273,0.0002768720707014895
5741,0,0.0007431576071824,0.0010150736047506042,2.4564256351060507e-05,0.0008791156059665021,0.00038386093176673026
5742,0,0.0006030521324107,0.0010591134611736453,3.4206387516550205e-05,0.0008310827967921726,0.0003186292599636251
5743,0,0.0015083350336396,0.002701091623900731,0.00021608896061110482,0.0021047133287701654,0.0008622119971253524
5745,0,0.0003831317612258,0.0008753813738323825,1.742891529786407e-05,0.0006292565675290912,0.00020028033826183204
5746,0,0.000704181769389,0.002518455566003808,0.00012035947368706312,0.0016113186676964038,0.00041227062153803155
5748,0,0.0005699927333656,0.0011706104793330302,2.1817977517980458e-05,0.0008703016063493151,0.0002959053554417902
5751,0,0.0009105630418707,0.0011272087987501225,8.063560730556727e-05,0.0010188859203104112,0.0004955993245881336
5752,0,0.0003292087987209,0.0008348413733839224,1.742891529786407e-05,0.0005820250860524112,0.00017331885700938205
5753,0,0.0007162232279765,0.00131843326505665,0.00010414636117258674,0.001017328246516575,0.0004101847945745434
5754,0,0.0015820246103624,0.00267147050838075,0.0003384290962219954,0.002126747559371575,0.0009602268532921976
5755,0,0.000478192318135,0.0026036859275602275,0.0002636987975892844,0.0015409391228476139,0.00037094555786214224
5757,0,0.0056190342302642,0.003711252204702047,0.001255537169945387,0.004665143217483124,0.0034372857001047936
5758,0,0.0068393534350444,0.004564155014438566,0.001255537169945387,0.005701754224741483,0.004047445302494894
5759,0,0.0005032144164775,0.0017097303128194327,3.5509321799678974e-05,0.0011064723646484664,0.0002693618691385895
5760,0,0.0005813840764636,0.0010508147412369307,1.4169794362438864e-05,0.0008160994088502653,0.0002977769354130194
5761,0,0.0006553019812941,0.0015888255755302726,2.1817977517980458e-05,0.0011220637784121862,0.0003385599794060402
5762,0,0.0074979762401951,0.0027944451376283857,0.001255537169945387,0.005146210688911743,0.004376756705070243
5763,0,0.007842728636902,0.0027147837112736573,0.0016747739938906738,0.005278756174087828,0.004758751315396337
5764,0,0.0006378327893401,0.0012004118151701915,3.03509827311517e-05,0.0009191223022551457,0.00033409188603562585
5765,0,0.0005407093967546,0.0009269303225809574,3.03509827311517e-05,0.0007338198596677787,0.00028553018974287586
5766,0,0.0011422689894081,0.0009599471794507697,1.4169794362438864e-05,0.0010511080844294348,0.0005782193918852695
5767,0,0.0017975219283995,0.0024653758182353745,0.0001738132034694932,0.0021314488733174372,0.0009856675659344965
5768,0,0.0020749860270945,0.002369712378023156,0.000648706836905046,0.002222349202558828,0.0013618464319997729
5769,0,0.0018778793195963,0.0021584170875220267,0.0002215492629890866,0.0020181482035591634,0.0010497142912926933
5775,0,0.0003301305110879,0.0012714287569556843,1.742891529786407e-05,0.0008007796340217922,0.00017377971319288205
5776,0,0.0005095936860969,0.002433928550581735,0.00013547989663345334,0.0014717611183393173,0.0003225367913651767
5777,0,0.0083489678772596,0.00356347520278754,0.0009160892787904555,0.00595622154002357,0.004632528578025028
5778,0,0.0012296885200405,0.0025175421459399517,0.00016523264787355143,0.001873615332990226,0.0006974605839570258
5782,0,0.0006636239663231,0.0012385623571756895,1.4169794362438864e-05,0.0009510931617493948,0.00033889688034276943
5783,0,0.0007365788189764,0.001528362760492241,1.6750853303013725e-05,0.0011324707897343205,0.00037666483613970687
5784,0,0.0004742570589625,0.001076123514731819,3.3040350411476794e-05,0.0007751902868471596,0.0002536487046869884
5785,0,0.0018285169410718,0.0025565012589386497,0.0007307644213255881,0.002192509100005225,0.001279640681198694
5786,0,0.0004720872574054,0.0018695588657982277,6.13623519842608e-05,0.0011708230616018138,0.0002667248046948304
5787,0,0.0006889461565271,0.0010771408810168947,4.2197727581737456e-05,0.0008830435187719974,0.00036557194205441877
5788,0,0.0003218870790445,0.001383343095010211,5.8314750734641774e-05,0.0008526150870273555,0.00019010091488957088
5789,0,0.0004635282007489,0.0010164887855014784,5.8314750734641774e-05,0.0007400084931251892,0.00026092147574177085
5790,0,0.0018420841135171,0.0031677664697175954,0.0005146530513679976,0.0025049252916173478,0.0011783685824425488
5791,0,0.0006132346607646,0.0016709895503398526,3.5079031520918085e-05,0.0011421121055522263,0.000324156846142759
5792,0,0.0007247987115699,0.0014612734391204404,5.1027759745443415e-05,0.0010930360753451701,0.00038791323565767175
5793,0,0.0010474678041511,0.0016334450221699216,1.6750853303013725e-05,0.0013404564131605109,0.0005321093287270569
5794,0,0.0006531593095983,0.0015250098688342124,7.018457913923817e-05,0.0010890845892162562,0.00036167194436876904
5796,0,0.000824137267733,0.0020516958670681387,5.1027759745443415e-05,0.0014379165674005693,0.00043758251373922174
5797,0,0.0034615649246718,0.0048679628713833864,0.00014736432310641172,0.004164763898027593,0.0018044646238891057
5798,0,0.0012622141334216,0.003126007461195916,0.00040015051969388064,0.002194110797308758,0.0008311823265577402
5799,0,0.000908715556003,0.0021613479120942396,0.00033096880229536427,0.0015350317340486197,0.0006198421791491821
5801,0,0.0012377499209624,0.0029824696207056247,0.00034173347484474397,0.0021101097708340123,0.000789741697903572
5802,0,0.0030922606422227,0.004333352307167782,0.0005853739110512771,0.003712806474695241,0.0018388172766369885
5803,0,0.0012464502547705,0.002105536882149829,0.00016575562318944565,0.0016759935684601645,0.0007061029389799728
5804,0,0.001145073832822,0.0016077105314909737,7.468850657390115e-05,0.0013763921821564869,0.0006098811696979506
5805,0,0.0067897861316629,0.004092052002343819,0.002306803278728538,0.00544091906700336,0.004548294705195719
5806,0,0.0010076558334593,0.001856051073094237,6.804974824021345e-05,0.0014318534532767684,0.0005378527908497567
5807,0,0.0036315961919986,0.0031245058416398616,0.0013104899288269227,0.003378051016819231,0.0024710430604127616
5808,0,0.0016248271932756,0.002637856770572144,0.00014599397682260647,0.002131341981923872,0.0008854105850491032
5809,0,0.0010147625951291,0.0017727160372315817,9.151771128311743e-05,0.0013937393161803408,0.0005531401532061087
5810,0,0.0026076039967541,0.0016759279964414543,5.1027759745443415e-05,0.002141765996597777,0.0013293158782497717
5811,0,0.0011139654699336,0.0018444382638699067,0.000113139006853794,0.0014792018669017534,0.000613552238393697
5813,0,0.0010861426834506,0.0020180152924580107,6.068340034397485e-05,0.0015520789879543053,0.0005734130418972874
5815,0,0.0031070766123627,0.004048031885064404,0.0006406127770546465,0.003577554248713552,0.0018738446947086731
5816,0,0.0065413281621822,0.003897521099497536,0.0007952467730678282,0.005219424630839868,0.003668287467625014
5817,0,0.0051279965473377,0.006290175297597301,0.0009385722581016713,0.005709085922467501,0.0030332844027196855
5819,0,0.0464039319743066,0.05763724555477926,0.019994098123673996,0.052020588764542935,0.033199015048990296
5820,0,0.1080354097665317,0.21576318640295156,0.06381762868839584,0.16189929808474163,0.08592651922746378
5821,0,0.0603272221628617,0.06814724181584404,0.18331037157324306,0.06423723198935287,0.12181879686805239
5822,0,0.0561604621270659,0.030632800565211966,0.11740320818113768,0.043396631346138935,0.08678183515410179
5823,0,0.0500814931032839,0.013307200543037433,0.005026679487689527,0.03169434682316066,0.027554086295486713
5825,0,0.0417908286991697,0.04571142562623655,0.011049422056535097,0.04375112716270313,0.0264201253778524
5826,0,0.1205719921570333,0.13266112830000043,0.04622675041687184,0.12661656022851686,0.08339937128695257
5827,0,0.0394383524462508,0.05112269567984456,0.010289906103791628,0.04528052406304768,0.024864129275021216
5829,0,0.0005895809705109,0.0006159884529056325,1.480525160228621e-05,0.0006027847117082662,0.0003021931110565931
5830,0,0.0005506787685632,0.0005925078366637101,1.480525160228621e-05,0.0005715933026134551,0.0002827420100827431
5831,0,0.00265662960577,0.0012168986752597877,0.00018611340962927997,0.0019367641405148937,0.00142137150769964
5832,0,0.0008412175179683,0.0017344720260115422,0.00015614561585366112,0.001287844771989921,0.0004986815669109806
5833,0,0.0005527717031025,0.0007785376159027246,1.480525160228621e-05,0.0006656546595026124,0.0002837884773523931
5835,0,0.0011176514596078,0.0011378054587895048,0.0001915787860261619,0.0011277284591986523,0.000654615122816981
5836,0,0.0004691366792388,0.0012766193413899483,2.888882303010571e-05,0.0008728780103143741,0.0002490127511344529
5837,0,0.000587163726728,0.0008182940875248842,5.421397578228834e-05,0.000702728907126442,0.00032068885125514414
5841,0,0.0009623569811324,0.001224521005639053,2.888882303010571e-05,0.0010934389933857265,0.0004956229020812528
5842,0,0.0006173254928663,0.0006904766095893511,5.421397578228834e-05,0.0006539010512278255,0.00033576973432429416
5843,0,0.0031944292094069,0.0020371713290133235,0.0011141788499487984,0.002615800269210112,0.0021543040296778493
5844,0,0.000610428030236,0.0007315599394095327,5.421397578228834e-05,0.0006709939848227664,0.00033232100300914415
5845,0,0.0005982410257843,0.0009819498796351726,5.421397578228834e-05,0.0007900954527097363,0.0003262275007832942
5846,0,0.0005112666044197,0.0018732865285989136,0.00011552884763103907,0.0011922765665093068,0.0003133977260253695
5847,0,0.0005015538623475,0.0008407791974229969,1.3150013155244592e-05,0.0006711665298852485,0.0002573519377513723
5848,0,0.0009243320006008,0.0019009053467727197,0.00013848034278099433,0.0014126186736867598,0.0005314061716908972
5851,0,0.0005158998174486,0.0007413646191165065,1.3150013155244592e-05,0.0006286322182825533,0.0002645249153019223
5852,0,0.000406323434277,0.0007112675082380553,2.1863037754175238e-05,0.0005587954712575276,0.0002140932360155876
5853,0,0.000482020430666,0.0011152453048198735,0.0001699424827099149,0.0007986328677429367,0.00032598145668795745
5854,0,0.0005631170758174,0.0009840471863721348,4.343929893081776e-05,0.0007735821310947674,0.0003032781873741089
5855,0,0.0018998489874933,0.002550681820372511,0.0013420042081159704,0.0022252654039329055,0.0016209265978046352
5857,0,0.000514833720008,0.0011833145181957643,0.00012992839107236516,0.0008490741191018821,0.00032238105554018254
5858,0,0.0007762331467679,0.0024465867824482114,0.0005194372217240555,0.0016114099646080556,0.0006478351842459778
5859,0,0.0053548924142864,0.0028269450930965227,0.0009040753580513959,0.0040909187536914615,0.003129483886168898
5860,0,0.0004545666059433,0.0014790143556262345,2.1863037754175238e-05,0.0009667904807847672,0.0002382148218487376
5861,0,0.0006200897798332,0.0014688258471231995,0.00012992839107236516,0.0010444578134781997,0.0003750090854527826
5862,0,0.0010924341613423,0.0017653681254265776,0.00027601019217349216,0.0014289011433844387,0.000684222176757896
5863,0,0.0007610796986002,0.001855533834250212,5.421397578228834e-05,0.001308306766425206,0.0004076468371912442
5864,0,0.0006871561911062,0.0008897978233816956,6.304278410450982e-05,0.0007884770072439477,0.0003750994876053549
5865,0,0.0005558958119879,0.0014338830045849303,3.1395248912326704e-05,0.0009948894082864152,0.00029364553045011334
5867,0,0.0010338187849085,0.0022831591939004316,9.051420623544973e-05,0.001658488989404466,0.000562166495571975
5868,0,0.0021263592643178,0.0023243157293090064,9.051420623544973e-05,0.002225337496813403,0.0011084367352766247
5869,0,0.0008076184224707,0.0013655143125936076,0.00025556093744701314,0.0010865663675321538,0.0005315896799588565
5870,0,0.0006907577661593,0.0023025710079180874,0.00013547989663345334,0.0014966643870386936,0.0004131188313963767
5871,0,0.0009459419093421,0.0024547545928228615,6.793147808075704e-05,0.0017003482510824807,0.0005069366937114285
5872,0,0.0007324890442321,0.0017499222966879536,1.6750853303013725e-05,0.001241205670460027,0.00037461994876755684
5873,0,0.0005092191735438,0.0012587911827162087,4.14460422259218e-05,0.0008840051781300043,0.00027533260788486087
5875,0,0.0006438596252353,0.0007993487878347364,6.184463702147284e-05,0.0007216042065350183,0.00035285213112838643
5877,0,0.0012750730026249,0.003431554881561899,1.711604747494306e-05,0.0023533139420933995,0.0006460945250499215
5878,0,0.0007589840908615,0.002029705848291488,6.153059227588163e-05,0.001394344969576494,0.0004102573415686908
5879,0,0.0008457796861587,0.0018333012652624137,7.468327980616899e-05,0.0013395404757105568,0.0004602314829824345
5880,0,0.0011346735515159,0.001874561203034823,0.0009533419845351641,0.0015046173772753613,0.001044007768025532
5881,0,0.0017405462682761,0.0019795197746153093,0.0006771843622575695,0.0018600330214457047,0.0012088653152668347
5882,0,0.0006063230613155,0.0024801744593492873,0.00011552884763103907,0.0015432487603323935,0.0003609259544732695
5883,0,0.0007464191663641,0.0014008518811764216,1.5545319612947783e-05,0.0010736355237702608,0.0003809822429885239
5884,0,0.0010225167891263,0.0023098183806525728,0.0002371726778912154,0.0016661675848894364,0.0006298447335087577
5885,0,0.0018759410098831,0.002178139677466916,0.000363943299510696,0.002027040343675008,0.0011199421546968982
5886,0,0.0008478704621817,0.0017137198610535306,6.304278410450982e-05,0.0012807951616176153,0.0004554566231431049
5887,0,0.0004838745457055,0.0010408161999674703,5.8314750734641774e-05,0.0007623453728364852,0.00027109464822007087
5888,0,0.0009982324964414,0.0017297321365702407,4.753454115856253e-05,0.0013639823165058204,0.0005228835187999813
5889,0,0.0007918867034833,0.0021215448552323797,4.5320238179649926e-05,0.00145671577935784,0.00041860347083147497
5890,0,0.0033434344022594,0.004893823380696497,0.0008495023683730682,0.004118628891477949,0.002096468385316234
5892,0,0.0039523329095366,0.005070362206729606,0.002123891923539292,0.004511347558133103,0.003038112416537946
5893,0,0.0007430783192108,0.002030080232547198,8.417686217016282e-05,0.001386579275878999,0.0004136275906904814
5894,0,0.0018157583880392,0.004293952474970059,0.0006879752718148026,0.0030548554315046293,0.0012518668299270012
5897,0,0.0024162976011222,0.0017245204511953088,0.0004125423315098675,0.0020704090261587545,0.0014144199663160338
5898,0,0.0008618658473098,0.0021596346107813943,0.00012368264285351403,0.001510750229045597,0.000492774245081657
5899,0,0.0033944187582332,0.0037542485296081325,0.000527009037101855,0.003574333643920666,0.0019607138976675273
5900,0,0.0027975081904959,0.0021124050310215017,0.001105443993537288,0.002454956610758701,0.0019514760920165942
5901,0,0.0007672357816352,0.002279818157591992,4.591914709785575e-05,0.0015235269696135959,0.0004065774643665279
5904,0,0.0024682047128913,0.002494823350023068,0.0008247567018930669,0.002481514031457184,0.0016464807073921835
5907,0,0.0013820131084554,0.0024910074474930695,9.199206351694254e-05,0.0019365102779742346,0.0007370025859861712
5908,0,0.0061103817141954,0.005057985963979434,0.00016934217056469223,0.005584183839087417,0.003139861942380046
5909,0,0.0242897538873064,0.015899871691121732,0.01287183451458484,0.020094812789214066,0.01858079420094562
5910,1,0.9851087101805388,0.990584282778513,0.9999577044921026,0.9878464964795259,0.9925332073363207
5911,0,0.0005714821356167,0.0010422162684991067,7.085756988176346e-05,0.0008068492020579033,0.0003211698527492317
5912,0,0.0274498222604657,0.012843131994966936,0.002502522072418738,0.02014647712771632,0.014976172166442219
5913,0,0.0007372326979518,0.0008534547653442726,1.9635476639234335e-05,0.0007953437316480362,0.00037843408729551714
5914,0,0.0004174613989601,0.000921536549978163,4.3103239746522396e-05,0.0006694989744691315,0.00023028231935331119
5915,0,0.0005479121245263,0.0006698013210923554,1.9635476639234335e-05,0.0006088567228093276,0.00028377380058276715
5917,0,0.0005193720085899,0.0007998038802924995,5.712590897956e-05,0.0006595879444411997,0.00028824895878473
5918,0,0.002336521831567,0.0014210152051974173,0.0003890989525798981,0.0018787685183822085,0.0013628103920734491
5919,0,0.0004469889674263,0.001128755129970095,3.6108072336074854e-05,0.0007878720486981975,0.00024154851988118743
5920,0,0.0009674237822844,0.001520057417924881,0.00026878218825742106,0.0012437406001046406,0.0006181029852709106
5921,0,0.0008556221916214,0.0009158805831029216,0.0002521705020045815,0.0008857513873621607,0.0005538963468129908
5922,0,0.0031775901041006,0.002105563017328537,0.0016459920289311196,0.0026415765607145686,0.00241179106651586
5923,0,0.0006898166217191,0.0008634302587991302,1.6185078846110246e-05,0.0007766234402591151,0.00035300085028260514
5924,0,0.0002737750924838,0.0004951747922351772,2.444453447307212e-05,0.0003844749423594886,0.00014910981347843606
5925,0,0.0023851713914079,0.001662800319583046,0.0014036531781706032,0.002023985855495473,0.0018944122847892517
5927,0,0.0012520755368506,0.0016863293952541884,0.0005923566005942109,0.0014692024660523943,0.0009222160687224055
5928,0,0.0011270047651779,0.0009274384818971111,1.6185078846110246e-05,0.0010272216235375055,0.0005715949220120051
5930,0,0.0003613980652646,0.0005395315082633023,1.8275023942121967e-05,0.00045046478676395116,0.000189836544603361
5931,0,0.0007578669422587,0.002181653820447084,0.00010256569776482323,0.001469760381352892,0.00043021632001176164
5932,0,0.0022767335378245,0.0018191367811104392,0.0004101934187664767,0.0020479351594674695,0.0013434634782954883
5933,0,0.0004481384859536,0.0009048250898753854,3.6108072336074854e-05,0.0006764817879144927,0.00024212327914483744
5934,0,0.0024253071570139,0.0014755214963901447,0.0004101934187664767,0.0019504143267020223,0.0014177502878901884
5935,0,0.0020713229627511,0.0007953653754076124,4.6384647002309e-05,0.0014333441690793562,0.0010588538048767046
5936,0,0.0003079349110927,0.0007548372338725642,2.444453447307212e-05,0.0005313860724826321,0.00016618972278288605
5937,0,0.0006221180967292,0.0008218504115476943,0.00010324798185621541,0.0007219842541384472,0.0003626830392927077
5939,0,0.0006407957475363,0.0014092015979013926,7.085756988176346e-05,0.0010249986727188464,0.0003558266587090317
5940,0,0.1175485318828971,0.22852146697013676,0.0037977793861226675,0.17303499942651693,0.06067315563450988
5941,0,0.0010960167149978,0.0019751382675442315,1.6537938475227652e-05,0.0015355774912710158,0.0005562773267365138
5942,1,0.0008298155737462,0.0013579813969956062,1.6185078846110246e-05,0.001093898485370903,0.0004230003262961551
5943,0,0.0008140922326568,0.0019481145876452167,0.0001091450768072619,0.0013811034101510083,0.0004616186547320309
5944,0,0.0005337681528242,0.0014257972336503865,2.6986017961100725e-05,0.0009797826932372933,0.00028037708539265036
5946,0,0.0016295424198049,0.001958071379468745,0.0006113467454597997,0.0017938068996368225,0.0011204445826323499
5947,0,0.0006166362964491,0.0012378233458618779,1.6185078846110246e-05,0.000927229821155489,0.00031641068764760513
5948,0,0.000648512963242,0.0009918304225497623,5.1157507026088776e-05,0.0008201716928958812,0.0003498352351340444
5949,0,0.0010374305023252,0.001291160695823537,0.00016233349071257796,0.0011642955990743685,0.000599881996518889
5950,0,0.0005891848657921,0.0011731810006428347,9.174361453025675e-05,0.0008811829332174674,0.0003404642401611784
5951,0,0.0009072219690882,0.00143450987192855,0.00019114295447124262,0.001170865920508375,0.0005491824617797213
5953,0,0.0005872951301836,0.0013486611053205775,2.6986017961100725e-05,0.0009679781177520887,0.00030714057407235033
5954,0,0.0008951869487603,0.0017529868006404847,0.00011511449491528445,0.0013240868747003923,0.0005051507218377922
5957,0,0.0008631220530835,0.0012322404799000762,0.00022129589387193227,0.001047681266491788,0.0005422089734777162
5958,0,0.0005736584530656,0.0011934168156548413,1.6185078846110246e-05,0.0008835376343602206,0.00029492176595585513
5960,0,0.002404796952449,0.003280075920749487,0.0023969794273058964,0.0028424364365992436,0.0024008881898774483
5961,0,0.0013937649098297,0.001506755836196268,0.00013709019032194893,0.001450260373012984,0.0007654275500758245
5962,0,0.0008235194152169,0.0012151731800387818,8.025910596444598e-05,0.001019346297627841,0.000451889260590673
5963,0,0.0008915953510064,0.0021906279627715605,0.0002521705020045815,0.0015411116568889802,0.0005718829265054907
5964,0,0.0004949638660301,0.0009943108572039762,8.338499938530654e-05,0.0007446373616170381,0.0002891744327077033
5966,0,0.0008670517361093,0.001445678477566,0.00020840209647243307,0.00115636510683765,0.0005377269162908665
5967,0,0.002381112409025,0.002792827039969701,0.0008974466182449244,0.0025869697244973507,0.0016392795136349623
5968,0,0.0018398278961448,0.0039427398950347805,0.00016831987435351255,0.0028912838955897904,0.0010040738852491562
5969,0,0.0032273344222433,0.0035348868217532983,0.0012762034525414378,0.003381110621998299,0.002251768937392369
5970,0,0.0007899842687857,0.0013109051863499422,1.9133219226061395e-05,0.001050444727567821,0.0004045587440058807
5971,0,0.0007490928249784,0.00236703631076987,0.00021289850542368662,0.001558064567874135,0.0004809956652010433
5972,0,0.002173242476043,0.0016551488869290612,1.9133219226061395e-05,0.0019141956814860304,0.0010961878476345307
5973,0,0.0023555417319794,0.002457828471650154,0.0004868380821495429,0.0024066851018147766,0.0014211899070644715
5974,0,0.0034515893204377,0.003984016362347291,0.0023969794273058964,0.0037178028413924957,0.002924284373871798
5975,0,0.0010791800235652,0.001447365090758925,0.00021223046929662342,0.0012632725571620625,0.0006457052464309117
5976,0,0.0020689753530825,0.0017552605927348506,0.0027736440044212056,0.0019121179729086754,0.002421309678751853
5977,0,0.003183135491559,0.003753478964827653,0.0016888562069679051,0.0034683072281933265,0.0024359958492634524
5979,0,0.0009180521396758,0.0017832379755406285,0.00019358294550116375,0.0013506450576082143,0.0005558175425884819
5980,0,0.0015136119655542,0.0015890821106307165,6.315254348051204e-05,0.0015513470380924582,0.000788382254517356
5981,0,0.0013639752018166,0.002132837007270992,6.099350039590633e-05,0.001748406104543796,0.0007124843511062532
5982,0,0.0028915261130395,0.0033661697344281,0.0005535853898693552,0.0031288479237338,0.0017225557514544275
5983,0,0.0008067940287788,0.0018920751454699384,0.00021223046929662342,0.0013494345871243691,0.0005095122490377117
5984,0,0.0010305530621958,0.0013727254758367413,6.315254348051204e-05,0.0012016392690162706,0.000546852802838156
5985,0,0.0032189465073928,0.002223507217707487,0.0009539528669827005,0.0027212268625501435,0.00208644968718775
5986,0,0.0093954620916369,0.005854324631646507,0.0006879988409819531,0.007624893361641703,0.005041730466309426
5988,0,0.0052573476505886,0.004748415594360929,0.000990540918479898,0.005002881622474765,0.003123944284534249
5989,0,0.3101772603157391,0.11343283427405365,0.17361245987308963,0.21180504729489638,0.24189486009441435
5990,0,0.0257912754234038,0.051177968464336365,0.019549324579440506,0.03848462194387008,0.02267030000142215
5991,0,0.0299362829819843,0.022408818274675883,0.012080826777000673,0.026172550628330092,0.021008554879492488
5992,0,0.0853606829127959,0.07271816505318861,0.09988174787035968,0.07903942398299225,0.09262121539157779
5993,0,0.0465555773718177,0.029645281383875306,0.029154991562979467,0.0381004293778465,0.03785528446739858
5994,0,0.1457033380654184,0.12797614494645598,0.12596890146080855,0.1368397415059372,0.1358361197631135
5995,0,0.0611015853311556,0.09687626779837645,0.0334922092262054,0.07898892656476603,0.0472968972786805
5997,0,0.1822830107250808,0.13192871261044214,0.058129458836108656,0.15710586166776147,0.12020623478059472
5998,0,0.0745552944180747,0.04872300147291055,0.038962221813219386,0.06163914794549262,0.05675875811564704
6000,1,0.1952405128261441,0.07977968319103126,0.05560068335561307,0.13751009800858768,0.12542059809087858
6001,0,0.0003653066439721,0.0005426223393207159,5.333074866573736e-05,0.000453964491646408,0.00020931869631891868
6002,0,0.0025516281116065,0.0010967614887827867,0.00016030781462012743,0.0018241948001946433,0.0013559679631133137
6003,0,0.0011052453494133,0.0007820402772521227,1.8222344734164025e-05,0.0009436428133327115,0.000561733847073732
6004,0,0.0005562065463708,0.0007279669917876827,3.534889948350307e-05,0.0006420867690792413,0.0002957777229271515
6005,0,0.0020028285269603,0.001478318857249876,0.0002334663675926714,0.0017405736921050881,0.0011181474472764857
6007,0,0.0023772237558379,0.0011749227193842532,7.973461153158616e-05,0.0017760732376110766,0.0012284791836847432
6008,0,0.0038001250357559,0.0028895896029394468,0.0010839970101256973,0.0033448573193476734,0.0024420610229407987
6009,0,0.0008030234951679,0.0009764921884322996,1.6537938475227652e-05,0.0008897578418000998,0.0004097807168215638
6010,0,0.0008874172278698,0.0010633086968217665,0.0002521705020045815,0.0009753629623457833,0.0005697938649371907
6011,0,0.0007543291320011,0.0011133818714467519,1.6537938475227652e-05,0.000933855501723926,0.0003854335352381638
6012,0,0.0005374873683579,0.0007838977626175288,1.6185078846110246e-05,0.0006606925654877144,0.0002768362236020051
6013,0,0.0012980866374561,0.0012419748198871901,0.0007611128771172756,0.001270030728671645,0.0010295997572866878
6014,0,0.0009845837067281,0.0011642438175509362,0.0001010050292114278,0.001074413762139518,0.0005427943679697639
6015,0,0.0002465238937202,0.0005238658887408132,2.6986017961100725e-05,0.00038519489123050666,0.00013675495584065036
6017,0,0.0016493349138503,0.0020497851385471097,0.0007905365669597223,0.0018495600261987048,0.0012199357404050113
6018,0,0.0014069403031456,0.0014906868889109533,0.0007766191108512881,0.0014488135960282766,0.001091779706998444
6020,0,0.000496485959491,0.0006540234522528738,2.6986017961100725e-05,0.0005752547058719369,0.00026173598872605033
6021,0,0.0005226074808991,0.0010467198409817168,8.283246243357843e-05,0.0007846636609404084,0.0003027199716663392
6022,0,0.0006472909847429,0.0008928099163585349,7.759236964744919e-05,0.0007700504505507174,0.0003624416771951746
6024,0,0.0034578106190171,0.0029463666170099997,0.002528994987539314,0.0032020886180135497,0.002993402803278207
6025,1,0.956396867770786,0.9054362826786524,0.9998006978897727,0.9309165752247193,0.9780987828302794
6026,0,0.0032378084060355,0.0021875156618581942,0.0004295370503242062,0.0027126620339468473,0.001833672728179853
6027,0,0.001193427842351,0.0020571861845483795,0.00011568946155645286,0.0016253070134496898,0.0006545586519537264
6029,0,0.0041713844907681,0.0012080644862844851,0.001316856013884174,0.0026897244885262924,0.002744120252326137
6030,0,0.0038282041375594,0.002062720235162803,0.0003637866609717161,0.0029454621863611013,0.002095995399265558
6031,0,0.0155654387765069,0.0032661798060443373,0.0005673224046055852,0.009415809291275619,0.008066380590556243
6033,0,0.0007375589763585,0.001065755717276615,0.0001091450768072619,0.0009016573468175576,0.00042335202658288097
6035,0,0.003511509266595,0.00217945512390562,0.0012057915474267549,0.0028454821952503097,0.0023586504070108776
6036,0,0.0006637542148038,0.0009074324442450544,1.6185078846110246e-05,0.0007855933295244272,0.0003399696468249551
6037,0,0.0016040642479316,0.002504299021458862,0.0001367600202355672,0.002054181634695231,0.0008704121340835836
6040,0,0.00185668572471,0.0027491948660639037,0.0013386507483294805,0.0023029402953869517,0.0015976682365197402
6041,0,0.0041627559403901,0.002451085147775409,0.00037893543093376936,0.003306920544082754,0.0022708456856619344
6042,0,0.0013462200058459,0.0026833413518308844,0.0001367600202355672,0.002014780678838392,0.0007414900130407336
6043,0,0.0006440754089044,0.0008602312524681894,8.955246241662477e-05,0.0007521533306862947,0.00036681393566051235
6045,0,0.0004678455326432,0.001119436380617585,5.1157507026088776e-05,0.0007936409566303925,0.0002595015198346444
6046,0,0.0035067972249032,0.003220499435505146,0.008685185426735267,0.0033636483302041734,0.006095991325819233
6048,0,0.0007041517974482,0.0010564627587091465,6.304278410450982e-05,0.0008803072780786732,0.00038359729077635493
6049,0,0.0004612044744069,0.0009267241321350651,4.14460422259218e-05,0.0006939643032709826,0.0002513252583164109
6050,0,0.0004759001512343,0.0014689522199481486,4.426944697756352e-05,0.0009724261855912243,0.00026008479910593176
6051,0,0.0005639214759304,0.0015194854560577995,4.073525702702697e-05,0.0010417034659940998,0.0003023283664787135
6052,0,0.0011726960508299,0.002807266227093026,0.00039357331595745907,0.001989981138961463,0.0007831346833936795
6054,0,0.0008458584403695,0.002002932260711691,0.00016711132610421425,0.0014243953505405956,0.0005064848832368571
6055,0,0.0005781423889829,0.0011062775614521696,9.174361453025675e-05,0.0008422099752175348,0.00033494300175657837
6056,0,0.0006980534717878,0.0016665030049177675,0.00010866697617019636,0.0011822782383527838,0.0004033602239789982
6057,0,0.004107413035943,0.006191344294708791,0.004445958740034891,0.0051493786653258955,0.004276685887988945
6059,0,0.0007076830637708,0.0010923062506391806,0.00014845650693218182,0.0008999946572049903,0.0004280697853514909
6060,0,0.0026294842143266,0.004019748236568066,0.00011676123822764612,0.0033246162254473334,0.0013731227262771231
6061,0,0.0004217849155501,0.001224883485821034,7.018457913923817e-05,0.000823334200685567,0.0002459847473446691
6063,0,0.0010598742990075,0.0030741908054251247,0.0003032171021984449,0.0020670325522163125,0.0006815457006029724
6064,0,0.000820959947188,0.0017317416646697198,6.068340034397485e-05,0.00127635080592886,0.00044082167376598743
6065,0,0.0015855383743195,0.0017601175594096966,0.0003023446259345446,0.0016728279668645984,0.0009439415001270223
6066,0,0.0014261027240467,0.0018312592426786448,0.0004237467707347184,0.0016286809833626725,0.0009249247473907093
6067,0,0.001366065054334,0.0022920522744366606,0.0002908712432583116,0.0018290586643853303,0.0008284681487961558
6068,0,0.0008670526911066,0.0015688006118687544,7.351452767225415e-05,0.0012179266514876772,0.0004702836093894271
6069,0,0.0023518589390098,0.003774005512668325,0.000665011964020892,0.0030629322258390627,0.0015084354515153462
6071,0,0.0007559136758436,0.0019315300335373898,0.0004237467707347184,0.001343721854690495,0.0005898302232891593
6072,0,0.0006172673182346,0.002162636102127638,4.591914709785575e-05,0.001389951710181119,0.0003315932326662279
6073,0,0.0016451515822489,0.00273330481627245,8.136187977837295e-05,0.002189228199260675,0.0008632567310136365
6074,0,0.0021142563406153,0.003128750032224225,0.0013469676470343505,0.0026215031864197623,0.0017306119938248253
6075,0,0.0012980349093444,0.0015594820288075291,9.174361453025675e-05,0.0014287584690759645,0.0006948892619373283
6076,0,0.0012805064152258,0.002892753486285699,0.00014770271532739052,0.0020866299507557493,0.0007141045652765952
6078,0,0.0030049475422003,0.003895949175871667,0.00024258957646125233,0.0034504483590359833,0.0016237685593307762
6079,1,0.9618806080247736,0.9938806228336917,0.9997797689895078,0.9778806154292327,0.9808301885071407
6080,0,0.0646155628736313,0.0414929531702495,0.04699262837586974,0.0530542580219404,0.05580409562475051
6082,0,0.0484674831874885,0.059036834506532,0.05171894487417139,0.05375215884701025,0.05009321403082995
6083,0,0.0511135600365897,0.021676490590282912,0.03679164773234086,0.0363950253134363,0.04395260388446528
6085,0,0.0003317398154938,0.0005458835508824227,2.2715209935471325e-05,0.00043881168318811133,0.00017722751271463566
6086,0,0.00056784608633,0.0005997241474094614,1.8222344734164025e-05,0.0005837851168697308,0.000293034215532082
6087,0,0.000425678741325,0.000565023113225459,2.1863037754175238e-05,0.0004953509272752295,0.0002237708895395876
6088,0,0.0004350111040877,0.0009503207390292727,8.330928434868208e-05,0.0006926659215584864,0.00025916019421819104
6089,0,0.0006992640002139,0.0010763524583553342,8.330928434868208e-05,0.000887808229284617,0.000391286642281291
6090,0,0.0007435392350016,0.0010879507403017347,8.330928434868208e-05,0.0009157449876516673,0.000413424259675141
6091,0,0.0017654137059637,0.0007534457681512362,0.0001091450768072619,0.001259429737057468,0.0009372793913854809
6092,0,0.0024973084204214,0.0027003386559488005,0.001020489799023257,0.0025988235381851003,0.0017588991097223284
6093,0,0.0007501566640808,0.000720645294678338,0.00018979085631267963,0.000735400979379569,0.0004699737601967398
6094,0,0.0054383997010486,0.002305207998716248,0.0033240593801214355,0.003871803849882424,0.004381229540585018
6096,0,0.0004153537106531,0.0005481880099836179,2.24840470896708e-05,0.00048177086031835894,0.00021891887887138538
6097,0,0.0005085605446037,0.0010223251326380112,8.283246243357843e-05,0.0007654428386208556,0.00029569650351863924
6098,0,0.0005444852787102,0.000722896590101448,1.6185078846110246e-05,0.000633690934405824,0.00028033517877815514
6099,0,0.0019284773086699,0.0012913025798846657,0.00020975638499840055,0.0016098899442772829,0.0010691168468341503
6100,0,0.0005711935046364,0.0007476163548384546,7.759236964744919e-05,0.0006594049297374273,0.00032439293714192456
6101,0,0.0006794110781962,0.0017042795886861447,0.0003331065086478115,0.0011918453334411724,0.0005062587934220057
6102,0,0.0013048411707111,0.0007128760152136926,0.00018979085631267963,0.0010088585929623963,0.0007473160135118898
6103,0,0.0007131168864956,0.0009219787888883492,1.6185078846110246e-05,0.0008175478376919747,0.0003646509826708551
6106,0,0.0005687292506085,0.0009332086211203902,0.00017782928593236297,0.000750968935864445,0.0003732792682704315
6107,0,0.0026421119673337,0.0012460275877814082,0.00037996525353014963,0.001944069777557554,0.0015110386104319248
6108,0,0.0210937451739431,0.0026476461075268837,0.001212961181481742,0.011870695640734992,0.01115335317771242
6109,0,0.0010779342111965,0.0013753318644991587,0.002016001389278628,0.0012266330378478294,0.001546967800237564
6112,0,0.000557611474567,0.000897065205404227,1.6185078846110246e-05,0.0007273383399856136,0.00028689827670655513
6113,0,0.0007453387065143,0.0015267690384251327,7.759236964744919e-05,0.0011360538724697164,0.0004114655380808746
6114,0,0.0005894803646709,0.0008649819065481582,1.6185078846110246e-05,0.0007272311356095291,0.0003028327217585051
6115,0,0.0004583279717641,0.0009612075374599854,8.330928434868208e-05,0.0007097677546120427,0.000270818628056391
6117,0,0.000562865726566,0.0009810873529693433,1.6185078846110246e-05,0.0007719765397676717,0.00028952540270605514
6118,0,0.0016074347347947,0.0010561359250307585,8.476844802350534e-05,0.0013317853299127293,0.0008461015914091026
6119,0,0.0077314849426375,0.00709136717150497,0.002852253680146326,0.007411426057071235,0.0052918693113919125
6121,0,0.0006963104179944,0.0014117660279391788,7.850335714523867e-05,0.0010540382229667893,0.0003874068875698193
6123,0,0.0021447938559003,0.0033738620746831516,0.0009689376771579171,0.0027593279652917257,0.0015568657665291086
6124,0,0.0008973992657189,0.002174586521684586,0.00022129589387193227,0.0015359928937017432,0.0005593475797954162
6125,0,0.0006600828813165,0.0011502888171896475,1.6185078846110246e-05,0.0009051858492530738,0.00033813398008130513
6126,0,0.0021821907975308,0.0025747151236306227,0.0001699424827099149,0.0023784529605807114,0.0011760666401203575
6127,0,0.0028271745183325,0.003117421067938633,0.0004848760666375479,0.0029722977931355664,0.001656025292485024
6128,0,0.0469838928506257,0.008066456565771709,0.002190084736516552,0.027525174708198704,0.024586988793571126
6129,0,0.000810324129313,0.0016488898565705011,0.00011014736285006103,0.0012296069929417506,0.00046023574608153057
6130,0,0.0008115953835172,0.002104090556557802,0.00011624846543687332,0.0014578429700375008,0.00046392192447703665
6131,0,0.0009581823923661,0.00226374988548897,0.0001790091052188057,0.001610966138927535,0.0005685957487924528
6133,0,0.0005163438106746,0.0010696026915230806,0.00015702707072302993,0.0007929732510988403,0.000336685440698815
6134,0,0.0004249311751825,0.0014392192470551709,6.13623519842608e-05,0.0009320752111188354,0.0002431467635833804
6135,0,0.0006146279671389,0.0014958301144533082,9.539128161107678e-05,0.001055229040796104,0.0003550096243749884
6136,0,0.0010472523192952,0.0018529966021339883,0.00030849437700318033,0.0014501244607145942,0.0006778733481491901
6137,0,0.001423604423191,0.002320371468418733,0.0005059426158809346,0.0018719879458048666,0.0009647735195359673
6138,0,0.0011180029477013,0.001937567007028343,7.759236964744919e-05,0.0015277849773648214,0.0005977976586743745
6139,0,0.0005035140378862,0.001700574362041385,5.1157507026088776e-05,0.0011020441999637924,0.0002773357724561444
6140,0,0.0005671299667723,0.0018451310438656217,9.50079573049828e-05,0.0012061305053189609,0.0003310689620386414
6141,0,0.0005856087413491,0.0023560564051044205,9.50079573049828e-05,0.0014708325732267604,0.0003403083493270414
6142,0,0.0007571276896535,0.0014964240989715385,0.0002507075664996163,0.0011267758943125192,0.0005039176280765582
6143,0,0.001013322332029,0.0014806034722792303,0.00022129589387193227,0.0012469629021541152,0.0006173091129504662
6144,0,0.0008188967407741,0.001136795285577531,1.9133219226061395e-05,0.0009778460131758156,0.0004190149800000807
6145,0,0.0005833692783731,0.0018148675139777561,4.5320238179649926e-05,0.001199118396175428,0.00031434475827637494
6146,0,0.0009987850903512,0.0015575902298125771,1.5545319612947783e-05,0.0012781876600818885,0.0005071652049820738
6148,0,0.0035709044364708,0.0025112337424642688,0.00011552884763103907,0.0030410690894675345,0.0018432166420509193
6149,0,0.0007575311040332,0.0014197026244128475,7.801544531994103e-05,0.0010886168642230238,0.0004177732746765705
6150,0,0.0022357023558406,0.002971538864593255,0.0003289106842621991,0.0026036206102169274,0.0012823065200513995
6151,0,0.0026468755088576,0.001801577738969121,0.0002458841829724762,0.0022242266239133604,0.0014463798459150381
6152,0,0.0007838210761677,0.0012786738075159193,7.801544531994103e-05,0.0010312474418418096,0.00043091826074382055
6153,0,0.0004631492912475,0.001496026319710497,3.6606295937163665e-05,0.0009795878054789985,0.00024987779359233184
6154,1,0.9034321339609588,0.9779196432442815,0.9818262786731543,0.9406758886026201,0.9426292063170565
6155,0,0.0012251963971522,0.0012766277576543258,0.00026759303588196087,0.001250912077403263,0.0007463947165170804
6157,0,0.0006292686900978,0.0020705815585799485,7.360049888212201e-05,0.0013499251243388743,0.00035143459448996097
6158,0,0.0009146444749191,0.0020917344216969556,6.068340034397485e-05,0.0015031894483080277,0.0004876639376315374
6159,0,0.0012331629634084,0.0019674043401259156,6.068340034397485e-05,0.0016002836517671577,0.0006469231818761875
6160,1,0.7655414056272677,0.9230394612829178,0.7350248821378886,0.8442904334550927,0.7502831438825781
6162,0,0.0010055815449284,0.00388316957218631,9.686169210003586e-05,0.0024443755585573552,0.0005512216185142179
6163,0,0.0013180884266359,0.002708809346081964,8.803918559052159e-05,0.0020134488863589317,0.0007030638061132108
6164,0,0.0074822436709598,0.0072476585262434,0.005682039098476041,0.007364951098601601,0.00658214138471792
6165,0,0.0047805901740863,0.00418142904899015,0.000433553759186086,0.004481009611538226,0.0026070719666361933
6166,0,0.030744209108849,0.023143521046291422,0.01587804309480922,0.02694386507757021,0.02331112610182911
6167,0,0.0480105098294034,0.050112224824386584,0.015677432469616927,0.04906136732689499,0.03184397114951017
6168,0,0.0198821815183532,0.008528407653593749,0.007799668084329597,0.014205294585973475,0.013840924801341399
6169,0,0.0569129074033946,0.060439604945927865,0.1091960572895111,0.05867625617466123,0.08305448234645285
6171,0,0.0190388874665395,0.029542005133576917,0.007870767795754468,0.024290446300058208,0.013454827631146984
6172,0,0.0698602044749491,0.07875226673711602,0.09017694747117928,0.07430623560603256,0.0800185759730642
6173,1,0.027568759176324,0.05104613876505325,0.045671356556674716,0.03930744897068862,0.036620057866499356
6174,0,0.0007050976088344,0.0006687341704223361,0.00017216010046000878,0.0006869158896283681,0.0004386288546472044
6176,0,0.0007158964698563,0.0009615282376201258,0.00014775714853479442,0.0008387123537382129,0.0004318268091955472
6177,0,0.0007123594664216,0.0010261154753527508,0.0001577252959307675,0.0008692374708871754,0.00043504238117618373
6179,1,0.8233649255801574,0.35026093374384243,0.9968352054403592,0.5868129296619999,0.9101000655102582
6180,0,0.0020919056174679,0.0013036949142720747,0.00016030781462012743,0.0016978002658699872,0.0011261067160440138
6181,0,0.000616484461309,0.0009977607474863505,1.8222344734164025e-05,0.0008071226043976753,0.000317353403021582
6182,0,0.0009329817204809,0.0013973595125294945,0.0002521705020045815,0.0011651706165051972,0.0005925761112427408
6184,0,0.0007431077791574,0.001117986841084008,0.0001577252959307675,0.000930547310120704,0.0004504165375440837
6189,0,0.0006789357578484,0.0011044227391834732,0.00019026288291307494,0.0008916792485159366,0.0004345993203807375
6192,0,0.0005477039547797,0.0020292832233619273,0.000665011964020892,0.0012884935890708138,0.000606357959400296
6193,0,0.000912436453604,0.0016377555148648342,1.6537938475227652e-05,0.001275095984234417,0.0004644871960396138
6194,0,0.0006584172938436,0.0007725117983432875,0.0001577252959307675,0.0007154645460934438,0.0004080712948871837
6196,0,0.0006330653093806,0.0007089871436937636,0.0001091450768072619,0.0006710262265371817,0.0003711051930939309
6197,0,0.0006037247221208,0.00070915850658379,0.0001091450768072619,0.000656441614352295,0.00035643489946403096
6198,0,0.0006142726280118,0.000710896415852352,9.841544576436853e-05,0.000662584521932076,0.00035634403688808425
6199,0,0.000454620955817,0.0012307987564027947,0.00016635960775958562,0.0008427098561098974,0.0003104902817882928
6200,0,0.0004638253955374,0.000979982547062352,2.1863037754175238e-05,0.0007219039712998759,0.0002428442166457876
6201,0,0.0009105484143434,0.0012615389093009518,0.00013286609369516554,0.001086043661822176,0.0005217072540192828
6202,0,0.0009199683354617,0.0017162515491465746,0.0002168277500906282,0.0013181099423041373,0.0005683980427761641
6203,0,0.0051667409347914,0.0050649320680209746,0.0031314523554958995,0.005115836501406188,0.00414909664514365
6204,0,0.0012284975983046,0.0020501695754521405,0.0004267939162006759,0.0016393335868783703,0.0008276457572526379
6205,0,0.0006617696363189,0.0012691419607687735,8.283246243357843e-05,0.0009654557985438368,0.0003723010493762392
6206,0,0.0013393404421732,0.0016894691521338043,0.0006539715079493767,0.001514404797153502,0.0009966559750612884
6207,0,0.0006664631975129,0.000770367804640936,0.00018979085631267963,0.000718415501076918,0.0004281270269127898
6208,0,0.0006334835644658,0.0017707944482817893,7.355147689065353e-05,0.0012021390063737946,0.00035351752067822674
6209,0,0.0012554558381035,0.0015568310335179894,0.00014238759469364364,0.0014061434358107446,0.0006989217163985718
6211,0,0.0018440708809848,0.0019188726206547616,0.0007222472964317166,0.001881471750819781,0.0012831590887082583
6212,0,0.0039960896492228,0.0028480063852379103,0.002491097615268461,0.003422048017230355,0.0032435936322456303
6214,0,0.0006360121131323,0.0010783323337088956,7.645879795144643e-05,0.0008571722234205978,0.0003562354555418732
6215,0,0.0016480424848251,0.002895703657368215,0.0006100215686635205,0.0022718730710966574,0.0011290320267443102
6217,0,0.0010486422134044,0.0016550297055609937,0.000971254933842844,0.0013518359594826969,0.001009948573623622
6218,0,0.0007484041116665,0.0013360050296123945,1.9133219226061395e-05,0.0010422045706394473,0.0003837686654462807
6219,0,0.0035649634157118,0.0022163815091804204,0.0014883746160124763,0.0028906724624461104,0.002526669015862138
6220,0,0.0011604391095628,0.001962786202969762,0.0002817116207509308,0.0015616126562662809,0.0007210753651568653
6221,0,0.0009271953262303,0.0013941661241151137,0.00020653253621683102,0.001160680725172707,0.0005668639312235655
6222,0,0.0036700798812611,0.002685427422152541,0.008040837713445888,0.0031777536517068206,0.005855458797353494
6223,0,0.0004895541993881,0.0018265877970741805,0.00026016876356855644,0.0011580709982311403,0.0003748614814783282
6224,0,0.0005658119745075,0.0011234657553669542,4.14460422259218e-05,0.0008446388649372271,0.0003036290083667109
6225,0,0.0006565422834892,0.0012730282848737668,1.3150013155244592e-05,0.0009647852841814834,0.00033484614832222226
6226,0,0.001064081669334,0.0019933563545027704,1.588423172768869e-05,0.0015287190119183851,0.0005399829505308444
6227,0,0.0043730040652472,0.004214619401672695,0.0013885483002943671,0.004293811733459947,0.0028807761827707836
6228,0,0.0007323495613527,0.0017429867518759736,6.0111297511477904e-05,0.0012376681566143369,0.0003962304294320889
6230,0,0.0016738288962757,0.0041419948771819455,0.0001699424827099149,0.0029079118867288227,0.0009218856894928075
6232,0,0.0007757326967411,0.0014182956887764254,1.5545319612947783e-05,0.0010970141927587628,0.00039563900817702393
6233,0,0.0018765464266128,0.0026669026735545304,0.0012796017591729545,0.0022717245500836654,0.0015780740928928773
6234,0,0.0007583502404365,0.0021207197924011474,0.00017731524956889297,0.0014395350164188238,0.00046783274500269647
6235,0,0.0009112538194094,0.0017102063958684673,0.00016575562318944565,0.0013107301076389338,0.0005385047212994228
6236,0,0.0008882291784975,0.0020377381073773335,0.00033096880229536427,0.0014629836429374168,0.0006095989903964321
6238,0,0.0023988158213058,0.002502497633628784,0.00018137086846726144,0.002450656727467292,0.0012900933448865308
6239,0,0.0043604023134778,0.00604709998918632,0.0014485823950047454,0.00520375115133206,0.002904492354241273
6240,0,0.0009008742052925,0.001445701392976411,7.058560671535335e-05,0.0011732877991344555,0.0004857299060039267
6242,0,0.004623974783564,0.004995091408315454,0.0021932623679227865,0.004809533095939726,0.003408618575743393
6244,0,0.0023563658733697,0.004781488288626106,0.0003974556330049359,0.003568927080997903,0.001376910753187318
6245,0,0.0022574493104198,0.0022142455280958887,3.976388619196784e-05,0.0022358474192578446,0.001148606598305884
6246,0,0.001342467569155,0.002709498604891661,0.00022402287234514872,0.0020259830870233307,0.0007832452207500744
6247,0,0.0014180813826442,0.001858682408433283,5.401913002562452e-05,0.0016383818955387416,0.0007360502563349123
6249,1,0.9736176970413294,0.9910090137085497,0.9999997354721701,0.9823133553749395,0.9868087162567498
6250,0,0.0009846259208066,0.002138971948195878,9.199206351694254e-05,0.001561798934501239,0.0005383089921617713
6251,0,0.0013016099759138,0.0021116567557679915,7.468850657390115e-05,0.0017066333658408957,0.0006881492412438506
6252,0,0.0014957460308047,0.0020451584449426422,3.976388619196784e-05,0.0017704522378736711,0.0007677549584983339
6253,0,0.0012270102785904,0.00212190156792532,7.468850657390115e-05,0.00167445592325786,0.0006508493925821506
6254,0,0.0069643721851266,0.0046832065513490425,0.0011549510899400677,0.0058237893682378215,0.004059661637533333
6255,0,0.0180542243815275,0.02572112286681302,0.006800493293990401,0.02188767362417026,0.012427358837758952
6257,1,0.0201026664612715,0.021646498862172067,0.006168316683945322,0.020874582661721784,0.013135491572608411
6258,0,0.0047264178853027,0.0008812233362677471,0.0003302764547385946,0.002803820610785224,0.0025283471700206475
6259,0,0.0005791450044068,0.0009243792572471346,5.2442910043311545e-05,0.0007517621308269673,0.00031579395722505576
6260,0,0.0024713394786657,0.001655467815528506,0.00017273768612785875,0.002063403647097103,0.0013220385823967792
6261,0,0.0020675942505635,0.001510116861083629,0.0002481509450229556,0.0017888555558235645,0.0011578725977932278
6262,0,0.0013643842769321,0.002183506706702275,0.00017273768612785875,0.0017739454918171875,0.0007685609815299794
6263,0,0.0005691472024606,0.0006878114523847827,1.9635476639234335e-05,0.0006284793274226913,0.0002943913395499172
6264,0,0.0006678186519198,0.0007909218894084861,0.00017216010046000878,0.000729370270664143,0.0004199893761899044
6266,0,0.0017810391945974,0.002279523870368606,0.0001537750149234806,0.002030281532483003,0.0009674071047604402
6267,0,0.0039270942643719,0.001388811679992829,0.00044199023689767494,0.0026579529721823644,0.0021845422506347875
6268,0,0.0005481142847008,0.000696417386636186,6.794795050307019e-05,0.0006222658356684931,0.0003080311176019351
6269,0,0.000575531335072,0.000986460506004074,7.085756988176346e-05,0.0007809959205380369,0.0003231944524768817
6270,0,0.0010062286587018,0.0011493755535056992,8.716121450212735e-05,0.0010778021061037496,0.0005466949366019637
6271,0,0.0007753259430202,0.0018249949878015803,0.0001699424827099149,0.0013001604654108902,0.00047263421286505744
6272,0,0.0006884830362769,0.0013818609863252896,3.6108072336074854e-05,0.0010351720113010948,0.00036229555430648743
6273,0,0.0015910759583791,0.0028864535695338235,0.0010839970101256973,0.0022387647639564618,0.0013375364842523987
6275,0,0.0007034028124868,0.0008213728592895383,7.537568927130774e-05,0.0007623878358881691,0.00038938925087905383
6276,0,0.0005710836570225,0.0012166163734762243,5.2442910043311545e-05,0.0008938500152493622,0.00031176328353290576
6277,0,0.0223909331316244,0.009743824064837522,0.003730841408141904,0.01606737859823096,0.013060887269883152
6278,0,0.0007179319191826,0.0010688269434208893,6.506413744413673e-05,0.0008933794313017447,0.00039149802831336836
6279,0,0.0005132473785004,0.0010675842522348171,5.2442910043311545e-05,0.0007904158153676085,0.00028284514427185574
6280,0,0.0013474607345871,0.0018970129096479637,0.00043139069699228504,0.0016222368221175318,0.0008894257157896925
6281,0,0.0005793103115431,0.0013784312529180227,1.7440224758845476e-05,0.0009788707822305613,0.00029837526815097276
6282,0,0.0006118168802256,0.0015697207396210952,1.7440224758845476e-05,0.0010907688099233476,0.00031462855249222277
6283,0,0.0019804908800522,0.0021956618477782,0.00035664608923108765,0.0020880763639152,0.001168568484641644
6284,0,0.000664767761331,0.0007912740350609356,7.537568927130774e-05,0.0007280208981959678,0.00037007172530115385
6285,0,0.0006019403206682,0.001057214979738583,1.7440224758845476e-05,0.0008295776502033915,0.00030969027271352277
6286,0,0.0032586846446881,0.0022287530852923816,0.0005786864890042471,0.002743718864990241,0.0019186855668461736
6287,0,0.0006372263922339,0.0011723768744237545,4.656677150228853e-05,0.0009048016333288273,0.0003418965818680943
6288,0,0.0006904611035309,0.001519307688530177,5.280198132679251e-05,0.0011048843960305384,0.00037163154242884623
6289,0,0.004186122448546,0.003710024333057054,0.004152821971951259,0.003948073390801527,0.00416947221024863
6290,0,0.0082017526539914,0.00578419839332446,0.0023257806080254195,0.00699297552365793,0.00526376663100841
6291,0,0.0008148337706813,0.0013797884467908097,0.00016233349071257796,0.0010973111087360548,0.000488583630696939
6292,0,0.0006257200497783,0.0014804368652976256,1.7440224758845476e-05,0.0010530784575379629,0.0003215801372685728
6294,0,0.0006444297514265,0.0016773132244637934,1.7440224758845476e-05,0.0011608714879451467,0.00033093498809267275
6295,0,0.000524895321471,0.001807648431059332,1.8402977811494623e-05,0.0011662718762651659,0.0002716491496412473
6296,0,0.0007937564407234,0.0013885344698428414,0.00015966417369072997,0.0010911454552831206,0.000476710307207065
6297,0,0.001008574204147,0.0019054280406057187,0.00018551986649175024,0.0014570011223763593,0.0005970470353193751
6298,0,0.007173677123488,0.007107039195572394,0.0007432687993937024,0.0071403581595301975,0.003958472961440852
6299,0,0.0007813336214332,0.0024194953082988854,0.00017446568431304674,0.0016004144648660427,0.00047789965287312335
6300,0,0.0024905930960558,0.0032151710269816363,0.001259542934243005,0.0028528820615187182,0.0018750680151494027
6301,0,0.0017981823084888,0.0012191462918994317,1.7440224758845476e-05,0.001508664300194116,0.0009078112666238228
6302,0,0.0006755123147194,0.0018314067241101471,5.021484823958078e-05,0.0012534595194147735,0.0003628635814794904
6303,0,0.0029532763163077,0.0023494332985693335,0.0004826181731110518,0.002651354807438517,0.0017179472447093759
6306,0,0.0008946380317447,0.0018837158521863436,4.7394496098396115e-05,0.0013891769419655219,0.000471016263921548
6307,0,0.0007165411273141,0.0012539120051760766,1.7440224758845476e-05,0.0009852265662450882,0.00036699067603647277
6308,0,0.0006597487250136,0.0013284778715911213,1.7440224758845476e-05,0.0009941132983023607,0.00033859447488622274
6310,0,0.0012953674620799,0.0018931232172733601,0.00045248526075396484,0.00159424533967663,0.0008739263614169323
6311,0,0.0010804851538275,0.0024388662931015123,8.36092264236033e-05,0.0017596757234645062,0.0005820471901255516
6312,0,0.0016122623937301,0.0022417676368112196,0.00017821017838689503,0.0019270150152706598,0.0008952362860584974
6313,0,0.0008956979004755,0.0015677904495761392,2.061698744530616e-05,0.0012317441750258197,0.0004581574439604031
6314,0,0.0011510066262436,0.002180700817103451,0.0004208139730182333,0.0016658537216735255,0.0007859102996309166
6315,0,0.0010047269515744,0.001891211005423659,8.36092264236033e-05,0.0014479689784990296,0.0005441680889990017
6316,0,0.0010277651693607,0.0021401443619394702,2.061698744530616e-05,0.0015839547656500853,0.0005241910784030031
6317,0,0.0007947268928602,0.0014836093449801932,6.362986652065483e-05,0.0011391681189201965,0.00042917837969042743
6318,0,0.0033462800002618,0.0041047283414216065,0.0009985066986015713,0.003725504170841703,0.0021723933494316857
6319,0,0.001699113385003,0.003223952724412008,0.0002959884555460733,0.002461533054707504,0.0009975509202745365
6320,0,0.0007451727094952,0.002026506479401771,9.199206351694254e-05,0.0013858395944484855,0.00041858238650607126
6322,0,0.017100303791721,0.013253337573774055,0.0008921460319504133,0.015176820682747526,0.008996224911835706
6323,0,0.000885769854836,0.002335597920198992,8.529956459570103e-05,0.001610683887517496,0.00048553470971585046
6324,0,0.0031151808397214,0.0035415752957542747,0.00042217446451478144,0.0033283780677378374,0.0017686776521180906
6325,0,0.0029336619995386,0.004045002070332952,0.0006178860588230105,0.003489332034935776,0.0017757740291808053
6326,0,0.0015640934136578,0.002278670088008372,4.684409381178876e-05,0.001921381750833086,0.0008054687537347944
6328,0,0.0021169225563541,0.004436356716001936,0.0009383540940513392,0.0032766396361780183,0.0015276383252027198
6329,0,0.0019864391779511,0.0014845886122655048,7.835327863424387e-05,0.0017355138951083023,0.001032396228292672
6330,0,0.0011944331562983,0.0023345370559747524,4.202320628577307e-05,0.0017644851061365263,0.0006182281812920366
6331,0,0.0008936106489798,0.001178588903566019,8.899271454519022e-05,0.0010360997762729096,0.0004913016817624951
6332,0,0.001492852999603,0.002504434239086139,0.00017310399357770446,0.0019986436193445696,0.0008329784965903522
6334,0,0.0063913410907293,0.004616020076462909,0.0005178714116603973,0.005503680583596104,0.0034546062511948486
6336,0,0.0018307630555578,0.00404118338230085,9.413502094525178e-05,0.002935973218929325,0.0009624490382515258
6337,0,0.0077299043943452,0.012717876739924812,0.002889865307739453,0.010223890567135005,0.005309884851042326
6338,0,0.0484296679150755,0.0620385639868977,0.05924815656584927,0.055234115950986595,0.05383891224046239
6339,0,0.0512322999957894,0.038858693453072204,0.19152241457662478,0.0450454967244308,0.12137735728620709
6340,0,0.0440138761765033,0.0576571127604968,0.013902195786378501,0.05083549446850005,0.0289580359814409
6342,0,0.0023399944745006,0.002062787535299598,0.00016158817899199093,0.002201391004900099,0.0012507913267462954
6343,0,0.0007719173621674,0.0011487721612376232,1.9635476639234335e-05,0.0009603447617025116,0.00039577641940331717
6344,0,0.0006589365153734,0.000755467372681157,8.591757297923594e-05,0.0007072019440272785,0.000372427044176318
6345,0,0.0041909189997218,0.002101033361656582,0.00021286014469797262,0.003145976180689191,0.0022018895722098865
6346,0,0.0005703360836402,0.0011403598166763607,3.13028091425107e-05,0.0008553479501582804,0.0003008194463913553
6347,0,0.0063275084688181,0.004312792902458116,0.0016488931260686991,0.005320150685638108,0.003988200797443399
6348,0,0.0019912518882846,0.0009580024523580606,0.0003293108391729928,0.0014746271703213302,0.0011602813637287962
6349,0,0.0004175932394099,0.000898073769386777,3.13028091425107e-05,0.0006578335043983386,0.00022444802427620534
6351,0,0.003317765919639,0.001960736096635634,0.0013389255601477911,0.002639251008137317,0.0023283457398933956
6352,0,0.0003523889933509,0.0005541546351739721,1.879411934322107e-05,0.000453271814262436,0.00018559155634706052
6353,0,0.0005712788246729,0.0006926574347594394,1.7440224758845476e-05,0.0006319681297161698,0.00029435952471587275
6354,0,0.0002484355155077,0.0005763217263926572,1.8275023942121967e-05,0.00041237862095017857,0.00013335526972491098
6356,0,0.0004748804340155,0.0008675845542409414,1.2936045315080813e-05,0.0006712324941282207,0.0002439082396652904
6357,0,0.0016865208180442,0.001540115012111512,0.000810567176445535,0.001613317915077856,0.0012485439972448676
6359,0,0.0005091562585129,0.0011540913297923923,3.580122835868039e-05,0.0008316237941526461,0.0002724787434357902
6360,0,0.0015329631283274,0.002049953506605264,0.0005808367556640781,0.001791458317466332,0.001056899941995739
6362,0,0.0036205004011669,0.0024419135913379387,0.0010953201077675183,0.0030312069962524194,0.002357910254467209
6363,0,0.0004901356914759,0.0006228427975341347,1.2936045315080813e-05,0.0005564892445050174,0.00025153586839549044
6364,0,0.0005662277117376,0.0009944599066073754,4.712706692169245e-05,0.0007803438091724877,0.00030667738932964626
6365,0,0.0004468719927985,0.0012796315246905033,1.2936045315080813e-05,0.0008632517587445017,0.0002299040190567904
6366,0,0.0008388009269723,0.002163784738044553,7.565602196612242e-05,0.0015012928325084266,0.0004572284744692112
6367,0,0.000766038362125,0.0009236039640216914,5.13759718391519e-05,0.0008448211630733458,0.00040870716698207597
6368,0,0.0005477906679892,0.0007834495819240739,1.7440224758845476e-05,0.000665620124956637,0.00028261544637402276
6369,0,0.0018030434877757,0.002163271121261356,0.0005808367556640781,0.001983157304518528,0.0011919401217198892
6370,0,0.0005019453337224,0.0017609989137644234,0.00017296298155895545,0.0011314721237434117,0.00033745415764067775
6372,0,0.0004821554345516,0.0009255798318972403,1.2936045315080813e-05,0.0007038676332244201,0.0002475457399333404
6373,0,0.0009039397952321,0.0017579014818784155,0.00017296298155895545,0.0013309206385552577,0.0005384513883955277
6374,0,0.0027088760024534,0.001253717605606223,2.9810870952615768e-05,0.0019812968040298115,0.001369343436703008
6375,0,0.0005392398230141,0.0012443321633210777,1.2936045315080813e-05,0.0008917859931675888,0.0002760879341645904
6376,0,0.0006836882252915,0.001498915191716344,4.712706692169245e-05,0.001091301708503922,0.0003654076461065962
6377,0,0.0019848673446832,0.0017895518333027156,0.000912521196106951,0.0018872095889929576,0.0014486942703950754
6378,0,0.0005602043634856,0.001034648799700149,1.2936045315080813e-05,0.0007974265815928745,0.00028657020440034045
6379,0,0.0005701408527691,0.0010834586129993553,1.7440224758845476e-05,0.0008267997328842277,0.00029379053876397277
6381,0,0.0012960235945476,0.002392620365406978,0.00025880359726235757,0.0018443219799772889,0.0007774135959049788
6382,0,0.0009925222994141,0.0031785022924089696,0.00077165977446879,0.0020855122959115347,0.0008820910369414451
6383,0,0.0005912596505469,0.001532701577030953,6.17509354809444e-05,0.0010619806137889265,0.0003265052930139222
6384,0,0.0005711486902668,0.0016178301436010742,1.4756889968068784e-05,0.0010944894169339372,0.0002929527901174344
6386,0,0.0006982444700961,0.0018516878602503975,0.00017038795471081237,0.0012749661651732488,0.00043431621240345617
6387,0,0.0005350702611819,0.0017869983921151176,8.627362581631642e-05,0.0011610343266485088,0.0003106719434991082
6388,0,0.0005360340669729,0.0013666085397165907,1.4756889968068784e-05,0.0009513213033447454,0.00027539547847048437
6389,0,0.0004832766695132,0.0014319144865505627,3.5628352012145254e-05,0.0009575955780318814,0.00025945251076267263
6390,0,0.000861665450362,0.0009079930123687363,3.719928998992788e-05,0.0008848292313653682,0.000449432370175964
6391,0,0.0010610064844837,0.002405850258824967,0.00011602279826495478,0.0017334283716543336,0.0005885146413743274
6392,0,0.0005311687122474,0.002441914690910887,7.558273196727315e-05,0.0014865417015791434,0.0003033757221073366
6393,0,0.0008951405085637,0.0021302429272823027,6.55215064050311e-05,0.0015126917179230015,0.0004803310074843656
6394,0,0.003521636236358,0.002744993469260203,0.00015285923574049796,0.0031333148528091014,0.0018372477360492489
6395,0,0.0014474496019545,0.002607971011856041,0.00018137086846726144,0.0020277103069052706,0.0008144102352108807
6396,0,0.0038841716009485,0.0029176422169624443,0.0013780638127568335,0.003400906908955472,0.0026311177068526668
6397,0,0.000745539353524,0.0018794276998270391,1.7820522030154742e-05,0.0013124835266755195,0.0003816799377770774
6398,0,0.0007697014053037,0.0014184521091063318,2.061698744530616e-05,0.001094076757205016,0.0003951591963745031
6401,0,0.0008973803652609,0.0025554825742819943,0.0001211342077599977,0.001726431469771447,0.0005092572865104489
6402,0,0.0004925728065313,0.0010836691310309153,1.2175749913611695e-05,0.0007881209687811076,0.00025237427822245585
6403,0,0.0004198458930617,0.0019371720425722322,3.838335894266199e-05,0.001178508967816966,0.00022911462600218102
6404,0,0.0007774286587359,0.0012386588856508147,7.468850657390115e-05,0.0010080437721933574,0.00042605858265490056
6405,0,0.012647878305319,0.006922312511962154,0.0011420179283656714,0.009785095408640577,0.006894948116842336
6407,0,0.0009956921411406,0.0021665754812293225,7.468850657390115e-05,0.0015811338111849612,0.0005351903238572505
6408,0,0.0047692423423087,0.0027071735172104375,0.0005432711074726066,0.003738207929759569,0.0026562567248906536
6410,0,0.0008640843431734,0.002476705506456556,0.00014267457463366104,0.001670394924814978,0.0005033794589035305
6412,0,0.0006879860748327,0.0020562687348579505,5.134094348858494e-05,0.0013721274048453251,0.00036966350916064247
6414,0,0.0011096667513668,0.002491112026355415,0.00014683267004730183,0.0018003893888611075,0.0006282497107070509
6416,0,0.0010246312530344,0.00258363558041002,9.565864085093678e-05,0.00180413341672221,0.0005601449469426684
6417,0,0.0028745487808225,0.0016861346012924969,2.8332960540504387e-05,0.0022803416910574985,0.0014514408706815022
6419,0,0.0277870891046382,0.024163686859521156,0.006918403998375633,0.025975387982079677,0.017352746551506915
6420,1,0.0146123059795755,0.009777433423364339,0.0013444051695412,0.01219486970146992,0.00797835557455835
6421,0,0.0004367241569526,0.0009488836120383927,3.281815679420149e-05,0.0006928038844954963,0.00023477115687340074
6422,0,0.0005139553993455,0.0007292865967356634,1.9635476639234335e-05,0.0006216209980405816,0.00026679543799236716
6424,0,0.0005945215634169,0.0006749812881544062,5.5508042273829495e-05,0.0006347514257856531,0.0003250148028453648
6425,0,0.000360359577757,0.0007918478139142156,3.987099101952229e-05,0.0005761036958356078,0.00020011528438826115
6426,0,0.000944062571868,0.0012290167431415915,7.565602196612242e-05,0.0010865396575047957,0.0005098592969170612
6428,0,0.0012487529025104,0.001458824387733349,0.00017273768612785875,0.0013537886451218746,0.0007107452943191294
6430,0,0.0019666137731596,0.0016855051379563724,0.00011099343563940632,0.0018260594555579862,0.0010388036043995031
6431,0,0.0005310195502066,0.0007195731826590595,5.5508042273829495e-05,0.0006252963664328297,0.00029326379624021475
6432,0,0.0030480577448717,0.0017594476631773949,0.00029092176806280983,0.0024037527040245473,0.001669489756467255
6433,0,0.0006263266654702,0.001029554920905479,1.7440224758845476e-05,0.0008279407931878395,0.00032188344511452274
6434,0,0.0003143760077664,0.0005810181189030691,1.8275023942121967e-05,0.00044769706333473453,0.000166325515854261
6435,0,0.0006264021773443,0.0010768007183392283,3.281815679420149e-05,0.0008516014478417641,0.0003296101670692508
6438,0,0.0459103599189727,0.006961874712815179,0.0007809978831684911,0.02643611731589394,0.023345678901070595
6439,0,0.0007841275455607,0.0008779865498604356,0.00013928222412384298,0.0008310570477105678,0.0004617048848422715
6440,0,0.0003385457519966,0.0008163001368327948,2.444453447307212e-05,0.0005774229444146974,0.00018149514323483607
6441,0,0.0004317294056009,0.0011026766043015508,3.6108072336074854e-05,0.0007672030049512253,0.00023391873896848743
6442,0,0.0005987759291485,0.0012347529263977443,5.712590897956e-05,0.0009167644277731221,0.00032795091906403
6443,0,0.0032238693379113,0.002381902798032458,0.0014433707413777177,0.002802886067971879,0.002333620039644509
6444,0,0.0005791339349,0.0012599146561270832,7.085756988176346e-05,0.0009195242955135416,0.0003249957523908817
6445,0,0.0049761711027408,0.005879534018152686,0.0020497734356195963,0.005427852560446743,0.003512972269180198
6446,0,0.0005294674219308,0.0006562467589315377,6.794795050307019e-05,0.0005928570904311689,0.0002987076862169351
6447,0,0.0011844526582819,0.001319400656573019,7.085756988176346e-05,0.0012519266574274595,0.0006276551140818317
6448,0,0.0028553137863265,0.0019375094451642575,0.00044199023689767494,0.0023964116157453785,0.0016486520116120874
6449,0,0.0006664620998406,0.0016376254595049638,8.36092264236033e-05,0.0011520437796727818,0.00037503566313210166
6450,0,0.0008299813073761,0.0016656672218476316,0.00010190366506760272,0.0012478242646118659,0.00046594248622185136
6451,0,0.0024062021271159,0.0025331185275012428,0.0009599316236793125,0.002469660327308571,0.0016830668753976062
6452,0,0.0017575358367296,0.0015065197276745814,0.0002521705020045815,0.0016320277822020907,0.0010048531693670907
6453,0,0.0048485896139192,0.0024899007787855766,0.002455671574601274,0.003669245196352388,0.003652130594260237
6454,0,0.0006555091071963,0.0008519271270994994,0.00016233349071257796,0.0007537181171478997,0.000408921298954439
6455,0,0.0005541553870048,0.0011966185927016087,1.7440224758845476e-05,0.0008753869898532043,0.00028579780588182277
6457,0,0.0014200454915064,0.0026386120626781086,0.0004368233485239675,0.002029328777092254,0.0009284344200151838
6460,0,0.0021583615285842,0.0031885799684797356,0.0015285070864019987,0.002673470748531968,0.0018434343074930993
6462,0,0.0007426866536021,0.001703365370114926,5.712590897956e-05,0.001223026011858513,0.00039990628129083
6463,0,0.0005905201955724,0.0011555925844550909,4.6339711648094666e-05,0.0008730563900137455,0.00031842995361024736
6466,0,0.0030928550819584,0.0027709605148445175,0.003472043105572566,0.0029319077984014588,0.003282449093765483
6467,0,0.0008693056124384,0.001917357795613264,5.712590897956e-05,0.001393331704025832,0.00046321576070898
6468,0,0.0023425219872283,0.002211638168652779,0.00044031085219491703,0.0022770800779405393,0.0013914164197116087
6469,0,0.0006594245231383,0.001421054211602661,2.061698744530616e-05,0.0010402393673704805,0.0003400207552918031
6470,0,0.000840195455744,0.0020418748577406623,3.8194365607383344e-05,0.0014410351567423312,0.00043919491067569166
6471,0,0.0016959921016712,0.003888261799961832,0.00018137086846726144,0.002792126950816516,0.0009386814850692307
6472,0,0.0005758990500796,0.0020419665694349854,8.60608693442872e-05,0.0013089328097572928,0.0003309799597119436
6473,0,0.0012953301141793,0.0007064745210030539,5.422399699026283e-05,0.001000902317591177,0.0006747770555847815
6474,0,0.0009868585249182,0.002618289056853454,2.3366394841714008e-05,0.001802573790885827,0.000505112459879957
6475,0,0.0030161955160618,0.004998599211229882,0.0005224590073298971,0.004007397363645841,0.0017693272616958484
6476,0,0.0015052898084179,0.0021592178114699097,0.00013928222412384298,0.0018322538099439047,0.0008222860162708716
6477,0,0.0021769876186167,0.0026354756499058587,0.003454472025305707,0.0024062316342612793,0.0028157298219612034
6479,1,0.0015849907673123,0.00173929929611774,0.00013928222412384298,0.00166214503171502,0.0008621364957180715
6480,0,0.0008528131454952,0.0028698179451820053,0.0001938198360998782,0.0018613155453386027,0.0005233164907975391
6481,0,0.0033027540795647,0.003647074900528184,0.0050001797815957035,0.0034749144900464417,0.004151466930580202
6482,0,0.0026026332199814,0.0034801541300057276,0.0022760112697853864,0.0030413936749935635,0.002439322244883393
6483,0,0.0007742845449348,0.003042152708205733,0.00014683267004730183,0.0019082186265702665,0.00046055860749105086
6484,0,0.0009940919306587,0.003377913464221401,0.00018011024214730517,0.0021860026974400504,0.0005871010864030026
6485,0,0.0014364744511426,0.0023463335225400437,8.36092264236033e-05,0.0018914039868413218,0.0007600418387831016
6486,0,0.0007818799838945,0.001860143723410478,9.721861618087597e-05,0.001321011853652489,0.000439549300037688
6487,0,0.0047582731997961,0.006925258029174508,0.0002716579996251462,0.005841765614485304,0.0025149655997106233
6488,0,0.0011144299183625,0.002084914176498667,4.202320628577307e-05,0.0015996720474305837,0.0005782265623241366
6490,0,0.0023392483556444,0.001720081754015003,7.875317758629605e-05,0.0020296650548297015,0.001209000766615348
6491,0,0.0021462751409254,0.004311831805435853,0.00043787907897822973,0.0032290534731806266,0.0012920771099518148
6492,0,0.0014788293040079,0.0044897236847291945,0.00019095006815786009,0.002984276494368547,0.0008348896860828801
6493,0,0.0022279714767568,0.0029969275296904663,9.289187419545348e-05,0.002612449503223633,0.0011604316754761266
6494,0,0.0028542249376663,0.00316021157531411,0.000467533058653777,0.003007218256490205,0.0016608789981600385
6495,0,0.0017168888855318,0.0032112638386772125,0.00014683267004730183,0.002464076362104506,0.0009318607777895509
6496,0,0.0025465454570564,0.0030302721694631714,5.134094348858494e-05,0.002788408813259786,0.0012989432002724925
6497,0,0.0024714255261427,0.002881024990015145,0.00011358969292700347,0.0026762252580789228,0.0012925076095348517
6499,0,0.0032531227856241,0.0030192169830059205,0.00021827980230161397,0.0031361698843150104,0.001735701293962857
6500,0,0.0027743927388854,0.004951637772373294,0.0006479639592979052,0.0038630152556293467,0.0017111783490916526
6501,0,0.0100595607282186,0.012255342281477712,0.0021409285807669804,0.011157451504848155,0.00610024465449279
6502,0,0.0062478732588743,0.009062156764458892,0.0017271999327300332,0.007655015011666596,0.003987536595802166
6503,0,0.2465165947135942,0.5023432235318127,0.226810904027001,0.37442990912270346,0.2366637493702976
6504,0,0.0309305856064552,0.03146858068159503,0.029664143105412853,0.031199583144025114,0.030297364355934026
6505,0,0.0293939998821811,0.04409195386521818,0.0164120110124284,0.03674297687369964,0.02290300544730475
6506,0,0.0270124362837894,0.03671438857056778,0.009684378947556119,0.03186341242717859,0.01834840761567276
6508,0,0.0005922190933934,0.0009751769364822498,8.367044706617454e-05,0.0007836980149378248,0.00033794477022978725
6509,0,0.000579750770972,0.001538893947764383,2.225399619270422e-05,0.0010593223593681916,0.0003010023835823521
6510,0,0.0004125068335944,0.0008470718658126847,1.8402977811494623e-05,0.0006297893497035423,0.0002154549057029473
6511,0,0.0017989507472689,0.0014858262831743793,3.49207001448427e-05,0.0016423885152216397,0.0009169357237068714
6513,0,0.000609170317908,0.0011454622209722141,5.9888324460728636e-05,0.0008773162694401071,0.0003345293211843643
6514,0,0.0004177489680932,0.0010426477688731714,1.8402977811494623e-05,0.0007301983684831856,0.00021807597295234733
6516,0,0.0005992222764579,0.0019312447957408243,7.560239533050543e-05,0.001265233536099362,0.00033741233589420274
6518,0,0.0005942756180589,0.0009351233332500517,7.060641738952943e-05,0.0007646994756544759,0.0003324410177242147
6519,0,0.0635714801186655,0.024369491819592005,0.013786797083221265,0.04397048596912875,0.03867913860094338
6520,0,0.0026083763761182,0.00240270748017166,0.0011057808603556955,0.00250554192814493,0.0018570786182369476
6521,0,0.0008441501357468,0.000999469620886693,1.8402977811494623e-05,0.0009218098783167465,0.0004312765567791473
6522,0,0.0012350526317827,0.000852000011817829,0.00019535231918723785,0.0010435263218002645,0.000715202475484969
6523,0,0.0005830365421225,0.0017568236484898153,6.083860329463687e-05,0.0011699300953061575,0.00032193757270856845
6524,0,0.0007857447729072,0.001966440796848919,4.4642365713053107e-05,0.0013760927848780597,0.00041519356931012656
6527,0,0.0006002564304035,0.0010963898674892756,1.7440224758845476e-05,0.0008483231489463878,0.00030884832758117277
6528,0,0.0005957008064218,0.0013596491431924977,1.7440224758845476e-05,0.0009776749748071488,0.00030657051559032276
6529,0,0.0005526341489165,0.001343000319332655,4.4861165866276005e-05,0.0009478172341245775,0.000298747657391388
6530,0,0.0005615826639811,0.001524538122504539,4.656677150228853e-05,0.0010430603932428196,0.00030407471774169425
6532,0,0.0006598349048656,0.0006857599725800647,0.0001121095013955057,0.0006727974387228323,0.00038597220313055285
6533,0,0.0035850361923322,0.0029485839028088007,0.0023318404570899145,0.0032668100475705003,0.0029584383247110574
6534,0,0.0008828218481335,0.0017425645678494413,2.24840470896708e-05,0.0013126932079914706,0.0004526529476115854
6536,0,0.0005908321465758,0.001230650392394364,1.8402977811494623e-05,0.000910741269485082,0.0003046175621936473
6537,0,0.0025897606108667,0.003215658598702471,0.0007875548572990099,0.0029027096047845855,0.001688657734082855
6538,0,0.000676243128205,0.0015019424370009819,1.7440224758845476e-05,0.001089092782602991,0.00034684167648192275
6541,1,0.8714422084917584,0.9130120760498887,0.9993402061743031,0.8922271422708234,0.9353912073330307
6542,0,0.0007538546132172,0.002030830699207074,2.1863037754175238e-05,0.0013923426562121371,0.0003878588254856876
6543,0,0.0006500375479085,0.001244528921031453,1.7440224758845476e-05,0.0009472832344699766,0.0003337388863336728
6545,0,0.0012699790994341,0.001977786754314959,0.00017007960159789,0.0016238829268745295,0.000720029350515995
6548,0,0.000743584809451,0.001218070603800035,7.537568927130774e-05,0.0009808277066255175,0.00040948024936115384
6549,0,0.0008889946298348,0.0016005200503231255,0.00015966417369072997,0.0012447573400789628,0.000524329401762765
6550,0,0.0007535187551776,0.0016183525649730301,2.061698744530616e-05,0.001185935660075315,0.0003870678713114531
6551,0,0.008072507713341,0.0015021930725056996,7.314995301526406e-05,0.00478735039292335,0.004072828833178132
6552,0,0.0008472022952031,0.0016357837252175336,0.00013563938733225596,0.0012414930102103167,0.000491420841267678
6553,0,0.0008192279122524,0.0016935271632666363,8.36092264236033e-05,0.0012563775377595183,0.00045141856933800164
6554,0,0.0020645613098873,0.0036722816739644336,0.0011695438614487735,0.0028684214919258667,0.001617052585668037
6555,0,0.0022435676236889,0.0019596305277706505,7.343645866876453e-05,0.0021015990757297753,0.0011585020411788323
6556,0,0.0025666567934061,0.002778205178075364,0.0014935275300335803,0.002672430985740732,0.00203009216171984
6557,0,0.0013800604782309,0.002833079747504424,0.001324821828787976,0.0021065701128676617,0.001352441153509438
6558,0,0.0011216156772611,0.0030659778220623528,5.212455668263283e-05,0.002093796749661726,0.0005868701169718664
6559,0,0.00099826633687,0.0024882102531893495,2.3366394841714008e-05,0.0017432382950296748,0.000510816365855857
6561,0,0.0009663543648559,0.005447125614516109,0.00020452922218099754,0.0032067399896860043,0.0005854417935184488
6563,0,0.0027500966217715,0.0023841630018972696,8.36092264236033e-05,0.002567129811834385,0.0014168529240975516
6564,0,0.0012550900280839,0.004076996834573923,0.0003579952025698497,0.0026660434313289117,0.0008065426153268748
6566,0,0.0008785517850472,0.0014707678265071173,2.061698744530616e-05,0.0011746598057771587,0.0004495843862462531
6568,0,0.0012569215409831,0.0024264066307433914,6.953317840012661e-05,0.0018416640858632456,0.0006632273596916133
6569,0,0.0010944136187926,0.0023783313060730294,0.00011969414406159225,0.0017363724624328146,0.0006070538814270962
6570,0,0.0075811257724751,0.004193629268071561,0.0024089044811171933,0.0058873775202733306,0.004995015126796147
6571,0,0.0009756211720007,0.001746372705114912,7.468850657390115e-05,0.0013609969385578059,0.0005251548392873006
6572,0,0.005299954030221,0.005232833061609998,0.0015872858585145376,0.005266393545915499,0.003443619944367769
6573,0,0.0022183133394162,0.002887532386477123,2.495241149466143e-05,0.002552922862946661,0.0011216328754554306
6574,0,0.0020947795974579,0.0033712598179462703,0.0012261934601593633,0.002733019707702085,0.0016604865288086317
6575,0,0.001105638185193,0.003150452595619066,0.00011969414406159225,0.002128045390406033,0.0006126661646272962
6576,0,0.0013628552472991,0.002898525040932561,6.498569584240692e-05,0.0021306901441158306,0.0007139204715707535
6577,0,0.0009074385712701,0.0018334184609892952,7.220269813252387e-05,0.0013704285161296975,0.000489820634701312
6578,0,0.0025783095961283,0.004644957096850202,0.001548789814302276,0.003611633346489251,0.002063549705215288
6579,0,0.0018548073693557,0.0019404952162261249,0.00013659873709541908,0.0018976512927909124,0.0009957030532255595
6580,0,0.0016423295888961,0.002266719125827714,8.464808716293084e-05,0.001954524357361907,0.0008634888380295154
6582,0,0.0011627404206238,0.0018432451749624181,0.00013659873709541908,0.001502992797793109,0.0006496695788596095
6583,0,0.0014691589278602,0.0029807236495774576,9.160465385110003e-05,0.0022249412887188286,0.0007803817908556501
6584,0,0.0041748307136089,0.005103861593828643,5.6714056476585506e-05,0.004639346153718771,0.002115772385042743
6585,0,0.0494505702586821,0.026006260193498536,0.06562584384915128,0.03772841522609032,0.05753820705391669
6586,0,0.0249635990901305,0.02723805167956836,0.012230362740514446,0.02610082538484943,0.018596980915322473
6587,0,0.0400146475822378,0.04565999166347713,0.02075378211487032,0.042837319622857466,0.03038421484855406
6588,0,0.0356622300991144,0.05238059424179492,0.009379574985011773,0.04402141217045466,0.022520902542063088
6589,0,0.048092849444083,0.05547985980186983,0.027488063934805886,0.05178635462297641,0.037790456689444446
6590,0,0.0004329489725046,0.0007389892135578349,1.8402977811494623e-05,0.0005859690930312175,0.00022567597515804733
6592,0,0.0012984514010158,0.001875890768950685,0.0001699424827099149,0.0015871710849832425,0.0007341969418628575
6593,0,0.0029262982802438,0.0022687871116646133,2.225399619270422e-05,0.0025975426959542066,0.001474276138218252
6594,0,0.0008715623464992,0.0019008625473252883,9.848514921611511e-05,0.0013862124469122441,0.00048502374785765754
6595,0,0.0019277088302695,0.003185833258975898,0.00027598773973212375,0.002556771044622699,0.001101848285000812
6596,0,0.0012016043777291,0.0018598658893895898,6.876087829541968e-05,0.0015307351335593449,0.0006351826280122598
6598,0,0.0026641214638099,0.0025563174250706026,0.00010370451156839158,0.0026102194444402515,0.0013839129876891457
6599,0,0.0020157721729067,0.0025699977635163743,0.0004558914782229072,0.0022928849682115372,0.0012358318255648038
6600,0,0.000774853788427,0.0013662831494163225,0.00010135606432387302,0.0010705684689216613,0.0004381049263754365
6601,0,0.0026380994267511,0.0023487601225359793,0.0007446989304725361,0.0024934297746435395,0.001691399178611818
6602,0,0.0042911314817612,0.003617004131980007,0.00044199023689767494,0.003954067806870604,0.0023665608593294372
6603,0,0.0034456320508673,0.0019098857097162487,0.0001959929372502434,0.0026777588802917745,0.0018208124940587718
6604,0,0.000858946157588,0.0013617988450852824,5.096560591906834e-05,0.0011103725013366411,0.00045495588175353417
6605,0,0.0007700888780861,0.0013202226513296922,1.9765998867125373e-05,0.001045155764707896,0.00039492743847661265
6607,0,0.0008492276722449,0.0018910133468502477,0.00011443625945926996,0.001370120509547574,0.00048183196585208494
6608,0,0.0005642384133914,0.0010283906598679948,1.8402977811494623e-05,0.0007963145366296974,0.0002913206956014473
6611,0,0.0006105799834785,0.000987019022657634,7.710251133288116e-05,0.000798799503068067,0.00034384124740569056
6612,0,0.000572773237092,0.000737309390559822,7.710251133288116e-05,0.000655041313825911,0.0003249378742124406
6614,0,0.0007758773732786,0.0021836039720664405,8.675991743257331e-05,0.0014797406726725203,0.00043131864535558666
6616,0,0.0006624699585149,0.0016407999348530525,9.181871482596041e-05,0.0011516349466839763,0.0003771443366704302
6618,0,0.0207901223201681,0.009727109398159354,0.01558638185315148,0.015258615859163728,0.018188252086659792
6619,1,0.8813787003702986,0.7483100389886695,0.9996729784986869,0.814844369679484,0.9405258394344927
6620,0,0.0007915030503142,0.0017489888969668666,7.726921040677097e-05,0.0012702459736405334,0.00043438613036048547
6621,0,0.0007720139406792,0.0008305443822286459,0.00015074932070157146,0.0008012791614539229,0.00046138163069038573
6622,0,0.0008234796394302,0.0008843001173187647,0.00018420218038207116,0.0008538898783744823,0.0005038409099061355
6623,0,0.001031380544605,0.002534092884617729,0.00019583331917501036,0.0017827367146113645,0.0006136069318900051
6624,0,0.0012475867580491,0.0022784341282247084,7.726921040677097e-05,0.001763010443136904,0.0006624279842279355
6626,0,0.0027648251870797,0.002732961401083631,0.0016913300948271151,0.002748893294081666,0.0022280776409534077
6627,0,0.0010289304400734,0.0019379242053315397,8.687763533084696e-05,0.0014834273227024698,0.0005579040377021234
6628,0,0.001117086247477,0.0024532761082461606,0.0002112980582394584,0.0017851811778615803,0.0006641921528582292
6629,0,0.0007603258685661,0.0015508576060310488,5.149995740481918e-05,0.0011555917372985743,0.00040591291298545956
6630,0,0.0027922538585403,0.003709941988727405,0.0029196294140346668,0.0032510979236338522,0.0028559416362874835
6631,0,0.003682346375952,0.00452747344946852,0.0006902070920369231,0.00410490991271026,0.0021862767339944616
6632,0,0.0042318123161483,0.005849121914590247,0.0022229448195988863,0.005040467115369273,0.003227378567873593
6633,0,0.0047857198386434,0.005252369200352737,0.00387429979233237,0.005019044519498068,0.004330009815487885
6634,0,0.0008208751182351,0.001799934228209407,7.726921040677097e-05,0.0013104046732222536,0.00044907216432093545
6635,0,0.002137586251727,0.004151379566741769,0.00027105603563535116,0.0031444829092343845,0.0012043211436811754
6637,0,0.0010283031894874,0.0033855204231675773,0.00027598773973212375,0.002206911806327489,0.0006521454646097619
6638,0,0.0074558989344936,0.0027358674598117745,0.00024541919384535603,0.005095883197152687,0.003850659064169478
6639,0,0.0006976520830622,0.0014170551749897052,6.157368908361829e-05,0.0010573536290259527,0.00037961288607290915
6641,0,0.0039798566479146,0.0030923816460151,0.004463936326963937,0.00353611914696485,0.004221896487439269
6642,0,0.0008286405918705,0.0022417381494880696,0.00017013885616654642,0.0015351893706792847,0.0004993897240185232
6645,0,0.0007402584904943,0.00259018699105404,5.337597511057126e-05,0.00166522274077417,0.0003968172328024356
6646,0,0.000969055902768,0.0017671358183720834,9.134291568647584e-05,0.0013680958605700416,0.0005301994092272379
6647,0,0.0007965172742222,0.0019193786872850386,9.160465385110003e-05,0.0013579479807536193,0.00044406096403665
6648,0,0.0016680487918837,0.003047323348121623,0.00044941212698871777,0.0023576860700026615,0.0010587304594362088
6649,0,0.0007821982483617,0.0019817948858092496,7.410681745352593e-05,0.0013819965670854749,0.000428152532907613
6651,0,0.0008303724358803,0.0018654375374303799,6.0251171736234665e-05,0.00134790498665534,0.00044531180380826733
6652,0,0.0050438423182792,0.006498349843209239,0.0018029782944406587,0.005771096080744219,0.003423410306359929
6653,0,0.0004070619651907,0.0018014158049950244,3.865209729619134e-05,0.0011042388850928623,0.00022285703124344568
6654,0,0.0114328971163,0.0030091475824719736,0.0017815382283522167,0.007221022349385987,0.006607217672326108
6655,0,0.0022365234095431,0.006549159783038538,0.00020452922218099754,0.004392841596290819,0.001220526315862049
6656,0,0.0010566788100497,0.003564433865541104,0.00012351607505964917,0.002310556337795402,0.0005900974425546746
6657,0,0.0012663446153622,0.0023780999911531993,0.00011500085569353658,0.0018222223032576996,0.0006906727355278682
6658,0,0.0059712780211683,0.004630955094986949,0.0044500160668290226,0.005301116558077624,0.005210647043998661
6659,0,0.0017618659647939,0.003534058959737458,0.0005135597602491466,0.002647962462265679,0.0011377128625215233
6660,0,0.0009326783394958,0.002187106550491872,9.160465385110003e-05,0.001559892444993836,0.00051214149667345
6661,0,0.0024477071214964,0.004029306488094809,0.0006325627590531786,0.0032385068047956047,0.0015401349402747893
6662,0,0.001319980876532,0.003205139342293627,4.7007765854699177e-05,0.0022625601094128137,0.0006834943211933497
6663,0,0.0034348855490665,0.004850308306212656,0.00027598773973212375,0.004142596927639578,0.001855436644399312
6664,0,0.0018216247017662,0.00270223954886039,8.464808716293084e-05,0.002261932125313295,0.0009531363944645654
6666,0,0.0025457907051571,0.005838305106334032,0.00020807442638436186,0.004192047905745566,0.0013769325657707308
6667,0,0.003376946187384,0.009566361823011862,0.0005607809491514658,0.006471654005197931,0.0019688635682677327
6668,0,0.005766213118934,0.0057112039606404905,0.000962553816231582,0.005738708539787245,0.003364383467582791
6669,0,0.0454246726205063,0.02878470809626718,0.0273671952466229,0.03710469035838674,0.0363959339335646
6670,0,0.0298676470479094,0.03988919420637115,0.011522825757049208,0.03487842062714028,0.020695236402479306
6674,1,0.9602475452948762,0.9916213369008675,0.9984898798191308,0.9759344410978719,0.9793687125570035
6675,0,0.0390157372178624,0.04673580525523841,0.026665634509249032,0.04287577123655041,0.03284068586355572
6676,0,0.0512848994794762,0.05825924973313027,0.024411378344133854,0.054772074606303234,0.037848138911805024
6677,0,0.1017228987048849,0.0318931966412937,0.08301899433366987,0.0668080476730893,0.09237094651927738
6679,1,0.9626143229385252,0.9330546270665177,0.999378960891571,0.9478344750025214,0.9809966419150481
6680,0,0.0025576229560848,0.003157682228674185,0.00032955963239075553,0.0028576525923794923,0.001443591294237778
6681,0,0.0030241421316282,0.0018510924091218702,0.001020489799023257,0.0024376172703750353,0.0020223159653257284
6682,0,0.002108163335233,0.0015349725554862671,0.0005786864890042471,0.0018215679453596335,0.0013434249121186234
6683,0,0.0007786582765658,0.0010192089883559372,1.9635476639234335e-05,0.0008989336324608686,0.00039914687660251715
6684,0,0.005116002208584,0.0019081328466792156,0.002528994987539314,0.0035120675276316075,0.0038224985980616568
6685,0,0.0006224694908564,0.0010241396494718395,2.1863037754175238e-05,0.0008233045701641197,0.0003221662643052876
6686,0,0.0006254906143873,0.0010357845713282617,2.1863037754175238e-05,0.0008306375928577808,0.0003236768260707376
6687,0,0.0007360769203422,0.0009983473669832677,6.980701175878286e-05,0.0008672121436627339,0.0004029419660504914
6688,0,0.0009523346636534,0.0011618543912944887,6.626004237920893e-05,0.0010570945274739445,0.0005092973530163045
6690,0,0.0006131600638119,0.0011184998696603186,1.4169794362438864e-05,0.0008658299667361093,0.0003136649290871694
6691,0,0.0092605800294938,0.0020790092693684556,0.0004295370503242062,0.005669794649431128,0.004845058539909003
6692,0,0.0009044596946752,0.00195323751742638,0.00012015425703932245,0.00142884860605079,0.0005123069758572612
6694,0,0.0008286025079092,0.0008045548333995667,0.00012676974996863328,0.0008165786706543833,0.0004776861289389166
6695,0,0.0401480385823964,0.017955845357052132,0.01656373610699191,0.029051941969724264,0.028355887344694155
6696,0,0.0056037774130754,0.002313705450054793,0.0004295370503242062,0.003958741431565096,0.0030166572316998033
6697,0,0.0007591095441516,0.0008708150647878206,0.0001464699200054356,0.0008149623044697103,0.0004527897320785178
6698,0,0.0006332600889178,0.0013909406754330834,6.898657822777848e-05,0.0010121003821754416,0.00035112333357278924
6700,0,0.0006478648755227,0.0017849075954479003,5.5564272368455316e-05,0.0012163862354853002,0.00035171457394557763
6701,0,0.0051515645902491,0.0032986280953194204,0.004476749215143375,0.00422509634278426,0.004814156902696237
6702,0,0.0004689117184705,0.0010792906462633652,2.1863037754175238e-05,0.0007741011823669327,0.0002453873781123376
6703,0,0.0006181796892645,0.0014186151824021143,1.7440224758845476e-05,0.0010183974358333073,0.00031780995701167277
6704,0,0.0006961833621321,0.0007729878346636339,0.00010135606432387302,0.0007345855983978669,0.0003987697132279865
6705,0,0.0007740819729826,0.001213078939542115,0.00010135606432387302,0.0009935804562623575,0.0004377190186532365
6706,0,0.0042138962685071,0.005228557405601146,0.002480377169319595,0.004721226837054123,0.003347136718913348
6707,0,0.0030521849101326,0.003222392015625374,0.0005138759579596595,0.003137288462878987,0.0017830304340461297
6709,0,0.0006388479380968,0.0018659331868551778,1.7440224758845476e-05,0.0012523905624759889,0.00032814408142782276
6710,0,0.0007561869642792,0.001768765240915371,4.818903977051193e-05,0.0012624761025972855,0.0004021880020248559
6712,0,0.0019476569635708,0.0027641546676049986,0.0003942792536173795,0.0023559058155878995,0.0011709681085940898
6713,0,0.0007440056284305,0.0016391084595002226,5.2442910043311545e-05,0.0011915570439653613,0.00039822426923690575
6714,0,0.0019653891622715,0.003158886948213055,0.00042932237269288225,0.0025621380552422776,0.0011973557674821913
6716,0,0.0011363706698187,0.0017663104394464637,0.0004958451395295917,0.0014513405546325818,0.0008161079046741459
6717,0,0.0021979992708591,0.0034698888652204274,0.0024678122167622325,0.0028339440680397636,0.0023329057438106664
6718,0,0.0012028598750328,0.0035897572993493485,0.0001672832133672812,0.002396308587191074,0.0006850715442000406
6719,0,0.0013873104495807,0.0031940852555276404,0.0001927008929761315,0.00229069785255417,0.0007900056712784158
6720,0,0.0005635613935114,0.0016232493465740848,9.394536084274996e-05,0.0010934053700427423,0.000328753377177075
6721,0,0.0008225108464846,0.0025142242225329337,6.66318890973034e-05,0.001668367534508767,0.0004445713677909517
6722,0,0.007606913987164,0.009392970214146073,0.0007099718009169876,0.008499942100655036,0.004158442894040494
6723,0,0.0014334334205851,0.0025949988243152713,0.0011821186554623877,0.0020142161224501855,0.001307776038023744
6724,0,0.000817562287702,0.0010517753615245057,8.099566988344259e-05,0.0009346688246132528,0.0004492789787927213
6726,0,0.0060973175478526,0.004914755747956528,0.0010365442765004034,0.005506036647904564,0.0035669309121765017
6727,0,0.0007372277304224,0.0014473113290446198,2.061698744530616e-05,0.00109226952973351,0.0003789223589338531
6728,0,0.0008095175387887,0.0015794383770081708,8.36092264236033e-05,0.0011944779578984355,0.00044656338260615165
6729,0,0.0009971526437991,0.001958768346749956,8.36092264236033e-05,0.001477960495274528,0.0005403809351113517
6730,0,0.0008032755810389,0.0020753531404267256,0.00014308181921952946,0.001439314360732813,0.00047317870012921474
6731,0,0.0010492123141974,0.0026938508313631374,1.711604747494306e-05,0.0018715315727802686,0.0005331641808361715
6733,0,0.0019211074501145,0.0013531475075837928,7.314995301526406e-05,0.0016371274788491465,0.000997128701564882
6734,0,0.0088658966134882,0.004937978527464745,0.0008587312527632406,0.006901937570476472,0.00486231393312572
6735,0,0.0008415238437113,0.0015611850494186494,2.061698744530616e-05,0.0012013544465649746,0.0004310704155783031
6736,0,0.0007579536951778,0.0014242008807493324,1.6750853303013725e-05,0.0010910772879635662,0.00038735227424040685
6737,0,0.0008511092899793,0.0023475568577139136,6.826807461373737e-05,0.0015993330738466069,0.0004596886822965187
6739,0,0.0012809139116578,0.00280578211664057,1.6750853303013725e-05,0.0020433480141491852,0.000648832382480407
6740,0,0.0007894698459759,0.0014893225985154845,1.6750853303013725e-05,0.0011393962222456923,0.00040311034963945685
6741,0,0.0031637764934016,0.00452395805511868,0.0007875665999423609,0.00384386727426014,0.0019756715466719803
6742,0,0.0006637895643828,0.00179435346554185,3.6606295937163665e-05,0.001229071514962325,0.0003501979301599818
6743,0,0.0010814805474824,0.001835219195499959,6.70319532436792e-05,0.0014583498714911794,0.0005742562503630396
6744,0,0.001841313417132,0.0026005778606823615,0.00035579505556647227,0.002220945638907181,0.001098554236349236
6746,0,0.0039399519498627,0.006378741237730281,0.00020323492876078125,0.005159346593796491,0.0020715934393117407
6748,0,0.0055567964596504,0.002652166720780927,0.00042852643478377125,0.004104481590215664,0.0029926614472170856
6749,0,0.0017283805765638,0.002891295934440114,0.00022419457899147503,0.002309838255501957,0.0009762875777776375
6750,0,0.0009304298990453,0.0015435663013265107,6.068340034397485e-05,0.0012369981001859054,0.0004955566496946375
6751,0,0.0028130201108854,0.0037049350604036477,4.028856946500385e-05,0.003258977585644524,0.0014266543401752019
6752,0,0.0018308447295299,0.002311710546430833,7.206990957011092e-05,0.0020712776379803663,0.0009514573195500054
6753,0,0.001527154744149,0.0032663532351500935,0.0003497681301943119,0.002396753989649547,0.0009384614371716559
6755,0,0.0014137219866154,0.00374344634752753,6.826807461373737e-05,0.002578584167071465,0.0007409950306145686
6756,0,0.0033380820798015,0.003956761455257893,3.707217557160425e-05,0.0036474217675296966,0.001687577127686552
6757,0,0.0021959274510488,0.012128700873564621,0.00016017820802391902,0.007162314162306711,0.0011780528295363595
6758,0,0.0263544861010439,0.01677889670455338,0.032580802740072974,0.02156669140279864,0.029467644420558436
6759,0,0.0256750853904659,0.016424776134722256,0.005843732305556808,0.02104993076259408,0.015759408848011355
6760,1,0.0151705751080712,0.04356109984552667,0.0026331938187833114,0.029365837476798932,0.008901884463427255
6761,0,0.0006073519939834,0.0011856271193618575,6.898657822777848e-05,0.0008964895566726288,0.00033816928610558923
6762,0,0.0048422117489017,0.0018674741524585359,0.0013420042081159704,0.003354842950680118,0.0030921079785088353
6765,0,0.0009823808106172,0.0013339630914983257,0.00012992839107236516,0.0011581719510577629,0.0005561546008447826
6766,0,0.0006180272737197,0.0011906627906817192,6.898657822777848e-05,0.0009043450322007095,0.00034350692597373924
6767,0,0.0004737487974,0.0008265713904503043,5.887533757649857e-05,0.0006501600939251522,0.0002663120674882493
6770,0,0.0009998981267928,0.0017178426793204506,0.00011171525316292682,0.0013588704030566253,0.0005558066899778634
6771,0,0.0005771362084468,0.0011194783405764949,5.2442910043311545e-05,0.0008483072745116474,0.00031478955924505575
6772,0,0.0009104904280761,0.0019676831312613156,0.0001699424827099149,0.0014390867796687079,0.0005402164553930074
6773,0,0.0006276076664453,0.0009349038531478806,7.537568927130774e-05,0.0007812557597965902,0.00035149167785830383
6775,0,0.0011111491414971,0.0018885903539868616,0.0005699158149989295,0.0014998697477419808,0.0008405324782480147
6777,0,0.0006361683409315,0.0011153777979821197,1.8925707626878544e-05,0.0008757730694568099,0.0003275470242791893
6778,0,0.0010424915520004,0.0012666631432082934,0.0001121095013955057,0.0011545773476043467,0.0005773005266979528
6779,0,0.0009183489721517,0.002285449945917382,0.00026016876356855644,0.001601899459034541,0.0005892588678601282
6780,0,0.0050866194728249,0.002599052534458794,0.0033240593801214355,0.003842836003641847,0.004205339426473167
6782,0,0.0006818934926721,0.0013420194605569358,1.7440224758845476e-05,0.0010119564766145179,0.00034966685871547275
6783,0,0.0010259959455134,0.0035104483085241387,0.00017832092938221405,0.0022682221270187695,0.000602158437447807
6784,0,0.000631601841098,0.00131043317975509,2.24840470896708e-05,0.000971017510426545,0.00032704294409383543
6785,0,0.002699138829193,0.003286490071791293,0.001020489799023257,0.0029928144504921465,0.0018598143141081284
6786,0,0.0016109319831876,0.0024953951241878844,0.0002499664560605042,0.002053163553687742,0.0009304492196240521
6789,0,0.0012298673539216,0.0024940701550661085,0.00015342818988565453,0.0018619687544938544,0.0006916477719036273
6790,0,0.0006755203302175,0.0015629823371212906,1.7440224758845476e-05,0.0011192513336693954,0.00034648027748817277
6791,0,0.002500838771219,0.003680638115755867,0.00026016876356855644,0.0030907384434874334,0.0013805037673937782
6792,0,0.0006745396170478,0.0014832707280055823,6.506413744413673e-05,0.001078905172526691,0.00036980187724596836
6793,0,0.0006899563123999,0.001130008109797486,8.36092264236033e-05,0.000909982211098693,0.00038678276941175166
6794,0,0.0006533847368535,0.0015762679188815465,5.2442910043311545e-05,0.0011148263278675232,0.00035291382344840576
6798,0,0.0008098619868888,0.0012451335060648485,6.506413744413673e-05,0.0010274977464768242,0.0004374630621664684
6800,1,0.9652456617865994,0.8667790484517844,0.9923380720155427,0.9160123551191919,0.9787918669010711
6802,0,0.0057257079692947,0.00352026799826164,0.007693185372371071,0.00462298798377817,0.006709446670832886
6803,0,0.0019006509944764,0.0014691587583271354,1.7440224758845476e-05,0.0016849048764017677,0.0009590456096176227
6804,0,0.0039333849057925,0.0026236389968030565,0.0005224590073298971,0.003278511951297778,0.0022279219565611986
6805,0,0.0018905460577174,0.0016922424876901771,0.0001073250794076051,0.0017913942727037886,0.0009989355685625025
6806,0,0.0008667855850753,0.001536288166232886,0.00012450637256219965,0.001201536875654093,0.0004956459788187499
6807,0,0.0005700243837093,0.0012988388060045102,0.00012834756758315605,0.0009344315948569052,0.00034918597564622804
6808,0,0.0006690708733683,0.0013894175237790373,1.9133219226061395e-05,0.0010292441985736687,0.0003441020462971807
6809,0,0.0018004677017437,0.0028367853776397143,0.0006632530311479263,0.002318626539691707,0.0012318603664458131
6810,0,0.000702604203361,0.0016698239386936365,0.00011516167741498116,0.0011862140710273182,0.0004088829403879906
6811,0,0.0007305098253461,0.0010734007671149147,0.00012387417329385371,0.0009019552962305074,0.00042719199931997686
6812,0,0.0006345214077155,0.0012095364462096584,6.332258942213328e-05,0.0009220289269625793,0.00034892199856881664
6813,0,0.0032175057723319,0.0035290182229439923,0.0019578121786948273,0.003373261997637946,0.0025876589755133637
6814,0,0.0019493886402652,0.0019675168088176104,0.00021558477771413729,0.0019584527245414055,0.0010824867089896687
6815,0,0.0007486161446678,0.0014953931086980434,0.00011427717373573468,0.0011220046266829217,0.0004314466592017673
6816,0,0.0015240022114711,0.0029212060504361474,0.0005033745935036777,0.002222604130953624,0.001013688402487389
6818,0,0.0031082078643219,0.0012979587964277988,0.0003012748922224725,0.0022030833303748497,0.0017047413782721862
6820,0,0.0039523615691695,0.0036693414535901173,0.0007403320630385661,0.003810851511379809,0.0023463468161040333
6821,0,0.0007697562891408,0.0011958475048351367,7.15998893781916e-05,0.0009828018969879684,0.0004206780892594958
6822,0,0.0008223192644718,0.0011068957330231937,1.9133219226061395e-05,0.0009646074987474968,0.0004207262418489307
6824,0,0.0031766310763258,0.003188824150602621,0.0004480452667856397,0.0031827276134642106,0.0018123381715557199
6825,0,0.0011193266327191,0.0014323005035811413,0.0003028384607022177,0.0012758135681501205,0.0007110825467106588
6826,0,0.0013780485259788,0.00547410759928781,0.0009648828450258823,0.003426078062633305,0.001171465685502341
6827,0,0.0011969138544107,0.0026121822355235458,0.0008810032325143741,0.0019045480449671227,0.001038958543462537
6828,0,0.0007161035883212,0.002131494962300927,4.591914709785575e-05,0.0014237992753110636,0.00038101136770952787
6831,0,0.0042228931888578,0.0038294049468640947,0.007281445456099995,0.0040261490678609475,0.0057521693224788974
6833,0,0.0017274696700594,0.002405527484086156,0.00012799130521580593,0.002066498577072778,0.000927730487637603
6834,0,0.0016086649312599,0.0029784779477200827,0.00012911032845754145,0.0022935714394899916,0.0008688876298587208
6836,0,0.0013268631555084,0.007146476987426895,0.000922334202537206,0.0042366700714676474,0.001124598679022803
6838,0,0.0045204394537239,0.0035658622095964855,0.00027073228062312525,0.004043150831660193,0.0023955858671735127
6839,0,0.006426715776625,0.0053643813057428396,0.0008049393311679096,0.005895548541183919,0.0036158275538964546
6840,0,0.0078435859110502,0.011320556565693335,0.0045015554732896895,0.009582071238371768,0.006172570692169945
6842,0,0.0333647476206784,0.036208714150809215,0.012580539912723605,0.034786730885743807,0.022972643766701002
6843,0,0.0471143743938258,0.049048611118242665,0.024389052858664065,0.04808149275603423,0.035751713626244935
6845,0,0.0383436766718864,0.04668408332584884,0.01773159445963745,0.04251387999886762,0.028037635565761925
6847,0,0.0014220594521474,0.0012984840767852697,0.00010320751589514646,0.001360271764466335,0.0007626334840212732
6848,0,0.0005979822539266,0.0006881393773037412,5.421397578228834e-05,0.0006430608156151707,0.00032609811485444413
6849,0,0.0026859994572577,0.001609025586473441,0.0002753465849285979,0.0021475125218655706,0.001480673021093149
6850,0,0.0005992279720594,0.0008674916221686317,1.480525160228621e-05,0.0007333597971140159,0.0003070166118308431
6851,0,0.0005462693666832,0.0008943715786567078,4.793934625772591e-05,0.000720320472669954,0.000297104356470463
6852,0,0.0014578871731713,0.001876230346337443,0.00013848034278099433,0.0016670587597543715,0.0007981837579761472
6854,0,0.0004249408738504,0.0006103762497079784,4.693496788001444e-05,0.0005176585617791892,0.0002359379208652072
6855,0,0.000524385491832,0.00092775280492162,1.3150013155244592e-05,0.00072606914837681,0.00026876775249362226
6856,0,0.0006278679032221,0.000673402503350119,5.421397578228834e-05,0.0006506352032861095,0.00034104093950219417
6857,0,0.0007693824481277,0.0012291824689969872,9.240874460995972e-05,0.0009992824585623437,0.00043089559636882985
6860,0,0.0008608454536271,0.0009397957366051045,8.063560730556727e-05,0.0009003205951161023,0.00047074053046633366
6861,0,0.000801620547975,0.001430143567848308,9.240874460995972e-05,0.0011158820579116539,0.00044701464629247985
6862,0,0.0007214207774875,0.0011535993347209232,8.063560730556727e-05,0.0009375100561042117,0.00040102819239653365
6863,0,0.0009826323386719,0.0017136839090971148,0.0003042868360442501,0.0013481581238845074,0.000643459587358075
6865,0,0.0035757051497185,0.003927483159184157,0.0011141788499487984,0.0037515941544513285,0.002344941999833649
6866,0,0.0005879601930536,0.0008360336943241978,5.421397578228834e-05,0.0007119969436888988,0.00032108708441794416
6867,0,0.0003844307393747,0.001100285249313385,3.699014054165557e-05,0.0007423579943440425,0.00021071043995817777
6868,0,0.0032618951513301,0.0024378801908041753,0.0011141788499487984,0.0028498876710671374,0.002188037000639449
6869,0,0.0036868127337204,0.002124402868812411,0.0006318401490583433,0.0029056078012664054,0.0021593264413893717
6870,0,0.0004776415451009,0.0011038660145441977,4.693496788001444e-05,0.0007907537798225488,0.00026228825649045724
6871,0,0.0002554832744257,0.0007194540814288927,1.742891529786407e-05,0.00048746867792729635,0.00013645609486178205
6872,0,0.002157069734315,0.0017698728435508264,0.00018562085154268841,0.0019634712889329132,0.0011713452929288442
6873,0,0.0006092088342659,0.0008777132946613196,4.793934625772591e-05,0.0007434610644636097,0.000328574090261813
6874,0,0.0006174748359543,0.0010887318556399518,4.793934625772591e-05,0.000853103345797126,0.000332707091106013
6875,0,0.0027175799195608,0.002260727596170685,0.0004934598495789847,0.0024891537578657424,0.0016055198845698923
6876,0,0.0005538959733475,0.0006547866798905801,7.850335714523867e-05,0.0006043413266190401,0.00031619966524636936
6878,0,0.0006173831295753,0.0016279649083560577,4.793934625772591e-05,0.0011226740189656788,0.000332661237916513
6879,0,0.0003244683855097,0.0011946947440733794,3.699014054165557e-05,0.0007595815647915397,0.0001807292630256778
6880,0,0.0006101216847486,0.0022992192946589066,0.0001479231077032735,0.0014546704897037532,0.00037902239622593674
6881,0,0.0004679288133974,0.0020904183169474506,0.0001479231077032735,0.0012791735651724253,0.00030792596055033677
6882,0,0.0011751258145641,0.0010163477872328162,6.995311142935035e-05,0.0010957368008984582,0.0006225394629967251
6883,0,0.0008319094508232,0.0021778985138520206,6.304278410450982e-05,0.0015049039823376103,0.0004474761174638549
6884,0,0.0008820724647971,0.0024174506130807856,6.304278410450982e-05,0.0016497615389389428,0.00047255762445080494
6886,0,0.0008475123912005,0.001533162324962242,0.0002979307537471244,0.001190337358081371,0.0005727215724738122
6887,0,0.0003797069696657,0.0008761109963719244,4.0782308679034593e-05,0.0006279089830188121,0.0002102446391723673
6888,0,0.0008379109249336,0.001549475196348779,0.0002371726778912154,0.0011936930606411896,0.0005375418014124077
6889,0,0.0008761146371117,0.0014789257339384823,1.5545319612947783e-05,0.0011775201855250912,0.0004458299783623239
6890,0,0.0011185963225085,0.002038115781486878,0.00019841169352906977,0.001578356051997689,0.0006585040080187849
6891,0,0.0005720202265121,0.0017487176183436978,5.064649391820581e-05,0.001160368922427899,0.0003113333602151529
6893,0,0.0012307992875428,0.00246815504443572,0.00017877968067550628,0.00184947716598926,0.0007047894841091531
6894,0,0.0004450727959997,0.0015029113867602822,5.905186678646056e-05,0.0009739920913799912,0.0002520623313930803
6895,0,0.0011136371239291,0.0024577304422624163,0.00020720812063950724,0.001785683783095758,0.0006604226222843036
6896,0,0.0022073013746188,0.0022814747390247714,0.0002601064911690278,0.002244388056821786,0.0012337039328939139
6897,0,0.0006536394114091,0.0016407236196451236,7.388973246365375e-05,0.0011471815155271118,0.0003637645719363769
6898,0,0.179292312865818,0.6333647887262411,0.001676840543321557,0.4063285507960296,0.09048457670456979
6899,0,0.0007467115268274,0.0020907742197615537,7.388973246365375e-05,0.0014187428732944768,0.00041030062964552685
6900,0,0.0007569441698841,0.0015558742097472459,0.00014946012809560693,0.001156409189815673,0.0004532021489898535
6901,0,0.0006426218070854,0.001184861002639614,8.909773091039336e-05,0.000913741404862507,0.0003658597689978967
6902,0,0.0004087318448811,0.0016051481383137622,9.423916848819196e-05,0.001006939991597431,0.000251485506684646
6903,0,0.0005345175024424,0.0013447920291977142,7.018457913923817e-05,0.000939654765820057,0.00030235104079081904
6904,0,0.0007573169269876,0.0018649229813819598,7.158264899140052e-05,0.00131111995418478,0.00041444978798950026
6906,0,0.0005099049716802,0.001391504019027624,3.6606295937163665e-05,0.0009507044953539121,0.00027325563380868183
6907,0,0.0007952649495316,0.0016595094659648628,7.388973246365375e-05,0.0012273872077482313,0.00043457734099762685
6908,0,0.0008544639151951,0.001491402753398316,6.068340034397485e-05,0.001172933334296708,0.0004575736577695374
6909,0,0.0005904728810757,0.0012585177454011414,7.018457913923817e-05,0.0009244953132384207,0.00033032873010746907
6910,0,0.0024177497155596,0.002506709804038917,0.0004632659503671041,0.0024622297597992585,0.001440507832963352
6911,0,0.0011868355378944,0.0026503716532639285,0.00023765609703627874,0.0019186035955791642,0.0007122458174653394
6912,0,0.0005800421288255,0.001889462887777686,9.423916848819196e-05,0.001234752508301593,0.000337140648656846
6913,0,0.0006265224359321,0.0016280674849739826,4.5183782691932036e-05,0.0011272949604530414,0.00033585310931201603
6914,0,0.0009380620337212,0.0018290615563827434,6.068340034397485e-05,0.0013835617950519717,0.0004993727170325875
6915,0,0.0049139567850004,0.002539923206829607,0.0007006276145366202,0.0037269399959150035,0.00280729219976851
6916,0,0.0010367810515659,0.0014377221698582234,0.00012322191260792488,0.0012372516107120616,0.0005800014820869125
6918,0,0.0011735069076738,0.0015571460320586439,0.00012322191260792488,0.001365326469866222,0.0006483644101408625
6919,0,0.0006043388642413,0.001892841805140511,9.423916848819196e-05,0.0012485903346909056,0.00034928901636474595
6920,0,0.0030759871432801,0.002029814416441185,0.0001515722619785225,0.0025529007798606425,0.0016137797026293114
6921,0,0.0018804620017254,0.0038911185019862224,6.314833400394173e-05,0.0028857902518558114,0.0009718051678646709
6922,0,0.0080326021921467,0.009033031536692045,0.0010126741932508672,0.008532816864419372,0.004522638192698783
6923,0,0.0185987626618117,0.036206791876060386,0.007382278096394365,0.027402777268936043,0.012990520379103032
6924,0,0.0277369389515641,0.04057664863163855,0.015369228658606567,0.034156793791601324,0.021553083805085332
6925,1,0.2870396932737423,0.9521546321247877,0.0009189691364904286,0.619597162699265,0.14397933120511636
6926,0,0.1743676232551154,0.15109811916908739,0.06576923747412308,0.1627328712121014,0.12006843036461924
6929,0,0.0006379165867306,0.0006437345619491387,6.478335360363157e-05,0.0006408255743398693,0.00035134997016711574
6930,0,0.0026111642817025,0.003104255021165824,0.001112953824566059,0.0028577096514341618,0.0018620590531342794
6931,0,0.0008258018560266,0.0012054759765229583,0.00014595426880324798,0.0010156389162747793,0.000485878062414924
6932,0,0.0002949087725295,0.00037304842926774116,2.151290754996051e-05,0.00033397860089862054,0.00015821084003973026
6933,1,0.9690569949732256,0.9952474655641981,0.9982675209917028,0.9821522302687118,0.9836622579824642
6934,0,0.0005196783082856,0.0009789375563737884,1.480525160228621e-05,0.0007493079323296942,0.00026724177994394313
6935,0,0.0004922723347376,0.0008269235399961511,1.3150013155244592e-05,0.0006595979373668756,0.0002527111739464223
6936,0,0.0007752440477748,0.0007387650180874986,0.0001238295429816079,0.0007570045329311492,0.00044953679537820395
6938,0,0.0004841250621013,0.0008609798680990555,4.793934625772591e-05,0.0006725524651001778,0.00026603220417951295
6939,0,0.0003886011946677,0.00035871886119491584,2.151290754996051e-05,0.0003736600279313079,0.00020505705110883025
6940,0,0.0022398372375722,0.0016337368147670089,0.0003332975688088268,0.0019367870261696044,0.0012865674031905133
6941,0,0.0002978378962438,0.0003638085271861405,2.151290754996051e-05,0.00033082321171497026,0.00015967540189688027
6942,0,0.0037883619434493,0.0026919829296057833,0.0011141788499487984,0.003240172436527542,0.0024512703966990492
6943,0,0.0006080676900001,0.0006188062334130818,0.0001238295429816079,0.0006134369617065909,0.00036594861649085397
6945,0,0.0005583729354043,0.0010536531965487333,7.850335714523867e-05,0.0008060130659765167,0.00031843814627476936
6946,0,0.0006029927772659,0.0006420505243932809,0.00011676123822764612,0.0006225216508295904,0.00035987700774677304
6947,0,0.0007620371619995,0.001421958254363871,9.32549359529925e-05,0.0010919977081816855,0.00042764604897624624
6948,0,0.0003984426185713,0.0011435600715850014,3.699014054165557e-05,0.0007710013450781507,0.0002177163795564778
6949,0,0.0005273768790996,0.0010693728349414357,7.355651028807334e-05,0.0007983748570205178,0.00030046669469383663
6950,0,0.0006174897596966,0.0019269107369727033,0.00032407806274747355,0.0012722002483346517,0.0004707839112220368
6951,0,0.0023003025776715,0.001720536743268503,0.0003332975688088268,0.0020104196604700014,0.0013168000732401634
6952,0,0.0005957617143797,0.0014613934437252957,7.850335714523867e-05,0.001028577579052498,0.00033713253576246935
6953,0,0.0004217984510202,0.001248870634913083,3.699014054165557e-05,0.0008353345429666416,0.00022939429578092778
6954,0,0.0003872690320745,0.0010895830333083913,2.151290754996051e-05,0.0007384260326914456,0.00020439096981223024
6956,0,0.0012083328612166,0.0029329561562279017,0.0007905284049214923,0.002070644508722251,0.0009994306330690461
6959,0,0.000518279768899,0.0011058488680482724,2.9040472605291602e-05,0.0008120643184736362,0.0002736601207521458
6961,0,0.0008386448596642,0.0025867926666911234,0.0003932248035512268,0.0017127187631776617,0.0006159348316077134
6962,0,0.00179868202483,0.002134743765019482,0.00028395259332553895,0.001966712894924741,0.0010413173090777694
6963,0,0.0028236021939784,0.003017797240589194,0.0013834608082825336,0.002920699717283797,0.0021035315011304666
6964,0,0.0014504915533329,0.0017352638261313234,0.00020888401231980967,0.0015928776897321116,0.0008296877828263549
6965,0,0.0033976753763252,0.0033941710889365253,0.001141751853724458,0.003395923232630863,0.002269713615024829
6966,0,0.0026107240501473,0.002913115093972416,0.0023339192289714957,0.002761919572059858,0.002472321639559398
6967,0,0.0006681510617161,0.0025588774759151204,0.00016075541805654666,0.0016135142688156103,0.00041445323988632333
6968,0,0.002430142333509,0.0023362193556063574,0.001628042503602745,0.0023831808445576785,0.0020290924185558724
6969,0,0.0004630952476629,0.002041796646761459,0.00013547989663345334,0.0012524459472121794,0.0002992875721481767
6970,0,0.0006768085938611,0.000835651270646752,7.850335714523867e-05,0.000756229932253926,0.00037765597550316936
6971,0,0.0007063126418654,0.0010708602882869745,0.00019696962154998487,0.0008885864650761872,0.0004516411317076924
6972,0,0.0004501773749471,0.001325861500484946,4.426944697756352e-05,0.000888019437716023,0.0002472234109623318
6975,0,0.0030049594480221,0.002751683671031805,0.0014308124631228793,0.0028783215595269526,0.00221788595557249
6976,0,0.0019277212019682,0.0023315732777468407,0.0007569944573242034,0.0021296472398575203,0.0013423578296462018
6979,0,0.001529401358087,0.001942072234381354,0.0003058123536867314,0.001735736796234177,0.0009176068558868658
6980,0,0.0074939896440335,0.00424094470683755,0.000957799571590302,0.005867467175435525,0.004225894607811901
6981,0,0.0007306937491195,0.001810067998725311,1.5545319612947783e-05,0.0012703808739224056,0.0003731195343662239
6982,0,0.0005973354686453,0.0009793150287653156,8.955246241662477e-05,0.0007883252487053077,0.0003434439655309624
6983,0,0.000684388280326,0.0013235509347123019,0.00046262189748103857,0.0010039696075191508,0.0005735050889035193
6984,0,0.0025803251544857,0.003808302781255892,0.0007794384176719678,0.003194313967870796,0.0016798817860788338
6985,0,0.0014024904595571,0.002488905822400149,0.00034760473578326667,0.0019456981409786244,0.0008750475976701833
6986,0,0.0006772912243162,0.0013583270145272838,0.00046460423773139156,0.0010178091194217418,0.0005709477310237958
6987,0,0.0007619507889441,0.001254883034857689,8.909773091039336e-05,0.0010084169119008945,0.00042552425992724665
6988,0,0.2461524206268721,0.6389146816316349,0.0008408504334179185,0.4425335511292535,0.123496635530145
6989,0,0.0010849160485352,0.002103024288630176,0.00021979718450020725,0.0015939701685826878,0.0006523566165177036
6990,0,0.0004530910850555,0.001301301249679364,4.5183782691932036e-05,0.000877196167367432,0.000249137433873716
6991,1,0.6603703775689846,0.08170601782530433,0.9940556844138742,0.37103819769714447,0.8272130309914294
6992,0,0.0015620652649661,0.001688139747273512,6.068340034397485e-05,0.001625102506119806,0.0008113743326550374
6993,0,0.0007680599423498,0.0017681565358058826,0.00017635208643153446,0.0012681082390778413,0.00047220601439066723
6994,0,0.0014878233562788,0.0027913509983478447,0.000177029097980884,0.002139587177313322,0.000832426227129842
6995,0,0.0039639490254517,0.004045726875683252,0.003223246744550469,0.004004837950567476,0.0035935978850010846
6996,0,0.0020115535135372,0.0019750880399646517,0.00017529284673903245,0.0019933207767509255,0.001093423180138116
6997,0,0.000886284042255,0.001213636647283907,0.00010935221430667799,0.0010499603447694534,0.000497818128280839
6998,0,0.0019256373530621,0.001298687982337224,0.00015609829483746656,0.001612162667699662,0.0010408678239497832
7000,0,0.0033621395218467,0.0026999704661085874,6.099350039590633e-05,0.0030310549939776437,0.0017115665111213031
7001,0,0.001083264457515,0.0020744129816543163,7.606406519064738e-05,0.0015788387195846583,0.0005796642613528237
7002,0,0.0031498718471559,0.0025979183318288503,9.668680209223993e-05,0.002873895089492375,0.0016232793246240699
7003,0,0.0191660891653359,0.008699949600992974,0.009213818000916061,0.013933019383164436,0.01418995358312598
7004,0,0.0195329844221151,0.022835095444277195,0.0050498288984147785,0.021184039933196147,0.01229140666026494
7005,0,0.1417629075440643,0.07593351854885591,0.09248069613648484,0.1088482130464601,0.11712180184027457
7006,0,0.0088884097550664,0.0016315515332042947,0.0033240593801214355,0.0052599806441353475,0.0061062345675939175
7007,0,0.0037131433385425,0.0012912235605842721,0.0002185640883873078,0.002502183449563386,0.001965853713464904
7008,0,0.0010649604508083,0.000456927431312397,2.444453447307212e-05,0.0007609439410603485,0.000544702492640686
7009,0,0.0030191466457752,0.0008710551197783664,0.0003890989525798981,0.0019451008827767833,0.0017041227991775492
7010,0,0.0005260785705944,0.0007063716273609262,7.085756988176346e-05,0.0006162250989776631,0.0002984680702380817
7011,0,0.000619871601949,0.0011967424463705492,0.00010324798185621541,0.0009083070241597746,0.00036155979190260774
7012,1,0.9564760130442522,0.9081472214571866,0.9895363159179031,0.9323116172507194,0.9730061644810777
7013,0,0.0090359694612302,0.002847132234369233,0.00216128688954477,0.005941550847799716,0.0055986281753874845
7014,0,0.0002768649530228,0.0004958743281162994,2.444453447307212e-05,0.0003863696405695497,0.00015065474374793605
7015,0,0.0031088033496632,0.0013202822382088252,0.0012182542256290317,0.0022145427939360128,0.002163528787646116
7017,0,0.0004771638932925,0.0008394324788475314,7.085756988176346e-05,0.0006582981860700157,0.00027401073158713174
7019,0,0.0035736367119323,0.0014002223645499024,0.001189902913082303,0.002486929538241101,0.0023817698125073016
7020,0,0.0009718163532914,0.0011778145619783709,0.001533260137184952,0.0010748154576348855,0.001252538245238176
7021,0,0.0006579701949456,0.0008131483613661126,5.120711392977623e-05,0.0007355592781558563,0.00035458865443768815
7022,0,0.0004936632427332,0.0006638459305245729,1.6185078846110246e-05,0.0005787545866288864,0.0002549241607896551
7023,0,0.0005858736179285,0.0007412999124959484,6.794795050307019e-05,0.0006635867652122242,0.0003269107842157851
7024,0,0.0004867472929743,0.00106544956858684,7.355147689065353e-05,0.00077609843078057,0.0002801493849324768
7025,0,0.0016474031008145,0.001681119263770282,7.759236964744919e-05,0.001664261182292391,0.0008624977352309746
7027,0,0.0027272813661186,0.0008853135224946852,2.9040472605291602e-05,0.0018062974443066426,0.0013781609193619457
7028,0,0.0004017467947632,0.0007980769858831869,2.444453447307212e-05,0.0005999118903231935,0.00021309566461813606
7030,0,0.0005231032588012,0.0009851635872813835,5.838511652830052e-05,0.0007541334230412918,0.0002907441876647503
7031,0,0.0007453664572941,0.0010101240901941148,0.000291897808443713,0.0008777452737441073,0.0005186321328689065
7032,0,0.0048717707226437,0.002097112507305575,0.00031432421113960883,0.0034844416149746376,0.0025930474668916545
7033,0,0.0005754331235862,0.0010004872470146735,1.6185078846110246e-05,0.0007879601853004368,0.0002958091012161551
7034,0,0.0006115167869461,0.0009702034287173377,1.6185078846110246e-05,0.0007908601078317188,0.0003138509328961051
7035,0,0.000933081791921,0.001357495368501404,0.001533260137184952,0.001145288580211202,0.0012331709645529761
7036,0,0.0005279892455364,0.0015577690157690723,2.444453447307212e-05,0.001042879130652736,0.00027621689000473606
7037,0,0.0017744167926693,0.0023617418390827487,3.3383654250746924e-05,0.0020680793158760246,0.0009039002234600235
7038,0,0.0007030690849125,0.0014347468394747117,0.00011617983498461768,0.0010689079621936058,0.0004096244599485588
7040,0,0.0006305999923034,0.0011091894570193612,7.085756988176346e-05,0.0008698947246613806,0.0003507287810925817
7041,0,0.000582124478119,0.0010955543286268073,1.6185078846110246e-05,0.0008388394033729036,0.0002991547784825551
7045,0,0.0006216181224489,0.0011105073186017645,1.6185078846110246e-05,0.0008660627205253322,0.0003189016006475051
7046,0,0.0007101410022198,0.0010344587055893825,7.759236964744919e-05,0.0008722998539045913,0.0003938666859336246
7047,0,0.0007204283970978,0.0026051709920280022,0.00020975638499840055,0.001662799694562901,0.00046509239104810027
7048,0,0.0009966119651249,0.002498683893484753,0.00018774570766605738,0.0017476479293048264,0.0005921788363954788
7050,0,0.0011814056040491,0.0010379381442269051,0.0001052749433400639,0.0011096718741380024,0.0006433402736945819
7051,0,0.0014816721891444,0.0025231897529992653,0.0003566998940902879,0.0020024309710718327,0.000919186041617344
7052,0,0.0006151533180579,0.0015151049877727837,8.60608693442872e-05,0.0010651291529153418,0.0003506070937010936
7053,0,0.000709849306808,0.0018353577319132517,9.718026246772742e-05,0.0012726035193606259,0.00040351478463786374
7055,0,0.0004090371390096,0.0013790826464192732,4.3061483134782716e-05,0.0008940598927144366,0.00022604931107219137
7056,0,0.0030579468264334,0.0011331536567576411,8.677727339509234e-05,0.0020955502415955208,0.0015723620499142462
7057,0,0.0017499538367841,0.002693407953058379,0.00016831987435351255,0.0022216808949212393,0.0009591368555688063
7058,0,0.0004896961250797,0.001274600392840361,9.320608349184626e-05,0.0008821482589600305,0.00029145110428577313
7059,0,0.0021143574006155,0.0021550114640788974,0.0001053260853367482,0.0021346844323471984,0.001109841742976124
7060,0,0.0007641328221992,0.001030956498653545,0.00011718136035247483,0.0008975446604263726,0.0004406570912758374
7061,0,0.0007073737707636,0.0015768504410027208,9.718026246772742e-05,0.0011421121058831603,0.00040227701661566374
7062,0,0.0012402909330407,0.002227222908044848,1.9133219226061395e-05,0.001733756920542774,0.0006297120761333807
7064,0,0.0057081199055246,0.005090638498315656,0.0009985066986015713,0.0053993792019201275,0.0033533133020630856
7067,0,0.0007145538517918,0.0011323748934115867,0.00010273083015072135,0.0009234643726016933,0.0004086423409712607
7069,0,0.0008173968563725,0.00177393388826511,0.00021223046929662342,0.001295665372318805,0.0005148136628345617
7070,0,0.0008777573212943,0.0018824846223124336,7.468850657390115e-05,0.0013801209718033668,0.0004762229139341006
7072,0,0.0010876481897257,0.001770922915043197,4.7708927737386566e-05,0.0014292855523844487,0.0005676785587315433
7073,0,0.0011553442720879,0.0017123947978205003,7.606406519064738e-05,0.0014338695349542002,0.0006157041686392737
7074,0,0.0008508898779918,0.0024117525348074315,0.00018904699035805466,0.0016313212063996157,0.0005199684341749273
7075,0,0.0010321166654598,0.0013957564072351678,8.231930071870334e-05,0.0012139365363474839,0.0005572179830892516
7076,0,0.0010087263701378,0.0030634671515908213,0.00010349516037785294,0.0020360967608643106,0.0005561107652578265
7078,0,0.0011247772826956,0.0015753065579214925,8.231930071870334e-05,0.0013500419203085461,0.0006035482917071517
7079,0,0.0066426093623375,0.01564852381571083,0.0010885080777539627,0.011145566589024165,0.003865558720045731
7081,0,0.0162037088450108,0.017405555583577443,0.011293708170368785,0.016804632214294124,0.013748708507689793
7082,0,0.0603571247538189,0.10870843037064523,0.049198172170455225,0.08453277756223207,0.05477764846213706
7083,0,0.0300230619816083,0.05265335492138723,0.014184644425585487,0.041338208451497764,0.022103853203596893
7084,1,0.9914802239634728,0.9982888058742282,0.9999996718938273,0.9948845149188505,0.9957399479286501
7085,0,0.0968703838313551,0.04730997217880378,0.06839830065312386,0.07209017800507944,0.08263434224223948
7086,0,0.0386541535272812,0.07684720492037131,0.02129191475205301,0.057750679223826255,0.029973034139667107
7088,1,0.0273075374477722,0.0594265857396377,0.010128001401100772,0.04336706159370495,0.018717769424436488
7090,0,0.0005411281366638,0.0006141154288496857,9.454926999593652e-05,0.0005776217827567428,0.0003178387033298682
7091,0,0.0011940671460685,0.0010763088413483896,3.6108072336074854e-05,0.0011351879937084447,0.0006150876092022874
7092,0,0.0058656791176458,0.0024536492299057095,0.00154415272492146,0.004159664173775755,0.0037049159212836297
7094,0,0.0045083545592216,0.002701923227836467,0.0010500289930294247,0.0036051388935290332,0.0027791917761255122
7095,0,0.0004813513671782,0.0006480860289849527,2.444453447307212e-05,0.0005647186980815763,0.00025289795082563603
7096,0,0.0029869069592592,0.0016152275191108681,0.00027229757977388825,0.002301067239185034,0.001629602269516544
7097,0,0.00248093355817,0.001363352059740511,0.0003430526805817893,0.0019221428089552556,0.0014119931193758946
7099,0,0.0005570554218581,0.000585450690582348,6.222310493423265e-05,0.000571253056220224,0.0003096392633961663
7100,0,0.0049897861664429,0.0020083160646582623,0.00044199023689767494,0.003499051115550581,0.0027158882016702873
7101,0,0.0005803597856203,0.001079424232894812,5.712590897956e-05,0.0008298920092575559,0.00031874284729993
7103,0,0.0002829849368586,0.0006874816923744409,2.2715209935471325e-05,0.0004852333146165204,0.00015285007339703566
7104,0,0.0004174300985616,0.0015865795514766216,1.8386407143624387e-05,0.0010020048250191109,0.0002179082528526122
7105,0,0.0003683118918988,0.0007430962586368142,1.8402977811494623e-05,0.0005557040752678071,0.00019335743485514732
7106,0,0.000562529355773,0.0007940073321500781,6.794795050307019e-05,0.000678268343961539,0.0003152386531380351
7107,0,0.0005770842950641,0.000852775158083875,1.6185078846110246e-05,0.0007149297265739875,0.0002966346869551051
7108,0,0.0005655418873627,0.0013013671677038763,6.794795050307019e-05,0.0009334545275332881,0.00031674491893288507
7109,0,0.0005787548470474,0.0009001283770900011,6.794795050307019e-05,0.0007394416120687006,0.0003233513987752351
7110,0,0.0005194320208041,0.0009885820345494692,6.794795050307019e-05,0.0007540070276767846,0.0002936899856535851
7111,0,0.0005638952493154,0.0009040210648300252,6.794795050307019e-05,0.0007339581570727126,0.0003159215999092351
7112,0,0.0006001747944495,0.0012341310018231743,3.6108072336074854e-05,0.0009171528981363371,0.0003181414333927874
7113,0,0.0009628099575312,0.0019052670164225534,1.782044801299278e-05,0.0014340384869768767,0.0004903152027720964
7114,0,0.00049914277822,0.0010661427861446634,3.6108072336074854e-05,0.0007826427821823318,0.0002676254252780374
7115,0,0.0011556835739321,0.0016137433986902355,7.085756988176346e-05,0.0013847134863111676,0.0006132705719069317
7117,0,0.0006081014004107,0.0009120928436391473,6.794795050307019e-05,0.0007600971220249237,0.0003380246754568851
7118,0,0.000590144993019,0.001226054344235144,6.794795050307019e-05,0.000908099668627072,0.00032904647176103507
7119,0,0.0007013843390012,0.0014044365731435502,7.085756988176346e-05,0.0010529104560723752,0.00038612095444148174
7120,0,0.00385286579259,0.00295303763336983,0.0004696502113359612,0.003402951712979915,0.0021612580019629807
7121,0,0.0107429752966775,0.0028994336677420087,0.00029551138560290473,0.006821204482209755,0.005519243341140203
7122,0,0.0027592215064373,0.002536106301993134,0.00044199023689767494,0.002647663904215217,0.0016006058716674875
7123,0,0.0005704481474768,0.0018791102987813675,4.218890601169095e-05,0.0012247792231290838,0.0003063185267442455
7125,0,0.0007804583840302,0.002173523867041959,0.0002334663675926714,0.0014769911255360796,0.0005069623758114357
7126,0,0.0032322199214527,0.00282670836682978,0.0009192416611030861,0.0030294641441412397,0.002075730791277893
7127,0,0.0011430140836812,0.0014711819895694433,3.6108072336074854e-05,0.0013070980366253217,0.0005895610780086374
7128,0,0.0066910522214918,0.0024666769878216466,0.00032212162245459614,0.004578864604656723,0.003506586921973198
7129,0,0.0006020931807816,0.001393479985548829,1.7440224758845476e-05,0.0009977865831652145,0.00030976670277022277
7131,0,0.0014017382722445,0.0016499442915950304,0.00033851789854127105,0.0015258412819197653,0.0008701280853928855
7132,0,0.0008050762105606,0.0018716157893912237,0.00010109693746265095,0.0013383459999759119,0.0004530865740116255
7133,0,0.0017575860928091,0.0028366884746180428,0.0017227911387359645,0.002297137283713571,0.0017401886157725323
7134,0,0.0007371757435556,0.0011241723682945748,0.00010785654438263071,0.0009306740559250874,0.00042251614396911533
7135,0,0.0014446740796146,0.0025783238231042345,0.0002959884555460733,0.002011498951359417,0.0008703312675803367
7136,0,0.0022160201937348,0.0020586892218081194,0.0007460786605754136,0.0021373547077714597,0.0014810494271551068
7138,0,0.0006883960013455,0.0017217837374083188,2.061698744530616e-05,0.0012050898693769093,0.00035450649439540307
7139,0,0.0041484597480866,0.003436509465187335,0.0015212323495456394,0.0037924846066369677,0.00283484604881612
7140,0,0.0006710675387326,0.001374151299529318,2.061698744530616e-05,0.001022609419130959,0.0003458422630889531
7141,0,0.0026287324133948,0.00333569055842619,0.00020226784947325715,0.0029822114859104952,0.0014155001314340287
7142,0,0.0048870955532473,0.0032743556581254067,0.0008313886488709008,0.004080725605686353,0.0028592421010591
7144,0,0.0008599924136852,0.0010361379791549842,3.719928998992788e-05,0.0009480651964200921,0.00044859585183756396
7145,0,0.0006915917782463,0.0014527698431104014,3.3271368205180505e-05,0.0010721808106783507,0.00036243157322574023
7146,0,0.0014554480101908,0.0024885392491270576,0.00018137086846726144,0.0019719936296589287,0.0008184094393290307
7148,0,0.0007624591921328,0.001880817637516265,8.361081447181464e-05,0.0013216384148245323,0.0004230350033023073
7149,0,0.0003706860142697,0.001993063308680996,3.838335894266199e-05,0.0011818746614753479,0.000204534686606181
7150,0,0.0007143324783062,0.0013801968692294928,2.061698744530616e-05,0.0010472646737678464,0.0003674747328757531
7151,0,0.0010475099068283,0.0033880330659318923,0.00027494036291619405,0.0022177714863800962,0.000661225134872247
7152,0,0.0012878750481199,0.0023065310794468234,0.0005195520253216862,0.0017972030637833617,0.000903713536720793
7153,0,0.0008089971666706,0.0014349605932422959,7.468850657390115e-05,0.001121978879956448,0.00044184283662225055
7155,0,0.0008966676409908,0.0016653409031342722,8.361081447181464e-05,0.0012810042720625362,0.0004901392277313073
7156,0,0.000778157258245,0.002335741355253854,6.549705242547759e-05,0.0015569493067494268,0.00042182715533523876
7157,0,0.003829450877038,0.0019505455896481289,9.97358615834286e-05,0.0028899982333430644,0.001964593369310714
7159,0,0.0011195960400037,0.0018970476642667937,8.207702604295689e-05,0.0015083218521352469,0.0006008365330233285
7160,0,0.0008039539581351,0.0027007501145193905,1.21139188570185e-05,0.0017523520363272452,0.0004080339384960592
7161,0,0.0022726245946984,0.0013959951597086505,3.447212396843659e-05,0.0018343098772035252,0.0011535483593334182
7163,0,0.0022606761613525,0.0033502485424371504,0.0002293370638081823,0.0028054623518948252,0.0012450066125803412
7164,0,0.0010475231562103,0.0014487270455410916,7.606406519064738e-05,0.001248125100875696,0.0005617936107004737
7168,1,0.987894547086516,0.9967618709071963,0.9991470296555429,0.9923282089968561,0.9935207883710295
7169,0,0.0004205033348548,0.0007294709825820407,3.238130764662175e-05,0.0005749871587184204,0.00022644232125071086
7170,0,0.0007089403522141,0.0010313928548878093,1.8222344734164025e-05,0.0008701666035509547,0.000363581348474132
7172,0,0.0026725508556468,0.0005771255102262946,0.0002052182124923098,0.0016248381829365474,0.001438884534069555
7173,0,0.0013232173136614,0.0018505784645723895,7.917112902732683e-05,0.0015868978891168948,0.0007011942213443634
7175,0,0.0051854203448506,0.0010092840240688802,0.00022553724014895876,0.0030973521844597403,0.0027054787924997792
7176,0,0.000495571733678,0.0006750438361612106,1.8222344734164025e-05,0.0005853077849196053,0.000256897039206082
7177,0,0.0003077282764509,0.0005699194108856092,1.8275023942121967e-05,0.0004388238436682546,0.000163001650196511
7178,0,0.0012482705454753,0.002243028237056342,0.00016895290029864956,0.0017456493912658211,0.0007086117228869748
7179,0,0.0005287513464257,0.000808691176980917,1.6185078846110246e-05,0.0006687212617033085,0.00027246821263590513
7180,0,0.0003029785713806,0.0005181003220611303,1.8275023942121967e-05,0.0004105394467208652,0.00016062679766136098
7181,0,0.0005297560968383,0.0006119165999731909,1.2936045315080813e-05,0.0005708363484057455,0.00027134607107669043
7182,0,0.0023843493480857,0.001387941934103348,0.001382920303131515,0.001886145641094524,0.0018836348256086074
7184,0,0.0011969259908301,0.0014115732959957513,0.00022627119683228336,0.0013042496434129257,0.0007115985938311917
7185,0,0.000366743710678,0.0008351246137386863,3.13028091425107e-05,0.0006009341622083431,0.00019902325991025534
7186,0,0.0003947621563065,0.0007869045963708367,3.238130764662175e-05,0.0005908333763386684,0.00021357173197656087
7190,0,0.0004413378819282,0.0006677701999988153,3.856185312176179e-05,0.0005545540409635076,0.00023994986752498088
7191,0,0.0026458356650722,0.0021263675431180454,0.00025803918724379035,0.0023861016040951227,0.0014519374261579951
7192,0,0.0005048316149643,0.0009420116167504352,6.885083466247135e-05,0.0007234216158573676,0.0002868412248133857
7193,0,0.0007233776404265,0.0008184204674799232,1.6537938475227652e-05,0.0007708990539532116,0.0003699577894508638
7194,0,0.0213593296822178,0.010474958807760113,0.0004031553873548059,0.015917144244988957,0.010881242534786303
7195,0,0.001186297502513,0.0020610181006224994,0.00014238759469364364,0.0016236578015677498,0.0006643425486033218
7197,0,0.0003625800752587,0.0008910623782379721,3.987099101952229e-05,0.000626821226748336,0.00020122553313911112
7200,0,0.0004135855876413,0.0009688947639131079,3.13028091425107e-05,0.000691240175777204,0.00022244419839190533
7202,0,0.0004547158031559,0.0014676384508137217,1.8275023942121967e-05,0.0009611771269848108,0.00023649541354901099
7204,0,0.0019137622891815,0.0021201390930637603,0.0008563032417910258,0.00201695069112263,0.001385032765486263
7205,0,0.0005029667304818,0.0008471763245627094,1.6185078846110246e-05,0.0006750715275222548,0.00025957590466395514
7206,0,0.0005526014533782,0.0008638876777505373,1.6185078846110246e-05,0.0007082445655643686,0.0002843932661121551
7208,0,0.0004097163294657,0.0009533093875168459,1.8275023942121967e-05,0.000681512858491273,0.000213995676703911
7209,0,0.0011184101138265,0.0009203094674387443,1.2936045315080813e-05,0.0010193597906326222,0.0005656730795707903
7211,0,0.002093090144455,0.0020933228233282423,0.0004192195393222562,0.0020932064838916214,0.0012561548418886283
7212,0,0.0012327047057045,0.002077453023907085,0.00026938934727709383,0.0016550788648057924,0.000751047026490797
7213,0,0.0018590211483997,0.0017793434080814446,0.0014898988636589201,0.0018191822782405724,0.00167446000602931
7214,0,0.0013028370176598,0.002109477921020524,9.031421264148349e-05,0.001706157469340162,0.0006965756151506417
7215,0,0.0003465119010432,0.001025070784784443,3.4644309578818603e-05,0.0006857913429138215,0.0001905781053110093
7216,0,0.000703349942152,0.0020572987311149515,4.791736570146086e-05,0.0013803243366334757,0.0003756336539267304
7217,0,0.000981564411914,0.0017867353858496272,0.000245030117869462,0.0013841498988818135,0.000613297264891731
7218,0,0.5041619491776024,0.0026357699353288925,0.00077165977446879,0.2533988595564656,0.2524668044760356
7219,0,0.0006629298472619,0.0020834964330269886,0.00014341518481548167,0.0013732131401444443,0.0004031725160386908
7220,0,0.0006866260264601,0.0009998680837530955,3.447212396843659e-05,0.0008432470551065978,0.0003605490752142683
7221,0,0.0007426908234415,0.0015768536036866688,0.0001301592902863048,0.0011597722135640845,0.0004364250568639024
7223,0,0.0067724346740189,0.008800340755936107,0.00024872062469563096,0.007786387714977503,0.0035105776493572654
7224,0,0.0037251592881846,0.003854572308125644,0.0012552902479537455,0.0037898657981551218,0.0024902247680691726
7225,0,0.000708593856736,0.0013787609008337057,1.6185078846110246e-05,0.001043677378784853,0.00036238946779105515
7226,0,0.0011814135342201,0.0024472503625467407,0.00020436162291188076,0.0018143319483834204,0.0006928875785659905
7227,0,0.0019943222985399,0.003166371939696063,0.00014515951953923724,0.0025803471191179813,0.0010697409090395687
7228,0,0.0037955512568886,0.0030349516090962996,0.0008014161358153845,0.00341525143299245,0.002298483696351992
7230,0,0.0007963860122174,0.0014633800845531063,4.0610138628419066e-05,0.0011298830483852532,0.0004184980754229095
7231,0,0.000569147299314,0.0014872712405677154,1.21139188570185e-05,0.0010282092699408576,0.00029063060908550924
7232,0,0.0006875330926194,0.0014076173773765752,1.9133219226061395e-05,0.0010475752349979877,0.00035333315592273073
7233,0,0.0007292155863642,0.001852041438984624,7.036978816581727e-05,0.001290628512674412,0.0003997926872650086
7235,0,0.0016007365227519,0.0023339665783738165,0.00040470389804316323,0.0019673515505628583,0.0010027202103975318
7236,0,0.0025633778232085,0.0035167810390197645,0.001260751218353262,0.0030400794311141325,0.0019120645207808809
7238,0,0.0005753805166494,0.0008780450408933467,1.2175749913611695e-05,0.0007267127787713734,0.00029377813328150586
7239,0,0.0005755997623737,0.0011354620087208715,7.975035047040105e-05,0.0008555308855472857,0.0003276750564220505
7240,0,0.000779235146203,0.001613778050848914,7.468850657390115e-05,0.001196506598525957,0.00042696182638845057
7241,0,0.0026869529755062,0.0022504732233004903,0.0011359372093862029,0.002468713099403345,0.0019114450924462014
7245,0,0.0012505262745087,0.0021244581811374983,4.478676837205011e-05,0.001687492227823099,0.000647656521440375
7247,0,0.0020907465448468,0.0035068230063257213,0.00022300970784111483,0.0027987847755862605,0.0011568781263439575
7248,0,0.0032171829861318,0.001200050874645172,0.0002932970785905353,0.002208616930388486,0.0017552400323611677
7249,0,0.0092760609618533,0.012303903877658723,0.0013801633818986483,0.010789982419756011,0.005328112171875974
7250,0,0.038323909991681,0.054781085141306515,0.03198514369627215,0.04655249756649375,0.035154526843976575
7251,0,0.0280874128405547,0.03367155882570999,0.02107576698685863,0.030879485833132346,0.024581589913706667
7252,0,0.021645358681923,0.02257598087485498,0.00514509695792126,0.02211066977838899,0.01339522781992213
7254,0,0.0910639971657853,0.05760763036054746,0.08579679932264064,0.07433581376316638,0.08843039824421298
7255,0,0.0587339947550219,0.03265424783664125,0.04539685874816562,0.04569412129583157,0.05206542675159376
7256,0,0.0977242093212666,0.33265336252120564,0.03518583256106689,0.21518878592123614,0.06645502094116675
7258,0,0.0004982151832668,0.00057771151502723,1.8222344734164025e-05,0.000537963349147015,0.000258218764000482
7260,0,0.0003702809132501,0.0008299566361920788,3.281815679420149e-05,0.0006001187747210894,0.00020154953502215075
7261,0,0.0190134652112856,0.007870364455906019,0.0001678967155426042,0.01344191483359581,0.009590680963414103
7262,0,0.0008531338347826,0.0009939305804490517,0.0002521705020045815,0.0009235322076158259,0.0005526521683935908
7263,0,0.0005953461332731,0.0006897050460257113,4.3436453145779996e-05,0.0006425255896494056,0.00031939129320944
7264,0,0.0016153720932696,0.0011958877718165613,0.00018177731076675138,0.0014056299325430808,0.0008985747020181758
7265,0,0.0003336179904008,0.0004833040354420211,2.444453447307212e-05,0.0004084610129214105,0.00017903126243693605
7266,0,0.0030767169823653,0.002179541064156493,0.0006714801546510483,0.0026281290232608966,0.0018740985685081742
7268,0,0.0007518666531582,0.0013997647909134829,0.00045839696557777206,0.0010758157220358414,0.000605131809367986
7269,0,0.0005195356975124,0.0007201363024097306,7.355147689065353e-05,0.0006198359999610653,0.00029654358720152674
7270,0,0.0003273900968506,0.0008918215680946388,3.281815679420149e-05,0.0006096058324726194,0.00018010412682240075
7272,0,0.0018747451854944,0.0009532806884728969,0.00029092176806280983,0.0014140129369836483,0.001082833476778605
7273,0,0.00638141952856,0.001682701024913646,0.00029092176806280983,0.004032060276736823,0.003336170648311405
7274,0,0.0004686196022792,0.0011762972167529459,3.13028091425107e-05,0.0008224584095160729,0.00024996120571085535
7275,0,0.0005277910530551,0.0007358903122526842,1.6185078846110246e-05,0.0006318406826538921,0.00027198806595060514
7276,0,0.0003399089693014,0.0005293740968159879,1.8275023942121967e-05,0.00043464153305869396,0.00017909199662176099
7277,0,0.0021988447167361,0.0027325202054217074,0.00018449562398077248,0.0024656824610789036,0.0011916701703584363
7278,0,0.0013127977778879,0.000916019189161434,3.467790436161797e-05,0.001114408483524667,0.000673737841124759
7279,0,0.0004959050975585,0.000754093942853215,3.655486728406945e-05,0.0006249995202058576,0.0002662299824212847
7280,0,0.0004697739735506,0.0013211033515994534,1.2936045315080813e-05,0.0008954386625750267,0.0002413550094328404
7281,1,0.9482276679191372,0.945161013600962,0.9964382546018922,0.9466943407600497,0.9723329612605147
7282,0,0.0008721861252557,0.0013698897491505233,5.7466697500947884e-05,0.0011210379372031116,0.00046482641137832393
7283,0,0.0005843190160098,0.0011577226086615126,4.712706692169245e-05,0.0008710208123356563,0.0003157230414657462
7285,0,0.003588905619386,0.0019036021672718185,0.0004101934187664767,0.0027462538933289093,0.0019995495190762384
7286,0,0.0078416070237201,0.00463424759111729,0.0008105246900535548,0.0062379273074186945,0.004326065856886827
7287,0,0.0003540484760616,0.0009573535286197483,3.13028091425107e-05,0.0006557010023406742,0.00019267564260205534
7288,0,0.0006417750196377,0.0012444162035800228,5.8455393074735984e-05,0.0009430956116088613,0.000350115206356218
7290,0,0.0009972881430557,0.002259494991737971,0.0002663246718895634,0.0016283915673968355,0.0006318064074726316
7292,0,0.0016687197879232,0.002356922421425878,0.0006497909111636848,0.002012821104674539,0.0011592553495434425
7294,0,0.0011414210556363,0.0016498482170524166,0.0007608166094224575,0.0013956346363443583,0.0009511188325293787
7295,0,0.000545463831415,0.000996975075565049,3.37514487454508e-05,0.0007712194534900245,0.0002896076400802254
7297,0,0.0006902194546771,0.001738712060837043,7.759236964744919e-05,0.0012144657577570716,0.00038390591216227456
7298,0,0.0006143471689318,0.0015771119198175118,1.6032836682564853e-05,0.001095729544374656,0.0003151900028071824
7299,0,0.0007112664500645,0.0015817502315276849,8.529771883497102e-05,0.0011465083407960924,0.00039828208444973553
7300,0,0.0007314435002049,0.0019130214209682203,1.9133219226061395e-05,0.0013222324605865602,0.0003752883597154807
7303,0,0.0011767575303446,0.0015101983960711114,1.9133219226061395e-05,0.0013434779632078555,0.0005979453747853306
7304,0,0.002321905041137,0.002343248687888106,0.0004848760666375479,0.002332576864512553,0.001403390553887274
7305,0,0.0012533349938255,0.0023494466864971853,7.566224999107647e-05,0.0018013908401613428,0.0006644986219082882
7306,0,0.0007366987937862,0.0012367612742253391,7.759236964744919e-05,0.0009867300340057695,0.0004071455817168246
7307,0,0.002151009684098,0.0026939698199916697,8.096102641042864e-05,0.002422489752044835,0.0011159853552542144
7308,0,0.001013345339367,0.0018715690613351386,0.0002566071793334971,0.0014424572003510694,0.0006349762593502485
7311,0,0.0005340935727397,0.0012219025850901822,6.17509354809444e-05,0.000877998078914941,0.0002979222541103222
7313,0,0.0015567758124852,0.003177821627006168,0.00015851373203593812,0.002367298719745684,0.000857644772260569
7315,0,0.0035544334913912,0.0036984851746873263,0.0004848760666375479,0.003626459333039263,0.002019654779014374
7316,0,0.0008556390326956,0.0038270871778514014,0.00039175955444407435,0.002341363105273501,0.0006236992935698372
7317,0,0.0008954256552084,0.002309541082330908,1.946018118461407e-05,0.0016024833687696542,0.00045744291819650707
7319,0,0.0005884364567679,0.0010566628665387723,1.9133219226061395e-05,0.0008225496616533362,0.0003037848379969807
7321,0,0.0009267912642797,0.0014287148141529993,0.0002566071793334971,0.0011777530392163497,0.0005916992218065985
7322,0,0.0024856683032881,0.005552308732471799,0.0011601176669938432,0.004018988517879949,0.0018228929851409714
7323,0,0.0006313870279641,0.0010860683256208997,6.315254348051204e-05,0.0008587276767924999,0.000347269785722306
7327,0,0.0025077814579986,0.004267416711444166,0.00012917241540852815,0.0033875990847213834,0.0013184769367035642
7328,0,0.0005737451200714,0.0012723938933631089,1.3296042733217399e-05,0.0009230695067172544,0.0002935205814023087
7330,0,0.0006388755189077,0.0010728465987077725,1.3296042733217399e-05,0.0008558610588077363,0.0003260857808204587
7331,0,0.0005763087528267,0.0012199489128196233,3.447212396843659e-05,0.0008981288328231617,0.0003053904383975683
7332,0,0.0010811691248188,0.002721835672421122,7.359158945065188e-05,0.001901502398619961,0.0005773803571347259
7333,0,0.0019311476247951,0.0014651925781241104,0.000394545330794791,0.0016981701014596052,0.0011628464777949455
7334,0,0.0050725929836642,0.0010039106066350259,0.0009160822043118511,0.0030382517951496133,0.0029943375939880256
7335,0,0.0250793894376372,0.04568305122184015,0.01440479860673331,0.03538122032973868,0.019742094022185255
7336,0,0.0400493290586516,0.044550298800969716,0.009643056630408786,0.04229981392981066,0.024846192844530192
7337,0,0.0143749645890984,0.01964309272156976,0.0036227917900418156,0.01700902865533408,0.008998878189570108
7338,0,0.037227050330887,0.045550184524518145,0.016386235642335868,0.04138861742770257,0.026806642986611437
7339,0,0.1061830683801771,0.1304311024960984,0.0251722272496389,0.11830708543813775,0.06567764781490801
7340,0,0.0005020033716427,0.0006843650396053231,5.8455393074735984e-05,0.0005931842056240116,0.000280229382358718
7342,0,0.0004604796340998,0.0009387795622056103,1.4126292055621439e-05,0.0006996295981527051,0.0002373029630777107
7343,0,0.0003557206070914,0.0008249452846143125,3.13028091425107e-05,0.0005903329458528563,0.00019351170811695534
7344,0,0.0003845693545477,0.00043056727893219204,1.879411934322107e-05,0.000407568316739946,0.00020168173694546052
7346,0,0.0040372113953452,0.003623134544612978,0.0003100899222052044,0.003830172969979089,0.002173650658775202
7349,0,0.000374359118745,0.0007792554149744975,3.13028091425107e-05,0.0005768072668597487,0.00020283096394375534
7350,0,0.000445665367946,0.0005437301034455612,1.2936045315080813e-05,0.0004946977356957807,0.0002293007066305404
7351,0,0.0004322534910973,0.0009215180113470619,3.13028091425107e-05,0.0006768857512221809,0.00023177815011990533
7353,0,0.0003262924248531,0.0004420541930524395,0.00010815735207792801,0.00038417330895276975,0.00021722488846551402
7354,0,0.0008320881975077,0.0009210553038623538,7.12802697270494e-05,0.000876571750685027,0.00045168423361737473
7355,0,0.0007033087144213,0.0010899803190996867,0.0002958966836361706,0.0008966445167604934,0.0004996026990287353
7356,0,0.0002653730161391,0.0004114252159552844,1.8275023942121967e-05,0.0003383991160471922,0.000141824020040611
7357,0,0.0028850220054342,0.0016324518413024975,0.001382920303131515,0.0022587369233683487,0.0021339711542828575
7358,0,0.0004556715596605,0.001255793244098373,1.2936045315080813e-05,0.0008557324018794365,0.0002343038024877904
7360,0,0.0002199037260285,0.0003561710033315866,1.8275023942121967e-05,0.0002880373646800433,0.00011908937498531098
7361,0,0.0004158730370679,0.0006172474845991408,1.2936045315080813e-05,0.0005165602608335204,0.0002144045411914904
7362,0,0.0005466280932086,0.0007332328091617603,1.6185078846110246e-05,0.0006399304511851801,0.0002814065860273551
7363,0,0.0003407145777345,0.0007577014778907558,3.13028091425107e-05,0.0005492080278126279,0.00018600869343850533
7364,0,0.0013058821708481,0.001600823766104514,0.0005808367556640781,0.001453352968476307,0.000943359463256089
7366,0,0.0009849450136111,0.0013548516526456324,0.000245030117869462,0.0011698983331283662,0.000614987565740281
7367,0,0.0004432773575553,0.0008769893520362747,1.2936045315080813e-05,0.0006601333547957874,0.0002281067014351904
7369,0,0.001034394649707,0.0012618860725484577,0.0007608166094224575,0.0011481403611277288,0.0008976056295647287
7370,0,0.0005522888482297,0.001440409005282195,3.13028091425107e-05,0.0009963489267559474,0.0002917958286861053
7371,0,0.0009863207754873,0.0009285132098938395,3.580122835868039e-05,0.0009574169926905697,0.0005110610019229901
7372,0,0.0004081823155949,0.0010155245118426443,3.13028091425107e-05,0.0007118534137187722,0.00021974256236870533
7373,0,0.0004930982019546,0.0007885232124362015,1.6185078846110246e-05,0.0006408107071954008,0.00025464164040035514
7374,0,0.0005471680832911,0.000762653612532651,1.6185078846110246e-05,0.0006549108479118756,0.00028167658106860514
7375,0,0.0021898464761505,0.002334061071991045,0.0001917514974294646,0.0022619537740707725,0.0011907989867899825
7376,0,0.0010542526138411,0.0008870955681603601,1.2936045315080813e-05,0.0009706740910007301,0.0005335943295780904
7377,0,0.0004960354205097,0.0008890222216997188,1.6185078846110246e-05,0.0006925288211047094,0.0002561102496779051
7378,0,0.002063822969667,0.003001702062732234,0.0007783145038477993,0.002532762516199617,0.0014210687367573996
7379,0,0.0011552837741877,0.002075539089917398,0.00016831987435351255,0.001615411432052549,0.0006618018242706063
7381,0,0.0012186559941294,0.0015858413389095015,0.00021219835748116113,0.0014022486665194508,0.0007154271758052805
7384,0,0.0011260841741959,0.001881220719285758,0.00016831987435351255,0.001503652446740829,0.0006472020242747063
7385,0,0.0006596589276102,0.001565752873410476,8.529771883497102e-05,0.001112705900510338,0.0003724783232225855
7386,0,0.0029793276708329,0.0018076058139719008,0.0013780638127568335,0.0023934667424024003,0.002178695741794867
7387,0,0.0005724869508498,0.0008561200132822552,1.589579352923994e-05,0.0007143034820660276,0.00029419137218952
7388,0,0.0013460092993213,0.0015685418074975358,0.00044789721985329,0.0014572755534094177,0.0008969532595872949
7390,0,0.0005273021410642,0.0015839416261608332,8.627362581631642e-05,0.0010556218836125166,0.0003067878834402582
7391,0,0.0005705774894054,0.0015739941856013663,6.17563480264286e-05,0.0010722858375033831,0.00031616691871591427
7393,0,0.0006492438944364,0.001011200921403619,1.9133219226061395e-05,0.0008302224079200095,0.0003341885568312307
7394,0,0.0006971025882491,0.0014274932437595795,6.17563480264286e-05,0.00106229791600434,0.0003794294681377643
7395,0,0.0006889066289741,0.001417193502020587,8.080282951861178e-05,0.0010530500654973435,0.0003848547292463559
7396,0,0.0005554075806036,0.0008435135858248055,1.4961546256563306e-05,0.0006994605832142027,0.00028518456343008163
7397,0,0.0004553775884773,0.0015703882428079574,6.434112741571516e-05,0.0010128829156426287,0.0002598593579465076
7398,0,0.0019441267780945,0.005097937509740582,0.0004070524790127223,0.003521032143917541,0.0011755896285536112
7399,0,0.0008132512296289,0.0013996225540874173,0.00010203545463716764,0.0011064368918581586,0.0004576433421330338
7400,0,0.0004404213573667,0.0012383037234849792,7.359158945065188e-05,0.0008393625404258397,0.0002570064734086759
7401,0,0.0009617210484178,0.0014436212587805792,0.00010989635429382658,0.0012026711535991896,0.0005358087013558133
7402,0,0.0016781852174039,0.0036301923635080895,0.0002546072885631173,0.002654188790455995,0.0009663962529835087
7403,0,0.0006134186632823,0.0017743300503263292,2.1358196765108328e-05,0.0011938743568043145,0.00031738843002370414
7404,0,0.0036939473862402,0.0023609563804939736,0.0004848760666375479,0.0030274518833670865,0.0020894117264388737
7405,0,0.0011033489410152,0.0014269766324331405,1.9133219226061395e-05,0.0012651627867241704,0.0005612410801206307
7406,0,0.0008521783561678,0.0010910634313219755,0.00014661868655957262,0.0009716208937448877,0.0004993985213636863
7408,0,0.0011223164248795,0.0018091988473034819,6.452930004906803e-05,0.001465757636091491,0.000593422862464284
7409,0,0.0029543123517759,0.0033325613647354744,0.001260751218353262,0.0031434368582556873,0.0021075317850645808
7410,0,0.001700338392677,0.0018773735488710143,7.424520634603381e-05,0.0017888559707740072,0.000887291799511517
7411,0,0.0024836024805594,0.0028983042466425124,0.0010484852157698517,0.002690953363600956,0.001766043848164626
7412,0,0.0013657030403059,0.0025636217767629425,0.0005648760412373984,0.0019646624085344214,0.0009652895407716492
7413,0,0.0010811727262679,0.0017193674013344059,0.00014548792617949743,0.001400270063801153,0.0006133303262236987
7414,0,0.0005002867620225,0.0011891242586552454,3.6351781011103546e-05,0.0008447055103388727,0.00026831927151680176
7415,0,0.0005510469438905,0.001060432970100124,6.969661861628379e-05,0.000805739956995312,0.0003103717812533919
7416,0,0.0008909829912567,0.0021127057643475318,8.169844957537922e-05,0.001501844377802116,0.00048634072041603963
7417,0,0.0005866502915912,0.0013310994385115251,3.6351781011103546e-05,0.0009588748650513625,0.0003115010363011518
7418,0,0.0006505613845771,0.0020119245221546715,1.1426296419097923e-05,0.0013312429533658856,0.000330993840498099
7420,0,0.0009713069355758,0.0022645907692261584,8.169844957537922e-05,0.0016179488524009791,0.0005265026925755896
7421,0,0.005666618632577,0.008462580745862154,0.00076667414676143,0.007064599689219577,0.0032166463896692154
7422,0,0.0143423324023325,0.008332150796501799,0.004972393496604985,0.01133724159941715,0.009657362949468742
7423,0,0.206147460522368,0.048864029870292,0.11573292274295295,0.12750574519632998,0.16094019163266046
7424,0,0.0641960674939395,0.042657388219419425,0.014374266271400364,0.05342672785667946,0.039285166882669934
7425,0,0.0865177897012882,0.03103871247042946,0.11321502923237015,0.05877825108585883,0.09986640946682918
7428,0,0.0002832389614592,0.0003651259515053562,1.7307733860198727e-05,0.0003241824564822781,0.00015027334765969937
7429,0,0.0004715775673111,0.0007258428038902378,0.00016292032687129353,0.0005987101856006689,0.00031724894709119676
7430,0,0.0004655328014224,0.00037528928774342946,1.6320884071543738e-05,0.0004204110445829147,0.00024092684274697187
7432,0,0.0094080324246896,0.0057099707379729605,0.0004481352495976272,0.00755900158133128,0.004928083837143614
7433,0,0.0004912089876448,0.0010013051312445518,1.6320884071543738e-05,0.0007462570594446759,0.00025376493585817185
7434,0,0.0005942337559246,0.0005942758854967921,0.00016292032687129353,0.000594254820710696,0.00037857704139794676
7436,0,0.0002760076289823,0.0003277541992298717,1.7307733860198727e-05,0.00030188091410608583,0.00014665768142124936
7438,0,0.0005111019321064,0.0006313343900630409,1.3150013155244592e-05,0.0005712181610847205,0.0002621259726308223
7439,0,0.0007077553710149,0.0006049063906398354,0.0001418210449533332,0.0006563308808273677,0.00042478820798411664
7440,0,0.0003964103222832,0.0008120106577066392,3.2067495453045544e-05,0.0006042104899949196,0.00021423890886812277
7441,0,0.0002795478094569,0.00042685451060373405,3.066740021945805e-05,0.00035320116003031705,0.00015510760483817903
7442,0,0.0020926707746288,0.001123664178045019,0.0003332975688088268,0.0016081674763369093,0.0012129841717188133
7444,0,0.0004654496711993,0.00043908205168745784,1.3150013155244592e-05,0.00045226586144337896,0.0002392998421772723
7446,0,0.0003531498930272,0.0006950256768453416,3.2067495453045544e-05,0.0005240877849362708,0.00019260869424012278
7447,0,0.0033267545540815,0.001720245816036167,0.00021315232489476542,0.0025235001850588334,0.0017699534394881328
7448,0,0.0012281005148155,0.0004789214305534725,2.814339063821958e-05,0.0008535109726844863,0.0006281219527268598
7449,0,0.0005651501931037,0.0006398925734177445,1.3150013155244592e-05,0.0006025213832607222,0.00028915010312947226
7450,0,0.0015272624717446,0.0012473666890038028,0.00014394970372650522,0.0013873145803742013,0.0008356060877355526
7451,0,0.0004515039596962,0.0007214911131989464,3.3619859803171204e-05,0.0005864975364475733,0.0002425619097496856
7452,0,0.0002963591269686,0.00042037138503273774,1.7307733860198727e-05,0.0003583652560006689,0.00015683343041439937
7453,0,0.0002343210378988,0.0003707575254327906,1.7307733860198727e-05,0.0003025392816657953,0.00012581438587949936
7454,0,0.0022196257803237,0.0014579420396521568,0.000801219804830561,0.0018387839099879284,0.0015104227925771304
7455,0,0.0009317673969084,0.0006697549030974152,1.7799354227768767e-05,0.0008007611500029075,0.0004747833755680844
7456,0,0.0004828129292613,0.0006818015692713165,3.9548379828053986e-05,0.0005823072492663082,0.000261180654544677
7457,0,0.0019443856456236,0.001556192696792221,0.000487471976517821,0.0017502891712079106,0.0012159288110707104
7458,0,0.0005087452230543,0.0005748585860510143,3.9548379828053986e-05,0.0005418019045526571,0.000274146801441177
7459,0,0.0007686110710003,0.0009478435289193784,1.3150013155244592e-05,0.0008582272999598392,0.0003908805420777723
7460,0,0.0003199850431607,0.0011107715306181048,2.953421641195072e-05,0.0007153782868894024,0.00017475962978632536
7461,0,0.0003390394200147,0.0010509238093006162,1.7307733860198727e-05,0.0006949816146576581,0.00017817357693744937
7462,0,0.0005964777007412,0.0007422708870784577,2.970012234378636e-05,0.0006693742939098289,0.0003130889115424932
7463,0,0.0003965912045792,0.0013462428919745924,1.7971814209771448e-05,0.0008714170482768961,0.00020728150939448574
7465,0,0.0005610071295569,0.0011476192599890152,2.2900261462402104e-05,0.0008543131947729576,0.0002919536955096511
7466,0,0.0012789260607602,0.001824769644649983,0.0001367600202355672,0.0015518478527050915,0.0007078430404978836
7467,0,0.000500138152384,0.0010365903930602371,0.00016292032687129353,0.0007683642727221185,0.0003315292396276467
7468,0,0.0005221943670897,0.0009476502695282076,1.3150013155244592e-05,0.0007349223183089538,0.0002676721901224723
7469,0,0.0004268765026122,0.0011008484602165018,8.170748962460317e-05,0.0007638624814143509,0.0002542919961184016
7470,0,0.000558682308975,0.0008257425329684562,5.519841644406382e-05,0.0006922124209717282,0.0003069403627095319
7472,0,0.0024683272032482,0.002236385054201929,0.0003939855450945421,0.0023523561287250644,0.0014311563741713712
7474,0,0.0133721997449374,0.006937700740622359,0.00079692840680963,0.010154950242779879,0.007084564075873515
7475,0,0.001337142177787,0.0018400343737202467,0.00016292032687129353,0.0015885882757536232,0.0007500312523291467
7476,0,0.0028739894420763,0.0013177324987045656,0.0009431071110032091,0.0020958609703904327,0.0019085482765397546
7477,0,0.0003248587434116,0.0007296680523020306,5.790931079258984e-05,0.0005272633978568152,0.0001913840271020949
7478,0,0.0006300389945779,0.001261935764900129,1.5545319612947783e-05,0.0009459873797390145,0.00032279215709542393
7482,0,0.0005874944079697,0.0010368113456733132,1.8618161100165987e-05,0.0008121528768215067,0.000303056284534933
7483,0,0.0008365055663472,0.001142645272196767,1.5545319612947783e-05,0.0009895754192719834,0.0004260254429800739
7484,0,0.0023515061386648,0.0021361560651042485,0.0024943186369842654,0.002243831101884524,0.0024229123878245326
7485,0,0.002530608679596,0.003146281429083575,0.00044536719414728956,0.002838445054339787,0.0014879879368716448
7486,0,0.0005999054785321,0.0010693304062087113,1.5545319612947783e-05,0.0008346179423704056,0.0003077253990725239
7487,0,0.0007784616518083,0.0010931044929871688,1.5545319612947783e-05,0.0009357830723977344,0.0003970034857106239
7488,0,0.0006603089082716,0.0007216304257065133,3.8527104350748636e-05,0.0006909696669890567,0.00034941800631117434
7489,0,0.0007167831625985,0.001157958940927228,1.5545319612947783e-05,0.000937371051762864,0.0003661642411057239
7491,0,0.0023508862614921,0.001551980362635586,0.00010587465115602435,0.001951433312063843,0.0012283804563240621
7494,0,0.0013402618045711,0.0025793247980837233,4.152264106051188e-05,0.0019597933013274114,0.000690892222815806
7495,0,0.0008942679184338,0.002091519093533192,0.00019286195721645837,0.001492893505983496,0.0005435649378251291
7500,0,0.0029248703992976,0.003897147638619968,0.0008842501299112563,0.003411009018958784,0.0019045602646044282
7501,0,0.0011997060728008,0.002684257781726398,0.00035242693215896523,0.001941981927263599,0.0007760665024798825
7502,0,0.0006288827050081,0.0017058762159364027,8.169844957537922e-05,0.0011673794604722513,0.0003552905772917396
7503,0,0.0005495466537804,0.0014185712692010176,3.702376032032681e-05,0.0009840589614907088,0.0002932852070503634
7504,0,0.0054130081824424,0.00297179157376854,0.001708037441859402,0.00419239987810547,0.003560522812150901
7505,0,0.0068557452288707,0.004277852686034002,0.0008049393311679096,0.005566798957452351,0.0038303422800193047
7506,0,0.0560736921968132,0.022066330767333556,0.045695590099590885,0.039070011482073376,0.05088464114820204
7508,0,0.0773149281641926,0.05537830276420069,0.03243676951377591,0.06634661546419665,0.05487584883898425
7510,1,0.9897580459020568,0.9941484081753063,0.9991459093200156,0.9919532270386815,0.9944519776110362
7511,1,0.0224938239154572,0.026936816161741595,0.014922250451448757,0.024715320038599397,0.01870803718345298
7512,0,0.0005537032450375,0.00037896220872559995,1.480525160228621e-05,0.0004663327268815499,0.0002842542483198931
7513,0,0.0003954025477505,0.000825565541891041,3.699014054165557e-05,0.0006104840448207705,0.00021619634414607778
7516,0,0.0051903540275182,0.0019506103305036843,0.001344038195374039,0.003570482179010942,0.0032671961114461197
7517,0,0.0053906823725933,0.001005373468240019,0.0010826565290892591,0.0031980279204166595,0.0032366694508412794
7519,0,0.0004357967608236,0.0004964569723301406,3.9548379828053986e-05,0.0004661268665768703,0.00023767257032582698
7520,0,0.0010043008146461,0.0006426530346365651,3.695192643180115e-05,0.0008234769246413325,0.0005206263705389506
7521,0,0.0002654089650441,0.000310454074922186,1.7307733860198727e-05,0.000287931519983143,0.00014135834945214936
7522,0,0.0004775061111348,0.0005444730259175327,3.9548379828053986e-05,0.0005109895685261664,0.000258527245481427
7523,0,0.0028835168315473,0.0016927785764449471,0.00019556200246195174,0.0022881477039961235,0.0015395394170046259
7524,0,0.0028556240930234,0.0013042441442409846,9.988527352215314e-05,0.002079934118632192,0.0014777546832727764
7525,0,0.0005831029827962,0.0007639321545520656,1.3150013155244592e-05,0.0006735175686741327,0.00029812649797572225
7526,0,0.0008487807731903,0.0013374818295096885,0.0002638017513140042,0.0010931313013499942,0.0005562912622521521
7530,0,0.000525157846304,0.0007436921782695487,1.3150013155244592e-05,0.0006344250122867743,0.0002691539297296223
7531,0,0.0004802051353416,0.0005111845305616358,1.3150013155244592e-05,0.0004956948329516179,0.0002466775742484223
7532,0,0.0025028005917261,0.0033940722261596315,0.00019556200246195174,0.0029484364089428657,0.0013491812970940259
7533,0,0.0002916897008953,0.0008804387506590718,3.2067495453045544e-05,0.0005860642257771859,0.00016187859817417278
7534,0,0.0004909010799133,0.0008225877137248665,1.6320884071543738e-05,0.0006567443968190832,0.0002536109819924219
7535,0,0.0012463309504752,0.0017166103812596427,0.00014003232619686276,0.0014814706658674215,0.0006931816383360313
7536,0,0.00049370624557,0.0005876032008913326,1.6320884071543738e-05,0.0005406547232306663,0.00025501356482077187
7537,1,0.8949397902950839,0.7038153036550173,0.989819244777962,0.7993775469750506,0.9423795175365229
7538,0,0.015697433335261,0.004092678620387499,0.0022338997031335663,0.009895055977824248,0.008965666519197283
7539,0,0.0005104215918064,0.0009440941081674494,1.6320884071543738e-05,0.0007272578499869247,0.0002633712379389719
7540,0,0.0003394943931145,0.0009717761465308165,1.7307733860198727e-05,0.0006556352698226583,0.00017840106348734937
7541,0,0.0005938026077116,0.0008122093245371186,1.3150013155244592e-05,0.0007030059661243593,0.00030347631043342225
7542,0,0.0005372625834641,0.0007878091600189704,1.3150013155244592e-05,0.0006625358717415352,0.0002752062983096723
7544,0,0.0017642400523586,0.0015269959576398474,0.00012899873571931808,0.0016456180049992236,0.000946619394038959
7545,0,0.0018874300852424,0.0009836499308020481,0.00032747443179842787,0.001435540008022224,0.001107452258520414
7546,0,0.0012196139075804,0.0019346448094888441,0.00013444675629729018,0.0015771293585346222,0.000677030331938845
7547,0,0.0005705968005134,0.0013041886582186842,1.6320884071543738e-05,0.0009373927293660421,0.00029345884229247185
7549,0,0.0004525045734685,0.001163056085176178,6.325938227493454e-05,0.000807780329322339,0.00025788197787171725
7551,0,0.0006251827026743,0.0006710565770498123,4.114172137193696e-05,0.0006481196398620561,0.0003331622120231185
7552,0,0.0005736943268184,0.0010937272510398327,1.8618161100165987e-05,0.0008337107889291164,0.00029615624395928295
7553,0,0.000378338440435,0.0012486831512692372,8.170748962460317e-05,0.0008135107958521185,0.00023002296502980157
7554,0,0.0006317281228296,0.0010490253006559024,6.797198935563182e-05,0.0008403767117427512,0.0003498500560926159
7555,0,0.0029091793809871,0.0029621121464448274,0.0005986676508196122,0.0029356457637159635,0.0017539235159033562
7556,0,0.0043890123378826,0.0035289267500442064,0.0012407794666890177,0.0039589695439634035,0.002814895902285809
7557,0,0.000690553512686,0.0009614569312056015,6.797198935563182e-05,0.0008260052219458008,0.0003792627510208159
7558,0,0.0019635791755982,0.0014259953202276183,0.0006795286761240223,0.001694787247912909,0.0013215539258611111
7559,0,0.001293861612691,0.0025254778663300723,0.00048692896670175675,0.0019096697395105363,0.0008903952896963784
7560,0,0.0033613291744585,0.0029026702625140947,0.0009705702983105666,0.0031319997184862973,0.002165949736384533
7561,0,0.0030224604107879,0.0031958282931115385,0.0005492802872836663,0.0031091443519497193,0.001785870349035783
7562,0,0.0016395397940217,0.002234252562190945,0.0006580173343595814,0.0019368961781063227,0.0011487785641906406
7563,0,0.0042397789591533,0.004141427123201333,0.00039703883424787955,0.004190603041177316,0.0023184088967005897
7564,0,0.000921194804956,0.0018419140402761072,0.00014595426880324798,0.0013815544226160536,0.000533574536879624
7566,0,0.0009070881691144,0.001281299926723483,6.304278410450982e-05,0.0010941940479189415,0.00048506547660945494
7568,0,0.0071762415539788,0.01599877310568404,0.00018964792810229354,0.01158750732983142,0.0036829447410405467
7569,0,0.0008101861356954,0.0022049835474372364,0.00017646651082497332,0.0015075848415663181,0.0004933263232601866
7570,1,0.9517001250128564,0.9045217112722083,0.9952961648241421,0.9281109181425323,0.9734981449184992
7571,0,0.0021098027780296,0.0017557190277026314,0.00024494809098363793,0.0019327609028661156,0.0011773754345066189
7572,0,0.0006833623912116,0.001807564620914663,8.565320685838452e-05,0.0012454635060631315,0.0003845077990349922
7573,0,0.0013288278690026,0.002217879242895671,0.0002803628096997167,0.0017733535559491353,0.0008045953393511584
7574,0,0.0006331124967246,0.0011827473250376232,1.5545319612947783e-05,0.0009079299108811116,0.0003243289081687739
7576,0,0.0010674086375284,0.0022741744672209853,0.00021979718450020725,0.0016707915523746927,0.0006436029110143037
7577,0,0.0005727020071427,0.00141835523400884,3.702376032032681e-05,0.0009955286205757699,0.0003048628837315134
7578,0,0.0008906132631986,0.001460775859753469,4.17637520005895e-05,0.0011756945614760346,0.00046618850759959477
7579,0,0.0037895738778329,0.003038820945421412,0.0018931059197588285,0.003414197411627156,0.002841339898795864
7580,0,0.0018537481267047,0.004026725864044012,9.905637716136354e-05,0.002940236995374356,0.0009764022519330317
7581,0,0.001270885547268,0.003411040183172521,0.00011345870663237064,0.0023409628652202607,0.0006921721269501853
7582,0,0.002562097934254,0.0024539024533138253,0.00030898527892713254,0.0025080001937839123,0.0014355416065905662
7583,0,0.0006133078131264,0.0014823794634638396,4.373750762534487e-05,0.0010478436382951198,0.0003285226603758724
7584,0,0.0007465396902758,0.0015927692539354204,0.00011504153234173234,0.0011696544721056103,0.00043079061130876615
7585,0,0.0008942486202763,0.0016817806634561929,9.322405411410937e-05,0.0012880146418662464,0.0004937363371952046
7586,0,0.0014535184737323,0.002103152551784571,0.0001163521366734835,0.0017783355127584353,0.0007849353052028917
7587,0,0.0008517750915623,0.0016032319508064816,9.322405411410937e-05,0.0012275035211843908,0.0004724995728382047
7589,0,0.0049202344612073,0.005338306123552228,0.0010216546731782882,0.005129270292379764,0.002970944567192794
7591,0,0.0016149374469129,0.003550757560757361,0.00011985988310749732,0.0025828475038351304,0.0008673986650101986
7592,1,0.4738443157343863,0.8353307951450601,0.1779653613537291,0.6545875554397232,0.3259048385440577
7595,0,0.0003814014743708,0.00038058483286658424,2.315070210005848e-05,0.00038099315361869214,0.00020227608823542923
7597,0,0.000520405904953,0.0007113527692068714,4.793934625772591e-05,0.0006158793370799357,0.00028417262560536294
7598,0,0.0008605368009597,0.0011675417540311477,6.478335360363157e-05,0.0010140392774954238,0.0004626600772816658
7599,0,0.0005063334964081,0.0008824032284539666,1.480525160228621e-05,0.0006943683624310333,0.0002605693740051931
7600,0,0.0006605374806808,0.0006453761321826435,0.00011928643445888445,0.0006529568064317217,0.0003899119575698422
7601,0,0.0005493836937674,0.0007413834889512532,6.861180792807791e-05,0.0006453835913593265,0.000308997750847739
7602,0,0.0120805630094286,0.007462313176777773,0.002355195317741469,0.009771438093103185,0.007217879163585034
7605,0,0.0008420404087108,0.00031029624060679073,2.315070210005848e-05,0.0005761683246587953,0.00043259555540542925
7606,0,0.0004772888120802,0.0006323172960662773,0.00017994999242973208,0.0005548030540732386,0.00032861940225496604
7607,0,0.0024580827374296,0.0016592999194053977,0.0003332975688088268,0.0020586913284174986,0.0013956901531192133
7609,0,0.000747043854072,0.0009415535820773675,0.00014595426880324798,0.0008442987180746838,0.000446499061437624
7610,0,0.0004002347377323,0.000979746765527169,3.699014054165557e-05,0.0006899907516297345,0.00021861243913697778
7611,0,0.0003625823143225,0.0010594616541402507,3.699014054165557e-05,0.0007110219842313754,0.00019978622743207778
7613,0,0.0007460165388076,0.0007657143586023015,0.0002371726778912154,0.0007558654487049508,0.0004915946083494077
7617,0,0.0004440282357591,0.0010209930090172503,3.699014054165557e-05,0.0007325106223881751,0.0002405091881503778
7618,0,0.0004266277673174,0.0007184453276006425,3.954078185838857e-05,0.0005725365474590213,0.0002330842745878943
7619,0,0.0022317836188959,0.001514725378066243,0.0003685113257960412,0.0018732544984810715,0.0013001474723459707
7620,0,0.0005102077783925,0.0008126844093944277,5.025105415919508e-05,0.0006614460938934639,0.00028022941627584756
7621,0,0.0002718261956151,0.0006707833738146818,2.315070210005848e-05,0.0004713047847148909,0.00014748844885757923
7622,0,0.0006331101498417,0.0012470616418759034,0.00011928643445888445,0.0009400858958588016,0.00037619829215029224
7623,0,0.0023220439525565,0.0009223144289235952,2.7913314108097095e-05,0.0016221791907400475,0.0011749786333322986
7624,0,0.0005840750694135,0.0009567629219096247,1.3150013155244592e-05,0.0007704189956615623,0.00029861254128437227
7626,0,0.0003807694649242,0.0009743028777547955,2.315070210005848e-05,0.0006775361713394978,0.00020196008351212923
7627,0,0.00215896553365,0.0016226649434710628,0.0003332975688088268,0.0018908152385605315,0.0012461315512294134
7628,0,0.0014465459010041,0.0013304422322423402,6.029020967412778e-05,0.00138849406662322,0.0007534180553391139
7629,0,0.0005891069408558,0.0009051147970189127,1.3150013155244592e-05,0.0007471108689373564,0.0003011284770055223
7630,0,0.0125309486911313,0.008306121047215516,0.0014505312795486257,0.010418534869173407,0.0069907399853399626
7631,0,0.0005406987757317,0.0013756525511463263,3.699014054165557e-05,0.0009581756634390131,0.00028884445813667775
7632,0,0.0014444457143604,0.0014128343178033635,0.0001375216325863301,0.0014286400160818816,0.0007909836734733651
7633,0,0.0007797969772987,0.0009270437351928456,0.00018815547970938784,0.0008534203562457728,0.0004839762285040439
7634,0,0.0007579379748514,0.0011759934509734135,1.3150013155244592e-05,0.0009669657129124068,0.00038554399400332227
7635,0,0.0003715244109815,0.0007589077410863951,3.2810627848560826e-05,0.0005652160760339476,0.00020216751941503041
7636,0,0.0006158277936462,0.0009621513710011279,6.797198935563182e-05,0.0007889895823236639,0.0003418998915009159
7637,0,0.0007172141652011,0.0014012075883139527,1.3150013155244592e-05,0.0010592108767575263,0.00036518208917817225
7638,0,0.0008147939652126,0.0016481669135180687,1.5545319612947783e-05,0.0012314804393653343,0.0004151696424127739
7639,0,0.0004391786453581,0.001050969623755259,0.00010928898273600575,0.0007450741345566795,0.0002742338140470529
7640,0,0.0006649103448048,0.0017619303496216902,0.00013538391891871663,0.0012134203472132451,0.0004001471318617583
7641,0,0.0005275598817831,0.0014180228325420417,6.63216232449093e-05,0.0009727913571625709,0.00029694075251400465
7642,0,0.0026500415061987,0.002812553376677073,0.0014799212976346829,0.0027312974414378864,0.0020649814019166914
7643,0,0.0004689061710749,0.000897114575247582,9.06732825588723e-05,0.000683010373161241,0.00027978972681688615
7644,0,0.0020262527967313,0.002940626753263266,0.0005953995706091733,0.002483439774997283,0.0013108261836702368
7645,0,0.0005353209822629,0.0008305008657145835,0.00016897992159192434,0.0006829109239887418,0.0003521504519274121
7648,0,0.0017967798398365,0.000934112712588275,6.257592995527212e-05,0.0013654462762123874,0.000929677884895886
7649,0,0.0010064371824649,0.0013283627589857842,0.00021296693614264364,0.001167399970725342,0.0006097020593037718
7650,0,0.0023837915847662,0.0012476531216444589,0.0009380144122004996,0.0018157223532053294,0.0016609029984833497
7651,0,0.0034871345042878,0.002556098111653356,0.000700560832435816,0.0030216163079705783,0.002093847668361808
7652,0,0.0020524170316906,0.0017345219393303522,0.00039273749284417464,0.001893469485510476,0.0012225772622673874
7653,0,0.0022911871706302,0.002010535017999352,0.0007609836633799779,0.002150861094314776,0.001526085417005089
7654,0,0.0009332266385116,0.0022373873654496566,5.741586279044404e-05,0.0015853070019806283,0.000495321250651022
7655,0,0.0006555363115676,0.0012625287251467078,3.872374660623559e-05,0.0009590325183571539,0.0003471300290869178
7656,0,0.0007577330639493,0.0014053187023900708,1.5545319612947783e-05,0.0010815258831696855,0.0003866391917811239
7657,0,0.0011282229075372,0.0020681085854082344,0.00040528467010230476,0.0015981657464727173,0.0007667537888197524
7659,0,0.002795379218126,0.003258333739124927,0.0014799212976346829,0.0030268564786254636,0.0021376502578803417
7660,0,0.0006522358771338,0.0012198609164940095,9.322405411410937e-05,0.0009360483968139047,0.0003727299656239547
7661,0,0.0041388807066718,0.003206876758103815,0.000906718785291503,0.0036728787323878076,0.0025227997459816515
7662,0,0.0009829444293882,0.001444617178780527,6.068340034397485e-05,0.0012137808040843636,0.0005218139148660875
7663,0,0.0015558038625862,0.0018047711035345446,8.615353737531009e-05,0.0016802874830603724,0.0008209786999807551
7665,0,0.0013400474422473,0.002304085889350428,0.00030498165318054385,0.001822066665798864,0.000822514547713922
7666,0,0.0007643798188088,0.0019643867848353124,6.068340034397485e-05,0.0013643833018220563,0.0004125316095763874
7668,0,0.001358383430428,0.0015913221114008552,6.068340034397485e-05,0.0014748527709144276,0.0007095334153859875
7669,0,0.0032739757866964,0.0014029159768330977,0.00011170616054326949,0.0023384458817647487,0.0016928409736198349
7670,1,0.7516945648266189,0.09447123037058983,0.9857039122715778,0.42308289759860435,0.8686992385490984
7671,0,0.0014852028874942,0.0020152636421077413,9.423916848819196e-05,0.0017502332648009706,0.000789721027991196
7672,0,0.0025501013710439,0.002744294641187963,0.00023514318885833077,0.0026471980061159315,0.0013926222799511153
7674,0,0.0023490722964992,0.002614663153422607,4.073525702702697e-05,0.0024818677249609034,0.0011949037767631134
7676,0,0.0328795004057229,0.051174369749926826,0.0544620780904071,0.04202693507782486,0.043670789248065
7678,0,0.1628483193897712,0.6937644523487088,0.08986314730241354,0.42830638586923997,0.12635573334609237
7679,0,0.0600050068009029,0.03350586590283007,0.02374020262933769,0.046755436351866485,0.0418726047151203
7680,0,0.0196737018270056,0.046018693217693134,0.01193241122419476,0.032846197522349366,0.01580305652560018
7681,0,0.0442438959023601,0.04471606410615317,0.028481312653605276,0.04447998000425664,0.036362604277982685
7682,0,0.0262155138223014,0.018364282245435414,0.009891380463277208,0.022289898033868407,0.018053447142789305
7683,0,0.021146473642598,0.011610921950598032,0.0079526874672135,0.016378697796598018,0.014549580554905751
7687,0,0.1240982522634608,0.08391984241879348,0.07062545950850951,0.10400904734112715,0.09736185588598516
7688,1,0.5996202277735658,0.6157965205087056,0.5482887337343163,0.6077083741411358,0.5739544807539411
7690,0,0.0011045435723119,0.001380955805660519,0.0005874397081586823,0.0012427496889862097,0.0008459916402352911
7691,0,0.0005351198361385,0.0005915448040877073,4.793934625772591e-05,0.0005633323201131037,0.000291529591198113
7692,0,0.0026319305669628,0.0006812711753205351,0.0003685113257960412,0.0016566008711416675,0.0015002209463794206
7693,0,0.0002852438067825,0.00030473886983263163,2.315070210005848e-05,0.0002949913383075658,0.00015419725444127923
7694,0,0.0008305473049902,0.0009657395043464578,0.00017741604255242047,0.0008981434046683289,0.0005039816737713103
7695,0,0.0003289209366327,0.0009615772929849456,3.699014054165557e-05,0.0006452491148088228,0.00018295553858717779
7697,0,0.0036056414738779,0.0031008518501397927,0.0016902331950462474,0.0033532466620088464,0.002647937334462074
7698,0,0.0010744383792206,0.0018890327825695796,0.00015837843789726224,0.00148173558089509,0.0006164084085589312
7699,0,0.0008663898769422,0.0015865496833650007,0.00013848034278099433,0.0012264697801536004,0.0005024351098615972
7700,0,0.0006620693794386,0.001151956810306593,7.693410202274522e-05,0.0009070130948725966,0.00036950174073067265
7701,0,0.0197526098457982,0.008312976908819214,0.0025906929748521347,0.014032793377308707,0.011171651410325167
7703,0,0.000581705130451,0.0008930086496717424,4.793934625772591e-05,0.0007373568900613712,0.00031482223835436297
7704,0,0.0003851569872839,0.0016853086273740207,0.0001479231077032735,0.0010352328073289603,0.00026654004749358676
7706,0,0.0030668216965657,0.0015009650807062415,0.0011141788499487984,0.002283893388635971,0.002090500273257249
7707,0,0.0005291048728766,0.0009958147919958773,1.3150013155244592e-05,0.0007624598324362387,0.00027112744301592225
7708,0,0.0006533936480321,0.0009393176613777915,0.00014595426880324798,0.0007963556547049457,0.000399673958417674
7709,0,0.0003878039897281,0.0011492325185246362,3.699014054165557e-05,0.0007685182541263681,0.0002123970651348778
7710,0,0.0011487809600555,0.0015779848578570562,0.00025423500853951795,0.001363382908956278,0.000701507984297509
7711,0,0.00163988269275,0.002863212540290844,0.0016902331950462474,0.002251547616520422,0.0016650579438981237
7712,0,0.0024873396852384,0.0024034499986039575,0.003615861161592096,0.0024453948419211786,0.003051600423415248
7713,0,0.000387177046615,0.0010238240327124864,2.315070210005848e-05,0.0007055005396637431,0.00020516387435752924
7714,0,0.0020000103202943,0.0024032166964444764,0.0001479231077032735,0.002201613508369388,0.0010739667139987867
7715,0,0.0004137614927625,0.0011972235370262888,3.699014054165557e-05,0.0008054925148943944,0.00022537581665207777
7716,0,0.0034345846035204,0.002498543051444991,0.0025826827900721164,0.0029665638274826954,0.003008633696796258
7717,0,0.0014243702092835,0.0014761101924317236,0.00011568946155645286,0.0014502402008576118,0.0007700298354199763
7718,0,0.0030085492095181,0.002937940748791951,0.0019179204085858896,0.0029732449791550256,0.0024632348090519946
7719,0,0.0011270771608428,0.0007972979457814333,9.574633466281374e-05,0.0009621875533121166,0.0006114117477528069
7722,0,0.0006000833073083,0.0014611973108490087,0.00023841235156477688,0.0010306403090786544,0.0004192478294365384
7723,0,0.0017588518380626,0.002531438461627615,0.0015829822915511154,0.0021451451498451075,0.0016709170648068579
7724,0,0.0004448661749714,0.0013913480874387474,1.8167339092651003e-05,0.0009181071312050736,0.0002315167570320255
7725,0,0.0006880621067551,0.0014429813684462697,0.0001360748508696267,0.0010655217376006848,0.0004120684788123634
7726,0,0.0017356100154983,0.0013732100310539985,0.0008879179449285369,0.0015544100232761492,0.0013117639802134183
7727,0,0.0009146044566569,0.0016540067878446263,0.00011455321731969306,0.0012843056222507632,0.0005145788369882965
7728,0,0.0006205994915293,0.0010640353130659057,4.793934625772591e-05,0.0008423174022976029,0.00033426941889351297
7729,0,0.0015425223435159,0.0013693861286513626,0.0004186828486180479,0.0014559542360836311,0.000980602596066974
7730,0,0.0045725533039477,0.0028205847406252696,0.001628042503602745,0.003696569022286485,0.0031002979037752228
7731,0,0.0007020706757995,0.0009371079932161336,9.802100133045463e-05,0.0008195893345078168,0.0004000458385649773
7733,0,0.0012252320033206,0.0016862723676277834,0.0003549911065890121,0.0014557521854741918,0.0007901115549548061
7735,0,0.0006902395596626,0.0012903877379718378,0.00019363430537745342,0.000990313648817219,0.0004419369325200267
7736,0,0.0016776202107999,0.0019690874854461967,0.0006771843622575695,0.0018233538481230484,0.0011774022865287347
7737,0,0.0057014327740642,0.0019694672683941766,0.000524799025386798,0.0038354500212291883,0.003113115899725499
7738,0,0.0017097871740662,0.0010517108090384213,0.00011446972216235516,0.0013807489915523105,0.0009121284481142776
7739,0,0.0075351643050611,0.004039079334914303,0.0004479659543351975,0.005787121819987702,0.003991565129698149
7740,0,0.0006660047364606,0.0013483851203804679,0.00014946012809560693,0.001007194928420534,0.00040773243227810345
7741,0,0.0005644751779238,0.0010459347770971476,9.322405411410937e-05,0.0008052049775104737,0.0003288496160189547
7742,0,0.0004382517235772,0.0014629477362286206,7.072327014916734e-05,0.0009505997299029104,0.0002544874968631837
7743,0,0.0039318451915837,0.0028046386268828953,0.0003296294888002151,0.0033682419092332977,0.0021307373401919577
7744,0,0.0064334638306702,0.0012969472714925148,0.000253848492072786,0.0038652055510813572,0.003343656161371493
7745,0,0.0051455972980637,0.005303223989838667,0.00130319745891639,0.005224410643951183,0.003224397378490045
7747,0,0.0016824040731355,0.0016695666587436375,6.175045379723598e-05,0.0016759853659395686,0.000872077263466368
7748,0,0.0042268852027722,0.0028383203071969346,0.0005310082561653201,0.003532602754984567,0.00237894672946876
7750,0,0.0006133234863275,0.00181517966587573,8.565320685838452e-05,0.0012142515761016152,0.0003494883465929423
7751,0,0.0021872452083157,0.0026928160198660613,0.00025637284066328344,0.0024400306140908807,0.0012218090244894917
7752,0,0.002191687684475,0.002123962742469638,0.00020678286509376661,0.002157825213472319,0.0011992352747843833
7753,0,0.0060717815469505,0.002075938507535372,0.0003778849560545253,0.004073860027242936,0.0032248332515025127
7757,1,0.9352232504031084,0.9669652166848228,0.9717835633177648,0.9510942335439656,0.9535034068604367
7758,0,0.0010682987801163,0.0012069158262908465,3.872374660623559e-05,0.0011376073032035733,0.0005535112633612678
7759,0,0.0015092205554441,0.0022026442778040095,8.565320685838452e-05,0.0018559324166240547,0.0007974368811512422
7760,1,0.9281796981851362,0.9719028977443471,0.9700174353407207,0.9500412979647417,0.9490985667629285
7761,0,0.0145567034447479,0.0035574693954050747,0.0010343732427366575,0.009057086420076488,0.007795538343742279
7763,0,0.0011686162761654,0.001460693647992681,0.0002026692824123109,0.0013146549620790405,0.0006856427792888554
7764,1,0.9465140922440736,0.9205705555868254,0.9961075920032595,0.9335423239154494,0.9713108421236665
7765,0,0.0009006923605438,0.0003624585398287252,2.315070210005848e-05,0.0006315754501862626,0.0004619215313219293
7766,0,0.0008054959816268,0.0011908909462393785,0.00017412593078461168,0.0009981934639330893,0.0004898109562057058
7767,0,0.0021177408983398,0.0007531887968722372,0.0002755273655159625,0.0014354648476060186,0.0011966341319278812
7769,0,0.0013192203585788,0.0016912097423738214,0.00013444675629729018,0.0015052150504763107,0.000726833557438045
7770,0,0.0002719381382351,0.0003163171212039919,1.7307733860198727e-05,0.00029412762971954597,0.00014462293604764937
7771,0,0.0002852613040141,0.00035257686986273117,2.953421641195072e-05,0.0003189190869384156,0.00015739776021302535
7772,0,0.0014149212941457,0.0005991512207465993,5.680161210837776e-05,0.0010070362574461497,0.0007358614531270389
7773,0,0.0004320399950693,0.0005183716312250134,4.658164069197237e-05,0.00047520581314715673,0.0002393108178806362
7775,0,0.0002513631076011,0.00035493275624025826,1.7307733860198727e-05,0.0003031479319206791,0.00013433542073064937
7778,0,0.0013563507313418,0.001409319010810828,0.00026400319304609225,0.0013828348710763138,0.0008101769621939461
7780,0,0.0007680181690474,0.000549128217299815,0.00011928643445888445,0.0006585731931736075,0.0004436523017531422
7781,0,0.0006790975915741,0.0016412697851073501,0.00013444675629729018,0.001160183688340725,0.00040677217393569507
7782,0,0.0003186773073663,0.00037118463698894725,2.315070210005848e-05,0.00034493097217762363,0.00017091400473317925
7783,0,0.000583649533567,0.0006952500459688086,4.459801222492152e-05,0.0006394497897679043,0.0003141237728959608
7784,0,0.0009916953580359,0.0006982211129322021,0.0008627914628714928,0.0008449582354840511,0.0009272434104536964
7785,0,0.0086725277355529,0.0056524463029046,0.0002018405375436512,0.007162487019228749,0.0044371841365482756
7787,0,0.000735090606814,0.001234065144476776,6.052186209463822e-05,0.000984577875645388,0.0003978062344543191
7788,0,0.0014526652330259,0.001530148273425362,0.00011568946155645286,0.001491406753225631,0.0007841773472911763
7789,0,0.0002544779586911,0.0006302937982676365,1.7307733860198727e-05,0.00044238587847936824,0.00013589284627564936
7790,0,0.0004727813754511,0.0010037648427938975,3.2067495453045544e-05,0.0007382731091224987,0.00025242443545207274
7791,0,0.0006262690729708,0.0008370862431763624,1.3150013155244592e-05,0.0007316776580735812,0.0003197095430630223
7792,0,0.0042329418267244,0.001291784478317107,0.0006803002389320122,0.0027623631525207537,0.0024566210328282063
7796,0,0.000544807105683,0.0005302158879151147,1.6320884071543738e-05,0.0005375114967990574,0.0002805639948772719
7797,0,0.0005162876486732,0.0016149715541136237,0.00011562459910843417,0.0010656296013934119,0.0003159561238908171
7798,0,0.0005619251905202,0.0007675476154250594,1.3150013155244592e-05,0.0006647364029726296,0.00028753760183772227
7800,0,0.005746133747816,0.0012055178989615544,0.0003332975688088268,0.003475825823388777,0.0030397156583124134
7801,0,0.0005260350585749,0.0007092512563246093,1.3150013155244592e-05,0.0006176431574497546,0.0002695925358650723
7802,0,0.001127754720227,0.0017731197586283816,0.0003469793929523937,0.0014504372394276907,0.0007373670565896967
7803,0,0.0028355587469678,0.0037636503648101833,2.771488566456746e-05,0.0032996045558889913,0.0014316368163161837
7804,0,0.0003404662285404,0.0007393656299598034,3.2810627848560826e-05,0.0005399159292501017,0.00018663842819448043
7805,0,0.0005239993126696,0.0011213397468922866,4.038909313263358e-05,0.0008226695297809433,0.0002821942029011168
7808,0,0.0006821866883456,0.001563621061022101,4.8228053389031063e-05,0.0011229038746838505,0.0003652073708673155
7809,0,0.0003238507503801,0.0011698067767330267,8.170748962460317e-05,0.0007468287635565633,0.00020277912000235158
7810,0,0.0005631022938792,0.0005952442618034122,1.8618161100165987e-05,0.000579173277841306,0.00029086022748968295
7812,0,0.0005523495457211,0.0009550122109505871,1.8618161100165987e-05,0.0007536808783358436,0.00028548385341063296
7813,0,0.000384279763904,0.0011121175435086143,8.170748962460317e-05,0.0007481986537063072,0.0002329936267643016
7816,0,0.001802110132927,0.0005857348258611766,3.2377027342962264e-05,0.0011939224793940883,0.0009172435801349811
7818,0,0.0006757389359032,0.0012335094130137014,0.0001418210449533332,0.0009546241744584508,0.0004087799904282666
7819,0,0.0033622634471857,0.0026214416646052462,6.304278410450982e-05,0.002991852555895473,0.0017126531156451048
7820,0,0.0023725089537514,0.0014982977792142602,0.0004011711331634599,0.0019354033664828302,0.00138684004345743
7822,0,0.0007882681971108,0.001912135593995966,0.00034414775305536833,0.001350201895553383,0.0005662079750830841
7823,0,0.0013080416580133,0.0018958611665119505,6.391057263221991e-05,0.0016019514122626252,0.00068597611532276
7824,0,0.0009597697537579,0.0026890288397960604,1.5545319612947783e-05,0.0018243992967769801,0.0004876575366854239
7825,0,0.0004760328364955,0.0010435845032266196,6.969661861628379e-05,0.0007598086698610598,0.0002728647275558919
7826,0,0.0004030297153481,0.0010389248187715984,3.6351781011103546e-05,0.0007209772670598492,0.00021969074817960177
7828,0,0.0008084803039995,0.001598634359605661,2.1119062820977714e-05,0.0012035573318025805,0.00041479968341023887
7829,0,0.0011388074250707,0.0010719642794552273,3.6351781011103546e-05,0.0011053858522629637,0.0005875796030409017
7831,0,0.0005027363212623,0.001183840291099931,3.6351781011103546e-05,0.0008432883061811156,0.0002695440511367018
7833,0,0.0005489760510029,0.0015858779771948282,8.169844957537922e-05,0.0010674270140988641,0.0003153372502891396
7834,0,0.000665699627708,0.0013013377166827336,0.000101655354139833,0.0009835186721953667,0.0003836774909239165
7835,0,0.0008475693986041,0.001610344327640097,6.068340034397485e-05,0.0012289568631220985,0.0004541263994740374
7836,0,0.0008907397040129,0.0011684343754223936,0.000101655354139833,0.001029587039717647,0.0004961975290763666
7837,0,0.0006405907461816,0.001514518780180862,8.169844957537922e-05,0.001077554763181231,0.00036114459787848965
7838,0,0.0013769660390631,0.001806593098019348,7.237066233446273e-05,0.001591779568541224,0.0007246683506987814
7840,0,0.0104742078668024,0.004484164115540914,0.000391355330077423,0.007479185991171657,0.005432781598439912
7841,0,0.0025137417427905,0.0018115022762493743,6.068340034397485e-05,0.0021626220095199373,0.0012872125715672374
7842,0,0.0065636004358259,0.008216621560937776,0.0014659115288351515,0.007390110998381837,0.004014755982330526
7843,0,0.0097788444072867,0.010235722444245842,0.004149169457904887,0.010007283425766272,0.006964006932595793
7844,0,0.0403154299885968,0.03433039938941042,0.013541695504877634,0.03732291468900361,0.026928562746737217
7846,0,0.0783555762254952,0.05079073908719713,0.03966255497498838,0.06457315765634616,0.059009065600241786
7847,0,0.0167488024719106,0.01771216449450455,0.0032037467822849954,0.017230483483207576,0.009976274627097798
7848,0,0.1985528127526217,0.20689209348154627,0.046396482271732875,0.20272245311708398,0.12247464751217729
7849,0,0.0499184248634658,0.028695055018071253,0.019782380223635425,0.039306739940768526,0.03485040254355061
7850,1,0.0478742616836378,0.015541927743581272,0.037043993870171946,0.03170809471360954,0.04245912777690487
7851,0,0.0005198585134556,0.0005051007638818106,4.658164069197237e-05,0.0005124796386687053,0.0002832200770737862
7852,0,0.0072001062797044,0.0009149219973968763,0.000375235785593945,0.004057514138550638,0.0037876710326491723
7853,0,0.0006170397116016,0.0004579756577473155,1.480525160228621e-05,0.0005375076846744578,0.0003159224816019431
7854,0,0.0033256084131905,0.0009574348100492293,0.0010826565290892591,0.0021415216116198645,0.0022041324711398794
7855,0,0.000693910373446,0.000492796461365722,4.114172137193696e-05,0.000593353417405861,0.0003675260474089685
7857,0,0.0014270553837282,0.00125957808646254,0.0002196924235771994,0.00134331673509537,0.0008233739036526997
7858,0,0.0006126587099373,0.001083784379771797,9.634690419499006e-05,0.0008482215448545485,0.000354502807066145
7860,0,0.0029328235599857,0.0005269498018717844,0.00019423367857111592,0.0017298866809287421,0.0015635286192784079
7861,0,0.0014808660904585,0.0011911354185355847,0.0005210767808590516,0.0013360007544970425,0.0010009714356587758
7862,0,0.0003335072614144,0.00033195492297838055,2.315070210005848e-05,0.00033273109219639023,0.00017832898175722923
7863,0,0.0014930005214614,0.0004171725161227467,0.00013786781519625218,0.0009550865187920734,0.0008154341683288261
7864,0,0.0013688659682792,0.0007891439442627142,0.00011218160350741558,0.0010790049562709571,0.0007405237858933078
7867,0,0.0010927632307093,0.0004127603017938418,9.583917474590807e-05,0.0007527617662515709,0.000594301202727604
7869,0,0.0012185093012337,0.0006607360640878166,1.1906096375047981e-05,0.0009396226826607584,0.0006152076988043741
7870,0,0.0007917412611499,0.0006272360082712876,0.00011455321731969306,0.0007094886347105939,0.0004531472392347965
7871,0,0.0021359636371992,0.0009316302217206782,0.0003685113257960412,0.0015337969294599392,0.0012522374814976206
7872,0,0.0025037332545,0.0020287103728860558,0.0010911327091988686,0.0022662218136930276,0.001797432981849434
7873,0,0.0004065851524319,0.0005090334873129782,4.793934625772591e-05,0.0004578093198724391,0.00022726224934481297
7874,0,0.0004222209695144,0.0005998018250286728,4.793934625772591e-05,0.0005110113972715364,0.00023508015788606295
7877,0,0.0030415175588597,0.0009813080548336528,0.00030177864538500417,0.0020114128068466765,0.001671648102122352
7878,0,0.0006068520946544,0.0011449361986418396,8.905949805463824e-05,0.0008758941466481198,0.00034795579635451916
7879,0,0.0016280828770262,0.0017149183404169047,0.0005989875622428348,0.0016715006087215524,0.0011135352196345173
7880,0,0.0004750633897305,0.000829724238584204,4.793934625772591e-05,0.000652393814157352,0.00026150136799411297
7882,0,0.0009123302250606,0.00041428270516925413,9.723561469059686e-06,0.000663306465114927,0.00046102689326482985
7883,0,0.001513251538002,0.00041682276205350186,4.6616558373768286e-05,0.0009650371500277508,0.000779934048187884
7884,0,0.0004238701105486,0.000662587736823982,4.0782308679034593e-05,0.0005432289236862911,0.0002323262096138173
7886,0,0.0002700497110184,0.0009432102523535588,2.151290754996051e-05,0.0006066299816859794,0.00014578130928418024
7887,0,0.005517984107332,0.001285980571565002,4.6616558373768286e-05,0.003401982339448501,0.0027823003328528843
7888,0,0.0004039132078041,0.0006164571062494371,5.680725914457879e-05,0.0005101851570267686,0.0002303602334743394
7889,0,0.0004500051160936,0.0007165059822842755,4.793934625772591e-05,0.0005832555491889378,0.00024897223117566295
7890,0,0.1135210034699656,0.41358171884003786,0.0006906713444942668,0.2635513611550017,0.05710583740722994
7892,0,0.000265516525352,0.0008310877312381757,5.4761128544346066e-05,0.0005483021282950878,0.00016013882694817304
7893,0,0.0010253566073277,0.0009716105557015567,5.064649391820581e-05,0.0009984835815146282,0.0005380015506229528
7895,0,0.0002376604155955,0.0007715777681080938,3.0570007852925816e-05,0.0005046190918517969,0.0001341152117242129
7896,0,0.0006990236107649,0.0013339763265941282,2.6147985547266242e-05,0.0010164999686795141,0.0003625857981560831
7898,0,0.0006024201884527,0.0009278712101062544,1.14947387026432e-05,0.0007651456992794772,0.0003069574635776716
7899,0,0.0004834249601881,0.00073572791784166,0.00016148673102965504,0.00060957643901488,0.00032245584560887755
7900,0,0.0020664242414681,0.0014451902947791914,0.0003567295948534014,0.0017558072681236458,0.0012115769181607508
7901,0,0.0004869554403328,0.0006046010350905515,5.762731573839836e-05,0.0005457782377116758,0.0002722913780355992
7902,0,0.0018733848697535,0.0017465836606107928,0.00024570681794171853,0.0018099842651821464,0.0010595458438476093
7903,0,0.0005247712074805,0.0010390092178797698,9.15002932155533e-05,0.0007818902126801349,0.0003081357503480266
7904,0,0.0010826370521606,0.001690433561875695,0.00026291101931008235,0.0013865353070181474,0.0006727740357353412
7905,0,0.0006293979569007,0.0005443021941367809,4.6616558373768286e-05,0.0005868500755187404,0.00033800725763723417
7906,0,0.0004267357631869,0.0005069282504338681,1.14947387026432e-05,0.00046683200681038405,0.0002191152509447716
7907,0,0.0023718926718228,0.0012091185356668673,0.0008706280679464439,0.0017905056037448336,0.0016212603698846219
7909,0,0.0023834981272646,0.0029799402653838372,0.0009494448653143838,0.0026817191963242185,0.0016664714962894918
7910,0,0.0005792919038671,0.0008200066031809431,4.743019389691616e-05,0.0006996492535240215,0.0003133610488820081
7911,0,0.0009082368873232,0.0007133194406088033,5.707956311394861e-05,0.0008107781639660016,0.0004826582252185743
7913,0,0.0002718357246473,0.0012118231899091447,7.072327014916734e-05,0.0007418294572782224,0.00017127949739823367
7914,0,0.0013915064333977,0.0015982656198507616,0.00012382474462707742,0.0014948860266242308,0.0007576655890123887
7915,0,0.0004836950280204,0.0011992026418999394,4.5183782691932036e-05,0.0008414488349601696,0.000264439405356166
7916,0,0.0006870613495974,0.000878010160734687,4.645696279282773e-05,0.0007825357551660434,0.00036675915619511384
7917,0,0.0003414306112544,0.0012537564089502228,7.072327014916734e-05,0.0007975935101023114,0.00020607694070178366
7918,0,0.0006087676234211,0.0012781452189062036,7.018457913923817e-05,0.0009434564211636518,0.00033947610128016905
7919,0,0.0005924367555603,0.0012539765860689978,8.662935539642876e-05,0.0009232066708146488,0.00033953305547836435
7920,0,0.0008279934852058,0.0016703034758944238,4.743019389691616e-05,0.001249148480550112,0.0004377118395513581
7921,0,0.0017605051102519,0.0028526051578606384,0.0007331766882631638,0.002306555134056269,0.0012468408992575319
7923,0,0.0012953917101064,0.0012177619632420507,8.662935539642876e-05,0.0012565768366742253,0.0006910105327514144
7924,0,0.0009193837441968,0.0014887332033556274,5.595526821975897e-05,0.0012040584737762136,0.0004876695062082795
7925,0,0.0011233750228353,0.0016644011523832812,9.15002932155533e-05,0.0013938880876092907,0.0006074376580254267
7926,0,0.0032839772351658,0.0021742588785514023,0.0017530568141161556,0.002729118056858601,0.0025185170246409777
7928,0,0.0007719840277449,0.0014955252496068453,0.00012322191260792488,0.0011337546386758727,0.0004476029701764124
7929,0,0.0026218579315069,0.002162210262416571,6.068340034397485e-05,0.0023920340969617354,0.0013412706659254373
7930,0,0.0063573505451148,0.003644631983677537,0.0010343732427366575,0.005000991264396169,0.0036958618939257285
7931,0,0.0219870631355805,0.016497480834580355,0.02761034942819913,0.019242271985080425,0.024798706281889814
7933,0,0.0363949579788019,0.06431783498615641,0.010799306506352304,0.05035639648247915,0.0235971322425771
7934,0,0.1539683767011534,0.07521179634290778,0.2094910065048143,0.1145900865220306,0.18172969160298386
7935,0,0.0377762307103111,0.05253045620749515,0.023908505817022092,0.04515334345890312,0.030842368263666597
7937,0,0.031798644805003,0.036042605600819184,0.01802899682870635,0.033920625202911094,0.024913820816854677
7938,0,0.0814636696646733,0.09781339209868026,0.04127865009504723,0.08963853088167678,0.06137115987986026
7939,0,0.0385330237228135,0.048586477062827316,0.012762040134821328,0.04355975039282041,0.025647531928817417
7940,0,0.0198364989090494,0.022037704462483636,0.005554640496370853,0.02093710168576652,0.012695569702710126
7941,0,0.0005278696924041,0.0008025140951000516,7.850335714523867e-05,0.0006651918937520758,0.00030318652477466935
7942,0,0.000576277284049,0.0009744888591048917,7.850335714523867e-05,0.0007753830715769459,0.0003273903205971193
7943,0,0.0005026351471683,0.0003197783799885831,4.693496788001444e-05,0.00041120676357844153,0.0002747850575241572
7944,0,0.000358723437774,0.0004339985706222851,4.927430778137391e-05,0.00039636100419814256,0.00020399887277768698
7945,0,0.0009775351334947,0.001387616818774662,0.0003042868360442501,0.0011825759761346808,0.000640910984769475
7946,0,0.0005294838688221,0.000548146475926346,7.850335714523867e-05,0.000538815172374223,0.0003039936129836693
7947,0,0.0003522055248299,0.0010368408379182893,3.699014054165557e-05,0.0006945231813740946,0.00019459783268577777
7948,0,0.000802361591448,0.0014473971350819845,1.512802932890587e-05,0.0011248793632649922,0.0004087448103884529
7949,0,0.0003109259803753,0.00036672241599542446,2.151290754996051e-05,0.00033882419818536227,0.00016621944396263028
7951,0,0.0004944844188971,0.0008585197514893166,4.793934625772591e-05,0.0006765020851932082,0.00027121188257741294
7953,0,0.0003248567415762,0.0009130455929145254,3.699014054165557e-05,0.0006189511672453627,0.00018092344105892779
7954,0,0.0005161119231505,0.0008660970472536816,1.1906096375047981e-05,0.0006911044852020909,0.00026400900976277403
7955,0,0.000312504013636,0.0004481091930970299,1.742891529786407e-05,0.0003803066033665149,0.00016496646446693204
7958,0,0.0009953749468711,0.0010065197459364441,7.987355760544318e-05,0.001000947346403772,0.0005376242522382716
7961,0,0.0004564674650005,0.0007692289709407072,1.1906096375047981e-05,0.0006128482179706036,0.000234186780687774
7962,0,0.0030610573067819,0.0020600016356658707,0.0011100066889105128,0.002560529471223885,0.0020855319978462065
7964,0,0.0005333951643214,0.0010999596593107988,5.064898272908805e-05,0.0008166774118160995,0.000292022073525244
7965,0,0.001056228836996,0.0015521619905140495,0.00024949393176902646,0.0013041954137550248,0.0006528613843825133
7966,0,0.000194768040766,0.0005958491468665132,2.1679719253659903e-05,0.0003953085938162566,0.00010822388000982995
7967,0,0.0004862658775605,0.0007526153464338281,1.1906096375047981e-05,0.0006194406119971641,0.000249085986967774
7968,0,0.0005444234281197,0.0007429680355883205,1.1906096375047981e-05,0.0006436957318540102,0.000278164762247374
7969,0,0.0006116797133521,0.0005313295958206288,7.533331616225331e-05,0.0005715046545863644,0.00034350651475717665
7970,0,0.0003290472669269,0.0010934308824142656,3.992032508138608e-05,0.0007112390746705829,0.00018448379600414307
7973,0,0.0017709622472253,0.0018923907875310138,0.0008619428249515311,0.0018316765173781568,0.0013164525360884155
7974,0,0.000513656885118,0.0006920165071214771,1.1906096375047981e-05,0.0006028366961197385,0.000262781490746524
7975,0,0.0009024117218677,0.0009732653178373338,1.742891529786407e-05,0.0009378385198525169,0.00045992031858278206
7977,0,0.0020027211798512,0.0011842433511935326,0.000871050284747569,0.0015934822655223665,0.0014368857322993845
7979,0,0.0009878083176407,0.0010717622758508174,6.882424044577571e-05,0.0010297852967457587,0.0005283162790432379
7980,0,0.0004240866784358,0.0008724412149952217,4.693496788001444e-05,0.0006482639467155108,0.0002355108231579072
7981,0,0.0004897987667233,0.0011921493918632224,3.0522469161681506e-05,0.0008409740792932612,0.00026016061794249075
7982,0,0.0009410293607727,0.000713562461374715,8.604866677646188e-05,0.0008272959110737075,0.000513539013774581
7983,0,0.0004858527225672,0.000847411024071138,1.4074823594851138e-05,0.000666631873319169,0.0002499637730810256
7985,0,0.000538506062489,0.0007349238215778497,1.1906096375047981e-05,0.0006367149420334248,0.000275206079432024
7986,0,0.0005286167443612,0.0007835400191858447,6.995311142935035e-05,0.0006560783817735223,0.0002992849278952752
7987,0,0.0003051888273808,0.000961612228485479,8.227953383417922e-05,0.0006334005279331396,0.00019373418060748962
7988,0,0.0005144031371312,0.00112978291337314,1.4074823594851138e-05,0.00082209302525217,0.0002642389803630256
7990,0,0.0009156435607511,0.0007456833241501569,0.00024164329620744162,0.0008306634424506285,0.0005786434284792708
7991,0,0.0003584935346232,0.0012006982564958656,8.670090624369824e-05,0.0007795958955595328,0.00022259722043344913
7992,0,0.0002464094544133,0.0008502436942784869,3.4610292512780676e-05,0.0005483265743458935,0.00014050987346304035
7993,0,0.0009280457427126,0.0008960205957904081,0.00021474203631269802,0.0009120331692515041,0.000571393889512649
7994,0,0.0002349207110196,0.0009500002324476839,4.2767902087851214e-05,0.000592460471733642,0.0001388443065537256
7995,0,0.0004193498194638,0.0013271914469193183,0.00011542699340848044,0.0008732706331915592,0.0002673884064361402
7996,0,0.0006686630261485,0.0009130798330878064,7.106593559385735e-05,0.0007908714296181532,0.00036986448087117867
7998,1,0.9436831998439472,0.9462676751056348,0.9877940030357332,0.944975437474791,0.9657386014398401
7999,0,0.0023673699920661,0.003189665221896862,0.0003567295948534014,0.002778517606981481,0.0013620497934597508
8000,0,0.0006447752152373,0.0008833768253875366,5.7777897286084815e-05,0.0007640760203124182,0.0003512765562616924
8001,0,0.0006803635693627,0.0015533316728962693,8.573674412546582e-05,0.0011168476211294847,0.0003830501567440829
8002,0,0.0043467631764981,0.0020601414337947984,0.0014848914109981434,0.003203452305146449,0.0029158272937481215
8004,0,0.2418648414136244,0.5860157037653219,0.0007860123209499884,0.41394027258947313,0.1213254268672872
8005,0,0.000311622108382,0.0014372193982904841,7.30501607756082e-05,0.000874420753336242,0.00019233613457880408
8006,0,0.000542280641832,0.0011161777664468434,8.662935539642876e-05,0.0008292292041394216,0.00031445499861421436
8007,0,0.0007736591300752,0.0016970488787975847,5.494334135188661e-05,0.0012353540044363924,0.0004143012357135433
8008,0,0.002257692038994,0.0020016844190287285,0.0005258766226167643,0.002129688229011364,0.001391784330805382
8010,0,0.002139467618782,0.002352900062451111,0.00025020028110620435,0.0022461838406165552,0.001194833949944102
8011,0,0.0524169587834325,0.10676818440948957,0.0007523483909496404,0.07959257159646103,0.02658465358719107
8013,0,0.0101627994236129,0.003808758017552608,0.0008054899926406145,0.006985778720582754,0.005484144708126758
8014,0,0.0016646783155079,0.00301125239673006,0.0003716345902539927,0.00233796535611898,0.0010181564528809464
8015,0,0.0014629879964576,0.0030658596424983663,4.743019389691616e-05,0.002264423819477983,0.0007552090951772581
8016,0,0.0016086631505198,0.001840472116087547,0.00010145481099065223,0.0017245676333036736,0.0008550589807552261
8017,0,0.0004956322947121,0.0015197634436602124,3.0570007852925816e-05,0.0010076978691861563,0.0002631011512825129
8019,0,0.0030774062076371,0.007792510035022339,0.0007354065463432023,0.00543495812132972,0.0019064063769901511
8020,0,0.0004799007694755,0.0027212983484746186,7.072327014916734e-05,0.0016005995589750592,0.0002753120198123337
8021,0,0.010107858770156,0.008014262509916594,0.0023411164390086878,0.009061060640036298,0.006224487604582344
8025,0,0.0903935480028439,0.11390812966978163,0.04640046973005859,0.10215083883631276,0.06839700886645124
8026,0,0.185903341847147,0.06615703201945805,0.046434328947783945,0.12603018693330253,0.11616883539746548
8027,1,0.96508819938555,0.990755239849818,0.9984027753431525,0.9779217196176839,0.9817454873643512
8029,0,0.0616979519886524,0.018675428062910907,0.009789387080163414,0.04018669002578165,0.035743669534407906
8030,0,0.0003092690752298,0.0003586253289037384,2.315070210005848e-05,0.0003339472020667692,0.00016620988866492925
8031,0,0.0002587865374374,0.0007893379039049281,2.775943770878797e-05,0.000524062220671164,0.00014327298757309397
8032,0,0.0011470637839529,0.0005647285016316067,5.064898272908805e-05,0.0008558961427922534,0.0005988563833409941
8034,0,0.0004420989755316,0.000957815067780378,3.699014054165557e-05,0.000699957021655989,0.00023954455803662777
8035,0,0.0004158384289233,0.0009198868631431012,3.699014054165557e-05,0.0006678626460332006,0.00022641428473247778
8037,0,0.0006629010372606,0.0011840312176144081,0.00011548096619441546,0.0009234661274375041,0.0003891910017275077
8039,0,0.0011478411902318,0.0010487979940831309,1.480525160228621e-05,0.0010983195921574654,0.0005813232209170431
8041,0,0.0008676729311034,0.00035329942554958814,2.151290754996051e-05,0.0006104861783264941,0.00044459291932668027
8042,0,0.0065831390269204,0.0019098806706095756,0.001045576389287251,0.004246509848764988,0.0038143577081038256
8045,0,0.0012380060402167,0.0009956556714436195,0.00019091063090117294,0.0011168308558301599,0.0007144583355589365
8047,0,0.0005096466890342,0.0009402359391268475,1.3150013155244592e-05,0.0007249413140805237,0.0002613983510947223
8048,0,0.0004289743893104,0.0009016663480172189,3.699014054165557e-05,0.0006653203686638094,0.00023298226492602777
8049,0,0.0004280601307619,0.000514094790179357,5.0508066096499854e-05,0.0004710774604706285,0.00023928409842919994
8050,0,0.0002844714879139,0.0008717369677337879,3.699014054165557e-05,0.000578104227823844,0.00016073081422777777
8051,0,0.0007139211546376,0.0007147764334245183,8.905949805463824e-05,0.0007143487940310591,0.00040149032634611913
8052,0,0.0016147503763679,0.0006080903147438429,0.000238096813568214,0.0011114203455558714,0.000926423594968057
8053,0,0.0007834393604797,0.0006355227610606137,5.0508066096499854e-05,0.0007094810607701569,0.0004169737132881
8054,0,0.0006278437952528,0.0015699780442257178,0.0001479231077032735,0.001098910919739259,0.00038788345147803676
8055,0,0.0014420728821424,0.001036411143988964,0.0008245272141794898,0.001239242013065682,0.001133300048160945
8056,0,0.0002533733391051,0.0006488492160755535,1.7307733860198727e-05,0.0004511112775903267,0.00013534053648264936
8057,0,0.0003754133579804,0.0007568559736769423,3.2067495453045544e-05,0.0005661346658286711,0.00020374042671672277
8058,0,0.0003840464338239,0.000782536976491745,3.2067495453045544e-05,0.0005832917051578225,0.00020805696463847278
8059,0,0.000476154623181,0.0009097322890426802,3.971638130355234e-05,0.00069294345611184,0.00025793550224227613
8061,0,0.0012511009374234,0.0009715568348966287,0.00027636562295068224,0.0011113288861600143,0.000763733280187041
8062,0,0.0005186031003601,0.0009474976368388133,3.9548379828053986e-05,0.0007330503685994566,0.000279075740094077
8063,0,0.0030327951852085,0.0028291380733073516,0.0006656465510172465,0.002930966629257926,0.0018492208681128732
8064,0,0.0005833307469471,0.0005526883137665733,1.3150013155244592e-05,0.0005680095303568368,0.0002982403800511723
8065,0,0.0005441386044741,0.0007362063861902687,1.3150013155244592e-05,0.0006401724953321844,0.0002786443088146723
8066,0,0.0007179235276168,0.0005364504858722351,5.707956311394861e-05,0.0006271870067445176,0.00038750154536537434
8067,0,0.0009393055512833,0.0015168749965825288,5.707956311394861e-05,0.0012280902739329144,0.0004981925571986243
8068,0,0.000538162815156,0.0005737009545191048,1.1906096375047981e-05,0.0005559318848375524,0.000275034455765524
8069,0,0.0004983149006559,0.0008067187303246915,4.793934625772591e-05,0.0006525168154902957,0.000273127123456813
8071,0,0.0008995209260024,0.0011085871778850115,0.00014595426880324798,0.0010040540519437057,0.0005227375974028239
8072,0,0.0012959348123932,0.0006380058293463599,7.696261935590523e-05,0.0009669703208697799,0.0006864487158745525
8074,0,0.0005452283134538,0.0008843717759261842,1.1906096375047981e-05,0.0007148000446899921,0.000278567204914424
8075,0,0.0004246921748741,0.0008445292276716376,9.723561469059686e-06,0.0006346107012728688,0.00021720786817157984
8076,0,0.0025924237857321,0.0021672282581170596,0.0006676324949103962,0.00237982602192458,0.001630028140321248
8077,0,0.0030693095157771,0.0018330096256834695,0.0003939855450945421,0.0024511595707302847,0.001731647530435821
8078,0,0.0008967392335845,0.0010578206469904555,6.0935724538863136e-05,0.0009772799402874778,0.00047883747906168157
8079,0,0.0004784558376588,0.0013619947071195986,0.00013942073070913138,0.0009202252723891993,0.00030893828418396567
8080,0,0.0006114566311099,0.0008101701590790875,5.498490054745062e-05,0.0007108133950944938,0.00033322076582867533
8082,0,0.0023957746195446,0.0022291672839628175,0.0003939855450945421,0.0023124709517537085,0.0013948800823195711
8083,0,0.0013284178768883,0.0011842785991585968,0.0002407183283681186,0.0012563482380234484,0.0007845681026282092
8084,0,0.0032606659494074,0.0007774810765353551,0.0003426587575709763,0.0020190735129713777,0.0018016623534891883
8085,0,0.0007758228036854,0.001060352918320756,8.086480267438708e-05,0.000918087861003078,0.00042834380317989355
8086,0,0.0027521778494208,0.002860708182479472,0.0018034270863148372,0.002806443015950136,0.0022778024678678185
8087,0,0.0005729386114287,0.0013551758693438065,1.5283643728299516e-05,0.0009640572403862533,0.0002941111275784998
8088,0,0.0004542435408091,0.0009756607429936448,6.969661861628379e-05,0.0007149521419013724,0.0002619700797126919
8089,0,0.0024014148090109,0.002555763917128264,9.353776640832482e-05,0.002478589363069582,0.0012474762877096124
8093,0,0.0005807334624458,0.0014199506607455036,5.905356932485572e-05,0.0010003420615956517,0.00031989351588532786
8094,0,0.0006200775057416,0.001046618503484421,1.5283643728299516e-05,0.0008333480046130105,0.00031768057473494977
8095,0,0.0027088871089139,0.0017263947749837868,0.001708037441859402,0.0022176409419488435,0.002208462275386651
8096,0,0.0006339541820003,0.001628986155703192,8.90258317491538e-05,0.0011314701688517458,0.00036149000687472687
8097,0,0.0005258889322103,0.0011917391985284507,3.6351781011103546e-05,0.0008588140653693753,0.0002811203566107018
8098,0,0.0006056590220088,0.0013252608509161943,6.969661861628379e-05,0.0009654599364624971,0.0003376778203125419
8099,0,0.0008700584258462,0.001605860959198166,8.169844957537922e-05,0.0012379596925221831,0.00047587843771078965
8100,0,0.0008128138371125,0.0009204807312714524,1.5283643728299516e-05,0.0008666472841919762,0.0004140487404203998
8101,0,0.0042820641240375,0.004605817612075311,0.004404961056267597,0.004443940868056406,0.004343512590152549
8102,0,0.0008548693167501,0.0011991988252277336,0.00011973236068426559,0.0010270340709889168,0.00048730083871718275
8103,0,0.0025457570573467,0.001995362065574809,0.0005235871288630663,0.0022705595614607547,0.0015346720931048831
8104,0,0.0025619479703138,0.0024967161987010985,9.706927672610097e-05,0.0025293320845074492,0.0013295086235199504
8105,0,0.0008760750126789,0.0009177328931325139,2.635481491835726e-05,0.0008969039529057069,0.0004512149137986286
8106,0,0.0018236271700662,0.0020286868814284945,0.00032130180270031547,0.0019261570257473474,0.0010724644863832579
8107,0,0.0035287131757012,0.002161466768053563,0.0011036370428650153,0.0028450899718773814,0.0023161751092831075
8108,0,0.005962236193891,0.0036520296877275405,0.0005018295002000965,0.00480713294080927,0.003232032847045548
8109,0,0.004095775498077,0.001856658929693462,9.858162624376969e-05,0.002976217213885231,0.002097178562160385
8110,0,0.0207421815703489,0.020276161021253476,0.03379697016119297,0.02050917129580119,0.027269575865770935
8111,0,0.066092587536726,0.06014312787841615,0.027967709046834557,0.06311785770757108,0.04703014829178028
8112,1,0.0179055352508813,0.018866162227136996,0.00198579883470954,0.01838584873900915,0.00994566704279542
8113,0,0.0008253632010024,0.0009417803567003141,4.939951558151974e-05,0.000883571778851357,0.0004373813582919599
8114,0,0.0005472079644863,0.0006065933529684001,1.480525160228621e-05,0.00057690065872735,0.0002810066080442931
8116,0,0.0049481047421644,0.002787235763444579,0.0006325553159370704,0.0038676702528044897,0.0027903300290507355
8117,0,0.0013076592083649,0.0009566402802258212,0.0001418210449533332,0.0011321497442953606,0.0007247401266591167
8118,0,0.0012060699039209,0.0011443200658305015,0.00013025002017784265,0.0011751949848757008,0.0006681599620493714
8119,0,0.0010727530079865,0.0005331617553632027,4.658164069197237e-05,0.0008029573816748514,0.0005596673243392362
8120,0,0.0031777939073761,0.0012575391062846601,0.000375235785593945,0.00221766650683038,0.0017765148464850226
8121,0,0.0023419316855792,0.0009358585980334934,6.478335360363157e-05,0.0016388951418063466,0.0012033575195914159
8122,0,0.0003052734180246,0.000447701737987522,3.964276940721676e-05,0.000376487578006061,0.0001724580937159084
8123,0,0.0002813534005973,0.00031222560491710194,1.7799354227768767e-05,0.000296789502757201,0.0001495763774125344
8125,0,0.0004802248317015,0.00059718419851299,1.6320884071543738e-05,0.0005387045151072449,0.00024827285788652187
8126,0,0.0018010110104984,0.0007659455922689203,0.00017371553765783295,0.0012834783013836602,0.0009873632740781165
8127,0,0.0006458366337622,0.001070197535228644,8.352572532628152e-05,0.0008580170844954219,0.00036468117954424075
8129,0,0.0005755787830041,0.0007979252790083168,1.3150013155244592e-05,0.0006867520310062083,0.0002943643980796723
8131,0,0.001370625573821,0.0008650568624115445,0.00015493896043997552,0.0011178412181162723,0.0007627822671304877
8132,0,0.0028031234883197,0.001027400644108105,0.0009193323908942325,0.0019152620662139025,0.0018612279396069663
8133,0,0.0010557162472937,0.0012516733941037809,0.00011568946155645286,0.0011536948206987406,0.0005857028544250764
8136,0,0.000358277905063,0.0006053741691612173,2.171102699302102e-05,0.0004818260371121086,0.00018999446602801053
8137,0,0.0005020946733692,0.0010304106028318747,3.2793219587304695e-05,0.0007662526381005374,0.00026744394647825235
8138,0,0.0003427843464675,0.0006165955981364027,7.222293633612051e-05,0.00047968997230195135,0.00020750364140181024
8139,0,0.0033963717148146,0.0021947641535859227,0.001239303086725848,0.002795567934200261,0.002317837400770224
8140,0,0.0004920222058358,0.0009979512985323722,6.83344674164979e-05,0.0007449867521840861,0.0002801783366261489
8142,0,0.0011819570751584,0.0018646980498247475,0.00014238759469364364,0.0015233275624915738,0.0006621723349260219
8143,0,0.0008082903606544,0.0017393124741974125,5.3627109560218957e-05,0.0012738014174259063,0.0004309587351073095
8144,0,0.0005716539207459,0.000864857091866694,1.6185078846110246e-05,0.0007182555063062969,0.0002939194997960051
8145,0,0.0003862352473458,0.0007756530086440687,2.171102699302102e-05,0.0005809441279949343,0.00020397313716941052
8146,0,0.0015347614480878,0.0009026412116813242,2.171102699302102e-05,0.0012187013298845621,0.0007782362375404106
8147,0,0.0006790722444187,0.0013222599436739336,0.00014422296692117442,0.0010006660940463168,0.0004116476056699372
8148,0,0.0005816830830973,0.0016978064371630335,3.1839466981340076e-05,0.0011397447601301668,0.00030676127503932005
8149,0,0.0006305404219507,0.0009051317876883166,6.83344674164979e-05,0.0007678361048195084,0.00034943744468359894
8150,0,0.0019559533181993,0.0014552952807803262,0.0008895226270689465,0.0017056242994898131,0.0014227379726341233
8151,0,0.0033283657619658,0.0008955097859669658,8.979255282064619e-05,0.002111937773966383,0.001709079157393223
8153,0,0.0068144315055536,0.0015264505078362361,0.0004522527222159684,0.004170441006694918,0.0036333421138847843
8154,0,0.0005497097749619,0.0013763141112197767,9.500570423041498e-05,0.0009630119430908383,0.0003223577395961575
8155,0,0.0031118729758839,0.0031208190988438506,0.000965024579703401,0.0031163460373638753,0.0020384487777936507
8156,0,0.0022516676355409,0.002298134258920916,0.0002775071155275287,0.002274900947230908,0.0012645873755342144
8157,0,0.0006345883422231,0.0012760931246803603,6.83344674164979e-05,0.0009553407334517302,0.00035146140481979895
8159,0,0.0008904491091708,0.0021425687675237746,0.00016675410897273938,0.0015165089383472872,0.0005286016090717697
8161,0,0.0010879136246211,0.001176499865762343,3.531422972277581e-05,0.0011322067451917214,0.0005616139271719379
8163,0,0.0006564151092753,0.0008376178005482585,1.5545319612947783e-05,0.0007470164549117792,0.0003359802144441239
8165,0,0.0005091159246716,0.0013946235791703482,0.00010303443642229636,0.0009518697519209741,0.0003060751805469482
8166,0,0.0008698572484891,0.0009318410183082655,1.5545319612947783e-05,0.0009008491333986827,0.0004427012840510239
8167,0,0.0005004285687052,0.0012040874373483756,6.325938227493454e-05,0.0008522580030267879,0.0002818439754900673
8169,0,0.0009243422990617,0.0015460168147257319,0.0001233018682388786,0.001235179556893716,0.0005238220836502893
8170,0,0.0007048361100496,0.0006503484012298156,2.9368910939728482e-05,0.0006775922556397078,0.00036710251049466424
8171,0,0.000736775672955,0.0014352637511128082,1.5545319612947783e-05,0.0010860197120339042,0.00037616049628397394
8172,0,0.0003112132460909,0.0009761066322529111,3.6351781011103546e-05,0.0006436599391719056,0.00017378251355100178
8173,0,0.0007234114574976,0.0007932019093609852,2.9219771893328937e-05,0.0007583066834292926,0.00037631561469546446
8174,0,0.0005577080649894,0.0008218693327274953,1.5545319612947783e-05,0.0006897886988584477,0.0002866266923011739
8175,0,0.0029243029682097,0.002897346627829461,0.0008371862363449556,0.0029108247980195803,0.0018807446022773278
8176,0,0.0009660630761844,0.0009065309232718196,5.1310475521613224e-05,0.0009362969997281098,0.0005086867758530066
8178,0,0.0014393373835686,0.0019742208110993483,0.00022232409934592662,0.001706779097333974,0.0008308307414572633
8180,0,0.0005169792940358,0.0012451237195585019,8.169844957537922e-05,0.000881051506797151,0.00029933887180558965
8181,0,0.0021184536584221,0.0009685598271198127,3.647615783413037e-05,0.0015435067427709563,0.0010774649081281152
8182,0,0.0045615547690955,0.003904434500028593,0.001185340558362623,0.0042329946345620465,0.0028734476637290616
8183,0,0.0006051210611402,0.0007327796260556775,1.536165323461544e-05,0.0006689503435979387,0.00031024135718740774
8185,0,0.0015420700177329,0.0022371984528320164,3.695192643180115e-05,0.0018896342352824583,0.0007895109720823506
8186,0,0.0008501005698009,0.0012507829099424649,6.068340034397485e-05,0.0010504417398716824,0.00045539198507243744
8187,0,0.0039170537467359,0.002972183805700637,0.0004787621347244733,0.0034446187762182685,0.0021979079407301867
8188,0,0.0013457854076749,0.00379814974977346,4.260960005856717e-05,0.00257196757872418,0.0006941975038667336
8189,0,0.0018633217731771,0.002146353464968863,4.5599885070883873e-05,0.0020048376190729814,0.000954460829123992
8191,0,0.0296324400396377,0.029170292007103287,0.0960575708140093,0.02940136602337049,0.0628450054268235
8193,1,0.9880010702249314,0.9975707960744673,0.999700893776683,0.9927859331496993,0.9938509820008072
8194,0,0.2792785594199288,0.20087645334010318,0.18452777813814916,0.240077506380016,0.231903168779039
8195,0,0.0393452801542478,0.0479975770292222,0.02394154843093969,0.043671428591735,0.03164341429259374
8196,1,0.9764609390223268,0.9870066020641195,0.9994307710556274,0.9817337705432232,0.987945855038977
8197,0,0.0437092330503719,0.06397892083875016,0.03807477738935756,0.05384407694456103,0.04089200521986473
8198,0,0.023164051509363,0.030432159366658443,0.009432420803885143,0.02679810543801072,0.016298236156624072
8199,0,0.2669637940937116,0.17011482333856845,0.2256589128835076,0.21853930871614002,0.2463113534886096
8200,1,0.0847292558890699,0.0361943565714259,0.04480280883376024,0.0604618062302479,0.06476603236141507
8201,0,0.0009206622991632,0.00099853490475771,9.440496456065448e-05,0.0009595986019604551,0.0005075336318619273
8202,0,0.0016750267057377,0.0005959257863812872,0.00020436162291188076,0.0011354762460594936,0.0009396941643247905
8203,0,0.0008867634776675,0.0003453864100995976,2.171102699302102e-05,0.0006160749438835488,0.0004542372523302605
8204,0,0.0004984498928184,0.0006797977897159674,3.2793219587304695e-05,0.0005891238412671837,0.00026562155620285234
8205,0,0.001243782212136,0.0005224473077314469,0.00077165977446879,0.0008831147599337235,0.0010077209933023951
8206,0,0.0046499943213358,0.0006857744418251251,0.00021508225596453948,0.0026678843815804627,0.00243253828865017
8207,0,0.0004445430395796,0.0004952904048455586,6.83344674164979e-05,0.00046991672221257926,0.00025643875349804895
8208,0,0.0004614073204016,0.0005177497643620875,2.269186249224075e-05,0.0004895785423818437,0.00024204959144692037
8209,0,0.0004996371258522,0.0005425991046464038,1.8222344734164025e-05,0.000521118115249302,0.000258929735293182
8210,0,0.0022715000454577,0.000961765135366038,0.00014238759469364364,0.0016166325904118691,0.001206943820075672
8211,0,0.0004288213472921,0.0010696381115982722,0.000567653336759741,0.0007492297294451861,0.0004982373420259205
8212,0,0.0003889430642342,0.0005681833100445885,5.061537378292347e-05,0.00047856318713939425,0.00021977921900856172
8213,0,0.003370968176169,0.0007148627392248794,0.0009999874156064543,0.0020429154576969396,0.002185477795887727
8214,0,0.0010468654833277,0.0004955534061709989,4.3021368647342125e-05,0.0007712094447493495,0.0005449434259875211
8216,0,0.0006235650832842,0.0005254367463596124,1.6185078846110246e-05,0.0005745009148219062,0.00031987508106515514
8217,0,0.080023574805633,0.12395774503012008,0.0015101379267740836,0.10199065991787654,0.040766856366203544
8220,0,0.0004636613180758,0.0006105310857952107,4.3021368647342125e-05,0.0005370962019355054,0.0002533413433615711
8221,0,0.0004564012845656,0.0005226791977972954,4.3021368647342125e-05,0.0004895402411814478,0.00024971132660647104
8222,0,0.0002969711787315,0.0004335362424444527,3.987099101952229e-05,0.0003652537105879763,0.00016842108487551117
8223,0,0.0007946212128645,0.0006916465551300684,0.00010280219187253026,0.0007431338839972842,0.00044871170236851515
8225,0,0.0004847723024789,0.0006304855764263659,4.3021368647342125e-05,0.000557628939452633,0.0002638968355631211
8226,0,0.000350979079165,0.0005017543275944936,3.13028091425107e-05,0.00042636670337974677,0.00019114094415375533
8227,0,0.0223534802140449,0.004947472224260898,0.0006904318438185302,0.013650476219152899,0.011521956028931715
8228,0,0.0018565399878897,0.0012265017464524646,0.0001353871933688744,0.0015415208671710823,0.0009959635906292873
8229,0,0.0008970034740384,0.0011390540111908866,3.6817250767155945e-05,0.0010180287426146432,0.00046691036240277794
8230,0,0.0016175014196782,0.001015790412985025,0.0010969342741640547,0.0013166459163316126,0.0013572178469211274
8232,0,0.0016011325756399,0.0011558581635296372,0.00018237193699002094,0.0013784953695847686,0.0008917522563149605
8234,0,0.0004926945123839,0.0009412788661975111,4.4657028968592874e-05,0.0007169866892907055,0.0002686757706762464
8235,0,0.0005002807348619,0.0006015264206815509,1.6185078846110246e-05,0.0005509035777717255,0.00025823290685400514
8236,0,0.0013535025569696,0.001386092853611259,0.00018262739931021717,0.0013697977052904294,0.0007680649781399085
8237,0,0.0003427025499975,0.000993149272087437,1.8275023942121967e-05,0.0006679259110424684,0.00018048878696981098
8238,0,0.0042968354545899,0.0012114674587889824,0.00035630224932581533,0.0027541514566894413,0.0023265688519578578
8239,0,0.0005290944146736,0.0008477361651665765,1.6185078846110246e-05,0.0006884152899200882,0.0002726397467598551
8240,0,0.0021103355087103,0.0010917532570596962,0.0004848760666375479,0.0016010443828849983,0.001297605787673924
8241,0,0.0005046545774337,0.0009980022937923173,1.9820989252225855e-05,0.0007513284356130087,0.00026223778334296294
8243,0,0.0006465564040382,0.0007964087231185627,1.6185078846110246e-05,0.0007214825635783813,0.0003313707414421551
8244,0,0.0032942109870875,0.0016201711311474528,0.0004848760666375479,0.0024571910591174766,0.001889543526862524
8245,0,0.0005533532996941,0.0007377637166488762,1.6032836682564853e-05,0.000645558508171488,0.0002846930681883324
8246,1,0.9573864079473572,0.987851963325818,0.9961783203378309,0.9726191856365876,0.9767823641425941
8247,0,0.0005505806110264,0.0008752725641441649,1.9133219226061395e-05,0.0007129265875852825,0.0002848569151262307
8248,0,0.0011466277030104,0.0014541208632801983,0.0010969342741640547,0.0013003742831452993,0.0011217809885872274
8250,0,0.0003588845177293,0.0011979543981713678,6.434112741571516e-05,0.0007784194579503339,0.00021161282257250758
8251,0,0.0005315984073185,0.0013235927292651886,7.558273196727315e-05,0.0009275955682918443,0.0003035905696428866
8253,0,0.0005431648790602,0.0005912060385419754,1.6032836682564853e-05,0.0005671854588010877,0.0002795988578713824
8255,0,0.0004737147368442,0.0004620698868865865,1.6114670095778482e-05,0.00046789231186539324,0.00024491470346998923
8256,0,0.0004992912946596,0.001493123936061749,0.00014721163518987068,0.0009962076153606746,0.00032325146492473536
8257,0,0.0023525342788818,0.0014301757270561413,0.0013780638127568335,0.0018913550029689705,0.0018652990458193166
8258,0,0.0005399952565126,0.0009865369616022398,4.7178832042090176e-05,0.0007632661090574199,0.00029358704427734513
8259,0,0.0005122487760981,0.0015936553585210469,5.1186995694565176e-05,0.0010529520673095735,0.0002817178858963326
8260,0,0.0006823515924766,0.0017593656136190372,0.0001502495746116434,0.0012208586030478187,0.0004163005835441217
8261,0,0.0022918505660605,0.0022679588603505187,0.000227241242815587,0.0022799047132055095,0.0012595459044380435
8265,0,0.0012212195777247,0.0014418032370898403,0.00045846340075019837,0.0013315114074072703,0.0008398414892374492
8267,0,0.0014724328013071,0.0013261709091617294,0.0003028384607022177,0.0013993018552344147,0.0008876356310046588
8269,0,0.0008007867394963,0.0009892590369113047,7.953496084951562e-05,0.0008950228882038023,0.0004401608501729078
8270,0,0.0017655828550732,0.0009829947899620735,4.05004545483648e-05,0.0013742888225176369,0.0009030416548107825
8271,0,0.0006848028686542,0.0009213697084512944,2.1358196765108328e-05,0.0008030862885527472,0.00035308053270965414
8272,0,0.0105538493533947,0.004296679772841769,0.00299039189657052,0.007425264563118234,0.0067721206249826095
8274,0,0.0041095306453788,0.002266193618592246,0.0004291364946797186,0.003187862131985523,0.002269333570029259
8276,0,0.0017581830672166,0.0024231891335368527,0.0004291364946797186,0.0020906861003767265,0.0010936597809481593
8277,0,0.0099634602393723,0.012758523291052077,0.002349947191543612,0.01136099176521219,0.006156703715457956
8278,0,0.1104004883043044,0.010374231063558967,0.012445042546309702,0.060387359683931684,0.06142276542530706
8279,0,0.0597188736331469,0.03284709886592173,0.013575746961257074,0.046282986249534315,0.03664731029720199
8280,0,0.0290486592722778,0.0577670636110557,0.02357082326268357,0.04340786144166675,0.026309741267480685
8281,0,0.0322422847139167,0.047635158114644596,0.01767428995436669,0.03993872141428065,0.024958287334141696
8282,0,0.0189936741925952,0.012320732236540028,0.002888611338996207,0.015657203214567615,0.010941142765795702
8284,0,0.0196843594044989,0.016812599193819087,0.0038389499506800762,0.018248479299158994,0.01176165467758949
8286,0,0.0006151622024849,0.0006381129612970148,7.565602196612242e-05,0.0006266375818909574,0.0003454091122255112
8287,0,0.0003591994814107,0.00030895595891126634,1.4881980517254696e-05,0.00033407772016098315,0.00018704073096397733
8288,0,0.0003864029160307,0.0004116747309263233,4.4657028968592874e-05,0.00039903882347851167,0.00021552997249964643
8290,0,0.000774243582747,0.0006205785213740981,0.00017495054257952436,0.000697411052060549,0.0004745970626632622
8291,0,0.0001956797319064,0.00029689923841805433,1.8275023942121967e-05,0.00024628948516222714,0.00010697737792426098
8293,0,0.0008298628637953,0.0008195442756675766,5.877120942258036e-05,0.0008247035697314383,0.0004443170366089402
8294,0,0.0003721104941064,0.0004837869983329098,3.697917937309724e-05,0.0004279487462196549,0.0002045448367397486
8297,0,0.0006962880730181,0.000568739633368943,1.6185078846110246e-05,0.0006325138531935215,0.00035623657593210513
8298,0,0.0004227644478543,0.00022088793563123112,1.2936045315080813e-05,0.00032182619174276554,0.0002178502465846904
8299,0,0.0006247925906569,0.0004883088191399594,1.6185078846110246e-05,0.0005565507048984297,0.0003204888347515051
8300,0,0.0002491100728129,0.00034805544662521874,1.8275023942121967e-05,0.0002985827597190594,0.000133692548377511
8302,0,0.0003014771420434,0.0005573345712746788,3.13028091425107e-05,0.0004294058566590394,0.00016638997559295535
8303,0,0.0004845614484348,0.000635822045003337,3.4683965808889535e-05,0.0005601917467190684,0.00025962270712184474
8304,0,0.0002448173256821,0.0003359841660632012,1.8275023942121967e-05,0.0002904007458726506,0.00013154617481211098
8305,0,0.000273345160169,0.0004536783462374207,3.467790436161797e-05,0.00036351175320321037,0.000154011532265309
8306,0,0.0022224170836757,0.0008522387482053455,0.00022449939373587205,0.0015373279159405229,0.001223458238705786
8307,0,0.0004221786409864,0.0004266230805722972,1.2936045315080813e-05,0.00042440086077934864,0.0002175573431507404
8308,1,0.9486855263897866,0.9873840912543287,0.9862438440319391,0.9680348088220576,0.9674646852108628
8309,0,0.0008898020635752,0.0010061688856329413,0.00013402983810077492,0.0009479854746040706,0.0005119159508379875
8311,0,0.0004432511617942,0.0006737136500119005,1.2936045315080813e-05,0.0005584824059030502,0.0002280936035546404
8314,0,0.0003101036368568,0.0007292713761239527,1.8275023942121967e-05,0.0005196875064903763,0.000164189330399461
8315,0,0.0005760573765356,0.0008487794642813082,1.6185078846110246e-05,0.0007124184204084542,0.00029612122769085515
8317,0,0.000507495164302,0.0009004056411304508,4.706809240625235e-05,0.0007039504027162254,0.0002772816283541262
8318,0,0.0006586991110319,0.0009367321263839405,1.6185078846110246e-05,0.0007977156187079202,0.00033744209493900514
8319,0,0.0003679635380333,0.0007005765156840793,3.13028091425107e-05,0.0005342700268586896,0.00019963317358790534
8320,0,0.0052413373573524,0.0013595449353564929,8.985561345043685e-05,0.0033004411463544462,0.0026655964854014184
8324,0,0.0004999415547535,0.0008471942689542434,2.8097321037015083e-05,0.0006735679118538717,0.00026401943789525754
8325,0,0.0017771967975351,0.001104964407046421,9.031421264148349e-05,0.0014410806022907606,0.0009337555050882917
8326,0,0.0005058071269079,0.0006571187540613949,1.4756889968068784e-05,0.0005814629404846474,0.0002602820084379844
8327,0,0.0006679499970907,0.0011167405449497743,3.664260603204139e-05,0.0008923452710202372,0.0003522963015613707
8328,0,0.0030784156733521,0.0028278800461607233,0.000702383743455466,0.0029531478597564116,0.001890399708403783
8329,0,0.0022484578833546,0.001632736621939566,0.0007396853464272758,0.001940597252647083,0.0014940716148909379
8330,0,0.0008965033429925,0.0022543694931405145,1.9550351596311738e-05,0.0015754364180665071,0.00045802684729440586
8331,0,0.0006967901750265,0.0011318774503828017,1.9133219226061395e-05,0.0009143338127046508,0.0003579616971262807
8332,0,0.0015250020449121,0.002147460605604484,0.00037239791880484347,0.0018362313252582919,0.0009486999818584717
8333,0,0.0003958903497609,0.0006707190544155073,6.11455923872786e-05,0.0005333047020882036,0.00022851797107408933
8335,0,0.0003850903356596,0.001101551086225151,3.5628352012145254e-05,0.0007433207109423755,0.0002103593438358726
8338,0,0.0005825037939771,0.0008713521348797833,1.9133219226061395e-05,0.0007269279644284417,0.00030081850660158073
8339,0,0.0015415965426974,0.0013697633687950676,0.00012284265105063662,0.0014556799557462338,0.0008322195968740182
8340,0,0.0005056374171071,0.0008761159958882222,3.447212396843659e-05,0.0006908767064976611,0.0002700547705377683
8341,0,0.0004926080354125,0.0008007413921575746,1.2175749913611695e-05,0.0006466747137850373,0.00025239189266305586
8342,0,0.0008420936893696,0.0014104936195264161,1.9133219226061395e-05,0.001126293654448008,0.0004306134542978307
8343,0,0.0006174007814144,0.0011433057939403152,7.975035047040105e-05,0.0008803532876773576,0.00034857556594240053
8344,0,0.0020525069289217,0.0017678544831637127,0.00020035198389162337,0.0019101807060427063,0.0011264294564066616
8345,0,0.0005055548464827,0.0012905196061620933,7.359158945065188e-05,0.0008980372263223967,0.00028957321796667596
8346,0,0.0004733247737094,0.0012008623795628872,3.838335894266199e-05,0.0008370935766361436,0.000255854066326031
8347,0,0.0008201876818811,0.0011210068708559918,7.975035047040105e-05,0.0009705972763685459,0.0004499690161757505
8350,0,0.0007506357017044,0.0010146045579003458,3.6403279301139695e-05,0.0008826201298023729,0.00039351949050276985
8352,0,0.0053888134809957,0.0011065035425066132,0.000394545330794791,0.0032476585117511567,0.0028916794058952457
8353,0,0.0008600017378722,0.001568989453236556,7.468850657390115e-05,0.0012144955955543778,0.00046734512222305056
8354,0,0.046634087171022,0.09430704907911305,0.000199152520883126,0.07047056812506752,0.023416619845952565
8355,0,0.0017128109946207,0.0034504454915040895,0.00010967985383732738,0.0025816282430623947,0.0009112454242290137
8356,0,0.0013024337049702,0.003904476921482104,0.00021607359291117055,0.0026034553132261522,0.0007592536489406852
8358,1,0.0039643646372416,0.004806670981944896,0.0021882273427745,0.004385517809593249,0.00307629599000805
8359,0,0.0005289190484102,0.0004230008659122671,1.8222344734164025e-05,0.00047595995716123355,0.000273570696572182
8360,0,0.0004682408071021,0.0005437001129790134,3.4683965808889535e-05,0.0005059704600405568,0.00025146238645549476
8361,0,0.0005021981216,0.0004312321438057595,1.8222344734164025e-05,0.00046671513270287975,0.000260210233167082
8362,0,0.0004926499161092,0.0005849042624288237,1.8222344734164025e-05,0.0005387770892690118,0.00025543613042168197
8364,0,0.0006425895445092,0.0006300017996043201,6.187184548486813e-05,0.0006362956720567601,0.0003522306949970341
8365,0,0.0009490709126029,0.0008982564686506269,0.0002575125182023882,0.0009236636906267635,0.0006032917154026442
8366,0,0.0005034353169172,0.00048708322185287724,1.8222344734164025e-05,0.0004952592693850386,0.000260828830825682
8367,0,0.0005613210959727,0.0014235404789982025,0.00021219835748116113,0.0009924307874854513,0.00038675972672693056
8368,0,0.0008932022385088,0.0009332014672864573,0.0002575125182023882,0.0009132018528976286,0.0005753573783555941
8371,0,0.0004792541021828,0.0005680014158991868,3.4683965808889535e-05,0.0005236277590409934,0.0002569690339958448
8372,0,0.0005897779577172,0.0007786938494683362,0.00020436162291188076,0.0006842359035927682,0.0003970697903145404
8373,0,0.0003956194286218,0.0006191611892057045,3.580122835868039e-05,0.0005073903089137523,0.0002157103284902402
8374,0,0.0023120459390837,0.001002865345113087,0.001382920303131515,0.0016574556420983935,0.0018474831211076075
8375,0,0.0081144789306263,0.002582218657860154,0.0016488931260686991,0.005348348794243227,0.004881686028347499
8376,0,0.0015676101202156,0.0015706977673077846,0.0005966709674641186,0.0015691539437616923,0.0010821405438398593
8377,0,0.0029532145095286,0.0011481909106902644,0.0013389255601477911,0.002050702710109432,0.0021460700348381956
8378,0,0.0019918839555563,0.0013451159339412143,0.00016895290029864956,0.0016684999447487572,0.0010804184279274748
8379,0,0.0072426263612692,0.0036857908835672484,0.002193228293752926,0.0054642086224182245,0.004717927327511063
8380,0,0.0004396338612282,0.0004085540037345895,1.2936045315080813e-05,0.0004240939324813948,0.0002262849532716404
8381,0,0.0006911340703345,0.0014708438352863565,0.00021219835748116113,0.0010809889528104282,0.00045166621390783056
8382,0,0.0003721551601922,0.000521310276056513,3.13028091425107e-05,0.0004467327181243565,0.00020172898466735533
8384,0,0.0004342239452409,0.0005198315553140844,1.2936045315080813e-05,0.00047702775027749225,0.0002235799952779904
8385,0,0.0004435241131306,0.0008755558267130614,1.2936045315080813e-05,0.0006595399699218307,0.0002282300792228404
8387,0,0.0004360936329898,0.0008604801895332853,1.2936045315080813e-05,0.0006482869112615427,0.0002245148391524404
8388,0,0.0022116340658613,0.0014000287958749623,7.917112902732683e-05,0.001805831430868131,0.0011454025974443134
8390,0,0.0003709207200075,0.0007468374485494273,3.13028091425107e-05,0.0005588790842784636,0.00020111176457500535
8391,0,0.0044171699420682,0.004094175335651401,0.0010236480327936997,0.0042556726388598,0.0027204089874309496
8392,0,0.0009801984783218,0.0016624467936710134,0.00013588354074691917,0.0013213226359964068,0.0005580410095343595
8393,0,0.0005870645230358,0.0011309997085358794,3.4683965808889535e-05,0.0008590321157858397,0.00031087424442234477
8394,0,0.0021986402600645,0.001524970050916312,0.0001982733044390097,0.001861805155490406,0.0011984567822517548
8395,0,0.0004682141609398,0.0004039430562442581,1.2936045315080813e-05,0.00043607860859202905,0.0002405751031274404
8396,0,0.0005260824175806,0.0008304132463884759,3.2135105367845664e-05,0.000678247831984538,0.0002791087614742228
8397,0,0.0005537743628012,0.0012092131414616278,3.4683965808889535e-05,0.0008814937521314139,0.0002942291643050448
8398,0,0.0026808293525846,0.0010357204380563624,7.759236964744919e-05,0.0018582748953204812,0.0013792108611160247
8399,1,0.95936039505349,0.8892315787063076,0.9918672841851143,0.9242959868798988,0.9756138396193021
8400,0,0.0031934674856069,0.0023376596695627604,0.0016456178608887397,0.00276556357758483,0.0024195426732478197
8401,0,0.0004176255378132,0.0012269828790987083,8.627362581631642e-05,0.0008223042084559542,0.0002519495818147582
8402,0,0.0003028737133546,0.0007142989590893517,1.8275023942121967e-05,0.0005085863362219758,0.000160574368648361
8403,0,0.0038518116079052,0.0017842423376886888,0.0013416995744711612,0.002818026972796944,0.0025967555911881805
8404,0,0.000505138675614,0.0007875106994057715,6.11455923872786e-05,0.0006463246875098858,0.0002831421340006393
8405,0,0.0008373982791769,0.001159438805012311,5.061116355414812e-05,0.0009984185420946054,0.000444004721365524
8406,0,0.0004826772347864,0.0008814827154681196,2.8097321037015083e-05,0.0006820799751272598,0.0002553872779117075
8407,0,0.0019714650544036,0.0015082484959127477,0.0002209660898232993,0.0017398567751581739,0.0010962155721134497
8408,0,0.002144046679594,0.0017192586770399638,0.0004848760666375479,0.0019316526783169819,0.001314461373115774
8409,0,0.0006414323385364,0.0008726510009188726,3.447212396843659e-05,0.0007570416697276364,0.0003379522312524183
8410,0,0.000633521617608,0.0006079650115059237,1.2936045315080813e-05,0.0006207433145569618,0.0003232288314615404
8411,0,0.0005611871650654,0.000711669064475067,4.8117578732268455e-05,0.0006364281147702335,0.00030465237189883425
8412,0,0.0007782846589604,0.0010915199510101138,4.9972656466725443e-05,0.0009349023049852569,0.0004141286577135627
8414,0,0.0012647087516551,0.0014968855308657848,0.00015902442165714167,0.0013807971412604424,0.0007118665866561208
8415,0,0.003978673564948,0.0019947638936767334,0.00021219835748116113,0.0029867187293123668,0.0020954359612145807
8416,0,0.001362287004255,0.0019045671867079104,0.0003417120819886807,0.0016334270954814552,0.0008519995431218403
8417,0,0.0008318420989434,0.0012297563132500169,6.281903469772769e-05,0.0010307992060967085,0.0004473305668205638
8418,0,0.0007286023537473,0.0011114561780987463,6.281903469772769e-05,0.0009200292659230231,0.00039571069422251386
8419,0,0.0022466264382415,0.0038844090482954884,0.000245951631807676,0.0030655177432684943,0.001246289035024588
8420,0,0.0005912930717521,0.001597393948212378,0.0001449082033636409,0.001094343509982239,0.0003681006375578705
8421,0,0.0006820547299776,0.00193328262718745,0.0001502495746116434,0.001307668678582525,0.0004161521522946217
8422,0,0.0005573352908034,0.0009119234481876689,1.3228522665854007e-05,0.0007346293694955344,0.00028528190673462697
8423,0,0.0095889428032414,0.0021454483324349406,0.0016899188616799395,0.00586719556783817,0.00563943083246067
8427,0,0.0006585588170571,0.0010494935875950161,7.975035047040105e-05,0.0008540262023260581,0.0003691545837637505
8428,0,0.0006367383249906,0.0009976241894218837,0.0001077863658163161,0.0008171812572062419,0.00037226234540345805
8429,0,0.0008400179571114,0.0012023477137690097,4.0277464420790705e-05,0.001021182835440205,0.00044014771076609534
8430,0,0.0005846183892229,0.001157708683862108,1.3228522665854007e-05,0.0008711635365425039,0.00029892345594437696
8431,0,0.0049035302513994,0.006209063284678782,0.0019351406715591554,0.005556296768039091,0.003419335461479278
8432,0,0.0025077190550578,0.0013607665348553107,0.0009539528669827005,0.0019342427949565555,0.0017308359610202504
8434,0,0.0006507520937888,0.001606127203124068,7.283330688496063e-05,0.0011284396484564341,0.0003617927003368803
8435,0,0.0036571692246918,0.0022142435018695904,0.0010048215558085124,0.002935706363280695,0.002330995390250156
8436,0,0.0013618468809263,0.001068214037507869,1.2175749913611695e-05,0.0012150304592170845,0.0006870113154199558
8437,0,0.0070874590484775,0.0032679899282730793,0.00044111681058049755,0.00517772448837529,0.0037642879295289988
8439,0,0.0217359844247846,0.025050103483964695,0.007771668058380973,0.023393043954374648,0.014753826241582786
8440,0,0.0295825089475215,0.028069197363534748,0.01661650366915706,0.028825853155528124,0.02309950630833928
8441,0,0.0027778501501538,0.0015628233316243231,0.00015500955468169544,0.0021703367408890616,0.0014664298524177477
8442,0,0.0005594659018903,0.000439078259496272,3.4683965808889535e-05,0.000499272080693286,0.00029707493384959475
8443,0,0.0005587148810138,0.0003424177297722244,1.8222344734164025e-05,0.0004505663053930122,0.000288468612873982
8444,0,0.0004982101628946,0.00041390800302569726,1.8222344734164025e-05,0.0004560590829601486,0.00025821625381438197
8445,0,0.0004894816324368,0.0003361824612250647,3.579481976389114e-05,0.0004128320468309324,0.0002626382261003456
8446,0,0.0002245262660156,0.0002961735786339809,1.8275023942121967e-05,0.00026034992232479043,0.00012140064497886098
8447,0,0.0004558231960469,0.00043227827598980986,3.4683965808889535e-05,0.00044405073601835497,0.0002452535809278948
8449,0,0.0004506477119449,0.00043946667170660756,3.4683965808889535e-05,0.00044505719182575375,0.00024266583887689477
8450,0,0.0024413152032064,0.0005787410175011466,0.000291897808443713,0.0015100281103537733,0.0013666065058250566
8451,0,0.0003639376517715,0.00040332011198621065,4.45950445358626e-05,0.0003836288818788553,0.0002042663481536813
8452,0,0.0003574968247338,0.00032739113648682375,3.987099101952229e-05,0.00034244398061031187,0.00019868390787666112
8456,0,0.0034338808799405,0.0017060867058235356,0.0008063426198226007,0.002569983792882018,0.0021201117498815506
8457,0,0.0003947297049418,0.0005198500015010896,3.13028091425107e-05,0.0004572898532214448,0.00021301625704215534
8458,0,0.0010599363078551,0.0010206976709578386,0.00014238759469364364,0.0010403169894064694,0.0006011619512743718
8459,0,0.0007781667039426,0.0012297485444593072,0.00046486022072253746,0.0010039576242009537,0.0006215134623325687
8460,0,0.0014618163279632,0.0005007488894153519,4.2293708119487976e-05,0.0009812826086892758,0.000752055018041344
8461,0,0.0025544258357447,0.0007667619616386432,0.00029092176806280983,0.0016605938986916716,0.001422673801903755
8462,0,0.0008008409204316,0.0006279599352494909,2.3285209751233358e-05,0.0007144004278405455,0.0004120630650914167
8463,0,0.0004063333090575,0.0006560702450495794,3.580122835868039e-05,0.0005312017770535397,0.0002210672687080902
8464,0,0.000339334399589,0.0005516976300343089,3.987099101952229e-05,0.0004455160148116545,0.00018960269530426114
8465,0,0.0016971169671264,0.0007153259504585707,7.759236964744919e-05,0.0012062214587924853,0.0008873546683869246
8466,0,0.0015927144012095,0.0005407275329470618,1.6185078846110246e-05,0.001066720967078281,0.0008044497400278051
8467,0,0.0003018141590582,0.0006621312234471336,1.8275023942121967e-05,0.00048197269125266676,0.000160044591500161
8468,0,0.0014103605578502,0.0007612594652155007,0.000291897808443713,0.0010858100115328504,0.0008511291831469565
8470,0,0.0090120334298465,0.00521418692229815,0.0024147574513792964,0.007113110176072325,0.005713395440612898
8471,0,0.0004523708064105,0.0006087430769649308,1.2936045315080813e-05,0.0005305569416877154,0.0002326534258627904
8473,0,0.0002767647197139,0.0010451636031993162,1.8275023942121967e-05,0.0006609641614566081,0.000147519871828011
8474,0,0.0003471398398424,0.000738686522437858,3.987099101952229e-05,0.000542913181140129,0.00019350541543096113
8475,0,0.0005104985121131,0.0007550094936686077,1.6185078846110246e-05,0.0006327540028908539,0.00026334179547960515
8476,0,0.0005671595587789,0.0007722842265287731,3.4683965808889535e-05,0.0006697218926538366,0.0003009217622938948
8478,0,0.0003404612882206,0.0006676352112003677,3.13028091425107e-05,0.0005040482497104838,0.00018588204868155535
8479,0,0.0080090598826543,0.004157595174990782,0.0024147574513792964,0.006083327528822541,0.005211908667016798
8480,0,0.0005805396735579,0.0008387160479188892,1.6185078846110246e-05,0.0007096278607383946,0.00029836237620200514
8481,0,0.0005986385425545,0.0010493237690960408,1.6185078846110246e-05,0.0008239811558252703,0.0003074118107003051
8482,0,0.0012688346967151,0.0013888750215842465,0.00033962206093651303,0.0013288548591496733,0.0008042283788258066
8483,0,0.0006385623496929,0.0008863260971014274,1.6185078846110246e-05,0.0007624442233971638,0.00032737371426950514
8484,0,0.0004855696471882,0.0005590198469990099,1.2936045315080813e-05,0.0005222947470936049,0.0002492528462516404
8485,0,0.0011545195687903,0.0014179577768840968,0.00015821697969360275,0.0012862386728371984,0.0006563682742419514
8486,0,0.0006082397352285,0.0008632314158653374,0.00014783531292892528,0.0007357355755469187,0.0003780375240787127
8487,0,0.0003542561827792,0.000742271399222507,3.4644309578818603e-05,0.0005482637910008535,0.0001944502461790093
8489,0,0.001202248376291,0.0012732294445864736,0.00016831987435351255,0.001237738910438737,0.0006852841253222562
8490,0,0.000567492445741,0.0010676831455638718,4.786010655850952e-05,0.0008175877956524359,0.0003076762761497548
8491,0,0.0038441002630557,0.0023517487827945374,0.0013780638127568335,0.0030979245229251187,0.002611082037906267
8492,0,0.0005507846214878,0.000924542222418215,4.073151390494514e-05,0.0007376634219530075,0.0002957580676963726
8493,0,0.0006506747815897,0.0011019028640484594,3.664260603204139e-05,0.0008762888228190797,0.00034365869381087073
8494,0,0.0004852743752822,0.00043963801620627174,1.4756889968068784e-05,0.0004624561957442359,0.0002500156326251344
8495,0,0.0006685566788007,0.0010059428183984394,1.9133219226061395e-05,0.0008372497485995697,0.0003438449490133807
8496,0,0.0018578475068494,0.0017616109527499129,0.0005105893389538614,0.0018097292297996565,0.0011842184229016307
8498,0,0.0006410679703991,0.0012727452531918501,3.664260603204139e-05,0.0009569066117954751,0.0003388552882155707
8500,0,0.000727799125458,0.0006083304682313268,1.4681951523862876e-05,0.0006680647968446634,0.00037124053849093143
8501,0,0.002745275989875,0.003217954350131567,6.076921708210403e-05,0.002981615170003283,0.001403022603478552
8504,0,0.0006052185932773,0.0010247851727114112,1.9133219226061395e-05,0.0008150018829943557,0.0003121759062516807
8505,0,0.0014396033908177,0.0018573185555744289,0.00025105983128784784,0.0016484609731960646,0.000845331611052774
8506,0,0.0005795023025027,0.0014095592742069333,7.359158945065188e-05,0.0009945307883548167,0.00032654694597667594
8507,1,0.0010443300893645,0.0006666766718135276,4.0625722499752996e-05,0.0008555033805890137,0.0005424779059321265
8510,0,0.0075418751406432,0.0019041992717237488,0.00032227714912548826,0.004723037206183474,0.003932076144884345
8511,0,0.0007967071304811,0.0013853006012496951,0.00012579934393398926,0.0010910038658653975,0.00046125323720754463
8512,0,0.00136861564973,0.0013657748806989536,0.00010999391826771912,0.0013671952652144768,0.0007393047839988595
8514,0,0.0005909079838167,0.0014353711128163667,3.838335894266199e-05,0.0010131395483165334,0.00031464567137968097
8516,0,0.0017959624517111,0.0023171503867255444,0.0002657811651810527,0.002056556419218322,0.0010308718084460764
8517,0,0.0055038071137729,0.0026446057823418783,0.0005962435942274211,0.004074206448057389,0.003050025354000161
8518,0,0.0053807116955665,0.0022068297767782017,0.00010445528432283494,0.0037937707361723506,0.0027425834899446676
8519,0,0.0115902533885591,0.0020678058643754022,0.0003816074561204478,0.006829029626467251,0.005985930422339774
8520,0,0.0013153860315991,0.0022838167220357985,0.000560794844659747,0.0017996013768174493,0.0009380904381294235
8522,0,0.0232079705591628,0.012204194979341196,0.0025056841712029327,0.017706082769252,0.012856827365182866
8523,0,0.0002451124340567,0.0006439764695165615,0.0005970501642358718,0.00044454445178663073,0.0004210812991462859
8524,0,0.000419198486729,0.0005269174654566837,1.2936045315080813e-05,0.0004730579760928419,0.0002160672660220404
8525,0,0.0005105082127138,0.000675470375352342,1.9029926975777212e-05,0.000592989294033071,0.00026476906984478863
8526,0,0.0012741557160756,0.0009514824376299526,0.00016030781462012743,0.0011128190768527762,0.0007172317653478637
8528,0,0.0004156274580721,0.00040092519406724285,1.2936045315080813e-05,0.00040827632606967143,0.0002142817516935904
8529,0,0.0005093799240857,0.0004506779884142822,3.4683965808889535e-05,0.0004800289562499911,0.0002720319449472948
8530,0,0.0034419080223328,0.000539935082034366,3.8683767602853095e-05,0.0019909215521835832,0.0017402958949678266
8532,0,0.0006738592710809,0.0006805067777869195,6.187184548486813e-05,0.0006771830244339098,0.00036786555828288405
8533,0,0.0021030593858585,0.0012156006573349615,0.0004101934187664767,0.0016593300215967308,0.0012566264023124883
8534,0,0.0004437453012707,0.0006084899410737525,3.4683965808889535e-05,0.0005261176211722263,0.00023921463353979478
8535,0,0.0010123289754224,0.0008162092209580178,0.00014238759469364364,0.0009142690981902089,0.0005773582850580218
8536,0,0.0004120781916696,0.00042619502523271873,3.0140769893045677e-05,0.0004191366084511594,0.00022110948078132286
8537,0,0.0009935287193694,0.0008631776749350888,7.917112902732683e-05,0.0009283531971522444,0.0005363499241983634
8538,0,0.0003001216648629,0.00046055017958126056,1.4341172331984854e-05,0.00038033592222208026,0.00015723141859744243
8539,0,0.0005127298667905,0.0006818247506911066,3.4683965808889535e-05,0.0005972773087408033,0.0002737069162996948
8540,0,0.000457091979293,0.0006932080217004582,3.4683965808889535e-05,0.0005751500004967291,0.00024588797255094475
8541,0,0.0009703725050698,0.0006380655126625432,4.2293708119487976e-05,0.0008042190088661716,0.000506333106594644
8542,0,0.0009496947139841,0.001432071584889915,0.00017296298155895545,0.0011908831494370075,0.0005613288477715277
8543,0,0.0004787369562264,0.0006687484252891824,3.4683965808889535e-05,0.0005737426907577912,0.00025671046101764474
8544,0,0.0023560028204437,0.0012992646244747918,0.0010915863173200338,0.0018276337224592458,0.0017237945688818668
8545,0,0.0006647673291852,0.000892052715067527,5.13759718391519e-05,0.0007784100221263635,0.0003580716505121759
8546,0,0.000473982282676,0.0004626538538321118,1.2936045315080813e-05,0.00046831806825405585,0.0002434591639955404
8547,0,0.0011739814415056,0.0010784216454725805,8.2880418054214e-05,0.0011262015434890904,0.0006284309297799071
8548,0,0.0004704497010158,0.0003197928805133012,3.37514487454508e-05,0.0003951212907645506,0.0002521005748806254
8550,0,0.0003048774276989,0.000913710634796283,1.8275023942121967e-05,0.0006092940312475916,0.000161576225820511
8551,0,0.0007099397612688,0.0013641848104467636,6.187184548486813e-05,0.0010370622858577817,0.00038590580337683405
8552,0,0.0005745587095224,0.0011591298604241023,4.250554589113637e-05,0.0008668442849732511,0.0003085321277067682
8553,0,0.0005808923770993,0.0009944543681692823,1.7784375018639706e-05,0.0007876733726342911,0.00029933837605896984
8554,0,0.0004728284574282,0.0007558449664381597,2.3854079300121166e-05,0.0006143367119331799,0.00024834126836416055
8557,0,0.0004786174707369,0.0008606566865171729,1.2936045315080813e-05,0.0006696370786270365,0.0002457767580259904
8558,0,0.0004265134511943,0.0006649644592708828,0.00013506074159451483,0.0005457389552325914,0.00028078709639440744
8560,0,0.0003382776522289,0.0011668453776533835,7.428089327933054e-05,0.0007525615149411417,0.00020627927275411527
8562,0,0.0021048325628991,0.0013291485985241962,8.397474868474551e-05,0.0017169905807116479,0.0010944036557919226
8563,0,0.0022193742962124,0.0014502957059969632,0.0010964961747076212,0.0018348350011046818,0.0016579352354600106
8564,0,0.0004930205915752,0.0009454029805755701,1.815092999475052e-05,0.0007192117860753851,0.0002555857607849753
8565,0,0.000560650608195,0.0006875471471408473,1.6185078846110246e-05,0.0006240988776679236,0.0002884178435205551
8568,0,0.0005783977415022,0.0007427799771342209,1.7820522030154742e-05,0.0006605888593182105,0.0002981091317661774
8570,0,0.0004233998362047,0.0013564157474710205,0.0003096201029621706,0.0008899077918378603,0.00036650996958343535
8571,0,0.0002894292372369,0.0006079284819263178,2.982825594334265e-05,0.0004486788595816089,0.00015962874659012133
8572,0,0.0033137483099073,0.001953273388096805,7.759236964744919e-05,0.002633510849002052,0.0016956703397773747
8573,0,0.0003835790506348,0.0006839588442033672,2.2956853599533354e-05,0.0005337689474190836,0.0002032679521171667
8574,0,0.0003985388696637,0.0012139128770563674,7.428089327933054e-05,0.0008062258733600336,0.00023640988147151525
8576,0,0.0033278921414516,0.0014287936307928498,0.0016650961112241556,0.002378342886122225,0.002496494126337878
8578,0,0.0003609121334801,0.0007587035259463194,3.3279669681037564e-05,0.0005598078297132097,0.00019709590158056877
8579,0,0.0004714926529396,0.0011903890478397025,2.7342221303959137e-05,0.0008309408503896512,0.00024941743712177957
8580,0,0.0004246948909672,0.0007201726415170959,2.2956853599533354e-05,0.000572433766242148,0.0002238258722833667
8581,0,0.0008400177707418,0.0010583093174877552,1.9133219226061395e-05,0.0009491635441147776,0.0004295754949839307
8582,0,0.0007063565933502,0.0009872338197655264,6.83890804244052e-05,0.0008467952065578633,0.0003873728368873026
8583,1,0.9604840857505496,0.9413712877295443,0.9952383779223696,0.9509276867400469,0.9778612318364596
8584,0,0.0006286594202609,0.0010954427280787916,0.00010236661805572238,0.0008620510741698458,0.0003655130191583112
8586,0,0.002147947840275,0.001026939391713176,0.0004480452667856397,0.001587443615994088,0.00129799655353032
8587,0,0.0005440611231477,0.000904229956778049,1.2175749913611695e-05,0.0007241455399628746,0.00027811843653065586
8588,0,0.0003118481562379,0.001197101852346446,3.3047541242671345e-05,0.000754475004292173,0.00017244784874028568
8589,0,0.002192769671629,0.0019420179180300726,0.00017947745293840766,0.0020673937948295362,0.0011861235622837038
8590,0,0.0009039380856143,0.0011444225498223415,0.00012973335651234253,0.0010241803177183208,0.0005168357210633212
8591,0,0.0006657066304243,0.0008193888042208659,7.468850657390115e-05,0.0007425477173225829,0.00037019756849910056
8592,0,0.00043959170343,0.001043194581995443,5.3110879225978195e-05,0.0007413931427127215,0.0002463512913279891
8593,0,0.0008344174989929,0.0011807018888780108,6.83890804244052e-05,0.0010075596939354554,0.0004514032897086526
8594,0,0.0003689751361465,0.0012323513327239652,3.3047541242671345e-05,0.0008006632344352326,0.0002010113386945857
8595,0,0.0025896147066925,0.0024098249274235543,0.000808446060088635,0.002499719817058027,0.0016990303833905676
8596,0,0.0008875255796527,0.0010392906363354468,5.048412983319807e-05,0.0009634081079940733,0.000469004854742949
8597,0,0.0041151760199163,0.0019345585889429945,0.00027916065081887414,0.0030248673044296474,0.002197168335367587
8598,0,0.0022844486450254,0.0021059748763857513,0.00036437050302782966,0.0021952117607055757,0.0013244095740266148
8599,0,0.00072738633999,0.0013212816470961827,7.468850657390115e-05,0.0010243339935430914,0.0004010374232819506
8600,0,0.0014524715611151,0.001276138328278348,6.0764111477341345e-05,0.001364304944696724,0.0007566178362962207
8602,0,0.0029463625107336,0.0017599078806112376,0.00019565670446484087,0.002353135195672419,0.0015710096075992204
8603,0,0.0169762620158196,0.02490876588238228,0.008900836601466481,0.02094251394910094,0.012938549308643042
8604,0,0.0634800915182762,0.04605344046673249,0.058078176940819425,0.054766765992504345,0.06077913422954781
8605,0,0.7236464437095763,0.23064762501862554,0.9987590549318697,0.47714703436410094,0.861202749320723
8606,0,0.0323059428717071,0.031789234458559,0.012692614976970924,0.03204758866513305,0.022499278924339013
8608,0,0.2063326824552542,0.5467086938679244,0.09008805391234748,0.37652068816158935,0.14821036818380084
8609,1,0.9467854584918024,0.9798582341607116,0.9986907897361882,0.963321846326257,0.9727381241139953
8610,1,0.0124995840568096,0.013888551052889386,0.0025895978924080987,0.013194067554849493,0.007544590974608849
8611,0,0.0003574412797721,0.00043520103152868626,2.084621320627562e-05,0.0003963211556503931,0.00018914374648918783
8612,0,0.0004992381846651,0.0002937647963956661,1.9029926975777212e-05,0.0003965014905303831,0.0002591340558204386
8613,0,0.0006494318605294,0.00041790024805089354,1.8222344734164025e-05,0.0005336660542901467,0.000333827102631782
8614,0,0.0010133715284183,0.0008020575939174276,0.00016895290029864956,0.0009077145611678637,0.0005911622143584748
8615,0,0.0004053543983007,0.00021224974498609294,1.2936045315080813e-05,0.00030880207164339646,0.0002091452218078904
8617,0,0.0028224965748058,0.0008673650444500117,0.00047714404256390947,0.0018449308096279058,0.0016498203086848548
8618,0,0.0006417344759849,0.0004161096615546581,4.255304732444171e-05,0.0005289220687697791,0.00034214376165467086
8619,0,0.0004930598138908,0.0005922065096309435,0.00017595659124214902,0.0005426331617608718,0.0003345082025664745
8620,0,0.0002127922974323,0.00025274672194218863,1.5734498902289695e-05,0.0002327695096872443,0.00011426339816729486
8621,0,0.000458936217287,0.0004571923289271436,1.6185078846110246e-05,0.0004580642731070718,0.00023756064806655511
8622,0,0.0014865736385418,0.00023891671412513046,6.513912618466566e-05,0.0008627451763334652,0.0007758563823632329
8623,0,0.0008109644843193,0.0005111056908229353,5.38194938377958e-05,0.0006610350875711176,0.0004323919890785479
8624,0,0.0004673035664793,0.00041573494193261504,1.6185078846110246e-05,0.0004415192542059575,0.00024174432266270513
8625,0,0.0004530513306143,0.000479525428444183,2.3854079300121166e-05,0.0004662883795292415,0.00023845270495721058
8626,0,0.0004113742859898,0.00013727959776141106,1.2936045315080813e-05,0.00027432694187560553,0.0002121551656524404
8627,0,0.0012806561720232,0.0007205617722653155,0.00017150430555444893,0.0010006089721442577,0.0007260802387888245
8628,0,0.002100126878312,0.0008176740130930056,0.0004101934187664767,0.0014589004457025026,0.0012551601485392382
8630,0,0.0004481358204143,0.0003711764355621575,1.6185078846110246e-05,0.00040965612798822874,0.0002321604496302051
8631,0,0.0028243129193099,0.0011900349030286334,0.0008337947913234205,0.002007173911169267,0.0018290538553166604
8632,0,0.0007666138702328,0.0002693587290712479,1.5734498902289695e-05,0.0005179862996520239,0.00039117418456754483
8633,0,0.0004725909384633,0.0004535931861614009,2.3854079300121166e-05,0.00046309206231235045,0.00024822250888171057
8634,0,0.0021283982483316,0.0011004266558126586,0.0004101934187664767,0.0016144124520721293,0.0012692958335490385
8635,0,0.0006148051568113,0.0007365649993762143,7.8045624775581e-05,0.0006756850780937571,0.0003464253907934405
8636,0,0.0022894103583631,0.000707328611620603,7.759236964744919e-05,0.0014983694849918516,0.0011835013640052747
8637,0,0.0024098897690559,0.0008797256925886616,0.0006644561287734314,0.0016448077308222806,0.0015371729489146657
8638,0,0.0005263365534858,0.0005431998636202743,1.6185078846110246e-05,0.0005347682085530372,0.00027126081616595513
8639,0,0.0005101842369989,0.0007865123450573556,2.3854079300121166e-05,0.0006483482910281278,0.0002670191581495106
8641,0,0.0010886381905829,0.0009653904699070688,0.00014238759469364364,0.0010270143302449843,0.0006155128926382718
8642,0,0.003294621625448,0.0011703095625117262,0.0008920517396546019,0.002232465593979863,0.002093336682551301
8644,0,0.0007164753177183,0.001176273376900495,4.228970017121447e-05,0.0009463743473093974,0.0003793825089447572
8645,0,0.0005066093057145,0.000657559165656078,1.9757495018917642e-05,0.0005820842356852891,0.0002631834003667088
8646,0,0.0004983385440413,0.0008510457468230625,2.3854079300121166e-05,0.0006746921454321812,0.0002610963116707106
8647,0,0.0005147025921639,0.0010032508112899695,3.480826615449476e-05,0.0007589767017269348,0.00027475542915919734
8648,0,0.0005188475554582,0.001019639107598912,2.8266778917912398e-05,0.0007692433315285559,0.00027355716718805616
8650,0,0.0099294833611883,0.004616489269059732,0.0008350604151767982,0.007272986315124016,0.005382271888182549
8651,0,0.0005093150396057,0.0012505554788007063,0.0006644561287734314,0.0008799352592032032,0.0005868855841895657
8653,0,0.0004756798306197,0.0004413736098805987,1.4756889968068784e-05,0.00045852672025014935,0.00024521836029388436
8654,0,0.0024928845037493,0.0017448974335696605,0.00036096133649790645,0.0021188909686594803,0.0014269229201236031
8655,0,0.0006805277475121,0.0008143289768663843,6.486484345318968e-05,0.0007474283621892422,0.0003726962954826448
8658,0,0.0005020933436697,0.0007788188037333493,0.00011485347598161052,0.0006404560737015247,0.00030847340982565526
8659,0,0.0004495558043176,0.0013516034389971197,5.5397020832831816e-05,0.0009005796216573599,0.0002524764125752159
8660,0,0.0022639886224625,0.0013371493446643359,0.00014515951953923724,0.001800568983563418,0.0012045740710008687
8661,0,0.0030273995075267,0.00213208977900067,0.0006357635227951995,0.002579744643263685,0.0018315815151609498
8663,0,0.0005074397951032,0.0005129434863368826,1.4681951523862876e-05,0.0005101916407200414,0.00026106087331353143
8665,0,0.0040281625767493,0.002414651727974521,0.000145900333996708,0.0032214071523619103,0.002087031455373004
8666,0,0.0022317160483493,0.0013319605618701512,0.00015821697969360275,0.0017818383051097257,0.0011949665140214515
8667,0,0.0008131596152322,0.0012288232558318297,0.00029520288517288063,0.0010209914355320147,0.0005541812502025403
8668,0,0.0007175747750776,0.0010631864830390808,6.354003923978008e-05,0.0008903806290583404,0.00039055740715869005
8669,0,0.0006118482803178,0.0008647275171467655,1.7820522030154742e-05,0.0007382878987322828,0.0003148344011739774
8670,0,0.0006977304242892,0.0009209908508365309,1.7679249381646716e-05,0.0008093606375628654,0.00035770483683542336
8671,0,0.0025414277247977,0.0025883041525309974,0.0016300786542150813,0.002564865938664349,0.0020857531895063907
8672,0,0.0005947877952539,0.0008399787782118228,5.3110879225978195e-05,0.0007173832867328615,0.0003239493372399391
8673,0,0.0031534944692748,0.002780765560783345,0.0010044094327803178,0.0029671300150290727,0.002078951951027559
8675,0,0.0057610383078307,0.0014542042782606942,0.0002442905449302471,0.003607621293045697,0.0030026644263804734
8676,0,0.0006666861559856,0.0013914597912984825,5.855589579090978e-05,0.0010290729736420414,0.0003626210258882549
8677,0,0.0004184594444644,0.0009506874817181794,3.3047541242671345e-05,0.0006845734630912897,0.00022575349285353568
8678,0,0.0106452293704253,0.0021809050936863303,0.0018444800176867133,0.006413067232055815,0.006244854694056007
8679,0,0.0006168944248393,0.0010434778072301943,6.94960190493577e-05,0.0008301861160347471,0.0003431952219443289
8680,0,0.0015968527756202,0.0021739200249495457,7.695600467960673e-05,0.0018853864002848727,0.0008369043901499033
8681,0,0.000829441248816,0.0009780265203639478,7.468850657390115e-05,0.0009037338845899739,0.0004520648776949506
8682,0,0.0029505193169468,0.0020355092579218944,0.0013442624652314147,0.002493014287434347,0.0021473908910891073
8683,0,0.0035375814252626,0.0016396302124247265,0.0006806539651283732,0.0025886058188436633,0.0021091176951954864
8684,0,0.0011838560105984,0.0009622733702044269,0.00019057975900017892,0.0010730646904014134,0.0006872178847992894
8685,0,0.000721983259361,0.0014358505078057586,8.331293537538457e-05,0.0010789168835833793,0.00040264809736819226
8687,0,0.0008914433661721,0.0007126405065248772,8.231930071870334e-05,0.0008020419363484886,0.0004868813334454017
8688,0,0.000812855675707,0.001212956956743212,2.9743263506417857e-05,0.001012906316225106,0.00042129946960670897
8689,0,0.0363135482818285,0.06289976764053755,0.023176784586241367,0.04960665796118302,0.029745166434034933
8690,0,0.0290890846776347,0.01726302677368087,0.020762911328224238,0.023176055725657785,0.024925998002929467
8691,1,0.0534277136666541,0.012649424594658818,0.0356356338347826,0.03303856913065646,0.04453167375071835
8693,0,0.0005054193834426,0.0003317166837877557,2.3854079300121166e-05,0.0004185680336151779,0.0002646367313713606
8694,0,0.0002835655272434,0.00039652382754933247,2.084621320627562e-05,0.0003400446773963662,0.0001522058702248378
8695,0,0.0007628290925037,0.00035218576480789126,7.973461153158616e-05,0.0005575074286557956,0.0004212818520176431
8696,0,0.0002579708905612,0.00019467686389400615,1.5734498902289695e-05,0.00022632387722760307,0.00013685269473174484
8697,0,0.0007403886911848,0.0005995273931325717,0.0001551908354178066,0.0006699580421586858,0.00044778976330130327
8698,0,0.0004354212003648,0.00020636837673935416,1.2936045315080813e-05,0.0003208947885520771,0.0002241786228399404
8699,0,0.0006206413452079,0.00030673736756530823,1.8222344734164025e-05,0.00046368935638660413,0.000319431844971032
8700,0,0.0004430092025942,0.0003222819722317317,2.3854079300121166e-05,0.00038264558741296585,0.0002334316409471606
8701,0,0.0004427619974964,0.00027375375865492947,1.6185078846110246e-05,0.00035825787807566476,0.00022947353817125512
8702,0,0.0002139151495571,0.0002763986495302496,1.5734498902289695e-05,0.0002451568995436748,0.00011482482422969486
8703,0,0.000650208340201,0.0004426709362957309,7.759236964744919e-05,0.0005464396382483654,0.00036390035492422457
8704,0,0.0033927263562861,0.0006541756459881061,0.0005547000212628698,0.002023451001137103,0.001973713188774485
8705,0,0.0014153216253203,0.00036321717113810324,9.345757072855449e-05,0.0008892693982292016,0.0007543895980244272
8706,0,0.0007458210088113,0.000551321106280399,1.6185078846110246e-05,0.0006485710575458495,0.00038100304382870513
8707,0,0.0020682255354617,0.00045420637900904043,0.00025048841318525147,0.0012612159572353702,0.0011593569743234757
8708,0,0.0002472588627116,0.00021329208108463243,1.5734498902289695e-05,0.00023027547189811623,0.00013149668080694485
8709,0,0.0021206358479737,0.0008942956153463687,0.0008337947913234205,0.0015074657316600344,0.0014772153196485603
8710,0,0.0004142987221194,0.00011512296654062073,1.2936045315080813e-05,0.00026471084433001035,0.0002136173837172404
8711,0,0.0002384549557044,0.0003108389202877034,1.1891251837612269e-05,0.0002746469379960517,0.00012517310377100613
8712,0,0.0004427260574974,0.00011636354246162939,1.2936045315080813e-05,0.0002795447999795147,0.0002278310514062404
8713,0,0.0004790136471315,0.0003836288178005054,1.6185078846110246e-05,0.0004313212324660027,0.0002475993629888051
8714,0,0.0004766557085785,0.001138688740626752,0.00014132276466343062,0.000807672224602626,0.0003089892366209653
8715,0,0.0002234918802353,0.0003450148404884465,1.5734498902289695e-05,0.00028425336036187325,0.00011961318956879485
8717,0,0.0004034796467344,0.00010454021839819319,1.2936045315080813e-05,0.0002540099325662966,0.0002082078460247404
8720,0,0.0003133573389304,0.0004459729075667571,2.084621320627562e-05,0.00037966512324857856,0.00016710177606833783
8721,0,0.0002931216548626,0.0004501142314287292,2.084621320627562e-05,0.0003716179431456646,0.00015698393403443782
8722,0,0.0003162402167857,0.0010311975559062318,2.7879834816755138e-05,0.0006737188863459659,0.00017206002580122756
8723,0,0.0020961435906083,0.0004489808691192405,0.00016895290029864956,0.0012725622298637702,0.0011325482454534748
8724,0,0.0004947169798365,0.0007152058314469928,2.3854079300121166e-05,0.0006049614056417463,0.0002592855295683106
8725,0,0.0005069176200119,0.00034104447562808144,1.6185078846110246e-05,0.00042398104781999073,0.0002615513494290051
8726,0,0.0010178081603478,0.0006497457142207477,2.3854079300121166e-05,0.0008337769372842739,0.0005208311198239606
8727,0,0.0005405707839962,0.0004343342280196346,1.6185078846110246e-05,0.0004874525060079173,0.0002783779314211551
8730,0,0.0020433990764883,0.0005186633702985105,0.00017592696016579447,0.0012810312233934053,0.0011096630183270472
8731,0,0.0004532423344383,0.0003444373212684475,1.6185078846110246e-05,0.00039883982785337375,0.00023471370664220512
8732,0,0.0003787586008115,0.0004619364188175134,2.6974712507504175e-05,0.0004203475098145067,0.0002028666566595021
8733,0,0.0007232432674964,0.0021562329539574427,0.00017595659124214902,0.0014397381107269214,0.0004495999293692745
8734,0,0.0003324317829608,0.0004893108089445428,2.982825594334265e-05,0.0004108712959526714,0.00018113001945207132
8735,0,0.0008221647861868,0.0020126380075560454,0.00012085550406185345,0.0014174013968714227,0.00047151014512432674
8736,0,0.0022088907028843,0.0007648284449092845,0.00034528243919911266,0.0014868595738967922,0.0012770865710417063
8737,0,0.0005300736463976,0.0006696522882208742,1.9133219226061395e-05,0.0005998629673092371,0.0002746034328118307
8738,0,0.0004846211552621,0.001076020036507325,7.428089327933054e-05,0.0007803205958847125,0.00027945102427071527
8739,0,0.0006334729675069,0.0009224810342698302,3.480826615449476e-05,0.0007779770008883651,0.00033414061683069733
8742,0,0.0005058990413248,0.0005799273983359862,1.9133219226061395e-05,0.0005429132198303932,0.0002625161302754307
8744,0,0.0027922317209736,0.001381853817463768,0.0010145716976588776,0.002087042769218684,0.0019034017093162389
8745,0,0.0006874960043871,0.001237672039169154,0.00017595659124214902,0.000962584021778127,0.0004317262978146245
8746,0,0.0009134938265511,0.0011770083810405292,0.00011678316243505088,0.0010452511037958145,0.0005151384944930754
8747,0,0.0007161603483974,0.0010100500640081555,4.8775374686706364e-05,0.0008631052062027778,0.0003824678615420532
8748,0,0.000368842485759,0.000654158379477173,5.264567604876715e-05,0.0005115004326180866,0.00021074408090388357
8749,0,0.0008329237128495,0.0012958095478834617,0.00010265970548332288,0.0010643666303664808,0.0004677917091664114
8751,0,0.000988876914356,0.0015721228774392727,0.00010105400541552657,0.0012804998958976365,0.0005449654598857633
8752,0,0.0003133584916713,0.0007877835765632938,3.3047541242671345e-05,0.0005505710341172969,0.00017320301645698568
8753,0,0.0023664550060628,0.0017718598145600758,3.084680005727803e-05,0.002069157410311438,0.001198650903060039
8754,0,0.0004482858296905,0.00018931699120389964,1.4756889968068784e-05,0.00031880141044719984,0.0002315213598292844
8755,0,0.0018611961354071,0.001950895759978957,0.0001232236934933342,0.0019060459476930285,0.0009922099144502171
8756,0,0.0004351824968117,0.0006642642368574741,2.2956853599533354e-05,0.000549723366834587,0.0002290696752056167
8758,0,0.0004852935439549,0.0007671834220624016,5.3110879225978195e-05,0.0006262384830086508,0.0002692022115904391
8760,0,0.0020953306847568,0.001937002210447111,0.00036096133649790645,0.0020161664476019557,0.0012281460106273532
8761,0,0.0023501697530108,0.0013261076699115678,0.00015010407126797928,0.0018381387114611838,0.0012501369121393896
8763,0,0.0042257181286394,0.0018988956633078711,0.00036950065943100756,0.0030623068959736354,0.0022976093940352037
8764,0,0.0008665736085493,0.0015636832791218005,8.331293537538457e-05,0.0012151284438355501,0.00047494327196234226
8765,0,0.0007343107953127,0.0008344181282150001,7.468850657390115e-05,0.0007843644617638501,0.00040449965094330057
8766,0,0.0032113390675961,0.0031671909521438987,0.0007611445733612853,0.003189265009869999,0.0019862418204786925
8767,0,0.0023935708430523,0.003433898891915855,0.00039787201338165474,0.0029137348674840775,0.0013957214282169774
8768,0,0.0014115747988517,0.0027708768704444472,4.244023483027543e-05,0.0020912258346480737,0.0007270075168409877
8769,0,0.0054423738826316,0.0018765406619973318,0.000980258303755626,0.0036594572723144658,0.003211316093193613
8770,0,0.000520398113782,0.001484503949006611,3.3047541242671345e-05,0.0010024510313943055,0.0002767228275123357
8771,0,0.000800897766998,0.0018964134151377046,5.3110879225978195e-05,0.0013486555910678523,0.00042700432311198913
8772,0,0.0118822070291708,0.009566121678186984,0.0014200368630453634,0.010724164353678893,0.006651121946108082
8774,0,0.0005168503784391,0.00029604717713158573,1.8222344734164025e-05,0.00040644877778534287,0.00026753636158663197
8776,0,0.0009960770266867,0.00026964942221345686,1.2936045315080813e-05,0.0006328632244500785,0.0005045065360008904
8778,0,0.0004823331317053,0.0003801125734936956,1.8222344734164025e-05,0.0004312228525994978,0.000250277738219732
8779,0,0.0003543246206029,0.00043386939138259645,2.384198675371211e-05,0.0003940970059927482,0.00018908330367830607
8781,0,0.0017778241731172,0.0003961550509571269,0.00025048841318525147,0.0010869896120371634,0.0010141562931512257
8784,0,0.0064250664215116,0.0013903206378256328,0.0006503680867315229,0.0039076935296686165,0.0035377172541215616
8785,0,0.0008030287649655,0.00044969253356909366,9.345757072855449e-05,0.0006263606492672969,0.00044824316784702726
8786,0,0.0016248171418634,0.0005458941090422526,0.00023281333444490591,0.0010853556254528263,0.0009288152381541529
8787,0,0.0019795711305081,0.0008724927875717722,0.00016895290029864956,0.001426031959039936,0.0010742620154033746
8788,0,0.0002190582454062,0.0004084107546120516,2.7879834816755138e-05,0.0003137345000091258,0.00012346904011147758
8790,0,0.0002479620122159,0.00020918330527109716,1.5734498902289695e-05,0.00022857265874349857,0.00013184825555909486
8791,0,0.0006182687657632,0.0007162118658098773,7.8045624775581e-05,0.0006672403157865386,0.0003481571952693905
8792,0,0.001216180919965,0.0007775809754766732,0.00016670890546419196,0.0009968809477208366,0.000691444912714596
8793,0,0.001086540355128,0.0011716115143243554,0.00014238759469364364,0.0011290759347261778,0.0006144639749108218
8795,0,0.000280722200442,0.0005591061607367046,2.084621320627562e-05,0.0004199141805893523,0.0001507842068241378
8796,0,0.0010532572463332,0.0006220149118844006,2.3854079300121166e-05,0.0008376360791088003,0.0005385556628166606
8797,0,0.0004503296963907,0.0012153267657413391,0.00014132276466343062,0.0008328282310660196,0.00029582623052706533
8798,0,0.0004615580471965,0.000195294668324776,1.2936045315080813e-05,0.000328426357760638,0.0002372470462557904
8799,0,0.0005400456594498,0.0003819196006565297,1.9029926975777212e-05,0.00046098263005316483,0.0002795377932127886
8800,0,0.0004334750990874,0.0003432186601799675,1.2936045315080813e-05,0.00038834687963368373,0.0002232055722012404
8801,0,0.0003622226475374,0.0004417983847440364,2.8319715375595927e-05,0.0004020105161407182,0.00019527118145649795
8802,0,0.0002976493971624,0.0008723282884173394,1.5734498902289695e-05,0.0005849888427898697,0.00015669194803234486
8803,0,0.0002820173465343,0.0006148708208198518,1.5734498902289695e-05,0.0004484440836770759,0.00014887592271829484
8805,0,0.0049275078714986,0.0019487787385628916,0.0003765381656065166,0.0034381433050307457,0.0026520230185525582
8806,0,0.0003144162229458,0.0005154153004261628,2.084621320627562e-05,0.0004149157616859814,0.0001676312180760378
8807,0,0.0002912159053667,0.0009459623079309083,1.5734498902289695e-05,0.0006185891066488042,0.00015347520213449486
8808,0,0.0004205665211802,0.00014749497891864473,1.2936045315080813e-05,0.00028403075004942237,0.0002167512832476404
8809,0,0.001120262158583,0.00038792196785304695,0.00010453258888281154,0.0007540920632180234,0.0006123973737329057
8810,0,0.0005060565047303,0.0005383070419199506,1.6185078846110246e-05,0.0005221817733251253,0.00026112079178820514
8811,0,0.0002706334550547,0.0005566501784595224,2.084621320627562e-05,0.00041364181675711124,0.00014573983413048783
8812,0,0.0005152251697529,0.00047885580334075073,1.6185078846110246e-05,0.0004970404865468254,0.00026570512429950513
8813,0,0.0013845698530933,0.0007771458544224315,9.361527014342985e-05,0.0010808578537578658,0.0007390925616183649
8814,0,0.0004571801308923,0.0006422932731379538,2.084621320627562e-05,0.0005497367020151269,0.00023901317204928782
8815,0,0.0004382648581508,0.0007219658756602679,6.617831964775015e-05,0.0005801153669055339,0.00025222158889927506
8816,0,0.0007847820621841,0.0012356073756990904,1.9133219226061395e-05,0.0010101947189415953,0.0004019576407050807
8817,0,0.0007745499538822,0.0009629766122299189,1.9550351596311738e-05,0.0008687632830560595,0.0003970501527392559
8818,0,0.0015816886489044,0.0008499054354772759,0.00027754332347851,0.0012157970421908379,0.000929615986191455
8819,0,0.0006830261674896,0.0008222830704235406,9.126647475941744e-05,0.0007526546189565703,0.0003871463211245087
8822,0,0.0004623335577535,0.0001714975322023181,1.4756889968068784e-05,0.00031691554497790907,0.0002385452238607844
8823,0,0.00059429192607,0.0008321672559274619,1.9133219226061395e-05,0.000713229590998731,0.0003067125726480307
8825,0,0.0006189851118257,0.0005532285522673205,6.336949046542681e-05,0.0005861068320465103,0.0003411773011455634
8826,0,0.0003577518401176,0.000582864676715873,2.2956853599533354e-05,0.0004703082584167365,0.0001903543468585667
8828,0,0.0008219629470113,0.002073632584540629,0.00021725286833637307,0.0014477977657759646,0.0005196079076738365
8829,0,0.0005692643412081,0.0006833362650226839,1.9133219226061395e-05,0.0006263003031153919,0.0002941987802170807
8831,0,0.0008867516194165,0.0011633476872853661,9.170688661535801e-05,0.0010250496533509331,0.000489229253015929
8832,0,0.0083532102792842,0.0017906861205227692,0.00036950065943100756,0.005071948199903484,0.004361355469357604
8834,0,0.0006038948439535,0.0016694053333661373,8.331293537538457e-05,0.0011366500886598185,0.00034360388966444226
8835,0,0.0004911044080073,0.0009916547445376859,6.274162020245695e-05,0.000741379576272493,0.00027692301410487844
8837,0,0.0032779279365404,0.0009576175537461958,0.00016867557193058668,0.0021177727451432977,0.0017233017542354933
8838,0,0.0005667441945615,0.0004550999220664482,1.2175749913611695e-05,0.0005109220583139741,0.00028945997223755587
8839,0,0.0023361626058453,0.0025954815837573465,0.0005448416423272062,0.0024658220948013234,0.001440502124086253
8840,0,0.0027086723325495,0.0012027172479678102,0.0005983782256203973,0.0019556947902586554,0.0016535252790849486
8841,0,0.0005268559823491,0.0007997633653371288,2.9743263506417857e-05,0.0006633096738431144,0.00027829962292775894
8844,0,0.0005560695613923,0.0006777192876443578,2.2956853599533354e-05,0.0006168944245183289,0.0002895132074959167
8845,0,0.0012121035669502,0.0018745188738630474,5.855589579090978e-05,0.0015433112204066238,0.000635329731370555
8846,0,0.14943369649579,0.07433004794521578,0.015746678634290797,0.11188187222050289,0.0825901875650404
8847,1,0.8854520921269382,0.9163849036380803,0.9530736365563248,0.9009184978825093,0.9192628643416315
8848,0,0.0007894335753723,0.00041931370639435885,2.3285209751233358e-05,0.0006043736408833294,0.0004063593925617667
8849,0,0.0009759063224398,0.0005630007777377286,7.917112902732683e-05,0.0007694535500887643,0.0005275387257335634
8852,0,0.0004639225512625,0.00034143664612971655,1.8222344734164025e-05,0.0004026795986961083,0.00024107244799833203
8853,0,0.0003107670884453,0.00042202663154261723,2.084621320627562e-05,0.0003663968599939586,0.00016580665082578783
8855,0,0.0004797683300016,0.0005630139215169044,5.429879722052363e-05,0.0005213911257592521,0.0002670335636110618
8856,0,0.0026687775205229,0.0009473677211625129,0.00036613655367138763,0.0018080726208427066,0.001517457037097144
8857,0,0.024387521004012,0.0016258711080171036,0.0007286039416286917,0.013006696056014552,0.012558062472820347
8859,0,0.0010405865441423,0.0005216703259072668,2.3854079300121166e-05,0.0007811284350247834,0.0005322203117212106
8860,0,0.0002869770663523,0.00027932945628164423,1.5734498902289695e-05,0.00028315326131697215,0.00015135578262729486
8861,0,0.0004570130997259,0.0003122344991085279,2.3854079300121166e-05,0.0003846237994172139,0.00024043358951301058
8864,0,0.0003253114869354,0.00048601745072448,4.185826183601029e-05,0.00040566446882993996,0.00018358487438570515
8867,0,0.0008256184541461,0.0006845993414494216,9.345757072855449e-05,0.0007551088977977608,0.00045953801243732727
8868,0,0.0004361498236464,0.0005897786732660409,2.3854079300121166e-05,0.0005129642484562204,0.00023000195147326058
8869,0,0.000509548184296,0.0006425951209230223,1.6185078846110246e-05,0.0005760716526095112,0.0002628666315710551
8870,0,0.00048447928267,0.0006399050593792826,2.3854079300121166e-05,0.0005621921710246413,0.00025416668098506056
8872,0,0.0004075261166077,0.0003608153810198014,1.2936045315080813e-05,0.0003841707488137507,0.0002102310809613904
8873,0,0.0002947771284503,0.0005428586927719546,2.084621320627562e-05,0.00041881791061112734,0.00015781167082828783
8874,0,0.000219209718749,0.0005533681418873066,1.5734498902289695e-05,0.00038628893031815334,0.00011747210882564486
8875,0,0.0003440217275282,0.0008316879009462581,1.8275023942121967e-05,0.000587854814237229,0.00018114837573516098
8876,0,0.0021428536951965,0.0012240399649851331,0.0011274631023974891,0.0016834468300908165,0.0016351583987969944
8877,0,0.0012335613338262,0.00047944914925701534,7.759236964744919e-05,0.0008565052415416077,0.0006555768517368246
8878,0,0.0007115757301835,0.001072520843592462,6.187184548486813e-05,0.0008920482868879809,0.00038672378783418407
8880,0,0.0004743658579354,0.0008992881152769561,3.4683965808889535e-05,0.000686826986606178,0.00025452491187214475
8881,0,0.000440504417169,0.0006346723605970448,1.2936045315080813e-05,0.0005375883888830224,0.0002267202312420404
8882,0,0.0003716795490266,0.0006895298989854412,2.5514080975827643e-05,0.0005306047240060206,0.0001985968150012138
8883,0,0.0016102066848547,0.0011238927918657711,0.0001917514974294646,0.0013670497383602355,0.0009009790911420823
8884,0,0.0005275315752776,0.00036564238435226503,1.6185078846110246e-05,0.00044658697981493254,0.0002718583270618551
8885,0,0.0003752673593899,0.0006829327993257251,2.5514080975827643e-05,0.0005291000793578125,0.0002003907201828638
8886,0,0.0005778634465729,0.000913095574969911,7.897222595688106e-05,0.0007454795107714055,0.00032841783626489057
8887,0,0.000617240543483,0.0010970093777015362,3.480826615449476e-05,0.0008571249605922682,0.0003260244048187474
8888,0,0.0005275576940345,0.0005614366300171336,1.815092999475052e-05,0.0005444971620258168,0.0002728543120146253
8889,0,0.0005207686102451,0.0007137706090873103,2.5201159793819864e-05,0.0006172696096662051,0.00027298488501945994
8890,0,0.0009584376850113,0.0013255261098997489,0.00017595659124214902,0.0011419818974555244,0.0005671971381267245
8891,0,0.0005515346109514,0.000814634971330991,1.6185078846110246e-05,0.0006830847911411956,0.00028385984489875515
8892,0,0.0005953054120724,0.0011913721938737372,0.0006078755677976805,0.0008933388029730686,0.0006015904899350403
8893,0,0.0003692554858612,0.0007169477630986276,3.3279669681037564e-05,0.0005431016244799138,0.00020126757777111877
8894,0,0.0023714391131328,0.0008810597993188239,7.413986629850761e-05,0.0016262494562258119,0.0012227894897156538
8895,0,0.0006081412129196,0.0005988747571109448,1.9133219226061395e-05,0.0006035079850152723,0.0003136372160728307
8896,0,0.0004223038886379,0.0006580555665424892,2.2956853599533354e-05,0.0005401797275901946,0.00022263037111871668
8897,0,0.0006758709874354,0.0010560942399590778,3.480826615449476e-05,0.0008659826136972389,0.0003553396267949474
8898,0,0.0005197946805277,0.0006909257991354956,2.5201159793819864e-05,0.0006053602398315978,0.00027249792016075994
8899,0,0.0005469721777126,0.001073071935070761,2.7342221303959137e-05,0.0008100220563916805,0.0002871571995082796
8900,0,0.0048409990222034,0.0006981606761262447,0.000291897808443713,0.0027695798491648225,0.0025664484153235566
8901,0,0.0014914407804868,0.001184625072736652,6.687189826895407e-05,0.001338032926611726,0.0007791563393778771
8902,0,0.0005051114857746,0.001143064368845183,9.989510302111145e-05,0.0008240879273098915,0.00030250329439785573
8903,0,0.000733253012467,0.0010400386486196529,6.354003923978008e-05,0.0008866458305433264,0.00039839652585339005
8905,0,0.0003405974531343,0.000802607235856681,6.33616509433586e-05,0.0005716023444954904,0.00020197955203882928
8907,0,0.0006270816482511,0.0016586618693289741,8.331293537538457e-05,0.001142871758790037,0.00035519729181324227
8909,0,0.0005495231525905,0.0009394463801747186,6.0743070938117526e-05,0.0007444847663826093,0.00030513311176430877
8910,0,0.0005263501595123,0.00033741047676823547,1.21139188570185e-05,0.00043188031814026776,0.00026923203918465926
8911,0,0.0005854101537726,0.000787561379589728,5.3110879225978195e-05,0.000686485766681164,0.0003192605164992891
8912,0,0.0016774404171047,0.0011263129199352898,0.0003028384607022177,0.0014018766685199948,0.0009901394389034588
8914,0,0.0006921138593229,0.0008018581874513739,5.835365637914149e-05,0.0007469860233871369,0.00037523375785102075
8916,0,0.0024076072267635,0.0016553572306155253,0.00014320317617217402,0.0020314822286895125,0.001275405201467837
8917,0,0.0096988626802611,0.004539976123436769,0.0003778738590118515,0.007119419401848934,0.005038368269636476
8918,0,0.0006273797975709,0.0006928214093310743,1.2175749913611695e-05,0.0006601006034509871,0.00031977777374225585
8919,0,0.0027491588774844,0.0038927610627750163,0.0005326050109234056,0.0033209599701297084,0.0016408819442039028
8920,0,0.0070654086168751,0.0032632705722279,0.004520668163564612,0.0051643395945515005,0.005793038390219856
8923,0,0.0012314315308938,0.0025623075563027224,5.0399226301835476e-05,0.0018968695435982613,0.0006409153785978177
8925,0,0.0005691392505884,0.000918750936327057,2.2956853599533354e-05,0.0007439450934577285,0.0002960480520939667
8926,0,0.0157697402826917,0.019627419834444944,0.002434700046704947,0.017698580058568322,0.009102220164698324
8927,1,0.9268646487434056,0.9971814017161691,0.9999687114430837,0.9620230252297873,0.9634166800932447
8929,0,0.021805941261958,0.026533964580696567,0.014611879436487491,0.024169952921327283,0.018208910349222746
8931,0,0.0003202292889399,0.000463364403178668,2.084621320627562e-05,0.00039179684605928397,0.00017053775107308782
8932,0,0.0005414035339091,0.0005997938444191891,5.429879722052363e-05,0.0005705986891641445,0.00029785116556481177
8933,0,0.0004195915755768,0.0002884794369739533,1.2936045315080813e-05,0.00035403550627537665,0.0002162638104459404
8934,0,0.0004377118035078,0.00028682152020188475,2.3854079300121166e-05,0.0003622666618548424,0.00023078294140396058
8935,0,0.0004093884406371,0.00021288833750442073,1.2936045315080813e-05,0.0003111383890707604,0.0002111622429760904
8936,0,0.0003212313741917,0.001150841889206022,0.0003096201029621706,0.000736036631698861,0.0003154257385769353
8937,0,0.0002691285238791,0.00020984265163026,1.5734498902289695e-05,0.00023948558775468,0.00014243151139069484
8938,0,0.0018459786547819,0.0004253587054179712,0.00025048841318525147,0.0011356686800999356,0.0010482335339835757
8939,0,0.0004091390775349,0.0002202996557762553,1.2936045315080813e-05,0.0003147193666555776,0.0002110375614249904
8940,0,0.0003365274432319,0.00020355039126771068,3.432837898767922e-05,0.00027003891724980536,0.0001854279111097896
8941,0,0.0005646361360658,0.0008013425604933898,7.759236964744919e-05,0.0006829893482795949,0.0003211142528566246
8942,0,0.0004718709930783,0.0003720373499619402,2.3854079300121166e-05,0.0004219541715201201,0.00024786253618921055
8943,0,0.0010949777124682,0.000863811342480355,0.000124037831424335,0.0009793945274742775,0.0006095077719462675
8944,0,0.000239774732047,0.00019044601293054182,1.5734498902289695e-05,0.0002151103724887709,0.00012775461547464485
8945,0,0.0004345739253289,0.00022222676962231448,1.2936045315080813e-05,0.0003284003474756072,0.0002237549853219904
8946,0,0.0004614854906304,0.00045797569702750175,1.6185078846110246e-05,0.00045973059382895085,0.00023883528473825512
8947,0,0.000357218843996,0.0005890745598096225,0.00017595659124214902,0.00047314670190281124,0.0002665877176190745
8948,0,0.0010177603895604,0.0004314522453987495,2.3854079300121166e-05,0.0007246063174795747,0.0005208072344302606
8949,0,0.0004299786402631,0.0005039160582297138,2.3854079300121166e-05,0.00046694734924640686,0.00022691635978161058
8950,0,0.0022394768275556,0.0009550981281571342,0.00015500955468169544,0.001597287477856367,0.0011972431911186476
8951,0,0.0012448876761362,0.0008064118107220798,0.0002940768403692724,0.0010256497434291399,0.0007694822582527362
8952,0,0.0007486031664182,0.0006197887026180734,5.700229984248985e-05,0.0006841959345181368,0.0004028027331303449
8953,0,0.0004558305919627,0.00042710694708669516,1.6185078846110246e-05,0.0004414687695246976,0.00023600783540440512
8954,0,0.0002310787417422,0.0003221811475532048,1.5734498902289695e-05,0.0002766299446477024,0.00012340662032224486
8955,0,0.0002990604874044,0.00047945265753170026,2.9857180711155064e-05,0.0003892565724680501,0.00016445883405777755
8956,0,0.0026859430143093,0.0011157993237683587,0.0008337947913234205,0.0019008711690388293,0.0017598689028163602
8957,0,0.0022489806032373,0.0011564913428262524,0.0008984536396607689,0.0017027359730317762,0.0015737171214490345
8958,0,0.0028550417493442,0.0013655411348412244,0.0008340304144815025,0.002110291442092712,0.0018445360819128512
8959,0,0.0008117075211432,0.0007543418898402049,0.0007546726173132154,0.0007830247054917025,0.0007831900692282077
8960,0,0.0007143820866311,0.0010956834351543545,8.878308874898316e-05,0.0009050327608927272,0.0004015825876900416
8965,0,0.0010500944937169,0.000458952390157169,1.6185078846110246e-05,0.0007545234419370345,0.0005331397862815051
8966,0,0.0004991941928971,0.0005666480881145601,1.6185078846110246e-05,0.0005329211405058301,0.0002576896358716051
8967,0,0.0005684615372923,0.000570261038033142,1.6185078846110246e-05,0.000569361287662721,0.0002923233080692051
8970,0,0.0011063629213752,0.0013029939004914539,0.00016831987435351255,0.001204678410933327,0.0006373413978643563
8971,0,0.0003962327463993,0.000664102034741267,3.134532279585874e-05,0.0005301673905702835,0.00021378903459757937
8972,0,0.0006741444436874,0.0004010014879158998,1.2936045315080813e-05,0.0005375729658016499,0.0003435402445012404
8973,0,0.0007711314710488,0.0011031893495224026,7.931046710806642e-05,0.0009371604102856013,0.0004252209690784332
8974,0,0.0015098679271617,0.0014214923040708827,0.0001456798347582669,0.0014656801156162913,0.0008277738809599835
8975,0,0.0004947780422636,0.0006013255808337189,1.4681951523862876e-05,0.0005480518115486595,0.00025472999689373144
8976,0,0.0005910111971008,0.0003633777289363024,1.2936045315080813e-05,0.0004771944630185512,0.0003019736212079404
8977,0,0.0005631485596909,0.0006766352360104762,1.6185078846110246e-05,0.0006198918978506881,0.00028966681926850514
8978,0,0.0007401553181075,0.00041536158055088227,1.2936045315080813e-05,0.0005777584493291911,0.00037654568171129044
8979,0,0.0011499642535002,0.0008746017698735128,7.413986629850761e-05,0.0010122830116868565,0.0006120520598993538
8980,0,0.0021644890181663,0.001285169205829088,0.00015902442165714167,0.0017248291119976939,0.0011617567199117208
8981,0,0.0004163991932083,0.0006176687450507078,5.264567604876715e-05,0.0005170339691295039,0.00023452243462853358
8982,0,0.0005891423431307,0.0008130168231138108,1.9133219226061395e-05,0.0007010795831222554,0.0003041377811783807
8984,0,0.0031713352572475,0.0018908211603740352,0.0009822836754769472,0.0025310782088107677,0.002076809466362224
8987,0,0.0006629245666345,0.0005680509682815585,1.9133219226061395e-05,0.0006154877674580293,0.0003410288929302807
8988,0,0.0003746041316726,0.0008866030812822606,3.3279669681037564e-05,0.0006306036064774303,0.0002039419006768188
8989,0,0.0005315902465913,0.0016969636054267611,0.00014132276466343062,0.0011142769260090305,0.0003364565056273653
8990,0,0.0007235825389182,0.0008607571145853674,4.791736570146086e-05,0.0007921698267517837,0.0003857499523098304
8991,0,0.0005440859338192,0.0007072138948461672,1.21139188570185e-05,0.0006256499143326836,0.0002780999263381092
8992,0,0.0017170052096283,0.0013238565356766374,0.0006975323559043892,0.0015204308726524686,0.0012072687827663446
8993,0,0.0005369283574699,0.0007805129164622276,1.2175749913611695e-05,0.0006587206369660639,0.00027455205369175586
8994,0,0.0005041639304927,0.000502411679980237,1.9133219226061395e-05,0.0005032878052364685,0.0002616485748593807
8995,0,0.0010313570592879,0.00238949308839659,0.00021263363120428342,0.001710425073842245,0.0006219953452460917
8996,0,0.0005860341193721,0.0009042789252276111,1.9133219226061395e-05,0.0007451565222998556,0.0003025836692990807
8997,0,0.0004673003580806,0.0015258368983346866,6.33616509433586e-05,0.0009965686282076432,0.0002653310045119793
8998,0,0.0005349953753379,0.000488607841001987,6.315254348051204e-05,0.0005118016081699435,0.000299073959409206
8999,0,0.0007209813808491,0.0016928877342245634,8.331293537538457e-05,0.0012069345575368316,0.00040214715811224226
9000,0,0.0010005038201813,0.0020444570754748824,8.331293537538457e-05,0.0015224804478280911,0.0005419083777783424
9001,0,0.0008138300252779,0.0011286241697759127,6.33616509433586e-05,0.0009712270975269063,0.0004385958381106293
9002,0,0.0007515967643049,0.001445790148884131,6.33616509433586e-05,0.0010986934565945154,0.0004074792076241293
9003,0,0.0019463086713844,0.0020053604988606614,6.33616509433586e-05,0.001975834585122531,0.0010048351611638793
9004,0,0.0032065025677308,0.0024069423887215684,0.0007611445733612853,0.002806722478226184,0.0019838235705460427
9007,0,0.0023617173500373,0.0019106201032929356,0.00043787907897822973,0.0021361687266651178,0.001399798214507765
9008,0,0.001977247170163,0.0019497865044493033,7.413986629850761e-05,0.0019635168373061517,0.001025693518230754
9010,0,0.0006437816737763,0.0023881815801918816,6.33616509433586e-05,0.0015159816269840907,0.0003535716623598293
9011,0,0.0015436133007929,0.0015595583678785427,0.00012637725263080454,0.0015515858343357215,0.0008349952767118523
9012,0,0.0010837015805868,0.0010678658919223002,5.048412983319807e-05,0.0010757837362545502,0.0005670928552099991
9013,0,0.002230219044275,0.003634539639353785,0.0009090285895375046,0.0029323793418143925,0.0015696238169062523
9014,0,0.0036998599071444,0.0033362888128623714,0.00037597377619971945,0.003518074360003386,0.00203791684167206
9015,1,0.9464384324761452,0.926901597202527,0.9421778552868302,0.9366700148393361,0.9443081438814878
9016,1,0.0131654308363815,0.009147632453035284,0.002221782449631095,0.011156531644708392,0.007693606643006297
9018,0,0.1072385098192804,0.013391710201349478,0.0328175291900907,0.06031511001031494,0.07002801950468555
9020,0,0.0003405623780598,0.0004463781267183912,1.5734498902289695e-05,0.00039347025238909556,0.00017814843848104484
9021,0,0.000343956177558,0.00033449303892374324,1.5734498902289695e-05,0.0003392246082408716,0.00017984533823014486
9022,0,0.0002594096227101,0.0004790158441712539,2.084621320627562e-05,0.00036921273344067695,0.00014012791795818782
9023,0,0.0005157300188445,0.00021149252921410938,1.7459209031288433e-05,0.0003636112740293047,0.0002665946139378942
9024,0,0.0004203661545391,0.00014873801103998984,1.2936045315080813e-05,0.0002845520827895449,0.0002166510999270904
9025,0,0.0020942155873643,0.0003404337825884522,0.00013201919739013002,0.001217324684976376,0.001113117392377215
9026,0,0.0008323263390434,0.0003890115167008614,2.6568468570478534e-05,0.0006106689278721307,0.0004294474038069393
9027,0,0.0016563580438915,0.001104414968093156,0.0006078755677976805,0.0013803865059923278,0.0011321168058445901
9028,0,0.000791517091694,0.00028046951068529,2.3285209751233358e-05,0.000535993301189645,0.0004074011507226167
9029,0,0.0010652159823512,0.0009922521021446043,0.00014238759469364364,0.0010287340422479021,0.0006038017885224218
9030,0,0.0003580195985755,0.0005669093114840752,2.084621320627562e-05,0.0004624644550297876,0.00018943290589088781
9031,0,0.0009982662772686,0.000610631803599244,7.398949000944188e-05,0.0008044490404339221,0.000536127883639021
9032,0,0.0006227252336074,0.0006627134539351171,0.000124037831424335,0.0006427193437712586,0.0003733815325158675
9033,0,0.0003458030758894,0.0004429490394150776,3.603940198894198e-05,0.00039437605765223877,0.000190921238939171
9034,0,0.0006914953405361,0.0009288688127671405,7.8045624775581e-05,0.0008101820766516202,0.00038477048265584047
9035,0,0.0006016915556529,0.00052969657441285,4.255304732444171e-05,0.000565694065032875,0.0003221223014886709
9037,0,0.0002550887841744,0.0003070312594129349,1.5734498902289695e-05,0.0002810600217936674,0.00013541164153834485
9038,0,0.000744337692751,0.0006917785005092166,0.000124037831424335,0.0007180580966301084,0.0004341877620876675
9039,0,0.0053029840783288,0.0008763297816192893,0.00010696275314291243,0.003089656929974045,0.002704973415735856
9040,0,0.0019420805600214,0.0007111669646074027,0.00016895290029864956,0.0013266237623144014,0.0010555167301600247
9041,0,0.0003049574452064,0.0004927068780140493,2.084621320627562e-05,0.00039883216161022467,0.00016290182920633783
9042,0,0.0063004511330722,0.003952268669467913,0.0005574360801738227,0.0051263599012700565,0.0034289436066230116
9043,0,0.0002564630633662,0.0005452567564887646,2.084621320627562e-05,0.00040085990992748226,0.00013865463828623782
9044,0,0.0020607140829793,0.0009821911292217564,0.00017631493158462854,0.0015214526061005282,0.0011185145072819642
9045,0,0.0017544725755516,0.0007803885076210767,0.00014238759469364364,0.0012674305415863384,0.0009484300851226218
9046,0,0.0004159154522536,0.00019518096587557308,1.2936045315080813e-05,0.00030554820906458655,0.0002144257487843404
9047,0,0.0015405141813518,0.0009287827097290762,0.0007546726173132154,0.0012346484455404382,0.0011475933993325077
9048,0,0.0010807426481417,0.0007520427639846088,2.3854079300121166e-05,0.0009163927060631544,0.0005522983637209106
9049,0,0.0020706812100617,0.0007364578920978652,0.00016895290029864956,0.0014035695510797824,0.0011198170551801746
9050,0,0.0002993046085942,0.0008095504969070511,1.5734498902289695e-05,0.0005544275527506256,0.00015751955374824486
9051,0,0.0002837957836914,0.0007311897665383011,2.684965090940838e-05,0.0005074927751148506,0.0001553227173004042
9052,0,0.0015738226694394,0.0012522100592733789,0.00014132276466343062,0.0014130163643563895,0.0008575727170514153
9054,0,0.0004281689800386,0.00016133735057883962,1.2936045315080813e-05,0.0002947531653087198,0.0002205525126768404
9055,0,0.0005384327992679,0.00046470962399356764,1.6185078846110246e-05,0.0005015712116307338,0.0002773089390570051
9056,0,0.0006992687866096,0.0015213375390820735,0.000124037831424335,0.0011103031628458366,0.0004116533090169675
9057,0,0.0007215164816566,0.0007260682743150056,1.6537938475227652e-05,0.0007237923779858028,0.0003690272100659138
9058,0,0.0002501779693791,0.0006630860855150938,1.5734498902289695e-05,0.0004566320274470969,0.00013295623414069486
9059,0,0.0021634292555805,0.0008832855700256202,0.000145900333996708,0.00152335741280306,0.001154664794788604
9060,0,0.0009117412265315,0.0011323118051371978,7.759236964744919e-05,0.0010220265158343489,0.0004946667980894747
9064,0,0.000908757555399,0.0005144461817876542,6.108287504014848e-05,0.0007116018685933271,0.0004849202152195742
9065,0,0.0010227441100235,0.0011723157264619999,7.759236964744919e-05,0.00109752991824275,0.0005501682398354746
9066,0,0.0008486252149424,0.0011113398766327684,0.00017595659124214902,0.0009799825457875843,0.0005122909030922746
9067,0,0.0007532966182128,0.0009051707594864354,1.6185078846110246e-05,0.0008292336888496177,0.00038474084852945515
9068,0,0.0024209559172803,0.0018257459564851913,0.0010964961747076212,0.002123350936882746,0.0017587260459939608
9071,0,0.001451970441443,0.001581795838564735,0.00019108247737934116,0.0015168831400038676,0.0008215264594111705
9072,0,0.0022562659847731,0.00229769806248467,0.00033706588424595554,0.0022769820236288848,0.0012966659345095277
9073,0,0.0003384059031988,0.001483234281700401,0.0003409585945891322,0.0009108200924496005,0.0003396822488939661
9074,0,0.0022332321407189,0.0004495335756317307,1.4681951523862876e-05,0.0013413828581753154,0.0011239570461213815
9075,0,0.0003797515868176,0.0006190794174087053,2.2956853599533354e-05,0.0004994155021131526,0.00020135422020856668
9077,0,0.0006647133082687,0.000983185583825578,1.665412705617555e-05,0.000823949446047139,0.00034068371766243777
9078,0,0.0035278861996094,0.005266395480762616,0.000999001054697894,0.0043971408401860075,0.002263443627153647
9079,0,0.0004545474472696,0.0012760257709314544,6.33616509433586e-05,0.0008652866091005272,0.0002589545491064793
9080,0,0.000532879104048,0.0010542890339063657,3.561914384177883e-05,0.0007935840689771829,0.00028424912394488944
9081,0,0.0053430778000562,0.0017815961067864517,0.0010392525187968614,0.003562336953421326,0.0031911651594265307
9082,0,0.0004601369540652,0.0013534997330542458,6.33616509433586e-05,0.0009068183435597229,0.0002617493025042793
9083,0,0.0029077272336714,0.0024710751767658794,0.0006918586907783536,0.00268940120521864,0.0017997929622248767
9084,0,0.0007158681859051,0.0008552463542620829,3.561914384177883e-05,0.0007855572700835914,0.0003757436648734394
9085,1,0.9958000351195324,0.9973924694332585,0.9999986335219112,0.9965962522763955,0.9978993343207219
9086,0,0.0047584889984085,0.002339451778322351,0.000145900333996708,0.003548970388365425,0.002452194666202604
9087,0,0.0009824749153309,0.0016488963276663031,7.631673362856952e-05,0.0013156856214986015,0.0005293958244797347
9088,0,0.003738650342577,0.006580784494637978,0.0012632034887861071,0.005159717418607489,0.0025009269156815537
9089,0,0.0017609778709433,0.0018382277720810857,0.00031836281429476333,0.0017996028215121929,0.0010396703426190316
9090,0,0.0008865755462356,0.002325514740713196,0.0006920963575836656,0.001606045143474398,0.0007893359519096328
9092,0,0.000553638816415,0.0006830726800220268,1.2175749913611695e-05,0.0006183557482185134,0.00028290728316430585
9093,0,0.000542398121109,0.001076530029817218,5.3110879225978195e-05,0.000809464075463109,0.00029775450016748914
9095,0,0.090473412719853,0.00425989327178632,0.004341369517940767,0.04736665299581966,0.047407391118896886
9096,0,0.0096473165203027,0.008203932172372676,0.0006297866382937664,0.008925624346337688,0.005138551579298233
9098,0,0.0212378537062339,0.013328130913459184,0.005941309500997952,0.01728299230984654,0.013589581603615924
9100,0,0.0005175782507997,0.0004800630914424626,1.8222344734164025e-05,0.0004988206711210813,0.000267900297766932
9101,0,0.0010567141839309,0.000644015008802487,6.706932705037453e-05,0.0008503645963666936,0.0005618917554906373
9102,0,0.0004572266247769,0.00035212140086697064,2.3854079300121166e-05,0.0004046740128219353,0.0002405403520385106
9103,0,0.0005360787655296,0.0004349626839919951,1.8222344734164025e-05,0.0004855207247607976,0.000277150555131882
9104,0,0.0004868817604903,0.0004245833778186475,1.8222344734164025e-05,0.00045573256915447375,0.000252552052612232
9105,0,0.0002804850097515,0.00021691235540818968,1.6181432782360215e-05,0.00024869868257984486,0.0001483332212669301
9106,0,0.0004122706070985,0.000195105062770284,1.2936045315080813e-05,0.000303687834934392,0.0002126033262067904
9107,0,0.0006268872619371,0.0005667566839253031,7.759236964744919e-05,0.0005968219729312015,0.00035223981579227457
9108,0,0.0007319121917163,0.0005064971199447482,2.9087788582833464e-05,0.0006192046558305242,0.00038049999014956674
9110,0,0.0004249298407267,0.0003501036651047991,1.2936045315080813e-05,0.00038751675291574957,0.0002189329430208904
9111,0,0.0009870179846541,0.0008235925574803768,0.00014238759469364364,0.0009053052710672384,0.0005647027896738718
9112,0,0.0018931032597426,0.0003963842279571266,0.00025048841318525147,0.0011447437438498634,0.0010717958364639256
9113,0,0.0004555697888931,0.0005458375445767931,2.3854079300121166e-05,0.0005007036667349466,0.0002397119340966106
9114,0,0.0007978973269798,0.0005412958813771906,5.700229984248985e-05,0.0006695966041784954,0.0004274498134111449
9115,0,0.0004623632403094,0.0005925066770348195,2.3854079300121166e-05,0.0005274349586721098,0.0002431086598047606
9116,0,0.0005440069468098,0.0005242735649850269,7.171392082641879e-05,0.0005341402558974135,0.0003078604338181094
9117,0,0.0004490225009973,0.0004169125413719857,1.6185078846110246e-05,0.00043296752118464284,0.00023260378992170512
9118,0,0.0003427836178134,0.00042487222230551907,2.4494681442180434e-05,0.0003838279200594595,0.0001836391496277902
9119,0,0.0004336567491088,0.0005765541389932496,2.3854079300121166e-05,0.0005051054440510247,0.00022875541420446058
9120,0,0.00022912444178,0.00046515757925365384,2.7879834816755138e-05,0.0003471410105168269,0.00012850213829837756
9123,0,0.0002254241059361,0.00040939339744144556,1.5734498902289695e-05,0.0003174087516887728,0.00012057930241919486
9124,0,0.0002753308120785,0.0005379624298518964,1.5734498902289695e-05,0.0004066466209651982,0.00014553265549039485
9125,0,0.0004338918157357,0.0006803639360206395,6.513912618466566e-05,0.0005571278758781697,0.0002495154709601828
9126,0,0.0005218830868094,0.0005108938372393264,1.6185078846110246e-05,0.0005163884620243632,0.0002690340828277551
9127,0,0.0004979838815923,0.0005202754630962201,1.6185078846110246e-05,0.00050912967234426,0.00025708448021920515
9128,0,0.0003601545174048,0.0013050276821903264,0.0003096201029621706,0.0008325910997975632,0.0003348873101834853
9129,0,0.0004824920656007,0.0005641876882180868,1.6185078846110246e-05,0.0005233398769093934,0.00024933857222340515
9130,0,0.0013963638951111,0.0010585263378524125,2.9087788582833464e-05,0.0012274451164817563,0.0007127258418469667
9131,0,0.0003041229021966,0.0005887508003551534,2.084621320627562e-05,0.00044643685127587675,0.00016248455770143783
9132,0,0.0003142281269767,0.00043322635691786054,3.067550662605666e-05,0.00037372724194728027,0.00017245181680137833
9134,0,0.0005743639413528,0.0006982925589991462,2.1598272792135776e-05,0.0006363282501759731,0.00029798110707246787
9135,0,0.0003989769949258,0.0007248650364913092,4.112366575086379e-05,0.0005619210157085546,0.0002200503303383319
9136,0,0.0010054201287656,0.0010274124792319257,0.00016831987435351255,0.0010164163039987628,0.0005868700015595563
9137,0,0.0004977925024832,0.0007955960743130654,4.783295192697849e-05,0.0006466942883981327,0.0002728127272050892
9138,0,0.0004199170695756,0.0008363158794810532,2.4356913379209013e-05,0.0006281164745283266,0.00022213699147740452
9140,0,0.0006339445912062,0.0009566290725218676,3.480826615449476e-05,0.0007952868318640338,0.00033437642868034735
9141,0,0.0038003617232927,0.0016464806540014945,0.0004736726021507771,0.0027234211886470973,0.0021370171627217386
9143,0,0.0004643314864843,0.0003509154658163325,1.815092999475052e-05,0.00040762347615031625,0.00024124120823952526
9144,0,0.0003688027982591,0.00074516470791657,3.3279669681037564e-05,0.000556983753087835,0.00020104123397006877
9145,0,0.0002985587046094,0.0004941752408747208,2.982825594334265e-05,0.0003963669727420604,0.00016419348027637133
9146,0,0.0004804436415792,0.00041349555673959247,1.4681951523862876e-05,0.0004469695991593962,0.00024756279655153144
9147,0,0.0004660223310386,0.0005435271518361702,1.4681951523862876e-05,0.0005047747414373851,0.00024035214128123142
9148,0,0.0009432186377556,0.0021208097660199124,0.00023281333444490591,0.0015320142018877562,0.000588015986100253
9149,0,0.0009128364402768,0.0007657362024699064,6.108287504014848e-05,0.0008392863213733532,0.00048695965765847425
9150,0,0.0012283096463037,0.0012765775379328169,0.00025614563212929676,0.0012524435921182583,0.0007422276392164983
9151,0,0.0021919217856444,0.0017618420041900563,0.000145900333996708,0.001976881894917228,0.001168911059820554
9152,0,0.0003459219135186,0.0004877826466933062,5.264567604876715e-05,0.0004168522801059531,0.00019928379478368358
9153,0,0.0022428728245646,0.0012685570787167133,0.0006369209503345723,0.0017557149516406567,0.0014398968874495862
9154,0,0.0005341539674955,0.0004107173321783582,1.4681951523862876e-05,0.0004724356498369291,0.00027441795950968145
9155,0,0.000480164555719,0.00041496837114420927,1.4681951523862876e-05,0.00044756646343160466,0.00024742325362143145
9157,0,0.0017668945313765,0.0015752929595526663,0.00010852713516201714,0.001671093745464583,0.0009377108332692586
9158,0,0.0005207148704079,0.0009698179941710181,9.134802267067093e-05,0.0007452664322894591,0.00030603144653928543
9159,0,0.0004088211921642,0.0005278917564049873,2.7119830941344455e-05,0.00046835647428459365,0.00021797051155277223
9160,0,0.0006071223957691,0.0006985365450482768,1.9133219226061395e-05,0.0006528294704086884,0.0003131278074975807
9161,0,0.0026868956734034,0.0011336081360375995,0.0003450501748304491,0.0019102519047204997,0.0015159729241169245
9162,0,0.0041033449657059,0.0018337009378331776,0.0010791675553861353,0.0029685229517695385,0.0025912562605460176
9163,0,0.0004713208062866,0.0007716244795838895,2.2956853599533354e-05,0.0006214726429352447,0.0002471388299430667
9164,0,0.0013965441015396,0.001905984942217745,0.00043787907897822973,0.0016512645218786726,0.0009172115902589149
9166,0,0.0256432478844235,0.009242536245902093,0.0004895736758533775,0.017442892065162797,0.013066410780138439
9169,0,0.0019152390109035,0.0013748131306819654,6.964112581064317e-05,0.0016450260707927327,0.0009924400683570716
9170,0,0.0014079115010012,0.002446851436555771,0.0006104230036445293,0.0019273814687784854,0.0010091672523228645
9171,0,0.0007369757176702,0.0013360600394128263,7.169138739119637e-05,0.0010365178785415132,0.0004043335525306982
9172,0,0.0008319652417324,0.0016579748283225527,6.507602351917533e-05,0.0012449700350274763,0.0004485206326257877
9173,0,0.0115468179805764,0.0030682690243904777,0.0004331072980677064,0.007307543502483439,0.005989962639322053
9174,0,0.000489780192908,0.0015158400444057276,3.3047541242671345e-05,0.0010028101186568639,0.0002614138670753357
9175,1,0.0025373250818133,0.003994293498508006,0.0010141608592395186,0.003265809290160653,0.0017757429705264093
9176,1,0.94020190331494,0.9302811450688439,0.9833026415083057,0.9352415241918919,0.9617522724116229
9177,0,0.0003127212160171,0.00047093231726199415,2.084621320627562e-05,0.00039182676663954705,0.00016678371461168782
9178,0,0.0002589739586535,0.00029076817890091,1.5734498902289695e-05,0.000274871068777205,0.00013735422877789486
9179,0,0.0020580140877907,0.001204356567238931,0.00015500955468169544,0.0016311853275148155,0.0011065118212361977
9180,0,0.0003349664139653,0.00024736362438200585,3.432837898767922e-05,0.0002911650191736529,0.0001846473964764896
9181,0,0.0004694482257238,0.00030474934604414,2.3854079300121166e-05,0.00038709878588397,0.0002466511525119606
9182,0,0.0004591741627928,0.0002936805514132008,2.3854079300121166e-05,0.0003764273571030004,0.00024151412104646058
9183,0,0.000606345571317,0.00032576266463244023,4.255304732444171e-05,0.0004660541179747201,0.0003244493093207209
9184,0,0.0004712589396078,0.00029272384649480903,2.3854079300121166e-05,0.00038199139305130454,0.0002475565094539606
9185,0,0.0002243363669519,0.0002772843995770778,1.8275023942121967e-05,0.0002508103832644889,0.00012130569544701098
9186,0,0.0005677416734293,0.0005394506177660242,5.325755112281327e-05,0.0005535961455976621,0.0003104996122760567
9187,0,0.0010519384936514,0.000584841771987063,0.0007546726173132154,0.0008183901328192315,0.0009033055554823077
9188,0,0.001855869014574,0.0003101616410496457,5.078652317421155e-05,0.001083015327811823,0.0009533277688741058
9189,0,0.0003155498823852,0.0004903558620716463,2.084621320627562e-05,0.00040295287222842316,0.00016819804779573782
9191,0,0.0004907036966764,0.0006350101908282317,4.3357841591231524e-05,0.0005628569437523159,0.0002670307691338158
9192,0,0.0004665976803829,0.0007161754460907186,0.00017595659124214902,0.0005913865632368094,0.0003212771358125245
9193,0,0.0004714435528357,0.0005123999475551723,1.6185078846110246e-05,0.0004919217501954361,0.00024381431584090513
9194,0,0.0004554745701744,0.0004039860790176283,1.6185078846110246e-05,0.00042973032459601415,0.0002358298245102551
9195,0,0.0007045666457384,0.0008767004461466002,7.8045624775581e-05,0.0007906335459425002,0.0003913061352569905
9196,0,0.0004279661916695,0.0003826476949572566,1.2936045315080813e-05,0.0004053069433133783,0.0002204511184922904
9197,0,0.0002131372348599,0.0002606724354240121,1.5734498902289695e-05,0.00023690483514195605,0.00011443586688109485
9198,0,0.0004996512230152,0.0005580165866841811,1.6185078846110246e-05,0.0005288339048496905,0.0002579181509306551
9199,0,0.0004265205300419,0.0003266922756124062,1.2936045315080813e-05,0.0003766064028271531,0.0002197282876784904
9201,0,0.0002092599039602,0.00031397011131544943,1.5734498902289695e-05,0.0002616150076378247,0.00011249720143124486
9202,0,0.0010098485354966,0.0009770855220958372,0.00014238759469364364,0.0009934670287962185,0.0005761180650951218
9203,0,0.0005178710220786,0.0007974102517295529,2.3854079300121166e-05,0.0006576406369040765,0.00027086255068936056
9204,0,0.0004360030771115,0.0004060491338224082,1.2936045315080813e-05,0.0004210261054669541,0.0002244695612132904
9205,0,0.0002946953945748,0.00047807465203190876,2.084621320627562e-05,0.0003863850233033544,0.00015777080389053783
9206,0,0.0002651316491355,0.0005496337492049239,2.084621320627562e-05,0.00040738269917021193,0.00014298893117088783
9209,0,0.0005025112639232,0.001394408357875883,3.432837898767922e-05,0.0009484598108995415,0.00026841982145543963
9210,0,0.0019029396022766,0.0020080656405947516,0.00017682476697183515,0.001955502621435676,0.0010398821846242176
9211,0,0.0259315395445179,0.027226016445924744,0.00010696275314291243,0.02657877799522132,0.013019251148830405
9213,0,0.0007843526083636,0.001357388256148828,0.00022991844489688899,0.0010708704322562141,0.0005071355266302445
9214,0,0.0003091795105584,0.0006836191817016054,2.084621320627562e-05,0.0004963993461300027,0.00016501286188233782
9215,0,0.0003276551817509,0.0007123726444079916,2.084621320627562e-05,0.0005200139130794458,0.00017425069747858783
9216,0,0.0003477350996697,0.0011170432840513702,1.5734498902289695e-05,0.0007323891918605351,0.00018173479928599486
9217,0,0.0004526295190804,0.00042113669274951223,1.6185078846110246e-05,0.0004368831059149561,0.00023440729896325512
9218,0,0.0005532745363506,0.0017796395446546837,0.00022930912586478287,0.001166457040502642,0.00039129183110769145
9219,0,0.002125499367453,0.0014642987355180097,0.0004848760666375479,0.001794899051485505,0.001305187717045274
9220,0,0.0029038639163865,0.0020402608292109693,0.0004831688388060224,0.0024720623727987347,0.0016935163775962613
9221,0,0.0034619151542396,0.0020660701880289008,0.0004848760666375479,0.0027639926711342504,0.001973395610438574
9222,0,0.0008253386067102,0.0008104713079613019,2.9087788582833464e-05,0.000817904957335751,0.00042721319764651674
9223,0,0.0004849943258255,0.000703693292178387,2.2956853599533354e-05,0.0005943438090019435,0.00025397558971251665
9224,0,0.0008033615073932,0.0012558686445662455,0.00017385272292827665,0.0010296150759797227,0.0004886071151607383
9225,0,0.00058367721136,0.0010729837156291913,1.9133219226061395e-05,0.0008283304634945957,0.0003014052152930307
9226,0,0.0009498814426462,0.0017695609550942785,0.000124037831424335,0.0013597211988702392,0.0005369596370352675
9227,0,0.0007139428899624,0.0016626075632814963,0.00014132276466343062,0.0011882752266219481,0.0004276328273129153
9229,0,0.0005642404395776,0.0009154689779274315,2.5201159793819864e-05,0.0007398547087525157,0.00029472079968570996
9230,0,0.0009521813057888,0.00159851315254976,7.759236964744919e-05,0.00127534722916928,0.0005148868377181246
9231,0,0.003709844433918,0.001935143137637644,0.00017296298155895545,0.002822493785777822,0.0019414037077384776
9232,0,0.0006224567424777,0.0009017455482032021,1.9133219226061395e-05,0.0007621011453404511,0.0003207949808518807
9235,0,0.0010288260036761,0.0020346557726705294,0.00014132276466343062,0.0015317408881733146,0.0005850743841697653
9236,0,0.0004262609126294,0.0007074583875585341,2.2956853599533354e-05,0.000566859650093967,0.00022460888311446667
9237,0,0.0006445987736606,0.002123377573689626,0.00028767615484851357,0.001383988173675113,0.0004661374642545568
9238,0,0.0008201450546613,0.000983883699161191,7.759236964744919e-05,0.0009020143769112455,0.0004488687121543746
9239,0,0.000447862504785,0.0006872890488190009,2.2956853599533354e-05,0.0005675757768020004,0.00023540967919226667
9240,0,0.0013193839202678,0.0022240855349020838,0.0002607732542697954,0.001771734727584942,0.0007900785872687977
9241,0,0.0029169535992877,0.002123092235727663,0.00045136782216160474,0.0025200229175076816,0.0016841607107246524
9242,0,0.0025056364376977,0.0010744100297330863,0.00014643848212152725,0.0017900232337153931,0.0013260374599096136
9245,0,0.0034711553540606,0.002959819847771333,0.003189506344437153,0.0032154876009159667,0.0033303308492488764
9246,0,0.0107611976480211,0.0064597781964087705,0.0012632034887861071,0.008610487922214936,0.006012200568403604
9247,0,0.0052784855648535,0.002474822155841679,0.00024145525534964636,0.00387665386034759,0.0027599704101015734
9248,0,0.0007892164264898,0.001238258631033788,7.468850657390115e-05,0.0010137375287617941,0.0004319524665318506
9249,0,0.0004017508447762,0.0016492509625566092,3.3047541242671345e-05,0.0010255009036664047,0.00021739919300943567
9250,0,0.0006098635115001,0.0017920335542650958,6.33616509433586e-05,0.001200948532882598,0.0003366125812217293
9251,0,0.0007135287404607,0.0018360334522803977,0.0003409585945891322,0.001274781096370549,0.0005272436675249161
9252,0,0.0026360650368842,0.0017285940831157118,0.0015958667211414962,0.002182329559999956,0.0021159658790128482
9253,0,0.0005580679617719,0.0011353806579053449,3.3047541242671345e-05,0.0008467243098386224,0.00029555775150728566
9254,0,0.0011297027725008,0.0008825015027078092,2.9743263506417857e-05,0.0010061021376043047,0.000579723018003609
9255,0,0.0019888448174454,0.0029189852798498796,0.00010811789957562862,0.00245391504864764,0.0010484813585105142
9256,0,0.0007537802595312,0.0026084418080460033,6.33616509433586e-05,0.0016811110337886016,0.00040857095523727933
9258,0,0.0664393794892718,0.004732036299946754,0.004341369517940767,0.03558570789460928,0.035390374503606284
9259,0,0.0010444295990634,0.0006070447740745347,0.00016030781462012743,0.0008257371865689673,0.0006023687068417637
9260,0,0.0006474441213606,0.0004794442683308345,0.00029995501813733844,0.0005634441948457172,0.0004736995697489692
9261,0,0.0034770623182297,0.0023732207135215323,0.00015500955468169544,0.002925141515875616,0.0018160359364556976
9262,0,0.0004281571321553,0.0005381115452950563,1.2936045315080813e-05,0.00048313433872517814,0.0002205465887351904
9263,0,0.0012749657640882,0.0007837545303140151,0.00018179231580396413,0.0010293601472011076,0.0007283790399460821
9264,0,0.0002065271020487,0.0003149645403923968,1.5734498902289695e-05,0.0002607458212205484,0.00011113080047549485
9265,0,0.0004689576352257,0.0004965664774856209,2.3854079300121166e-05,0.00048276205635566045,0.00024640585726291056
9266,0,0.00044245132865,0.0004962799651330793,6.513912618466566e-05,0.0004693656468915397,0.0002537952274173328
9269,0,0.0004671842468845,0.0006076104830874367,2.3854079300121166e-05,0.0005373973649859683,0.0002455191630923106
9270,0,0.0050345877549594,0.0010804777237015373,0.00035737624286669536,0.0030575327393304683,0.0026959819989130474
9271,0,0.0022617924763158,0.0009142387151283102,0.00025048841318525147,0.0015880155957220551,0.0012561404447505257
9272,0,0.0006470588970388,0.000711892248904999,5.13759718391519e-05,0.0006794755729718994,0.0003492174344389759
9273,0,0.0027768783545329,0.0012404747123773627,0.0005547000212628698,0.0020086765334551312,0.001665789187897885
9275,0,0.0012780389723185,0.0013044613748412065,0.0002940768403692724,0.0012912501735798533,0.0007860579063438862
9277,0,0.0003306629513567,0.0006377070521677465,2.084621320627562e-05,0.0004841850017622232,0.0001757545822814878
9278,0,0.0011148122788854,0.0008034451132546401,5.116921412695452e-05,0.00095912869607002,0.0005829907465061772
9279,0,0.0004123328480328,0.0007038335291078724,2.3854079300121166e-05,0.0005580831885703362,0.0002180934636664606
9280,0,0.0004958362493663,0.0003099005415043621,3.579481976389114e-05,0.0004028683954353311,0.00026581553456509556
9281,0,0.0002963779409303,0.0005262082103958185,2.084621320627562e-05,0.0004112930756630592,0.00015861207706828782
9282,0,0.0019832633764264,0.001149022631922074,7.917112902732683e-05,0.001566143004174237,0.0010312172527268634
9283,0,0.0007105231731615,0.0008764124971154904,8.92606939185907e-05,0.0007934678351384952,0.0003998919335400454
9284,0,0.000454819577593,0.00039492070253747095,1.2936045315080813e-05,0.0004248701400652355,0.0002338778114540404
9285,0,0.0002769630613903,0.0006486309942246839,2.084621320627562e-05,0.0004627970278074919,0.00014890463729828781
9286,0,0.0013110681509751,0.0013340595180786321,0.0002421941556785589,0.0013225638345268661,0.0007766311533268294
9287,0,0.0004616614149197,0.0005529535996279503,1.2936045315080813e-05,0.0005073075072738252,0.0002372987301173904
9288,0,0.000537782852657,0.0005735646678032873,3.9461085152587944e-05,0.0005556737602301436,0.000288621968904794
9289,0,0.0008001234675683,0.0009836404383441661,1.9133219226061395e-05,0.000891881952956233,0.0004096283433971807
9290,0,0.0030642998691213,0.0025268270232102798,0.0004588460220602029,0.00279556344616579,0.0017615729455907514
9292,0,0.0032095390259069,0.0033896023558007754,0.0007710554476590006,0.0032995706908538376,0.0019902972367829503
9293,0,0.0002653809205683,0.0010696331539726748,1.5734498902289695e-05,0.0006675070372704874,0.00014055770973529484
9294,0,0.0009553275714736,0.0014416461715047436,0.00011074460019697382,0.0011984868714891718,0.0005330360858352869
9296,0,0.0011867145265241,0.001321134179902201,0.00024281496115222733,0.0012539243532131506,0.0007147647438381637
9297,0,0.0004860742058169,0.0006308936616121242,1.4756889968068784e-05,0.0005584839337145121,0.0002504155478924844
9298,0,0.0005017873665978,0.0011573455995283492,2.5201159793819864e-05,0.0008295664830630747,0.00026349426319580995
9299,0,0.0026147782431932,0.0015671477202871369,0.0004848760666375479,0.0020909629817401684,0.0015498271549153739
9300,0,0.001997488994463,0.0011903063131319096,0.0004848760666375479,0.001593897653797455,0.001241182530550274
9301,0,0.0023607749185917,0.001459721356864244,0.0004848760666375479,0.001910248137727972,0.001422825492614624
9302,0,0.0005573315707679,0.0011176722419257875,3.507103527691651e-05,0.0008375019063468438,0.0002962013030224082
9303,0,0.0004634608394301,0.0015876002906982413,0.00017595659124214902,0.0010255305650641706,0.0003197087153361245
9304,0,0.0003794434827552,0.001484485175601593,5.5397020832831816e-05,0.0009319643291783965,0.0002174202517940159
9305,0,0.0005195397948846,0.0008568814607395487,1.9133219226061395e-05,0.0006882106278120743,0.00026933650705533073
9307,0,0.0006768410814795,0.0007859667461163985,3.655486728406945e-05,0.0007314039137979492,0.00035669797438178473
9308,0,0.0011581983456607,0.0018175442509389057,0.00016831987435351255,0.0014878712982998028,0.0006632591100071063
9309,0,0.0014514968999012,0.0017322871282903546,1.9550351596311738e-05,0.0015918920140957772,0.0007355236257487558
9311,0,0.0004177419591652,0.0007917903794215026,6.11455923872786e-05,0.0006047661692933513,0.0002394437757762393
9312,0,0.0005640791293364,0.0008553385959137907,1.9133219226061395e-05,0.0007097088626250954,0.0002916061742812307
9314,0,0.0012434725367499,0.0016170407137775353,7.413986629850761e-05,0.0014302566252637175,0.0006588062015242037
9315,0,0.0005158064296809,0.0004491488829092561,1.4756889968068784e-05,0.000482477656295078,0.00026528165982448435
9317,0,0.0011259694753427,0.0016280522458607248,0.00013333822259211994,0.0013770108606017124,0.0006296538489674099
9318,0,0.0008827674997106,0.001782531145233685,0.0001211342077599977,0.0013326493224721425,0.0005019508537352988
9319,0,0.0038083663523205,0.003817953317913012,0.0009989616434923486,0.003813159835116756,0.0024036639979064245
9320,0,0.0011133813868908,0.0015879366897336748,5.13759718391519e-05,0.0013506590383122374,0.000582378679364976
9321,0,0.0016377703538222,0.001932652232225858,0.00014837704911961562,0.0017852112930240292,0.0008930737014709078
9323,0,0.0009545132686178,0.001392992875877484,5.179015935353557e-05,0.001173753072247642,0.0005031517139856678
9324,0,0.0006722927092386,0.0020150337730644335,7.359158945065188e-05,0.0013436632411515169,0.000372942149344626
9325,0,0.0008049993493027,0.0010614428169741445,7.468850657390115e-05,0.0009332210831384223,0.00043984392793830056
9327,0,0.0008146505835986,0.0012164666846061086,7.468850657390115e-05,0.0010155586341023543,0.00044466954508625057
9328,0,0.0007601378795202,0.0011123909524860458,6.500295616012017e-05,0.0009362644160031228,0.00041257041784016006
9331,0,0.000638792042908,0.0009267609761180773,2.9743263506417857e-05,0.0007827765095130386,0.00033426765320720893
9332,0,0.0009573803952154,0.0015058021704752243,7.468850657390115e-05,0.001231591282845312,0.0005160344508946506
9333,0,0.0037512164693714,0.0031597892064439336,0.00031836281429476333,0.003455502837907667,0.002034789641833082
9335,0,0.0126264415104135,0.011087371974934035,0.0012394362441023195,0.011856906742673767,0.00693293887725791
9336,0,0.0229715903530099,0.04550365702600328,0.006795061380104042,0.034237623689506586,0.014883325866556971
9341,0,0.0004609054633564,0.0004913778981428739,2.3854079300121166e-05,0.0004761416807496369,0.0002423797713282606
9342,0,0.0022146852710972,0.0009017773732014712,0.00047970981808009866,0.0015582313221493356,0.0013471975445886492
9343,0,0.0004485380300169,0.0004098320421740211,1.8222344734164025e-05,0.00042918503609546056,0.00023338018737553202
9346,0,0.0006875654568335,0.0005691692092502224,1.8222344734164025e-05,0.0006283673330418611,0.000352893900783832
9347,0,0.000455408563496,0.00033980046378629633,1.8222344734164025e-05,0.00039760451364114814,0.00023681545411508202
9348,0,0.0006615181021843,0.0006946626080861903,1.6537938475227652e-05,0.0006780903551352451,0.0003390280203297638
9350,0,0.0009710814205793,0.00026077013439689846,1.2936045315080813e-05,0.0006159257774880992,0.0004920087329471904
9352,0,0.0002697839088184,0.00045310247800227143,2.7879834816755138e-05,0.00036144319341033574,0.00014883187181757756
9354,0,0.0019838576300551,0.0008584163981076984,7.398949000944188e-05,0.001421137014081399,0.001028923560032271
9356,0,0.0006081371861854,0.0006795499826050934,0.0008790226449347483,0.0006438435843952467,0.0007435799155600742
9357,0,0.0023985575899994,0.000937124728450926,0.00025048841318525147,0.001667841159225163,0.0013245230015923256
9358,0,0.0003001962537324,0.0005024152402954542,0.00023281333444490591,0.0004013057470139271,0.000266504794088653
9359,0,0.0010381200592384,0.000835255221746407,7.917112902732683e-05,0.0009366876404924035,0.0005586455941328634
9360,0,0.0003129210288203,0.0004464054709534987,3.807265955422953e-05,0.0003796632498868994,0.00017549684418726477
9361,0,0.0002992535680049,0.0004257629654923374,2.084621320627562e-05,0.0003625082667486187,0.0001600498906055878
9363,0,0.0004419622749887,0.0007575161423322625,2.3854079300121166e-05,0.0005997392086604812,0.0002329081771444106
9364,0,0.0004727712933066,0.0007426669774908256,2.3854079300121166e-05,0.0006077191353987128,0.0002483126863033606
9366,0,0.00284732017769,0.0015964620118508197,0.0005547000212628698,0.0022218910947704095,0.0017010100994764349
9367,0,0.0005698192418127,0.0007064731044637068,5.116921412695452e-05,0.0006381461731382035,0.0003104942279698273
9368,0,0.0005075203009472,0.0006066756986701418,1.6185078846110246e-05,0.0005570979998086709,0.00026185268989665513
9369,0,0.0005106403084217,0.0009811603773062449,2.3854079300121166e-05,0.0007459003428639724,0.0002672471938609106
9370,0,0.0004320022764874,0.00031145228671593,1.2936045315080813e-05,0.00037172728160166503,0.0002224691609012404
9371,0,0.0007040700408913,0.0009114800185225837,0.0001709012947726379,0.0008077750297069419,0.00043748566783196897
9372,0,0.0019862781912519,0.001664670749349656,0.0008984536396607689,0.001825474470300778,0.0014423659154563344
9374,0,0.0005013818209436,0.0006833673931801494,1.6185078846110246e-05,0.0005923746070618746,0.0002587834498948551
9375,0,0.0003015337860701,0.0005037801712713403,2.982825594334265e-05,0.00040265697867072014,0.00016568102100672133
9376,0,0.0021931141202731,0.0013418469553395363,0.0009822836754769472,0.0017674805378063182,0.0015876988978750237
9377,0,0.0003433687290589,0.0011817535475141198,0.0006644561287734314,0.0007625611382865099,0.0005039124289161656
9378,0,0.0004983699510406,0.0009457236247428412,2.5201159793819864e-05,0.0007220467878917207,0.00026178555541720995
9379,0,0.0003933652217995,0.0015525688808491007,2.1119979932547114e-05,0.0009729670513243004,0.00020724260086602355
9380,0,0.0019269094430741,0.001047359360047447,0.00037254344718311907,0.0014871344015607735,0.0011497264451286095
9381,0,0.0013065078817053,0.001175193620089146,0.00023176720941786564,0.001240850750897223,0.0007691375455615828
9382,0,0.0004991714125948,0.000628462329839801,1.9133219226061395e-05,0.0005638168712173005,0.0002591523159104307
9383,0,0.0004595686892898,0.00040783994914788833,1.815092999475052e-05,0.00043370431921884415,0.00023885980964227525
9385,0,0.0029597118404554,0.0014766022830288844,0.0003926901588820818,0.0022181570617421423,0.0016762009996687409
9386,0,0.0007501255312135,0.0011206385908123133,0.000124037831424335,0.0009353820610129067,0.0004370816813189175
9387,0,0.0009972607503854,0.004893321641229482,0.00014132276466343062,0.0029452911958074406,0.0005692917575244152
9388,0,0.0013245428400813,0.0015590947877200266,0.00025614563212929676,0.0014418188139006633,0.0007903442361052984
9390,0,0.0022838044421232,0.0018232214211094718,0.00014515951953923724,0.0020535129316163357,0.0012144819808312187
9391,0,0.0003898244770865,0.0006245814105761182,2.2956853599533354e-05,0.0005072029438313091,0.0002063906653430167
9392,0,0.0007948771833586,0.0016735176324941797,0.000124037831424335,0.00123419740792639,0.0004594575073914675
9393,0,0.0013553911724353,0.001780581039648638,0.00036437050302782966,0.001567986106041969,0.0008598808377315648
9394,0,0.0005139673917422,0.0006002906761480177,1.9133219226061395e-05,0.0005571290339451088,0.0002665503054841307
9395,0,0.0020595939749915,0.0027740327015244423,0.0006918586907783536,0.0024168133382579714,0.001375726332884927
9398,0,0.0018417839141875,0.0018195930668239665,0.00036096133649790645,0.0018306884905057333,0.0011013726253427032
9399,0,0.0007183777068627,0.0008295449748519594,1.2175749913611695e-05,0.0007739613408573297,0.0003652767283881558
9400,0,0.0005118303184385,0.0013391969055865582,6.33616509433586e-05,0.0009255136120125291,0.0002875959846909293
9401,0,0.0011184576390234,0.0014610811067490533,2.1805375611649177e-05,0.0012897693728862267,0.0005701315073175246
9402,0,0.0025281387694754,0.0017350152872185767,0.0001556295338552766,0.0021315770283469883,0.0013418841516653383
9404,0,0.0007370677580978,0.000829474830866673,1.21139188570185e-05,0.0007832712944822364,0.00037459083847740925
9406,0,0.0005049624725186,0.0007868583575031143,5.914620247242172e-05,0.0006459104150108571,0.0002820543374955108
9407,0,0.0029782259187302,0.007623437778340219,0.00018309360783615375,0.00530083184853521,0.001580659763283177
9408,0,0.0008348891713161,0.0015314979911135605,0.00012705318858603675,0.0011831935812148303,0.0004809711799510684
9409,0,0.0006117561264564,0.0006782869287420886,6.315254348051204e-05,0.0006450215275992443,0.000337454334968456
9410,0,0.0030650085449339,0.002933257400940804,0.0026309823880651625,0.002999132972937352,0.002847995466499531
9411,0,0.0014137354530301,0.002497363712600957,3.4315521454819936e-05,0.0019555495828155285,0.0007240254872424599
9413,0,0.0418080139964495,0.053819115017828885,0.1471319958978494,0.047813564507139195,0.09447000494714944
9414,0,0.0344688779901517,0.03366235958547288,0.03527055891532209,0.03406561878781229,0.0348697184527369
9416,0,0.0033907454041004,0.0007935261968185795,0.00031448881125080175,0.0020921358004594897,0.0018526171076756008
9417,0,0.000506586277044,0.00045942646052677213,1.9029926975777212e-05,0.00048300636878538604,0.0002628081020098886
9419,0,0.0006870034139601,0.0005609142701768323,1.8222344734164025e-05,0.0006239588420684661,0.000352612879347132
9420,0,0.0007575471456259,0.0008193181905272141,0.000124037831424335,0.0007884326680765571,0.0004407924885251175
9421,0,0.0003144442240619,0.00047683765495492886,2.084621320627562e-05,0.0003956409395084144,0.00016764521863408782
9422,0,0.0008089479014762,0.0008458905928186269,0.0001551908354178066,0.0008274192471474135,0.0004820693684470033
9424,0,0.0004532934762855,0.0002402436622000926,1.2936045315080813e-05,0.0003467685692427963,0.0002331147608002904
9425,0,0.0001922771838843,0.0002839951593234286,1.5734498902289695e-05,0.00023813617160386427,0.00010400584139329484
9426,0,0.0003249674663445,0.0003139892418012119,3.530344799548206e-05,0.000319478354072856,0.00018013545716999104
9427,0,0.0021681131418735,0.0009664185630284674,0.0004101934187664767,0.0015672658524509837,0.0012891532803199885
9428,0,0.0004439974684897,0.0005461242250108541,2.3854079300121166e-05,0.0004950608467502771,0.0002339257738949106
9430,0,0.0002824117740449,0.0005569658626695772,2.084621320627562e-05,0.0004196888183572386,0.00015162899362558782
9431,0,0.0004908227072941,0.00026460991405425965,3.9461085152587944e-05,0.00037771631067417985,0.000265141896223344
9432,0,0.0019730305714203,0.001000672015286604,0.00014369133814922983,0.0014868512933534522,0.001058360954784765
9433,0,0.0004052532947133,0.0002669762525214427,1.2936045315080813e-05,0.0003361147736173713,0.0002090946700141904
9434,0,0.0009989623279351,0.0010798235683497444,0.00015500955468169544,0.0010393929481424223,0.0005769859413083977
9435,0,0.0004427918215058,0.0007263526431351813,2.3854079300121166e-05,0.0005845722323204906,0.0002333229504029606
9437,0,0.0004253959543993,0.0005605389627577994,1.2936045315080813e-05,0.0004929674585785497,0.0002191659998571904
9438,0,0.0004593899602689,0.00044905125274090135,1.6185078846110246e-05,0.00045422060650490064,0.0002377875195575051
9440,0,0.0010495505581958,0.0011151163619572736,0.00021286014469797262,0.0010823334600765368,0.0006312053514468863
9441,0,0.0011981772231113,0.0007996238246641904,9.370604404126089e-05,0.0009989005238877453,0.0006459416335762804
9442,0,0.0008436688996737,0.0009723865880560848,5.38194938377958e-05,0.0009080277438648925,0.0004487441967557479
9443,0,0.0010793091730131,0.0009300155442011136,0.00014238759469364364,0.0010046623586071068,0.0006108483838533718
9444,0,0.0004392547968841,0.0008930141942987246,0.0001234802938141981,0.0006661344955914123,0.000281367545349149
9445,0,0.0038676052697801,0.001495427769252776,7.759236964744919e-05,0.002681516519516438,0.0019725988197137746
9446,0,0.0010510429294221,0.0008981343937578631,3.4254184340458914e-05,0.0009745886615899816,0.0005426485568812794
9447,0,0.001057681731542,0.0010775471556353456,0.00016831987435351255,0.0010676144435886729,0.0006130008029477563
9448,0,0.0031291930696162,0.0011996019672026324,0.0004848760666375479,0.0021643975184094163,0.001807034568126874
9450,0,0.0005098959580665,0.0007952764530961165,5.979624711709186e-05,0.0006525862055813082,0.0002848461025917959
9451,0,0.0004723616437863,0.0004920093677053126,1.6185078846110246e-05,0.0004821855057458063,0.00024427336131620513
9452,0,0.0004878933092128,0.00041049996176815084,1.4756889968068784e-05,0.0004491966354904754,0.00025132509959043437
9453,0,0.0008308700151037,0.0011447495778604518,0.0001709012947726379,0.000987809796482076,0.000500885654938169
9454,0,0.0022653944770409,0.0014687199608346432,0.0009181393930880211,0.0018670572189377716,0.0015917669350644604
9456,0,0.0006594812897274,0.0013873699605496097,5.13759718391519e-05,0.0010234256251385049,0.00035542863078327595
9458,0,0.00049911193747,0.0004310818998039488,3.579481976389114e-05,0.00046509691863697434,0.00026745337861694554
9459,0,0.0004587073126174,0.002091720679994589,0.00012085550406185345,0.0012752139963059944,0.00028978140833962673
9460,0,0.0005686881537256,0.0008822221409151863,1.9133219226061395e-05,0.0007254551473203931,0.0002939106864758307
9462,0,0.0014003757769297,0.0016929845189213963,0.00021111542134492046,0.001546680147925548,0.0008057455991373103
9463,0,0.0005418810949383,0.0015257678451815514,3.9755680991096794e-05,0.0010338244700599257,0.0002908183879646984
9464,0,0.0004897107789505,0.0005021384707298728,1.4756889968068784e-05,0.0004959246248401863,0.00025223383445928437
9466,0,0.0004217108315321,0.0008207105360830668,2.8097321037015083e-05,0.0006212106838075834,0.00022490407628455756
9467,0,0.0006195571493918,0.0012152456939231735,1.9133219226061395e-05,0.0009174014216574867,0.0003193451843089307
9468,0,0.0020401013609953,0.002009677257581894,0.0015998761948458507,0.0020248893092885967,0.0018199887779205754
9469,0,0.002419014113815,0.0020825655233159567,0.00014515951953923724,0.0022507898185654784,0.0012820868166771187
9470,0,0.0006202431792771,0.0009773137471556898,1.9133219226061395e-05,0.0007987784632163949,0.0003196881992515807
9471,0,0.0007293617901882,0.0009008144473236635,1.9133219226061395e-05,0.0008150881187559318,0.0003742475047071307
9472,0,0.0037563120763147,0.002266787058685787,0.00015010579626621056,0.0030115495675002435,0.0019532089362904554
9473,0,0.0022345184702159,0.0016514168998049365,0.00020035198389162337,0.0019429676850104183,0.0012174352270537616
9475,0,0.0015256206335263,0.0019411934369586831,0.0001007454375041917,0.0017334070352424916,0.0008131830355152459
9476,0,0.0005096789229762,0.0017544470686808396,7.359158945065188e-05,0.0011320629958285198,0.00029163525621342596
9477,0,0.0010650762279301,0.001719753439807037,5.179015935353557e-05,0.0013924148338685686,0.0005584331936418177
9478,0,0.0013201647470465,0.0010809839651315266,3.447212396843659e-05,0.0012005743560890131,0.0006773184355074683
9479,0,0.0014416489975734,0.0012790967238192827,7.644998887896843e-05,0.0013603728606963413,0.0007590494932261842
9480,0,0.0003517566635396,0.0014459626273362924,3.838335894266199e-05,0.0008988596454379462,0.000195070011241131
9481,0,0.0008392677908775,0.0010529521029275827,7.606406519064738e-05,0.0009461099469025413,0.0004576659280340737
9482,0,0.0039101700489811,0.004747326118577481,0.0014597671076412324,0.00432874808377929,0.002684968578311166
9483,0,0.0031128697442673,0.0013779106033304346,0.0006431560965474871,0.0022453901737988675,0.0018780129204073936
9484,0,0.0006175518967295,0.0009068847320413329,6.315254348051204e-05,0.0007622183143854164,0.00034035222010500604
9485,0,0.0023209312220844,0.0016771194044486318,1.21139188570185e-05,0.001999025313266516,0.0011665225704707092
9486,0,0.0007828544318699,0.0024106503021973386,7.359158945065188e-05,0.0015967523670336193,0.000428223010660276
9487,0,0.001250605497424,0.0021306426164153427,3.838335894266199e-05,0.0016906240569196712,0.0006444944281833309
9488,0,0.0053279654233467,0.010299360738703418,0.0008143593351455712,0.00781366308102506,0.003071162379246136
9489,0,0.0050082832144843,0.006392326549398665,0.004055402039476511,0.005700304881941482,0.004531842626980405
9490,0,0.0927154918195047,0.11150249063451326,0.055179858795952844,0.10210899122700898,0.07394767530772878
9491,0,0.0370867497189058,0.027058366084599998,0.04159450136657426,0.032072557901752896,0.03934062554274003
9492,0,0.0127171487968228,0.027958852580050163,0.006854353598115339,0.020338000688436483,0.00978575119746907
9493,0,0.0474390051864476,0.04403376398088443,0.04550278687083833,0.045736384583666016,0.04647089602864296
9494,1,0.9768394422296413,0.9953740939274648,0.9987335601863174,0.986106768078553,0.9877865012079794
9496,0,0.1314823473859419,0.4648357799065201,0.048589928467921435,0.298159063646231,0.09003613792693166
9497,0,0.340289078023998,0.12767242396506645,0.27762537557275174,0.23398075099453222,0.3089572267983749
9498,0,0.0008302984497637,0.0007167940878191981,4.2664767540315034e-05,0.000773546268791449,0.0004364816086520075
9499,0,0.0004690477690985,0.00047774997997315804,1.8222344734164025e-05,0.00047339887453582905,0.00024363505691633202
9500,0,0.0004357485347388,0.0006015826066508513,1.2936045315080813e-05,0.0005186655706948257,0.0002243422900269404
9501,0,0.0003414462119207,0.00044928868077717145,1.8976217535472748e-05,0.0003953674463489357,0.00018021121472808636
9502,0,0.0011984277984043,0.0011240272886636187,0.00016030781462012743,0.0011612275435339595,0.0006793678065122137
9503,0,0.0005597188060815,0.0011789948490382284,3.726093720650917e-05,0.0008693568275598642,0.00029848987164400457
9504,0,0.0005150916980786,0.0005660654542400296,1.8222344734164025e-05,0.0005405785761593148,0.000266657021406382
9505,0,0.0012830293708831,0.0008313699243335474,1.6185078846110246e-05,0.0010571996476083237,0.0006496072248646052
9506,0,0.0008924695032256,0.0007064839334384729,0.00016854340474706302,0.0007994767183320365,0.0005305064539863315
9507,0,0.0004665607513766,0.0006740924244336065,1.4126292055621439e-05,0.0005703265879051032,0.00024034352171611073
9508,0,0.000266443583744,0.00034444690922089285,1.8275023942121967e-05,0.00030544524648244643,0.000142359303843061
9509,0,0.0004632672764335,0.000411190630460763,4.3021368647342125e-05,0.0004372289534471315,0.0002531443225404211
9510,0,0.0004327477711493,0.0006661151702603404,1.4126292055621439e-05,0.0005494314707048202,0.00022343703160246072
9511,0,0.0002138088065574,0.00029742617747879625,1.8275023942121967e-05,0.0002556174920180981,0.00011604191524976099
9515,0,0.0003950981494669,0.0004625551770833449,3.987099101952229e-05,0.0004288266632751224,0.00021748457024321115
9516,0,0.0017130828740297,0.0012827232754257813,0.000912521196106951,0.0014979030747277406,0.0013128020350683255
9517,0,0.0019261457710865,0.0009047954239594867,0.00029092176806280983,0.0014154705975229934,0.001108533769574655
9518,0,0.0002555644281745,0.0003601042703876352,1.8275023942121967e-05,0.0003078343492810676,0.000136919726058311
9519,0,0.0004401585568446,0.0008430574034875151,3.4683965808889535e-05,0.0006416079801660576,0.00023742126132674478
9520,0,0.0004819292838215,0.0007755668648391752,3.4683965808889535e-05,0.0006287480743303376,0.0002583066248151948
9521,0,0.0023167597792723,0.0011916722937932596,0.0013389255601477911,0.00175421603653278,0.0018278426697100458
9522,0,0.0004525405018472,0.0006535921659392706,3.4683965808889535e-05,0.0005530663338932353,0.00024361223382804477
9523,0,0.0003087828003972,0.0006652605266992739,3.13028091425107e-05,0.00048702166354823694,0.00017004280476985533
9524,0,0.0004480175659873,0.0009445265485930319,1.2936045315080813e-05,0.0006962720572901659,0.0002304768056511904
9525,0,0.001692290765316,0.0006463652197913662,7.759236964744919e-05,0.001169327992553683,0.0008849415674817246
9526,0,0.0007841504484699,0.0010614763360041158,0.00011719045460235433,0.0009228133922370078,0.00045067045153612714
9527,0,0.0013730636972607,0.0014072325944573683,0.00014341518481548167,0.0013901481458590342,0.0007582394410380909
9528,0,0.0021334857905864,0.0008681117220522388,1.4126292055621439e-05,0.0015007987563193193,0.0010738060413210107
9529,0,0.0026451846305591,0.0018179113101566818,0.0004192195393222562,0.002231547970357891,0.001532202084940678
9530,0,0.0004635253415532,0.0011466565849043526,8.872402537379424e-05,0.0008050909632287763,0.0002761246834634971
9532,0,0.0005525330561025,0.0012551684369218013,1.9820989252225855e-05,0.0009038507465121507,0.00028617702267736295
9533,0,0.0022937254162031,0.002163168544354711,0.0007370885533298719,0.0022284469802789056,0.001515406984766486
9534,0,0.0005507994139533,0.0008318628335612532,3.13028091425107e-05,0.0006913311237572766,0.0002910511115479053
9536,0,0.0006099456492103,0.0008890378029120731,6.067781505142186e-05,0.0007494917260611866,0.0003353117321308609
9538,0,0.0005632346903972,0.0009395733564774245,6.410426132460125e-05,0.0007514040234373122,0.00031366947586090063
9539,0,0.0004237404306742,0.001336487411550549,6.434112741571516e-05,0.0008801139211123745,0.0002440407790449576
9540,0,0.0036799524528875,0.0016463955745808449,0.0010890860952574351,0.0026631740137341726,0.0023845192740724677
9541,0,0.000295398479501,0.0008099963103270811,4.115787907248234e-05,0.0005526973949140405,0.00016827817928674116
9542,0,0.000595730931432,0.0007836335532869627,1.6185078846110246e-05,0.0006896822423594814,0.00030595800513905514
9543,0,0.0008758388709795,0.0011043279440096849,3.655486728406945e-05,0.0009900834074945924,0.00045619686913178474
9544,0,0.0021610110914686,0.0013893373618017923,0.00024508287283105617,0.0017751742266351963,0.0012030469821498282
9545,0,0.0016889839854348,0.0005832665791468656,2.780414186970161e-05,0.0011361252822908328,0.0008583940636522507
9547,0,0.0004045848060904,0.0007491184434707681,3.647615783413037e-05,0.000576851624780584,0.0002205304819622652
9548,0,0.0006928866426739,0.0009620185951306933,1.3150013155244592e-05,0.0008274526189022966,0.00035301832791457226
9549,0,0.0004666678612112,0.0012896845773636514,5.119339915591454e-05,0.0008781762192874257,0.0002589306301835573
9550,0,0.0003568609895512,0.0006758648031965754,3.2810627848560826e-05,0.0005163628963738877,0.00019483580869988042
9551,0,0.0004601102495492,0.0011339487912608445,3.837810952174763e-05,0.0007970295204050222,0.0002492441795354738
9552,0,0.001310838223214,0.0020351993461099117,0.00016831987435351255,0.0016730187846619557,0.0007395790487837563
9553,0,0.0008435607674561,0.000990536650502329,4.115787907248234e-05,0.0009170487089792145,0.0004423593232642912
9554,0,0.0006870375407295,0.0009242580764738502,1.9133219226061395e-05,0.000805647808601675,0.0003530853799777807
9555,0,0.0022315204378905,0.0013151133540262201,0.00024355788979505235,0.00177331689595836,0.0012375391638427763
9556,0,0.0004026549659641,0.0013091523099695837,7.781087741603574e-05,0.0008559036379668419,0.00024023292169006788
9557,0,0.0030151356251266,0.0021746245593395118,0.0006426574435400949,0.002594880092233056,0.0018288965343333475
9558,0,0.0006176115244543,0.0010123018754513292,1.9133219226061395e-05,0.0008149566999528146,0.0003183723718401807
9559,0,0.0007596520283742,0.0012953917589447219,0.00013422151327410276,0.0010275218936594609,0.00044693677082415135
9560,0,0.0008860856962888,0.001048349206087189,1.9133219226061395e-05,0.0009672174511879946,0.00045260945775743073
9561,0,0.0009481619510057,0.0015335317596130336,0.0003673734919744743,0.0012408468553093668,0.0006577677214900871
9562,0,0.0052671254959715,0.0029266907349686263,0.0007025443935176666,0.004096908115470063,0.0029848349447445834
9563,0,0.0008001137516834,0.0017241103614028632,0.00017037557372480574,0.0012621120565431316,0.0004852446627041029
9566,0,0.0009771370572677,0.0011597705003266558,5.1310475521613224e-05,0.0010684537787971778,0.0005142237663946566
9567,0,0.0006192545312142,0.001155420604258067,1.5283643728299516e-05,0.0008873375677361335,0.00031726908747124977
9569,0,0.0007542012102635,0.0013653109877153921,6.068340034397485e-05,0.001059756098989446,0.0004074423053037374
9570,0,0.003247215897955,0.0025326271868338756,0.0002711977214231522,0.0028899215423944377,0.0017592068096890761
9571,0,0.003841142311324,0.003371264033398235,0.0020587838565477436,0.0036062031723611172,0.002949963083935872
9573,0,0.0016864506367695,0.003412044367578412,0.00015643856908360222,0.002549247502173956,0.000921444602926551
9574,0,0.0011012586358816,0.0022968614208828376,0.00023103761090569448,0.0016990600283822187,0.0006661481233936472
9575,0,0.0007331360627165,0.002187071904668957,9.234288999836149e-05,0.0014601039836927285,0.00041273947635743073
9576,0,0.0047180836144765,0.006501868280673829,0.0003024593165181342,0.005609975947575164,0.002510271465497317
9577,1,0.0636467526548032,0.03273046796970162,0.02688870540050352,0.04818861031225241,0.04526772902765336
9578,0,0.0031077529339956,0.0007661599115230077,0.0015874704462673572,0.0019369564227593038,0.0023476116901314788
9581,0,0.0018408940289615,0.0017460515451199147,1.8619619068160276e-05,0.0017934727870407073,0.0009297568240148301
9582,0,0.0013258558095764,0.0008319526911396692,0.0007477337239097114,0.0010789042503580345,0.0010367947667430557
9584,0,0.0030596609943413,0.0018413489721052503,0.0004618028284260978,0.002450504983223275,0.0017607319113836987
9586,0,0.0003386976844574,0.0004835725534093073,3.13028091425107e-05,0.00041113511893335364,0.00018500024679995533
9587,0,0.0034232653307505,0.000896042500680823,0.0014098395940572014,0.0021596539157156614,0.0024165524624038506
9589,0,0.000488340165382,0.0006534525222296187,1.6185078846110246e-05,0.0005708963438058093,0.0002522626221140551
9590,0,0.0003472174098125,0.0005611614158037182,3.13028091425107e-05,0.0004541894128081091,0.00018926010947750534
9591,0,0.002040821660125,0.001248720490397688,0.0004101934187664767,0.0016447710752613442,0.0012255075394457383
9592,0,0.000467442488884,0.00041201154155558054,4.3021368647342125e-05,0.00043972701521979027,0.00025523192876567106
9593,0,0.0029980403175477,0.0009222760652434012,0.00035415666287239126,0.0019601581913955505,0.0016760984902100455
9594,0,0.0022817764256392,0.0010581283252951888,0.0012515213176201923,0.0016699523754671944,0.001766648871629696
9596,0,0.0010092333270583,0.001948320732981831,0.00015500955468169544,0.0014787770300200656,0.0005821214408699977
9597,0,0.0003400543369662,0.0005257003556795448,3.13028091425107e-05,0.0004328773463228724,0.00018567857305435535
9598,0,0.0004300392261125,0.0006462467507284721,3.13028091425107e-05,0.000538142988420486,0.00023067101762750533
9599,0,0.0003595192433105,0.0005371804567411891,3.13028091425107e-05,0.00044834985002584454,0.00019541102622650533
9600,0,0.0002578551310698,0.0003698879902376794,1.8275023942121967e-05,0.0003138715606537397,0.000138065077505961
9601,0,0.0005138407774923,0.000770432967446221,1.9029926975777212e-05,0.0006421368724692605,0.00026643535223403863
9602,0,0.0018693822567619,0.0009782987870667415,0.0001803435033683049,0.0014238405219143208,0.0010248628800651025
9603,0,0.0004028077732675,0.0005976969128534643,3.13028091425107e-05,0.0005002523430604821,0.00021705529120500533
9605,0,0.000432003008541,0.000481474628203183,1.2936045315080813e-05,0.0004567388183720915,0.0002224695269280404
9607,0,0.0010488388188538,0.0013202039246458838,0.00014238759469364364,0.0011845213717498419,0.0005956132067737218
9608,0,0.0005627369778263,0.0010138188653881323,3.4683965808889535e-05,0.0007882779216072161,0.00029871047181759475
9609,0,0.000476625565072,0.0006437699879551118,1.6185078846110246e-05,0.0005601977765135558,0.0002464053219590551
9610,0,0.0004361101568746,0.0007437496064384872,3.13028091425107e-05,0.0005899298816565437,0.00023370648300855533
9611,0,0.0004880845209763,0.001333946481310918,1.2936045315080813e-05,0.000911015501143609,0.0002505102831456904
9612,0,0.0006051164489766,0.001015913210042384,0.00012259460453942645,0.0008105148295094919,0.00036385552675801324
9613,0,0.0003326377278153,0.0006764208411775528,3.13028091425107e-05,0.0005045292844964264,0.00018197026847890533
9616,0,0.0003083350935959,0.0007328056155116714,3.4644309578818603e-05,0.0005205703545537857,0.0001714897015873593
9617,0,0.0003052986593436,0.0010122561071242073,1.9584778181132133e-05,0.0006587773832339036,0.00016244171876236607
9618,0,0.0005335121113242,0.0007555670127164725,1.2936045315080813e-05,0.0006445395620203363,0.0002732240783196404
9620,0,0.002427154692456,0.0019951833458330052,0.0004192195393222562,0.0022111690191445026,0.0014231871158891282
9621,0,0.0005978329222902,0.0014897270311993501,2.1598272792135776e-05,0.001043779976744775,0.00030971559754116787
9622,0,0.0009979224007307,0.00200700159216601,7.759236964744919e-05,0.001502461996448355,0.0005377573851890746
9623,0,0.0008426877522001,0.0013326950263734248,3.655486728406945e-05,0.0010876913892867623,0.00043962130974208475
9624,0,0.002454516560968,0.001293224611826565,0.00040101112470132793,0.0018738705863972824,0.001427763842834664
9625,0,0.0004068769223703,0.0006639872027249422,3.447212396843659e-05,0.0005354320625476211,0.0002206745231693683
9626,0,0.0005663795149189,0.001112604590119332,1.9133219226061395e-05,0.0008394920525191161,0.00029275636707248073
9627,0,0.0030044456903675,0.004429507423312183,0.000145900333996708,0.0037169765568398415,0.0015751730121821039
9628,0,0.0004243777629458,0.000905246672566798,3.447212396843659e-05,0.000664812217756299,0.0002294249434571183
9629,0,0.0004274054990827,0.0008011782420236698,3.447212396843659e-05,0.0006142918705531849,0.0002309388115255683
9630,0,0.0008092639544411,0.0015860499690947968,0.00020436162291188076,0.0011976569617679483,0.0005068127886764904
9631,0,0.0004979676202501,0.0008669006381523757,1.4681951523862876e-05,0.0006824341292012378,0.0002563247858869814
9633,0,0.0022490044255035,0.002971749357100222,0.0004192195393222562,0.0026103768913018606,0.001334111982412878
9636,0,0.000485857660272,0.0012604544188353382,7.359158945065188e-05,0.0008731560395536691,0.00027972462486132595
9638,0,0.0011234120700543,0.0015093387666654243,7.359158945065188e-05,0.0013163754183598622,0.000598501829752476
9640,0,0.0009363182729168,0.0011305476795455708,4.0625722499752996e-05,0.0010334329762311854,0.0004884719977082764
9641,0,0.0011948736574823,0.0014355183021010035,7.359158945065188e-05,0.0013151959797916518,0.000634232623466476
9642,0,0.0049170730689729,0.00451142353955142,0.0018100488391625531,0.00471424830426216,0.0033635609540677265
9643,0,0.0027355213518123,0.0026846975288647287,0.001260751218353262,0.0027101094403385144,0.001998136285082781
9644,0,0.0007027435272046,0.002125975614373126,0.0001502495746116434,0.001414359570788863,0.0004264965509081217
9645,0,0.0007178625660141,0.001239095987451259,7.975035047040105e-05,0.0009784792767326795,0.0003988064582422505
9646,0,0.0045851763495576,0.002210921087774724,0.00043539385556645916,0.003398048718666162,0.0025102851025620293
9647,0,0.0007350929432669,0.0012631051656066922,7.975035047040105e-05,0.000999099054436796,0.00040742164686865054
9648,0,0.0007318815601715,0.0009823895780077274,0.00010711357394008558,0.0008571355690896137,0.0004194975670557928
9649,0,0.002207914381361,0.0026575835093126314,0.00029700731296784897,0.002432748945336816,0.0012524608471644245
9650,0,0.0008363668699632,0.0013731031251205082,5.179015935353557e-05,0.001104734997541854,0.0004440785146583678
9651,0,0.0016714304898497,0.0018731291468117085,0.0001223486531389503,0.0017722798183307043,0.0008968895714943252
9652,0,0.0005514956619471,0.0014311611252756456,3.838335894266199e-05,0.0009913283936113727,0.000294939510444881
9653,0,0.0007616593826352,0.0016985895813180546,7.606406519064738e-05,0.0012301244819766274,0.0004188617239129237
9654,1,0.8711717317818094,0.87725761038942,0.9775263617519797,0.8742146710856147,0.9243490467668946
9656,0,0.0132589727446879,0.00650996813901983,0.003974508608113922,0.009884470441853865,0.008616740676400912
9659,0,0.0262176608028997,0.03454743115053152,0.014673107602537407,0.030382545976715608,0.020445384202718554
9660,1,0.9874147786836288,0.9951545521951742,0.9994217114865794,0.9912846654394015,0.9934182450851041
9661,0,0.0224152761322248,0.03253716335726774,0.003866945711545202,0.027476219744746268,0.013141110921885
9662,0,0.0255489645226707,0.03864116555995646,0.005264123751624537,0.032095065041313584,0.015406544137147617
9664,1,0.9577763848226905,0.9799247969942185,0.9990539711274827,0.9688505909084545,0.9784151779750866
9665,1,0.9628831029316236,0.995181959775796,0.9985266493129196,0.9790325313537098,0.9807048761222716
9666,0,0.3166227072470533,0.22088711070893197,0.3097724298040049,0.26875490897799265,0.3131975685255291
9668,1,0.9714978189822152,0.9912825031469221,0.9979398398236479,0.9813901610645687,0.9847188294029315
9670,0,0.0272935445061298,0.018262214759165556,0.007995895687210952,0.022777879632647678,0.017644720096670376
9671,0,0.0753376884838177,0.02774144764089028,0.010846397163098818,0.05153956806235399,0.04309204282345826
9672,0,0.0386152213255107,0.04049548968167237,0.015800191112507616,0.03955535550359153,0.027207706219009156
9675,0,0.000471640665242,0.0005071023284364651,1.2936045315080813e-05,0.0004893714968392326,0.0002422883552785404
9676,0,0.0024241050045765,0.0012399547513234147,0.0004618028284260978,0.0018320298779499573,0.0014429539165012988
9677,0,0.0006999567026982,0.0014488738748301812,0.00021219835748116113,0.0010744152887641905,0.0004560775300896806
9678,0,0.0008742999123927,0.0006938935719810274,0.00020436162291188076,0.0007840967421868637,0.0005393307676522903
9679,0,0.0012787272114843,0.0014513566355600191,0.00046486022072253746,0.0013650419235221596,0.0008717937161034188
9680,0,0.0005234541342332,0.0006455423744753658,1.8222344734164025e-05,0.0005844982543542829,0.000270838239483682
9681,0,0.0005339955813002,0.0005733922355614033,0.00020436162291188076,0.0005536939084308017,0.0003691786021060404
9682,0,0.0003326305264951,0.0004323348414966711,3.987099101952229e-05,0.00038248268399588555,0.00018625075875731116
9683,0,0.0012488537426375,0.0013502836437958884,7.917112902732683e-05,0.0012995686932166942,0.0006640124358324134
9684,0,0.0029498558365392,0.0012761787502874769,0.0008063426198226007,0.0021130172934133384,0.0018780992281809002
9685,0,0.0020498407256141,0.0009723182069825463,0.0004101934187664767,0.0015110794662983231,0.0012300170721902884
9686,0,0.0030138004946541,0.0011640847539058133,0.0011251638788459118,0.0020889426242799566,0.0020694821867500057
9687,0,0.000348353785311,0.0005794354359593544,3.13028091425107e-05,0.00046389461063517726,0.00018982829722675535
9688,0,0.0004984886788308,0.0006923463922735412,3.4683965808889535e-05,0.0005954175355521705,0.0002665863223198448
9689,0,0.0018378184419437,0.0005110546114620053,0.0001533324136529488,0.0011744365267028526,0.0009955754277983244
9690,0,0.0030802330199588,0.0011388641572553013,0.00029092176806280983,0.002109548588607051,0.001685577394010805
9691,0,0.0004926147851458,0.000601502840737492,1.6185078846110246e-05,0.000547058812941646,0.0002543999319959551
9692,0,0.0004887345450453,0.0007867124062217905,3.4683965808889535e-05,0.0006377234756335453,0.0002617092554270948
9693,0,0.0002346926204346,0.0005016019523832868,3.238130764662175e-05,0.0003681472864089434,0.00013353696404061087
9694,0,0.0005763910466235,0.0006932079617535746,5.538629615741167e-05,0.0006347995041885373,0.0003158886713904558
9695,0,0.0003313064214666,0.0005942305582440865,3.13028091425107e-05,0.00046276848985534326,0.00018130461530455535
9697,0,0.0008459179563658,0.001381496236197325,5.38194938377958e-05,0.0011137070962815624,0.0004498687251017979
9698,0,0.0013757319486633,0.0013554601982530843,0.00024237996818251997,0.0013655960734581922,0.00080905595842291
9699,0,0.0088314764949489,0.001167700939761137,0.0010969342741640547,0.004999588717355018,0.004964205384556477
9700,0,0.0005026296173841,0.000764527054449627,1.6185078846110246e-05,0.0006335783359168634,0.0002594073481151051
9701,0,0.0024704384892383,0.0015212944185609902,0.0004192195393222562,0.001995866453899645,0.0014448290142802783
9702,0,0.0003301414246826,0.0009360929962435223,1.8275023942121967e-05,0.0006331172104630611,0.000174208224312361
9703,0,0.0005878980966113,0.0011199756739074674,3.4683965808889535e-05,0.0008539368852593837,0.0003112910312100948
9704,0,0.0008990178984388,0.0016119169674196454,0.00013588354074691917,0.0012554674329292228,0.0005174507195928596
9705,0,0.0004981515835312,0.0011105042921492302,3.4683965808889535e-05,0.0008043279378402151,0.00026641777467004477
9706,0,0.0004655655356064,0.0012414993987412903,1.2936045315080813e-05,0.0008535324671738451,0.0002392507904607404
9707,0,0.0004974449973344,0.0006277085581749587,1.2936045315080813e-05,0.0005625767777546793,0.0002551905213247404
9708,0,0.0005663022439734,0.0013959025946363003,3.4683965808889535e-05,0.0009811024193048501,0.0003004931048911448
9710,0,0.0006320142981933,0.001082629046497069,3.4683965808889535e-05,0.0008573216723451846,0.00033334913200109477
9711,0,0.0078199043792573,0.0046645138482808626,0.002883006713688136,0.006242209113769081,0.0053514555464727175
9712,0,0.00066403351256,0.0006673784749099392,1.6537938475227652e-05,0.0006657059937349697,0.0003402857255176138
9714,0,0.000453759672198,0.0013226258882320313,6.434112741571516e-05,0.0008881927802150156,0.0002590503998068576
9715,0,0.0007275391090271,0.0009057290079433749,5.13759718391519e-05,0.0008166340584852374,0.00038945754043312594
9716,0,0.0036821022478258,0.0030741526810218653,0.0009241470033222643,0.0033781274644238326,0.002303124625574032
9717,0,0.0014292902000576,0.001758819433365771,0.00025606441783625693,0.0015940548167116854,0.0008426773089469285
9720,0,0.0028474464018097,0.002451361274559167,0.0004848760666375479,0.0026494038381844336,0.001666161234223624
9723,0,0.0006087163848058,0.00168174087884961,0.00021219835748116113,0.001145228631827705,0.00041045737114348056
9724,0,0.0010071433158604,0.0013175959945204365,8.627362581631642e-05,0.0011623696551904183,0.0005467084708383582
9725,0,0.0042547498866716,0.002134322799550982,0.0001803435033683049,0.003194536343111291,0.0022175466950199525
9726,0,0.0012979753183552,0.0016324540344301102,0.0004588134199024478,0.0014652146763926553,0.000878394369128824
9727,0,0.00052404122016,0.0006386145835669004,1.4681951523862876e-05,0.0005813279018634502,0.0002693615858419314
9728,0,0.0006236670792028,0.0011229942802288742,4.9972656466725443e-05,0.0008733306797158371,0.0003368198678347627
9729,0,0.0006676787193487,0.0019346499823309046,4.8221900365888336e-05,0.0013011643508398024,0.0003579503098572942
9730,0,0.0009491461382686,0.0013351970508305047,1.6185078846110246e-05,0.0011421715945495524,0.00048266560855735513
9731,0,0.0006435091267881,0.0011908790572495982,1.9133219226061395e-05,0.0009171940920188491,0.0003313211730070807
9732,0,0.0008455946822437,0.0025624582664022944,0.00027494036291619405,0.001704026474322997,0.000560267522579947
9733,0,0.0043659897899164,0.003120114985496385,0.0005493424254755646,0.0037430523877063923,0.0024576661076959826
9734,0,0.0009791136827187,0.0013736890338705862,0.00013598395231339267,0.0011764013582946432,0.0005575488175160463
9735,0,0.0007470635625931,0.001128778652373915,9.238591072256064e-05,0.0009379211074835075,0.00041972473665783034
9737,0,0.0035226613753535,0.002653070021799509,0.0013780638127568335,0.0030878656985765043,0.002450362594055167
9738,0,0.002229339945611,0.0014906266919424995,0.00012284265105063662,0.0018599833187767497,0.0011760912983308184
9739,0,0.0008097106985765,0.0012364014320650099,7.975035047040105e-05,0.001023056065320755,0.0004447305245234505
9740,0,0.0006615850010845,0.0013782403590289116,7.468850657390115e-05,0.0010199126800567058,0.0003681367538292006
9741,0,0.000557087735633,0.0010253885032919547,3.447212396843659e-05,0.0007912381194624773,0.0002957799298007183
9743,0,0.0004914797379573,0.0010687567780223728,7.975035047040105e-05,0.0007801182579898364,0.00028561504421385054
9744,0,0.0029379471254695,0.001848853760084858,0.0001211342077599977,0.002393400442777179,0.0015295406666147489
9745,0,0.0006495146061476,0.0013244214162807478,7.359158945065188e-05,0.0009869680112141739,0.0003615530977991259
9746,0,0.0006921714078846,0.0013074774596402651,7.359158945065188e-05,0.0009998244337624325,0.0003828814986676259
9747,0,0.0021116159349555,0.0025956815435424327,0.000237973099295005,0.0023536487392489666,0.0011747945171252526
9748,0,0.001070782808802,0.0025000384752809665,0.00021607359291117055,0.0017854106420414832,0.0006434282008565852
9749,0,0.0043206303094994,0.001053720605411195,7.606406519064738e-05,0.0026871754574552976,0.0021983471873450234
9752,0,0.0013737529258457,0.001567519245058059,3.3519994828611805e-05,0.0014706360854518795,0.0007036364603371559
9753,0,0.0090285442572521,0.009387198495837183,0.001380551617170025,0.009207871376544642,0.005204547937211063
9754,0,0.014280394475536,0.017943404298627903,0.01138068257462019,0.016111899387081952,0.012830538525078095
9755,0,0.0140919433456895,0.009669516079751389,0.0017360170928321641,0.011880729712720445,0.007913980219260833
9756,0,0.0152043419370415,0.01119678994653622,0.004707573122448073,0.01320056594178886,0.009955957529744786
9757,0,0.0379204892582574,0.029056816455487054,0.02541287834986894,0.03348865285687223,0.03166668380406317
9758,0,0.0321926778216253,0.01876497096551336,0.018639932998740113,0.025478824393569327,0.025416305410182707
9759,1,0.0789203478876312,0.06522621186327805,0.013561462554489619,0.07207327987545463,0.04624090522106041
9760,0,0.0004534495472487,0.0004771481145757567,3.13028091425107e-05,0.00046529883091222835,0.00024237617819560534
9761,0,0.0007075504885457,0.0006281581335049828,6.747049745995004e-05,0.0006678543110253414,0.000387510493002825
9762,0,0.001740252729202,0.000699208338628538,0.0002703943839686708,0.001219730533915269,0.0010053235565853354
9764,0,0.0022760380700436,0.0006784139388495902,0.0005600414513519913,0.001477226004446595,0.0014180397606977956
9766,0,0.0004156693830192,0.0005230898540508227,1.2936045315080813e-05,0.0004693796185350113,0.0002143027141671404
9767,0,0.0004589620314413,0.0004503612576158871,1.8222344734164025e-05,0.00045466164452859356,0.00023859218808773203
9768,0,0.0003775887304409,0.0006152518493882819,3.13028091425107e-05,0.0004964202899145909,0.00020444576979170533
9769,0,0.0004175147378035,0.00031723929239320744,1.2936045315080813e-05,0.0003673770150983537,0.0002152253915592904
9771,0,0.0004345349928146,0.0003522643748844992,1.2936045315080813e-05,0.0003933996838495496,0.0002237355190648404
9773,0,0.000493753967655,0.0005536877690288481,1.6185078846110246e-05,0.0005237208683419241,0.0002549695232505551
9774,0,0.0004948648737238,0.00048669342420890326,3.4683965808889535e-05,0.0004907791489663516,0.0002647744197663448
9775,0,0.0021195927473869,0.0009251227220281987,0.0002563451605700702,0.0015223577347075494,0.0011879689539784851
9776,0,0.0005019006724963,0.0003303973139039744,3.579481976389114e-05,0.0004161489932001372,0.00026884774613009554
9777,0,0.0005262157532695,0.0007288707390691874,7.565602196612242e-05,0.0006275432461693437,0.0003009358876178112
9778,0,0.001377657897931,0.002271902457714148,0.00014238759469364364,0.001824780177822574,0.0007600227463123218
9780,0,0.000424013228632,0.0005572520277634339,1.2936045315080813e-05,0.0004906326281977169,0.0002184746369735404
9781,0,0.0002665018738417,0.0004385332504595104,1.879411934322107e-05,0.0003525175621506052,0.00014264799659246052
9782,0,0.0006530141807934,0.0008087385447787086,1.6185078846110246e-05,0.0007308763627860543,0.00033459962981975515
9783,0,0.0011073564688165,0.0011286641613557045,7.917112902732683e-05,0.0011180103150861022,0.0005932637989219134
9784,0,0.0004728650442078,0.0006440286932996945,1.6185078846110246e-05,0.0005584468687537473,0.00024452506152695513
9786,0,0.0004751007620968,0.00036407634627328214,1.2936045315080813e-05,0.0004195885541850411,0.0002440184037059404
9787,0,0.0013504879560166,0.0010290272352034445,0.00077165977446879,0.0011897575956100223,0.001061073865242695
9788,0,0.0008187707365976,0.0011199112387979921,0.00020916235108964844,0.0009693409876977961,0.0005139665438436242
9789,0,0.000533221068154,0.000966521790625379,3.4683965808889535e-05,0.0007498714293896894,0.00028395251698144476
9790,0,0.0012059690610379,0.0008446374579825229,3.655486728406945e-05,0.0010253032595102115,0.0006212619641609848
9792,0,0.0006576012626189,0.0009356184110354926,3.4683965808889535e-05,0.0007966098368271963,0.00034614261421389477
9794,0,0.0016170730772791,0.0013411089032692274,0.00013834655837995853,0.0014790909902741636,0.0008777098178295292
9796,0,0.0004457801612005,0.0008753032403131285,3.8364052785571535e-05,0.0006605417007568143,0.00024207210699303576
9797,0,0.0005702512957654,0.0010994444128547727,3.4683965808889535e-05,0.0008348478543100863,0.0003024676307871448
9799,0,0.0005112115240098,0.0009260344727243883,4.6584836783923335e-05,0.0007186229983670942,0.00027889818039686165
9800,0,0.0005513282627671,0.0006652932165306238,1.6185078846110246e-05,0.0006083107396488618,0.0002837566708066051
9801,0,0.0014152797847255,0.00171423928510448,0.000145900333996708,0.0015647595349149901,0.000780590059361104
9803,0,0.0010081443911666,0.0020342562146250533,0.0001803435033683049,0.0015212003028958268,0.0005942439472674525
9804,0,0.0007846706130467,0.0019412252623313398,0.00015285923574049796,0.00136294793768902,0.000468764924393599
9805,0,0.0004399550341952,0.0009538628623915688,3.3279669681037564e-05,0.0006969089482933845,0.00023661735193811879
9806,0,0.004394444723378,0.0038141023026819734,0.004801175822468258,0.004104273513029987,0.004597810272923129
9807,0,0.1949538534426447,0.655438000136712,0.00029365200460391327,0.4251959267896784,0.09762375272362431
9808,0,0.0006884984897921,0.003426453553252585,0.00037611574110166544,0.0020574760215223424,0.0005323071154468827
9809,0,0.0007335028223213,0.0009092328249688584,1.9133219226061395e-05,0.0008213678236450792,0.0003763180207736807
9810,0,0.0029195175849027,0.0022828751820890016,0.0004918959285097154,0.0026011963834958506,0.0017057067567062077
9811,0,0.0005293698838015,0.0019087629640119439,8.331293537538457e-05,0.001219066423906722,0.0003063414095884423
9812,0,0.0005805604042613,0.0007260776195369482,1.4681951523862876e-05,0.0006533190118991241,0.00029762117789258145
9814,0,0.0013205627006406,0.0023385766245626887,0.00016831987435351255,0.0018295696626016442,0.0007444412874970563
9815,0,0.0005327212166473,0.001576196197850908,6.507602351917533e-05,0.001054458707249104,0.0002988986200832377
9816,0,0.0011725999108826,0.000689907689964785,6.315254348051204e-05,0.0009312538004236924,0.000617876227181556
9817,0,0.0032400590455944,0.0008674081826589864,6.315254348051204e-05,0.0020537336141266934,0.0016516057945374562
9818,0,0.0005936172914784,0.0010145384226250866,2.8097321037015083e-05,0.0008040778570517432,0.0003108573062577075
9819,0,0.0005305287050371,0.002297133805183873,7.558273196727315e-05,0.0014138312551104865,0.0003030557185021866
9821,0,0.0013000037673826,0.0012984678855811492,7.340332196191881e-05,0.0012992358264818746,0.0006867035446722594
9823,1,0.9309018087206336,0.9644094508256744,0.9718761033379973,0.947655629773154,0.9513889560293154
9824,0,0.0009931293277795,0.0017365959995919319,3.838335894266199e-05,0.0013648626636857159,0.000515756343361081
9825,0,0.0008725208780556,0.0012213197776567112,7.468850657390115e-05,0.0010469203278561556,0.0004736046923147506
9826,0,0.0007813350265093,0.0024159862719080327,7.359158945065188e-05,0.0015986606492086664,0.00042746330797997594
9827,0,0.004199558889663,0.006904865449963092,0.0007726055956235599,0.005552212169813046,0.00248608224264328
9828,0,0.050625028972641,0.005434535244741792,0.00035459353740745626,0.028029782108691396,0.02548981125502423
9829,0,0.0039452035988489,0.006295286650339309,0.0008730193420007088,0.005120245124594105,0.0024091114704248044
9830,0,0.0714477123173535,0.03204135833049752,0.05486461798461332,0.051744535323925506,0.0631561651509834
9831,1,0.9535511468924788,0.9863872374169562,0.9989270976150159,0.9699691921547176,0.9762391222537473
9832,0,0.0395361083552369,0.030087050740072323,0.01661650366915706,0.03481157954765461,0.028076306012196982
9833,0,0.4102960085258406,0.16192017387815144,0.2358582767715298,0.286108091201996,0.3230771426486852
9834,0,0.1705860112445598,0.07874390813241176,0.029473488975273972,0.12466495968848579,0.10002975010991688
9836,0,0.000391132682024,0.0005960403250848351,2.5514080975827643e-05,0.0004935865035544175,0.0002083233814999138
9838,0,0.002506868830272,0.0008939669799486382,0.0011274631023974891,0.001700417905110319,0.0018171659663347444
9839,0,0.0013253152551302,0.0006977354851316789,0.00024237996818251997,0.0010115253701309395,0.00078384761165636
9840,0,0.0018249271560138,0.000852337068421374,0.00010915154477090434,0.001338632112217587,0.0009670393503923522
9841,0,0.0003075750338735,0.0005626635152946932,2.5514080975827643e-05,0.00043511927458409665,0.00016654455742466382
9842,0,0.0026244956711798,0.0014997843207580825,0.00016895290029864956,0.002062139995968941,0.0013967242857392246
9843,0,0.0006030375213646,0.0004332430257610863,4.1003486849267843e-05,0.0005181402735628431,0.00032202050410693394
9844,0,0.0008008126278214,0.0009503188740134706,0.0001899353321819411,0.0008755657509174352,0.0004953739800016705
9845,0,0.0004443242014927,0.0005079859200346756,2.3854079300121166e-05,0.0004761550607636878,0.00023408914039641058
9846,0,0.0010093532941706,0.0008789904791564349,0.00018237193699002094,0.0009441718866635174,0.0005958626155803104
9848,0,0.0019686451158686,0.0010496393409437654,7.917112902732683e-05,0.0015091422284061826,0.0010239081224479635
9850,0,0.0049761173822795,0.0019297442757284923,0.00010696275314291243,0.0034529308290039964,0.002541540067711206
9851,0,0.0004782748855197,0.00046149764974340887,1.6185078846110246e-05,0.00046988626763155443,0.0002472299821829051
9852,0,0.0010243191758827,0.0007109039361832762,0.0010969342741640547,0.0008676115560329881,0.0010606267250233773
9853,0,0.0020336208389696,0.0012876985063681736,0.0004101934187664767,0.0016606596726688868,0.0012219071288680381
9854,0,0.0002324406966169,0.0003624882999973677,1.8275023942121967e-05,0.00029746449830713383,0.000125357860279511
9855,0,0.0029813164504919,0.0016282764293797706,0.0004572081749039234,0.0023047964399358356,0.0017192623126979119
9856,0,0.0004447198416287,0.0005179086081763339,1.2936045315080813e-05,0.00048131422490251696,0.0002288279434718904
9858,0,0.0021210824924159,0.0016851675677802458,0.00015500955468169544,0.0019031250300980728,0.0011380460235487977
9859,0,0.0004597081030959,0.0005040398586293037,1.2936045315080813e-05,0.0004818739808626018,0.0002363220742054904
9860,0,0.0004948995240785,0.0005608287407411996,1.6185078846110246e-05,0.0005278641324098499,0.00025554230146230514
9862,0,0.0006133421507165,0.0007675939041075152,7.759236964744919e-05,0.0006904680274120076,0.00034546726018197456
9863,0,0.0011826293981666,0.0010411559970200832,3.908402896840309e-05,0.0011118926975933418,0.0006108567135675016
9864,0,0.0015437399290903,0.0035663654943321093,0.00017592696016579447,0.0025550527117112047,0.0008598334446280472
9865,0,0.0002804172940391,0.0009015379559685256,1.8275023942121967e-05,0.0005909776250038128,0.000149346158990611
9866,0,0.0087076433178422,0.0056471527127643865,0.00020436162291188076,0.007177398015303293,0.00445600247037704
9868,0,0.0005645880110034,0.0017060438684975297,0.00018820979828708482,0.001135315939750465,0.0003763989046452424
9869,0,0.0005756902752798,0.0012322826192225078,3.4683965808889535e-05,0.0009039864472511539,0.0003051871205443448
9871,0,0.0031061339803155,0.0009252153657908898,0.000291897808443713,0.002015674673053195,0.0016990158943796065
9872,0,0.0006672544556128,0.0010238133230201277,5.13759718391519e-05,0.0008455338893164639,0.00035931521372597596
9873,0,0.0035353222963047,0.001683008760206273,0.0016456178608887397,0.0026091655282554863,0.00259047007859672
9875,0,0.0003340795655607,0.0007590403739921832,3.4644309578818603e-05,0.0005465599697764416,0.0001843619375697593
9876,0,0.0020882258852337,0.0024925739051458056,0.00015902442165714167,0.002290399895189753,0.001123625153445421
9877,0,0.0008692342458871,0.0021843165855477405,9.507047319958281e-05,0.0015267754157174203,0.0004821523595433414
9878,0,0.0040270966339948,0.0038938396367209555,0.0004848760666375479,0.003960468135357878,0.0022559863503161743
9879,0,0.0025376506238381,0.0032332015085163547,0.0004848760666375479,0.0028854260661772273,0.001511263345237824
9880,0,0.0006603370686419,0.0011805250186886548,3.664260603204139e-05,0.0009204310436652773,0.0003484898373369707
9881,0,0.0007352795219686,0.0006528077027348151,3.9461085152587944e-05,0.0006940436123517076,0.000387370303560594
9882,0,0.000459103721585,0.0013959282708572885,6.434112741571516e-05,0.0009275159962211443,0.0002617224245003576
9883,0,0.0010964420749857,0.002438099871585013,0.0001803435033683049,0.0017672709732853564,0.0006383927891770024
9884,0,0.001078561140033,0.0008742326301884419,3.447212396843659e-05,0.0009763968851107209,0.0005565166320007183
9885,0,0.0007299530527939,0.0023552775063999743,8.958362105613246e-05,0.0015426152795969372,0.00040976833692501623
9886,0,0.000738067883017,0.0006706230783938096,5.0224258247433216e-05,0.0007043454807054048,0.0003941460706322166
9888,0,0.0027994050530396,0.0019735151210391474,0.0009116740495589216,0.002386460087039374,0.0018555395512992608
9889,0,0.0006081521963041,0.0008829456758697763,1.9133219226061395e-05,0.0007455489360869382,0.0003136427077650807
9890,0,0.0003776172773496,0.0013003629293106818,3.838335894266199e-05,0.0008389901033301408,0.000208000318146131
9891,0,0.0006658381645401,0.0011566815059708714,6.500295616012017e-05,0.0009112598352554856,0.00036542056035011004
9892,0,0.0035405687883872,0.0025118464356937925,0.0024192611123667724,0.0030262076120404964,0.0029799149503769865
9894,0,0.0021059347097799,0.003411752543331205,0.0004192195393222562,0.0027588436265555526,0.0012625771245510782
9896,0,0.0011488225618377,0.0015208743345031862,0.00014320317617217402,0.001334848448170443,0.000646012869004937
9897,0,0.000499994156882,0.000542173944122755,1.2175749913611695e-05,0.0005210840505023775,0.00025608495339780586
9899,0,0.0009430205324266,0.0026987568799672983,0.0001449082033636409,0.0018208887061969491,0.0005439643678951205
9900,0,0.0006546787384939,0.0008910273322100554,1.21139188570185e-05,0.0007728530353519777,0.00033339632867545926
9901,0,0.0004944207548811,0.0008990196985513388,2.8097321037015083e-05,0.0006967202267162194,0.0002612590379590575
9902,0,0.0016346154628017,0.0018205506443138419,7.772227741664292e-05,0.001727583053557771,0.0008561688701091715
9903,0,0.0017815077776691,0.0017818952970229298,7.451826246677812e-05,0.001781701537346015,0.0009280130200679391
9904,0,0.0010058174891951,0.0012366026113468946,7.606406519064738e-05,0.0011212100502709973,0.0005409407771928737
9905,0,0.0012744482763781,0.002539982797973646,8.331293537538457e-05,0.001907215537175873,0.0006788806058767423
9906,0,0.0042706348963968,0.00472961300262497,0.001030737331438585,0.004500123949510885,0.0026506861139176927
9907,0,0.0345825639759239,0.0303671056582939,0.023194626415362064,0.0324748348171089,0.028888595195642984
9908,0,0.0139936649481985,0.00769317966315477,0.008522369874075068,0.010843422305676635,0.011258017411136783
9909,0,0.0015077789962748,0.00042567420291744805,7.56654323741853e-05,0.000966726599596124,0.0007917222143244926
9910,0,0.0004872795768662,0.00036536835542989925,1.8222344734164025e-05,0.00042632396614804963,0.00025275096080018203
9912,0,0.0003264563273121,0.0004870375066327805,2.084621320627562e-05,0.00040674691697244024,0.0001736512702591878
9913,0,0.0031936050734407,0.0012628193714873857,0.0008337947913234205,0.002228212222464043,0.0020136999323820603
9914,0,0.0004564505637919,0.00031140296250126934,1.2936045315080813e-05,0.0003839267631465847,0.0002346933045534904
9915,0,0.0004197831950745,0.0006433776468598521,2.084621320627562e-05,0.0005315804209671761,0.00022031470414038783
9918,0,0.0003360551246111,0.0004944313580553943,2.084621320627562e-05,0.00041524324133324715,0.00017845066890868783
9919,0,0.0021670928576888,0.0016094198995873852,0.00015500955468169544,0.0018882563786380927,0.0011610512061852477
9920,0,0.0024419065036906,0.001205943675327891,0.0008337947913234205,0.0018239250895092454,0.0016378506475070102
9921,0,0.0004246114071074,0.0005618236033876561,2.3854079300121166e-05,0.0004932175052475281,0.0002242327432037606
9922,0,0.0020236406669988,0.000687422966129299,0.0004101934187664767,0.0013555318165640495,0.0012169170428826385
9923,0,0.0003067551316067,0.00048561181724531016,2.084621320627562e-05,0.0003961834744260051,0.00016380067240648783
9924,0,0.0004633386689526,0.0005387320054700736,2.3854079300121166e-05,0.0005010353372113368,0.0002435963741263606
9925,0,0.0011230713919001,0.0011658227831707524,0.00015500955468169544,0.0011444470875354262,0.0006390404732908978
9926,0,0.0016815455292138,0.0004233784966943303,0.0001357687159655343,0.001052462012954065,0.0009086571225896671
9927,0,0.0003941549809918,0.0008533750815699742,0.00017595659124214902,0.000623765031280887,0.0002850557861169745
9928,0,0.0002407918132421,0.00037895290695775147,1.5734498902289695e-05,0.0003098723600999257,0.00012826315607219484
9929,0,0.0004952264259845,0.00027404400633336827,3.37514487454508e-05,0.00038463521615893416,0.0002644889373649754
9930,0,0.0004909950549751,0.0004740409351832293,1.6185078846110246e-05,0.0004825179950791647,0.00025359006691060514
9931,0,0.0005580525226044,0.0007164347710508208,1.9029926975777212e-05,0.0006372436468276104,0.00028854122479008863
9932,0,0.0006160349130828,0.0006857978733972764,7.14147429669472e-05,0.0006509163932400383,0.0003437248280248736
9933,0,0.004752092932729,0.0008170116961184625,0.0007546726173132154,0.0027845523144237314,0.0027533827750211076
9934,0,0.0002837699675592,0.0005345478973909066,2.084621320627562e-05,0.0004091589324750533,0.0001523080903827378
9935,0,0.0003631630697486,0.0005807220064154904,2.384198675371211e-05,0.0004719425380820452,0.00019350252825115605
9936,0,0.0005325487171158,0.0007307636920956657,1.6185078846110246e-05,0.0006316562046057328,0.0002743668979809551
9937,0,0.0004677147260888,0.00039995954557154733,1.2936045315080813e-05,0.0004338371358301737,0.0002403253857019404
9938,0,0.000926622934777,0.0005060100345758222,3.702940205661011e-05,0.0007163164846764111,0.00048182616841680506
9940,0,0.2844756357640052,0.31539334239011046,0.00010696275314291243,0.29993448907705783,0.14229129925857406
9942,0,0.0007932896342954,0.0014326845011217993,0.0001268544554746427,0.0011129870677085998,0.0004600720448850214
9943,0,0.0022774614488594,0.0013223285071042527,0.0004848760666375479,0.0017998949779818264,0.0013811687577484739
9944,0,0.0004939335423597,0.0012032755007875373,0.00014132276466343062,0.0008486045215736187,0.0003176281535115653
9947,0,0.0004672351702782,0.0010791998993201861,4.112366575086379e-05,0.0007732175347991931,0.0002541794180145319
9948,0,0.0004946468718488,0.0004699689379337173,1.4756889968068784e-05,0.0004823079048912587,0.0002547018809084344
9950,0,0.0012415905083963,0.0015240508778193694,0.000145900333996708,0.0013828206931078347,0.000693745421196504
9952,0,0.0052519080037458,0.003058232036094396,0.0010964961747076212,0.004155070019920098,0.0031742020892267108
9953,0,0.0014029235619553,0.001190901361462577,0.00020837068876532682,0.0012969124617089383,0.0008056471253603133
9954,0,0.0005439071888934,0.0006918936892558279,1.6185078846110246e-05,0.0006179004390746139,0.0002800461338697551
9955,0,0.0002601158301126,0.000767403315915245,2.982825594334265e-05,0.0005137595730139225,0.00014497204302797134
9956,0,0.000291733593245,0.0007966976946342254,2.982825594334265e-05,0.0005442156439396127,0.00016078092459417134
9957,0,0.000326894607348,0.000700742259073886,2.982825594334265e-05,0.000513818433210943,0.00017836143164567134
9958,0,0.0006252359752843,0.0004528915907845603,1.4681951523862876e-05,0.0005390637830344302,0.0003199589634040814
9959,0,0.000586380239486,0.000552062727232574,1.9133219226061395e-05,0.000569221483359287,0.0003027567293560307
9960,0,0.0019062964286292,0.001068207441779863,0.00033706588424595554,0.0014872519352045316,0.0011216811564375778
9961,0,0.0006488827543486,0.001005585059426263,3.3165004956500466e-05,0.0008272339068874315,0.0003410238796525502
9962,0,0.0009626810002656,0.002241290660416341,0.00020413005673512572,0.0016019858303409705,0.0005834055285003629
9963,0,0.0009245857741875,0.0012723221135108789,1.9550351596311738e-05,0.0010984539438491894,0.0004720680628919059
9964,0,0.0008401255193332,0.000890981934817814,2.061698744530616e-05,0.000865553727075507,0.0004303712533892531
9966,0,0.0054026828785367,0.0014755252653344516,0.0002534162760605719,0.0034391040719355757,0.002828049577298636
9967,0,0.0005776471340601,0.001111581861958441,5.3110879225978195e-05,0.0008446144980092705,0.00031537900664303906
9969,0,0.0005795595029118,0.0007617620950294198,1.4681951523862876e-05,0.00067066079897061,0.0002971207272178314
9970,0,0.0020084730008977,0.001538830086677141,1.9133219226061395e-05,0.0017736515437874207,0.0010138031100618808
9971,0,0.0029012120638433,0.001556288559316671,0.0003409585945891322,0.0022287503115799856,0.001621085329216216
9972,0,0.0008657123260967,0.0009066206669053385,1.6739131552698148e-05,0.0008861664965010192,0.0004412257288246991
9977,0,0.0023845932262973,0.0020770815138454355,0.0011980930981110504,0.002230837370071368,0.0017913431622041752
9979,0,0.0013874658265376,0.0014337895555758587,0.00027754332347851,0.0014106276910567294,0.0008325045750080549
9980,0,0.002861418767981,0.0039047139514100807,0.0007611445733612853,0.0033830663596955404,0.0018112816706711426
9982,0,0.0027764536686853,0.0023764350551245574,0.001260751218353262,0.0025764443619049286,0.002018602443519281
9984,0,0.0058160794736848,0.0028556206441329155,0.0026309823880651625,0.004335850058908857,0.004223530930874981
9986,0,0.0039649437156341,0.003120470252615287,0.00017613756175226603,0.0035427069841246937,0.002070540638693183
9987,0,0.0149791176840293,0.018555472871834563,0.007845272380484188,0.016767295277931932,0.011412195032256744
9988,0,0.0253823588568064,0.02267386147181191,0.0067978617143651275,0.024028110164309155,0.016090110285585765
9989,0,0.0886676236548057,0.0619551333283828,0.0374056171165824,0.07531137849159425,0.06303662038569405
9990,0,0.0004966005322768,0.0005133705170075154,2.3854079300121166e-05,0.0005049855246421577,0.0002602273057884606
9991,0,0.0002558786553904,0.00034415214635195347,1.5734498902289695e-05,0.00030001540087117674,0.00013580657714634486
9992,0,0.0006222751806498,0.0007961534908447462,0.0006644561287734314,0.0007092143357472731,0.0006433656547116157
9995,0,0.0007875884009329,0.0004911686184751689,0.000124037831424335,0.0006393785097040345,0.0004558131161786175
9996,0,0.0017683886971957,0.0006665605221396811,0.00038523464006103676,0.0012174746096676905,0.0010768116686283684
9997,0,0.0005244098094949,0.0005665063146687202,2.3854079300121166e-05,0.0005454580620818101,0.0002741319443975106
9998,0,0.0004235322582722,0.0003070525637424621,1.2936045315080813e-05,0.00036529241100733106,0.0002182341517936404
9999,0,0.0010209105956229,0.0008229627860041788,0.00014238759469364364,0.0009219366908135394,0.0005816490951582718
10000,0,0.0004868231345405,0.0004467855523172215,1.6185078846110246e-05,0.0004668043434288608,0.0002515041066933051
