id,review,label
R00000,보는 내내 답답,0
R00001,"심리 묘사는 훌륭한데..박력이 좀 부족해,,그냥 나쁘지 않는 영화.",0
R00002,말로표현할수없네요 영화를 보며 점점 빠져듭니다,1
R00003,아...오글거려 아이언맨 악당 아저씨 ㅋㅋ,0
R00004,마음 한구석이 따뜻해지는 영화.. 웃고있으면 행복해진다는...,1
R00005,어릴때 정말 재밌게 봤던 시리즈 ㅎㅎ 상영시간이 1시간 겨우 넘내..,1
R00006,헐리웃판 아저씨가 레옹 테이큰 맨온파이어가 아닌 바로 키스오브드래곤이다. 옆집 아저씨는 아니더라도 분위기와 색깔은 가장 비슷하다고 생각한다,1
R00007,이런게 똥같은 영화지ㅋㅋ,0
R00008,무섭기도하면서 잼있네요,1
R00009,ㅎㅎㅎ언제봐도 재밌쪙,1
R00010,간지는 다른 히어로들 씹어먹는다 ost도 죽이고 cg는 지금보면 굉장히 이상한게 당연하지 저게 언제적 영화야 ㅋㅋ,1
R00011,"와우~~ 김준현, 정범균, 김지민~ 목소리 연기 너무 잘하네요~~ 아이들이 영화내내 웃다 나왔어요 특히 로봇 좋아하는 남자아이들에게 강추~~",1
R00012,오우! 징그러~,0
R00013,기대 된다.,1
R00014,정말 재미있게 봤습니다.,1
R00015,펭귄맨 간지쩔bbbb 최고의영화!!!!!!!,1
R00016,"보는동안은그닥 잼없었어요 저는,,,",0
R00017,김강우 존나 패고싶네 감독은 뇌가 없나,0
R00018,나는 도대체 이걸 왜 본걸까,0
R00019,"개인적으로, 굉장한 걸작이란 생각이 든다. 여자가 강간을 당했다고 진술한 이유에 대해 논란이 많은데, '문화충격'으로 인한 심리적 여파와 영국인들의 텃세, 강압에 의해 어쩔 수 없이 거짓말한거라고 생각한다. 어찌되었든 최고의 걸작 중 하나..",1
R00020,어릴때 1편 tv에서 보고 너무 웃겨서 2편 빌려서 온가족이 보고 있는데 야한장면 나와서 가족끼리 어색하게 만든 영화,0
R00021,영화를 발로 만들면 안 됨~,0
R00022,두 남녀의 주변인들이 나보다 더 감상적인 것 같아,0
R00023,"인생 최고의 영화..,,",0
R00024,이영화는 단순한 야한영화가 아니라 한시대의 여자의 비극과 애환을 담은영화다. 단순한 사람들은 그냥 야한영화라고만 생각하겠지,1
R00025,초중반까지도 정말 따분해 죽겠더만 그나마 뒤로갈수록 뭔가 급박해지는 듯했다. 뭔가 억지로 끼워맞춰 전개해 나간듯한 느낌이 강했다.,0
R00026,"늘 불륜에 막장전개만 보다가 암, 기억상실증...등 뻔한 소재가 나오지 않는 기분 좋고 훈훈한 드라마를 보게되어 좋았습니다. 정의로운 대사도 많고 배울 점도 많은 드라마였던 것 같습니다. 특히 마지막까지 예고를 방송해주신 부분이 감동이었습니다.",1
R00027,OO 뭔영화????????? ????? ?_? ?_? ????? ??? OO들아 평점에 장난치지마,0
R00028,잔잔한 감동. 엠마.. 그녀는 행복할수밖에..take what you want~,1
R00029,개인적으로 굉장히 재밌게 봤어요,1
R00030,일장춘몽....인가.,1
R00031,막무가내,0
R00032,내가씨x 아침에 티비에서 틀어주는거 보고 욕이 나와서 평점쓴다. 개그맨 성우새.끼들은 조화라는걸 모르는거냐? 영화는 작품이다. 음악.예술 다양한 분야의 총체인데 그걸성우가 다 망치네ㅎㅎㅎ 제발 반성좀하자 니새끼들은 개그맨이야,0
R00033,실소를 금치 못한다..,0
R00034,모든사람 위치 알 수 있는 지도 나도 가지고 싶어ㅠ,1
R00035,기대합니다!!재밌겠당,1
R00036,배우들 캐스팅보소..콜레오네끼리 만났네ㅋㅋ,1
R00037,로그인해서 베스트달게 만드네요.. 기대없이봤는데 진짜 ㅠㅠ 해리슨포드 너무 멋지고 ~연기파 배우들에 내용까지 신선해서 간만에 넘 재미있게 봤어요,1
R00038,앤 해서웨이가 너무 귀엽고 예쁨. 딱 로코물..유치하지도 않은듯 하고 가볍게 재밌게 볼 영화,1
R00039,너무 지루했지만 그나마 노무라 만사이 때문에..,0
R00040,재밌음~~,1
R00041,차인표 멋지다 진심 ㅇㅇ,1
R00042,한물간 페이크 다큐 형식에 너무 티나는 연기톤 콤보 후잡한각본 연출 런닝타임이 짧아서 다행,0
R00043,깊이있는 영화다.곽시양 이재준 앞으로 좋은 배우가 될거다.,1
R00044,친구한테보자고햇던내가죄인이된느낌개맞을뻔..,0
R00045,내가 뱃속에서 헤엄칠때쯤 개봉했으면 좋았을껄,0
R00046,무슨 마약을 하셨길래 이런 생각을 하셨나요?,0
R00047,낚였다. 아무리 저예산 영화라지만 작은 아이디어 만으로 어설픈 진행방식은 받아들이기 힘들다. 차라리 설정에 변화라도 주었다면 좋았을 것을..악당이 동네 바보형수준.,0
R00048,기존 배우를 쓰지 예고편만봐도 재미없어 보인다,0
R00049,처음부터끝까지 웃으면서 본영화에여!!!! 꿀잼,1
R00050,"뒤죽박죽 전개, 예상 가능한 뻔하디 뻔한 진부한 스토리에 언뜻 보면 초호화 캐스팅으로 보이지만 실상은 박신양, 성동일 빼곤 미스캐스팅...차라리 이문식역에 유해진이 유해진역에 이문식이 었다면.. 고현정도 나름 선방 했지만 당최 어울리지 않아서 엑스",0
R00051,진짜 예의로라도 8점 맞추자,1
R00052,망작중의 망작임.. 보지마요....하...,0
R00053,----자 .. 알바들은 딱 요까지 ----평점에 낚였다.ㅋ .. 진짜 일본은 멜로 드라마빼고는 안보는게 나은듯. 이거 보고 재밌다는사람은 정신에 문제가 좀 있다고 본다.,0
R00054,"진짜 억지스러운영화,보다나왓는데기억도안난다.도대체언제찍어둔거야?휴대폰이..",0
R00055,셰익스피어는 셰익스피어고 이영화는 이영화.,0
R00056,"멍청한 연기, 빈약한 상상력.. 야하지도 웃기지도 않는 장난",0
R00057,제발 외국영화 제목 좀 베끼지 마라. 이 명작에 한드 평이 있다니 ㅉㅉ,1
R00058,진부하고 어색하기 짝이 없는 비주얼의 호러,0
R00059,소름 끼치도록 무서운 악역,1
R00060,하연수 연기너무잘하고 귀엽다 ㅠ,1
R00061,아름다운 미장센 겉도는스토리,0
R00062,영화는 괜찮은데 포스터가 문제임 원작포스터 보셨나요 다들,0
R00063,나도 사막 한번 질주해보고 싶다..휴고위빙 각선미 훌륭,1
R00064,항상 시리즈 영화가 그렇듯 첫번째 만한게 없다지 1~3중 제일 좋음,1
R00065,7살 그 어린나이에 엉엉울었고 그이후 펭귄을 좋아하게됬죠 난.,1
R00066,너무 내용이 일관성이 없다,0
R00067,영화 하우스 오브 더 데드보다 더 심한 영화...,0
R00068,잔잔하다 못해 지루하다.,0
R00069,지루함의 연속 큰 의미도 없다.,0
R00070,평점믿고봤는데 돈아깝고 시안아깝고 ..보지마 뭔 결말도 의미가없어,0
R00071,비디오로 보고도 돈 아까워 욕나온 영화,0
R00072,역시 동남아 출신 감독의 한계,0
R00073,처음엔 [네고시에이터] 분위기. 나중엔 막장 짬뽕영화로 돌변.,0
R00074,더 이상 말이 필요없는. 시대를 앞서간 영화,1
R00075,마지막 장면으로 더욱 여운을 남기는 최고의 느와르 영화,1
R00076,하울 짱예뻐요ㅠ 불?불꽃도 귀엽고,1
R00077,셀리아나웬디나똑같이예쁘던데?ㅋ오만과편견에나온게웬디였구나,1
R00078,잊지 못할 영화,1
R00079,실망이다... ...ㅋ,0
R00080,작가야 수준좀 높여봐 질떨어져서 못보자나 이러니까 개막장 세상이 되는거야 작가 이런 미친것들때문에 ㅉㅉ,0
R00081,좀 웃었으니까.,0
R00082,스토리도 평범한데 액션까지 평범하다,0
R00083,자살해도 안죽는 한 여인의무적을 알수있는 감동적인영화.,0
R00084,"질질끄는것 없고 화끈하게 코믹, 복잡X, 배우들 다 매력적 이탈리아어배우고싶음 ㅋ",1
R00085,"머리 나빠서 장면전환, 스토리 이해를 못하면 자기를 탓해야지... 현실과 액자속 이야기를 이렇게 멋지게 풀어낸건 첨본다... 거기에 스토리도 좋고",1
R00086,10점 외에 줄 수 있는 점수는 없다.,1
R00087,지루하고..충분히 쏠수있는데 쏘지도않곸ㅋㅋㅋㅋ노잼,0
R00088,많은 캐릭터가 나오는데 모두 개성이 없다. 오글거리는 대사는 기본이며 소금을 치지 않은 맹맹한 내용전개 그리고 마지막은 역시 식상한 마무리,0
R00089,개재밋다ㅜㅜㅜㅜㅜ,0
R00090,감독이 이렇게 까지 무능한건가. ㅋ 끝이 알수없을정도로 무능함과 어설픈 연출역이다. 좀 더 배워라.ㅋ 미국대학생이 만든 저예산영화보다도 어설픈 연출력.미국대학생들한테 배우고오세요,0
R00091,조금 유치했지만 괜찮았다,1
R00092,별반개주기도 아깝다 쓰레기같은영화,0
R00093,goflvhxjsms,1
R00094,? 3D로 합성한듯한 배경은 독특했고요~ 애니메이션 흐름은어색한데 없이 훌륭하군요^^,1
R00095,다함께 추는 장면에선 볼 때마다 희열이..,1
R00096,이해가안간다 스필버그이름하나로 2편이 옹호가능한 영화인가? 오히려 3편이 1편의 명성에 적어도 먹칠까지는 아닌 수준의 후속작이다.,1
R00097,재미없다진심,0
R00098,잘하면 걸작이 될뻔했는데 ㅎㅎ 5%정도가 아쉽다.. 매튜리즈의 발견 ++,1
R00099,최악의 미라영화~~절대 보지 마시길....,0
R00100,네 다음 엑충 보라고 만든 영화~개스엠은 엑소 하나로 돈벌려고 이 영화 만들고~,0
R00101,큰기대 없이 보시길..,0
R00102,영화보면서 이영활 내가왜 보고있지?내자신이 한심하게 느껴진 영화연출연기다 도저히 불과 6년전 영화란게 믿기지 않는 영화 김기덕감독이 이영화로인해 우스워 보이는 영화네이버평점이 믿을게 못되는 구나 알려준 영화,0
R00103,독도에 관련해서 많은 지식들을 얻을 수 있었고 우리나라 사람들의 독도의 대한 자긍심을 느낄 수 있었던것 같다. 독도를 잘 알지 못했던 것에 대해서 반성도 할수 있었다.,1
R00104,이걸보고 서강준배우에게 너무 반했음...,1
R00105,어떤 모호함에 마음 한켠이 찡. 인물들의 미묘한 감정들이 잘 녹아있는것 같아요,1
R00106,소현이 넘 귀엽다.~~,1
R00107,조니뎁행님 사랑합니다 행님,1
R00108,열심히찍으시구요성현오빠화이팅!!!!!!,1
R00109,어렸을 때 티비 돌리다가 본적이 있는거 같다. ㅎ,1
R00110,측은한 생각보단 집착이라는 광기에 사로잡힌 중년여인만 보인다,0
R00111,배우만 있고 영화는 없다,0
R00112,리어왕의 완벽한 일본식 재해석.,1
R00113,꽤나 재미있게봄...,1
R00114,Wow~! 멋진 반전!!!! 온 몸에 전율이 흐르는 영화!!!!,1
R00115,라즈베리필드 - can you뮤비를 보고 알게된 영화인데 뮤비만 봐도 가득 차네요.,1
R00116,참 사회생활안해본 어린애들쓴글보면 웃기네 실제로 저런일이 본인한테 닥치면 그때도 어떤 ㅄ이 저런일에 속아?할테지만순간적으로 당황하면서 판단력이 흐려질수밖에 없음이영화가 괜히 18세관람가가아니다,1
R00117,"1점도 아깝다 보면서 영화보면서 개연성에 암걸리고, 등장인물땜에 암걸림ㅡㅡ 암유발 영화",0
R00118,연출력이 ㅜㅜ 조연 여배우 연기도 ㅜㅜ,0
R00119,태범&수영 이야기가 젤로 잼있어요 아기자기 넘 예뻐요^^ 분량이 더 많았으면 좋겠어요^^,1
R00120,꼴데라 하지마라 이제 못해도 4데다,1
R00121,간만에 좋은영화 봤다. 마지막이 인상적이네...,1
R00122,재밋었음 ㅎㅎ 액션도 짱임,1
R00123,유치하고 지루했다. 이게 재밌다는 사람의 수준은 저급하다못해 미개한 수준이라고밖에 생각할 수 없다. 이거 볼 시간에 부모님께 안부전화나 한통 더 때려라 수명아깝다.,0
R00124,1등만을 기억하는 세상에서 잔잔한 감동이 마음을 정화시켜주었다.,1
R00125,"애쉬튼거쳐의 진지함이 영화보는내내 신기했다 ㅋㅋㅋㅋ 이 영화의주제""남녀사의에 친구라는건없다, 연인사이만있을뿐""",1
R00126,좋다. 치장없이 별것없이 날것그대로 긴장을 만들어냈다.마지막 삐그덕소리와 주인공의 놓지 못한 두려운 눈빛은 본인의 오해에 대한 모든 의미를 담고있는듯 싶었다.여주 짱나서 마이너스 1점,1
R00127,언제적거를 지금 개봉하고 그래.,0
R00128,결말이 그냥노답 너무허무함,0
R00129,평점처음남긴다..5번봄..볼때마다 최고,1
R00130,보면서 치유 받은 듯한 영화입니다 아주 좋았어요,1
R00131,두주니^^ 재밋더라고요 제가 첨본 드라마인데^^ㅎ,1
R00132,진짜 이런 이야기를 쓰고 싶다..허큘리스,1
R00133,명작으로 효도를 배웠습니다.,1
R00134,이영화옛날애받는데.다시볼수있곳없나요,1
R00135,한경직 목사님 만세~! 대광고 만세~!,1
R00136,우들리 연기 잘한다~ 3탄 기다릴께요~,1
R00137,공포영화인데 전혀 안무섭다,1
R00138,"지상 최대의 쓰레기 영화 (발연출, 발연기, 발촬영, 발편집, 발시나리오)",0
R00139,팝핀현준 팬이기때문에 9점,1
R00140,말없이 계속되지만 한순간도 지루하지 않았던 영화.,1
R00141,그냥 7점 정도가 적당한영화?,1
R00142,childish ...,0
R00143,정말 감동적이고 여운이 남는 영화였어요ㅠㅠ 지루하지 않고 정말 여운 많이 남았는데.. 평점 진짜이해가 안됨,1
R00144,이 소재를 평범한 헐리웃 재난 영화나 스릴러 장르로 만들지 않아서 너무 좋았다. 이 감독 감성 돋네,1
R00145,비슷한 영환데 이렇게 차이가 나나? 진짜 재미없다~,0
R00146,이런... 2001년에 더블반담2가 나왔는지는 몰랐었다.,0
R00147,재밌는데 ㅋㅋㅋ임창정형님만의 넉살스러운연기 ㅋㅋㅋㅋ,1
R00148,10점만든다,1
R00149,어찌 영화볼줄이렇게도 모르는가...마누라가 딸아이의 몸속으로들어가서 남편과다시잘해볼려고 햇지만 어쩔수없는현실에 포기하고 맘아프지만 나중에 딸인척 연기하는모습은 가슴에 않와닫는가? 그리고 결혼식 마지막까지 결혼반지를 소지하는 장면은?,1
R00150,무더운 여름 이 영화가 딱이네~,1
R00151,그냥 쓰레기같은영화 내용 줄거리 연출 결말 모든부분에서 그냥 쓰레기영화 이건 시간때우기용 보다 못한 방사능폐기물수준 감독이 OOO,0
R00152,"관심없는 그녀들의 누드 쇼. 내용은 일본특유의 유치하게 오덕스럽고 액션은 예상대로 박진감 따윈 없어. 쌍팔년도 홍콩의 '마담' 시리즈, 미녀삼총사까지 갈것도 없이 DoA , 하다못해 비치슬랩도 이거보단 낫다.",0
R00153,하이틴물의 여왕이죠 ㅋㅋㅋ 재밌어요!,1
R00154,"좋네요. 가족의 이야기도, 할아버지의 유머도.",1
R00155,전세계가 모두 봐야할 영화미국 국민들 불쌍하다는...,1
R00156,진정한 거장 틴토 브라스의 진짜 걸작!! 설명이 필요없음,1
R00157,"좋은 연기, 좋은 영화입니다. 악역없는 영화가 좋아요.",1
R00158,스티브 카렐식 훈훈한 유우머. 조연들도 훌륭하다,1
R00159,"남자들의 유아적인 로망과 욕망 버무린 신파에 사이코에 스릴러 막장 원조. 텐트놀이 압권, 마지막장면은 현모양처 일부종사. 무려 80년대에 개콘을 능가하는 영화가 있었다. 감동 먹었단 댓글보고 웃다가 배꼽 빠질 뻔... 여배우들 30년 전만 볼만",0
R00160,공효진의 잔잔한 연기 넘 좋다,1
R00161,"가이리치 감독 영화는 그냥 묻지말고 평점도 보지말고 그냥 보자.. 액션을 좋아하건 드라마를 좋아하건 감독 특유의 위트와 센스에 중독될거다. 이거 봤으면 ""스내치"", ""락 스탁 앤 투스모킹 배럴즈""도 보자",1
R00162,삼류를 포장한 일류. 최고다,1
R00163,금요일을 즐겁게 만들어준 프로,1
R00164,난 재밌었어 개인적인 평점이니 태클 ㄴ,1
R00165,공허한 싸구려 스릴러.말초신경을 자극하는 선정적인 재미는 있다,0
R00166,ㅅㅂ.. 걸레들 휴...,0
R00167,알바놈들 양심도 없냐...멀보고 십점주는거냐,0
R00168,동현을위하여 희생을 감수하는 상현의 모습이 감동적이었어요 샴쌍둥이라는 소재땜에 호불호가 갈리고있는것같은데 제 생각에 이 작품을보고 지루하거나 졸작이라고 하는 사람들은 예술적 감각이 없는것같네요,1
R00169,"완벽한 연기, 리얼한 스토리, 무엇을 더 바라는가?",1
R00170,B급 리메이크 속편.. 같은 감독에 같은 배우인데도.. 이렇게 싸구려티가 좔좔,0
R00171,이딴걸 왜찍었는지 줜나 OOO기 영화네 손발이 오글거려서 못보겠다..,0
R00172,밀리언 달러 베이비를 본 후 힐러리 스웽크의 다른 작품을 찾다가 본 영화. 밀리언 달러 베이비도 실화를 바탕한 영화 였다. 이영화도 꽤나 좋은 영화이다. 좀 슬프기도 한 영화.,1
R00173,insignificant,0
R00174,정말 눈부시게 위험한 소녀들이란 말이 딱인거 같아요 ㅎㅎ,1
R00175,몰입도 가 장난아닙니다 강추,1
R00176,영화의 전개에 지루함을 느낄 새가 없었다. 흡입력이 대단한 영화. 다 좋은데 여자 주인공 성격이 너무 맘에 안듦...불륜은 불륜임,1
R00177,코메디?x공포?x드라마?x보는내내짜증만났다..,0
R00178,타란티노의 연출력을 느낄 수 있는 영화,1
R00179,70~80년대 락음악과 그시대상을 잘 버무려 만든 유쾌한 영화. 그런데 어딘가 지금 상황과도 다르지 않아 보이는...,1
R00180,여기서 흑꼬마 보는 내내 왤케 뜬금 없는 대사를 많이하는지 걍 왜 출현했나 싶음 이게 솔직히 재밌음? 뭔가 허무하고 아 흑꼬마 패고싶다레알,0
R00181,냉정한 평가 9점. 왠만한 씨리즈물을 절대로 연달아 보지 않는다.. 그러나 내가 어제 새벽에 1편을 보고 오늘 또 바로 2편을 봤다는건 정말 대단한 일이었다.. 원작이 얼마나 대단한진 모르겟지만 추억은 미화되기 마련.. 영화 간츠는 꼭 추천하고싶다!!,1
R00182,이건 아니지,0
R00183,관심을 모으는 전쟁 소재의 영화지만 같은 년에 제작된 라이언 일병 구하기 와 느낌이 너무 다름. 단역으로 출연한 배우들이 상당히 화려하다는 점. 그러나 지루하다는 점,0
R00184,성룡나오면 무조건 10점,1
R00185,시간은 물론이고 전기가 아까워 죽을뻔....,0
R00186,니들이 말하는 믿고보는 비싼 배우 따위들이 안나와서 평점이 이따구인가??이 영화는 너무 저평가된 영화다!!,1
R00187,"요나요나 펭귄이,연~아,연~아 펭귄으로 들리는분?치료가 필요한 심한 김연아중독자임",1
R00188,내용이나 대사나 연기나 이런거지같은 5류영화에 신은경이 출연한 이유가 궁금하다~ 진짜궁했나보다~ 1970년대에 나왔으면 흥행했을듯. . . 시간버렸다,0
R00189,아력ㄷ 아온 ㅎ라ㅓㅎ ㅇ랄,0
R00190,너무 재미있어요~매주 기대되요,1
R00191,here comes the sun. .♥,1
R00192,하정우 연기력이 일품.,1
R00193,미친유치함.....스토리도말도안되고 상황도어설프고 보다가손발짤라버릴번오글토글,0
R00194,처음부터 결말까지 B급 영화 이하의 수준,0
R00195,장면과 대사 하나하나가 정말 의미있게 잘 축약시켜 놓은듯... 단순한 스토리 라인이 이렇게 풍부해질수 있다니.. 정말 엄청나다,1
R00196,ㅠ ㅠ 별루였어용 힘들었던 영화,0
R00197,"공주를 데려다 촬영했네, 절벽에 매달려 있어도 곱게 빗어넘긴 머리",0
R00198,남친과 결혼하지않고 평생 연애만 하고싶게만드는 영화,1
R00199,진짜어렸을때 개잼있게봐서 다사브는중,1
R00200,재미도 없고 감동도 없는. 클리셰 투성이인데다 그나마 클리셰조차 적절하게 활용하지 못하는 졸작 영화. 장점이라곤 찾아볼래야 찾아볼 수 없는 영화. 이 영화의 평점이 8.86이라니 잘못됐어도 한참 잘못됐어요. 그래서 안쓰던 평가까지 남깁니다,0
R00201,웰컴투 대한민국!!! 제목부터 죽인다.,1
R00202,진짜 귀여운데.. 쓰레기,0
R00203,1점 주기도 아깝지만 울버린때문에 1점이라도 준다 참나 일본 배경이라서 봤더니 다 일본 내용 배경 등..,0
R00204,유치찬란.. 이보다 더 막장영화도 찾기 힘들다.,0
R00205,"오오,,,이런영화를원했다 주옥같은 대사, 진보적가치의 믿음, 의지, 그리고 관용",1
R00206,배우들은 요가를 하고 관객은 주리를 틀고,0
R00207,이런영화를.세계에출품하겠다니.창피스러울뿐..,0
R00208,미국여성이 지휘한작전아래 아랍여성이 의미없이 죽는 장면이 나올땐 왠지모를 구역질이 난다. 테러에 테러로 응해 수장을 잡은것은 전쟁영화니까 리얼함에서 인정하겠지만 마지막장면은 너무 전형적이라서 좀 짜증난다. 잘만든 영화이지만 감동을 주는 영화는 아님,0
R00209,"그냥 천한 계급의 남자의 씨를 받은 여자가 어리버리한 지주 아들과 지주 어머니 속여서 지주의 씨인양 사기쳐서 결혼하는 스토리인데, 전형적인 부성사기 아닌가? 정말 샴이라는 남자를 사랑한다면 둘이 손잡고 도망가서 막노동이라도 하며 살용기는 없고? 쓰레기",0
R00210,(っ '～')づ ⌒☆ ㅋㅋㅋ,0
R00211,아포칼립토를 인상적으로 봤던 사람으로서 이영화 초입부터 끝날때까지 인상이 찌그러졌다,0
R00212,자크 잘생겼따 할 말이 없다 끝이다,0
R00213,아만다 사이프리드 정말 치명적이게 이쁘네,1
R00214,허접한 교도소 축구 코미디,0
R00215,서선생. 뭐하시는가?,0
R00216,보는내내 울었습니다.지금 또 한번 감동을 느끼기위해 다시 보는중...,1
R00217,재밌었는데 왜 다들 감수성이 없을까.불쌍해지네.,1
R00218,지루지루지루,0
R00219,밍밍하다,0
R00220,가슴 먹먹하다......ㅡㅡ,1
R00221,이거 시나리오 쓰신 작가님은 이작품뒤로 펜대를 내려놓으시길... 대사가 참...,0
R00222,헐 이렇게 좋은 영화가 있었다니. 이윤기 감독의 최고작이다,1
R00223,경찰들이 무능력함 ㅋ 과학수사대불러서 시간끌고ㅋㅋ 대체 경찰들이 과학수사에 쫒을시간이 있을까?ㅋ상황실도 답답하게돌아감 ㅋ 그냥 영화니까 그려러니하고봄 실제로 저러면 범인절대못잡을내용임,0
R00224,내가 이런거 자꾸 봐서 현실과 이상을 구분 못하나;;기분 좋은 혼란스러움.,1
R00225,"다른 판타지 영화에서 빌려온 진부한 스토리, 손발이 오글거려 없어질 정도로 어색한 연기, B급 영화에서나 볼 수 있을 싸구려 CG와 특수 효과 등 처음부터 끝까지 좋은 점 하나 없다.",0
R00226,제발 이런 드라마는 그만 만들면 안되냐? 아이돌 연기 역겨워 죽겠고 대사도 오글거려 죽겠다. 내가 학생이라서 아는데 학생은 공부가 본업이다. 연애는 대학가서나 처하던지.,0
R00227,재밋어용~,1
R00228,중공군 미화+사실에입각하지 않은영화..6.25참전용사 호국영령께 죄송스러운 영화,0
R00229,슬프고 감동적이네요 정말 잘 만든 영화 같아요,1
R00230,"긴급조치19호, 도마안중근...으론 아직도 부족하단 말인가",0
R00231,지루했다.. 뭘 말하려는 건지.. 요즘 헐리우드영화들 재미없다..,0
R00232,3시간이 지루하지 않았다,1
R00233,데인드한 ...진짜 굳굳,1
R00234,지루해 죽느줄 알았다... 유우때문에..끝까지 본 영화 -_-,0
R00235,파리냄새가 아니라 인간냄새가 나서 좋았다,1
R00236,조승우 매력 터진다ㅋㅋ 이거보고 조승우 팬됨ㅋㅋ 기동찬 사투리가 계속 들려 미치겠다ㅠㅠ,1
R00237,원래 시간 많고 여유있으면 연애광 -> 호색한 -> 변태가 되는 법이지,1
R00238,내가 영화를 보기 전에 리뷰를 왜 먼저 안봤을까..,0
R00239,진짜 왜만들엇냐?,0
R00240,동호 밑에 주연이라고 써져 있는거 내가 피곤해서 잘못 보이는거 아니냐??,0
R00241,유기 생체의 끝은 이렇게 되는걸까?,1
R00242,낚였다잉....미국판 고질라가 고질라 시리즈중 최고봉임!,0
R00243,노튼의연기력최고/.. 영화는 8점정도,1
R00244,진짜 재미없음..몬 생각으로 만들었나 몰라,0
R00245,역시 커트러셀은 실망시키지 않는다,1
R00246,말이 필요없다.. 내가 본 애니 중에 최악,0
R00247,90년대 영화인데도 지금 영화에 꿀리지않고 심지어 저 시대때가 가장 행복해보이기도 하는 생각이 들정도로 유쾌하고 감동적이었다,1
R00248,"학교공부 안해도,외과의사가될수있다는,희망과확신에 차 ,그 기쁨에 온몸이 떨리게 했던 문제작.더욱이 의사되면 연애학박사과정 밟기만 하면 만사 다 해결 됨.일은 다문화 가정 출신 의사선생님이 알아서 다 하시겠지.와 놀자.나는야,대한민국의 외과의사라네...",0
R00249,7살아들 좀지루해했어요 저는잠이오고,0
R00250,과도하지 않게 진실을 전달 받았다는 느낌이다. 우리 역사의 아픔이다...,1
R00251,커피 마시며 보낸 두 시간. 남은 것은 코피 뿐...,0
R00252,중간중간에 범죄 그런 이야기가 나와서 옆에서 잘 설명하면서 보면 좋은 가족영화가 될듯.,1
R00253,04년에 포스터보고 나중에 꼭 봐야지 했는데 지금에서야 봄,1
R00254,세상에나 올레티비 너희를 믿고 이 영화를 보다니 내가 바보당 인제 무조건 순위보고 안본다 낼 고객센터 저나해서 따질려고 욕나오는거 참는다 별점 주라는데 꼭 줘야하나 주기도 실타,0
R00255,"""안내상 + 진지희""면 괜찮은 주연배우들이었는데... 영화를 왜 이따구로 만들었는지...?",0
R00256,난 재밌는데 2편나왔음 좋겠다,1
R00257,콜린퍼스와 엠마스톤의 아름다운영상의 영화지만 내용도없고 재미도없고 흥미롭지도않았다,0
R00258,일본 애니 중국인들이 만들면 원작보다 못한 허접한 작품이 나오는지.눈만 배린다.,0
R00259,좋다. 그이상 표현할 형용사는 없었다.,1
R00260,포스터에 혹 하지 맙시다!!!,0
R00261,이러디망.....................-┏,0
R00262,아 정말 액숀 쵝오~~~,1
R00263,이영화를 재밌게 보기에는 내가넘 늙은건가..ㅜㅜ,0
R00264,아티스트봉만대=이영화 근데이개더쓰레기임ㅋ 신소율평생낙인이고 손은서는 걍못뜨고,0
R00265,망한 프로그램. 솔직히 시즌3까지였다,0
R00266,보고나서 후회,0
R00267,dl wkrvnadms sork qhkTejs rj wnsrjdp ch,1
R00268,쥬라기 공원 짝퉁,0
R00269,전성기를 넘긴 액션배우 보여줄수 있는것이 없다,0
R00270,재미 존나없네,0
R00271,흑암에서 빛으로. 좋은 영화네.,1
R00272,하하하...,1
R00273,휴 때문에 봤는데 지루하다..보다 꺼버린 최초의 영화ㄱ-,0
R00274,지루하다 그냥 억지 눈물을 강요하는느낌,0
R00275,소설보다는 못한듯.. 그래도 재밌게 봤음,1
R00276,연기도 좋고 현실감 있는 대사도 좋네요,1
R00277,그래도 이건 코난 극장판 중 제일 나은듯,1
R00278,완전 재미없어염ㅠ졸다가 중간에 나왔어염ㅠㅠ,0
R00279,공포의 실체가 뭔지 전혀 나오지도 않고 연기자들끼리 우왕좌왕하는 모습밖에.. 이렇게 지루하고 의미없는 영화는 정말 오랜만이다. 화가 날 정도로 지루하고 재미없어서 어이가 없을 뿐..,0
R00280,"어설픈 상상력에 헛웃음, 어설픈 작가주의에 헛웃음, 억지스런 주변 캐릭터 구축에 헛웃음, 초복이 말복이 같은 썰렁 대사에 헛웃음, 상업영화는 별점 댓글알바가 판을 치고 이런 영화는 지인들이 상당수인 듯, 엇비슷한 독립영화 '설인' 수준과 오십보 백보",0
R00281,지금 봐도 촌스럽지 않네. 명작이다.,1
R00282,좋은 소재를 엉성한 연출이 다 말아먹은격..근데 네이버평점 왜이리 높아? 이게 말이 돼?,0
R00283,유쾌하고 신나는 스피드 코미디.,1
R00284,군중심리를 다룬 마녀사냥. 이미 써먹을대로 써먹은 진부한 주제,0
R00285,난 뭐... 그다지... 딱 어린이용,0
R00286,정말 감사함을 느끼는 방송!!!시간대 옮겨서 더 많은 시청자들이 공감했으면해요!!!! 전국에 모든 소방관님들 감사드립니다 본방사수♥,1
R00287,따뜻한 내용이지만 너무 늘어지고 지루하다,0
R00288,"전편에 기대서 대충 울궈 먹는 것까진 좋은데, 너무 형편없잖아 이건!!",0
R00289,그삶을 누가 시킨것도 아니고 어이없음. 할배들하고 한다고 여배우 고생해서 1점더줌.,0
R00290,대한민국 해군으로써 dj를 혐오하는건 최대다수의 행복을 죽은 젊은이들의 목숨과 그들 가족의 슬픔보다 중하게여겼기때문이다. 손바닥으로 하늘을 가린다고 하늘이 가려지는게 아니다.,1
R00291,애가무슨죄야...ㅠㅠ 진우만불쌍해요....많은 어른들이 이별하는 과정에서 아이의 힘듦부터 살펴보길바랍니다. 진우군이 갈수록 몰입도가 훌륭해요. 애도 일취월장 연기가 성장하는데 이화영아줌마는 어째....,0
R00292,이것도 KBS 에서 재밌게 봤었다. 5부작 미니시리즈 버전보다 좀 약했지만..,1
R00293,그냥 내느낌대로 평점이다 꼭 sf나 판타지만이 10점이아니다영화끝나자마자 나오는 음악까지 그냥나에겐 10점짜리 영화다,1
R00294,뭔가 어설픈 구성..아마추어적임..지루함..C급,0
R00295,최소한의 합도 맞지 않는 액션이 주는 피곤함.,0
R00296,대충대충 찍었냐??? 이런 영화가 싫다.,0
R00297,"암울~ 가족 , 현실, 그리고 미래....",0
R00298,알바생 졸 많네 비추다 진짜,0
R00299,연기 더럽게 못한다.연기 못하는 사람들만 캐스팅 했나..오광록을 주인공 시킨것부터 코미디다.스토리도 정말 그지같고 연기도 그지같고..유명배우를 비싼 돈 주고 캐스팅 하는 이유와그런 영화가 재미있는 이유가 다 있다.돈 아끼다 망한 영화..ㅋ,0
R00300,대단하다 주인공도 염치없이행동잘하고 ㅋㅋㅋ아깝다소재와 제작비가,0
R00301,진짜 대박재밌음 진지하고 웃긴개그가 잘섞이고 마지막에 에필로그ㅋㅋㅋ 종영너무아쉽ㅜ,1
R00302,격조있게 써내려 가다 만화로 마무리,0
R00303,너무 좋다 빅뱅 ㅎㅎ 짱!,1
R00304,너무 무겁지도 너무 가볍지도 않고 내용전개도 알맞아서 정말 재미 있었습니다.,1
R00305,가끔 보면 배 아플정도로 재밌음,1
R00306,볼만하데니까ㅋ,1
R00307,이 영화가 명작이라는 것에 대해 나는 절대 동의 못함.,0
R00308,그냥 뭐 딱히....?,0
R00309,인내심꾹참고보았음................................왜본거지?,0
R00310,"자극적으로 다뤘으면 좋은 독립영화가 됬을텐데, 야하지도 자인하지도;;",0
R00311,"애니에서까지 개그맨,배우들 목소리 들으면서 그들 이미지나 유행어나 얼굴 연상하면서 봐야하다니..피로하다..제발 목소리 연기는 전문성우가 하자.. 이건 뭐 애니의 캐릭터에 몰입해 보는게 아니고 목소리 연기 연예인들이 자꾸 연상되니..피로감 밀려온다--",0
R00312,잼업다,0
R00313,재밌었는데...좀 웃겼고 ㅋㅋ 아동틱함;,1
R00314,전편에 비해 좀 아쉽지만. 그나저나 헤더그래이엄 연기때문인지 미국발음때문인지 극의 흐름 깬다 ㅜㅜ,1
R00315,흠.. 기대되네요.,1
R00316,놀랍네요.,1
R00317,영화시작후30분부터잤습니다 스토리전개도지루하고 주인공이특별히활약이뛰어나지도않고,0
R00318,응 이거코미디임? 지구가 나들장난감이니?,0
R00319,기대이하 보는내내어지럽고 짜증,0
R00320,가모라 미스캐스팅인거같다.,1
R00321,영화 재미없었으면 만화를 보세요. 긴장감있는 스토리에 감탄을 하실 겁니다. 그리고 다시 영화 보면 욕이 저절로 나옵니다.,0
R00322,우려먹다가 공포마져 사라졌구만~,0
R00323,아~보다가 잠 들었다. 뭔 영화가 이래....,0
R00324,별다른 감흥이 안 느껴진다.,0
R00325,시리도록 아름다운 영화.소장용으로 가지고 있음,1
R00326,아름다운 영상과 좋은 배우들,1
R00327,휘파람 행진곡(?)이 귓가에 맴도는 듯..,1
R00328,별 한개도 아깝다.. 속터지다 못해 내가 이걸 끝까지 봐야 하나 싶다.. 보다가 리뷰쓴다..,0
R00329,라면에 초코파이를 넣고 끓여먹은 뒤 원숭이에게 트림해서 감독을 맡긴 장엄한 명작.,0
R00330,따뜻한데여 좀 지루하고..오래된거라 식상하게 느껴져염..,0
R00331,서론 너무 길고 진행도 느리지만 결말은 맘에 드네,0
R00332,EBS를 통해 봤는데.. 정말 재밌게 잘 봤어요. 요 근래 본 영화 중 최고인듯!,1
R00333,이런 것도 영화로 만드는 대단한 일본 영화계.,0
R00334,아 좐나웃겨 마더퍼커 ㅋㅋ 아 진짜 마더퍼커나올때마다 빵빵터지네,1
R00335,엄청난 스케일,1
R00336,존나쓰레기;,0
R00337,고기를 먹느냐 먹지안느냐의 댠순한 문제가 아닌공장형축사가 이시댸에서 생존할수 뱎에 없는공장을 막연하게 탓하기 전에먹거리에 관련한 우리 세대를 살아가는 모든사람들에게 남기는 메세지인거같다.,1
R00338,OST만으로도 볼 가치가 충분한 영화. 로코로서의 완성도 역시 준수함.,1
R00339,"문제는 이것. 뛰어난 원작소설을 먼저 봤더니 영화의 디테일, 그리 되는 이유, 심리 변화, 스토리의 흐름 등이 너무 떨어지는 것이 확연하다. 원작과 너무 동떨어진 여주인공 캐스팅은 빅 미스테잌",0
R00340,전무후무 내 인생 최악의 시간낭비 영화,0
R00341,별 감흥없는 진부한스탈,0
R00342,점점 갈수록 어이없다,0
R00343,왜 조재현이 김기덕의 페르소나인지 그 이유를 제대로 설명해주는 영화. 몇마디 안되는 그의 대사가 가슴을 후벼판다. 스톡홀름 증후군을 보이는 여주인공처럼 나도 그에게 설득당한 걸까. 괜히 눈물이 난다,1
R00344,양동근하면떠오르는작품.,1
R00345,내가 찍는게 났겠군..,0
R00346,이게 뭔가요....내가 이해력이 떨어지는 건가...원작을 읽어야 하나? 원작도 이따구면 어쩌지?,0
R00347,여주인공 겁나게 못생김 ㅋㅋㅋㅋ,0
R00348,시작부터 너무나 잔인하게 슬픈 애잔한 영화.. 이런 제길!!,1
R00349,어디까지나 취향이니까.... 오래전에 보던것과는 많이 다른... 그냥 그간의 작품들의 줄거리 요약으로 밖에 안보인건 나뿐인건가? 대체 이영화를 왜 만들었지? 아니 다큐인가?,0
R00350,유쾌하고 여운이 있고 의미있는 영화. 만족~~~,1
R00351,각본과 연출에 자신이 없다면 좀 더 내공을 쌓은 후 작품을 만드시길..,0
R00352,박평식이 9점 줘서 1점,0
R00353,엔딩이 아름답더라 넋을 놓고 보았다,0
R00354,배우 연기는 좋은데 내용은 완전 억지 ㅜ배우들이 아까운 영화,0
R00355,평점이 너무 높아서 낮추기용으로 1점만 / 개인적으로 5~6점 정도임,0
R00356,재미없었어,0
R00357,"쿠로사와 아키라의 위대한 연출, 미후네 도시로의 명연기...",1
R00358,70년대에나온 도라에몽극장판 2006년에 리메이크한 극장판이랑 아주 스토리까지..,0
R00359,대부 못지않게 재미있게 봤네요,1
R00360,명연기.ㅡㄴㅅㄴ기ㅡ,1
R00361,캠카메라에 제작비는 1억이 넘나몰라,0
R00362,유연석은 사랑입니다♥♥,1
R00363,양적 성장이 질적 성작으론 이어지지 않는다는걸 증명한다,0
R00364,"평범하지 않은 대사, 평범하지 않은 화면 그리고 오래남는 여운~",1
R00365,"여자잘못 만나서 인생 망친 러시아남자이야기. 부조리를떠나서,바람피는뇽때문에 인생끝남. 진정한친구도 적이될수있음을 깨닫게해준 울적한영화. 정신적으로 힘들어질수있으니,각오하고 보시길.꼭.바람핀뇬놈들은 바로 헤어져야함. 권력은 돈보다 더 파워풀함을 배움",0
R00366,크하...수작 하나 나왔네! 너무 재밌게 봤다 최고!최고!!!,0
R00367,영화도 살짝 오글거리지만 잘 만들었고 한지민은 레이첼맥아덤스 뺨치게 러블리하네;;;,1
R00368,기무라타쿠야의 장점은 연기려,1
R00369,최고! 정말 최고다.,1
R00370,1점 주려다 불쌍해서 2점 줌 이딴 영화 만들지마라,0
R00371,"이런영화는 좀 안 만들면 안되나 . 이런 폭력적이고 잔인한 영화는 사람들 뇌속에 폭력을 조장한다. 이런영화 때문에 살인이 더 늘어난다는 말이다, 좀 만들지말자, 생각좀하자 감독들아.",0
R00372,부러진화살은 어디를 향하는가,1
R00373,"바닷바람을 타고오는 허밍, 그것 하나만으로 영화를 가치는 빛난다.",1
R00374,생존을 위해 자연에 순응하며 살아가는 사람들의 이야기...,1
R00375,남자가 의리가없네~~~으리,0
R00376,진짜 어렸을 때 봤는데 지금도 기억속에 ㅋㅋㅋ,1
R00377,봉태규 연기하나는 신인때부터 잘했구나,0
R00378,6살 딸아이랑 같이 봤어요..그런데..너무 지루하네요..시작한지 얼마지나지않아서부터 계속 언제 끝나지 하는 생각이 머리속에 맴돌았네요.. 딸아이도 빨리 끝나고 나가고 싶다고 했네요..파이스토리 자리가 없어서 할수없이 봤는데...후회중입니다.,0
R00379,おもひでぽろぽろ 솔직하고 유머스러운 연출력이 돋보인 작품. 시골에 대한 정겨운 추억과 애틋한 감정이 남아 있다면 소소한 미소그를 머금으며 여유롭게 즐길 수 있는 영화~~,1
R00380,진짜 반도 못보고 끌수밖에 없는 매력 빵점의 영화...,0
R00381,ㅋㅋㅋ미스코리아 출신 그 분....정말 연기 못 해....그 분 연기가 너무 어색해서 이미 초반부터 망함...왜 그런 무리수를....우정출연인건가...,0
R00382,진짜 재밌었고 임수정 이쁘다,1
R00383,화려한 볼거리속 들여다보면 무언가를 표현하는건지 의도를 알수없는 영화..,0
R00384,"작년 최고프로그램수상을 했지만, 아빠어디가2는 시청자를 우롱한 프로그램이 되었다. 또한 시대의 현실을 반영하고 있으며 제작진 및 주관하고 있는 피디가 현정부와 다를 바없으며 편히 볼 수 있는 프로그램이 아닌 정치적 프로그램이며 사랑받을 수 없을 것이다",0
R00385,보고싶어요 쿵푸팬더 ㅋㅋㅋ,1
R00386,여운이 긴 걸작이었습니다,1
R00387,짱임 ㅋㅋ 마지막에 사마의가 통일을~,1
R00388,미안합니다. 이 영화를 이제서야 보게 되어서.,1
R00389,학교에서보여줘서봤는데 진짜노래갑이네영ㅋ,1
R00390,난 갠적으로 이거 좋은데 시청률이 왜케낮징..ㅜㅜ,1
R00391,자신들의 불행을 자신들이 일으킨 전쟁이 아닌 미국과의 패전에서 찾는데서 이 영화의 의도는 명백하다. 영화를 완성도나 미학적 성취만으로 평가해선 안되는 이유가 여기에 있다.,0
R00392,젊음과 열정 격정과 두려움..그 모든 것이 묻어나는 영화..,1
R00393,이야기가 중반이 넘도록 흥미를 끌지 못하고 지루하게 전개되는군,0
R00394,OO바보천치 주인공들때문에 화병나는 영화OO들만 모아논영화,0
R00395,김명민은 자기애가 확고한 배우같다. 문제는 그게 착각이라는 거. 픽션스러울때는 어느정도 제 역활은 하지만 리얼리티를 표방할때는 과장된 연기가 매번 거슬린다. 줄다리기없이 극단적인 연기만 한다. 어쨋든 이 영화는 김명민 연기보다 더 쓰레기.,0
R00396,소재는 구미가 당기나 다클서클 전 남친이 망친,0
R00397,외국3류 영화를 수입해서 돈이 되나?,0
R00398,"불편한 진실은 외국인 불법체류자들이 여기 나온 태국인 여자 주인공처럼 '착한','한국인경영주에게 이용만 당하는'사람들이 아니라는 사실.... 한국에서 일어나는 외국인 범죄 상당수가 불법체류자 범죄이고, 그 중에서도 한국에 적응한 외국인은 더",0
R00399,여자들은 이런거 보고 ㅋㅋㅋㅋ,0
R00400,"루이종과 쥘리, 정말 사랑스러운 캐릭터다. 이래서 세상이 아름다운 것일지도.",1
R00401,"저는 한국문화영상 고등학교에 재학중인 학생입니다,동아리 활동을 통해서 더 레이디란 영화를 감상하였는데 버마 애서 이런 당황스럽고 황당한 일이 발생됫다는것을 영화를 감상하고서야 알앗습니다. 나라를위해 희생하여 노력하는 아웅산수치의 모습을보고 감동이었다.",1
R00402,평점 보고 흥분해서ㅡㅡㅋㅋㅋㅋ다 보고나서 나 이거 왜 보게 됐지??,0
R00403,ㅈ망했던데 이유는 뻔한거아님??ㅋㅋㅋㅋ 범죄두 영화잖아,0
R00404,준호형 왜그랬어 ㅠㅠ 준호형불쌍해서 5준다,0
R00405,살인마가 무슨 불사조여 ㅋㅋㅋㅋㅋㅋ 결말도 ㅄ이고,0
R00406,카리스마 때문에,1
R00407,잔잔하고 음악좋고 연기좋고,1
R00408,정윤희 얼굴 10점 만점..전세계에서 얼굴만으로는 단연1등..신이 빚은 얼굴,1
R00409,갈수록 여자주인공이 예뻐보인다.,1
R00410,헐.... B급 초등학교 저학년용 영화,0
R00411,택시1 보고 바로 이어서 2편봤는데.. 1편이 너무 재미있어서 2편이 별로인느낌 그래도 재미있어요!,1
R00412,그냥 재미있다 ㅋ 다시보기 위해 모두 다운받음,1
R00413,조조의 재해석이라는데는 동의하지만 유치하거나 어이없는 스토리전개는 실망스럽기 충분함,0
R00414,이게 그 유명한 웰컴투 인민군이냐?,0
R00415,말이필요없는!!명작!!,1
R00416,이것도 저것도 아닌 진부하고 답답한 영화.,0
R00417,중구난방 스토리에 설정은 시시때때로 무시한다.,0
R00418,하 전편만못하다 ...,0
R00419,박지빈 키속여서 1점줄래,0
R00420,너무 좋았어요..또 보고싶네요ㅜ,1
R00421,마하트마의 위대한 삶,1
R00422,시간을 돌려다오,0
R00423,정말 허접함 그냥 발로쓴 시나리오임,0
R00424,경제에 관한 개념이 있는 사람과 없는 사람의 평점이 나뉘는 영화,1
R00425,솔직히 나는 남자인데..볼꺼없어서 봤는데 어우 3번이상봄정말 재밌었음.뭔가 엄마한테 더 잘 해줘야되게만듬.,1
R00426,분위기 버프가 장난이 아니네,1
R00427,참신한 기획. 완성도 편차가 너무 크다ㅋㅋㅋㅋㅋㅋㅋㅋㅋ,0
R00428,영화보는 내내 뭔내용인지 모르겠다 그냥 미간v자 주름잡힌 아줌마 나온다,0
R00429,이야기의 개연성이 빈틈이 없음 재밌음,1
R00430,이런영화 너무 좋다. 흥행 했어야 해했는데,1
R00431,제목을 바꿔야 할 듯... ㅇㅇ동서 장난하는것도 아니고~,0
R00432,계속보면 느낌이 다르다,1
R00433,어릴때 멋모르고 본 시간 낭비인 영화,0
R00434,내 영화비 내놔 . 아근데 여기에 에드워드 노튼나오더라? 기가막히네,0
R00435,유치한 애들영화인줄 알고 봤다가 놀라게 되는 영화,1
R00436,이딴 영화 만들어놓고 스크린쿼터제사수해달라?,0
R00437,나 재밌었는데 무지무지..ㅋㅋㅋㅋ정말 훈훈해진다훈훈훈해,1
R00438,한정된 공간안에서 이런 스토리를 만들어낸 게 놀랍다 꽤나 잘 만들어진 영화,1
R00439,시대적 의미는 있으나 황당하고 어이없는 설정.. 별루다..,0
R00440,일본영화계도 참 용타. 이런 거 만들 돈이 있는 거 보면...,0
R00441,이종격투기챔피온출신인 게리다니엘스가 나온다는 것이 기대된다. 돌프VS게리,1
R00442,뭔 영화를 이따구로 만들었어 시간 아까워 제목처럼 바보 같으니라고,0
R00443,차라리 예전 영화 다시 보라는 깊은 뜻이 담긴 오마주,0
R00444,믿고 보는 소더버그표 영화,1
R00445,정말 재미있게 그리고 잔잔한 감동이 있는 영화예요..,1
R00446,더 이상 우려먹을 것도 없는 최악의 할리웃 액션 시리즈물 리썰웨폰,0
R00447,감독의 능력과 시야가 대단하다...,1
R00448,나름대로 배역에 맞는 적절한 캐스팅이 좋다.,0
R00449,가장 좋아하고 그래서 멘토로 삼고 싶은 케네디 미국 대통령의 면면을 그린 영화!,1
R00450,약간은 몽환적인... 약간은 쓸쓸한...,1
R00451,뭐니뭐니 해도 이특 강소라가 진리인 듯...살아있는 감정을 느끼게 해준 최고의 커플이었어요.^^,1
R00452,애기보다 제가더잼있게봤어요ㅋㅋ,1
R00453,발상이나 역겨운 특수효과는 괜찮은데 그럼에도 불구하고 영화적으로 많이 미흡하여 무섭지도 않고 지루하다;,0
R00454,분위기만으론 심심해,0
R00455,별 내용은 없고 여주 몸매는 좋으나 그게 다임,0
R00456,처음부터 라이터로 문 부수면 됬지 않나?,0
R00457,"류승범, 공효진의 맛깔나는 연기. 임은경의 리즈 시절. 기타 단역 찾아보는 재미도(정우, 양익준, 이하늘). 상당히 매력적인 몇 안되는 한국 영화 중 하나.",1
R00458,포세이돈 어드벤처와 함께 70년대 재난영화의 전설,1
R00459,남들이 좋다고 하면 덩달아서들 그냥 ...,0
R00460,간만에 통쾌하게 웃었네,1
R00461,내가 본 에로영화중에 최고 괜찮은 여배우들 손가락안에 드간다 에로배우티가 안나고 괜찮은 일반인 느낌,1
R00462,그걍그렇슴,1
R00463,진짜재밌어요 해외영화 거의본적없지만 이렇게 안질리고 푹빠져본 영환데 왜7점대밖에 안되는거죠,1
R00464,이런 영화 보려고 돈 쓰는거 아니다 이런 영화 만드려고 돈 쓰는거 아니다,0
R00465,귀신 OO라그래ㅋㅋ 졸라웃겨,0
R00466,머 독특하기는 한데 추상적이고 머고 간에 흥미가 없다..,0
R00467,한그루 대박..액션 짱이네요 소녀K 대박나라~~^^,1
R00468,기대하고봤는데 나에겐 실망스러운영화였다.감정이 풍부한 사람에겐 추천,0
R00469,고해성사는 가까운 동네 성당에 가서 하세요. 돈들여 페루까지 가지 말고... 겉 멋으로 가득찬 영화는 영화과 2학년 학생에게 맡기세요. 교수님이 직접 만들지 말고...,0
R00470,유치. 공포를 기대했건만 개그만 남겼다.,0
R00471,참쩔어요,1
R00472,별조차 아까운 영화..,0
R00473,아모레스 페로스.... 뭔 뜻인지 궁금하다...,1
R00474,결말은 아쉽지만...볼만하다 남주 볼수록 매력이야 ㅎㅎㅎ,1
R00475,진짜 재미없다. 영화 안에 아무것도 안들어가 있다.시간낭비. 이런거 호기심도 갖지 말아야지 이제 진짜.,0
R00476,영화드럽게재미없네 진짜... 송혜교나유지태나연기정말못하는구나!!이어색한말투는어쩌냐,0
R00477,작위적이지 않은 의의로 깔끔한 결말 정말 괜찮아요~,1
R00478,"예슬의, 예슬에 의한, 예슬을 위한 영화, 그녀에 대해 선입관은 없지만 자충수인듯...",0
R00479,1점도 주기 아까운 영화.,0
R00480,처참한 원작파괴,0
R00481,정말 예쁜 영화. 마음이 깨끗해지는 느낌. 정말 순정영화라는 생각이 들어요. 아름답다..,1
R00482,가장 전형적인 공포영화 특유의 공식을 잘이용한 영화 무척 독특해서 좋다 뜬금없는 까메오도 재밌었고 아쉬운건 주요배우들의 어색한 연기력과 후반의cg정도... 하지만 그역시 b급 특유의 매력이라고 할수있으니,1
R00483,임창정연기때메2점,0
R00484,개똥같은 아마추아리즘과 자위만 가득한 허당,0
R00485,정말 재밌게 봤다,1
R00486,그래도 어릴적 내 우상이었기때문에..ㅜ,1
R00487,말이 필요없습니다.. 최곱니다.. 너무 재밌어요.,1
R00488,잘봤습니다 시대적배경도 좋고,1
R00489,뭐지 도대체 이영화는..,0
R00490,너무 빨리 끝나고 뭔가 허무하게 끝났지만 영화를 보는 내내 내 모습을 보는 줄 알았다. 여주인공 매력있음,1
R00491,후반으로 갈수록 싱겁고 맥이 빠진다.,0
R00492,랩갓랍갓랩갓랩갓랩갓,1
R00493,브루스 윌리스빠돌이도 다이하드 빠돌이라 할지라도 이작 만큼은 실드쳐주기가 어려운 작품이다,0
R00494,이건 머야??너무하자나...,0
R00495,하품 나온다.. 시나리오 엉성하네 결말 최악,0
R00496,극장판 안봤는대 저 가면닝겐이 오비토?,1
R00497,어제 우연히 케이블 돌리다 우연히 다시 봤는데 재방도 어찌나 재밌는지. 대사가 가슴에 와닿는 이드라마보면 설레고 현빈님 달달하고 소장가치 있습니다,1
R00498,그래도 양심은 있었는지 쿵푸래빗은 아니라 다행;,0
R00499,인생최고영화다진짜ㅋㅋ,1
R00500,쿠바 미사일 위기에 대해 깊이 알 수 있었던 영화였습니다.시간가는 줄도 모르게 집중할 정도로 몰입감이 있었습니다.,1
R00501,나름 현대판 옹녀의 모험기;,0
R00502,짱이다 원주율 크리 .. .. 영화보다 평점이 더 재밋다.,0
R00503,"말이 필요 없다. 반 고흐 그 자체만으로 이미 훌륭한 영화다, 작가의 상상력으로 더해진 그의 가족 이야기도 영화에 빠져들게 하는 요소다.",1
R00504,"지금 딸이 유치원생이고 결혼하고 나서 첨 영화보러간 영환데만화 퀄리티 : 표정, 색감 백설공주 흑백판보다 좀 나은편더빙 : 뭐 원작이 그렇다 치자줄거리 : 인과관계 무. 한마리도 뒤죽박죽분위기 : 10~20분 정도 밝고 나머지는 개우울",0
R00505,정말정말 유쾌하고 따뜻한 영화다! 마지막에 저절로 미소가 지어지는영화!,1
R00506,싫어 옛날꺼라유치해,0
R00507,아껴두길 잘한 영화다.,1
R00508,차분하게 스토리 따라가면 다 이해되는 영화.,1
R00509,아무리 봐도 개 막장 드라마 작가가 누군지 참 어이가 없네요그런일들이 현실이라면 누구나 다 그렇게 하겟네별 한개 주기도 아까운 개막장드라마,0
R00510,안보는게좋습니다.ㅇ,0
R00511,처음으로 영화보면서 죽고싶다는 생각을 했다,0
R00512,글쎄 이해안가............내가좋아하는배우들많이나와서2점준다.,0
R00513,미라 나올때 웃겨죽을뻔....발작연기할때...내가뭘보는중인가싶었음..,0
R00514,10점 만점에 10점.. 사실 9점정도지만.. 평균 평점을 올리기 위해 10점 준다. 독특한 소재의 공포영화.. 반전도 있고 인간의 심리를 리얼하게 보여주는 공포영화다. 믿느냐 믿지 않느냐.. 내가 본 최고의 공포영화 탑3에 든다. 공포보단 심리 스릴,1
R00515,한채영은 역시 데뷔초부터 미모의 여신이자 연기의 여신이었다.,1
R00516,찐하게 눈물 흘리고싶은분들,1
R00517,너무 나도 유쾌한 영화~~ 배우들 (악역들 포함)해서 너무 영화를 잘 이끈거 같아요~~,1
R00518,야동용으로 보려한사함들 반성해라 ㅡㅡ 보는내내 제시카알바 겁나귀여웟고 남자주인공도 괜찮앗다. 스토리도 뻔한스토리라고 볼수잇지만 배우들의 귀여움과 코믹함으로 다 커버쳐 줫다.,1
R00519,미성년자 게이 확산시키는 쓰레기영화,0
R00520,"영화보면서 평점 처음써본다. 영화가 유쾌하고 지루할틈이 하나도 없는영화내요, 진짜 잘만든듯",1
R00521,짱ㅎㅎㅎㅎ후하리ㅔ흘라헿ㄹ,1
R00522,봉준호감독 천재인것같다,1
R00523,그때에서는 엄청난 대작이었다. 221분이 아깝지않을수없다.,1
R00524,"파란만장한 사라의 일대기를 바라보는 기분, 아픔과 슬픔이 절로 그려집니다",1
R00525,스토리도 조잡하고 뒷끝이 찜찜하다. 연기만 훌륭했던 영화.,0
R00526,개 무서움 ㅠㅠ,1
R00527,1편도 별로 였지만 2편은 아예재미없음.. 긴장감도 없고 짜증작렬,0
R00528,진짜 짱!!이다 정말 감동적이다,1
R00529,애기들넘넘귀여우♥짱재미있다,1
R00530,이 영화를 제목만 보고 단순한 에로물이라 생각지 마시길 인물들의 구구절절할 삶을 정말 위트있게 응축해 놓았고 배우들의 표현역시 삼박자가 맞는 영화 박장대소가 아니라 피식하고 영화가 끝난뒤 잠시 만남 이별에 대해 스쳐생각하게 해주는 영화,1
R00531,음악에 대한 사랑과 열정이 잘 드러남,1
R00532,재밌긴한데요...예고편 왜 계속 안보여주는지..,1
R00533,감미롭고 슬픈음악.. 손꼽히는 명작,1
R00534,영화가 끝나자 7살 우리아이가 한번더 보자고 한다.,1
R00535,꽉,1
R00536,"오늘 우연히 ocn에서 봤는데 촌티가 많이 풍기는 영화였다,ㅋ",0
R00537,전 이 영화를 보고 너무 슬펐습니다 정말 재밌습니다 이영화는 가슴으로보는영화지 눈으로 보는 영화아닙니다,1
R00538,이게 재밌냐?? 와... 할말이없다,0
R00539,동물중에 조류가 지능이 젤 떨어지는데~ 무엇을 바라고 만들었을까???,0
R00540,프랑스인들이나 즐길 황당액션물,0
R00541,비행기 장면이 최고였음,1
R00542,왜 봄?,0
R00543,잔잔한 감동이 크게남는 영화네요,1
R00544,난 괜찮았음 연기도 열심히하는게 눈에보이고..ㅎㅎ,1
R00545,제발 시간낭비하지 마시라 백윤식돈에 이미지팔았네,0
R00546,전태일노동자의 어머니 이소선 그녀는 이제 이곳에 없고 아들을 만나 환한 웃음을 짓고 있을 거에요,1
R00547,발로 쓴 시나리오 같은 드라마,0
R00548,이영화를보고암이나았습니다,0
R00549,평점을 믿지 마라,1
R00550,재미있어요 전계수감독님 최고!!,1
R00551,2편을 후카다 쿄코가 망쳐놨어.... 제기랄... 이 재밌는 영화를...,0
R00552,액션영화가 아니다.범죄 느와르 영화다. 허나 범죄 느와르 영화로서도 실패작.......,0
R00553,파.....판다가 악당이라니!,0
R00554,내딸꽃님이대박나세요꽃님이랑상혁이하고너무잘어울려요,1
R00555,미셀을 부르던 뽈레뜨의 목소리가 긴 여운을 남긴다.,1
R00556,빼어난 연기가 뒷받침된 꽤 괜찮은 독립영화.,1
R00557,마츠다 류헤이 말고 진짜 미소년을 썻으면 좋겠다. 괜찮았음,1
R00558,"일곱번째 아들이 먼가 특별한 의미가 있는줄 알았는데.... 중간중간 볼만한 장면도 있었지만, 전체적으로 전개가 지루하내요.",0
R00559,멋잇다,1
R00560,전혀 공감안됨. 갑자기 총쏘고 찔러죽이는 행동 전혀 이해불가!완전 황당.,0
R00561,장르가 왜 코미디일까. 김수로 연기력 폭발!,1
R00562,최고에요 동생이랑이랑 아빠랑 밨는데 정말 재밌어여,1
R00563,뮤지컬 드라마중 최고!,1
R00564,섹시한김지호...,1
R00565,아 홍수아였구나 이제알았네 ㅋㅋ 하도 고쳐서 ㅋㅋ,0
R00566,김고은이 너무 약했다 몬스터는 이민기하나뿐,0
R00567,기대 이상!!!! 완전 재미있네요 ㅋㅋ 캐스팅도 너무좋고. 응원하겠습니다.,1
R00568,이머고,0
R00569,풍부한 감성에 녹아든 아름답고 슬프고 애잔한 영화.섬세한 연출력과 아역배우의 뛰어난 연기력의 조화.,1
R00570,그럭저럭 나쁘지않게 진행되고 끝나건만 많이 부족하다.,0
R00571,에반 레이첼우드~ 케빈베이컨 최고~,1
R00572,처음으로 자고싶은영화였습니다지루해요 내용도 아주 뻔합니다,0
R00573,여고괴담 시리즈중에 가장 최악이었다고 할 수 있겠다.,0
R00574,혹성탈출 자이언트 몽키 국내판이냐 ? 기생충 같은 영화로군,0
R00575,시간낭비. 100분이 아깝다,0
R00576,크리스찬베일 이름값도 못하는 쓰레기 영화,0
R00577,어떻게 이런 영화를 2002년에 만들수가 있단말인가!! 2012년 영화 프로메테우스보다 훨씬 짱입니다!!! 왕추천!!!!,1
R00578,추억은 일종의 만남이다.,0
R00579,출연진중에 좋아하는 배우도 있는데 실망이다,0
R00580,소소한 일상에서 제목처럼 조금씩 다가오는 사랑,1
R00581,"감독이 배우들에게, 배우들이 감독에게 헌정한 영화",1
R00582,"여 주인공 알렉산드라 다드다리오의 가슴에 10점만점.이런건 아무 생각없이 볼때나 재미있지.그것도 내면이 문제많은 극히 일부의 사람들에게나 통함.나나 가족들에게 얼마든지 일어날수 있는일이라고 생각하고 보면,절대 즐길 물건이 못됨.",0
R00583,진짜 웹툰 그대로만 했어도 절반은 갔겠다.. 도대체 왜 내용을 싹다바꿔먹고 주연을 여자를 썼는지 알수가 없네.. 감독이라는 인간은 웹툰을 제대로 보긴 한건가? 남자주인공과 여자귀신과의 그 감정선을 전혀 이해를 못해서 영화를 이따위 3류 공포로 만들었나,0
R00584,발로만들어도 이거보다 잘 만들겠네 OOO기영화어떻게 이영화가 상영이됬지?,0
R00585,당신이 꼭..!!! 보지 말아야 할 영화....,0
R00586,사방에 뿌려지는 총알처럼 희미해져가는 흑전사들,0
R00587,미국의 복잡한 인종문제를 캐내어 보여주는 영화.,1
R00588,지금 봐도 재밌고 괜찮은 영화인데 평점이 너무 낮은 듯~,1
R00589,"돈이 적게 든 것 같진 않은데 .. 이건 ""미쳤군"" 수준 ...",0
R00590,미친 예수쟁이들이 정당화되는 어이 없는 내용~,0
R00591,최악. 조잡한 cg 스토리는 꽝시간 아까운 영화는 처음,0
R00592,어떤 의미에서의 10점ㅎㅎ강시영화는 우울할때 아무 생각없이 보기 좋다.,1
R00593,케이블에서 할때마다봄.조쉬하트넷 멋있음,1
R00594,시간이 지나도 설레이고 기억에 남는 드라마 최진실의 매력이 잘 드러난 작품,1
R00595,블록버스터와 오락성을 추구하는 우리나라와는 맞지않지만 이 영화는 정말이지 소름돋는다.보여주고자 하는 표현과 연출에서 소름돋았다. 개임적으로는 2번째 이야기인 [천상의 피조물]에 10점. 제발 영화를 단순히 보지만 말고 이해를했으면 좋겠다,1
R00596,별점깎기ㅎㅎㅎ호ㅜㅜ로,0
R00597,슬펐습니다. 안나와서...,0
R00598,"우리는케빈에대해이야기해야할필요가있다.케빈이 정말 순수한 악이었는지,아니면순수한 사랑을 원하는평범한아이였는지,그리고이제엄마는케빈에대하여알아가야한다어디서부터잘못된건지는알수없다.그렇기에,우리가알아가야한다.엄마의입장에서가아니라케빈의입장에서바라봐야한다.",1
R00599,버팔로 부인 진짜 보살인거같다 ㅋ 자기 남편이 다른여자랑 그짓거리하는걸 보고도 이해한다고 넘어가냐... 눈이 멀어 착각한거라고하면 모를까.. 사실이라면 조선시대 여성상처럼 진짜 대박 보살인듯. 영화는 너무 괜찮았다. 일본 여자 너무 섹시한거같음,1
R00600,"공리, 늙지도 않고 이쁘네..",0
R00601,영화의 존재가치가 충분하다.,1
R00602,재미없는 코미디 영화.,0
R00603,`편의점2시`에서 나온 음악 알 수 없을까요?제발!!,1
R00604,동생이 안 돌아와야 정상아닌가? 전나 지루했다 ㅡㅡ 저러니깐 ㅅㅂ 나라가 성장을못하지 100년뒤에도 저 꼬라지일걸,0
R00605,오래된영화인데 이제서어 보게되네요. 간만에 좋은영화 보게되어 좋네요^^ 장백지 너무이쁨 ㅜㅜ,1
R00606,간만에 만난 망작이네요 다시점 시도 좋았고 중반까지도 좋았으나 말미에 엠뷸런스 틀어버릴때 황당 그 자체,0
R00607,박해일의 레전드 영화(+국화꽃향기) 요즘도 훈훈하십니다ㅠ 로맨스 한번 찍어줘요ㅠ,1
R00608,감성을 자극했던 좋은영화,1
R00609,심쿵심쿵 미치네요이수혁땜에 잠 못자겠어요ㅠ자꾸 아른거림ㅠ,1
R00610,유오성 명품연기를 기대하면서 봤는데정작 유오성은 엑스트라급 출연비중...유오성 이름 팔아먹네.. ㅡㅡ,0
R00611,글쎄...데이빗린치가 뛰어난 감독이라는데는 동의하지만...이건 아니다,0
R00612,원작이랑 비교하지말고 영화자체만보고 평가하라는 사람들은 원작을 읽어보긴했는지 모르겠다. 해리포터의 핵심은 마법을 쓰는 화려한 영상미에만 있는게아니고 탄탄할줄거리에있다. 그줄거리를 제대로표현해내지는 못할망정 왜곡하고있으니 보는내내 기가차더라,0
R00613,뜻하지 않은 많은 깨달음과 연애가 무엇인지 느끼게 해주는 영화 !,1
R00614,교육적이지도 않고 메세지도 없고 재미도 없는 영화화가난다!,0
R00615,망자의 억울함을 달래주시오~,0
R00616,재미없고 돈도아깝고 최악이다 최악,0
R00617,아라아아아라아알아아아,0
R00618,그냥 시간 아까운 뻔한 내용,0
R00619,진짜 걍..,0
R00620,아이유 땈 조타!!!,1
R00621,완전재밌어 애다♥ 사랑애 많을다,1
R00622,완전.재밌고만.뭐가재미없다고들.그러냐~?!!진짜.남자케인 역활 배우.굿굿.멋있다~~♡.♡너무.재밌게잘봤어여~~우리나라는 이런영화절대.못만들지~~진짜.시간가는줄.모르고.빠져들게.봤네~~♡.♡간만에.스케일.좋은영화봐서.기분좋아졌음여~,1
R00623,결말이 너무 뜬금없네요,0
R00624,진실함이 얼마나 중요한 것인지 ^^ 참 좋은 영화입니다.,1
R00625,열 자 이상 적을 말이 없다...,1
R00626,누구나 결말을 알 수 있는 이야기. 그럼에도 감동을 주는 이야기.이것이 헐리우드다..,1
R00627,다큐멘터리인데 . . 꿈과 현실.. 사이에서 갈등하는 청춘들을 진실성있게 잘 담은듯.. 방황하는 젊음들에게 추천..,1
R00628,"CG는 기대 이상으로 휼륭했고, 고릴라가 보여주는 액션도 꽤 괜찮았지만...스토리와 연출이 참.... 웃음 포인트도 약하고, 감동도 어정쩡하고... 게다가 중국풍인지, 인도풍인지 난해한 배경음악이 심히 거슬림.",1
R00629,책도 좋고 영화도 좋고..ㅠ,1
R00630,이거 재미있는데 합체로봇,1
R00631,말이 필요 없다.프렌즈보다 더 굿인거다...(웃음),1
R00632,영화 잘봤습니다...,1
R00633,미국에대한 환상을 부숴버리는 영화,1
R00634,대륙 스타일? 완전 싸구려,0
R00635,죽음이 두렵지 않은 용자이신듯.. 전 이해가안되네요..사람들이 왜이런 위험한 도전을 하는지....,0
R00636,근데 왜 갑자기 실시간 검색어에 오른건가요??,1
R00637,참으로 유감스럽다.,0
R00638,지금봐도 재밌음 ㅋㅋ 주옥같은 연기반전의 반전 평점 10점입니다.,1
R00639,3편을 위한 희생양. 1편 생각하고 봤다간 큰 코 다친다.,0
R00640,봐도봐도 정말 지겹지않네요ㅋㅋㅋ,1
R00641,서종하역 단우씨 연기할때 눈썹올리지 마세요 모니터 안하시나요? 연기연습 좀 더하시고요 하... 배우가 많을텐데 pd는 촬영하며 얼마나 속이 터질까 안타깝네요...,0
R00642,"잔잔함 감성과,싱그러운 여름날, 아련한 사랑의추억이 느껴지는 영화",1
R00643,아주대단해요 그리고여자들을찾으러떠나는모습이....,1
R00644,이거2편나올려고결말이그런가요?-ㅅ-,0
R00645,영화의 후반부로 갈수록 사람의 감정이 점점 변화하는 과정을 리얼하게 표현한 영화,1
R00646,스릴잇음ㅠㅠ마지막엔속이시원햇다ㅋㅋ,1
R00647,어제 새벽에 kbs에서 하길래 봐더니 이걸 본 내가 OOO이지 진짜재미없었다 ㅋㅋ,0
R00648,바다동물들을 너무 귀엽게 표현해서 볼맛 제대로 났음ㅋㅋ스토리도 이정도면 아이들이 보기에 나쁘지 않고 괜찮았던듯,1
R00649,아 영화는 수다다 에 스포당함 ㅡ.ㅡ 근데 보고프다,1
R00650,진짜 요즘 볼만한 티비가없었는데 넘 기다려지는 드라마입니다 실제 우리들얘기같아 더욱공감가구요 캐릭터하나하나 넘 매력적이구 스토리도 넘재미나구요 이느낌이대로쭉 가기를^^,1
R00651,"이렇게 재미있는 로코, 진짜 오랜만임!",1
R00652,어제 대구 천원식당 할머니 정말 뭉클할 정도로 마음이 따뜻해지는 이야기였어요앞으로도 그런 따뜻한 이야기 많이 전해주세요그리고 억울한 서민들이야기 다뤄주셔서 너무 좋아요그후 적극적으로 해결방안 모색도요어렵고 힘든일일텐데 pd님 화이팅 입니다!!,1
R00653,재...재밌다...,1
R00654,이거 10점짜리 영화다. 진심,1
R00655,콜린 퍼스 때문에 봤는데 진짜 별로,0
R00656,다시보고싶은드라마....쩔..어...,1
R00657,이래서 설경구 설경구 하는구나를 알게 되었습니다 . 설경구씨 화이팅!,1
R00658,"볼때는 너무나 즐거운데, 보고나선 너무나 슬펐던 영화. 최고.",1
R00659,정말 감동있네요!다음번엔 다큐로말고 대역쓰고 영화한편찍는것도 좋을것같네요^^,1
R00660,특작(特作),1
R00661,ㅋㅋㅋ평점만봐도 내용을알겟다,0
R00662,차라리 다세포소녀를 보고말지,0
R00663,이걸전부 이해하려면 우선 원작을 플레이해보시길,1
R00664,"다소 올드하지만, 아직은 유효한 뮤지컬의 ‘게이’함",0
R00665,아노하나란 명작입니다 정말로 기본 아노하나를 안본사람인게 틀림없다 ..;; 정말 아노하나 재밋게봣습니다 하나 더나왓으면좋겟네요 ㅠㅠ 하.. 멘마짱 다이스키 ㅠㅠ 진짜 영화보면서 운적 처음이엇음...ㅠㅠ,1
R00666,이게 7.9점대 영화라니 보는 눈이 다들 바닥에 기는 듯,0
R00667,1점도 아깝다....여기 글 쓰려고 로그인 했다는 사람들 이해가 안됬는데 영화 중반부 넘어가니 나도 울화가 치밀어 글을 써야겠다는 생각이 든다이런 영화 왜 만드는걸까? 현실성도 없고 에로도 없고 스릴도 없고 상식도 없는 영화,0
R00668,파라노말 액티비티는 1편에서 끝내야 했다.,0
R00669,아류작,0
R00670,이거 카이바랑듀얼하다가어떤애랑듀얼하고끝??,0
R00671,어린 시절 괴수 영화에 빠져있던 나에게 누군가 이 영화를 추천해준 적이 있다. 그 당시에는 꽤 괜찮게 봤는데 나이를 먹고 성인이 되어서 이 영화를 다시 보니 전형적인 B급 영화였다. 1점은 너무 박하고 4점 정도가 딱 적당하지 않을까.,0
R00672,꼬마 호랑이 크레인의 흐릿한 시선너머엔 어떤 세상이 보일까요...,1
R00673,이런류의 영화를 이렇게 지루하고 재미없게 만들기도 힘들다,0
R00674,바람결이 창을 스치고~ost 전부다 흥한 영화,1
R00675,나중에꼭생각이날것같아요,1
R00676,음 역시 평점이정도가딱인영화잉미,0
R00677,마지막의 나오는 진실이 흘러가던 스토리를 다 맞춰준거 같아서 깊은 여운이 남은 영화.,1
R00678,그냥 악역없이 다 이쁘고 다 재밌고 다 좋은 영화,1
R00679,볼만합니다!,1
R00680,여러분 평점에 속아서는 안됩니다. 뒤로갈수록 흐지부지 그렇다고 앞에는 재밌나!,0
R00681,짱짱맨 대박이었어 겁나 귀엽고 겁나 잘생김,1
R00682,눈을 보고 대화해요오오,1
R00683,탁재훈 나올때만 재밌음,0
R00684,감동과 스릴 모두 느낄수 있었다. 그냥 진짜로 재미있다. 포스터만 보고 볼까말까 고민중이라면 그냥 보길.,1
R00685,그지같다 이건뭐 게이도 아니고,0
R00686,연기만 좋네요~~~ㅎㅎ,1
R00687,평전왜이래요? 재밌었는데 ...ㅋㅋㅋ이정도 평점은 오바다,1
R00688,이상했던 영화였다..,0
R00689,천방지축 어리둥절 빙글빙글 돌아가는 짱구의 하루~♪,0
R00690,남 녀 주인공 속에 바람끼 DNA 가 있다.연어낚시를 사랑한 감독의 억지 끼워맞추기식 로맨스와 신비주의로 뭉친영화,0
R00691,팽이에 지구 운명거는건 쥐도 새도 개도 모르는 개잡소리말임,1
R00692,재밌게 잘 봤습니다 아이들과 오랜만에 좋은만화영화 봤네요,1
R00693,만점을주기에는무언가찝찝하달까나,1
R00694,"왜 이렇게 좋은 영화가 6점대 인지 이해할수가없다. 좋은 영상미 배우들의 시선처리, 연기력 뭐하나 따질것이없는 연출인데..",1
R00695,징그러워 징그러워 징그러워,0
R00696,진짜로 재미없네..,0
R00697,잔잔하지만 강렬하고 리얼하다,1
R00698,17422명 봤는데 벌써 iptv로 풀었나보네 ㅋㅋㅋㅋ진짜 오지게 재미없나보다,0
R00699,감동적이다.......,1
R00700,저질 프랑스영화...그이상도 이하도 아니다 시간이 아깝다,0
R00701,정말재미있다. 한번을 보고 바로 팬이되어버릴정도로....,1
R00702,스타일리쉬한 영상 갉아먹는 어설프고 유치한 설정과 시덥지않은 사건에 빅뱅이론 끼워넣기...,0
R00703,영화에 나오는 어른들 다 역겹고 협오스럽다. 마지막에 그 노인이 성인군자로 보였다 옳은 일을 한 것인데...,1
R00704,"한국불교가 훨 낫겠다. 위대한 침묵은 무슨... 명대사는 ""어디로 가나?"" ""서울"" ㅋㅋ",0
R00705,"연출, 플롯, 연기 그 모든 것이 어색하다. 충분히 매력적일 수 있는 소재였기에 더욱 아쉽다",0
R00706,이영화 보니 이영화 집에서 본건데 이영화 쓰레기네,0
R00707,1점도아까운영화다..끝날때까지답답해서짜증나게만드는영화...,0
R00708,영광을 제외한 모든 것들이 모래늪에서 허우적댄다...,0
R00709,시간조차 아까운 쓰레기영화,0
R00710,기대보다 실망이 너무너무너무도 큰 영화. 태어나 처음으로 댓글을 달아보게 만드는 영화.,0
R00711,혀짧은 김희선 뭔가 웅얼거리는 듯한 권상우 뭐하는 거냐,0
R00712,살아계신 나의주하나님,1
R00713,"역시 한/차의 연기는 ok. 나머지 구성,연출은 빈번하다 못해 빈약함까지 보이는 영화... 한줄평 : 뭐야?",0
R00714,장애인들인가? 애초에 개봉전에 13구역 리메이크라고 했구만 무슨 13구역과 똑같다면서 평점 1점주는 무뇌충들은 뭐냐ㅉㅉ,1
R00715,참신하고 독특한 영화. 울나라는 이런 시나리오 못 쓰나요?,1
R00716,...재밋다,0
R00717,"미남, 미녀 배우들의 흐뭇한 외모에 좋은 연기까지... ^&^",1
R00718,80년대 영화임을 고려해도 수준이 낮다,0
R00719,살짝어렵긴했지만 여운이많이남음,1
R00720,"연극, 그을린 사랑을 통해 먼저 접한 이 영화는 단순한 '반전'의 묘미가 있는 영화는 절대 아니다. 영화가 이토록 무겁고 강렬하게 남을 수 있을까. 개인의 인생, 시대의 비극이 머리를 누르고, 다리에 힘이 풀리는 기분이었다.",1
R00721,굿굿 베리 굿!!!~~~,1
R00722,"쑨원의 삶을통해 신해혁명의 의미를 되새기고, 중국의역사를 알기쉽게 전달해준 감명깊은 영화였다., 공산당이라고 까는사람들은 중국이 원래는 공산당이 아니었다는사실을알아야한다. 신해혁명은, 청나라에대항해 한족이 일으킨혁명이며 공산당과는전혀상관이없다",1
R00723,다큐멘터리가 다큐멘터리 같지않고 작위적이라 실망이네요.,0
R00724,우리들의 일그러진 영웅이 훌륭한 작품으로 평가되는 이유는 한 학급의 모습에 사회가 그려저 있기 때문이다. 학급의 모습을 통해우리들이 살아가는 사회의 모습을 보여주고있다. 교실도 하나의 작은 사회이다. 그것을 이용해 사회의 모습을 잘 나타냈다.,1
R00725,이 영화 내용과 출시 당시 국제관계를 생각하면 어느나라 정부가 돈 대주었는지 답 나오는 영화....,0
R00726,이런저런 사회적의미를 찾지않아도 충분히 재미있다,1
R00727,표정없는 동양인. 인종차별을 거부하는 그들의 모순된 인종차별,0
R00728,삼류 로멘스물 항상 FBI가 나오지,0
R00729,투캅스가 버린 한국영화의 사생아들.,0
R00730,종편jtbc갈수록채널고정하거되너요궁중잔혹사너무재미있게잘보네요,1
R00731,대책없는 친북 민족주의.이순신을 희생물로 삼다!,0
R00732,"남녀 주인공이 정말 잘 어울리고, 넘 예뻤던 드라마! ^^* 엔딩 또한 참 맘에 드는 작품! ㅎㅎ ^^* 잘 봤어요~ㅎㅎ",1
R00733,유머를 기대하는가?? 보지마삼~,0
R00734,괜히 10점달면 알바인거같아 보이려나..특유의 시크한?듯한 컨셉도 마음에들었고배우들 연기도 좋았고 웃으며 재밌게봤는데 평점이 테러수준이네..정경호 연기좋았음,1
R00735,"이야기 전개 과정은 산만하지만, 주제와 메세지는 분명하다",1
R00736,이 영화 다운 받아서 다시 봤는데 진짜 재미있어요 ^^ 옛날에 비디오로 봤었고..,1
R00737,앞뒤가 안맞는 유치한 뱀파이어물,0
R00738,평점에 낚였다. 기대하면 대실망,0
R00739,하.... 옛날 영화는 안본다..안본다..하면서도.. 역시나;; 옛날엔 무서울수도있었겠네,0
R00740,재밌게 봤구만 왜들그래 약간 막장같은 부분이 몇군데 있었는데 재밌었음,1
R00741,별로 열자이상아아앙아,0
R00742,난 엄마에게 어떤 자식일까 라는 의문이 들게 한다.,1
R00743,재밌을거같은데 볼수있는곳이 없네요,0
R00744,이영화가 망친것들1.드래곤볼 애니원작들2.여기나온 명성높은배우들3.제작비용4.사람들의 이영화를보던눈,0
R00745,환상적인 cG 환상적인 연기력... 몸서리치게 만드는 ... 꼭보세요들 .. 안보기만해ㅠ,1
R00746,평점이 너무 높다. 전혀 재미있지 않았다. 쓸데없이 말만 많음. 이런 류의 영화는 조연들의 뒷받침이 중요한데 조연들의 내용자체가 전혀 없음. 또한 여배우도 별로 매력 없었다. 이틀전에 저스트고위드잇의 애니스톤을 보고 이 영화를 봐서 그런가. 실망했음,0
R00747,OOO...3500원주고 별 쓰레기 영화를 다본다ㅡㅡ시작하자마자 막 B급삘이꽂힘,0
R00748,피날레가 뭔가 좀 허무하게 끝난 감이 있지만 볼만 했다,1
R00749,최고.....그로테스크함의 끝을 보는 영화,1
R00750,아이들의 만들어준목걸이가 코난의 생명을 구하다니! 감동 ㅠㅠ 이런걸짱은 영화상을 받아야해,1
R00751,달콤한 영화..,1
R00752,미국 50년대 모르는 사람이 보면 재미 없을 거 같네요 그래서 -1점. 그것 빼곤 쵝오,1
R00753,이건 머 개연성도 없고 유치하고 어이없다. 쓰레기 중 상 쓰레기,0
R00754,잘생긴 사이먼 베이커의 유쾌한 매력.,1
R00755,"무슨,, 제일 마지막에 나온 영환데 제일 오래된 영화같냐,,",0
R00756,장국영 때메미쳐 사랑함 이래서 스타군요 ㅋ 마성의매력돋보임 사랑함 ㅋ,1
R00757,새로워 ㅋㅋ 재밋어요,1
R00758,"부부끼리 보면 손해볼건 없고, 딱히 평가할게 없는. 배경인 섬 '에덴'에는 가고싶네",0
R00759,"헐... 정준용, 준드가 누구여...",0
R00760,"상수형 영화 , 정말 대박입니다",1
R00761,피렌체 여행을 가기전 처음으로 보게 된 영화...그들과 비슷한 경험을 해서인지 계속 눈물이 났다 준세이의 마지막 미소는 그의 미소처럼 잊혀지지 않는다. 나도 그사람이 많이 보고싶다. 편지속 마지막 글귀처럼 서로 다른길을 걸어가고있는 그사람에게.,1
R00762,완전그냥최고bb,1
R00763,너무 가슴아팠던 역사적 현실. 이분들에 의해 지금 우리 모두가 편하게 살고있는거라 생각합니다.,1
R00764,약간 진부하지만 재미있고 감동적이다,1
R00765,일본영화 특유의 잔잔함...원래 이런류의 영화는 지루해서 안 좋아하는데 이 영화는 보는내내 재밌네..,1
R00766,"시즌1부터 봐왔는데 어떻게 매번재밌는지ㅋㅋ근데 시즌3가 최곱니다!!!시즌3화이팅!성준,소연 넘 잘어울려요~♥",1
R00767,진심 이건 무조건 봐야한다,1
R00768,에로영화의 한계를 여실히 느꼈지만 나름 스토리를 만들려는 티가 났고 현실에 충실했다,0
R00769,채플린이야말로 영화계의 위대한 독재자다.,1
R00770,원숭인 주먹고기로 만들어줘야 최고,1
R00771,기나긴 런타임이 결코 지루하지 않았던...,1
R00772,나름 볼만 했는데.? 평점이 낮아 5점은 줘야지,1
R00773,wjehdlhs;lhlshlsifhow;,1
R00774,빠져든다.. 빠져든다,1
R00775,잔잔하지만 가슴을 세게 두드리는 영화,1
R00776,영화진짜 조끄이만들어났네 1시간30분내내시간낭비햇다이가 OOO들아 내마지막주말,0
R00777,대학교때 이 영화 7번 봤는데 질리지 않는 만점짜리 영화,1
R00778,이딴거왜만들었는지..하나도재미없는삼류영화 우리나라에서만들었으면쓰레기취급,0
R00779,아....돈 날렸네,0
R00780,"집착, 욕망, 광기에 대한 표현은 좋으나 재미가 없다",0
R00781,기대합니다 재밌어보임,1
R00782,"그것이 알고싶다, 추적60분하고 비슷한 mc 류승수만의 모큐드라마 싸인 재미있습니다 ^^",1
R00783,맥시코 여자..좀 답답하긴 한데 좋다^^,1
R00784,그냥 딱 이정도가 적당하다고 봄....,0
R00785,레알 완전 짱짱맨! 피크닉은 혁명!,1
R00786,"좋아하는 이야기 몇 가지, 영상..",1
R00787,돈을받고 봐야할 희대의 괴작.,0
R00788,볼때마다 여운이 진하게남는 영화,1
R00789,재밌게 잘좠습니다ㅋ.ㅋ 뭔가 ..속 깊은뜻이..하 ㅎ,1
R00790,그레이스의 겉모습만 보던 사람들에게 그녀의 마음을 보여준 영화라고 생각함.... 보이는 모습이 전부가 아니라는걸 왜 다들 모르는건지...,1
R00791,최고였고... 많은걸 생각하게 되었어요...,1
R00792,펠리니 성지순례,1
R00793,정말 재미없네요.­­,0
R00794,존나야함드럽다진짜ㅡㅡ,0
R00795,내가 다운받아보다가 나한테 미안해서 끈영화..차라리 영화 만들돈으로 불우아동들이나 돕지..안타깝다,0
R00796,"참 신선한 영화 인거 같습니다. 아이들에게 참좋은 영화,",1
R00797,'실화'였다는 것을 제외하고는,0
R00798,쓰레기 감독때문에 1점,0
R00799,저질3 류 한국영화를 많이 보니까 영화 평점이 이따구지!!! 최소 8점대는 넘겨야 정상인데 안타깝군!,1
R00800,"프랑스 영화 ""마이 뉴 파트너"" 를 대놓고 표절한 영화. 심지어 장면까지 그대로 가져다 쓴 부분도 있는데... 그때만 해도 우리나라에 표절이란 개념이 없었으니.... 요즘 같았으면 정말 욕 바가지로 먹었을 텐데....",0
R00801,지금 채널CGV에서 하고 있어 보고 있는데...정말 더럽게 재미없네....주상욱 캐릭터 완전 ㅂㅅ이네...왕따 당해도 쌈,0
R00802,스피디한 전개로 지루할 틈은 없지만 이야기가 너무 허술하군,0
R00803,이영화는 중국 무협 판타지로 정의내려야한다. 대하사극을 원한건가??,1
R00804,우뢰매 중에서 완성도 정말 높은 수작,1
R00805,우와~~~ 알바들 장난 아니게 풀어놨네..,0
R00806,영화보는 맛을 느끼기에 충분한 연기와 배우들.,1
R00807,전 초딩인데도 재밌게 봤음..... ㅋㅋ 김선아 짱~!!!!!!!!,1
R00808,감명 깊을 듯도 했으나 뭔가가 부족했던 영화...머피 연기력은 최고ㅋㅋ,1
R00809,첨엔 재밌더니 갈수록 뭔 내용인지?!의학드라마야~~~!?? 총질하는 간첩드라마야~?!!작가가 똥오줌을 못가리네!! 뭐하자는건지,0
R00810,이건뭐 영화도아니다 재미도없는대 비싸기만하고 짜증나게 재미없네,0
R00811,피해자 코스프레 맞다. 저당시 일본 전계층이 제국주의 피바람에 열광하던 광신도들이었다. 더욱이 주인공은 해군장성의 자제다. 전범국 해군장성의 집안도 전쟁의 피해자란거냐?? 주인공이 아버지 원망하면 변명의 여지라도 있지만 마지막까지 대일본제국 타령이다,0
R00812,.3사건은 무고한 사람들도 더러 죽은 근현대사의 비극이지만 4.3사건을 해군기지에 대입한다? 쓰레기 선동영화 또 하나 나왔구만 . 4.3사건으로 슬픔유도 -> 해군기지 반대 장면으로 넘어감 -> 보고있는 사람에게 해군기지 반대 심리를 각인,0
R00813,으악.... 안돼....,0
R00814,거지영화네,0
R00815,마운트 버논 중학교 1짱 빅맥 ㅋㅋㅋ,1
R00816,오씨엔에서 예고편 보여주길래 재밌을것같아서 봤는데 재밌어요 ㅋㅋ,1
R00817,"안타깝지만, 뭔가 급조해서 만들 었다는 느낌?",0
R00818,이게 마지막 역사드라마이길 바라다.,0
R00819,200억원짜리 손발오글거림. 미친다 진짜... 이걸 영화라고 ㅡㅡ;,0
R00820,시간낭비하게 만드는 영화 중 하나. 유치함.,0
R00821,썰전 매주 기대돼요!!,1
R00822,내용 이해가 안되구만,0
R00823,기어 형님의 매력,1
R00824,왜 수입을 하는건지.. 돈 아깝다. 차라리 기부를 하지,0
R00825,간간히 나오던 컨트리음악들이 참 좋았음.. ^^,1
R00826,진짜제가젤좋아하는드라마에요완전진심재밌어요진심이런거또생기면좋겠다,1
R00827,이건뭐 공포영화 10위라하길레 봤더만 너무하네.,0
R00828,비가 오는 날에 이 영화를 보면 어릴때 생각에 푹 빠져든다. 100번 아니 1000번 봐도 재미있고 노래들이 좋은 영화. 명작이다.,1
R00829,"오늘 영화채널에서 해주길래, 우연히 본 영화. 상당히 신기한 영화. 그리고 신이영 씨가 여기에서 나오다니, 정말 반갑군요.",1
R00830,은희다운 여자 빛땡겨와올인친다,1
R00831,의외로 반전영화임 처음엔 뭔지 모르다가,1
R00832,걍 교도소장 죽이고 그 옷입고 나간다는 내용 ㅡㅡ,0
R00833,그렇게 섹스가 좋은지.. 너무 괴상망측해 진짜이거 스토리 왜이래?,0
R00834,ㅎㅎ셀마블레어 완전 예쁘고 잼있어용 ㅋㅋ,1
R00835,최고의 시리즈물,1
R00836,어른은 NO. 아이들은 나름대로 YES,0
R00837,초딩영화,1
R00838,좀스러우면서도 성숙한 그의 일상. 나이 먹는다는 것은 이렇다.,1
R00839,gg,1
R00840,"죄책감에 시달리게 된 원인과 양심을 찾아., 그 표현방법과 그림들과 분위기가,. 배울점이 많은 영상.",1
R00841,구성이 상당히 부실한 영화. 역시 네이버 평점은 믿을수 없다.,0
R00842,이 영화로 니콜 키드먼에게 정떨어졌다,0
R00843,군대에서 본 영화 쿡티비 무료영화 볼거 머있나 후임들이랑 쿡티비 뒤지던중 발견한 영화 남자시끼들 모두 재밌게 봤음,1
R00844,방송하면 뭐함 시간대가 이런데,0
R00845,속았다....졸라 잼없군....,0
R00846,안무섭고 잔인하기만 한데 그것도 다 예상 가능한 잔인함... 그냥 야동 임,0
R00847,what the???????????????????????? fuck 이건아니자나 진짜 0점없나 시간이아깝,0
R00848,너무 지루해서 한시간 보다 껐다..,0
R00849,와.. 이런 내용의 영화 .. 한국서 만들면.. 평점 3점 이하일텐데;;;,0
R00850,진심으로 전기세가 아까웠다!!!,0
R00851,거의다 조작일듯 조작하세요,0
R00852,제목이 엉터리,1
R00853,다이 하드나 스피드보다 더 재밌다고 생각하는 영화 ㅎㅎ,1
R00854,"난감하다. 재미도 없고, 세상을 깜짝 놀라게 하는 센세이션도 없다.",0
R00855,오랫만에 다시봤는데 너무감동적이다 눈물콧물다뺀영화 최고의 엄마연기와 딸의연기 너무좋았다 그리고 정경호 연기두!!ㅋㅋ,1
R00856,역시 미야자키 하야오 작품은 진짜 재미있고 감동적이면서 괭장히 그림체도 좋고 와...감탄사가 절로 나옵니다.,1
R00857,난 좋았음 굿,1
R00858,ㅋㅋㅋ 뭐냐 이영화는 ㅋㅋㅋㅋ 만들다말았나?? ㅋㅋ. 간만의 후진영화,0
R00859,명치 존나 쎄게 때리고 싶다.,0
R00860,보다가 지루해서...30분보면 끝이 다보이는영화,0
R00861,"초절정 바람둥이, 사고뭉치 그녀, 완전모범 남친!",0
R00862,진짜; 미야자키하야오 작이라해서 봣는데 존1나잼없더라 OOO 쓰레기,0
R00863,첨에는 배우연기에 반하고 다시 보게될때에는 매력 내용..,1
R00864,야하지도 재미도 없는 영화,0
R00865,소재는 신선했으나 짜임새가 엉망이었던 영화. 앞으로 전개될 내용을 다 예상할 정도로 뻔히 보이는 스토리였다. 스릴러라고 하기엔 결말도 복선도 엉성... X 싸고 밑 안 닦은 것같은 꺼림칙한 느낌.,0
R00866,개이득~~~♡♡♡♡,0
R00867,굿굿굿! 정말 재미있네요,1
R00868,왜만들엇을까...필름값이 아깝다,0
R00869,이런 모습을 보려고 영화를 돈주고 보는게 아니다 저급한 일부한국 음악문화를 영화화 하면 이런모습일듯ㅋㅋ다시 곱씹을수록 내돈이 아깝다 관객들 반응이 꽤 좋았던데 그걸보면 내 취향문제도 있겠지만 정말 짜증나는 영화 배우때문에 2점 주는거,0
R00870,감독의 필모그래피를 살펴보게 되는 영화,0
R00871,신문지 장면.. 배우들 표정이 진심으로 좋아하는 것 같더라. 푸핫!,1
R00872,졸다가 놀래서 깨고 ~다시 자다가 깨고~ 에이C,0
R00873,오우오오우옹옹·ㄴㄹ늴,1
R00874,이거..엄마가..비됴가게에서..빌려오셨던겋ㅎㅎ정말재밌게..봤었는뎁..ㅋㅋ,1
R00875,"웃기긴 진짜 웃김 이문식,강성진 진짜ㅋㅋㅋ",1
R00876,너무 단순한 연출과 스토리...,0
R00877,군함에서의 다이하드. 그 당시에 정말 재밌었었던,1
R00878,에드리안의 연기가 돋보이는 영화,1
R00879,재밌었지.. 그렘린..,1
R00880,너구리들이 웃기네요 ㅎㅎ 재밌게 본듯 싶네요....,1
R00881,위트와 적절한 유머에 따듯하고 먹먹한,1
R00882,권리란 무엇일까? 에 대해 다시한번 생각해보았습니다.,1
R00883,평점왜이래... 재미있게 봤는데.,1
R00884,진짜 배꼽빠지게 웃긴영화..ㅋㅋㅋ 임창정 너무웃기다ㅋㅋㅋ,1
R00885,"액션, 캐릭터, 스토리 총체적인 부재. 무간도,풍운의 감독 유위강에 대한 환상은 깨세요~ 원래 다작 하면서 졸작도 많았슴다~ 주락원 보고 나면 새 세상이 보일거에요 ㅎㅎ",0
R00886,보다 말았는데 심장 졸라 쫄깃해진다;; 근데 여주 졸라 답답함. 세면대 물기 닦는 철저함도 보였으면서 차번호도 안봐두고...글고 주유소에 불 지르면 될텐데... 글고 쪼매난 총으로 뭐 어쩌려고 미친놈 소굴에 따라가냐,1
R00887,얼음강..생각할 점이 많네요..좋은영화 감사합니다.,1
R00888,"음악,자유,인생이 너무 잘 어우러진영화. 로드무비를 사랑한다면 무조건 봐야하는..",1
R00889,"더 락 (드웨인 존슨) 영화가 왜 자체자막 타이틀 달고 바로 2차시장에 풀리나 했더니 영화가 쓰.렉.이 였어 ㅋㅋㅋ 공짜로 봤지만 인생낭비영화. 디토 몬티엘 영화는 보지마라. 컴아웃파이팅, 화이트 밀크보다도 이게 더 쓰렉이임 ㅋ",0
R00890,난처음에여자주인공이서양인인지동양인지궁금해서네이버를쳤다.서양인처럼생겨서,1
R00891,몇장면만 모아서 보면 될 영화,0
R00892,완전 재미없음!!,0
R00893,최고로 재밌는 영화~~~~,1
R00894,닌자어쌔신과 비교됬던 작품... 닌자어쌔신의 승리다.. 거희흡사하다,1
R00895,돌고도는 에피소드들...그렇지만 이해가 쉽다..,1
R00896,마음이 훈훈해지는 영화다. 택시기사의 연기도 좋았다~특히 유하나씨 넘 이쁘셨음.^^,1
R00897,총알한방 쐈는데 두명이 죽었네? 이건뭐임,0
R00898,진짜 재밌게 잘 봤습니다.,1
R00899,강도가 무슨 서로 싸우고나 있고 뭔가 좀 웃긴장면도 있고 그랬지만 뒤로갈수록 점점 긴장감이 높아지고 착한 강도도 있고 예리한 경찰과 어머니의 모성.,1
R00900,도저히 참을 수 없는 작품,0
R00901,큰영화관에서개봉해관람을했다면욕했을꺼다그런데독립영화저예산영화라고칭찬은,0
R00902,뻔하다 내용도뻔하고 앞으로어찌진행될지도 뻔한데 보는내내 울었다.,1
R00903,해리슨포드는 도대체 뭐가부족해서 이딴영화를 찍었냐!!!!,0
R00904,"엘렌페이지 땜 봤는데 재밌었어요, 대사도 유쾌하고 아 미사랑은 상관없답니다 ㅋㅋ",1
R00905,여러모로 코미디이긴 하다...,0
R00906,기대이상으루 재밌네요.. 어린이들이 보면 참 좋겠어용~ㅎㅎ,1
R00907,무난한 재미 하지만 1편이랑 너무 비슷한 느낌,0
R00908,순수한 조현재 안드레아 떄문에 정말 열심히 봤다. 잘 어울렸는데.. 다시보고싶다.,1
R00909,이런 영화는 왜 만드는 걸까 진심 궁금,0
R00910,평점 왜 이럴꺼.. 후반에 좀 마무리만 잘됬어도 엄청 수작이었을건데..,1
R00911,이 9점은 마지막 액션신에 대한 찬사다.,1
R00912,사랑보다 앞서는 출세욕...남자가 바람피운것도 아니고..뭐냐정말..,0
R00913,인기 위주의 프로그램,0
R00914,뻔하디 뻔한 스토리지만 계속 보게 된다ㅋㅋ 김우빈 간지 좔좔~ㅋ,1
R00915,아 진짜 살다살다살다 이런 영화는 처음이다. 주제는 축구선수 여친과 가족은 또라이다(?) 출생의비밀에 로맨스에... 이걸 10점을 줘??? 누가...?,0
R00916,한국영화계의 논설킹과 고졸 타란티노의차이 예술에서 가장 중요한건 재능이다 재능!,0
R00917,이장호 감독의 유일한 호러물.심령적인면이 강함. 엑소시스트 영향을 받은듯한 영화.,1
R00918,정말 울면서 봤던 감동적인 이야기였습니다.,1
R00919,너무 재미있다 추천,1
R00920,......다보고 다시 추천,0
R00921,독립영화 라 기대안햇는데 재밌네요~,1
R00922,여유로운 일요일 오후 나른하게 동화속 세계로 빠져들게하는 포근하고 따뜻한영화,1
R00923,그러하다10글자는채워보자,1
R00924,ㅠㅠ 한장면 한장면이 짠하다.,1
R00925,엉성한 구성,0
R00926,짱구는 역시 더빙~!! 그리고 박영남 성우 아닌 짱구는 생각할 수가 없네요 너무 재밌습니다,1
R00927,"스토리도 말이안되고,재미없네,괜히1시간낭비했다. 알바생들댓글에 속지마세요...",0
R00928,졸라시끄러워요 아침부터 맨날드라마가 소리만질러되고요 내용은맨날그냥그런내용 뻔한내용이면서 말이죠ㅡㅡ 드라마가 소리만질러되서 뭐가되나요 ?,0
R00929,"한 번 봐도 좋고, 두번 세번 계속 봐도 신선할 것 같은 영화입니다. 탄탄한 구성과 전개방식, 복선의 활용과 스토리 그 자체에도 감탄을 마지 않습니다.",1
R00930,두번 웃었다. 코미디 맞는거야? 마지막엔 왜 다들 죽냐?,0
R00931,이거봤을때가2006인가 2007년인가,1
R00932,"너무 슬프다. 영화보는 내내 여주인공이 행복해지는 모습을 너무 보고 싶었는데, 그게 안되는 현실이 너무 답답하고 안타깝다.",1
R00933,4.44 ㄱㄱ/ㄱㄱ/ㄱㄱ/ㄱㄱ,1
R00934,홍상수의 영화는 고민의 흔적이없다. 텅비었어,0
R00935,가끔씩은 첫사랑이 있는 과거에서 살고싶다. 그것만으로도 사치스러운 생각이 아니길.. 그리고 그 청춘의 시간들을 회상시켜줄 수 있는 매개가 있다는 것만으로도 행복에 빠질 수 있는 것 또한 사치가 아니길..,1
R00936,지루하고 재미 없다. 마지막 엔딩에 누굴위해 만들었다는데. 알츠하리머 병자들을 위한 것인지.,0
R00937,초등학생때학교에서봤던기억이...ㅋㅋㅋ재밌었다~,1
R00938,객관적으로 재미가없음,0
R00939,세계 최초의 장어주연 영화,0
R00940,내 평생 최고로 눈물을 많이 흘리게 한 영화,1
R00941,어설픈 휴머니즘에 가리워진 재난물의 임팩트,0
R00942,잘나가다 또 .. 관객의 예상을 한치도 벗어나지 않는 전개 .,0
R00943,"아니 잠깐,여기서는 남자, 각성에서는 여자?",1
R00944,그냥 대박이란 말밖에 안나온다,1
R00945,거의 정지된 듯한 화면... 등장인물을 쫓지 않는 카메라...,0
R00946,코난이 꿈꾼걸 예고편으로 보내는 감독의 낚시질 막장 쓰래기영화 ㅋㅋ,0
R00947,최악중에 악중에 악중에 최악임 역대 이런 쓰레기영화는 본적없음,0
R00948,만화로는 안봐봤지만 재밌네요 대리설렘 ㅎ,1
R00949,홍찬미 화이팅...응원할게요,0
R00950,기대안하고 봤는데 액션씬 스토리 굿이다 .. 다개1소리입니다 액션 삼류 수준이구요 감동적으로 그릴려고 노력은한게 보였습니다만 머랄까 많이 부족했습니다 감동적으로 보기에는 전쟁이라고 하기에는 너무 어설픈 스토리에 감독에 역량이 많이부족한 작품이였습니다,0
R00951,"가장 인상깊은 애니메이션인듯 계속 챔프에서 하는거 가끔씩봄.방금전에도 봄. 다른건 몰라도 먼가 끝나고, 엔딩 크레딧 지나갈때보면, 짠~~ 함",1
R00952,감동이 너무 심해 보고나서 계속 울게됬던....또 보고싶은..전혀 지루하지 않았음,1
R00953,4.44맞춰야지,1
R00954,내 생애 10개 안에 드는 영화,1
R00955,존재 이유를 알 수 없는 영화,0
R00956,남친이 머리털나고 본 영화중에 제일 잼없는 똥쓰레기라고 쓰래요 ㅠㅠㅠ,0
R00957,스키.봅슬레이참인상적인전투씬이였고 초기007배우가아니 딴배우가해서 흠 기존배우보다 스케일은떨어지지만 나름괜찮았다,1
R00958,대단한 영화 .. 마지막 압권... 그 옛날에 만든 영환데 ...,1
R00959,작화만으로도 다른것무시하고 10점을 줄수있는영화 그야말로 가지고싶은영화다,1
R00960,바베큐할때...침샘이..,1
R00961,다시 태어난다면 천조국 경찰이되고싶다!,1
R00962,흉터로 크게 자리잡은 실연의 상처가 있는 사람이라면 누구나...,1
R00963,코드가 달라 와닿는 게 없다.,0
R00964,이 영화를 보았다면 느낀점이 있어야 한다,1
R00965,참 역겹다 노는내내 기분이 안좋다.연출을 이렇게 개떡같이 하는것도 능력이다.이 영화의 메시지는 그시대의 억압과 공권력의 네가티브한 시대적 자화상을 보여주려하는데 꼭 이렇게 정신병자처럼 고문 기술 티칭 하는 영상으로 연출 했어야 하는 의문이 든다.,0
R00966,"드라마 세중사부터 조아라했던 이야세하루카. 잔잔한 일본영화를 좋아했지만 이 영화보구배우나 영화나 더 이상 볼께 없다는 느낌을 팍팍 준 졸작중에 졸작... 드라마 원작영화중에 최악. 이야세도 나이 들어보이구, 억지로 영화보느라 힘들었음...",0
R00967,나는이영화가다시돈주고극장에서보는날이왔으면좋겠다,1
R00968,이런거 제작할 돈 안 아까운지 궁금하다,0
R00969,이걸이제야 보다니 ..,1
R00970,보는 순간 피식웃고 휴지통에 지웠다. 촬영기법이 너무 엉성하고 80년대 영화 같다. 근데 배우들 하나 하나 발연기 어쩔..,0
R00971,처음 1분이 최고. 나머지는 그냥 어둡고 우울하고 찝찝함,0
R00972,포스터에 낚여 이제야 본게 한스럽다.,1
R00973,다들 영화 보고 리뷰 쓰는 건가?.. 보는 내내 불편하고 답답하기만 했다. 30분짜리 영화라 다행이다.,0
R00974,아오 이걸 영화라고...이 사람 교수다 꼴,0
R00975,애들 총질에 애들 숨바꼭질 할말이없네. 웨슬리영화중 최악.,0
R00976,선동영화 OUT !!,0
R00977,아.. 그냥 좋은 영화..,1
R00978,정말 가슴따뜻해지는 힐링드라마..매주 감동의 눈물과함께 재밌게 보고있습니다.. 부디 오래 오래 방영해주세요^^,1
R00979,한마디만 하지. 전문가 평점은 믿지 마라. 한괴뢰 부하인 씨네21 기자들 평점이다. 진짜 영화적 가치를 따지려면 저 평점에서 2~3점 까면 된다.,0
R00980,유쾌하게 볼수 있는 영화,1
R00981,이재희 이 OOO 시키야!!!!,1
R00982,라스씬 대사 보니 속편 만들 의도 같은데 제발 참아줘,0
R00983,B급 영화지만 정작 B급 영화 좋아하는 사람이 보면 진부하고 재미없을것이다 아무런 개성이 없고 신선함이 없다자질구레한 위트있는 유머나 연출은 좀 있다단지 그것뿐추석연휴 오전 11시즈음에 볼마음도 없었는데 우연히 보는 추석특선영화정도가 딱인 영화,0
R00984,트리오 재 출격 재미있음,1
R00985,"발상의 발전은 없고, 잔혹함만 성장한다",0
R00986,보다가 그냥 쭉쭉 넘겨보긴 첨이네요 --;; 정말 말이 안나와요 ^^;;;;;;;;;;;,0
R00987,시어머니에게 싸대기한대 날리고 끝나버린다..어이없다..,0
R00988,투박하고 단조로운 연출. 이미 수백번도 넘게 봤던 Britain's Got Talent의 심사위원들 모습을 끼워넣은 후반부는 제작진의 유치한 의도가 드러나 더욱 실망스럽다.,0
R00989,아 다른말 하기도 귀찮다 그냥 쩖이다 이건 봐라 정말,1
R00990,진짜 잘만들었다.. 연기최고 진짜..최고!!,1
R00991,"개인적으로 한국영화 역사상 최악의 영화 , 제작비도 많이 투입했고 당대 A급배우들로 이런 쓰레게 영화를 만들다니 개봉관에서 관람후 12년이 지났지만 이영화는 아직도 내 인생에서 한국영화 최악의 영화로 기억에 남습니다.",0
R00992,그렇게따지면 다 진실이아니게 걍드라마보는느낌이네요ㅋ,0
R00993,무자비한 현실이지만 화끈한 액션은 좋았다.,1
R00994,백성현+최불암+차인표+전광렬씨 땜에 4점..안그러면0점.-_-,0
R00995,8.56?? 말이 안되지...실화를 영화화 한 영화다운 영화,1
R00996,이게 무슨 영화인지... 참 도통 알 수가 없다.,0
R00997,진짜 최고의 프로그램 보는내내 울컥 분노ㅋㅋ,1
R00998,이건 쫌 ㅋㅋ,0
R00999,번개치고 귀신튀어나오는 성궤나 불사의 영약 성배나 고대 중남미문명 외계인 개입설이나..뭔 차이가 있어서 이상하다 하는지 모르겠구만..ㅋ...하나님이나 예수가 아니라 외계인이 나와서 실망들하셨나?..ㅋ,1
R01000,김탁구와 버금가는 내생에 최고의 드라마,1
R01001,오랜만에 본 명작. 극중 프랭크가 2주만에 공부해서 변호사에 합격하였다는걸로 보아서 사기를 안쳤어도 잘먹고잘살았을것같은 천재이야기임 될놈될,1
R01002,큐브 감독이라서 봤는데... 개 실 망,0
R01003,할말이 없당... 그냥 자체가 블링블링^^,1
R01004,역시 에이스야~^_^,1
R01005,무섭지도 않고 재미도 없음,0
R01006,완전퍼펙트인 영화 입니다,1
R01007,평론가들이 진짜 수준이 높고 내가 못보는 걸 볼 순 있겠지만 그것때문에 스스로 즐길거릴 많이 못즐기는 것 같다. 이정도면 훌륭하지 않은가?,1
R01008,글쎄 나름 캐스팅은 괜찮은데 억지스러운 면이 있어 공감이 되지 않음,0
R01009,나마스테가 왜나와?ㅋㅋ,0
R01010,참 가슴 미어지네...총이 농기구로 바뀌어야만 한다,1
R01011,별로인건 맞다. 그리고 이은주 연기는 항상..부자연스럽다.,0
R01012,"발암드라마 주인공답답하고, 웹툰 ㅎㄹ자식에 나오는 아빠 보는거같다",0
R01013,유아인을 비롯해 배우들 연기도 좋고 이 정도면 상업영화로 볼만하지 않나 싶은데 평점이 무지 짜서 이유를 모르겠네요. 솔직히 억지스러운 설정에 있는 영화들 많은데 왜 이 영화만 유독 냉정하게 평가하려하는지... 암튼 전 볼만했어요,1
R01014,동감임!!!!!!!!!!!!,1
R01015,"아무리 성의없이 만들어도 조이스틱 하나로 모든 cctv를 장악하냐? 이거 만든 감독한테 욕나온다...배우들도 지그들만 긴장하고, 심각하고...나한텐 전혀 긴박감이 전해오질 않는데...최소한 빅매치 정도의 컴텨 비쥬얼을 되야지...왜 0점은 없는거야?",0
R01016,솔직히 일박이일이 주말황금시간때 방영한다는게 이해가안감; 수준은 완전 이천년대 예능인데 솔직히 더럽게 재미없음;하긴 메인 엠씨감이 한명도 없는데.,0
R01017,잔잔한 감동. ^ ㅡ^// 조티포스터님의 순박한 눈망울에 빠져들어갔다.,1
R01018,"ㅡ,.ㅡ 아오 빡쳐",0
R01019,이젠 그만 찍어라;; 이 시리즈는 재미가 없어,0
R01020,먼 평점이 6점대여...,1
R01021,감독의 변태적 욕구가 드러난 쓰레기 영화,0
R01022,3류 만화스토리보다 더 질이 떨어짐 작가가 누군지 한심함 기본 상식도 안 갖춰진 작가 공부나더하시고 10년쯤뒤부터 글쓰셈,0
R01023,에스메랄다 성당에서 노래부르는 씬 최고.. ㅠ.ㅠ,1
R01024,극단적인 것이 멋진건 아냐....윽,0
R01025,그저그런 왜곡된 생각을 가질수 있겠다.,0
R01026,"익숙함으로 내내 지루하고, 나이 든 샤론스톤의 몸부림이 애처롭다.",0
R01027,전형적인 액션영화지만 재밌다,1
R01028,6.5점은 너무 짜다... 7점 이상가야하지않을까... 진짜 재밌게 봄,1
R01029,두 배우의 명연기. 최고네요,1
R01030,별점별점별점별점별점,1
R01031,멜로 영화를 많이 보는 편인데 허밍은.. 좀 아쉽네요..아무런 감흥이 없네요..,0
R01032,예쁜 여주인공 얼굴 구경. 킬링타임용 영환데 딱히 재밌진 않네 태닝은 나름 기억에 남음,0
R01033,표현의 자유는 지켜져야됨. 하지만 아닌건 아니라고 말하고 싶음을 표현하는것 자체도 문제는 없다고봄. 내가 싫어서 표현하는것 조차도 막을 권리는 없음.,0
R01034,진짜 교수님이 3d 애니감상문 쓰라고 해서 봤는데 진짜 유치...,0
R01035,이 영화를 보면서 온몸에 전율이 흘렀다!!,1
R01036,인간의 막장끝을 보여주는군...,1
R01037,뭐지? 나름재밌게봤다. 난재밌다고생각했는데 사람마다 보는관점이다르긴다른가보다...,1
R01038,라울 줄리아의 유작...,0
R01039,끝나지 않았던 방황...,1
R01040,내 생각에 딱 8점은 되는 영화다~ 액션이라고 하기엔 약하지만 소소하게 웃기고 군더더기없이 산뜻~8점이랑 가까워지라고 9점줌,1
R01041,재탕하고 싶은데 그반전을 이미 알아버려서 재탕하기가 두렵다.. 하지만 볼꺼다 왜냐하면 잼있으니깐,1
R01042,진짜 최고의 드라마!!! 완전 초강추,1
R01043,영화는 그런대로지만 포스터가 감독 스스로 2류임을 자처하는구나,0
R01044,"솔직히 스펙타클이나 액션, CG를 바란것도 아닌데 이런 뻔하고 말도 안되는 스토리는 정말... 한 6점대 영화여서 1점주고 평점 낮추련다. 진짜 1~3편나온 시기에나 반길법한 내용과 개그코드...에휴;;;;",0
R01045,적응이 불가능하다.,0
R01046,"로맨틱도 아니고, 코미디도 아니고, 중간에 나오고 싶었던 영화",0
R01047,"대담한 항변, 소심한 답변",0
R01048,핵노잼 핵노잼 핵노잼 핵핵노잼,0
R01049,통독 후 서독 지도층을 보니 3만명이 동독 첩자였다고 하더군요...,0
R01050,역시 짐캐리! 개잼있다,1
R01051,1은 군국주의에 대한 비판으로 보거나 오락영화로 보더라도 볼만하지만 2는 쓰레기,0
R01052,뱀 나오는것까진 그렇다쳐근데 왜 이유도없이 막 물어대냐..얼척없네ㅋㅋ,0
R01053,명작입니다 정말 아주 조아여 짱임 ㅋㅋ 저두 옛날에 ㅋ,0
R01054,6개의 스토리인데 불편하지않다.하나 하나 뜯어보면 진부할지 모르지만모아놓으니 바다가 되는 시원한 영화,1
R01055,"자극적인 포스터만큼 자극적이긴 하지만, 역시 지금 보면 평범할 뿐",0
R01056,50을 훌쩍넘기 나이..지구과학과목을 좋아 했기에 대학도 지질학과와 치의예과를 중복지원하고 결국 치과의사의 길을 걷고 있지만나의 상상력과 어렴풋한 지식이 코스모스를 보며 흐릿한눈꺼풀이 벗겨진다고 할까~~! 이런프로그램을 어렸을때 봤다면 난 다른삷을,1
R01057,재밌긴 재밌는데 여주인공 너무 사기인듯...,0
R01058,전편만큼 재밌었다,1
R01059,진짜 재밌어요^^,1
R01060,허술한 이야기에 액션마저 부족하군,0
R01061,완전 잼있었어요. 우리애가 또보고싶어하네요~ 귀여운 어드벤처네요,1
R01062,네이버 평점을 믿을 수 없네..,0
R01063,반전과 공포의 새로운 정립. 독립영화의 길을 넓혀준 영화. 누가 부귀영화를 평할 수 있겠는가.. 발전하는 영화사에 작은 획을 보았다,1
R01064,아마도 이영화를 사춘기때 보았던거 같다 이후로 시티오브앤젤이란 영화도 보았었다 아마도 스팅의 anjel eyes는 이영화를 본사람이라면 항상 잊지못할것이다 특히 오늘같이 가을비내리는 어느 날엔,1
R01065,미야자키 이분은 어떻게 하나같이 다 ㅜㅜ,1
R01066,홍콩영화 스타일로 흔한소재. 눈물짜내는 남자이야기.. 지겹다,0
R01067,탄탄한 플롯과 극장판에서 볼수없던 큐티한 다치코마.. 공각 팬이라면 꼭 봐야할 작품,1
R01068,어려운 영화 좋아하는 사람들만 보세요...,0
R01069,긴 시간 앉아있는게 힘들었지만 그만한 영화네요. 추천~~~,1
R01070,영화에 등장하는 인물들 모두가 안타까운 영화 눈물이 난다,1
R01071,이런영화 놓치면 아깝습니다 딱 ~넘 잼나 ..진심 강추강추 DVD사고.. 수입사짱,1
R01072,ㅠㅠㅠㅠ소장하고싶은드라마,1
R01073,여주가 매력적이라는 글들이 많은데..전혀;,0
R01074,막판에 조지네요 --; 분위기는 좋았는데..,0
R01075,존나 재밌으 마지막에 그 이상한 화가모자쓰고 타무가 한마디만 하는게 귀엽더라,1
R01076,정해진 길은 없으니 현재에 충실하며 살아라. 굉장히 당연한 말을 정말 뼈저리게 느끼게해주는 영화.,1
R01077,정말 막장드라마가 따로 없네요~ 유치하고. 비현실적이고. 가면 갈수록 구성이 조잡하고 엉망이네요욕먹는게 인기비결이라지만 최악 드라마입니다,0
R01078,안보는게 정신 건강에 좋다.. 기대감만 클뿐 실상 재미는 노잼,0
R01079,대체 뭐가재밌다는건지.. 부활은 정말 재밌게봤는데 이건 도저히안되겠다..,0
R01080,"[ 스토리 1, 비주얼 1, 연출 1, 연기 2 ] 3류 저질 쓰레기.",0
R01081,김수미만 끝내줌,0
R01082,러시아 얘네들은 원래 삶 자체가 비현실성이가? 영화들이 하나같이 다 비현실에 만들다만 조루~~,0
R01083,너무 저평가 된거 같은데 평점 올리자,1
R01084,아 정말 속터져서 못보겠다. 멍충이들만 모였구만 아주. 이소연을 우결에서 봐도 밉다.,0
R01085,재난영화론 괜찮음. But 사만다로 나온 배우가 맘에 안듬..,0
R01086,"연출, 연기, 시나리오, OST 나무랄데가 없다 영화예술의 극치라고 표현하고싶다",1
R01087,역시 기대를 저버리지 않는 언더월드 시리즈. 런닝타임이 짧아서 1점 깍았다!,1
R01088,결말 실망이에요.... 여태껏 본 시간들이 아까워요,0
R01089,필 어떻게 됫을까? 헤어지고 나서 한번도 안나옴..;;ㅋㅋ,1
R01090,아무런 내용없는 가족영화가 되고 말았다,0
R01091,간만에 한국연화 재밌게 본것 같네요내일 회사 출근 할려니 힘들지만열심히 돈벌어서 장가 가야죠,1
R01092,명민좌..오달건캐릭도 역시 잘소화해내는군...가볍게편하게재밌게볼수있는드라마.,1
R01093,잔잔하면서도 깊은 감동이 우러나오는 영화다..,1
R01094,흠.... 그렇군.... 뭐... 흠....,0
R01095,여주인공의 백치미만 돋보임...........,0
R01096,맞춰야지 맞춰야지요 맞출거야임,0
R01097,"아주 오래전 봤지만, 긴장감은 아직도 생생",1
R01098,정말 감동적입니다. 보시면 후회 않할듯...,1
R01099,굳!!저는 이제서야 봤는데 좋네요,1
R01100,파격적인 장면들의 나열만으로는 부족한 연출과 빈약한 이야기를 메우긴 역부족,0
R01101,이건 코메디를 노리고 찍은거야 바보들아 난 졸라웃었다 그래서 10점이다,1
R01102,"영화의 훌륭함은 물론, 말 할 필요도 없는 최고의 GV",1
R01103,김수로성동일짱!이렇게재밌는영화를왜 몰랐을꼬,1
R01104,엄......,0
R01105,4가 젤 나음,1
R01106,"어린 동생때문에 봤는데 진짜 재미없고, 유치했음.",0
R01107,이거 카스에서 공유하던데,0
R01108,"말이 필요없는 걸작 ,,,지금봐도 역시 걸작!!",1
R01109,킬링타임 수준도 안되는 영화..,0
R01110,이건 아니야 이건 아니라구!!,0
R01111,"진짜, 어이없다. 이작품성좋은 영화가 평점이 이리낮을수가,, 알바생들뭐하냐, 이런영화나 올려주지, 쓰잘데기없는영화점수주지말고,,,헐, 기자평론가점수 대박, 이쇄끼들은 도대체 영화볼때 어떤점을 보는거야??",1
R01112,결말이 완전 ....이태란은 무슨죄야,0
R01113,"대일본제국에서 왔습니다. 대일본제국은 서남아시아인은 아예 입국금지처분되어있어, 오고 싶어도 올 수 없으며, 서구의 영어강사 조차 발딛기 힘든 구조입니다. 미개한 조센진들은 대일본제국을 본받아 하루 빨리 서남아시아(파키,방글)의 입국금지와 영어강사추방을",0
R01114,보기싫음보지마셈예전허준도봤던사람이지만지금허준도나름재미있음,1
R01115,이 작은 영화로 그 많은 걸 보여주다니.. 결국 보는 관객들도 다우트,1
R01116,완전잼다 영상도넘멋지고이쁘다,1
R01117,성인남자를 펑펑 울게 만든 영화,1
R01118,지루제루,0
R01119,진짜 재밌다 왜릭오빠 화이팅,1
R01120,상당히 훌륭한 영화...,1
R01121,진짜 재밌다ㅠ 이민기가 사람 녹인다.,1
R01122,다중인격?,0
R01123,잔인한회사 스엠 너네가제일더러워,0
R01124,명작이지 액션도 간간히 나오고 코믹적인 부분도 많이 나오고 지금은 고인이된 매염방도 나오고 성룡의 푸근한 모습과 따듯한 이야기의 영화다 플레이타임 만큼이나 푸짐한 영화,1
R01125,리메이크 왜 했냐?,0
R01126,만드냐고 고생하고 보냐고 고생하고,0
R01127,좋아요근데광고말고이어서햇스면합니다.^^,1
R01128,내가 제일 좋아하는 로빈...,1
R01129,역시 프로도 ㅋㅋㅋ,1
R01130,진짜 평점주러 오는건 처음이다.2년전 영화를 지금 본게 너무 후회스럽다ㅜ진짜 주연배우들이 정말 너무 매력있고 스토리가 너무 잼있다.진짜 어제보고 오늘 또 본 영화는 처음이다.연애하고싶게만드는 영화였고 명대사들이 너무 좋은 영화였다@연애하기좋을날씨다~@,1
R01131,반전에 목매었다는데 보는 내내 흑막이 다 보였던...좀 더 숨길 순 없는걸까 스릴도 부족해서 그냥 심심하게 봤다,0
R01132,1990년 당시엔 최고의 여자킬러영화였다,1
R01133,진짜 재미있게 보고왔네요 하하하,1
R01134,좋습니다!,1
R01135,"배우 캐스팅 미스, 돌직구 던지는 연출 스타일로 정말 이건 아닌듯 기자 평점도 너무 높다!",0
R01136,굿굿굿 좋은 영화입니다,1
R01137,일본영화가 왜 이렇까?,0
R01138,김새론 동생 김아론 연기 너무 인상깊다. 잊혀지지가 않아.,1
R01139,bbbb 그냥 다 재밌음,1
R01140,최근에 봤는데 한지민이 예뻤다. 끝,1
R01141,못보신 분들은 꼭 보시길..,1
R01142,동일한 시간에 일어나는 일들을 하나로 묶는 작품...굉장히 잘 만들어진 영화다,1
R01143,붉은돼지 베꼈구만,0
R01144,"왜 청소년 관람불가였는지 이해가 되지 않는데다, 그 '어느 하녀'는 결국 돈과 사랑을 위해 모시고 있는 귀족의 물건을 훔치는 범죄에도 동참할 수 있다는 것 외에는 별 내용도 볼 거리도 없는...",0
R01145,좋은 영화예요. 재미도 있고 감동도 있어요. 삶의 의미와 가족에 대해서도 생각해볼 수 있었어요 ㅋ,1
R01146,6학년때 진짜 재밌게 봤다 특히 양정팔이 ㅋㅋㅋㅋ,1
R01147,이게 왜 스릴러인지...,0
R01148,"순결에 대한 고뇌는 내동댕이쳐지고 속세적 사랑과 인간의 나약함만 보여준듯,,",0
R01149,정말 여러번 봐도 질리지 않는 재밌는 감동있는 애니.,1
R01150,007 자체가 재미없다.,0
R01151,지금보면 그다지...별다른 자극은 없다.,0
R01152,이 영화가 왜 2까지 나왔지??,0
R01153,8시즌이 전혀 길지 않은 명드 중의 명드 ㅠㅠb,1
R01154,이렇게재미없는드라마진짜 처음이다 와여태까지 주말에는 온가족이 모여 20시 드라마를보면서 즐거운시간을 가졌는데 이 드라마로 가족해체위기까지옴 솔직히 시청율20%도아깝다 조기종영까지는 안바라겠지만 제발 사투리좀바꿨음좋겠다 와~그~라~에?~ 아 진짜거북함,0
R01155,영화한편을 본것 같았다,1
R01156,반전에 반전에 반전.. 한번 보고는 모른다 수작,1
R01157,또 이런 거 만들지 좀 마. 안 지겹니?,0
R01158,글쎄요?무엇일까요?,0
R01159,"첨엔 노래가 억지스럽다 생각되기도했는데 계속들으니 진정성..그 애절함들이 와닿았다ㅎ정상자리의 고통과 사랑과 인기,돈의 갈등..",1
R01160,정말 재미있고 좋습니다,1
R01161,재미도없는게 왜 24%야;;',0
R01162,ost가 너무 좋아ㅠㅠ 장국영 보고싶소,1
R01163,액션신이 화려하고 물 흐르듯 진행되는 스토리에 영화내내 유지되는 긴장감 최고다,1
R01164,짱재미있어용~~~~~~~~,1
R01165,영화는 객관적으로 평가하자. 시갈은 좋지만 영화는 아니다.,0
R01166,흠.. 쓰레기 같은 영화.. 이해되지도 않는 영화.. 이해하고 싶지도 않은 영화...,0
R01167,노잼..맛깔나는 한국유머를 고대로 영어로번역하니까 ㅈㄴ싱거웠음,0
R01168,편집이 볼만하다,0
R01169,이건 말로 설명할 수 없는 유치함이다. 진짜 필름이 아깝다,0
R01170,이건 꼭 봐야해라고 추천가능한 영화는 오랜만인것같다여운이아직도강하다...진정한 사랑,1
R01171,감독. 깽판치다.,0
R01172,특촬 취미가로써 단언한다.이영화는 알맹이가 없는 껍데기다갑자기 지들끼리 싸우고 알고보니 적을 털기 위한 거다!하면 뭐가 되나 ㅡㅡ 차라리 고카이쟈(캡틴포스)까지만 합쳐도 199명이요 라이더는 포제까지가 28인데 얘네만으로도 충분한데 팀킬을 하고,0
R01173,무한반복의 한심스러움. 그나마 마지막 좋은기억마저 없애기전에 이제 그만,0
R01174,"점수 왜리 낮아 링시리즈 와 주온1,2 는 진짜 명작이다",1
R01175,가슴이 찡... 해 집니다...,1
R01176,왜 저질영화만 만들까?,0
R01177,내가본 가장완벽산 시나리오 세계관을 가진 완벽한 영화 터미네이더도 이보단 못할듯3편이 이만힌 영회는 없다 진찌미래는 이럴지도미래의 사람들드 이렇게 할듯,1
R01178,"모던 시네마와 초현실주의의 로맨틱한 조우, 키아로스타미의 이중 운동에 대한 믿음.",1
R01179,보.고.싶.다.!!,1
R01180,이 영화를 보고 제 암이 다 나았습니다~,1
R01181,옛날 생각나더군요. 어찌 늙지도 않는지.. 아는 곡도 많이 나와 좋았어요!,1
R01182,한국인과 일본인의 성격차이를 격하게 느낄 수있는 영화였다. 슬프자면 대놓고 엄청나게 슬플수 있는 양화였는데 처음부터 끝까지 과잉된 감정이 아니라 잔잔하게 계속 가슴을 찌르는 영화였다,1
R01183,평점 10점짜리가 터무니없이 많아서 1점 준다. 저건 알바인거냐?,0
R01184,너무 영화에 몰입한 나머지 단한번도 팔짱을 풀거나 입근처에서 손을 뗄수가 없었다. 오랜만에 인간의 존엄성에 대해 진정으로 상기시켜준 영화이다. 그리고 인생에서 진정한 승리가 무엇인지에 대해서도 일깨워 주는 영화이다.,1
R01185,참나 다짜고짜 욕하는것도 문제지만 욕하지말라고 가드 치는게 더웃기네요비평가들은 연기를잘해서 비평합니까 ? 유명하지 않으니까 닥치고있어야되나요?swee**** 님 초등학생냄시 나네요 공부나열심히하세여,0
R01186,기독교들 돈 걷어서 국가에 바쳐라.,0
R01187,존나 재미없다,0
R01188,우리나라에도 마이클무어같은 존재가 있었으면...,1
R01189,우리나라 옛날 너무나도 당연한 영화,1
R01190,에바다...,0
R01191,끝없는 희생과 한없는 사랑을 보여준 보모님의 모습에 많은 감동을 받았습니다.,1
R01192,귀여운 저글링들 ㅋㅋ 수작임,1
R01193,점수 줄 가치도 없는 쓰레기 영화.,0
R01194,이거보면 암걸림 삼류영화중에 탑인듯 진짜 무엇을보여주는지 아무것도 알수없는 영화 입니다,0
R01195,포스터만 먹어준다ㅋ 그런데 포스터가 전부인 영화,0
R01196,중반까지 원인 모를 전쟁속에서의 나약한 민간인들의 모습들은 볼만했지만.. 이후 영웅으로 진화할려는 모습에서 오글오글..,0
R01197,두번보고 두번다 질질짬 ㅜㅜ,1
R01198,재미..x,0
R01199,슬프지도 재밋지도 감동적이지도않음진짜,0
R01200,아름다운 자연과 어우러진 더 아름다운 사랑과 기다림. 여운이 길다.,1
R01201,갠적으로 수준 이하라고 생각함. 그냥 어린아이가 무난하게 볼만한 영화.,0
R01202,어디서 가슴이 뭉클해야 하는지 ? 지루해요,0
R01203,수입 TV만화영화 이런건 돈주고 극장에서 볼건 아니지...,0
R01204,헤헤,0
R01205,폼좀 확실히 잡아주네요 ㅋ,1
R01206,전형적 한드스타일~;,0
R01207,괜찮아 숫자와사랑이 널 인도해줄거야.,1
R01208,제가 이거 국어시간에 봤는데 ㅈ같네요 1점드리겠습니다,0
R01209,캐스팅은 참 좋았는데... 스토리는 영~,0
R01210,캐스팅 십소름ㅋㅋㅋ머리에 생각이없지 않은이상 이딴캐스팅은 안할듯,0
R01211,"보는 놈이나,,,찍는 놈이나 ㅉㅉㅉ",0
R01212,쥐상 여주인공 부터 비호감. 전체적으로 너무 허술하다,0
R01213,그냥 첫장면만 봐도 어떤 내용일지 그려지는...끝나고 나서도 역시나.. 예상했던 것 과 한치의 오차도 없이 뻔한 전개에 왜 등장했는지 모를 인물들까지.. 지루,0
R01214,무섭대서 기대하고봤는데 진짜하나도안무서움 내용은좋았는데더더더 스릴있고 무서운부분이많았으면좋겟다,0
R01215,1시간이어서 다행이다. 돼지가 우물에 빠진 날은 어떻게 만들어 졌는지 ... 언제부터 만드는 것 마다 볼 가치도 없는 한심한 순 엉터리 이야기들.. 밑에 마술이니 배우고 간다니 웃기는 전문가들 니들이 전문가라니 ㅉㅉㅉ 이러니 세상이 미쳐 돌아가지,0
R01216,개봉되지않음???ㅇ,1
R01217,오~하나님! 앞으로 영화보고 화나게 않게 해주세요.,0
R01218,무슨생각으로 영화를 만드는건지..,0
R01219,"첫번째 볼땐 웃으며, 다시보니... 그장면이 너무 슬퍼서 눈물흘리며...",1
R01220,경계인을 회색분자로 몰아가는 우리 안의 이분법적 사고를 뼈저리게 돌아보게 합니다,1
R01221,알바생들 이빠이네 니네들안테 낚여서 봐버렷잖아,0
R01222,이런 영화가 어떻게 점수가 높을까? 솔직히 너무 지루하고 볼만한 장면이 없는데,0
R01223,아 진짜최악우뢰매보다도못한스토리구성과안어울리는더빙은어쩔것인가...저게과연21세기에나올법한애니메이션이란말인가차라리그냥만화책으로만봤었어야했다대실망...,0
R01224,마치 안봐도 비디오 인듯?,0
R01225,평점보고 낚시 당했네 평점알바인가봐이런 영화가 다시보고싶다니. 음악도 그닥.,0
R01226,다큐와 작년 개봉 영화와 비교하면 평점 5.5인 이태원살인사건이 이것보다 더 낫다.,0
R01227,재밌게 봤습니다. 첨엔 살짝 지루한듯 싶더니 점점 재밌어서 2시간이 후딱 지나가네요. 배우들도 다들 연기 잘하셨고. 다 보고 나도 자꾸 영화가 생각이 납니다. 제작진들께 감사드립니다.,1
R01228,최근 볼만한 영화가 없었는데 괜찮게 보았다. 이정도면 웬만한 스릴러 영화들보다 괜찮은편인데.. 평점 낮게주는사람들은 영화 이해를 못한건가? 8점이지만 평점올리기위해 10점,1
R01229,영화 정말 잘 만들었다. 마지막 엔딩도좋구..흠잡을때가 없다. 여주인공도 예쁘고..,1
R01230,이영화는 코미디 장르입니다,0
R01231,미국의 소모품 사용 설명서.,1
R01232,결말이 짱 마음에 듦.,1
R01233,연기나 연출이나 모두 가볍다. 깊이가 없다. 그래서 공감이나 이해가 안간다. 새로운게 젤 좋은 건 아닌듯 차라리 2000년도 판이 2배는 더 나은듯.,0
R01234,오늘 마지막회 잘봤습니다.ㅋㅋ,1
R01235,좋은 영화의 기본은 별도의 해설없이도 많은 사람이 느낄수 있어야한다는 것이다.,0
R01236,비록 신데렐라 스토리이긴 하지만 캐릭터 매력있고 재밌었어요♡,1
R01237,유치한 스토리에다 이루 말할 수 없이 허접한 연기...,0
R01238,이 소녀..계속 연기했으면 좋겠다..,1
R01239,광년이랑사형수가 XX하는 영화가 15세냐?ㅅㅂ이딴장면이 왜나와??,0
R01240,ㅋㅋㅋㅋ1점도 아까운 영화무슨 생각으로 만드셨는진 몰라도 박수를 보냅니다!!,0
R01241,1시간 30분만에 등장하는 인물들의 특색까지 하나하나 잘 살려낸 명작. 뒤의 칼싸움 장면은 긴장되지 않고는 못배긴다.,1
R01242,"행복해지는 영화,행복을 전하고 싶어지는 영화",1
R01243,세상에나 아무리 재미없어도 그렇치. 1점이 뭔교?,0
R01244,뱀혓바닥과 갸루,0
R01245,속시원한 해답을 주지 않을 빠엔 이딴 속편 만들지마,0
R01246,국적불명의 영화. 주가령은 이쁘네 ^^;,0
R01247,"팬들이 ""드래곤볼의 이야기를 다시 볼 수있다는 것 만으로도 행복하다!"" 라고 말해주는 것과, 말하라고 강요하는건 다르다.",0
R01248,소피마르소 진짜 왜 그래 ㅜ.ㅜ;;;,0
R01249,그냥 난장판,0
R01250,사랑은 참 어렵구먼!1!!!,1
R01251,GTA 학교판. 시원하게 쏴죽이네염.. -_-;,1
R01252,프란츠 카프카의 변신이 떠오르는 작품. 왜 인간은 다름을 틀림으로 단정짓는 것일까. 먹먹하고 잔잔하게 눈물이 나는 작품. 뒷이야기가 몹시 궁금하다,1
R01253,배우들의 연기와 뛰어난 각본이 만들어낸 괜찮은 영화! 김선아 연기가 최고!!,1
R01254,굿뜨~,1
R01255,"기자, 평론가 점수 2.67도 후한 영화. 영화라고 말하기도 민망하다ㅠㅠㅠ코난이랑 김전일이 더 재밌다는 관객 의견에 10000000000% 동의한다. 10점을 준 사람은 혼자만 졸작 보는 게 짜증나서 그런듯ㅋㅋㅋㅋㅋ 진짜 기반도 없는 영화.",0
R01256,하여간 구하러 간 넘이 더해요 ㅋㅋ,0
R01257,보영언니 화이팅!!!!,1
R01258,말이필요음슴,0
R01259,조금씩 떨어진다..,1
R01260,영화 이보다 더 잘 만들 수 있지 않았을까? 유덜보다 캐롤 성격이 더 이상해보인다. 참신할 것도 없는 흔해빠진 로맨스물에 왠 평점을 이리 높이들 주는지...,0
R01261,배우들이 아깝다.. 차라리 다세포소녀를 보겠다,0
R01262,"평점에 낚였네요.일단,지 루 해 요.",0
R01263,내가 지금 뭘 본거지.. 저예산 영화라서 최대한 아낀거야 이해할만 하지만 진행도 영 아니다;; 결과적으로 시간이 아까웠음.,0
R01264,감각이 낡았다.. 케빈 코스트너..이젠 감독은 그만해야할듯,0
R01265,오유에서 왔습니다 엣헴,0
R01266,진짜 뭣도아닌 쓰레기영화다...,0
R01267,"이제 어른들이 어떻게 하면 좋을까? 라는 대사에서 느껴지는 무책임. 담임이 자신의 딸에게 ""무책임? 그런 건 몰라!"" 에서 느껴지는 이중적인 모습에 소름 돋았다. 서바이벌 게임을 통해 그려진 그림 또한 실제 학급 모습과 크게 다르지 않다는 생각도..b",1
R01268,남자용 막장드라마,0
R01269,진짜 제목그대로 얼간이들의 집합소~ 빵빵터집니다,1
R01270,우히히히 완전 잼있어,1
R01271,직인다,0
R01272,지루하네,0
R01273,흔한 이야기지만 또 다른 시각에서 생각할 수 있는 드라마 !!,1
R01274,병맛이다,0
R01275,황당함의 연속.. 후반에는 완전 gross,0
R01276,리메이크되면 정말 대작이다.,1
R01277,"예술, 가장 평범한 것으로부터의 치유.",1
R01278,마이너스 별은 평점에 없남??? 꼭봐라 나만 당할순없다.,0
R01279,이게 7점대라니.. 말이 됩니까?,1
R01280,(스포주의) 시도는 좋았으나 (+1) 끔찍하게 재미없는 공포 스릴러. (-8) 사람이 벌인짓 인줄 알았으나 로라가 귀신이 되어 벌인 짓인 것 보고 진짜 경악했다.,0
R01281,정말 감동입니다 ㅠㅠㅠ,1
R01282,정말 재미있는 시리즈. 최고!,1
R01283,정말 너무 재미있다..,0
R01284,어쩌면 다시는 없을 낭만.,1
R01285,이딴게 영화임? 진짜 피땀흘려 영화만드는 사람들한테 부끄러운 영화다. 꺼져라 서태지..,0
R01286,내가 다 순수해지는 것 같다. 어색한CG못참는사람은피하길,1
R01287,개재밌다 쩐다 이런 비주얼과 다프트펑크의 음악 이정도의 영상미에서 스토리를 논하다니 영화볼줄 모르는 소리 이건 예술이다,1
R01288,You are Virus,1
R01289,캐스팅도 내용도 굿!,1
R01290,보는내내 유쾌하고 시간 가는 줄 모르게 만드는 영화!추천,1
R01291,12명참여인데 평점얼마나바뀔라나,1
R01292,마지막회를 보고 나는 왔다 장보리를 영원히 기억할것같다.출연한 배우들 특히 오연서라는 배우 김지훈이라는 배우김지영이라는 배우 성혁이라는 배우 이유리라는 배우가 연기하는 모습이 인상적인 작품이었다.,1
R01293,우리의 경각심을 일깨워주는 소중한 영화,1
R01294,긴장감 없는 스릴러는 무섭지 않은 호러물이고 웃기지 않은 코미디이다,0
R01295,인간미 넘치는 법정드라마..,1
R01296,의도는 알겠으나 정신이 하나도 없다. 귀아프다.,0
R01297,아이들이 무척좋아하던데요ㅎ 그런점에서 만족입니다 ^ ^,1
R01298,b급 영화의 하잖은 잼...시간ㅇ ㅏ 죽어라,0
R01299,보는 내내 순수한 마음으로. 노래도 스토리도,1
R01300,좋다~~,1
R01301,너무 하다. 마네킹들도 아니고.,0
R01302,너무 재밌었으 집중만 잘되는 구만,1
R01303,`오션스`를 떠올리게 할만큼 멋진 영화군요~ 역시 명품 배우들~ 반전 씬도 맘에 들고~ 아주 재밌게 봤네요~^^*,1
R01304,완전 감동이다 ㅠㅠ 박신혜 짱이뻐요 ㅎㅎ,1
R01305,해품달을넘는사극은없을듯,1
R01306,통쾌한 맛이 없다.. 그냥 삼류 일본 액션 망작,0
R01307,수꼴이니 가스통이니 정치적 지역적으로 개같은 소리만 지껄이면서 분란 조장하는 빨갱이 작가,0
R01308,그런대로 괜찮았던 영화..,1
R01309,글쎄 저렇게 사는 사람이 있을까 싶을 정도의 최익현 보는내내 화딱지.. 그리고 영화자체로도 재미별로 없었다,0
R01310,"왜 이토록, 높은 평가를 받는지 가장 이해 안되는 영화.. 이제는 나이들어버린 줄리엣 비노쉬가 하다못해, 안쓰럽게까지 느껴진다.",0
R01311,아 진짜..........웃긴데가 단 한군데가 없냐........,0
R01312,불편한 사이코 드라마. 그리고 다소 뻔하고 허무한 결말.,0
R01313,역시 영화는 아무나 하는게 아니야~~~~~~,0
R01314,그저 웃지요 흐흐으흐흐,0
R01315,장미여관시리즈중에선 가장 볼만하지만 첫경험의 주제인만큼 쉬운게아닌 좀더 환상적이고 판타지적인 연출과 긴장감이 필요했었으면어땟을까 하는아쉬움이큽니다,1
R01316,송혜교는 걍 하늘이 주신 천사임 진심 드라마보는내내 비주얼쇼크 ㄷㄷ 연기력도 소름돋게했다 어떻게 대한민국에 그런 여배우가,1
R01317,1등,1
R01318,감동적이라는 말 밖에는...,1
R01319,"유치한 주제, 너저분한 대사, 겉멋들인 영상.",0
R01320,흥미진진한 전개로 킬링타임용으로 딱.. 인데..,1
R01321,너무나 아름답고 가슴따뜻한 감동적인 영화였다. 이런남자...*^^*..,1
R01322,보는 내내 아기가 안쓰러웠음 얼마나 아기가 고생했을까 애 앞에서 소리지르고 욕하고 애 안고 달리는데 애 목꺽이는거보고 가슴이 조마조마 ㅠㅠ 이쁜 아기 눈망울이 넘 이뿐덴 ㅠㅠ 넘어린 아가가 고생했겠당,0
R01323,다이하드 어쩌구 광고한던게 생각나네,0
R01324,그들의 꿈과 열정에 박수를 보냅니다! 균신님의 나래이션도 좋았구요,1
R01325,아 별점도 주기 아깝네 아놔 연기초딩도 아니고 보다가 코미디인가 착각했네 kt왜 이걸 인기에 올린거냐 아 돈아까워 이런연기 나도 하겠다,0
R01326,이 영화는 왜 만들었을까? 제일 한심한 건 ‘혹시나’ 하고 끝까지 봤던 나 자신.,0
R01327,보다 잤다... 결말이 궁금하긴 하다...,0
R01328,흥미롭게 봤어요. 여배우들 이쁘네요. 반했음,1
R01329,나만 당할수 없다 ㅋㅋㅋㅋㅋㅋ,1
R01330,감동이에요 우리애기들 분량좀 늘려주세요,1
R01331,힐링되는 영화 ㅎㅎ어렸을때 재밌게 본..,1
R01332,나는 주제가도 생각나 ㅋㅋㅋ,1
R01333,2시간이 지루하지않습니다....,1
R01334,애들이 보면 좋아할듯..,0
R01335,60년이 아니라 600년후에도 남을 걸작,1
R01336,잘만들었네요 굿 홍계훈장군굿,1
R01337,저렴한 작품,0
R01338,원주율을 맞추어야 겠다,0
R01339,배우 말고는 볼 것 없는 영화 -_-;; 이거 재미있다는 사람은 수준 심하게 낮네;;,0
R01340,꼭 봐야할 영화중 하나...,1
R01341,이런 영화 좋다....잔잔함 속에 공감가는 내용의 작품.. 배우들 연기도 좋았다.,1
R01342,홍보가 많이 안돼서 안타깝다. 많은 사람들이 볼수 있었으면 좋겠다.,1
R01343,안젤라베이비 1 + 영화 0 = 1,0
R01344,한국놈들 성괴성괴하면서 다 좋아한다 물론 이렇게 노골적으로 티나는 성괴말고...,0
R01345,유연석의 매력에 다시 한번 퐁당퐁당~ 허우적허우적~,1
R01346,그냥 최고진짜!! 말로할수없는 감동이확밀려오는 엄청난영화 안보시면진짜후회합니다!^^*,1
R01347,그당시에 이정도만든거면 신선함 굿,1
R01348,모든 걸 아우르는 동양 판타지의 결정판...,1
R01349,뻔한 진행에 일률적 캐틱터 연기도 20세기 연기.,0
R01350,평생가도 못 찾을 '우리가 살아가는 이유'를 영화로 찾게 될 줄이야,1
R01351,프랑스에서 살고싶다,1
R01352,1점도 아깝다... 아사 버터필드가 스파이더맨이 되지 않아서 정말로 다행이다,0
R01353,초반부 와이어로 광역기를 시전한 그장면만 기억에남지 그외엔 정말 볼품없고 시간아깝고 너무 재미없고 내용도이상하고 그냥 캡쳐된 와이어씬 사진만 보시길 ..,0
R01354,어렸을때 정말 재미있게 본 영화 색감이 뛰어나다~!,1
R01355,나는 이 영화를 잘 모르겠네. 제목과 무슨 연관이 있는지.. 기대와 다른 영화.,0
R01356,소설 안 보고 영화로 봤는데 시종일관 이렇게 우울하고 칙칙한 영화는 본적이 없다....복제인간과 윤리성에 말하는 영화의 새로운 조명이 목적이면 성공은 했다...선생님이 남주한테 야채 다 먹어라..으으으 아무튼 별 생각 없이 봤다 완전 칙칙해서 개깜놀,0
R01357,아 진짜 너무 오글거린다... 못봐줄정도네....,0
R01358,매우 감동적이고 꿈을 이루는 모습이 사랑스러운 영화였습니다^^,1
R01359,부인의불륜을 남편이 정리한 영화인것같군요.그이상 모가있을까요?,1
R01360,머이리 평점이 높아 b급영화도 나름이다. 매운맛도 맛있는 매운맛이 있듯이 병맛도 재밌는 병맛이 있다 완전 쓰레기 영화다.,0
R01361,대체 무슨의도로 이런영화만드냐....,0
R01362,슈퍼칼리프래글리스틱엑스피알리도셔스,1
R01363,다른작품과 마찬가지로 힐링애니,1
R01364,이건 아니잖아~,0
R01365,"김명민이어서 페이스메이커에 감동이 더했던, 진정 박수를 보내고픈 스포츠인의 모습",1
R01366,낭랑 18세가 훨 빼 재미있다 이거 낭랑 18세 따라한거냑,0
R01367,샤론스톤이 제일 조신하게 나온 영화인가? 어울리지 않음.,0
R01368,미련하고 아둔한 캐릭터들만 있네,0
R01369,정말 재미있게 본 영화! 좋아하는 사람의 마음을 얻을수 있는건 진심이라는걸 다시한번 깨닫게 되는 좋은영화네요!,1
R01370,OO로 마이신이다.,0
R01371,"나에게로 온 길은 내게서 나가고 만다. 길 위의 길, 아, 인생!",1
R01372,"합리화!! ""언제까지 아이인척 할까야? 니 선택이여",0
R01373,이게..... 12세? OTL,0
R01374,1점은 있어야 드라마제 ㅋㅋㅋㅋ,0
R01375,뭔가 보여주고 싶었으나 시간관계상 좃밥으로 막을 내리는 영화,0
R01376,엘르 패닝의 놀라운 연기와 사춘기 소녀들의 불안한 감성!,1
R01377,아주 좋았다. 뭐랄까 처음엔 지루하다가 가면갈수록 마음이 차분해지면서 끝에는 약간 애잔한느낌이 들었다.,1
R01378,솔까말 재밌음,1
R01379,식상하고...휴~,0
R01380,진심 개답답 개노답임ㅡㅡ,0
R01381,모든 영화의 장르란장르는 다 짬뽕했는데도 최고의 스토리를 보여준다...유치한데도 뭔가 고급스러운 느낌은 왜일까,1
R01382,가끔 이런게 정말 미치도록 좋더라구 -,1
R01383,진짜 사랑하는 은동아는 재미있음. 초반부터 지루한 면도 없고 약간 운명론적인 이야기라 더 흥미가 가는 것 같아요! 앞으로 계속 보겠습니다!,1
R01384,벌써부터 봄이 기다려지네요...따스한봄이. ★★★★4.3,1
R01385,"평점보구 댓글보구 본 영환데, 참... 한마디로 보지마세요~ 알바에게 낚였어요~",0
R01386,야했던 기억밖에... 여자 나체..-_-;;;,0
R01387,폴리스스토리는 전편모두 재밌다,1
R01388,너무 지루 하고 주인공 너무 감성적이다 적들은 그냥죽이는데 지는 살려주고 다님 보호 할려는게 아니고 무술 뽐내는거 같음 보는 내내 답답하다 영화,0
R01389,병맛 좋아하는 분들은 재밌어하실 만한 영화! 난 그냥 주원님이라 좋을 뿐이고.,1
R01390,개 좋아하지만 이 영화 괜히 선택했다라는 생각만 들었음...,0
R01391,이게뭐냐 빨갱이 영화냐 ㄷㄷ,0
R01392,이건머지요? 왜자꾸 글쓰라고합니까,1
R01393,초반에 이미 내용이 파악되는 스토리!,0
R01394,느와르 .... 스카페이스와 칼리토스웨이를 섞어놓운것같은데 한국정서가 더해지면서 이야기는 싸이판으로가고있다,1
R01395,오늘 나를 험담하는 바보같은 말들에 귀를 귀울일 필요가 있을까...?,1
R01396,본것 같기도 하고 안본것 같기도 하고 기억속에서 지웠나보다,0
R01397,캐스팅의 힘,1
R01398,이걸 영화라고 만들었겠지?,0
R01399,초반은 좀 지루하다. 걍 독특한 영화.,0
R01400,지금 이걸 보고 있는 당신에게... 이보게들 이글을 보고 있을시간에 다른 영화를 찾아보지 않겠나?,0
R01401,어린여자아이 옷벗기는 장면 명백한 아동학대범죄이다. 18금영화에 아동을 18금출현시키다니 .. 자기가한일에 책임을 지지못하는 어린아이가 훗날 영화출연을 후회하면 어떻게 하는가? 감독과 영화에 관계된 어른이 시간을 되돌릴수 있는가?,0
R01402,잊을 수 없는 엔딩...,1
R01403,"개성강한 캐릭터들, 과장된 연기, 유쾌한 대사.. 꽤 즐거웠다.",1
R01404,"몸쓰는 것 하나는 자신 있던, 그 시절의 성룡.",0
R01405,너무도 아름다웠다 ㅎ음악과 영국을 느끼기에는 충분했던 영화.아쉬웠던점도 물론 있지만 애초에 그런 건 감안했기에생각보다 높은 평을 줄 수 있는 것 같다.,1
R01406,메가 쓰레기아님 핵폐기물,0
R01407,평점 깍기,0
R01408,"수가 결국 편견에 굴복당하고 마는 것, 마음이 무겁다.",1
R01409,재미도없고.. 말도 안되고.. 무엇보다 짜증이나는영화구만,0
R01410,깡패영화 지겹다 그만 좀 만들어라,0
R01411,"생각을 많이 하게되고 집중이 잘되는 영화소소한 재미 그러나 아쉬운 사랑전개제목은 시베리안교육이지만 교육뿐만아니라 그 당시의 사회상,현실도 알수 있었다",1
R01412,소재는 기발하지만 허술하다.,0
R01413,다시 좋은 것들을 믿고 싶어졌다.,1
R01414,이건 좀...아니네요,0
R01415,사람들이 박수쳤던 환호했던 이유 ^^,1
R01416,어렵고 힘들지만 추억이 있는 그 시절의 이야기.마음에 감동을 주는 선생님.어린시절,1
R01417,이걸 보느니 수2를 풀고 영어단어200개정도 외워주겠다 ㅅㅂ0점줄라다가 없어서 1점준다 이걸 볼시간에 걍 공부를 하겠다,0
R01418,11년전에는 정말 치명적인 유혹이었던 영화 굳!,1
R01419,완전대박!!!,1
R01420,말도 안되는 영화. 과학기술이 사람의 정신을 지배해 군대로 만들어 체제를 확보하려는 수준인데 사랑한다는 말에 제정신을 차리는 쌍팔년도 신파극을 헐리웃 영화에서 볼 줄이야...영화에서 다이버전트는 인간다운 인간 아냐? 사이보그가 되다니...,0
R01421,이게뭐여 ㅜㅜㅜㅜ 디즈니영화도 이거보단 덜유치하겠음 ㅜㅜ 첨에 그래픽보고 ...? 이상태로 있다가 끝까지보고 괜히봤다는 생각들정도..,0
R01422,당신의 인생을 뒤흔들수 있는 영화. 그리고 음악.,1
R01423,거의 완벽한 배우! 숨어있던 진주 고아라를 찾았다!,1
R01424,상황과 대사들이 쿨하고 위트넘침,1
R01425,콜린퍼스의 눈사람 넥타이 너무 귀엽다 ㅋㅋ,1
R01426,최고의 007 영화중 하나. 환갑이 다된 로저무어가 매력적으로 보이는 영화. 크리스토퍼 월켄의 미중년시절 또한 인상적이다. 흑인 배우가 너무 못생겨서 짜증났지만 그래도 어울리는 역할이니^^;,1
R01427,디카프리오 영화는 믿고본다 딱 그나이때 방황하는 청춘. 유토피아는 이상에서만 존재하는 것- 어쨋든 다시 현실로 돌아온다,1
R01428,"나중에, 내 자식들에게 보여주고 반응이 궁금한 영화",1
R01429,"우리 딸이 계속 르네, 루키아 예쁘다고 ㅎㅎ",1
R01430,총체적 난국.,0
R01431,아무리 허구라 해도 최소한의 기본적인 가치는 존중해야. 황후가 한낱 뱃사공에게 존대하고 연모를 가진다? 설정이 지나치다. 공감하지 못하면 그건 쓰레기일뿐.,0
R01432,"똥같은 영화찍고 미국은 컨져링, 제임스 완 이름 팔아서 호객행위하고 일본 영화는 주온이냐 ㅋㅋㅋ 가지가지한다",0
R01433,정말 감동적이다. 두 주연배우 연기 대박!!,1
R01434,"301호와302호사이에는,@와@라는글자가 있다.물론,믿거나,말거나지만...",0
R01435,아니 도전자쪽에 왠만한 사람을 섭외해야지 이특누나를 섭외하고 자빠졌냐?? 프로그램 망할려그러나 노래 잘하는 사람 널렸으니 섭외 좀 똑바로 해라,0
R01436,이젠 그냥 누워서 봐도 꿈속에서 펼쳐지는 영화,1
R01437,ㅋ~~제작진들은 댓글들 보고 느끼는 게 없나? 아님 아예 보지 않는 걸까?,0
R01438,영화 데빌이랑 비슷한 느낌이 있는데 이런 장르좋아함,1
R01439,아. 공감! 진짜 모두가 다 이해는되지만 이해되지않기도한다.! 멋지다.,1
R01440,너무 저평가되어있는 영화라서 올리겠습니다,1
R01441,그냥 재밌다 애니메이션으로써 모든걸 만족시킨영화 애니는 물론이고 그 어떤 영화를 내놓아도 손색없을듯,1
R01442,조금 늦게 나와야 했었어,1
R01443,젛아용 ㅎㅎㅎ다들보래용,1
R01444,가족에 대한 그리움..,1
R01445,다행이다 예고편이 있어서... 휴우~~~ 이런걸 돈주고 보는 사람도 있긴한가보네...,0
R01446,특이한 소재와 스토리텔링 무척 흥미로왔다 굿잡,1
R01447,헐 난 하나도안지루하던데-_- 캐명작 ㄷㄷㄷ 재미없을지알고 미루다가 이제서야봤네,1
R01448,우베볼 감독 영화보다 못한;; ㅋㅋㅋ,0
R01449,배우들의 형편없는 연기. 엉성한 스토리,0
R01450,역시 명작은 다르다...사람의 심리를 절묘히 비튼다.,1
R01451,이런 어거지 설정에다 주인공 남녀 둘 발연기 쩐다. 마지막 반전이 주는 교훈이 무색해진다.,0
R01452,"만들기 싫은데 어거지로 만든 영화 ㅋㅋ 돈날리면서 왜 이렇게 굳이,., 그냥 개인 UCC 보는게 더 낫겟다",0
R01453,잼긴하나 평점이 너무 높음,0
R01454,애들이 보기엔 알맞네!,1
R01455,내 생에 최고의 사랑 영화. 이 영화는 제목 그대로 가을날의 동화다.,1
R01456,이런 다큐 꽤나 좋아하는데 이 영화는 전반적으로 집중하기가 쉽진 않다. 재미면에선 마이클무어의 다큐가 더 뛰어나지만 객관적인 시각은 이 영화가 더 훌륭하다.,1
R01457,프랑스영국스페인 제작이라... 니들 나라 특성이나 잘 살리시지?,0
R01458,엑스맨 시리즈증 흑역사로 남겠네 여주인공생긴거보고 개웃었음 코미디인줄그리고 일본 홍보영상이지 영화아님 진짜 엄청난 졸작임,0
R01459,일어나서는 안되는 일.. 섬뜩함 자체...,0
R01460,정길채라는 사람 지금 뭐하고 있을꼬?,1
R01461,앞에지루해서 건너뛰고 싶겠지만 건너뛰tk,0
R01462,억지웃음 가득.. 기대가 너무 컷다,0
R01463,짜증났음. . .별로임,0
R01464,브루스페인의 연기가 일품 스나입스도 좋지만,1
R01465,007마니아들에겐 최고 수작으로 손꼽이는 명작 중 하나!,1
R01466,유치한 맛으로 보는 것도 한계가 있지,0
R01467,시신도 진짜같고 리얼리티하네요 ㅠㅠ연기들이 꿀잼이에요,1
R01468,"거장의 명성도 물론이지만, 배우들의 재량과 진솔함과 따뜻함을 유쾌하게 풀어낸 것 같다. 위스키에 대한 지식이 없어도 어렵지 않게 충분히 즐길 수 있는 영화!! 오백마일을 걸어 당신에게 갈게요~",1
R01469,미안해요;,0
R01470,스타뎀의 한계인지,0
R01471,이영화 참 진국이네요... 물론 야한 장면도 나옵니다만 보다보면 그것보다 내용과 한여자의 인생이 먼저보이게되네요... 영화에 흘러나오는 오스트가 마음을 측은하게 만듭니다.,1
R01472,영화는 허구다 진부한 사랑이야기였지만 가슴이 아프다..,1
R01473,"결말쓴분이 있어서 이글로 안보이게 ㅋㅋ 반전,추리,로맨스 다좋았음 추천합니다.",1
R01474,이런거 왜 만드나..,0
R01475,넘재미없고 쓰레기 드라마 그래서 별절반도 아깝다ㅋ,0
R01476,"쓰레기면 쓰레기인 이유를 처말해 OOO드라 좀 ㅡㅡ그래야 앞으로 볼 사람들이 볼지 안볼지, 다른 영화랑 견주어 볼 거 아니냐고제발 무뇌종처럼 굴지마셈 꼭 무슨 선동당한것같다 너희 진짜;;",1
R01477,"먼저 난 전쟁영화를 싫어한다. 백이면 백 뻔한 스토리에 전쟁의 참혹함, 전우애, 인간의 존엄 등을 숭배하는 전쟁영화빠들은 신물이 난다. 그러나 이 영화는 아주 담백하다. 위의 내용들을 거부감 없이 받아들일 수 있도록 해주었다. 우리도 이런 영화 좀^^",1
R01478,많은생각을할수있었던영화....,1
R01479,도대체 이게 뭔가;;;;;;;,0
R01480,ㅡ ㅡ진짜 쓰레기보다 못한 영화,0
R01481,남경 학살 주장은 중국의 날조된 거짓으로 드러났어요.,0
R01482,영화아주볼만하던데 생각보다평점이많이낮네요..액션도좋았구내용도좋던뎅,1
R01483,이런 영화 잘안봤는데..내용이 잼있네요...여주인공 청순돋네요~~흐흐,1
R01484,단순한 내가 보기엔..먼가 찝찝하고 기분 더러워지는 영화.,0
R01485,걍 쓰,0
R01486,아오 돈아까워. 이딴 영화볼라고 황금같은 금요일 밤에 시간버린거 생각하면 진짜 빡침,0
R01487,우연히 보았지만..눈과 코가 찡했다.. 특히 노모와 아들의....,1
R01488,평소에 이런 영화류 엄청 좋아함ㅋㅋㅋ,1
R01489,뭐야이건,0
R01490,"첨에 단조로운듯하지만, 보면서 빨려드는..정말..그 끝은 최고!",1
R01491,처음부터 끝까지 재미없고 다시 보고 싶지 않은 영화 - 17세 한 청소년의 관점 -,0
R01492,"관통하는 주제는 청춘이지만, 보는 사람마다 다른것을 느끼게 해주는 좋은 영화네요. 기성세대로 대표되는 사람들, 서로 몽둥이질을 하지만, 결국 똑같이 짜! 장면이 먹고싶은 대학생과 전경, 여러가지를 느끼고 보게되는 좋은 영화입니다.",1
R01493,레알쓰레기다진짜왜만들어이런거,0
R01494,"'현빈'이라도 어쩔수 없군. 10대들이 타겟이나, 실 정신연령은 5세.",0
R01495,난 왜 지루하게만 느껴지지?,0
R01496,지금까지 본 영화중 마음이 가장 따뜻해지는 영화.,1
R01497,별하나도아깝네..차인표는영어연기아님정말3류배우다완전초보연기자짜증이날정도야,0
R01498,아오 평점에 또 낚였다..,0
R01499,숨은보석이다.마냥유치하지않고진지한면도있는영화다운영화.많이들모르는거같은데난소장해놓고한번씩틀어본다.,1
R01500,거창하게 조잡한 어눌한 스릴러,0
R01501,리부트를 기다리는 영화 1,1
R01502,우주로 나가게되는 과정이 너무 길었지만 그래도 재밌게 본 듯.,1
R01503,영화자체는 기억할 만한 작품은 아님. 그냥 세 명의 배우가 현재는 각자 이 영화속 캐릭터와 정 반대의 이미지가 됐다는게 아이러니함.,0
R01504,이 영화의 감독이 고질라 감독이었네요. 괴수영화를 색다른 시선으로 그려 독특했음!,1
R01505,결말때문에 -2. 결말이 당황스러운 영화,0
R01506,하 그냥 좋다 ㅎㅎㅎ 최고!,1
R01507,유치하다... 00년대 로맨스 본듯하다. 결혼에임박한여자 결국결혼포기하고 몇번만나지않은 사랑선택하는... 뻔한로코,0
R01508,사랑은 시간을 선물하는 것. 유효기간을 정하는 순간부터 서서히 멀어져만 간다.,1
R01509,신의 이름을 빙하자여 가장 나쁜짓을 많이 한 게 예수 믿는 넘들이다!,1
R01510,'에로스' '임신' '결혼' '무모한 사랑' 우리에겐 마지막이 제일 현실감이 있었다.,1
R01511,그냥 멜로 로맨스물은 나랑 안 맞아. 솔직히 공감이 되지 않아 몰입도가 상당히 떨어짐.,0
R01512,잔잔하고 좋음 극중요코는 성격이 고양이와 흡사한 점이 상당히 많네요ㅎㅎ,1
R01513,최고최고! 시청률과 재미는 비례하지 않는다,1
R01514,가슴 아픈 결말에 더욱 좋았다 자랑스러운 드라마입니다 감사히 잘봤습니다,1
R01515,한국영화천군이 몇십배는 더 재밋다,0
R01516,이런거 걍 디비디로 해서 팔면될것을 구지 영화로 만들필요가있나.............,0
R01517,1점도 아까운 70년대스러운 영화,0
R01518,너무예쁘고 재미있어요,1
R01519,뭐가 무인이고 뭐가 의협이야... 백동수는 여운을 끝까지 믿어줬어야지..줏대없이,0
R01520,내가 댓글처음달아본다. 발로 연기하고 발로 연출하고 발로 기획하고 발로 촬영하고... 이건 정말이지 한심하다. 개망작이다.,0
R01521,권력의 필요에 의해 통치 수단으로써 표현의 자유를 억압할 수는 없다,1
R01522,극장에서 다시한번 보고 싶다.,1
R01523,평점 잘 봐.. 이거 재미없어.. 전쟁신만 살짝 볼만해~,0
R01524,언제나 봐도 마지막엔 감동이다,1
R01525,접속무비월드에서 예고편 보고 너무 보고싶어서 찾아서 봤던 영화...프랑스영화라 귀가 좀 피곤하지만 엄청잼있는 로멘특영화~역시 프랑스라그런지 남주 여주 잘생기고 이쁨~눈이 즐거움~,1
R01526,보고싶은영환데...상영하는영화관이없네요...광역시안에 영화관이 수백갠데상영하는 영화관 하나없냐...너무하다...,1
R01527,이런 영화도 있었나? 응? ㅋㅋㅋㅋㅋ,0
R01528,여주 죽이기 싸이코물...,0
R01529,스페이스 A의 노래가 정말 제대로 매치됬었는데,1
R01530,"아이들과 함께 보기 좋았지만, 그냥 그래요.",0
R01531,중세시대명작. 굿 평점이왜이래,1
R01532,"정말 졸려죽는줄알았네,,이건 프레디도 아니고 목소리는 엄청깔고,",0
R01533,구질구질,0
R01534,봉만대씨가 정말 명감독이라는 걸 느꼈다.,0
R01535,우리아파트에서 찍고있어서 그냥 보기 시작했는데 내용이 너무 어이없고 재마없네요그냥 여옥이랑 현우랑 기찬이 데려와서 잘살고수남은 빅토리아랑 살게 해주세요그리고 빅토리아랑 시어머니랑 고부갈등있음 재밌겠네요,0
R01536,후드티입은 시간멈춰도움직이는사람은 어떻게된건지,1
R01537,언제봐도 재밌다,1
R01538,소장용~,1
R01539,지아언니짱,1
R01540,액션 하나로 승부보기엔 너무 엉맘징창인 영화 ㅡ.ㅡ,0
R01541,"울었심다. 복지과 다니는 학생이시라면, 꼭 보세요.",1
R01542,전쟁을 통과하는 한 가족의 모습과 가장의 심정이 잘 표현된 영화입니다.,1
R01543,너무나 비열해서 볼 수가 없다...,1
R01544,"바닷속의신나는 느낌과감동! 너무,재미있어요. 2번째이야기가 나왔으면,좋겠어요.,",1
R01545,ㅎㅎ이거본지 10년도 더 됬는데 아직 기억에 생생하다,1
R01546,짱이얌,1
R01547,이거 머지... 이런 영화를 21세기에 만들었다고??,0
R01548,재밋당 ㅎㅎㅎ연기 모두 잘함!!!!,1
R01549,ㅎㅎㅎㅎㅎㅎㅎㅎ 나도 감독이나 해야지,0
R01550,한국인들은 영화보는데 눈이없음,1
R01551,많은걸 생각하게 하는 영화다..개발이 정말 더 많은 혜택을 가져다줄까?,1
R01552,뭉클한 감동까지 안겨다 주네요~,1
R01553,꼬맹이 조카는 좋아라 보더만..,0
R01554,다이애나를 평민으로 만든 영화,0
R01555,참 답답한 형사 캐릭은 여기 다 모인듯ㅋ 근데 막판 반전은 괜찮았음ㅋ,0
R01556,왠만하면 로맨스 영화는 좋아하는데 이건 정말..,0
R01557,ㅋㅋㅋ빵터지네,0
R01558,지금보니재밌어,1
R01559,보고싶다. 줄거리는 일단 재밌는 듯...???,1
R01560,0점 별은 왜 없지. 호화 배우들을 구정물에 쳐박았네. 제작사나 감독이나 이 영화를 본 나나 어처구니없다. 이 제작비로 차라리 기부를 하시지.ㅠ.ㅠ,0
R01561,실제 역사속의 연산은 혁신적인 제도개혁으로 간신들의 미움을 받은 왕이었다. 거기에 유교와 양당파로 유지되던 나라를 중앙집권적 국가로 바꾸려다 반역자들에게 당한것뿐. 일제의 식민사관적인 역사관이 느껴져 불쾌한 영화였다.,0
R01562,"이것을 만들고 난 후, 감독은 현재 실종상태이다.",0
R01563,다운받는 하드가 아깝다,0
R01564,내가 난생 처음으로 영화보고 검색이라는걸 해봤던 명작,1
R01565,지금보는중 흥미로움 2부ㄱ,1
R01566,"영상은 진짜 훌륭한데,,,, 한국판 더빙판은 아주 욕나오네,, 영상을 망치는 더빙이다",0
R01567,시즌2는별로..아무리사람이바뀌고PD가바뀌었다해도 전혀 신선함이없고 지루함..,0
R01568,보기전까지는 그냥 저질 영화인줄 알았는데 이렇게 심오한 영화일줄이야 대한민국을 그냥 무쟈비하게 까발려주는 감독님 정말 최고네요!,1
R01569,지금 봐도 멋진 알피룩.,1
R01570,"진부한 건 그렇다 치고, 너무 뜬금없이 전개되는 내용 때문에 도무지 공감이 안 간다",0
R01571,장르를 속여서 1점 영화는분명히 코미디였다.,0
R01572,목숨을 담보로 한 탈출을 벗어나기 위해선 추적하는 악당들을 죽일 수 밖에...,1
R01573,애바야이건증말로.. 영호충이그리워요,0
R01574,작품이란게 이런거겠지. 훌륭하다. 무시무시하다. 결정체다 결정체.,1
R01575,"너무 감동,완전 조아요^^",1
R01576,"'도가니', '부러진화살'을 봤다면 절대 놓치지 말 것!",1
R01577,굿!!,1
R01578,After Dark Horrorfest 2006 작품들중 그나마 볼만하다,0
R01579,별로인데?ㅎㅎ^^,0
R01580,새벽에 봤는데 이거 최고의 영화.. 짱!!,1
R01581,화끈한 액션은 없지만 배우들연기와 스토리로 영화에 빠져듬,1
R01582,인디영화가 이렇게 불성실한 거라면 관람을 재고해 봐야.. 대충만들지좀 마삼,0
R01583,아직도 잊지 못할 정도의 영화,1
R01584,안봐도 비디오다. 일본이 애니는 좀 만들어도 영화는 아니다.. 특히 CG SF... .,0
R01585,"오글거리는, 뻔한, 도식적 클리셰.",0
R01586,dnstj11 사운드 오브 뮤직에 그딴 거 안 나왔다.,1
R01587,한국 스릴러드라마의 자랑,1
R01588,볼만. 애들은 상당히 좋아함,0
R01589,썸머나잇♬노래도 좋고 배우들 연기도정말 좋네요..⌒⌒,1
R01590,잼나던데요...^^*,1
R01591,1점도 아깝다...댓글 달기조차 아깝다,0
R01592,역시 덴젤이 빠지면 팥없는 찐빵..,0
R01593,1편보다 더 스릴잇고 멋잇다 진짜 재밋다 ㅋㅋㅋㅋㅋㅋㅋㅋ,1
R01594,"주된 타겟이 어린이니 일반적인 논리가 통하지 않는 건 알겠다. 하지만 게임은 흥미롭지 않고, 요원이라는 주인공이 너무 무능력해서 별로 재미없다. CG 배경도 거슬린다.",0
R01595,실비아를 제외한 미녀들에 눈길이 가다.,0
R01596,26개월 아가 때문에 매일 봐요~ 공룡을 좋아해서 한번 보여줬는데 매일 보자고 조르네요~ 너무 재미있나봐요~ 한편 다 볼 때도 있지만 반씩 나눠보여주는데 벌써 20번은 본 것 같아요;; 하지만 봐도봐도 질리지 않고 재미있어요!!ㅎㅎ,1
R01597,김인권 나오는거는 전부잼없는듯...방가방가도 솔직히 쓰레기영화 이것도 뭐...,0
R01598,정말 오랜만에 재밌는 로코 본 느낌 프랑스영화는 항상 옳아,1
R01599,진구의 영화폐막작,0
R01600,쿡방이고 먹방이고..보고나면 흐뭇하게 웃게되는 그런 영화,1
R01601,함꼐 나누면 쓰레기 제작,0
R01602,10점만점에 100점줘도 될만한 영화.,1
R01603,영화를 보기 보다 1기를 시청하거나 재탕하는 시간이 더 값지다고 할까나...그런데 왜 10점이냐고? 릿카가 나오니까,1
R01604,"내용 0점, 구성 0점, 액션 0점, 연기 0점, 최악이다.........바티스타 지못미...",0
R01605,20여년이 흘러두기억에 남는 사랑에 대해 생각해 볼수있는 유쾌한 영화,1
R01606,자신들의 잘못으로 일어난 사고를 절도로 무마하려는 도둑놈들 이야기,0
R01607,이제까지 본 영화 중 이거만한게 없다ㅋㅋㅋ 이거 핫칙영화 처음봤을때가 2003년이였는데 ㅋㅋ 아직도 이거보다 재미있는 코미디 영화는 없다,1
R01608,역시 몬스터 시리즈는 실망시키지 않는군요 굿굿,1
R01609,호리베의 그림들이 아름답게 느껴진다. 삶의의미를 잃어도 계속 살아갈 수 있는가?,1
R01610,올 가을 절대 놓쳐서는 안될 영화!!,1
R01611,7주일에걸쳐 1부터6까지봤는데보는동안나한테잊지못할영상들을남겨준영화이다,1
R01612,"홍석천씨,결혼식장 가서 꽃이며 초며 다 가져온댔는데꽃도 일부 호텔에서만 가져올수 있는거고대부분 전예식에 걸쳐서 사용되는거기때문에마음대로 가지고올수없어요꽃장식을 각 혼주들이 나눠서 내는 방식인거죠더더구나 초를 박스에 담아오는 진상짓은",0
R01613,이딴만화 그만좀 만들지;; 재su없게;; 만화로 보면 되지,0
R01614,싸우는 것 이외엔 없다 삼류속편,0
R01615,펭귄과 친하게 지내고 싶다.,1
R01616,겉으론 시청자의 눈높이에 맞춘 듯하나 드라마상 여성 이미지는 작가 희망사항인듯. 결국자신들의 행복위해 상식이하의 행동들을 보인 등장인물들,0
R01617,영화 자체는 죄가 없지만 김치년 기준으로 김치된장녀 마인드로 이해하고 마치 자신이 서양여자들 정서를 이해한다는 듯이 착각하는 된장녀들 때문에 1점 드림,0
R01618,배트 크레딧 카드!,0
R01619,비주얼 완전 예술 그자체^^여자들이 선택한다는 것도 맘에 듬,1
R01620,액션이고 넘~ 재미있다,1
R01621,기괴하고 충분히 재밋는 영화,1
R01622,왜 만들었냐.... 괜히 2편이 전작을 말아먹었다라는 말이 나오는게 아니야,0
R01623,재밌게 봤는데ㅋ 유덕화는 나이를 모르는 아저씨인듯... 잘 생겼당ㅎㅎ;;;,1
R01624,성탄절 최고의 아이템을 이렇게 망치기도 쉽지 않다. 제작비가 9천만불?? 레알?,0
R01625,안보는걸추천,0
R01626,딱 초 중용,0
R01627,와참나 세계최고 쓰레기호러물이다 여주인공 젖가슴구경에 올인한 영화,0
R01628,라느님 개지순 환상콤비 짱 이승준사장도 연기잘하고귀여워요 일주일 2회하면 조을텐데 이드라마가 가장 현실에 가까워서 조음,1
R01629,평점에 낚인다는게 이거였구나,0
R01630,평론가라는 직업은 없어져야 할 직업 1 순위이다. 영화를 자주 접하기가 힘들었던 과거에는 사람들에게 전문지식을 알려주느 직업이 필요했으나 이제는 수 많은 사람들이 쉽게 영화를 접하고 생각할 수 있게 됐다. 영화평론가는 이제 필요없다. 없어져야 한다,1
R01631,엽문보다 훨씬 스펙타클하고 감동적이다!,1
R01632,완전 제취향인 영화였어요. 소철나무와 이야기하는 장면이 어찌나좋던지^^,1
R01633,박하진이 저때는 저렇게 어렸군. 어쨋든 이뻐서 만점,1
R01634,재미있게 봤어요!! 남녀 주인공 매력 넘침,1
R01635,와.. 이건 뭐 감동도없고 재미도없고.. 케이블은 막장이라도 권선징악 교훈이라도 주지. 또 임신하면 언제끝내려고ㅋ 배우들 연기가아깝네 진짜.,0
R01636,평점 10점....`,1
R01637,"이거 뭔 영화.... 왜 만들었는지 이해가 안간다. 감동,재미도 없고",0
R01638,명작..ㅋㅋㅋㅋㅋ진짜 이건 명작이다.!!,1
R01639,ㅎㅎ그냥요ㅎㅎ키륙케룩냐륭데헤,0
R01640,K팝스타 시즌3 재미없어,0
R01641,티아라 효민 화이팅!!! 티아라 지연 사랑해 ♥,1
R01642,아 어릴적 누나따라 갔다가 본영화 하지만 어릴때라 내용이 거의 기억이 안나고 무서우 장면 몇장면과 즐거리만 기억에 남아있네여.안그래도 이영화 다시 한번 보고 싶어서 그렇게 몇년을 찾고 찾고 해맸는데 오늘 우연히 발견 아 꿈만같네요~ 진짜 잘봐야지요,1
R01643,최악... 유치하고 억지스런 끼워맞추기... 관객이 추리하게 유도하기보단 배우 입으로 주저리주저리 일일이 설명..유치하기 짝이 없다.,0
R01644,내가본 가장 재미있게본 애니메이션1위>ㅁ <!,1
R01645,정말 재밌어요 헤헷,1
R01646,개보다못한놈들. 1점주기도 아깝다ㅉㅉ,0
R01647,"골프라는 소재로 크리슈나의 가르침을 전달한 멋진 영화 당신이 있던 그 자리로 돌아가라..,",1
R01648,링1편도 조금 지루한편이엇지만 마자믹 장면이 압권이었지 이영화는 3D 기대했는데 이건 왜 3D로 만든지 이해 불가이고 너무 지루해서 고통 스럽게 엔딩을 보았다,0
R01649,게임을 안해봐서 그런가? 캐릭터간 관계도 제대로 이해가 안되네,0
R01650,0점이다...ㅇ완전 하급 영화인뎅 누가..블러그를 그따위로 써놓은지졸라 재미 없다...,0
R01651,분장하느라 애쓴 걸 생각해서 2점,0
R01652,나는 이 배우가 왜 데드풀이어야 했는지 이해가 안 간다,0
R01653,재미도 내용도 개그도 아무것도 없는 영화 보다보다 말고 지웠다 배우들이 아깝다,0
R01654,배우는 다 착한데 영화가 싸가지 없다,0
R01655,시청률은 별로좋지않아서 못보던 분들은 실패작라 생각하겠지만 막상보면 스토리탄탄한 드라마 2부연장해서 그런지 끝에는좀 아쉬웠지만 질적인면에선 흠이없는 드라마임!!!,1
R01656,"그림과 내용, 둘 다 아름답네요....",1
R01657,"정혜, 상처를 사랑으로 씻어내길... 정혜가 행복해졌으면..",1
R01658,초반 : 그나마 웃김 아직까지 볼 만함중반 : 슬슬 지루해짐 내용도 없음 후반 : 크로노스가 데미갓 칼 한방에? 뭐여 ㅋ정리 : 엄마 잃음,0
R01659,소설이 원작인 영화의 태생적 한계를 넘어선 보기드문 수작.,1
R01660,피의 결혼식 ㅠㅠ 충격 그 자체..,1
R01661,노임팩트맨이되자 우리모두~,1
R01662,"1점도아까움,내가미쳤지이런걸3D로비싼돈주고보다니정말충격이다",0
R01663,진짜 어린앤가?,1
R01664,참...기가차네... 90년대 영화보는 것 같군... 0점은 없나...,0
R01665,오룡 인형탈 썻다.하지만 원작에 충실하고 명연기 손오공머리가 정말 쩐다,1
R01666,재밌긴 한데 윤시윤 너무 어려 보임ㅋㅋㅋㅋㅋㅋㅋㅋ,1
R01667,뭔 처음부터 진범이 보이냐,0
R01668,평점이...평점이...0이라니...,0
R01669,모든 주연이 연기가 약간 ....................,0
R01670,나처럼 그녀의 마음속에도 이터널 선샤인이 비추고 있길 바라며..,1
R01671,생각외로 재미no 약간실망!!,0
R01672,쯔요시를 주기지마러줘~~료코니까 10박어~!!ㅋㅋㅋ,1
R01673,복수를 미화하는 영화. 최악의 영화,0
R01674,송윤아 연기 우웩~ 차승원도 덩달아 우웩~,0
R01675,액션도 꽝 스릴도 꽝 다음편도?,0
R01676,내용도 제목도 어이없음 중국어 배우신 분들은 알겠지만 동화처럼 보이려고 제목 바꿈,0
R01677,최고의 영화였습니다. 이런 쇼크는 아바타 이후로 처음 받는 느낌이군요.,1
R01678,10점을 줘야겠다,1
R01679,최고의 영화 정말 최고... 언제까지나 내 맘속에,1
R01680,amazing,1
R01681,비주얼은 최강이나 스토리는 최악,0
R01682,평점에다가 안될꺼야 댓글놀이 하면..진짜 안될꺼야..ㅋㅋㅋ,1
R01683,[3점] 이런 공포는 이제 질리잖아,0
R01684,헐..... 말이 안나온다...,0
R01685,진짜 괜찮은영화네요~♥ 말이필요없어요이렇게 잔잔하게 처음부터 끝까지 재밌는 영화도 드물듯~ 정말 말이 필요없네요 최고!~,1
R01686,재밌다!! 정말,1
R01687,"한번도 안움, 대신 미소는 나더라 저렇게 삶에 애착을 갖고 포기하지 않고 살아가는게 대견했음",1
R01688,좀비를 모욕하지 마라,0
R01689,정말 감동이넘치는영화!!ㅠ,1
R01690,일단 재미 없다.밑에 있는 분들이 재미 없음은 이야기 했지만..솔직히 ...망상과 침략이라는 느낌은 없었다.차라리 우리나라 영화중에 재미없게본 애정결핍이 두 남자에게 미치는 영향 이라는 일본판 영화라는 정도...일본 배우들의 한국어 연기는 정말 과관.,0
R01691,엔딩이 정말 O랄 같다^^3류 쓰레기코미디,0
R01692,린 성격이 좋다능 아주 좋습니다,1
R01693,헐 너무 멋지다. 이영화는 혁명입니다.,1
R01694,감수성없는 나조차도 줄리아로버츠의 마지막대사에 눈물 한방울이 떨어졌다,1
R01695,아.......감동...,1
R01696,그냥 말이 없는듯 역시 이래야지,1
R01697,"SF작품 많이는 안봤지만 이건 그냥 알 수 있다. 걸작이다. 더이상의 말이 필요치않다.다크 시티라는 제목, 배경, 결말 뭐하나 안빠지고 맘에 쏙든다...",1
R01698,봤는데..봤는데...왜 만든 거에요??ㅋㅋ영화 수준이 아니던데 그냥 드라마. 배우들 역할 왜이리 안어울리냐,0
R01699,그냥저냥 저예산 좀비영화~,0
R01700,베르이만영화중 최악의 결론,0
R01701,무서운 영화였어. 그리고 두 남매가 불쌍해. 전쟁이라서....,0
R01702,"마지막 장면에서 남북전쟁을 보여주는데 그 장면에서 흑인은 찾을 수 없다.이태리 영화에서 흑인을 찾는다는게 무지한짓같지만, 서부란 배경은 미국이란 사실은 변함없다. 전쟁에서 군인이 아닌 실력좋은 총잡이로 미국의 역사를 관망하지만,",0
R01703,내가 챙겨보는 드라마 딱 하나 빅맨임 왜 시청률이 8%일까 .. 왜때문에... 근데 강지환은 돈의화신도 그렇고 역할이 비슷비슷 ㅋㅋ 재밌어요 다들꼭보길 강추,1
R01704,너무 저평가된 듯.. 국산 스릴러중 이런 영화 나오기 힘든데..,1
R01705,액션을 바랬다가 1점을 주는건지... 기준에 안들어 재미없으면 1점 영화라고 생각하는 사람들이 많아보여 한심하다,1
R01706,재밌게봤어요. 前에 사건을 제시하고 後에 해석하는 구성이 재밌네욤,1
R01707,"개인적으로 감동있게 본 영화, 그 시대의 아픔과 사랑 만약 내가 이해명이었다면 어땠을까 이래저래 생각하게 되는 영화 김혜수의 마지막 절규에 마음이 아팠다",1
R01708,싫어싫어 이런영화는,0
R01709,겁나게 시시한 SF물이거나 전달력이 약한 가족드라마거나,0
R01710,노래가 자꾸 귀에 멤돈다...재밌는영화!,1
R01711,다 같이 외쳐봐 람!머!스!,0
R01712,완전 꿀잼!!강력추천!!!,1
R01713,아름다운Andrew McCarthy^^*,1
R01714,10점은 절대 아니지만 평점이 생각보다는 많이 낮아서 평균 올려줌ㅋ 한번잤다고 두번째도 쉬운여자가 되지 않아야겠군ㅋㅋ,1
R01715,오 진짜 한국영화라 별 기대없이 봤는데 진짜 획을 그은 작품... 진짜 본씨리즈를 한국식으로 각색한 느낌.,1
R01716,4점도 아까운 영화다. 원작에 비해 넘 재미없다. 실패 점 친다.,0
R01717,레지던트이블 어쩌다 이렇게 됨??,0
R01718,"졸작임,1편에서는 검무랑 다양한무공이 멋있는데 2편은 바늘쇼랑 손쓰는 무공정도?",0
R01719,제가 살면서 수백편에 영화를 봣으나 절 로그인하게 만드는 영화는 처음이네요 OOO,0
R01720,이딴일이 가능할지 그저 싸이코 OOO 영화,0
R01721,지금까지 기다려가면서 재밌게보던 마음을 한 순간에 사라지게 만들어버렸다 와 정말 이건 해도 너무 뭔생각이신지 ㅉㅉ,0
R01722,하나도 안무섭고 잠만오는 영화 이런영화를 왜만들었는지,0
R01723,최고의 묘미는 집주인을 연기한 배우의 착착 감기는 연기력! 이번 영화로 처음 알았는데 진짜 연기 대박. 후반부 몰아치는 반전도 빼놓을 수 없는 영화의 매력인 듯!,1
R01724,난 정말 재밌게봤는데.. 세상의 그 다양한 색채들을 잘 표현한 거 같아 영화가 끝났는데도 혼자 가슴이 벅차짐을 막 느꼈음 기회가 된다면 책도 읽어보고싶은 영화,1
R01725,재미업슴...,0
R01726,웬 일본인 미화,0
R01727,어쩌라고,1
R01728,평점 관리 위원회,0
R01729,이름땜에 오해하게 만드는게 반전이구나. 김정은이 그냥 뻔뻔한 밉상으로 보이네요,0
R01730,지루할수도 있지만 11년전이라고 믿기지않을정도로 정말재밌음이게 재미없는거면 그냥 영화보는맛을모르는데 영화왜보는건지,1
R01731,보고있으면 뭐가 미소가나와요 보면 볼수록 열받는 드라마 작가는 왜 저 개싸가지 처키랑 착한 소변이랑 사랑에 빠지게 만들었는지 열받네요 지금 12화 보고있는 중인데 마무리는 꼭 처키와 끝나고 서우랑 소변이랑 연결되길,0
R01732,한마디로 어이없는 종교영화...??,0
R01733,영국의 배경이 너무 아름다운 영화로 기억될 것 같아요,1
R01734,영화로 만들었어도 돈 몇푼 안들었을만한 작품,0
R01735,이걸 조폭미화라고 평가한 사람들은 이 영화를 잘못봐도 한참 잘못 본 거다.,1
R01736,뒷담화:감독이 미쳤어요,0
R01737,"말이 필요없음,,, 아 진심 개재밌다ㅠㅠ",1
R01738,캬,1
R01739,변태와 OO의 에로틱한 새디즘과 매조키즘의 교환 !!,0
R01740,여성 인권 아르바이트현실 이런 모든것을 영화 속에서 볼수있었어요 진짜 최고에요!,1
R01741,무조건 봐야되여~~강추!!,1
R01742,케이블에서 하는 방송은 후반부 황당하게 끊어버림. 후반내용이 이영화를 말해주는 건데 그걸 통편집 해버린걸 대체 누가 보라고 방송하는겨. 비유를 하자면 영화 아바타에서 마지막 전면전을 남겨둔 시점이후부터 완전히 삭제해버린 것과 다를바 없을 정도.,1
R01743,완벽하게 사랑스러워 !,1
R01744,귀신이고 뭐고 나오는 주인공들 얼굴이 더 무서웠던 영화.무섭지도 않고 재밌지도 않고 별 의미도 없는 영화. 하지만 개인적으로 볼 만 했음.,0
R01745,연기도 스토리 전개도 모두 훌륭했다..,1
R01746,그냥 병맛 영화입니다. 제작비 2억이면 만듬,0
R01747,이 영화는 -영화가 무엇을 말하려는가를 떠나서- 진짜 보면 볼수록 소름 돋을 정도로 잘 만든 영화다!,1
R01748,꿀잠보증수면제. 피곤한데 잠이 안올때 꼭 사용하세요 ^^,0
R01749,좀비 영화는 다 거기서 거기임,0
R01750,"다시 봐도, 2014년 최고의 영화.",1
R01751,어린시절부분은 괜찮은데 솔직히 지루하고 별로엿다 나랑 좀 안맞는듯 ...,0
R01752,시시하네..,0
R01753,제임슨 스타뎀 빠돌이로서 매영화 보지만 이영화에서 제임슨스타뎀은 어떠한 액션도 보여주지않았다. 끝부분 잠깐 30초만 보여주고 끝났다. 젠장. 이게 뭔가. 애초에 이연걸만 주목시켜주는 영화구만. 익스펜더블에서는 제임슨 스타뎀이 주목대상이었는데.,0
R01754,인간의 삶의 진정한 가치에 대한 고찰,1
R01755,난 밴디트 감독을 믿는다.....*^^*,1
R01756,하.. 죽은 병사들 탄흔 확인 할꺼 뻔하고 K1으로 사살된거 확인되는거 시간문제인데ㅋㅋㅋ 그리고 마지막에 북한군 뭐하러 출현시킴?? 유용원 밀리터리 전문가가 시나리오 써도 이거보단 잘 쓸듯,0
R01757,이게 영화냐 재래시장에 굴러다니는 해산물담았던 비닐봉지냐..,0
R01758,우리나라에 이런 영화가 더 이상 나오지 않았으면...,0
R01759,나름 무서움.................,1
R01760,점점 현실성도 없어지고 이게좀비영화인지 뭔지모르겠다.밀라요보비치 이뻐서 별두개준다,0
R01761,말이필요한가요. 정말 예전에 봤는데도 뇌리에 뚜렷이 각인된 영화...,1
R01762,어처구니 없는 정신병자 때문에 뜬금없이 피해보는 사람들 ㅎ,0
R01763,창피하다 진짜,0
R01764,토니 타키타니를 훔쳐서 자기 작품에 쓴 것을 지우지 못하겠다,0
R01765,진짜 옛날에 보던 배달부 아저씨... 진짜 감동입니다.. 진짜 어렸을때 맨날 비디오 빌려봤는데 ..,1
R01766,느리고 밋밋한 전개. 지나치게 지루하다,0
R01767,"다 자란 성인에게 ""당신은 진짜 어른입니까?""라고 질문하는 영화. 몸만 컸다고 어른이 아닌 것이다",1
R01768,네이버 평점 믿고 봤다가 화난 영화. 배틀쉽 그리고 요거,0
R01769,진짜 진짜 최고!!!!,1
R01770,아 진짜 양심적으로 재미없다 진짜로,0
R01771,"놀라운건 감독,음악,연출 모두 주걸륜이 만들었다는거..헐 천재였네",1
R01772,이거 예전에 나온영화인데 영화보다가 끄게 만듬. 정말 허접한 CG에 어설픈 배우들.,0
R01773,영화 좋던데요!!,1
R01774,남자주인공 혀좀 어떻게 해줄수없음?중간까지보다 귀에 거슬려서 안봄,0
R01775,인종차별문제만 걸고 넘어지면 좋은 영화냐?? 웃긴다니까,0
R01776,정말 슬픈 애니메이션 ㅠㅠ 정말 슬프다 ㅜㅜ 이거 보고 울음 ㅜㅜ,1
R01777,확실히 요즘에 비해 미숙한 그래픽이 눈에 거슬리지만 내용 자체가 정말 마음에 든다. . 재밋게 봣음,1
R01778,리치를 만나기 전까지는 흥미로웠다.,0
R01779,가장 싫어하는 신파 스릴러 ㅠㅠㅠ,0
R01780,할 말이 없다. 이토록 소박하면서도 사정없이 인간의 가식을 뒤집어놓을 수가.,1
R01781,ㅁㄹ,0
R01782,"안젤리나 졸리 , 조니뎁 .. 거물급 배우의 캐스팅 각자 개성이 너무 강한 배우들이라 둘을 붙여놓으면 뭔가 안어울릴꺼 같았는데 의외로괜찮더라",1
R01783,시간이 지나도 사라지지않는 가슴이 먹먹한 여운 때문에'이건 그냥 꾸며낸 얘기야. 알파치노가 연기한 거야. 그냥 영화야' 라고 최면을 걸어본다.,1
R01784,1편에선 거신등장시키고 2편에선 대놓고 추적자등장시키네 3편에선 불사조나올꺼냐 에라이 독창성없는인간들아,0
R01785,구 냥구래~~자비에돌란 이제 그닥 그렇네,0
R01786,tv 전기세가 무지 아까웠다!!!,0
R01787,1점 주기도 아까운 영화. 제목보고 속았다.,0
R01788,꾸르잼 bbbbeeee,1
R01789,시1발존 나잼없네개 새 끼들이인간죽이고그걸또먹는다무슨미 친 씨나락까먹는소리하네,0
R01790,꼭 모든 관계가 확실하게 정의되고 격하게 표현될 필요는 없다. 삶의 작은 위기에서 서로를 만나 위로받고 다시 일어서는 그들의 모습이 예쁘다. 두 배우의 연기가 좋았던 영화,1
R01791,이게 재밌어? 설마 댓글 다 알바? 나 진짜 보면서 죽고싶었단말야...,0
R01792,뭐랄까 이영화는 애완견도 한 가족이라는걸 전하려 하는거 같음,1
R01793,하나경은 그냥 걸레네 이딴영화나 찍고,0
R01794,부쵸에서빵터짐ㅋㅋㅋㅋㅋㅋㅋㅋ 근데 기대된다. 역시 영화화 될줄알았음.,1
R01795,연기도 좋았고 소재자체도 너뮤 신선했어요!,1
R01796,정말 꼭 보셔야하는..너무 마음 아픈..현실의 모습입니다.,1
R01797,히치콕의 싸이코를 여기저기 오려내어 붙여놓고 무슨 헛소리야,0
R01798,유치해!! 촌스럽고. 배보다 배꼽이 더큰 스토리,0
R01799,일어자막 완전병맛. 영화보다가 일본인과 자막 고치니. 자막작가 부산유#남 개 욕함.,0
R01800,"민주주의 운운하지만 주인 노예의 봉건주의, 이기적 작태, 단순 무식 유치한 역사인식",0
R01801,역시 본즈. 두고두고 보아도 또 다른 재미와 감동.시대에 손 꼽힐만한 무협 애니매이션 입니다 :),1
R01802,어째서 그 옛날 고지라에서 한발도 진화하지 못했나.,0
R01803,처음에진짜재밌었는데별로여서안보다최근몇번봤는데 복수를하는건지마는건지재미도없고감동도없네요... 배우들급떨어뜨리는대본인듯,0
R01804,비슷한 감정을 느낀 적이 있다.그래서 보는 내내 추억에 잠겨서 본 영화.좋다.,1
R01805,피비보려고 20년전 연흥극장에서 본 영화.,0
R01806,이게 바로 뻔해도 재밌는 영화,1
R01807,현대인들의 허영심을 꼬집었으나 별로 공감은 안 감,0
R01808,"극장서 돈주고 봤으면,배치기 하면서,눈물 샤워 할뻔했다.포인트로도,보기 아까운 졸작.시간이 남아돌아,견딜수 없이 무료한 나머지,시간 죽일때 보면,아까운 시간만,더 안가고,아주 미친다.차라리 일본산 흘러간,로봇 애니를 보는게 더 나은 선택이 될지도...",0
R01809,주제의 전달력이 약한 영화는 절대 좋은 점수를 줄 수 없다.,0
R01810,2222콩콩 진리 콩콩 2222,0
R01811,이거 나올때 디워 나와가지고 막내리고 지금 다시 올린거라지 ? ㅋㅋ,0
R01812,역대 축구영화중 최고임,1
R01813,이건 얄짤없이 10점이긴한디 재개봉인가요?,1
R01814,나름 재밌는데 역시 블라끄레인(1989)을 스티븐 세가르 상이 뛰어넘긴 무리구나.,0
R01815,쓰레기 내 태어나서 이란쓰레기는 첨본다,0
R01816,정말 재미있네요 요즘 군도 명량 해적 맨날 잔인한 싸움만 작작 해대는 영화만보다가 올레에서 무료길래 봤는데 정말 깊이가 있는 영화네요,1
R01817,"나래이션 줫같네 허위사실까지 유포하네,,, 미친...",0
R01818,재밋게잘보고 잇어염,1
R01819,대단하다,0
R01820,정말 의미있는 영화 였습니다. 참 생각하고 곱씹어봐야할 영화 같아요.,1
R01821,정말 영화와 제목이 이렇게 잘 어울리는 영화가 또 있을까. 어릴적 토요명화에서 보고나서 며칠동안 가슴설레였던 기억이 아직도 생생하다. 외계인의 존재를 너무나도 아름답고 경이롭게 표현한 스필버그의 초창기걸작.,1
R01822,주인공때문에 무고한 사람들만 죽었다는 생각이드는건 나뿐인가..?,0
R01823,"둘만의 대화가 단조로와 보이지만, 점점 둘의 대화속으로 빠져들게 만드는 영화.",1
R01824,"역사적 고증도 그렇고 리메이크도 망했고, 쓰레기",0
R01825,완전 대박 스트리트 나이트 완전멋짐 액션영화 추천 하시기 바랍니다.,1
R01826,끊임없이 이어진 레일처럼 하루도 빠짐없이 달리는 기차처럼 씩씩하게 살아야 한다는 대사가 정말 가슴 깊숙히 남네요,1
R01827,부모를 대하는 제 못습을 다시한번 뒤돌아보게 되요...! 저는 진짜 가식없이 착한 남서방님 쵝오여여..! 그리고 기대되는 또! 한! 분!! 신현준씨의ㅡ강제 처가살이 언제쯤 볼 수있을까요???,1
R01828,이건 뭐 .. 완전 삼류네,0
R01829,난 이영화 반댈세 ...,0
R01830,참내 뭐야 이런 쓰레기같은 이런게 개봉했었나???,0
R01831,미친 드라마 미친 연기력 미친 극본,1
R01832,유치하기는 하지만 상당히 매력적인 배우들이 다수 출연. 엑스맨 시리즈처럼 볼거리가 화려한 것도 아니고 보고 나면 딱히 남는 게 없음.,0
R01833,이거 근데... 너무 지루했고 재미도 감동도 없어서.. 영 GG,0
R01834,내 인생 베스트 오브 베스트 10위안에 무조건 든다,1
R01835,레베카드모네이 관능미 잊을수없다,1
R01836,재미따!시간가는지 몰랐어 ㅋㅋ,1
R01837,전편에 대한 속편도 아니고 리부트도 아닌 괴상한 삼류 영화,0
R01838,오락성은 2014판보다 나을수 있으나 헐리우드가 고질라라는 네임을 빌려 3류 블록버스터물로 명성을 먹칠한것에 대해 분노를 금치못한다 내가 아는 고질라는 단순 괴수액션 블록버스터에 나오는 수준낮은 크리처물이 아니다,0
R01839,그놈의 디워가 뭐길래..,0
R01840,어떻게 쥬라기공원4보다 잘 만들었을까? ㅋㅋ,1
R01841,그냥 미친년의 네버엔팅스토리...,0
R01842,신선함,1
R01843,"이런 세상에, 살고 있는 이런 당신과-내가 봐야 할, 이런 영화",1
R01844,"안보고 평점 주는거지만, 화소도 삘 나서 10점 줌 ㅎㅎㅎ",1
R01845,솔직하게 그냥.. 지루한 영화!...요즘 장혁이 떠서 그냥 봤더만..,1
R01846,현실과 환상. 모호함. 지루함.,0
R01847,극찬한건 전 세계가 아니라 고지식한 평론가겠지,0
R01848,에러가났다 망할 네이버,1
R01849,돈은 많이 벌면서 세금도 안 내는 것들이 할말은 많은가 보다,0
R01850,정치하는 놈들이 돈들여서 만든 영화,0
R01851,애들은 좋댄다;;,0
R01852,영화라는매체가 관객에게주어야할바람직한영향이란 것을 교과서적으로보여주는 영화..,1
R01853,줄거리와 배우 그리고 감독이 엮어낸 영화이다. 코엔 형제의 영화는 언제나 심각성속에 위트가 있다,1
R01854,인생영화 임창정 연기 정말 좋습니다,1
R01855,괜찮은 영화다. 구성력 좋다. 종북파 평론가에겐 그런게 아예 안보이겠지..,1
R01856,조으다ㅠㅠ 완전 좋습니다 ㅠㅠㅠ,1
R01857,Xx 가레스베일 거리는 인간들 때문에 10점 준다 수고하쇼,1
R01858,"아우 짜증나!네이버에서 예매했다고 영화관 사이트 드갈때마다 평점쓰라고, 화면 바뀔때마다 평점쓰라고 하니 정말 짜증납니다. 네이버에서 영화 예매하기 싫음",0
R01859,상당히 기분드러워지는 영화네요 대체 표현하려고 한게 뭡니까?,0
R01860,최초의 괴물영화,0
R01861,평점이 왜이리 낮지?,1
R01862,더빙 ......,0
R01863,너무너무 잼나요~ 역시 꿀잼~,1
R01864,영화 짜증난다. 내용전개도 완전 후지고 어거지다. 이딴걸 본 시간이 아깝다.,0
R01865,아무기대없이봤는데 정말 재미있어요~,1
R01866,32살 먹은 이 오빠를 설레게 만드는 하연수...아 난 이런 청순하고 된장기 쪽 빠진 여자애가 넘 좋아..흐규흐규,1
R01867,이 영화의 주제니 반전도 재미 없고 액션조차도 볼게 없음...,0
R01868,제가본 한국영화중에 최고였어요‥ 김민희를알수록 의심되는 정체. 완벽한연기. 완벽한몰입과스릴. 작은반전. 무엇보다 현실성이있는‥ 인간의 한계와 그걸 벗어나려는 욕심을보여준‥ 내보기엔 완벽한 시나리오.,1
R01869,응급남녀 완전짱짱!!클라라는 쫌 그래도 보면서내가다설렘♥♥,1
R01870,"오션스짭 느낌 굉장히 많이 남. 감독님의 전작 범죄의 재구성의 향기도 많이 나고, 보는내내 어디선가 본듯한 영화. 배우들때문에 4점 드림",0
R01871,"처음에 이 아이가 크리스천베일임을 알아보고 매우 깜짝놀랐다. 역시 명배우의 이름답게 어릴 때부터 재능을 가지고 계셨구나... 어린아이가 본 시선으로 전쟁이 아닌, 때 묻지 않은 순수함과 호기심을 풀어낸게 멋지다.",1
R01872,재미있고 감동있고 여운이 남는 영화임꼭 보샘,1
R01873,이런 쓰레기같은 영화는 세상에서 사라져야 된다 반전쓴 작가는 벙어리이다,0
R01874,얼핏 홍상수영화의 다른버전같기도 하지만 집중해서 보면 전혀 새로운 매력이 숨겨져있다. 잘만든 영화....,1
R01875,--,0
R01876,같은공간 다른 상황에 두가지 모습을 볼수있는게 매력적,1
R01877,재밌게 할려고 만들었으면 재밌어야지,0
R01878,완벽한 코믹영화. 최고임,1
R01879,재미없어 ㅋㅋㅋㅋㅋㅋㅋ 너무뻔함,0
R01880,빈의 재미있는 실생활... 너무 웃겨서 배꼽 빠지는 줄 알았어요... 진짜 재미있네욤..~♥,1
R01881,역대최고의 총격씬~!! 말이필요 없는 영화,1
R01882,B급정서에 충실한 훌륭한 장르영화,1
R01883,건물만 짓는 사람이 아니라 사람이 사는 공간을 창출하는 사람..눈물이 핑 돌았습니다.,1
R01884,70년대 영화라는게 믿겨지지 않음재밌어요 내가 중학교때 케이블에서 봤음,1
R01885,생각할 거리를 많이 던져주는 영화.색감과 음성 잔잔한 분위기에 매료되서 푹 빠져 봤네요.,1
R01886,진정한 타잔을 볼 수 있다.,1
R01887,이거 미이라 맞냐ㅡㅡ 그지같은 영화가 되버렸음,0
R01888,땡큐 얼라이언스 떙큐 브리튼 엔 아메리카,1
R01889,사랑 이상의 사랑을 느낄 수 있는 감동적인 영화,1
R01890,재미있어요.여주인공 딱 내 스타일!,1
R01891,이승연의 강렬함이 묻어나는 영화. 그러나 홍경인은 너무 불쌍하게 나옴,1
R01892,흑형입담에 배째짐ㅋㅋ,1
R01893,내가 진짜 어릴때봣던 최고의 영화라고 느꼇엇돈 영화 다시보니까 정말 상업용이더군,1
R01894,호기심으로라도 보지 말지어다!!!!,0
R01895,젊은 초보 감독의 과욕이 빚어낸 지브리판 대참사,0
R01896,연약한 보스의 모습이 실소를 자아내지만 그리 코믹하진 않음,0
R01897,언제나 봐도 유쾌하고 질리지 않는 영화,1
R01898,별 싸이비 땡중이 점을 잘못치는 바람에 양씨가문 줄초상 치르는 내용..별한개가 아깝다,0
R01899,줄거리만 봤을땐 개족보영화네... 사람족보가아니야...,0
R01900,사이코 남자 이야기에 감동도 여운도 없다. 노튼씨 실망,0
R01901,좀 신선하려나 했는데 갈수록 무너진다.배우들 연기는 좋고 30대후반의 니콜키드먼은 이쁘당,0
R01902,관심 가지려 하다가도 도망가겠다. 마이클 무어처럼 못 만드나.,0
R01903,보지말라고 하고 싶다. 저능아 같은 끼어맞추기는 헛웃음만..,0
R01904,그지같은영화네 ...ㅋㅋ,0
R01905,단편으로 만들어도 충분한,0
R01906,무기여 잘있거라 최고!,1
R01907,이거 극장에서 볼라다가 말았는데,1
R01908,"""우리 아이에게는 장애가 있어요""가 이 영화의 명대사라고 자부하지만 국민의 사회적인식 수준을 현저히 떨어뜨리는 악대사였다. (장애인이 여성의 엉덩이를 만진 장면) 장애인에게는 인간의 기본 욕구인 성욕이라는 게 전혀 없고 오로지 순수함에.(글자수부족)",0
R01909,억지로 눈물을 자아내지않고 찡한 감동을 주는 영화여서 좋았다...,1
R01910,와 진짜재밌다 마지막에 Love me again노래나오면서 와 진짜 미쳤다미쳤어,1
R01911,쓰레기같은 영화.. 결론적으로 아무런 교훈도 없고 얘기하고자 하는 게 무엇인지 도통 알 수가 없다.,0
R01912,훌륭합니다. 1보다 재미있습니다.,1
R01913,개병맛. 감독이 약했나봐,1
R01914,댄싱나인 보는줄 알앗다.,0
R01915,재미없소 짜증만남..올밴도 아웃 시키고 발전없는 강호동에 이수근 그리고 누군지 이름은 생각안나는 인간까지 최악 조합이다.자리만 지키면 mc냐? 진화좀해라.,0
R01916,이정도로 유치짬뽕스러울줄은..,0
R01917,각 등장인물들을 억지스럽지않고 사랑스럽게 만드는 재주가 돋보임. 특히 핑크색을 좋아하는 감독인듯.,1
R01918,아 도대체 뭔내용이야??? ㅡㅡ,0
R01919,돈주고보지말자. 아깝고 욕나온다. 누워서 자다나왔다. 바로 다른거 한편 더 봤다.,0
R01920,치정의 파국적 결말을 여과없이 보여주는 웰메이드 서스펜스 멜로..,1
R01921,지루함과 단조로움의 미학,0
R01922,별 다른 감흥이 느껴지지 않는 젊음의 혈기.,0
R01923,아무리 레알팬이지만...다큐 보는개 낫겠다.내돈~,0
R01924,그만하세요 여자이기전에 아내이기전에 엄마에요 애써 가정을 지키려는 사람한테 남의가정 깨고 기자분들은 좋은꼴 당할줄 아십니까,0
R01925,에효 댓글알바들 긴장감 전혀없고 애들은 자고 중간에 나왔다는ㅠㅠ 댓글 알바하려면 좀영화나보시고 다시죠,0
R01926,조선 왕족의 오버질.. 음식 맛 버린다.,0
R01927,재밌게 봤슴다....,1
R01928,정말 재밌게 잘봤습니다!,1
R01929,개욕하던 중인데 네이버가 거부하네 췟,0
R01930,최악은 아니었으니까 별점3개줌,0
R01931,만화가 더났던거 같은데..,0
R01932,시간 아까운 빵점영화 지루하다,0
R01933,이영화는 존경받아야한다 그들에게 박수를 보내야한다,1
R01934,지루하고 따분하고 특별한 느낌도 없고. 괜히 목에 힘만 준 영화. 나도 영화광이지만 이 영화에 대한 평론가들 높은 평점은 공감이 전혀 안된다.,0
R01935,원작소설이 너무 재밌었어,0
R01936,재밌는데 평점이 낮은이유 대체 뭐냐,1
R01937,2009년 사상 최강의 사극,1
R01938,1번 보면..빠질수 밖에 없다...,1
R01939,피로 새긴 교훈.,1
R01940,이런미친 전율의 마무리네 최근에본것중 최고군 재개봉해라,1
R01941,마지막에 선한 이연걸과 악한 이연걸의 결투는 정말 간지 ㅠ,1
R01942,어그러진 여러 관계들이 잔잔한 감동들을 통해서 결국 행복하게 해결되는 과정을 보면서 내 엉크러진 상황을 되돌아보게 해주는 영화,1
R01943,오~홍콩영화 다시보게 되네;;;유처운 연기넘 잘한다진짜~,1
R01944,이거 본 지가 언젠데 아직도 평점을 안 매기다니.. 애니를 좋아하지 않는 나에게 카우보이 비밥은 가히 '우상'이라 해도 과언이 아닌 작품이었다.,1
R01945,조니뎁 만세요,1
R01946,101가지가 나오진 않지만 아주 공감할수있는 사랑할때의 문제점을 잘 그려냈다.,1
R01947,정말 90년대 영화맞나? 긴장감도 없고 음악도 중국무협영화수준이다. 시간아깝다.,0
R01948,주제는 노인을 공경하라?아니 소재였나?ㅋㅋ,0
R01949,왜이게 9점 넘냐;; 오덕들 ㄷㄷ,0
R01950,로완아저씨 열라 웃겼음ㅋㅋㅋ,1
R01951,에효 이것도 영화라고...진심 7광구보다 토한다,0
R01952,응사볼때마다 잔잔한 두근거림이 너무 좋았습니다. 첫사랑의 설레임을 너무 이쁘게 그리셔서 보는내내 설레였어요 코믹요소도 많아서 가족들하고도 재밌게봤습니다 마지막 결혼식장면에 속시원하게 나온 김재준 성나정 진짜 최고였습니다!!!!,1
R01953,재밌는데 왤케평점이낮지???ㅋㅋ,1
R01954,부담없이 담백한 영화. 아이들에게도 편하게 다가갈수 있는 영화,1
R01955,너무 너무 재밌게 본 드라마..^^//,1
R01956,정말 보고싶은 영화!,1
R01957,밤샜다..^^^^,0
R01958,이제 지겨워졌다.. 친숙한 거거거거거,0
R01959,정말 진부한 스토리인데 보다 보면 빠져 듬.,1
R01960,개졸작,0
R01961,"라이어 게임 표절작, 1점도 아깝다",0
R01962,짱이죠~! 에드 정말 멋져욧 ~! ♡,1
R01963,문근영이진짜아까웠던드라마문근영연기만빛나다끝났음,0
R01964,정말로 핵노잼이다ㅋㅋㅋㅋ,0
R01965,어디서 볼수있는곳 없을까..참 추억의 영화,1
R01966,:>재미있고 유쾌한 작품 입니다,1
R01967,"김혜자의 춤으로 시작해서 춤으로 끝나고, 삐뚤어진 모성애를 그린 영화...반전이 없는게 반전",1
R01968,그 대단했던 원작 말아먹기의 대표적인 작품.고인이 된 원작자를 욕되게 하지 마라.,0
R01969,비키 베드씬이 너무 화끈해서 잠자면 꿈에서 계속.... 대박^^,1
R01970,이걸 만드는 저의가 뭘/까ㅓ???,0
R01971,"부모는 아빠와 엄마 두 사람이 아니라 한 마음, 한 몸이어야 한다. 죽은 엄마의 역할을 대신하는 아빠에게 '아빠가 보고 싶다'라는 딸의 말은 최고의 행복이었겠지...",1
R01972,"혹성탈출은 68년작 원작에서 멈췄어야했다.헐리웃도 너무 우려먹기가 심해.참신한 소재로 시나리오를 쓸 생각은 않고,CG빨 도배로 무장 뻔한 에측 결말 전개.원작은 단지 원생이가 지능을 갖는게 중요한게아니라 인류에게 경고의 메시지를 주지하는건데 이건 머니",0
R01973,런닝타임이 짧지도 않은데 내용이 왜이렇게 허술한지,0
R01974,감동스토리 꼭 봐야할영화,1
R01975,진짜 최악...10점준사람들...제정신인가..?,0
R01976,포켓몬 아이템을 받고싶어요,1
R01977,골퍼들의 영화,0
R01978,"지금의 대한민국을 살아가고있다면 ,엄마아빠 친구동생언니누나 손잡고 꼭 한번 봤으면하는 영화.",1
R01979,젬있는거같기는하는데 이영화를 어디에서 볼수있는지 좀알려주시면좋겠네요,1
R01980,"연출,대본,연기 모두 만족스런 최고의 로코!!^^",1
R01981,"제발 다른 인간들 보고 욕좀해줘라 ㅋㅋ 시간, 배우 정말 아깝다.",0
R01982,"액션신은 볼만함. 근데 한국어를 알아듣는 한국인이보면 구역질날정도로 황당함. 북한테러리스트들인데 서울말씀ㅋㅋ간혹 북한말도아니고 남한말도아닌 거지같은 한국어도나옴 예를들어 손을 묶는장면인데 ""손 봐!!"" ""손 줘!!!!""",0
R01983,7~8점정도는 되는데 현실왜곡해서 1점줌. 마지막에 말이되냐. 주인공 버프 개사기. 풉... 현실이였으면 되려 개박살. 저런식으로 영화에서라도 일진 이겨보고싶은갚네? 피해의식쩐다. 현실에선 복수하러가서 불구되겠지. 셔틀들을 위한 현실도피영화.,0
R01984,"2014년 걸작 한국드라마.간만에 눈과마음이 호강하네요.고생하셨고 수고하셨습니다.연기자,스텝진 여러분들~~",1
R01985,힘찬오빤언제나와요?ㅋㅋ왜 예고편엔나왔는데 방송은2주째안나오죠ㅋㅋㅋㅋ,0
R01986,충격적인 이 영화 파격노출 도 물론 나오며 잔인한 장면도 뽐내고 있다.범인은 누구엿을까……? 두근 두근 거리는 심장과 같이 숨을 내쉬지 못한다.퍼펙트 스릴러 영화 같았다.또보고 싶은 영화이다.,1
R01987,"기존 팬들이나 이런 계열 좋아하는 사람에게만 예찬되는 영화인가, 싶다. 오만상 써가며 반 보다가 포기했다.",0
R01988,"에휴,,내가 유희왕을 나올적부터봤지만 이번 영화는 OOOO",0
R01989,늙다리 남자들 생존기!?특히 김구라씨 말로 상처주며 시청자에게 웃움?? 주는 직업 회의스럽지 않나요?왠만하면 이프로 접는게 어떨는지...,0
R01990,홍진호 2222 평점2.22 가라,0
R01991,불편한 현실을 드러내는 느린 호흡의 성장 영화.,1
R01992,그냥 프리미어 리그를 보면 안되나?,0
R01993,sf영화 좋아하는데 생각보다 괜찮던데~~~,1
R01994,이렇게 표현되는 가슴 아픈 이별도 있다는게 너무 와닿습니다. 참 여운이 오래 남는 영화네요. 배우분들의 섬세한 감정 표현도 정말 멋졌구요...특히 배경의 빛 조차도 또 하나의 배우처럼 느껴질만큼 화면이 감성적이고 소중하게 느껴졌습니다.,1
R01995,나쁘지않아,1
R01996,그저 죽이는걸로 신나하는 모습들로 보임 ㅡ.ㅡ 그래도 좀비 표현은 잘한것 같다,0
R01997,갈피를 잡지 못하는 수사방향처럼..,0
R01998,OO 상어가 동네북이냐. 역사상으로 따지면 3억년 가까이 바다를 휘어잡았는데,0
R01999,라디오스타를 떠올리게 하는...,1
R02000,음.. 그렇게 맛있진 않지만 좋은 음식을 먹은것같은 느낌,1
R02001,꼭 보시라. 이 훌륭한 연극을 영화값에 볼수있다니,1
R02002,쩌러융..빅뱅 짱,1
R02003,이건 액션영화니까 카메라레일과 매트까는 스텝도 용서하고 볼수 있다,0
R02004,큰 화제만큼의 영화는 절대로 아니다 아쉽다,0
R02005,좋았어요,1
R02006,전편보다 왜 과소평가 받았는지? 재평가가 필요한 수작.,1
R02007,1점 줄려다 청불이라서 ㅎ,0
R02008,무슨 말인지 좀 확실히 들리게 만들어라... 자막을 넣든가...,0
R02009,단조롭고 투박한듯하지만 가슴이 아려진다. 눈물에 어쩔줄모르고 눈을 뜨면 초반부같은 잠잠함읃 나를 더 울린다. 여러종류의 삶과 여러종류의 사랑에 대해서 보고싶다면 추천한다.,1
R02010,요..용가리..99년인데...,1
R02011,아니 이영화는 언제나 볼수 있는거야... 젠장할.. 다찍어노코 개봉을안해,1
R02012,오..MIT출신,0
R02013,더빙...생각이 있는 양반들인가 안그래도 현실에서도 유행어들 OO같다고생각하는데 애니에서까지..;;기가 막힌다 차라리 쌍욕을 넣지그래,0
R02014,액션의 극치를 보여준 최고의 영화,1
R02015,대단하다1시간40분이지루하지않았다와 진짜 ㅋㅋ,1
R02016,완전 짱입니다!,1
R02017,"단언컨대, 최고의 성장 영화 중 하나",1
R02018,재밌게봣다능 추천한다능,1
R02019,재미잇ㄱㅔ본영화에용ㅎ,1
R02020,오픈마인드로 봐도 재미없는 영화.,0
R02021,"역시나 재미있다.마지막 와이프 대사가 압권""맥클레인 우린 항상 왜이렇지""",1
R02022,네~ 이영화를 보고 느낀점은요.. 개나소도 정말 감독이 가능할꺼같습니다. 벗는게있으니3점은줍니다,0
R02023,내제작비도 아닌데 왜이리 아깝노,0
R02024,"정의는 어떤것일까 생각하게 되는 영화,, 경감과 지노 ,, 진짜 살인자는 누구일까ㅣ",1
R02025,소망을 머릿 속에서 아예 지워야 살 수 있는 삶 속의 여인은 예술을 통해 인생의 봄을 만나고 최고의 예술가는 그 여인을 통해 본인이 평소 예술보다 등한시했던 삶의 진가를 알게 되면서 예술의 봄을 맞이하네요.,1
R02026,"이거 볼때 먹었던 팝콘이 맛있어서 4점 준다. 이거 친구랑 볼 거 없어서 이거 봤는데 볼 거 없음 보질 말아야했다. 사람 텅텅 비어있고, 자기 아들 액션배우로 자리매김 할 수있게 도와주려고 만든 영화.",0
R02027,당시에 '천사의 미소'로 방송되었던 재밌게 봤었다.,1
R02028,액션은 구리고 여배우도 싫은 스타일이고 전체적으로 괜찮은 점이 없다,0
R02029,트루맛쇼는 평점이 높고 이영화는 평점이 낮은데 정치적이냐 아니냐다 표몰이 선동질이라고 하는데 이런 영화보고 자기가 지지하는 정치세력이 바뀌나? 이영화에 마지막부분에 나오는 아줌마의 이야기를 봐라 그래도 박근혜는 이명박과 다를거라고 말한다 그게 현실이다,1
R02030,Qweert,1
R02031,내인생 최고의 쓰레기 영화 인 듯 싶다.신부의 위치를 이렇게 타락시키나?그리고 맨 마지막부분에 엠마가 자살시도를 하며 기절하는 동안 웃음짓는 평온함 ? 자살시도를 조장하는 영화 인 것같다 이쓰레기는,0
R02032,숲이 너무 환상적으로 그려져서 보는 내내 기분 좋았네요 ㅎㅎㅎ 아이들만 좋아할 거라는 편견은 노노!!!!,1
R02033,'내사랑싸가지' '에일리언vs프레데터2'도평균이상으로본나지만이건너무지루하다,0
R02034,나 정말 짜증나,0
R02035,"스릴, 공포 두가지 요소가 내 몸을 조여온다",1
R02036,"감흥없는, 밋밋한 모차르트 누나 이야기.",0
R02037,사람들은 사건의 진실보다 그저 가십거리가 필요한건 아닐까..,1
R02038,"재미,감동,공감 전혀없는영화...",0
R02039,스토리도 재밌고..박해일 연기진짜 잘하네요...명작인듯,1
R02040,노튼이 이영화를 왜 골랐을까..진짜 황당한 스토리..,0
R02041,독립영화의 승리 재밌었습니다.,1
R02042,진짜 청춘이 무엇인줄 보여주는 영화!,1
R02043,여러영화를 짜집은듯한 느낌과 영상과 음악 내용전개가 별로임 캐스팅도 똥망이라 전체적으로 처진느낌에 지루함 다른감독이 만들었다면 어떨까하는 생각이 드는영화,0
R02044,작품이란 이런거구나. 내 마음을 뒤집고 내 머리를 뒤집는 여운이 가시질 않는다.,1
R02045,배경만 좋아보엿다...여배우 연기는 좀 아닌듯...,0
R02046,"탄탄한 구성추측 가능한 내용 임에도 불구하고,몰입시키게 하는 매력이 있다",1
R02047,jjladam님 덕분에 기억속에 남아있던 영화를 다시 봤네요..감사드리며 다시 봐도 감동,1
R02048,"논스톱,뉴논스톱,논스톱3,논스톱,4,논스톱5,레인보우로망스",0
R02049,지연누나완전짱,1
R02050,김기덕 양동근 굿!!!,1
R02051,3류영화보고 난 소리~ 아~,0
R02052,"여자주인공이 좀 괜찮다는 것 빼면, 전체적인 영화 수준은 우리나라 60년대 수준이다.",0
R02053,"노을이 지는 엔딩처럼, 먹먹해지는 영화,",1
R02054,우리는 사랑하는 모든 이들을 위해서 달린다 .,1
R02055,멜로임? 에로임????,1
R02056,영화가 끝나고 2000년도 작품이라는 엄청난 반전,0
R02057,영화가 중2병 걸렸음,0
R02058,범죄 조직 하나를 맨손으로 다 때려잡는 고고학자 스티븐 시걸.,1
R02059,"내가 데스티네이션 시리즈 중 제일 재미없게 본게 2,4인데..같은 감독이었더라ㅡㅡ",0
R02060,야경꾼 애들 멍청... 만파식적놓고 오고 뺏기고 신궁으로 나대다가 없어지고 ㅋㅋㅋ 도하는 사담한테 지 발로 가 놓고 용서치 않겠다 ㅋㅋ? 뭐여...노답 몇몇 연기파 배우들 아니였으면 더 노답일뻔,0
R02061,샤오홍의 작품을 읽고 본다면 감동이 두배가 될 것 같습니다. 개인적으로 '생사의 장' 을 읽고 봤는데 중간에 책들에 대한 언급도 있어서 이해가 더 잘 됐습니다. 좀 길긴 했지만 재밌기 봤습니다.,1
R02062,"음,..ㅇ이거야 원.. 평점이 높은 이유를,..잘 모르겟네..",0
R02063,고난도의 심리 묘사가 표현된 최고의 영화,1
R02064,조던이 그립도다 ㅎㅎ,1
R02065,깊이는 없음 앰뷸런스가 재밌었다,0
R02066,트루먼쇼(the truman show)인줄 알았는데 트루맛 쇼ㅋㅋㅋㅋ,0
R02067,모지 이거?? 흠... 잼두없구 감동두없구 짜증만나구 산만함의 극치!!,0
R02068,이건 이거 나름되로의 아우슈비츠의 실상을 알렸다고 생각함...,1
R02069,"너무너무 지루한 스토리, 어설픈 범인들의 행동, 포스터에 저 문구는 뭐냐? 복수를 위해 총을 든 여자? ㅎㅎㅎ",0
R02070,평점 뭐지...내 뇌가 자란건가?? 정말 재미 하나도 없어 ㅠㅠ,0
R02071,의미하는게많은영화인듯하네요좋아요,1
R02072,이 영화 평점들을 보고 이제 평점은 안보기로 했당~ 스타일리쉬한 케인을 기리며 ...,1
R02073,갈수록 그래픽은 좋아지는데 스토리가... 똥망,0
R02074,과대평가의 대표적 감독-->장진..,0
R02075,재미와감동도있고이광수배우님도의외의모습도보았고영광이의멋진모습을보고감동을하였습니다.,1
R02076,볼때마다 땡기는 영화~!,1
R02077,고맙습니다 고맙습니다,1
R02078,일하기싫었나봐여ㅎㅅㅎ,0
R02079,엔딩장면이 아직도 잊혀지지가 않는다~,1
R02080,GD 씨발아 놀랬잖아,1
R02081,이 좋은 소재를 가지고....어떤 OO이 각본 쓴건지 실력 최악이다.,0
R02082,"자극적인 소재와 자유분방한 스토리로 여러가지 다양한 부부의 모습을 보여주는 사랑과 전쟁, 전쟁도 사랑하니까 할 수 있다는것을 깨닫치 못하는 부부들의 모습이 아쉽지만, 이만큼 다양한 이야기를 보여줄수있다는게 참 색다르내",1
R02083,잭이 겁나 잘생김...주르륵,1
R02084,아우.. 대체 원숭이 뭐야. 짜증남..,0
R02085,쓰레기쓰레기쓰레기쓰레기쓰레기쓰레기쓰레기쓰레기쓰레기쓰레기,0
R02086,보수파의 한판승...홍금보 1분나옴 전체적으로 재미없다,0
R02087,주통갈기고싶다,0
R02088,정말 짜증날정도로 내용이 부실... 지루하다,0
R02089,도무지 집중할 수가 없는 우스꽝스러운 소재. 믿지 않는 사람들에겐 코메디일 뿐.,0
R02090,간간히 밀도 높은 개그가 터지지만 전체적으로 실없는 개그 투성이,0
R02091,생각보다는 괜찮음,1
R02092,뭐야 이게 재미없어ㅡㅡ,0
R02093,으아아아아~~~~ 0점 어떻게 주는거냐고~~~!!!!,0
R02094,은근 내용있더라구여. . 잼나게 봤네요^^,1
R02095,별 반개도 아까운 영화다 진짜 내용의 의미가 없잖아 ㅡㅡ,0
R02096,아주 어릴때 봤을땐 오묘한 기분이 들고 완벽히 이해는 안됬지만 재밌게 느꼈고 좀 커서 다시보니까 완전감동 ㅜㅜㅜ,1
R02097,역시 데뷔작부터 보통이 아니었다..,1
R02098,'상실'에 관한 섬세하고 아름다운 영화.,1
R02099,최고엿고 최고엿다...,1
R02100,멋있는 영화 제임스 카메론의 능력을 알수있게 해준 영화 당시 유년시절 나의 마음을 두근거리게한 영화,1
R02101,초반에는 날뛰는 스킨헤드들의 짜릿한 반항기인줄 알았는데 무거운주제로 다시한번 더 생각해보게하는 영화,1
R02102,브루스윌리스 네임벨류에 맞지않는 최악영화.. 왜이런거 찍으셨쎄요?? 네??? 휴...,0
R02103,상금을 미끼로 주인공과 관객을 가지고 농락,0
R02104,개인적으로 내 인생의 최악의 영화 Worst 5,0
R02105,일본인이 천성이 더럽고 쓰래기라는걸 잘 보여준 영화,1
R02106,평점 조절. 시도는 좋으나...오그라든다,0
R02107,"간만에 정말 좋은 스릴러를 보았다. 짧고 강렬한 메시지. 그리고 그걸 전달하는 서영희의 연기력..대단히 압권이다.장면만 떼어놓고 보면 잔인할 법도 한 영상이 스토리상 전혀 잔인하지 않고 도리어 통쾌함마저 주는 것, 영화의 완성도를 말해준다.",1
R02108,역사란 이름의 폭력에 홀로 살아남은 자!,1
R02109,고칠게 진심 많음..하나부터 열가지,0
R02110,진짜 재미없다-_-,0
R02111,보면서 계속 정부의 국민에 대한 무책임에 화가 납니다. 국민의 요청은 계속 무시하고 의전만 신경쓰고.. 연기도 다들 너무 잘하시고 로케도 현실적이여서 재밌게 잘 봤습니다.,1
R02112,내 인생 최고의 전쟁영화! 당연이 10점만점! 내 전쟁영화 평점의 기준은 블랙호크다운 이다.,1
R02113,니체의 초인을 현시한 영화.. 박상륭씨의 천재성 그러나 감독은??,1
R02114,쩌업.. 이런 영화만들돈은 누가 지원해주는고?,0
R02115,재밌게봤네요 굿굿 눈으론 울지않았지만 마음으로 울고갑니다 하하,1
R02116,대단한 블랙코미디 영화이다 정말 재밋게 봣다,1
R02117,하...재밌다..간만에 느겨본 영화다운 영화 끝장면에서눈물이..,1
R02118,안녕하십니까 안상수감독님,0
R02119,느끼는게많은영화입니다,1
R02120,대박.. 아름답다..,1
R02121,브라보!,1
R02122,몇몇 탁월한 이미지와 웅장한 음악. 단지 그것뿐,0
R02123,"재미 진짜 없어요.. 우리 애들이 너무 잼없다고 스토리 진부하고 허접합니다. 관람석 여기 저기서 애들의 한숨만,,,..스페인 영화 진짜 진부하네요.",0
R02124,왜이렇게 평점이 높아 장난하나,0
R02125,주제나 제작 의도는 좋았지만 남자아이나 그 애 엄마나 나오는 성격이 이상해보였고 뻔하고 지루했음...,0
R02126,처음으로 평점써봅니다 너무 슬펐고 보는내내 계속 울었네요..마지막에 여자가 공연에서 남자를 위한 노래를 부를때 눈물이 막 흘러내렸어요..평생 기억에 남을 영화입니다.,1
R02127,세상에 ㅋㅋㅋ 이거 예전건데 ㅋㅋㅋ 근데 아직도 평점을 달고 있어 ㅋㅋㅋ 뭐가 소름이 돋는다는거야 ㅠㅠ 왜이래 다들 ㅠㅠ,0
R02128,너무 감동적이고 광주에 개봉하면 꼭 볼께요^^,1
R02129,와...영화찍었을때 진짜 고생하신것같다..,1
R02130,와 이거 진짜좋은영화다 늦어서 다운받기는 했지만,1
R02131,좀 지루한 감이 있지만 잘 봤어요. 평점이 왜 이렇게 낮은지 이해 안됨,1
R02132,폴베타니진짜멋있고커얼스틴진짜이쁘고ㅠㅠ영화가넘이쁜거가틈 ㅋㅋ,1
R02133,평점너무높넬니ㄵ투ㅑㅐㅡ urmukdmud,0
R02134,"작품 수준도 높고, 독창적인 스타일리쉬, 취향을 많이 타지만 굉장히 재밌었다",1
R02135,하나 스파이더맨 저작권침해,0
R02136,연기봐줄만한데....무튼 한국인들 까는근성 ㅅ,1
R02137,음악 빼고 건질 게 뭐가 있을까. 이도저도 아닌 글루미.,0
R02138,이 삼류영화를 어찌하면 좋을꼬,0
R02139,어떻게든 감동시키려 막 포장하지않아서 더 감동적인 영화인것같다. 브래드 피트의 생각하는 잔잔한 눈빛연기가 돋보임,1
R02140,싸구려 공포스릴러,0
R02141,결혼식장에서 펜잡고 망설이는거 보고 더 안봄 발암영화,0
R02142,영어로 용가리 왜적었을까,0
R02143,ost 가 사고 싶어지는 영화,1
R02144,논하고 싶어도 논할수 없는 심오한 영화,1
R02145,날 설레게하는 드라마최다니엘 한번만만나보고싶다...,1
R02146,개 쓰레기 같은 영화........으이구..,0
R02147,레이디가가 별루데 이상한짖많이해서 그렇게 좋지는안보이는데,0
R02148,아니 물고기들이 어케 말을해요,0
R02149,히트 재밋죠 ㅎ,1
R02150,유가령의 사랑이 마음을 울립니다. . .,1
R02151,송정우 감독이 누구지. 울나라에서 이런 영화가 나오다니. 탄탄한 구성과 연기도 조았다.,1
R02152,파이터클럽 에드워드노튼이랑 브레드피트 를 생각하게 하는 영화임에는 틀림없다,1
R02153,영화 잘 봤습니다.. 그 이상의 말이 필요없습니다.,1
R02154,아완전 재미없네 ㅡㅡ뭔이따구냐..,0
R02155,정말오랜만에감동적인영화을봤습니다~^^,1
R02156,"우울, 종말,, 다 좋은데... 영화 이해가 안돼...",0
R02157,매력있을 '뻔 '한 캐릭터들.... 스토리도 짜임새가 영.... 뭐 하나씩 빠진 것같은 연출에... 딱히 어떤 영화라고 말할 수 없으리만치 와닿는게 없었달까. 뭔 소리냐면 뭐하나 탁월한 구석이 없었단 얘기다....,0
R02158,최고의 홍콩영화중 하나. 20년 전의 느낌이 나직도 남는다.,1
R02159,색다른 소재와 적절한 스릴,0
R02160,17년이 지났어도 절대 잊을 수 없는 명작....,1
R02161,우리 정서로는 너무 생경스런 내용이군요 엄마를 때리는 딸을 보면서 과연,0
R02162,스토리 엉성하고 연기도 그닥... 섬이면 영상미라도 뽑아야지... 만들다 포기한 느낌이다.,0
R02163,ㅋ 보고나면 공감ㅋ 내시간 돌려줘,0
R02164,더빙 말고 자막으로 보세요 정말 잘 만들어진 다큐입니다.,1
R02165,7 그럭저럭 볼만한영화입니다,1
R02166,진정 도신 만드신 분이 맞습니까....유치해서 원....2 만드는거 같은데...도신과 비슷한 내용이라도 좋으니..비슷하게만이라도...,0
R02167,기네스펠트로우의가슴에3점..(>_신고,0
R02168,뭔가 여운이...,1
R02169,나 원 별 쓰레기같은 ...,0
R02170,ㅅㅂ 옛날영화같고 재미없네열;;;;;;;,0
R02171,니가 더질하는거 가튼대?,1
R02172,드래곤길들이기와 함께 내가 정말 감명깊게 본 애니,1
R02173,남자 애들은 좋아하는데 여자애들은 넘 재미없어하네요~ 참고하세요~,0
R02174,나의꿈,1
R02175,요즘 아이들이 보면 더 좋을것 같아요^^ 추억을 느끼고 싶은 어른들도 좋을것 같구요~~암튼 재미있네요~~,1
R02176,인도라는 나라는 안 좋아하지만 인도영화는 정말 매력적이고좋네요 정말 재밌게 본 영화,1
R02177,꺄~~~ ㅋㅋ 너무재미있게잘봣네요~^^,1
R02178,2점은 미술감독에게 주는겁니다.,0
R02179,형제애? 뉴욕의 밤을 지배하는자는 과연 누구지? 어디에 초점을?,0
R02180,사는건 힘든거 같다. 시간 가는 줄 모르고 봤네요!,1
R02181,키아누 때문에 봤는데 좀 재밌었음 ㅋ,1
R02182,너무재미있는드라마 다시보소싶어요 이거구할수없나요,1
R02183,진짜 욕나온다....,0
R02184,냠냠냠뱉으라고있는 대사들 마니잡솨ㅡㅡ 현실성없어 않보구있는데 뉴스뜬거보고 오지랖질.스팩도 뭣도없는게 착한걸로 재벌사위될꺼같은 딘부한 스토리짱남,0
R02185,나의 오감을 자극한 영화!! 베리굿,1
R02186,부시는 나쁜 쉐리,1
R02187,내가영화보고 1점준전이없었다 진심이건아니다,0
R02188,음악말고는 볼 것 하나 없는 3류 영화,0
R02189,선택해보세요.화제가 되고 있는 최신영화 정보를 한 눈에 확인하실 수 있습니다. 닫기 나의 사랑 나의 신부제보자드라큘라: 전설의 시작슬로우 비디오메이즈 러너맨홀극장판 파워레인저 다이노포스VS고버스,0
R02190,홉킨스와 조디 포스터의 최고의 스 릴 러 물,1
R02191,별 5개 정도 줄까 했는데 불타오르는 애국심으로 별 10개씩 날려대는 중국인들 때문에 1개 준다.,0
R02192,훔쳐보기는 아닌 단지 보이기만 하는,0
R02193,조금..졸립네요..,0
R02194,명성있는 고전작품은 그냥 그대로 냅두지 머하러 다시 만드나.. 이게 무슨 액션블록버스터도 아니거늘..,0
R02195,내가 원래 평점 잘 안남기는데.. 남겨야 겠다.. 쓰레기 3류를 10점을 주는 알바는 머냐? 어찌 이리 영상미도 없지 스토리도 없지 재미도 없냐? 애들 조금 벗기기만 해... 3류중의 3류... 거기에 갑자기 좀비 탄생.. 마구 죽여.. 황당....,0
R02196,책으로도 읽었지만 예수는 인간이다. 신이 아니다.,1
R02197,"성욕,식욕밖에 없던 때에 마지막에 반짝이는 孝",1
R02198,"진짜 개쩌는 영화!견자단 영화 중에서 최고 재밌다다음이 엽문, 다음이 살파랑그나저나 영상미가 아주 죽인다~~",1
R02199,닥터진 재밌어요! 김경탁 화이팅!!,1
R02200,포기란 배추를 썰 때나 하는 말.ㅋㅋ,1
R02201,0점 주는이유 발연기가 별로임 목소리도 ㅎㅎ,0
R02202,티비에서 봤을때는 칼라영화던데...근데 진짜 명작이라긴 좀 그렇다 우리나라 현재 영화계가 얼마나 발전한건지 알 수 있었던 영화...,0
R02203,이 영화가 진짜 롤랑조페가 연출한 영화인가?,0
R02204,키아누의 연기에 대한 열정만이 기억에 남는 작품. 너무나 지루해서 견디기 힘듬,0
R02205,이렇게 재미 없는 영화도 있음? 별점 0 주고싶었는데 1개부터 시작이네? 어떤 내용이 베일에 싸여 있다는건데?,0
R02206,배우와 화면의 색감은 맘에 드는데 정작 내용은 너무 재미없다. 왜 이정도 밖에 안나온걸까..,0
R02207,????뭔가요평점ㅋㅋ,0
R02208,처음엔 '다큐멘터리? 재밌을까?' 했는데.. 꼭 보세요. 정신이 쏙 빠져서 봤어요.,1
R02209,쓰레기....이런거처음봄,0
R02210,1981년 제가 태어난 년도에 나온 영화 입니다 34년이 지난 지금에서야 봤는데 무서워 죽는 줄 알았습니다 ㄷㄷㄷ,1
R02211,ㅅㅈㅅ,1
R02212,잼없다 지루하고 재미가없다 끝,0
R02213,이거 동대문구 휘경동 휘경여고 건산홀이라는곳에서 시사회 해서 저희 학교 학생들 보고싶은 애들 공짜로 보여줬는데 ㅋㅋㅋ,0
R02214,공효진 조인성 등 거물급들이 나와서 더욱 재미있었어요10점도 모자르네ㅋ,1
R02215,전원일기 느낌과 색다른 신선함이 묻어나면서 묘한 아름다움과 따뜻함을 주는 스토리,1
R02216,노잼 ㅅㄱ ㅅㄱ ㅅㄱ ㅅㄱ,0
R02217,ㅋ 내가 원하는 여전사네 ㅋ 오우~~굿~~대박 영화~~ㅎ,1
R02218,여러가지로 앞뒤가 안맞는영화.,0
R02219,이게 영화니?,0
R02220,빛나는 영화~~!!,1
R02221,"실실 웃으며 봤다. 대단한 스토리도 없고 화면도 잔잔한데 이렇게 재밌는 건, 역시 일본영화의 매력인 듯. 아이돌가수 출신이라고 무시했는데, 마에다 아츠코도 제법 연기자 태가 나네.",1
R02222,"가식적이거나 (지가 무슨..?) 상업적인 평점이다.평범한 분들은 이 영화 보지마시라.평점에 속았다. 시간이...후회된다인생 얘기도 아니고, 무슨 다큐인가?배경이 러시아라서?보고나서 남는건 술쳐먹고 담배피는거 밖에..",0
R02223,기대를 너무 했나부다.... 실망이너무크네...다운받아서 봤지만,0
R02224,리메이크 실패작. 원작의 깊이는 버렸다.,0
R02225,최고였는데 ㅠ,1
R02226,소재만으로 끌고 가기엔 역부족,0
R02227,보는동안 한번도 웃지 않았고 잠만 왔음.. 뭐가 웃기다는건지....,0
R02228,아놔 탑블레이듴ㅋㅋㅋ 무슨 OO들이 팽이 돌리는데 지진나고 ㅋㅋㅋ,0
R02229,베일형 슈트 입고 가오잡는 영화만 잘 어울리는 줄 알았는데 살 빼고 처음에 저게 베일형인거 보고 소름 돋았다,1
R02230,참 잘 만든 것 같네요... 10년전에 만들어진거지만 우리나라보다 한참 앞서는 영화..,1
R02231,오우삼 이새끼 두들겨맞아야됨,0
R02232,완전 유치하고 .. 뻔하고 .. 저예산으로 만든다고 욕봤을 영화. C.G 가 gg... 감동으로 본사람들은 초등학생들인가 ..,0
R02233,슬픈영화.. 눈물나는영화찾고있었는데..정말 가슴이 저며오는게..몇주갈것같네요..,1
R02234,평점이 왜이리 높냐..솔직히 별로 였다..재미는 그저그런,0
R02235,간만에 로맨틱코메디 제대로 된거 봄.유치한 부분도있지만 와이프 행동 너무 웃겨서 쓰러짐 ㅋㅋ 남편이링 와이프 연기 쩐다. 와이프 남동생 넘 멋져용 ㅋㅋㅋ,1
R02236,여러 갈등 요소를 위한 감독의 안배와 나름의 반전이 눈분심~마무리는 좀 아쉽~,1
R02237,두근두근~,1
R02238,할 말 없음,0
R02239,9번 교향곡 나올때는 계속 소름이 돋아서 어떻게 할수가없었다 대단한 여화이다.,1
R02240,링 원작을 더럽히는영화재밌지도 무섭지도않았지만개연성부족에다 뜬금포 최악임,0
R02241,조카와 재미있게 봤어요,1
R02242,저때에 제작된 것 치고는 아주 괜찮아요!.2도 나왔으면 좋겠구만.,1
R02243,다 좋았는데... 박영규가 진짜 이 드라마 다 살렸닼ㅋㅋㅋㅋㅋㅋㅋㅋㅋ,1
R02244,소재에 다리만 걸친 스토리,0
R02245,생각보다 별로 억지스러움,0
R02246,결말공감... 광장에 모인 누구나 말하지. 한명쯤 죽어나가야 혁명이 일어날텐데. 나역시 그랬다. 김영오씨가 작년에 차라리 죽었으면....하고 바랬다.,1
R02247,ㅉㅉ 닭씨,0
R02248,저기 10점 준 인간 신고해버리고싶다.,0
R02249,답없는 영화다... 도대체 뭔가..,0
R02250,"천녀유혼 석권할 의향이 있다면 빼놓치 말고 보시길,",1
R02251,이게너희는재밌냐 으이그 재미없는데,0
R02252,이민정 역시 멋져.,1
R02253,리처드 도너 감독과 크리스토퍼 리브의 슈퍼맨을 기억하는 세대에게 바치는 최고의 선물.,1
R02254,가볍고 즐겁게 볼수있는 내용이였어요.사랑에관해 다시한번더 생각하게 됬습니다,1
R02255,연출과 영상미가 좋다 그게 다,0
R02256,스티븐 시걸 영화에 액션까지 없다니..허허,0
R02257,참 ㅋ,0
R02258,멋찌다. 정말.,1
R02259,감독이 말하고자하는건 짐승즉=인간의 끝을보여주고싶었던거지 헌데 약했어 OO병화다,0
R02260,아픈 사랑을 경험해본 사람이라면 제대로 이해하고 공감하게 될 것이다,1
R02261,별루//,0
R02262,생명과 삶의 방식에 대해 고민하게끔 한다. 여자로 태어난 닭 돼지 인간이 넘 가엾다. 나도 돼지와 닭은 못먹을 것같다 ㅜㅜ,1
R02263,매우재밌고유익했습니다,1
R02264,별루 재미없네요. 억지로 짜내는 감동이랄까...,0
R02265,d이런 영화 또 없나요?,1
R02266,보다 지루해서 아예 잣다....,0
R02267,또봐도 재밌네요 정준호 정웅인 참 젋군요ㅋㄷ,1
R02268,반지닦이와 같은 명작중의 명작,0
R02269,군무의 바이블.,0
R02270,평점이 대체 왜....,1
R02271,마지막이 좀황당했지만 좋은영화,1
R02272,희대의 쓰레기 영화다. 절대 돈내고 보지마라. 영화 끝나고 엔딩롤 보면서 표값 자꾸 떠오르더라,0
R02273,Le Tourbillion ♪,1
R02274,끝까지 못보겠던 영화 5개 중 이 영화를 추가한다.결국 끝까지 못봄.,0
R02275,너무 극단적으로 결말을 내버리는거 아냐?,0
R02276,이럴수,1
R02277,어디서 본 건 있어서 이런 짜집기 영화 만들었냐..?,0
R02278,남자라면 최소 두번쯤은 봐야 할 명작!!,1
R02279,절대보면후회할영화 여기 알바들 진짜 많은듯,0
R02280,좋은리뷰가 많아서 길게적진 않겠습니다,0
R02281,오페라보다재미없다좀더현실감있게하려고한건알겠는데그냥러브포션등장하는게더재밌어,0
R02282,"이런, 넌 그냥 커피도 아니구나? ...",0
R02283,너무너무 재밌었어요 결말은 약간뻔하지만 아이들이랑 같이보길 강추합니다 교훈도 너무 좋아,1
R02284,이건 꼭 봐야합니다!!! 정말 최고의 공연이었어요!!!,1
R02285,지금은 한자리에 다시 볼수없는 출연진들..진심 개꿀잼,1
R02286,아주 옛날 티비에서 방영했던 최고의 레미제라블...,1
R02287,볼만했다 어처구니없는 한글 빼고,1
R02288,다시보니 후진그래픽에 내용만은 대단한창의력에 영화~!3편나오기를...,1
R02289,에브라,1
R02290,울희집에능비디오도있댣! 이대근가슴 오예!,1
R02291,박명수씨너무 속마음들어내시는듯하네요 방송보며 인상뿌린적이 한두번도아닌듯...유재석씨도 가만보면 방송에서 다른 맴버들 자연스럽게 내려깍더군요...대표방송인데좀생각들하시면서 녹화하시는게 어떠세요ㅡㅡ?,0
R02292,저 주군의 태양보고나서 완전 감동받았어요소지섭씨 완전 멋져요! 짱~!,1
R02293,마지막씬을 잊을수가 없다,1
R02294,정말 재미있었어요!!!!그런데 좀 비싸요,1
R02295,영화 세계의 저 밑바닥 끝을 보여줘서 감사합니다,0
R02296,선을 위한 악은 승리한다,1
R02297,보는 내내 감동을 받아서 울엇던 영화.. 지체장애인이지만 그의 사랑은 그 누구보다 커서 더 감동이엿다..,1
R02298,모녀끼리 손 잡고 가서 손수건 좀 적실영화,0
R02299,축구선수 펠레가 출현한다,0
R02300,원래..프랑스영화는 그냥 버리는 편인데 간만에 좀 재밌으려나하고봤는데 역시나 ㅋㅋㅋ군대의 기본이나 알고 만든지 궁금하다.감독은 론서바이버를 보고 자신이 만든 영화와 비교감상해봐라,0
R02301,솔찍히 0.2점주고싶다. 이거 남기려고 쓰지도 않는 아이디로 로그인했다!,0
R02302,그래서... 뭐래는거야?무슨 의도로 만든거지?,0
R02303,시니리오 연기력 연출력 어느것 하나 흠잡을데 없는 수작.....,1
R02304,시종일관 하품하다 끝내 . . . ㅠㅠ 이렇게 재미없는 전쟁영화 처음이다,0
R02305,"오늘 EBS에서 방송해줘서 봤는데 너무 재밌네요. 군대와 사회는 다르지만 그래도 조직생활에서 느낀 점들을 영화에서 다시 느낄 수 있었고, 부함장의 의견과 비슷한 생각을 가져왔는데 영화를 통해 다시 한번 힘을 얻었습니다.",1
R02306,1회 폭격에 수십기가 격추되어 과거 지구연방의 격추왕 아무로레이를 무색하게한다.,0
R02307,"당시 개봉했을때는 획기적이었을 수 있으나, 지금보면 웃음만 나옴...",0
R02308,최고의 영화 탄탄한 시나리오,1
R02309,결말은 어느정도 예상이 갔지만 정말 감동ㅠㅠㅠㅠ,1
R02310,왜캐 평점 높음 쓰레기임,0
R02311,이번껀 솔직히 괜찮았다,1
R02312,공포.잔혹함.미스테리에이은에로티시즘과코미디.장르가뭘까,0
R02313,쓸쓸함을 가득 품은 커트 러셀의 눈빛만으로도 가치 있다.,1
R02314,긴급조치19호가 대작처럼 보이게 만든영화,0
R02315,"0.5점입니다.내용은 재미없고 분장은 허술하고 연출은 더형편없고~최신영환데 7점은되겠지생각하고 사전에 알아보지않고간게 얼마나 후회되던지.트와일라잇,언더월드,섀도우헌터스등등.그런영화생각하고보면 화나요.20년전으로 후퇴했어ㅜ ㅜ",0
R02316,음..슬프달까...,1
R02317,역시나 속편의 한계를 느끼게 하는구나. 남는건 라스트의 음악.,0
R02318,"자막, 음향 필요없는 고기능성 시걸표 영화.",0
R02319,그래밧자 범작..,0
R02320,이영화를 까는애들이 이해가 안간다. 싸움신은 좀 그랫지만; 요즘나오는 흔하디 흔한 영화보다 훨씬 낫다 정말 오랜만에 수작을 본듯!,1
R02321,"성기노출, 성관계, 사정장면이 있으므로 3점.",0
R02322,몇년이 지났는데도 감동 쩔음,1
R02323,디카프리오는 진리다 미친 연기력에 빠져들었다,1
R02324,"다이하드 시리즈중 단연 최고임. 당시 비디오로 보던때의 충격은 지금도 잊혀지지 않고 있다. 편집 연출 연기 모두 좋은 작품, 특히나 영어공부를 하는 분들은.아시겠지만 둘의 익살스럽고 철없는 대화들은 완전 배꼽을 잡게 만드는 코믹까지 가미되어 잇음",1
R02325,최고다 내 아래 있는 얘처럼 머리 나쁜 얘들은 보지마. 더러워,1
R02326,감독의연출력에 화가난다... 어수선하고 산만해서 정신이 하나도없다,0
R02327,"칼든 여자하나 제압 못하는 ㅄ같은 남주가 나오는 개허접 영화,,",0
R02328,킬링타임용으로 보기에도 부족할 정도로 허술하군,0
R02329,굿입니다 다시보나 재미잇내요,0
R02330,카비젤의 돋보이는 연기가 내 인생에서 한줄기나마 귀감이 되었다.최고의 영화다,1
R02331,얕은 이야기. 얄팍한 주제의식. 공허한 미장센.,0
R02332,유오성의 인생퇴갤을 위하여,0
R02333,평점이 높은건 본사람이 적어서여 - - 재미없어,0
R02334,아쑤이!!! 이게 뭐야!!!!!! 이런영화도 만들어지고 개봉을 하다니... 완실!,0
R02335,김용만의 목소리가 좋았다.,1
R02336,진짜 나 초딩때 보던거인데 요즘 봐도 재밌음,1
R02337,저두 중1때 친구랑 극장가서 봤었는데 ㅋㅋㅋㅋ 다시 보니 더 훌륭한 작품..!,1
R02338,리메이크 대륙판 가위. 함보세요 똑같음,0
R02339,또 한번 끝내주러왔다!,0
R02340,파고들어도 해결되지 않는 다이아몬드 밀수 문제를 코믹한 버디 무비로 승화시켰다.,1
R02341,기대이하였음,0
R02342,이 영활 보고 멀쩡한 사람이 이상한 거다~! 으,1
R02343,웰컴투게이바 ㅅㅂ ㅋㅋ,0
R02344,'하워드 휴즈' 지금의 비행기를 있게 한 인물... 잘 봤습니다. 고맙습니다. 디카프리오 나의 영원한 우상이여..,1
R02345,가능함... 가능하겠지... 가능할거야... 바보가 아닌 이상.,0
R02346,10점때릴 만큼의 영화는 아니었다.근데 이거 90년대 영화 맞나..,0
R02347,스키에대한열정으로만들어진'겨울냄새' 가슴찡한 데몬스트레이터들의이야기..강추!!!!,1
R02348,여친말 안듣고 동영상찍고 전문가 안믿고 저 혼자 잘났다고 깝죽대는자의 최후...귀신이 좀더 일찍좀 처지해줬으면 했다,0
R02349,영화야 이게? 아 머야~~,0
R02350,"주말 드라마를 막장으로 몰고가는 작가,연출자는 생각 좀 하세요. 이게 뭔지요.",0
R02351,아이의 순수한 마음에 함께 녹아들게 만드는 수작,1
R02352,열파참 안써서 1점 드립니다,0
R02353,과거에 껴맞추기 식.,0
R02354,우울의 끝을 찍을 때 마다 보는 영화. 보고 나면 마음이 따뜻해진다.,1
R02355,가장 유쾌한 형사물을 꼽으라면 이 영화를 꼽겠다,1
R02356,산벌은 신선한 맛이라도 있었지. 다른 속편들처럼 전편을 못 따라감,0
R02357,보다껐음;;; 공짜라서 봤드니 눈만 배림ㄷㄷㄷ,0
R02358,류승범형님 괜히출현했어.. 다른 스릴러나 찍을껄..,0
R02359,도저히 눈 뜨고 볼 수가 없는 드라마,0
R02360,첫회라 신선하고 재밌었는데 또 불륜이나 바람 이딴거 들어가면 짜증날듯..,1
R02361,제주해군기지 무사히 완공되길 기원합니다. 우리 바다 지켜냅시다,0
R02362,이거 영화 업사이드다운 소재가 너무 똑같은데... 역시 일본이다... 있는 소재 지들꺼로 바꾸는 수법,0
R02363,이런 쓰*기같은.. 작정하고 미화했구나.. 한번 찜방에 가봐라..토나오지.낭만이아니다,0
R02364,아 따뜻해지는 가족 영화 한편! 친구들과 함께 봤는데 좋네요. 소박하니 현실적이어서 감정이입이 되었어요. 울컥... 좋았습니다,1
R02365,남자라면 꼭! 봐야할영화 ^^,0
R02366,요즘나오는 CG로 도배된 영화보다 훨씬재밌고 스펙터클한 아키라감독의 또하나의 수작,1
R02367,추억의 명작.그래도9.41짜리는 아니라고 본다.실제로는 7~8점 정도?,0
R02368,중반 이후부터 재밌어요~ 카우의 표정 너무 섬뜩했으..,1
R02369,간만에 재밌는 영화봐서 좋았음,1
R02370,운명에 순응하는 것이 운명을 이기는 법?,0
R02371,후~ 배우들의 묵직한 연기는 정말 최고다..,1
R02372,이게 뭐라냐...,0
R02373,"발연출,발연기,발스토리 허접한 3류",0
R02374,"제작된지 9년이 지나서 이제야 보게됐지만, 캐릭터 하나하나가 살아 있네요...좋은 애니메이션 입니다.",1
R02375,소소한 그리고 감칠맛 나는 멋진 영화.,1
R02376,그냥 말이 필요없다 그냥 보시길..,1
R02377,하하 글쎄요좀 ...재밌게봤습니다..,0
R02378,"주인공 한단비역의 이다희보다 한원미역의 신주아에게,더 눈이 가니 원...신주아 눈,코,입이 시원시원하니,딱 내타입일세~내가 수퍼주니어 은혁이라면,미성년자 아이유보다,신주아에게 대쉬한다.아니면,고두림도 괜찮잖아?체형도 좀 많이 특별(?)하고...(웃음)",0
R02379,"이정도 반전은 뻔하다. 영화 보는 시간이 아까웠고, 누가 진범인일지도 다 짐작이 갔다.",0
R02380,....쓰레기..진심 왜 만든건지 이해가 안감,0
R02381,생각보다 지루하고 재미없었어요 ~,0
R02382,다크케로로 소대도 맘에 들었고 엄청 재밋었습니다^_^,1
R02383,이 시간에 딴 영활 봤으면...어휴 이 샹 욕나와...첨부터 끝까지 상영시간 내내 차 안에서 혼자 전화만 받는다...또 어떤 얼라는 지 혼자만 재밌었다고 심오한 영화라 그러겠지?..보지마라 절대로...도시락 싸가지고 다니며 말리련다.,0
R02384,"정재영 시의 연기는 정말 화날 때가 제일 멋있는거 같아서 좋았고 다른 케릭터도 신선하고 좋았던 거 같은데, 갑작스럽게 부모님들이 당하니 조폭들이 무서워지는 느낌이 드네요 ㅎㅎㅎ 그래도 영화는 재밌게 봤어요",1
R02385,아오 시간 낭비했네 괜히봤어,0
R02386,초등학교때 알게되었지... 라면과 식빵의 조화가 기가막히다는것을... 그립다 진실누님...,1
R02387,아직도눈물이나는그런영화,1
R02388,소박한 마음과 무한한 사랑을 맛 볼수 있는 영화^^;,1
R02389,그냥 쓰레기임. 1개도 아까움!ㅠㅠ,0
R02390,게이영화.. 성 정체성의 혼란을 가져다주는 내용 재미도 없음,0
R02391,머리 비우고 그냥 쉽게 쉽게 이해하기.,0
R02392,넘 재밌어요!!!!,1
R02393,즐겁다.,1
R02394,아마추어 고딩들의 연극 발표회?.어떻게 이런 영화를 상영할까...,0
R02395,믿고 보는 마틴 로렌스 ㅋㅋㅋ,1
R02396,BEST OF BEST,1
R02397,"최악의 미스캐스팅, 최악의 연기, 최악의 구성입니다. 안 보시는게 좋으실듯...",0
R02398,어릴때 너무 좋와하던영화입니다.,0
R02399,굉장히 좋은 스토리이지만 쥐들이 전혀 안무서운게 흠,0
R02400,한국남자들이여 자신을 좋아할만큼 능력이 아닌 매력과 인간으로서의 냄새를 내뿜어라. 하지만 한국에선 불가능 ㅠ조용한 분위기에서 터지는 관계씬과 특히나 코미디는 정말로 재미잇다.,1
R02401,정말 별 한 개도 아깝네요,0
R02402,미우나 고우나 내아버지....,1
R02403,"지루함, 전개도 너무 뻔함. 왜 만들었을까? 차라리 사랑의 블랙홀을 리메이크하는게 더 나았을지도.",0
R02404,스토리가 너무 재미없어요,0
R02405,와 졸라 무섭다.,1
R02406,꾸준히 보긴봤는데 좀지겨웠다,0
R02407,어릴적 친구집에서 아무생각없이 비디오테잎빌려서보고 그 충격의 여파가 오래간 몇안되는영화 걸작중의 걸작 연출부터 음악까지 영화음악은 엘런 실베스트리 정말 미친영화,1
R02408,스트레스받아서 안봄ㅋㅋ아무나작가하나봐,0
R02409,!!!눈의여왕!!!_야호ㅋㅋ_야호아잉_겨울왕국_19_야동,1
R02410,임달화의 매력을 물씬 발산한 절정 액션 느와르.....,1
R02411,친구집 앞에서 매일 놀자고 서성이던 그 때.. 학교운동장에서 매일같이 뛰어놀던 그 시간.. 동산위에 올라가던 시절.. 너무나 그립다. 스마트폰이 생긴 지금 현재 아이들에게 그런 추억이 있을까.. 때론 아날로그 시절로 돌아가고 싶다,1
R02412,기대 안하구 봤는데 깜짝깜짝놀라면사 봤네..재밌넹ㅎㅎ,1
R02413,은근잼잇는영화에요~헤어진연인들이보기좋겟네요ㅎ,1
R02414,낮술 한잔 걸친듯한 감독의 만화책 같은 숨결 .,0
R02415,새롭긴 한데 ...,0
R02416,이거 메가박스 영화제에서 '자아의 불일치'로 개봉하지 않았었나요?재밌게 봤는데..ㅎ,1
R02417,제발 이런 쓰레기 저예산 영화 좀 만들지 말자.. 영화계 질 떨어진다..,0
R02418,흥미진진하다.,1
R02419,이건 뭐 ...ㅋㅋ...,0
R02420,별로.. 평점 높은건 바이럴 효과? -.- 로마는 로마자체로 매력적이지만 이 영화는 아니다.,0
R02421,바람둥이의 최후..그이상도..그이하도 아니다,0
R02422,정말 재미있어요 최고~,1
R02423,너무 재미있어 중독 됨,1
R02424,생각보다 재밌고 감독도 생각보다 어리다 ㅎㅎㅎ. 한국에도 세계적으로 유명한 애니메이션이 많이 나왔으면 좋겠다. 차기작도 기대!,1
R02425,나의 초등학교시절 본 영화. 마지막 엔딩..눈물 펑펑...슬퍼요.,1
R02426,"한정된 공간때문에 비행기를 선택했는데 1시간동안 뭘한건지.위급함.긴장감은 개뿔,신사다운 머피..후반은 나홀로집에를 연상시키는 결투씬.머저리같이 약한 머피.제이슨 본같은 레이첼 ㅋㅋ정말 후반부 개웃김",0
R02427,별점 줄라고 억지로 쓴다,0
R02428,오타쿠들이 보는 더러운 애니,0
R02429,너무 재밌다. ㅎㅎ볼만한 영화,1
R02430,이게웃기냐? 이딴영화가 웃긴영화 추천해주세요~ 하면 꼭 추천글에 올라온다는거 자체가 소름돋네 정말 쓰레기영화.,0
R02431,간만에 재밋게 봤네요,1
R02432,영원한 남자들의 로망 메텔,1
R02433,늦게봤지만 마지막에슬펐음 ...첨에웃을상황이아닌데..웃었지만나중가다보니. .슬프더라구요 인선이가자살할때근데반전이있었다닠ㅋㅋ,1
R02434,애는 좀 애답게 크면 안되겠니?,0
R02435,88분동안 딱 한번 깜짝놀랬다-_-,0
R02436,어렸을때 너무 좋아해서 비디오로 계속 봤던 영화. 다시 좋은 화질로 보고 싶네요 그 a whole new world 듀엣은 정말 환상적이었습니다.,1
R02437,"ㅎㅎ 솔직히 딸땜에 짜증나는분들도 있겠지만, 난 딸이 넘 예뻐서 상관없었는듯ㅋㅋㅋ스토리도 괜찬고 나쁘지않은스케일에 다소 액션은조금부족하나 괜찬은영화였던것같네요ㅎㅎ",1
R02438,여자는고작17%네...,1
R02439,누군가는 한번 정리했으면 했던 영화~ 지루하지 않게 정리햇으니 금상첨화~,1
R02440,진짜 의미있는 영화인것같다... 영화 선택을 참 잘했당!!!@^^@,1
R02441,훌륭해,1
R02442,"가위 바위 보.. 단순한듯한 게임인데,, 깊은 의미가 있었군요. 이영화의 마지막 다음이야기는 깨끗하고 순수한 두남녀가 서로의 정신적인 반쪽을 찾았을거라 전 굳게 상상하렵니다. 운철과 은희의 새로운 사랑의 출발~.",1
R02443,제발 누가 결말 설명좀 ;;,0
R02444,오지은이 예뻐서 한 개 주려다 두 개 준다.,0
R02445,"지금 보아도 전혀 유치하지 않은, 정말 최고의 영화 - 아 !!!!!!! 또 봐야지 ! ㅋ",1
R02446,정말잼있어요~~꼬맹이들이아주신나합니다^^,1
R02447,소재는 좋았으나 아들ㅅㅋ랑 딸년때문에 항암제가 절실했던 영화... 에단 호크는 무슨 죄냐 대체 ㅠㅠ,0
R02448,시작부터 눈물났었어요ㅠㅠ,1
R02449,10점이니까 내가 내려줌,0
R02450,...,1
R02451,한번보고 정말 매니아가 되버린ㅋㅋ아저씨 귀여워ㅋㅋ,1
R02452,복합 예술의 결정체. 이미지적 상징성의 정점을 찍다.,1
R02453,평점보고 봤는데 연기는 괜찮은데 연출 OOO기ㅡㅡ,0
R02454,돈이 아깝지 않은 재밌는 영화.,1
R02455,1점은 전부 초딩인가봄 초딩이라 이해도 못하고 지루하고....,1
R02456,"대학에서배우지못했던것, 가슴안의뜨거운열정을느꼈다.",1
R02457,왜 돌아왔니?,0
R02458,이거 재밌다고 하는 님들아... 이딴 허접한 드라마 보지마시고 더 지니어스라는 프로그램 시즌1부터 정주행하세요. 그거보다가 드라마보니까 개허접하네;; 카톡개발연기 보기 너무힘듬,0
R02459,"화려한 캐스팅에도 불구, 비중없는 최고의 까메오들뿐. 시저 알랭들롱이 가장 웃김",0
R02460,재미이따절라죄먀았따ㅁㅇ,1
R02461,기가막힌다 집중할수밖에없는영화네요,1
R02462,발찍한 상상이 공허한 코미디가 될때,0
R02463,몇년이 지났지만 아직도 기억에 남는 영화....,1
R02464,달콤한 초콜릿과 변화,1
R02465,3500원주고 다운받아본 내가 죄인이다. 쓸데없는 연예사가 내용의 절반 대단하다! 방범철책을 빠루같은 도구로 못빠져나오는 멍청함과. 폭죽으로 에일리언 잡겟다는 참신한 생각의 주인공들은 뇌가 어떻게 생겨먹은겨.,0
R02466,예쁜 척만 하지 말고 연기를 하세요. 머리넘기다 끝나.,0
R02467,보다 말았으욬,0
R02468,사실 우리가 필요한 건 진심어린 사랑이었음을 뒤늦게 깨달았을 때의 절망,1
R02469,액션을 원했다면 닥치고 보지마,0
R02470,"남자배우 제레미 아이언스 인줄알았음..노숙자가 단숨에 집도마련하고,미국이좆쿠나",1
R02471,굿 잡!,1
R02472,쓰레기임..,0
R02473,ㅋㅋ감독님강연정말재밌게들었어요 ㅋㅋㅋㅋ 남남북녀를 낭랑궁녀로 들었어요 ㅋㅋ,1
R02474,귀여운 애들 다 지들 소속사 데려갈라고 오디션하냐? 그럼 회사가서 오디션보지 ;; 왜 대한민국사람들이보는 앞에서 이렇게 하는거지 솔직히 노래아니고 얼굴이랑 나이로 뽑아놓고 가능성 타령만 하자나,0
R02475,우리네 삶은 어디에서 와서 어디로 갈까?라는 질문을 스스로에게 던져보게 만들어주는 작지만 소중한 영화! 그냥 현실에서 최선을 다하면 그게 바로 행복일듯!,1
R02476,천상에서 만난 예쁜 그림동화^^,1
R02477,애도 어른도 무럭무럭 자라나는 성장드라마,1
R02478,각본도 더이상 엉터리일수가 없네 원. 포르노인줄 모르고 벗은 여배우 불쌍함.,0
R02479,출발비디오여행에 코멘트리로 나온걸 봤는데 이 영화 감독 그릇이 별로인거같다. 의상이 10억이 넘는다는 얘기중에 감독왈. 장인들 시켜서 만들었다. 이 말만 들어도 인간이 제대로 된 사람 같지않더라. 장인을 시켜서라니? 말에 건방짐이 철철 넘치더만,0
R02480,아이들이 너무 재미있었다네요,1
R02481,2010년 고마웠다 국산 좀비!!,1
R02482,아~~~ 졸려 죽는 줄 알았음...... 사실 별점도 주기심음,0
R02483,진짜짱재밌고성우도재치있고목소리도좋은것같다.애들이보기에도좋고어른들이봐도지루하지는않을꺼같음.근데사람마다다르니어쩔수없음.이건태민과써니가연기했다는생각도안나게몰입하게만들었는것같음ㄷㄷ하여튼진짜재밌음,1
R02484,"[아카데미]1984년56회 작품,여우주연,남우조연,감독,각색 5개부문수상작.여우주연은셜리맥클라인(웨렌비티누나로아카데미수상)과데브라윙거가같이올랐었다.한여성의일대기로엄마와딸그리고주변인들.필자가본영화중5위안에듬.바다속에숨은진주를이제서야찾은느낌이었음.적극추천",1
R02485,내평점너무나 훌룡한류의 영화는 아닙니다.하지만 많은 사람들이 믿고 있는 운명이라는 감정.나의 사랑이 과연 운명일까?부터 시작해서.흔들리는 감정선을 생각해보며 여러가지 질문과 답을 해볼 수 있는 영화였습니다.이정도면 훌륭하지 않나요?,1
R02486,예쁜언니는놔두고강간한걸믿지못하는경찰...여자감독의센스,1
R02487,발가락 네개만도 못한 졸작. 삼류영화.,0
R02488,몇 번을 봐도 예쁜 영화.,1
R02489,스롱스롱 옹슬옹슬임스롱,1
R02490,좋은 영화였다. 독특한 구성으로 되어있어서 더 흥미로웠던 영화,1
R02491,차승원 없는 화정은 쓰레기드라마 인조나오는 드라마는 쓰레기,0
R02492,최악. 개그맨의 지능수준을 알수있는 영화,0
R02493,가면갈수록 내용이 개판이다. 많은걸 집어넣으려다망함,0
R02494,해리슨포드의 새로운 연기가 돋보임. 웃음이 절로나오는 코메디영화~~^^*,1
R02495,여기나오는학교가 우리학교를 배경으로햇기때문에 10점 ㅋㅋㅋㅋㅋㅋ,1
R02496,이런걸 방송이라고 내보내나? 뭐냐 MC들이 게스트 눈치나 보고있고 소녀시대 뭐 우리나라 부동의 걸그룹 1위 부정하는건 아니지만 이런식으로 방송할거면 예능그만나오고 노래나 하세요... 자기들 할말만 하고가면 그만인가요? 도대체 왜 나온건지...,0
R02497,최고의 드라마!! 차승원 독고진 너무 멋있다. 극뽁~ 충전!!,1
R02498,이 영화로 그동안의 좌절과 상처가 많이 힐링 되었다.낼부터 불평과 후회는 줄일 수 있을거같다,1
R02499,너무 기대를 했나..외계인은 털끝한개도 안보이는 외계인 영화..별로 무섭지도 공포스럽지도 않고..,0
R02500,약간은 오글거렸지만 그래도 풋풋한 사랑이야기가 정말 좋았다,1
R02501,이런 쓰레기가 ...,0
R02502,코미디는 영화는 웃기면 장땡! 어설픈 풍자는 그만,0
R02503,자신을 제물로 바쳐 창작하는 사람들의 이야기는 언제나 감동스럽다,1
R02504,별점한개도 아깝다..ㅠ..디즈니나 픽사급을 생각한다면 절대 비추.. 스토리는 디즈니카의 어디쯤이고..연출..음악..은 우리나라 티비판 애니만도 못하다...더빙하신 성우분들께 경의를 표함..처음시작할때 스폰광고가 한개도없을때알아봤어야했는데..ㅠ,0
R02505,원작을 죽이지 않고 잘 표현함...,1
R02506,진짜 돌이날라오는데 안부서지고 사람맞으면 벽에 박히면서 사람이 사라짐아니 2012를 잇는다 해서 봤는데 내가아는 2012가 아닌가 싶었네 2014?! 말도안되 1999년도껀줄,0
R02507,그냥 볼만함 7점정도?? 스콧 앳킨스가 좋아서 10점,1
R02508,재미도 없고.. 이게 뭔가요? 왜 만든 영화일까?,0
R02509,17살 때 너무 감동적으로 본 영화. 영화음악도 너무 좋습니다.,1
R02510,진짜 잼없어요..이제 그만하시는게 어떨지요?,0
R02511,박진영 대사톤 진짜 못들어주겠네. 면상이랑. 눈갱좀하지마라 제발 어휴..ㅉㅉ,0
R02512,평점1점짜리 개알바들은 좀 가라!~,1
R02513,재밌닿ㅎㅎ,1
R02514,이것도 영화냐? 장난하냐?,0
R02515,이런 걸 왜 만들고..수입한 건지,0
R02516,"도그마 영화 , 모던하고 세련된 영화 속 순수한 감성",1
R02517,아름답다는 말이 딱 어울리는 영화,1
R02518,2뭐하로 만들었니?ㅋ,0
R02519,이 영화는 이런 취급받을 영화가 아님. 내 인생 영화...하. 진짜 이영화보고 김옥빈 사진도 안봄. 영화속의 캐릭터에게 받은 인상 깨질까봐,1
R02520,내... 내돈.... 내돈 물어내! 이영화 보려고 쓴 내돈!,0
R02521,김래원식 멍때리는 연기너무좋다,1
R02522,"어머니의 사랑이 가습깊숙히 스며들었어요.,,너무 슬프네요...",1
R02523,아.. 박한별은 진짜 이쁩니다만.. 80년대 강시 영화 보는줄 알았음.,0
R02524,"예전의 모습으로 돌아오지 못한 스나입스,,기대를 저버린 영화",0
R02525,야동 보는 게 더 낫다... 우뢰매가 훨씬 더 예술영화임,0
R02526,영화의 메세지도 좋았고 날것느낌의 두신인배우도 참 좋았어요,1
R02527,모든 면에서 실망스럽지만 피오나의 애절한 콘서트 장면만 기억에 남을 만하다.,0
R02528,"진심성이란 건 기대하지 말라, 시각적인 황홀경이나 즐겨라!",0
R02529,"종북감독이라며 檢, 종북 인터넷 카페 운영 심승보 영화감독 수사",0
R02530,스토리가 좋은 1편이라면 화려해진 2편이네,1
R02531,인류에게 그 무거운 영화를 내보인 그들이 써비스로 주는 제대로 즐거운 영화,1
R02532,예전에 보고 다시 봤는데 역시 최고,1
R02533,보고있어도 보고싶은 꽃보다할배!!^^♥♥개성있는할배들..근육있는 귀염 서지니..천재 나영석..넘 넘 좋아용..보고있어도 보고싶은 꽃보다할배..쵝오!쵝오!,1
R02534,여운이남는영화...너무슬프다 ...단순한에로영화랑은 차원이다른영화,1
R02535,성의가 있으나 엉성하다.,0
R02536,미녀나 영화나 주름살만 는 건 매한가지.,0
R02537,망설임 없는 괴팍한 판타지.,0
R02538,김재원 너무좋아..ㅋㅋ,1
R02539,절망과 슬픔 속에서도 자신을 챙겨야만하는 삶의 잔인함을 거부한 비참함에 대하여,1
R02540,풋볼이 뭔지는 모르겠지만 영화는 감동적이라는거,1
R02541,내가본영화중 제일 별로,0
R02542,"마지막 결말에 정말 말들 많았었지,,그 비명소리는 대체 누굴까?",1
R02543,전작보다 더 치밀해진 액션과 코믹요소들. 흥미진진한 스토리,1
R02544,이런 영화가 앞으로 많이 나왔으면 좋겠다. 나쁜짓 많이 한 사람들은 좀 찔렸으면 좋겠다. 좀 더 정의가 있는 대한민국이 되기를 바라며!!,1
R02545,cg수준이 정말... 로켓점프가 너 나을듯 김중훈? 김종훈? 연기 개못햌ㅋㅋㅋㅋ 주연배우들은 소리만 질러대고... 깨워맟추기식 억지 감동 오집니다,0
R02546,3편도 기대합니다~~ㅋ,1
R02547,야기분조타!,1
R02548,팩트같다.........전두환개OO,1
R02549,보는내내 가정을버리고 이기적이고 역겨운 마치 한국의 된장녀를 보는듯함ㅋㅋㅋㅋㅋ,0
R02550,굿bbbb역시빅뱅이야,1
R02551,깜둥이 찬양 영화 ㅉㅉㅉ...,0
R02552,"한줄평 ,댓글 이런걸 졸귀라 안남기는데 시간날린게 아까워서볼 가치가 없다 ㅡㅡ",0
R02553,이 게 어떻게 15셉니까? ㅡ ㅡ,0
R02554,영화를무서움으로만?! 말도안되죠 그리고 소름끼치던데 짱재밌음 스토리가 정말 굿~,1
R02555,뭔가 부족하다... 잘만들긴 했지만.. 코엘료의 깊이를 다 담아내기엔 역부족인듯한...,1
R02556,나는 좋던데,1
R02557,이런건 쓰레기 영화에 불과해!,0
R02558,닥터후는 우주에서 가장 재밌는 시리즈이다. 특히나 테닥&로즈 커플인 시즌2는 가장 재미있고 흥미도는 폭발한다. 가장 슬픈 에피가 많았던것도 시즌2였던 듯.,1
R02559,좋으다,1
R02560,재밌음 ㅋㅋㅋㅋ 근대마지막은 아직도 뭔소린지모르겠음,1
R02561,랄랄라 랄랄라 라~라라~ 노래만으로도 흥겹다.,1
R02562,인기투표로 하는것 같은데???,0
R02563,관람 후 너무나 오랫동안 기억나는 대표적인 스릴러,1
R02564,진짜 눈물콧물 다흘리면서 봤던영화...언제봐도 너무슬프고 인상깊어요,1
R02565,어찌 이런 막장 가족이 있을까. 헛웃음까지 나왔던 영화지만 등장인물의 숨막히는 내면까지 전해주고팠던 감독의 놀라운 배려심.,1
R02566,"보기 전, 뻔한 얘기에 평점이 왜 이리 높은가 생각했다. 보고 나서, . . .",1
R02567,와 대박임,1
R02568,보고싶은 영화 ㅠㅠ ... 한국에도 빨리 개봉되었으면 좋겠네요~~,1
R02569,최고다진짜 꼭 보세요.,1
R02570,귀여운 악동들의 유쾌한 이야기. 또 보고 잡구먼 ㅋㅋ,1
R02571,이게 뭐가 재밌는건지;;; 썩소도 안나오네;;; 연출도 병맛이고 재밌기라도 하던지;;,0
R02572,엄청난 대작.사람들에게 꼭 이 영화를 권해주고 싶다.,1
R02573,여자들의 액션. 내용을 글쎄. 송승헌은 뭥미.,0
R02574,tv에 할때마다 지나칠수없는 영화... GOOD !!!,1
R02575,평점1도 아까운데 그 이하가 없네요. 이때까지 시즌중에서 가장 형편이 없네요. 할말이 없음...,0
R02576,그래도 재미있으면 용서되는 법인데 해도 너무하다.,0
R02577,코믹하긴하지만 과연 이럴수 있을지....,0
R02578,짧아서 아쉬웠지만ㅠ,1
R02579,"[ 스토리 3, 비주얼 3, 연출 3, 연기 4 ] 혈액형에 대한 오해와 편견.",0
R02580,별로임 이종석 박신혜 캐미 별로임 이유비가남,0
R02581,전두환이가 독재정권으로 국민들 탄압하고 무고한 광주시민들을 살해하도록 지시한건 자알 알겠는데 영화가 너무 재미없어.. 글구 강풀 이 양반 전라도 사람인게벼.. 무조건 민주당 편이네.. 지역감정 조장하지맙시다 작가양반. 당신도 공인이요.,0
R02582,진짜 혁명가가 되고싶었던 남자 진짜 기자가되고싶었던 남자 ...가짜 혁명가를 믿어버린 기자..예전의 젊은 열망을 잃어버린 기자의 눈물,1
R02583,식객 만화도 잼던데 ㅎㅎ...영화도 굿좝이네,1
R02584,"뭔 한국사는 줫도 모르면서 유럽 역사 좀 안다고 여기서 깝치는 애들은 뭐지? 한반도는 오랜 외침을 겪으면서 도난 당한 유물만 수십만점인데 한반도 외침의 역사는 알고 설치는 건가, 글고 영화 줫도 재미없더만",0
R02585,평 좋아서 기대하고 봤는데 완전 실망했어요... 물론 짱구만화니까 유치하겠는데 이건 유치해도 너무 유치하잖아!!! 말이 안 되는것도 너무 많고 여러모로 실망한 영화.,0
R02586,와우 최고!,1
R02587,입가에 미소가 돌게하는 영화조연들 연기도 훌륭합니다,1
R02588,클럽회춘녀 보고나서... 이건 좀 조작 심하다고 생각드네요. 그렇게 소재가 없나요? 솔직해집시다. 진짜!!!!,0
R02589,"재미없어요 지루해요,,,,",0
R02590,"물 흐르 듯, 바람에 나뭇가지 흔들리 듯, 자연스런 영화. 서로 사랑하는 게 뻔히 보이는데 표현하지 못하고 빙빙 맴도는 모습은 이 영화의 또다른 묘미가 아닐까. 멈춰선 사랑이 다시 뛴다",1
R02591,범상치 않은 대사 하나하나가 눈물샘을 자극한다! 잠이 쏟아진다고!,0
R02592,보고나서가 더욱 생각나고 나를 돌아보게 하는 그런 영화..제대로다,1
R02593,이걸 이제 보다니.ㅋㅋ,1
R02594,신선하고 멋진 이탈리아 영화~!!,1
R02595,세상 어디에도 없는 고품격 로맨스.,0
R02596,나오지 말았어야할 시리즈,0
R02597,솔직히 엄청 재밌지 않나?,1
R02598,그 누구도 성룡을 대신 할 수 없다!,1
R02599,굿굿굿굿굯굿굿굿귯귯,1
R02600,조카들이 너무 좋아하던걸요~^^,1
R02601,멋지다 나선형 계단 액션도 최고,1
R02602,이건 좀 아니란 생각이든다,0
R02603,소재도 신선하고 너무 재밌어서 계속 보고 또 보게 되네요~!!응남♥♥,1
R02604,마지막에 장국영과 오천련이 재회하는 신은 완전감동...ㅠㅠ,1
R02605,다른 세대에 태어났지만 보는내내 가슴 뛰며 열광했던 영화.조승우 신민아 최고!,1
R02606,무심하게 흘러가는 듯하지만 각각 모든 작용을 하고 있는 시퀀스들,1
R02607,에델 바이스~에델 바이스~이 멜로디가 머리에서 떠나질 않는다ㅠㅠ,1
R02608,우와 지루해서 죽는 줄알음ㅋㅋㄲ 포스터만보고 재밋는줄ㅇ알았는데ㅡㅡ 마지막에 남자끼리!!! 그거보고 개뿜ㅋㅋ,0
R02609,안볼걸그랬어...,0
R02610,"일본에니만큼 멋진 한국작품이었음!!!정말 감적이었다,,,",1
R02611,긴장감은 실종된 채 겉돌기만 하는 액션,0
R02612,뒤로 갈수록 너무 지루하다 그리고 일본기업 띄어주네,0
R02613,티비방영했을 때도 보았었는데 스크린에서 재편집되어 펭이와 솜이가 출연하는 내용으로 보니까 더 좋았습니다. 보는내내 더위가 싹 사라졌습니다. 펭귄 너무너무 귀여워요,1
R02614,그의 용기에 찬사를 보낸다. 멋지다,1
R02615,스토리도 좋고 잘만들었는데 아까운 영화....OST가 대중적이면서 강했어도 겨울왕국처럼 성공했을텐데,1
R02616,스토리가 뻔하면 연출이라도 특출나야되는데 이건뭐...,0
R02617,그럭저럭 볼만한 장면들. 그런데 좀 늘어짐,0
R02618,짜릿한 몰입감,1
R02619,처음 두작품 발연기..손발이 오그작-_-; 셋째 에피소드 매우 괜찮음 ㅎㅎㅎ,1
R02620,첫장면은전혀연관성도없고..그냥연쇄강도의소행이란것뿐강도들도너무어설프고엄마나딸이나시끄러죽겠다그나마 흥미로웠던건 복면을벗고남편인척했을때 그장면하나.개인적으로 킬링타임용도아니라는생각,0
R02621,최고의 잠수함영화~,1
R02622,이 영화 한국 극장에서 개봉했을때는 망한 케이스 였음..,0
R02623,영화관에서 봤는데 재미있었어요.ㅎㅎ저도 트랜스포머 완전 좋아합니다.다음에도 재미있게 만들어주세요.^^,1
R02624,내가3윈가? 별루 인듯.,0
R02625,김근태 전 장관님 수기 보면 고문 받을때 칠성판에 묶여서 하두 몸부림쳐 발목에 흉터가 생겨서 생긴 딱지를 재판 구금 중에 증거로 쓸려고 몰래 가지고 있었는데 간수들이 와서 뺏어갔다는거 보고 저 시대는 정말 말도 안되는 시대였구나라는 것을 알게 되었음,1
R02626,초반 구성에 비해 갈수록 막 나가는게 만들기 싫었나하는 생각까지 들 정도..전개가 많이 아쉬움..,0
R02627,여친이랑 이 영화 봤다가 존나 욕먹었다,0
R02628,"지금 다시 봐도 그럴진 모르겠지만, 당시에는 상당히 감동적이고 교훈적이 었음.",1
R02629,고아라 사랑해요,1
R02630,처음엔너무짧아당황했고 조금만더길었으면했지만 그대로도 좋은영화,1
R02631,'개같은' 사랑의 옴니버스,0
R02632,마음이 힐링되는 오랜만에 애니다운감성힐링애니,1
R02633,이 영화를 싫어한다고 수준이 낮은 것은 아님.,0
R02634,재미없음....짜증남....,0
R02635,진짜.! 너무심한막장이에여..,0
R02636,지루함반... 하품반...,0
R02637,뭔 막장 영화? 근본이 없음,0
R02638,걍 꿀 잼 인 듯! 물론 개인적으로 -_-;;;,1
R02639,너무 잘생긴 연걸님을 볼 수 있음ㅠㅠ♥ 제작사가 망하지만 않았어도 2탄이 나왔을텐데???아쉬우면서도 재미있는 영화!!,1
R02640,그렇구나. 이제야 알았다.,1
R02641,ebs에서 오늘 방영해주었는데 정말 재미있습니다.,1
R02642,당시에는 트랜드였던 작품. 이미연이 엄청 이뻤던 기억이 남,0
R02643,허니잼ㅋㅎㅋㅎ겁나매력터진당,1
R02644,윤하빠돌이입니다.,1
R02645,재미도 감동도 무엇하나없는,0
R02646,아니씨발 존나 보면서 씨발그냥씨발,0
R02647,그 전엔 주식에 관심이 없어 경제범죄가 저렇구나...정도로 봤는데 주식을 알고 보니 이만한 영화가 없네. 보면서 억지설정이나 불편한 부분도 없었고...감독이 또 다른 작품도 만들면 어떨지 기대되던데...정말 재밌기도 했고 가치도 있는 영화였음.,1
R02648,동생 애 아빠가 오빠라는데..진실,0
R02649,질렌할 연기지렸음 첼린져srt 배기음도 지림,1
R02650,보는 내내 순수한 느낌이 너무 좋은 영화,1
R02651,"무서웠던건 사실이지만, 지나치게 클리셰 남발과 후반부의 질질끌기 짜증남.",0
R02652,다른 공간에서 살아오던 그들이 같은 공간에서 서로를 바라봤을 때.,1
R02653,"밋밋한 전개와 싱거운 스토리. 진부하고 뻔한/ 식상한 스타일. 거기서 발견 할 만한 것은, 데미무어가 입은 괜찮은 사파리? 고개들면 데이무어는 약간 캐서린 제타존스가 생각났고 악녀는 페리스 힐튼과 흡사, 남자 주인공은 아주 약간 올랜드 블룸",0
R02654,최고임 그냥 최고일 뿐임,1
R02655,공포영화 맞니?,0
R02656,세얼간이 보다 멍청하기는 하지만 재미는 별로...,0
R02657,시즌1 파격 시즌2 평타 시즌3 지루.. 하락세 근데 시즌4 부터 대박 지금은 절정,1
R02658,눈을 뗄 수 없다. 예술이란 삽으로 강렬하게 파낸 내면의 탐구.,1
R02659,"그냥 재ㅣ-""밌음 안본사람 꼭보셈",1
R02660,필름만 돌린다고 다 영화가 되는건아니지.근래 최악의영화.,0
R02661,핀란드판 바그다드 카페... 덤덤하고 담백하지만 울림의 폭은 묵직하다.,1
R02662,비디오용 영화인줄 알았을 만큼 어이없는,0
R02663,이렌느야곱은 너무나 매력적이다..,1
R02664,개인적으로 조앗움 연출도 그렇게 까지 나쁘진안았다고 생각한다,1
R02665,김세윤 최강희 이동진 이화정 << 무슨 영화 얼마나 존문가랍시고 지들멋대로 평점쳐날리네 한국영화에는 돈쳐받고 10점날리고 돈쳐받고 외화에 평점테러하는년들 쓰레기년들 자살추천한다 내가 니들보다 영화더알아 쓰레기년들 이런명화에 저따위개소리를 입에재갈물린다,1
R02666,난 이때까지 내가 지구에서 가장 멋있는 남자라 생각해왔지만 맷데이먼이 조금 더 멋있다.,1
R02667,1점!,0
R02668,흥행이왜... 이런 영화를 제가 군대에있어서 못봤었군여.. 여러분들 좀 영화관가서 이것좀 보시지들..,1
R02669,오랜만에 보는 멋진 일본 영화로군요. 배우들의 연기 좋았습니다.,1
R02670,지구의 종말 이라는 컨셉으로 이야기를 만들어주었는데 보는내내 긴장감에 휩싸였었고 더불어 실제로 이런일이 생긴다면 우린 어떻게 해야할까 생각이 들었던 영화였다.,1
R02671,<클래식>에서 재활용된 장면. 영화 전체적으론 별로..,0
R02672,이거슨 현실이 아니고 주인공의 꿈에서나 볼법한 마법이였다. 평이 전체적으로 좋아서 잔뜩 기대했지만 솔직히 실망스럽다,0
R02673,"조잡한 스토리가 김윤진, 박해일의 뛰어난 연기력을 강간했다.",0
R02674,1978년의 작품이라는 것이 놀라운 따름!!!!,1
R02675,놀래키는건 공포가아니라 놀리는거다. 그러다 영화 끝났다 영화가 끝나고나면 진정한 공포가 밀려온다..,0
R02676,샤룩칸의 연기는 최고. 그 능글능글한 연기에 푹 빠졌다,1
R02677,강추!! 재밌습니당,1
R02678,초딩때 진짜 맨날봤던 꿀잼영화ㅋㅋㅋ신기한 무기랑 음식 나와서 좋았음,1
R02679,짐 캐리 영화는 전부 재미있고 볼만함,1
R02680,실망 그자체 소설에서 황계의 활약이나 제갈량과 주유의 싸움은 비중이 적고,0
R02681,완벽 그 자체 지브리 만만세,1
R02682,그리도 유명하다던 원작을 망친 원작자...,0
R02683,"2014년 7월 22일 현재 한국에서 의료민영화가 개정될려고 한다.과연 1년뒤,, 그리고 1년뒤,,, 그리고 1년뒤,,,우리나라의 현실이 1년단위로 어떻게 바뀔지 걱정이 된다.",1
R02684,시즌1 평점10 시즌2 평점8 시즌3 평점6 시즌4 보는중,1
R02685,견자단의형사액션영화볼만하네요,1
R02686,엄마가 아침마다 보는데 아주 짜증나 죽겠다 이거 언제끝남??,0
R02687,39화까지 볼만했는데 프리덤 등장후 그냥 스토리 병맛.데스티니가 가관이지만.,0
R02688,음... 10점이 과연 나올수 있었나? 아이러니~ ㅡ.ㅡ;,0
R02689,평범한 디즈니 영화인줄 알았지만 마지막에 짱이였음.. 여운남는다 최고!!!,1
R02690,"역시 일본식 발상, 호기심보단 역겨움이 밀려온다",0
R02691,모가 재밌냐 ㅡㅡ 존내재미없음 ㅡㅡ,0
R02692,보는내내 가슴이 따뜻해져 내가 너무나 사랑하는 영화가 되었다.,1
R02693,하나티비에서 공짜로 봤어요..... 왜 공짠지 보시면 알아요. 이 영화의 가치가 공짜,0
R02694,연가시라는 생물 자세히알고십어서 본영화임재미는노답 아직도 아는사람중에 사마귀랑연가시관련된예기해주면 뻥이라고하는인간있음 무식한인간,0
R02695,와 정말 재밌었음 ㅎㅎ,1
R02696,"둘 중 하나는 자명하다. 내가 영화를 이해하기엔 너무나도 부족한 식견을 가졌거나, 혹은 영화의 구성부터 전개 스토리 모든 것이 엉망이거나. 제목에 너무 혹했던 걸까. 제목과는 전혀 상관없는 전개에 시간만 아까울 따름.",0
R02697,재밋었어요 ^^ 악플다는 사람들 지가 영화만들어봐 해피에로크리스마스겠지,1
R02698,솔직히 좀 ㅄ 영화...; 하얀노파는 약간무섭기만 하고.. 검은소녀는 그래도 볼만하고.,0
R02699,영화사에 있어서 명화로 기록되는 영화라고 생각.,1
R02700,다 이야기하기에는 입아프고... 서우 연기.. 와우 그 일관성있는 연기란.. 짱임니댜! 푸른거탑의 연기자들은 경력도 얼마안되지만 살아있는 연기를 보이는데.. 왠지 거울보고 눈싸움해도 이길듯하네요 일관성있는연기 멋지지 말입니댜!!,0
R02701,스크림 표정 대박 ㅋㅋㅋㅋㅋㅋㅋㅋㅋ,1
R02702,짱짱맨 재밌어용~~ 휘휘휙귀~~,1
R02703,진짜 흡입력 좋아요ㅎㅎㅎ,1
R02704,잼있땅!! 이거 시크릿가든 배낀거 아님!! 2003년에 만든거임!!,1
R02705,또 보니까 재미있어~,1
R02706,제목처럼 용의 눈물이였다. 내 남은 생 또다시 이런 사극을 만나볼 수 있을까!,1
R02707,일단 정트리오의 브랜드적 가치가 영화를 색안경을 쓰고 보게 만든다. 앞으로 영원히 저 셋이 모여서 영화를 만드는 일이 없었으면 좋겠다.,0
R02708,보는내내 입가에 미소가 샤방샤방했던 영화.,1
R02709,최고중의최고중의최고다,1
R02710,시나리오잘지었고 진지희연기 어린거치고잘했고 안내상씨 진짜잘하는데...이걸 헬로우고스트찍은 감독이 만들었으면 헬고정도될거같은데 진짜 너무아쉽네요. 스토리구성이 정말 빠져들래야들수가 없게 구성해놨어요ㅠㅡ 진짜 설정그런건다좋았는데...하...리메이크좀ㅠㅠ,0
R02711,"""나라면"" 이라는 생각이 자꾸 드는 영화",1
R02712,중반부터 봤지만 남자의 눈물을 흘리게 한 영화,1
R02713,67년도 영화라는걸 감안하고 보는중이긴한데.. 도저히 스토리가.. 이해가 되질 않음..,0
R02714,재미없는 영화.특히 소지로는 최악.,0
R02715,예전에 개봉할 때 보고 잊지 못하다가 며칠 전 다시 봤는데... 다가오는 느낌은 다르지만 감정은 여전하다.,1
R02716,그냥 살지 그랬어.. 이성재만 멋짐,0
R02717,그냥 다 별로,0
R02718,전형적인 b급영화,0
R02719,단연 최고의 드라마였다. 오랜시간이 지난 지금도 잊을수 없다.,1
R02720,충만한 소녀적 감성에 보는 내내 미소가... 행복합니다!,1
R02721,최고.............!!!!!!!!!!!!!!!!!!!!!!!!!!!!!!,1
R02722,앞뒤 분간 못하고 원초적 본능에 집착해야만 솔직한 성인가?,0
R02723,ㅋㅋㅋㅋㅋㅋㅋㅋㅋㅋㅋㅋㅋㅋㅋㅋㅋㅋㅋㅋㅋㅋㅋㅋㅋㅋㅋㅋㅋㅋㅋㅋㅋㅋㅋ,0
R02724,용형오권(용호사학표)입니다! 영화는 좀 글치만 액션신은 최고!,1
R02725,최악의 지루한 영화. 보는 내내 짜증 ㅠㅠ 사람들 수준하곤.... 이게 7점?,0
R02726,대박재밌습니다ㅋㅋ 짱,1
R02727,어설픈 실화바탕으로 각색으로 쉰들러리스트 모방했으나 실패한 영화,0
R02728,이 드라마를 보고 임의신이라는 배우에게 빠져버렸다..,1
R02729,진짜 재미없었음... 내용도 어설프고 스토리 전개도 어설프고 천만 넘은데 이해가 안감.. 개인적으로 최동훈감독 작품 진짜 불호 전우치부터 타짜까지 다 불호임,0
R02730,영상도 아름답고 고전 재해석도 아름답고 신선한영환데 전체 관람가라 아이들이 많아 정신사나웠던 것이 단점이라면 단점,1
R02731,뭘 보여줘야지 놀라지 자꾸 카메라 지지직거리고 흔들거리고해서 인상찌푸리다가 미간에 주름살만 생겼네,0
R02732,질질짤때 정말 못들어주겠더라구 도저히 참을수가 없어 그냥 갈비나 뜯으로가지...,0
R02733,3류 영화 베드신 하나 믿고 봤는데 캐실망~,0
R02734,시종일관 침울한 분위기 일색인 영화가 기어이 사람을 잡고 만다,0
R02735,레오네도 박수칠 격조 높은 서부극.,1
R02736,재밌는데...남자주인공도 매력적이고..결말이 좋았음...,1
R02737,"ㅉㅉ 원작 "" 링"" 을 아주 처참하게 파괴해놓은 개같은영화. 제목만 사다코지, 원작과 정작 중요한 핵심연결고리는 하나도 찾아볼수없음. 좀비영화인지 뭔지. ㅉㅉ",0
R02738,10점이길래 봤는데 두명이 10점 준거였네 개인 취향이지만 그닥,0
R02739,집에와서 생각해보면 섬짓한 느낌이 드는 영화... 나름 재미있었습니다..,1
R02740,스토커 듣다가 궁금해서 봄 ㅋㅎ,1
R02741,특강커플은우리에게설레임과감동을준사람~~이런커플은보면볼수록예쁜커플~~~,1
R02742,역겨운 영화.,0
R02743,역대 평점 1위 영화급은 아니지만...재밌긴 함..,1
R02744,간만에 속이 뻥~~뚤리게 통쾌했어요..오늘 맡은 배역들과 배우들의 연기가 너무나 잘맞는거 같아요..완전몰입..나도 저런 형님 계심 진짜 좋겠다...ㅋㅋ,1
R02745,한효주님 나오시넹 그건 그렇고 왜이리 스토리가 빈약함,0
R02746,이성재는 왜 이런 영화에 ...,0
R02747,"1편보다 2편이 더 좋았음. 그렇다고 1편이 별로였던 건 아니고. When somebody love me, everything was beautiful~",1
R02748,열파참 시절엔 상상도 못했던 대역 ㅋ,0
R02749,아... 이래서 인기가 있었구나 이제 보았다 잘 짜여진 각본과 연기 한 가지 흠이라면 카메라 너무 흔들어 정신이 어지럽다,1
R02750,전형적인 선동영화..,0
R02751,평점 높게주고 리뷰 단 인간들 참 영화 단순하게보네 ㅋㅋㅋ 아니 그래서 이 영화가 남겨준 의미가 도대체 뭔지 한번 물어나보자 ㅋㅋ 난 범인들 소개 시켜주는거 그 이상은 모르겟다,0
R02752,헐리웃영화 따라한건가 ㅋㅋ,0
R02753,"너무나도 아름다운 영화,,, 음악가들은 왜이렇게 멋지게 나오는건지..",1
R02754,참신한 소재를 진부한 전개로~무리데스 !!! 무리데스 !!!!,0
R02755,정말 재밌고 감동적이었던 눈물도 많이흘리게 해주었던 명품사극.,1
R02756,액션영화에 동양철학의 뜻이 담겨있네요...꼭 보시기를....영화를 좋아하는 대학생이지만 ..최근 정말 재미있게 본 영화였습니다.,1
R02757,좋다..ㅠㅠ그냥 좋다..음악 영상 스토리 이딴말하지 말고 그냥 좋다 해라..ㅠㅠ어디서 똑똑한척이야 그냥 드림웍스만의 매력이 좋다하는게 맞는거지.ㅠㅠ 너무 좋아서 눈물이 난다 ㅠㅠ,1
R02758,처음으로 독립영화를 좋아하게 만든 영화. 재밌게 봤습니다,1
R02759,인간이 넘 많아서 그래..문제는,1
R02760,재미있네여,1
R02761,알고 있었지만 한국아줌마들 무섭다 근데 여기선 어설프다,0
R02762,슬픈 영화인데 슬프진 않아. 감정이입 실패.,0
R02763,나같이 보잘것 없는 사람에게 있어 인생은 그냥 지옥일뿐이다.. 지옥을 빠져나가고 싶어 사랑을 해보고 싶어도 나같은 솔로에겐 허황된 꿈인걸 알고있다..,1
R02764,너무 평범하다. 지루함...,0
R02765,"스토리는 물론 몰입감 액션, 첩보영화의 긴장감 그리고 배경음, 연기 정말 최고 멋있다. 와이어씬 열차씬 모두 최고",1
R02766,"킥애스 1을 아직 안 봤는데, 1을 꼭 봐야겠어.",0
R02767,짱짱 좋아용 잼나용~~,1
R02768,총알은 신념을 뚫을 수없다,1
R02769,"외모 지상주의에 대한 통렬한 비판이나 풍자를 기대했는데, 어설프다 너무 어설퍼",0
R02770,오랜만에 기억에 남는 한국영화 한 편 본듯하다,1
R02771,음..에이리언 후편?,1
R02772,재밌다. 영웅본색 만큼은 아니지만...생각 보다 재밌었던 영화.,1
R02773,알바를 얼마나 쓴겨진짜...평점 매길 가치도 없는영화,0
R02774,"아무리 그래도 봉태규가 카사노바캐릭터는 아니잖아,, 감독 미쳤음?",0
R02775,월하가 안심으로 ㅠㅠ 3류도아니고 맺어줄꺼면 양백이랑,0
R02776,무한한 사랑에 다이돌핀이 ~~,1
R02777,브라이언 드팔마의 무서운 영화! - 1,1
R02778,무슨소리인지 모르겠다 -_- 주연배우들.. 여기 왜 나왔을까..,0
R02779,"많은 분들이 영화 결말이 뭐라고 하는지 모르시던데, 결국 유지가 그 딸이고 그딸은 성전환을통해 유지가되어 엄마에게 복수를 하는거죠.. 극중 대사중 ""이거 선생님의 자서전입니까?""이 대사는 엄마에게 그 일을 상기시켜주려고 한 대사이기도하고요",1
R02780,노력하지 않은 열정은 아무쓸데 없는 것이라는것을 보여준다,0
R02781,이건 좀 아니잖아...,0
R02782,존재는 본질을 앞선다.나를 가장 나답게 만들어주는 사랑.,1
R02783,연기력 만큼은 최고라 할 정도의 배우들이 만남,1
R02784,심리 묘사도 분위기도 연기도 모두 좋았다.,1
R02785,이런 영화 만들수는 있다. 그런데 실화라는 말좀 붙이지마라.,0
R02786,우아함과 품위라는 막연한 단어가 한 인간으로 실사화 됨.,1
R02787,한 여자의 성공 일대기..,1
R02788,장만옥. 이 따위에 출연하다니... 에궁.,0
R02789,이야길 억지로 짜맞춘듯..설득력이 없다 그래도 소잰참신함 8점 초는되야될듯,1
R02790,우리 아이 6년 평생 본 영화중에 최고로 재미없고 지루한 영화.극장에서 나오는 길에 주변에 아이 엄마들에게 절대로 보지말라고 문자까지 돌렸어요,0
R02791,이거 요즘에도 자주 여러번 보는데 질리지가 않아.,1
R02792,천정명 소눈알ㅋ♡♡♡ 저렇게잘생긴사람 처음봄 ㅠ♥♥♥♥,1
R02793,"웃기는건 알겠는데, 웃음은 나오질 않는다.",0
R02794,전반적으로 아쉬웠지만 러시아로 떠날때 차타면서 회상하는 씬은 좋았음,1
R02795,파이트클럽짭,0
R02796,별한개도 아깝;; 영채신 캐스팅미스... 장국영이 정말 연기를 잘했구나 싶음,0
R02797,너무 지루해서 졸면서 영화 봤다.,0
R02798,대체 어디서개봉한거니 너는???,1
R02799,"이연걸정무문 아류.. 1,2까지만 보는걸추천..",0
R02800,귀로 파고드는 공포가 상당히 색달라서 그런가? 더 무섭게 다가왔다.,1
R02801,"배경이 프랑스인 ""파리 5구의 여인""도 망작이고. 미국이 배경인 빅픽처를 프랑스로 옮겨가서도 이런 졸작을 만들어 내다니. 원작자가 수많은 시나리오 각색을 물리고 이작품을 흡족해 했다는데. 영화를 보고 나서도 만족했을까? 최고의 망작",0
R02802,쓰레기 개독교 영화...,0
R02803,존조 실망이야,0
R02804,졸작이다-_-;; 줄거리 최악이고 가필드가 전혀 안귀여워,0
R02805,대단합니다 감동이에요,1
R02806,"송지효 연기는 어떤 역을 맞건간에 맹물마냥 밍숭맹숭ㅡ,.ㅡ",0
R02807,보기드문 졸작 시간낭비,0
R02808,생각없이 보기에 좋다.,1
R02809,덴젤워싱턴의 절제된...그러나...알수없는 포스를 느낄수있는 연기력....,1
R02810,채널돌리다가 중간부터봤는데 아무런 선입견도 정보도없이 몰입해서봤다 공포라기보다 환타지 스릴러가 더어울리겠다 핵심은 생매장스릴러에 환타지 양념좀뿌려 헷갈리면서도 좀있어보이게만든영화,1
R02811,"원작 요소들의 적절한 활용과 흥미로운 소재에도, 최악의 조명에 B급 영화로 전락.",0
R02812,다좋은데 결말이...,0
R02813,지구 위에 흐르는 멘탈리즘.,0
R02814,귀접?... 귀 좃 이다,0
R02815,개봉당시에는 신선하게 느꼈는데 지금 다시보니까 너무 억지스럽고 오버액션이 너무 많음. 진부하게 느껴짐.,0
R02816,하루하루 지루하고 재미없고 같은 스토리..왜보고있나 싶다..드라마를 오기로 보게하는 유일한 드라마! 매일 같은 내용이니 한달후에 보면 조금 진전돼있겠네..에효최악,0
R02817,제이슨 스타뎀 영화 처음봤는데 멋있음 아 근데 기자평론가 평점은 너무하네 오바임ㅋㅋㅋㅋ;,1
R02818,ㅋㅋㅋㅋㅋㅋㅋㅋㅋㅋㅋㅋㅋ,0
R02819,삶에대해다시한번생각해볼수있는좋은시간이었습니다~,1
R02820,처음에 네이버검색했을때 이영화 아닌줄 알았네.. 점수가 그지같아서 ..,1
R02821,"비극인건, 요즘 이런 영화가 드물다는거...",1
R02822,"콘에어,페이스오프 찍던 케서방이 그립다.",0
R02823,올리비아 핫세 너무 이뻐,1
R02824,더럽게 잔인한데도 졸음을 참기 힘든 특이한 영화.,0
R02825,정말 엉덩이가 명품임 ㄱ-...,1
R02826,처음엔 스토리가 영 아니올시다...였지요 하지만 다 보길 잘했다는 생각이 듭니다,1
R02827,김준! 미안하다.. 이번엔 내가 이긴거다.,1
R02828,꽤볼만은 했다.,1
R02829,시작은 창대하였으나 그 끝은 아주 매우 엄청나게 미약하리라,0
R02830,이게 영화인갑숑??,0
R02831,꽤볼만하내요,0
R02832,홍수아........그리고 마지막 예상하진 못했지만 황당했다,0
R02833,김구라 그 불편함을 넘어선 역겨움.,0
R02834,상당히 현실감이 떨어지는 영화임,0
R02835,영화개연성이 너무 엉망.,0
R02836,알바장난쩌네 진짜.. 3점대 영화. 다운로드 패킷이 아깝다,0
R02837,"서미도,재희 짜증 지대로다 한태상 넘 불상해",1
R02838,포스터는 대박이건만~~,0
R02839,제이슨 연기 잘하네 정말 얄밉더라,1
R02840,디스코가 어쩜이리 힘없고 고저없이 밍밍한지.,0
R02841,"그지삼발이같은.,영화",0
R02842,하나도재미없다갑자기 도라에몽이 디럭스옷입고있지않나박물관에 도구는 1개뿐이냐 똥쓰레기다또 재목은 뭐냐 박물관이 진구꺼도 아니면서 진구의 비밀도구 박물관은 뭐임도라에몽친구들은 걍 비중도 없고,0
R02843,생각이 깊어진다 근데 연기는 좀 아니다,1
R02844,역시성룡~~~~~~~~,1
R02845,그런 장면이 많다고 관능적인 것은 아님.,0
R02846,토퍼 보는 맛에 겨우 봤다,0
R02847,화이트스완에서 보여주는 크리스찬슬레이터의 다른 모습들. 멋있습니다,1
R02848,재미지닼,1
R02849,...이게지금 드라마라고 OO,0
R02850,"시끄럽게 떠들더니.. 막상 원판 보니, 별것도 아니구만.. 걍 성인에로물..",0
R02851,눈배렸다 이걸보느니 안본다,0
R02852,개인적으로는 조금 아쉬운면이 있지만 잘만든 영화라고 생각하고 OST 또한 훌룡합니다,1
R02853,.. 보지마요~!!,0
R02854,간만에 제대로 된 공포영화.옴니버스식인데 3편다귀신에만초점이맞혀졌다는게조금아쉽,1
R02855,불법체류자 동조하는 쓰레기 선동영화. 미개한 새끼들이 너네 누나 동생들을 유린한다,0
R02856,연예인 더빙하더라도 더빙 잘하는 연예인좀 써라..,0
R02857,어렸을때 재밌게봤음,1
R02858,너무 귀여워~,1
R02859,'오늘 살고 또 죽으세',1
R02860,진짜 왠만하면 로그인해서 글안쓰는데... 다른 분들 볼까봐..어떻게... 이렇게 만드셨는지.. 액션영화 남주가 민폐에 바보캐릭터? 답답하고 연기도 못하고 내용도 별로고.. 브루스윌리스믿고 봤는데... 이건 아니죠.,0
R02861,좋은 영화는 다시 봐도 또 다른 좋은 느낌을 받는다. 욕으로 시작해서 욕으로 끝나는 내용의 개연성도 떨어지는 형편없는 시나리오에 바탕한 3류 영화다.,0
R02862,아~~이런영화는 극장에서 봣어야 하는건데~~,1
R02863,졸립다.첫 에피소드 끝날때 필름 끊어지는 사고난줄 알았다.,0
R02864,보다 잤다그냥..,0
R02865,재미더럽게 없다. 이딴거 만들돈으로 기부해라..2점부터 점수준것들 M창,0
R02866,기자 평론가들은 다 사회부적응장인가?..,1
R02867,대런의 연주에 춤추는 포트만!,1
R02868,락을 좋아하는 나에게는 OST만으로도 만점!!,1
R02869,"이 영화 참... ㅡ,.ㅡ;",0
R02870,제임스롤프-제작진은 '고지라'라는 괴수의 네임밸류만 따왔지 그 특성은 완전히 무시했습니다. 게다가 불도 안 뿜더군요. 제작진은 현실적으로 보이게 하려고 그랬다는데 X까는 소리하고 앉았네!스파이더맨을 현실적으로 만들려면 거미줄을 못 쏘게 해야 된다는 소,0
R02871,그래픽에 혹하고 이야기에 욕하고,0
R02872,뭔가가 부족한듯 하지만.. 너무 각색되고 선정적으로 만들어진 다른 사극에 비해 좋음,1
R02873,이제 뭘봐야하나요~~~재방도 꼭봐야지~~~~,1
R02874,공유가 찌찌파티하는 영화,0
R02875,진짜 완벽하게 재밌다.,1
R02876,재밌는데 왜망했을까...,1
R02877,쓰레기 영화. 판타지를 그리더라도 현실이 소재인이상 리얼리티가 있어야 할것 아닌가. 이해관계도 없고 알력관계도 없고 사건도 없다. 그냥 좌우세력 모두 나쁘지 않어요. 대통령은 전부 나라를 위해 열심히 일하는 분들이세요~ 하는 감독 개인의 바람만 있을뿐,0
R02878,"꿀잼인데 벼ㅛㄹ점봨ㅋㅋ알바인가.,.꿀잼",1
R02879,갑자기생각이나서 줄거리보러 들어왔다,1
R02880,이번엔 총대신 카드 날리시는 군요.... 액션두 스타일리쉬하고.. 역시 잘 어울리는 스타뎀~,1
R02881,원작에 너무 충실하려다 유치해진 대표적인 영화.,0
R02882,장군의 후예들 클라스 보소 ㄷㄷㄷ 오늘만큼은 똥송하지 않습니다...,1
R02883,겉멋만 너무들고 영상편집이 기괴하달까? 스토리도 너무 꼬은데다가 개연성도 떨어지고.. 결정적으로 좀 지루함. 마츠코는 정말 좋았는데 실망,0
R02884,시걸이 나온지 5분만에 사라진 의문의 영화,0
R02885,너무 재미있어요...,1
R02886,몇OO째 우려처먹는 조센징들 한계.사골국물까지내라? 안쪽팔려?일본꺼나 개봉해라,0
R02887,평점 왜이리 높죠? 정말 말도 안되게 에너지 부글부글한 이상한 영화.... 광기 넘치는 에너지만 그득할뿐 허무하고 짜증나는 사이코 영화라고 말하고 싶음 .... -_- 영화관에서 집중해서 본다면 자칫잘못하면 악랄한 분위기에 압도될듯 머리아프고,0
R02888,좀 어려운 영화인듯.. 읭스러움ㅋ 베일신의 쩌는 연기력은 잘 봤습니다,1
R02889,"무의미하게 반복되는 삶과 답답한 세상에 염증을 느낄 때 볼만한 영화다. 우선 배우들의 명연기와 명대사가 눈과 귀를 즐겁게 해준다. 그리고 이 영화를 통해서 현대 사회, 소비와 자유에 대한 생각도 할 수 있으니 재미와 깊이도 갖춘 영화다.",1
R02890,재밌습니다 아주잘봤어요 더재밌는영화또기대할개요,1
R02891,어릴때 본건데 울면서 봤던기억이...,1
R02892,기대않하고 봤는대 진짜 대박.. ㅋㅋㅋ 스토리도 연기도 굿.. 정말 잼있음..ㅋㅋ,1
R02893,뚝뚝 끊기는 연결 코메디라고 하기엔 부족한 메세지 전달는 아예 끊긴,0
R02894,유치하고 흥미롭지 않은 코미디 영화...,0
R02895,예전에 봤을땐 긴장하면서 봐서그런지 못느꼈는데 지금 다시보니 완전 코메디 영화네요ㅋ 특히 윤제문이랑 박혁권이 진짜 웃김 ㅋㅋㅋ,1
R02896,마미를 보고 봐서 조금 아쉬웠지만 데뷔작이라고 하기엔 정말 좋았다. 자비에돌란의 감성은 놀랍다.,1
R02897,막장의 끝 끝 끝잼 ㅋㅋㅋ,0
R02898,자신의 작품을 객관적으로 바라보는 시선을 가지시길,0
R02899,일단여배우가놀랍다..죽인다라는표현이가장.싱숭생숭하고 좀그럴때보면 짱일듯...,1
R02900,스토리는 억지로 진행하며 각 인물의 행동 개연성이 떨어지며 공포영화임에도 무섭기보단 황당하고 역겨운 연출이많아 보기힘들었습니다 각 배우들의 연기또한 미흡하여 총체적난국이였습니다 중소기업청은 보다 세심한 분류작업을통해 더 좋은작품에 투자지원해줘야합니다,0
R02901,취업난의 폐해,0
R02902,나는 당연히 좋아할 수 밖에.,1
R02903,"마지막에서 CIA에게 온 문자 '이걸로 비긴겁니다' 이해가 안되서 처음부터 다시보니 이해가 되네요 반전도, 스토리도, 액션신도 모두 좋은데 딱 이거 하나가 좀 아쉬운 작품",1
R02904,브랜든리는 간지나는데 영화는 중2병,0
R02905,과연 존 말코비치다..,1
R02906,따뜻한 드라마입니다.,1
R02907,줄 가치도 없어..,0
R02908,"지루한 화학, 물리학도 맥가이버에서는 재밌었음.",1
R02909,원작인 마이클크라이튼책도 읽어보세요,1
R02910,재밌는내용인데 여주인공이 너무 혐오적이야..,0
R02911,완전재미없음...아이는좋아하네요,0
R02912,1800원 주고 보다가 중간에 관뒀다.. 성우연기도 구리고내가 애니메이션 영화를 보는건지..졸업작품을 보는건지...애니메이션 발전은 개뿔..,0
R02913,애국심과 개인적 사정으로 국가대표에 매진할 수 밖에 없는 등장인물들의 특성을 잘 살렸으며 감동적이였다.,1
R02914,OO염병,0
R02915,갑자기 생각나서 다시봤는데 역시나ㅠㅠ 기차씬은 정말ㅠㅠ,1
R02916,"죽었는데 움직이는 건 뭐지... 그냥... 그랬으나, 연기는 나름 맘에 들었음.",0
R02917,민망한 아줌마.,0
R02918,평점이왜낮은지이해가안간다 진짜짱인데 평졈낮게준사람들최소좀비분장보고좋다안좋다가르는사람들 ㅇㅇ,1
R02919,취향인지는 몰라도 내 마음에 쏙드는 영화. 앞으로도 한국영화계에 이런 작품들이 많이 나왔으면 하는 바램입니다.,1
R02920,서우얼굴이 더 무서워요......나만그렇게 느끼나 ㅋㅋ,0
R02921,기대도않고봤는데괜찮네 여운남는영화,1
R02922,이상한 영화였어. 좀 더 살릴 수 있었을 텐데 이상한 영화가 됐어. 마지막에 어이절정,0
R02923,우연히 오늘 다시봤는데 8년전 극장서봤을때의 여운이 생각나는군요너무나도 현실적인 영화라 부담없이 잘봤습니다,1
R02924,뇌리에 남게 하는 소품 활용의 좋은 예,0
R02925,유채영 누나 삼가 고인의 명복을 빕니다...,1
R02926,스릴 있는 영화,1
R02927,방금 ocn에서 봤는데 무료로봤는데도 시간아까운 영화. 평점1점도 아깝고 후반에는 문정희를 응원하게되는 OOO 영화,0
R02928,결국 주인공이 OO이었다는...,0
R02929,스토리 별로. Cg도 별로. 액션은 그냥 그럭저럭. 스토리는 정말 아니다 싶음. 저게 뭘 표현하고 싶은건지..,0
R02930,카메오도 대단했다. 유재석의 명연기 일품!!,1
R02931,그냥봐 보면되는영화야,1
R02932,감사합니다 로빈 형님 행복했습니다,1
R02933,김명민이 약 구해서 차 탔을 때 진짜 설마설마 했음,0
R02934,액션도 아닌 멜로영화일뿐. 소재치기를 소재로 재미난 영화인 줄... 왠 로맨스 영화. 속았다.,0
R02935,너무 허무한데?ㅋㅋㅋ,0
R02936,"굿, 반전 좋아요",1
R02937,한일월드컵시절영화.. 어설프고 촌스러워 부끄럽다,0
R02938,me too 심심타파!!,0
R02939,반담 너무 멋있네...처음부터 끝까지 본영화^^,1
R02940,아빠 고마워요. 진심으로.,1
R02941,잼나다. 믿고보는 지성. 주지훈..연기좋더라♥,1
R02942,나도 오랜만에 부산구경했다 ㅋㅋㅋ 심장튀어나온건 뭐임?ㅋㅋ개그네,0
R02943,네이버평점이 당시라고 쳐도 높다 반은 깍자. 감독은 알고 평은 쓰는건지..쩝...,0
R02944,보면 볼수록 화가나는 영화;;현실성이 하나도 없음. 진짜 감독의 판타지가 무슨;; 대사도 하나같이 오글거리는거 투성이고...배우들도 연기 하나같이 이상하고..대학입시라는 많은사람들의 꿈과 희망을 이렇게 추악하게 표현하다니 ㅎㅎ 아기분더럽다진심,0
R02945,아나 뭐이런 .. 진짜 재미없네 이거,0
R02946,이런걸 보는 사람이 있다니......제목하고 포스터만 봐도 정말 뻔한스토리가 보이는데,0
R02947,악플은 까진 아닌데... 김꽃비? 연기 진짜 영화보는내내 몰입에 방해가 됨... 입열때마다 ... 이건 아닌거 같았음ㅜㅜ 영화 스토리는 참신했던거 같음!!,0
R02948,이건 1점도 아까운 영화.,0
R02949,일단 감독 데뷔작은 말아먹었다. 속이 오글거려서 끝까지 보는 건 무리 되겠다.,0
R02950,감독이구혜선이라고생각안하고보면 괜찮음 나름생각도많이하게된 영화임,1
R02951,구수한 옛풍경에 적당히 멋스러움을 더해 지루함을 조금이나마 해소시켜주는 듯하다,0
R02952,"파리를사랑하고 싶게,사람을사랑하고 싶게,삶을사랑하고 싶게 만드는!",1
R02953,솔직히 이게 재밌냐? 일덕후들아,0
R02954,강아지가 가장 재밌는 영화,0
R02955,진짜잼없네 ㅉㅉ자원낭비다,0
R02956,어머니버리는데서 감동을 다 깍어먹는 영화..,1
R02957,역시 짐캐리 스토리도 나름 재미있었다,1
R02958,첩첩산중 재밌네.,1
R02959,원작을떠나서 영화자체만보면 이만한 영화없다..,1
R02960,은채 너무 이쁘고 연기도 잘함.그녀가 나오는 거라면 무조건 O.K.재밌는 드라마.,1
R02961,"3편이 없었다면 1,2편은 의미 없었겠죠 :-ㅇ",1
R02962,영국 신사 헬레이져가 미국가더니 양아치로 변했구마,0
R02963,1점주기도 아까운 영화,0
R02964,ㅜㅠ 믿고보는 차태현표 감동 스토리,1
R02965,창문으로 나가는 사람이 없어요.... 참 진짜 영화계 망친다....,0
R02966,일드를 보세요...진리----,0
R02967,좋은 영화입니다. 대박나라~~~!!~~~,1
R02968,명작이다!,1
R02969,우리나라 액션영화의 한단계 진보된 감각을 보여줬다고 확신이 든다 왜 이렇게 가혹한 평가가 내려지는지는 알수 없지만 개인적으로 아저씨보다 더 괜찮게 봤다.,1
R02970,이건또 뭔!? 이런 개들도 보지 않을것 같은 영화는 아예만들지 말았으면,0
R02971,군대 가기전에 다 헤어져라 그게 상책이다. 차라리 제대하고나서 만나면 만나지 기다릴거 기대하지마라 여잔 절대 못기다린다,0
R02972,홍콩영화는 역시나 흑사회가 지배하고 있다.이딴 영화에 양조위라니...개발에 버선.,0
R02973,평점이 왜 낮은지 모르겠다 나에겐 완벽했다.,1
R02974,지금까지 피아노 만큼 여운이 남는 드라마는 없었던거 같다,1
R02975,이 영화를 보면서 정말 재미있었다!! DVD산 걸 후회하지 않는 영화이다!!!,1
R02976,연출이 굉장히 아릅답다.스토리가 매끄럽지 않다는 불평들도 있으나감독이 무었을 제시하는지 충분히 이해가 가고 남는 엉화,1
R02977,"이거 보고 느낀점 쓰라는데, 대놓고 욕할수도 없고...",0
R02978,"보고나서 하루종일 아무것도 못하게 만들었던, 깊은슬픔과 눈물을 남긴 영화,",1
R02979,음....참 ㅋㅋㅋ 난해한,0
R02980,볼만한 영화네요,1
R02981,생각보다 재밌는 영화이고 감상 후 기분도 매우 좋았습니당,1
R02982,제대로 못보기도 했지만 별 재미가 없었다,0
R02983,재밋어요재밋어요재밋어요재밋어요,1
R02984,뭐이런 개같은 또라이 영화를 봤나? ㅋㅋ 참.. 쓰레기만도 못한 영화 ㅋ 참.. ㅅㅂ 보는 내내 역겹네,0
R02985,솔직히너무재미없다.. 박상민은 여기서부터 조연만맡기시작했군..,0
R02986,이 이야기를 피한다면 그것은 미래를 피하고 지금 현실을 부정하는 것이라고 생각된다,1
R02987,아픈동생을 위한 예쁜마음씨와 눈물들이 모아져서 진정성이 느껴진 영화.,1
R02988,정말 소름 끼칠정도로 멋진 나나. 재밌어서 끝나가는게 아쉬웠다.,1
R02989,전재밌게보고있슴다 연기자분들화이팅,1
R02990,비싼배우가 나와서 재밌을거란착각이들었지만 막상보니지루하다,0
R02991,이런영화 안찍어도 충분히 성우로서 잘나가는데...ㅠ,0
R02992,영화라기 보다는 파리 관광 홍보영상에 가깝습니다. 뭔 평점은 이리 높은지,0
R02993,"그냥 이영화 즐기는 한사람으로써 만점 드림니다 , 김기덕 감독님은 영화계의 신.",1
R02994,너무 밑도 끝도 없잖아!,0
R02995,1억5천만불로 만드는 F급영화,0
R02996,재미있었다 ㅋㅋㅋ,1
R02997,헐... 진심 쩐다.... 사람이 이런 생각을 할 수 있다는게 그저 놀라울뿐.,1
R02998,거짓말 하는 부분까지만 달콤하다,0
R02999,레셀과 맥의 열애설만 알려진 영화. 허망햇던 영화,0
R03000,세월이 흘러도 사랑받는 이유가 있는 크리스마스 명작!!! 난 왜 이제서야 봤을까...,1
R03001,영상미에 홀리듯!! 흥미로운 이야기,1
R03002,유 치 뽕 짝,0
R03003,부천국제판타스틱 영화제에 출품 되었다고 해서 모두 다 영화는 아니다.,0
R03004,재밋다ㅋㅋㅋ재밋는데 아쉬운 시청률ㅋ왜 안보지??재밋는데ㅋ,1
R03005,무서웠어...,0
R03006,데이빗 린치를 좋아하는 사람에겐 필추. 물론 TV드라마를 먼저 보고 봐야..,1
R03007,"참 희한한 영화였드랬음, 스토리는 도통 뭔소린지 하면서도 느낌상으론 이해되던... 그리고 대사가 더 적었으면 할 정도로 매혹적이었던 이미지.",1
R03008,단언컨대 한국 80년대 최고의 야구 애니메이션~!!,1
R03009,민율이 너무 귀여워요~민국이와 함께 고정햇으면 좋겟어요 성선비 준이도 너무 이쁘고~~,1
R03010,송해성 감독님...당신의 힘을 보여주세요...,0
R03011,잘알지도 못하면서 평점들 후하게 주네?,0
R03012,걍 그래. 19금솔직한토크쇼보다 아저씨들수다같혀,0
R03013,엉성한 전개...엉성한 결론... 가벼운 웃음이 간혹 있을 뿐...,0
R03014,"안 봤다면 꼭 봐야할 영화, 브리짓 폰다에 빠지게 된 영화",1
R03015,리얼그자체입니다 김지수 화이팅,1
R03016,우리가낸 시청료가 이따위 허접한 드라마에 투자 되는게 화가난다. 쓰레기보다 못한 걸레같은 시나리오 그리고 발연기 대가들만 모아놓은 아침드라마 역사에 길이남을 구역질 드라마,0
R03017,불만제로 확실한 결과물인지 궁금하네요 실제로 어떤물건이든 만족하는 사람과 불만족인 사람들이 나누어져 있다고 생각합니다. 몇달 몇년 꾸준한 체험사례을 통해서 방송에 내보내 주신다면 정말 유익한 프로가 되지 않을까 합니다,0
R03018,뭐여 이거 OO OOO 이런걸 영화라고...,0
R03019,흑흑~ 30분안에 잠들수 있는 영화~ ㅠ.ㅠ,0
R03020,이 영화의 매력은 찌질성에 있다,0
R03021,기분 좋은 몽롱함. 근데 좀 어렵다... 다시 보면 이해할수 있으려나,1
R03022,재밌어질거같아~~!@,1
R03023,아버지가 먼지 알려준 영화다,1
R03024,역시 옛날 영화티난다 개노잼 밑에년 개때린다 댓글알바새;끼,0
R03025,이걸 쓰지 않으면 끝없이 쓰라는 메시지가 나오도록 설계를 한 네이버....,0
R03026,그냥그랬던영화였음...,0
R03027,B급영화로 추락해 버린 영화. 배우 캐스팅부터 잘못 됬다.,0
R03028,나기찬배우님의 연기가 돋보있다!,1
R03029,하기싫냐?,0
R03030,변요한이 호감이라서 보게됐는데 초중반부터 배우가 아니라 캐릭터랑 내용에만 집중하게 됐어요. 사람의 본능과 이성을 두 캐릭터로 보여준 영화였어요!,1
R03031,스토리도 스토리지만 마지막에 휘트니휴스턴이 부른 ost 가 대박이였다.,1
R03032,다크나이트 몇번을 다시봐도 진짜 최고다,1
R03033,"유치,산만,썰렁....3박자...",0
R03034,1편 외엔 다 노잼. 내가만들어도 이거보단 무서울수있따,0
R03035,영화 보면서 울지 않는데... 슬퍼서 눈물 펑펑 쏟았네요.. 실화라서 더 감동적이네요..,1
R03036,달곰하다,1
R03037,선동영화. 쓰래기..,0
R03038,동식이땜에 너무 답답했다,0
R03039,말이 필요없다.. 엑스맨 최고..,1
R03040,"남성과 여성의 욕망, 그 어긋남에 관해 사유하는 뛰어난 수작",1
R03041,..극장에서 봤습니다,0
R03042,참 어이없는 슬래셔물...갑자기 빙의를 하는데다....뭐지?[-_= 김꽃비란 한국 배우는 왜 이 작품에 나온겨,0
R03043,아름다운 영화...,1
R03044,내평점솔직히 노래만큼은 별 10개 주고 싶다. 한스짐머께 젤좋아.나머진 그냥 0점주고 싶음,1
R03045,이런 영화 왜 만드는지 모르겠다.,0
R03046,지칠줄 모르는 상투성... 이것도 작가라면 작가랬다.,0
R03047,보통 평론가 평은 불신하는데 이건 맞네요. 뭐가 재밌다는건지 모르겠슴. 블랙잭을 알고 보면 재밌다는 사람도 있는데 영화를 보기 위해서 블랙잭 공부를 해야되는 건지요.시나리오의 치밀함도 보는 영상의 재미도 그저그런 영화네요.시간아까움,0
R03048,숀팬의 명연기와 구스 반 산트의 감성 연출. 하비밀크의 인생을 무겁지 않고 또 진지하게 잘 끌어내었다.,1
R03049,어이없는 영화..;;,0
R03050,다시살짝재미상승,1
R03051,"영화보는 내내 어디선가 본듯한 설정이라고 생각했는데, 2009년에 개봉했던 장혁, 조동혁, 이상우 주연의 펜트하우스 코끼리란 영화의 설정을 거의 그대로 가져왔더군요. --; 이미 망한 영화의 설정으로 더 망작을 만들수도 있다는걸 알게 해줍니다. --;",0
R03052,계속 끊기는건 왜죠 ㅋㅋㅋ 씹노잼,0
R03053,1점도 아까운 스펙터클한 초대형 대작도시에 사람이 한명도 없다. 걍 허접하다,0
R03054,bad,0
R03055,볼 거리는 풍경들 뿐 솔직히 재미없는데 영화는...,0
R03056,왜만들었을까,0
R03057,VTR 보급율이 이제 막 시작됐을때 공중파 주말영화방송에서 아버지랑 봤었는데 다보고 무서워서 아버지랑 같이 잤던 기억이 나네요..제니퍼코넬리 너무 이뻤고..ㅎㅎ터미네이터1도 TV로 봤었는데...,1
R03058,영화관에서 배꼽빠지게 웃고 나온 영화^^(프랑스에 살았으므로...),1
R03059,"크리스마스 다음 날 봤는데, 그날에서야 비로소 크리스마스 기분이 흠뻑 들었다. 크리스마스 정신을 잘 드러낸 영화로, 크리스마스는 이렇게 이웃들에게 사랑을 베푸는 날이어야 하는데... 하는 반성을 하게 되었다. 개인적으로 나에겐 올해 최고의 영화!!",1
R03060,내용도 좋고 배우들도 연기 잘했던걸로... 근데 시청률이 ㅠㅠ,1
R03061,포스터와는 다르게 슬프다.ㅠㅜ,1
R03062,업,1
R03063,공기가 밖으로부터 밀어닥치는 장면은 모든 영화를 통틀어도 최고 중 하나,1
R03064,지금 보고있는데 30년전이라는 것을 감안하면 아쉬울것이 없다 기념비적인 애니,1
R03065,Ayaka Tomoda 友田彩也香 << 어느날 티비에서 틀어주길래 봤는데 어디서 많이 본 여배우 분이 나오시더라구요. 검색해보니 토모다 아야카 님이더라구요. 근데 영화에선 avi 에서 보여주는 씬이 전혀 나오지않아서 아쉬웠어요.,0
R03066,죨라 지루하네..맷데이먼의 그린존급이네...,0
R03067,"장면과 장면, 관계와 의미를 추측하다보면 점점 더 깊숙히 빠져들게 됩니다! :-)",1
R03068,자기전에 꼭 보는 영화. 좋은 수면제거든요!,0
R03069,아이돌 좀 넣지 마세요 그리고 1편보다도 더 못한 작품 최악 슈퍼 쓰레기 영화임,0
R03070,에미 죤내 웃기네 ㅋㅋㅋㅋㅋㅋㅋㅋㅋㅋㅋㅋㅋㅋㅋㅋㅋㅋㅋㅋㅋㅋㅋㅋㅋㅋㅋㅋㅋㅋㅋ,1
R03071,텅빈 영화..,0
R03072,"유세이 시점으로 나오지만 쥬다이랑 유우키의 외모가 덧보이는 ㅋㅋ난 개인적으로 유우야, 유우기, 쥬다이가 좋음! 그래서 10점 그치만 솔직히 유세이나 유우기 보다 쥬다이가 더 미모가 더욱 덧보이는 극장판이였음",1
R03073,전원일기가 월 감동적이고 재미있다.,0
R03074,이영화는 클래식이다,1
R03075,재밌게만 봤구만. 저도 좋았어요.,1
R03076,"예날에 봤지만 정말 재밌있었는데, 또봐야지ㅎㅎ",1
R03077,주제 자체도 모호하고 무엇보다 전개가 멍청하다,0
R03078,오우와ㅋㅋㅋ,1
R03079,한국껀줄알앗는데 일본꺼엿네 ㅋㅋ,0
R03080,묘한 분위기의 김민희. 완벽한 캐스팅,1
R03081,재밌음 강추 ㅋㅋㅋ 다만 성우가 옥에 티,1
R03082,주말에 딸과 함께 보구왔어요. 제딸은 7세라그런지 무서워하지않구 잼나게 고더라구요^^ 요즘애니답지않게 서정적이구 교훈적이더군요^^더운 여름엔 극장가는게 최고의 피서ㅎ,1
R03083,1점도 아까운 영화...너무 조잡하다..,0
R03084,물고기 나오는 영화라 아이가 좋아할 줄 알았는데 정말 지루했어요. 다른 아이들은 집에 가자고 난리였네요. 그림이 예쁠 줄 알았는데 시커먼 바다 ㅠㅠ 음침한 배경 ㅠㅠ,0
R03085,슬프다... 이별은 언제나,1
R03086,황비홍의 위신을 땅바닥으로 그냥 팍,0
R03087,억지 감동이 없어서 좋은 영화. 별 10개 주고 갑니다,1
R03088,징그러웠다. 굉장히말이야,0
R03089,후회만 남는 영화.,0
R03090,훔쳐보고 싶은 인간의 숨겨진 본능 무섭다..,1
R03091,싸울아비 나한일 이라는 검도하는사람이 만들어낸 가짜단어 근데그걸 영화로만드냐..,0
R03092,정말 쓰레기 영화다 뒷맛도 안좋고 에휴 짜증나,0
R03093,인물들의의상소품 아름다운 풍경들도 한몫!,1
R03094,딸과봤습니다 쓰레기임,0
R03095,비급나름기대많이햇는데 괴물이나 사람이나 하는게 없네...,0
R03096,가정을 이룬다는 건 무언가 지켜야 할 것이 생긴다는 걸 의미한다.상대방의 잘못을 덮고서라도 지켜야 할 무한한 책임감.이 영화는 나에게 결혼에 대해 다시금 생각하게 만든다.,1
R03097,이런 류의 영화는 뻔한 경향이 있음.,0
R03098,진심 임효성은 안나왔음좋겠다 .. 보는내내 눈살찌푸리게 하드라...,0
R03099,극장에서 보고 진짜 열받았다 난!!쓰레기 영화 맞다,0
R03100,"성유리, 정겨운, 김민준 등 정말재밌게 연기잘하네요..",1
R03101,보고나면 허탈해진다. 개연성이 떨어진다... 점수가 너무 높아서 낮추는데 일조하고 싶다.,0
R03102,빌보드에 나온 것도 아니고 왜 갔느냐고들 하더라.. 하지만 우린 음악이 아니라 인생을 느끼러 갔던거야.,1
R03103,폭발cg보고 하루종일 웃었다.. 아직도 생각나면 웃긴닼ㅋㅋㅋㅋㅋㅋㅋㅋㅋ,0
R03104,액션만 보실분. 초반 액션에 집중하라.,1
R03105,공블리짱♥♥♥♥짧은데 여운이진하게남았다,1
R03106,굿잡 힐링되네 나도건강관리해줘,1
R03107,애초에 동성애를 소재로 이런 영화가 나온건 놀랍지만 진부한 스토리에 부족한 구성..,0
R03108,역시 원작에비해 참 답답합니다,0
R03109,평점이 낮아서 올려봅니다...,1
R03110,멜 깁슨 형님이면 당연 10점이지,1
R03111,프랑스 이탈리아영화는 잘안보는편인데 아시아아르젠토 너무 매력적이였어요,1
R03112,뭐냐 진짜,0
R03113,엉성한 내용에 어설픈 주인공들,0
R03114,같은 감독이라는데 2편과너무 비교된다.,0
R03115,킬링타임용에도 못미치는 수준..,0
R03116,재밌음 개인적으로 좋아하는 스타일,1
R03117,잔인하지 않다. 그냥 성적가학 재미는 있었는데.. 스토리가 없는 B급 영화다.,0
R03118,아역들의 연기가 너무 좋았고 풋풋한 감정이 잘 전달된 느낌다. 아련한 그시절의 추억도 생각하게 되고 ..,1
R03119,민세연 연기좀 똑바루해라 볼때마다 짜증난다 연기는 발발발 얼굴은 어느병윈있지 야수 드라마에서하차안햐 너때문에보기정말짱남 안습,0
R03120,"스릴러 장르를 좋아하지만, 아쉬움이 많이 남는 영화였다",0
R03121,"스토리, 대사 왜케 촌티나냐...",0
R03122,다른말필요업어 최고야진짜최고야 ㅜㅜ,1
R03123,2년만에다시봤는데3일만에다봤어요다시빠져들었네요보는내내웃다가 울다가 ㅎㅎ너무도그리운드라마네요 ㅎㅎ,1
R03124,완전 별로네요,0
R03125,최고네 ~~시리즈 중 최고의 재미,1
R03126,헬렌 헌트 역시 매력 있음. 그러나 선호하지 않는 소재와 장르,0
R03127,오래된것도 아니고 왜 영화가 이따구여 좀비영화중에 최악. 짜증나도록 재미없음,0
R03128,2004년에 만든영화를 마치 신작처럼...,0
R03129,"마음이,장군이 넘 귀엽고 김정태.성동일 콤비완전 웃김 ㅋㅋㅋ",1
R03130,80년대 초반에 강시시리즈할때 같이 나오지...ㅋㅋ 돈주곤 못보지...ㅋ.,0
R03131,일베를 위한 방송....,0
R03132,왜케 평점이 낮지? 심각할만한 상황일때도 동네사람들이랑 정다운게 웃기다ㅋㅋㅋㅋㅋㅋㅋㅋ중요한순간때마다 흘러나오는 밴드음악도 한몫 한듯ㅋㅋㅋㅋㅋㅋㅋㅋ너무 기대하지 않고 이런장르 평소에 좋아하시면 가볍게 웃으면서 볼 수있을듯,1
R03133,이미 OO도 넘은 문제작이라 그런가...감흥없이 어수선하다,0
R03134,제레미 섬터 진짜 잘생김 새벽에 보다가 이유모를 눈물이났다ㅠㅠㅠ 이런영화더없을까?,1
R03135,쵝오!! 짝짝짝~~~~ㅋㅋㅋ 허허 나참...ㅋㅋㅋㅋ,1
R03136,지루 그자체,0
R03137,이연걸얼굴을보니곱게자란것같네순수하고8점정도,0
R03138,"영상미,등장인물다 좋았다.레이첼 연기는 잘하는데 악역은 안어울리는 듯 ㅋ",1
R03139,서바이벌 게임 이후 산과 자연을 배경으로 한 최고의 영화,1
R03140,어릴적 봤을때도 좀 유치했었다는..;,0
R03141,와.ㅋㅋㅋ 220억 다 어디다 썼데? ㅋㅋㅋ 웃음밖에 안나오는영화 스킵해서 봤지만서도 그 시간 마져도 아깝다.,0
R03142,성인이 되고 순수한 눈물을 흘릴수 있게된 영화,1
R03143,가볍고 유쾌 한것 말고는 없다.,0
R03144,제목만 알고 처음으로 정독했는데 대단한 영화네.. 장국영 진짜 멋지게 나오고 유명 배우가 잠시잠시나와서 옴니버스식 같은 영화 같다 내용 정말 좋네 어릴때 본 기억은 없지만 천년유혼 마니마니홍 형님도 나오고 중반이후몰입도 좋네,1
R03145,Fire Inc. - Nowhere Fast (OST),1
R03146,"눈과 귀, 그리고 마음이 즐거워지는 영화",1
R03147,세르지오 레오네.당신에게 많은 것을 배웠습니다. 존경합니다.,1
R03148,"따듯하고,순수하다....",1
R03149,보는 내내 흥미롭고 즐거웠던 영화. 여주인공 매력적이고..,1
R03150,진짜 재밋다 몇번을 웃엇는지 모르겟음 ㅋㅋㅋㅋㅋㅋ둘다 생활연기 굿ㅋㅋㅋ,1
R03151,자극적 이야기를 느슨하게 이어 놓는 데다가 초점은 갈팡질팡하며 영화가 끝나고 나서도 무엇 하나 남겨진 게 없었다.,0
R03152,"머 이따위로 만들었나.. 음악은 거지같고, 더빙도 엉망이고, 이게 소설이야 영화야 애니야... 그래도 평점 높은거는 딴이유인듯... 그냥 영화나 소설을 읽으세요..",0
R03153,성룡하고 이연걸 때문에 본영화,1
R03154,아... 이건 좀 너무 아닌것 같음... 어설프달까....이게 뭐야...,0
R03155,난감하다... 요즘 세상에 이 따위 멘트들로 대화하는 사람이 어딨다냐...,0
R03156,역대 한국 영화 베스트 이보다 뛰어난 한국 영환 아직 못바따,1
R03157,140정도의 짧은 컷으로 모든 걸 표현하다니! 대단!,1
R03158,이 추격자를 볼시간에 하정우가 나오는 추격자를 한번더 보겠습니다,0
R03159,"모녀지간의 사랑을 느낄수있는., 마음 따듯해지는 영화..",1
R03160,"누구에게나주어진 삶은 아닌데, 가질수 없는 희망의 이야기, 지금 이곳엔...사람은 참으로 아름다운 존재, 그 존재를 더욱 아름답게 만들수 있는 세상...이야기. 살아있는 모습 에덴....은 있다.",1
R03161,아~~오랜 기다림끝에 드디어 보게 되네요 최고입니다,1
R03162,참! 편하네 .. 미국 사람들...,0
R03163,현장감 죽인다 오랜만에 쪼릿,1
R03164,클린트 이스트우드 감독님 제가 죽기전에 이런 영화를 만들어주서 감사합니다.,1
R03165,스토리 예상되는 영화지만 편하게 볼수 있는.. 배경음악 목록 알고싶은데 어서 아나,1
R03166,"첫사랑과 같이본 영화,,이거만으로도 충분한 추억이있는영화",1
R03167,두사부일체보다 더욱 잼남!!,1
R03168,"쩝.. 에휴, 이건 ; 영화. 냐?",0
R03169,재밌기만 하다는 베플을 도저히 이해할 수가 없다. 그 사람 말만 믿고 봤건만...,0
R03170,"볼거리 전혀 없음, 정신병자 얘기임.",0
R03171,여운이 정말 많이 남는 영화. 왜 이제서야 봤을까ㅜㅜ,1
R03172,경이로움 안타까움 감동 믿음,1
R03173,애 데리고 뭐하는 거임 -_- 케스타 학예회하고있음 ㅡㅡ 왠 디스코 진짜 다른 참가자들을 존중하면 이러면 안된다 ㅡㅡ,0
R03174,혼자보기에는 정말 좋은 영화임^^나름 작품이해하려 노력하고 심취하니 재밌더라고요,1
R03175,전좋은데요;,1
R03176,주윤발 레밍턴에 끈 매달아서 싸우던 장면 굿..형사버디액션물^^,1
R03177,토하는 장면이 많이 나와서 감상하긴 불편하다,0
R03178,동생 고함소리 진짜 거슬리네,0
R03179,할말이 없게 만드는 영화...역시 미국이란,1
R03180,평론가들이 좋아할 영화,0
R03181,사람들이 영화를 볼줄 모르는듯...나는 이거 컴퓨터에 저장해놓고 몇번이나 봤는데 ... 조니뎁의 연기가 좋고 내용도 반전있음 ㅋㅋ,1
R03182,역시웃김ㅋㅋ,1
R03183,정말끝내줬어!,1
R03184,욕 없었으면 영화 어떻게 찍을뻔 했냐?,0
R03185,채민서 삭발 투혼이 the eye 표절로 빛을 바래다.,0
R03186,보다 잔건 처음이다. .,0
R03187,재미있어요 그런데 김일중아나운서 부모님은 보실때 너무 가슴아플거같애요 김일중아나운서 장인 장모님 너무 재수없어요 이런 부모도 있나싶네요,1
R03188,"하정우 연기너무 좋고ㅜ 전도연이 지하철에서 울음 터뜨릴때 복잡미묘한..감정,나도 먹먹했다... ㅠ 그래도 마지막여운이 짠하면서 설레임이.. ㅎ",1
R03189,노잼임ㅋ 연기 졸라 못하고ㅇㅇ,0
R03190,충격이었음.별 내용업었던 영화,0
R03191,시간남아돌아도 왠만함 안보는게 괜찮을듯 ~~~~~~~,0
R03192,감성이 꼴링꼴링 해진다 할까?,1
R03193,60년대 필름에서 흘러나오는 그로테스크함. 그리고 감탄,1
R03194,느린호흡에 연출도 지나치게 단절되어있고 어처구니없는 주인공의 선택은 핍진성을 찾기 힘들고다.무엇보다 재미가 없다. 지루하고 밋밋하다.,0
R03195,티비를 트니 좀비장면이 나왔다. 주인공이 모델을 땅굴로 데려가더니 어느세 자기딸과 이야기를 한다. 한 사람의 인생이냐 영화의 인생이냐 졸고있는관객이냐는 중요하지 않다. 내가 재미없었다. 2점은 배경이 예뻐서 줬다.,0
R03196,영화 찍느냐고 배우들이 고생은 했는데 영화가 참 재미없다,0
R03197,이스터 섬의 모아이를 토대로 구성한 스토리가 탄탄한 영화.,1
R03198,보면안다....,1
R03199,영화관에서 자면서 봤다... 돈아깝더라,0
R03200,"초등학생 때 보고 문득 생각나서 한번 더 봤습니다 어릴때 그냥 성경영화려니 하고 봤을 때랑 또 느낌이 다르네요.. 주운 아기 모세를 전혀 부족함없이 키운 파라오와 람세스, 그리고 운명에 따라 람세스와 맞서야하는 모세의 슬픔을 잘 보여주고 있습니다",1
R03201,천은경씨 보려고 본 영화 ㅎㅎ,1
R03202,꾀 재밌네요,1
R03203,시간내서 찾아본 값어치를 한 영화 .. 그 진한 느낌을 다른분들도 느껴보셨으면 좋겠네요,1
R03204,극단적이다 ..,0
R03205,동물농장에 대체 왜 정선희가 나오는지 이해를 못하겠어요동물에 관한 지식이 있는것도 아니고진행을 잘하는것도 아닌듯한데솔직히 편견일지 모르지만 너무 프로그램하고 어울리지않은 진행자인듯합니다,0
R03206,한국공포영화 중 장화홍련 다음으로 볼만했다,1
R03207,"90분 보고 나오고, 내 취향이 아니고. 나는 영화는 재미있어야한다고 생각. 유럽의 괴짜들이 좋아할 듯",0
R03208,노잼 이렇게 재미없는 예능이 있나 ㅋㅋ,0
R03209,내 생애 최악의 영화 겠지...ㅇㅅㅇ;;;; ㅋㅋㅋ,0
R03210,좋아요!!좋아! 긴장감100%,1
R03211,왜 공포스릴러에 코믹만 잔뜩들어간건데 근데 재미도없어,0
R03212,한 번 봐야할 영화임,1
R03213,야쿠시마 섬 여행을 앞두고..감상한 시간의 숲.이 영화의 제작을 위해 그들의 진정하고 솔직한 내면의 마음들.. 자연에 대한 시간에 대한 타인에 대한 각자에 대한 마음이..감사하게 하게 다가오는 오전입니다.,1
R03214,주인공의 삶의무게를 느끼기엔 그 삶이 너무 짜증나고 보기싫을 정도였습니다,0
R03215,한번보고 두번봐도 정말 명작ㅠㅠ,1
R03216,★쿨★러★닝★표★절★영★화★,0
R03217,난 애초에 다운받아놓고 1년뒤에 본거라...포스터도 기억안나서 액션인지 드라만지 모르고 본거라 그런지 잔잔함속에 나오는 액션이 맘에들더라구요.. 물론 전 액션을 주로본게 아니라 살인병기로 키워진 소녀가 세상과 만나서 성장하는 이야기에 더 초점을 뒀죠,1
R03218,더러운 영화..퉤!.이걸 개봉하다니.퉤,0
R03219,연기력 좋네요. 잘만든영화 군대 다녀온 사람이면 이해하만한...,1
R03220,"정재영 개인적으로 연기 못한다고 생각하는 배우 중 한명. 어느 역할에서건 좀 비슷비슷한 느낌이 들고 보는 내내 ""이건 연기"" 라는 느낌이 계속 듭니다.",0
R03221,하울이랑 행방불명 본후로 애니에세 심쿵하기는 오랜만이다 두큰두큰,1
R03222,완전 재미있었어요!! 김현주씨 짱!!!!!*^^*,1
R03223,가슴아픈일입니다 순수한인간의가치관을지키는것이정말어렵습니다 일본인으로한국에와서 산를푸르게 하기위한열정과민예품의가치를알았으며 망우리에있는 묘소가화면에나왔을때에는 눈물이흘렀습니다 사랑합니다 아사카와다쿠미,1
R03224,영혼을 믿는 사람이나 볼만한 영화,0
R03225,그냥 막막해지는영화,1
R03226,내 기억속의 막연한 집시를 또렷한 집시로 그린작품.,1
R03227,평점이렇게 낮을영화아님 꼭한번보시고 평가해보세요 정말뜻깊고 재밌음 연기도 훌륭함,1
R03228,연기력0 구성력0 한마디로 병맛..ㅜㅜ,0
R03229,진짜 재밌는영화 인거같네요 ㅎㅎ최고,1
R03230,노먼 리더스 흥해라 흥해라,1
R03231,"성동일, 송새벽의 연기가 참 아깝다. 연기 잘하는 배우인데 영화가 너무 별로다 보니까 아쉬운 마음이 너무 큼. 발상은 좋았는데 그게 전부인 영화. 한국영화가 이러진 않는데.. 그냥 모든게 아깝다.",0
R03232,안젤리나 졸리가 감독이라고 해서 끝까지 봐줬다. 역시 전쟁을 배경으로 한 영화는 남자가 찍어야 정답이다. 감수성이 돋는 장면들이 너무 많아서 전쟁영화를 보는 내내 간지러움을 참을 수 없었던 것 같다.,0
R03233,"이런 영화 또 없나요? 현실적이면서도 고통스럽지 않고, 잔잔하면서도 짜릿하고, 코믹하지만 가볍지않은.",1
R03234,편견까고볼때좋은영화내가볼때참좋다라고할수있는영화,1
R03235,이 좋은 소재가지고 드럽게 억지스럽게 만들었네..,0
R03236,그냥 킬링타임용으로 전락한.. 홍콩 느와르,0
R03237,그들만의 리그. 빠순이들아 고마해라,0
R03238,하하하핳재미있당~,1
R03239,분명히 두시간 가까이 뭐를 본거같긴한데 뭔내용인지 모르겠음.아니지 내용은 알겠는데 굳이 이렇게 연출했어야했나 싶을정도. 이 영화 높은 평점 준 사람들은 알바로 의심될 수 밖에....,0
R03240,재미없는분 따라해주세요 1人,0
R03241,내용진짜지루함 재미없음,0
R03242,아무리 코미디라도 하나같이 다 말이 안되는 스토리 코미디적인 요소도 재미가 없고 뻔하고 유치하고 정말 보면서 화가났다. 1급배우를 이용한 케릭터 비주얼 영화,0
R03243,이 영화가 왜 죽기전에 봐야할 영화100선에 빠져있는지 의심스럽다,1
R03244,액션 영화가 지루하다면 얘기는 끝난 것 아닌가. 도입부만 흥미로웠다.,0
R03245,자신을 OO로만든 여자의 밀린돈 받기,0
R03246,애니메팅부터 엉망이니까 무슨 기계들 연기하는 거 보는줄 ㅡㅡ,0
R03247,영화가 너무 홍콩물로만 가지않았다면 상당히 좋았을~주인공들이 넘 멋지다,1
R03248,"장진 감독 영화라서 봤는데, 작품중에 제일 실망 스러웠다.",0
R03249,10점 줄께... 난 누드에 약한 남자. ㅋㅋ 그래픽만으로는 10점 받아도 될 것 같네... 내용을 따지려면 애니를 보지말고 책을 봐라...,1
R03250,재미없어도 마지막 반전만을 기대했는데 반전은 개뿔... 아무것도 없었다,0
R03251,판타지영화냐 ㅡㅡ,0
R03252,기자평론가는 아무나하는게맞음.대충 끄적이기라도해라.스무고개하냐?너희 나부랭이 행태가 얄미워서 10점준다.그러나 목짧고 얼큰이인 올슨은 미스캐스팅.오늘 본 영화 두개에 올슨만 교집합.아놔~얼굴 참 커.,1
R03253,88년인중학생때 고교관람가 인데도 보고싶어 봤더 기억이 지금봐도 그리 촌스럽지 않고 엄청난 몰입감과 액션을 가장한 휴먼드라마란 멋진 스토리까지 전율이 일던 내인생에 몇안되는 큰임팩트를 줬던 영화였다. 인간을 상실한 사이보그가 다시 인간이 되는 감동,1
R03254,댓글보니까 다 알바네 거의다 조카랑 보러갔뎈ㅋㅋ,0
R03255,쓰레기... 개 쓰레기,0
R03256,주제선택은 좋았는데 스토리전개너무웃김. 겉멋만들었달까ㅡㅡ그리고 목소리짜증나는 이마넖은 여자애가 동성애포비아역할을 하려면 확실히하던가 이도저도아닌 샘쟁이로 앵앵대다가 끝나는게 어색.여튼 배우의 주어진역할들이 이도저도아니라서 영화를 분탕침,0
R03257,온에에보다 재밌었음 ㅋ,1
R03258,이정재 매력,1
R03259,오랜만에 정말 좋은 영화~ 추천추천 강추~!!,1
R03260,과천 시민회관에서 놀아방 애들과 엄마랑 같이본..그때로 돌아가고픈,1
R03261,장진의 자아 도취.심하다..,0
R03262,"이건 도대체 뭔 기준으로 캐스팅을 하는지, 브로니라니....로리타 매니아들만 모여 있는지 원, 쯧음악을 위해 모든 것을 걸고 무대에 나선 탈락자들은 어쩌란겨ㅠㅠ",0
R03263,마녀를 찰지게도 때린다,0
R03264,일찍 일어나는 새가 모이를 먹는다,1
R03265,연기부터 목소리 주인공도 죽엇으면한다아주재미없고이렇게 끔직한좀비영화는처음본다,0
R03266,그냥 일본군과 관련된 이야기라는 이유 만으로 까인다. 웃긴다. 단순한 혐일감정에 지나지 않는다. 충분히 미야자키 하야오는 일본제국의 잔인성과 범죄에 대해 미화한 것이 아니다. 반생중에 무기개발에 참여했다는 것 만으로 그를다룬 작품을 욕해선 안된다.,1
R03267,"어설픈코미디,,",0
R03268,아담 앤 드류는 이때부터..,1
R03269,무료한 무료영화 :- (,0
R03270,수애가 죽으니까 끝나니?,0
R03271,뭐야이건듣보잡인가.,0
R03272,"언론에 비추어진 김정은 체제 아래의 북한을 무조건 적대시했던 오늘날의 남한사회를 다시 되돌아보게 되었다. 남북은 정치적 관계를 떠나 한 가족이다... 우리는 준비가 되었는가, 나는 준비가 되었는가",1
R03273,정말... 너무하다. 내용과 연기 내용 모두 보게된걸 후회하게 만듭니다. 배우들이 아깝단 생각과 어색한 연기가 보는내내 몰입이 안되고 허무함만 들게 했다. 다음번엔 좀더 좋은 영활 만들어주시길...,0
R03274,"강인한 신부님들 위태로이 떨던 몸은, 내 신앙의 부재로 언젠가 내 정신의 현실이 되겠지.",1
R03275,영화는 '잘' 만든거 같진 않지만 난 10점을 주고싶다.,1
R03276,진정한 으리란 무었인가를 느낄 수 있는 영화.,1
R03277,그냥 눈물이 났다,1
R03278,제가 영화계에 발을 들이기 시작한 작품중 하나..,1
R03279,평점 알바들 득실대는 쓰레기 몇몇 한쿡영화보다 훨낫다!,1
R03280,"스토리, 연기정말 꽝이네 임수정 이뻐서 볼려고 했드만 ㅡ.ㅡ;;",0
R03281,강추. 탄탄한 시나리오. 훌륭한 연기. 초심을 잃지 않는 위트들.,1
R03282,강하고 약한모습둘다 잘 소화해낸 연기와 단순하지 않은 액션도 그렇고 역시 이연걸~!,1
R03283,평점이 너무 낮군. 웬만한 국산 공포영화보다 훨 재밌구만,1
R03284,다큐라는데 연출된듯한 에피소드에 사실성두 없구 편집두 이상하구 그냥 종교 다큐,0
R03285,"샤넬의 인생과 성공,이 아니라 샤넬과 그의 남자들",0
R03286,다 필요 없고 남자주인공 조패고 싶다. 나도 남잔데 진짜 청개구리ㅅㄲ도 아니고 말 조내 안듣고 이 영화 보면서 공포를 느끼는게 아니라 분노를 느꼈다 그냥 전문가 불러 색꺄,1
R03287,"그렇게 웃기대서 봤는데, 솔직히 한번도 안웃었고 그냥 저질스러웠다.",0
R03288,이게 영화냐? 니미 ㅋㅋ,0
R03289,"이해하고 자시고를 떠나서 굉장히 루즈한 영화...영화는 그 내용이 우울하던, 음산하건, 밝건 어쨌든 재미가 있어야하는데 보는내내 지루함",0
R03290,아무 것도 남는게 없다..,0
R03291,록산느 메스키다만으로 평점 7은 줄 영화,1
R03292,이런식상한 줄거리는 나도쓰겠다,0
R03293,본시간이 아깝다 어휴...,0
R03294,진짜 보는게 힘이 들었다.. 리얼 노잼..,0
R03295,아무리 더주고 싶어도 이거밖에줄게없다.양조위라기대했는데.이건 웃긴것도 아니고.ㅉ,0
R03296,진짜 지금봐도 재밌음...,1
R03297,정말 내 생애 최악의 영화중의 하나.코메디도 이런 코메디가 없다.,0
R03298,내인생 최고의 영화에요 두고두고 보고싶은영화!,1
R03299,네드의 순수함은 비현실적이라 좋앗지만 작품은 꽝이다 이런걸 영화라만들다니,0
R03300,용식씨^^언제~~ 엄마 찾나요?~~ 꼭찾길~~파이팅^^,1
R03301,잼없다 첨으로 보면서 졸았다,0
R03302,사랑은 결코 미안하다는 말을 하지 않는...,1
R03303,"아이들에게 좋은 부모, 삼촌, 고모가 될 수 있는 절호의 찬스 ㅋㅋㅋ",1
R03304,유치+성우개판,0
R03305,롭 마샬 감독을 어디서 봤나 했더니... <숲 속으로> 보고 어처구니가 없어 감독 필모그래피를 검색했는데 <나인> 감독이었군. 알만 함. 왜 영화가 그 꼴 났는지. <시카고> 는 신 내림 받고 만들었나?,0
R03306,무리수 장면마져 재밌다,1
R03307,제발 빨갱이들은 이북으로 다 보냈으면 좋겠다.,0
R03308,박상원 나왔던 예전의 인간시장보다 못하네..,0
R03309,3점. 알맞네ㅡㅡ,0
R03310,이런무거운소재를 다뤄서 이슈화시키려는의도는좋았으나 개인적으로 재미가없었다. 흐름이매끄럽지않은듯한 느낌. 오열신은 대단했으나 동호의연기가더대단해서...짜증났음 왜이렇게밖에못만들었을까...까비,0
R03311,"고수찬양! 눈으로 연기하는 고수, 아 멋집디다.",1
R03312,"극장판 왜 만들었지? 아야세 하루카 예전에 매력 쩔었는데, 이번 극장판에서는 그다지 매력 없다.",0
R03313,엄정화 이젠 아줌마느낌이네요. 싫어하진 않지만 이젠 벗는 연기도 좀 부담스럽네요. 앞으로 자제좀 했음 좋겠어요.,0
R03314,캬 성룡 전성기 영화 진짜 개꿀잼,1
R03315,정말 잼나게 보고 있어요,1
R03316,재미없네.. 그냥 내 의견임... 스토리라인도 별로고,0
R03317,평점이 너무 낮내요 정말..;; 진짜 액션이 끝내주고 화끈한 영화에요,1
R03318,밑에 분...생트집 잡으니까 좋아요? 불쌍합니다 당신의 냉전논리. 영화 최고!,1
R03319,오랜만에.... 진짜 재밌는 영화 봤다. 2는 안 나왔나?,1
R03320,이것은 명작이다,1
R03321,박수칠때 떠나는게 어떤가? 평점이 모든걸 말해주고잇다!!,0
R03322,스릴러? 함부로 말하지마.. 이건 그냥 쥐뿔도 없어,0
R03323,뚜힌으로 나온 저 배우도 참 으로 귀엽더라고요 ㅋㅋ,1
R03324,마블 영화중에 가장 최고라고 말할 수 있다,1
R03325,굉장히 기괴스럽고 마니아틱한 영화일거라고 생각했던 걸 산산조각으로 부서지게 만든 영화. 선입견을 가진 게 미안할 정도였다. 스토리도 잘 짜여있고 뭣보다 해골캐릭터에게 내가 이정도로 호감을 느끼게 될줄은.. 아름다운 영화다.,1
R03326,장르성이 강한 영화이다. 조지클루니에 딱 맞는영화!,1
R03327,여자 꼭지하나 안나옴,0
R03328,난 이영화 별로야,0
R03329,올티떨어지면이건말도안되는거다진짜 솔직히 올티가 우승임..,0
R03330,소설보고 평점10점주지마!!!영화를 직접봐란말이다 할말이 없을테니...,0
R03331,귀신영화가 곱등이영화로 변질됐네 ㅉㅉ,0
R03332,"인물들의 캐릭터를 정말 잘 잡아낸 미드, 배우들도 대단하지만, 그보다 작가들이 더 대단하다고 생각한다. 특히 드와이트가 대단!! 마이클도 끝까지 함께했으면 좋았을텐데.. 그리고 이거 다 보신분은 원작 영드로도 꼭 보시길.. 영드가 더 괜찮았던걸로 기억",1
R03333,가급적 보지 않는 걸 추천합니다,0
R03334,우리나라사람들도 많았었다는데..... 일본 진짜쓰레기민족 전쟁나면 똑같이죽여야할놈들이야 개뻔뻔한놈들,1
R03335,톱스타들의 대거등장... 정말 재밌게본 영화 강추!,1
R03336,it sucks,0
R03337,아무리~ 봐도 질리지가 않아~ ^^,1
R03338,그냥 동물농장 보는게 더 잼있다,0
R03339,짧지도 않게 느껴지고 다 보고나서 허무하지도 않았다. 깔끔하게 잘봤다.,1
R03340,비밥 그 자체다. 내 인생 최고의 역작.,1
R03341,아 지루하고 톰크루즈 역시 매력없다...아진짜 답답하네 영화가,0
R03342,긴장감이 없다,0
R03343,어릴때 보는거랑 커서 보는거랑 또 감흥이 새롭다 벌써 14년이 지나다니 언제 봐도 질리지 않고 마음이 따뜻해지는 영화 ㅜㅠ,1
R03344,괜찮은데? 허나 알리슨 로먼이 벗은건 충격 -_-;;,1
R03345,너무 재미있었다...눈을뗼수업다..,1
R03346,아니 반전이너무 터무니없엇다 영화몰입도는괜찮앗지만 임창정에 사투리연기가어설펏다,0
R03347,닉vs여주 핵발암 핵쓰레기 두명땜에 도데체 몇명이 피해를 보는거냐 ㅋ..,1
R03348,연출도 3류인데 에로씬마저 볼품없다. 틴토가 제작한건 맞니? 크레딧에서 못찾겠더라~,0
R03349,마지막횐가요 ? 거동도 못할 정도로 맞고 양손으로 사칼막느라 온몸에 힘못줄텐데 바다에 들어갓으니 바둥댈 힘도 없을것이고 피부가 노출된 부분이 많아 바다의 염분 때문에 탈수증세도 금방오네요.바로 익사해야 정상인 상황보여주고 끝나네요ㅋㅋ하지만 살겟지ㅋ,0
R03350,좋은 영화 그런데 외국 영화에서 비슷한 스토리 영화를 본듯하다 거기서는 치즈마왕인가가 나오고 진짜 미래에서 온 외계인 이라는 점은 다르지만 스토리 전개가 비슷 그리고 진짜 실화인가요??,1
R03351,"무더위가 지리하던 어느 날, 버스 안에서 발생. 다시 보고 싶다.",1
R03352,알리시아 실버스톤 최고로 이뿌고 사랑스럽게 나온 영화,1
R03353,포스터 제대로 낚시네..-_-스태덤나오긴하지만 액션이런거없고 그냥 돈필요한 사람들끼리 모여서 러시안불렛하는 이야기임.... 스테덤 액션 기대하고 보면 망한다는뜻... (액션없음) 그렇다고 막 영화자체가 긴장감이나 긴박감이 넘쳤던것은 아니었어요...,0
R03354,흥미진진했다,1
R03355,이감독 좋은시나리오 망치는데 일가견이 있는듯... 인사동 스캔들도 그렇고,0
R03356,"마지막회시청률 3.2%라?이것이 1000만관객을 동원한 여배우의 힘인가?아니면,누군가를 왕따,이지메 시킨걸로 유명해진 그분?의 출연때문?정말 의지...가 느껴지는,시청률.효민이,막내 아름이 앞에서 좀 창피하겠다.소연이 쪽 해운대연인들도.개박살났고...",0
R03357,시네마천국같은영화에비하면이런건 막장OOO기영화,0
R03358,에플렉이 망해가던 시기의 작품도 아닌데 이상하게 재미없다,0
R03359,봐도봐도 재있음!영화관서 안본게 넘 유감이네,1
R03360,마리사 토메이를 보기 위해 쓰레기 똥통을 시청하는 위험을 감수하다.,0
R03361,마지막까지 반전이나온영화 재미있게 봤어요,1
R03362,건조한 일상의 힐링이 되는 영화네요~ 친구와 연인과 가족과 함께 따듯한 마음 느껴보면 좋을거 같아요~,1
R03363,종교분쟁의 비극이 평범한 서민들에게 미치는 악영향에 대한 탐구.. 올해 개봉영화 중 수작에 속한다.,1
R03364,동원이동주 넘~예뻐요 진짜택연닮아 잘어울려요 .물이도귀염^♥^,1
R03365,현실이 이렇게 해피엔딩처럼 행복한 사회였다면,1
R03366,너가 만든 영화 제작비 10%만줘봐 너보다 퀼리티 좋은 영화 만들어줄꼐,0
R03367,뻔한내용이지만 해피엔딩 기대했는데.... 마지막에 막장이네,0
R03368,비밀을 내가 안봐서 비슷한건 모르겠고.. 그냥.. 태양은가득히 너무재밌어요!! 전개도 빨라서 완전 흥미진진ㅋㅋㅋ 특히 윤계상씨 연기가 쩌네요,1
R03369,꼭.. 혼자 보러가시길 추천합니다.,1
R03370,역시 사람은 겉모습 만으로는 판단하지 말라는 교훈을 주는 영화 ~~~~~~,0
R03371,감동의 물결,1
R03372,시간 아까운영화 짜증나서 보다 말음한국영화는 돈주고 보지말아야한다,0
R03373,누구나 요리를 할 수 있다.아무나 위대한 요리사는 될 수 없다.그러나 요리사는 어디에서든 나올 수 있다.,1
R03374,악인은너무많다..내가독립영화를좋아하는이유를대변해준다!!,1
R03375,칠공주에 버금가는 졸작 짜집기 스토리에도 이제 질렸수다,0
R03376,이수정이 캐스팅되었다는건 관객들이 기대하는게 있다라는 뜻이다. 그 기대를 무참히 저버린 영화,0
R03377,확실히..1탄은 초3떄 친구들이랑 극장가서 재밋게봣는데 2지금보면 너무유치...,0
R03378,유이랑적합하지안음,0
R03379,지루하고 진지하고..현재는 구하기도 힘든 작품.,0
R03380,좋습니다 다만한가지 아쉬운점이 남는다면 아이들용으로 조립식 장난감도나왔쓰면하는바랍입니다,1
R03381,전설의 고향답게 평점이 4.44네 지키자 4.44,0
R03382,"우리 동해오빠 특이오빠 희철오빠 려욱오빠한테 한번만 실험해보자 , &lt-",1
R03383,달달한 로코에 이렇게나 멋지게 어울리는 배우라는 사실을 왜 이제야 알게된건지!!!!앞으로도 이런 달달한 모습 좀 많이 보여주세요!!!!,1
R03384,나름대로 돈도 좀 쓴영화 같은데.. 보다가 티비 부쉴 뻔했다..,0
R03385,오호,1
R03386,내가 본 영화 중에 가장 최악이었던 쓰레기 영화,0
R03387,"이야기 전개가 쉽게 예측되는 각본, 유치하고 한심한 범죄로맨스물",0
R03388,"오늘 다시 봤는데, 진짜 명작이다.. 박보영 차태현 캐미가 터짐.. 연기도 쩔고..",1
R03389,우정드라마..,1
R03390,배우들의 연기도 좋고 스토리도 탄탄한 듯~ 하반기 기대되는 대작입니다. 특히 서인국씨와 이성재씨의 눈빛연기 최고였어요!!!,1
R03391,갑이다,1
R03392,다시봐도 좋네요..,1
R03393,잔잔한 감동을 줍니다. 오랫동안 여운이 남을것 같습니다. 그리어가슨의 기다림!!,1
R03394,조용하다못해 지루했다. 막판엔 시계를 계속 쳐다봤다. 그래도 조금 공감은 갔다.,0
R03395,밝히는 척하고선 노출하나 없으면 머하자는 건지ㅋㅋ 일점밖에 없어 줌,0
R03396,잼는데,1
R03397,여자친구랑 같이보러갔다가 맞아죽는줄알았다. 이뭐병.. -_ - 완벽한 페미 영화다.,0
R03398,적당평점은 한 5점 주고 싶은데 평점조정위해서 1점,0
R03399,3월4일이 너무 기다려지네요...^^,1
R03400,요한슨의 아름다움만으로도!,1
R03401,음악이 모든것을 말해준다... 개인적으로 에미넴 노래중 8마일 OST가 제일 좋네요,1
R03402,완전 시간낭비..주인공 여자는 더 짜증난다..감독이랑 한번만나보고싶다..,0
R03403,광장한 차들이내요`,1
R03404,시작부터 맘에안듬,0
R03405,삼류일줄 알았지만 일류일거라고 예상못했다.. 정말 스토리가 예술이다,1
R03406,유치해도 잼있음,1
R03407,긴장감이 너무 없다...,0
R03408,인간이란게 뭘까?...,1
R03409,ㅡㅡ 서울도심을 쑥대박 만들고 군사분계선 넘었다고 살려보내는 클라스.. 감독이 미쳤어요.. 0점 없는게ㅜ아깝다.,0
R03410,킬링타임으로도 아까운걸...스텝업4나 기다려야지,0
R03411,최악이네.. 이게 과연 영화일까..???,0
R03412,"절대로,그 어떠한 경우에도,리메이크 하지 말야야 할,제일 첫번째 순위 영화 !",1
R03413,감동적이다...ㅠㅠ무엇보다음악이훌륭함,1
R03414,엄마 내 이름 코난으로 바꿔죠 --1983-,1
R03415,너무 재미있었다.,1
R03416,최악의 외화중 한편입니다......끝까지보기도 힘든영화죠 정말별로......,0
R03417,네놈을 살려두기엔 쌀이 아까워!,1
R03418,진짜 작가 어떤놈인지 잡아죽인다.,0
R03419,재밋네요 천만돌파할듯한 명작.,1
R03420,오글거리고 유치함. 심지어 한효주 실체를 알고 보니까 웃는모습보면 소름돋는다,0
R03421,니코니코니~ 사랑과 야자를 전해주는,1
R03422,그렇고그런 영화들이 언제나 그러하듯이 멋진 포스터와는 달리 내용은 멋지지 않다.,0
R03423,이건뭐임ㅋ.ㅋ.ㅋ.ㅋ.ㅋ.내꿈이 성운데 진심 나중에 저런일 있으면 어이없겠다ㄷㄷ애들은 잘못이 없으나 부모는 있지 않을까 저거 더빙하는 것도 부모동의도 있어야할텐데...,0
R03424,80년대 과일시리즈.. 그 아른한 추억.,0
R03425,똥연기에 똥각본.. 별점이 4.5씩이나 되다니...,0
R03426,이단헌트판 첩혈쌍웅 스파이야 곡예사야 오우삼 다신 영화 찍지말길,0
R03427,어릴때 봐도 재미없는 심란한 코매다물,0
R03428,아 뭐임 왜 중국사람이 엽기적인그녀2에서 나오는 거냐고!! 우리 태현오빠랑 빅토리아가 찍는다고 당장 내려라,0
R03429,딱 좋은 전형적인 일본영화!!,1
R03430,그놈에 라흐마니노프...,1
R03431,내가 목욕탕에 금붕어풀고 비비탄총들고 스마트폰으로찍어도 이거보단 재밋갰내 ㅡㅡ 내용이며 연기 다OOO이고 핼기날아댕기고 총쏘고 미사일 날리고 그래픽이씨1발 가관이다 ㅡㅡ,0
R03432,"마지막 한 판 승!! 줄리아, 윈~! ^ ^)/",1
R03433,토니스콧은 절대 실망시키지 않는다 뛰어난 연출력,1
R03434,완전; 쵝오 쵝오입니다... 완전 좋아요,1
R03435,소재는 좋았다 하지만 딸아이때문에 빡쳐서 암걸리는줄 알았다 결말도 결국 꼬맹이때메 어우 빡쳐 분노바이러스 걸릴꺼같다,0
R03436,여러분 이런 짱개같은 짝퉁은 놔두고 맷이 4편으로 복귀한답. 2016년 개봉 예정.,0
R03437,공포라기보단 서스펜스다!! 놀이공원의 공포체험관에 간듯한 느낌?!,0
R03438,조금 어려웟지만 결국 의미가 있고 사랑이 있는 영화,1
R03439,"1편에 비해서,너무 후지다.캐릭터디자인재조정은 나름 괜찮았지만,그뿐...시로마사무네의원작에비해서,너무 철학이 부재한 작품이 아닌가한다.오시이마모루의공각기동대씨리즈와비교해도,너무 수준차이가 심하게 나는편.원작은,어딘가 심오하고,방대한 이야기를 담은 작품",0
R03440,쇼생크 탈출 만세...!,0
R03441,"10점 영화는 아니지만, 평점이 너무 낮다. 중년 여성의 삶을 적절하게 표현한 것 같다.",1
R03442,깊은 생각을 준다곤 하지만 개뿔 그럴꺼면 웃기지 않게 하던가 괜히 코미디는 지향하네,0
R03443,네다홍ㅋㅋㅋ네다홍ㅋㅋㅋ,0
R03444,정말 엿같다~~ 우엑~~~아이씨 .짜증나~~~,0
R03445,평점보고 본 초딩인데요.연령대는 좀 저학년 정도 되야 재미날것 같네요물론 어떤분은 재미나게 보셨겠지만 저는 차라리 이거말고 다른영화를 보시는게 더 나을듯??판타지인데 좀 뻔하고 내용이 잘 안이어지고.판타지지만너무말이안되요.초3이하는 볼만 합니다,0
R03446,저 90년대 생입니다. 최근에봤구요. 엄청 울었습니다.,1
R03447,답이 없네,0
R03448,결말이 어떻게 되는건가요? 아시는분 댓글좀 남겨주세요 서류 봉투 안에 뭐가 들어있던거죠? 앞부분으로 못봐서 고양이는 뭐가 있을줄알았는데 그냥 도망간건가요? 그냥 바람핀 남친 죽고 끝난거? 무슨 영화가 점점 산으로 가더니 그냥 끝나;;,0
R03449,평범한 공포영화,0
R03450,아나 알바평점쩔게주네 ㅋㅋㅋ 내가보기에는 존나 시간아깝기만하고만 그냥 쓰레기영화 ㅋㅋㅋ,0
R03451,정말 실망스러운 영화...,0
R03452,"최악... 지루함의 극치는 둘째쳐, 대체 이렇게 잡스러운 영화는 또 뭐니?",0
R03453,자기색깔을 내려는 시도는 있으나 방향성이 없다,0
R03454,어떻게 사기꾼을 미화하나.. 참 한심하다. 그저 쓰레기같은 영화일뿐 그 이상도 그 이하도 아니다.,0
R03455,조니뎁 장난아니내 개쩐다,1
R03456,이 영화는 뭔가~~! 무엇이길래 잘려고하는 나를 붙잡고있는건가....!! 정말 알고싶다ㅠ,0
R03457,재미없어서잘안봣는데 오늘은재미잇는듯!유쾌햇당ㅎㅎㅎㅎ근데 옛날에햇던연예인들이좀그리운거가틈!,0
R03458,환자의입장도 의사의입장도 정말 공감공감! 최고!,1
R03459,핵재밌었는데 평점이 왜 저정도뿐이 안대는지이해불가.. 반전이 조금 평점을 깎긴하지만 7점이상인데 ..,1
R03460,이건 10점 만점에 1000점을 주어도 모자르지 않다,1
R03461,너 이 그지같은 배급사 진짜 저걸 그냥 아오,0
R03462,주피터 어센딩의 허접함과 너무 비교된다!,1
R03463,사랑스러운 영화이다.,1
R03464,내가 제일 좋아하는 한국영화예요~,1
R03465,ㅋㅋ 장면 하나하나다 창의적이다 ㅋㅋㅋㅋ 꼭봐라진짜 이거만든 감독 천제야 ㅋ,1
R03466,"꿈이란 , 행복의 다른이름..",1
R03467,손발이 오그라드네요..................,0
R03468,영화관가서 본 영화중 처음으로 존 영화;;,0
R03469,이거보다 취권이 훨잼씀,0
R03470,무조건 10점 정말 재밋습니다.,1
R03471,감정적으로 동화되기 힘든 스토리. 그런다고 치유가 되나.,0
R03472,애증이 교차하는 싸이코 무비의 정수,1
R03473,최정윤씨 쌍꺼풀수술한거예요? 왜갑자기 쌍꺼풀이두겹이되서 눈을못뜨는지ㅡㅡ 보는사람도 부담스럽네요~ 전에속쌍껍일때가 이뻤는데.... 그리고 김혜선아줌마 연기좀...제발... 이젠 부들부들연기볼때마다 웃으만ㅋㅋㅋ 중견연기자 맞으신지?,0
R03474,그냥 별로다....내시간 돌리도 ㅠㅠ,0
R03475,귀여움 가득한 어른동화,1
R03476,게이를 떠나 사람과 사람간의 사랑이 애절해보이네,1
R03477,코믹? 뒤로 갈수록 시사회 온 사람들의 웃음소리만..어이가 없다..;;;,0
R03478,귀여운 포스터와 신하균...장진,1
R03479,묘하게 좋다...,1
R03480,역시 수애는 멋진여자다.연기도 넘잘해.,1
R03481,일본 특유의 지나친 여백과 지루한 플롯.. 중간에 보다 못 보겠음,0
R03482,솔직히 지루햇어요ㅠ,0
R03483,너무 좋은영화에요 긴장감도 있고 때론 훈훈하고,1
R03484,어쩌다 한번씩 꼭 보게되는데 그때마다 가슴을 울리네요.,1
R03485,장근석이 왜 나와 ㅋㅋㅋㅋㅋ,0
R03486,따뜻한 시선으로 바라보면 모든것이 사랑스럽다.,1
R03487,"정일우의 발연기, 깨는 나레이션, 밋밋한 일드풍의 연출.. 화면 때깔만 좋더라~",0
R03488,"목표를 달성하니 하나의 목적에 눈이 멀어 그동안에 보지 못했던, 혹은 애써 모른척 했던 것들이 가깝게 다가오는 듯하다. 은퇴자들이 겪는 마음이 아마도 그런 거겠지?",1
R03489,"끝나기 기다려지는 영화, 좋은극을위해조연들의연기가얼마나중요한지여실히보여준다",0
R03490,취향만 맞다면 놓치기 아까운영화^^하지만 대다수 사람에게는 최악일지도.. ..,1
R03491,답답할 정도로 고집스럽지만 한번 마음먹은일이면 끝까지 해내고야 마는.. ^^,1
R03492,보면서 계속 눈물이 나네요.. 타지에서 혼자있는데 엄마보고싶다..,1
R03493,어처구니 없다 ㅋㅋ 첨에 어리버리인주 알았는데... 마지막까지 어리버리적인 표현으로 느끼게 하는구나ㅋㅋ 어리버리가 무서운넘이 었다가 친했다가 살인없는 영화 다만 마지막 같은 부서 후배는 어찌될지..,1
R03494,서로 사랑한다는데 축하해주면 덧나나?,0
R03495,아프리칸 쉰들러 리스트,0
R03496,"어찌보면 단순한 러브스토리기도 하지만, 감동이 있네요~",1
R03497,현실성도 떨어지는 스토리를 예술로 보여지게 하려고 노력했지만 성의는 없었다.,0
R03498,지금 만나러 갑니다. 주말에도 갑니다~,1
R03499,왜 이 영화가 8점대인지 이해가 안감.,0
R03500,섭섭하지만 좋고 멋진영화,1
R03501,정말 영상미넘치고 잔잔하고 아름다운영화 간만에 좋은영화봤네요ㅠㅠ,1
R03502,아주 재밌진 않았지만 머그런대로 ~~~~~~~~,0
R03503,내 마음의 평화도 좀 지켜주지,1
R03504,유쾌하고 처연한 우리들 이야기,1
R03505,역겨운 프로파간다.. 영화로는 쓰레기!,0
R03506,Master Piece로 승화된 아름다운 사랑이야기,1
R03507,이 영화를 보는 순간 모든 의심은 사라졌다. 일본은 액션영화 찍으면 안된다.,0
R03508,전작의 명성에 똥칠하는 망작,0
R03509,평점이 왜이러냐,1
R03510,보는 내내 눈물이 마르지않았습니다,1
R03511,감정이 있는 동물 그것이 욕구이다.,1
R03512,이런 영화를 또 볼 수 있으면 좋겠다,1
R03513,유치하지만 잼잼있어용,1
R03514,"정말, 뭐가 재미있다는건지..처음 귀신전화때문에 별반개",0
R03515,7번방의기적이후로 평점낮게주려고 로그인한 영화는이게 두번째다. 아주그냥 개똥같은 영화임,0
R03516,"가히 ""좀비""스러운, 스토리와 연기력.",0
R03517,오랜만에 생각나서 다시 봤는데 역시나 눈물콧물 ... 먹먹하다. 정말 명작이다,1
R03518,빛나는 비주얼과 실종된 내러티브. 장편영화 대신 CF나 뮤직비디오 연출하면 어울릴듯,0
R03519,진짜 집에서 보다 끔,0
R03520,어디선가 많이 본 흔한 스토리,0
R03521,와 77년도에 봤으면 정말 재미있었을 액션스릴러영화!,1
R03522,고양이는 있다 참 재밌습니다 150부작까지 가주세요,1
R03523,솔직히 원작이 더낫다.흑백이지만 무서웠다.,0
R03524,귀엽고 재미있었다. 이준기 말도 잘하고 시키면 다하네..주늑도 안들어..ㅋㅋ 노래도 불러주고.. 요즘에 봤음..확실히 어려보여 귀엽고 지금은 상남자 같던데..,1
R03525,처음엔 정신이 피폐해진것같아 불쾌했다. 막연히 걱정하지만 넘겨버릴법한 범죄상황을 실감나고 섬세하게 묘사한 감독이 대단하다... 박진감은 넘치지만 억지상황이 난무해 문단속의 중요성을 잊게 한 불사여인의 비현실 영화 '숨바꼭질'이 문득 생각난다.,1
R03526,생각보다 볼만하고 평점이 너무 낮아 10점줌 냉정하게 7.8점 정도 영화임...,1
R03527,3가지 시리즈중 가장 멋진 반장의 카리스마~!!,1
R03528,아~ 진짜 조금만 더 손 좀 보면 왠만한 상업 영화 못지 않게 퀄리티 쩔게 만들어 질 수 있었는데 아쉽네요 그래도 충분히 재미있었습니다 개인적으로 조금만 더 잔인하게 더 자극적으로 노출씬도 화끈하게 했더라면 어땠을까 하는 국산영화라 많이 아낀 듯 보임,1
R03529,이정도면 만족할수있는 B급괴수영화 재미있고 스릴있다,1
R03530,"난 생 처름 소장하게 된 영화. 잔잔하고 이쁜, 거부감없는 퀴어..",1
R03531,이게무슨 한국만화냐 ㅡㅡ,0
R03532,현재오라버닝 사랑해유~♥,1
R03533,언제봐도 질리지 않는 진짜 명작.,1
R03534,화려한 영상 빼고는 볼거 없는 영화,0
R03535,무성영화인데 지루함 전혀 없이 사실감이 있고 계단에서의 학살하는 장면은 꽤 충격적,1
R03536,JFK를 지키지 못한 죄책감에 시달리는 이스트우드옹 적역.말코비치는 악역연기의 신,1
R03537,아 진짜...침 토 입냄새 이런걸로 코믹치지마 연출자야.티비로 보다가 비위상해서 채널돌림요새 저런 더티개그는 한물간 웃찾사에서도 안쓰겠네스토리전개도 억지스럽고 타임킬링용으로도 보기싫다,0
R03538,쓰레기드라마 쓰레기작가,0
R03539,이런게 진짜 쓰레기영화지 스토리고뭐고 말도안되는상황인데 억지로끼워맞춰서 죽이네,0
R03540,뭔가 담아내려고 했다만 그 뜻의 전달과 묘사 방법이 석연찮다.,0
R03541,평점이 왜이럼??어두운 분위기가 정말 매력적이었는데..,1
R03542,가버린줄로만 알았던 기회란것을 잡은 어떤 한 인간이 영화의 초점아닌가.,1
R03543,감독이 약 처먹고 만든 것 같음 비급도 아니고 내 인생 최악의 쓰레기 중에 쓰레기 저질스토리 전개이 보다가 어이없어서 평점 달기는 처음이네,0
R03544,시청률이 뭐라고 개인적인 방안에서 둘의 싸움까지 내보내냐 이게 사람 상식선에서 할수있는 짓들이냐 제작진 전부 다 옷벗어라 촬영할 자격없다 진짜 이슈에 미쳤다지만 이건 사람하나 매장시키는건데 진짜 돌앗다 지금 악플들봐라 너네가 한짓들이다,0
R03545,친구랑 같이 보는데 무서워 디질뻔했어요 ..; 존나 잔인해요 ㅜㅜ,0
R03546,책은 모르겠는데 영화는 최악 그자체고 쓰레기다 무슨 감독도 개 OO같은 조무래기가 찍은 허접한 영화가지고 뭔가를 느꼈네 어쩌네 하는데 어이가 없다 백인 애새끼들이 장난이라는 명목으로 집단구성하고 누굴 죽이고 내용도 그딴거밖에 안나오고 그거에 대해,0
R03547,지루하긴하다..,0
R03548,뭐지.. 왜 만들었을까 싶음. 감독의 자전적 이야기를 풀어내고싶었던건가.. 찌질하고 어이없는 시절을 보낸 지금의 우리 중 누군가를 만든 얘기지만.. 걍 별로였음. 파수꾼이 연상됨. 글고 스크린채널에서 욕을 하도 잘라버려서 몰입에 방해됐음.,0
R03549,아 진짜 일베색희들. 또 선동당해서 평점 깎으러 왔네. 영화나 보고 평가해.,1
R03550,가까이서 소통으로 그렇게 맞고 산다는 게 말이 되니. 차라리 만화를 보지.,0
R03551,"소치올림픽기념^^ 우정,가족,꿈,용기,유머,명대사 등 모든것이 완벽한 영화.",1
R03552,당시에도 재미 없었던 돌프의 대표작,0
R03553,이딴걸 영화라고 내가 봤으니 할튼,0
R03554,정말 눈이 호강하는영화 다시봐도잼있다 스텁업은 1이진리,1
R03555,영화 전체에 걸쳐있는 음습함이 압권이다. 엄청난 공포 영화. 깜짝 놀래키지 않고도 이정도로 식은땀을 흘리게 하다니...,1
R03556,중국으로 밀항가는 전게로 드라마3부작으로 만들었으면 좋겠다,1
R03557,0점은없나? 아나 완전 쓰레기영화네ㅡㅡ 이게무슨 로맨틱코미디야 미친듯리 소름끼치는 스릴러구만 ㅡㅡ 아나..,0
R03558,너무너무따뜻하고예쁜영화네요 최고예요,1
R03559,토~시~오~ 이건 뭐 무섭지도않고 뭐야 이거 ㅡㅡ,0
R03560,귀여운 여인의 명성을 등에 업고 혹시나 해서 또 만든 졸작,0
R03561,"정말 재밌습니다. 액션이 너무 시원하고, 이야기도 완성도가 높습니다. 시리즈 다 봤는데 전부 다 재밌어요. 정말 보고 스트레스 다 풀렸네요~ㅎㅎ 강력 추천입니다~!!",1
R03562,최고의 작품 ㅎㅎㅎ^^,1
R03563,최고의 영화인거같다.. 있을때 잘하라는말 괜히 있는말이아닌듯...,1
R03564,이 영화 진짜 심하다 ㅋㅋㅋ,0
R03565,카우프먼의 비 현실적인 상상력과 존즈의 현실적인 연출력의 결합.,1
R03566,"너무 감동적, 아낌없이 사랑을 표현하자.",1
R03567,순수하게 생각하게만든다. 역시 배우는 연기와 재능보다는 역할과 시나리오로 만들어진다는걸.,0
R03568,"av계 장수 배우 ""호노카"" 라는 것에 의미가 ^^&",0
R03569,갑자기 또 뭔상황이야 ㅋㅋ,0
R03570,개꿀 이걸 이제 보다니 한지민 여신 와 ㅅ ㅅ,1
R03571,다른건 예전 영화니까 그렇다쳐도 어떻게 일반 공구로 슈퍼맨 머리카락을 잘라서 가져가냐,0
R03572,별로...재미없음 ㅠ.ㅠ,0
R03573,원 지 협 에서 나왔습니다,0
R03574,여운이 남고 먹먹하게 만드는 영화네요.스토리 연기 모두 최고입니다. 오래 전에 나왔는데 이제야 보다니.말로 표현하기 힘듭니다. 지금 연기파 배우들이 이때 약간 앳된 모습으로 나오기도 하고. 진짜 영화 본 느낌입니다.,1
R03575,"전개 방식이 독특해서 2점. 그걸 빼고나면 습작수준. 더불어, 의도가 뭐였건 여성의 순결에 집착하는 모습은 풍자를 넘어 참고보기 힘들정도다",0
R03576,재미도 감동도 없는 영화 차라리 스웹트 어웨이를 보시오,0
R03577,두 여인의 연기력은 대단하다. 케시 여사와 제니퍼 제이슨 리는 천잰가봐. 저 역을 누가 대신할까,1
R03578,잔잔하고 따뜻한 이야기....한국애니라면 별5개일텐데..ㅎㅎ,1
R03579,간사람과 남은사람.,1
R03580,박중훈씨는 사람이 밝아서 그런가 너무 해피엔딩을 좋아해. 이 스토리에서 좋게 끝내려니까 완전 어색하잖아,0
R03581,소설 안봐서 내용 이해안되는게 너무 많음 중요한건 다뛰어넘고 그냥 폭풍의 언덕 30초 압축느낌 ㅡㅡ카야때문에 2점이라도 줌,0
R03582,존경할수 밖에 없다. 누구든 보면 알것이다. 감격스러움을..,1
R03583,모든 한국인이 클레멘타인을 열 번만 본다면 일본을 우리 식민지로 삼을 수 있을 터인데..,1
R03584,완전 재밌다>_!!,1
R03585,네로 소년과 늙은 개 파트라슈의 아름답고 감동적인 슬픈 이야기,1
R03586,꽃님이 한평생 떡치가 끝나네...,1
R03587,경규야 이제 마이 묵어따 아이가 고마해라,0
R03588,어이없네 완전비추 금발다똑같이생겼네 다이안이랑 베티가 다른사람인줄,0
R03589,이건이건... 영화가아니야.... 무슨짓이야이게... 내 시간어쩔꺼야....,0
R03590,엄청난 수작. 당시의 흥분은 아직도 생생,1
R03591,진심으로 재미없음. 최악,0
R03592,무슨초딩영화냐..;,0
R03593,아무리 오리지날에 못미친다해도 브이는 최고임 제인 배들러 쵝오,1
R03594,아진짜 .. 시간이 아까운 영화;; 이런걸 만든 감독은 다시는 영화를 만들지 않았으면 하는 바램이 ;;,0
R03595,졸잼졸잼졸잼소름소름소름소름,1
R03596,완전재밌게본영화에여^^저도태권도배우고있는데역OO차기가완전화려하네여^^재밌기두웃기기두하구요태권도발차기가짱^^,1
R03597,너무 감동적임!!!♡,1
R03598,에효 열라구 재미없네...,0
R03599,진짜..이 배우들 가지고 이런 영화를..아깝다,0
R03600,스토리 ㅈㅈ 평점오바,0
R03601,지금도 나을 건 없지만 그 당시 참 미스테리했던 한국영화.,0
R03602,한지가 소재라길래 봤는데 이야기가 너무 열린결말이다못해 결론난게 아무것도 없다,0
R03603,재미있는데 시청률은 낮네요 무신 넘 잼나요,1
R03604,연기. 스토리. 너무 완벽해요.,1
R03605,초딩용 영화는 기본적으로 더빙 좀 해라,0
R03606,망한 영화,0
R03607,촌스러운 가면을 지닌 탐정.,0
R03608,이거나 드슈~!!ㅇㅇ,0
R03609,하...정말 너무나 슬프다...,1
R03610,이게 한쿡영화의 현실!!!,0
R03611,영화를 보고 나서 백남준과 벌거벗은 임금님이 생각나는...,0
R03612,"영화는 영화로 평가해야지, 비급 에이급 나뉘는 기준은 뭐냐 또..",0
R03613,앤디가르시아 이름만 있을뿐 아무것도 없는 영화,0
R03614,그냥 순수하기만 하다,0
R03615,"입사시험에서 사람 패고, 고문하고.. 결말은 완전 어이없고.. 시간 아깝다.",0
R03616,졸 밋밋한 영화,0
R03617,역시 ABBA는....,1
R03618,"아 이 영화 다시 보고 싶다..어디서 보나,,,",1
R03619,진전도없고 맨날 그자리 ㅡㅡ그 스토리.짜증나죽겠네ㅡㅡ 보는내가 ㅂ,0
R03620,재미가 없구나...!,0
R03621,꼭 저 천국에선 맘편히 행복하게 평생을 살았음하고ㅂ바래봅니다..ㅠㅠ진짜 보고싶습니다ㅜㅠ,1
R03622,이거 ( 개인적으로 ) 너무 좋더라...,1
R03623,2.22가자아아!!,0
R03624,사랑스러운 오드리햅번의 명작이다,1
R03625,무조건영화만까는색이들머임...너무재밌다..솔직히평점보고 볼까말까도걱정했는데 진짜잼있다 ㅎㅎ몇개념없는 인간들때매 평점이내려갔지만 영화는 정말잘만든거같다 여운도남고 ㅋㅋㅋ우리가알지못하는세계를 본기분 내평점은 8점정도지만 개념없는넘들때매 10점준다!,1
R03626,지금다시봐도 잘어울리는 한쌍ㅎㅎ,1
R03627,장 피에르 쥬네! 그의 영상미와 상상력은 가히 천재적이다!,1
R03628,저는 왠만하면 8점이상으로주는데 요 근래 본영화중 정말재미없었습니다.장난아니고......,0
R03629,남자라면봐야할영화!,1
R03630,이런걸 처만들고 개봉할 생각을 하다니 재미 더럽게 없구만.. 2점부터 점수준것들 M창,0
R03631,스필버그 영화의 과도기,1
R03632,구역질나고 대책없는 찬일이 같은 영화.,0
R03633,댓글도 아깝지만 경고차원에서 한마디 드립니다. 생각은 안드로메다에 두셨나요?,0
R03634,화질도내용도...그다지좋지가 않네여...;,0
R03635,무엇을 이야기 하고자 하는지 잘 모르음... 생각을 많이 해야할듯합니다...,0
R03636,ㅎㅎ 너무 재밌다.,1
R03637,야경 뒤의 사실적인 범죄 온상. 나르시즘.,0
R03638,정말 재밌습니다. 직접 보는 걸 추천할게요,1
R03639,비정규직 문제를 안고있는 우리현실과 비교되는 이유는?,1
R03640,"300+스파르타쿠스+삼손 ...죄다어디서 다 본듯한 것들의 모음.. 듣보잡 감독인가 했는데, 레니 할린의 작품이라니;;; 제일 놀라운 부분이었습니다.",0
R03641,여러 번 봐도 질리지 않는 내가 본 최고의 영화 중 하나!!,1
R03642,말이필요없다 꼭 책을 읽고 영화를 보시길,1
R03643,사실을 바탕으로 한 영화네요 성공한 여성 사업가의 이야기이며 정석대로 일하는 모습이 인상적이었어요,1
R03644,이 유명한ost들이 다 여기에서나온거구나ㄷㄷ비디오게임캠패인다깬듯한느낌?ㅋㅋ미니보스깨고 최종보스까지 꿀잼허니잼,1
R03645,정말 최고의 영화!! 아쉬운건 이런 명작을 DVD로 소장할수 없다는거..쩝,1
R03646,정신없이 떠들어대는게 살짝 산만했지만 프랑스가족 캐릭터들 코믹한게 잼있게잘봤음.,1
R03647,다시 봐도 별 10개록키다 무슨 말이필요한가,1
R03648,영화도 국경이없다! 재밌구먼... 솔까말 트랜스포머3보다 혹성탈출보다 더 재밌네!,1
R03649,남주가 쓰레기다 진짜 속터지는 영화,0
R03650,한마디로 좆본영화,0
R03651,언더더씨 ~~ 언더더씨 ~~~,1
R03652,서세원따위가 안중근의사를 모욕했다. 유오성 연기가 아깝다,0
R03653,"시도는 좋은데, 좀 3류스럽다. 쓰나미급 .",0
R03654,"대형 교회의 목사님으로 섬기셨지만, 항상 초심을 잃지 않으려고 하셨던 옥한흠 목사님. 현재 한국교회의 안타까운 현실을 바라볼 때 옥 목사님이 더욱 그리워집니다. 옥한흠 목사님의 살아온 이야기들을 한 편으로 설교로 듣는 느낌이었습니다.",1
R03655,젠장..,0
R03656,"이게 6점이야??? 네이버도 못믿겠네,,.",0
R03657,내가본드라마 베스트3위안에 드는중 드라마중 하나이다. 정말 재미잇고 달달하고 꿀잼이다 1화때는 내용설명이잇어서 지루하지만 그걸참고보길바래요정말 재미잇어요 하 말이필요없는 드라마!!,1
R03658,돈과이영화본시간이 너무아까워죽는줄..제발좀생각좀하고 만들어라별점주는것자체가낭비다,0
R03659,"척 봐도 전혀 빨라 보이지 않는 ‘유람선’을 무대로 삼은 것이 가장 큰 패착. ‘스피드’라는 제목만 아니라면 그럭저럭 볼만하지만, 제목 때문에 실망이 더 크다.",0
R03660,차라리 애니메이션으로 만들었으면 좋았을 것을.. 스토리는 둘째 치고 정말 연기들을 너무 못해요. 우리나라 영화배우들과 비교해서 그런진 모르겠지만... 아무튼.. 올해 최악의 영화로 뽑힐 듯.....,0
R03661,"최고의 배우들의 연기향연,좋은희곡을 영화화.. 감독 연출력-1",1
R03662,마지막 황제와 함께 중국 최고의 영화로 꼽는 작품이다... 그 이유는 영화 한 편을 통해 한 사람이 중국의 격변기를 극복해나가는 과정을 세심하고 치밀하게 묘사했다는 점 때문이다... 중국근현대사를 조금만 공부하고 보면 이 영화의 진가를 알게된다,1
R03663,보고나서 허무하다,0
R03664,"판타지에서 현실로. 서로의 감정을 할퀴며 그리곤 다시 핱으며 , 그렇게 우리는 살아간다.",1
R03665,귀접? 허접 ㅋ 에휴 눈버렷네,0
R03666,존나 핵폐기물...두근두근내인생 보려다가 이 감독이라는걸 깨닫고 보지않았다.,0
R03667,이젠 식상하다,0
R03668,ㅉㅉ 샴푸광고하냐?,0
R03669,비현실적이고도 비상식적인 세상을 살아가야하는 위태로운 그들의 성장담..,1
R03670,"불륜, 신파.. 전개가 뻔하고 갑갑해서 예전에 반쯤 보다가 GG. 다시 볼 엄두가 안나네",0
R03671,"스릴러, 서스펜스, 반전 ,코미디까지. 뭐 하나 빠지는게 없다. 특히 집주인 연기는 정말 대박이었다! 오랜만에 시간 가는 줄 모르고 영화.",1
R03672,청소년기의 사랑이나 갈등이 낭만적인 노래랑 완벽하게 매치되서 다시 보고싶은 영화인것 같다,1
R03673,이거 뭔 알바가 난리를친다냐,0
R03674,작품은 둘째치고 우디알렌이 직접 연기 안했으면...,0
R03675,박중훈의 대사 하나하나가 으슥하게 만드는 최고의 스릴러,1
R03676,"뻔한반전 ,",0
R03677,기억에 남을 영화,1
R03678,가족의소중함을 일깨워주는 뜻깊은 영화이며 재미두 있었어요.^^,1
R03679,짧고 강한 영화. 끝나고 나서도 머릿속에서 다시 시작되는 영화.,1
R03680,완전 지루,0
R03681,나온것만으로 점수준다,0
R03682,"보는내내 진짜 독특한연기력과 재밌는이야기덕에 지루할틈이없었고 강남걸이라는 인물이 너무 귀엽고 보살펴주고싶은 충동이 너무 크게들었던, 너무 사랑스러웠던 영화를 본것같아서 기분이 좋다.",1
R03683,액션연출 스토리 화면구성까지 모조리 쓰레기영화 중간에 잠든거 첨임!그것도 두번이나...,0
R03684,깨어나지 말았어야 할 고수들,0
R03685,흑인 특유의 신나는 음악이 너치는 영화..이제시대의 우리와 닮은..,1
R03686,참 좋은 영화....!,1
R03687,배우를 잘 쓴 듯. 보는 내내 웃었다. 주원과 김아중의 캐미가 제일 맘에 들었음!,1
R03688,랫소가약간못됬고미운오리새끼는백조인난귀엽던데너무재밌고약간슬퍼서 울었음 ..^^,1
R03689,기억에 계속 남는 영화. 이름도 그들의 운명도 '회문',1
R03690,행복은 어디에나 있다.하지만 쉽게 마주할수는 없다. 당신이 눈치채지못했던 소소한곳에서 부터 천천히그리고 느리게 살펴보아야 한다.,1
R03691,평점 안보고 영화보는 편인데 이 영화는 5점대가 딱 적당. 7점대라 놀랬음,0
R03692,매력적인 마이클 피트~제목이 좀마음에 안들지만 영화는 편하게 재밌게 봤어요!,1
R03693,마지막에 죄수랑 전화할때 빨간머리가 교수패고 전화 받았으면 차라리 나은 결론이었을뻔했네요,0
R03694,미친 무모함.무모한 리더쉽의 발견.그리고 그들이 얻은건 사람과 용기이다.이건 흔한 성공기가 아니다.한번의 큰일탈의 기록이다.지금 이시대 사회적으로 박탈당한 젊음의 가치이다.할수있을것같으니까 한번 해보는거다.많은 청춘들이 되새길 메세지이다,1
R03695,영화사에 걸작이라 부를수 있는 작품,1
R03696,"아 시간아까워, 스토리가 개연성이 떨어짐 ㅡㅡ 자극적인것만 좋아하는 사람은 보세요,,,,",0
R03697,손가락 잘린 의사는 무슨죄냐,0
R03698,친구가 넘 그립다.아름다운 영화!,1
R03699,"여주인공은 이쁘나 액션,연출,스토리는 기대 이하. 영웅의 피에서 퇴보한 베트남 영화",0
R03700,견자단?예성? 이연걸만이 할수있는 액션입니다. 이연걸 짱.,1
R03701,어른들이 봐도 전혀 유치하지 않고 감동적인 애니메이션 입니다. 꼭 한번 보시길,1
R03702,지금 보면 너무 엉성하다,0
R03703,이런 영화를 이제야 보다니 마음이 따뜻해지는 영화..준하 참 좋다,1
R03704,믹막 : 티르라리고 사람들,1
R03705,겉만같은b급영화같더니 속은 왠만한s급영화뺨치도록 재밌네요..,1
R03706,레즈비언인 뱀파이어를 죽이는 사람들? 뱀파이어를 죽이는 레즈비언들? 한심할 뿐..,0
R03707,숀이 따라할때 빼고는 웃어 본적 없다. 뭐 잘만든 영화임.,1
R03708,늙은 배우가 애는 쓰지만 영화를 살리기엔 역부족이다,0
R03709,화가 치밀어 오르는 영화입니다다시는 저런 어리석은 역사를 되풀이하지 않았으면..,1
R03710,진짜재밌다~슈렉이인기많은이유를알겠네요ㅎㅎ고양이랑생강빵맨완전귀여운데!ㅋㅋㅋ,1
R03711,쓰레기도이런쓰레기가없다 내발톱보고있는게더의미있는일 난 영화관에서봤는데 어휴씨 네이버에정승필 쳐도 정승필실종사건 검색어에 안나옴ㅋㅋㅋ,0
R03712,gg치자 임요환댈고와,0
R03713,ㅋ그냥그냥 칼랑타임용,1
R03714,고문장면 때문에 기분 더러운게 아니고 마지막 그 일분때문에 기분이 더러워 OO 불쌍,0
R03715,이영화를 한마디로 표현 하자면. 곤드레만드레,0
R03716,보고 나니 부모님께 잘 해야겠다는 생각도 들고 의외로 밝고 희망적인 영화라서 마음도 따뜻해지네요~,1
R03717,자유의나라에서 그자유가 얼마나 값진것인지 다시금 생각케하는 영화,1
R03718,장동건의 준전성기,1
R03719,신념에 관한 이야기.,1
R03720,영화가 전달하려는 메세지도 애매하고 배우들 연기 특히 오광록씨에 연기는 아직 뭔가.... 여주인공에 태도? 행동도 이해하기가 조금 힘들었음.,0
R03721,평점이낮네 요즘나오는 웬만한 코미디 멜로 무비보다 낫다. 10년전작품이지만,1
R03722,"이 쓰레기 영화는 머지,, 드릅게 재미없음",0
R03723,데릭지터와 프로포즈 5분 만 얻다!,0
R03724,"첫회부터 시간가는줄 모르고 봤네요^^ 주연,조연 모두 연기가 좋아서 더 재밌어요^^",1
R03725,이 영화가 대작까진 아니어도 6점 받을 영화는 아니다...,1
R03726,원피스 극장판 중에서도 특히나 사랑하는 스트롱월드!!! 말이 필요없다. 최고다!,1
R03727,이런 쓰레기를 워터보이즈 스윙걸즈랑 비교하냐 전기세도 아깝다,0
R03728,고등학교 때 영어 수업 시간에 본 영화. 유치함. 나와는 안 맞는 로맨스 코미디,0
R03729,롭코헨 감독 영화중 이영화 하나 쓸만하다 최고의 영화중 하나,1
R03730,산악 영화는 언제나 손에 땀을 쥐게 한다,1
R03731,"애니메이션이라고 방심했더니 끝내, 엉엉 울어버리고 말았다.",1
R03732,"액션이 뭐냐고 물으면, 글레디에이터라고 대답하면 된다",1
R03733,남는게 하나도 없다,0
R03734,1편 보고 기대 했는 죳운지욬ㅋㅋㅋㅋㅋㅋㅋㅋ 같은 감독이 만들었다는 게 믿기지 조차 않는다. ㅠㅠ,0
R03735,"2014년 최악의 영화, 영화리뷰가 제곱은 더 재밌다. 리뷰만 보시길..",0
R03736,최고야~ㅜ 최고최고최고최고최고,1
R03737,멜로 영화의 표본 교과서다! 의리!!,1
R03738,하필 아놀드가 임신을,0
R03739,"보다가 잤다,",0
R03740,레포트 땜에 본건데 뜻 밖에 감동.고얏케사 너무나 재밌고 감동있게 봤네요.,1
R03741,대체 이 재미없는 필름을 왜이렇게 열심히 찍은거지,0
R03742,내 이런 말 잘 안하는데 ..쳐맞는다? 그라고..여주..아우 답이 안나오는 얼굴이다 ㅋㅋㅋ,0
R03743,등장인물이 너무 많고 내용도 쓰레기. 기억나는건 모순균 다리털 뿐...,0
R03744,총체적 난국이군 할말이없음,0
R03745,진심재밋나???너무 치사해서 말이안나오네,0
R03746,요시아키 작품 중 수작중의 수작,1
R03747,자신에게 맞는 영화는 평점으로만 판단하지마시고 영화를 보고 판단 하세요 평점은 그냥 숫자일뿐입니다,0
R03748,늦둥이 동생 데리고 시사회 봤는데 뽀로로급으로 좋아하더라구요 ㅋㅋㅋ 어른인 저도 완전 몰입해서 봤어요. 여진구 목소리도 좋고~연기를 잘하니 더빙도 역시나 잘하더라구요. 추천!!,1
R03749,"성룡의진중하고 무게있는 연기가 참좋다. 신주쿠-대병소장-베스트키드-스파이넥스트도어-샤오린-신해혁명-차이니즈조디악-폴리스스토리2014등 드디어 환갑이지만 장르를 넘나드는 그의 차후행보가 계속기대되고 궁금하다. 성룡, 당신은최고입니다~!!",1
R03750,스토리도 배우들 연기도 엉성함 그 자체...뭔가 에로틱함도 코믹함도 그저 어설픈...내가 생각하는 마담 보봐리는 어디로...,0
R03751,싱크도 안맞고 개그맨성우는 유행어 남발하고 뭐 깜놀?? 세계챔피언? 짱? 다음 만화에서 만나면 같은편이 돼? 하 참낰ㅋ 1점도 아깝다ㅋㅋㅋ,0
R03752,뭔가 살벌한 일이 벌어질 것만 같은 제목과는 딴판으로 소소한 사건,0
R03753,추악한 현실이 그대로 반영된 영화 역시다!!!!,1
R03754,그냥쓰레기영화보지마세요 방송하지마라,0
R03755,완전 잼있네요 ㅋㅋ근데 이거 2편을 계획하고 끝낸거 같은데....2편은 어찌...?;;ㅜㅡ,1
R03756,술 담배보다 더 해로운 막장 드라마!!,0
R03757,최초로 영화관에서 잠들게햇던 명작,0
R03758,머임이거,0
R03759,재밌는데 8점은되야하지안ㅎ나,1
R03760,간만에 잼났네요~^^,1
R03761,재미도 있고 마음이 따뜻해지는 영화였어요~~~엥,1
R03762,여고생 인생 망쳐놓고 이걸 로망스로 승화?,0
R03763,흥미로 점수 주는거 아니다 인정할건 인정하는 자세도 필요,1
R03764,진짜 웬만한 영화도 영화관에서 다보고 나오는데.. 이건 보다가 중간에 나왓음;,0
R03765,말이 필요한가. 비운의 여왕 프로메슘의 일대기,1
R03766,그냥 잠깐 소리로 관객들을 놀래켜준 영화..;;;;,0
R03767,OOO기 영화;;;;,0
R03768,아 너무하네 10자채우기도 짱나네,0
R03769,예쁜 영화.,1
R03770,"보면서 돌아가신 엄마가 생각이 많이 났어요.. 나는 시간이 지나도 아직도 엄마를 잃고 너무나도 고통스러워 하고 있지만, 이 영화를 보면서 엄마가 나를 잃은게 아니라서 다행이라는 생각이 들었어요. 그런 고통을 엄마한테 주기엔 엄마를 너무 사랑하거든요",1
R03771,어떻게 7년이 지난 지금도 이렇게 다시 빠질 수가 있지? 정말 최고의 작품이다,1
R03772,너무 삭막함 속에 살고있지는 않나.. 개같은 인생 또한 처량하기 그지없다.,1
R03773,걸작은 시대에 구애받지 않는다.,1
R03774,재미 드럽게 없네. 진지 빨고 자시고 할것 없이 재미 없다고,0
R03775,지금까지 본 드라마 중 최악 조승우배우가 아깝다~,0
R03776,진실을 말하고 있는 영화,1
R03777,마지막편 엔딩 정말 잊혀지지 않는다.,1
R03778,에혀... 대체.. 왜.. 이런게 영화일까?,0
R03779,충격적 쓰레기 내용이 없다,0
R03780,노래만큼 성과가 있었더라면...,0
R03781,제목 만든이를 죽여라.,0
R03782,약간의 억지 스러운 부분도 있었지만 상당히 디테일한 묘사를 표현한 올해의 영화 중 하나 라고 손꼽아 주고 싶은작품 고뇌를 하게 만드는 최고의 연기 시나리오 연출 마음에 듭니다~!!!!,1
R03783,서부영화를 아주 제대로 모욕하고 있다,0
R03784,완성도 면에서 완전 쓰레기급 이딴 어이없는 엔딩은 내 평생 처음!!,0
R03785,초반엔 괜찮고 뭐고 다운 받았다가 평보고 안보고 지움,0
R03786,최고다 말이 필요없네요. 줄거리만 가볍게 읽고 보시길.,1
R03787,피식~,1
R03788,이게 뭔 내용이지.. 해석도 끼워맞추기 식이고 무슨 말을 전하고 싶은건지 모르겠다.,0
R03789,그냥 내스타일인갑다,1
R03790,너무 섹스신에만 열중한 감독,0
R03791,세치 짧은 혀.. 열 손가락으로 어찌 이 걸작을 평하겠는가? 미야자키 하야오 감독의 만수무강을 빈다...,1
R03792,"성우도 좋고, 작화도 좋았다.음악도좋고,역시 신카이 마코토였다고 느꼈다.",1
R03793,왜 어제도 오늘도 예매하기 버튼이 없는거죠,0
R03794,지금까지 미국이 내머리속을 지배했다는생각에 화가난다...,1
R03795,역시 강혜정이야,0
R03796,광택제 뿌려,1
R03797,10점 만점에 10점,1
R03798,정서에 넘 안맞는...,0
R03799,진짜 많이 놀랬어요...,0
R03800,시간의 소중함을 알게 되었습니다. 그깟 돈 100억의 덧없음을 알게 되었습니다. 심형래 감독의 위대함을 알았습니다.,0
R03801,영화를 보고난뒤 남는게 하나두........ 1점도 아깝다 ~~~~~~,0
R03802,진심...보면 볼수록 인내심의 한계를 맛보았다..진심...진심....억울하네 아.... 괜히 본게 억울할정도다... 보고나서 모니터 부술수있다 레알,0
R03803,"여주 ""이들과 함께아니면 안가"",""날속이다니 퉤"",""내친구를 쐈어"" 브루스""헬기돌려",0
R03804,재미없어요ㅋ~~~~,0
R03805,"디젤, 개똥폼만잡고 디아블로란 존재도 멋지지도않고",0
R03806,좋다... 이 시대를 사는 나의 모습이기도하고...,1
R03807,원작이랑 스토리도 맞고 재밌네~,1
R03808,무난함.. 무엇보다 욕이 없다는 점에서 만족..,1
R03809,윌리엄 프리드킨 스타일이 더 좋았다.1편이 최고다.,0
R03810,이 영화 너무 잔인하네,1
R03811,대실망.어이없다.징글맞은 괴물밖에 생각안남.지루함의 극치야?,0
R03812,재밌게 봤고 SNS에 위험성을 알게 됐습니다,1
R03813,배우분들의 연기력도 뛰어나고 몰입감이 죽이내요 ㅎㅎ,1
R03814,내용이 뭔질 모르겠네요..,0
R03815,호기심으로 보긴 했으나 이거뭐 감동도 없고 의미도 없고 그냥 야동을 봐라. 보는 도중에 손발이 오그라 드는 줄 알았다,0
R03816,킬링 탐용,1
R03817,마지막 공연 소름돋았다 ㅠ,1
R03818,"도시감성에 딱 알맞은 로맨틱영화..다양한 종류의 사람들과 그들에 알맞은 다채로운방식의 사랑방식들..그리고 뉴욕의 거리,술, 작은방,그리고 옐로우캡.",1
R03819,이렇게 오래 가슴아픈데 감동스럽기는 첨!,1
R03820,드림웍스의 흑역사 ㅡㅡ;;,0
R03821,기억남는건 여주 몸매뿐,0
R03822,제니퍼와 짐의 어색했던 연기야말로 관객을 힘들게한다,0
R03823,졸작이라고생각하고 기대안하고봤는데 전쟁영화치곤 재밌다,1
R03824,결국엔 지금 부인이 첫사랑과 닮아 결혼을 했다는 안타까운 결과...과연 마음깊숙한 곳에 사랑이란 감정은 있었을까요? 첫눈에 반했다는 달콤한 말로 여자를 유혹하고...,0
R03825,80년대 한국영화도 이것보다는 나았다...,0
R03826,내 후배나오는 영화ㅋㅋ첫데뷔작인데...라이벌 영화들이 너무 쌘데...,1
R03827,신나고 행복해지는 영화,1
R03828,나를 다시 생각하게 만드는... 물이 흐르는 듯한 전개도 정말 맘에듭니다. 10!,1
R03829,재미있내요,1
R03830,b급 공포물 수준 시나리오도 엉성하고 어디서 베껴온듯한 이야기 절대 10점대는 아님,0
R03831,강렬한 포스터 한장만으로도,1
R03832,이거 어릴적 극장에서 보고 극장 불지를뻔했는데..,0
R03833,60년대치고는꾀잘만들었군요,1
R03834,포스터 봐도 안속는다,0
R03835,ㅎㅎ..초등2학년까지는봐도 무난히신난다하겠군요..요즘가족영화들어른까지봐도손색없는데 이건그래도 옛날거인가보네요..유치찬란..,0
R03836,댓글이 극과 극을 달리네찝찝한 댓글들드럽다 드러워,0
R03837,남자 진심 존잘.. 그리고 영화 자체도 괜춘함 진짜 영화가 갠춘...,1
R03838,이건 극장가서 보면 욕하고 집에서 보면 재밌음,1
R03839,너무 재밌고 흥미롭게봤다,1
R03840,간만에 예술성 있는 작품하나 봤네요. 저가 수준이 좀 떨어져서 할리우드쪽 아니면 재미를 못 느끼는데 멍 때리고 자막 끝날 때까지 지켜봤습니다. 호불호가 나뉠 수는 있으나 흥행 위주의 작품은 아니지만 볼만은 합니다. 추천이요~,1
R03841,잘 찍었네요..하지만 흥행과는 무관할 듯,1
R03842,아니ㅡㅡ 다시보는중인데.. 왜 못알아듣는지이해햇다.이영화 배우들 말하는거 하나하나 다들어보면 옹알옹알~~~~,0
R03843,얘내들 걍 이런거 당하고 걍 사는구먼... 이것만 아니였어도...,1
R03844,완전 잼있던데 ㅋㅋㅋ 이런 류 너무 좋음,1
R03845,이 영화가 어딜봐서 친일영화인데 영화보고 평점 주고 댓글 달아요. 우리나라가 이래서 아직 후진국 이라는 소리를 듣는겁니다. 영화보고 말합시다.,1
R03846,진짜 재밌다 ㅎ ㅎㅁ ㄴㅇㄻ,1
R03847,자기자식도못알아보고사랑하는사람도못알아본다는게말도안되고너무용서받을수없는내용을용서하는건잘못된것인데미화하는것안지~~그만질질끌고제자리로돌려놓고잘못한것은죄값을치뤄야자라는아이들에게도잘못한건벌받는다는인식을주는드라마가되길바란다,0
R03848,아주 많이 웃김,1
R03849,절대훈남 ㅋㅋㅋ 그냥 허접에로.,0
R03850,"중후반부로 갈수록 흐지부지하고, 지루하고 결말도 밉밉하다...",0
R03851,다른것에 신경쓰기엔 너무 귀여웠던 4살꼬마 ㅠㅠ,1
R03852,재미없다진짜 보지마 .평점이 낮은이유가잇다. 리얼 좆망,0
R03853,으으...킬링타임...집중이안되는영화...후반갈수록 더더욱더...;;; 평점6점정도..,0
R03854,그 겨울 바람이 분다,0
R03855,제발 이런 영화 만들지마라,0
R03856,노ㄷ잼ㅓ어처 ㅓ우오처어어너오ㅗ,0
R03857,명작은 영원해야지..,1
R03858,희망버스 좋아하네.. 선동아나면 먹고살길 없는것들.. 제발 지역주민 생각해서 오지마라.. 제발.. 정신나간것들아,0
R03859,방금 cgv채널에서 6시에 이거하길래 봤는데진짜 재밌다 공부해야되는데 시간가는줄도모르고...,1
R03860,스토리가 스릴있고 훈훈하다,1
R03861,"The ""When A Child Is Borm"" is perpect muzic!!",1
R03862,다세포 소녀 이겼으면 -_-,0
R03863,"보는 내내 지루하고 다 보고 나서도 아무것도 안남는.. 시간, 돈 낭비하기 딱좋은 쓰레기. 꼭 영화 처음 보는 촌것들이 어쩌다가 지루한 영화 하나 발견하면 앵글이 어떻네 예술성이 어떻네 열폭들 하는건 절대진리.",0
R03864,놀란감독이 배트맨시리즈를 완벽하게 부활시키다. 그간 나왔던 히어로무비중 역대급 작품,1
R03865,이런 영화를 만들 수도 있군요. 아리같은 친구가 있었는데...추억이밀려오네,1
R03866,'믿음'에 관한 이야기. 잔잔하게 흘러가지만 예상 외의 여운을 줬던 영화. 보는 내내 따뜻했다♡,1
R03867,꿀잼ㅋㅋㅋ가이피어스 개멋있음 여주 민폐짜증..,1
R03868,굿보세요꼭잼씀 메세지도있고,1
R03869,포스터의 김기범 보고 봤는데 완젼 달르게 나옴ㅡㅡ,0
R03870,다 똑 같 애,0
R03871,OO가 주인공 알아보는 장면까지 봤다...말이 되나?,0
R03872,매우 비추,0
R03873,로맨틱코미디의 강점인 사랑스러움을 찻아볼 수가 없다!,0
R03874,기대했던것보다 재미가없네요 아이가 좀 재미없데요,1
R03875,댓글들 덕분에 영화 보다가 빠르게 포기함 댓글에 참으로 감사함 내 아까운 시간 아껴서....오광록씨 연기연습좀 더하셔야할듯....,0
R03876,졸리는 액션 영화,0
R03877,로마시대로 돌아간것 같다. 감동에 감동~,1
R03878,"영상미 , OST , 스토리 모두 좋았다.",1
R03879,"역시 제이슨 스타뎀다운 액션 말이 필요 있겠습니까.? ㅋㅋㅋ 그리고, 이번편도 전편의 여자처럼 주근깨가 더 장난이 아니네요. ㅋㅋㅋ 감독 혹시.? 주근깨 많은 여자 좋아하나.? ㅋㅋㅋ 개인적으로 트랜스포터 시리즈중에 제일 괜찮은듯.? ㅋㅋㅋ",1
R03880,합채를탈락시키고정세운합격시켜나,0
R03881,어릴적 토요명화로 봤던 기억. 최고의 영화임.,1
R03882,전편인 화이트노이즈와 데스티네이션을 섞은 영화,0
R03883,뭐든지급해하지마세요. 기회는항상당신이주의하지않을때당신에게다가오고있어요.,1
R03884,와 좋당.....,1
R03885,참아야 되느니라 도를 닦을려면,0
R03886,쓰레기. 보내는 내내 황당함에 경악을 금치 못했다,0
R03887,감동이다 ㅠㅠ 84년도 작품이라니 대박;,1
R03888,보면서 언제끝나나 라는 말이 계속 맴돌게 되네. 사실 중간에 벌써 결말이 나왔건만;,0
R03889,무언가 심심한 영화..공포영화 라기보단 미스터리 스릴러 같은데..개인적으로 그 동안 이런 장르의 영화에서 봐왔던 너무 흔하디 흔한 내용전개와 결말이 아쉽내요..그래도 평점 스포는 삼가합시다!!,0
R03890,이연걸VS견자단 최고의 고수대결!!,1
R03891,정말 오랜만에 펑펑 울었다 .. 하 ... 사랑은 미안하다는 말을 하지 않는거야...,1
R03892,뭐시여... 이게 영화여???,0
R03893,와 멋집니다~~~~~,1
R03894,이건뭐 에로를 넘어섰네..,1
R03895,괜찮아요괜찮아요괜춘,1
R03896,이걸 끝까지 참고 다 본 내가 더 무섭다,0
R03897,어?생각없이 봤는데 상당한 수작.일본영화 10년내 최고로 마음에 들었다.강렬한 임팩트가 일품.,1
R03898,스릴러? 초중반보다보면 결과물예상..진짜 후지다. 시간아깝다. 댓글알바진짜무섭다.,0
R03899,이렇게 하는 건가? 1빠!!!!,0
R03900,이거 8부로 끝내는게 아니라 사계절 동안 하는걸로 알고 있습니다. 일단 이번에 8부로 끝나면 할배들이랑 여행갔다가 다시 삼시세끼 할것이라고 생각드네요,1
R03901,진부하고 허접하고 저급한 상상력..,0
R03902,보긴본것 같은데 딱히 기억에는 안남네요 TV서 봤구나 주연도 그닥 그렇고 ㅠㅠㅠ,0
R03903,여자들만 예뼜지.,0
R03904,경첨때문에 참고봤음ㅜ ㅜ,0
R03905,주님은 어디계시나이까,1
R03906,"미혼이지만 자식 잃은 부모의 마음을 알수 있을 정도로 표현연기,연출 모두 정말 훌륭",1
R03907,이거 참 재밌게 봤는데.. 4 부터 스토리좀 이어가지... 5방금보고 왔는데 아쉽기만 하다,1
R03908,무협판 대부....고룡의 소설이 그럴듯한지 영화도 꽤볼만하다...,1
R03909,제발... 왜이렇게 평점이 높은거지...?,0
R03910,멜랑꼴리한 느낌..,1
R03911,케이블 방송에서 하는걸 평소에 좋아하는 배우인 밴에플렉이 나와서 별 기대는 안하고 봤는데 흔하디 흔한 블록버스터 영화들보는것 보다 훨씬 즐거운 시간이었던것 같다.,1
R03912,"연기, 내용, 정말 멋진 영화였습니다. 간만에 좋은 영화 한편을 본 듯한 느낌과 상영관이 많이 없고 빨리 막내리는 것에 대해서 많이 아쉬움만 가득한 영화네요. 다시 한 번 보고 싶네요",1
R03913,OOO 한쿡 코미디 영화 볼빠엔 이 영화를 한번 더봐라!!,1
R03914,김태희 제발 비랑 헤어지고 조현재랑 사귀면 좋겠다. 어울린다.,1
R03915,난 정말 재밌게 봤다. 매력있는 영화,1
R03916,당하는 도둑들이 많아서 재밌었음 앞편에 도둑2명 몸개그보단 약했지만,1
R03917,더럽게 재미없네,0
R03918,"놀랍게도 기자, 평론가들은 테이큰보다 이 영화에 높은 점수를 주었다.",0
R03919,쓰레기....쓰레기....,0
R03920,"실제 있었던 베트남전쟁의 실존인물의 회고록을 참고로 만든 영화로 미화찬양영화는 아니다. 마지막에 나오는 승리장면은 픽션이 가미되어 이부분에서 많은 사람들의 비판을 받았지만, 전쟁의 참담함을 보여주고 나라가 아닌서로를 지키기위해 싸웠다는 표현이 좋았다",1
R03921,고아라~귀엽지~,1
R03922,핵노잼...아 내돈 ㅠㅠ,0
R03923,난 꿈을 꾸었어요,1
R03924,학구열을 불태우는 영화 별거아닌 소재로 이런 통쾌함과 감동을 준다는게 인상깊었음,1
R03925,"개봉했을 때 보고 좋아했던 영화. 인상이 좋게 남아 있어서 DVD로 다시 봤는데.. 이제는주인공의 나이와 비슷해서 더욱 공감이 가고 좋았다.^^감사해요. 모든 제작진, 배우분들^^",1
R03926,갈수록 억지스러운 스토리 전개로 1편이 얼마나 재미있었나를 증명하는군,0
R03927,중국영화지만 우리와도 맥이 상통하는 그 카타르시스는 물론이고 영화로서도 손색이 없는.. 믿겨지지 않는 무술연출이 그야말로 남자의 심금을 울린다. 연출과 영화를 보면서 한번도 집중이 안 무너지고 러닝타임 내내 몰입한건 정말 오랫만이었다.,1
R03928,허리케인 카터 보다 레즈라와 그의 캐나다인 친구들이야말로 현실에선 있을수없는 놀라운 감동을 준다,1
R03929,김남길 혼자 영화살린듯....여배우 좀 잘쓰지~~김남길은 실망시키지않아ㅋㅋ,1
R03930,아직은 안되는 중국식 헐리우드 따라하기,0
R03931,트랜스포머2 보러갔을때 트랜스포머2 는 다섯관 차지했는데 이건 반관 차지했엌ㅋㅋ,0
R03932,처음 20분보다가 재미없어서 채널 돌림,0
R03933,기존에 나온 총쏘고 부시는 전쟁 영화가 아닌 의미있는 영화였다... 감동 ㅠㅠ,1
R03934,코믹멜로 드라마 중에선 최고다,1
R03935,신데렐라들의 로망이지,0
R03936,영화의 오락적 기능에 충실한 영화 완전 황당유쾌함 ㅋㅋ,1
R03937,음...어둡고 피비린내 ..,0
R03938,김공익이 날라다니는구나 한마디로 tv 전기세가 아까움!,0
R03939,"아오리 나오는 스토리중 제일 재미없음,",0
R03940,장희진이 예쁜것 밖에 기억안난다,0
R03941,"이채영,완전채 이쁘고 귀엽고 가능성도 충분히있다고생각하지만 모든것을다걸고나온 사람들을 밟고올라갈만큼 뛰어나다고생각하지않습니다. 솔직히 홍정희,썸띵 노래들을때 진짜 소름끼칠만큼 감동이전해졌고 연애하는느낌이들정도로좋았어요. 심사의 기준이 뭔지 정말궁금해요",0
R03942,이런 삥꾸,0
R03943,김운경작가님 정말내공이대단하십니다.평범한소재를이렇게인간적이고재미있게다루다니 1회부터마지막까지본드라마난생처음입니다.그안수고많았고 다음작품기대됩니다,1
R03944,넘 재밌다........................................,1
R03945,한국 사회의 현실 ... 그대로 더욱 씁쓸한 영화적 재미는 top !~,1
R03946,ㄷㄷㄷ.. 감독:정소동,0
R03947,"수작이라고 평가한다. 보는 내내 긴장감과 궁금증을 유발하는 내용이며, 공포감과 스릴도 공존한다. 배우들의 연기도 전혀 위화감 없이 흘러간다. 다만 후속편은 굉장히 유치해졌으므로, 후속편은 보지 않는 걸 추천한다. 전 작품의 질까지 떨어뜨린다.",1
R03948,여기 영화 출연한 배우들도 부끄러워 할 영화네..너무하네 진짜..요즘에 이렇게 연기도 안되는 사람들 모아서 찍는 영화도 없을텐데..,0
R03949,야이OOㅋㅋㅋㅋㅋㅋㅋㅋㅋㅋㅋㅋㅋㅋㅋㅋ개안무서워진짜 죽이고싶다,0
R03950,전날 잠을 못자서 피곤했는데 잠을 깨운영화다 이런 남편 정말 든든하고 멋지네.,1
R03951,ㅋㅋㅋㅋ결말 OOO기 어떻게 바람핀남자랑 재혼이 되냐 말이되냐 저게????대체 총지배인은 뭐였음?ㅋㅋ 아무리 아이가 있어도 이건 현실적으로 말이안되는 결말이다... 진짜 꾸준히 본 내 시간이 아깝네ㅋ,0
R03952,구성..미비..허술..대충..,0
R03953,처음에는 친구 덕분에 알게되어서 호기심으로 한번 보았다.그뒤로 정말 재미있어서 푹 빠지게 되었다.,1
R03954,내가 제일 좋아하는 영화 중 하나인 다크나이트와 같은 감독이 같은 출연진과 제작진으로 만들었는데 왜 이런게 나올까...,0
R03955,톰하디는 역시는 역시다.,1
R03956,"'진부함을 뛰어넘은 그 위대함, 음악과 가족으로 이루어진 영화다'",1
R03957,내용이 좀... 릴리를 굳이 데려가야 했나? 처음부터 보고 자란게 마마라서 릴리가 진짜 엄마라고 생각해서 끝까지 따라간건가? 마마는 자기 아이 찾아줬는데 릴리가 부르니까 던져버리고ㅋㅋㅋ 나참 이도저도 아닌듯? 기대하고 새벽에 봤는데 무섭지도 않고...,0
R03958,이연걸과 유럽감독이 만나면 상항 결과는 좋지 못하다,0
R03959,90년대 영화들 중 꽤 좋아하는 한편~,1
R03960,남자가 원래변태라 여자도 동요되는거 아닌가?암튼 보고나서 기분더러워지는영화,0
R03961,중간 중간 코믹적인 요소도 있고 기대하지 않은 감동도 있네요! 강추입니다,1
R03962,동심을 이끌어내기엔 더없이 충분한 영화.,1
R03963,뒤늦게 최진실 팬이되다. 최진실이 그립다,1
R03964,여주가 정말정말 매력적이네요. 글구 사람 이용하지 맙시다!!!,1
R03965,"원작은 광기의 파멸인데,이것은 구원에 관한 거다. 지가 무슨 스콜세지야~",0
R03966,영화보고 처음으로 운 영환데 두번째 봤을때도 울었다,1
R03967,짱CSI보다재밌어 나 구라안쳐요,1
R03968,흡혈귀라는 존재의 본질적인 두려움과 처참함을 매혹적으로 그려낸 명작! 참신했다!,1
R03969,소방관 고귀한희생구조대가 국민을 구하다가희생되는,1
R03970,우리나라도 이제 많이 실력이 늘었군요. 잼있네요,1
R03971,몇번을 봐도 재미와 감동을 느끼기에 부족함이 없는 영화,1
R03972,생각보다잼있던데요??ㅋㅋ박기웅 은근히 간지네??마지막에 설마했는데그런반전이ㅋㅋ,1
R03973,케이블에서 다시 안해주나? 악마역의 조민기씨 정말 대단했는데... 그리고 천사역 유호정씨가 빠져있네요~~ 아~ 다시 보고싶다~~~,1
R03974,명불허전진짜대단한영화,1
R03975,내 멘탈이 바람과 함깨 날아간다... 머리를 비우고 보셔야 볼만할정도,0
R03976,요즘 보기드문 진정한 가족드라마같아요..눈물날때도 많네요..잘보고있어요,1
R03977,담담한척 밝은척하는 사람들의 최후,1
R03978,총기를 다른 걸로만 바꾸면 먼 나라 이야기가 아니다.,1
R03979,ㅋㅋㅋㅋ평점읽다가죽을뻔했네 물론영화는 감동이였습니다..,1
R03980,내용은아포칼립토 나레이션은300 온갖운빨로영웅비슷하게된주인공의이야기,0
R03981,잘만든,1
R03982,소재가 아깝다 이 흥미로운소재를 이렇게 재미없게 만들수 있다 인간의 본성과 본질을 파고들어 더 흥미있게 만들 수 있는 부분들을 많이 놓치고 옛날구닥다리 감성신파를 지지부진하게 마구 집어넣어 지루하기 그지 없는데 칸느 경쟁부분에는 어떻게 진출한겨?,0
R03983,외국 좀비영화 대사까지 표절한 영화지만 한국 최초 좀비 영화라 3점 준다,0
R03984,이거 평점낮게준애들은 존나 수준낮거나 감성없는애들이 대부분일거다.니들은 걍 사람들막 살인하고 총질하는 사이코패스영화나 쳐봐,1
R03985,"주인공도 매력적이지 않고, 스토리도 어디서 많이 본듯하다",0
R03986,안중근의사를 주윤발로 만드는 서세원의능력,0
R03987,나 도대체 이게 뭔가 싶다. 예전에 극장가서 열받아서 나온 기억..,0
R03988,트레일러보고난후에 1분간 멍때린,1
R03989,난 괜찮게 봤는데.;;,1
R03990,"이거 만든 님아, 대본 없이 만들었어요?? 아니 진짜 궁금해서 그런데 정말 대본 없이 만들었어요?? 아니 일기를 쓰더라도 기승전결이 있는데 아니 어떻게 영화를..하....나도 섹스를 참 좋아하는 건강한 남성이지만 이런식으로 영화를 만들지 맙시다. 네.",0
R03991,그저 잘생긴 배우가 아닌 최고의 배우다. 개봉시기를 잘못 잡아서 저평가된 거 같다.,1
R03992,맥라이언은 이제 이 영화로 기억되길...,1
R03993,"전 괜찮게 봤어염,, 상처주는 인간이 더 당당하게 돌아다니는 현실을 비판하면서,,상처를 안고 살아가는 원규,,첨에 호기심으로 봤는데 슬픈영화더군요,,,작품성 있다고 봅니닷,,,",1
R03994,아 겁나 질질 끌어서 못 보겟다 ㅡ ㅡ보는내내 암걸릴듯. 왜그렇게 질질 끌음? 질질 끄는것도 정도껏이지. 보고나면 욕나와 질질 끌어서,0
R03995,스릴/스토리/액션등 모든거 통털어서 태어나서본 영화중 가장 쓰레기라칭한다.,0
R03996,섹드립좋아하는사람만 보면되네,1
R03997,이렇게 재미없기도 힘들꺼 같네요,0
R03998,ㅁ ㅏㅊ ㅣ 내가 1990년에 온듯,0
R03999,공연실황이라서 배우들의 표정을 자세히 볼 수 있어서 좋았습니다. 현장감 떨어지는거야 공연실황인거 알고 갔으니깐 감안해야죠 ㅎㅎ,1
R04000,영구가 람보가되면..? 세상망한다 ㅡㅡ,0
R04001,"OO랜드.,?",0
R04002,상당히 흥미진진합니다.,1
R04003,신기하고 감동적인...,1
R04004,새라제시카파커 넘 좋아요 ...,1
R04005,처음엔아직잘모르겠지만볼수록재미있습니다~! .바람을 어떻게 만들지..기대기대!,1
R04006,레옹1과는 비교가안될정도.. 그냥 쓰레기영화,0
R04007,머리스타일 하나로 권상우가 진짜 멍청해보일수가,0
R04008,이건 아니자나.. 오락영화가 뭐이렇게 지루해,0
R04009,2번 보니까 왜 1점인지 알겠다.,0
R04010,원작을 보신분이라면 절대 잼잇다고 하지못할것이다 아코의 차갑고깊은눈을 송혜교가 할수잇을리는 만무하고 와타베의 카리스마를 저 발연기인 조인성이? 섬세하고 세련됀 타츠야 역..김범..참 할말이없다 근데 평점이 왜이리높지? 이리망친게 참 챙피할뿐이다,0
R04011,짱짱!^^정말재밌어요!,1
R04012,본지 오래됐지만 이미지는 오랫동안 기억에 남는..ㅎ 인상적인 영화,1
R04013,유치한 것은 맞다.다만 가슴 속에 조금이라도 남는 것이 있다.그래서 9점.,1
R04014,지금 꽃보다 할배에 나오시는 박근형어르신을 다시 보게 된 드라마~ 연기 정말 잘 하시더라 주로 악역(?)을 하시는 것 같던데 이런 드라마 다시 한번 찍으셨으면 좋겠네요~,1
R04015,더럽다.,0
R04016,호랑보러 왔다가 1점주고가지요~,0
R04017,너무 기대했던 탓일까?? 이해하기 어렵고 전체적으로 별로다,0
R04018,"스케일이 애매하고, 임팩트 있는 액션씬도 없고. [좋은놈, 나쁜놈, 이상한놈]과 비슷한 배경과 색깔인데, 실상은 [해적]처럼 어설프다. 최시원 포춘쿠키는 비중 넘 적다 ㅋㅋ",0
R04019,신은경의 발냄새가 여기까지 나는것 같다.ㅜㅜ 영화 또한 엄청 구리다.뻔한 스토리에 가끔씩 뿜어내는 썰렁한 농담은 보는이의 잠을 깨도록 해준다.ㅋㅋ구린 커플의 환상적인 조합....구린내를 자아 낸다. 오래된 영화에 걸맞게 ... 구리다.ㅋㅋ참,0
R04020,연출은 좋은데 연기는 거슬리고 스토리는 허술. 설레이라고 온갖 설정을 다 깔아놓았는데 이렇게 안 설레기도 힘들듯. 밸런스 조절을 위해 2점드립니다.,0
R04021,별로였다..,0
R04022,짜장면 막걸리를 보면 항상 떠올리게 될 것 같다,1
R04023,"마지막부분이 원작과 이어지긴 하지만, 전체적으로 원작과 상당히 흡사해서 리메이크작 정도로 봐도 무방하다. 원작의 끔찍한 괴물비쥬얼을 첨단CG로 다시 잘 살려냈다. 프리퀄작으로 이정도면 합격점.",1
R04024,"각본은 대충, 제작은 싸구려, 케이지형은 느려터진데다 죽상에 소리만 지르고 게다가 머리마저 나빴다. 시간 때우기에도 시간이 아깝다",0
R04025,그런 대로 참말로 볼만 했소,0
R04026,재밋네또봐야지 ㅋㅋㅋ!,1
R04027,"홍상수 감독영화 처음 봤는데 상당히 인상깊다. 연출이며, 대사며 너무 정감간다.",1
R04028,홍길동 강지환 나와서 봤는데... 스토리구성 정말 엉망이였던..,0
R04029,아....그겨울 ㅜ.ㅠ 첨부터 그겨울볼걸 ㅜ.ㅠ,0
R04030,그나마 대기업이 하는게 낫지않나? 하여간 의사색히들 싸가지없는것들 많아서 평점10,1
R04031,나는 건포도가 들어간 카레와 매스게임이 정말 싫다....,0
R04032,이거 유치하지만 독특해서 좋던데 ㅎㅎ,1
R04033,처음으로 배우를 죽이고 싶어졌다.,0
R04034,색채를 공포에 가장 접목 잘시킨 작품이 아닐런지 ? 후속작은 아니지만 괴상하게 서스페리아2라고 나온 딥레드도 마찬가지로 수작. 인페르노까지 모두 아르젠토 감독의 걸작들,1
R04035,사랑햇어요~,0
R04036,참도 지긋지긋한 **의남자다.,0
R04037,동생을 먼저 보낸 아픔을 동생이 없는 사람도 느낄수 있었다.,1
R04038,스케일만 큰 너무 익숙한 구도,0
R04039,"정말 좋은 영화, 미디어의 무서움을 보여주는 영화 이며, 대중을 조작하기 위해 어떤 일까지 벌일수 있는지를 알게 해주는 영화... 하지만.. 정말 이런 일들이 영화속에서만 있는 일 일까?",1
R04040,총 vs 냉병기의 싸움에서 냉병기가 이기는걸 보고 지렸다쓰레기영화,0
R04041,연이은 장명속의 침묵마저도 대사가 읽히는듯 지루하지 않았다. 분노와 번뇌를 한순간에 안겨준 영화,1
R04042,정말 심각하게 재미없다.,0
R04043,알멩이 없이 겉멋만 들었구나,0
R04044,도대체 화려한 출연진을 모아놓고 이해가지 않을 내용을 늘어놓다니...,0
R04045,평점좋아서 봤는데ㅜㅜ첨 15분..끌까말까 고민하다 평점보고 꾹참고봤지만ㅜ 보는내내 시간이 아깝단생각...그냥 강아지 고양이들이 연기를 너~무 잘해서 사랑스러운거빼고 볼거없었음ㅜ 2점은 강아지 고양이점수..여배우 연기는못하는데 유이닮아 이뿌장하긴하더라,0
R04046,"머지 제목은 판타지 같은데,,,, 저학년초딩이나 볼 수준",0
R04047,와 정말 대단한 명작이긴한데...결말이 이해하기가 어려움....두세번은 봐야되나??,1
R04048,2013년 1월 9일 평점러 ㅋ 아는척 쩌네 천녀유혼도 원작이 있는데섭소천이라고 어디서 백사전을 모티브 하냐 원작이나 읽어보고 아는척 하십쇼,0
R04049,JYP홍보영화 맞구만 아예 감독도 박진영 하지..,0
R04050,도성과 함께 한없이 사람을 즐겁게 하던 오락영화.,1
R04051,"이해 못한 놈들은 재미없다고할 영화고, 영화에 빠져든사람은 재밌게봤을영화임....",1
R04052,굿 이준 연기잘함~~~,1
R04053,미국이 굴착기 기사로 세계를 구한다는 내용.,0
R04054,난 완전 재밌게봤는데..,1
R04055,0점이 없네,0
R04056,정말 스릴없는 범죄 스토리... 차승원과 신하균이 아깝...,0
R04057,우리나라에서심심하면만드는3류쓰레기영화보단낫다.분전화용으론 좋다,1
R04058,싫으면 보지 마라. 너같은 인간 이제 지겹다.,1
R04059,독특한 뉘앙스 외엔 엉망진창.,0
R04060,정말 드라마보믄서 욕하긴 처음이에요~ 차라리 그만 늘이고 이쯤에서 그만 정리하고 막 내리시지요~ 에고~,0
R04061,멋진영화네요 드라마각시탈이생각나게하네요ㅋㅋ가면을쓴 이유는틀리지만..ㅋ마지막에 사람들이가면쓰고있는장면도같음ㅋ남자주인공이 가면이랑가발쓰고 검정색옷입을때 그핏이왤케멋있지ㅋㅋ내가여주인공이돼서 진짜로 얼굴도모르는브이한테 사랑에빠질수있을거란생각이들었다,1
R04062,스토리 액션 감동 최고~,1
R04063,"여러나라의 대표적인 문화,상식을 자연스럽게 익힐수있어애들에게는 유익한영화인것 같습니다..",1
R04064,"영화에 관대한 나도 이건 보는 내내 욕함.. 이 영화는 선데이서울,애프터어스 급의 영화임.. 와 진짜 이걸 별 10점을 준 사람은.. 와 정말.. 이건 아니다 이 영화.. 와 진짜 와 진짜 이런 쓰레기 영화 진심 올만에 봄... 진짜 하아",0
R04065,"클라이막스나 좀 긴 느낌도 들지만 영화속의 대사 하나하나가 뛰어나고, 무엇보다 이나가키 고로의 '괴연기'에 ＋2점.. 지금까지 본 미이케 감독 작품중에서 최고~!!",1
R04066,3년전에 우연히 봤던 영화... 그여운이 지금까지도...,1
R04067,"리들리 스콧, 덴젤 워싱턴, 러셀 크로우. 실화 바탕. 흥미로운 영화일 수 밖에 없음. 덴젤 워싱턴 특유의 카리스마 매력있음.",1
R04068,영화인 듯 영화 아닌 영화 같은 관객과 썸 타는 오늘 영화!,1
R04069,내취향은 아닌가봐요 1.5배로봐도 느려요,0
R04070,열개도 안아깝다ㅋㅋㅋ,1
R04071,대사 말투 정말 왕짜증. 하나같이 죄다 쌈꾼같음.,0
R04072,로지가 모자 쓴 거 예쁘다. 로지가 메이드 옷 입은거 예쁘다. 로지가 우는거 예쁘다. 로지가 애엄마 된 거 예쁘다.,0
R04073,하여튼 쓰레기같은 우리나라 영화 배급사... 게임 원작으로 한 히트맨(그것도 별로였지만)이랑 전혀 관계없는 영화를 히트맨 No. 2라는 제목으로 하고 부제로 007 표절인 살인면허 푸핫,0
R04074,진짜내가본영화중 고사2랑맞먹는 졸작이다,0
R04075,옛 명성을 회상시키는 정도.,0
R04076,희대의 쓰렉... 보면서 고구마 백개 먹은듯 답답하고 짜증긴 처음,0
R04077,진솔한모습보기좋다.,1
R04078,어설프게 날로 먹으려다 콱 체해 버린 사생아.,0
R04079,쓸데없는 폭발씬과 유치한 총격전만 없었다면 호평을 받았을 것이다,0
R04080,오연수 님 덕에 반개 ~,0
R04081,"음악과 스토리,색채 등 재미있는 요소는 많지만 90분동안 모든것을 표현하기위해 스토리전개가 매우빠른편",1
R04082,"2니뽄영화 2008년작 핸썸슈트 카피했구만 좀심하다,이게뭔노무 점수가있냐,,멍청한넘들,, 니들때매 나라가 이모냥인겨,",0
R04083,되도 않는 반전은 좀 안넣으면 안되나.. 진짜 짜증이나네,0
R04084,왜 봤을까...,0
R04085,말들은 취하지만 아이들은 결코 시련에 취하지 않는다.,1
R04086,갠적으로 우뢰매시리즈중 작품성으로 따지면 최고작이라 생각함...,1
R04087,영화 재미있네 역시 대통령은 남자가 해야 ...,1
R04088,발레다큐 정말 재밌었습니당,1
R04089,조아~~,1
R04090,국산차 애용합시다 우리는한국인 외제차조아하다가 나라망한다 알앗찌용 ㅎㅎㅎㅎㅎㅎㅎㅎ,0
R04091,쓰래기영화 정우성 이건아닌되요,0
R04092,중딩때극장에서 보고 다시보는데 캬 역시 재밌다 이런영화 좋다,1
R04093,사람사는 세상을 압축한 군더더기 없고 반전 또한 백미. 다감한 가족애. 추천!,1
R04094,삼각관계 속에서 숨겨진 진실. 네 시작은 창대하였으나 끝은 밋밋 하리라.,0
R04095,정말 이게 현실이다.....,1
R04096,설수진 너 ㅇ.ㅇ 이표정 압권이었어,1
R04097,1992년에 찍은 SF영화치고 이런 영화가 더 있을까요?,1
R04098,평점에 절대 속지 마라. 이건 영화도 아니다,0
R04099,"평점알바들 그만 10점올려 뻔한 스토리, 그저그런 감성영화.",0
R04100,저도 재밌게 봤음,1
R04101,그녀들에게서 느껴지는 쓸쓸함,1
R04102,우왕 굿!,1
R04103,엄청 재미있었어요 비록 짧았지만...,1
R04104,발로 찍은 한심한 영화. 이런 졸작을 돈 내고 보느니 차라리 그시간에 잠을 자라,0
R04105,데미무어의 악녀 연기 도 괜찮다,1
R04106,난 왜 이영화를 오늘에서야 알았을까. 혜란 그리고 인구. 현실적이고도 아픈 두 사람의 관계. 오랜만에 정말 좋은 영화 한편을 만났다.,1
R04107,이거 재밌구만 왜이래,1
R04108,오인혜 때문에 훑어봄.,0
R04109,잘봤었다 아이칼리,1
R04110,진심1점도많이준거다,0
R04111,소재는싫은데 재밌었다. 도미같은 여친 있었으면 좋겠다. 그린보이가 자꾸생각남,1
R04112,연출이 정말 대박이었다. 근데 어려서 그런지 공감이 잘 안가는 ㅋ,1
R04113,독도는 우리땅!!! 온국민이 봐야하는 영화입니다!!!,1
R04114,재밌어 컨트리드로드~,1
R04115,이 영화의 가치는 바로 '제목'이 말해준다.,0
R04116,오래전에 본거지만 아직도 기억에 강렬히 남는 영화.개인적으로 본 범죄스릴러 영화중 탑 5안에 듬,1
R04117,총을 쏘았다는데 총알이 없어. 탄피도 없어. 다쳤는데 왜 다쳤는지를 모르겠네. 개법부를 엎어버려야지 원,1
R04118,금지된 욕망을 넘어선 집착을 묘사한 명화,1
R04119,처절하게 외로울 때도 보지 말 것.,0
R04120,"시작은 미약하나 회를 거듭할수록 블랙홀처럼 몰입하게 만든다.다만, 결말을 수습하는 과정에 ‘아낌없이 주는 나무’를 꼭 그렇게 까지 했어야 했나? (↓스포일하는 아이디 chhy**** 놈 때문에 몰입이 방해가 되어 아쉬운 느낌이 든다.)",1
R04121,감동적이고주연들의연기도좋았다,1
R04122,추리영역4교시에 이어 연타로 본 쓰레기영화의 향연....,0
R04123,괜찮은데 평점이 낮네여. 8점대는 나와야 되는디.,1
R04124,정말 두말할것없이 최고의드라마죠,1
R04125,저 14살학생인데 친구들이랑 보다 나왔어요. 이거보자고한 제가 면목이 없었음,0
R04126,아직 안봤는데... 현대판 쉰들러리스트???,1
R04127,지금생각해보니까 최민식 송강호 한석규 3명이나오는영화라니 소름돋는다,1
R04128,"리즈시절 5,6를 제외하고 제일 재미있던 작품",1
R04129,감독이나 배우 팬이 아닌 이상 보지 마세요....후반가면 삼류액션..왼쪽다리 스트레칭자세로 기타케이스에서 바주카포 나올때 뿜었음 ..스토리 요약: 복수해야지!->알고보니 형이네 -> 형죽이고 여배우랑 차타고석양으로 끝,0
R04130,스토리고 설정이고 주인공의 보정앞이면 평등한 한방 !,0
R04131,음... 이걸 반전이라고 표현하기는 좀 무리가있다고 봄.... 그냥 허무개그 같다고나 할까... 전반적으로 그냥 그러네요... 뭐가 한국영화 발전 화이팅인지... 알바천국이네요....,0
R04132,프랑스판 멍청이들이 나와 웃기려고 엄청 노력한다 하지만 부족 부족,0
R04133,"최정원이 이뻐서 별1, 해피엔딩이라 별1, 웃긴장면은 2장면정도.",0
R04134,젊은 사람들에게도 충분히 만족 스럽게 볼수있는 영화,1
R04135,본인은 이 영화에 대해 그럭저럭 볼만하다는 반응을 나타내었다,0
R04136,꿀잼 무도 비정상 복면가왕은 꼭봄 그러니까 김슬기 음원좀 육성재랑./.,1
R04137,베네딕트 컴버배치는 목소리만으로 압도함!!,1
R04138,평점이 5점이라서 봤는데... 3점짜리 영화네요 5점을 기대하고 봐도 실망입니다..,0
R04139,작가는 글을 발로 쓰고 감독은 연출 발로하고 배우들도 연기를 발로하네.. 뭐야 이건,0
R04140,"지하철 할매曰 ""말세다 말세야""ㅋㅋㅋ",0
R04141,몇번을 봐도 질리지 않는 마법같은 영화,1
R04142,ㅎㅎㅎ 항시 중동은적이고 미국은 정의롭다,0
R04143,끝까지 즐겁고 행복하다,1
R04144,여자 개미 호바가 진짜 귀여움,1
R04145,게이영화라고 달던가... 새로운 삶을 찾는다와 유작이라는 내역으로 보러갔다가 반도 못보고 나왔네요.,0
R04146,프리퀄의 대단원 막이다. 당시는 대충 보고 말았는데 그중 3편은 가장 눈여겨 볼정도였다. 다스베이더의 탄생이 대단한 결말이었다. 앞으로 개봉되어질 에피소드7편이 대단히 기대된다.,1
R04147,"베끼면서까지 해야했던 연출이면 잘하지 그랬어요. 그 배우, 그 주제를 이렇게 망치나",0
R04148,"""Hear me roar.""",1
R04149,마리아타카키. 목에 칼박은 할매로 등장,0
R04150,오랜만에 집중하면서 전쟁영화를봤다. 마야역할에 배우연기력또한 일품이며 미국에 10년간 테러의불안감..여러가지요소를 느낀 영화.꼭들 보시길,1
R04151,"바 씬에서 아델과 엠마의 그 눈빛이 잊혀지지 않아요. 여자인 저도 반해버릴 것 같은 그 깊은 눈빛이란..이 영화를 알게 해준 제 친구에게 무한한 고마움을 느낍니다. 그리고 지금 프랑스 여행을 계획중인데, 영화 속 아름다웠던 공원도 가보고 싶네요 ㅎㅎ",1
R04152,웃기지도 않코 액션도 없고.. 몰보라는겨..;;,0
R04153,스토리는 막장같은 느낌ㅠ 두사람때문에 상처입는 사람들이 도대체 몇명이야ㅋ하지만 연출이랑 배우들 연기때문인지.. 막장이라는 느낌보다 엔딩에서는 아름답게 느껴질 정도였다 엔딩곡의 선택도 아주 훌륭했던것 같음!,1
R04154,러닝타임이 너무 길어서 졸았다.,0
R04155,진짜 허접하다 이게 무슨 코미디라고 배우들도 아까운 망작 쓰레기 영화 이런 허접한 영화 그만만드세요,0
R04156,이거 극장에서 봤었는데ㅡㅡ 정말 뛰쳐나오고 싶었다,0
R04157,역대급 쓰레기 영화 주제에 점수가 너무 높다,0
R04158,경규아저씨 영화 꼭 대박나셨으면 합니다. 좋은 소재 영화 만들어주셔서 감사합니다. 이소연씨 넘 이뻐요.,1
R04159,음.. 참 재미없는영화는 오랜만인듯..,0
R04160,OO쓰레기 3류 졸작영화 이씨발 것 볼 86분에 발닦고 쳐자는게 낫다.,0
R04161,진짜 안보면 후회!!! 짱 재밋당 눈이 진짜즐거움ㅋㅋㅋ,1
R04162,강예원 하나로 충분히 10점짜리 영화,1
R04163,프랑스 영화는 다 이런가 싶을 정도로 느끼므리 죽죽한 분위기,0
R04164,세련된 액션 연출이 좋음. 당계례 감독 스타일이 맘에 든다. 양자경의 멋진뒷발차기,1
R04165,연기도 좋고 영상도 예뻤다. 특히 마지막 드럼치면서 발표하는 장면이 깊이 박혔다.,1
R04166,쓰레기 영화 보는 내내 시간 낭비같은 느낌이 100만도 달성못한 이유는 충분하다,0
R04167,영화같은 사랑? 영화니깐 가능한 사랑.,0
R04168,"통속적이고 뻔한 러브스토리, 스릴러는 아니다",0
R04169,내 삶의 많은 순간을 차지한 영화,1
R04170,이영화 포스터는 재미있을것 같은데 참 이상해,0
R04171,평점에 비해서는 재미없다.. 소소한 가족영화,0
R04172,영화를 발로 만들어도 이거보다 낫것다..,0
R04173,웃음코드는 어디에??,0
R04174,이런 영화는 그만,0
R04175,"막장아침드라마?세상의 독!15세미만 금지 표시해놓고 방학기간 아이들보며 살림하는 사람이 틀어놓은 현실성 없고,자극적인 막장드라마? 시청률 곧 돈에만 의존하는 공중파의 현실!연봉 많이 받는 PD,작가로서 시청률보다 세상을 살리는 양심을 갖으세요.",0
R04176,아직도 표값아깝다,0
R04177,영상은 아름답다.,0
R04178,여장이 너무 거슬린다.,0
R04179,자꾸 짜증나는 드라마... 정말 답답한 드라마였다,0
R04180,'사이코'의 심리 해부.. 미란다 리처드슨의 재발견,1
R04181,흠냐.... 뭔가.... 흠.. 그냥 할말이 없네요....,0
R04182,"순수함을 말하고있다. 자연스럽게 대화만으로 서로가 끌리는 사이.... 자연스러운 만남, 영적 소통, 하루뿐인 아쉬움을 공감하며. 이들의 반년 후의 모습이 설레이며 궁금해졌다.",1
R04183,처음엔재미있었는데...아쉽다...이제훈이랑유아인이아까울뿐...........,0
R04184,코믹이나 내용의 반전이 재미있었음!! 꿀!!,1
R04185,정말 재미있었다. !!,1
R04186,이민기 쟤는 영화마다 말투랑 목소리가 똑같어연기도 그냥 그렇고 쟤나오는 영화들마다 돈을 그렇게 써대도 망하는거보면 이민기한테 문제가 있다고 밖에 볼수없다.진심 이민기 너는 은퇴해라 그딴연기로배우하긴 글러먹었다,0
R04187,더욱 커진 스케일 화려해진 영상미 환상적인 춤! 시리즈중 가장 좋았다.,1
R04188,세계영화의 한 쟝르는 분명히 종결되었다. 더 이상은 없다.,1
R04189,역시 이종혁배우님>.< 연기도 짱이고 멋지고 걍 다좋음요!~,1
R04190,원주율 만들기 ㅋㅋㅋㅋ,0
R04191,목적에 충실하다.,0
R04192,로긴하게 만드는 영화 내인생의최악의영화 손꼽힘...돈아까비....아직도생생,0
R04193,믿고 보는 타란티노 영화.,1
R04194,진짜 현기증나네 아오...,0
R04195,아무생각 없이 봤다가 감탄한 영화! 꼭 다시보고 싶은 영화네요!,1
R04196,제발 좀!!! 감독님 이러지 마세요 쫌!,0
R04197,30분쯤 보다가 에이 재미없네 하면서 끌려고 했는데 아니 이럴수가 끝까지 다 봤네?,1
R04198,남자 죽이던 장면은 잔인하던데 으엑- -;;,0
R04199,태권발차기의 화려함은 최고 스토리도 무난한데 역시 연기는 좀 그래도 액션영화니까 액션은 굿,1
R04200,할 말이 없다 말 다했다 거참,0
R04201,가장 좋아하는 영화,1
R04202,마지막 참호에서 웃는 장면이 많은걸 느끼게 해준다...,1
R04203,소림사라니 내가찾던 영화 같다 옜날에 봤었는데 이미지가 없어서 슬프다 ㅠㅠ 보고싶,1
R04204,히어로즈보다 낫더군요 최곱니다,1
R04205,영화 이해를 못 하신 건 그쪽인 듯. 결국 주인공 스스로가 환상에서 살기를 선택하면서 현실에 남겨진 아내한테 미안하지도 않냐는 건데.,1
R04206,영화보는내내 집중력을잃지않고봤다 10점짜리,1
R04207,무쓴,0
R04208,개OO영화네요....내용도없고 그냥심심해서만든영화가..,0
R04209,불쌍해서 10점준다.. 이 영화를 받으려고 하는 그대들에게 전한다.. 이영화는 1시간 30분정도의 영화이다. 허나 이영화를 받고 재생을 누른 후 10분 30초가 지나면 당신을 영화를 다 본후가 될 것이다.자기자신도모르게우측키를 연사하게될것이다.ㅋ,1
R04210,전범기휘날리며로 바꿔라이런영화를 케이블에서 방영하다니 ㅉㅉ내용도 허접하고 쓰렉,0
R04211,다음주가 기다려지네요!!!! 배우분들의 탄탄한 연기력이 단연 돋보입니다!!!,1
R04212,포스터만 보면 아동 만화인데 아동용 만화는 아니네요. 당분간 생선 못먹을듯,1
R04213,모냐...할말이없네...-ㅅ-,0
R04214,"뭔 내용에 의미를 두려는 것인지는 알겠지만, 재미는 없다. 영화는 영화다워야 하는데 이건 뭐 다큐멘터리 같은...",0
R04215,완벽한영화 이렇게 잔잔하면서 감동주기쉽지않은데 억지로 극적인연출로억지감동자아내는 요즘영화에 비해 백배천배 감동적,1
R04216,그냥 c급 드라마 같은 느낌임,0
R04217,1993년도에 이런영화가나왓다니,1
R04218,지금까지 본 영화중 내생에 최고의 영화,1
R04219,어마어마한 OO과 어장관리남 ...조지가훨씬낫구만..,0
R04220,48시간 이후에 본 최고의 에디 머피 영화!,1
R04221,김기덕 소신있는 영화. 유령이 된 주인공 남자의 모습을 보며 많은 깨달음과 감동을 받았다. 영화 참 따뜻하면서도 씁쓸하다.,1
R04222,몇 몇 메이저 회사의 거대 자본에 의해 움직인는 음악계 자칭 전문가들은 언제 꺼질지 모르는 호기라며 정답이 도출되지 않는 영역이라며 별을 반쪽냈지만 그것이 현실이란 이유대며 자신이 회피했던 이 현실을 오히려 똑바로 직시하지 못하는거건 아닐까?,1
R04223,은경누나땜에 잘 봄!!!,1
R04224,백야의 북극권에서 살고싶다..,1
R04225,재밌게봤던 영화.,1
R04226,권상우 연기는 왜 늘지 않고 영화 재미도 없음,0
R04227,그냥 한마디할게요OO 보지마,0
R04228,내 생에 최고의 영화..!!,1
R04229,난해하게 풀어봤자 레기인거 다 뽀록남,0
R04230,여주인공이 아주 조금 약간만 더 이뻤다면 좋을뻔,1
R04231,롱기스트야드를 먼저봐서그런지 진짜 쓰레기..특히 주인공 진짜맘에안든다,0
R04232,관우 눈썹이 고무줄? 전시에는 늘어나고 평시에는 줄어든다. 캐 허접 짱깨 쓰레기,0
R04233,인문학도는 이 영화를 좋아한다.,1
R04234,최고의 영화다 감동이었다.,1
R04235,"전편은 못 봤지만,2편은 액션과 스릴,스토리의 짜임새가 훌륭하네요^^*",1
R04236,더욱더 비용을 들었더라면 대작이 될뻔영화그 딸이 집에서 탈출하고난뒤로내용이 산으로 가서....이상햇어...하지만 못볼정도는 아냐!,0
R04237,완전재밌어요>.<,1
R04238,그냥 감독이 공익출신 밀리터리 매니아구만 소대장이란 년은 책임얘기만 계속 해쌌고 정작 이상한거 발견했다고 같이 있던 소대원들은 내팽개치고 총맞아 죽을라고 혼자 달려가서 또 뿔뿔이 흩어지고... 그뒤에 너희 여기서 둘이서 뭐하고 있었냐고 묻고앉앗,0
R04239,보는 내내 주인공 한테 답답 했음 + 이상한캐릭터와 사람들을 컴퓨터로 작업하여 완성도 떨어짐..그리고 스토리도 이상 ..결론은 엄마는어떻게 된건지 알수가없음....ㅡㅡ,0
R04240,이틀만에 몰아봄! 최고,1
R04241,외국영화 였다면 킬링타임용이라고 할수도있겠지만 이건 한국영화,0
R04242,이재환 발연기 ㅋㅋ 어떻게 좀 해줘요ㅜㅜ,0
R04243,"형이 한마디 하겠는데, 이런 류의 영화를 좋아하는 여자를 조심해라. 그 중에서도 특히 이 영화가 답이 없다.",0
R04244,세상에 어떻게 이런영화가....,0
R04245,일본스러운 약간 변형적이지만 전형적인 비슷한 스토리 연출 이젠 느낌아니깐 개인적 진부하게느껴짐 히로스에도 아직 이쁘지만 세월이 어쩔수없이 지나가는듯,0
R04246,별점 7.51 ??? 미친거 아니야?,0
R04247,이 영화를 이제서야 보게 되다니..명작으로 불러질만 한데 제목이 아쉽다,1
R04248,스릴러인줄 몰랐는데 굉장한 수작이다! 졸리만 기대하며 봤다 큰코 다쳤다. 강력추천!,1
R04249,정말 재미있는 영화였음,1
R04250,사실감에 더해 임팩트 있다.,1
R04251,전 애니를 안본 상태로 친구가 보자고 해서 봤는데 정말 잘만들었더라구요... 배경도 그렇고 전체적으로 좋았습니다,1
R04252,아 진심 샤이니 사랑해샤이니,1
R04253,완벽 그 자체,1
R04254,중국인뿐 아니라 모든 세계인이 봐야할 영화,1
R04255,"1점도 아까운 영화. 소림사라고 해서 봤는데, 낚였다.",0
R04256,난 4년차 커플인데.. 아직은 서로를 너무 좋아하지만 몇년뒤엔 서로 무뎌질까봐 걱정돼네요 ㅎ 이 영화보니까 신성록 잘생겼네요 흐흐흐,1
R04257,보다 웃겨서 배 터질뻔함ㅋㅋ,1
R04258,경기도 안양의 이쥰영이다!,0
R04259,이건 스토리가 아닌 실화였고 역시나 감동적이었다.,1
R04260,"에그머니나, 심장이야~",1
R04261,심혜진은 이제 역사의 뒤안길로 사라지고 있다.,0
R04262,간만에 좋은 영화 잘 봤습니다,1
R04263,"조폭도 어느 가정의 가장이고, 어느 아이들의 아버지라는 따듯한(?) 설정이 영화가 끝나고나도 썩 마음에 들진 않았음.",0
R04264,제작사와감독에게할복을요청하고싶다...일본영화의 최대망작!!!,0
R04265,넘겨봤다,0
R04266,별 마이너스는없나여?무슨 이런.. 말이된다안된다를 떠나서...도대체가 의도하고자 하는게 뭔가요?어떡해 이런내용의 드라마로도 작가가되는지정신이상자 드라마인가요?재미없으면 딴거보면된다 주의긴한데너무심하게 바닥...완전히 쓰레기네요 쓰레기,0
R04267,마이너스는 없나요? 박스오피스1위에 속은 사람 여기도 있네.,0
R04268,캐릭터 코메디 진수,1
R04269,진짜... 쓰레기 기획물... 얄팍하게 제작비만 건지려는 쓰레기 피디들;;;,0
R04270,미친여자가 객기부리다 집안꼴말아먹는다,0
R04271,원래 고든플래시나 슈퍼맨리턴즈나 도찐개찐인데... 발연기영화를 언급하는,1
R04272,다람쥐들이 귀여울뿐 아무것도없다,0
R04273,"어른들은이해못하겠지만 십대인나는이해,공감했던..",1
R04274,이런 OOO기 영화는 내가 태어나서 첨이다.,0
R04275,결말.. 이게 뭐야.. 대체.. 김빠져..,0
R04276,우리는 시키는 대로 해왔고 또 그렇게 살아가고 있다. 그런 수동적인 생활은 소심한 행동과 발언을 낳게 되고 그렇게 낮고 안전한 그늘만 찾아 피신한다. 우리는 기억해야 한다. 책임감과 부담감을 짊어지고 팀을 위해 희생하는 리더라는 위치의 고독과 용기를.,1
R04277,상황 전개가 너무 지루하다.,0
R04278,가슴 따뜻해지는 영화,1
R04279,도피로 환상을 만들어내던 사람들에게 보내는 노인의 충고.,1
R04280,거슬리는 음향좀 어떻게 했으면 좋겠다. 엉성한건 또 얼마나 엉성한지.. 차라리 찰리채플린 영화가 훨씬 유익하다,0
R04281,예전엔 재밌게 봤는데 다시 보니까 그냥 막장코메디네 ㄷㄷ,0
R04282,살다살다;; 이런 ㄱ 쓰 ㄺ같은 영화는 첨보네.....,0
R04283,ㅋ알바천국 알.바.천.국.,0
R04284,감독은 한세아님 주연의 정사 라는 영화를 보시고 영화 다시 공부하세요,0
R04285,이 영화 때문에 앨런무어의 원작 만화가 정발 될 가능성이 없어졌다.,0
R04286,이런 영화가 또 나왔으면 정말 좋겠다 너무 좋다 표현 할 말이 부족할 정도로,1
R04287,마지막 씬이 압권이다. 소름 돋는다.,1
R04288,그냥 말이 필요없는 최고의 공포걸작!!! 아직도 이 영화보다 잘만들고 무서웠던 공포영화 못봤다!! 지금이야 사람들이 간댕이가 많이 올랐고 눈도 높아져서 유치할지 몰라도 당시에 이거 보면 심장마비 걸릴정도로 엄청 무서웠던 영화다!!!,1
R04289,이거짱임!!!추억의영화ㅜㅜㅜㅜㅜㅜㅜ대박감동,1
R04290,다만상영관이....ㅠ,1
R04291,박진감,1
R04292,10점준사람들이 너무 많네.... 우울한 현실에 영화만이라도 속좀 시원했음 좋겠다..이런 거말고...,0
R04293,오래오래 기억남는 영화...,1
R04294,"헐 기대완달리 할말이 안나오는 영화ㅡ,.ㅡ;;",0
R04295,엄마친구가 만들었다길래 봤는데 이거 너무 눈물나잖아,1
R04296,최고의 배우들의 소름돋는 연기와 현실적인 소재가 인상적이었던 기억에 남을 영화!,1
R04297,영화를 발로 쳐만드셨나..3배속재생해도 전개가 느려터졌다.소중한내시간돌려줘,0
R04298,아 진짜 우리나라사건이얼마나 많은데 아직시작도않한거같은데 벌써끝나나니요 ...딴 프로그램은 사라져도 이건 없어지면 안되요 아 놔 아진짜,1
R04299,에일리언 같은 명작을 아류작으로 탈바꿈 시킨 폴 앤더슨이 대단하군.. 시고니위버가 명품연기를 해서 에일리언이 삼류가 아닌 명작을 만들었는데.. 무슨 또 프레데터 애완용 취급도 모잘라 여주인공이랑 프레데터가 동맹을 맺지 않나 ㅉ 이래서 5편이 안나오는군,0
R04300,도대체 관객이 뭘로 보이면 이런걸 영화라고 해올까?관객왈-우리가 호구로 보이냐?응?,0
R04301,정말 쉽게 잊혀지지 않을 것 같은 최고의 영화~!,1
R04302,부드럽고 달콤하고 순수한 사랑을 잘 표현 한 영화같다펑위옌의 연기력에 계속 반하다꼭 말이 아닌 수화로도 떨릴수있다니,1
R04303,김구라 후배 개그맨들 까대지말고 너나 잘해그 버릇 어디가겠니,0
R04304,성룡 영화중 가장 어설픈 것 같은데요..,0
R04305,보다가 뛰쳐나옴~ㅠㅠ,0
R04306,여행뽐뿌영화 동경과 로망의 여행,1
R04307,이완과 휴잭맨이 왜 이영화를 선택했는지 모르겠음. 배우들 존재감에비해 시나리오가 부끄럽다.,0
R04308,의도치 않게 웃겨주는구려,0
R04309,개인적으로는 절대비추소피마르소가 왜 이영화를 찍었는지우리나라 막장 드라마가 더 낫다 중년이 되면 이해할수 있으려나 모르겠으나이건뭐 재미도 감동도 없음,0
R04310,아이들이 너무 좋아했어요~,1
R04311,이거 본거 같다. 근데 중간부터 봐서 영~,0
R04312,제목에 창작의 고뇌가 담뿍 실렸다.,0
R04313,시간이 남아도는거 아니면 보지 마세요. 공포영화인데 긴장감 제로 와나 이거 돈주고 봤으면 진짜 아까웠을듯 차라리 그돈을 찢어버리는게 재미있었을거 같음이걸 영화라고 만드나 와나,0
R04314,"처음 본 사람도 충분히 이해할 수 있는 정도의 설명은 해주므로 총집편으로서의 역할은 충분히 했다고 생각한다. 함대전은 화려해서 극장까지 보러간 보람이 있었고, 후반부 누마쿠라 캐릭터 타카오의 노리츳코미는 극장판만의 가치를 만들어 주었다.",1
R04315,눈물쏟게만들었던영화..ㅠㅠ,1
R04316,k팝써바이벌은 세계인들이 주목한 행사로써 대한민국 위상이 올라가는 계기가 됐다,1
R04317,잔잔하게 감동적인 영화 보기좋아요^^,1
R04318,"출연진의 커리어를 생각해서 2점. 이 영화를 가지고 리얼리티와 상황극을 구별 못하겠다는 사람들은 눈이 실명이 됐거나, 방송가들의 연출에 잘 놀아나는 사람들이다. 하나도 리얼리티란 존재하지 않았으며, 그저 리얼을 연출하려다 배우들의 급을 낮췄다.",0
R04319,정말 뭔가 교훈이랄까? 그런걸 주는것같아요,1
R04320,말하고자하는 내용이 뭔지 당최 모르겠네요볼게없어서 본다마는 진짜 보기싫은 드라마네요재미없습니다,0
R04321,형돈이와 대준이 땜에 보기시작했는데 대박 웃김! 아이돌아무도 몰랐는데 팬됐넹ㅋ비투비.빅스.갓세븐이란 아이돌그룹알게됐네요.공중파에서도 봐요~육덕이.돌백이.왕콩.혁띠 짱!,1
R04322,중반부까지 답답하긴 하지만 그게 현실,1
R04323,재미도 없네;;,0
R04324,강추입니다!! 어른도 아이도 모두가 만족할 수 있는 애니메이션입니다^^,1
R04325,설정과 전반적인 스토리가 아까운 언젠가 손쉽게 잊혀지기 쉬울 안타까운 영화,0
R04326,완전 좋아합니다~~~~♡,1
R04327,20년후 7광구보다 백배낫네 근데 남주가 게가드 무사시네 ㅋㅋ,1
R04328,전작엔 배우라도 괜찮았지,0
R04329,이것도 대선 홍보용 인가 ? 박후보가 선덕이라면 난 이순신이다,0
R04330,이렇게 지겨울수가,0
R04331,영화 정말 잘만들었습니다.,1
R04332,어른들보라고만든영화는 개뿔 12세이상시청영화거든?,0
R04333,"너무 높다. 5,6점정도가 적당할듯.",0
R04334,망할듯,0
R04335,진짜 내가 본 영화중애서 제일 최고라고 봅니다.. 다른슬픈영화보면 눈물이안나왓는데 저는 이영화 보는내낸 울엇습니다 정말 강추입니다!! 꼭보세요 후회안합니다.,1
R04336,전율. 그자체,1
R04337,Amazing,1
R04338,"용호상박의 연기대결 완벽한 시나리오에 뛰어난 연출력 ,,호프만은 드니로 이후 최고의 배우였다.",1
R04339,"엑소시스트, 컨저링, 인시디어스까지 식상한 퇴마술로재미 급감. 사실 악마 나올 때부터 콧웃음 밖에 안 나옴. 찰스 맨슨 추종자들이 나온 맨처음 부분이 그나마 공포영화스러웠다. 아무튼 시시한 영화",0
R04340,OOO네,0
R04341,끝이 너무 허무했다 ...,0
R04342,화면 앞으로 최강희 튀어나올때 질겁하고 뒤로 물러난 어렸던 나... 진짜 무서웠음,1
R04343,그저그러하네요 아그들때문에보긴했네요,0
R04344,마음에 여유를 가지고 세상을 둘러보는 사람이 되야겠다. 영화 속에서 톰과 제리는 지극히 평범하지만 그 평범함이 남들에게는 얼마나 큰 행복이고 행운인지. 푹 빠져서 본 영화. 좋은 영화다. :),1
R04345,최고! 행복해지는 영화,1
R04346,장르를 넘나드는 판타스틱함 캐릭터들의 개성이 넘치고 특히 쿠엔틴타란티노의 변태연기는 좋았다,1
R04347,진짜 짱짱 영화 ㅠㅠㅠ개명작....크리스마스를 믿었던 때로 돌아가고싶다..,1
R04348,이 드라마가 제일 좋다ㅠㅠ노래도 좋았고ㅠ,1
R04349,감사합니다,1
R04350,"...하,,.,.,",0
R04351,"너무10점 들이다. 평점조절 위해 1점스텝업,스트릿댄스,허니 같은 멋진 퍼포먼스를 기대 한다면 대실망!비보이 퍼포먼스도 제대로 못 보여주는 그냥 드라마다.무슨 춤이 멋있다고들 하는지 그냥 정신 없는 편집! 비보잉 한국의 위상은 확실히 보여주긴한다.",0
R04352,ㅋㅋㅋ아놬ㅋㅋ쿡티비로봤는뎈ㅋㅋㅋ1800원내놬ㅋㅋㅋㅅㅂㅡㅡ,0
R04353,실망이다 기대했던 것보단,0
R04354,불륜이 이렇게 아름다울 수가~ 금요드라마는 절대 못하는거!!,1
R04355,어린애들이 나오는 공포물은 거의다 재미가없다 ~~~~~~~,0
R04356,오우삼과 싸우고 서극이 분풀이용으로 영화 망치고자 만든 쓰레기. 차라리 첩혈가두를,0
R04357,스토리가 뻔하고 조잡함.,0
R04358,재미따 꾸르뀨르 재미다,0
R04359,이런 스릴러 진짜 조음! 긴장감 돋네 !!,1
R04360,별로... 킬타임도 안 되는 영화.,0
R04361,이딴쓰레기영화만든새끼 이해안가네 알바새끼들인가 다,0
R04362,당시 평론가들은 인터넷의 영향력이 없어서 막써댔네 요즘 나오는 영화였으면 번지르르한말을 썼을텐데 개봉년 도,1
R04363,모든 순간을 되돌아봅니다사랑하고싶은이순간나우이즈굿!,1
R04364,정말 귀여우면서도 감동적인 영화,1
R04365,스토리 왜이럼ㅋㅋㅋ배우들 연기가 진짜 아까운 영화인것같고 댓글처럼 쥐가 주연같음 !,0
R04366,정말 아름다워요 감동적입니다 주인공 두분 항상 행복하길바라요,1
R04367,애들이 말 안들을때 Shut Up~~~~~~~~~!!!!,1
R04368,"빨리감기 끝 시시껄렁 끝.무한변칙반복,감성주의호소 끝",0
R04369,거장 임권택의 최고의 걸작,1
R04370,그렇게 재밌게는 보지 않은 스릴러물,0
R04371,도대체 무엇을 말하고자 하는가...,0
R04372,학교에서봣는데옛날영화임에도불구하고긴장감과 김희로의 한이보엿음,1
R04373,영화보고 나니..너무 우울해..ㅡㅡ;;,0
R04374,내가 본 영화 중 가장 무서웠던 영화,1
R04375,1%라도 기대했던 내가 죄인입니다 죄인입니다....,0
R04376,대체... 뭐가 재밌다는 거야?;;;;,0
R04377,ㅋㅋㅋㅋ이걸보느니영구와땡칠이를 보겟다 ㅅㅂ,0
R04378,전 dvd 소장한 유일한..미드드라마. 완전 최고.,1
R04379,가볍고 재미가 없음,0
R04380,"고준희님 출연작 찾다가 보게되었는데, 최곱니다. 할말이 없네요..",1
R04381,많이 알려져 있지 않지만 진짜 긴장감 넘치고 결말 또한 충격적인 영화. 팀 로빈스의 악역 또한 신선했음. 한 남자 바보 만드는게 아주 치밀하고 조직적임.,1
R04382,별점이 높을만 하다! 스포츠 관련 영화는 안보는데 끌려서 봤더니.. 내 감 아직 안죽었어ㅠ!,1
R04383,시즌2만들었으면 좋겠능디,1
R04384,tv시리즈인 True Justice의 에피소드를 스티븐시걸의 명성에 기대어 극장개봉하는 일이 더이상 없었으면 싶군,0
R04385,남는 게 없어 OOO기라 해도 미안찮다. 동양 묘사도 삐딱하다.,0
R04386,테이큰으로 파일바꾸신분이 영화추천할려고 그런거라면 성공했네요,1
R04387,너무 슬픈 영화.. ㅠㅠ,1
R04388,정말 너무좋은느낌의 영화입니다 평론가님들 뭔가 기준이의심되네요 보면볼수록 사랑스럽고 느낌있는 사랑느낌.. 너무 좋습니다^^,1
R04389,앨리슨 가족 너무 사랑스럽죠 ㅋㅋ,1
R04390,정말 유치하다..... 하다하다못해 잠들었다,0
R04391,"로라는 용감한 여자이다,1",1
R04392,부자지간의 정 친구간 우정 부부간사랑 다다루는 잔잔한감동의 영화 고모 넘이뻐,1
R04393,여자라는이유로2009년에도피해자들은죄지은듯평생씻을수없는삶에서고통받고살아갑니다,1
R04394,불같은 성격이 좋은곳에 쓰인 예 !,1
R04395,초등학생때 봤는데 지금까지도 기억이 난다는 넘 재밌어요.,1
R04396,코미디인지 아닌지,0
R04397,정말 재미있네요 마지막에 라이토군은 렘을이용해서 L을죽이려했지만 L군이 미리데스노트에자기이름써서 23일뒤에죽고.. 라이토군키라란거밝히고ㅎ 둘다천재지만 L군이좀더천재인거같네요 이영화강추해요,1
R04398,드라마가 좋은 것도 아니고 액션이 좋은 것도 아닌...,0
R04399,"너무 재밌구,계속 보고싶다!!!",1
R04400,8점은 되야된다고 생각해서 10점줌 ㅋㅋㅋ 배우들도 아는 배우들이 보이니까 더 재밋엇네요 ㅋㅋ,1
R04401,왠지 보고싶어지네..,1
R04402,얼마전 베트남 여행을 다녀온 때문인지 잔잔함이 지루하지 않았다!,1
R04403,영화 비트가 괜히 비트가 아니지.. 임팩트로 치면 아저씨는 명함도 못내밀지.. 그 시대에 진짜 본 사람만 알수 있음,1
R04404,재밌겠다 ㅎ,1
R04405,그냥 허접...조안이 아까울뿐...,0
R04406,아니 주연보다조연이 더 매력있으면 안나패리스의 미친존재감 그마저도 없었으면 영 심심한 영화였을듯,0
R04407,소름끼치는 한석규씨의 연기.. 새로운 시각의 내용이 너무 재밌어요 왜 시청률이 안좋은지 너무 아쉬운 작품입니다,1
R04408,"흐릿한 초점, 맥빠진 전개",0
R04409,애니스톤 얼굴만 봐도 10점,1
R04410,제밋기만하구만! 1점주시는분들..좀오바임 제가10점드림!,1
R04411,보지마삼 진ㅉㅏ보지마삼 1점도 주기아까워요,0
R04412,2.2 맞추자(10자채움),0
R04413,마지막에 h를 붙잡고 포효하는 테일러의 모습은 감동...그 자체...,1
R04414,사회의 한 아픈곳을 매만지는데 아프지가 않고 느낌이 좋았다. 최우식의 연기도 좋았고 부족한 부분없이 잘 만든 작품이다.,1
R04415,저양반나오는영화는 내취향하고는 정말아닌가보다,0
R04416,-_-.... 낚였구나. 내가,0
R04417,내가 숨쉬는공기처럼 아무것도 아니라 생각한 것들을 다시 돌아보게끔 해주는걸까? 그래도 좀 너무 건조했다. 한국인 감독의 헐리웃 데뷔작 치곤 약간 뜬금포였는데...,1
R04418,어린놈무 쉑이들이 담배만 이빠이 피는 영화다,0
R04419,스토리에 연연하지 말고 아무생각없이 보면 괜춘 굿!,1
R04420,풋!! 이런 쓰레기 영화를 10분이나 보고 딴 데 채널 돌린 나의 인내심도 대단하다.,0
R04421,김동완은 없고 이원록만 있었다 점점 김동완이 연기했단걸 잊게된다,1
R04422,다음주부터는 대박 잼있을꺼같아여~ 기대돼네여^^,1
R04423,한번보면계속보게되요!!!,1
R04424,"평생을두고지켜온그무엇,이무엇이든간에소중하다",1
R04425,정말 재미있는외화드라마!!시즌5가 마지막인게 아쉬움,1
R04426,알랑 드롱의 출세작이자 누벨바그에게 르네 클레망이 한 수 가르쳐 준 최고의 영화! 야망을 위해 살인까지 해야 했던 젊은 영혼의 몸부림이 서스펜스로 펼쳐진다. 무엇보다 잊을 수 없는 음악과 함께!,1
R04427,아랍 사람들을 바보로 만들어 버린 영화.,0
R04428,말이 필요 없다. 모든 것이 완벽하다.,1
R04429,"그들만의 리그, 기묘함 그 이상도 이하도",0
R04430,한번보러가세요 추천합니다,1
R04431,밀라 너무예뻐요~청순함과 신비로움~ 내용도 전 일편을 안본터라 재밌게 봤네요,1
R04432,TV가 바보상자라고 불리는 까닭.그리고 그 말에 절대적으로 동의하는 이유.,0
R04433,"성공도 좋지만, 가족과 친구와 사랑이 없는 야망은 빈껍데기일 뿐이다.",0
R04434,이런 영화도 존재하나?,0
R04435,그녀의 발연기.쫀득쫀득 찰진 배드신.. 그게 전부임...,0
R04436,역시 서극감독이다 성룡영화 중에서도 꼽을 수 있는 코믹 명작이다,1
R04437,저만 그런가요.. 사회복지학과생으로써 영화 감상한답시고 봤는데 대체 어디서 감동해야할지 ㅜㅜ 대체 선생 사생활은 왜 들어가는것이며 교육과정에서 뭐가 특별한지 ;; 끙...,0
R04438,중국은 모든 민족의 존경을 받고 모든 민족의 평화를 위해서 모두를 통합하고 서양세력에 맞서 싸운다는 개같은 영화. 중국 공산당 선전영화 찍어서 떼돈버는 떼놈 제키찬,0
R04439,재밌네요 그때의참상이느껴지는듯,1
R04440,온갖 뒤죽박죽으로 대충 만든 영화라고나 할까?,0
R04441,옛날에 재미었는데 지금은 내용도 엉성하고 전투신도 어색하다 요즘 어린이들이 봐도 욕하는 영화다,0
R04442,전지현 너무 멋졌음!!!,1
R04443,시바 욕쓰지마라 시바 시바,0
R04444,"우리나라에서 1436만명, 볼 것 같습니다. 예감 적중!",1
R04445,영 이건 아니다....,0
R04446,"지루하다,중국영화는뭐다똑같다.말들하지만난그래도잼나게봤는데~?여튼울나라사람들ㅉ",1
R04447,이 영화 하나만으로도 홍상수의 가치는 충분하다!,1
R04448,나를 찾아줘 여주인공 기억이나서 몰입이 안됨. 스토리두 별루..,0
R04449,2편의 연장선으로 바라보게 되는 또 하나의 슬픈 이야기,0
R04450,이연걸 액션이 아깝다..,0
R04451,성룡 특유의 흥겨움과 유쾌함이 없어서 아쉽다,0
R04452,난마지막춤에서감동받았다,1
R04453,이솜의 매력에 빠진다..,1
R04454,볼가치가안되는영화 ㅠㅠ 나는 왠지 이해가 안됨....... 지구온난화 어쩌구...,0
R04455,관객이 기대하는 그만큼의 수준.,0
R04456,밖으로 나가려는 레너드의 돌발행동에서 울컥했어요ㅠㅠ,1
R04457,조음저음주음죠음쥬음,1
R04458,앞으로 영화 만들지 마시길 ..,0
R04459,고스트라이더가 불쌍하다,0
R04460,으~화난다~너에게~,0
R04461,별한개도 아까운 쓰레기영화,0
R04462,;;;나만별로였나 평점이높네요,0
R04463,솔직히 개연성?좀 부족함 하지만 난 흑형이 등장할 때부터 속으로 아...또 한명의 흑형이 가는구나 생각했는데 안죽었다 그만큼에 반전이 있냐?스포당한사람들께는 ㅈㅅ,1
R04464,정말 뜨꺼운 영화,1
R04465,이게 진짜 23녀전꺼라니... 스케일도 정말 큼;;; 진짜 깜놀;;,1
R04466,절대 보지마세요..욕나옴~~,0
R04467,사회적 관심이다 보니 단순히 동성애에 대한 호기심에 보게된 영화이지만 여운이 가시지 않는다.,1
R04468,간만에 웃으면서 볼 수 있었던 영화!,1
R04469,기억에 남는장면도 없다..아만다만 돋보인다..,0
R04470,친구랑 보다가 마지막부분에서 서로 질질짜고난후에 서로 웃었네요 ㅋㅋ재밌게봤습니다!,1
R04471,5점씩이나 받다니,0
R04472,"OOO기집단의 쓰레기부스러기들의 총집합,보면 졸라짜증나게 만드는 영화",0
R04473,시간이 기다려져요^^,1
R04474,정말 저질이 따로없구나..,0
R04475,아직까지 잊지 못하는 영화. 제목부터 마음에 잔잔하게 와 닿는다. 영화 장면중에 소낙비를 피해놀라 달려 가는 부분은 정말 ☆어느 멋진날~☆ 햇살 비춰진 행복한 빗속을 달리듯 느껴졌었다,1
R04476,이렇게 만들거면 실화소재로 영화 만들지 말아야 한다.. 상처만 더 키울뿐임 진짜 극장에서 봤는데 그 지루함이 아직도 생생하다,0
R04477,참고 보다가는 속이 터진다.,0
R04478,"결혼,출산,육아에 대해 조금이라도 고민해봤던 커플이라면.",1
R04479,기본에 충실한 드라마,0
R04480,음울한 분위기에 갑갑하고 다 보고 나서도 기분이 찜찜하고 꿉꿉하다,0
R04481,개소름이다 진심 노잼 차라리 배틀로얄을 돈주고 보겟다 ㅋㅋ,0
R04482,성장하는 과정. 그 과도기의 아픔...,1
R04483,"산업화, 조국근대화의 대 업적을 다룬 최고의 드라마!!!",1
R04484,오ㅏ.. 진ㅉㅏ.. 어쩜 OOO도 이런 ㅆㅣ레기가!!,1
R04485,"SBS,동물농장 사랑함",1
R04486,캐스팅만 훌륭함,0
R04487,정준호 나오는 영화들은 왜 다들 이 따위인지...,0
R04488,갑자기 생각나서 태어나서 처음으로 평점남겨봅니다. 이보다 재미없는 영화는 본 적이 없네요,0
R04489,이런 영화에 누가 이렇게 평점을 높이 줬냐 좀 깍자,0
R04490,흠....좀 심한데;;;,0
R04491,정말 최고의 영화입니다. 이런 다큐멘터리를 만드는데는 지원을 아끼지 않았으면 합니다. 좋은 작품 고맙습니다!,1
R04492,최고중의 최고 입니다.!! 조선의 마지막...,1
R04493,주인공의 연기가 참 좋았습니다. 부자 간의 정이 가슴 뭉클하게 느껴집니다!!,1
R04494,서기두좋고 음악도좋고 여러번봄,1
R04495,"최민수 카리스마 5점, 염정아 가슴 5점 = 고로 이영화는 10점!",1
R04496,6살 아들도 몰입해서 본 명작 영화네요,1
R04497,이런답도안나올영화같으니라고....,0
R04498,일본 애니메이션 명불허전,1
R04499,"인생의 동반자란 중요한 의미이며 그것은 자신의 준비가 끝났다고 오라고 기다리면 그때마침 ""어 갈게""와 같지 않다는것 ..자신의 꿈속의 사랑은 간진막하되 드러내진 말것이며 그 꿈속사랑은 헛된사랑의 지금길이 될수있음을 시사한다",1
R04500,영화 괜찮음. 함 보세요 ;,1
R04501,차가움이 느껴지는영화,1
R04502,판타지적이고몽환적인.......ㅋㅋ,1
R04503,하루를 위해 평생을 달려온 아들,1
R04504,지나 카라노가 격투기 선수일 때나 이쁘지...,0
R04505,빵빵 터지는 씬이 많다ㅋㅋ중반에 좀 더럽고 잔인한데 제임스 매카보이님 미모로 다 커버 가능ㅋ 너무 이쁘게 잘 나오신거같다ㅋㅋㅋ,1
R04506,재밌긴한데 이젠 외국도 안나가고 무한도전 보는것 같음 차별화되지도 않고,0
R04507,이야기 내용이 좋지 않고 내가 지금까지 본 영화 중에 완전↓,0
R04508,좋다 아름답다,1
R04509,"""해상 방위대 목포 해군 경비부의 직속으로 해상 방위대 전남지구 부대장, 이렇게 해 가지고 제가 저의 선박을 동원해서 공비 토벌한, 일선에서 제가 싸웠습니다."" - 도요타 다이쥬 센세-",1
R04510,재밌었고...감동적으로 봤다..,1
R04511,그 당시에 나온 애니메이션이라는거,0
R04512,가슴을 따뜻하게 만드는 영화. 어찌 보면 뻔한 스토리가 전혀 지루하게 느껴지지 않았다.,1
R04513,정말 대단하다는 생각,1
R04514,한심하다 일본영화는 다 왜 이래,0
R04515,그다지... 음 나쁘진않았음하지만 죠지는... 하아 ㅜㅜ 일본에는 인물이 그렇게ㅇ없는거냐... 빌려주고싶네 남자배우를,0
R04516,0점은 왜 안돼냐?,0
R04517,무각본이라 그런지 어색하고 지루하면도 있어서 재미없었음.. 끝까지 보려고 했는데 포기 달달한 장면도 딱히 없고 내용이 너무 두서가 없음 보다만 영화는 처음임..,0
R04518,"예술 영화라기엔 너무나도 탄탄한 스토리와 스케일 ,.",1
R04519,"아~ 허우대멀쩡, 착한인상, 어리버리한 말투,+술 하면 여자들 다 다리벌리는구나... 유부녀까지;; 믿을 년 하나없네",0
R04520,어째 인디언과 백인의 역할이 바뀌었네.. 기대하고 봤는데 졸작임..,0
R04521,전쟁의 비극을 잘 그려낸 수작!,1
R04522,훈훈하고 재밌어요,1
R04523,개재미없다 이게 왜 평점이 이렇게 높을까?,0
R04524,쓰레기 영화,1
R04525,밤에 혼자서 보다가 소리없이 울었다. 내 인생을 되돌아 보며... 보고나니 왠지 속이 시원한 듯. 몇년만에 다시 이런 영화를 볼 수 있어 기뻤다.,1
R04526,이런 걸작이 묻히는건 너무 안타깝다,1
R04527,"투자은행, 연방준비위원회, 보험회사, 신용평가사, 행정부, 의회, 컨설팅펌, 경제학자, 검사, 대통령까지.. 모두가 행복한 세상",1
R04528,정말 사랑에 대해 다시생각한거같습니다 감동이에요,0
R04529,하지원 나와도 이건 아니야,0
R04530,너무나 재미가 없는 3류 유치영화....말도안되는 어설픈설정.7.80년대 영화만도 못하다.... 오달수 이분은 영화선택을 잘못하신듯..,0
R04531,이 나라 지켜주셔서 정말 감사합니다..,1
R04532,좋은영화다 그러나 꼭 보라고 권하고는 싶지 않다,0
R04533,2시간의 긴 영화.. 1분1초 놓치지 말고 집중하고 보셔야 이해하실수있습니다.,1
R04534,조선에서 일본인 수발드는 조선인으로 살다가 강제징병돼서개같이 살아남다가 일본인이 마지막으로 살아남아서 올림픽 우승햇으니 일본 미화지 머냐 ㅉㅉ,0
R04535,자비에돌란. 자신의 색깔이 분명해서 좋다.,1
R04536,시달소 팬이었다면 크게 실망할만한 노잼영화,0
R04537,뭐... 저usb는 결국 신희한테 갈거면서 usb로 몇회를 해쳐먹은거여 ㅡㅡ아.. 기억상실 진부한 설정하며 요즘 일반인들도 사용하는 핸드폰 녹음기능 작가님은모르시나봄? 멍청한 여주 하늘이 보살피는 악역 진부하기짝이 없는 스토리....,0
R04538,장애와영원한사랑 없는것나와는,0
R04539,진짜 돈이아까운영화입니다!!!!미치는줄알았네!!젬있기는개뿔이잼있어!!!,0
R04540,감독놈 참 생각 없네 아니 지금이 6~70년대도 아니고 이런 미적지근한 영화로 뭘 어쩌자구 내가 감독이라면 신성일하고 배슬기 진짜 엄청 진한 베드씬 찍는다.원래 여배우 캐스팅할 때 그런 거 요구하는 거 아니냐? 배슬기가 뭐라고 애한테 영화를 맞추냐?,0
R04541,재미있게 봤네요 딱좋다,1
R04542,"홍상수의 시작, 그리고 한국영화의 또 다른 시작. 시간이 흐를수록 그 가치가 더욱 피어오르는 고전이 되어버린 어느 영화.",1
R04543,11년전인데도 재밌다,1
R04544,ㅋㅋㅋ 와나 참여인원 나까지 2명 ㅋㅋㅋㅋㅋㅋㅋㅋㅋㅋㅋㅋㅋ,1
R04545,"전혀 색다를 것도 전혀 쇼킹한 것도 없던 범작, 현재의 평점이 알맞다고 판단된다.",0
R04546,정말재밌습니다 평점이너무낮네요;;,1
R04547,옛날영화에다 cg가 좀 별로(당연함)이지만 그 놀라움을 아직 잊을수가 없다.,1
R04548,아놔~ 속았다. 평점 0점은 안대나? ㅠㅠ,0
R04549,자극적인소재의 홍수속에 발견한 귀한작품...가족에대해..나의 부모에 대해 많은 생각을 갖게해준영화였어요..정말 잘봤습니다.,1
R04550,옛날에 대한민국의 영화보는 수준이 참 거시기했지,0
R04551,저 배우들중에 미아 와시코브스카만 생각남,1
R04552,데이빗토히최고,1
R04553,졸작...이미 명곡이 되어버린 주제가만 남는 영화,0
R04554,신념에 대한 이야기를 지루하고 따분하게 풀어가는 스릴러 아닌 드라마,0
R04555,어이가없는게 ㅋㅋㅋ 트랩돌아갈때 체인있는데 체인에 신발벗어서 끼워놓으면 멈추는데 ㅋㅋ 생각이 없는듯,0
R04556,이 드라마는 평점이 모든걸 말해준다! 하지만 소현역을 맡은 손여은의 캐스팅은 신의 한수였다!!,0
R04557,"커피와 담배, 그 오묘한 조화에 중독되다",1
R04558,이런영화 무슨생각으로 만들고 출연하는지 도대체 이해가 가지않음... 안타깝다 안타까워... 마이너스 점수 없나...,0
R04559,괜찮은 드라마,1
R04560,스나총으로도 구멍이 뜷있늬 외계인장갑,0
R04561,억지로 끼워맞춘 속편,0
R04562,영화를 장난으로 만드네 개연성도 없고 줄거리도 끈어지는 느낌이고 갑자기 장어들고 온놈이랑 갑자기 눈맞아섹스를 하질안나 식품처 여직원을 무슨 조폭 중간보스 급으로 투잡을 하질 안나 쩝?마지막엔 동포에게 장어집 차려주는 씬은 압권이다 어이가 없다,0
R04563,털보 아저씨의 우정. 하아. 웃프다.,1
R04564,"옛날 한국영화 중 최고의 수작!! 시골과 어린시절에 대한 추억과 향수, 감동이 느껴짐",1
R04565,재미없다 그만만들어라..,0
R04566,짱구 극장판 중 제일 재미있는 듯!! 그리고 보면서 음식 보니깐 너무 먹고 싶었다ㅠㅠ,1
R04567,규모는 꽤 큰데 이야기에 알맹이가 다 빠졌네,0
R04568,수련회 가다가 버스 안에서 봤는데 정말 웃기다...,1
R04569,재미가 전혀 없음. 웃겨야 할 자흐가 웃기질 못 함. 로다쥬에 대한 팬심이 아니었으면 1점도 아까운 영화.,0
R04570,뮤지컬을 영화화 하기에 좋은 작품이었고 나름 현장감 있게 잘 담은듯.,1
R04571,제목에서는 이 압박감,0
R04572,단순하고 재미없네요~,0
R04573,음 재밌게봤어요,1
R04574,"90년대 초, 잡지 인터뷰에서 출연했던 최진실 본인도 재미없다고 하더군요",0
R04575,부산에서도 보고싶다는..ㅠㅡㅠ,1
R04576,"홍성진은 비주얼 칭찬하지만, 솔직히 CG가 너무 티나는데? 만화같음",0
R04577,설마가 사람 잡는다. 10분에 예상한 그게 결말 맞다.,0
R04578,8점도 아깝지 않은 작품이지만 이빨몽 얼굴 봐서 3저 드립니다,0
R04579,모르겟다내용 기억이안난다,0
R04580,"차라리 입양을하지. 남편정자기증받은것도 아닌데, 소영이애기에 집착한다는게 이해가안감. 강간당하고도 신고는둘째치고 또 그집엘? 뭘 전달하려는건지 잘 모르겠음.처음의도야어쨋든 애기울고불고찾을만큼 모성애있는척하다가 바로 다른사람에게 줄 엄마가 과연 있을까?",0
R04581,그저 그런 영화 안보는게 나음,0
R04582,나도 80년대에 학창시절을 보냈고 브룩쉴즈 좋아했었다. 그래도 이런 영화가 평점이 9점씩이나 되면 ... 무슨 영화평점을 여배우 몸매만 보고 주나?,0
R04583,믿음 신뢰 도덕 윤리 다 쌩까고 지은이의 똥통처학을 자알 볼 수 있었다,0
R04584,난 신야의 세계관을 이해 못하겠다..괜히 봤다는 생각,0
R04585,중국무협영화는너무쓸데없이심각해서잘안보는편인데재밌고신선해서시간가는줄몰랐다,1
R04586,사회는 아직 죽지 않았고 범인은 엄벌을 받아야 하며 가족이 슬픔을 이겨내는 것과 이웃들에게 감탄을 했으며 연기자들의 연기에 찬사가 쏟아졌다.,1
R04587,재미있는데.. 후기쓸려고 보니 평점이 굉장히 낮아서 놀랐네요.,1
R04588,이 영화 보고 맥어보이 팬이 됨. 영화 자체가 주는 메시지도 감동적임,1
R04589,과연 재미가 있을까..기대는 된다..,0
R04590,진짜웃기다ㅋㅋㅋ가족이랑보는데빵빵터짐ㅋㅋㅋㅋ,1
R04591,"코믹함과 호러, 당시의 볼만한 특수효과가 결합된 참신한 영화.",1
R04592,넘넘 감동적이에요,1
R04593,"명대사, 따뜻해, 아파 .. 느낌이 전해지는 장면 -",1
R04594,엌ㅋㅋㅋㅋㅋㅋㅋㅋㅋ 제리케이형ㅋㅋㅋㅋㅋㅋㅋㅋㅋㅋㅋ,1
R04595,ㅋㅋㅋ 아래님 웃기당ㅋㅋㅋ 진짜 공갈빵느낌ㅋㅋㅋㅋㅋㅋㅋ,0
R04596,"핵심이뭐야...그냥 평범한영화였고, 부성애를 그리려는건지 시대적상황을 꼬집는건지 잘 이해가안가고, 그때당시의 어두운면만 너무 보여주는듯하다",0
R04597,판타지 싫어하는 내가 유일하게 좋아하는 '원조 정통' 판타지. 이게 진짜임.,1
R04598,이런영화는 두번봐야지 안다 작은 일에도 크게 화를만드는 저나라의 국민이 인상깊다,0
R04599,모야 그래도 이건 너무했자나! 2시간동안 배우들 멍때리는거만 보다끝남. 주인공아줌마는 교수고 찾아온 제자랑 어떤 관계인지는 설명해줘야할꺼아니냐! 불륜관계냐? 팥빙수할멈은 또 모야!!난데없이 가버리고..무슨영화가 이따위야!!,0
R04600,"끝도없는 성적인 저질유머, 짜증나는 캐릭터들... 코미디인데 한번도 웃질 못했다ㅠ",0
R04601,인간:흐헤헤헹 마셔라 괴물:꾸에엑 데굴데굴,0
R04602,넘 재밌어..!~~~!!!~~~~,1
R04603,발연기아이돌만 나오기뭐하니 몇몇 에이급배우들도넣었네요 오달수씨도보이고 그래도안되죠 너무오글거리구요 빠순이빠돌이들겨냥한 삼류급 드라마네용 오달수씨땜에봤음,0
R04604,0점도 아까운 영화 필름값이 아깝다,0
R04605,아름답고 거대한 대자연 앞에 무의미한 인종갈등,1
R04606,좋은 재료만 쓴다는 식당에서 엉망진창의 요리를 먹고나온 느낌,0
R04607,1939년 3월 이후 루마니아 폰타나의 한 농부 요한 모리츠의 8년간의 삶,1
R04608,ㅎㅎ 재미난다,1
R04609,이런 영화 좋다~ ~ ~ ㅣㅇ자,1
R04610,너무 재미있게 봤습니다. 유쾌한 명작이예요.,1
R04611,새삼 제자신이 이렇게 쓸모없이 인생을 허비하는 것에 대해 아야에게 미안해집니다.,1
R04612,완존 재밌어용^^ 대박 짱,1
R04613,이게 진짜 재미있었다고?? 야빠들을 위한 공상영화 그이상도 이하도 아니다,0
R04614,너무 생각하게 만들어서 영 별로예요 영화 결말의 의미는 검색해야만 알수 있습니다 ㅡㅡ,0
R04615,진짜 재미없다.. 10점 뭐냐 알바냐?,0
R04616,애니메이션 보단 부진한 느낌이 들지만 그래도 비밥이다.,1
R04617,나는 일본인이 아니다. 한국 정서에.전혀 안 맞는다.,0
R04618,"어설픈스토리와 삼류멜로에 흥미잃은 레이싱, 감흥없는 배우들의 연기",0
R04619,12세이상 관람불가 달아라,0
R04620,(일본)밀레니엄고지라시리즈중가장졸작으로불리우는덩치만큰스케일?의 고지라시리즈,0
R04621,왜 만든거지? 이걸...,0
R04622,스토리는마지막까지돌아오지 않았다..괴스런정신세계..오로지감독만이해할수있는 영화,0
R04623,차라리 책을 보길..,0
R04624,지난번개봉한 진구의공룡만큼 재밌지 않았다.,0
R04625,재밌다1234567,1
R04626,줄거리가 재밌어 보여서 봤는데 개지루... 나중엔 빨리감기로 넘겨버림.,0
R04627,진지하게 몰입해서 볼수있었습니다. 지금 일상에서 헤매는 느낌이 조금이라도 든다면 꼭 보시길 추천합니다.~!,1
R04628,"멍청한 대중을 위한 중딩용 영화, '악령의 오두막' 같은 쓰레기영화도 끝까지 참고 보는 나지만 중간에 보기를 포기한 영화",0
R04629,볼만해요,1
R04630,억지설정들..............,0
R04631,싸구려 조폭 의리 영화와 질적으로 다르다.,1
R04632,할말을 잃음...,0
R04633,고통스럽게 재미없다..진짜.... 그러지마라,0
R04634,꼴려 ㅋ,1
R04635,피타가 많이 안나와서 당황했지만 스토리 흐름에 있어서 꼭 필요한 단계였던 영화인것 같음 이야기 자체는 여전히 긴장감 있고 재밌었다 헝거게임 자체가 진행이 되지 않은 편이기 때문에 사람들 평점이 낮은것 같음 하지만 전편을 다본 팬들이라면 재밌게 볼수있음,1
R04636,선동과 좌좀 그리고 알바들,0
R04637,80년대 외화시리즈인기의 기폭이 되었던 명시리즈 다시보고싶네...ㅠㅠ,1
R04638,매회 시작부터 끝까지.. 연기자들의 대사하나마저 놓쳐지지 않는 몰입감,1
R04639,숀 윌리엄 스콧은 10대코미디에 잘나오네,0
R04640,이런게 영화지....,1
R04641,달콤하면서씁슬한 문,1
R04642,0점이 없는게 아쉽다.,0
R04643,곽부성과 오경으로 왜 이딴걸 만들었나? 홍콩 돌연변이 액션 영화 중에 최악이다.,0
R04644,역시 싸이코는 싸이코다ㅋㅋㅋ,0
R04645,남자 다운영화,1
R04646,--;; 변화 없음의 지루함,0
R04647,빨갱이 미화 감동이고 나발이고 적국을 미화시킨 영화 점수잘주는 나라는 우리나라밖에 없을꺼다,0
R04648,상당히 좋은 영화네요. 마음이 유쾌집니다. 대박,1
R04649,"색정증 환자 볼륨 2. 드릅게 재미없네유,",0
R04650,"요즘 드라마중 단연 최고!이 드라마보면 진짜 사랑하고싶다. . 본방, 재방 다챙겨보고 있습니다^^",1
R04651,광장 공포증이란 소재도 영화에 재미를 더해주는듯.,1
R04652,어릴적보던 전설의 고향이 생각나네. 재밌네,1
R04653,너무 단순한 동화. 부족한 상상력. 그림이 아깝다.,0
R04654,솔직히 말해서 저 워터호스 괴물 말고는 볼거리가 없는데 ㅡㅡ 그리슬프지도 않고,0
R04655,1점주는 OOO들은 흰둥이똥구멍이나 핧으라지. 쓰레기들..,1
R04656,감독이 밥은 먹고 다니는지 궁금하다. 배틀로얄2 이후로 최고 쓰래기.,0
R04657,라스트 30분은 엄청난 에너지와 카타르시스 폭발!,1
R04658,그들의 순수가 언제까지 계속될수 있을까...,0
R04659,음 다소 난해한 ㅜㅜ아이들이 이해하기는 어려웡,0
R04660,명품드라마,1
R04661,정말 재미 없다. 야한장면이라도 많이 나왔으면 10점 줄껀데 옛다 1점..,0
R04662,"일본영화 특유의 잔잔한 느낌, 얽힌듯 풀린듯한 감정선들",1
R04663,아만다 진짜 여신 보는내내 아만다 분량돔늘려주지 생각함 몸이 떨리는 영화였음,1
R04664,싸물고 보자,1
R04665,진정 재미없는 영화를 또 보고야 말았구나..0점은 안되나?,0
R04666,보니까 이양반이 다세포소녀 감독이네,0
R04667,조오오온나 재미없음,0
R04668,클라라라고가 예뻐서 5점,1
R04669,감독 너는 멋지고 예쁜 배우 갖다 놓고 이게 뭐하는 짓인거죠?,0
R04670,한번 본 영화는 끝까지 보는 주의라 힘들엇다 재미도 없고 의미도 딱히 모르겟는 영화,0
R04671,쏘우 이후로 이런 교훈적인 작품은 처음임. 일단 이 만화는 짱구를 버금갈정도로 잘 만들었고요. 영화도 교훈적이였음. 특히 심리게임이 최고죠.,1
R04672,로버트 슈왈츠먼 어데로갔노ㅠㅠㅠㅠㅠ,0
R04673,재미있고 없고를 떠나서... 이건 불쾌감주는 영화던데... 관객모독,0
R04674,두말필요없는 쓰레기 포르노. 야동도 이것보다 스토리가 낫다.,0
R04675,내가 미치는 드라마... 어쩜 넘 재밌어서 기다리는것도 힘들어요..ㅠㅠ,1
R04676,쓰레기 조폭영화의 시작,0
R04677,스파르타쿠스는 잊으레ㅋㅋㅋ 죤나 저렴한 멘트,0
R04678,영화 전체가 어디선가 본듯한 장면들의 짜집기...,0
R04679,좋은영화찾아보고싶게만드는영화,1
R04680,간만에 재밌는 로코 발견 ㅋㅋㅋㅋ 웃으면서 재미나게 봅니다. ㅋㅋㅋㅋㅋㅋ 굿,1
R04681,자신의 과거를 찾아 떠나는 로드 무비...그리고 그 끝에는 구원,1
R04682,도대체 이영화는 어디가면 볼수 있나요? 다시 한번 보고 싶다,1
R04683,하....어이업네 어떻게 이런 영화로 퍼시픽림을 잊으라해 어이업네 와....노답이다 이 영화는 이야...,0
R04684,뭐냐? 권력에 희생된 이야기인거냐? 난 뭐가 잼난지 모르겠다.,0
R04685,재믿닷!!!!!!!,1
R04686,임신ㅋㅋㅋㅋㅋㅋ,1
R04687,글쎄.. '서울' 연애?,0
R04688,"영화관에서 봤었는데, 가끔 다시 생각나는 영화임나도 저런 꿈이 있었는데 생각하면서 평범한 사람 또는 세상 살아가는 누구나 자기 삶에 대한 아쉬움과 추억이 생각나는 그런 영화임. 큰 재미는 없지만 감동과 여운은 있음",1
R04689,대의를 위해 희생하라 콩콩,0
R04690,스릴러라는 장르가 무색한 진부한 내용의 영화,0
R04691,멋져요^-^,1
R04692,한효주씨 연기 빼고는 다른 분들이 연기를 너무 못해서 몰입감이 떨어집니다. 좀 너무 멋을 부린 독립영화느낌,0
R04693,비웃게 만들다.,0
R04694,우와 그냥 웃자고 본영화였는데..남자인 저도눈물이 찔끔하네요 색즉시공스런 엽기스런 스토리 그리고 한국의 현실을 잘반영했네요 데니스강의 출연도 쏠쏠한 재미인듯ㅋㅋ,1
R04695,답이 없다. 장난치냐? 1점말고 0점 좀 만들어주시죠.,0
R04696,눈물 많이나,1
R04697,잘못된 뭐라뜨면서 안됨 ㅠㅠ 왜이럼,1
R04698,3D로 변신한 동시에 에드워드 엘릭의 얼굴도ㅂ변해갔다,0
R04699,평점이 너무 높다.............,0
R04700,뭘하는 프로인지 꽃보다 짝퉁ㅡㅡ,0
R04701,하...마지막에 프란 떄문에 울뻔 했음...진짜..ㅠㅠㅠㅠㅠㅠ 성우분 연기 대박!! 소름 돋았다며 ㅠㅠㅠ 편집은 아쉬웠음..왜 스틸컷에 있는데 슛을 쏘질 못해!,1
R04702,내 마음에 표백제를 탈 수 있다면 이 영화가 유일하겠지.,1
R04703,생각을하게 하는 영화이다,1
R04704,조오타~~ 캬아! 이런 감성 정말 오랜만이다,1
R04705,사이비목사 신도들은 많고 진실한 목사 설교는 듣기 싫어한다,1
R04706,굿 넘 웃김 ㅎㅎㅎ,1
R04707,여주인공 목소리가 톡톡튀는게 상당히 매력적.,1
R04708,같이 영화관 가서 본 동생한테 아직도 욕을 먹는다,0
R04709,이걸 보고 이걸 선택한 내가 ...... 참... 바보닭,0
R04710,허니잼 대사와 연기 연출로 긴장감을 쪼아내다니모든 배우에게 찬사를,1
R04711,야구와 동물을 좋아하고사랑하는 사람으로써....재미고 나발이고 야구와 동물에 대한 모독인 영화...(야구와 동물에 대한 좋은영화가 얼마나 많은데....이딴 쓰레기를...)보는 내내 미안했음...,0
R04712,아무생각없이 웃을수 있음,1
R04713,귀엽긴 하나 즐겁진 않다,0
R04714,송중기 내레이션 이라고 보는 사람 진짜 짜증난다. 차라리 tv에서 보삼,0
R04715,멍청이주인공들,0
R04716,역시 배우들의 연기가 좋으니깐 푹빠져서 보게 되네요.. 영화 재밌는데 평론가 평점은 왜 저러지?,1
R04717,존나 22발 쳐맞고 사는게 사람인가 현실성 OO없네,0
R04718,애니는 디즈니말고는 못보겠다.,0
R04719,맨밑에 님 수준참..-_-; 이런 수작을 단지 야한장면 보려고..,1
R04720,무식의 위험함을 솔직하게 그려냈네요. 역시 배워야 함.ㅎ,1
R04721,역시 이런 영화들은 밤에 혼자 보면 굉장히.. 무섭네요. 마지막에 에단이 자기 딸이 자신을 죽이러 올 것이라는 걸 진짜 몰랐나.. 궁금하네요. 수작.,1
R04722,"개인적으로 생각했을때 이 영화는 반지의 제왕 이라는 큰 스토리에 벌어진 작은 에피소드 같다는 느낌이 드는 그런 영화입니다.가장 기억하는 대사로는 "" 별이 잘하는게 뭔지알아요? 더 샤이닝 ""환타지 매니아라면 한번은 꼭 봐야한다고 생각하는 영화",1
R04723,여주인공이 매력있음 영화스토리 전체적으로 괜찮은것같고 가끔 생각날때 볼만한것 같아요.,1
R04724,아마츄어가 만든거같다.. 한마디로 삼류영화,0
R04725,태국 영화로 액션하나는 기가 찬다. 카포에라 형식의 무술인데.. 화려하다...진짜 액션만 볼거리일 뿐.. 그 외에는 뭐...,0
R04726,이건아니잖아,0
R04727,적도가 아니라 원제명은 헬리오스입니다. 제목부터가 이미 결말을 알려주죠. 즉 움직이는 태양이라는 뜻인데 이걸 이용하려는 삼국에 대한 심리 묘사와 손자병법에 대한 풀이를 어떻게 풀어갈것인가가 관점 포인트입니다.,1
R04728,한여자 와 두친구의 사랑과 우정을 그린 동화 같은 이야기.,0
R04729,평점은 6.5정도 그리고 스릴러는 아닌게 확실함.,0
R04730,대박좋다,1
R04731,첫 장면부터 19금 장면이 나오네요ㅡㅡ,0
R04732,선택에관한 영화..아름다운 영화 긴 런닝타임에도 불구하고 정말 눈을 땔수가없었다.,1
R04733,퍼펙트게임보다 훨씬 일찍 나왔지만 연출은 훨씬 더 마음에 든다. 야구를 소재로 다룬 영화의 모범작일듯,1
R04734,그냥 재미없음..,0
R04735,예전부터 보고싶었던 영화였는데 재미있게 잘 봤습니다!,1
R04736,간만에 마음따뜻해진영화 ^^,1
R04737,"기대안하고 봤는데 정말 별로 별주기아까움,.",0
R04738,주원오빠 때문이 봤는뎅 재밌더랑,1
R04739,한국말은 어색하지만 신선한영화,1
R04740,완벽한 쓰레기다. 멋모르고 만원에 다운받아 본사람들은 정말 분통터질듯. 모 그런사람 거의 없겟지만.,0
R04741,이런 영화 흔치 않다 . 김동욱 조여정 굿.,1
R04742,웃긴 요소가 있긴하여 1점 추가로 더 드림,0
R04743,황홀해 보는 내내 아득하고 황홀하더라,1
R04744,헐 진짜 기대하고 봤는데 뭐임?? 자격도 없으면서 대리교사라고 들어가서 아무것도 안할때부터 완전 비호감.. 계속 비호감임 왜 학교 잘다니는 애들가지고 그러는건지 이해도 안되고 진짜 어후 캐릭터 완전싫어,0
R04745,이것도 영화라고 감독이란 이름을 달고 있냐? 부끄럽지도 않나?,0
R04746,눈과 귀가 즐거운 대단히 흥겹고 활기 넘치며 재미있는 하이틴 영화.,1
R04747,"부드러운 모션에 훌륭한 OST, 작화나 성우들의 연기실력 하나 부족한게없다. 분위기부터 전개까지 전부 만족하고 특히 대사하나하나 감칠맛이 있고 깊은 맛이 느껴져서 좋았다. 요즘 9점대 다른 영화들과 비교해본다면 이 점수론 부족하다.",1
R04748,진짜 심심할때 마다 본 영화 한 50번은 넘게 본 영화 재밌음,1
R04749,이영화는 딱 1시간만 볼것을 권고합니다.,0
R04750,재미없는 부분이 없다랄까요.. 그리고 삽입된 음악들도 하나 같이 좋아요. 내가 젤 조아하는 영화!,1
R04751,역시 아무리 다재다능한 사람도 안맞는게 있는듯 ㅋ,0
R04752,허무맹랑한 상상의 나래를 너무 신격화한다 나는 별로,0
R04753,여기에 별 주기도 아깝다;;; 근데 네이버는 별0개 못주네.... 그래서 0.5개줌,0
R04754,진짜 잼있어요~!! 요즘 빠져서 매주 챙겨보고있어요 진짜내용도좋고연기도좋고!,1
R04755,개구라 영화 타일러박사 = 샬럿 밀커스,0
R04756,내 생애 처음으로 눈물 흘리게 만든 영화,1
R04757,예외없는 법칙(김민종 영화는 망한다),0
R04758,"내 인생영화. 풍부한 스토리와 긴박감, 섬뜩하면서 아름답기까지한 조커의 광기와 몇번을 봐도 질리지 않고 많은 철학적 메시지를 전하는 최고의 걸작!",1
R04759,원작한테 미안하지도 않냐. 봤던 중 최악임,0
R04760,미이라 시리즈물인줄ㅠ.낚여서 만원버리고 시간버리고,0
R04761,아 재밌다는 OOO들이 신기한겅미,0
R04762,솔직히 8점대나올 작품은 아니다,0
R04763,"나이 들어도 멋진 소피마르소의 환한 미소만 볼만한 영화. 뭔가 매우 현대적이고 감각적인 영화를 만들려고 한 것 같은데...잦은 상상 장면으로 인해 집중도만 떨어지고 , 깊이도 없고, 내용도 없는 이도 저도 아닌 영화가 되어 버린 듯..",0
R04764,끼오오오오! 스피닝 파이아!!!,1
R04765,1점 드리겠어여...,0
R04766,나오미왓츠는 왜 이런영화에ㅡㅡ 아무리영화라지만 .. 참 아무렇지않게 서로를이해하다니..최악오브최악,0
R04767,ㅇ렇ㄹㄹㄹㅇㄹㄹㄹㄹ,1
R04768,감독이 문제네 완전싫다 ㅋㅋ,0
R04769,왜봤지 이걸 2시간동안,0
R04770,내가이영화을 왜안봐지,1
R04771,참나ㅋㅋ이게 무슨 드라마 최초 뮤지컬드라마야 이게무슨ㅋㅋ걍 다른 드라마랑 똑같구만 사랑이야기만 하고 삼각관계에 난또 뮤지컬드라마라 해서 드림하이처럼 노래로 승부하는 줄알앗더니ㅋㅋ,0
R04772,폭풍속으로에 필적하는 좋은 서핑영화,1
R04773,이 영화를 싫어하세요?,0
R04774,내취향은 아니다 보냐고 힘들었다,0
R04775,tv 전기세가 아깝다!!!,0
R04776,여운이 꽤 오래가는 영화...개봉했을 때 봤는데 오늘 갑자기 이 영화 장면이 스치듯 지나가더라..,1
R04777,뭐여 이게 ㅡㅡ,0
R04778,"끔찍한 연출력 조금 덜 끔찍한 몰입도, 어설픈 전체그림",0
R04779,망가졌지만 그냥 볼만하다,0
R04780,아이유짱이다!!!!,1
R04781,"멋있는 사이코패스와 잘생긴 히키코모리가 맞붙는 마지막 숙명적 칼부림 장면을, 나는 죽을 때까지 잊지 못한다.",1
R04782,"2편너무 재미있게 봐서 3편 본방은 아니지만ㅜㅜ 왕잘챙겨보고잇음...진짜 재미있고 공감된다 진짜!!!""처음엔 캐스팅어색햇는데...신의한수엿닼ㅋㅋㅋ♡",1
R04783,역시 나만그런게아니였어 나만 불편하게본게아니었네요 ..시리즈전부 리얼한 여행기에 신선하고 너무재밌게봤는데 제작진까지 너무리얼하다못해 오만방자한모습..정말 이건아니지요...,0
R04784,신랑이랑 기분좋게 보는 드라마 입니다 가족의 따뜻함도 알게 해주고 웃기도하고 울기도 했는데 아쉽네요 시간때가 잘못되었나요???ㅠㅠ 100점 줘도 안아까움,1
R04785,사랑에 목말라있는 여인의 복수가 치밀하고 무섭따...,1
R04786,지루할수도 있겠지만 집중해서 내용을 알아가면 정말 소름끼치는 영화,1
R04787,사랑하는 사람보다 자신을 사랑해주는 사람에게 가버린 여인?? 결말이 이상해,0
R04788,그냥 시간 뺏기지말고 딴 영화보시기를,0
R04789,"멍미,, 연기도 연출력도 내용도 분장도 캐스팅도 공포도 뭐 하나 제대로 잡은 게ㅡㅡ",0
R04790,불쾌한 자학적 역사관. 역 오리엔탈리즘.,0
R04791,와 ㅋㅋ 십대ㅋㅋㅋㅋ아자,1
R04792,남매의 집안? 어디 알바 풀었나? 메세지도 없고~ 대체 이 영화에서 뭘 말하려는 건가?,0
R04793,감독님들 고은님 쓰면 영화안봅니다 .,0
R04794,걸작 오컬트를 평범한 스릴러로 바꿔 놓은 한심한 연출력,0
R04795,B급영화임을 감안하더라도 영화의 주축을 담당하고 있는 랩부분을 즐길수없다,0
R04796,상상력최고조! 어떻게 그런 발상이 떠오를 수가있는지..진짜 감동했음!!,1
R04797,나는 쓰레기라서 더욱 발버둥치고 항상 위를 바라고 서있어야 했다.,1
R04798,최악의 드라마중 하나...진짜 안보는게 답! 재미도 없고 전개는 어처구니없고...그냥 노답,0
R04799,스토리가 맘에드는장면이 하나도없다 뜬금 없는전개에 갑자기텔포타는것도아니고 장소변화에 공포 영화치고 공포스러운것도없었다 마지막에 미친듯이웃는 거며 눈물흘리는것까지 도대체뭘표현하려고한건지 이해 가안간다,0
R04800,도심 속 레이싱을 즐기는 사람들에겐 화끈한 영화가 될 수도? 하지만 온갖 도로 위 민폐에 역주행을 미화하는 쓰레기 영화. 심지어 여타 레이싱 영화보다 재미도 없다,0
R04801,이게 왜 공포 스릴러지... 포스터사진만 무섭네,0
R04802,참내;; 뭐하자는거?,0
R04803,오빠... 왜그랬어요,0
R04804,곽경택 감독 영화중 최고라고 생각합니다.,1
R04805,아직 까지도 재밌는 드라마 올드한 느낌전혀안나는 언제나봐도 재미있는 드라마,1
R04806,쏘우인줄;그리고하나도안무서움그와중에김범졸잘ㅋㅋㅋ,0
R04807,그리고 삶은 계속된다...진짜 그런 영화. 그저 뭉클...,1
R04808,감사합니다...웃음.감동이 가득하네요,1
R04809,영화에 비해 평점이 너무 낮은거 아냐? 6점대는 아니다.,1
R04810,하나도 안무섭다,0
R04811,000점ㅈ000점0000점,0
R04812,사람들 내면에 숨어있는 흉악성,1
R04813,앞부분의 설정은 좋았으나 그것 뿐이었다.,0
R04814,난 역시 천재야 4개월 전에 본 영화 기억해냈당,1
R04815,왜 돈 들여 이런 영화를 만들까,0
R04816,내 인생 최고의 OOO기 영화라고 하고싶지도않다,0
R04817,내가 무슨 부귀영화를 누리려고 피곤한 와중에 이 영화를 끝까지 봤을까.이 영화는 아무리 좋게 생각할래도... 내 스타일은 아니다..확실히 명작인 것 같긴 하나.. 내 스타일은 아니다..,0
R04818,ㅇㄴ누누누우우ㅡㅇ으ㅡㅇ,0
R04819,지성의 대사중 한 지역을 완전무시하는대사 역겹네요 ㅋ,0
R04820,보는내내 전범기. 작은 햇님 캐릭터마저 멀리서 전범기로표현하고 괴물뒤태양빛은 보는내내 전범기를 연상케함. 이게 대작이라니? 말이되는소릴.,0
R04821,전쟁의 현실을 적나라하게 보여줘서 뭔가 묵직한 여운이 남는다.,1
R04822,내일죽거도 저런 사랑한번 해봐씀 길지않은인생 후회없시 삽니다,0
R04823,밧슈...를 보고 반한 최고의 애니,1
R04824,섹시하고 황당한 코미디 영화. 역시나 기억에 남는 것은 일곱가지 유혹에서도 등장한 여배우 엘리자베스 헐리,0
R04825,"수학여행 버스 안에서 마지막화 보고 결국 울었던, 감동 그 이상의 드라마",1
R04826,너무너무 재밌게 봤어요 한 회도 안 빠지고 다 봤어요 ^^ 이런 시트콤 또 보고 싶어요,1
R04827,인형극으로 이정도 완성도가 놀라울 따름. 다만 여빙의 게이틱한 목소리에 안습,1
R04828,찬물끼얹기 피헤헤헤헿,0
R04829,최고의 배우 평범한 영화,0
R04830,초딩때보고 다시봤는데 거의 20년이 지난지금봐도 정말 대박이다.,1
R04831,쓰레기다. 이런 영화가 어찌 맨오브스틸 같은 잘 만들어진 영화와 경쟁을 했는지,0
R04832,굉장히 재밌었다. 상상력이 대단하군. 영화가 나온 당시를 감안한다면 정말 쩌는거임.,1
R04833,아놔 장난하나 유트브 동영상 만도 못한 걸 만들어서 영화라고;;; 발연기에;;; 여주인공은 단역인가?;; 지나가는 사람3 도 아니고.... 시간아까움 절대 보면 안되는 영화;;,0
R04834,언제까지 하는거임 이거?,0
R04835,신세계의 운명이 걸린 거대한 대결이 시작된다!,1
R04836,영화보기전 검색하다 댓글에 스포를 봐버려서 덜 무서웠음 ㅠㅠ,1
R04837,주제의 표현은 확실했으나 관객을 잡기엔 부족!,0
R04838,별로...이것저것연결시키는 사람많은데 감독이 잘표현못했다는데 동감.,0
R04839,나는 좋았음ㅎㅎ 굿굿굿,1
R04840,깡패영화 고만나오길,0
R04841,"좀비오1,2는 안봤지만 3편하고 비슷하다면 안보는게 낳겄네",0
R04842,이게 재밌음? 동생년땜에 빡쳐서 껏다이래서 애새끼들은 안되,0
R04843,당시 스토리라인 굿 연출굿,1
R04844,만들영화가 그렇게 없었나???ㅋ,0
R04845,왠만한 액션 영화보다 나은듯 하다..,1
R04846,으어어어알ㄴㅇ망ㄴ맒ㄴ,1
R04847,진짜 0점 못주나..?,0
R04848,아오이는 정말 멋지고 매력적이였지만....영화자체는........,0
R04849,재미없고 감동없고 내용없고 도데체 이런영화를 왜만드는건가,0
R04850,잔인하다,1
R04851,woalTek.,1
R04852,가슴속에서 먼가가 찡하다........,1
R04853,다시 봐도 명작이다....역사공부와 소설의 만남....현실 그이상이다...,1
R04854,남주 짜증... 낭만=이쁜여자와 바람남?,0
R04855,이거 보면서 웃기도하고 울기도하고 감동먹기도 하였다. .,1
R04856,어느정도 예상되는 스토리에도 불구하고 엄청 재미있다.,1
R04857,볼만한영화인것같아요. 애들이너무좋아해서저까지기분좋아졌어요,1
R04858,스칼렛 요한슨이 나온다는 것을 제외 하곤.. 이게 왜 7.58 인지 도무지 이해가 안간다.,0
R04859,진짜재미없어지루함애니메이션 진짜 좋아하는데 중간에 끊은 애니는처음결말만 돌려서 보고 끔,0
R04860,신선하고 재밌는 영화였어요. 근데 이게 정말 가능??,1
R04861,최고의전쟁영화 리얼리티그자체,1
R04862,두 사람의 섬세한연기가 좋았습니다~,1
R04863,누군가 힘들어 할 때 그 때 넌지시 이 영화를 추천하겠다,1
R04864,진짜 여운이오래남는듯..,1
R04865,"아무리 SF이지만, 개연성이라는 것이 없는 것 같아요. 그냥 외계인이 왔고 병고쳐주고 자전거 타고 날고 너의 안에 있겠다고 하고 우주선 타고 가는게 끝이군요 ㅡㅡ;",0
R04866,내 생애 다시 이런 드라마를 볼 수 있을까?,1
R04867,처음부터 끝가지 꽉꽉 조여주는구나.,1
R04868,고1 그러나 꽤 재밌게 봤다. 힐튼 춤추는 장면으로 약 1초간 나오더라.,1
R04869,유쾌한 가족사!제일 기억남는건 아버지와의 이야기,1
R04870,빈 수레가 요란하더라니 이 영화가 딱 그 수준..이 영화때문에 결혼에 대한 환상이 깨졌다.,0
R04871,오리엔탈 대부,1
R04872,서우 입술이 이뻤다 끝이다,0
R04873,여명은 가벼웠고 견자단이 아까웠으며 진혜림은 추했다. 봤다고 말하기도 챙피한 영화,0
R04874,다큐여서 지루할지 알았는데 코믹과 감동의 영화였습니다. 꿈을 꾸는 어린아이들과 같이 손잡고 보면 정말 좋은 영화!!,1
R04875,"정말, 말이 필요없다...그냥 보면 평점이 이해가는 영화!",1
R04876,자식키우는 엄마라 더 눈물납니다. 송윤아 문정희씨 덕분에 여자들의 우정도 다시 생각하게 되네요. 내일이 마지막이라 너무 아쉽고 행복했습니다... 연기 정말 짱짱 잘하십니다...앞으로 티비에서 많이 보고 싶네요.☆☆☆☆,1
R04877,군자의 얼굴에 썩소를 만들어주는 영화,0
R04878,어디가 재미있는거지?마지막 도청씬에서 최강희의 표정연기는압권이였다..보톡스때문인지모르겠지만..두번의 표정연기 너무 징그러웠다..오성이를 포장못하고 마무리한점..이건 가족영화가 전혀아니고..뭔지 모르겠다.,0
R04879,평점이 10이라고?! 내려줘야지!,0
R04880,여기 박정민 팬들 몰려옴?? 강지환 연기력밖에 안보이던데 무슨 노답,1
R04881,이게뭐임,0
R04882,학교랑 광끼 DVD만들어주세요~~~~~,1
R04883,ㅋㅋㅋ 또 보고 싶다,1
R04884,굿...........,1
R04885,섬세하다,1
R04886,희대의 망작;;임요환 지못미,0
R04887,나를 돌아보게 만든 단편의 모음들,1
R04888,때와장소를 가리지않는 쪽바리들의 담금질..재미도 뭣도없는 그냥하찮은 쓰레기..,0
R04889,"소이가 이렇게 연기를 잘한 배우였나 싶었던 영화. 이런 감성적인 영화 너무 좋음!!! 단, 너무 짧아서 아쉬웠어요",1
R04890,꽤 재밌습니다~,1
R04891,96년도에 친구집에서 봤는데.개봉일만 98년도인듯,0
R04892,초반에는 볼만한데 지금은 재미없다.,0
R04893,수애의 오열은 제 속에 잠재되었던 제 심정까지 울려버렸네요,1
R04894,재미없어재미없다고재미없어,0
R04895,결말만 생각하고 만들면 딱 이런 영화가 나온다,0
R04896,시고니 위버의 열연에 푹~ 빠져 본 영화!!,1
R04897,시작은 영리하게 구성은 엉성하게,0
R04898,믿음만 앞세워 흑과 백을 나누는게 언제부터 참된 신자의 모습이 된겁니까? 처음에는 불협화음을 사랑과 용서로 승화하여 위기를 극복하는 스토리 인줄 알았는데 영화 내용은 주님만 믿으면 램프의 요점 마냥 만사가 해결되니 웃길 노릇입니다,0
R04899,정말재밋게봣어요!!,1
R04900,너무 슬픈 이야기 최고임,1
R04901,시바사키 코우를 찾으려 했지만 .. 초 어설픔(음악이너무안어울림),0
R04902,오늘 우연히 유선티브이 방송에 성룡주연의 '스파이 넥스트 도어'라는 영화를 봣는데요....와우....성룡주연의 영화에 국산 현대자동차(미국서 생산됐을 듯)가 나왔군요...성룡이 바위밑에 숨겨논 헨드폰을 찾으러 갈때 타고간 차가...현대자동차--모델은,1
R04903,뭔가 아쉽다.,0
R04904,드라마가 별로면 무술이라도 잘 해야지,0
R04905,"이 정도로 혹평 받을 정도는 아닌 것 같은데... 개인적으로 흥미롭게 봄. 그리고 장백지 배역(스승 역)이 정말 아름답게 나와서 인상깊었음. CG가 과한 건 맞는데, 마왕...쪽만 어설프지 않게 잘 꾸며냈으면 훨씬 나았을거라고 봄. 이 점은 아쉬움.",1
R04906,가슴 뭉클한영화..두번째봤는데도 눈시울붉혔네요~실제 배우들이 아니라는데 지금은 어떤모습들일지 궁금하네요.저예산으로 이렇게 훌룡한 영화가 나올수있다는거에 감동입니다.,1
R04907,짱재밋고 서교연기잘하네요,1
R04908,이것 저것도 아닌..,0
R04909,다큐와 극영화 사이를 고민하는 고뇌가 엿보이는 故 이성규 감독님의 유작. 인도를 다녀온사람은 꼭 봐야할 영화.,1
R04910,원작에 비하면 어떤 휴머니즘이나 남는게 전혀없는 전형적인 그저그런 한국영화,0
R04911,아.. 정말 한국판 포스터가 영화의 빛을 가리는군요.. 아쉽습니다,1
R04912,한국형 반전영화류 甲이라 할만하다,1
R04913,센세이션만으로 영화를 만들려는 것...,0
R04914,너무 감동했습니다..,1
R04915,어쩌다 레니 할린이 이 모양이 됐는지.,0
R04916,T쓰레기,0
R04917,"영화는 게임, 인생은 현실. 꿈꾸기에는 우리삶이 너무 현실적이다.",1
R04918,점수좀 깍자.틀림없이 재미있는 애니맞을지라도...한7~8점 정도가 적당,0
R04919,마지막 편은 내가 이해를 못한건가? 이해불가.......ㅠㅠ,0
R04920,"적막함이 없어서 더 좋았다.카모메식당,안경.. 넘 조용하다.",1
R04921,으허허허 악마라마다.,1
R04922,그 어떤 성경 영화보다도 감동적이고 은혜가 충만하다,1
R04923,당신이 생각하는 그런 영화가 아닙니다. 그래서 너무 지루합니다. 평론가 김종철님의 의견에 강추 날립니다,0
R04924,"길지않아지루하지않고 짧지않아가볍지않은, 보는사람마다 다른생각을할수있게하는영화",1
R04925,1~2점대 주는 사람은 드라마 본건가.. 시티헌터짱,1
R04926,너무 훌륭한 동물농장! 몇년째 보는 일요일 프로그램인데 오늘 정말 방치되어 굶어죽는 강아지들 그리고 인간이 아닌것 같은 견주를 보면서 다시한번 동물농장에 감사드립니다! 너무 훌륭한 일을 하고 계세요!! 항상 감사한 마음으로 시청하고 있습니다! 홧팅!!,1
R04927,"소재, 주제, 이야기는 최고다. 다만 두 주연배우의 발연기가 몰입도를 해친다.",1
R04928,끝까지 봤따! 와우 감동적이고 짱재밌다,1
R04929,길가다 지갑 떨어뜨리면 OOO 수준의 영화생명력이랑 직결되는 시간을 잠만 쳐 자고 있으면 누구나 훔쳐갈수 있는 보안성 정도의 영상물,0
R04930,"너무 재미잇어요. 카 영화 본것처럼,더 재미있는 것 같아요.",1
R04931,중반까진 정말 재미있었으나 후반부터 너무 답답했음 특히 신도선생? 그샛키한테 비정상적으로 집착하는 각키를봤을때 진짜 암걸릴뻔함마지막화가 특히 최악인듯 결혼식할때 너무 어수선했고 쓸데없이 조연들 다나와서 몰입하기 힘들었음...,0
R04932,요요쨔응....하앍...하앍...,1
R04933,이야기전개 인물간 드라마 씨지 인종차별 전부 거지같다마트안의 상어라는 참신한설정을거지같이 재현해낸 이 영화가 최고의 재난이다,0
R04934,장르가 로맨스냐? 연애질만하고#또 주인공버프가 심하네 막장도아니ㄴ고;;,0
R04935,개인적으로 레이미스테리오 팬이다...이런 영화가있는줄도몰랏다.. 분량 1시간14분.난뭘본걸까? 레이 개실망...,0
R04936,"주제전달이 좀 미흡하지만,감상할만하다.",1
R04937,착한 거짓말이란 말이 맞네요,1
R04938,아직도 잊혀지지 않는다,1
R04939,시즌2 어서해라~,1
R04940,새드무비같은 졸작과 다르게 10대 20대초반 연인끼리 극장에서 보기에는 정말 좋았던영화,1
R04941,무엇보다 홉킨스와 히달고의 교감(애정)이 가슴 찡했던 영화,1
R04942,뭘 어쩌라는건지 모르겠는 영화,0
R04943,피리부는 사나이의 컬트판?!,0
R04944,보는내내 괴로웠다,0
R04945,좀 지루하긴했는데 다케시니깐 ㅎㅎ 10점 ! 근데 신세계에서 그엘리베이터장면이 이영화 뺏긴건가? 좀 흡사하던데,1
R04946,이 영화 완전 웃기고 재밌는데...구할수가 없네...ㅠ.ㅠ,1
R04947,"예상치 못한 반전과 여운이 남는 영화전쟁의 아픔과 함께삶을 살아감에 있어 사랑에 대한 그 어떤 것을 나타내준영화..나로인해 일어난 일에 대한 책임감, 인연 모두 중요함을 깨닫다",1
R04948,내 평생 영화감독을 때리고 싶은 영화는 처음이다.,0
R04949,세련되고 재밌었어요.,1
R04950,0 점 없나요?,0
R04951,"Massimo Trois, riposa in pace, tu eri il miglior attore.",1
R04952,이런게 바로 꿀잼,1
R04953,재미 없음 ㅎㅎ 열자열자,0
R04954,계속 웃었던 영화 ㄲㄲㄲ 말많은 코미디영화보다 재밌다,1
R04955,티아 레오니가 너무 예쁨,1
R04956,지겹다 이제 폐지할때도 안 돼냐???,0
R04957,무료로 올레서 봣는데ㅡ화가난다....난화가나...,0
R04958,특수효과 퀄리티는 높지 않으나 반전에 충격~~,1
R04959,공포맞나? 재미없음. 결말이 뭐 그리 이상한지.,0
R04960,역시 황정리 재밋다~,1
R04961,아;; 돈날렸다 -- 이런 OOO기 작은 보라고해도 안본다 씹;;,0
R04962,masterpiece,1
R04963,심사위원중 여자가 없어서 문제....가능성(에휴),0
R04964,"연출 전반이 홍상수 빠 인건 알겠는데, 상수는 일상성에 빠져서 자기 컨셉을 독특하게 지향하는 감독이고, 이 영화로 보여주는 당신의 정체성은? 일상성 영화는 모방이 아니라, 경험하는 감성이니.. 자기것이 아닌 것을 모방할때의 이질감을 어찌하리오.",0
R04965,뭘 말하고자 하는지? 뭘 공감하는지? 평점 참 의문스럽네요.,0
R04966,거의마지막부분에 부인이랑주상욱나오는장면에 마이크까지등장함쓰레기같은연기력에 시나리오는둘째치고 어떻게저런장면을그냥내보낼수가있지 ? 감독이란게있긴한건가..스텝이고배우고다들생각이없는듯,0
R04967,언제 봐도 참 매력적인 이야기. 영화가 원작을 차암 잘살렸다,1
R04968,이게 한쿡영화의 현실..,0
R04969,솔직히 한 3점 영화인거같음 배우연기 1점 연출 1점 스토리1점 합해서 3점.,0
R04970,너무 유치하던데. 알바들의 평점조작같다.,0
R04971,아 ㅠㅠ 시간 아까워 뭐 이런 거지같은영화가 다있는지. 뭘 전하고 싶은 건지....,0
R04972,요즘 영화에서는 볼수없는 분위기,1
R04973,에이핑크 정은지 엑소 수호 짱,1
R04974,0점은 왜없지 ㅋ 진심 재미 개없었다 ㅋㅋ 개유치했음 ㅋ 일본이 다그렇지 ㅋ,0
R04975,사스가...노무라 만사이 최고의영화,1
R04976,영화를 보는 내내 라기보단 보고 난 후! 계속 생각나는 영화,1
R04977,영화의 내용은 마음에 들었으나 케빈 코스트너의 뛰어난 연기 덕인지 멍청한 주연 때문에 보는 내내 답답하고 불편한 영화였다 영화보면서 진심으로 짜증이 난다고 느껴본적 있나?난 이 영화 보면서 그런걸 처음 느껴봤다 2점도 아까운 영화다,0
R04978,"스무살에 봤을때는 니콜키드먼과 휴 잭먼이 멋있고 지루했다고 느꼈고, 스물 다섯이 된 지금 다시 보았을 때에는, 감동적이고 유머러스하다고 느꼈습니다. 단순 재미를 원하시는 분에게는 안 맞을 수도 있지만 지루하다고 매도될 영화까지는 아닌 듯 합니다.",1
R04979,1분이 30분처럼 느껴졌던.. 사상 최악의 영화.. 역시 카펜터 작품은.. 좀아닌듯하다..,0
R04980,평점이 너무 높아서,0
R04981,정말 잘만든 한 인간의 일대기,1
R04982,보다가 졸았던 경험이 있는 영화..맥라이언이 귀엽기만 한..,0
R04983,배우 조여정이 있었기에 그나마 봤다,0
R04984,지루하다. 전개가 너무 급급하다. 코미디같다.,0
R04985,보러갔는데 노잼 ㅋㅋㅋㅋㅋㅋㅋ,0
R04986,미국이 진짜 선진국인 이유가 있구나 진짜 멋지드라...최고다,1
R04987,역시 실망을 주지 않는군요. 음악과 연기의 조화와 감동..,1
R04988,나를 위한 영화였음 병맛설정 너무좋아 ^^ 일부러 노리고 만든 영화인듯ㅋㅋ,1
R04989,애들도 즐겁지 않을 애니,0
R04990,태민♥나은 짱잼없습.,0
R04991,때로는 후속작이 망할때도 있지,0
R04992,진짜 음양사를 보는 것 같았음! 이토 히데아키도 정말 굿~,1
R04993,브래드 피트의 색다른 연기,1
R04994,울트라 맨이나 후레쉬 맨 같은 게 이거보다는 재밌고 작품성 있을 것이다... 이 참신한 소재를 가지고 이런 졸작을.. ㅜㅜ 미안하지만 생애 최악의 영화 급 ㅜㅜ,0
R04995,몇년지난지금도클라리넷소리들리면생각나고도보고싶은영화,1
R04996,일단 제니퍼가 나오니까 선별점,1
R04997,망했어요,0
R04998,"영상미 최고. 중국 유교적 전통을 비꼬았고, 인간의 주체성 회복을 울부짖었다.",1
R04999,존나 재미 없음..다 본후 티비 부실 뻔 했음..흥행 실패 다 이유가있다,0
R05000,그냥 티브이버전인듯 아이들 코묻은 돈 뜯기,0
R05001,마지막에 졸라 확 깨네고전적인 해피엔딩욕이 안나올래야 안나올수가....julie bitch,0
R05002,중간에 징그러운 장면이 있디만 재미있었어요,1
R05003,"3점이었는데, 생각해보니 더더 열받아서 2점으로 하향조정.",0
R05004,복싱만화중에는 최고로 재밌는^ㅇ^,1
R05005,기대 없이 봐서 그런가 전 넘 잼있게 잘 봤어요..ㅎㅎㅎ,1
R05006,뭔가 찜찜한 결말.. 그래도 볼만함..,1
R05007,시나리오에 맹점이 너무많다. 10년지나도 만난 여자 이름을 불러줘도 기억을 못하는 남자나 현재로 돌아와도 앨리스조차 얼굴을 기억못하는 이범수. 전부 기억상실자들인가,0
R05008,지루함의 끝이 종국엔 긴 여운으로 다가오는 매력있는 영화...,1
R05009,가장 중요한 공포가 없다.,0
R05010,아 왜케 재밋어 ㅠ_ㅠ ~ ~ 아 시험전날에 못봄ㅡ_ㅡ 셤끝나자마자 재방부터봐야게써,1
R05011,자꾸 이상한 생각하게 만든다구 Boy♂,1
R05012,드라마를 원래 안보는 사람인데 재밌습니다. 푹 빠졌습니다.,1
R05013,성지순례성지순례성지순례,0
R05014,증말 잼읍다 증말...,0
R05015,이런 스릴러를 한정된 장소에서 뽑아낼 수있다니...감독이 대단하다고 느끼고 주인공 배우도 대단하다!!,1
R05016,재밌게 봤습니다. 좋은 영화 감사합니다.,1
R05017,매력적이다,1
R05018,다시보기로 봤는데 무슨 대형기획사 소속 가수 콘서트에 가수 달랑 혼자 있나.. 무대장치스텝 매니저들 코디 다 어디가고... 어설프다..배우들 연기는 좋은데..,0
R05019,1점1점1점1점 드릴게요,0
R05020,정말 멋있다 우와 최고,1
R05021,요즘 영화같지 않은 영화천국인데..구세주다..이정도면 평점 8.5이상급 영화다..내용도 재밌고,1
R05022,제작에 편리한 설정,0
R05023,이거 주인공들이 다귀신인거에요 핳ㅎ하핳하하하,1
R05024,다 10점주네? 나도 10점,1
R05025,내 다큐좋아 많이보는데 이거 아마추어티가 너무난다 고등학교 방송반에서 만든 느낌이랄까,0
R05026,이걸 왜 균형적인 시각이라 보는 거지? 딱 단순무식 테러리스트로 그려놨구만...,0
R05027,일단 보면 가슴이 뭉클해지는 영화...돈이 아깝지 않다..네버~~,1
R05028,이건 대작이다.. 예림이 그패봐봐 혹시장이야?,1
R05029,다큐멘터리다. 재연영화 아니다. 덕분에 지루하고 잘 봤음.,0
R05030,정말재밌어역시 코미디의 진수,1
R05031,열린결말이었지만 좋은 드라마였습니다!!^^,1
R05032,문명게임 한판한듯한 느낌,1
R05033,"초반에는 왜 이런 영화는 늘 달동네 냄새나는 장면으로부터 시작되는가를 생각하며 아니꼽게 바라보다가 배우들의 안정된 연기 스타트에 금새 몰입했다. 어떻게 이렇게 세심하게 잘 표현됐나 했더니, 감독이 입양아 출신이구나... 자기가 느낀점을 그대로 담았나",1
R05034,실제 저런 캠프가 있었데서 조금 더 썼다. 홀즈가 훨씬 낫다.,0
R05035,볼만하구만..ㅋㅋ,1
R05036,Helen says this movie looks good so im giving an one for rate.,0
R05037,동성애는 그 자체로 미화되어서도 안되고 또 권장되어져서는 더더욱 안됩니다.,0
R05038,처음엔 웃기다가 나중엔 화 나고 가슴아프고 슬픈영화..기대 안 하고 봤다가 너무 재밌게 봤다.느낀것 도 많고..이런 영화가 왜 흥행이 안됐을까.역시 네이버 평점은 믿을수 없다.,1
R05039,"내용의 뻔함이 초반에 노출, 관람에 인내심 要 ...",0
R05040,주인공 셋다 ㅄ캐릭터..,0
R05041,굿닥터 어줍찮게 따라해대니까 시청률이 이따위지 ㅉㅉ탑팁~? 똥싸고 앉아 있네 언제까지 KBS 꽁무니나 쫓아다닐래,0
R05042,홍보담당 누구냐?? 이런 영화를 완전 말아먹게 하고. 싸이코 스릴러에 sf 접목이라...생각보다 잘 버물러짐.,1
R05043,포토저널리스트의 휴먼드라마. 카메라 지르고 싶어지는 영화.,1
R05044,올 로케이션 좋았죠,1
R05045,ㅋㅋㅋ 완전 할말없다 진짜 ㅋㅋ,0
R05046,1점도 아깝다. 감독 뭘 배우고 영화를 찍은건지. 영화인으로써 참 부끄럽다. 연기력은 보고 캐스트 한건지 참. 뭐 트리트먼트 가져다 영화 찍어도 이것보단 잘나오겠네. 1학년 중간고사 작품만도 못나온거 같은데 제작비가 아깝다. 찍지마. 차라리 술마셔.,0
R05047,올해 감상한 영화 중 몇안되는 수작이네요,1
R05048,☆너무 ~ 재밌어~! ♡,1
R05049,영화보다가 차라리 잠들고 싶었다..이건뭐 ㅄ도아니고,0
R05050,오오옷 승호예능기대!!!,1
R05051,1점도 아깝다..포인트 버리지마시고 딴거 다운받으삼,0
R05052,"배경이나 분위기만 보면 나쁘지 않은 영화였다. 쓸데없는것들을 모두 생략하고 히스클리프의 시선을 느껴볼 수 있었다는 점도 좋았지만 원작의 절절한 대사들까지 모두 생략해버려서 캐서린,히스클리프 그외의 모든 인물들을 이도저도아닌 캐릭터로 만들어버렸다..",0
R05053,지루하고 잠오는 영화임,0
R05054,아 내 눈 정화가 필요하다구,0
R05055,완전 최고!!,1
R05056,이 영화 보고 한동안 르네 젤 위거의 매력에서 헤어나오질 못했던 기억이 나네요 ㅎ,1
R05057,예고편 보고 기대하고 갔는데 실망이 큽니다. 스토리도.. 웃음은 어디에서??,0
R05058,외로운 연말을 따뜻하게 해주는 영화,0
R05059,남자들의 동성애 영화~ 쩝,0
R05060,진짜 재미져요! 뮤직 애니메이션 장르도 색다르고. 진짜 짱,1
R05061,제가 개념이 없어서 그런지 내용이 뭔내용인지 모르겠네요..,0
R05062,너무 대충 만든영화 편견가득한게 불편,0
R05063,기독교 교양수업용 영화,0
R05064,이런 뮤지컬 대작을 브로드웨이가 아닌 집에서도 볼수 있다는게 감사할 따름!,1
R05065,이 영화를 개봉한다는게 더 공포스럽다.,0
R05066,시끄럽고 귀만아픈영화,0
R05067,"하룻밤 로맨스의 아름다움을 묘사한 것으로는 흔하디 흔한 영화일지 모른다. 하지만 트릴로지 속에서 이 영화의 대사가 9년뒤, OOO 뒤에까지 갖는 긴밀한 연장선과 변화가 절묘하다. 배우의 매력은 물론이고 눈길을 한사람씩 주고받는 씬까지, 연출도 훌륭",1
R05068,초반엔 그럭저럭 괜찮았다 차라리 싸움의기술이나 홀리랜드 스타일로 나갔다면 재밌었을텐데 안타깝다,0
R05069,좀 검증된 애들좀 출현시켜라이탈리아 특집 장난하냐,0
R05070,포스터 보면 액션인줄 오해하게 만들었는데 없는 제목 WAR는 왜 붙힌거야? 제대로 낚시하는 영화임.,0
R05071,"갠적으로 08,09년 2년간 다크나이트 트랜스포머2 아바타 ..최고의 2년이었다고 본다. 그때 정점 찍고 약간 내려오는중. 하나는 히어로물계의 원탑 하나는 메카닉계의 원탑,또하나는 흥행계의 원탑. 숲속 3대1액션과 후반부 합체장면만으로도..",1
R05072,별로 비추. 무슨 말도안되는 영화 쳇,0
R05073,니콜의 차가운 연기와 긴장감이 좋았던 영화.,1
R05074,사람고기를 먹었으면 괜찮았을텐데.그냥 좋은 킬링타임 쓰레기영화. 영국식발음땜에 1점안주고 2점준다^^,0
R05075,★ 청앨 보고 문근영 보려고 다시 왔네여~ 그당시 혼자가서 눈물흘리며 근영이 참 연기 잘한다 하면서 봤었는데 ~ 다시보니 여전히 좋네요,1
R05076,"흡혈 영화인줄알았더니~ 늑대인간 영화였어...재미두엄꾸,스토리도 그렇꾸",0
R05077,도미니카 스웨인 너무 치명적인 매력덩어리 ㅠㅠ ost도 넘 멋져요 블랙홀같은 영화,1
R05078,잔인하고 야하고 그냥 마지막에 허무한,0
R05079,"재밌고 감동적인데, 평점너무낮은듯... 지금 티비나오는중!마지막장면 소름... 우리이순신장군님은 역시멋짐!",1
R05080,신퀴 시즌3 ㄱㄱㄱ,1
R05081,최고다..,1
R05082,너무 날라다니네,0
R05083,천만에요^^,1
R05084,"역시 닐 조던의 힘이란.. 각본,연출력,연기 그 어느것 하나 빠지는 게 없다",1
R05085,정말 이제 영화냐? 시간이 아깝다 정말 저질이네,0
R05086,럽라를 보고 암이 나았습니다!,1
R05087,막장이네,0
R05088,"주관적기준으로, 나한테는 제일 기억에 남는 영화",1
R05089,잔인하기만한 영화..마지막에 우스꽝스러움,0
R05090,여배우의 미모가 평점을 깎아먹다니...,0
R05091,정말 최악 전 남친 불쌍한거때메 힘들때 도와준 현남친 버리는 주인공 그남친이랑 좋아할때 재미있다고 봤는데 다시 안봄 으으으 치가 떨린다 개막장,0
R05092,평점9.7점이라 봤었는데 지금7.59네 이것도너무높아. 역겨운쓰레기영화 별점못믿겟어,0
R05093,역사 의식의 의미 조차도 모르는 늙은 쥐색히가 역사를 모독하였으니 극형에 처해야 마땅하다.,0
R05094,Why can't we be friend?,1
R05095,후반부로 갈수록 아쉬워는 영화,1
R05096,내용이 너무진부해서 참고보기힘들었다.. 그냥 CF감독이 만든영화같다. 한마디로 아무내용이 없다는뜻..,0
R05097,시간 아까우니깐 돌려보면 5분안에 볼수있습니다.,0
R05098,80년대 영화도 이거보단 낫겠다,0
R05099,제 친구 이름이 춘희라서 10점 드립니다.,1
R05100,내가 감독이면..손태영 절대안쓴다..배우라고는 말할 수도없는 대사톤..어색한연기..아~영화 망쳤다.,0
R05101,빅엿을 존x 정성스럽게 만들었구나 화딱찌나서 머리가 아프다,0
R05102,지나온길에대한회상...아는사람만이느낄수있는시간들.,1
R05103,장나라 표정연기 ~~짱!!,1
R05104,최고의 영화!!!가슴아프다~~~,1
R05105,코난 짱 ! 귀욥돋아요♥ 안그런척하면서 미란이를 은근챙겨주네요^^ 코난님?,1
R05106,난 잘봤다..지금달리고있는 나에겐 너무나 좋은영화였다..,1
R05107,전쟁의 참상과 파란만장한 삶을 잘보여준 영화. 실화라서 더욱 감동적.,1
R05108,치명적인 비극과 희극이 섞인 느낌,1
R05109,이번엔기대했는데 역시나네요 최근에나오는 아웃오브리치는 정보가없네요,0
R05110,이게 감독의 은퇴작이다. 이게 본심이었다.,0
R05111,뮤지컬을 좋아하는 사람이라면 정말 좋아할 영화... 음악부터 춤까지 모두 매력적이었다 ㅠㅠㅠ영화 속에 나온 배우가 된 기분으로 봤다 ㅠㅠ뮤지컬로 실제로 보고싶고 또 직접 무대에 서보고싶게 까지 만드는 교훈적이고 신나는 영화 ㅠㅠ,1
R05112,난 너희들을 우리나라 국민으로 생각하지 않겠다,0
R05113,매우 잼나게 봤습니다. 여지까지 보았던 가장 재미난 프랑스 영화군요유치하지 않게 잘 만든 영화에요... 소피누나도 성형하지 않아 감사하고... 귀엽고... 남자배우도 느낌 좋더군요..,1
R05114,"줄거리;1920년 잉글랜드, 수많은 목숨을 앗아간 2차 세계대전 이후 사람들은 초자연적 현상에 기대어 위안을 받지만..// 2차대전 1939년에 일어났음",0
R05115,정말 재밌게봤다...,1
R05116,영화가 멋있다. . . .,1
R05117,스티븐 스필버그가 감독한 영화는 모두 최고야.,1
R05118,"결말은 살짝 아쉽지만, 훈훈하고 가치있는 영화다.",1
R05119,이영화를 보는 도중 음 그저그렇구나햇는데 뭔가 싱금을 자극하 이야기흐름에나도모르게선심에이아이들을 위해 십점을 줘야겟구나 했던 이아이들을도와주세요에괜히동조되었었던하지만보고난후조금지나서생각해보면영화관에서볼만한영화는아닌듯.객관적으로봤을때영화로는별로다.,0
R05120,"가소로운 설정, 보기 민망하기까지 하다.",0
R05121,"죽음과 많은 것을 묵상케 하는 아주 좋은 영화, 눈물이 난다.",1
R05122,"소재가 가지는 에로틱한 긴장감은 딱 중반까지다. 그 이후엔 걷잡을 수 없이 막나가는 전개를 보여주는데, 공감도 되지 않고 재미도 없다.",0
R05123,안보는게 좋음. 스토리도 액션도 도저히 .. 위에분들이야말로..;;알바임?,0
R05124,화려함의 극치를 보다~근데 내가 뭘봤지? 으응? 소피아코폴라였다고?,0
R05125,점점 잘생겨지는 지단이형~,1
R05126,four thumbs up,1
R05127,영화가 끝나고도 자꾸 눈물이 쏟아졌다..,1
R05128,링 시리즈중 최고다. 사다코에 대해 알려주는편이라서 흥미롭고 무섭게봤다,1
R05129,"안성기, 문성근씨 연기 정말좋았습니다",1
R05130,역시 후속작에 기대는 무리란 말인가..,0
R05131,딱 다이하드라고 생각하면 됨..남전사가 여전사로 변한 딱 이정도...? 차는 혼자 움직이고 지하에 있던 여자가 2층에 갑자기 나타남...그리고 2초만에 1층으로 쏭.....ㅋㅋ 이런거 전 안좋아 해서...,0
R05132,최악. B급도 안되는 영화.,0
R05133,넘 재미 없기에 재미 있지 않은가?,0
R05134,역시 빈디젤은 ㅋㅋ 뭘해도 간지 ㅋㅋ 분질에서도 아빠들이 입을법한 흰색 난닝구나 흰색 브이넥에 청바지만 입었는데도 그의 스타일이된다 이런 장르 도전도 참 좋소잉,1
R05135,shoe가 제목에 들어간 이유는?,0
R05136,10대 가출소녀 꾀어 성폭행한 영화감독이 라호범은 아니겠지~~ㅋㅋ,0
R05137,음울하고 무섭고.. 볼만한 공포영화,1
R05138,전투씬은 많이없으나 교훈을 주는영화,1
R05139,뭔소리임,0
R05140,3분 보다 껐다,0
R05141,성지 순례하고 옵니다 허허허,0
R05142,영화로만 좋다//예수는 믿지만 기독교는 소름끼치도록 역겹다,1
R05143,전혜진만 이쁘긔,0
R05144,범죄가 아니구 로맨스영화구만...재미 열라없다,0
R05145,왜명작이라불리우는지오늘보고알았다 진짜최고였다,1
R05146,겨울마다 찾게 만드는 영화..어쩐지 마음이 좀 추워질 즈음이면.. 보고파지는 영화.. 오늘밤에도 보고푸다..,1
R05147,스필버그의 죠스 역시 훌륭하지만 지금 수준으로 보면 딥블루씨가 상어영화 중 최고,1
R05148,평점 3.9라니ㅋㅋㅋ 내가10점준다,1
R05149,너무 어린이 영화로 만들어서 넘 아쉽다..,0
R05150,"멍청한 터미네이터 짝퉁 학교 여자 친구가 이야기를 다 버려놓음.메카트론은,폴른 볼때마다,마스터~어쩌구 해서,스타워즈 흉내내다가,영화 다 버려 놓음.액션씬은 쓸데없이 늘어지고,임팩트가 없음.홍콩영화감독 존우 따라하다가,슬로우 모션만 오지게 넘쳐남.재앙임",0
R05151,진짜 재미있게 봤따,1
R05152,이 때부터가 쓰레기였지,0
R05153,시리즈별로 꾸준히 본 결과 이건 쓰레기,0
R05154,로렌스ㅈ애니웨이 시간은 조금 길었지밀재밌게 잘봤어요,1
R05155,"노래,퍼포먼스는 재밌게 잘 봤으나 동양인 비꼬는게 장면장명마다 몇개인지 셀 수도 없음. 키미진성격부터 시작해서 앞머리 꼬리빗 소심한거, 끝날때 브이 등등. 영화에 100% 불필요한 요소들이었는데 감독이 어떤 개념을 갖고 넣은건지 모르겠음 보는내내불편",0
R05156,영화보고나서 뒤끝 안남고 재밌기만한 영화는 정말 오랜만인듯. 꼭봐 두번봐 세번봐,1
R05157,스토리빈약 이도저도아닌 그러나 애들은 좋아함,0
R05158,네이버 평점이 잘못되었음을 뼈져리게 느낀작품. 참신함도 없고 메세지도 없고,0
R05159,1. 보이지 않는 위험.,1
R05160,10점주는 OO세끼는 뭐냐.,0
R05161,"게이샤에 대해서 이 소설의 작가, 이 영화의감독이 대체 뭘안다고.. 우월주의진짜",0
R05162,난 완전 재밌게봤는데 사람들 평이 안좋네 ㅋㅋㅋ 딱 내 나이대 영화라 진짜 공감되고 눈물나고 그렇던데 ;,1
R05163,고등학생역에 너무 나이많은 여배우를 캐스팅한것 같다.. 관련 상을 많이 받은것 같은데.. 배우들 연기도 별로인것같고.. 스토리도.. 그다지... 왜 상을 받았을까....,0
R05164,완전 짜증?내 두시간이 너무 아깝다. 평점을 믿었던 내가 더 바보. 영화보다 짜증나는게 평점임. 사색하려면 철학책이나 보지 뭐하러 영화를 보는지. 평점잘주는 사람들의 가식이 짜증,0
R05165,어른이 보기엔 많은 무리가 따른다,0
R05166,스토리나 스케일로 봐서는 돈 들여서 만드는 게 이상한 영화로 저 예산인 게 문제가 아니라 내용 자체가 재미가 없음! 이불이란 상상력을 자극하는 주제는 좋았는데.. (이런영화에도 평점 알바가 장난질 한다는게 놀랍다),0
R05167,스파이더맨 씨리즈중 이게 제일 재밌었던것 같다. 이유는 스파이더맨 스러운 액션이 제일 멋지게 잘 뽑아졌기에.,1
R05168,단발성 웃음으로 돌려막기,0
R05169,처음 장면이 끊임없이 반복되는 이유 마지막에 팍 나왔을 때의 짜릿함! 이 영화가 있었기에 인셉션이 나왔다고 할 정도로 뛰어난 작품,1
R05170,넘재밌어요~~~다시봐도재미씀,1
R05171,어지간하면 만든 사람들 수고를 생각해서 나쁜 말 안 하는데... 이건 정말 화가 나서... 이게 영화면 5살 난 우리 조카가 찍은 핸드폰 동영상은 천상의 영화 입니다.,0
R05172,아빠 어디가 시즌1을끝난다고 생각하니깐 너무아쉬워요우리준수보고싶어서 어떡해요 난준수가 남자다움의모습을보여줬고 나름애교도 보여줬었는데 막상준수가 나간다고하니깐 너무아쉬워용ㅠㅠ,1
R05173,또 어디 이런 영화 없으려나.,1
R05174,어렵지만.. 색다른 울림이있는 영화,1
R05175,너무 귀엽고 사랑스러워요^~^,1
R05176,마지막 쌍권총 씬 만으로 이 영화는 10점 받을 가치가 있다운명의 실타레라는 설정만 없었어도 b급 소리는 안들었을텐데.. 원작에 너무 충실했어,1
R05177,나만 그렇게 느낀줄 알았건만 평점보니 다들 그렇게 느꼈나보네 더빙은 제발 전문 성우들만 씁시다 개콘 용녀들은 대체 뭐하러 갖다쓴거지,0
R05178,너무 감동적 그 자체였다..,1
R05179,나도 이거 한번도 안봤다.. 단지.. 동원이 오라버니가 나봐서..ㅎㅎㅎ,1
R05180,진짜 시간 남아돌면 보세요. 딱 그정도 영화.,0
R05181,진구가 죽였어도 100번은 넘게죽였겠음. 답답한 전개....,0
R05182,95년에 비디오방에서 친구랑 봤는데 정말 좋았다는 느낌이 지금까지...또 보고싶네요,1
R05183,마셰티 >>>> 바운티 킬러 // 비교불가..재미도 그닥..병맛도 그닥,0
R05184,러닝타임 내내 꿈을 꾼듯한 영화..소장가치10000000프로,1
R05185,"어릴적 가슴뭉클한 느낌을 가장 잘 전달해 준 영화, OST는 보너스 !!",1
R05186,역시 노인이 되서도 섹스는 계속 되는것을 느꼈음.,1
R05187,너무 쉽게 만든 영화인듯.,0
R05188,이걸 그때 보지않은 내가 한심해진다..ㅠ너무 재밌네요..엄청 재밌어요..ㅠㅠㅜ제발 다음편이 나오길..기다리겠습니다!!마지막으로 꼬마강림 졸귀인듯,1
R05189,평점높아서 밧더만 뉘미...,0
R05190,레디액션! 관객에게 가해지는 폭력영화:영화라는 예술매개체로 가장한 감독의 무차별적 폭력.,0
R05191,이게 뭐야???,0
R05192,중간에 맞췄다. 허접ㅁ해ㅠㅠ...그리고 공포아니고 스릴러임,0
R05193,과연 현대의 노동현실은 전태일의 죽음이 헛되지 않았다고 할수있을만큼 개선이 되었을까?..,1
R05194,"이것도 배신감, 후속작은 더 배신감 어린마음에",0
R05195,나이든 의사의 열정이 감동으로 은은히 울려퍼졌습니다,1
R05196,OCN 이나 그런데서 많이 봤는데 또 봐도 재미있는 영화ㅋ,1
R05197,하여튼 초딩이 문제.. 애초 첨부터 없앨수있었는데..,1
R05198,신나는 모험,1
R05199,"혁명(?테러)를 막아야 하는 시스템, 독일 근대사와 적군파에 대한 스터디는 잘 했다",1
R05200,개꿀잼. 역시 쌍제이ㅋㅋ,1
R05201,망가진 록스타의 잃어버린 인생을 되집는 코믹 로드 무비영화.,1
R05202,예고편 보다가 자버렸네 예고편조차 쓰레기여.,0
R05203,강열한 감독,1
R05204,대한민국 액션스릴러중 최고인것같다,1
R05205,이 배우들과 이 소재를 가지고 이 정도 찍어서 많이 아쉬움.,0
R05206,황지민(여명)이 기억상실증이란걸 어디서 알수있죠?답변좀요~!,1
R05207,단독 작품으론 나쁘지 않으나 오우삼감독의 연출 분위기가 너무 바뀌어서 거부감이 약간 생기는 작품이다.,0
R05208,임수정연기.너무 잘하는거 같습니다. 보는 내내 감동 ㅠ ㅠ,1
R05209,쓰래기다 보지마요..눈버림..,0
R05210,배우들 소리밖에 못지르는 OOO기 일본식영화,0
R05211,몇번을 봐도 흥겹다 르자의 적절한 곡선정 분위기를 돋군다 한가지 맘에 들지 않는것이 있다면 와패니즈적 요소가 강하다는것,1
R05212,흑형은 운동도 잘해 춤도 잘처 게다가 연기가지 잘해,1
R05213,너무 야해서 1점 0점 주고 싶은데 0점이 없어서 1점,0
R05214,화이팅!!퀴어들이 자유로운 그날까지..,1
R05215,나카시마 미카 비주얼 아니였음 ㅋㅋㅋ 진짜 큰일날뻔 ㅠㅠ,0
R05216,완전 재밌다!! 루팡과 코난이 어우러진 재밌는 영화!,1
R05217,고맙습니다.이런영화만들어주셔서,1
R05218,마음도 머리도 따뜻해지는 작품~^^,1
R05219,"개봉하는날가서 보았는데 엄청 실망했습니다. 위안부에 대한 문제라고 홍보 예고편 다 해놓고 , 그렇기에 가서 봤는데실상 실제로 위안부에 대한 내용은 불과 10~20%밖에 안되네요다른 내용도 왔다리갔다리 집중도안되고...여하튼..별로였네요",0
R05220,개잼 졸잼임+_+b,1
R05221,감동적이에요ㅠㅠ,1
R05222,"야쿠자를 미화하는, 일본을 미화하는 별볼일없는 영화",0
R05223,"영국영화는 언제나 20%가 부족한데, 그동안 본 영국영화 중에 몇 안되는 잘만든영화.",1
R05224,아니 와일드카드로 정세운 군 살리신것은정말로잘하셧습니다그러나 김기련 군을진짜로합격시켯어야햇는대어떻게 많은기대속에 브로디 를합격시키죠??말도안돼네요 E.Q에 김기련군이빠지면뭐냐고요??!?!?!?!?,0
R05225,그대로의 에반게리온 그 자체였다.,1
R05226,학교에서 봤는데 너무재미있어서 올립니다,1
R05227,최대한 많은 분들이 보시면 좋겠어요,1
R05228,"CG쓰레기,발연기,망한 연출 즉 7광구of7광구",0
R05229,"누적관객 1,492명의 위엄",0
R05230,사다코이쁘다 흐규흐규 ㅠㅠ,1
R05231,10대들이 인강대신 반드시 봐야할 영화.. 이런 영화 많아졌으면 좋겠다.,1
R05232,너무 과평가 되있는듯한..세련미 떨어지는 영화,0
R05233,현실과 감정을 보여주는 방법이 1차원적. 까발린다고 다가 아닌데 오히려 이 영화가 노리개로 만든거 같다. 연출이 얼마나 중요한지 또 한번 느꼈다.,0
R05234,정말 바보 같은 영화,0
R05235,보면서 마음이 너무너무 아팠다. 진짜 고통스러웠겠지...,1
R05236,중2병 걸린 영화같음... 뭐이딴영화가 다있지,0
R05237,같은 인간으로서 너무 미안해요. 하지만 오늘 저녁에 나온 생산가스를 먹고 말았네요. 동물을 존중하려면 채식을 해야되는게 아닌가 진지하게 고민할 수 있었던 시간이었습니다.,1
R05238,짱이에요 제일좋아해요 ㅋㅋ,1
R05239,수잔 서랜든을 너무 좋아하게된영화~,1
R05240,"내 감성이랑 안맞는건지, 정말 영화가 재미가 없는건지... 어쨌든 3점",0
R05241,대박 웃겨ㅎㅎㅎㅎㅎ 아주 재밌네요. 허무하지도 않고,1
R05242,여기 박건형과 문근영은 뭘해도 멋진 훈남훈녀다.,1
R05243,"이걸 10년도 전에 봤는데 아직까지 내 머리속에 ""공포""하면 바로 떠오르는 영화",1
R05244,극반전이 최고네요 해피엔딩이길 바랬는데 5초도안돼서 해피엔딩 ㅋㅋ 미국영화는 이래서 안돼 ㅋㅋ 장난치는것도 아니고 관객우롱하는건가.. 그냥 그렇게 죽었다면 더 큰 감동과 여운이 남았을꺼 같은데 너무 짜집기 하네 짜증나게 영웅액션 히어로도 아니고 나참,0
R05245,도시공학 월리 인터넷 애견 유투브,0
R05246,짱이예요!! 전문가 평점도 새미2보다 1점 높음!! 우왕~,1
R05247,1편에 비해 부족하지만 여전히 파격적이고 변태적이며 예술적인 포르노그라피,1
R05248,파이트물 영화가 주는 센세이션은 옹박이 마지막이었나봐 ㅠ.ㅠ!,0
R05249,눈물을 참기 어렵다,1
R05250,정말재미없게 봄 감독이왜바뀐거지..,0
R05251,"사람이라면 꼭 봐야 될 영화 맞습니다. 특히 소녀들의 희생과 그들의 침묵으로 얻어진 평화 ,,,,우린 그안에서 잊지 말아야 합니다. 기억해야 합니다.",1
R05252,이런 영화를 웃으며 봤던 사람이 법원의 솜망방이 처벌을 비판할수 있는 자격이 있을까. 코미디 영화 라는데 보면 볼수록 피가 꺼꾸로 솟는 요상한 영화. 애들 삥이나 뜻고 다니는 양아치새퀴들은 보고 재밌게 느낄수도 있겠지만 ... 범죄미화 역겹다.,0
R05253,ㅋㅋㅋㅋ그냥 웃지요...,0
R05254,ㅋㅋ 어이가 없어서 말이 안나오는 영화~ 내가 이걸 왜봤지??ㅋ,0
R05255,서로커플 케미굳ㅎㅎ..,1
R05256,잘 만든 공포영화 옛다!! 10점 평점조율을위해,1
R05257,람보가 첩보원이 된 듯?,0
R05258,재미는있지만금요일에만하는것도그렇고벌써두번이나결방을하니이건뭐장난똥까는거도아니고하..,0
R05259,프랑스 특유의 여유로움이 느껴지는 영화.,1
R05260,재밌어 보이네요^^별점 10점 주고 갑니다,1
R05261,별로 지루하지 않으면서 단순 공포영화,1
R05262,원래 셜록홈즈 좋아해서 3번 넘게봄,1
R05263,tv판과 떼어놓고 보더라도 훌륭한 작품,1
R05264,아....진짜 열받네 포스터 똑바로 그려라...포스터와 전혀 상관없는 내용의 영화야...아주 그냥 포스터 불태워 버린다,0
R05265,긴장감이 하나도 없다. 반전도 그냥.. 무덤덤 2시간 내내 지루.. 스토리도 엉성하고.,0
R05266,영화도 말아 먹는 돼지새끼가 무슨 이딴 영화 만든다고 때려쳐라,0
R05267,20140919일에 방송된 비디오는 왜 볼수가 없는거죠?? 손꼬박 기달리고 있는데 언제까지 기달려야 되는던가요??다른건 다 좋은데 유투브에 좀 올려 주셨으면 좋겠습니다 부탁합니다,0
R05268,"재밋당..나루토 ㅠ,ㅠ;;",1
R05269,유우기 역시 짱.. ㅠ,1
R05270,제작비가 너무 아깝네요. 그 돈으로 차라리 기부를 하지...,0
R05271,웃기지도 재밌지도 않은 마카로니 웨스턴,0
R05272,"아, 그래서 주제가 뭔데.. 지루하고 산만하고...",0
R05273,무섭지도 않고 이토록 지루할 줄이야...,0
R05274,빨갱이새끼들이 이렇게 많았나?,1
R05275,음....????!!,0
R05276,대학교때 이영화로 레포트 제출해서 A 받았었는데. 그래서 그런지 애착이 가는영화,1
R05277,재미는데...,1
R05278,진짜감동이다감동이야,1
R05279,지금봐도 재미있다 정말 최고의 코믹영화라고 생각이듭니다.,1
R05280,점수가 영화에 비해 너무 낮아서 별 좀 주고 감. 순수의 시대랑 비슷한 평점이던데 비교가 안 된다. 청불 사극 중 베스트에 드는 영화.,1
R05281,"참 며칠 봣드만 스트레스 먼 폰하나가지구 줄거리가 그케 길어지나 ,보는 자체가 스트레스 글구 형사들은 머여 다 바보여 어쩜 이렇게 한심한 드라마가 잇을수가",0
R05282,과학적오류-지구의 표면 2/3물이 말라버렸다는것은 즉 구름이 돼 엄청난 온실효과로 금성보다 더한 온실효과로 인해 생물존재자체가 존재할수없는 용광로같은 형상일텐데감독은 과학이랑 담쌓은듯,0
R05283,"이 영화는 보고 나면 저절로 욕 나오니, 정신건강을 위해서 칸토나 축구 명장면이나 보는게 더 좋을듯....그나마 오랫만에 칸토나 얼굴 볼 수 있어서 1점 줌",0
R05284,언제까지 별것도아닌일로 질질끌면서 횟수늘릴꺼지?,0
R05285,시작부터 끝까지 긴장을 늦출수 없었던 영화. 해군에 대한 지식이 전무하더라도 그들의 숭고한 뜻을 아는데에는 전혀 문제가없었다. 시종일관 몰입되어 그들과 함께했던 영화이다. 굿!,1
R05286,코난극장판중최고!!ㅋㅋㅋㅋ,1
R05287,그냥저냥한 영화네요 남주 몸이 좋았다는 것 빼고는 장점이란게 없다라고 봅니다,0
R05288,초속5cm같은 애니도그렇고 이런긴장감없는 애니는 내취향이아니다.재미가우선이어야지,0
R05289,영화 속 스토리에서 생생히 느껴지는 가슴 아픈 한국전의 역사적 사실... 전쟁의 아픔과 그속에서 적으로 만난 동족을 죽일 수 밖에 없는 현실.. 보는 내내 가슴이 먹먹했습니다.,1
R05290,역시 사람마다 취향이 다르군...,1
R05291,윤은혜 *.* 이표정 지으면 죽여버릴꺼야,0
R05292,아 웃기넼ㅋㅋㅋㅋ만들다말앗다ㅋㅋㅋ 친구랑보다가 빵터짐ㄲㅋㅋㅋ마지막멍믹,0
R05293,징그럽기만 하고 내가 무식해서 그런가 재미는 하나도 없다.,0
R05294,내생에 최고의 영화중 하나~~!평점 맘에 안든다,1
R05295,갈수록 막장으로 치닫는구나..백건데기랑 주연쥐 OO같은뇬 둘이 확 동반자살해서 이막장을 끝내길...,0
R05296,dvd로 봤는데 5번이나 또봤어요.이제 갖다줘야함 ㅜㅜ,1
R05297,엄청난 사실감,1
R05298,섹스땜에 결혼했대!!,0
R05299,당장 시청률 추락하라!그리고 강제종영하라!,0
R05300,킬링타임용 황당코미디를 기대했는데 다큐멘터리가 차라리 더 재밌을것 같다,0
R05301,객기도 유별나게 부린다.,0
R05302,"끔찍한 공포도, 미스테리도 없다. 관객은 보는 내내 졸리기만 할뿐..",0
R05303,'영리함'은 사라지고 '잔인함'만 살아남다..,0
R05304,복잡한것이 아니라 조잡하다. 보지 말아야 할 영화중 하나.,0
R05305,진짜 ...정말 감탄하면서 본 드라마..이게 드라마라니.. 한국드라마는 이제 못보겠다..셜록홈즈 연기 소름돋음..,1
R05306,뭐가 스릴러일까. 지루했지만 그래도 끝까지는 봤다.,0
R05307,이 영화를 욕하는 일베충새끼들은 지네들 집이 재개발로 털려봐야 정신차리지,1
R05308,바둑 18급수짜리가 봐도 오글거림의 향연. 왜 수 한마디 한마디에 바둑용어가 올라오는지.. 타짜2와 더불어 타짜의 아류를 자처한 영화,0
R05309,반대로 남자가 운명 타령하며 파혼하는게 멋있는가,0
R05310,"주인공부터 대통령딸, 주변인 모두 멍청한 짓만 골라하다가 수조 수천억원의 우주선을 폭파시키는 영화 암걸린다 개노답. 쓰레기영화",0
R05311,역시 신동엽잘하던데요~~ㅋㅋ 그리고 좀어수선한 느낌...,0
R05312,멋진 여자..,1
R05313,감독과 배우의 혼연일체를 강하게 느낌 상업영화에 대한 투쟁이 빛을 볼날이 오길,1
R05314,재미있어요. 주간아이돌 대박하라 화이팅,1
R05315,스타 마케팅이 아니라 그런지 시청률이 넘 아쉽네요 그래도 너무 재미있게 보고 있습니다. 진구씨 박하선씨 조현재씨 연기도 좋고요. 사업하시는분들에게 좋은 드라마 같습니다.,1
R05316,졸재미없다...내용도그닥,0
R05317,"과거 성룡의 액션을 보길 원한다면, 절대 영화 보지 말것...;",0
R05318,90년대나 통했었던 여균동 영화.,0
R05319,다른 이들의 이야기인줄 알았지만 바로 우리들의 이야기였다,1
R05320,내돈 환불해줘요...이럴줄 알았으면 평점보고 다운로드 하는건데..젠장...그래픽이,0
R05321,와 진심으로 오랜만에 명작봤다,1
R05322,일본 외국인노동자의 성공기.,0
R05323,미소... 10점 드릴게요.,1
R05324,"게리올드만 초공감, 진짜 꿈에 나올까 무서운 팜프파탈의 절정.",1
R05325,결말이 너무나도 허무하다,0
R05326,이 영화의 무고한 희생자들은 바로 이 영화를 본 사람들!,0
R05327,각각의 영웅 마다 자신들이 그리는 이상은 달랐다.,1
R05328,무덤덤 하면서도 감성적인 영화,1
R05329,생애 최고의 드라마입니다.,1
R05330,0점은 없나? 더럽게 잼없네,0
R05331,지루하고 엿같애 이보영 역겨워,0
R05332,cg로 아무리 떡칠해도 저런액션은 엄청난 노력과 훈련없이는 흉내도 낼수가 없다 일단 몸부터 헬스장에서 아무리 만들어도 클라스가 다름,1
R05333,뷰티불 판타스틱 어메이징,1
R05334,재밌냐..,0
R05335,먼저 공격하지 않으면 절대 사람을 해치지 않는 착한 드래곤이라니. 착한 외계인으로 엄청 욕먹는 '배틀쉽'이랑 똑같군. 드래곤이나 사람들의 생김새도 영 이상함. 투슬리스 생긴게 영 이상하지 않아?? 드래곤이 뭐 저리 생겼어?,0
R05336,턱도 없는 신격화. 베를린영화제서 완전 무시.,0
R05337,아직 까지도 기억나는 영화,1
R05338,마 보고있나?,1
R05339,지루하다.. 반전도 뻔하고.. 재미도 없고,0
R05340,성적 요소를 좀 제쳐놓고 보면 루포드란 캐릭터 정말 맘에듬 .,1
R05341,"도전과 가능성, 두가지 측면에 점수",0
R05342,왠지 1편 패러디같다는 느낌이 확 온다,0
R05343,정말 재미있게 보고 있어요재방으로 또 봐도 재미있네요~~,1
R05344,오프닝만으로도 10점,1
R05345,참 괜찮은 로맨틱 코메디ㅋㅋ,1
R05346,"ceo1****께서 지민이에 대해 물어 봐 주셨는데, 제 생각엔 지민이는 세상을 떠나지 않았을까라는 '예상'을 해봅니다. 아이들이 실종되면그 아이들의 물건을 관찰하는데 일반적으로 현세에 미련이 없는 아이들은 자신의 물건을 챙기지는 않기 때문입니다",1
R05347,스쳐가는 대사 한마디 한마디에 교훈이 있어서 좋다.,1
R05348,가슴이 저린다.. 신인이라는데 아델 연기 참 돋네..,1
R05349,이지현은 웨 이런 영화에 참..이지현이 아깝다.,0
R05350,별 하나주기도 아까운 영화다 드럽다,0
R05351,진짜 명작이다 벅차오르는 감동 열연.좋은 백그라운드 뮤직 배경 환상적,1
R05352,이걸 영화관에서 보다니 감동이었고 관객이 다들 혼자온 덕후들이라 더욱 감개무량했던 순간이었습니다. 바트 넘 멋져부러,1
R05353,아놔 왜 0점은 없는건데.. 진짜 이렇게 무섭시도 않고 지루한 영화는 오랜만이네,0
R05354,이 시대에 이런 수작을 만들 수 있다는 것은.. 리들리 스콧 감독만의 특권이다~!!,1
R05355,홍콩영화 그럴줄 알았지만... 유치하더군요..,0
R05356,재미있었어요 잘 봤습니다,1
R05357,정말 재미있게 보았습니다. 음악의 템포와 편집기술이 두드러진 작품이라 보,0
R05358,극장에서 안봤던 불운한 사람들은 평점 낮게 주는거 이해 감.만약 극장서 봤으면 별 10개도 부족. 진짜 당시 혁명이었다.,1
R05359,평점이 왜 이리 낮지? 높혀줄께,0
R05360,"여인천하때문에크게빛은못봤지만,알만한사람들은안다.BESTOFBEST",1
R05361,완전 훌륭!! 내가 조셉이였다면.. 이란 생각을 해보게된다,1
R05362,"설득력 떨어지는, 이도저도 아닌 막나가는 영화",0
R05363,진짜 최고....ㅠㅠㅠㅠ,1
R05364,막장. 이보다 더 할수 있을까?,0
R05365,알파치노가 있기에..,1
R05366,일도 사랑도 한심하니 개도 떠나지,0
R05367,시간이 아깝다. 지루했고...,0
R05368,너무 재미있어요~남자 주인공이 특히 멋있었어요,1
R05369,"뭐라고 생각해야될까, 일단 잔인하다, 총쐈는데 눈깔파여OOO, 총맞았는데 비때문에 피가 다 연해지고, 대충 겁나 잔인하다, 그런데 너무재밌다, 끊을수가없다",1
R05370,"SF는 절대 아님. 그냥 심리,미스테리,드라마 장르의 영화.",0
R05371,케이블에서 매번 해도 매번 끝까지 보게 되는 영화. 우리 사회가 킹콩같은 인간을 안아줄 수 있을까...,1
R05372,더 뮤지컬 제작사 필름북은 체불임금을 해결해주세요,0
R05373,정신없다 시간아깝네,0
R05374,자유를 쟁취하기 위한 희생과 대가,1
R05375,철들자 터지는 운빨,0
R05376,진짜 조잡의 끝이다. 2004년도 영화라니 믿을수없다.,0
R05377,천사보다 인간이 좋다.,1
R05378,이거 진짜 재미있었던 드라마였는데.. 고 임성민 나오고.. 볼 수 있는 곳이 없다..,1
R05379,쾌감을 쫒다보면 처지기 마련.,0
R05380,Legend of martial art movie!!!!,1
R05381,개인차겠지만 정말 지루했다,0
R05382,최고의영화 그저 웃지요^ㅡ^,1
R05383,더럽게 재미없네 시간 아까웠다 보는동안,0
R05384,이 영화의 몰입도 떨구는 제 1 요소는 여주인공에 있다.시종일관 답답하다 답답해.현실에서 저랬으면 경찰취조 10분안에 시베리아 벌판 불곰 먹이로 던져졌을거다.,0
R05385,아.....김태희 먹으니까 좋냐? ㅜㅜㅜㅜ 아 글고 왜 이딴걸 영화로 만드냐 걍 책이나 쓰지...,0
R05386,올해 최악의 드라마개늑시작가맞음?,0
R05387,ㅡ.ㅡ.;; 할말을 잃게 만드는 영화...,0
R05388,아름다운 배우들과 긴장감있는 스토리,1
R05389,삶과 죽음사이에 있는 오해와 미련들,1
R05390,나도,0
R05391,한국 문학을 좀먹는 쓰레기,0
R05392,레옹 재밋게본사람으로써 기분나쁘다,0
R05393,이런영화 훈훈하고 좋음,1
R05394,소꼽장난,0
R05395,감독 종북세력 확실하다.,0
R05396,일본영화 특유의 유치한 연출과 각본. 하지만 이게 빠지만 일본영화라 할 수 없다. 무엇보다 할리우드보다 뛰어난 음악!!! BGM은 슬픔아닌 감동을 주기에 충분하다. 직업의 '귀천'에 대해 다시 한번 생각 해 볼 수 있었던 좋은 영화!!!!,1
R05397,ㅋㅋㅋㅋ 창정이 형님 연기 진짜 잘하시네... ㅋㅋㅋㅋ 그리고 정성화님이랑 진짜 형제같이 잘 어울림. 기대 1도 안 했는데 재밌게 봤습니다.,1
R05398,조마조마해하며 봤습니다,1
R05399,"이 영화 보고 시험에서 떨어졌습니다만, 전립선 암이 나았습니다. 허허",0
R05400,무슨 말이 더 필요할까..,1
R05401,보는내내 가족들이 답답했어요 도둑들이 자기말만 잘따르고 반항하지않으면 죽이지 않겠다고 약속하고 그럴 도둑들로 보였는데 틈만나면 신고할려고하고 반항하고 돈몇푼이 아깝냐 ㅋㅋ 전 보는내내 도둑들이 가족을 빨리 처참하게 죽였으면 하는 도둑들 편이되었음..,0
R05402,설정도 이런억지설정이없다ㅋㅋㅋㅋ 아니 중사하사들이 폰도안들고다니고 중사는 멍청한건지 영웅이되고싶은건지 쩝..ㅋㅋ 현실의군대와 괴리감이너무커서 몰입이안됨..,0
R05403,영화든 애니든 일단 브랜드하고 광고로 먹어준다. 이런 숨은 명작은 많은 이가 보고 감동을 받아야 함. 본 건 5년 전인데... 다시 보고 또 감동 받아서 평 씀.,1
R05404,ㅋㅋㅋㅋㅋ 근데 진짜 재밌어요~,1
R05405,제가 본 액션 영화중에 최고입니다,1
R05406,곽부성의 이름을 내건 킬링타임용 스릴러 .,0
R05407,별 거지같은 이게머고 어처구니가 없다,0
R05408,예전에 처음 혹성탈출 시리즈를 접했지만 원작을 먼저 보지 않았지만 원작만큼이나 충실히 재미와 연출을 했을거라 본다 그것을 못보고 놓쳤다는것은 자신이 부족해서 생각이 좁았던 탓일거라 믿는다,1
R05409,역시 동방싄기..ㅠ♥,1
R05410,종교인으로 한사람으로 얼마나 힘든 고민과 고독으로 사시다 가셨는지 알게되었고 세상 어느 누구보다 사랑을 받으신분이라는걸 새삼 알게되었던 영화. 소란스러운 흥행영화 속에서 조금 쉬고 싶은 분들이있다면 보시길...,1
R05411,무섭다기보단 잘 만들어진 작품,1
R05412,우리 솔직히 비디오 영화는 개봉예정영화에 넣지 맙시다.,0
R05413,전개가 비현실적이고 부족하지만 영화의 마지막 몇 분이 그것을 잊게 만든다. 곳곳에 나름의 재미도 있는듯!,1
R05414,긴박한 추격전을 보여주었다,1
R05415,실사판은 또만들어진다 쭈욱!! 넘잼있게 봤음 실사판도 나온다는데 마이클베이제작!,1
R05416,나무아미타불관세음보살,0
R05417,좋은 영화 hfddggffvbgghjkkkjjhh,1
R05418,ㅊㅊㅊㅊㅊ,1
R05419,"캐서린제타존스, 가이피어스, 시얼샤로닌 쟁쟁한 배우 데려다놓고...........",0
R05420,김구라씨가 이런 방송에 나오는 이유가 뭘까요!? 귀한 스타들 불러 놓고 말 함부로 ...제작진의 자극적의도도좋지만 좀 짜증이 나요. 이정씨 꿀성대. 발다더로 자주 뵙고 싶네요. 이정씨가 잘 되서 노래 자주 듣고싶어요.구라씨가 잘나가는 이상한세상,0
R05421,영화도 픽션인데 무슨 사실성여부로 평점을줘 ?영화볼줄모르면 걍 평점주지마라,1
R05422,ㅇㅇㅇ,1
R05423,와...내 평생 이렇게 안무섭고 재미없는 영화 진짜 두번봤음. 너무 재미없어서 꼭 보기바람! 완전 추천! ㅋ,0
R05424,감회가 새롭다...새로운 느낌으로 본 영화.,1
R05425,이광호감독님 다른 직업 알아보시길 권합니다.,0
R05426,진짜 의뢰인하고 비교했을때 왜이렇게 긴장감이 떨어지고 재미가 없냐... 연기력에 대한 말이 많은데 진짜 일반인이 봐도 연기력 진짜 어색하고 못하네... 특히 판사랑 변호사....,0
R05427,몇번을 봐도 볼때마다 항상 흥분되는 쿠바의 음악과 춤.,1
R05428,원래 공포영화 여주인공은 효도르랑 맞짱붙어도 이긴다지만...,0
R05429,안보고 죽었으면 후회했을거다,1
R05430,역시일본것칻더니일본거내,0
R05431,완전 재미있어요!!! 계속 주간아이돌 하면 좋겠어요~~,1
R05432,"아~ 이 영화 , 내인생에 있어서 최고로 많이 울게했던 영화... 엄청 슬픔",0
R05433,"남편이 수집한 아름다운 미술품이 아니라 키티쉬라 불리던, 그냥 자기 자신이고 싶었던 여자.",1
R05434,다이땜에 봤는데 좀 유치하긴 했음; CG도 안습이고;; 원작 안봐서 비교는 몬하겠지만 일단 미야비 포쓰가 바닥을 침. 등장하기만 하면 그냥 웃겨ㅠㅠ;; 이 영화 패인의 가장 큰 요인 아닐까 싶을 정도임;;,0
R05435,내 마음과 생각을 포장하지 않고 살아보고싶다. 단 한순간 이라도. 최해갑 화이팅,1
R05436,몸이 마음처럼 움직여 주지 않는 지체장애우들의 혼신의 노력과 열연이 돋보이는 영화였다,1
R05437,나만그런줄 알았는데 다 그렇게 생각하네?,0
R05438,문근영을 위한 영화..,1
R05439,이런의미없는 걸 영화로 만드냐?,0
R05440,지금봐도 유치하지 않을 한국영화^^,1
R05441,"다소 과장된 평점,,걍,,,일본개그에 익숙한 사람이라면 잼남,,",0
R05442,"얼굴이 부자연스러워~ 이상해~ 고전적 여인의 섹시함도 아니요, 스토리도 베드신도 어디에도 집중이 안된다.",0
R05443,나름재미잇엇음...,1
R05444,정말 한심한 드라마,0
R05445,나오지도 않았는데 뭘본거지,0
R05446,영화가 무슨 내용인지 잘 모르겠다.,0
R05447,약간 창조성이 부족한거같아서 점수를 높게 줄수없엇다.,0
R05448,정말 짜임새에 감탄 또 감탄.스토리는 둘 째 치고 정말 연출력이 대단했던 영화,1
R05449,솔직히 재밌잖아 ㅋㅋㅋㅋ,1
R05450,It was a nice super duper!!!!,1
R05451,허접해진 시리즈,0
R05452,대단한 영화일 줄 봤다가 지루하고 반전?? 이게 뭔가요. ㅎㅎ,0
R05453,시리즈중 가장 파워풀한 액션신을 담고있습니다..,1
R05454,야.,0
R05455,아 정말 재미없다...뭔가 팍팍튀는 영화인줄 알았는데 지루한 스릴러,0
R05456,탈북자와 이주노동자들이 본다면...뭘 보여주고 싶은 것입니까?,0
R05457,다세포 소녀를 한칸 위로~ 데스워터를 한 칸 아래로~ (박상우),0
R05458,뭔가 악평을 쓰려고 들어왔더니 모두가 이미 공감하고 있었다.감독님은 하시던 공동투자가 더 적성에 맞지 않을까싶다.오직 볼만했던건뿐 마지막 5초가량막나왔던 한고은의 명품 워킹뿐.,0
R05459,레트 넘 좋앙...ㅎㅎㅎ,1
R05460,학교를 다룬 영화중에서 이보다 더 잘만든 영화는 없다.,1
R05461,전편보다는 아니지만 그래도 재밌다.,1
R05462,시간 많이 남을때 추천~ 아니면 그냥 자던가..,0
R05463,보고나서가슴이따뜻해지는영화,1
R05464,타이 쉐리던 타이 쉐리던 타이 쉐리던,1
R05465,한세경 왜이렇게 당당해? 마지막까지 봐줬는데진짜 못봐주겠다.. 뭐이런 불쾌한 드라마가 있는것인지... 연기자들의 열연에도 불구하구 이렇게공감이 안되는 드라마는 처음~!!,0
R05466,허황된 욕심을 버리라는 교훈적인 내용,1
R05467,말이 필요없는 영화임 꼭보셈,1
R05468,데드 캠프 시리즈 중 제일 마음에 듬,1
R05469,이호영 남자배우 너무 신선함!! 영화 괜찮은데~~~,1
R05470,눈아프고 짜증난다. 영화의 의도는 대체 몬지;;,0
R05471,재밌어요~ ^^,1
R05472,마지막 뒤 액션 장면은 훌륭한데 그 전까지는 스토리도 노 이해고 재미도 없음,0
R05473,역시 성인코미디의 대부라고 할 수 있는 성국이형님、、아직 살아있네 허허허 역시 이런 연기는 최성국만 가능합니다 하하하 게다가 스토리까지 더해서 감동까지 주니 오랜만에 즐겁게 감상했습니다。강력추천！！,1
R05474,역시 도신. 도신의 재림,1
R05475,이런 억지스런 히어로물은 별로.,0
R05476,대표적인 저퀄영화ㅠㅠ,0
R05477,TV시리즈중에는 단연 최고乃,1
R05478,코난 극장판 전부 다 봤지만 이거 16기는 최악이었다..근데 마지막 코난 zd 지림,0
R05479,"딱히 감흥없는 90년대 헐리우드 액션 스릴러. 기억에 남는 것은 잭 블랙의 팔 날아가는 장면. 리차드 기어는 글쎄,,, 어울리지 않는 배역인 듯",0
R05480,"그리, 높게평가하고싶지않지만, 펄롱이나와서 기뻤음",0
R05481,보는 것 자체가 시간낭비일 수 있는 영화. 나와는 안 맞는 소재와 장르,0
R05482,졸귀꿀기허니귀우리오빠들짱♥,1
R05483,쓰레기 영화 집어치워라,0
R05484,끼야아아아아아!끼야아아아아아아!끼야아아아아아아아!,0
R05485,쓰레기같은 나라인건 알겠는데...,0
R05486,스토리 엉망인건 둘째치고 CG 그딴식으로 할거면 그런 메가쓰나미 설정은 왜 한건지.. 그런 거대 쓰나미가 덮치는데 다리도 멀쩡 고층빌딩도 멀쩡 전봇대들도 멀쩡 근데 거대 화물선은 날아다니고... 재난영화라면 이런걸 좀 더 사실성있게 해야하는거 아닌가,0
R05487,머 이런 개 어거지 설정이 있나. 연기도 개판이고 허허 거참 어이가 없네,0
R05488,"장동민 때문에 보게 됐는데, 진짜 재밌네 ㅋㅋ",1
R05489,시작부터 지루하다 드라마 야인시대가 백배낮다,0
R05490,이 영화가 끝났을때 그 허전함이란... 난 이제 20대가 되었지만 영원히 해리포터를 못 잊을것같다,1
R05491,재미있음ㅋ ㅋㅋ오늘도 본방사수,1
R05492,키아누의 연기변신은 괜찮았으나 도대체 이게 영환지..,0
R05493,재난영화는 투모로우가 갑임,1
R05494,이건 너무 졸작임. 볼가치가 없음.,0
R05495,스토리 구성도 괜찮고 영화도 잘찍은 한국영화인데 평점이 너무 낮은거아님??? 9점영화이지만 평점이 낮아서 10점 드림,1
R05496,와 원작 무시하는 영화 처음봄,0
R05497,최고의 영화입니디ㅏ,1
R05498,ASKY 우덜은 전라도PD 프로그램 안 본당께,0
R05499,상당한 싸구려물..,0
R05500,동심파괴작품. . . 어렸을땐 너무 무서웠는데기차가 생긴것도무섭고 거부감이드는데 아직도 나오고 심지어 영화로 까지 나오네,0
R05501,아니 무슨 영화 찍는데 액션스턴트맨도아니고대역을쓰냐배우맞음?이럴꺼면19금영화찍지를말던가신인김고은이랑비교되네ㅉㅉ,0
R05502,저러껒여,0
R05503,헛소리 열심히 하는 거지 옆에 두시간 앉아있다 온 기분임.,0
R05504,포스터보고 맨처음 남자인줄.... 뭐이런,0
R05505,1편보다 더 잼있는 몇안되는 속편중 하나. 진짜 웃기다ㅎㅎ,1
R05506,김하늘 마음의 상처까지 치유하는 그녀의 매력..,1
R05507,라이언 일병 구하기 진짜 전쟁영화사에 획을 긋는 영화다 진짜 감동적이었다 이 영화는 역시 레전드다,1
R05508,효린 연기력이 영화다망첬네....대사.웃는 장면나올땨마다 내가더 소름끼치네...왠만하면 영화 보면 끝까지보는데 초반부부터 보기싫게만드네..,0
R05509,백제가 도대체 왜 전라도와 관계있는지 누가 설명좀...,0
R05510,소름끼치는 작품이다.,1
R05511,정통 호러물? 이건 80년대 유행했던 고스트버스터류의 코믹+SF+유령 얘기.,0
R05512,쓸데없이 로맨스끼어들까봐 걱정했는데 정말 현실적이다ㅋㅋ 매우 몰입하면서 본 영화,1
R05513,악인의정체가 모호함재미없음,0
R05514,"어떤ㄴ이 외봉에 ""달자가더남""이라고하길래^^ 나도 외봉이더낫다고보거든",0
R05515,이게 공포영화???,0
R05516,전현은못봤지만쓰레기영화다액션이어디있냐처음으로지루한영화다브루스때문에2점,0
R05517,"역시 평점과 남들이 글적어놓은것 의미가 없엇다,,내만 재미 몰입해서보면 그만이다..오늘쉬는날 점심때 냉면에 몰입잇게 잘보앗ㄷ..공포 스릴러장르는 거의 평점이 낮은듯 그장르좋아하는 1한명으로 평점에 신경안쓴다,,",1
R05518,그냥 섭외만 했니??내용이 허술하다,0
R05519,주방장이 사람 포 뜨는 장면이 인상적이다,0
R05520,감정연기의 절정 열자공백,1
R05521,화끈한 19금을 표방하나 아동영화가 되어간다.,0
R05522,씁쓸하고 아쉬운 전투들 뿐!!,0
R05523,지금봐도 참 명작이다. 대배우 대감독!!,1
R05524,우연히 중간부터 봤는데 정말 매력적인 영화. 자연스런 연기와 연출이 돋보이네요.,1
R05525,이분은 식스센스 감독이였다.역시 반전을 좋아하는분,0
R05526,최장 시리즈 탄생의 서막! 각 시대적 기준의 느낌은 다양할테지,0
R05527,닥치고 만점,1
R05528,여주가 프로포폴 해서 그런지 환각이 보이나봐요 ㅋㅋ 미쳣네,1
R05529,비록 어렸을때 봤지만 굉장히 재밌고 멋졌던걸로 기억하는대 평점이 상상한것보다 심히 낮군요 ㄷㄷ,1
R05530,이게 영화면 아마 똥파리도 새가 될 듯. 그것도 독수리.,0
R05531,이야기만큼이나 그림과 색감이 아름답다,1
R05532,평점 왜이렇게 낮지?,1
R05533,내 인생 최고의 코믹영화. 아무생각없이 마냥 웃을 수 있는영화,1
R05534,진짜 재밌는 코미디라고 해서 봤는데 별로 재밌지는 않았습니다.,0
R05535,더빙 진짜 못들어주겠다...,0
R05536,차로변하는거자체가ㅄ.갑자기새끼를낳아서 학살도 ㅄ,0
R05537,B급에로영화.내용도 별루고 배우들연기도 발연기에 재미없음.,0
R05538,smooth criminal 한편의 영화!,1
R05539,중학생때 봤지만 아직까지 잊혀지지 않고 머리에 남아있는 영화,1
R05540,진짜 재밋게봄...특히 남주 핵존잘 사랑합니다...,1
R05541,억지감동 억지행복을 만들어 내려는 게..영화보는 내내 불편했어요 청춘들이여 현실에 저항하고 싸워라 이런 의미인가..뭔 말하는 지 모르겠네요 내가 멍청한건지 영화가 이상한건지,0
R05542,휼륭하다..토지 자,1
R05543,포청천의 주제가가가 귀에 맴돌뿐이다...,0
R05544,김소연 ~ 그땐 정말 말로 설명할 수 없을 정도였지...오늘은 진짜 사나이 나오던데 아주~ 쪼금 짠하긴하드라~ 하지만 아직 ㅉㅉㄱ~,1
R05545,끝내주게 유쾌한 애니메이션,1
R05546,"좀 암울한 내용, 보면서 마음이 아펐음.",1
R05547,진짜 최고.... 제목부터 포스터 마무리엔딩 음악까지 모든게 최고에요,1
R05548,사랑만할려다가 사람 다죽여버리네 판타지도 이만큼 못할듯 초상두번 돋네,0
R05549,충분히 즐겼다. 시덥잖은걸로 심오하는척하는 똥같은것들보다 훨씬 10점이다,1
R05550,포스터가 약간 거북하다...,0
R05551,이런 씹존잼 영화에게 거지같은 평점을 안겨주는 놈들.,1
R05552,영화냐 만화냐ㅋ 일본영화가 그렇치 뭐,0
R05553,한때 정말 좋아했던 에단 호크가 이런 졸작에 출연하다니....안타깝네,0
R05554,점수 주기도 아깝다 쓰레기,0
R05555,김태훈이 한 말-영화 `풀몬티` 못 보게 해,0
R05556,왠만해선 보던 영화 안 끈다..,0
R05557,간만에 봤는데 별로 재미는 없음ㅋ,0
R05558,그시대 여인으로서 사랑을 위해 선택할 수 밖에 없었던 길.. 감동적이네요.,1
R05559,순수가 무엇인지 다시 생각해봤다,1
R05560,미국식농담 좋아하는사람 정~말 재밌게볼수 있다. 본인 코드랑은 딱맞았음ㅋㅋ,1
R05561,솔직히 재밌게 봤는디 지금현재. 4회. 또재방한디 3분4분마다선전하믄 OOO아녀,0
R05562,단역 캐빈베이컨영계모습..ㅋ 80년엔 버드맥주가 빵빵한병이였다는거도 신기.,1
R05563,이번 겨울에 꼭 봐야할 영화 강추,1
R05564,뭔가 처음볼땐 멘붕인데 보다보니 재밋어서 끝따지다봣죠,1
R05565,하나님이 만든 영화♥였습니다마지막 엔딩 십자가를 보고 더 확신했습니다영화보시는 모든 분들~♥예수님. 믿고 모두 구원받으시길,1
R05566,화질이 별루않좋아요..눈이아프네요...,0
R05567,"Monk, the best detective ever..!!",1
R05568,어렸을 때 부터 계속 혼자이었음에도 불구하고 항상 밝고 씩씩한 모습을 잃지 않으려고 노력했던 나루토... 이 영화를 보고 나루토의 고독함이 더욱 깊이 느껴져서 가슴이 너무 먹먹했다...,1
R05569,킬링타임으로도 가치없는 영화..,0
R05570,어릴적 부모님과 같이 봤는데 산타루치아 노래와 소녀의 푸른눈동자가 생각남,1
R05571,"오래전 봤지만, 두근거림은 여전하다.",1
R05572,유쾌하고 아름다웠다. 보는 내내 기분이 좋았다.,1
R05573,당시 &lt겨울나그네&gt와 더불어 최고의 드라마. 문학적 향취가 가득하다.,1
R05574,막장,1
R05575,좋은 영화네요. 정의와 투지의 변호사가 되길 원하는 원하는 분은 꼭 보시길. 진정성있는 연기를 펼친 존트라볼타 good.,1
R05576,"김기덕 영화는 정말 보면 볼수록 이야기 설정이 기가 막힌 것 같다. 여러 갖가지 자신들의 주관에 의해 쓴 리뷰를 보고서 이런해석도 가능하고나 하고 생각하고 이해는 했으나, 실제 감독이 어떤 의도로 제작을 했는지가 더욱 알고 싶어졌다.",1
R05577,우리 욘사마 전설의 시작,1
R05578,뭐 대충 볼만은 함..쩝...,1
R05579,야 시대에맞는글을쓰야지이런걸드라마라고 돈받고쓰나황금시간대에 이러니수신료를공짜지드라마접어라 작가야펜대를놓아라,0
R05580,다큐멘터리 영화가 이렇게 좋을수도 있네요.,1
R05581,약소국들을 돈으로 매수해 여론 몰이 하는 일본 아주 실망스럽고 지느러미 요리때문에 멸종위기에 처한 상어도 그렇고 인간의 잔인한 면이 적나라하게 드러나는군요. 몇년에 걸쳐 어렵게 고생하며 만들었다는게 팍팍 느껴지는 잘 만든 다큐.,1
R05582,"클레이의 매력을 한껏 살리면서 중간중간의 위트있는 장면, 그리고 짠한 결말까지.. 정말 좋아하는 애니메이션중 하나입니다.ㅠㅠ",1
R05583,ㅋㅋ개콘보다 더 재미나다,1
R05584,오랜만이다. 정말 3편까진 그나마 참아줬지만 이미 4편부턴 '무서운 영화' 수준,1
R05585,그냥짱이세요 ..,1
R05586,크....남녀 심리의 리얼리즘~ 송선미 욕하는거 왜이리 섹시하냐 ㅋ 역시 여잔 콧소리가 좋아야돼,1
R05587,두번 졸리게 만든 영화..,0
R05588,또라이가 나오는 그냥 또라이 영화,0
R05589,어떤분이 평해놓으신 것처럼 계속 호기심발동하게 하는 영상이네요..따뜻한 영화..,1
R05590,한국에서도 경찰이 출연하지 않는 정통 추리물이 통한다는 사실을 입증해낸 것에 큰박수를 보낸다. 일본처럼 많이 만들자,1
R05591,우왓! 완전재밌죠? 내가본드라마중에서 두번째로재미있다! 첫번째는 시크릿가든!,1
R05592,흠잡을데가 없는영화인데 전문가분들 너무하시네...,1
R05593,극한 전쟁 상황 속이든 자신이 쌓은 커리어가 완전히 날아가는 상황에서 인간이 보여 줄 수 있는 진정한 용기에 대해서 배울 수 있는 영화. 여군 헬기 조종사 역을 맥 라이언이 맡은 것은 좀 아니지만.,1
R05594,원조교제에 망치로 맞아 여친 머리빵구나는 영화,0
R05595,콘돔생각하고 제목을 이따구로 지은거면서 아닌척은,0
R05596,진짜 1점도 아깝다 네이버 영화평점 알바의 진실을 알게해준 고마운영화,0
R05597,건드려보고시싶다 평점 ㅋ,0
R05598,아정말이드라마 끝까지 막장이네요 어떻게이런전개를 할수잇는건지 이글을쓴사람에 정신세계를 이해할수잇는사람이 얼마나될런지,0
R05599,이 영화를 보면서 너무 내 어린시절이 생각나고 그리워서 눈물이 많이 났다,1
R05600,8.88 을 향해 가보자,1
R05601,으....제작비가 부족했나,0
R05602,심하게 (성)폭행하거나 살인한 범죄자들은 모두가 징역 40년 이상 혹은 무기징역을 선고받아야 된다고 생각한다. 범죄가 간접적이거나 청소년이거나 술에취한상태거나 한다면 그땐 그저 약간의 감면만 있을뿐. 지금보다 처벌의 강도가 훨씬 세져야 한다고 생각한다,1
R05603,뤽 베송이 이 영화 각본을 맡았으므로 무조건 10점,1
R05604,장애인이든 비장애인이든 같은 생각과 걱정을 하고 있다는 생각이 들었습니다 많은 분들이 보았으면 좋겠어요,1
R05605,내용짱이예용!,1
R05606,지금 까지 본 히어로 영화중에 스토리도 재밌고 짱!!??!!!!,1
R05607,올레 무료영화보기에서 찾은 기대하지도 않은 명작. 빈틈없는 개연성과 숨막히는 상황설정 1997영화임에도 촌스럽지않다. 그레이스필립스는 왜 안뜬지 의문,1
R05608,나의 동심과 함께하는 영화,1
R05609,새벽에 영화보고 후기남기기는 정말 처음인거같다.. 삶이란 무엇인지 사랑이 무엇인지 정말 진정성있게 표현했고 이 영화는 좀 더 세월이 지나서 보면 더 와 닿을거같다 ..로빈윌리암스가 보고싶다.. 마지막 엔딩OST 셀린디온.. 이조합은 정말 캬,1
R05610,90년대 영화인줄... 알고보니 4일전에 개봉함...,0
R05611,셜록짝퉁 연기못하고 이럴거면 웹툰따라했다 하지마라 이름만 따오면 끝인줄아나,0
R05612,난 평점을 10점짜리 아니면 안메기는되..그래도 좋은 영화라 몇별 등록^^;;,1
R05613,왜 봤을까 하는 생각 들더라,0
R05614,시사회로 봤는데 솔직히 난 모르겠다. 대중적인 영화를 보려는사람에겐 비추.,0
R05615,우연히 보고 깜짝 놀란 영화. 아름답고 슬프다. 진정.,1
R05616,인생의 아름다움을 굉장히 잘 이해하고있는 감독의 천국같은 영상과 스토리.,1
R05617,"과연 이게 실력있는 래퍼프로그램인지, 인기몰이 인지 정말 웃기다.",0
R05618,콩은 까야 제맛이지 ㅋㅋㅋ,1
R05619,종로거리에 러버스 콘체르토를 들으며 단성사로 향하던 기억일새록새록...,1
R05620,영화를 보며 순수한 생각이 계속 맴돌게 되는 따뜻한 영화였습니다.,1
R05621,짱입니다 마의 넝넘 잘보고이써영!,1
R05622,"유태인,흑인,동성애자들은 싫어할만한,걸작...(웃음)근데,난 유태인도,흑인도 아니고,동성애자는 더더욱 아닌데,왜 이 영화가 지루했지?크리스틴이 너무 낮설다.톰 크루즈가 아주 낮설었던,매그놀리아는 아주 대박 좋았는데 말이지.크리스틴이 다른사람처럼 느껴져",0
R05623,깊이 생각하게 만드는 영화. 주인공의 심경이 가슴에 와 닿으며 긴 여운이 남는다.,1
R05624,의외성도 있고 약간의 반전도 있는 괜찮은 영화. 의외로 감동적인 영화.,1
R05625,ㅇㅅ,1
R05626,여기서 그만두길 잘한거야,0
R05627,"훌륭한 영화입니다. 소방관들 정말 존경스럽군요 이 세상엔 음모론에 관련된 정치인,권력층 등 사회의 악마만 있는것이 아니라 소방관들 같은 천사들도 있다는 것을 절실히 느꼈습니다.",1
R05628,아니라고 말하고싶은 유치한 일본식 연예 애니메이션..,0
R05629,왃 더 훸 왃 더 훸 왃 더 훸 왃 더 훸,0
R05630,아니평점이 왜 8점대 인지 모르겠네...9점 주고 싶었으나 10점으로 상쇄,1
R05631,"별 반개도 아까운 이따위방송은 왜하는지,우리동네 예체능이나 드림팀이나, 다른예능들 다 캡쳐해놓은듯한 ??? 이프로 취지가 도대체먼가요,?이해가 안가네",0
R05632,"""죽기 전에 하고 싶은 10가지""-보다 한수 밑",0
R05633,민세연역할 하는 사람 연기를 너무못하네요ㅡㅡ그리고 스토리자체가 개막장이고 맘에 안듬 사랑했나봐랑 맞먹네 막장이 아니라 멜로라며 멜로는 깨뿔이,0
R05634,배우들 연기가 아주 일품이네요.영화 너무 재밌게 잘 봤습니다.영상미도 상당히 세련되고 고급스럽네요,1
R05635,ㅡㅡㅡㅡ,0
R05636,작화팀 죽어나가는 소리 음성지원되는 영화,1
R05637,"평점이 좋지 않아서 걱정하면서 관람을 했는데, 왠걸로 너무 재미나게 보고 왔어요~ 40개월 딸아이는 완전 시선고정해서 관람하면서 끝나고 나서도 코비 이야기 하고 있답니다 ^^",1
R05638,평점이 다소 높은 것 같아 1점드립니다. 많이 주면 별 두개 반 정도 될 듯.,0
R05639,좋아요. 나만 당할수는 없지요,1
R05640,처음엔 진짜처럼 그럴싸해 보였는데 총격장면부터 허구삘이 확 나버림. 실제였다면 그런 자료는 영화에 못나왔겠죠. 그래도 긴가민가 하던걸 공중부양으로 결정타 날려줌ㅋㅋㅋㅋㅋ 차라리 최대한 실화처럼 해놨으면 영화보는동안은 낚였을텐데 이건 이도저도 아님,0
R05641,좀 지루하기도하고 부인이 왜 그렇게까지 남편을 싫어하는지 잘 이해가 안된다,0
R05642,10년 전쯤 본 영화인데 아직도 기억에 남는 영화,1
R05643,솔직히 볼 만하다. 이거만한게 없다.,1
R05644,생각보다 괜찮을줄 알았지만 그런 헛된 생각은 버려,0
R05645,이 영화는 뭔가요...,0
R05646,농촌특집 이런거해주세여~,1
R05647,노잼 핵노잼 원폭노잼원작하고 너무다름...,0
R05648,귀여운 소연,1
R05649,한국적 개연성이 부족한 영화. 공감 코드를 도저히 찾을 수 없었음,0
R05650,쟈아아아앙고오오오오 쟝고오오오 후리담 오 후리다아아아암,1
R05651,너무 흔해빠진 내용,0
R05652,그럭저럭 고만고만,0
R05653,벚꽃처럼 휘날리는 여러 감정들,1
R05654,어릴 때보고 커서 다시 봤는데. 진짜 잘 만든 영화였네. 웃음과 감동을 잘 이어 붙였고 정치에 대한 비판이랑 묘사도 굉장히 잘 표현했다. 흥행했었는지 기억은 안나지만 절대 낮은 평점의 영화가 아니라고 생각한다. 연기자들 연기하는 디테일만 봐도 따봉임,1
R05655,내가 ㅂㅅ인가 이런게왜? 7점이나되,0
R05656,스토리ㅎ탄탄해요!!,1
R05657,미니시리즈도 이 정도는 아닐 듯.,0
R05658,다시는 경찰을 무시하지 마라,0
R05659,이거 피디박스에서 다운받아본사람~~~~손들어~~~,1
R05660,킬링타임용으로도 안되는것같다,0
R05661,나 역시 저평가 되고 있다고 생각한다. 저속하다 생각하나? 지금 개판 현실 그대로인데; 확연히 그 개판현실 드러내주니 많은 생각이 들고 작품성 꽤나 있다 생각한다. 동생이 이게 19세 미만 금지기 아닌 26세 미만의 영화라더라...마음에많이남는다,1
R05662,이런 영화도있었구나. 일본수출용으로만들었다 캐망함?,0
R05663,평점이 너무 높다.ㅡㅡㅡㅡ,0
R05664,후.. 할말없다,0
R05665,미친...REC를 이따구로 망쳐놨어 장난치나 ㅡㅡ,0
R05666,신의 존재 앞에서 고뇌하는 인간,1
R05667,쓰레기... 영화가 아닐까... 뜬금없는 베드씬 영화 내내 박유천과 조선족 여자 중심으로 진행되는 멜로 라인 왜 멜로가 부각되지? 충분히 사람들간에 관계에서 오는 갈등이라든가 심리묘사에 집중해서 좋은 이야기를 뽑아낼 수 도 있었을텐데,0
R05668,톰이 이겨버리면 제리는?? 암튼 추억 돋네,1
R05669,추천합니다. 끝에 뭔가 아쉬움 내지 여운을 남기는군여..적극추천,1
R05670,재밌게 봤어여 ㅋㅋㅋ 탕우ㅜ웅우우우우웅,1
R05671,재미있네요 커플들끼리보면 좋을거같네요^^,1
R05672,식상한 소재가 진부하게 전개되는군,0
R05673,정조의 노론 아킬레스 끊기 게임을 지켜보자.,1
R05674,완전 실망.. 세상에..,0
R05675,이걸딱보면 마다가스카와 같다는 생각만듬 별로,0
R05676,캐스팅은 A급 영화 구성은 B급,0
R05677,최악의 애니메이션. 라이온킹 장화신은고양이 아바타 레지던트이블이 모두 합해진영화. 애니메이션인데 이렇게 편집이거친건 처음. 그나마 성우들이 노력한것 같아서 4점준다,0
R05678,이런 영화는 연습용으로라도 만들지말자 양심적으로,0
R05679,평점없는영화는처음보네 ㅋ ㅋ ㅋ,0
R05680,명작 가면의 정사를 이따위로 리메이크를 ㅠㅠ,0
R05681,티비에서 해줬음 좋겠다,1
R05682,도대체 뭘애기하자고 하는지 모르겠음.안보는게 나을듯,0
R05683,ㅋㅋㅋㅋ 디워보다 이게 더 낫다 ㅋㅋㅋ,1
R05684,다른 사람에게 영향을 준다는것은 위대한 일이다. 마지막 기립박수때 강한 감동이...,1
R05685,보면볼수록 재미있는 영화.. 물론.. 마무리가 엉성하긴하지만. 묘한매력이 있는영화.,1
R05686,연결이 매끄럽지 않지만 이연걸 액션 하나만으로도 만점줄 수 있다..,1
R05687,괜찮은 영화인데 디카프리오가 타이타닉 이후 처음 찍은 영화라 사람들이 실망한 영화,1
R05688,한 3편이면 될걸 왤케 늘렸지 ?,0
R05689,"우연히 보게된 영화, 부모님의 사랑이만든 기적을 보았습니다.누구든지 꼭꼭 보았으면 합니다! 짱짱",1
R05690,그냥 그랬음.. 김밥에 단무지가 없는 느낌이랄까 . 그냥 일상생활의 소소함은 느껴지긴 했음..,0
R05691,이거 혹시 코미디 물?,0
R05692,ㅋㅋㅋㅋㄱㄱ잼잇닼ㅋㅋㄱ,1
R05693,이런영화가있는지 오늘알았는데 꿀잼,1
R05694,이게 왜 이따구로 평점이 높은지 모르겠다. 심지어 IMDb에서 5점대 영환데..,0
R05695,아니 저시대에 중국인이 왜 영어를 쓰냐고..이런 끄레기영화,0
R05696,촌스럽고 진부하고 사랑스럽다,1
R05697,억지 웃음 짓게 하지마,0
R05698,이 영화가 imdb에서 최악의 영화 12위임,0
R05699,긴장감 진짜 지리네요.,1
R05700,광주는 5.18말고 할 얘기 없냐? 광주의 눈물 마른지 오래,0
R05701,아 이해가....,0
R05702,반전있다길래 끝까지 봤다가 낚였음..평점 한 4가 적당함..남자들은 보지마셈.지겨움,0
R05703,"각본, 영상, 연기 모두 완벽하다",1
R05704,마이클이 잘못했네-_- 영화내내 줄리의 미련은 갑갑하고 키미는 둘 사이에서 짠하고.. 본격 어장관리남의 한 어항에 두마리 물고기 밥주기 영화내내 찝찝했음,0
R05705,에반게리온 서는 10점 인가요,1
R05706,캐스팅이 너무 아깝다. 공유랑 김정화랑 내가 본 영화 중에 캐스팅 제일 마음에 드는데 내용이 초등학교 교과서보다 유치하다니. 감독이 초등학생은 아닐까ㅎㅎㅎㅎㅎㅎㅎㅎㅎㅎㅎㅎㅎㅎㅡㅡ2점드려요 공유랑 김정화 진짜 선남선녀,0
R05707,추억의 명화를 보는 느낌. 익숙한 기분이 든다.,1
R05708,영화와 책 모두 읽었지만 사람이 어떻게 하면 다른 사람을 그렇게까지 헌신적이게 사랑 할 수 있을까 라는 생각만 들 정도로 가슴에 와닿았다. 잔인한 살인 이야기 일 수 있지만 내가 느끼기엔 한 남자의 가슴 절절한 사랑 이야기로만 느껴졌다.,1
R05709,7000원 불쌍한 사람들 위해 썼다고 생각하세요 ㅠㅠ,0
R05710,어린이도 웃지않을 유치하고 어설픈 코미디가 됨,0
R05711,저주받은 걸작 ㅠ 911테러때문에 묻힌영화 ㅠ,1
R05712,이 드라마는 나에게 영원한 1등! 허준을 이길수 있는 드라마는 없다~!,1
R05713,재미없음. 아ㅏ아아지루지루,0
R05714,솔직히 영화보고 안 운지 꽤 됐는데...끝에 정말 꽤 울었다. 살면서 꼭 한번은 보길,1
R05715,일반영화의 과장적 영웅을그리지 않고바보 같이 웅얼거리며말하는 인물 손빈 스펙다클한 배경등 기존 영화와는 달리 여러가지 감동을 주는 영화였음,1
R05716,다양한 역설적 요소들은 이해하더라도 공감하고 즐기기에는 힘들다..,0
R05717,넘재밌어요ㅎㅎㅎ,1
R05718,A급시나리오로 완전 저질영화를 만들었구나,0
R05719,"어렵게 시작한 실존, 상업적 강박증에 묶이다.",0
R05720,액션이 정말 좋았네요????그래서 저의 점수는 바로바로 문익점드립니다.,0
R05721,굳이 이런주제 이런소재로 써야 했을까?남자들이 과연 이런 환상 갖고 있는지도 의문,0
R05722,많이 지루하다 연출은 고급스럽다,0
R05723,마지막에 눈물을 흘리지 않을 수가 없었다..,1
R05724,....나한텐 별로,0
R05725,"감독이름이 외국인이라 놀랐었는데, 감독이 9살에 프랑스로 입양이 되었던 자전적인 경험담이 녹아 있었던 거였네요. 사실 이 영화 개봉했을때는 들어보지도 못했는데, 우연히 알게 되어 감동하면서 보게되었습니다. 그런데, 평점이 너무 낮네요..",1
R05726,긴 벌칙이였습니다. 엔딩입니다.,0
R05727,그닥 재미있지 않다. 산드라보다야 니콜이 훨 이쁘지.,0
R05728,전체관람가니까 아동틱할 수 있다고 생각됨,1
R05729,하...오글거려죽는줄알았다그리고 성우가 장면이랑따로논다짜증난다,0
R05730,아진짜 정말 우베볼급아니면 댓글 안쓰는데... 진짜 최악의 리메이크다 아.... 배우 캐스팅부터 바라...와... 판빙빙에 황효명은 아.. 정말아니다.. 연기력도 캐릭터성도 최악정말.. 원작 다 망치고있음...아..,0
R05731,저평가를 한 네티즌은 비정상이다!,1
R05732,평점이너무 낮네요 볼만한영화임,1
R05733,중간에 잠깐 재미있어 지다가 다시 바닥을 친다,0
R05734,어이가 없어서 피식피식 웃음만 나오고 효민 샤워씬 빼면 볼것도 없는 영화,0
R05735,처음 써보는데 진짜 보는내내 정말 다른곳에 눈이가고 집중 하나도 안되요 정말 재미없어요 알바들이 쓴건가 억지 감동 눈물 유발하고 여태 봤던 영화중에 제일 역겨워요 보다 여자친구랑 싸웠어요 이해되시죠? 절대보지마세요,0
R05736,개만도못한영화를찾았습니다,0
R05737,여주인공들이 이쁘고 몸매도 좋아서 4점 준다. 스토리는 후짐.,0
R05738,보지 마세요. 재수 없어요. 아무리 그래도 그렇지 먼 영화를 이리 만드나요? 보다가 짜증나서 글 올리네,0
R05739,일단 허접하다.,0
R05740,와.. 총은 쏘는데 총알이없져,0
R05741,왕자웨이가 그리워진다.,0
R05742,마지막 우디의 작별인사는 토이스토리를 보고 자라 어른이 된 관객들에게 하는 인사가 아니었을까,1
R05743,프로펠러에 모자를 날려먹는 크레이지 액션. 식겁하지라 ㅎㄷㄷ,1
R05744,두산팬은 아니지만 이런 감독은 아주 매장을 시켜버려야돼,0
R05745,"신선한 소재와 제프 형의 명연기는 굿이였지만, 스토리구성의 약빨이 너무 약함..",0
R05746,제니퍼 한국인욕한 OOO년 건포도랑 전복윗부분을 잘라불라,0
R05747,어이없음..,0
R05748,2015.01.05,0
R05749,드라마 안끝났나?왜 이렇게 질겨별이 아깝다,0
R05750,1편은 재미없어서 볼까말까 고민하다가 끊기는거 싫어서 봤는데 보길잘한것같음 니노미야 인정하기싫게 멋있음 뭔가 멋있는데 되게 인정하기싫게 멋있는느낌.. 원작을 안보고 봐야 재미가 더한듯 결말진짜 씁쓸,1
R05751,마지막 부분 떄문에 1점추가 한다. ㅋㅋㅋㅋ 이거원 인간극장 보는줄 알았다,0
R05752,나도 별로던데,0
R05753,동석이형만으로도 9점이상이다 ㅋㅋ 진짜 양아치 연기 + 욕이 ㅋㅋ,1
R05754,장르에 스릴러라고 적힌게 코미디. 외계인소재로 이런 영화만든다는게 놀랍다,0
R05755,세상참 많이 변한듯..,1
R05756,정말 할 말 없는 영화이지만 나말고 다른 분들이 이미 낮게 주셨으니 불쌍해서 만점,1
R05757,사랑은 잘 모르고 쾌락만 추구하는 사람들에게 사랑의 의미를 주는..,1
R05758,이 시간대에 삼시세끼를 했으면 시청률 쳐발라 버렸을 텐데 아깝다!,0
R05759,아니 어떻게 2014년 돈쳐바른 영화보다 이런 옜날 영화의 영상미가 훨씬 더 풍부한걸까? 기대를 져버리지않는 감독이다.,1
R05760,잭 블랙.. 역시 쵝오!!!!!!,1
R05761,진짜 괜찮은 영화.,1
R05762,내가 좋은 만화를 너무 많이 본게야...,0
R05763,완전 조아~,1
R05764,롭슈나이더팬으로서 넘 재밌었다.,1
R05765,한심한 속편. 전편의 수준에 먹칠. 마지막 괴물은 영구 공룡?,0
R05766,이렇게 안웃기기도 어렵겠다,0
R05767,엔딩 크레딧이 끝날 때까지 나오는 스타이너의 웃음소리..,1
R05768,아프니까 청춘이다?,1
R05769,"지독한 풍자안에 묻어나는 유쾌한웃음, 그의 영화문법에 무한한감동을 받다.",1
R05770,OOO~~~ 감독 지망생이 습작으로 만든 영화도 이보다 낫겠당... 던 아까버~~;;;; 1점도 아까운데 이라도 안주면 등록이 안된다네,0
R05771,애들이 좋아할만한 영화! 에피소드가 길지 않아서 더 좋았던 것 같아요!,1
R05772,2등병때 부대에서 봤는데 군바리들 눈물이 그렁 그렁..,1
R05773,엔딩 ㅆ ㅣ바 ㅋㅋㅋㅋㅋㅋ,0
R05774,이외수까지 등장하는 대국민 사기극!,0
R05775,다만 아쉬운 것은 예고편이 너무나 많은 것을 말해준 다는 점?몬구씨나 희정씨 노래 너무 좋내요,1
R05776,생각보다 재미 없었고 별로 였다,0
R05777,보기드물게 해학이라할 유머와 야함과 사랑에 대해서 잘풀어낸 밸런스가 참 좋은 영화인데.. 개연성이 없다는 분들은 시간지나서 다시보세요. 아는만큼 보입니다.,1
R05778,와 진짜인생영화울다가웃다가그냥....최고의영화,1
R05779,와 마지막에 깨어나는건 극소름..,1
R05780,씁쓸한 결말...더러운 세상에 대한 풍자가 쩐다,1
R05781,"교육이 무너진 근본적인 원인에 대해 잘 보여준 영화 ... 어른들의 과오, 부모와 사회의 몰락이 순수한 아이들의 행동들로 보여지는 것",1
R05782,감독이 영화를 어떻게 전개하고 마무리하는지 건너 띄어서 봤다 젠장!,0
R05783,그냥 옛날 에로물..여주인공에 빠진 감독이 ...이영화찍고 나중엔???,0
R05784,재밌어요 웃겨 죽겠음 ㅋㅋㅋㅋㅋㅋ,1
R05785,여름에 보기좋은 시원한 영화,1
R05786,정말 명작중의 명작...지금도 그때의 여운이...,1
R05787,오오오오 완전 꿀잼 입니다,1
R05788,남자의자격이훨씬재밌다.1박2일 멤버멍미; 대체 뭔 조화가있냐. 이수근혼자나온게 웃기겠다,0
R05789,"비주얼, 내용, 배우들만으로도 꽉 찬 영화!",1
R05790,최악의 영화. 연기에서부터 마지막까지 모든게 다 안타까운 영화. 이런 최악의 영화를 찍느라 고생하셨습니다.,0
R05791,잼나네요,1
R05792,시리즈 중 최악의 졸작,0
R05793,그다지 기억에 남지 않는,0
R05794,보성형님이 시즌1부터 출연했었어야지!!,0
R05795,보다 잤어요,0
R05796,초등학교 영화부에서 만들어도 이보단 나을듯,0
R05797,막장 같아보이지만 따뜻한 가족애가 있는 드라마 같다.일주일이 기다려지네요~~^^,1
R05798,"1점도 아깝네요. 평점이 생각보다 높아 찾아보니 알바분이 5분마다 글을 남기는;; 정성이 갸륵하네요. 한줄로 요약해서 영화를 평가하면, 제 30남짓한 인생에 있어 최악의 영화였습니다.",0
R05799,0점이 없네...개인적으로 평소 서우 드라마에서 연기 못한다는 느낌은 안들었는데 이건 완전 발연기 그리고 일부러 입술 내미는듯.. 입술 두꺼운 연예인들 되게 섹시하고 예쁜데 애는 이상함.. 일반인이 카메라 앞에서 처음 연기하는 듯함... 서우 완전 실,0
R05800,스페인 내전 역사에 판타지적 요소를 잘 버무렸네요. '판의미로'를 떠오르게 하는 느낌의 영화. 히틀러가 정말무통환자들을 이용해 무적부대인가를 만들려했다고하던데.. 암튼 배우들 연기력 좋고 몰입감 높은 영화!,1
R05801,너무 식상한 소재와 장르,0
R05802,다시봐도 감동,1
R05803,짧아서 너무 아쉬워요 ㅠㅠ,1
R05804,액션이 다양해서 좋네요. 악역 맡은 배우 연기도 볼만하구~ 추천!,1
R05805,본능과 신앙적 가치관 사이에서 갈등하는 한 청춘!근데 베드씬에만 너무 치중한듯..,0
R05806,아 뭐라고 딱 말할 수 없는 이 느낌. 4점,0
R05807,와 아이유다~~ 젊은가수가 나와서 더 좋네,1
R05808,"치열하고 눈부신 연기 대결. 아, 호프만...",1
R05809,"독특~함만있다 조쉬때문에겨우봤다 조쉬야~너왜그러니, 요즘...",0
R05810,설경구 정준호 멋집니다,1
R05811,정말재미있습니다람쥐~~~,1
R05812,"최악의 드라마.. 연출과 대본도 그렇지만... 한가인, 김정훈, 전혜빈의 어색한연기...",0
R05813,시청자를 살살 약올리네,0
R05814,"아.. 이건 뭐 공포영화가 무섭지도 않고;; 아니, 애초에 영화 내용이 이해가 안 됨. 여기에 리뷰 정말 예술로 올려주신 분 있는데 그 분 리뷰 읽고 내용 이해했음 ㄷㄷ 울나라 공포영화 워스트5 안에 반드시 들어 갈 듯.",0
R05815,잼이써요...,1
R05816,두사부일체하고 투사부일체는 정말 재미있었는데이번편은 진짜 처음부터 영 아니었고 상황하고 연기하고 다 이상한거가틈,0
R05817,재미없단 소리 듣구 별로 기대도 안했는데 완전 재밌던데 ㅋㅋㅋ,1
R05818,제발...,0
R05819,스릴과 긴장..스피디한 전개 정말 좋았다,1
R05820,이제까지 가장 멋진 타잔을 만날 수 있다,1
R05821,왕정감독도 한물갔군 너무 허무맹랑하게 만들고,0
R05822,아이와 함께보기 좋네요,1
R05823,아주 스릴있게 보았다! 방안에서 숨죽이며 지켜보는 집주인 아주머니처럼...! 강추~!,1
R05824,지금봐도 소름돋게 우리나라 교육현실을 보여주고있다,1
R05825,와...정말 신비롭다...이런 감독에게 투자한 사람들도 신기하고 이렇게 영화가 제작되어 가는 동안 체크안한 사람들도 신기하고 이걸 찍고 있는 류승범도 신기하고...이걸 홍보하는 사람들도 신기하다...,0
R05826,같잖지도 않은 스릴러는 왜 넣었을까,0
R05827,이영화를 극장가서보다니..에휴 진짜 내가 미쳤지이거랑 같은날 개봉한게 다크나이트라이즈였는데.. 두개중 뭐볼까 하다가 웃고싶어서 이걸보러들어갔는데.. 진짜 욕했다 107분동안 정색하면서봄 이런영화 만들어놓고 한국영화에 관심좀주세요 이런드립치지말자,0
R05828,어우 진짜 무슨 영화가 이러랴 무서움만 가득 있네,0
R05829,이게 평점이 낮은 이유가 뭘까.. 이해할 수 없다. 전투씬도 꽤 좋았는데..,1
R05830,내 인생의 일부를 이딴거 보는데 썼다는게 이해가 안된다.1점도 아깝다. 마이너스 몇 점 정도는 주고 싶다.,0
R05831,평론가하고 애들 중2병 걸렸네ㅋㅋㅋ 평점 10은 줘야지. 이렇게 완성도 높은 영화인데,1
R05832,35세인 내가 보기엔 음...,0
R05833,미국평론가들이 입을모아 쓰레기라고 한데도 이유가 있다.,0
R05834,발레하냐. 내가 아주 꺾어줘?,0
R05835,10점받아도 부족하지않은영화다. 주인공이 선생에게 복수할때 정말로 통쾌했다. 이영화보고 촌지처받고 학생들 이유없이 쳐때리던놈들 반성이나해라 ㅉㅉㅉ 요즘은 인터넷이랑 스마트폰때문에 예전처럼못하니까 짜증나지?ㅋㅋㅋㅋㅋㅋㅋㅋㅋ,1
R05836,"평점의 낚이지마라, 보는내내 지루해 죽는줄알았다..",0
R05837,평점조정 ....미친...영화관에서 본 사람은 다 보고 난뒤 OO 짜증 낫겠다 불쌍....ㅜ,0
R05838,요즘 청앨에 빠지다보니 이거까지 빠져버렸네 문근영 역시 연기 넘 잘해 완전 좋아~~~~ ^^,1
R05839,"아.. 너무 지루해서 넘겨봤다.. 로맨스 중심인 것도 재미없고. -,-;;;; 진짜 이건 무리수;; 과도한 액션 보기 그럼..",0
R05840,사랑이란 결코 미안하다는 말을 해서는 안되는 거예요.,1
R05841,이 영화는 부모님들의 올바른 교육을 일깨워준다. 니모를 찾아서에서 올바른 교육이란 역경을 겪지 않게 하는 것이 아니라 그 역경을 스스로 헤쳐나갈 수 있도록 도와주는것이라고 보여준다. 내가 해줄게 보단 넌 할 수 있어 라는 말이 더욱 중요할 때가 있다,1
R05842,볼만한영화..,1
R05843,"헐 이게 공포여,? 7 세공포인가",0
R05844,일본 여배우만 인상이 깊었다!,0
R05845,너무괜찮게봤다..끝에눈물날뻔,1
R05846,너무 가슴 아픈 영화.....,1
R05847,13구역의 반도 못 따라가,0
R05848,짱나는 파마머리,0
R05849,이정도 평점을 받을 영화는 아니었다.,0
R05850,고마워!!퀼...ㅠㅠ,1
R05851,재밌는데 평점평글 적네 ㅋ,1
R05852,본사람이얼마나적으면 41명...,1
R05853,원작의 복잡미묘한 감정 묘사를 제대로 살리지 못했어요.기대가 너무 컸나봐요,0
R05854,극한으로 지루하고 노잼이다 진짜 말그대로 걷기만하다 끝난다.. 뭔가 긴장감도 없고 반전도 없고.. 재미로 볼생각이면 보지말고 시간이 너무 남아도는사람이면 추천한다솔직히 평점 왜높은건지 이해도 안됨,0
R05855,이명박 뽑은 자들이여 손모가지를 쳐라~!!,1
R05856,"동감! 한국식 제목이 좀..ㅎ 영화는 재밌음, 근데 토비가 잘생겼나? 그저그런데...",1
R05857,너무 감동적이네요 펑펑 울었습니다,1
R05858,돈 안들이고 tv로 봐서 다행이라고 생각하는 영화,0
R05859,"나름 최신 전투기들이 1, 2차대전 공중전 묘미인 도그파이팅하는 웃기지 않는 현실성",0
R05860,"메제지를 전달하는 영화였고, 참 좋은 영화였다.",1
R05861,볼때는 불편했지만 가끔 생각나는 신기한영화. 세번이나 봤지만 참 아름다운 영화 하지만 평점이...무슨기준으로 영화를 평가하는지모르겠네,1
R05862,ㅋㅋㅋㅋㅋㅋㅋㅋㅋㅋㅋㅋㅋㅋ어이없다 싸이코나오는데 재미없고 감흥없고,0
R05863,평점보고 가면 그녀도 울고 너도 울것이다? 재미없어서,0
R05864,2편까지만 만들지.. 3편은 젤 마지막에 봤는대도 기억이 잘.,0
R05865,아는만큼 즐길수 있는 영화. 풍자가 껄끄럽지 않고 유쾌하게 느껴진다.,1
R05866,기회조차 갖지 못하는 많은 이들에게 희망을,1
R05867,절제의 미학이아니라.. 지루함의 극치가 되버린 안타갑다..,0
R05868,이야~버러지의 결정체,0
R05869,무얼말하는지도 모르겠고 또한 자극적이지도 않다..이도저도 아닌..그저그런삼류영화,0
R05870,네이버평점에 낚인 초속 5센티미터 에 버금가는 엄청나게 지루한 스토리.오타쿠들을 위한 만화,0
R05871,재미없어 최악임ㅗㅗㅗㅗ,0
R05872,하고싶은말이뭘까나?아직도이해못함..오구리멋있더군,0
R05873,"충격적인 결말, 절제하는 감정",0
R05874,애가 연기 더잘하네 ㅋ 부끄라서 연기 안하긋당 ㅎㅎ,0
R05875,칼로 난도질하는 이런 정신이 2차대전에도 그대로 이어져 수많은 아시아인을 살륙하고도 뭐가 잘못되었는지조차 모르는 일본.,0
R05876,태양은 없다이후로 대한민국 최고의 청춘영화임,1
R05877,난세의 영웅들....,1
R05878,너무나 그저 그런 영화.,0
R05879,배트맨 관련 소재 영화 중 손꼽히는 졸작.,0
R05880,마음이 따뜻해진다고양이들은 다 천사야♥,1
R05881,죽음에 관한 진지한 고찰,1
R05882,게스트가 질문에 답을 하면 귀 기울여 들어야 하는거 아닌가? 끼어들고 말 자르고 얘기 좀 듣고 싶다. 다른 게스트는자기가 모르는 분야 얘기하니까 지루하다고 말자르고..자기 얘기만 실컷ㅡㅡ 시청자들이 듣고 싶은 얘기일 수도 있지 않나? 진짜 너무하네,0
R05883,괴물 CG 빼고는 이렇다할 게 없는 답답한 SF물. 빈 디젤 보는 것으로만 만족. 각본도 부실하고 남는 게 정말 없다.,0
R05884,"액션왕 이연걸은 없고, 어설픈 모험광 이연걸만 있다",0
R05885,외로움에 대한 다른생각이 드는 영화..... 최고에요,1
R05886,어릴때 tv에서 방영해줘서 참 감동적으로 봤는데..세월이 벌써...하..,1
R05887,럭키짱과 시바스리갈의 권총은 같다. 1점이다.,0
R05888,짜세들 존나부리네 밑에분들 조양은이 눈앞에잇음 오줌쌀양반들이,0
R05889,축 처진다.,0
R05890,잃어버린 아침. 이별의 의미는 먼 훗날에서야..,1
R05891,너무재밋음,1
R05892,포스터처럼 아들을 구하러 가는 벤자민의 모습이 정말 인상깊었음. 잠자는 여우의 부활을 목격한 아들들의 겁에 질린 표정도.,1
R05893,"주인공 애들 또래만할 때 봤었는데, 정말 재미났었지",1
R05894,오오라~~~~아~~~~이~~~!!,1
R05895,"리암 니슨의 액션존재감을 알게 해준 영화. 이 영화 이후로 리암 니슨은 고령의 액션배우가 되었다 ㅋㅋ 리암 니슨 아닌 다른 사람이 했다면 평범했을 영화. 그 정도로 중저음의 톤, 큰 키와 덩치 카리스마가 한몫했음",1
R05896,여주인공만 눈에 들어온다..,0
R05897,어중간한 뱀파이어 영화.,0
R05898,영화관에서 다시보고 싶을 정도로 최고입니다!! 책으로 읽으며 상상만 했는데 이렇게 영상으로 접하니 좋아요ㅠㅜㅠ 역사를 좋아하는 학생으로써 이런 재미있고 볼거리 많은 역사다큐가 많이 만들어 졌으면 좋겠습니다. 교육용으로도 참 좋을것 같습니다. 최고!!!,1
R05899,존트라볼타 형님의 흑역사,0
R05900,그 유명한 때밀이 존슨 오랫만,0
R05901,"니콜라스 홀트와 휴 그랜트의세대를 뛰어 넘은 캐미가 너무 조합이잘 된 영화이고, 벌써12년전의 영화라니깐,시간이 빠름이 느껴진다. 지금은 너무 멋지게성장한 니콜라스는 어린이시절부터 특유의 매력넘치는 연기를 하고 있구나 싶고, 요즘사람들이공감할~",1
R05902,이때에 나온영화치고 4점까지 내려갈정도는 아니다,1
R05903,불쌍하다 이런 영화,0
R05904,순수함,1
R05905,너무너무 재밌있게 본 드라마. 재방송하네요,1
R05906,나어렸을때 이영화진짜 좋아했다.저런선생님이 있었으면 하는생각.ㅋ,1
R05907,일본에서10주년 극장판만드는데 우리나라에선 10주년으로 재개봉하니이건 좀 ㅄ 아님?,0
R05908,"첨으로 만점주네요처음엔 ""이게 뭐야 ""라고 봤지만 나중엔 감탄사 밖엔 안나오네요",1
R05909,"답답함, 입체적 구사를 관객을 모은듯한 영화로서 줄거리 역시 탄탄치 않다.",0
R05910,잼나게 봤지...,1
R05911,벙어리 영화냐? !??,0
R05912,이게잼있냐?!!,0
R05913,내가 군대 취침 시간에 몰래본 몇 안되는 드라마,1
R05914,웃기지도 않고 짜증만 유발시키는 영화. 내 생의 최악이라고 단언 할 수 있다.,0
R05915,암걸린다. 손예진 주상욱 면상에 주먹을 꽂고 싶다.,0
R05916,누가 뭐래든 포켓몬스터는 최고니깐 :),1
R05917,지루해서 못봐주겠다.,0
R05918,이것이야 말로 샤브롤..뭘 알아야 영화를 보지..,1
R05919,도모토쯔요시 의외의 연기실력.........!,1
R05920,자막이있었으면 3배속으로 봤을영화지만 대사들으려고 2.5배속,0
R05921,ㅠㅠ너무 재밋음ㅠㅠ요새 이거 보는맛에 산다!!,1
R05922,지금 내옆에서 알게모르게 일어나고있는 현실. 사람답게 살고싶다.,1
R05923,스릴도있고 재미도있고 반전도있고 꿀기욤이아들까지 완전재밋엇움,1
R05924,"무거울수도 답답할 수도 있는 주제를 유쾌하게 그려내서 좋았다. 이 영화로부터 삶을 대하는 자세를 배웠다. 아빠가 아들에게 해준 말처럼, 아빠처럼은 살지마 하지만 소신을 가진 어른이 되라.",1
R05925,평점이 너무 아까움,0
R05926,마지막에 무언가 새로운 반전을 기대했는데 끝까지 지리하게 끌고가는 영화,0
R05927,괜찮았따! 비종교인임에도 불구하고 괜찮았따!!,1
R05928,초반 트럭씬은 십일년이 지나고 봐도 경악하게 하는구나 프랑스 영화의 매력을 느끼게 해준.,1
R05929,코미디로 노린거같다.. 근데 그 코미디도 노잼ㅠ 배우가 아깝다 정말로,0
R05930,"식상한 소재, 느린 전개.. 임펙트 없는 클라이막스..말이 필요없는 시간 아까운 삼류",0
R05931,으아~~~액션짱ㅜㅜ무지재밌어요,1
R05932,억지스러운 스토리의 영화를 살리기 위해 혼신의 연기를 보여준 두 배우에게 찬사를 보낸다,0
R05933,나도관대하다,1
R05934,깔끔하게 1편으로 끝났어야 했음...,0
R05935,타쿠미 화이팅!!!,0
R05936,니미 졸라 재미없음 ㅡㅡ,0
R05937,"TV에서 봤는데,, 진짜 엄청 재밌네요.. 대박 영화네.. 하하.... 후반부 내용이 그렇게 전개될 줄은 정말 예상도 못했네요.. 그리고 결말부분 너무 웃겼습니다. 진짜 끝내줬네요. 미친듯이 웃었음. 정말 영화 제목을 그대로 표현한 결말이더군요. 최고",1
R05938,월드컵을 보는 것만 같은 짜릿한 코믹영화.,1
R05939,좋아요 영화,1
R05940,이정도 평가를 받을만큼 쓰레기는 아닌듯,0
R05941,관심을 갖고 볼 수 있는 사람에겐 참 재미있는 영화..,1
R05942,진짜 정준용 명연기 너무 멋졍,1
R05943,유일하게 다시보고싶은 2000 이전 영화.조장혁 체인지 노래도 너무 좋았고 고등학생때 봤던 영화여서 정말 공감 많이 갔던 영화!!!마누라랑 꼭 다시 봐야지^^,1
R05944,주말에 친구 아이들과 함께 봤는데 재밌어 하더라구요. ㅋㅋ 노트랑 뺏지도 받아서 다들 좋아하더라구요 ~,1
R05945,요즘 상황 보고 이 영화가 생각났다.,1
R05946,울고싶을때 보고 또본다,1
R05947,미국판 낚시영화,0
R05948,성룡 이라도 나오면 봤을텐데,0
R05949,눈이 썪는다,0
R05950,완전 감동이네요..제밑애분은 너무 삭막하시다 ㅠ,1
R05951,괜찮았다... 원래 모든영화를 보든 다 재밌어하는 타입이라 .ㅋㅋ,1
R05952,최고!이제서야본게 후회될정도네요ㅠ,1
R05953,가볍지만 순수함을 그리구 그때로 돌아간듯한 느낌,1
R05954,지금 케이블에서 보고있는 내 자신이 꼬끼리만도 못함을 일깨워준 OOO중의 OOO 영화다.,0
R05955,지금도 테레비에서 하고있넹~,1
R05956,유치하지 않단 인간은 마지막에 공상과학 수준 액션신을 보고 그딴 소리가 나오는가 ㅋㅋㅋㅋ 하긴 킬빌을 이거하고 닌자어쌔신 따위에 비교하는 안목이면 알만 하다.,0
R05957,"개연성 부족하고, 내용도 연결이 안되고, 금융권 엘리트라는 것들이 하는 짓은 답답함을 넘어 멍청하기까지 하고.. 이것저것 다 차치하고 최소한 긴장감이라도 있었어야지",0
R05958,일베에서 왔습니다.,0
R05959,축쳐진 가슴과 심히불쾌하게 망가진 얼굴 볼품없이 늙어버렸다,0
R05960,조온나재애미이있어요,1
R05961,제작비 탓만 하기에는 너무 빈약한 각본. 원작을 못살린 채 이유없이 연결되는 플롯.,0
R05962,캐스팅은 화려했지만 스토리가허접,0
R05963,아이들이 보기에 잔혹한 장면들이 초반에 나와서눈살을 찌푸렸어요,0
R05964,자이언트~~허각 짱이다 실력으로봅아야쥐......각이가최고야,1
R05965,보면서 기가 찼던 영화 헛웃음이 다 나오더라 왜 이렇게 평점이 높지ㅎ..,0
R05966,이런 실험적이고 기존의 패러다임을 깨는 새로움을 제시하는 도전적인 좋은 영화가 [쓰레기]로 치부 받는 현실이 슬프다...,1
R05967,이미 영화를 만들때 부터 감독의 뇌는 좌빨화가 되었구만...,0
R05968,책대박,1
R05969,별~로,0
R05970,주성치영화라서 10점주고싶었지만...최근에본 영화중에 너무 재밌게 봤는데 너무잔인하더라구요 그래서1점뺌 삼정법사 손오공의 계기랄까..스토리도 그렇고 흥미진진 재밌었음 근데 너무 쓸데없이 잔인함,1
R05971,회를 거듭할 수록 재밌네요. 잘 보고있습니다.,1
R05972,아무나 돈만 몇푼있으면 감독질 할수있음을 증명한 영화,0
R05973,우연히 봤는데 재밌더라,1
R05974,우아 박수밖에 안나오네,1
R05975,유리 ... 순정만화 속 여주인공 같은 비교될 수 없는 청초함과 순수함은,1
R05976,짱짱짱~부모님이 무척이나 좋아하셨어욧!!,1
R05977,"요즘도 흔히 볼 수 있는 개연성부족, 어거지설정이 언제부터 시작되었는지 알 수 있다",0
R05978,감독 내가까러간다너,0
R05979,돈을 더 쏟아 부어도 이런 스토리에 이런 감독으론 역부족,0
R05980,여름바다는 찬란한데 찬란해서 더 서럽고 눈물난다.,1
R05981,우리나란이상하게 3d만들길좋아하는듯,0
R05982,범두에의하 범두만을위한 개 허접쓰레기영화 다른구단들 깎아네리는거하나는 개 오지죠 그와중에 꼴데 죷돼개까네리죠 ㅉㅉ 고의사구한다고 욕하는거봐라 개쩐다 ㅋㅋ 와 보는네네 욕이나온다,0
R05983,말이 필요없네 대박 재밌다,1
R05984,작위적인 대사와 연출과 주연배우의 연기가 쫌 그러네요..,0
R05985,전쟁에 선과 악이 어딨냐? 살아 남는게 중요할 뿐..,1
R05986,"질풍노도, 청소년들이 봐야 할 영화인데, 청소년은 관람불가",1
R05987,신데렐라 걸즈 나온다!!,1
R05988,아닌강 드립치고 소화기 가지고 우주 누비는 영화를 10점줄수없다 해치열릴 때도 오류 투성이 컴퓨터 그래픽에 익숙한 사람들한테는 명작일듯 별한개도 아까움,0
R05989,뭐 이딴영화가....극초반에만무섭고 나머진 그냥 졸뻔할때 깜짝깜짝 놀라는수준?? 한국공포는 그냥 망햇음 ㅉㅉㅉㅉ,0
R05990,짱짱 박해진 짱짱 ~~~~,1
R05991,반미감정을 부추기는 영화란 이런 것. 미국 부르주아가 주는 혐오감.,0
R05992,오래되서 잘 기억안나지만 재미있었어요,1
R05993,"그냥뭐 0점이 없으니 1점준다고나 할까,,",0
R05994,평점이 왜이렇지;;;,1
R05995,채널 CGV나 OCN에서도 방영하면 봐라. 나 괜히 보러갔음...........,0
R05996,착한 영화라고 봐주기에는 너무 성의가 없지 않은가.,0
R05997,이상한 로망만 남기고 가는. 뻥튀기요~,0
R05998,그래픽빼고는 볼게없는영화 집에서보는게 차라리났지 ㅡㅡ,0
R05999,그냥 별로였어요진짜 그냥 별로 엄청 뱔로 다신 안봐 잰장,0
R06000,ㄱㅈㄴ ㅍㄷㅇㅇ,0
R06001,39년도 영화 퀄리티가 이렇게 뛰어난 게 아직도 놀라울 따름이다. 조금 촌스럽고 유치하지만 오히려 요즘 CG범벅 투성이인 영화보다 백배 나음!,1
R06002,Dr. Dolittle 소설 보자..,1
R06003,뻔한 내용전개 반전도 예상가능뭘 한시간동안 트렁크에 갇히냐 지루하다,0
R06004,영화 드럽게 막장에 노잼이지만 웃겼으니,0
R06005,윤석화씨의 연기는 연극을 하는 것 같이 부자연스러워서 영화에?몰입하기가 어려웠어요ㅜㅜ,0
R06006,이 영화 정말 개똥 같네요,0
R06007,영상이 참 예뻐요! 가볍게 보기 좋은 것 같아요ㅋㅋ,1
R06008,"도굴범이 왜 보물을 허술하게 보관하는지, 아이들에게 정을 주는지, 설득력 없다",0
R06009,육남매 완전 재미있었는데 ㅠㅠ 6명이 제일 기억에 남아요 ㅠ,1
R06010,스토리가 좀 약한게 흠인데...흐름은 좋았다..괜찮은 영화,1
R06011,야한데 야하지 않다. 독특함을 추구했는데 왠지 지루하다.,0
R06012,도식적이고 상투적이며 식상해서 섹스하기도 전에 질려버린다.,0
R06013,내가 갖고있던 동성애의 편견을 깨준 영화. 그들도서로 사랑하는 사람들일 뿐이다.이젠 동성애자들을 봐도 그들 그대로 인정한다.사랑하는 마음은 다 같은거니까..틀린게 아니라다른것일 뿐...배우들도 참 연기 잘한다어찌 참고 해냈을까 싶다.,1
R06014,"26살 먹고, 착한 개미들이 이기는거 보고 눈물이 찔끔나다니...마이클 고마워요. 다음에는 앤츠 볼께요.",1
R06015,"자유를 느끼게 해주는 영화, 20년후 아바타라는 SF영화가 비슷한 소재를 들고 나왔지만, 구관이 명관이라는걸 새삼 느끼게 해 준다..",1
R06016,마지막에 죽은줄 알았던 미친장애아가 다시 살아나는 질질거리는 것이 완전 짜증 났다,0
R06017,알은 이 나라의 안성기와 비슷. 유명한 정도에 비해 수준 낮은 작품 단골 출연.,0
R06018,음냐. . . 8점? 아날로그라서??? 사람들이 그당시 그렇게 눈이 높은겨 낮은겨 당최몰르것네 구성이랑 퀄리티가. . . 나는 몰르겄고 명작은 아니라고 난 말할수 있어요 내눈은 동태눈이라소. . .,0
R06019,저는 그냥 폭력교사 하겠습니다.,1
R06020,샘 킴 반지좀빼고요리하지 양손어다반지 비위생,0
R06021,참 심심하다.,0
R06022,영화에 내용이 없다 정말 내가 뭘봤지? 하는 느낌 보지마세요,0
R06023,이 영화의 가장 큰 실수는 개봉을 한것이다,0
R06024,"야심도 없고, 상상력도 없으며, 목적 또한 없는 영화",0
R06025,꽤 재밌게 보았습니다.,1
R06026,진짜 재미없어,0
R06027,한방이 잘못된 한방이였음,0
R06028,인생은 놀라움들로 가득 차 있다고? 어쩐지 놀랄만큼 재미없더라니...하지만 버스 안에서 중국인들의 친절함은 약간 짠했다.,0
R06029,이때의 휘트니가 그리워지면 가끔씩 찾아보는 영화 ㅠㅠ,1
R06030,디아이 원작을 본분들한테는 비추하고 싶네요.,0
R06031,어디서 사기질이냐?! 예고편 보고서 기분 나빠지긴 첨이다! 대한민국이 들썩였던 화재의 영화? 어이가 없네. 감독이 사기꾼이구만,0
R06032,우재좋아ㅜㅜ 역시 애틋한사랑이 간절한것? 잼써ㅜㅜㅜㅜㅜㅜㅜㅜㅜ아 우재씨ㅜㅜㅜ,1
R06033,재밌게봤었음,1
R06034,특수효과 몇 개는 훌륭,0
R06035,"일단, 개인적으로 1편보다 낫다고 생각한다. 1편에서의 과도한 오락성을 배제해 추리극과 적절한 균형을 맞추었다. 원작을 안읽은 사람이라면 초반부에 자칫 지루할수있으나, 후반부의 모리와티와의 대결부분은 소름끼칠만큼 재밌어질것이다. 다시 볼만한 영화다.",1
R06036,이 영화를 본뒤 그전에 본 망한영화들이 다 잊혀졌다. 재앙같은 영화다. 앞으로 이런 망한 영화나오려면 5년은 기다려야 할것 같다. 심지어 배우도 안쓰고 가수 썼음.,0
R06037,"2014년도에 가장 재밌게 본 영화. '웃겨서' 재밌는게 아니라, 작품이 매우 재미있고 흥미로운 영화임.",1
R06038,아주 밋밋하다 못해 잠들뻔 한 영화.,0
R06039,엉성한 드라마 주연들은 죽고 조연들이 살아나다,0
R06040,사기꾼 정치인을 떠나서 이 영화는 허구 그 자체이다. 이영화 까는영화도 봐보길,0
R06041,구석구석 어설프고 특히 기술적으로 취약하지만 나름 귀엽다.,0
R06042,양조위ㅋㅋㅋㅋㅋㅋㅠ왜이런데나오셨어요.환상이팍깨지네ㅠ완전개그콘서트.,0
R06043,ㅅb진짜 ㅐ어이없네 머냐 이거는결국 주인공만 모르고 몰카인거네!!,0
R06044,배우들이 감독에게 약점이 잡혀 찍은 영화임이 틀림없다.,0
R06045,비행기 터보팬엔진 매우웃김ㅋㅋㅋㅋㅋㅋㅋㅋㅋㅋㅋㅋㅋ,1
R06046,어른들의 동화 같은 영화,0
R06047,그렇게 재미없지 않았는데 평이 최악이군요..,1
R06048,인간적으로 8점뭔가요? 어떻게 2012년에 이런영화에 8점줄수가있죠 좋고재밌는것들도 7점이 얼마나많은데.. 평점좀낮추려고 1점드립니다. 킬링타임,0
R06049,불후의 명작입니다 꼭 보세요!,0
R06050,OST와 함께 연습장면이 압권,1
R06051,세가지색 모두 지울수가 없다,1
R06052,OOO기 저질스런 영화,0
R06053,"걸작 sf, 4편의 출발에 비해 웅장함, 비주얼, 스토리 모든 것이 엄청난 발전을 이뤘다. 과연 sf 최고의 명작이라는 수식어가 아깝지 않다.",1
R06054,"안토니오 반데라스(가브리엘 마틴) 가 경찰이고, 극중 마피아 보스역과, 여자주인공이 부녀사이임. 모컨 프리먼(키스 리플리)와 마피아보스는 보물훔쳐 떠나고 안토니오 반데라스와(가브리엘 마틴) 여자주인공 나중에 다시 재회에서 사귐",0
R06055,내내 펑펑 울면서 봤습니다...,1
R06056,와..평점왜이렇게 낫지?? 난 정말 볼거리가 많아서 재밌게 봤는데..,1
R06057,만화같은 영화 !! 람보는 저리 가라다. 아니 발톱의 때만도 못하다. 현존 최강 무적~ 불사신 여전사 !!,1
R06058,완전 좋아요 역시 지성오빠 재중오빠가 있으느까 ㅎㅎ,1
R06059,장난 안까고 동네 양아치 고삐리 들한테 비디오 카메라 주고 영화 하나 찍어 오래도 이거보단 나을듯-- 이게 영화냐? 영화여?? ㅉㅉ,0
R06060,"농담아니고, 진짜 욕 쳐먹기 딱 알맞다",0
R06061,브레이브하트와 견줄만한,1
R06062,기대하지 않고 봤는데 재미있게 봤어요,1
R06063,무사안일주의가 빚어낸 참극.,0
R06064,ㅋㅋㅋ 이병헌 눈빛연기 소름돋았고 정우성 남자가 봐도 멋진놈으로 나왔는데 이 영화는 송강호가 짱인듯... 진짜 이상한 놈을 이만큼 소화할수 있는 배우가 또 있을까? 왜 그가 최고의 배우라 불리는지 알 수 있는 영화,1
R06065,전광열씨의 연기력이 뛰어났어요. 눈과 입을 비틀듯한 그 표정연기 압권이었어요 ㅋㅋㅋ,1
R06066,여자들의 성적수다 잼있어요~ㅋ,1
R06067,"게이,게이,레즈,레즈 이거 완전 병이구만 ㅡㅡ?",0
R06068,정말 최고 15년이 지나서 다시 봤는데도 최고임ㅋ,1
R06069,오열하는 모습이 인상적이다.,1
R06070,도대체 이 영화를 가족과 친구랑 보라고 하는건 무슨 생각에서 나온 말일까 친구까진 이해하겟는데 가족은 아니다. 아기들의 찰진 섹드립을 부모님과 본다니 상상만해도 민망하다. 섹드립에서 섹드립으로 끝나는 영화에서?뭘 보고 눈물을 흘리고 감동을 느낄수있지?,0
R06071,쓰레기 일본 영화. 일본은 당장 한국에서 꺼져라 이런 걸 영화라고 만들었냐?,0
R06072,자본력은 있어도 고증과 진지함은 없는 작품.,0
R06073,단순한 하나의 사건을 주인공의 의식과 감정의 흐름으로 미묘하고 잔잔하게 담아내고 있다.,1
R06074,극찬받는 이유를모르겄다. 이름값하는줄알고 1 2 둘다다운받았는데 2는더재미없고. 그냥 평타정도 흥미진진하지도않고,0
R06075,친구들이랑 같이 집에서 봤는데 재미있었어요.,1
R06076,"드라마가 찾고자 하는 주제가 마음에 듭니다. 박유천, 손현주, 최원영 등 연기자들의 연기도 좋구요.",1
R06077,유치하고 잠오고 여름에 그냥 편안하게 잠오게 만드네요,0
R06078,개노잼개노잼개노잼개노잼,0
R06079,재미있는데 ... 우리나라 영화평점수준이 진짜 낮긴낮구나 ..,1
R06080,그냥 보지마세요 발레학교 폭파미션영화,0
R06081,원작이 자꾸 생각나는 영화... 아 원작보고싶다,0
R06082,그냥 조용히 흘러갑니다,0
R06083,솔직히 모가웃기단 말인가 ...... 킬링타임도아니고 정말별로다.,0
R06084,이수혁때문에 만점드림ㅋㅋㅋㅋ,1
R06085,기술력 스토리 그렇다치고..목소리..너무하네..그냥 (동호)소녀팬을 위해 만든애니...,0
R06086,티모시달턴이 그리워지는 건 왜일까 . . .,0
R06087,"내가 당신 대신 ""보는""고통을 겪었느니라...크헉....",0
R06088,"""최악은 아직 오지 않았다""... 그래도 고생했네...",0
R06089,재밌습니다.재밌습니다.,1
R06090,"우울한 내용의 영화네요, 주변에 관심을 가지고 살자 그런 의미가 담긴 영화같네요",1
R06091,마지막에어이없네왜죽어,0
R06092,낮은점수를준분들이해안가네요...,1
R06093,흥미진진하오~,1
R06094,이딴것도 드라마라고.. 아휴,0
R06095,음악은 좋음 그러나 이 영화에서 그에 못지않게 중요한 댄스가 완전 개망함 신민아가 추는건 춤이 아니라 율동임 어쩧게 그렇게 느낌이 없을 수 있는지 원,0
R06096,위대한 탄생같은 소리하고 있네,0
R06097,정말 오랜만에 한국영화봐면서 울었다..감동적이다.꿈을 갖는다는게 정말 중요하다는 것을 다시한번 깨달을수 있었던 영화.,1
R06098,정말재밌게봤던 영화ㅎㅎㅎ5번은 넘게본듯,1
R06099,"요즘 만화도 이것보다 더 수준있게 만든다 작품성, 현실성, 완성도 뭐라도 한가지라도 그럴듯해야 그럭저럭 봐주겠지만 고생한 배우들만 불쌍하다 다음부터 작가가 누군지 꼭 확인하고 시청해야지",0
R06100,박물관이살아있다!!!역시재미있어요~!!!!추천입니다^^,1
R06101,짜증나서 채널 돌림.집밥소개한다면서 정준하랑 강호동 먹방대결로 음식갖고 장난하는것도아니고..더럽고 추잡하단생각뿐.무엇을 위한 방송인지 도무지 모르겠음.,0
R06102,영화 이름번역을 잘못해서 망한사례.배울점과 교훈도 많이주는 실질적으론 교육영화다,1
R06103,평점올리려 10점줌.진짜보다가 뭐 이런영화가 다 있어!! 신선한 충격과 개인적인 병맛영화의 원조느낌.뭐 지금은 나이들어서 이걸보게된다면 7점주겠지만..,1
R06104,아 어렵다 어려운 영화 두번봐도 이해 안됨 ㅠㅠ 책을 봐야하는건가,0
R06105,재미도 없고... 장광씨야 성우니까 당연한 캐스팅이었지만 조권은 정말 할말이없다.. 연기나 잘하면,0
R06106,뭔가 본것같은 냄새가 나던데 이거 재탕인가요? 재탕이면 공감/아니면 비공감좀여,0
R06107,남의 나라 공산화시키며 양만 학살한 인간백정 미화 영화,0
R06108,지루함의 극치다,0
R06109,최민수씨가 ㅜㅜ. .잉. . 싫어요 연기가. . 거북. .,0
R06110,나두 좀비영화 참 좋아하는데여~~~,1
R06111,꼭 노인이 아니더라도 병수발 해본 사람들은 저기분 알지. 내가 알고있던 사람이 아니게됨..,1
R06112,"훌륭하다는 말로 부족한 영화, 우리네 삶에 대해 담담하고 꾸미지 않았지만 보고나서는 왠지모르게 가슴이 따듯해 지는 영화",1
R06113,중견 연기자들과 주인공 김재원의 뛰어난 연기가 올해의 최고 -심리 스릴러 드라마의 성공을 탄생시켰다. 계속해서 이들의 혼을 불사르는 연기가 드라마의 빛을 발하게 하기를 바란다. 이제 작가의 역량만이 남았다.,1
R06114,오리지널 캐스트들의 힘. 최고,1
R06115,사람마다 다르겠죠... 요즘 고민이 많은 저에게는 정말좋은영화였습니다...,1
R06116,7년전쯤에 봤음에도 불구하고 내용이 생생하게 남아있어요,1
R06117,보는내내 짜증조온나 나게 하는영화...진짜 박해일 ㅄ쓰레기 같다...뭐냐...이게 OO...0점주고싶다...진짜 왠만하면 킬링타임용으로도 보지마라...,0
R06118,비리비리한 한국영화보다 못하네 ㅠㅠ,0
R06119,입에발린말투성이. 자살시도했을때주인공죽고그대로영화끝났으면좋은작품이었을텐데,0
R06120,영국은어떻게든좋게포장하려고기를쓰더니. 역시나영국영화네,0
R06121,친일파색히들은 목을따버려야돼,0
R06122,정말 아름다운 영화.. 늦게나마 이 영화를 본게 다행.,1
R06123,내평점난 이영화가 뭔말하는지 하나도 모르겟어..누가 해설좀....네이버 리뷰하나보고 뭔가좀 알것같기도하지만 그래도 영화보면서 이해가안돼니 재미가 없음...,0
R06124,"어렸을때 영화관에서 재밌게봤던 기억에 티비돌리다가 다시봐봤는데 오광록인가? ""마짱한번뜨자""이대사보고 바로끔 좋은기억으로남는게좋았을걸...",0
R06125,"큐.클럭스.클랜.(K.K.K)훼밀리마트.돈주고본 당신은,봉,포인트로 보기도 아까운 졸작",0
R06126,동생이 보자 해서 봤는데 내가보기에는 조금 유치햇으나더빙이 조금 실감났음 개인적으로.그러나 추천은하고싶지 않음,0
R06127,나쁘지는 않은데 뭔가 허전한.. 그래도 잘 봤음,1
R06128,제작비가 워낙 없었나봐요 ㅠ 3류 수준 같았어요.. 특히 자동차안의 씬은..우뢰메 수준.. 다리찢는 액션장면은 코미디 하는줄 알았어요 ㅠㅠ,0
R06129,사랑 영화 중 꼭 권할 만한 영화!,1
R06130,장난하나--반전같은거 있을 줄 알고 끝까지 다 봤는데 진짜 아오..시간아까워,0
R06131,B급 냄새 물씬 탈출 영화라기보단 액션영화.,0
R06132,정신병자처럼 웃다보면 턱관절 탈구된다.무차별 폭소 바이러스 무비,1
R06133,특별한 감수성. 새로운 느낌,1
R06134,재밌을 거 같아욤. 이런 프랑스 코미디 은근 좋음. ㅎㅎ,1
R06135,진짜 진짜 다시 보고 싶다......,1
R06136,난 엘사보다 라푼젤이 훨신 좋아!,1
R06137,미~~츠케타~~!!멘마쨩ㅋㅋ,1
R06138,수녀복 걸친 정선경이 김민종이랑.. 으!,0
R06139,아흔살이 넘은 거장의 이토록 놀라운 연출이란!,1
R06140,기대안하고보면 정말 재밌다. 박희순이 대박,1
R06141,내인생 베스트5 안에 드는 영화..,1
R06142,OOO 영화네 ㅋㅋㅋㅋㅋ 주인공을 중국이나 한국인으로 바꾸고 일본군을 독일군으로 바꿨으면 유태인인 스필버그는 아마 뒷목잡고 누웠을거다 ㅋㅋㅋㅋㅋㅋㅋㅋ 지들 당한건 억울해서 쉰들러 리스트처럼 표현하고 다른 민족이 당한건 알바 아니라는건가???,0
R06143,무슨내용을 전달하고자 하는지 모르겠습니다,0
R06144,1개도 아까운 영화. 대학에서 뭘 배운건지... 페이크다큐인지 도대체 알수 없는 영화. 종편방송에서 하는 다큐가 훨씬 재밌고 감동적이다 . 영화는 앞으로 그만 찍길 ...,0
R06145,우와 진심..대박!!!,1
R06146,훼이크다큐는 더이상 내게 아무런 감흥도 주지 못한다,0
R06147,"진짜 최고!!!세상에서 가장 통쾌한 복수, 가장 빛나는 배우!!!",1
R06148,임청하 백발마녀전이 워낙에 명작이라 볼생각조차안나네요,0
R06149,평이 이렇게 좋아??? 세트허접 남주연기허접 영화 두루두루허접... 말레나를 더볼껄,0
R06150,꼭 !!!! 봐야한다!!!!,1
R06151,OO도 가지가지...,0
R06152,이거 방영할때가 초등학생일때였는데 결말보고 완전빡친...,1
R06153,진짜 거짓말 안하고 수십번은 봤던 만화영화 지금다시봐도 재밌죠,1
R06154,"열심히는 했다....결과는 그렇게 간다고? 장난도 아니고, 이 무슨...",0
R06155,리메이크작보다 더 머리속에 안남는 원작,0
R06156,쟁쟁한 스타들이 출였했었지,1
R06157,일본영화는 이래서 싫다 ㅡㅡ 너무 단순해 허무해 감동이 오질않아 조제도,0
R06158,엄청재미있습니다.!!,1
R06159,넘잼있음,1
R06160,솔직히 앞에는 좀비가 무서워서 재미있었는데 후반부로 갈수록 개연성 똥망 ㅡㅡ 왜 극과 극으로 평이갈렸는지 알겠더만 기대보다 훨씬 떨어짐,0
R06161,이런건 보고 보고 또 봐야됨,1
R06162,한국 최초심야상영한 영화? 그때 무서운 장면 기다리다 잤다..,0
R06163,불쌍해서............ 10점줌,1
R06164,이건 정말 아니라고 단호히 말할 수 있다,0
R06165,자기 혼자만 겁나 진지해..,0
R06166,예고편에 속아서 본 영화,0
R06167,사이먼 정말 대단했어요 그리고 사이먼친구조 정말멋져요 ~~~,1
R06168,어렷을때 엄마랑 극장가서 본 영화.. 방금 ebs에서 해줘서 다시보는데 옛날생각나고 좋았다,1
R06169,아 장국영도 멋있고 왕조현은...말이필요없고 ㅠㅠ 여신님 얼른 2도 봐야겠다,1
R06170,하도오래전에 극장에서 봤지만 그때느낌은...,0
R06171,왜이리 평점이 높지 ??,0
R06172,1점도아까운 영화이다!정말 무슨 방향성과 무엇을 보여주고자 하는지 의도를 모르겠다,0
R06173,믿는다..^_^..,1
R06174,매력없는 스토리들,0
R06175,정말 이도라에몽 스탠바이미는 절대 잊지못할영화인것같다ㅠㅠ 정말감동....,1
R06176,와우~~~~엄청난영화입니바,1
R06177,시리즈 보고 다시보니 훨씬 재미있었죠,1
R06178,딱4점,0
R06179,엄청잼있겟당 (근대더빙이면좋겟는듯),1
R06180,똥망영화 ;;...각본연출 다엉망,0
R06181,영성한 줄거리의 스타마케팅,0
R06182,소재가 스케이트보드가 맞는거냐??이정도로 허접할줄이야...,0
R06183,너무너무 감동적인 영화입니다. 눈물이 나네요 ㅠ,1
R06184,너무별루,0
R06185,말이 필요 없다. 보고 나면 왜 별점이 10인지 알게 된다.,1
R06186,린제이로한넘이쁘고매력적이다ㅠ허나높은점수는못주겠다;;,0
R06187,음 솔직히 이건 아냐팬심으로도 못 보것다,0
R06188,완전 재미 .... ^^,1
R06189,일빠들은 어쩔수가 없네. 아무리 그래도 신세계에 비교를 해? ㅋㅋㅋ,0
R06190,초반 롤러브레이드 추격씬 빼고는 볼거리 없음,0
R06191,오종이 말하는 사랑이란...,1
R06192,"뭐지, 이 돈쳐바름과 어처구니없는 내용과 엉성함과 어색한 연기와 더빙 그리고 오글거림은? 눈에 익은 사람들 있다고 섣불리 시도하지 마세요. 그들 모두가 당신에게 실망감을 줄 겁니다. ㅋㅋ",0
R06193,흠... 쿠주리!!꾸주릐!!,0
R06194,작가도 감독도 연기 모두 아쉽다,0
R06195,예전 다이노소어란 애니메이션의 딱 절반수준,0
R06196,"관객들 모두가 중간에, 또 결말을 보며 어이없어서 웃던영화..",0
R06197,편집은 조금 엉성했지만.. 영상과 음악이 말도 안되게 멋진 영화!!,1
R06198,너무 허망한 영화네요..,0
R06199,무능력하다고 느껴질때 위로받을수 있는 영화!,1
R06200,"시사로 봤는데, 애들이 좋아했어요 ㅎㅎ 오늘 개봉이니, 극장가서 보시는거 추천해요~",1
R06201,와 진심 재밌다 왜 이걸 지금보는지모르겠네 아니 걍 너무재밌음 진짜 후회안함,1
R06202,내가 본 공포영화 중에서 제일 재미 없었다누나한테 맞는 장면에서 좀 놀랬지만 ㅋ,0
R06203,정말로 공감하는 현실적인 문제를 다룬 영화였습니다.,1
R06204,조인성 덕에 장사 됐던 조폭 영화. 유하의 거품.,0
R06205,굉장히 재밌게 봤음 예전에 보고 최근에 봤는데도 재밌다,1
R06206,이런 영화 너무 좋음...,1
R06207,팬들이나 좋아할 영화 그 증거로 성별 평점,0
R06208,가족의 의미를 되새겨보게되는 새로운 내용의 가족드라마...재미있게 보고있어요~!^^,1
R06209,보편적인 소재를 지루하지 않게 풀어낸다,1
R06210,유치한 SF액션물. 셀마 블레어만 기억에 남음. 전편보다 더 재미없음.,0
R06211,진실함과 순서함을 느낄 수 있는 영화,1
R06212,신서방은 이제안나오는건가요? 장인어른이너무재밌으셨는데...오늘안나오시니 섭섭하네요그리고 오늘 정성호씨나오셨는데 정성호씨는 장모님께 좀 잘하셔야할듯... 보고있음 왠지 열받음!,1
R06213,30분짜리 만화로도 써먹지 못할 막장 각본과 유딩한테나 먹힐듯한 썰렁한 유머,0
R06214,왜이렇게 지루할까나.,0
R06215,오리지널 멤버들의 액션 본능이 폭발한다!,0
R06216,영화를 재미없게 만드는 아주 특별한 법칙.,0
R06217,몰입도 굳... 반전도 ㅎㄷㄷ하고 결말도 맘에 듬니콜키드먼은 이런역할에 딱인것 같다,1
R06218,이게뭐냨ㅋㅋㅋㅋㅋㅋㅋㅋㅋㅋㅋㅋㅋㅋ이런영화도있슴?,0
R06219,다크나이트 재밌습니다 꼭보세요!!!조커찡 싸랑해묘,1
R06220,시시한 귀신 이야기,0
R06221,정말재밌게봤다! 굿~,1
R06222,내가 본 영화중에서 ㅡ 재미있는 영화인듯..,1
R06223,너무 유치했어요....,0
R06224,분위기 때문에 무슨 걸작인냥 다들 후하게 점수주는데.. 착각들 하지 말라고.,0
R06225,병맛두 이정도면 예술이다,1
R06226,실소와 함께 따뜻한 미소를 지을수 있는 작품,1
R06227,스토리는 좋은데 개연성이 너무 부족.. 그래도 스토리와 남는 교훈으로 10점 만점에 9점!,1
R06228,마지막 장면을 어찌 잊으랴.,1
R06229,로그인 할 수 밖에 없게 만드는 영화 내 생애 첫 평점,1
R06230,유치하지만 이런 영화가 좋다...,1
R06231,"예수쟁이 찬양,노노",0
R06232,잭에프론형은 닥 10점,1
R06233,갑자기 이야기가 삼천포 판타지로 빠진다,0
R06234,심하게 조용한 영화... 대사가 별로 없네..,0
R06235,어휴 성우는 대체 무슨죄를지엇길레 애들한테도 밀리냐,0
R06236,초롱언니가 나와서 봤는데 짱 재밌다초롱초롱한 동안여신 박초롱 화이팅♥♥,1
R06237,캬 이거 진짜 잘만든 학교명작이지ㅋㅋ,1
R06238,TV상영종료후 1년뒤에 극장판이 나올정도의 초 대작.TV편의 설정오류 수정과 새로운 씬 추가가 주된 볼거리. 마마마는 어른들을 위한 애니이다.※우측의 리뷰를 보고 애들과 함께 볼려고 한 분들에게는 절대로 애들에게 보여줄 작품이 아니라고 강력히 주장한다,1
R06239,2d 애니메이션을 영화로 만든 느낌,0
R06240,전형적인 형사물,0
R06241,구혜선이 달리보이는...,1
R06242,입장하니 왠 비버 새ㅋ1들이...깜짝,0
R06243,진짜 미친거 같은 영화... 재미없음,0
R06244,"뭐?? ""안녕하소~1박!아이코여긴거기가아니군요..."" ㅅㅂ OO",0
R06245,진지한 첩보물인줄 알았더만...,0
R06246,영상과 음악이 매우 아름다운데 비해 속은 텅 빈 느낌. 그리고 야수 비주얼이 너무 유치해서 몰입이 안되기도 하고;;; 여러 모로 많이 아쉬운 영화.,0
R06247,아이들과 유럽여행 준비중인데 도움이 되었습니다.,1
R06248,별즈기도아까운 영화네,0
R06249,크리스마스빨리 다가오면 조켓다ㅎ,1
R06250,베스트오브베스트~넘 멋찐검술영화다!,1
R06251,시간아깝다..보지마라..,0
R06252,별반개도아꿉 예고보니또납치감금 이틀에한번꼴은납치 에혀~ 어이없어웃음이빵~ㅋㅋㅋㅋ 내가써도이거보단잘쓰겠다 어케작가가된건지의문의문 ㅋㅋㅋ,0
R06253,슈퍼주니어를 영화관에서 보는데도 노래 너무 좋고 아우라가 느껴지네요;; 슈퍼주니어 화이팅이에용~,0
R06254,왜 아마겟돈 이름을 붙이냐 한국 배급사 이 자슥들,0
R06255,ㅋㅋㅋㅋㅋㅋㅋㅋㅋㅋㅋㅋㅋㅋㅋㅋㅋㅋㅋㅋㅋㅋㅋㅋㅋㅋㅋㅋㅋㅋㅋㅋㅋ 눈에 후까시!,0
R06256,명작은 시대가 지나서도 명작이다. 당시에 잘만든 영화라고 포장하는 것은 핑계일 뿐.. 늑대소년과 같은 감성에 조금 더 잘 포장한 영화. 스토리는 병맛,0
R06257,"단지, 뮤지컬.",0
R06258,더파이브 보고 김선아 출연작 보다가 오랜만에 생각 나서 . 발목이 엄마 연기 너무 좋았음,1
R06259,아름다운 영화였습니다.,1
R06260,시간이 아깝다....,0
R06261,가슴한켠이 따스해지는 영화...,1
R06262,최고의 영화,1
R06263,예지원은 벗기만 하는 헤픈 여자역 전문 배우다.,0
R06264,억지스럽고 뻔한 이야기의 유치한 오락물,0
R06265,두 사람이 시선을 주고 받는 장면이 인상적이네요.,1
R06266,"다 좋다. 단순, 간결하고 오버, 과장하는면도 좋다. 2편 나오길 기대한다,.",1
R06267,감사합니다. 하나님!!,1
R06268,보지마라 시간아깝다. 그래픽은 최고 ... 게임이나 하세요,0
R06269,"끝까지 너무 좋았던 영화, 소재하나하나 놓치지 않았고, 많은 이야기들이 잘 어울려 마무리까지 잔잔한 감동을 주었다. 또 이런 애니메이션이 과연 한국에서 나올까..기대해본다.",1
R06270,걍 건조해서 노잼인데 보는내내 쓸쓸하고 적막하고 고독하고 외롭고 그런게 넘 느껴진다,0
R06271,완전 재미있는 ...이거 꼭보시는 게 좋음,1
R06272,포스터와비슷한장면 전혀 안나오고 로봇도..그냥cg돋네..로봇의침공은무슨...얼어죽을,0
R06273,경도당하다.,1
R06274,Good! 귀엽고 사랑스러운 영화,1
R06275,열글자를넘겨야된다고?,0
R06276,완전재밋어용ㅋㅋㅋ,1
R06277,이영활 아침 10시에해주길래 우연히 티비틀다보게됐는데 여자애가 어딘가낯이 익긴한데 설마 밀라요보비치겠어?했는데 역시나 밀라였다니 모델로 데뷔한줄 알았는데 영화토박이였구나....너무이뻐서 밀라는 아닌줄 알았는데 너무너무이쁘다밀라...근데 남자주인공변태ㅜ,0
R06278,이건 평점 7.5에서 8.5가 적당한 선인데 9점이 넘어서 1점준다.,0
R06279,왜 0점은 없는 걸까? 가치를 매길 수가 없다.,0
R06280,공중파에서 방영해주길레 봤는데 솔직히 말하면 tv 전기세가 아까웠다!!,0
R06281,대중성과는 거리먼 영화제 출품용 .,0
R06282,리즈의 매력만으로는 영화를 살리기에 부족했다,0
R06283,새벽 3시 30까지 안자고 봄. 진짜 쵝오!!!!!!!!!!!!!!,1
R06284,엉성한 영화,0
R06285,최고 입니다. 켈리후 넘 이쁘다 ㅜㅜ,1
R06286,1억 5천만불을 바다에 쏟아부은 꼴,0
R06287,정신나간 국뽕 자위질 쓰레기 영화,0
R06288,영화 분위기도 그렇고 하나하나 틈 잡을데 없이 너무 예쁘다.다보고 난뒤 마음속에 여운이남는 그런 영화다.,1
R06289,헐리웃에서 사지절단하면 추앙받고 한국에서 사지절단하면 욕먹고.ㅋㅋ 잘돌아간다.,0
R06290,어후....드럽게 재미없네....시간아까워....,0
R06291,폭력이 아니라 지능적인 복수. 그냥 고어로 전락한 다른 복수물들과는 다르다.,1
R06292,처음에 코미딘줄 알고봤는데 가면 갈수록 소름;; 제임스 맥어보이 연기력이 정말..,1
R06293,영화내용 자체 보다는 [데니스로드맨] 출연의 [유명세] 마케팅에만 치중한듯.,0
R06294,"미친짓,비극이다. 하지만 이것이 전쟁의 실체이고, 역사이다",1
R06295,지겹고 뻔하고 이제 더 보고 싶지도 않다,0
R06296,잘봤습니다.또이런영화나왔으면 좋겟네요,1
R06297,우윀,0
R06298,영화관가서 보고 처음으로 후회한 영화..,0
R06299,영화 존나 난해하네....,0
R06300,음~~~다우니향기^^,1
R06301,진짜 상상력이 기발하고 교훈이따뜻한 최고의영화!,1
R06302,처음부터 끝까지 집중해서 봤네요,1
R06303,1점도 정말 아까운 영화~~ 쑤~레~기~ ㅋ,0
R06304,재미있다. 마음은 착잡하다.,1
R06305,시간 아깝습니다 보지마세요 우리의 2시간은 소중하니까요,0
R06306,아 이거 진짜 재밌었는뎋 ㅋㅋ,1
R06307,정말 이영화는 뭐가 주제인지도 파악하기 힘든거같다능.. 애들이 보라고만든거마즘?,0
R06308,"화려한 배우들 모아놓고 액션도 좋고 스토리도 좋앗고 눈이 즐거웟다,,한국판 오션스일레븐?",1
R06309,재미나게 잘보고있어요^^따뜻한드라마라 참좋으네요^^♥♥응원할게용~~^^,1
R06310,봐도봐도 새로운 개인소장 해도 보고 싶다,1
R06311,2편보고 1편 보셈 재밌음,1
R06312,남자판 꽃보다남자 엄청 잘생기지 않은 이상 복학생은 저럴일 없다.,0
R06313,"세간의 평이 좋길래, 기대했더니만;이건 그냥 막장불륜스토리일뿐...",0
R06314,재미있는 애니메이션!,1
R06315,괴물로 변질된 역사,0
R06316,너무 재밌게 잘봤네요. 어른들에게도 재밌는 영화입니다,1
R06317,재방송도 보았구...본방도 보았어요...짱!!!,1
R06318,촬영기법을 좀 독특하게 하려다 편집이 삼천포로 빠져버렸음 ㅎ,0
R06319,내용 추리 다 되는 뻔한 스토리.. 정말 돈아까워 미치겠다!,0
R06320,납치까지..허허 원 갈수록 가관인거 같습니다 막이란 말이 이리가슴에 왼 닿을줄이야,0
R06321,갈수록 드러나는 어이없는 상황들,0
R06322,묻지도 따지지도말고봐 봐야함인간의본성을 나같아도그랫을거같애,1
R06323,"10년 전에 만들어진 작품, 허나 무라카미 류잖아.",1
R06324,감동보단 웃음에 치중했으면....,0
R06325,이 드라마 제목은 연개소문인가? 수양제인가? 청년시절 연개소문은 안나오고 수나라 얘기만 주구장창 나오고. 또 연개소문은 김유신집에 왜간거? 김유신 동생이랑 러브라인으로 그릴라면 좀 전개라도 있던가. 의미없는 러브라인에 개연성없는 전개 완전 쓰레기 사극,0
R06326,하루종일 비오는 날처럼 무겁고 어두우면서도 진지하고 아름답다.,1
R06327,굳이 의미를 찾고 싶지 않은.. 의미 없는 영화..,0
R06328,이야...한국 영화에 길이남을 역사적인 작품이다. 많은 사람들이 이 영화에 대해 알았으면 좋겠다.,0
R06329,"돈과 시간이 아깝다...ㅜ,ㅜ 여주인공이 타블로 닮았어요",0
R06330,우리가 사는 인생을 꾸밈없이 영화에 담아놓았습니다.,1
R06331,어느 한 곳에서도 빈 틈을 찾을 수 없는 촘촘한 걸작,1
R06332,"하아,,, 지루하다, 너무 장황하게 설명하려다 이상한 영화가 되버림,,,",0
R06333,합당한 복수라고 해서 재밌을거란 의미는 아니다 ㅡㅡ,0
R06334,난 이런 판타지류 재밋던데ㅋㅋ 평점이 너무 낮군요,1
R06335,영화를 잘 모르는사람인데.... 고문당하는줄알았,0
R06336,대다수 성의없는 애니메이션중의 하나.,0
R06337,이건 무조건 10점!! 퓨처라마처럼 풍자와 19금 개그 통틀어서 이렇게 재미있는 시리즈는 없을 듯. 그나마 대안이 심슨인데. 퓨처라마는 완결이 났기 때문에.. 아무튼 10점,1
R06338,똘끼가 아닌 액션으로 승부를 거는데..,0
R06339,terribly boring and unacceptable situations ...,0
R06340,언제나.. 공포 스러운.. 할로윈..,1
R06341,원작에 미원을 치다.,0
R06342,재미있어요굿굿굿귯귯,1
R06343,"분명 10점짜리 영화는 아니지만 한시도 눈을뗄수없는 긴장감과 훈훈한 결말이 보는 내내 재미있었다. 개연성 등의 문제로 대작은 될 수 없지만 가족,친구끼리 재미있게 볼수있는 꿀영화",1
R06344,훌륭한 배우들이지만 좀 지루하구먼..당시 정우성땜에 화제는 됐었지..,0
R06345,해피 엔딩으로 해주지ㅜㅜㅜㅜㅜㅜㅜ 무언가를 생각해보게 하는 잔잔한 영화,1
R06346,다보고... 뭐.. 뭐지??,0
R06347,초콜렛주면 되죠 ?,1
R06348,더 외로워 지는 영화군.,0
R06349,서동요 너무 재밌어요... 서동공이랑 선화공주도 너무 좋구...,1
R06350,은지야 커브란... 이런게 커브란다...ㅋㅋㅋ,1
R06351,"환경을 위해서라도 소,돼지는 적게먹는 편이..안먹거나..",1
R06352,일단 스토리가 좋은데 줄거리나 결말을 쉽게 예측하기 어렵다.여러번 봐야 이해되는 영화.재미는 있었다.,1
R06353,저런 사람이 mc라니...,0
R06354,사실 재밌지는 않다. 하지만 몰랐던 사실을 알게해준다.,1
R06355,무섭지않은 공포,1
R06356,나예고편보면서 눈물났다 하지만 풀로 봤을때실망할걸 대비해서 9점준다,1
R06357,옛영화 오랜만에 봤지만 의미있고 잘 만든 영화 같다..여자로서 참 공감가는내용..,1
R06358,그래서 뭘 말하려는 건지 모르겟다 글구 12세관람가까지는 아닌듯,0
R06359,"쫌 별로 , . , . , . , . , .",0
R06360,일종의 블랙코메디성 영화인데 감독이 흥행은 전혀 고려하지 않고 만든듯..,0
R06361,여친이 무슬림이고 IS가 판치는 바람에 요즘 다시 무슬림에 대한 안 좋은 편견들이 돌고 있는 시점이라 그런가 더 와닿고 더 감동적이고 그런 영화,1
R06362,그동안 넘 잘봤었는데시즌 언제 시작할지..일요일이 외로워요ㅠㅠ,1
R06363,어떻게 이따위 고등학생이 할법할 연기하는 배우가 주연이지? 영화가 도저히 공감이안돼,0
R06364,이유없음과정없음설득력없음BGM도없ㅋ음ㅋ감독맘대로 만든것같은 불친절한영화,0
R06365,해리포터는 언제봐도♥,1
R06366,명작 중 명작이지... OST 는 정말 명곡이지... 마이클잭슨의 Will you be there... 지금 들어도 눈물이 주르륵..,1
R06367,한쪽의견만을 듣고 만든 어쩌구니 없는 선동영화이다. 사실을 기초한다는 명목으로 정치적인 색을 보이고 냄새를 풍기는 하찮은 삼류영화이다. 나는 법학을 전공한 사람이긴 하지만 이건 일반시민이 보기에도 너무 편향적이라는것을 쉽게 알수잇다. 너무 좌선향적이다,0
R06368,아~~~ 여러분들 꼭보세요.,1
R06369,이와 비슷한 한국영화들의 장면들을 이곳에서 모두만날수있습니다,1
R06370,베스트 사극! 한효주 짱 ♥,1
R06371,이런3류구닥다리 같은 영화가 2008년에찍은거라니 ㅋㅋ 이건진짜 죽도밥도아닌영화 ㅋ,0
R06372,더빙좀 전문성우좀 쓰자 그냥 집중이안됨...,0
R06373,딱 7초동안만 재밌더군 - 자동차질주와 총질뿐,0
R06374,훈훈하고 즐겁고 벅찼다. 오버하지 않아서 더 멋있게 느껴진 영화. 뭐라 말로 표현할 수가 없네..;,1
R06375,아무리 내용없는 야한 영화라지만 이딴 발연기는 첨본다 ㅡㅡ;;;,0
R06376,"페넬로페크루즈아름다운것만알겠다.사랑에대한깊은통찰없,경험없으면실망할영화",0
R06377,인간이 어떻게 살아야 하는지 생각을 한번 해보게끔 만든 영화였다. 재미도 있고,1
R06378,영화 전반에 흐르는 아련함이 마음을 흔든다...................,1
R06379,진정한 사랑을 알려주는 마음을 울리는 영화!!!,1
R06380,정말 좋은영화네요'!,1
R06381,천재적인 연출실력:) 딱 내스타일. 우리나라 사람들은 싫어할 스타일 영화.,1
R06382,내가 바로 원하던 거야!!!,1
R06383,최고의 영화!,1
R06384,저 역시 재평가 받아야 할 작품이라고 생각,1
R06385,오늘 동키호테 봤는데 진짜재미있어욜~!,1
R06386,"웬만해선 평점을 남기지 않습니다만, 대한민국 스릴러 영화 중 최고입니다.",1
R06387,이야기를 풀어나가는 과정에 설득력이 없다. 아오이유우가 맡은 역할이 비호감일 수도 있구나 알았다. 케익은 맛있어보여요.,0
R06388,이토록 악랄하고 사랑스러운 악녀는 없었다!!,1
R06389,극장에서 본 최초의 영화..그때의 흥분과 공포감이란...,1
R06390,33년만에이런쓰레기를..이렇게x같은영화 1200원주고봤네요.시간.돈OO한 제자신을자책하면서앞으론평점을더심오하게봐야겠습니다.,0
R06391,형만한 아우는 없다,0
R06392,웨슬리도 시걸이나 반담처럼 b급배우가 되는건가.....,0
R06393,전설이라 쓰고 레전드라 부른다.,1
R06394,다른건 모르겠고 연기 정말 못한다......스텔론 형 못지 않은데???,0
R06395,뭐야 대중을 공감시켜야지 감독지혼자만 공감하냐,0
R06396,소박한 뜨거움,1
R06397,야 불 좀 켜라;;,0
R06398,쯧쯧쭛.. 개못한듬 ㅉ,0
R06399,아저씨 참 맘에드네 대사 한마디한마디 ㅋㅋ 잘만든거 같아 이영화,1
R06400,원작과는 많이 다르다.,0
R06401,ㅋ 난 교양없고 무식해서 점수 내린댜~~~~~~,0
R06402,?점수 왜 이리 높지다운 받아서 봤는데도 진짜 돈 아깝고 ㅡㅡ화만......,0
R06403,겉멋만 부린 영화로군.,0
R06404,최고의드라마다.. 양동근 그는 최고의 배우,1
R06405,세상이 나를 파멸로 몰아가려 해도...,1
R06406,내목숨은 언제까지일까?,1
R06407,만화끼리 싸움붙이지 마라 ㅡ_ㅡ;;,0
R06408,틀과 형식에 밖힌 식상한 유머와 연기.,0
R06409,역시 역사는 잔인하다.,1
R06410,쓰레기같은영화임~한마디로-먼 이런영화가있노--감독도쓰레기~출연진들이쁘먼ㅇ머하노--각본이쓰레기고--감독이저질인데~!!,0
R06411,올밴이 한번씩 터트려주는 재미가 있었는데..아쉽다...무릎팍 잘되길...,0
R06412,"어쩔 수 없는 조직 문화를 탓해야 하는가, 그것을 선택한 그 사람을 탓해야 하는가",1
R06413,이런 웰매이드 영화가 누적 관객수 17000명..,1
R06414,이영화보고 눈이 퉁퉁 부었네요.얼마나 눈물을 흘렀던지.요즘 애들 이런영화 좀 봐라,1
R06415,존잼!꾸르잼! 20대 남자라면 꼭 한번 봐야될 영화. 한서진 웃을때 존예.. 심쿵당했다. ㅠㅠ,1
R06416,후반부에 펑펑 울었다ㅠㅠ,1
R06417,'용감한 녀석들'?? ㄴㄴ지들이 하면 로맨스 남이하면 불륜이라는 '졸렬한 녀석들',0
R06418,멋있었다.,1
R06419,님들아다시볼수있는곳을아시다면ghdvy1200으로메일좀보내주세요,1
R06420,솔직히아이유연기쫌그럼 왠지드림하이의김필숙을보는것같음이제연기자들이까메오했씀,0
R06421,사무엘 잭슨과 도미닉 쿠퍼의 명연기! 긴장감도 있고 재밌게 봤어요!,1
R06422,봉투는 낙태한거 서류라 숨긴거고 크리스마스때 낙태수술한디 그새끼는 다른여자랑 논거고 끝에 몽마애기 나온거겠지. 고양이는 귀신본다는게 일본기본정서니 죽기전에 튄거지머.,0
R06423,이영화 가위 중국판으로 리메이크한거란 말 왜 안하셨나요???,0
R06424,다른건 의미없고 소피 마르소의 아름다움을 감상하는 영화,0
R06425,10분 이상 견디면 당신은 수도승!,0
R06426,뚫어야 산다,0
R06427,어렸을때 영화보면서 저 쥐 가지고싶단 생각만했었다-_ -ㅋㅋ,1
R06428,무슨말이 필요하겠는가,1
R06429,극장가서 봣는데 졸뻔햇음 기대많이햇는데 좀거품인듯싶다,0
R06430,영화보는내내 아 이걸 왜 이제서야 봤을까하는생각.정말 멋집니다.8년전 영화라니ㄷㄷ,1
R06431,전쟁에 관한 두번째 그의 영화. 승리자의 모습도 패배자의 모습도 아닌 현실 그대로를 적나라하게 보여주는 거 같다.,1
R06432,뭐이런 배우빨 영화 진짜 핵노잼,0
R06433,폭풍저그 콩진호가 간다!,0
R06434,미션임파서블 전편 다 본 사람인데 이번편은 정말 임팩트없고 그냥그런..멍때리면서 본 듯 하네요...그나마 여배우 이뻐서 4점,0
R06435,그냥봐라,1
R06436,떳구나~,1
R06437,"처음 개봉했을때 극장에서 봤는데... 그어떤 좀비영화, 공포영화보다 무서웠음! 안보신분 새벽에 불끄고 꼭 혼자 보세요~ 진짜 농담아니고 지림..",1
R06438,0점주기가 없다는게 아쉽다. 1점도 너무 후한점수인듯. 일반고교 방송부에서 고딩들이 만든 독립영화보다도 완성도 떨어짐. 갑자기 그냥 평범남이 영매가 된것에서 빵터짐. 스토리 자체가 이렇게까지 엉성할 수도 있구나. 초등학교 3학년짜리가쓴소설이 더 잼남,0
R06439,ㅎㅎ잭진짜잘생김.ㅎㅎ나도 더빙한거 절대안보는 주의인데...이건 더빙판 좋더라ㅎㅎ 이제훈 목소리도 훈훈하구ㅎㅎ유해진진짜좋음ㅎㅋㅋㅎ겨울왕국보다 더 낫다. 노래만좋지..캐릭터며 효과도 너무 좋다ㅜㅜ,1
R06440,액션보단 가족애가 주제인 영화. 한국배급사들은 언제 정신차릴지.,1
R06441,여주인공 진짜 예쁜것같아요,1
R06442,그냥 그럴싸한 영화가 되버린...,0
R06443,곽지민이랑 김민준이 너무 아깝다. 연기는 진짜 좋은데 뭐임,0
R06444,빅뱅♥♥,1
R06445,"나는 감동보다 여운이라는것을 받았다 감동은 깊지않았지만, 여운은 길었다 이한마디로 이영화를 대신할수 있는것같다 하지만 감탄할정도로 여운이 길진 못했다",1
R06446,상담히 흥미있고 재미있는작품 린제이로한연기도 볼만합니다.,1
R06447,쓰레기같은영화. 별점주기도 아깝다 진짜 노잼,0
R06448,"과거를 반성할줄 모르는 일본이란,밥을 거부하고,똥을먹는,똥개와 조금도 다를바없다.",0
R06449,오랜만에 다시 봤는데 정말 재미있다.,1
R06450,데뷔작인가요. 10점 드립니다. 수고하셨어요.,1
R06451,시작부터가 맘에 안드네요,0
R06452,역겨우면서 미워할수없는 악동들ㅋㅋ미치것다 기즈모 ㅜㅜ,1
R06453,아무리 옛날영화라고 하더라도 이거 보고 재밌다는 사람이 있었을까? 무의미한 스토리. 정말 재미없다. 미리라는 여자는 예쁘다,0
R06454,스토리는 없고 그냥 죄다 쏴부시는 폭력물...,0
R06455,이런 분위기의 영화는 당분가 나오기 힘들듯,1
R06456,<나이트 플라이트>에 이어 두번째다. 장르가 로맨스에서 공포로 바뀌는 영화가.,1
R06457,30년대 고전임을 감안해야...,1
R06458,아오 진짜 재밌다 성룡급 액션이다,1
R06459,앤드류 데이비스감독-토미 리 존스 콤비를 더 주목해야할 나름 수작,1
R06460,알바들이 날뛰네 절대 보지 말것,0
R06461,하여튼 일본...ㅡㅡ,1
R06462,주연배우들의연기와스토리의구성이잘어울려서몰입도있게봣네요 꽤나여운이남는영화에요,1
R06463,"사랑, 우정, 뉴욕 그리고 스미스♥",1
R06464,아쉽게 묻혀버린 한국형 서스펜스 스릴러,1
R06465,우리가 매일 먹는 고기에 대해서 생각하게 해주었습니다. 고맙습니다. 주변인들에게 꼭 한번 보라고 추천하고 싶습니다.,1
R06466,저는 이영화 학교에서 보여줬는데 중간에못봐서아쉬움,1
R06467,신선한 하이틴 로맨스 드라마!,1
R06468,카라가 이뻐서 10ㅈㅁ준다 ㅎㅎ,1
R06469,선동영화....미국판 두개의문,0
R06470,제삶에도 에릭과 같은 친구가 있으면... 너무나 행복할것 같습니다.,1
R06471,오우삼.....참 추억돋네....당신이 있어 행복했다.,1
R06472,내가만들어도 이거보다잘만들겟슴,0
R06473,스릴러물 인지.. 크리쳐물인지.. 단순 슬래셔물인지.. 도대체 장르가 뭔지 모르겠음.,0
R06474,저도 위조직 어이없이 떼였죠 정상인데,1
R06475,솔까 좀 별로다.....,0
R06476,7광구보단 낫지만 김하늘 연기력 빼고는 볼게 없었던 영화 그야말로 기초도 없고 치밀함도 없는 그냥 그런 영화,0
R06477,얼마전 독립영화 10분보다 백배 나은 영화인데 평점이 너무 낮아 10점 만점 드립니다.,1
R06478,2001년 뉴밀레니엄시대 한국영화의 수준을 1980년도까지 끌고 내려간 영화.. 그냥 그들끼리 심각한게 더웃긴 블랙코미디.ㅋㅋ 마지막 결투신은 무한도전보다 웃기다 ㅋㅋ,0
R06479,"1,2편 다 재미없다",0
R06480,너무 재밌네요ㅎㅎ꾸준히 본방사수중입니다~ 구미모역 효민양!언제나 파이팅입니다!~,1
R06481,재미있고 볼만합니다.그리고 무엇보다 스턴트맨들의 노력이 가상하십니다. 수고하셨습니다.,1
R06482,남의 시선을 의식하지않고 무언가에 열정을 쏟는것은 창피한일이 아니다,1
R06483,미국식 영웅주의. 전형적인 할리우드식 영화. 게다가 여주인공은 민폐 스타일. 진정 감정에만 호소하는 이런 영화가 좋단 말인가?,0
R06484,말이 필요없는 몇안되는 대작.,1
R06485,재밌는 영화예요. 마지막 결말보고 찬바람이 쏴~~~아...,1
R06486,소재는 좋았는데 내용은 흥미롭지 않다,0
R06487,이게 영화라고....참나 3류 에로영화보다 못한 쓰레기 영화,0
R06488,이 지구에서 가장 영향력있는 배우는 이소룡 아닐까? 그리고 그를 그렇게 만들어준 작품중 하나가 정무문이지,1
R06489,추천 추천,1
R06490,일본=또라이 어디 이런 게 한두개여야지ㅡㅡ,0
R06491,이런 소박함이 나는 참 좋다..,1
R06492,예고편만 몇번을 봐도 이건 진짜....노답. 제발 전문성우 씁시다,0
R06493,전 별로였어요... 억지스러운 것 같기도하고 뭔가 의미를 부여하다가 만 것 같은 느낌도 들고ㅠㅠ 자연스럽게 몰입하기엔 좀 어려웠어요.,0
R06494,제이슨 스타뎀에게 먼가 어울리는 역할이었다 ㅋㅋㅋㅋ 수도승 키퍼 클라스 ㅋㅋㅋㅋ,1
R06495,좋은 원작도 겉멋이 과하면 이렇게 된다.,0
R06496,시리즈 중 젤 재미없다고 생각,0
R06497,평점보고 빵터진건 처음임,0
R06498,도레미파솔라시도에 비하면 이건 명작임 송승헌 일진역할 진짜 잘어울린다 다시봐돜ㅋㅋ욕지꺼리랑 침뱉는겤ㅋㅋ,1
R06499,"진짜 OOO기다,,,,, 0.5점도 아깝다 ㅅㅂ",0
R06500,제발 시즌2야 나와라 무한감동 무한재미 입니다 ㅠ_ㅠ!!!,1
R06501,대단하다.. 물론 원작에는 못미쳤지만 그 거대한분량과내용을 2시간도 안되는 시간으로 만들어낼수있다니 영화도 훌륭하지만 원작자체가 너무훌륭하고 많은내용과 의미를 내포하고있어서 다풀어내기에는 확실히 역부족이었겠지그래도 출연배우들 다나와서 정말 아련했다,1
R06502,알바 OUT! 평점조작 OUT!,0
R06503,이민기는 도대체 무슨빽이 있길래 나오는 영화마다 다말아먹고 얼굴도 그닥 연기도 그닥인데 계속 주연급으로 나오는지 진심 미스테리다,0
R06504,종두연기잘했는데여-.-한번봤을땐이해안갔는데 이해하고나니까 정말명작한국느와르!,1
R06505,"병헌이 형아를 밀어내고,한번만이라도,먹고 싶다...우리 민정이...(웃음)",1
R06506,호텔킹 참 드라마지만 너무 비현실적이네요..컨시어즈 말단 직원이 아무도 없는 객실에 룸서비스를 가지않나..아가씨가 신입사원으로 가장해서 총지배인 방에 들어가질않나.. 억지스럽네요..도 호텔 관련해서 현실적인 모습이 거의 없네요..,0
R06507,니따마따 뽠딴!!! ㅋㅋㅋ 개중태~!!!,1
R06508,이해하고 못하고의 문제가 아니다 그냥 재미없다 그냥 재미가 너무 없다,0
R06509,지금 봐도 상당히 재밌는 영화,1
R06510,주인공 소방관이 아니라 형사 브루스 윌리스가 화끈하게 싸워줬어야 스토리도 살고 재미도 살았을텐데.. 저격씬까진 볼만하다가 점점 병맛이 되가는 영화. 윌리스 형아는 우정출연 수준,0
R06511,토목은 4대강이 아니라 이런데나 하는거다 명박씨 필견,1
R06512,아 새벽 4시44분까지 이영화를 보려고 밤샌게 한심스럽다,0
R06513,복잡하고 난해하다.. 난이해가 안되 ㅋㅋㅋㅋㅋㅋ,0
R06514,돈 없다는 핑계는 말자. 상상력의 부재. 약수터는 평소 좀 가보셨는지. 각본이 참...,0
R06515,"중간중간 나오는 시가 좋았고, 기네스펠트로가 예뻤던 영화..",0
R06516,미친 영화다. 날 미치게 만드는.,1
R06517,"스와핑은 아니고 진실 / 진심이란 이름으로 바람펴본 이들의, 잘못된 아름다움의 공감",1
R06518,제대로 병맛이다ㅋㅋ 우울할때보면 기분전환댈듯ㅋ,1
R06519,송지효! 연기 잘하네요~~~,1
R06520,혹시 메인ost 제목 아시는분 없나요,1
R06521,남주 이광수 40대 모습,0
R06522,기성세대의 향수가 녹아있는 따뜻한 영화 비쭉비쭉 웃음이 새어나오게 만든다,1
R06523,그냥 김윤진 연기 잘하는거 빼곤 그냥 쓰레기.........막장.....감독이 무슨 생각으로 만든영화인지...ㅋㅋㅋㅋㅋㅋㅋㅋㅋ그냥 삼류 쓰레기,0
R06524,솔직히 tv 전기세가 아까웠다!!!,0
R06525,왜 평점이 이렇게 낮은지 알겠다. 배우좋고 신선한 소재 좋았다. 그런데 이건 내용이 갈수록 산으로 가.. 현실적인 걸 떠나서 말이 안되더라도 자극적이고 화끈한 액션만 보여주려하지말고 스토리에 신경을 더 썻어야지.. 정신없는 액션씬에 골때리는 결말,0
R06526,로,0
R06527,아 모야~,0
R06528,역시 원피스는 짱이지 ㅇㅋ,1
R06529,후유증이 남는다 근데 나는 어린시절에 저런 사랑이 없어서 공감은 못하겠지만 어렴풋이 그 느낌만은 알겠어,1
R06530,와 0점 줄 수 있으면 주고 싶을 정도이다....더빙 꺼져라,0
R06531,쓰레기 평점알바씁니다 보지마세요,0
R06532,어렸을 적에 봤을때는 꽤나 임팩트 강하게 봤는데..지금 다시 보니 게으르고 나약하고 생활력 없는 젊은이의 사회를 향한 한풀이 정도로 느껴지는 듯.,0
R06533,아 미치겠네.. 최근 본 중국영화중에 최악의 시나리오다.. CG는 발로했네,0
R06534,??사무라이픽션?이영화는 사무라이영화가 아닌 닌자영환데...,0
R06535,솔찍히 이것만한 대작이없지,1
R06536,"이해할수 없지만, 이해하고싶은 story. 특히나 영화 이후의 결말에 대해서는 더이상 유추하고싶지 않은...지금이 좋다.",1
R06537,실화를 바탕으로 만들었고 좋은 퀄리티를 갖춘 영화인데 평점이 어찌 한국 조폭 형사따위 나오는 영화들보다 평점이 낮단 말인가?,1
R06538,지성케릭터가 너무애매하지안았냐?,0
R06539,애니메이션이라 평점 등록할 정도일줄은 몰랐다 진짜 내가 이걸 쓰고 있다니ㅋ 여자가 오토바이타고 가는데 누구나 요리할 수 있다 이거 보고 멈춰있는데 무슨 영화의 한장면인줄ㅋ 마지막은 막 벅차오르더라 눈물날뻔함 라따뚜이 맛까지 궁금해질 지경이다 또보고싶다,1
R06540,시사회 다녀왔는데! 시간이 후다닥 지나갔어요! 많은걸 생각하게 만든 영화인거 같습니다!,1
R06541,감독이 이토준지 안티다.공포를 코믹으로 만드는 대단한 재주를 가지고 있는 섹휘,0
R06542,블레이드 시리즈는 2편만 보면 될 거 같다. 액션과 내용전개 다 훌륭하다.,1
R06543,재밌어요 재미있네요 재밌어요,1
R06544,끝나기까 마음이 아프다,1
R06545,뭐가 퍼펙트하다는 것인지...,0
R06546,재밌어요. 잘 봤습니다.,1
R06547,슈렉히!!!!!!!!!!!!!!!!!!!!!!,0
R06548,지구를 살립시다..,1
R06549,노출기대하고보는사람들아다른거봐,0
R06550,다시한번쯤생각하게만들어준영화,1
R06551,정말 거짓말 하나도 안보태고 제가 봤던 영화중에서 제일 재미 없었습니다.,0
R06552,재미있었습니다! 워낙 어린아이들이 많이봐서 시끄럽긴했지만요...ㅎ,1
R06553,전개는 좋은데 마무리가 너무 급하다. 수작이 될 수 있었는데 평작으로 종결,0
R06554,'양육권 분쟁중인 딸을 위해..'라는 동기는 이제 그만 좀..,0
R06555,조용히 개봉했으나 조용히 물러나는 영화,0
R06556,결혼한 입장에서 생각해보면 공감이 가는 내용도 있었지만 그게 아닌 사람은 과연 공감할 수 있을까 라는 생각도 드는 영화기대하고 봐서 살짝 지루했던 영화,0
R06557,황정민 클라스.. 이때부터 알아봤다. 그리고 엄정화와의 케미는 환상적이다.,1
R06558,흉측하다 그냥 뇌에서부터 흉측하다고 느껴진다 예술? 나원참...,0
R06559,두개는 줄려고 했는데 알바가 많아서. 아후 볼거없어서 채널 돌려도 다시 다른데로 돌리게만드는구나,0
R06560,잡다한모든영화가섞여있다..,0
R06561,"siwon <3최대 한글 140자까지 가능하며, 스포일러는 삭제될 수 있습니다.",1
R06562,감탄에 감탄... 스티브카렐의 연기는 잊지 못할거 같다.,1
R06563,그들이 표현하고자하는 그시대의 상황과 젊은이들의 꿈. 명작이다.,1
R06564,연기 정말 못한다.... 오래된 인력거에 반에 반에 반도 못따라온다... 이성규감독 마지막 작품 너무 아쉽네 ㅜㅜ 뭐 이러냐 연기때문에 다 말아먹엇다. 다큐맨터리 연출은 뛰어나지만... 영화연출은 정말 아니다 케스팅도 아니고,0
R06565,중딩때 극장서 재밌게 봤는데 넘 예전이라 하나도 기억이 안나네,0
R06566,"평점이 낮아서 왠만하면 올려줄려고 했지만 이건 아니다. ㅡ,.ㅡ;;",0
R06567,"감수성이 풍부한 탓도 있겠지만, 둘의 케미와 잔잔함, 감동스러운 내용과 여러 점 때문에 눈물이 흘렀던 영화.",1
R06568,배우들은 참 좋았는데... 연기들이;;; 송중기나온대서 억지로 1~7회 꾸역꾸역보다가 포기했네요.. 결말도이상함..;,0
R06569,시사회로 봤었는데 지금껏 본 영화중 망설임 없이 최악... 배우들 연기 오글거리는 건 둘째치고 감독 연출력 대박입니다. 뚝뚝 끊기고 연관성 없고 내용없는 삼류 영화.... 홍수아씨와 한수아씨가 열심히 옷갈아입고 예쁜척하다가 끝나는 영화.. 대-박,0
R06570,영화가 청각장애라는 것을 느끼는 것은 마지막 1분이었다,1
R06571,지진희씨가 연기를 이래 못했나 ㅡㅡ;; 반전도 설마설마했는데..,0
R06572,흥미있는영화,1
R06573,평가는 극단적이지만 재미있게 본 사람들도 있다,1
R06574,보고 난 뒤에는 멍했는데 잊혀지지 않는 영화네요- 여행이 고파져요 흑흑,1
R06575,별 반개도 아까움 거의 쓰래기 수준,0
R06576,이정재의 울부짓는 마지막 공연장면 그리고 클라이막스를 달리는 Last Present ost 감성을 자극하는 바이올린과 피아노 선율은 영화를 본지 10년이 지났음에도 눈물샘을 자극한다,1
R06577,우리 아버지가 영화보고 개x발이고 했다,0
R06578,"스크린밖으로 뛰쳐나올듯한 손병호의 악역연기에 비해 두 주연배우는 발성부터 꽝, 초짜티 물씬 풍기는 감독의 연출력도 단점,",0
R06579,그냥~ 지겹고~ 따분한 영화,0
R06580,도대체 이런 쓰레기 영화에 10개주는 인간들은 비디오 수입사??,0
R06581,이야 재밌는데. ㅋ 마지막엔 놀랐네.,1
R06582,"은유적이면서도 사실적인......., 다시 보기 힘들어 아쉬운.......",1
R06583,개꿀잼ㅋㅋㅋ매력적인 반디젤,1
R06584,괜찮던데...,1
R06585,저예산 b급영화인데 오멘에는 못따라간다,0
R06586,무서워하는 내친구를 한심하게 쳐다봤던 영화,0
R06587,죽입니다,1
R06588,판빙빙은 이쁘다는거 하나만 빼고는 걍 쓰레기 영화,0
R06589,본 시간이 아까워 이악물고 끝까지 본 영화,0
R06590,B1A4오빠들~ 어느멋진날 진짜 잘보고 있어요ㅎㅎ여행하면서 찍는거라 그런지 오빠들의 새로운 모습들도 보이고 멤버들끼리 잘 지내는 모습이 정말 보기 좋아요^^ 무엇보다 안전하게 잘 다녀와서 다행이에요. 앞으로 남은 SOLO DAY활동도 잘 마치길바라요♥,1
R06591,흐르는 눈물을 닦으며 미소 짓게 만든다...,1
R06592,"미션임파서블이 4편까지 나왔지만 여전히 1편이 최고, 5편이 나와도 1편이 최고일것이다",1
R06593,그녀만 용서 할수있는 그녀의 아픔.전도연만이 할수 있는 연기,1
R06594,"패트와 매트 생각도 나고, 캐릭터들 특히 체브라시카 귀엽워요. 사촌동생이랑 봤는데 영화관에서 이런 클레이 애니 보니까 색다르네요!",1
R06595,사람의 목숨은 누구나 소중하다.. 목숨걸고 일하는 구조대원분들께 감사함.,1
R06596,일본 군국주의 영화도 아닌데 평점너무하네 반전영화로 이정도면 최상급임,1
R06597,신하균믿고봤는데 신하균밖에볼게없넹..김희선 연기너무못하고 대사도 내용도 너무유치하고...신하균연기가그나마 그 유치한 대사와 내용들을 커버해주는데 딱 그거뿐임 아역들나오는부분이랑 김희선나오기전까지 재밌다 초반에 음악이랑 영상미때문에 기대하면서봤는데참..,0
R06598,이 점수는 순수 다큐에 주는 점수다.. 요즘 세훈이 하는 짓 보면 전혀 어울리지않는다,1
R06599,"이런거 이제 질리지도 않냐,ㅡ,ㅡ,ㅡ",0
R06600,1탄에 비해 매우 유치하고 졸작...,0
R06601,처음엔 욕하면서 봤고.tj나올때부터 살짝 웃으면서 봤고리암니슨 전화통화할때 짜릿했다.몰입도가 장난 아님..,1
R06602,가슴 따뜻해지는 명작..,0
R06603,주제에 대한 진지함도 없고 재난의 처절함도 현실감도 없다.,0
R06604,"이거이거, 왜곡이 너무 심하다?",0
R06605,"아.......진짜 이준기 일지매랑 진심 비교된다......진짜 재미없어.....연기도 못하고,,,스토리도 잼없고....",0
R06606,군대에서 DVD로 보여줄때 뭔 듣보잡인줄 알고 보다가 전역하고 다시 찾아본 영화.... 이 영화로 폴워커를 알게됐는데... 삼가고인의 명복을 빕니다.,1
R06607,미국장병들의 희생을 폄하한 감성팔이 선동영화,0
R06608,기억에 대한 그리움 묻어나는영화,1
R06609,제미없다ㅠㅠ,1
R06610,모든 대사가 명언이 되었던 영화 !!해마다 이영화를 보며 내 나이의 흐름과 생각을 느낀다 .,1
R06611,정말 재밋다ㅎㅎㅎ귀엽다,1
R06612,넘 재미었다~힝 또보고싶어...ㅋ,1
R06613,튼튼한 각본을 살리지 못한 그때의 기술력을 원망할뿐,0
R06614,마지막에 가스폭발하고 유리창 깨지면서 덥치는 장면 압권...,1
R06615,이거 몇년전에 봣는데 신선한충격이었음..진짜 무서웠어요 군대있을때봤는데 다보고나서 화장실못갔음 진심.. 아~~~임~~~갓~~~~~~~~,1
R06616,20점이라도 아깝지 않은 작품이다,1
R06617,특별히 많이 부족한 면이 보이진 않지만 전박적으로 조금씩 부족하다,0
R06618,진짜짱ㅎㅎㅎㅎ최고의명작임 마틸다랑 선생님너무이쁨,1
R06619,우정에 대한 남자의 관점과 여자의 관념을 디비는척...결론은 자본주의 팔비틀기,1
R06620,기대않고 봤는데 그 이상입니다.,1
R06621,이거 진심 재미없음 영상미는 트랜스포머수준인데 스토리는 이리로 갔다 저리로 갔다 여자주인공은 이리저리 끌려다니고 시간 버리고 싶으면 보는게 좋을듯,0
R06622,밑에랑 같으므로 10점,1
R06623,지루함 없이 전개되는 스토리 덕분에 시간 가는줄 모르고 푹 빠져서 보고 왔다,1
R06624,마지막 총을 쏘며 웃는 줄리아로버츠의 모습은 정말 잊혀지지 않는다,1
R06625,만화원작 일본영화는 죄다 망인듯. 하....실사배우들이 만화흉내내니까 진짜 이질감 느껴진다. 나의 귀여운 오른쪽이도....뭔 아저씨 목소리? 헐....,0
R06626,일상적인 내용을 가족적으로 따뜻하게 풀어낸 명품 드라마!! 장금이 안부럽다~,1
R06627,우리가 흔히들 부르는 쓰레기라는 영화가 이런것이다.,0
R06628,재밌어요 그냥 보고만 있으면 2시간 후딱여자들은 공감 많이할듯,1
R06629,하하하....뭐라 말해야되냐?! ;;;;,0
R06630,예전에 참 재밌게 본 영화 ..장동건을 좋아해서 봤지만 항상 스토리는 항상 특이하게 빠져들게되는 영활 고집하는 장동건 재밌습니다,1
R06631,와우~ 곱배기이~~~ 이히~~~,1
R06632,다들 연기가 대박이네요 ㅎㅎ 보면서 계속 끄떡끄덕 ㅎㅎ,1
R06633,넘 감동 ㅜㅜㅜㅜ근데 어째 야수가 왕자보다 잘생겨보임 ㅋㅋ,1
R06634,Smmms,1
R06635,재밌고 여운도 남는 영화가 평점이 왜이래,1
R06636,평범하게 살아가는게 인생이다. 핑민 하오~,1
R06637,대체 어디가 수작이라는 거지... 몰입도 안되고 알포인트의 반의 반의 반의 반의 반정도 되는 영화가...,0
R06638,혼자감당하지마세요 마음을 울리는대사,1
R06639,"드라마 그 이상의 심리묘사, 대단한 작품",1
R06640,약간의 부족함이 느껴졌지만 ost와 더불어서 각 배우들의 모습이 감동을 주었습니다,1
R06641,23세때 왕조현의 미모 이외엔 호평 포인트 전혀 없음,0
R06642,주말을즐겁게해줫던드라마엿어요ㅠㅜ이제주말에뭐하지...ㅜ,1
R06643,미안.. 보다 껐어.. 호평이 넘 많아서 힘들게 구했는데..브랜든리유작이라던데..미안...,0
R06644,감명깊게 봤습니다 최고.,1
R06645,러셀 살짝 멋있을뻔 했다.평작에 그쳤다.폴 감독 이벤트 호라이즌이 최고.,0
R06646,초장에 왠 할망구가 나레이션하는줄 알았는데 왠 여자애네 목소리 짜증나서 바로삭제,0
R06647,매우 지루하다. 사건의 재구성식으로 인물에 따라 씬을 나눈 것이 그나마 지루할 때쯤 환기시키는 효과는 있지만 그걸론 역부족.,0
R06648,감독 숀 레비와 그의 팀은 마틴의 매력을 낭비하고 있다,0
R06649,내가8살떄 본건데 또보고싶다,1
R06650,내머리속의지우갸보다 재밋고슾픈영화,1
R06651,공포영화 가리지않고 다보는 자칭 호러광인데 이건 정말 아니다. 킬링타임용도 안되는 쓰레기영화,0
R06652,초3때 극장에서 본 뮤츠 ㅋㅋ 짱 좋다 ㅋㅋ,1
R06653,너무 일상적인 스토리,0
R06654,돈은 넘치는데 머리는 없는 중국 영화의 현실.,0
R06655,걍 그럼 ㅡ,0
R06656,눈물이난다,0
R06657,어려운영화다 뭔가 의미있는 말들이 많이 오간것같은데 잘 이해를 하지못했음ㅋ 스토리전개도 지루했고 개봉전부터 많이 기대했었는데 보고나니 별로였다,0
R06658,도둑질이나쁘다는건 보여준 억지감동스토리네요.한우맛있어보이더군여,0
R06659,10년 전 건데 지금봐도 재밌네...우마서먼 이땐 정말 이뻣구나! 비너스역 뷰티풀~!,1
R06660,스트레스를 해소하는 데에는 이보다 좋은 영화가 없다. 경찰? 법? 도덕? 다 잊어버리고 볼 수 있는 영화다. 이 영화 각본을 쓴 사람은 천재임이 틀림없다. 권선징악의 틀을 벗어나 인간의 원초적 파괴본능을 자극하는 명작영화다.,1
R06661,원작을 망친 대표적 사례.재능이 없으면 감독을 맡지 말든가,0
R06662,알바들 판치는거 보니 뽀로로 인제 끝물이구나. 장난하냐 30분짜리 영화를 극장에 올리니? 반성해라 뽀로로제작사 및 배급사. 배불렀구나 진짜 반성해라 진짜 반성해라,0
R06663,구혜선 넘 잘했으.. 잼나게 잘봄.. 너무 이쁘더구만..,1
R06664,화끈한걸 원하면 야동을 보라. 어설픈 3류 시간잡아먹는 영화,0
R06665,진짜 재미있고 cctv영상등으로만 연출하니 더 진짜같음,1
R06666,"더도어와 비슷한 영화.. 단 과거의 자신을 죽여도 현재 살아남을 수 있다는 설정이 억지... 서바이벌 게임도 아니고,, 하긴 특이한 설정으 한 거 같긴 함.. 그래도 차라리 과거의 자신을 죽였을 때 현재의 자신도 죽는 결말로 만들었다면 나았을듯",0
R06667,정말생각도 못했는데 스토리 출연진 너무 멋졌네요,1
R06668,오빠들사랑해요!!오래보자비스트♥,1
R06669,내용도 연기도 둘 다 개쩖,1
R06670,성자도 사람 . 한번쯤 노년에 외로움 생각하게됨,1
R06671,카톡하면서 보는정도의 최하수준영화,0
R06672,보다가 숨막혀 죽는줄 알았다,0
R06673,실화가 주는 사회적 메세지를 잘 보여준 영화.. 어떻게든 이겨내야하며 자살이 한 방법일순 없다.. 찾아보면 길이 있고 희망은 있다. 비슷한 시기의 청소년들이 보면 좋은 교감이 될듯..,1
R06674,거품처럼부풀렸을뿐 로맨틱코미디영화의매력은하나도없다.,0
R06675,작품성이고 뭐고 그냥 심심할때 즐기려고 다시보는용으로 추천. 웃기기는 더럽게 웃김ㅋ!ㅋㅋㅋ!ㅋㅋㅋ!ㅋㅋ,1
R06676,끝나지 않는 그들의 노래. 두리반에 얽힌 이야기를 몰라도 어렵거나 불편하지 않게 볼 수 있는 영화입니다.,1
R06677,이거 너무 보고싶은데.. 상영하는지 몰랐어요 ㅠㅠ 이제 상영하는곳이 없네요..,1
R06678,재밋음 대박ㅋ육성재입덕드라마임ㅋㅋㅋ,1
R06679,"썸머의 입장이 백번 이해됐음. 초반부터 다가간것도 썸머, 톰 취미에 관심가져주고 맞춰준것도 썸머다. 이외에도 자잘한거 많음ㅠ 톰이 단지 좋아한다는 마음하나만 가지고 무슨노력을했지...수동적인 태도가 썸머를 확신없게 만든다. 인연도 노력이없음 말짱꽝!",1
R06680,너무 유쾌하고 감동도 있는 로맨틱한 영화~^^,1
R06681,짐 91회 시청중인데 드라마 해도해도 너무하네요 장난하는것도 아니고 천륜두고 시청자 우롱하는것도 아니고 만들질 말든지 이건 궁금하게 만든게 아니라 사람 데리고 장난하는 느낌이 들게 만드네요 100회가 끝이라니 천만다행이네요,0
R06682,다시 볼방법없나요??,1
R06683,좋아요,1
R06684,그저웃지요. ㅋㅋ,0
R06685,최고의드라마,1
R06686,박신양의 연기력은 따라올자가 없는듯.,1
R06687,"엔간하면 재밌게 보는데.,..",0
R06688,트로트연인은 말아먹었는데 이건 잘 만들었네요 -_-;;;,1
R06689,믿을 수 없을 정도로 기발하게 영화형식을 파괴 하는 방법 에 대한 고찰,1
R06690,소리질려서 껐다.,0
R06691,다시봤는데도 재밌다 ㅎ,1
R06692,도무지 공감할 수 없는 캐릭터들의 생쇼,0
R06693,진짜 별로다. 짜증연발 마리엄 인가 그 여자 딸 금마좀 그냥 죽여삐지 마리엄 땜에 더 짜증나네,0
R06694,너무재밋고 배우들이연기를 너무 감칠나게해요 어떤사극보다도 재밌네요 유치하지도않고 일일사극이라 매일볼수있어서너무좋은데 시청률이 생각보다안나와서 제가다속상합니다ㅜㅜ,1
R06695,예전에 본거지만 내겐 미국코미디 영화 중 최고다 재미있는 요소가 많음,1
R06696,대작 명작 걸작 수작,1
R06697,내가 나온 부산기계공업고등학교에서 찍은영화라 마음에 더 다가온다,1
R06698,아직도아련한드라마정말재미있네요,1
R06699,다시 보고 싶어요! 진심으로...추억의 드라마~,1
R06700,"학창시절까지 올라가는 원죄의 탐구.. 근친 타부를 탐닉한 대가로 사랑이 파멸당해던 과거때문에, 오늘 하루 대충 수습하며 살던 오대수의 시공간을 지배해서라도 똑같이 느끼도록 복수하려는 우진의 엿듣는 귀를 잊을수 없다.. 대수의 혀만큼..",1
R06701,소름;;; 애니로만 따지자면 내 인생에서의 최고의 작품이다,1
R06702,이걸보고 배터지게 웃었다니 가능한일인가? 영화는나쁘지않았지만 평점이 너무높아서 1점,0
R06703,정서상 맞지 않는 내용이지만...머 영화니까!연기자들은 모두 훌륭하네요.,1
R06704,2000년도판과 비교되네요 유다연출이 너무 맛없고 지져스도 왜이리 공감과 정감이 안가는지.,0
R06705,짱재밋다 이거로인해 연정훈 넘조타ㅠ 휴 ㅠㅠ,1
R06706,재미있었어요!!!!!!!!!!!!!!!!,1
R06707,옛날에는 봐줄만했는데. 지금은 게스트나 쳐불라서 유치하게 딱지왕 왜계인 그딴거나 쳐하네 내가 유치해서 딴채널로 돌린다,0
R06708,9살 소녀의 지독하게 아픈 성장담을 아름답게 그린 잔혹동화,1
R06709,정말 빙하가 도시로 날아와 박히는 장면은 최고였습니다. 마치 신문에서 막 스크랩해놓은 종이쪼가리가 빙글빙글 돌다가 내려놓은것 마냥 정말 실감나더군요. 아마 90년대 파워레인저의 격투장명을 보시는게 더 나으실겁니다.,0
R06710,여러번 봤지만 볼 때마다 괜찮은 영화.,1
R06711,불륜영화 ㅡㅡ,0
R06712,연기도훌륭하고연출도좋다,1
R06713,가슴 따뜻해지는 영화 후반부로 갈수록 점점 미소를 짓게 되었다,1
R06714,"문소리의 연기, 촬영이 정말 좋았다!",1
R06715,정말 최고였다,1
R06716,초딩은 보지마라.이런놈들치고중고딩넘는놈들본적없다.지들이세상을알면얼마나안다고,0
R06717,"진짜 개 지루하다""""재미없음",0
R06718,오늘 영화보고 왔는데 애들이 좋아하네요~,1
R06719,이런영환줄알았으면 진작볼껄... 간만에 집중해서 본 영화..,1
R06720,솔직히 6점대의 영화는 아니다. 7~8점정도?평점 맞추기 위해 10점준다.,1
R06721,두리뭉실.. 좋은 게 좋다지만.. 볼 게 없다.,0
R06722,내가 이걸 왜 이제봤을까..,1
R06723,진짜진짜 보다보다 이렇게지겨운만화첨입니다딸램보여주려갔더만헉포스터사기입니다포스터색감이라도되면좋으려만시커한바다 우울한 대사더빙엉망임이렇게재미없을수있나요극장서 중간 애들이졸리다고난리ㅡㅡ,0
R06724,나탈리 포트만의 신들린 연기력,1
R06725,진짜 봐도봐도 질리지 않는다..,1
R06726,별점 하나주기도 아까운 영화... 마동석님이 아까울뿐입니다.. 왜 출연하셨나요,0
R06727,좋다....!,1
R06728,"다시는 보고 싶지 않다, 캐릭터들 성격도 너무 이상하고...안내상이랑 윤유선 성격을 너무 이상하게 잡음",0
R06729,"선생님이 틀어주셔서 봤는데 스매져,헌트리 넘멋있다능 특히 스매져 잡혀갔을때 ㅠㅠ",1
R06730,정말 잘 만든 영화...,1
R06731,보다가 끈 목록 중 하나.,0
R06732,평점이 너무 박하다. 잘 만든 영화다. 평점 최소한 7점이상이다.,1
R06733,신민아때문에 준다,0
R06734,예고편 진짜 잘만들었네ㅋㅋ,0
R06735,억지 짜집기 스토리 구성,0
R06736,포스터보면 정말 재밌을줄 알았습니다. 뭡니까 이게...,0
R06737,적어도 나에겐 마음을 따뜻하게 해준 감동적인 영화였다.,1
R06738,ㅋㅋㅋㅋ와....평점믿고 봤다가 개낚였다 재미도없고 감동도없고ㅋ대체 주인공외에 다른내용은 왜있는거지?나만 보면서도 뭔내용인지모르는건가 ...이걸보느니 광고를보는게 차라리 낫것다 말그대로 존나잼없는영화,0
R06739,아 이거 어릴때 누나랑 영화관에서 겁나재밋게봣었는데 ㅋㅋㅋㅋㅋㅋㅋㅋㅋ,1
R06740,약간야하긴하지만재밌어요!!!우와한녀화이팅♥,1
R06741,출연배우들 모두 연기력이 너무 엉성해서 끝까지 보기가 힘듬.그리고 연출과편집은 정말 독립영화 수준인듯 싶다.,0
R06742,너무 재미 있네요 ^0^,0
R06743,재밌는데...굿.,1
R06744,이런 영화 왜 만들었을까?,0
R06745,다시 봐도 좋은 영화..안성기 최고의 연기~처음 봤을땐 눈물이 났었는데.,1
R06746,내가 대학을 다녔던 90년대에 상영했던 영화를 그때는 영화음악이 참좋다고만 생각했는데 20년이 흐른뒤 네이버 영화보기로 보니 감동적이었다.,1
R06747,예상보다 평점이 낮아 놀랐다,1
R06748,김갑수 1점 손예진 1점 더 이상은 줄 수 없다..,0
R06749,내인생가장쓰레기영화,0
R06750,쥐가 고양이를 잡아먹는 모습을 그린 작품,0
R06751,좀 지루하구 뻔한 스토리어서....,0
R06752,이 배우들로 이런 영화라니... 감독은 이딴 시나리오와 이딴 연출로 연기하게 하는거 미안하지도 않은거냐;;? 그보다 부장님이 이런 캐릭이었던가;; 아호미야한테 아호가 옮은듯...,0
R06753,"오늘 봤는데 진짜 잼있구, 슬퍼... 내 인생의 최고의 영화★",1
R06754,별 하나도 아깝다....,0
R06755,가슴으로 웃을 수 있는 영화,1
R06756,걸레처럼 사는게 감동적이고 아름다운 사랑? 사랑타령 그만 해라 그냥 섹스하고 싶은거지 무슨 사랑이냐. 요즘 같이 문란한 시대에 진실한 사랑은 없다. 이 세상은 주지육림의 시대. 섹스를 사랑이란 단어로 감히 포장하지마라. 사랑이란 단어에 대한 모욕이다.,0
R06757,쿨하고 유쾌하다,1
R06758,경제용어가 너무 많이 나와서 처음엔 잼있다가 나중에는 머리아픔..ㅠㅠ,1
R06759,쉴틈없는 화끈한 액션과 긴장감 있는 스릴러를 보여준다. 지루할 틈이 없고 배경이 한정적인 곳이어서 몰입도가 좋다. 괴물이 다소 징그러웠지만 타격감을 높이기에 안성맞춤이었다. FPS를 실제 하듯 총 쏘는 장면이 일품이었다.,1
R06760,"20번을 봐도 질리지 않는 영화, 존말코비치의 러시아인 연기는 최고!",1
R06761,저목소리를 듣는순간 우린 수면해버린다!,0
R06762,계속 보게되네요 이정도면 십점,1
R06763,박성광 발음 너무 부정확하고 입애서 맴도는 웅얼거리는소리남. 신보라는 그냥 국어책읽는듯;;; 더빙 좀 제대로 하시던지 아니면 그냥 애니메이션에 손 떼세요,0
R06764,희대의 명작 ㅠㅠ ㅠ 절대 후회하지 않는 영화,1
R06765,스트레스없이 볼만한 예쁜드라마 앞으로 더 흥미진진해 질것 같음,1
R06766,역시 명작이다.. 몰입도와 마무리 전부 훌륭...,1
R06767,범인아.. 오글거린다진짜.. 감독아.. 이 영화는 흠이 왜이리 많니..,0
R06768,나오코 같은귀신이많았으면 나았을뻔.. 솔직히 웃기지도않았음,0
R06769,영화사에서 최고의 엔딩 씬이 아닐까.. 웃기면서 마지막에 울리는 감동...,1
R06770,"무섭지도 않고, 재미도 없고, 그렇다고 소재나 연출이 신선한 것도 아니고... 마지막까지 참 별로였던 영화...",0
R06771,12년전 영화라니...ㅋㅋ 믿고보는 류승범. 이쁜 임은경. 정말 재밌게 봤습니다 ㅋㅋ,1
R06772,아침드라마는 꼭 이래야 하나요 상식적으로 이해가 안가는 내용과 누가봐도 말도안되는 억지상황으로 회차만 억지로 질질 끌어 늘리는것같네요,0
R06773,감상주의에 푹 젖어버린 역겨운 조폭물,0
R06774,가볍게~ 가볍게~,0
R06775,솔직히 뭘본건지 모르겠다,0
R06776,남들이 이런 영화 많이 많이 봐주면 나야 좋지~ ㅋㅋㅋ,0
R06777,특히 애니에서 벌레들 몽환적인 느낌이 참 좋았는데 영화엔 그냥..상당히 아쉬운 부분,0
R06778,역대급 오프닝 시퀀스.,1
R06779,조니뎁과 케리비안의 해적이라는 이름을 낭비한 영화 5는 안나왔으면 좋겠다,0
R06780,저곳은 사람살 곳이 아니다.,1
R06781,원 어브 어 카인드 원 어브 어 카인드 원 어브 어 카인드,0
R06782,억지감동 억지연기 진짜3류다 그나마 우리 귀요미 효진의 발견ㅋㅋ,0
R06783,적어도 제 친구들중에선 이 만화 모르는애가 없습니다,1
R06784,코러스 이영화 진짜 너무좋아요.. 모든면에서완벽한 영화,1
R06785,"욕나오는 결말,, 심심한 허무한 쓸데없는 전개들,, 최악중 최악이라 자신한다",0
R06786,자살하면 주위사람이 더 힘들기 때문에 자살하면 안된다면서 지가 죽이는건 무슨논리?,0
R06787,이 영화 장르를 어떻게 정해야 하는 지 난감하다. 장르는 둘째치고 중간 중간에 들어간 섹스신 때문에 전체 스토리가 엉망이 된 느낌이다.,0
R06788,죽지못해 사는꼴이 어떤지 정말 보고싶어,1
R06789,상어라고 해놓고 상어가 안나오네; 낚시질 영화..^^,0
R06790,근래 일년 동안 본 영화중 최악의 영화,0
R06791,좀 순진한 면이 있지만 그 촌스러움이 영화와 잘 어울리고 데니스 호퍼 너무 섹시하다,1
R06792,버스 매달리는 거 진짜;;,1
R06793,"해도 해도 너무하네, 시간 아깝다. 아까워. 영화 1점, 감독은 0점.",0
R06794,좀비 판타지 애니에 걸맞게 흥미를 주는 요소가 미흡하며 보는 내내 지루하고 짜증까지 나고 시간낭비한 샘이라 완전 실망스럽다. 좀비5섯마리로 찌질하게 대충 제작한 개막장 쓰레기 삼류 애니메이션이다. 유아들과 부모가 함께 손맞잡고 볼만한 저급한 수준이다,0
R06795,전반적으로 매우 훌륭하다 하지만 뭔가 빠진 느낌이 있어서 9점,1
R06796,남자의 죽음이 모두의 행복? 약간은 이해가 안간다,0
R06797,명작입니다ㅜㅜ 눈물이 왜날거같지.... 하여튼 이세상에서 잴잼있는 영화입니다 ㅠㅠ,1
R06798,재밋어요ㅎㅎ 계속 하시길,1
R06799,원작이 너무 뛰어나서 10점 밖에 없다. 00학번 이상에게는 코스프레겠지만..,1
R06800,마징가Z보다 적들도 무기도 재미도 Upgrade! 9.5점,1
R06801,액션도 아니고 코메디도 아니고. 이연걸식도 아니고 주성치식도 아니고. 주성치 코메디가 그립다.,0
R06802,ㅋㅋㅋㅋ50년대에 나왔어도 망했을듯,0
R06803,연인에게 추천추천~ 이영화보고 남친이랑 완젼^^터졌어요~ 완전강츄!!연인은꼭보셔요~,1
R06804,"0점이 없네요. 스펀지하우스에서 봤는데 정말 같이 끝까지 보셨던 관객 다섯 분 인내심을 칭찬하고 싶습니다. 온갖 클리셰가 잘못 버무려졌다기 보다는 버무린 것 자체가 잘못이네요. 감독님은 다음 작품은 좀 더 나은 낫길, 아니면 부디 다른 분야로 가시길.",0
R06805,평점이 너무낮네요 일본영화답게 분위기자체가 무서워서 재밌게봤어요,1
R06806,"나이브한 관념적 현실인식이 이 영화가 우숩게 되버린 이유다. 진지한 영화를 만들고 싶다면 먼저 세계와 인간에 대한 고찰부터 해야할듯. 30년전 영화같은 촌스러움이 있고, 미학적으로도 형편없다.",0
R06807,선희의 가방이후 선희가 친근하게 다시 느껴진다.,1
R06808,그냥 tv에서나 하지 이걸 영화라고 나온것도 문제.,0
R06809,아. 정말 오래전에 본 기억이 다시 새록새록..,1
R06810,나참 괜히봣다는,0
R06811,코미디프로도아니고 영화로이만함웃긴거지 참~모지란애글이이런건 1점주지 ㅡㅡ6도나왓음조켓댜~,1
R06812,전작들과 같은 구성의 지루함을 싸구려 화면으로 메꾸려다 보니 너무나 과하다,0
R06813,탄탄한 스토리를 기대한 내가 잘못한건가?그냥 싸이코패스가 커플 고문하는 영화..그래도 나름대로 감동아닌 감동주려고 노력한 흔적은 보인다,0
R06814,"차라리 4편에서 죽었더라면 행복했을,그 스모모모형사님.정말 불쌍하기까지하다.",0
R06815,흐느끼고 싶었다 감동도 없고 역시나 뻔한영화 뻔한 스토리,0
R06816,"컨저링,인시디어스 제작진이란 말에 혹해 시간을 낭비한 느낌..",0
R06817,요즘들어 질질 끄는게 보여서 재미가업어여...,0
R06818,신선한 소재 이야기 전개 구성 여배우의 미모 등 어느 하나 빠지는 게 없는 영화,1
R06819,굿저니디드느브흐리트,1
R06820,영화끝나고 벙~찜! 이 좋은소재를 이따구로 짜증나게 만드는것도 재주다 진심 비추합니다! 90분동안 계속되는 짜증을 느끼고 싶음 보시고 ....,0
R06821,"흔해빠진 설정, 논리 없는 전개, 허무한 결말",0
R06822,유치하던데,0
R06823,주연급 캐스팅이 왜그렇게 중요한지 잘 보여주는 예!!,0
R06824,데뷔작에 너무 긴장한 탓인가? 허겁지겁 덮는 마무리..,0
R06825,미국 현대의 깜둥이들 감성팔이하는거 역겹다. 특히 백인경찰한테 개기다가 골로가면 경찰탓과 인종차별 감성팔이로 밀어부딪침,0
R06826,보는 내내 너무 즐거웠던 영화..골디혼의 귀여운 이미지와 멜깁슨 특유의 넉살이 돋보이는 영화다,1
R06827,근래에 나온 무협물중에서 가히 최로라 할 만 하다.초한지를 모르는 사람도 한번쯤 초한지에 대해서 관심을 갖게 만드는 영화라고 말하고 싶다...여명!!!...영화 고르는 안목 아직 살아있네!!!~~~,1
R06828,내가 본영화중에 제일 쓰레기같은영화네요 10점 평점준사람들 백프로 배급사 알바임 너무 듣보잡이라 평점믿고 본건데 이 자체가 상술이네요보고나면서 기분드러워짐니다 더러워진 내 멘탈 어쩔꺼임 너무 화가남,0
R06829,30년전에 만들어진 코난이 더 재미있다,0
R06830,킬링타임용에 딱이라는 평점보고 봤는데 정말 킬링타임용엔 딱이다,1
R06831,GAME OVER에서 까르맨이 잘난체 하는것 같아서 더 재미있었어.,1
R06832,족발먹으면서 보고 있는데 중간중간 족발 티비에 집어 던질뻔함^^화나고 싶을때 강추하는 영화,1
R06833,미치것다..ㅡ.ㅡ 누가 웅장한 스케일이라고 시브리싸갖고..ㅠㅠ 낚였다~ㅡㅡ;;;,0
R06834,"처음엔 좀 재밌드만, 요샌 캐릭터 하나하나 보기도 싫음. 뭔 내용이하나도 없어 종방언제하나",0
R06835,"보기드문 소재, 몇몇 멋진 장면을 빼면 악소리 난다..",0
R06836,재밌었어요.. 어어어어엉어어 이 부분,1
R06837,오예 2빠당,0
R06838,지저분한 화질에 어색한 더빙영화,0
R06839,별덤높이기다디다디도러,1
R06840,"0점 주기도 아깝다 약을 나눠줄때부터 알아봤다....현실적인듯 현실적이지않은....,비상사태에 정부가 재약회사를 못건든단 설정자체가 노답이다 저정도면 언론에서 함 때려주면 군대로 사형바로시켜도 국민이 찬성한다돈내고받다면 진심 내가슴을치며 후회할뻔",0
R06841,이런영화가 있었나...?,0
R06842,감독은 웃었지만 관객은 분노하는 영화,0
R06843,호주의 멋진 자연을 보여주는 게 재미의 전부.,0
R06844,윤후 빼고는 다 좋은데 윤후는 시러요,1
R06845,가슴이 따뜻해지네요. 자녀 분들과 함께 보면 더욱 좋을 것 같습니다^^,1
R06846,벗었다고 해서 에로영화로 밖에 분류할수 없는게 아쉽다.,1
R06847,주연배우들 연기력어쩔...,0
R06848,극한직업의 고충도 사형제의 딜레마도 아닌 한국인 특유의 정 앞에서는 공과사도 구분못하는 공무원들을 꼬집는 영화네요,0
R06849,볼수록짜증만 나는..ㅠㅠ,0
R06850,토요토미 히데요시는 거의 안나오고..무미 건조한 영화,0
R06851,얼굴로 주인공 좀 그만 뽑았으면싶다..,0
R06852,이건뭐...에휴...,0
R06853,말론 브란도 같은 명우가 나온게 괴로운 졸작,0
R06854,오랜만에 보는 A급 병맛...,0
R06855,아존내 별점주기도 싫다 그지새끼들 아시바 아스팔트에 니네 얼굴갈아뿌까 ㅡㅡ,0
R06856,오프닝에서 잘나가다 중반도 안돼 모든 것이 엉망이 된다.,0
R06857,양조간장 후후후추 ㅉ담봉,0
R06858,헉스 영화로도 나오네요... 미드 하고 있는데... 미드 대박 날것 같음..,1
R06859,14살 짜리 성폭행 한 감독 맞나??,0
R06860,진짜지루하다~~얼릉결론이나고끝났으면좋겠다...넘답답하고짜증나는장면들이많다...,0
R06861,여자 주인공 정말 마음에 안든다... 짜증만나네..,0
R06862,"영화 진짜 더럽다,, 이거 보면 기분 OO같아진다..레알",0
R06863,7편까지 본 이후에 글 적지만 개인적으로 시리즈 중 단연 최고다.,1
R06864,토이스토리보단 훨씬 낫네 ㅋㅋ,1
R06865,1점 주는건 안타까워서 2점 주고 갑니다.. 딥블루씨에 반도 못따라갈만한 영화.. 상어 장르 좋아하는 사람으로써 비추,0
R06866,영화 흡입력 좋내요..마약의 무서움이란...,1
R06867,아 재밌다..심장이 쫄깃...완전 스릴 대박,1
R06868,이 감독의 필모그래피를 훑어보게 됨...,0
R06869,벗기만 하며 다인가?3류 에로영화,0
R06870,관능과 공포의 SF스릴러. _cgv 밤 12시.,1
R06871,웃을수 밖에 없는 영화,0
R06872,ㅋㅋㅋㅋㅋㅋㅋ사이비신도졸라많넼ㅋㅋㅋㅋㅋㅋ,0
R06873,"묻지도 따지지도 않고, 일본 /2차세계대전/ 감동적인이야기 세가지 키워드만 봐도 각 나온다. 당시 상황에 비록침략국이었을지라도 어린아이들은 피해자였을수있다고좋게 생각하려해도 사과없이 오히려 역사를 왜곡하려는 그네들이 만든 영화라니 심히 의도가 의심된다",0
R06874,다세포소녀에 버금가는 훌륭한 영화...,0
R06875,한 폭의 그림같은 영화. 보는 이로 하여금 정말 많은 생각을 할 수 있는 기회를 주는 영화. 감상하는 이의 수준과 그 날의 컨디션에 따라 그 해석은 분명 천차만별일 것이다. 고로 평점도 충분히 1~10점 천차만별일 수 있는 영화. 오늘의 난 9점을..,1
R06876,"평범한내용보다못하다.. 처음부분은봐줄만하나, 이어질수록지루함이밀어온다..",0
R06877,당시최민수엄정화케스팅큰화제였는데..흥행은최악이지만,0
R06878,이렇게 재미없는 영화 처음본다ㅡㅡ,0
R06879,송일국씨~~♥,1
R06880,어중간한 커플들의 어중간한 마무리,0
R06881,기대도 안하고봤는데.기대했으면 열받아 미칠뻔했다. 기대를 안해서 짜증나고말았다.,0
R06882,실력좋은 묻지마 살인..,0
R06883,드럽게재미없어ㅡㅡ별점한개도아깝다,0
R06884,이야... 안본사람은 말을 마셈! 진짜 압도적임...,1
R06885,마지막 가서 슬프네ㅠㅠ개 키우는 사람들은 한번볼만한 영화예요 보세요,1
R06886,YTN뉴스에 감독나와서 이야기 나누던데 샬림에게 빨간벽돌로지은 집을 선물했다는군요,1
R06887,소설봤는데진짜감동이였음 ㅠ3ㅠ 그리고 밑에밑에분 재광이는 신소현이랑 이어져요 ㅎ,1
R06888,초중반부 목격자 3명의 시선으로 과거와 현재를 오가는 구조는 괜찮았다. 하지만 사건의 진상이 밝혀지고 난 뒤로는 그저 짜증과 불쾌함만 남길 뿐이다.,0
R06889,민비는 조선망하게한 장본인아니냐?,0
R06890,탈출하고픈 요란법석 액션 파티,0
R06891,영상미는 좋지만 스토리가 정말 엉성;;;,0
R06892,"마이너리티에 대한 이해의 폭이 넓다고 자평하는 나에게도 이 따분한 영화는 그다지 흥미롭지 않다. 존중하면 될 뿐, 세세히 알아야 할 필요까지는 느끼지 못한다는 거지. 와 닿지 않는다구. 대중에의 이해 보다는 소수자들 자신을 위한 고통과 축제의 영화.",0
R06893,소재는 참신하지만 전개도 미숙하고 개연성도 없다.,0
R06894,4편 중 최악,0
R06895,게임수호지나하셈 노잼... 개노잼,0
R06896,액션도 좋고 내용 도 아주 좋네요.재미있어요....매번 느낀거지만...네이버 평점은....차암....삐삐삐 합니다정말...거시기한 평점 많아요....주관적으로 판단하여 관람하세요,1
R06897,눈빛으로 말하는 배우..11 윤계상 올인,1
R06898,씨네21 영화평론가 진짜 후덜덜하다.,1
R06899,연기 연출 대사 다 최악 오글오글,0
R06900,별다른 내용도 없이 그저 고문만으로 끝이냐,0
R06901,"최강희, 김영애의 두 명품 배우가 완성한 최고의 영화다 ㅠㅠ 어떻게 이런 영화를 보지 못하고 2009년을 지나쳤던 것인가 '깐따삐야 꼬쓰뿌라떼'",1
R06902,너무재밋고즐거웟습니다^^^,1
R06903,명작은 이런 영화를 보고 말하는것이다. 문고리를 잡고 열듯말듯 고민하는 그 장면의 연기는 정말 최고의 감정연기였다,1
R06904,러시안 코미디,0
R06905,우연히 보기시작했는데 끝까지 완전 몰입!!!! 이정 짱!,1
R06906,이런걸 도대체 왜보냐 ㅋㅋㅋ,0
R06907,눈물,1
R06908,단순한 치료보다 삶의 질을 높이는게 중요하다고 말해주는 영화,1
R06909,모니터시사에서 봤답니다 ㅎㅎ 한해동안 만족시키지못한 제 빈구석을 채워줬답니다..,1
R06910,이젠 하다하다 가야코 돌려막기,0
R06911,지금봐도 상상력이 돋보이는 소재의 영화! 훈훈한 감동도 있네요.,1
R06912,끝나기 직전 맨마지막 장면에서 박중훈이 검도하다 몸개그 하는거 완전 대박 ㅎㅎㅎ,1
R06913,"빈디젤..10점.. 기자,평론가 진짜..할말이 없다..",1
R06914,정말 재밌게 본 영환데 평점테러 엄청나네 가식없는 삶에 모든 면을 보여주는 철학적이면서 유머도 곁들어진 작품,1
R06915,남미 영화 정말 재미있군요...한국 더빙판으로 봤는데 성우들 목 다 상했겠음...,1
R06916,대충 뭘 말하려는지는 알겠으나 재미없다. 그리고 마지막의 반전 장면의 표정조차 너무 웃겼음.,0
R06917,세계가 고다르의 카메라 속으로 들어와 영화가 되어 미래를 바라보고 있다.,1
R06918,"많은 상에 혹 했지만, 부담스런 클로즈업으로 인한 스트레스, 메세지도 없는 시나리오",0
R06919,개노잼노잼노잼노잼노잼,0
R06920,별 이유도없이 죽이는 것 같음;;;,0
R06921,가장 집중 안되는 편....커크의 죽음만이 아쉽다.,0
R06922,드디어 끝났구나. 너무 재밌게 잘 봤어요. 도진후♡은정수 완전 기여운 커플,1
R06923,시작은 괜찮은데 끝이 너무 허무하네 . . . .,0
R06924,비정상적 인간들의 지리한 소음.,0
R06925,근친인 줄 알고 봤다.,0
R06926,완전 병맛,0
R06927,"공리의 절제된 연기, 단단의 아찔한 춤에 아낌없는 박수를~",1
R06928,나 이거 초딩2학년때 비디오가게에서 엄마가빌려오라했다고 뻥친뒤 집에서몰래봤지..역시난 강심장.. 근데그건그렇고 빌려오라했다고 초딩한테 빌려준 비디오가게 아줌만머임? 지금생각해봐도 어이없음,1
R06929,학교시리즈가 가지는 희망적이란 시선과 같은 방향을 하고 있는가?,0
R06930,정말후진드라마~~!후처또한벌받어야쥐남편아이가아닌다른사람아이를가진건불륜이징,0
R06931,너무 슬프게 잘 봤어요충남 탄천휴게소 놀러와 주세요 ㅋ싸인좀 해줘요 지호 오빠 인하오빠,1
R06932,생각보다 퇴폐적이지는 않다스토리도 있고....배울점도 있고....,0
R06933,"시간 절라 안가는 영화는 또 첨이네...@,.@",0
R06934,0.5점이 있다면 주고 싶다.....,0
R06935,1996년도엔 나름 괜찮았던 영화!하지만 2013년 지금보면 악당을 미화한 최악의 한국영화!,0
R06936,물고기가 말했다네여 .궁금해여,1
R06937,이런 영화도 극장에서 개봉하는구나....,0
R06938,그냥 실없는 영화,0
R06939,"재미없고, 의미도 없는 영화에요 무슨일인지 모르겠는데 너무 과대포장되었어요. 특이한 제목으로 주목만 끄는 영화에요.",0
R06940,반전도 내용도 다 재밌었다 원래 내가 보려던 건 이게 아니었는데도 집중해서 볼 정도로 흥미진진했음,1
R06941,자기 무덤을 자기가 판다? ㅋㅋㅋㅋ 멍첨함의 종결자 !,0
R06942,100분이 짧을 정도로 몰입할 수 있어서 좋았다...꿈나라에!!!,0
R06943,평점이 생각보다 높게 나와 있어서 의외다. 배우들의 과거 모습을 보는 정도로 만족할 수 있지만 전반적인 내용은 형식적이고 각 장면은 지나치게 인조적이다.,0
R06944,평점 왜이래? 다들 평론가냐?,1
R06945,허세 쩌네,0
R06946,너무 쓸쓸한 이느낌...,1
R06947,"전쟁의 폐해와 잔재, 그 처절한 단면",0
R06948,진짜.. 쓰레기드라마.. 상황별 개연성을 위해 뜬금없는 설정들을 집어 넣고.. 결국은 채시라의 병을 만듬.... 작가는 진짜.. 한심하다..,0
R06949,이소룡님을모욕하다니 감독죽여버리고싶어 발로만든영화,0
R06950,아테나 지금 하고 있어요? 몰랐네 ㅋㅋ,1
R06951,무슨 먼치킨이야 다해먹네 감독 주연,0
R06952,진짜로 정말로 재밌었다 ...... 꼭 한번 보시길 ...,1
R06953,30분 다큐용 자료화면 모음 같다. 쓸데없이 지루한 내용. 제대로 된 음악은 2곡 정도.,0
R06954,"본시리즈와 함께 내가 가장 좋아하는 액션영화 ~ 깔끔한 스토리 ,액션 모든걸 갖췄다",1
R06955,위쇼스키의 최고의 명작인데 도대체 뭐가 문제여서 흥행에 실패했는지 알 수 없다씹으면 씹을 수록 여운이 남는다,1
R06956,사람들이 많이 봤으면 좋겠네요 마음 힐링 제대로 했습니다,1
R06957,너무 재밌다....최고,1
R06958,잔짜 최고.....,1
R06959,이영화는 진짜 제이슨을 욕하는 영화,0
R06960,수다스런 여자들이 좋아하는 전형적인 C급무비,0
R06961,시간을 버리는 일만큼 아까운것 없다,0
R06962,학생들보고따라하기참좋은거영화로만들어놨네안그래도 학생들개판인데 더개판되라고이딴거만드냐애들재밌으라고만들어놨겠지만 정서적으로나 교육적으로나 쓰레기다.,0
R06963,네이버는 왜 0점이 안되지???영화같지도않아서 일본배우밖에 출연안한다든 ?,0
R06964,생각 보다 훨씬 잼있구 감동적 ㄹㅎ,1
R06965,처음에.. 아 영상이 좀.. 이라고 생각했었는데.. 갈수록 보니.. 음향 기획자체가 엉망인 영화이였다.... 정말... 이건 무슨 영상은 미래형인데 음향은 60년대 전체적으로 보면... 보는것보다는 듣는것때문에 전체적으로 잘못된 영화,0
R06966,아 재밌다 정말,1
R06967,유전무죄 무전유죄를 피부로 느꼈습니다...뿌리깊게 박힌 파문화 여실히 그려졌고 이 영화 저~~~~엉말 좋게 평가하겠습니다.^^,1
R06968,"과거 미소의 극한냉전을 이해한다면, 내용면에서 1~3보다 못할것도 없다.",1
R06969,슬퍼잉,1
R06970,이게 영화 였냐? 처음 알었네.,0
R06971,시리즈가 거듭될수록 에이리언도 뭔가 더 발전한 모습을 보여주고 이전보다 향상된 CG를 볼 수 있다.,1
R06972,꽤 잼있게 봤었던 기억에 우연히 접해서 다시 봤지만 잼있었음 ㅋㅋ,1
R06973,개인적으로 전쟁영화 선호 하지않은데이 영화는 정말 감동적으로 봤어요 남자로서 생각도많이들고,1
R06974,이거 딱보니 개봉한다고 구라치고 케이블에서 틀겠네 개봉관도 하나 ㅡㅡ 그것도 서류,0
R06975,폭도들은 왜 안나오죠 감독님?,0
R06976,아역 빼고 다들 연기 뭐니? -_-,0
R06977,이건 명백한 원작 모독이다!!!,0
R06978,최저평점 신기록을 위하여~~~~,0
R06979,정말 밑도 끝도 재미도 의미도 없는 좀비를 빙자한 trash,0
R06980,누가누가 연기못하나 대결하나 ㅋㅋ 글고 견인카 알아내는게 줫나 코난이네 ㅋㅋ 여주 성괴 3OO .. 하 .. 진짜 내가 배우한게 더 낫겠다 비꼬는게 아니라 진심이다 이런영화 찍을려면 연락주셈,0
R06981,스토리가 질리지도 않고 참신하네요!! 드라마 상속자들하고 같이보니까 캐릭터 혼돈이 ㅋㅋ,1
R06982,처벌물. 마블사의 히어로물 맞어? 마블사 영화 좋아하는디 이건 별로.,0
R06983,질질 끌지않고 2편으로 마무리해서 박수를 보낸다!!,0
R06984,지루하다,0
R06985,내 살다살다 1점 줄라고 영화 찾아가지고 들어오기는 처음이네. 10점 주는건 뭐야.. 얼마주면 저렇게 함. 무슨 업체야? 댓글 조작 업체?,0
R06986,TV판을 보고 봐야 함. 아..트윈픽스의 이 음침함이라니...,1
R06987,제작의도가 뭐지? 그냥 대세 물타기인가?,0
R06988,박중훈님 연기에 얼마나 웃었는지 모른다,1
R06989,기대 안하고 봤는데 생각보다 볼만했습니다 정웅인씨 연기력이 특히 ~,1
R06990,정말 최악인것은 이 영화의 장르가 로맨틱 코미디였다는 점이다.,0
R06991,엄청난 오프닝시퀀스에 혼이나가는 느낌이었다.초반에 몰아치고 중간쯤엔 속도감을 잃고 약간 느슨해짐은 있으나 밀레니엄 첫번째 스타트를 하는것임을 감안했을때 괜찮게 봤다.루니마라는 그야말로 관객에게 엄청난압박감을 주는 캐릭터인것같다.,1
R06992,숨막히게 짜여진 시나리오보다 훨신 편한 스토리전개,1
R06993,말이 안된다..너무나 처절하고 착찹하지만 저나이에 저정도로 돈벌어 먹고살일이 없을까?하다못해 택시운전을해도 한달 2~300백은 번다영화자체는 너무 좋았지만 공감하진 못하겠다,1
R06994,콘택트 > 넘사벽 > 인터스텔라..,1
R06995,과해~,0
R06996,우왕1.2 편왕재밓다 또보고싶다 일분일초도지겹지 않음 오만원내구보라해두봄 1편은유덕화 벌레무렸누데왜 안죽지그게의구심이지만 정말액션스케일은 세계최강 2편 액션신은입이ㅉㅓㄱ 벌어짐,1
R06997,아 훈훈하구나ㅜㅜ 완전 재밌다 첫장면부터 그대로 빠지게됨.,1
R06998,내려가거라 내려가거라,0
R06999,스토리가 신선하다. 재미있다. 좋다.,1
R07000,미치지 않고서야 이런영화를?,0
R07001,아무리아이들영화라지만 너무내용도난잡하고재미없는영화였음,0
R07002,배우 너무 늙었는데 좀 쉬게 해줘라,0
R07003,여태껏 만화중 최악의 더빙,0
R07004,폴헤이먼하고 쉐인맥맨 나오던데 WWE가 만든영화인가 암튼쓰레기,0
R07005,"화가 난다. 인공지능과 인간이란 소재라 흥미롭다 생각했는데 흥미는 개뿔. 퀄리티, 연기력은 둘째치고 스토리가 날 화나게 만든다...",0
R07006,종려시가 참 예뻤어~ 내 초딩때 이상형 이연걸 액션은 지금봐도 참 멋지구나,1
R07007,나는 이런 따뜻한 만화가 좋더라^^,1
R07008,아름다워요,1
R07009,이야~~ 감동넘치고 몰입감 최고인 영화입니다^^,1
R07010,"용가리, 7광구가 잘만든 영화였구나라고 깨닫게해준 고마운 영화. 너도 봐라 독수리오형제. 나만 보기 돈 아깝다.",0
R07011,소재만 괜찮고 연출은 쓰레기...,0
R07012,더 록이 없었으면 그냥저냥 볼만했을텐데....걍 더 록 짝퉁,0
R07013,앞으로 성우만 더빙하란 의미로,0
R07014,대단한 명작.. 앞으로 이런 명작은 정말 안나올꺼다.. 10점밖에 줄수없는게 안타깝다. 1 2 3 꼭 연달아서 보시길.,1
R07015,여인은 오늘도 쳇바퀴속에서 벗어날수 없는 현실로부터의 도피를 꿈꾼다,0
R07016,"최고의 애니중 하나, 작화,스토리 나물데 없음.",1
R07017,정말정말 짜증나는 영화,0
R07018,정말 최고의영화인듯합니다.,1
R07019,재미있는 영화입니다.,1
R07020,어쩜 이렇게 연기를 못할 수 있는지...이걸 상영하는 극장들의 신기하네요.,0
R07021,나만 볼순없다,1
R07022,그사람추기경을보러갔어요상영시작부터끝날때까지한순간도눈으뗄수가없고빠져들었습니다 우리나라에서추기경님과함께한시대를지나왔다는것에대해감사와기쁨과행복을느낍니다많은분들이 이영화를보고 마음이정화되고참된사랑이무엇인지를느껴보기바랍니다,1
R07023,여자들의 수다 같은것을 느낄수는 있지만 뭔 얘기를 하려는 건지 모르겠다,0
R07024,투혼과 함께 반담의 최고영화. 복수의 칼날 반담~,1
R07025,철밥통 공무원이야기 별로 하지않는다,0
R07026,베뤼~굿,1
R07027,억울해.. 억울하다고!!,0
R07028,영화계의 현실을 진솔하게 보여준 지표같은 영화!,1
R07029,원작의 느낌을 살리지 못하고 시간에 쫓겨 잘 만들지 못한 최악의 영화!!!!!!!!!!!!!,0
R07030,삼성못들어가서 화난 정신나간영화,0
R07031,특별한것 없는 영화.나중에폭락하겠지만 6점짜리영화다..,0
R07032,아이들과 재미있게 잘 보고왔네요~^^재미있다고 또 보고싶다고~~,1
R07033,자신의 현실을 잊은채 명품에 환장하는 사람들에게 보라고 권유하고 싶네요,1
R07034,전/라/도/네/요/,1
R07035,"스터리,개그가 빈약하다 그리고 기존에 있던 일부성우가 달라져서 재미가 없다 또,성우연기가 어색함",0
R07036,기묘한 영화네요20년전에 봤는데..아직도 다시 보고픈 영화 일위 입니다..,1
R07037,이건 뭐야,0
R07038,심리공포 즐기는 분들 기억에 남을 수작입니다.개인적으로 컨저링보다 낫습니다.혹 선혈낭자나 깜놀 이런 공포 즐기는 분들은 재미없을 수도 있어요. 결말이 영화 미스트느낌인데..이 영화엔 그 결말이가장 적당했다고 봅니다.평점올리러 글 쓴건 첨이네요,1
R07039,버려야 할 영화.,0
R07040,보고나서 한참동안 멍때림 소름+쩐다,1
R07041,영화보는 내내 눈물을 멈출 수없게 만드는 영화. 지금 사랑하는 사람과 가족이 얼마나 소중한지 다시 한 번 느낄 수 있었습니다..,1
R07042,당시 미국소련의 관계를 우회적으로 표현하면서도 평화를 말하는...영화자체도 훌륭함,1
R07043,반담제발~~,0
R07044,내 살다살다 이런영화는,0
R07045,"백설공주 이야기가 아니네요, 백설공주랑 이름이 똑갇은 사람 이야기..",0
R07046,이영화제일제밋음 처임시작할때 관이하수구에 ㅋㅋㅋ,1
R07047,최악.. 후반부는 완전 사족. 대서사시 흉내내느라 엉망이 된 쓰레기.,0
R07048,어디선가 본 듯한 플롯인데..,0
R07049,본인은 이 영화에 대해 매우 형편없다는 반응을 나타내었다,0
R07050,복잡한 구성은 아니지만 여운이 크다..역시 거장이라 다른건가 음악도 너무좋아!,1
R07051,영화를 보다 십분만에 중단하기 참으로 어려운 일인데 이 영화는 해냈다,0
R07052,소재는 참신한데..내용전개나 여러부분은 조잡함..한마디로 잼 없음,0
R07053,12년전에 봤지만 그때의 스릴은 잊을수없다... 산악등반영화중 탑에 드는 영화!!,1
R07054,테러의 또다른 본질에 대하여...,1
R07055,영상미가 돋보인다고 할까... 스토리를 떠나서 감독의 다음 영화가 궁금해지네요.,1
R07056,정말 네티즌들 ㅡ.ㅡ영화 보지도 않고 평점 깎아먹는 꼬라지 하고는...제발 그러지 마라 정말 ㅡ.ㅡ영화 재밌기만 하구만~배우들도 잘생겼고 친절하고~,1
R07057,결말이 막장을 달린다,0
R07058,장근석이 잘생겼어..아기도 이쁘고 재밋엇어,1
R07059,청소년 관람불가네요. 초등학생때 학교 단체관람으로 중앙극장에서 봤습니다.,1
R07060,옛날에 진짜 재밌게 봤는데 2가 더 재밌어서 9점,1
R07061,"토크 드라마, 웃기는 구석이라곤 전혀 없다",0
R07062,"그래...초반은 나쁘지 않았다....그런데 엉망인 전개, 어이없는 결말....갈수록 나사가 하나씩 빠지면서 와르르무너진 느낌이다.",0
R07063,어제 화신은 클라라의 섹시논란인지 뭔지로 시간 다잡아먹고 승리 스캔들로 또 시간까먹고 김구라는 계속이상한 질문만해대고.원나잇했다는데 박수펴주는 방청객하며 여러모로 대다나다..화신 초기 포맷이 훨씬좋다 야심만만st같은거 그때 애청자였는데..,0
R07064,오~ 개핵노잼~ 1점도아깝,0
R07065,그 경찰은 자제력이 상실된 사람이 아니였을까 오스카보다도 더..어떻게 하면 총이 함부로 쏴지는 건데 경찰이 될 자질이 없는 사람이였는데 에휴..,1
R07066,기대했엇는데...진짜 지루하다 핵노잼,0
R07067,해밀턴이라는 캐릭터와 그 역을 맡은 미카엘이라는 배우만 눈에 띌 뿐~ 원작이 소설 시리즈라는데 영화로서는 1편이나 2편이나 낙제점.,0
R07068,이 영화에 기대고 싶다.,1
R07069,보나 안 보나 마찬가지.,0
R07070,아 완전 시시함 돈낭비임 유치원생들만 좋아할듯?..,0
R07071,꽃한송이 놓고갑니다.,0
R07072,슬픈 맑음. 파문에 주목하라.,1
R07073,또 보고 또 보게 되는 것 같습니다./강추...합니다.,1
R07074,정말 어처구니없네요 아직 성인도아닌 14세 한테 수위높은 씬을 협박으로 요구하고 캐스팅전 대본도 안주고^^;,0
R07075,"이게 영화냐? 돈줘봐, 이런거 나도만들겟다",0
R07076,씨엔블루 FT아일랜드 너무 좋아요~~♥♥ 짱 재미있어요,1
R07077,이건무슨 80년대 홍콩 르와르 액션도 아니고 ~ 뭐니 넌?,0
R07078,초반엔괜춘한데 특수효과보고 끔 ㅋㅋ 재희머리는 이쁘다,0
R07079,이하늬 발연기.... 소오름.... 감독 재능 부족.... 전테적 으로 쓰레기 영화...토악질 나오는 수준.... 이하늬는 연기 접고 딴일...,0
R07080,이게 영화냐...진짜 지루하고 연기도 볼것도 없고 무슨 내용인지도 알수가 없는 영화다. 너무 기분이 좋아서 기분이 나빠지고 싶을때 보기 딱 좋은 영화임.,0
R07081,오랫만에 티슈뭉치 던지며...비평거리 찾는 일은 잠시 미루고 싶게 만드는 영화,1
R07082,차마...말을 못하겠다.,1
R07083,"상세하지도, 침착하지도 않고 민영화에 대한 겉핧기에 치중한, 보이는 데만 짚고 넘어가는 다큐. 이건 민영화 입문용도, 그렇다고 민영화에 대해 대략적으로 아는 사람들을 위한 심층자료도 ㅇ안 된다.",0
R07084,각기 다른 삶의 무게. 세상은 이렇듯 불공평하다. 하지만 죽음의 무게는 공평하다.,1
R07085,"새로운 시도는 가상하지만, 이럴거였다면..",0
R07086,스토리는 괜찮긴한데 기생충들 넘 드럽게 생겼어,0
R07087,야냐쿠내네즈며튜거뇾,0
R07088,진짜 여운이;;순수한 사랑이야기..이것이 애니메이션이다!!,1
R07089,"주인공,음악,배경,스토리-뭐하나빠지지않는최고의감동",1
R07090,평점 왜이렇게 낮지 영상미 최고 내용도 신선하고 좋았다,1
R07091,갈수록 기대이하밖에 못보여준다. 전체적으로 1점짜리 영화;,0
R07092,너무 무서워서 2점... 이거보고 못잠...진심...,0
R07093,어른을 위한 동화슬럼프에 빠졌을 때 극복의 계기를 줄만 하다살면서 소중한 것을 다시 일깨워줌...영상미도 좋음,1
R07094,아쉬운점이 있었지만 1점주신분들..영화스타일이 다 다른건 알겠지만 1점짜리영화는 절대 아니네요,1
R07095,유완 매력에 또 빠짐ㅠㅠ 두 주인공 다 사랑스럽네요ㅎㅎ,1
R07096,전개는 뻔하지만 음악이 주는 감동만으로도 모두 보상된다.,1
R07097,실망한작품,0
R07098,이게 진짜 현실 100% 재판이다.. 남 일 이라고? 언젠가 자신이 겪게 될 수도 있다.. 진짜 집중하면서 봤다 ㅠ,1
R07099,2009년 극장에서 봤을땐 재미없었는데 지금 다시보니 소름돋는다.,1
R07100,no.1,1
R07101,그냥 JSA를 한번 더 봐라... 진짜로,0
R07102,나중엔 뭔가 있겠지 하고 보다가 종반에 자아반성으로 치닫는 영화,0
R07103,애절하고 색깔있는 고등학교 시절을 못보낸것이 아쉽다.,1
R07104,아...동료 죽을때 야쿠자들 정말 증오했음..,1
R07105,억지스러운 전개....,0
R07106,상상력이 심각하게 부족한 영화!,0
R07107,레알 쩐다 ㅇㅇ,1
R07108,재있어요 ㅎㅎ,1
R07109,잼있다.,1
R07110,최고요 민정신ㅠㅠ,1
R07111,눈물이 흐른다. 저분들이 있기에 오늘의 우리가 있다,1
R07112,진짜재미있었다 조금지그러웠지만역시이토준지씨이다,1
R07113,존 크로울리의 보이A와 비교하는것도 좋을듯.. 넌 잭버리지보단 행복한 아이야..,1
R07114,분노의질주는 시리즈 나오면나올수록 짱인듯!!,1
R07115,진짜 잼섯 너무재밋어서 책까지봣는데 나는 영화가 더잼드라 몰르고봐서그런지 근데 또책보니까 영화보면서 의아해했던부분이나 세부적인내용까지다나와서잼섯 ㅋ 근데 왠지모르게 책에 캣니스는 성격이 좀더 소녀다운 그나이다운 느낌이고 영화는아무래도 성인스럽달깤ㅋㅋ,1
R07116,"섹스중독 유부녀의 진부한 일탈. 야하지도 않고, 의미도 없어...",0
R07117,스토리가 뭐 이래!!! 짜증,0
R07118,이 영화의 문제는 남자배우에 있다. 1편의 더글러스처럼 섹시미가 있는 남우였어야지,0
R07119,당시에는 나름 몰입해서 봤었던 기억이 있는 영화. 역시 브루스 윌리스의 액션 영화답게 딱히 기억에 남는 것은 없음,0
R07120,숀펜의 열정만큼은 최고,0
R07121,"엄마와 딸, 집요하고 세심하고 치밀하며 끝내 감동적인 그 연대기.",1
R07122,삼류 영화,0
R07123,진부했지만 소재는 한번쯤 생각해볼만한. 실제로도 늦저녁 지하철 분위기는 쩔죠~,0
R07124,노잼이다분명히 호러영화에 끔찍하단 말이 나왔는데 말이야누가 호러영화에 헨타이 닌자거북이 넣으랬냐,0
R07125,대모험 좋아하시네,0
R07126,솔직하게 평점을 매기겠다,0
R07127,미얀. 독립영화 감안해도 모든게 어설프다.,0
R07128,북한말배우기에 적합한 영화... 가서 북한주민과 바로 소통이 가능할 억양이었다. 이런 명작에 대한 평가가 없다니... 각성하라 지성인들여.,1
R07129,"우리영화가 많이발전했지만 그리오래되지 않은 영화인데 상당히 졸작이다. 최근에 극비수사를봐서 더욱 비교되기도하지만 스릴러인데, 심지어 실화인데도 이렇게 지루할수가. 김남주의 연기를 위한 연기가 몰입도를 너무망친다. 다만 범인은..이제라도 죄값을치뤄주시길",0
R07130,나름 재밌네요 평점이 없어서 놀랐음 ㅎㅎ,1
R07131,특별한 임팩트도 없는 지루한 영화 중 하나. 조한선은 영화랑 인연이 아닌 듯,0
R07132,그리핀 사랑은 피닉스다,1
R07133,재미없다는사람들 영화볼줄모르네ㅋㅋ,1
R07134,잔잔하지만 지루하지 않은 영화.. 영화 속의 또다른 이야기.. 잼따..,1
R07135,이거 우리 아빠 경마장에서 찍은건데 완전감동받았어요,1
R07136,오. 캡틴,1
R07137,미치겠다,0
R07138,내 생각엔 작가가 분량안에 맞추기 힘들거라고 봐. 이야기 진행시키는데 한계점이 올 것이고,0
R07139,겨울왕국짝퉁100%망함,0
R07140,군대있을 때 외출 나와서 포항 시내에서 본 영화. 내용은 딱히 기억도 안 나는 그냥 로맨스물,0
R07141,격투종목에서 체급을 무시하고 겨루는 게 말이되나요.. 뭔가 씁쓸함이 남는..,0
R07142,기자 평론가 평점이 맘에 안 들어 글 올립니다가족 영화는 주로 어린이의 관점에서 평가해야 하지 않을까요이 영화는 의상 배경 장면 장면이 너무 아름다워서 두고 두고 아이에게 보여주고 나 또한 보고 싶은 영화입니다,1
R07143,전율로 자리에서 일어나질 못했다... 최고 그자체,1
R07144,"공감 안 가는 심리상태, 막장 전개, 90년대 소품, 필요없는 여주인공 부각시킬려고 억지로 끼워넣은 스토리, 시대에 안 맞는 염색머리에 레게머리, 거기다 청나라도 아니고 명나라 시대에 왠 조총부대에 다이너마이트까지... 아- 이게 바로 쓰래기구나!!",0
R07145,"마지막에 주인공이찍은사진들 보여주길바랬는데,ㅎ",1
R07146,재밌는데 뭐가 문제란건지?,1
R07147,사투리가얼마나어색한지. 다들 차라리 표준말로하세요.,0
R07148,"결국 남는건 ""공화당을 찍으세요"" ""이민자를 조심합시다""",0
R07149,좋아요 은희가 성재랑 결혼함 좋겠어요,1
R07150,좀.. 심했다,0
R07151,배우가아까울뿐,1
R07152,시간이 아깝다 개어설픈 CSI,0
R07153,쓰레기 같은..,0
R07154,신춘수가 영화 다 말아먹더만~ 연기 드럽게 못하더만~ 지깟께 뭔 오디션 심사를햐 ㅄ,0
R07155,즐 -_-.. 이거보겠다고 전철 2시간타고 갔던 내가 바보,0
R07156,두말할필요있나????,1
R07157,완벽히 묘사한 cg가 인상적이었습니다 ^^,0
R07158,여명에 꽁지머리가 우습다. 견자단 형님에 오버 연기는 더 우습다.,0
R07159,윤다훈 혼자서 분전하더라.,0
R07160,내내 집중해서 봤다. 다 행복했음 좋겠다.,1
R07161,광복절에 정말 의미있었던영화. 송신도 할머니 자랑스럽습니다,1
R07162,재미없음. 스칼렛요한슨만 아니면 2점짜리,0
R07163,반쪽자리 별은 보기 싫으니까.... 솔직히 영화를 다 보고나서 편두통이 안오면 형편없는 겁니다. 피아니스트는 머리 깨지는 줄 알았지요. 시원스럽고 시간보내기에 좋은 영화! 예컨대 이방인처럼 찝찝한 작품보다는 시원하네요.,0
R07164,벤에플렉이랑 브루스윌리스가 서로 마지막대화할때 소름돋는다,1
R07165,할리우드식 영화에 길들여진 나에게 하나의 쉼표 같은 영화..,1
R07166,"대니 보일 일생의 걸작, 단점을 찾기 힘든 영화.",1
R07167,최고의드라마!!!! 이동욱씨 눈빛을 잊을수가없음 웰메이드 작품에 명품배우탄생,1
R07168,흥미롭고 몰입감있는 좋은 영화,1
R07169,참 지루했습니다. 결말은 반전이 짐작못한거라 놀라웠지만... 그게 끝. 이 영화는 그저 처음부터 끝까지 여자 주인공이 예쁘고 불쌍하다. 그게 다인 것 같아요. 어느 각도에서 봐도 예쁘더라.,0
R07170,"좋아좋아!!ㅋㅋ순간순간배꼽잡을뻔,순간순간완전몰입의묘미를지닌영화!!대박",1
R07171,차이에 따른 차별을 다시 생각하게 만드는 영화,1
R07172,"처음부터 마지막까지 내용도, 구성도, 배우들의 연기도 모두 맘에 들었다",1
R07173,지금은 잃어버린 대학생활의 향기를 느끼게하는.... 아까운 장진영...,1
R07174,이거 재밌다고 하는사람 이해안된다 완전 삼류영화,0
R07175,상식이 없는 코쟁이들의 공중 병림픽 대회.,0
R07176,쫌아닌데,0
R07177,이걸 동호가 살리네 ㅋㅋㅋ,0
R07178,나만 당할순 없다.... o(｀ω´ )o,1
R07179,OO로마이신이다...일류배우를 가지고 3류드라마다.. .,0
R07180,솔직하게 얘기하겠습니다. 지루해서 보다가 잠들었습니다.,0
R07181,돈도 아깝고 시간도 아까웠던 한심한 영화.. 솔직이 1점도 주기 아까운 영화.,0
R07182,뭔가유치하지만 재밌어요ㅎㅎ,1
R07183,"다큐 영화의 객관성과 차분함을 유지하는 점이 좋습니다개인적으로는 ""님아 그강을 ~ ""보다 훨 낫습니다. 예술 영화 전용 아트나인도 맘에 들구요.",1
R07184,제임스딘 그의 매력을 누가 따라올까...,1
R07185,피노키오는 없다,0
R07186,씹노잼.... 초반부보다가 끔 캐서린헤이글 좋아해서 끝까지 보려했는데 도저히 못 보겠더라,0
R07187,"""나는여동생을사랑한다""가 떠오르는 이유",0
R07188,파격적인거하나도없구만 무슨...ㅉ....재밌기라도 하든가,0
R07189,재미있게봤어요ㅋㅋㅋㅋ,1
R07190,정신병원판 쇼생크탈출인데 이거 ㅋㅋ,0
R07191,"아름다운영화였으며,오래도록가슴에남을것같다!",1
R07192,마지막 라스터씬 ~지하실에서 물이 차올라올때~살려는 인간의 본능 그리고의리~명작~,1
R07193,겉치레만 그럴 듯하게 하고 속은 비어있는 듯한 느낌을 받음,0
R07194,뭐징 오늘은... 내가 웃음을 잃었나?,0
R07195,달달한 순정만화같은 영화. 배경도 사랑도 애틋하고 아름다와요.,1
R07196,히스레져 베일,1
R07197,"연기력은 좋은데 지루함. 딱히 반전도 없고 그렇다고 여운이 남는것도 아니고 크게 공감성이 있는것도 아니고... 어두운 인생들, 연기력. 그외 아무것도 없었음",0
R07198,이젠 일반인도 다 아는 전도연의 문란한 성생활... 그런 전도연이 순수한 시골처녀 역할을 하다니.. 진짜 안어룰린다.전도연+윤정수=윤정수 성병 옮김 / 전도연+현주엽=호텔 수영장에서 XX,0
R07199,그냥 쓰레기...보지말길.,0
R07200,잔잔하고 과장되지 않아서 좋은 감동....편안한 영화,1
R07201,이런 추억은 없지만 왼지 옛날 생각이 나게 하기에 충분한 내용이었다 ... 외출할때의 그 묘한 긴장감... ㅋㅋ,1
R07202,꼭 봐라. 두 번 봐라.,1
R07203,2점은 됩니다,0
R07204,최고다 구성이며 연출 연기까지,1
R07205,오늘 압구정 씨지브이에서 시사회로 봤는데 제대로 쓰레기 영화다.,0
R07206,뱅상파레가 전쟁중에 피아노로 비창을 연주하던장면......잼있게본 프랑스영화,1
R07207,불륜 미화 영화,0
R07208,'김영옥' 님의 인물정보 잘못된 거 아닌가요?1948년 생 '김영옥' 님으로 알고 있는데...,1
R07209,테무진의 인간미를 영화화하였고 더불어 그의 아내 보르테의 조강지처정신을 입혔다.,1
R07210,역시데이스퀘이드 날실망시키지않아 정말진심으로가족이많았음하고생각하게된영화,1
R07211,내가 어린이였다면 토니와 같이 연잎을 밟으며 물 위를 뛰고 공중에서 사다리를 타는 꿈을 꿀 법한 영화. 어른이라서 그리 판타지로만 볼 수 없는 것이 조금 안타깝다.,1
R07212,DVD까지 샀는데..,0
R07213,말이 필요없는 명작.. 어릴때 본 영화지만 지금봐도 재미있네요,1
R07214,정말.... 할 말이 없다....,0
R07215,앞에 박스에 대한 소재로 흥미 유발 시키다가 30분후 부터 산과 들로 뛰어다니는 스토리OOO풀어 논거처럼 머리속만 헤집어 놓고 ㅅㅂ 사실 길게 쓰기도 짱증난다 절대 비추임보고 싶으시면 차라리 소설을 읽으세요OOO놔 사실 빡쳐서 부인이랑 욕했음,0
R07216,내 생애 가장 재미없었던 애니. 개콘 안보는 우리 아이는 개콘 흉내내는 말투마저도 재미를 느낄 수 없고 화질도 별로. 너무 지루함. 이야기 개연성 없음,0
R07217,평점 믿고 봤다 답답해 죽는 줄.. 역시 한국 영화의 한계... 7점 정도 되나 평점조절위해 1점 줌 ..,0
R07218,넘버 원입니다. 온 가족이 같이 볼 수 있는 최고의 영화!,1
R07219,정말 최고의 드라마...,1
R07220,액션도 좋고 멋있고 볼만합니다!!,1
R07221,이런 재미없고 볼거없고 흥미없는 교육용 애니메이션,0
R07222,줄거리와는 다르게 흥행에 초점을둔 영화.. 혁명이란 단어만 사용할뿐...,0
R07223,"촬영,편집,연기,연출 모든게 붕터서 엉망 진창이네",0
R07224,시종일관 알지못할 이야기를 떠드는군,0
R07225,정말 너무 감동적이었다. 영화는 우리가 아직까지 미처 마주하지 못했던 새로운 감정을 끌어올려 스크린에 투영시킨다. 스티븐 시걸 그가 이 영화를 선택한 것은 단연 그의 연기 인생 최고의 선택. 관객으로서 놓쳐서는 안 될 작품.,1
R07226,"최고다. 박수가 나오는 영화. 위노라이더 전성기, 사운드트랙도 굿",1
R07227,괜찮네. 중간에 왜 지능범이 바보짓 할까 했더니 반전이 있군~,1
R07228,어설픈 연기 한효주가 불쌍함,0
R07229,진짜 짱!! 노래도 완전 멋졌어요 새우도 ㅋㅋ,1
R07230,정말 최고입니다.,1
R07231,솔직히 이정도 평점의 영화는 아닌듯한대...전 잼있고 슬프게 봤어요..,1
R07232,뮤지컬 좋아하는 사람들도 재미없다함 ;;; 그냥 억지로 여기저기 끼워맞춘 느낌이 강함~ 배우들도 좀 이상하고 ;,0
R07233,맹 나온뒤로 저도 안봅니다,0
R07234,음양사1편보다는 일본적인 색체가 강하지만 음양사를 더 잘 표현한 영화^^,1
R07235,잼있네요 ㅎㅎ로한 돌아아줘~~,1
R07236,그 당시는 이 수준도 즐거웠었던가?,0
R07237,많은 분들이 얘기하신대로 어떤 뮤지컬 영화와도 비교가 되지 않을 정도라고 느껴집니다!! 강추!!,1
R07238,재밌다 굿 재밌다 굿굿쟁,1
R07239,최진실은 완전 얼짱에 몸짱에 매력짱이었다.,1
R07240,연기력 오글오글..배우들 모두 사투리가 완전 어색함이 오싹할정도다..티비에서 공짜로 봤는데도 본 시간마저 아깝다..와~ 극장에서 돈주고 본사람들은 얼마나 돈과 시간이 아까웠을까..하는 영화,0
R07241,이런 막장들마 끝내주세요정말 시간낭비에 정신건강에도 해로워요 ㅜ,0
R07242,"숨겨진 명작이다. 절제되고 세련된 액션 영화의 미학, 새로운 장르를 만들었다.",1
R07243,다소 충격적이다. 머리가 지끈거린다. 실화라니 .. 슬프다,1
R07244,그렇게 일일이 얘기 안해줘도 아는데,0
R07245,"평점이 너무 높다. 우리는 이미 [인생은 아름다워]를 봤다. 이 영화는 어리석게 같은 소재, 아이를 소재삼아 더 열악한 표현을 했다. 극 초반 부 현실적이고 충격적으로시선을 잡았으나 중후반부 너무 쳐진다. [인생은 아름다워]는 정말 잘 만든거였다.",0
R07246,배우 이유영 을 알게 된 영화. 보석을 발견한 기분! 간신의 그 배우인 줄 오늘에야 알았네요. 응원할게요!,1
R07247,"스플래쉬나,아폴로13의감독 론 하워드가 감독한 분노의역류에는,발가락의때에도,미치지 못한다.당연히 다빈치 코드 씨리즈를 감독할 일도 없었지.감동을 위한 감동,억지감동만이 존재할 뿐이다.졸작은 아닐지라도,아류에 지나지 않음.근본적으로,높이 평가받기 어려움",0
R07248,영화도 탐만내다?...,0
R07249,아름답고 감동적인 영화 갱들이나 유산에 눈먼 망할 자식들 빼고,1
R07250,마지막장면은 눈물을흘렸으나 중간중간 역시 드라마답게 정말 말도안되는 부분을 억지로 끼워넣고 세나의 말도안되는 우연에 우연을 가장한 개입부분도 너무억지스러워서 삼점주려다 마지막부분 잘만든흔적이있어서4점줌 마지막화빼고 정말 막장드라마였다 좀더 잘만들지..,0
R07251,막장액션,0
R07252,잼씀ㅇㅇㅇ우어오ㅓ랒우루어나,1
R07253,색감에 취하는 영화. 어떤 이는 안 좋게 볼수 있는 의도라고도 생각하나 죽였다면 과연 더 좋은 세상이 왔을까? 수많은 피를 부르고 더 큰 혼란이 왔을듯. 새로운 이가 다스려서 과연 불만이 없고 희생이 안 따랐을까? 희생이 항상 따르는게 안타깝지만 현실,1
R07254,재밌었어요! 그리고.. 너무 빨리 끝나서 아쉬워요.,1
R07255,한정 된 공간에 ㅄ 같은 스토리,0
R07256,무릎팍에 나와서 농담으로 한 줄 알았던 게 진짜 나와서 신기해서 봤는데..,0
R07257,웃음과 눈물 죽음과 슬픔이 교차하는 처절하고 극적인 마지막장면은 한국영화 역사상 가장 슬픈 장면 중 하나일듯,1
R07258,제목만 보고 그냥 가벼운 코미디예상했는데 이 영화 뭔가 있네요. 좋았음,1
R07259,"허접한 영화인건 확실하다, 제시카알바땜에 보긴했지만,시간 아까분~*",0
R07260,지금쯤 어디선가 잘 지내고 있는 그녀와 첫테이트날 극장 맨앞줄에서 봤던 영화다 첫테이트의 설레임과 떨림으로 내용이 전혀 기억이 나질않아 최근에 다시봤던 영화...대작은 아니지만 꽤 재밌네요ㅎ,1
R07261,솔직히 나는 재미 없었다,0
R07262,이연걸 영화는 탈출 보디가드 태극권 영웅 꼭 봐야하는 영화지 그외 뽑으라면 황비홍 시리즈 동방불패 모험왕,1
R07263,헐리우드식 결말이네요,1
R07264,저들의 희생을 헛되지 않게 하려면 어떻게 해야 하는 걸까요 나혼자 안먹는다고 해결되지 않는 다는게 가슴이아픕니다,1
R07265,프랑스 영화답고국ㅁ민배우들의 연기도 좋았습니다.갱스부르는 정말 빠리 그 자체네요,1
R07266,반개 빠진건 초반의 레드포드가 좀...그리고 은총탄에 대한 결론도..,1
R07267,"한국판 더와이어라고나 할까 부조리와 부패를 저지르는자, 그것을 추적하는자 역시 각자가 처한 입장에서 최선을 다해 살뿐. 박근형씨 나오는 장면에선 대부OST와 비슷한 음악이 나와서 거슬렸지만 시나리오하나로 승리한 드라마인만큼 작가에게 박수를.",1
R07268,B급 무비중 가장 스타일리쉬하다. 농도약한 피색깔이 오히려 섬뜩하더만,1
R07269,허접한 CG와 유치한 개그보다 더 최악인건 연예인들 더빙....,0
R07270,딴따라 광대들의 더빙 쓰레기는 닥치고 1점 빌리헤링턴이나 데려와,0
R07271,3점 준 새끼가 누구야,0
R07272,완전 쓰레기는 아니고 그냥 보면 멍때리는 영화,0
R07273,겁나재밌기만하네.. 아무생각없이봤다가 눈물크리맞은영화,1
R07274,글씨만3d 돈아까움ㅋ,0
R07275,고달픈 현실이지만 유머와 해학이 있어 가볍게 극복할 수 있는 영화.,1
R07276,끝까지보기 힘든영화 액션도 줄거리도 빈약하네,0
R07277,왠만하면 영화 군말없이 잘 보는 편인데 와.. 진짜 이정도로 쓰레기일줄이야,0
R07278,2시간이 넘는 러닝타임동안 스토리의 전개가 정말.... 킬링타임용으로두 부족하며 중간에 갑작스런 뮤직비디오?... 뭐지이건? 이라는 생각과 웃음만이... 남자주인공의 사랑스토리? 전개는 정말 최악 허각의 언제나 뮤직비디오의 교통사고를 능가함...,0
R07279,"모짜르트와 바하를, 비틀즈 그리고 나를... 첫 독백을 듣는 것만으로도...",1
R07280,치부와 같은 인간의 본능을 자연스럽게 보여주는 영화. 우리는 모두 위선자다.,1
R07281,왠지 ......짜증나서 못보겠음 ..여자주인공 정말 싫었음,0
R07282,내면에 감춰진 욕망의 몸부림..,1
R07283,에휴..참,0
R07284,아니! 이게 진짜 그 게임 포탈이란 말인가?!,1
R07285,ㅠㅠ 진짜 넘잼쏘용,1
R07286,귀찮아도 평점 작성할 만한 영화!,1
R07287,딸진짜개화나네 아 니때문에!!!!,1
R07288,최고임 ㅋㅋㅋ 완전 몰입해서 봤어요,1
R07289,지금 보고 있는데 슈남편 보는내내 짜증나네요개념은 이미 밥말아먹었고 존칭은 온데간데 없고 다음주부터 제발 빼주셨음 합니다. 1점도 주기 아깝네요,0
R07290,평점이 왜이렇게 낮은걸까요?; 소재도 신선하고 중간중간 많이 웃었습니다 ㅋㅋ,1
R07291,흥미로운 내용이네요^^재미있게 잘 봤습니다.,1
R07292,네가본것은2시간짜리영화인데여자들이관심을보이는건돈이랑물건크기뿐이네,0
R07293,이야 이때고 중딩때였는데 빠르다 ㅎ,1
R07294,뒤로 가면서.. 내용이 대충...,0
R07295,용두사미 스토리의 표본. 중반들어 궁내 권력암투만 다뤄 지루해. 짜증났던,0
R07296,내용 전개와 전혀 어울리지 않는 교훈. 대 망작,0
R07297,정말 명작인것 같은데 평점이,1
R07298,그 지역 사투리 제대로 구사못하면 배우 쓰지마라.,0
R07299,"술, 마약, 섹스... 쩝..",0
R07300,중반 조금넘게까지 보다가 포기!!! 자기입장에서만 떠들고 당췌 지루해서 볼 수가 없다...,0
R07301,영화관에서 옛날에본건데 진짜.. 돈이 넘아까웠어..,0
R07302,딱말해준다잉 안나온다,0
R07303,음식 주제로한 영화중 단연 최고.,1
R07304,"3d 영화라 영화값은 비싼편임에도 구성은 빈약한편... 몇개안되는 작품, 작가만을 취급한 아쉬움...작품의 비하인드 스토리도 부족해 전반적으로 실망스러웠음",0
R07305,인간의 본성을 그대로 나타내다.. 하지만.. 딱 우리시대의 가족이 아닐까,0
R07306,어른이봐도 재미있는 완전 강추!!!!,1
R07307,정말 다시 보고 싶은 영화. 언젠가 내 앞에 저런 요정이 나타날줄 알았는데...,1
R07308,"지나친 사색? 아니, 가득찬 종교적 허세.",0
R07309,돈 불지르는게 더재밌다,0
R07310,너무 유치해서 웃음만 나올뿐...,0
R07311,나탈리가 누구인지 더 궁금한데 어느새 끝나버렸다.,0
R07312,난 볼만했음..,1
R07313,이 영화는 유실된 영화라서 볼 수 없는데 최고의 영화라니...,1
R07314,말이 필요 없습니다. 최고입니다.,1
R07315,모든 배우들 각각의 역할에 너무 잘 어울려요.너무 좋습니다 ! 음악이며 연출이며.. 분위기가 사람을 몰입하게 만들어요! 감사합니다!,1
R07316,와 재미없네요 고작 뼈 하나로 아들 집에도 못오게 하고 토피도는 칩스한테 전기충격 엄청 많이주고 이게 뭐임 게다가 피쉬는 인생 쫒기면서만 살겠다 이건 아니지 그리고 칩스는 지 편할라고 뼈나 훕져대고 잼없다,0
R07317,"다세포소녀, 클레멘타인, 그리고이거",0
R07318,재미져요자저죠자쟈져조,1
R07319,재미야 있긴 있었지만 전체적으로는.... 솔직히 장근석이 나온 영화 중에 가장 맘에안드네요.,0
R07320,진짜 정말 재밋다 한국영화중에 최고다,1
R07321,지금까지 배트맨 시리즈중 최악 조지클루니....그는 진짜 배트맨이 아니었다. 8년이란 긴시간동안 배트맨을 땅으로 뭍힌 영화이다.,0
R07322,내가 일뚱이다. 대다나지. 우겔겔겔겔,0
R07323,티비 돌리다가 우현히 보게되었는데 진짜 보길 잘했네.....추천요,1
R07324,명작 말이필요한가여???,1
R07325,"내용, 연출, 음악... 다 부실...;;;",0
R07326,여자경찰 너무 이상할정도로 비호감이다. 너무싫다.그래서 2점.,0
R07327,암담했던 왕가위 표절영화. 영화 내내 색끼 넘치는 연기를 보여준 배우들에게 충격,0
R07328,그냥 분위기만 만들고 싶었던건가? 무섭지도 않고 흠미진진하지도 않고 나인스게이트로 들어갔는데.. 그래서 어쨌다는건지. 아무 의미 없다,0
R07329,저평가된 영화라 안타까운 마음에 10점~ 훌륭한 영화인데 흥행실패라니 ㅜㅜ,1
R07330,그냥... 말이 필요 없다.,1
R07331,굿... 입니다 지루하지 않고 좋았어요,1
R07332,시리즈 별로 다 다운받았는데 더이상 억지로 보기가 힘드네..이쯤에서 포기해야지,0
R07333,교훈적이고 여배우들 몸매도좋고 배경도 황홀하고 잘 만든 영화네요,1
R07334,네이버 평점 믿지말자,0
R07335,찰리채플린 정말 존경해요,1
R07336,꿀잼입니다 시리즈중에 젤 굿,1
R07337,감독을 쥐어패고 물어뜯고 싶다.,0
R07338,내용은 솔직히 재밌긴한데 연기자들 연기만 더잘했으면 좋았을것을...영화가 긴장감이없어 연기자들 표정변화가별로없어ㅋㅋ,0
R07339,이건 한국드라마의 전설이다,1
R07340,명배우는 다모였는데 아쉬움만 남는 작품 런닝타임짧고 레오빛나는 비쥬얼이 선방,0
R07341,세상에 월터같이 따스한 시선으로 바라보는 사람들이 많아졌음좋겠다,1
R07342,진짜 핵핵핵핵 노잼 더빙된거 봣는데 어찌 이리 극혐일까 소름 개돋네요.. 목소리 O나 하나도 매치가 안되네요;; 갠히 더빙으로 봐가지고 ㅡㅡ;; 평점이 왜높은지 ㄹㅇ 이해가 안되네요 설득좀 해주실분?,0
R07343,"성룡영화중 최고의 작품!! 성룡 원표 홍금보의 캐릭터를 가장잘살린 명작!! 재미있고 가슴떨리도록 액선도 강하다 성룡, 당신은 최고입니다!!",1
R07344,굿ㄲㅋㅋ잼나앙ㅋㅎㅎ,1
R07345,온갖 사람이 가질수 있는 혹은 사람이 모를 수도 있는 감정에 휘말렸던 영화였습니다. 분노 시기 질투 사랑 연민 동정 슬픔 두려움 그리고 이름이 뭐에요라는 대사와 함께 다시 시작,1
R07346,넘했다.~,0
R07347,"재미없어요 액션 오락성보단 실제 냉전시대 각 국의 정보기관의 생리, 그리고 실제 정보전의 고증을 그대로 표현한 현실성.. 다큐멘터리를 본 듯한 기분",1
R07348,"주성치 영화를 보는 듯 했지만, 아직 많이 멀었다",0
R07349,이 영화를 보고 암에 걸렸습니다.,0
R07350,"발없는 새, 장국영...",1
R07351,하...작은 그림보고 기대했는데..수염..눈색깔도 뭐..이건 뭐 원작 비충실..ㄹㄹ,0
R07352,최초로 한국 극장용 만화를 만드시다니용기에박수를보낸다시기가안좋긴했지만 훌륭함,1
R07353,완벽.....,1
R07354,왜 늑대로 표현했는지 이해됨. 너무나 잔인하게 죽기 때문에 동정을 얻을 수 있기에.,0
R07355,여기 별점없는건 없어요? 1개도 아깝꺼들랑요..,0
R07356,생각만 해도 눈물이 주룩.. 어떻게 이렇게 탄탄한 구성의 드라마를 만들 수 있는지..,1
R07357,OOO들의 판타지를 만족시켜주는거니,0
R07358,최고의 영화. dldkejdooljsdflkaef,1
R07359,일사천리로 진행되는 미친 듯한 속도.,0
R07360,아무리 잘만들어도 죗값은 받아야지.애들이 뭘배워,0
R07361,생각한것보다 의미깊고 여운이 많이 남는 영화였습니다.,1
R07362,"다좋은데 서울이너무나서는거 보기싫어요,입바른소리도 정도껏해야지뭔일만있음 톡톡나서서 껴들고 말대꾸 따박따박하고눈치없이 행동하는거 보기싫으네요...어색한사투리도 듣기싫고...연기력문제인지 캐릭터자체가 문제인건지...",0
R07363,마지막 소년의 돌은 '티오노리코' 사랑을 전하기 위함이었다.,1
R07364,"존1나 지루하네 ,,,, 아 ㅜㅜㅜㅜㅜㅜㅜㅜㅜㅜㅜㅜㅜㅜㅜㅜㅜㅜㅜㅜㅜㅜ",0
R07365,비도 오고 영화나 볼까?하는 마음에 봤는데 두 배우의 매력에 정신없이 빠져듬~ 복사기 디카 이필모 심의영도 모르고 보다가 영화끝나고 알게됨~목소리로 열연 하셨음 ㅎㅎ,1
R07366,내가 남자 주인공이고 싶다~,0
R07367,액션이 없다길래 기대없이 봤는데 액션도 출중하고 특히 로보캅 시야로 보는 연출은 정말 기가막힘.. 뭔가 말을 할수없는 감정이입이 되는데 인간적인 감정과 기계적인 범죄 검거 사이에서 갈등하는 로보캅 그리고 그걸 안타깝게 바라보는 가족의 마음. 최고였다.,1
R07368,역시 러셀크로우!!,1
R07369,"중간에 보다 만 영화, 어덯게 이런 영화가 나올 수 있는지,,",0
R07370,최고의 드라마 몇번을 다시보게 만든다. 현빈..화면으로 봐도 너무 떨리게 멋있다...,1
R07371,강력한 분노를 느끼고 싶으시다면 적극 추천합니다.,0
R07372,유럽 사람들은 영화를 이야기로 보지 않는 듯,0
R07373,겉멋 잔뜩들은 우리나라 영화보다 훨 나음. 이래서 일본영화가 좋다.,1
R07374,남자의 육체의 아름다움을 표현하지 못한 졸작중의 졸작,0
R07375,할머니가 자꾸 여자에게 뽀뽀하려고 하는거 진짜 역겨웠는데 밑에분 댓글보니 감독인 샘레이미가 여자 입에 뭐 집어넣는거에 페티시 있냐고 말할 정도인거 보니 감독이 문제였네요. 아오 역겹게시리,0
R07376,민망한 영화,0
R07377,현란한 동작의 춤만 있고...진부하고 식상한 내용에...그냥 차라리 춤에 관한 다큐였으면...좀 괜찮았을 뻔...,0
R07378,"이영화 평점이,너무 낮은듯",1
R07379,"너무 감동적이에요...흑흑...ㅜㅜㅜ 봐도봐도재미있어요,,,,(,,,, ㅜㅜ",1
R07380,내인생 최고의 드라마. 상도36화에서 인삼거래 성사시킨건 죽을때까지 기억날듯,1
R07381,아 진짜웃기닼ㅋㅋ닼ㅋ,1
R07382,"다람쥐는 2배나 더 많아졌는데, 1편을 귀엽게 본 사람들은 2편도 괜찮게 볼 것이다. 마찬가지로 1편이 별로였다면 분명히 2편도 별로다.",0
R07383,재밌다는 사람들은 뭐지 ㅋㅋ 완전 지루하던데,0
R07384,그냥 새로운 시각의 영화같아요. 끝부분이 흥미롭네요.,1
R07385,스토리 라인만 원작 시나리오이지만.. 휴.. 솔직히 책읽고 이거보니까 재미없었어요,0
R07386,젊은 영화학도의 이야기. 감독 자신의 이야기를 영화로 녹여내다,1
R07387,사람은 서로 관계를 통해 상처를 치유하며 살아간다....명작이다.,1
R07388,정말 최고의 영화 강추,0
R07389,30년도 전에 나온 필름이 지금껏 SF영화계에 미쳤던 존재감에 대한 찬사.,1
R07390,바탄땜에 봤는데 역시 로페즈는 영화를 망친다...,0
R07391,보지마라 ㅋㅋ형이말한다,0
R07392,평점조절. 딱 8점 정도. 킬링타임 용으론 나쁘지 않음.,1
R07393,깔끔한 연기 연기자들의 조화 보는 재미 나무랄데 없는 코미디,1
R07394,슬퍼 ㅠㅠ 노래도 좋고 ㅠㅠ,1
R07395,"어릴적,정말좋아했던농구만화^^Ost도완전좋음ㅋ",1
R07396,소재는 좋은데 뭔가 2% 아쉽네요.재밌게 봤습니다.,1
R07397,이건뭐 재미도없고 감동도없고... 유오성씨 아무리 돈이 급해도 시나리오 보지도않고 계약 합니까? 그냥 보고있던 시간마저도 아깝게 만드는 작품. 차라리 유오성 출연을 비밀에 부쳤으면 욕은 덜 먹을듯.,0
R07398,나무랄 데가 있을까. 이 정도 액션이면 갑이지.,1
R07399,버림당한다는 감정이 어떤건지울고불고 하며 표현하는것보다 어떻게 반응을 해야할지몰라서 너무 상처받아서 가만히 있는 시릴의 행동이 정말 공감갔다.연출이 굳...!!!,1
R07400,평점 왜이러지? 진짜 재밌게 봤는데. 웃기고 슬프고 웃픈 웃픈 장르로는 대종상 청룡영화상 감이다! 연기자들도 신선하고 케릭터에 너무 잘맞았다. 아래 평점들 정말 이해안감...,1
R07401,참 이런명작이 없네. 누구나 겪었을법한 이야기에 세상더러운것까지.,1
R07402,진짜..다시봐도 핵슬프다..,1
R07403,두배우들의 연기가 너무귀여웠음,1
R07404,"imdb에서 예고편 보면 얼마나 허접한지 눈치 깜,렌탈이나 VOD시장 겨냥한 꼼수개봉작",0
R07405,"1편도 별로였는데, 더 별로다 ㅡㅡ;",0
R07406,으앙 진짜재밌어요 진짜!ㅜㅜ 애기가 아빠하면서 울때 같이울엇음ㅠ진짜감동적!!추천,1
R07407,이런영화가 있어는지 오늘 처음 알았다 영화보고나서 ....더이상 설명 안해도...,0
R07408,샤론스톤과 스텔론의 조합..나만 좋아하는건가?,1
R07409,임권택씨 실망을 넘어서 극혐의 감정까지느낍니다,0
R07410,이거 추천해준 놈 누구야...평점을 믿나 봐라...어리석은 스릴러물,0
R07411,"좋아하는 영화 목록에 있는 작품인데,",1
R07412,미국이 등장할때 만 간지났어,0
R07413,정말 대책이 없구만 .,0
R07414,재밌군,1
R07415,호프만이 그립다.. 다시는 호프만의 연기를 보지 못한다는 현실이 괴로울정도,1
R07416,외국탑기어가 짱짱이네,0
R07417,굿굿굿 공룡얘기 어렸을 때 진짜 좋아했는뎅,1
R07418,막장드라마네,0
R07419,본격발암영화!!!!등장인물다짜증나!!!!,0
R07420,일본영화 특유의. 감정팔이 보면서 짜증났음..센과 빼놓고는 극장영화는 진짜 별로임,0
R07421,보다가 졸려서 ㅡㅡ 전ㄴ ㅏ 지루해 ㅡㅡ장난치나 실화면 6하원칙에 맞춰서 만들던가 ㅡㅡ,0
R07422,이쓰레기가 평점이 5점이네 ㅋㅋ 감독이 각본까지 섰네.이거 싸지르구 타격이 컸을듯,0
R07423,내인생의 교훈이 되었던 영화....,1
R07424,내용이 뒤죽박죽임으로 수수께끼는 풀려고 하지 마라.,0
R07425,해리와의 갈등과 복수가 약했고 전작보다는 아쉬움이 많이 남는 3편이다 하지만 액션신과 토비의 선과악을 매력있게 연출해냈고 마지막신까지 깔끔하게 정리했다.,1
R07426,이런 쓰레기영화 만드는게 이해가 안갈정도 다 ...,0
R07427,무슨 코미디가 이렇게 안 웃겨,0
R07428,중간쯤에서 스토리를 짐작해버림...재미도 없고 지루함.,0
R07429,은행 강도 영화라고 하기에는 너무 부족하고 형제애를 그렸다고하기에도 어이없고 사랑얘기도 아니고 기껏 경찰들 시선을 다른데로 돌려놓고는 정작 경찰이 출동하니 어영부영 시간끌고있는 어이없는 상황 보다 답답해 미침,0
R07430,국내 꼬마들이 불쌍하다 이런걸 '3D'애니메이션이라고 착각하고 재밌다고 할수있잖음,0
R07431,출연진은 나름 빵빵한데 내용은 왜 그래?????????,0
R07432,이게 왜 '주먹왕 랄프'보다 평점이 낮은지는 모르겠다.그리고 달걀의 반전은 충격적이었다.ㅋㅋ,1
R07433,요즘엔 이런영화 안나오나..,1
R07434,마이너스가 없는게 아쉬운 씨리즈 울거먹기 쓰래기..,0
R07435,완벽,1
R07436,윤제문 1인극 다른 배우들은 존재감이없네,0
R07437,"고증, 액션, 스토리, 연출...뭐 하나 제대로 된게 없는 영화",0
R07438,너무 지루하고 재미없다. 취향에 따라서 호불호가 있는듯,0
R07439,완전 재밌어요!!!,1
R07440,이영화를보면 모든남자가 다이런 OO이발정난OOO처럼 보이실수있지만 맘따뜻하고 사랑하는사람을아껴주기위해 자기자신을 절제하는 남자도많습니다.. 영화보고 꽤나 기분이나빳네요 영화자체는 그리나쁜것같진않지만..,0
R07441,남자 배우들 하나같이 너무 멋있어서 눈호강ㅋ 근데 그거 빼고는 영화 내용도 어수선하고 등급도 15세 수준이여서 그리 재밌게 보지는 않았네요. 잘생긴 남자 세명 갖다놓고 찍은 영화가 이거라니 너무 아쉽네요,0
R07442,아직도 잊혀지지 않는 계단 신...폭력은 전승된다..,1
R07443,무차별적인 살상...공포 보다는 어이 없음이...,0
R07444,와....흥행하지못한게 이상한영화....,1
R07445,정신병자인가 ㅈ을 왜찌름 ?,0
R07446,연출 각본 배우들 연기까지 최고임 재밌게 잘 보고있어요,1
R07447,아바타 명장면 기억나시죠? 완전 실감나요.,1
R07448,오세아니아의 바람에서 온 정취적 풍경.,1
R07449,재밌당 ㅎㅎㅎ,1
R07450,so funny !!!,1
R07451,최고의 사극,1
R07452,캐쓰레기,0
R07453,역시 한국종특들은 감성팔이에 쉽게 당한다. 침략당해도 싸다.,0
R07454,현실도피가 아닌 현실을 바라보게 하는 영화,1
R07455,짧은 러닝타임이 그렇게 길게 느껴지게 하는 마법의 연출력,0
R07456,이도 저도 아닌 어중간한걸 본 느낌 ...,0
R07457,터미네이터 아류작,0
R07458,"빠른전개, 영화시작 20분만에 원인파악. 하지만 엉성한 스토리와 최악의 CG 같은장면 붙여넣기등 c급의 영화. 전개가 빠르고 현대차나와서 3점줌. 근데 마지막 키스씬은 어처구니가 없다. 피라냐들도 넘쳐나는데 영화는 끝...?",0
R07459,"체내 분자배열을 바꾼다는 안드로메다설정은 둘째 치더라도 , 너무조잡한설정이많다",0
R07460,ㅅㅂ 이거 꼭 다운 받는다 ㅋㅋㅋㅋ,0
R07461,2점짜리 B급 영화...음,0
R07462,하이재킹을 소재로 한 영화중 최고라 말할 수 있다. (아놔 시걸형님..ㅜㅠ),1
R07463,스키모토 아야 더늙기전에 많은작품을 남겨야할텐데,1
R07464,"요즘 사람들은 긍지가 없다. 무술이든 뭐든, 두말할 필요없다. 홍금보의 자긍심하나만 봐도 최고다. 이런 사람들 때문에 인류는 발전한거다.",1
R07465,진짜 별 10개보다 더 줄 수 있는 영화내용도 연기도 최고!,1
R07466,지금 보면 오히려 웃음이 나지만.. 공포가 먼지 아는 영화,1
R07467,완성도가 전혀없는 3류영화.배우들 연기력은 초보수준.이런영화도있다니..,0
R07468,사랑스런 신민아. 참으로 귀여운 색녀..,0
R07469,"1편은 참으면서 봤는데 2, 3 갈수록 노잼에 4편은 진짜 욕밖에 안나옴 공각기동대 첫극장판부터 마사무네코믹스까지 다 모으는 광팬인데 내가 공각기동대를 졸면서 볼줄은 상상도 못했음 진짜 이거 기획한 ㅅㅐㄲ1 준내패고 싶음 차라리 SSS를 한번더보셈ㅠ",0
R07470,그냥 최고....최고,1
R07471,내가 선택해서 본 건데 원망하면 뭐하나?,0
R07472,that's what i see!!,1
R07473,시대의 명작이었다 엽청문도 이뻤고^^ 홍콩영화의 숨은 진주같은 영화다!!,1
R07474,둘리~,1
R07475,학교에서 봤는데 재미있고 가벼워 보였지만 교훈과 감동이 많았다. 몇 안되는 한국 최고 힐링 영화!!!!,1
R07476,음 나름 교훈적이고 재밌었어요 킬링타임용으로 최고!!!!!,1
R07477,전형적 슬래셔 영화. 스크림과 지난여름하고 흡사함ㅋㅋ재밌다,1
R07478,엄청 지루... 이렇게 이야기를 풀어내면 안 조는 사람이 없을듯,0
R07479,저는 정말 재밌게 봤습니다,1
R07480,bitch,0
R07481,어른이봐도 잼잇는 내용들이지루하지 안코 즐겻움,1
R07482,연기의 끝을 보았다...,1
R07483,그냥한마디로첫사랑 생각남엔딩곡 들으면서 데이트했던거 전화했던거 스쳐지나감,1
R07484,말이 좋아 전두환의 다단계 쿠데타에 항거한 운동이지 실상을 알고보면 ㅋㅋㅋ 에휴.. 1점드립니다. 1점도 아깝네요.,0
R07485,뭐냐이쓰레기는;;,0
R07486,말이필요없다 이거 10번은 더봣는대 진짜 명작...,1
R07487,정말 시간가는줄모르고 재미있게봤어요 ~괭장히 사실적인 느낌의 영화였어요 ~,1
R07488,음..... 공포영화라고 하긴엔 좀 많이 부족한 영화,0
R07489,아이와함께즐거웠어요,1
R07490,연기 못하는 청춘스타들로만 주연해도 안되는건 안돼,0
R07491,쩌렁쩌렁배경음이 정말 입체적이라 몰입도가 더함.제3세계영화치곤 스토리도 탄탄 볼거리도 있고 우연한 리뷰를 보고 보러갔다가 재밌엇음,1
R07492,어린이날 개봉했어야했어,0
R07493,독립영화의 진수를 보여주는 아주 감동적인 영화,1
R07494,감동.... 하하하하,1
R07495,최고의 영화였다.,1
R07496,내가 기대했던것보단....나랑 안맞네...,0
R07497,아 공룡들 보고싶은데 오버하는 못난이 가족들이 주인공이라 도저히 못보겠다,0
R07498,"내가 본 영화중에 가장 슬프고,충격적이고,비극적인 영화였다.이자벨 아자니라는 분이 정말 연기를 잘해서 몰입도가 높았던것같다.",1
R07499,정말 지루하고 이상한영화... 빨리감기를 몇번이나햇던지..--,0
R07500,잘 나가는듯 하다가 막판에 지나치게 오버스럽게 나가고 만다,0
R07501,30개월 아들과 첫영화 이보다 좋을순 없어요,1
R07502,"기쁨, 슬픔, 생명 그리고 죽음. 인간의 역사속에 거대한 하나님의 우주적 섭리가 느껴지는 영화. 특별히 어머니의 역을 맡은 여배우의 여성미와 자애로움이 인상적이다. 인생을 살면서 그런 존재가 된다면. 영상미 예술이다!",1
R07503,하얀골룸은 너무 했다. 그녀들의 끈끈 우정과 무사귀환을 바랐거만 이 무슨..,0
R07504,진짜 재미있다지금본거를후회함,1
R07505,최고! 음악과 그들의 이야기,1
R07506,신선하고 흥미로운 초반 분위기에 비해 둔탁해진 후반전,0
R07507,"오빠는 알고보니 그냥 부처, 보살이구나.. 너무 불쌍하네.. 초 중반의 지루함을 이겨내는 반전은 괜찮았는데 마무리가 너무 허무하다",0
R07508,만담이 이렇게 웃긴지 몰랐네요~! 적극 추천합니다~!,1
R07509,크흠 우리나라가 일제강점기에서 만들어진영화인데,1
R07510,액션이 멋지던 영화 잼깄했눈뎅,1
R07511,첨에만 잼있었다.... 조형철 죽은것도 업체사장은 뭐고.. 액션도 로맨스도 아닌 억지로 분량 채운 노답드라마,0
R07512,그의 영화를 많이 봤지만 감탄하게 되는 건 매순간이다,1
R07513,나 여자ㅋㅋ 한 열번봤나? 매번 볼때마다 신선함ㅋㅋ,1
R07514,광고대행사 알바자식들 좀 광고를 하려거든 티안나게 하던가 대놓고 저래 쓰냐,0
R07515,최소한 바둑이라는 소재는 살렸어야했어 .... 아저씨 신세계 흥행하니 분위기 따라한티 남이범수 이시영 포스 넘약하다 .바둑이 안나와도 스토리 걍 흘러갑니다 .. 형의 죽음 복수 잔인한 피난무 끝 !!정우성 비쥬얼 2점,0
R07516,"깝깝함을 느끼고싶다면 추천. 정신 놓고싶을때 보세요. 작화, 특히 하늘은 이쁩니다.",0
R07517,"생각 한 것 보다 재밌고, 괜찮았어요. ㅋ",1
R07518,나도 말레피센트처럼 커다란 날개가 달렸으면 좋겠당 하늘을 자유롭고 빠르게 날아보고 싶다ㅠ!,1
R07519,이미연 이뻐,1
R07520,완전재밌!!!,1
R07521,그냥 떵덩어리. . .영화라는 글짜도 아까운,0
R07522,일본에서 100만 관객? 어이없다 정말..ㅡㅡ;;;,0
R07523,현실은 현실이구나,1
R07524,재미없다.보지마라..,0
R07525,성룡은 좋아하지만 평가는 감성적이지 말자 스토리 헛점은 어쩔수 없지만 아이들 말고 다른 출연진들 문제가 많은 듯 너무 어울리지 않는듯 하다,0
R07526,완죤 잼나요~~~~~~ㅎㅎ 대박ㅋ,1
R07527,하..왠만하면 안자는데..이건 내용도 어정쩡 액션도 어정쩡..차라리 용가리 보세요,0
R07528,한국 나오길래 잘 보려고 했는데 진짜 재미없다. 그리고 중국 로맨틱 코메디 이해불가,0
R07529,여주인공 쓸데없는 비명때문에 참신한 소재 다 말아먹네요. 꺅꺅대는거 제외하면 괜찮은 구성,0
R07530,최악의 캐릭터들의 이기적인 행동들. 완벽한 페미니즘 영화란 바로 이 영화다.,0
R07531,대니 보일. 날 실망시키지 않는 감독들 중 한 사람.,1
R07532,제작비에 비해서...,0
R07533,괜춘함 ㅎㅎ;,1
R07534,연기만 괜찮다면 좀 봐줄만했는데..,0
R07535,벅스라이프에 개발린영화 불쌍해,0
R07536,미국이라는 나라는 참...,1
R07537,영화보단 났다 긴급조치보단 가라 그냥 ㅡ,0
R07538,아 엣날이여 ㅋㅋㅋ,1
R07539,재미있고 마지막엔 감동적이었어요 과거의 향수도 느낄수 있어서 마음이 따뜻해지는 영화였어요,1
R07540,최악이다 최악같이 보자고 했는데같이 본 사람에게 너무 미안하더라,0
R07541,오페라인데 뮤지컬처럼 대사가 참 많아서 독특했던..무엇보다 모짜르트 음악은 참 쉽게쉽게 귀에 전달되서 좋네요^^,1
R07542,ㅋㅋㅋ아이거마지막까지욀케황당하지ㅋㅋㅋ스토리만봐도4점은줘야할영화임ㅋㅋ,1
R07543,이것은 1점이 아니다내인생 1등영화를 알려주는것이다,0
R07544,불량품이 어느 때보다 귀중하고 특별하다는 것을 느꼇던 영화,1
R07545,세 세상에..반전영화라고 추천받아서 봤더니 보는중간에 반전은 알수있다.옛날영화라 그런지..감동도 없고.뻔한스토리.하 그냥 킬링타임용으로 딱 적당한듯.젊은 이완 맥그리거의 모습이 가장 인상깊었다.평점 왜 높은거야 대체?,0
R07546,나이 들었어도 로저무어의 연기는 굿!,1
R07547,어중이 떠중이..아이를위한것도 아니고 어른을 위한것도 아님,0
R07548,한국영화가 알바들 이래서 문제야 왜 이 영화가 7점대인가 설명해봐!!,1
R07549,정말 기대없이 봤는데 많은걸 느낀 영화,1
R07550,개OO,0
R07551,재밌네요 훌륭합니다^^,1
R07552,"5~6점 정도 그냥저냥 볼만함. 사회 문제 지적질 때문인지 별점 테러 세력과, 기대하고 본 사람들의 실망감이 어울러져 별점이 형성된듯.",1
R07553,아..이 박복한 트리스탄 ㅜㅜ....,1
R07554,제목에 ‘캥거루’를 넣고도 정작 영화는 진부하고 엉성하며 그리 재밌지도 않은 코믹 범죄 영화다.,0
R07555,굳굳완전굳이에요~미래랑세주랑됐으면좋겠다ㅠㅠㅠ,1
R07556,신우현~황성열♥♥♥잘생김.연기돌♥♥♥♥,1
R07557,이영화 중간까지보고 쓰는데 이런영화 만들어서 사람들 괴롭히지마라 ;;감독도 감독인데 진짜 어디서 저런배우들이 굴러들어왔을까 그리고 좀비는 전봇대냐 앞에 사람 지나가는데 잠자네ㅋㅋ 좀비 능욕당한 영화다,0
R07558,전작과 함께 꿀잼을 보장!,1
R07559,식상한 스토리...거기다 지루하기까지...,0
R07560,과거부터 미래까지 섞여있는 독특한 전개와 담배연기로 이어지는 화면 전환. 그러나 이야기가 복잡하지않고 화면으로 빨려들어가듯 좋았습니다,1
R07561,너무꼬았어...뭐야 이게 대체,0
R07562,"부족하다 실화라는데 연출부족인지 연기부족인지..누구말마따나 용서를 바라지도 않는데 용서한다는게 이영화의 메세지라는데 , 용서를 비꼬아놓은 작품같다주제가 뭐든 재미는 없다",0
R07563,당신이 아직 이 영화를 보지 않았다면 당신은 아직 살아야할 그 이유 한가지를 간직하고 있는 것이다.,1
R07564,일본영화는 정말 저질이야.,0
R07565,ㅜㅜ 슬퍼 새벽에 급울었다...정우성ㅠㅠ염정아ㅠㅠ 여진구불쌍했어ㅠㅠ그리고귀여워,1
R07566,이게 언제적 건데...............,0
R07567,간만에 보는 먹먹한 영화 ㅋㅋㅋ,0
R07568,"30부작인것이 너무 아쉬운 드라마,,,",1
R07569,찌질이 남자와 퀸카 여자와의 결합. 그 막장 전개에 짜증만,0
R07570,속편 못지 않은 최고의 영화.,1
R07571,평점조절위원회에서 나왔습니다 호갱님,0
R07572,우결수만큼 현실적인드라마 없음최거,1
R07573,킬링타임으로도 비추천 배우들은 좋은데 스토리가....ㅠㅠㅠ,0
R07574,신선하고 충격적이다! 시대를 반영한 새로운 공포!!,1
R07575,어릴 적 정말 재미있게 본 영화라서 기억이 납니다.,1
R07576,해피투게더3 홧팅!! 유느님홧팅!!!!,1
R07577,오징어가 싱싱하다. 그리하여 오.싱,0
R07578,"썩 괜찮은 영화, 어싼지 같은 이가 왜 이 시대에 나왔는지 알게 해주는 영화...",1
R07579,대박이다 파라노말 저리가라네 마지막 심장 멋는줄 알았다,1
R07580,완전재미있고감동,1
R07581,영화보고 느낀점. 격투기를 배우자 내 가족을 지키자 이런 영화를 보지말자 정신건강에 안좋다,0
R07582,최고의 작품성으로 인정!,1
R07583,OO맞은 영화 찍느라 노고가 많으셨다. 이런거 만드느라 힘들었겠지...,1
R07584,판빙빙 때문에 봤는데 전기세가 아까워,0
R07585,"오랜만에 동심도 느끼고,,이웃들간의 단합도 느껴지고~스토리가 더 탄탄했다면 좋았지 않았을까요?윤시윤, 여진구 외 많이 봐오던 중년배우들이 나와 더 좋았네요~~~",1
R07586,원작과 거의 흡사한 작품,1
R07587,배트맨 애니매이션중 강추!,1
R07588,내가 본 공포영화 중에 최악 =_=,0
R07589,하아-.....한숨나온다.....,0
R07590,감동과 더불어 감성을 자극시켜준다.,1
R07591,대체이거뭐냐?,0
R07592,쩌리쩌리,0
R07593,정우성 대표작! 짱 머싯댜,1
R07594,완전 재밌네용>ㅁ<ㅋㅋ 유치할 것 같아서 무시했었는데 완전 재미써용ㅋㅋ,1
R07595,나 진짜 이런거 안다는 여잔데 진짜 드럽게 재미없어서 댓글단다,0
R07596,그 서비스 나는 사양 하겠소.,0
R07597,안나츠치야가 좋다☻ 모모코도 좋다,1
R07598,"재미없음, 영화로서 구성이 이상함, 가장 재밌어야할 절정 부분이 빠졌음",0
R07599,대체 머하자는 플레이냐 김꽃비는 왜 출연한거여,0
R07600,솔직히 에볼라바이러스가 떠들석해서 보게된영화인데 작품성이나 어떤면에서도 20여년전 영화라고보기엔 믿기힘들정도로 정말 잘만들었다고본다 마지막후반부가 살짝 아쉽긴하지만 이정도면 수작이라고본다 시간이 아깝지않은영화,1
R07601,역대 최고 명작 중 하나!,1
R07602,최고 병맛같은 영화..,0
R07603,우선 장르는 액션이 아니라 드라마이며 감동도 액션도 전혀 없는 영화 전하고자 하는 메세지도 거지 같으며 발로 만들어도 이것보다 잘만들겠음,0
R07604,망작이다. 평점 알바에 속아서 보았음 ㅡ ㅡ,0
R07605,이게 평점 9.0이 넘다니ㅡㅡ;;개그도 어디서 웃어야될지 모르겠고 스토리도 별로,0
R07606,나도 로맨스가필요해~,1
R07607,감독은 언제까지 자기복제 영화만 만들 것인가!,0
R07608,"현실을 알아가는 한 소년의 슬픈열정, 미완의 미학, 구성의 아름다움",1
R07609,옛날엔 재밌었는데 1편보다 너무 떨어짐.,0
R07610,멀더 요원의 암울한 과거..,1
R07611,너무너무재밌는영화입니다 3번봤어요,1
R07612,이게 영화냐? 영화야? 정말. 그냥 벡터맨 보는게 낫겠다,0
R07613,이....이것은 개념작,1
R07614,"참신, 매력있는 스토리 강추~ 캐릭터들이 매력있고 주인공 예뻐요^^ 반전도 많아요",1
R07615,중학교때 봤는데 그나이에 사극을 안빼놓고 보게 될만큼 재밌었음 ㅎ 임꺽정의 최고의 책사 서림(?)의 배신으로 한순간에 무너져버린 엔딩 ㅜ 슬펏음 ㅜㅜ,1
R07616,0점 못주나 0점???? 아 별 한 개 주기가 너무 민망하다 ㅋㅋㅋㅋ 아 0점 주게 해줘라 ㅋㅋ ㄱH쓰 레ㄱl영화 진심 노답 쓰레ㄱl 아오 열받아 왜 만든거야? 사실 다 구라고 쩔어주게 재밌다 인셉션 보다 열 다섯배는 더 재밌다 꼭봐라 꼭,0
R07617,한국인으로서 정한론의 주창자였던 사이고 다카모리를 미화한 이 영화를 절대 좋아할 수가 없다... 영화를 영화로 보자는 작자들은 이토 히로부미를 미화한 영화도 좋다고 할 기세일세,0
R07618,이거 아직함?? 왜케 오래해요 빨리 좀끝났으면..,0
R07619,직업에 귀천이 어딨냐. 근데 왜 임창정은 자꾸 거리를 둔거지! 자신이 무능하다고 생각한 건가.,1
R07620,골때려요 실화 배경이라니 더 유쾌하네요,1
R07621,이거무슨 무슨 영화 입니까??아무 뜻도 없고. 배경음악도 진짜 욕나오고. 보면볼수록 짜증만 나네요..영화 제작비가 아깝다 증말/ 그리고 . 배우고 정말 아깝다 아놔ㅡㅡ간만에 피시방에서 영화 봣는데. 짜증납니다.,0
R07622,아이들이 정말 폭발적으로 좋아해요~ 펭귄들 너무귀요미~,1
R07623,내가 살면서 인상깊게 본 영화 10편안에 드는 영화입니다..,1
R07624,최고의드라마♥,1
R07625,"영화 휴고와 분위기가 비슷~~그러나 휴고보다는 훨씬 더 스릴, 반전, 여운을 주는 걸작",1
R07626,전형적인 진부한 영화..,0
R07627,끝까지 많은 생각이 들게하네소이현 멋지게 한방 놓았다.통쾌하다.ㅋ박시후 매력에 행복했던 주말이아쉽네.문근영 금방이라도 눈물이 쏟아질듯한 커다란 눈망울 이쁘다.,1
R07628,강아지들이 키스하는 명장면~ * ^ ^ */ -ㅅ- &-3- 멍!멍!,1
R07629,보면서 너무 좋아 정신을 차릴 수 없었죠. 철학적인 내용의 아름다운 영화,1
R07630,너무 뻔한결말... 난 닭쫓던 개 지붕처다보길 바랫지만 예상대로의 결말이다 쩝 난 남주여주가 이건 아니다하고 서로다른 상대에게 쫓아가서 봣는데 그둘은 이미 사랑하는.. 이런결말을 원햇는데... 나한텐 정말 안맞다.. 그리고 그 안경낀 애는 정말 짜증,0
R07631,4번째 우려낸 사골 곰탕..,0
R07632,"서로 일하랴, 애보랴 정신없는 하루를 보내다 어느덧 서로 가까워져 있는 싱글남, 싱글녀의 따뜻한 최고의 로멘틱 코미디 영화..",1
R07633,신석기 시대 영화...,0
R07634,이거죠~이거!!!!,1
R07635,"본사람만이얘기할수있다..마법사들,실비아...멋진..예술영화!",1
R07636,한국 영화 목록에서 없어져야할 영화중 하나,0
R07637,정..말재밌게봤는데평점넘낮은듯..다들연기력좋고특히아역배우들짱..!티비서도몇번했는데할때마다보게되네요..강추~!,1
R07638,후회...비디오나 빌려서 볼껄..,0
R07639,가슴이 먹먹하다. 나는 어떻게 살아가야 하는걸까.,1
R07640,영화 재밌다 좀 지루할지도 모르지만 난 딱 이정도로 봤다,1
R07641,비추천_!,0
R07642,진짜..원작에 똥칠했다는게 맞다..,0
R07643,"교훈이 있는 좋은 영화네요.영화의 흐름이 자연스럽고, 지루한틈이 없이 잘봤습니다.:)",1
R07644,짱♥♥♥♥너무재밌어요!,1
R07645,"영화판 가십걸,.",0
R07646,"정말루 재미없는 영화(전력낭비,시간낭비)",0
R07647,소림축구 잘 보신 분들은 절대 보지 마세요,0
R07648,재미로 보기엔 좋은영화같네요. 그리고 이 영화는 흑형캐리입니다. 근데 여주인공 얼굴 이뻤으면 로맨스에도 더 몰입됐을텐데 얼굴이 아쉽,1
R07649,지루했다 이게왜 18세지 ??ㅋㅋ,0
R07650,코메디속에 교묘한 선동.. 으이구~,0
R07651,그래도 스톤 누님은 여전히 섹시하고 연기 잘하시었으니..,0
R07652,황비홍 좋아 ㅋㅋ,1
R07653,돈과시간이 너무나도 아까운 영화,0
R07654,진심으로 비추합니다.,0
R07655,진짜 재밌네요 영화 잘봤어요,1
R07656,"미국의 지독한 인종차별 그것을 역사 속에서 고스란히 맞아낸 주인공 세실. 그의 아들과의 대립, 그리고 화해는 차별의 시대 속에서 흑인간의 갈등을 보여준다는 점에서 높이 평가하고 싶다.",1
R07657,진짜 명작이라고해서 추천받고 봤는데 생각보다 별로였다.,0
R07658,"애니메이션 자체도 재미있지만, 그 속에 담긴 상징들이 삶에 지혜를 더해주는 멋진 작품.",1
R07659,똥차 신성일의 실체를 예고하는 영화 엄앵란 불쌍..,1
R07660,진짜 이거는 꽁짜로 봣지만 눈만배린다 게다가 마지막에 왜 원숭이에서 고릴라로 바뀌는지 설명좀 ㅡㅡ,0
R07661,ㅋ.............도저히 눈뜨고 봐줄 수가 없는 영화,0
R07662,감동적이고 재밋읏다,1
R07663,에효...감독님아 소재가 다 떨어지셧나보네요 그만 만드세요 충분히 해먹었잖습니까,0
R07664,마케팅과 대상연령의 범위를 못잡은 저주받은 수작이라고 평가합니다... 으어어... 내가 왜 여지껏 이 작품을 몰랐던거지?,1
R07665,그림체 좋은 애니 그 이상 그 이하도 아니다.너무 깊게 생각하지 말도록 답없다.,0
R07666,주성치 서유기보고 웃기다해서 봤더니 한번 웃었는데 역시 조패시 형 최고! 계속 웃음이 터집니다.,1
R07667,잘나가는 배우들 모셔놓고 감독이 똥싸놓은 영화,0
R07668,완전재밌었다요~~~,1
R07669,정소동이 감독인걸 알고 충격 먹었다..,0
R07670,왜 연애물인데 이정도면 괜찮지,0
R07671,뭡니까?? 이게....배우들이 진짜 아깝습니다...평점이 낮은게 아니라 너무 높음..,0
R07672,초반부터 혓바닥자르는장면. OOO기같은영화 정우성이아깝다,0
R07673,great! 알바들 좀...,1
R07674,댓글 자세히보세요. 다 비꼬면서 10점주고있습니다.ㅋ 아 졸라웃겨 예고편만봐도 그래픽 개후지는데.. ㅋㅋㅋ 어케 7점이나돼 퍼시픽림이 7.6점인데 ㅋㅋㅋ 훨씬 후달려야지,0
R07675,사람과 삶...여기에 대해 깊게 생각해보게 하는... '쇼생크 탈출'과 함께 교도소 영화중에서 단연 최고입니다. 뻔하고 억지로 눈물짜내는 '7번방~~'과 같은 수준낮은 교도소영화와는 차원이 다릅니다.,1
R07676,내생애 최고의 영화 세상에서 제일 사랑하시는분에게 추천해주세요. 영화 다보시고나면 내가 세상에서 얼마나 의미있는 사람인줄 느낍니다.,1
R07677,개인적으로 아름다운 공포영화,1
R07678,엘렌페이지 너무 예쁘고 음악도 좋고 화면도 예뻐요 포스터보고 관심 없었는데ㅎ,1
R07679,"14년, 영원한 우정 변치 마시고! 오래오래 지속되는 그룹이기를!! 멋있습니다! 신화!",1
R07680,이런걸 두고 하는말이있다 넘친다 혹은 수작이다,1
R07681,난 재밌게 밨는데?,1
R07682,바둑 돌을 가져오기 위한 치열한 사회와 육신을 쫒는 삶의 희노애락.,1
R07683,어이없네요...이런영화를 찍고도 아무 제지도 안받다니..,0
R07684,"[ 스토리 3, 비주얼 2, 연출 2, 연기 2 ] 하하의 자위장면 밖에 남는 게 없다..",0
R07685,케이블이라 아쉬웠던 드라마. 공중파였으면 동시간대 1위 였을텐데,1
R07686,친구랑 뒤에서 뛰놀았음 조낸 쓰레기영화,0
R07687,강민경의 에로 데뷔! 충격 먹었다..,0
R07688,주윤발 주연 국내개봉작중에 초대박을 친 영화... 이영화때문에..롯데의 광고 모델로 발탁되어서 당시 한국돈으로 엄청난 거금을 받고 밀키스 광고도 찍었지.. 그리고 방송국 코미디프로와 각종 오락프로에 첩혈쌍웅이 유행하기도..액션하난 끝내줌.,1
R07689,솔직히 별로인것 같은데요..........;;;,0
R07690,보고울음,1
R07691,네이버 영화등급 고치세요.아름다운 성장영화가 19세라니.못본사람은 남녀노소 꼭보세요 그리고 스탠 바이미를 들으세요!,1
R07692,초등학생때 마냥 무섭기만 했던 영화. 지금보니 이만한 수작도 없다.,1
R07693,장난안치고최고..,1
R07694,모든 이유는 감독이다. 알리는 실험!!,0
R07695,"내가지금29살이니까.내가 초등학교때 이거 본다고 정신없었었는데.내가 이때까지 오면서 즐겨봤던 드라마 순위 매긴다면 1위가마지막승부 2위프로포즈3위가순수4위가성난얼굴로돌아보라 4위가학교1,2,3,4그다음 첫사랑 종이학 엄청 재미있었는데",1
R07696,아 개짱ㅋㅋ 꿀잼ㅋㅋ 정우형 사랑해요ㅋㅋ 이건 남자영화임 ㅋㅋ,1
R07697,스토리가 너무 뻔하고 편집이 어색함..여주와 남주가 너무 안어울림,0
R07698,7.99 점이길래 8점 만들어주고 싶어서,1
R07699,여러 흥행작들을 짜집기 한 듯한 스토리에 TV특집극 수준의 발퀄,0
R07700,이런쥑이는 영화에 1점준 인간들은 도대체 뭐냐 에효 장가휘 넘 멋지당,1
R07701,장난들 하십니까? 윤아 이쁘죠 이쁜거아는데 노다메구미역에 맞다고 생각하시고 뽑은건지;; 그냥 아이돌써서 시청률 올리려는 걸로밖엔 안보이는데요? 노다메 얼나나 재밋게봤는데.. 윤아가 여주맡으면 망해요 백퍼ㅋㅋ아이돌쓸거면 연기라도 잘하는애로 쓰던가;;휴,0
R07702,가족이 같이 보기에 좋은영화인듯...,1
R07703,아니 이게 무슨 소리야! 아이유가... 아이유가 서브주연이라니!!! 이건 말도 안돼!!! 말도 안된다구!!!,0
R07704,진짜 내용그지 ㅡ ㅡ 신민아팬이라 신민아예쁘게나옴3점 새로운얘발견함1점 스토리 -3점,0
R07705,OOO기같은영화.근친에다 연기도이상하고 보다가짜증나서껏음,0
R07706,"첫단추부터 어긋난시나리오를 선택하니 내용도, 재미도 반감.",0
R07707,세자르가 눈을 뜨고 깨어나는 세상은 현실인가? 가상인가? 판단은 관객의 몫.,1
R07708,영화보다 리모컨 던졌다,0
R07709,90년대 일본극장판 애니보는게 만배나음,0
R07710,차라리 미니시리즈 TV드라마로 만들지. 런님타임때문에 어쩔수없는건 알겠지만.,0
R07711,와..피구해다주는 남자 죽었을때소름..정말사랑하는 그녀를위해서..아픔을마다하지않다니...나는오웬편보단 그전남자와의이야기를좀더주목하게되더라,1
R07712,아따 요것이 전라도 망신을 다시키는구마이전라도럽게 재미없음 이거 재밋다는 사람들은 답이없음,0
R07713,최고의 명작,1
R07714,베스트 오브 베스트ㅇㅇ,1
R07715,대놓고 막장이 조으다~~,0
R07716,재미없어..1점준것준 한국영화는 죄다 9~10점주는 M창있네,0
R07717,마지막이 정말 기가 막혀 그냥 그 아저씨가 씨이코인게 더 나을듯,0
R07718,"과거,현재,미래,후회,인생,용서,윤리,진실,거짓,사랑,증오,우연,필연,수긍,거부.윤회.. = 삶= 사람. 천재에게 경배를, 나같은 멍청이에겐 숙제를...머리가 복잡다.",1
R07719,"시간 때우기힘든영화, 취향에 관계없이 재미없는 영화",0
R07720,정말 재밌었다 춤 최고♡ 그리고 바로 아래에 왠지 내 친구같다는 ㅋㅋ,1
R07721,오래되서 내용은 잘 기억이 안나지만 엄청나게 재미없고 지루했다는건 기억난다.,0
R07722,개봉하기전에 애니메이션 페스티벌에서 봤던 작품.너무 큰 기대를 했던 것일까...ㅠㅠ,0
R07723,톡...톡...톡... 정말 볼 만한 영화...,1
R07724,너무 유치하고 안무섭다,0
R07725,영화제에서 봤는데 취학전 아동용입니다 성인은 참기 힘들었어요,0
R07726,아 신하균 죽이지말지 ㅜ 형제 동생의 입장으로 공감대를 느끼며 봤어요 ㅜㅜ 아 먹먹하규먼,1
R07727,인도영화 좋아해서 찾아봤는데 정말 재미없습니다. 보다 졸았습니다.,0
R07728,이건 딱봐도 베리칩에 대한 거부감을 없애기 위해 만들어진 영화,0
R07729,모야 액션쥑이든데 전투기액션쩜 간간히코믹도웃겼슴 왜케악평이많지 액션영화로만족스러움 신세경이는 넘이뻣슴,1
R07730,"이렇게 내 인생의 한시간 30분은 무의미하게 지나갔습니다, 이야기 중심이 없어 미친",0
R07731,배가 흘러 흘러 산으로 갔습니다,0
R07732,소소한감동.. 마지막에 왜 짠하지?ㅜ89년도에 이런작품이.. 대박,1
R07733,ㅋㅋ 90년대 풍이 나긴해도 꽤 재밋네요 ㅋㅋ,1
R07734,안녕하세요반갑습니다~,0
R07735,2010년에도 19세기 신파는 눈물을 갈구해.,0
R07736,재미없쪙 지루해쪄ㅕ 킬링타임용,0
R07737,바람불어 좋은 영화네요~ㅋㅋ,1
R07738,정말 최고의 영화죠. 감동과 음악도 좋고!,1
R07739,모든 화면이 좋다. 마음이 맑고 잔잔해진다,1
R07740,....ㅋㅋ....,0
R07741,굉장한 몰입감에 잭 니콜슨 연기 대박 ㅎㅎ,1
R07742,정말 재미 없음... 보지 마시길.. 이순신 보는게 나음. 비루함. 잔인함..,0
R07743,처음엔 뭔가 3류 같은 좀비 분장 때문에 보기 싫었는데 보면 볼 수록 빠져 들게 되네요..정말 이 작품 좋습니다!^^,1
R07744,"뭐 말이 필요하겠습니까? 전편을 뛰어넘는 속편, 알파치노와 로버트 드니로 이 둘을 한 스크린에서 볼 수 있다니ㅋㅋㅋ",1
R07745,재미가 없음. 엉성하다.,0
R07746,슈렉 완전재미있음,1
R07747,이거 완전 재밌어요 ㅋㅋㅋ 난 몇번이나 돌려보고 그랬는데 ㅎㅎ,1
R07748,말이 필요하냐...?,1
R07749,"7~8점정도가 적당할듯. 전 여기사람들 반응보고 진짜 눈뜨고는 볼수없는 개막장인줄알고 기대없이 봤는데 생각보다 볼만했음. 뻔한내용이긴하지만 온주완,박효주?,마동석 이분들이 이영화 살린듯하고 솔직히 김선아님 연기는 살짝 부족해보여서 아쉬웠어요.",1
R07750,김유미 ♥ 김유미 재밌당,1
R07751,인생이란 ? 생각하게 만드는영화,1
R07752,ㅋㅋㅋㅋ흑인이 망치로 손잡이문 따는 장면에서 뿜었음 ㅋㅋㅋ,0
R07753,17년이 지났는데도 아직도 기억나는 영화,1
R07754,야한영화인줄알고봤는데 재밌는영화였네,1
R07755,92년도인가 93년도인가sbs에서 보여준건데 지금도 가끔 생각이 난다. 20년이 더 됐구나. 그만큼 재미있었다.,1
R07756,디자인인만 이쁘고 실속은 별로인...,0
R07757,나름 현실감은 있었으나.... 너무 지루했음.. 전개도 느리고 중간에 졸려서 잤습니다. 왜 8점인지 이해가 안감,0
R07758,유치한아이들 장난수준으로 앞뒤도안맞고 조잡하여 집중하기힘든 멘탈붕괴용 영화,0
R07759,생각하면 할수록 황당하다. 절대로 벗어날 수 없는 뫼비우스의 띠 같은 운명.,1
R07760,"누님들, 사랑합니다.",1
R07761,여러번 보면 충분히 그 가치를 알수있는 영화인데 대충보면 그저그런 영화가되는?,1
R07762,이 영화를 계기로 군영화에 대한 편견을 바꾸었다.굉장히 몰입도 있게 봤다.,1
R07763,지루함.. 법적애기나 혼인에 관한 사전지식이 없으니.-.- 뭔소린지..,0
R07764,가족 그리고 사춘기의 소중함을 일깨우는 수작!!!,1
R07765,"영화도 못찍고, 연기도 못하고, 내용과 캐릭터들도 공감이 안가고, 재미도 없다. 제발 영화에서 대사 나부랭이로 개똥철학좀 설파하려하지마...",0
R07766,노잼 노잼노잼노잼노잼,0
R07767,8점 정도는 받을만하네요.,1
R07768,그자리에 있을사람이 있어 좋다바로 강호동♥,1
R07769,개재밌닼 근데1점줌 왜냐고? 재미없어서,0
R07770,별로구만~~~~!!,0
R07771,"뭐..만화책,애니 다봐서 그런걸지도 모르겠지만 재미없음 처음보는 사람도 재미없을듯",0
R07772,해냈다 해냈어 두산이 해냈어 범죄 두!!!,1
R07773,쯧쯧..좋은 배우와 요절한 좋은 가수와의 옳지않은 만남.제목은 거창하다,0
R07774,진짜재미없어요처음부터끝까지졸려서혼났네요,0
R07775,beauty,1
R07776,이러니 저러니 해도 불륜일 뿐.. '마누라가 몇 명이야??',0
R07777,와 여기 평점 높게준 사람들 아이디 상당수가 네이버 정치 뉴스 코너에서 선동성 반정부 덧글 엄청나게 달아대던 사람들이네. 헐. 실제로 보고 평점 주는거 맞나?,0
R07778,역시 전도연씨의 연기..,0
R07779,개념 없고 멍청한 여자... 이야기의 전개도 너무 극한의 선택으로만...,0
R07780,"뜬금없이 왜칼을 꺼내서 죽임?...감정이 최고조로 가려다 마지막에 급다운됨...결말만 잘 다듬어졌음 최고의영화인데,아쉽다",1
R07781,줄리델피는 항상 연기를 참 자연스럽게 잘한다.. 좋은영화였음,1
R07782,여행속에 자연스럽게 나오는 마마들의 본연의 모습은 보이지 않는다.아니면 아름다운 백그라운드를 강조 하던가 마마들의 본연의 모습을 잡던가 이도저도 아니니 재미도 없고... 꽃할배와 너무 비교가 된다....,0
R07783,"현빈, 한지민이 너무 아깝다. 작가와 감독은 반성하길",0
R07784,고달픈 삶에도 사람을 사랑하고 믿어줄 카우리스마키 동화나라,1
R07785,2012년 개봉당시 극장에서 4번봤습니다32년인생중에 최고의영화는꼽습니다스릴완전최고 마지막 공항씬에서 손에땀줄줄,1
R07786,무슨말이 더 필요한가..,1
R07787,그냥 뭔내용인지,0
R07788,This is shit ever...director needs to be extincted right away. you are wasting time for so many people. Holy damn..,0
R07789,잔잔한게 아닌 진부하다....정말 지루한 뻔한...별거없는,0
R07790,이게 뭐지.. 코믹영환가 공포영환가 약빨고 만들었네..,0
R07791,말이 필요 없다 역대급 영화,1
R07792,정말... 재미없다.. 한국은 지하철도 틀리고 차도 다 못 보던 차들이야..ㅎㅎ 스케일만 크고 때려부수는 것만 대단 할 뿐.. 잘만든 저예산 영화보다 못하다.,0
R07793,음악과 분위기가 제대로 혼합!!,1
R07794,난왜별로지;; 다 팬심으로보는건가? 연기도어색하고 집중도안되던데 노잼,0
R07795,너무 실망작 이네요... 선전은 재미있게봤는데..,0
R07796,대체 무엇을 표현하고자 했는가,0
R07797,쓰레기는 쓰레기통으로 1점 갑니다.~~ 저 뒤로 밀려나기를.,0
R07798,감독님 말처럼 장애를 연민의 대상으로 보지 않아서 좋았어요. 비장애인들의 생활처럼 조금은 특별해 보이는 삶을 부러움과 즐거움과 감동으로 볼수 있어서 좋았네요. 만약 제가 수화와 지문자라는 언어를 더 잘았다면 더 웃고 울수 있었을것 같아서 아쉬웠습니다.,1
R07799,진짜 재밌다!!!,1
R07800,뭘 모르던 어릴 적에 TV를 통해 보면서 묘한 감동을 느꼈던 영화. 이제는 어렴풋이 몇몇 장면만 기억 날 뿐 세세한 스토리는 기억나지 않지만 여전히 잘 만든 영화로 머리 속에 남아 있다. 다시 보고픈 한국영화 중 하나...,1
R07801,1점조차 아까운 쓰레기 영화,0
R07802,에리나 마노의 소프트 코미디... sf가 아님.,0
R07803,원작을 망쳤다,0
R07804,남자 턱주가리가 2개로 갈라져있는 모습을 그린 작품,1
R07805,최고 의 드라마 나에게는 첫사랑같은드라마,1
R07806,애들 애니 보는데 애들 데리고 오지말라니,1
R07807,김희철 닮았다,0
R07808,"솔찍히 역대 가장 재미없어요~~개지순, 김산호, 대머리독수리 사장 다시나와주세요",0
R07809,OOO기 홍콩영화..,0
R07810,완전 재밌어요 신의 퀴즈4 너무너무 좋아요정말 많은걸 느낄수 있는 드라마 인거 같아요모든 배우님들 모두 힘내세요♥♥♥,1
R07811,음악이 너무 좋고 배우들도 매력,1
R07812,여태까지 영화관에서 본영화중에 제일재미없었음ㅡㅡ,0
R07813,인생을 바꿔버린 드라마랄까?ㅋ,1
R07814,평점 6점이하가 적당. 이정도일줄은 몰랐다 이건 진짜 아니다.,0
R07815,영상미와 영화 소품을 보는 재미만 해도 만점줄 수 있다,1
R07816,해품달보다 시청률은 안나왔지만 다시 또 보고싶을 드라마는 난로♡이시영은 너무 귀엽고 이동욱은 역시 멋져요 쾌남훈남나이스가잌ㅋㅋㅋ코믹 스릴 로맨스 잘 어우러져서 짱짱짱,1
R07817,스릴러적인 면은 없어지고 호러적이고 잔인함만 남았다,0
R07818,유승준 때문에 평점이 이런건가. 요즘 나온 성룡 영화중에 정말 최고의 영화다. 슬프고 웃기고 아름다운 영화였다.,1
R07819,"보고나서 재미없다고 할 사람들 많은 영화,마지막 장면 빼면 볼 가치없음",0
R07820,이준익이 중국집에서 엑스트라로 살짝 나오는 거 같음 ㅋㅋ,1
R07821,오랜만에괜찮은로맨틱코미디영화♡,1
R07822,난 순수하구 따뜻하게 다가온 영화였는데...언젠가 또 보고싶어질 것 같은 영화... ^^,1
R07823,"""더록""을 논하지마라. 그러다 절라 맞는다",0
R07824,예술이다 걸작이다 감탄하면서 봄 스코필드 사랑함♡ 왜 게이인겅미 ㅠ 그래도 사랑함♡,1
R07825,알바넘티난다완전말투다비슷함짱웃경진짜이런게있구나 잼써도알바땜에기분나빠서안봄,0
R07826,미국개그를 인정하면서 보세요 충분히 재밌어요.그리고 우리의 브루스윌리스잖아??^.~♡,1
R07827,배경음악 음산한 영상. 공포영화 지존급 벌레소리와 벌레떼 ㅋㅋ다시 보고 싶다.,1
R07828,재미있게봤음. 고로10점,1
R07829,완전 굿!!,1
R07830,오랫만에 보는 가슴 시원해지는 음악영화!!,1
R07831,"문씨와 이씨의 목을 '신검'으로 베어버리고 싶을 따름,,,,",0
R07832,1시간 30분정도의 시간을 버린기분 로버트 패틴슨의 연기력만은 훌륭하다.,0
R07833,여주인공 맡은 배우가 너무 매력이 없어.,0
R07834,인터스텔라와인셉션 같은 영화도 좋지만 그영화들에겐 이런 따뜻함과감동이 없다,1
R07835,위안부 문제를 다루면서도 이야기가 있어서 잘보았네요 먹먹하고 가슴이 뭉클했습니다.. 위안부문제를 떠나 조선족 등 얘기가 서로연관성이있는문제라 많은걸 또 반성하고 느끼게 해준 고마운 영화입니다 마지막에나오는 노래 끝까지듣고 왔네요 ! 꼭보세요 !,1
R07836,당신은 이 영화를 꼭 보세요,1
R07837,돈으로맞아볼래???,0
R07838,이 재밌는게 왜 흥행을 못했는지...,1
R07839,참 프랑스영화는 울나라와 코드가 안맞는 듯,0
R07840,먼 항마력 테스트도 아니고,0
R07841,"고릴라즈도 좋고, 클린트 이스트우드도 좋고, 배우도 좋다!",1
R07842,40분째 보고있는데 꺼버렸다 당시 야구 이야기보다 재일동포 북한 당시 시대적 역사 이야기가 대부분이라 지루하다.... 난 야구이야기 인지 알았는데,0
R07843,동화같다,1
R07844,진짜 다 좋았는데 앤디가 핸드폰 던지는 장면에서 나오는 노래가 좀 아쉬웠다.. 그 순간의 상황이 아닌 그 감정과 어울리는 더 괜찮은 음악이 있었을 것 같은 느낌,1
R07845,삼겹살 별점 10점 삼겹살 먹고 싶다....,1
R07846,너무너무 기대됩니다 ^^,1
R07847,개인적으로 너무 재미잇게 본 영화이고 여러방면으로 해석이 되는 영화엿습니다 원래 공포 스릴러 굉장히 싫어하는데 요건 재밋게 밧네요마지막 킴의 희생에선 선뜻 내기 힘든 용기와 감동을 느낄수 잇엇어요 ㅎ 욕하시는분들은 정신연렁이 궁금하네요,1
R07848,노래도 좋고 재밌음,1
R07849,삼국지 읽고선 도저히 보기 힘든 망작,0
R07850,항상 느끼는 거지만 이런 역할은 김태우가 잘 어울린다 ㅋㅋㅋ,1
R07851,람보처럼 시리즈가 계속될수록 장르가 액션이 아니고 sf가 되어간다,0
R07852,벽속에서,1
R07853,세상에... 이런쓰레기영화가 있을줄이야,0
R07854,성공을 꿈꾸는 아마추어 감독의 망작.,0
R07855,재밌어요. 사진으로 이어가는 이야기.,1
R07856,바보같이 그냥 1분 뒤로만 가라고 --;,0
R07857,"보는 사람에 따라 넘치거나 아쉽거나 할 것 같은데, 기본적으로 좋다...",1
R07858,평점이 왜이렇게...조쉬하트넷좋아하지만 기무라가 더 멋있었다,1
R07859,재밌게 봤습니다송강호씨 연기력이 인상 깊네요,1
R07860,배부른 플레이보이와 플레이걸의 한시간 반동안의 염장. 서로 좋아서 밤에 불러서 잠자리한거면서 왜 미안해 해야하는거지? 이해안될 정도로 속보이는 두사람. 처음에 괜히 싫어하는 척하다가 끝에가서 갑자기 나타나 좋아하게 된다는 뻔하고 뻔한 스토리와 결말.,0
R07861,여자배우 혼자 폼잡고 발연기에 개밥맛!,0
R07862,10점 만점에 10점~~ 아직도 여운이 가시짏 않네 ㅠㅠ,1
R07863,이재용특유의 깔끔하고 세련된 연출..이미숙 이여야만했던,1
R07864,나도 모르게 빠져들게 만드는 영화 허영란의 파격노출,0
R07865,역시 고전호러의 명불허전 명작.최근 리메이크판을 봤지만 '호러'라는 요소가 빠진 하드고어물로 재탄생했더군요.구관이 명관이요!!,1
R07866,쓰레기영화다 이렇게 황당한 영화가 남자가 애완동물도아니고 여성중심적이다,0
R07867,1점 짜리 영화는 아니지만 9.35점 짜리 영화는 아님. 잃어버린 핵심 메세지,0
R07868,재밋다 한마디로... 프랑스남자 진짜 멋지다 매력들이 철철 넘쳐...,1
R07869,평소 시간이 정 가지 않거든 보길...,0
R07870,난 이렇게 여운을 남겨주는 영화가 정말 좋더라...^^,1
R07871,이영화에 호불호가 이렇게 갈리나..?난 잼있게 봤는데 ㅠㅠ,1
R07872,눈이 즐거운 서기 여신님과 화려한 CG와 그리고 곳곳의 코믹요소들이 잘 조합된 영화가 아닐까? tv 전기세가 전혀 아깝지 않은 영화였다!!,1
R07873,토죠 에미의 연기력에 10점,1
R07874,"의정부사는 문승원의 출연작. 그의대사는 오로지 ""으악~""",0
R07875,쓰레기 오브 쓰레기 킹 오브 쓰레기,0
R07876,재밌어요. 마지막까지 보셈여,1
R07877,확인해보시길 바랍니다 바토리의 결백이 현제 밝혀지는 과정이다더군요.,0
R07878,어릴때 이거보고 심오한기분과 저 고양이가 무서웠다,0
R07879,복수는 무슨.,1
R07880,본후 기분 좋은 만족감! 남자들의 속도에 대한 갈망! 레이서들의 우정!,1
R07881,이걸보고 언젠가 일본이 또 침략할때 죽음을 불사해야된다고 생각했다,1
R07882,홍콩 느와르라.. 차라리 달콤한인생이 낫다,0
R07883,골1은 아주 재밌었는데 이건 뭐... 스토리를 이어가는게 확실치 않고 끝나는게 어설픔,0
R07884,이영화 추천할께요 부자지간이나부녀지간이라면 아니더라도 꼭 보십쇼 정말 .... 슬픔,1
R07885,ㅋㅋㅋㅋ벽장에서 존나OO함,0
R07886,미션임파서블보다 훨 잼나구만...,1
R07887,"초반부에 사랑하지도 않는 남자와 무의미한 섹스를 하는 아멜리에. 오르가즘 순간들 모음집, 공공장소에서의 섹스 등 문란하고 적나라한 성생활을 볼 수 있다. 나도 성인용품점에서 일하다가 이쁜여자가 대쉬해주면 좋겠다.",0
R07888,참、、옛날 생각나게 만드는 영화네요~여자분들이 한 번 쯤 보시면 좋은 영화라고 생각합니다。,1
R07889,김기덕 감독의 최고의 영화 중에 한편...김기덕 감독 만세,1
R07890,재미 더럽게 없다 2점부터 점수준것들 M창,0
R07891,"내 생애 최고의 감동ㅠㅠ할머니의 아낌없는 사랑을느낄수 있었어요!할머니 사랑해요 할머니,그리고 모든사람에게 자랑스런 손녀될께요ㅠ♥",1
R07892,한국은 기집애국가란 거야 뭐야 형아 심기 무지 불편했다,0
R07893,이 애니를 보느니 게임 동영상을 보는게 더 재밌다 액션도 별로고 왜 만들었나 싶네,0
R07894,앞으로의 스토리 전개가 기대됩니다^^ 장나라씨 오랜만에 보니 좋내요,1
R07895,이 정도면 충분하다고 생각하는데?,1
R07896,1점도 아깝다 일본 홍보 영화잖아ㅡㅡ,0
R07897,주인공 마음을 공감하면 안타깝다... 반전을 떠나서 참 괜찮은 영화다...,1
R07898,솔직히 평점8점은 되는 영화임,1
R07899,이게왜우리나라선전체관람가지? 15 years and over 인거보고그제서야납득... 오랜만에재미지게보았다 니콜키드먼의얼굴이지워지질않ㅇ네,1
R07900,토니 콜렛을 알게 된 영화,1
R07901,"시나리오,연기,연출 다 끝내줌. 특히 시나리오 작법의 교과서인듯.",1
R07902,한석규 외 모든 배우들의 연기 미쳤다,1
R07903,그냥 제목만 보고 좀 보다 끌려고했는데 끝까지봄,1
R07904,뭐하자는거야지금,0
R07905,최고의 쓰레기 영화! 별점 주기도 아깝다.,0
R07906,재밌습니다. 만화로 먼저 봤는데 첨엔 주인공과 이미지와 좀 달라서 뭔가 좀 부족해 보였지만...농사지어 요리하는 내용에 몰두하다보면 그런것은 아무것도 아닌게 되더군요.,1
R07907,프랑스영화는 내 타입이 아니다,0
R07908,꽃보다 아류 그냥 연애인들 해외여행기 그이상 이하도 아님 여자들 허영만 생기게 만드는 프로 꽃보다는 방송보고 그 장소에 한번 가보고 싶게만든다면 이 프로는 위화감만 조장,0
R07909,참 잘했어요,1
R07910,재밌고 상당히 볼만한 영화,1
R07911,공룡과 배경이 따로 따로 노는 기분입니다.보다가 중간에 때려 쳤는데.배우 연기도 썩 훌륭하다고 할 수 없고 차라리 심형래 나오는 공룡영화를 추천하겠습니다.,0
R07912,도대체 뭘 말하고 싶어??????? 보는 내내 이렇게 화나보긴 첨일세 그려~~~~,0
R07913,"신카이 마코토가 정줄놓고 만들었던지, 전작 초속 5cm가 본인의 작품이 아니던지. 하여간 두 작품이 한 사람이 만들었다고 믿기 힘들 정도의 갭이 느껴짐. 한마디로 별을 쫒는 아이는 그냥 졸작.",0
R07914,못봐줄 정도로 유치하더라,0
R07915,소재는 좋은데 뭐 이따위로 만들었는지..시간이 아깝네요 두번다시보고싶지않은 쓰레기영화,0
R07916,평점이 왜케 나쁜거야 전작 드라이브를 좋아해서 그런지 역시 재미있었는데~ 이런스타일 영화 너무 좋다,1
R07917,이생키들아 찬양해라. 우뢰매님이시다,1
R07918,감독님 대체 뭘전달해주시려는거죠?,0
R07919,노래는 개인적으로 좋았던것 같음,1
R07920,"장맛비가 내리는 밤 빗소리와 함께..다시 보아도 눈물이 펑펑, 가슴은 먹먹입가엔 따스한 미소가 ..",1
R07921,채플린의 걸작,1
R07922,"키아누 진짜 멋있고, 너무 재밌게 봤다.",1
R07923,약발이 다 된 약은 효력이 없는법,0
R07924,간만에 설레는 영화 입김나오는 장면이 기억나네요 넘이뻐요,1
R07925,현실성이 하나도 없네.. 코앞에 있는걸 못마추고 물속씬은 죄다 똑같은 장소고..ak총으로 맞았는데 즉사 하지도 않네..,0
R07926,어제한 땀흘리는 여자들편 보고 김구라땜에..정말 쉣이엿음.. 여자선수들한테 화장이어쩌고.. 몇키로고.. 정도껏해야지 너무 무리수를 막던졌다..보는입장으로 아주 거북했었음..김구라좋아하지도 싫어하지도않는데..알아서 자제좀하시길.. 어젠정말쉣이엿음..,0
R07927,유란이 발연기 개그맨 상호 환상의콤비 특히 상호 너무 웃겨요ㅜ ㅜ 이제부터 아침드라마에 계속 나왔으면좋겠네요최고의 아침드라마,1
R07928,잔인함의 묘사가; 에일리언1~2에서 나오는 정도로정말정말실망했어요;,0
R07929,개념있는 영화네요. 재미와 감동도 있고... 숨겨진 보석같은 영화군요.,1
R07930,1점짜리 영화는 없다라는 신조로 가능하면 2점 주던 나였다,0
R07931,"미국이나, 영국 좀비영화는 재밌는데, 이것은 프랑스에서만들어서그런지무지재미없다.",0
R07932,진짜 재미있오여♥ 그리고 천둥 너무 귀여버♥♥연기도 잘하고ㅋ 네일샵 파리스 잘볼게염^^,1
R07933,보는 내내 짜증....,0
R07934,난 너무 재밌게봤다 ㅎㅎㅎ,1
R07935,영화가 끝난 후에도 두발의 총성이 뇌리에 울려퍼진다. 기타노의 색이 유난히 잘 표현된 영화다.,1
R07936,쓰레기 영화... 탁재훈 정준하때메 1점줄거 2점줌..,0
R07937,왜이렇게늙으셨는지............진부하고지루하다,0
R07938,긴장감이 100배,1
R07939,아 또 보고싶은 영화...,1
R07940,첨밀밀에 비하면 졸작,0
R07941,"케르베로스.. 혹시 켈베러스 이거냐, 히라가나는 언제쯤 혀짧은 소리안할라나. 니들은 마꾸도나루도나 먹어 ㅋㅋ",0
R07942,"재밌음 왠지영화친구의 느낌이풍겼었다 이상하게,,,",1
R07943,안녕하세요?저는 친구가 보자해서본 사람인데요 재미있더군요 입체라서더재미있네요.,1
R07944,너무 유치하고 영화가 훨씬~~ 잼있다.. 왜 만들었는지 몰르겠다,0
R07945,완전 유익하고 재밌다 꼭봐라,1
R07946,"아...이게먼가요 감독, 작가는 귀한배우들 데려다 뭐하는짓인가요.. 정말 부산 사투리로 다 빠졌네요..엉망입니다",0
R07947,홀튼은 정말 잘자라주었구나ㅋ,1
R07948,이.... 이 병맛영환 뭐지.......... 역대최고의 병맛인듯....... 대..대단한 병맛,0
R07949,정말 재미없어 여자들평점 약빨았냐,0
R07950,최고다 최고다...무혁아..,1
R07951,많은 고민을 하게 만드는 오래 기억에 남는 인상적인 영화,1
R07952,"ㅎㅎㅎ 대단하네 ㅜ,.ㅡ",0
R07953,나는 이걸 외박나와서 봤다!!!,0
R07954,브라이언 싱어의 최근 망작들만 보고 그를 낮게 판단하는 초딩들은 이 영화를 봐야된다.,1
R07955,뭐지..이 병맛같은 스토리는.. 영화보는내내 답답하고 짜증만날뿐.. 볼줄 몰라서 그런건가??,0
R07956,정말 보면 볼수록 사랑스러운 영화인것같다 ㅜㅜ 막 내 마음까지 행복해진다,1
R07957,이범수의사투리가재미있게봤습니다샐러리맨초한지2가나왔으면좋겠써요,1
R07958,아무리 좋은 영화도 취향이 다르다면 어쩔 수 없지.. 하나같이 음침한 퀴어영화들..,0
R07959,보는내내우울했다.내천원돌려줘ㅜㅜ 신고,0
R07960,난재밋엇는뎅ㅋㅋㅋㅋㅋㅋㅋㅋ,1
R07961,오랜만에 다시 보았는데 정말 좋네요~,1
R07962,뭐냐 이게 만화도 아니고 에효,0
R07963,너무 재밋다. 스토리 액션 뭐하나 빠지질않아.,1
R07964,특수효과 짱이네요 전투기 나오는씬 압권!,1
R07965,조용하고 잔잔하며 복잡하고 답답한 일이 있을땐 잠자코 보게 된다.,1
R07966,"로코 굉장히 즐겨보는데, 이 영화는 좀 별로였다. 뭔가 사랑도 개그도 억지스런 느낌..",0
R07967,나를 믿어주고 이해해주는 사람이 세상에 하나라도 있다면...,1
R07968,10년만에 멀더와 스컬리라는 최고의 캐릭터를 빅스크린으로 볼수 있어서 행복했다~,1
R07969,혓바닥으로 결승점에 다아서 공동 1위에 올라갈수 있었던 것과 순식간에 타이어 4개를 갈아채우는 것과 뒤로가는 것에 얼마나 웃겼는지 기억도 안나고 마지막에 다른 사람을 위해서 1등을 포기한게 참 보기가 좋았어요.ㅋㅋㅋㅋㅋㅋ,1
R07970,이런영화 왜 만들지...,0
R07971,오락영화.. 이정도면.. 나쁘지 아니한가?? ^^,1
R07972,지루해서 보다 잠들었는데 끝까지 볼걸 그랬나,0
R07973,장난,0
R07974,사회 풍자 속에 적절하게 섞인 유머가 때로는 진지한 분위기를 중화시켜 준다.,1
R07975,공짜로 보여준다고해도 안 본다.,0
R07976,살다살다이렇게졸리고재미없는영화처음이에요.,0
R07977,아나 이게 영화? 내가더 잘만들겟내 묘티스몬 이빨 같은 소품좀 쓰지맙시다,0
R07978,원작만화를 의식한 과도한 설정. 원작의 음침함이 영화에서는 칙칙하고 눅눅하게 변질되 버렸다. 칼부림으로 흩뿌려지는 선혈들의 cg와 화면은 끓는 기름에 물을 부었을때처럼 서로 섞이지않고 밀어내는 이질감을 보인다. 그덕분일까? 출연자들간 거리감도 너무..,0
R07979,전쟁물을 가장한 B급 고어.. 출연진만 화려..,0
R07980,초5때 회상에서 존나 생리얘기만해ㅡㅡ 개저질스럽네ㅅㅂ,0
R07981,이병헌은 미스캐스팅이다!!!,1
R07982,짱구진짜 개억지부리는OO딩년지구멸망한다는데 나같으면 바로보내버린다,0
R07983,타임머신 영화 중 최고일 듯 싶다.,1
R07984,이런 드라마.. 너무 좋아요~,1
R07985,이거 재밌다는 사람은 스릴러 처음 봤음? 너무 엉성한 시나리오. 맥 빠지는 연출력. 개연성 없는 전후관계. 시간 정말 아까움.,0
R07986,이건 진짜 할 말이 없다. 왠만한 B급 심지어 킬링타임C+급 까지도 별 평 안하는데 영화의 시간이 흐를수록 진짜 OO같아진다. 보지마라 의미없다. 진짜 보지마라..,0
R07987,신세계 재밌게 보고 기대하고 봤는데 너무....... 박감독 2년새 엄청난 발전을 이룸!,0
R07988,무료다운 받아 본 11분46초 동안...9시 뉴스가 얼마나 재미있는 프로그램인지 깨달았다.,0
R07989,아 OO 이거보고 화장실도 못갓잖아 밤에 ㅡㅡㅋ,1
R07990,그나이에 전혀 현실감각 없는 이야기 소설책 부터 허접하더니 영화는 쩝...,0
R07991,재밌어요 ^^ 추천 나만죽을수없다.,0
R07992,이 영화는 simply 졸작이다. 겉만 화려하고 지나치게 산만하다. 유일하게 이병헌만 빛났다.,0
R07993,재미도 감흥도없는 그냥 뭣도아니라는...,0
R07994,이거 뭐냐? 화면은 좋더니만 왜 이렇게 만들까?,0
R07995,베일이 아깝다..진짜..,0
R07996,1의 짝퉁,0
R07997,1편이 훨씬 나은듯.. 다보고 이게뭐야?! 한 작품,0
R07998,난 1점을,0
R07999,어... 음.... 재미없어,0
R08000,"안주시 시민들은 좋겠다.. 정말 멋진 시장님을 둬서.. 실제 존재한다면 인주시로 이사가고싶다!! 마지막까지 재미와 감동을 준 드라마, 10번 이상은 본거 같은데.. 언제봐도 너무 좋은 드라마.. 봐도봐도 또 보고싶은 드라마 내 생 최고의 드라마 ★",1
R08001,진심 족노잼 ㅋㅋㅋㅋ 나 무서운거 진짜 못보는데 진짜 하나도 안무서움 그렇다고 스토리가 재밌는것도 아니야 ㅋㅋㅋ 시간아까웠다,0
R08002,로드무비라 하기엔 어설프고 로맨스라 하기엔 두 배우가 너무 안 어울리고,0
R08003,라이언 고슬링이 나온다는 이유로만 본 영화인데 이런 여운을 주다니...,1
R08004,오랜만에 많은 생각을 하게 만드는 영화,1
R08005,와이프 때문에 어쩔 수 없이 봤음. 형사가 귀신을 왜 볼 수 있나 이해가 안감.,0
R08006,진짜....재미없다 극장에서 볼거없어서 걍 스릴러라길래봤는데ㅋㅋㅋㅋㅋㅋㅋㅋㅋ웃음밖에안나온다 혹시나해서라도 절대보지마라진짜제발,0
R08007,영화가 숨은뜻을 가지고 있다더니 그런걸 다 밀어두고 일단 재미가 없다,0
R08008,로멘틱하지도 않으며 스릴감도 없는 싱거운 영화..,0
R08009,원작이나 프리퀄이나 그래픽 어색한건 똑같음 거기다 프리퀄은 연출이 더 촌스러움,0
R08010,역시 워킹타이틀 제작 다운 스릴러 영화!,1
R08011,강호동씨! 운동이 기본인 프로를 하려면 룰 이라도 제대로 공부좀 하고 나오세요 다들 실력이 느는데 혼자만 제자리 걸음에 아직도 초보적인 실수가 연발인...,0
R08012,천안함 용사들을 욕되게하지마라. 종북세력들을 척결해야한다. 니들이 진실을 왜곡하는거다 부끄러운줄 알아라 .,0
R08013,도대체 진실이 뭔데???,0
R08014,촌빨날리는 영상미와 그 어색한 연출,0
R08015,재밋다나중에한번더봐도될법한영화.,1
R08016,홍여사 슴가 노출 지릿지릿 ㅋㅋ,0
R08017,내생의 최고의 영화. 이렇게 의상 센스있는 감독은 정말 처음이었다.,1
R08018,범학이 형 오랜만이네~~,0
R08019,잼재ㅁ잼잼잼댐잼잼잼,1
R08020,90년대 마이클베이는 제임스 카메론,1
R08021,뭐야 재미도없구만...,0
R08022,보구시퍼ㅠㅠ,1
R08023,도대체 말 하려는게 머냐?,0
R08024,빅뱅,1
R08025,발로 만든다는 말이 이래서 나오는구나! 마지막 10분은 볼만하다고 누가 그랬냐? 진심 보지 마라 시간 아깝다.,0
R08026,"저.....주유소 습격사건2도 봤는데,,,..이거보단 재밌었어요...ㅋㅋ이건뭐.,..ㅜㅜ",0
R08027,영화 ...어디까지 배껴봤니?,0
R08028,스토리가 좋네요,1
R08029,내가 민종형을 좋아하게 된이유다 이드라마가 ㅋ,1
R08030,솔로라서안볼꺼 노잼 꿀잼 허니잼,0
R08031,헉 이게 반전영화였다니.,1
R08032,최악입니다. 재미도 없고 에어리언도 아니고 시간낭비한 영화,0
R08033,2% 부족한 영화가아닌 98%부족한 영화감동이 있다길래 참고 끝까지 다봤는데...;;진심으로 이렇게 재미없다고 느끼는건 처음;;,0
R08034,일요일 아침을 포근하게 열어주는 드라마갈등 또한 향수 가 된다.,1
R08035,내겐 최고의 영화였다.,1
R08036,동물의 지능이란 불가항력의 힘.. 어설픈 비스트 맨들은 웃어주자,0
R08037,제발 그만...불편하고 파격적 시도는 그만 멈추고 이젠 좀 깊이있는 것을 원한다 일차원적이고 표면적인 이 감독의 영화는 더이상 볼 필요가 없다,0
R08038,전편의 링을 기대하고 봤건만 ............ 이게 뭐지?,0
R08039,지루함...딸애 4살짜리도 지루하다고 집중못함..스토리 빈약.,0
R08040,역시신동엽ㅋ순간 캐치 탁!얄밉게 웃긴 미워할수없고감탄!이영자랑 함 대박일텐데 왠이동욱?,1
R08041,유치 빤스~~~,0
R08042,"고요한 설산의 아름다운 풍경과 그 속에서 벌어지는 기괴한 이야기, 분위기...처음에는 좀 무서웠지만 다 보고 난후 가슴 깊이 여운이 남는 영화였습니다~",1
R08043,겉보기에 그냥 막장 SF코미디 같지만 의외로 풍자적인 내용에 씁쓸함이 느껴진다. 그걸 그런데 웃기게 잘 승화시킨 작품같다. 북한 발언 할 때는 정말 한참을 웃었네...ㅋㅋㅋ,1
R08044,소지섭 공효진 짱좋으다,1
R08045,액션으로 시작해서 멜로로 끝나다.,0
R08046,많이공감간다... 그래서 슬픈,1
R08047,모처럼 영화같은 영화를 본 듯 하다.영화같은 영화가 아닌 현실같은 영화~ 굿~!!,1
R08048,넘 재미있게 보고 있어요.허나 김용건님이 나오면서 너우old 해진 느낌 정식 맴버는 반대!!!,1
R08049,고평가된 쓰레기 영화.,0
R08050,진짜 감동적이고 슬픈내용이 아는데 눈물이 흘렀다. 다른 야구팀분들 제발 평점 테러 하지마세요. 롯데에 관한 얘긴데.. 그냥 보지를 말던지.. 꼴데라고 하지마세요. 저희 롯데팬한테는 롯데밖에 없습니다.,1
R08051,예산 얼마나 들었나요? 한 오천원이면 충분할거같은데?,0
R08052,느와르지 이런게,1
R08053,이용철ㅋㅋㅋㅋ보소ㅋㅋㅋㅋ너나본업에충실하시길,1
R08054,예술도 외설도 없다. 감독의 의도를 알고 본다 할지라도... 재미는 더욱 없다.,0
R08055,정말 쓰레기 같은 영화다. 이건 무슨 종교영화도 아니고 정말 못봐주겠다,0
R08056,감동적... 영화같지않은 사실감...,1
R08057,끝장면 뭐니? 만들다 말았나,0
R08058,다른건 다 그렇다 쳐도.. Girls like guns 라던지 You love my peni* 라던지 이런 대사들은 도대체 왜 넣는건지 이해할수가 없다. 재미도 없고 뜬금없고 흐름이 탁 끊기면서 정색하게됨. 내가 제일 싫어하는 류의 영화,0
R08059,뻔한내용 이지만 감동이다 나도 모르게 마지막에 로봇에 표정을 따라하게 된다,1
R08060,초반에반 살짝 끌리고 이건뭔 c급이 따로 없네...,0
R08061,꽁짜로 보라고해도 안볼영화 미안하지만 그정도로 최악임-_-....내돈내놔,0
R08062,트랜스포머보지말라며 대놓고다른영화깎아내리는거땜에1점이다,0
R08063,그냥 그랬습니다.~~,0
R08064,다시 본 화양연화... 왕가위 영화답게 영상과 사운드는 적절하다. 만약 양조위와 장만옥이 헤어지지 않았다면 화양연화라는 제목이 어울렸을까?,1
R08065,완벽하다!,1
R08066,여기에 반전 조차 없었으면 더 망했을꺼 같은데?,0
R08067,클래맨타인이후 깜놀한영화 시간이정말아까왔구요 이상하게 잠도안와ㅠㅠ,0
R08068,로익. 너는 왜 왔니.,0
R08069,영화 속 아름다운 파리의 풍경들이 마음을 사로잡는다. 10점 만점짜리 영화 꼭 보시길!!!,1
R08070,적반하장도 유분수지...살인마는 니들이잖아...,0
R08071,지금 다시보기엔 영...,0
R08072,해외판 타짜. 재밌습니다.,1
R08073,긴장감이나 나름 반전도 있어서 좋았음,1
R08074,대체 몇명의 여자와 만나는 건지? 그것이 무엇을 의미하는지 알수가 없네그려...,0
R08075,"딴중국영화처럼사회현실비판적,스물두살난이영화가정말지루했다",0
R08076,뭔가 찜찜한 영화..포스터보고 기대했건만..,0
R08077,고등학생시절의 향수를 느낄 수 있었다.,1
R08078,"베를린 보고 이거 봤는데...역시나 베를린은 쓰레기 첩보영화였다...긴장감, 스토리전달, 굵직한 액션...완전 굿!",1
R08079,70년대풍 영화... 의도된거라면 박수를 아니라면... 한숨 나오는...,0
R08080,시대를 뛰어넘기는 힘듦,0
R08081,CG가 아까울 정도. 시간이 남아돈다면 이 영화를.,0
R08082,"볼 때만큼은 유쾌하네요, 그래도 2편이 더 재밌음.",1
R08083,호불호가 갈리는듯 가볍게 보긴 좋음 애드리언 사랑해ㅐ!!!!,1
R08084,강우짱~~ 흥미롭게이어지는빠른전개로 본방사수하고있습니다..역시 김강우~ 탁월한 선택입니다~^^,1
R08085,"5.16 쿠테타,, 책에서만 봤지 이 정도였을줄은,,",1
R08086,전 별로 재미없어요....,0
R08087,제중원 너무 좋다~!!,1
R08088,ZAZ 군단은 '에어플레인' 까지만 만들었어야 했다,0
R08089,소재의 참신함과 등장인물들의 위트에 웃음짓는다. 그리고 깊은 생각에 잠기게 되는 영화.,1
R08090,20년이 지난 지금 한번더 보게 만드는 영화다. .. 이게바로 영화인듯..,1
R08091,소피마르소때문에 10점을 주게 되어버렸다..,1
R08092,"이런류의 영화는 주성치가 해야 제맛인데, 신민아가 하니...",0
R08093,와 진짜 졸잼이다.. 슬그머니 피파를 켜봅니다,1
R08094,사랑스러운 캐릭터들과 아름다운 화음의 교합,1
R08095,이것은 터미네이터와의 의리다. 글구솔직히 2에 나온 악당 액체로봇이 넘 무서워쪄ㅠ,1
R08096,음모를 파헤치다가 주인공이 매수당해서 영화끝난다 ㅋ이럴수도 있구나 ㅋㅋ,0
R08097,다른 시시껍적한 블록버스터보다 더 좋고 생각많이 하게 하는 영화. 형이 푸켓에 7년동안 살때를 떠올리게 만드는 영화...푸에리토 리코에 가고잡다.,0
R08098,평론가 이동진씨 웃고갑니다,0
R08099,극장에서 본 최악의 영화. 관객을 고려하지 않은 감독의 영화. 이 영화 이후 한국 영화를 감독 보고 선택하지 않게 되었다.,0
R08100,뭔지모를 정체모를 영화.,0
R08101,욕나온다욕나와 진짜 잠와죽을뻔 진짜 따분하고 밑에평점머야,0
R08102,"생명의자유의지를깡그리무시하는이영화는불쾌함마저느껴진다.비록클론이거나노예상태라도그것이성공이든실패든자유를향해힘껏갈망하고몸부림친후생명의존엄함,인간과클론과의값어치에대해서묻는다면이해하겠다.그러나여기의주인공들은아무것도하지않는다.결국영화는관객들의감정소비만시킬뿐이다.",0
R08103,0점 못주는게 아깝울뿐... 정신이상자 영화에다가//.재밌다 센세이션하다 라고 말하는 애들은 정신과 가서 변태성향 치료 하길바람.,0
R08104,처음 별점 달아요최고의 영화 멋진 작품이었어요내용이 가히 걸작이네요,1
R08105,점수는 후하게 줘야 된다... 결코 4점짜리 영화는 아니다.,1
R08106,"이배우들로 영화를 이렇게 밖에 못만드냐 감독, 제작진은 지금까지 모했노 이기야!!!",0
R08107,정말 감동적입니다 우리나라에 이런 훌륭한 목사님이 잇다는게 자랑스럽습니다,1
R08108,영화 불감증은 조금이나마 씻게 해준 수작,1
R08109,하하... 참 괜찮은데 내가 너무 아무 생각없이 보는것인가?,1
R08110,지금봐도 배우들 연기가 진부하지않고 재밌는 고전영화. 그룹 가수의 탄생과 몰락을 유머러스하면서도 현실적으로 풀어낸 영화. 음악도 그렇고 오글거림도 없었고 개인적으로 '어거스트 러쉬'보다 높게 평하고싶음,1
R08111,새로웠습니다 재밌어요,1
R08112,영애씨 너무 좋아요.진짜 이런 소소한이야기들로 재밌게ㅇ이루어져서 너무 좋아요 ㅎㅎ,1
R08113,"음악도 별로고,아이들은 별로웃지않고,진짜재미없고,더빙은 괜찮았어요",0
R08114,오락실 액션은 실망 레이스에서 심장 박동을 일으키는 영화,1
R08115,"이보다 더 좋을 순 없지, 사랑인데!",1
R08116,어릴적 봤던 기억이 있는데 진정한 쓰레기였다.,0
R08117,그냥 머 귀여운 이야기~:,0
R08118,OO 씹노잼 뭘자꾸 글자구 채우래 빡치게,0
R08119,제목이 말아먹었지 볼 만한 영화임,1
R08120,the play brought more funny to my life,1
R08121,"어린 시절, 세상은 동화가 아니란 걸 가르쳐준 동화...",1
R08122,둘이안어울림,0
R08123,세월이 흘러서보니 왜이리 내용이 유치하냐 사춘기 성장 영화도 아니고 할리우드 ㅗ,0
R08124,너와!나의!연결!고리! 이건!퍼즐!조각!영화! 알고!보면!괜찮!은데! 재미!하나!없는!영화! 이건!너와!나의!고리!,0
R08125,아...시간아깝고 완전유치 손발오근,0
R08126,마지막에 나오는 장국영 임청하 여운이너무 좋다 아름다운영화,1
R08127,이영화보구워쇼스키감독 제일 좋아하게됐어요영화에 나온 전화선은 매트리스에서도 중심소재로쓰일만큼 감독의 독특한 아이디어죠,1
R08128,10점짜리영화는아니지만 지금점수가너무낮아서줌.숫자강박증이라는 공감형성 하기힘든스토리를 짐캐리가캐리한영화,1
R08129,개극혐;;뭔생각으로 이런더빙을 한건지 모르겠음,0
R08130,"긴박한 영화속 인물들, 하품과 한숨만 나오는 관객",0
R08131,참 ㅋㅋㅋ 뭐라 ㅋㅋㅋ 말할 ㅋㅋㅋㅋ,0
R08132,"행복은 주는만큼돌아온다. 아멜리에가 장님분도울땐 정말많은것을배운..우리가 가슴속에 지니고있어야하는 배려와 기적, 당연한메시지를 독특한 모습으로 담은 어른동화같은 환상적 영화. 순간의 사랑보다 확신이드리운 사랑은 더욱 가슴벅차게 다가오는듯",1
R08133,2편도 나왔으면 좋겠어요~제발~~,1
R08134,"화려한 외모의 하명중 , 연기도 잘하네",1
R08135,1/2편의 명성을 말아먹은 최악의 영화이죠.알다시피 웨슬리는 이루로 쭉 내리막이고요.,0
R08136,"고양이는 죽지 않는다, 다만 길들여질뿐. 미란다 줄라이는 보석같은 감독이다.",1
R08137,진~짜 재미있었어요ㅎㅎ 특히 엄마가 감전되는 장면ㅎㅎ,1
R08138,지젤 시체안나왔음 ㅠㅠ 기억상실되서 돌아올꺼야 ㅠㅠㅠ,1
R08139,낼도 말 못하겠지요. 또 무신 변수가 생기실테니.,0
R08140,무엇에 눈을두고 보라는건지...,0
R08141,강수연씨 팬이라 보게된작품인데 정말 오랜만에 깊에 몰입해서 감상했던 영화네요,1
R08142,끝에 범인과 1:1 맞짱은 뭐야?,0
R08143,일본원작보다더재밌다!시청률안좋아도화이팅ㅎㅎ,1
R08144,1점도 아깝다! 0.1점 주고싶다...,0
R08145,괜찮네 재미없을줄 알았는데 보길 잘했네 근데 감우성이 이렇게 생겼었구나 오랜만에 보니까 다른사람같았음,1
R08146,진짜 재미없음 ㅋㅋ그냥 총만갈기는게 훨 재미있을듯,0
R08147,굿~!굿~!굿~!굿~!,1
R08148,내인생 최악의 쓰레기영화.. 3류 에로물,0
R08149,넘 어설프다..스릴잇는액션장면에 댄스곡이머람..내용도 형편없고,0
R08150,대책없는 공산주의 미화영화. 소재는 좋았지만 연출은 부실.,0
R08151,중간과정에 비해서 끝이 너무 허무하다자룡이 진용석한테 당한게 얼만데ㅡㅡ진짜 보는내내 쌍욕하게 만들고 사람 화나게 만드는 드라마. 진짜 개막장. 다음부터 이런 드라마는 안보는게 건강에 좋을듯..작가님 다음부터 이런식으로 글쓰지마세요. 잔재미땜에 4점줌,0
R08152,롯데시네마 월드타워점에서 개봉전야시사로 보다 모욕만 당하다! 엔딩크레딧 끊어버리는 극장측에.. 참 한심해서;; 그런꼴보면서 가만있는 영화사는 개념이나 있는것인지;; / 반고흐 명예훼손급! 영화 감독이 알기라도 하면 작품 회수하고싶을듯,0
R08153,서로 다른 기억을 가진 동일인물 퀘이드와 하우저의 대비적인 정체성이 흥미로웠다. 그의 정체성을 확립하고 있는 것은 기억.,0
R08154,"심하다 돈주고 봤다는것이 ,,,",0
R08155,"역시 옛날 영화라 개그 코드도 다르고 여자목소리가 특히 앵앵거려서 듣기가 싫엇다. 교훈도 딱히 얻은것이없고.. 다만 맘에 든것은 마지막에 휘날리는 흰색 드레스 장면의 연출 정도? 영화가 귀엽긴 귀엽다만, 요즘 사람인 내가 보기엔 글쎄..",0
R08156,방송쪽 보조작가 투입할때부터 이미 이 영화는 시망... ㅉㅉㅉ저 작가를 어따쎀ㅋㅋㅋㅋ,0
R08157,"서로 사랑하는 사이, 관계를 유지하려면.. <평등>이라는 덕목이 굉장히 중요함을 보여주는 작품.. 도화지같이 하얀 미장센과 프레임을 통해, 애인을 그리워하는 주인공의 심리가 굉장히 잘 연출된 작품이다. 마침내 평등을 이룬 마지막 장면이 인상적..",1
R08158,정준호는 멀쩡하게 생겼는데 작품을 잘 못고름,0
R08159,피라냐 시리즈의 최절정!!!!!!!!!!!!!!!!! 안보면 후회후회!!!!!!!!!!!!!!!!!!!!!!!!!!!!!!!!!!!!! 천재감독 진심 으잌ㅋㅋㅋㅋㅋㅋㅋㅋㅋㅋㅋㅋㅋㅋㅋㅋㅋㅋㅋㅋㅋㅋ,1
R08160,하은설씨 시나료 좀 잘 보고 고르세요. 이딴 영화 말고 자신에게 이익 되는 영화 좀 고르세요 .,0
R08161,아무리 저예산 영화지만 떠오르는 배우도 없고 스토리도 별로..,0
R08162,감동도없고볼것도없고어쩌라고..,0
R08163,미사 이후로는 최고엿다 ㅋㅋ,1
R08164,평점 남길려고 로그인,1
R08165,한편의 문학소설을 읽는 듯한 영화네요. 이거 뭐지??하고 보다가 점점 궁금해지고 알고 싶어지는 그런 영화^^,1
R08166,재밌기만 하구만...,1
R08167,서현인줄 알음ㅋㅋ,0
R08168,"저예산에 소소한 소재의 영화라고 다 좋은 영화가 아니다. 오히려 반짝반짝 빛나야하거늘 매력없는 대사와 에피소드들의 일렬횡대식 나열과 아줌마조연들의 발연기, 감독의 의도치않은 무미건조하고 재능없어보이는 둔탁한 연출력. 클리셰한 에피소드들의 총체적 난국.",0
R08169,20년만 빨랐어도 명작 반열에 오를 수 있었던 아쉬운 영화. 나나코 ㅠㅠ,0
R08170,OO 무료포인트가 아까운영화.,0
R08171,형이 10점주는건 일단 봐도 된다,1
R08172,괜찮았다.. 실사라도 괜찮았을듯..,1
R08173,떡이나 쳐라,0
R08174,보고싶다~보고싶다,0
R08175,하이틴공포물에 굉장히 관대한 나도 이 영화는 도저히 용서할 수가 없다...,0
R08176,그냥 보면서 피식. 뭔가따듯해서좋앗음,1
R08177,재밌게 볼만한 영화입니다.,1
R08178,이게 6점대라니 솔직히 별로임 알바들,0
R08179,첨시청했는데 정성호장모 참 보기 거북하네요 .. 설정이라면 아무리 예능이지만 이런설정하지마세요. 누가 좋아한다고 이딴설정을 잡아놓은건가요? 그것도 연말에..,0
R08180,아.....쓰레기...로그인까지 하게하네..,0
R08181,재미없다.,0
R08182,그냥 그랬다. 뭐가 흠인지는 모르겠지만 딱히 재미는 없었다. 남들은 반전이라고 하는데 딱히 감흥 없었다. 배우들 연기가 상당했던 기억만...,0
R08183,우들리가 이뻐도 영화가 이모양이면 ..,0
R08184,3개의 시간이 흐르는 모습과 그때마다 다른캐릭터의 공리의 모습에 감탄하게된다,1
R08185,티아라는 무조건 비공감,0
R08186,주식공부하면서 영화 작전을 보면 누구나 다 한번쯤은 그렇게 해 보구 싶은 생각이 많이 들거당. 왜 그런 행동을 하는지 정보의 부족으로 인한 심리상태 표현 좋았다. 세상사는게 그렇지 뭐.,1
R08187,누가 이 영화를 보고 카펜터 영화라고 하겠나...,0
R08188,의외로 평점이 낮아서 놀랐다는....,1
R08189,내 인생의 top 10 영화에 기록 될 영화다,1
R08190,쓰레기....보고후회하려면 보던지.....,0
R08191,신선한 소재. 보고 난 후 기분도 좋아지네요,1
R08192,아니 이게먼 억지스러운 반전이지?ㅋ글고주인공은 마술단이냐 FBI냐? 머가먼지ㅡㅡ내가 웬만하면 평점낮은영화도 잘보는데 이건진짜 화가난다,0
R08193,감독과배우인터뷰봤는데단순공포로 생각하지말라고이영환초자연적종교영화로 알아줬음한다고^^개념감독//언제봐도 명작 단지 그렇게 믿음투철한신부가영적싸움에서너무쉽게죽는다는게맘에안내켰지만젊은신부가모르는여자아이를사랑으로희생해서순교한거라는감독의말에 고개를 끄덕..ㅋ;,1
R08194,지금이야 좀 그렇지만 저 시절에는 괜찮은거다. 솔까 요즘영화중에 저런 영화있냐? 진심 난 어릴적 잼있게 봤는데,1
R08195,얘기하고 싶은게 뭐야? 지루함의 극치,0
R08196,김선영은 전 작품이 더 좋네.,0
R08197,전 오래전에 박인권화백의 만화로 밨죠. 긴 내용을 압축하다보니 싱겁다고나 할까,0
R08198,쓰레기쓰레기쓰레기쓰레기쓰레기쓰레기쓰레기쓰레기쓰레기쓰레기쓰레기쓰레기쓰레기,0
R08199,마츠준은 멋있다.,0
R08200,원작과 제목만 같은 다른영화같다,0
R08201,어르신들의 회상용 성인만화.. 어렸을 때 봤으면 재밌었을듯,0
R08202,아주 웃겨죽겠다.,1
R08203,적절한 무술과 위트의 조화. 폴리스 스토리로 만개하는 그의 준비단계!,1
R08204,강신일 빨갱이껀 무조건 1이지뭐...0없나요?,0
R08205,어처구니가 없네요... 문소리 같은 배우를 이런데 쓰다니..,0
R08206,뇌 세포의 흐릿한 기억을 과거의 뚜렷한 기정과의 만남으로 연출한 장면. 최고!,1
R08207,CG가 죽임 스케일도크고,1
R08208,"영화는 잘만들었다 보기 힘들지만, 한국전쟁의 영웅 맥아더 장군님의 영화를 욕할수는 없다.",1
R08209,너무 재미없어서 중간에 그만 본 영화,0
R08210,눈꼽만큼의 연계도 연관성도 없이...그냥 막 찍어 놨구나...이런류의 공포영화는 정말...최악이다...,0
R08211,무도 베끼기,0
R08212,좀 저질적내용과뻔펀한스토리지만나름교훈도있고사랑도있다,1
R08213,송강호의 희생과 언제나 가족을 위하지만 그들은 알아주지 못한다는것이 너무 슬프다.. 이세상 모든 아버지가 존경스럽다,1
R08214,갈수록 재미없네.. 괜히봣다 ㄹㅇ,0
R08215,"간첩 미화에 스토리, 연출력 허접 그 자체. 연기도 꽝",0
R08216,도저히모르겟다....,0
R08217,나오는 출연진만 대단하다 전반적으로는 재미가 없다고 할깤ㅋㅋㅋ,0
R08218,지금 생각해도 벅차고 소름돋아요,1
R08219,풍자에도 급이 있다. 덧붙여 엔딩 노래 가사에서 한국 비하 장면은 ㅉㅉ,0
R08220,이러지 마...제발...응?,0
R08221,비교적 화려한 캐스팅 속에서 장량을 맡은 김수로가 가장 기억에 남음. 장혁 출연 영화는 글쎄.,0
R08222,욜라 잼있써 버러거범수 범수가 쵝오~!,1
R08223,서동요보고 조현재씨가 누구보다도 제일 좋아졌습니다♡,1
R08224,히든싱어 3 했음좋겟네요.. 이정씨 팬입니다. 이정씨도 꼭 나왔왓음좋겟어요. 고인 김현식. 유재하.님편도 했음좋겟네요. 맘이 아련하거든요,1
R08225,엔딩이 짠해지더군요,1
R08226,이 모든 것이 '기적'이 아니라 '현실'이 되길.,1
R08227,일점도주기아까워요 무슨드라마를이렇게질질끄는지 시청자들화병만드려고만든드라마도아니고무슨 매일악역위주고 사랑도감동도감흥도없고 짜증나는드라마네요 아무리막장드라마라고하지만이건막장을떠나서진짜쓰레기네요진짜 짜증나서보기싫은데혹시나 오늘은다를까하고보면 또화병나네요,0
R08228,안본사람들 꼭보세요,1
R08229,기대이상..완전 재밌어요..ㅎㅎ,1
R08230,고아라 킹왕짱,1
R08231,마이너스 없나 OO,0
R08232,제목그대로 링컨이 뱀파이어잡는내용인데 너무진부하다.노잼,0
R08233,이런 지루하고 뻔뻔한 어처구니 없는 불륜쇼는 납득이 안간다,0
R08234,어릴때 아주 재밌게 본 기억이...,1
R08235,가슴찡했어요.어색한 한국어대사를 인식못할정도로ㅜㅜ,1
R08236,ㅋㅋㅋ 이게영화가 시간존나아까움 ㅇ,0
R08237,나름 교훈돋기는 하지만 어쩔수없이 저평점 받을수밖에 없는 저질섹스코미디,0
R08238,이런 세계적 오리지널 명공연을 이렇게 간접적으로라도 즐길수있게 해준 메가박스에 감사하며.. ㅋ실제같았음 장 마다 브레이크타임이잇엇을텐데 숼틈없이봐서 좀 숨막혔던거 빼고는.. 재밌었음^^ 자리도 정가운데였어서 몰입감이 꽤직접보는것처럼 느껴졌음^_^최고,1
R08239,저 또래 학생이라면 무척이나 공감대 형성이 가능한 그런 영화.,1
R08240,영상미 음악 최고 몰입도 최고 평범한 복수극 일꺼란 생각은 영화가 시작되고부터 사라진다,1
R08241,내가 왜 끝까지 봤지,1
R08242,군인인데 휴가나와서 이거봤다가 욕하고 복귀합니다,0
R08243,이렇게 재밋게본 드라마 추노말거 없엇음 ㅜ짱,1
R08244,진짜 다들 너무하시네 ㅡ 전투하다가로맨스니 킬링타임용이니뭐니 불만엄청나게하시고 1점주시네 아니전투하고로맨스지그러면전투하고 연인죽고끝납니까?또 죽으면 죽였다고 감독욕하고;;그런분들때메 이영화 인기떨어져서 2편 안만든데요 ㅡ,1
R08245,이번에 레드아이만든 감독인데 이번껏은 어떨까 ?,0
R08246,엄청 재미있어요,1
R08247,재밌다. 이런 영화좋다~~!,1
R08248,영화를 보면서 이렇게 집중과 몰입이 안되는 영화는 처음이었다. 도대체 무엇을 중점으로 봐야하는지 갈피를 잡지 못하였다. 조선시대가 배경인 영화는 절반은 먹고 가는데 이 영화는 그냥 처참했다.,0
R08249,쥬라기공원을 처음 봤을때의 충격을 다시 느낄수 있을줄이야..,1
R08250,미국을 지탱하는 힘같다. 잘못된 권력과 물질만능이 지배하는 한국사회에도 이런 가치관을 담은 영화가 영화스럽다가 아닌 감동으로 다가오길 기도해본다. 아픈곳과 낮은자리에 따듯함이 더 가길...,1
R08251,"어른은 올바른 결정을 하는 존재가 아니라, 잘못된걸 수정할 수 있는자다.",1
R08252,지독한 고독의 끝은 언제인가. 엔딩에서 눈물이 너무 났다. 구원하소서!,1
R08253,음 왜 봤을까?,0
R08254,이게 평점이 낮네...... 1999년도에 이정도면 완전대단한데......ㅡ반전 대박 ㅋ,1
R08255,"진행자들이랑그방청객들 너무오버하는게 보기안좋더라. 그렇지만, 휘성편은 정말재미있게봤다.",0
R08256,지금 2013년인데 6년동안 나온 드라마 중 커피프린스 발끔치도 따라잡는 드라마가없음 왜 좋은 작품이 6년전에 끝났을까...커프 진짜 디테일하고 리얼리한 연출 정말 있을 법한 스토리 인데 요즘 드라마 우웩임..ㅋ;,1
R08257,이은주의 열연에 10점을... 편히 쉬기를..,1
R08258,재밌었어요..!,1
R08259,"감독혼자 주절대는, 말하고자하는 것조차 모호해진, 역겨운 쓰레기 영화.",0
R08260,신선한 남자 임신이라는 소재. 그러나 글쎄다. 별로 감흥을 느끼지 못함,0
R08261,제니퍼 코넬리가 감독한테 약점잡혀서 억지로 찍은 영화인 줄 알았다. 엉망인 스토리,0
R08262,엠마스톤엠마스톤가좋음,1
R08263,영화 10분쯤보다가 이건 시간낭비다싶어서 껐습니다,0
R08264,"이 드라마보다 더 재밌는,아니 이드라마만큼 재밌는 드라마를 보지못했음 그냥 레전드 드라마",1
R08265,시간만 딥따 디네ㅡㅡ,0
R08266,"초딩 버전 첩보물은 스파이키드, 중딩 버전 첩보물은 스톰브레이커",0
R08267,솔직히 이정도 만드는것도 쉬운건 아니지...고예산으로 만든영화도 아닐텐데 볼때마다 놀란다 이정도 구현했다는것도...일대기에 대해 다 나오지 않은건 아쉽긴 하지만 솔직히 있는걸 다 하기엔 너무 방대할것이다 완벽하게 정확하게 만들기도 쉽지않을거고,1
R08268,잠안올때 보면 최고,0
R08269,그래도 타이타닉 처럼 여주인공이 남주인공 버리고는 안가네그 의리때문에 10점,1
R08270,재밌게잘밨습니다멜깁슨아찌조아용,1
R08271,재미업ㅂ다 현실성없는 이야기...,0
R08272,군부독재시절 민주화를 열망하면 청춘을 희생했던 수많은 운동권학생들의 피와땀을 북한지령과 간첩선동으로 매도하는 쓰레기영화이다!!,0
R08273,무서운데 기분 욜라 드럽다 후유증 오래감 특히 저 눈 아오,0
R08274,"처음에 여자 연기도 너무 어색했고, 남자들이 다 그렇지 않은데 다 그런 사람으로 묘사되니 좀 그랬구요.근데, 생각해보면 여기 댓글도 이런영화말고 야한거보려고 봤다는 사람도 많은데, 세상 남자들의 시선을 좀 노골화 시켜서 표현한게 아닌가 싶네요.잘봤음",1
R08275,실화 같은 개 소리 하고 자빠졌네.. 이제 정신 병원에서 자기들끼리 생쇼 하는걸 쳐 찍고 자빠졌냐.. 보는내내 유치하고 지루해 죽는줄 알았다 18,0
R08276,특이한 그래픽 생각보다 잼있네요 ㅋ,1
R08277,개급 홍콩 액션. 그 마이인가 하는 여자 쌈빡한 얼굴과 액션은 보기 좋았다.,0
R08278,ㅋㅋ노답노답노답노답,0
R08279,항상 훈훈한 결말..,1
R08280,모든면에서 다 좋았지만 니엘이가 다시 연기를하게되서 좋았고요 다른배우들도 다 좋았고 재미있었어요,1
R08281,바다 생물체는 뭐가 있을까나?하고 기대했는데... 이건 초딩들도 지루해할듯..,0
R08282,"배우들과 음악, 받쳐주는 연출로! 품격있는 수사활극!",1
R08283,너무 재밌다ㅎㅎ 후회안해용ㅋ남자사용설명서 와 이거 vod 세트로 봤는데 잼쏘ㅋ,1
R08284,정말 재밌다.성유리와 민효린 넘 이뻐.,1
R08285,다큐멘터리같은스타일이맘에든다,1
R08286,처음에 홍종현 부모 수배중이라는 말 나오는 순간 모든 시나리오가 머릿속에 읽혀졌다.,0
R08287,"작가가 전작""미사""의 미련이 남은듯 .. 미사2를 보는느낌",0
R08288,6.25전쟁 당시 누구에게나 일어날수있었던이야기..진짜 감동적이고 슬프다,1
R08289,손예진이 짜증나는 영화는 처음 존나 ... 정신세계를 ....하... 말이 안나오고 이건 머리속에서 짜증 이란 단어밖에 생각안남 개빡쳐,0
R08290,내 평생 영화 중간에 나가는 관객이 제일 많았던 영화..,0
R08291,리메이크판은 원작의 반도 못따라간다. 당시 인기는 실로 대단.,1
R08292,정말 멋진 엔딩씬!!!,1
R08293,"PCT로 고통받는 그녀에겐 미안한 얘기지만, 영화가 끝나지 않길 바랬다.",1
R08294,"파이널은 근짱 나오는 개그물이고 이건 그냥 얼토당토 않은 스토리. 생방송 도중 사람이 죽었는데도 여주,남주 둘이서만 고군분투. 그리고 마지막 장면은 도대체 뭐야? 그 발랄한 bgm은 뭐냐고;;",0
R08295,여성의 입장에서 바라보는 잔잔하면서도 기분이 묘해지는 느낌,1
R08296,너무 좋다. 이런영화...,1
R08297,보고싶었던 영화. 한 달 전 쯤 봤다. 나는 시기에 맞는 영화였다,1
R08298,반전대박이다 완전소름..,1
R08299,장근석 어떻게해 살려내 OO,0
R08300,"다름을 인정하는 것, 자신을 직면하는 것, 진정한 인생.",1
R08301,또 코만도아류작이.................,0
R08302,이런 영화 만든 다고 수고 많았다. 재미없다.,0
R08303,모냐 이거? 제대로 된 한 컷 구경하기가 힘든 거의 최악의 험난한 영화,0
R08304,눈높은척하기는 잼있는건 잼있는거다,1
R08305,회복 되는 느낌이 드는군요... 제 자신을 되돌아 볼 수 있는 귀한 시간이 되었습니다...,1
R08306,전광렬의 카리스마는 시청자들의 호감을 사로잡는다.,1
R08307,이범수 어린이는 마피아 또는 이소룡 영화나 만화 무척 좋아했던 게로군...ㅉㅉ,0
R08308,오 마이 숄더,1
R08309,주인공이 페이스북이나 다른거할땐 왜 다 갑자기 조용해지는거?,0
R08310,이것저것 하고싶은요소 잔뜩 넣어서 영화를 만들긴했는데 정작 뭘말하고싶은건진 모르겠다.,0
R08311,실제 얼굴과 얼굴을 맞대고 이야기해도 진실을 말하지 않는데 SNS를 통해서는 오죽하겠는가?,1
R08312,개같음 CG가 뭐 이따구임 보다가 채널 돌림,0
R08313,콩없는 이후 1점도 아까움,0
R08314,게네스 펠트로 넘 좋아 좋아...으흫,1
R08315,뭐지 이영화??,0
R08316,어릴 때 아빠 따라 처음으로 극장가서 본영화,1
R08317,"섬세한 설정,서정적인 장면들과 음악.연극을 보는 듯했던 어색한 배우들 연기가 많이 아쉽다",0
R08318,유작이라고 하기에는 너무했습니다. 내용도 허무맹랑하고 .,0
R08319,거의 최초의 경제사극이라는 시도가 훌륭했다.,1
R08320,"연가시 별1점도 아깝다..아무리 영화지만 스토리가 꽝..주인공,형사,연구원 인맥라인이고 누가봐도 그회사짓인지 아는데 정부는 그걸몰라 협상이나 할려고하고...독립영화급도 안되는수준..",0
R08321,완전 실망..차라리 다른 영화를 볼 걸 그랬어요..,0
R08322,다시봐도 재밋는액션영화~,1
R08323,보고나니 너무 찝찝한 느낌이다.,0
R08324,쉽지 않은 주제인데 공연의 역동감으로 잘 풀어내서 좋았다 보고 듣는 재미가 있었다,1
R08325,정말 영화가 밝고 명랑한데 .. 왼지 슬프다 ... 사랑은 다 같은것임을... ㅜㅜ,1
R08326,보고 또 봐도 재밌는 액션영화. 스토리도 좋고 무술은 모 말할 필요도 없다,1
R08327,자본의 힘을 빌어 스케일만 컸더라면 정말 좋았을 드라마.,1
R08328,나는 왠지 스토리의 질이 원작보다는 애니가 더 땡긴다,1
R08329,이건 아니다 최악 나 유치한 거 좋아하는데 이건 뭐 ......아 시간 아까워,0
R08330,"소재가 되는 역사적 사건을 다루는데 집중하기 보다는 쓸데없는 멜로와 노출에만 신경 쓴다. 고증 따윈 전혀 신경 쓰지 않고, 혼란스러운 스토리엔 집중하기가 쉽지 않다.",0
R08331,졸릴 때 봐서 더 흠수력이 있었나?? 꿈꾸듯 보다보니 시간이 훌쩍~꿈같다zz,1
R08332,An unforgettable movie,1
R08333,"공동체의 안락함, 무서움 그리고 독립이 아닌 고립의 삶",1
R08334,서양 기준의 사고방식에 진저리를 친다.,1
R08335,별로다.,0
R08336,반전은 좋은데 반전때문에 앞부분의 어지간한 분량이 가짜가되는 느낌...이런게 반전영화라면...차라리 다른 영화를 보는게..;;,0
R08337,"독을 먹인 시충, 살을 찢는듯 하다 .",0
R08338,조용히 펼쳐지는 이야기... 그러나 여운이 남는...,1
R08339,"다른분들 평점보구, 1분만에 휘리릭~~ 미안~~",0
R08340,"덴마크,스웨덴, 노르웨이를 포함한 북유럽의 평화로운 분위기를 바탕으로 재밌게",1
R08341,당신들은 수억을 보상으로 받고 유공자로 자식들까지 혜택받으며 왜 참전유공자에게는 몇만원 던져주고 마는지. 진정한 민주화 운동 이었습니까 정말?,0
R08342,제작된지 10년이 지났지만 지금 봐도 감동은 여전하다,1
R08343,일단 나가면 치팅은 기본 옵션인 청춘들,0
R08344,강배우님이 잘 살려낸 영화.역시 코믹 멜로에서 빠질 수 없는 캐스팅 '강지환'.강지환 만세♥♥♥,1
R08345,이영화가 왜 흥행에 성공을 못했을까? 이해가 않간다는...',1
R08346,인과 응보라는 교훈,0
R08347,명작이 될 뻔한 영화..,1
R08348,뻔히 보이는 스토리;;당황;;,0
R08349,국방부 장관과 꼬마 그리고 여주인공의 무개념 삼박자,0
R08350,타란티노 영화를 너무 좋아하기에 장고와 펄프픽션은 수십번 봤을정도다. 그리고 지난주 준비도 없이 토익스피킹 시험을 봤는데 190점이 나왔다. ㅋㅋ,1
R08351,재밌게봤습니다 이은주씨 정말 이쁘네요 !,1
R08352,영화관에서 기립박수 쳤었다...! ㅋㅋㅋㅋ,1
R08353,지루하고 졸렬한 영화.차라리 스티븐 시걸 영화가 덜 따분할 정도,0
R08354,ㅗ같은 영화.,0
R08355,포스터공포영환줄알앗음,1
R08356,ㅅㅂ 왜 평점이 이래? ㅋㅋㅋㅋㅋㅋㅋ 재미있게 봤었는데......,1
R08357,단순하고 진부한 전개로 머릿속을 미친듯이 복잡하게 헤집는 영화. 자흐라의 마지막 대사가 속시원하다. 신의 뜻으로 한일이면 뭐가 부끄러워서 기자를 막냐,1
R08358,보기드문 훈훈한 영화. 정말 잘 만들었다는 생각이 듬.,1
R08359,아무생각없이봤는데 여지껏 생각나는영화,1
R08360,영상이예쁘지만 지루해도 너무지루하다. 안경같은영화를 바랬는데,0
R08361,영화 초반에 시걸형 포스 죽임 ㅋㅋㅋㅋ 킬링타임용으론 여전히 최고!!,1
R08362,이게 내 별명이었는데...김정훈이랑 닮았나?,1
R08363,자신들이 놓치는걸 스토리가 허술하다고 하지말자 하나하나 볼수록 더 대단하다 정말,1
R08364,이런걸 미국까지 가서 찍어서 개봉한다니.. 어색한 발연기에 어색한 한국어는 뭔지? 최민수 경력에서 지워야할 영화,0
R08365,이딴 OOO기 만들래도 힘들꺼야 ㅋㅋㅋ 와놔 ㅋㅋㅋㅋ 뭐냐 이거 ㅋㅋㅋㅋㅋㅋ 오컬트 무비냐 ㅋㅋㅋㅋㅋㅋㅋㅋ,0
R08366,흐미 평점이나 악평많은 영화중에서 잼있게본것도 있고 평점좋은영화중에서 매우별로인영화들이 있었는데 이건 진짜 좋은소재를 가지고도 1시간20분정도라는 시간에 억지로 젤젤끌면서 짜맞춘듯한느낌.,0
R08367,한효주님 동생 사건이 문제가 아니라 연기가 정말 겉도는 느낌이예요. 역할에 대한 이해가 전혀 없아서 아쉽고요. 최하점 드립니다.,0
R08368,투자자들은 제발 투자할만한 영화에 투자좀 해라. 뭐니 이게,0
R08369,내 평생 이렇게 재미없는 영화는 처음이다,0
R08370,"자꾸 꿈이라는 장치로 대놓고 드러낸 모호함과 결론을 너무 명확히 집어주는게 좀 아쉬웠지만, 화면처리, 분할화면, 장면구도, 인물들의 감정처리 등등 괜히 브라이언 드팔마 라고 하는게 아니라는걸 확실히 느꼈음....상영관이 이렇게 적다는게 안타깝네....",1
R08371,"억지 트릭에 억지 내용, 갈수록 태산",0
R08372,별볼일없슴..,0
R08373,재밌기만 하구만 뭐가 지루하다고 난리냐 ㅋㅋ,1
R08374,김지수 코트 이뿌다. 한혜진 대사 톤 이상해 연극 속 독백같아. 혼자 붕 뜬다. 좀 자연스럽게 해주길. 현학적인 추상적인 대사는 공허해,0
R08375,스페인인간들 더럽게 시끄럽네 아니 애새1끼들이 잠시도 가만힐 못있어,0
R08376,내가본 최고의 한국 느와르영화 .. 신세계처럼 다른 명작느와르 영화 뺏긴것도 전혀없고 정말 독특한 스토리였다 ㅎㅎ 인간의 이기심을 잘 보여준영화,1
R08377,이런개념영화는 많이만들어져야한다..,1
R08378,결말이 너무 억지스러워!,0
R08379,음... 그들의 노래가 업글되기까지.. 좋다. 음악도 그들의 모습도,1
R08380,도대체가 왜 만든지 알수 없을 지경의 쓰레기. 애커맨이 이뻐서 2점,0
R08381,정말멋지게사는거같아서부러운영화,1
R08382,책임감때문이 아니야! 단지 너를 위해서야!,1
R08383,삶은 아름답다 .. 명식이 연기 참 인상적이었는데 ..,0
R08384,모던타임즈가 더 재미있는거같음. 그래도 황금광시대는 명작중 명작,1
R08385,금발이 너무 저렴해 보이고 기대했더니만 하이틴 영화였네,0
R08386,심각하게 잼슴 시청률이 왜 이거밖에 안되는지 이해 안됨,1
R08387,만들지 말았어야 할 속편들 중 하나,0
R08388,10 점 만점에 10점~!!,1
R08389,정말 멜로와 액션 연기 모두 최고의영화 내용도 참신하고 오랫만에 재미잇영화봤네요,1
R08390,아 반전영화라길래 뒤에 반전있나 유심히 봤는데 그냥 정신분열증이 반전이엇음? ㅡㅡ 좀 실망하고봄 내용은 좋은데,0
R08391,더럽게 재미없다ㅋㅋ야이런영화,0
R08392,제니퍼 러브 휴잇말고는 볼게 엄따 ㅋ,0
R08393,실로 명품,1
R08394,별 반개도 아까운 영화.다른 사람들은 시간 낭비 하지 않길 바라면서 로그인해서 평점 남김나다. 0점 주고싶은 영화.,0
R08395,쓰레기 B급 오락물이네,0
R08396,애니가 다 좋은데 재미없고 캐릭 그림이 안예뻐..가슴아픈 애니네 ㅋㅋㅋ,0
R08397,"잔인하고 아름다운 영화. 영화의 건조한 배경과 상반되는 남매, 인상적이다.",1
R08398,컬트 멜로 스릴러를 넘나드는 재미,1
R08399,사랑을 아름답게 만들줄 아는 감독 로베르토 베니니,1
R08400,닭 종이 인형으로 계약을 성사시킨 가슴 따뜻한 이야기,0
R08401,아이가재미있게잘보네요~~~,1
R08402,김윤식. 유아인이 잘 어울릴 줄은 몰랐다. 은근 재밌는건 연기력인 듯.,1
R08403,영화라 가능한 애기인듯하지만 오랜만에 유쾨하게 웃었네요 굿굿!!!,1
R08404,액션은 턱없이 부족하고 이야기 전개는 지루하군,0
R08405,손톱부러지는장면빼곤 기억나는장면이 없다 최악,0
R08406,배우 활용이 아깝네요 ㅠ,1
R08407,브루스 윌리스가 까메오였다니... 우정출연 수준...,0
R08408,또 봐도 재밌는 영화. 할리우드만큼은 아니더라도 멋진 자동차 추격신...,1
R08409,나이들었음을 느껴 슬프다는 말이 왜 나를 슬프게 하는가.. 나도 나이가 들었음을 느끼고 있기 때문일까.. 더이상 홍대 앞 술취한 젊은 남녀와 같은 치기어린 사랑을 할 수 없기 때문일까... 이 영화는 삶의 진정한 아름다움에 대한 생각을 하게 만든다.,1
R08410,현재 한국영화의 위기를 불러온 허접 영화의 대표작.,0
R08411,"아니 밖에서 문잠구는데, 안에있는 사람이 열쇠 빼낸다고 나올수가있음??개안습일세~",0
R08412,새벽에 눈을 말똥말똥해주게 하는 영화,1
R08413,70년대 만들었을 법한 액션영화.. 감독이 돈이 많은가 보네요.어찌 이런 영화를 의도하에 만든건지 심심해서 만든건지..비디오영화도 이 정도는 아닌데.. 감독대단..,0
R08414,말하나하나 대사하나하나가 위트있다 재밌게 본영화,1
R08415,이건 뭐 잔인함만 존재하고 끼어맞춘 스토리에 엉성한 전개와 결말. 두명 이상 같이 보기에는 부담스런 영화.,0
R08416,너무너무 슬픈영화네요 너무감동적이였습니다,1
R08417,영화뭐니.. 주제곡은 좋다,0
R08418,"안소희 인생에 첫작품이자 마지막작품ㅋㅋㅋㅋㅋㅋㅋ비쥬얼,연기력,발성 모두 최악",0
R08419,"죽음의 숲,,아직도기억난다,,좀비",1
R08420,너무 날조가 심한영화네요 평론가 수준이랑 네티즌 수준 각 나오네요,0
R08421,진짜 재밋게 봤다 ㅋㅋ 역시 주성치가코믹영화는 끝내줌 ㅋㅋ,1
R08422,당시 기준으로 보면 괜찮은 영화 지금 기준으로 보면 그저 그런 영화. 시리즈로 제작되는 것 보면 일본에서는 꽤나 성공 한 듯. 굳이 찾아볼만한 영화는 아님,0
R08423,단순히 재미있다를 넘어서 마음한켠 시리고 또 뭉클하게 하는 그런게 있다. 좋은 영화다. 많은 사람들이 봤으면...,1
R08424,포루투갈영화라 그런지 씨날도 드리블보듯이 시원시원하네요. 쪼굼 폭력적이긴 합니다만... 확실히 재미는 있네요,1
R08425,"믿음이란 무엇인가, 크리스천은 무엇을 위해 누구를 위해 그리고 어떻게 살아야 하는 지를 를 다시금 생각할 수 있는 좋은 시간이 되었다. 이 기회를 주신 하나님께 감사드립니다.",1
R08426,진짜 심리극적으로 정말잘만들어진거 같다.. 반전이고.. 외로운아이로 자라면 안된다는걸 한번더 알게 해준거같다 영화정말잘봤습니다 ㅎㅎ,1
R08427,두근두근하면서 재미있게 잘봤네요. 지성 너무 잘생겼어 ㅠㅠ,1
R08428,"화려한 그래픽,만화같은스토리,..나름 볼만하다 근데 1초도 아까운 탈출장면에서 키스가 왠말인가 키스하다 탈출못할뻔,..왜 꼭 이런장면을 넣어야하나 죽어라 탈출할땐 죽어라 뛰어라 제발 딴짓하다 죽지말고 누가날 죽이려고 쫓아 오는데 딴짓이 가능하냐",0
R08429,이게 영화냐?????? 별 반개가아깝다,0
R08430,재밌었지만 후반부가 아쉽다...,1
R08431,그저 사회분위기 잘 타서 이슈됐을뿐. 떨어지는 스토리 무모한 시도,0
R08432,포스터가 너무 난잡해..,0
R08433,소연만 아니어도 이렇게 망하지는 않았을텐데,0
R08434,최악의 영화였다,0
R08435,아무나 범접할 수 없는 크로넨버그의 영역 아랫님말에 절대 공감!,1
R08436,재밋어요,1
R08437,별로 다시 보기시른데....,0
R08438,알파치노 때문에 9점준다.. 레알 졸작.. 감독 나쁜새키..,1
R08439,좌좀 영화는 무조건 1점 문성근 찐따 ㅉㅉ,0
R08440,소란스럽게 분위기만 잡다가 끝나는 영화..정말 최악-_-,0
R08441,간만에 영화보는내내 기분이 안 좋게 만든,0
R08442,성룡 원표 홍금보 20년전에 만든영화인대 우리나라는 아직도 이영화를 못 따라간다,1
R08443,보이지 않는곳의 이런 희생이 있기에 우리가 안전하게 살수있는것이다..,1
R08444,할일없을 때 .... 시간 때우기용,0
R08445,이거 좋다는 놈들은 뭐하는 것들이야 ㅡ.ㅡ,0
R08446,한국산 킹콩 영화의 아스트랄한 대충격!,0
R08447,"시즌4도 만들어주세요!! 꼭시리즈 중에는 3가 젤 재밌었찌만 하윤이가 없어,, ㅜㅜ",1
R08448,한편의 그러저럭 볼만한 다큐멘터리.. 난 영화를 원했건만..,0
R08449,제일 좋아하는 영화. 내가 너무 때 탔다 싶을 때 보는 그런 영화.,1
R08450,"아나, 0점을 못주는게 한이다, 더빙뭐냐 최악이다",0
R08451,평점이 너무 높다 난 개인적으로 애매모한 영화가 싫다. 웃음소재도 그닥...,0
R08452,좋습니다. 가족영화로써 작품이 좋습니다.,1
R08453,"도도도,외면하고 안보던 프로.평균시청률6%라,무슨방어율도아니고...",0
R08454,엑윽엑엑윽엑윽윽엑윽,0
R08455,드라마가 전달해준 메세지가 가슴을 찡하게 합니다. 모처럼 많은 것을 생각하게 해주는 드라마... 잘봤습니다.,1
R08456,배우들의 연기도 엉망이었고 내용전개는 말할것도 없다,0
R08457,시간이 좀 아깝다.. 평범한 범죄 스릴러.. 이런 전개 지겹고 싫다..,0
R08458,소재들은 트랜디하고 완벽했지만 기획의도 위해 억지 연결한 느낌. 연기력↓.,0
R08459,"아기자기한 소품집 같은 작품. 메모리즈에 비하면 컴퓨터3D효과의 괄목할 성장이 보이지만, 작품에 온전히 녹아들지는 못한 듯.. 그래도 다양한 단편을 한꺼번에 맛볼 수 있어서 좋았다.",1
R08460,성장배경이 전혀 다른 동양에서도 먹혀 드는가 ?,0
R08461,결말 진짜 허망.. 본 시간이 아깝다,0
R08462,헐 평점뭐징..우연히 티비돌리다 그냥 봤는데.. 난 재밌게봤는뎅....;;; ㅡㅡ,1
R08463,출연진들만 봐도 소름돋는다!!!,1
R08464,진정 허무한 영화임....,0
R08465,그저킬링타임용,0
R08466,별주는 것도 아까울정도...중국만의 이해할수 없는 사랑 스토리...최악의 영화,0
R08467,재밌네요.....남자들이 보면 누구나 공감할 듯,1
R08468,드류가 감독이라는거에 또한번 놀란영화!! 보는내내 지루함은 없었다,1
R08469,소소한재미는있음 킬링타임용,0
R08470,총알탄 사나이 시리즈는 그나마 볼만했으나 이건 좀 아닌 듯. 어떤 영화 패러디 했구나 하고 그냥 지나 감,0
R08471,"특이한 보디가드 스토리가 눈을 사로잡는데, 홍콩영화 특유의 어설품이...살짝 눈에 거슬림.",1
R08472,참 안타까운 드라마네요..막장 스토리에 배우들까지..측은해지는특히 최정윤씨 !!자극적 소재가 많아 시청은 하게 되더군요..,0
R08473,별로별로;;;;,0
R08474,"심신이 한없이 축 늘어졌을 때 더 늘어질 수 있는가 궁금하신 분들은 보세요. 수백년을 살면서 몇세기에 무엇, 누구를 읊어대고 몇 년도 물건인지 신경쓰고 야행성이면서 전등 잔뜩 켜고 나갈 때 플래쉬들고 나가는 뱀파이어 이야기입니다.",0
R08475,아는분이 추천을해줘서 봤는데 너무 감동적인 영화인것 같네요..실화로 만든 영화는 보면 다시 보고 싶은영화로 순위안에서 보면 제일 많이 높을것같네요,1
R08476,억지로 감동을 짜내는 영화,0
R08477,난 그냥 이 영화가 좋다^^ 최고의 추억이다,1
R08478,이시대 필요한 아빠의 모습이다.. 아 멋있는데?,1
R08479,말하려는 바는 알겠지만 표현이 어색햇다.,1
R08480,더럽게 재미없음. 부검의 정도되면 머리를 써야 되는데 이성호한테 끌려감 .감독능력부족.,0
R08481,도데체 뭘 이야기하고 싶으셨는지요.,0
R08482,팀버튼 내가 젤 싫어하는 감독 그가 만들면 모두가 역겨운 쓰레기,0
R08483,케이블티비에 나오는 성인 드라마보다 못함. 엉성하고 3류적인구성으로 볼가치가없음,0
R08484,좋은 영화지만 우연 설정이 너무 많다,1
R08485,좋은 영화... 꼭 보시길,1
R08486,열받아 첨 리플단다. 미치겠다. 다들 정신들 좀 차려라. 이게모냐,0
R08487,쪼아요!??????????????,1
R08488,스케치북장면 기대하고 본건데... 흑인 남편이 정말 불쌍하더라... 금발여자도 진자 x같고...,0
R08489,도대체 왜 평점이 이리도 높은지 정말 이해할 수 없는 영화... 시간이 아까웠다,0
R08490,뻔한 전개에도 불구하고 많은 여운을 남겨주는 잔잔한 감동적인 영화,1
R08491,정말 재밌음...,1
R08492,무슨 내용이 이따구냐 ㅡㅡ 뒤죽박죽 개나 줘버려,0
R08493,정말 아름다운 영화..,1
R08494,"내 인생 최고의 로맨틱코메디. 남녀간의사랑. 가족. 이 모든 것이 담겨있는 영화. 웃다가 울게만드는, 외로울때 꼭 한번씩 생각나서 다시 보고싶게하는 영화네요^^",1
R08495,좋은 드라마,1
R08496,지금도 vod로 사보면서 글 남긴다. 난 이 영화가 참 좋다,1
R08497,지루하다 정말 많이,0
R08498,비밀 스러운이야기비밀로남겨진이야기,1
R08499,차라리 야1동을 보자 ㅇㅋ?,0
R08500,"엉성 그 자체다 감독님 공부좀 더 하셔야 할듯,,",0
R08501,정경호 너무멋있다,1
R08502,영화의 역사에 함께할 작품,1
R08503,라공 라희 연기못하는거때문에 조연들이 더 빚나는 드라마!! 윤찬이 얼굴 넘크게나와요 노티도 나서 거슬려요 하나랑 안 어울림. 도현이랑 잘되길 바람.,0
R08504,"역들 캐스팅 잘한거같다, 원작과 싱크로율 있는듯한 캐릭터들이다,",1
R08505,참 아쉬운작품 시리즈를 확장 시켜서라도 더 보안했었어야..,1
R08506,너무재밌게 잘보고 있습니다,1
R08507,배우들 진짜 창피했을것,0
R08508,12세 관람가면 12세도 이해할 수 있을 정도로 만들었어야지. 중고생들이 이거보고 그 시대적 상황을 이해해가며 재미있게 봤다고 생각하겠나?,0
R08509,정말 좋았다 울고싶었다 잊혀지지 않음,1
R08510,"에라이, 똥물에 튀겨버릴까부다. 내 인생의 2시간 알겨 먹은 넘들!",0
R08511,개봉일보니 누가 이런영화 배급받았나보다.... 헐 그사람 불쌍해서 어째..ㅠㅠ,0
R08512,"프로젝트 니혼 제로 이치 닌교 츠가이(인형사) 프로젝트냐?오로라 공주와 손오공을 보아도,연쇄 살인범 이름으로,오로라 공주를 써먹고 싶고,바다의 왕자 마린보이를 보고도,마약거래상 이름으로,써먹고 싶은 인간들에게나,딱 어울리는 경지...한마디로,OO 영화",0
R08513,"한어린 분단조국의역사와 평범치않은가족사,병상옆의 목울음이 시놉시스의정수가 된다",1
R08514,주인공이 나와 너무 비슷해서...그래서 더 나에게 의미있는 영화,1
R08515,홍콩 느와르 영화중 졸작에 속한다.,0
R08516,한집안 어머니의 죽음으로 모두 행복해 졌네요... 그걸로 내용 끝...,0
R08517,이제 그만해라 지겨워 죽는 줄 알았다,0
R08518,쓰레기같은 영화 별반개도 아깝네요,0
R08519,공룡쭈쭈보다공룡은더나은데그세도역시삼류!,0
R08520,시간날림,0
R08521,"정말 재미있었다.. 프랑스영화는 역시 다르다는걸 느꼇다.,",1
R08522,오랫만에 이런 분위기의 영화를 봐서 그런지 볼만했다 ㅎ,1
R08523,"왜 만들었는지 이해가 안되네, 진짜 욕 나오는 영화 라이언 레이놀즈 나오는 영화는 다 최악",0
R08524,기대보다 너무나 못했던 실망적인 작품. 심심한 각본과 짜증나는 전개,0
R08525,알파치노 개 젊네ㅋㅋㅋ,1
R08526,복수와 복수는 엮이고 엮이고..,1
R08527,세상은 언제나 가진 자의 편이다.,0
R08528,정말안좋다,1
R08529,멜로성도 부족하며 미스테리도 부족하다. 흐지부지.,0
R08530,유치원생 아들 보는동안 한두번 웃네요^^;;,0
R08531,긴장감도 없고 개연성 없는 전개에... 그중 제일 짜증났던건 엄마라는 사람,0
R08532,강경준배우님 미안하지만 연기연습 더 하셔야 될것 같아요 목소리 빼곤 뭐 하나 괜찮은게 없네요..김청 배우님은 연기 경력이 얼만데... 아직도... 화내는 감정이 지르는것;; 그것 밖에 없진 않을텐데... 두분 많이 불편했어요..,0
R08533,큐에선 신지를 철저하게 멘탈붕괴로 만들어놨으니 이젠 파이널에서 정신차리는 일만 남았다,1
R08534,넘넘 잼나게 봤어용..다시 보고파~~,1
R08535,영화보는 내내 상대 약혼자들이 눈에 밟힙니다. 마지막 사랑한 그 사람.어쩔수 없이 헤어지고도 마주칠수밖에 없는 그사람이 영화 주인공들과 같은 운명적 만남에 결혼까지 하고 행복해한 모습이 떠올라 가슴아프네요. 제게도 이런 사랑이 찾아 오길 소원합니다.,1
R08536,중반까지 전개는 좋았지만 신의 이름을 빌린 일반론적인 이야기. 완장효과랄까...,0
R08537,연기를 하는 모습을 보고 예전 첫사랑 드라마를보는듯나두 연기하고싶다~최수종 형 항상 감사합니다,1
R08538,OO 이런것도 영화라고..,0
R08539,너무재미있어요~~~쭈욱계속했음좋겠어요!!,1
R08540,이게 실화면 드래곤볼도 실화다,0
R08541,몇번 스킵하면서 보다가 그냥 껐다. 조낸 재미없다. 퓨리봤으면 안보는게 건강에 좋다.,0
R08542,작가완전 초짜아닌가요?? SBS는 참 눈도 없지...질질끌지말고 끝내요 그냥!!,0
R08543,정말잼있는드라마였다미누님의새로운모습도볼수있었구..미누님짱,1
R08544,이거 짱재미있음~ &gt&lt,1
R08545,분장과 스토리전개에 실패했다.,0
R08546,종편 캐OOO,0
R08547,그냥 뻔한 영화 공식을 대입한 뻔한 스토리의 영화,0
R08548,이스트우드 굿! 멋진데!,1
R08549,자막 업뎃 안됨음악 별로집에서보는게 나을듯,0
R08550,노래 좋네,1
R08551,어렸을적 처음으로 극장가서 봤던영화..내용은 기억이..,1
R08552,근래 본 영화중 최고입니다.,1
R08553,ㅋㅋㅋ 끝까지보긴했는데 시간아깝네요,0
R08554,서울공략+2 이것 뿐이다.,0
R08555,나두 타인들을 위해 평점에 알바들이 들어갔나 이해안됨,0
R08556,니콜라스 케이지가 구급 요원에 잘 어울렸음,1
R08557,아빠어디가팬이이여서 10으로달아드려용!!솔직히1이진짜~훨씬잼섰어요 준수너무너무보고싶어요...준수한번만이라도 나오게해주세요!! 예전맴버들다그립다.... 후도진짜좋아서 후나오니깐좋아요!! 후예전엔인기쩔어서 분량짱이엇는데 요즘은 민율이분량이많은듯,1
R08558,전 나쁜 놈입니다...,1
R08559,진지하게 보면 우리나라 정서엔 불쾌하지만 코믹으로 본다면 배꼽 그 이상을 잡는다.,1
R08560,짜이이야에으양ㅍ여유요,1
R08561,김보성이 주연했으면 초대박이였을 영화.그래도 으리으리하다.,1
R08562,"과하지도, 덜하지도 않은 연기에 무게를 실어 보여주는 마이클 섀넌과 그가 열연한 아이스맨",1
R08563,다시봐도 재밌었던 영화,1
R08564,언제 봐도 항상 좋고 질리지도 않고 너무 좋은 ㅠㅠ.. 정말 저런 곳에서 살고 싶다 어렸을 적 꿈이 하울이랑 결혼하는 거였는데..♥ 볼 때 마다 항상 빠지네 하울 너란 남자.,1
R08565,재미없었어요...,0
R08566,임순례감독님 특유의 감성,1
R08567,늙어가는게 안타까운형 탐형 형 고마워 이런 액션 멋지게 찍어줘서 러닝타임내내 재미있게봤습니다 역시 탐형 그리고 역시 멋진 주제가,1
R08568,대학생 초~ 즐겁게 봤다. ㅎㅎ 아줌마가 된 지금도 재미있게 볼듯하다~,1
R08569,무언가 생각하게 만드는 영화..ㅠㅠ 킬리언의 연기가 돋보인다,1
R08570,캬 ......명작,1
R08571,"왠만하면 평점 안 남기는데.., 너무 하네 시간 아깝다",0
R08572,스티븐 킹 원작답게 탄탄하고 매력적인 전개와 베이츠의 호연이 담긴 걸작 스릴러,1
R08573,서면cgv에서 봤습니다.. 얼마나 울었는지... 그저 슬플뿐입니다,1
R08574,전형적인 미국영웅주의에 점수를 후하게 주는 기브미초코렛들..쯧,0
R08575,쓰레기다..카메라맨 덕에 오바이트 할뻔했음..,0
R08576,고작 그럴려고 그렇게 끄셨어요?,0
R08577,...........,0
R08578,너무 좋다....ㅠㅠ 두고두고 한번씩봐야지..♥ 내가왜이런영화를이제야알았을까,1
R08579,공포지만 귀신없고 히키코모리는 뭔연관인지.. 먼저죽은친구만 불쌍..,0
R08580,도대체 한국 영화는 코미디 영화도 조폭 아니면 소재가 없나 ㅉㅉ,0
R08581,"중간까지 좋았는데 조현이누나 고문하고 강간하는 장면때문에 최악이 돼버림..너무 이쁜 누나에게 꼭 그렇게 그런장면을 길게 넣었어야 했는지 그어떤 공포,고어물보다 보기 괴롭고 힘들었음..ㅠ",0
R08582,역시 기대를 져버리지 않는 천재 감독의 영화,1
R08583,차마 눈뜨고 봐줄 수가 없다.,0
R08584,"솔직히 너무 재미없었음. 그냥 액션이란 껍데기만 난무할 뿐 알맹이는 전혀 없었음. 오죽하면 20년도 더 넘은 다이하드 1이 더 재밌게 느껴졌을까... 그냥 딱 킬링타임용임. 아 진짜 다이하드 1, 2, 3 시절이 그립다...",0
R08585,진연희 진짜 예쁘다 ㅎㅎ,1
R08586,조금 전 tv에서 봤어요. 별 다른 기대없이 본 영화인데 좋았어요.,1
R08587,전편에 이어 재밌네요.,1
R08588,이야~ 참 답이없네요 성우쓰라니까 참내 성우연기 더럽게 못하는가수 써서 뭐하게요? 영화 베리지 말고 차라리 성우쓰리라고요가수 쓰면 뭐 대박 날줄아나 봅니다..에휴....,0
R08589,ㅋㅋ 유치짬뽕 쓰레기 드라마,0
R08590,채림은 정말 이쁘고 사랑스러운 여자다.,1
R08591,맨홀 보다가 멘붕와서 통수가 지끈거리며 그 시간에 다른걸 했다면 하는 엄청난 후회감이 밀려올줄은 상상도 못했다. 개봉한지 한참 지나 달린 진짜 평점들을 확인하지않은게 큰 실수였다. 너무 짜증나서 토 나올것 같아 ㅠㅠ 이건 아니잖아!,0
R08592,재미없네 ㅉ 이딴게 영화라니 근데 평점 뭐 이렇게 높냐?ㅉ,0
R08593,1점을주기도아까운정말쓰레기같은영화,0
R08594,자극적이고 선정적이 소재에 의미만 부여하면 예술인가. 진심 감독 멘탈 궁금하다.,0
R08595,하...낙였네...,1
R08596,정말 최고!!,1
R08597,저는 수준이 낮은가봐요 되게 재미있었어요,1
R08598,"이런 시트콤, 드라마 많이 만들어주세요 막장들 속에 더 빛이 나네요 감동과 교훈에 재미까지^~요즘 이거 보며 힐링 합니다ㅎ",1
R08599,불쌍한 길냥이들에게 온정의 손길을 내밀어 주세요....,1
R08600,결말에 집착하지 말자. 영화가 주는 교훈을 보자.,1
R08601,마지막에 조금 반전이었는데 레고로 여러가질 표현했다는 게 참신하고 흥미로웠음. 꿀잼 ㅋㅋ,1
R08602,이렇게 훌륭한 영화가 평점이 너무 낮다 배우들 연기 최고다 이영화는 제대로평가 받아야한다. 안티는 니들도 세상을 살아봐 그러면 10점 줄꺼다,1
R08603,현아가 안나와서 1점.,0
R08604,아...진짜...연기를 똥X멍으로 하나...이건 정말 인간적으로 해도해도 너무하네...배우 한명연기 때문에 도저히 거슬려서...보다가 때려치운... 영화는 내 인생에 이게 처음이자 마지막일 듯...,0
R08605,젠장 ㅡㅡ,0
R08606,카지노로얄은 정말 재미있게 봤는데 퀀텀오브솔러스는 몰입도 잘 안되고.. 전체적인 배경에 카지노로얄 배경을 억지로 이어맞추려한다고 느껴지고 액션만 왁자지끌 할 뿐.. 이렇다할 몰입감이 전혀없이 전체적으로 지루하다.,0
R08607,시작부터 끝까지 눈을 땔수가 없을 정도로 몰입이 되었다,1
R08608,오 10점인거 첨봤당 저도 그 어릴때 본거 아직도 기억에남네요 >신고,1
R08609,당시에 상당히 감동적이었다,1
R08610,아 이런 잔인한 감독.,1
R08611,지루하고 스케일 꽝! 도대체 머하자는 건지...ㅡㅡ,0
R08612,이제 지겨운 말장난은 그만 !! 재미도 없고...,0
R08613,최고의 영화 말이필요 없음.. 연기의 진수..,1
R08614,생각없이 보면 재밌던데ㅋㅋ,1
R08615,영화보면서 눈물흘려본적이 별로없는데 이 영화가 나를 울리네,1
R08616,미친:: 절대안먹어 이제 살빼야지,1
R08617,사랑합니다.,1
R08618,스토리가 안습. 내용 전개가 형편없어서 몰입이 안됨. 출연배우가 아까움.,0
R08619,소고기 등심으로 무슨 요리를 하나 봤더니 라면에 넣고 끓여버렸네.,0
R08620,초중반까진 괜찮았는데 마무리가 참 폭망급이네 결말 정말 이상하다,0
R08621,개념을 밥말아먹고 제멋대로 만든 영화..거기다가 여배우들이 아주 못생겼다는거..벗어두 의미도 없고...ㅋㅋ,0
R08622,재미있겠다...,1
R08623,영화 피구왕 통키와 쌍벽이다재정신으로는 절대 만들 수 없다.,0
R08624,이영화에서..어느 하나 연기 못하는 사람이 없네요. 디오마저 연기를 개잘해요. 염정아씨 최우수상 받을 만하고... 대단한 영화네요. 카트~!!!,1
R08625,소라아오이 존나 못생겼네,0
R08626,30분 보다가 껐다. 헐리웃 아니면 한국영화에 익숙해서인지 중궈애들 오글거려 못보겠다,0
R08627,내가 생각하는 최고의 프로그램!,1
R08628,재미없엇음,0
R08629,연기도 별로고 감정이입도 안되게 편집해놨네요.. 제가 본 퀴어영화 중에 가장 별로입니다.,0
R08630,티비에서 다시 보여줄때마다 멈추어 보게만드는 영화.. 대단한 힘이죠,1
R08631,진짜 드럽게 재미없고 말도 안되는 영화다 섹스신 하나만 볼만함,0
R08632,감명깊었습니다... 이래서 제가 예술영화를 좋아합니다...,1
R08633,독립영화의 틀속으로 알아서 들어간 영화.,0
R08634,너무아파요마음이?몰살당하면서도 주여를외치는그들?한없이 눈물이흘렀습니다,1
R08635,이거 진짜 제대론데~~내가 이상한가...기억에 오래남은 공포물.. 전 호러영화광ㅋ,1
R08636,1점도 아깝지 않을까...?,0
R08637,"리얼스틸 따위의 인위적 감동이 아니라, 제대로 된 부성애의 감동..",1
R08638,평점 1점 준 인간들 수준이 보이네; 글재주가 없어서 뭐라 설명 못하겠다 그냥 보세요~ 아 로봇들 너무 귀엽다 바퀴벌레도 너무 귀여워ㅋㅋ,1
R08639,슈퍼스타허각! 보면서 유일하게 온몸에 소름이 돋고 닭살 돋았던건 허각씨뿐이었어요,1
R08640,근데 왜 여자가 더 많지......,1
R08641,진짜 오토바이씬 빼고는 볼게 없음 -_-,0
R08642,우리집은 아침 드라마 강제적으로 본다... 어머니 때문에... 아침 안먹으면 죽는줄 아시는 어머니 때문에 건너 뛸수도 없다... 식탁에 앉으면 정면에 떡~ 하니 TV가 있어서 강제적으로 주입이 된다 그런 아침 드라마중 최악이었다 진심...,0
R08643,처음엔 긴장감 있게 잘 끌고가는가 싶었는데 후반부 마무리가 왜이런건지.,0
R08644,오락실 게임이 왠지 더 재밌는 영화,0
R08645,어렸을 때 비디오 빌려봤던 영화ㅋㅋ너무 유쾌하고 재밌게 봤땅!! 가족애도 느껴지고!,1
R08646,"시간순서를 뒤바꾸고, 환상을 집어넣고, 기억을 왜곡시켜봐도 결국은 뻔한 치정살인",0
R08647,재미읍서재미읍서재미읍서,0
R08648,1년에 주기적으로 한번씩 보게되는 영화,1
R08649,다시한번 인생을 돌아보게한 숀펜의 사실적인 연기에 고마워함,1
R08650,너무 너무 큰 감동과 슬픔을 안고 왔어요... 미얀마만의 얘기가 아니겠죠.. 몇OO전 우리 나라에서도 겪었을..... 눈물이 많이 났어요..정말 많은 분들이 봤음 좋겠어요..,1
R08651,괴물영화로만 생각하고 봤다면 당신을 실망할것 아니라면 반대일것,1
R08652,ㅇㅂ,1
R08653,남을게 그리없는 영화,0
R08654,공포영화인데 왜 웃음이 나오냐 ㅋㅋ,0
R08655,모던 타임즈와 위대한 독재자 둘 중 하나를 꼽으라면 두 말 할 것없이 위대한 독재자를 선택,1
R08656,결국 주인공 산거네 몰입도 짱,1
R08657,아주아주 정말 후회가 되서 1점,0
R08658,음....일단 지루했고 수면영화란 장르를 개척한거 같음,0
R08659,너무웃겨요 ㅠㅠ,1
R08660,이 영화 저만 별로였나 보네요...,0
R08661,전 원래 내용을 몰랐는데 교과서에 길게 요약되서 실어져있어서 읽었는데 솔직히 무슨내용인지는 몰랐어요..근데 여기 줄거리에 나와있는건 제가 모르는내용이 좀있네요?교과서엔 요약되어서 나와서그런가요?어쨌든 좋네요^^재밌어요~!!,1
R08662,이한마디로 요약.. `재앙` 그나마 이영애가 예쁘게 나와서 2점준다..,0
R08663,"정말 기대 안 하고 봤는데 눈물 쏙 빼놓았네요. 뻔한 헐리우드 로맨스일지 모르지만, 정말 몰입해서봤고, 재미있게 봤습니다. 감동적인 사랑이야기에요.",1
R08664,우와 0점이 없는게 아쉽다,0
R08665,이건 그냥 20세기 비디오물로 취급해야 ..,0
R08666,"내가 영화보면서 처음 눈물 흘리고 본게 스파이더맨3다.나는 어메이징, 스파이더맨 다 좋다. 하지만 내가제일 감명 깊게 본건 스파이더맨 시리즈이면서스파이더맨3다. 할 말이 필요없다. 지금까지도계속 챙겨보고 있다. 이것만 100번은 넘게본거 같다",1
R08667,고생해서 만들었을텐데.. 평점을 높게 줄 순 없어서 미안타. 나름 웃기고 즐거운 영화긴 한데 내가 유치함을 극복하긴 힘든 나이가 되버린듯.,0
R08668,볼일보다 끊고 나온 찝찝함.,0
R08669,오랜만에 다시봤지만 너무감동적이고 한편으로는 가슴에 찔림..,1
R08670,1점도 아깝네ㅡㅡ 답답하고 지루하고 감동도 없고 교훈도 없는 영화,0
R08671,지루하고 감동없구.......예의상봤음,0
R08672,이 영화 어디서 볼 수 있나요 보고 싶어 미치겠어요 ㅜㅜ,1
R08673,엔딩크레딧이 올라가는 순간 미래를 갔다온 느낌.. 거대 자본에 의해 통제되는 현대인들의 욕망의 미래..,1
R08674,너무 별로네요,0
R08675,정작 루크 에반스는 통틀어 10분 나올까 말까한 영화,0
R08676,뭐지 이건. 뭘 이야기하고 싶은건지. 평점너무높다,0
R08677,지루해요..보다졸았음,0
R08678,도대체 남과 북 시즌3은 왜 이렇게 구하기 힘든 거냣!!!ㅜㅠ,1
R08679,황당한 소재인 만큼 딱히 공감하기 어려운 영화. 당시 한국 판타지는 글쎄,0
R08680,"너무나 착했던 윤재를 걸절이로 만들어버리고 연기 못하는 신인배우를 갑자기 남주보다 높은 클래스로 만들어버리고 그렇게 착했던 여주를 김치녀 로 만들어버린 순옥아 이규한, 이수정에게 사과해라 죄책감안들어?",0
R08681,완전조으다♥,1
R08682,단순하게 찍은 영화같지만 전혀 단순하지 않은... 깊이 생각하게 하는 영화함부로 평을 내리지 못할 영화 같다.. 신비스러우면서도 잔잔한 재미와 생각이 있는 영화 ^^,1
R08683,1편은 참 쫄깃하게봤는데 2편은 왜이리 루즈할까..,0
R08684,이프로는 꼭있어야한다고 강조하고싶다.출연진들의 열정과 정말헌신적인 소방관들.나는 저들같이 못한다.그러기에 저들과 이 방송이 유지되어야한다고 생각합니다.이익이 동반되는 방송국의 실정도 백분이해는하지만.그래도 국민의방송국에 하나는있어야되지않을까요?,1
R08685,두 사람이 연기 호흡이 괜찮았다,1
R08686,차승원 멋진배우 멋진인생 응원합니다.,1
R08687,아직까지 잊혀지지 않는 명작임 ㅠㅠ 배우들의 연기가 일품이였던 드라마에요. 계속 생각나게 만든는 드라마에요 ㅠㅠ,1
R08688,영화에서 빙의 당한 애새끼면상도 맘에안드는데 여주친구 죽인뒤 멀뚱한표정보니 식칼로 정수리를 찍고싶다 ㅡㅡ;어떻게 골라도 저런 애새끼를 조연으로 출현시켜서 재미없는 영화 짜증까지 나게만드는 그 연출에 박수!,0
R08689,정말기대하고 봤는데 너무 실망. 웃기긴했지만 정말 뻔하고 지루한 스토리...다큐형식은 신선하기보단 식상하게 느껴졌습니다ㅜ제 취향과는 정말... 한마디로 웃기지만 저에게는 재미없는 영화였습니다. 웃긴것과 재밌는것은 정말 별개라는 것을 느끼게해준..,0
R08690,반전 쩌는데??,1
R08691,자국에서만 상영바라다.,0
R08692,재미없는 3류 영화. 한 20분정도 보다가 껏다스토리전개가 너무 억지 스럽고 부드럽지 못하다.그리고 관객을 열받게 많드는 연출...이건뭐 재미도 감동도없고 예술도아니다이걸보고 재미잇다는 무지렁이들이잇다는게 더 재밋다,0
R08693,기대 안하고 봐서 그런지... 겁나 웃었음오달수 등짝에 화살씬~~ㅋㅋㅋㅋ,1
R08694,배우들만 많이 출연했지 내용도 없고 유치찬란하다,0
R08695,리처드기어의 분위기가 살아있는 영화,1
R08696,ㅠㅠㅠㅠ또 한번 그대로보고싶다ㅠㅠ멤버고대로 영화라든가ㅠㅠ,1
R08697,보통 사람들의 보통 삶.. 고급스런 전쟁과 사랑이라고나 할까..,0
R08698,강동원 포텐터지고 역으로 보는중 이나영의 재발견 이나영 본인 연기인생 정점을 찍은 영화라고 봐도 무방,1
R08699,완전 쓰레기영화 이것도 영화냐? 돈이 아깝네 뭔 내용도 제대로된게 하나도없는 내 평생 여태본 영화중 최악쓰레기다,0
R08700,와 6점이라니 시간낭비같네요.. 중간중간 내용 전개도 매끄럽지 않고 그냥 보면서 어이없엇네요,0
R08701,말이필요없네요. 연기 내용 연출 흠잡을데 없음,1
R08702,대단하다. 대단해. 영화를 보고 난 후 올려다본 하늘에 별이 쫘르르르~,1
R08703,덜 마른 팬티를 입은 기분!,0
R08704,도대체 뭔말인지 모르겠는건 나만그런가? 흑백으로도 재밌게 만든영화 많은데,0
R08705,진짜재밌네? 카메론디아즈,1
R08706,1라운드 부터 넉다운.,0
R08707,곡을 만들어 나가는 과정이 너무나도 아름다웠던 영화.,1
R08708,음 뭔가 마지막 에피소드는 없는게 좋았을지도,0
R08709,야타란의 목소으리으리으리,1
R08710,종합병원2가 아니라 뉴하트2나 다름없다..,0
R08711,참...,0
R08712,영상 이면에 말하고자 하는 주제가 너무나 마음에 와닿았다.,1
R08713,결말이 ㅠ ㅠ 멜비푸포 완전멋져요 ㅠ이제서야알다니 ㅠㅠ,1
R08714,캐스팅에 낚였다.욕도 안나오는 이 개어이없음을 다들 느꼈을거라 생각한다.,0
R08715,빌리(여주인공 남친)랑 스튜어트(친구중에 장난좋아하는 백인새끼)가 범인 !!!!,0
R08716,역쉬 썩었네요M본부. 나라를 팔아먹은 매국노보다 더 나쁜 위안부 할머니들 가슴에 못박는 김구라로 이윤을 창출하는 방송국! 역쉬 매출이 최고죠? 어떻게든 많이 벌어야죠? 그렇게 벌어었기에 상암으로 왔죠? 개념없이 쭈~~~벌어서 대한민국도 사셔야죠?,0
R08717,보고 울 뻔ㅠ 진짜 명작중에 명작인듯,1
R08718,1994년도에 정말 많은 일들이 있었네요,1
R08719,"어설픈 헐리웃영화 따라하기, 카메라 쓸데없이 흔들기.. 역시 조잡한 프랑스영화",0
R08720,지금도 잊혀지지 않는 피아노 장면,1
R08721,"내용을 말해야 하지만 솔직히 배우 캐스팅에 너무 실망했어요... 타케모토나 마야마는 원작보다 좀 늙었어요.,유일하게 닮았다고 생각되는건 하구 뿐이거 같아요.. 내용도 너무 압축하다보니 허니와 클로버의 감동을 다 못집어넣은거 같은 기분이 들었네요..",0
R08722,이 드라마를 계기로 전... 뿅갓죠ㅎㅎ♡,1
R08723,"은근히 괜찮은 영화. 비포 선라이즈, 비포 선셋 같은것은 좋아하면서 이건 왜 평점이 6점도 안되나?",1
R08724,조승우님 사랑해요♥♥♥진심으로!! 제가 초6이어서 이 영화를 보진 못했고 유튜브로 찾아서 보았는데 너무 재미있어요 배우들도 연기 너무 잘하시고!!! 조승우님 짱이예요,1
R08725,종종걸음으로 안느의 뒤를 쫓아 다음 여정을 구경하고 싶다..,1
R08726,"그들이 별점3을 원할 때, 알바들에게 별점 1을 지시한다. 오랜만에 조니뎁다운 영화다. 뉴스따위 볼 필요없는 세상이 오길",1
R08727,악역.김지영 다 연기 못 함....재미도 드럽게 없음,0
R08728,재미없다.. 옹박 오리지날 1편빼고 만들지 말았어야했다..,0
R08729,무슨생각으로...?,0
R08730,나름 재밌다고 생각했었는데 반전에서;;완전 마이너스,0
R08731,이탈리아 영화는 적응이 쉽지않군,0
R08732,1편과 2편에 똥칠을 했음.,0
R08733,보리울의 여름 O.S.T.노래 정말 좋아요!!^.^,1
R08734,지루하지가 않다. 세 배우 연기 참 잘한다.,1
R08735,동기든간 모습이 너무 보기좋아요 한3주 분량 나올듯요 동기들 급 등장하실때 눈물이 핑 도네요 잘봤습니다,1
R08736,만화가 훨씬 재밌어요..왜 표현해내지 못한거지..,0
R08737,40자이상 쓸수없다니 빌어먹을!!!,1
R08738,"인간들을 얕잡아보는, 편협하고 게으르며 병든 찌질감독의 찌질열전 시리즈 무한반복.",0
R08739,스릴러 흉내내는 여성 영화. 보고 피곤해서 잤음,0
R08740,음악하는 나에겐 매우 도움이 되었다,1
R08741,크리스펜의 명복을 빌며....,1
R08742,병맛으로 어필하려는건가....,0
R08743,독맆된 드라마 여러개를 억지로 끼워 맞춘듯한 느낌을 준다.,0
R08744,역시 어른들이 보기에는 별로였다..ㅋ,0
R08745,ㅋㅋ 쓰레기.ㅋㅋㅋㅋ,0
R08746,김수로가 열심히 할수록 짠해지는 영화.,0
R08747,솔직히 솔직히 혁.잭슨.성재.엔은아이돌인데진심 가명도 대충짓고 엔오빠두 가명이 차돌백이가 뭔지.형돈오빠는 방송인데 옷도대충 침대에누워있고 보는 시청자들의 대한 예의도 아니고ㅡㅡ 보면서 아이돌 오빠들 불쌍했음 안무가도 없고 예산이 없으면 하시질 말던가여,0
R08748,저는 그래두 엄청 재미있게 본 영화.. 실화라고 해서 엄청 무서워했다는 실화면서 범인을 아직도 모르다고 했던걸루.ㅠ.ㅠ;;,1
R08749,별로 기대안하고 봤는데 의외로 잼있는영화!,1
R08750,"생애 최악의 악어영화, 마지막은 대체 뭔가... 주인공들이 그린피스였나?",0
R08751,내가 본영화중 최악이다.,0
R08752,이영화로써 여자들은 필요없다는걸 다시 상기시켜주는 영화같다 영화보는내내 암걸려 OOO줄,0
R08753,화난다 왜 사랑한다고 말하지 않는걸까,0
R08754,맛간 레니 할린,0
R08755,진짜 더빙은 전문성우 좀 써라,0
R08756,재밌어용,1
R08757,내시간 지못미....,0
R08758,훈훈하다ㅎ,1
R08759,30년이 지났지만 굉장하다.,1
R08760,2로 끝내야했다.크리스클라인은 왜 안나오거야?우씨~,0
R08761,힐링 나와서 평은 좋았다고 거짓말은 이거 나오자 마자 비디오로 그리고 완전 욕들하고 난리도 아니었다.비디오 가게 아저씨는 업자에게 던지고 이런 쓰레기 영화 제발 찍지 좀 말아라 돈낭비다.이돈 나주라 그렇게 돈OO 하고 싶으면 감독도 배우도 다 삼류,0
R08762,단편에다무성 흑백이여도 난 이영화가좋다,1
R08763,감동이 밀려오네.ㅋ,1
R08764,"말그대로 백조의 향연, 여주가 발레를 너무 잘한다 했는데 진짜 발레리나였다니.. 연기도 어색하지 않고 좋았다",1
R08765,"작년 여름에 봤던 영화인데 아직까지 여운이 남습니다. 암울한 현실을 과거와 현재를 교차하며 보여주는 장면이 인상적이었고, 음울한 분위기를 가진 영화의 무거운 느낌은 극으로 치닫는 마지막을 더 기억에 오래 남게 하였습니다.",1
R08766,나머지3개는 너랑깨,0
R08767,차태현때문에봄...스토리는별로...,0
R08768,반전대박..끝에가서 황태자가 좀 불쌍하긴함,1
R08769,나는 굉장히 재미있게 봤다. 타짜보다 더 강렬하던데. 배우들도 쌈빡하게 연기하고.,1
R08770,"내 인생 최고(?)또는,최악(?)의 드라마.막장도 갑...반전도 썰렁한 걸로,갑...장미희의 쓸데없는 연기력만 눈부시게 빛나네.똑 사세요~똑.이용.이장우랑,오연서는,사귀는지 ,안 사귀는지,관심도 없는데도,지들 끼리 오도 방정,호들갑 다떨고 다님(웃음)",0
R08771,...공각기동대제작사 답다는건지안답다는건지..,1
R08772,10년만에 다시봐도 명작이네.. 점수가 이렇게 낮은 이유를 모르겠다.,1
R08773,백지상태에서 봤지만 마지막 장면은 역시나. 시간이 철철 남는 분은 보시라,0
R08774,두 분 연기 너무 좋아요. 잘 어울리네요.,1
R08775,이게 500억이라고?!!!!,0
R08776,"“어,,, 어,, 서,,설마,,이, 이거 오즈랑 비교할 생각은 아니겠지 ? 어, 안 돼 안 돼 !”",0
R08777,보는내내 지루했다....,0
R08778,왠만하면 참고 보는데 이건 너무 심함.. 반도 안봄.. 재미도 내용도 감동도 없음.,0
R08779,"속편이긴 한데, 민망한 속편",0
R08780,"와씨...이런영화를 만들려고 했다니,,엄두가 안난다 .어쨋든 코브는 자신의 무의식에 있던 트라우마를 극복했다..장담컨데, 시간의 개념을 이렇게 잘 분석하고 표현하는 감독은 이사람뿐이다..인셉션을 인상깊게 봤다면 메멘토와 인터스텔라 추천함..",1
R08781,실망,0
R08782,"권상우, 김하늘, 공유 출연 영화는 글쎄. 이런 영화가 480만 관객을 동원했다니 믿을 수가 없음. 정우의 깜짝 양아치 출연도 별 의미 없음. 이 영화가 2003년 작품이라니. 특히 이 작품에선 김하늘 못 생겨 보임",0
R08783,평점 높길래 끝까지 봤는대 정말 화가나네...시간 버릿다,0
R08784,말이되니 연장 ㅋㅋㅋㅋㅋㅋ 내용도허접해진다,0
R08785,첫눈이 기다려지는 영화 얼른 첫눈 보고싶다..,1
R08786,마이클 더글라스가 망해가기 시작한 작품,0
R08787,4/5까지 결말을 향해 치닫다가.. 마지막 1분을 똥통에 빠뜨리는 영화입니다. 결말을 차라리 주인공 정신창란으로몰고가지...,0
R08788,평균 이하,0
R08789,노래완전좋다 broken arrow,1
R08790,탁월,1
R08791,오랜만에 즐겁게 봤다ㅎㅎ,1
R08792,난 평론가 별점이 5점이면 박평식 개XX밖에 안떠오르더라,1
R08793,가히 최고의 sf 시리즈라 할 수 있다,1
R08794,"최고의 공상과학 영화중 하나,",1
R08795,드림웍스가 제작한것처럼 한 문구가 마음에 들지않는다. 드림웍스에 먹칠을 하는일..,0
R08796,연기자는 연기자였다. 오랜만에 진짜 웃긴 영화를 보았다,1
R08797,오지명식 코믹??? 키키키키키,0
R08798,괜찮네요.,1
R08799,궈푸청 참 잘생겼다는....오경때문에 봤는데..그냥 킬링타임용...,1
R08800,시간죽이기용도 아까울 만큼 지루하고 코믹하지도 않은,0
R08801,미안하지만 이건 작품의 작품성을 판단하기 싫다.,1
R08802,너무 역겹다 이런젠장 절대추천안한다,0
R08803,뭔진모르겠는데 울었다,1
R08804,정말 좋은 영화였다 우리 가족도 오해가 있었는데 이영화를 보고 깨달음,1
R08805,본래 영화란건 대중을 겨냥한 예술인데 대다수의 사람들이 그 작품에 담긴 메시지를 읽지 못하거나 두번 세번 보게 만든다는 것은 감독의 역량 부족임 튼실한 밑그림을 제대로 못살린것이 아쉽고 중간 중간의 잔스토리를 제대로 못이끈것도 아쉽다,0
R08806,내 인생 최악의 영화,0
R08807,내가본 한국영화중 최고의코미디영화 너무 재밌어요 ㅋㅋㅋ평점5점도부족함,1
R08808,"겨우~겨우~봤다.박혜미,신이가아까웠다.내시간이아까웠다.내돈이아까웠다.",0
R08809,진짜사나이 여자편 김소연빼라 되지도않는체력보니까 짜증난다. 김소연 빼라,0
R08810,사랑하고 싶어지는 영화 워킹타이틀의 영화는 로맨틱 코미디의 진수를 보여준다.,1
R08811,"액션도 최악, 회자되면서 박수갈채 받는 영화 따라하기에 바쁘며 필요없는 슬로우 효과와 더불어 개연성,설정 오류가 심각하다",0
R08812,"지루,합니다..ㅜㅜ",0
R08813,구구굿,1
R08814,"사회적 약자를 보호해야 하는 사람은 누구인가,, 과학과 기술이 점점 발달해가면서 오히려 사람들간의 정서적 고리는 약화되어 가고 공동체는 점점 더 모호해져 가는 현실, 자신의 곁에 있는 사람에게 관심을 기울여야 하는 시간은 바로 지금...!",1
R08815,ㅋㅋㅋㅋㅋㅋㅋㅋㅋㅋㅋ 재밌당,1
R08816,"정확히 41분 55초에서 멈췄다. 훨씬 일찍 그만둘수도 있었지만, 봐준게 41분이였다.",0
R08817,대화만으로 시간가는줄 몰랐다 영화가 너무 자연스러운 흐름이여서 이게 원테이크로 다 찍은건 아닌가 생각했다 정말 좋은영화다 끝날까봐 불안해하면서 볼정도로 좋다,1
R08818,"줄거리를 보는 나로써는. . . .개연성을 보는 입장에서는. . . .최악이라 할수있다. . . 특히, 마지막 장면. . . 어쩌라고?? 이런 평이 나옴",0
R08819,오랜만에 가슴찡한 연기... 아주 강추 합니다.~~!!!,1
R08820,하포막스의 팬이 되었다.,1
R08821,신선하다. 하지만 한국 정서랑은 맞지않으니 속터짐 주의,0
R08822,보는동안 너무 재밌었고 액션또한 대단하다 10점도 아까운점수인거같다,1
R08823,오래됬으나 정말 재밌게 본 영화,1
R08824,뻔한 웃음포인트마저 점점 싫어진다,0
R08825,유덕화 영화 중 최고라고 생각하는 영화입니다 무간도를 뺠 수 없지만 정말 남자가 여자를 사랑하는그 장면을 너무나도 잘 표현했고 영화 마지막 자살한 아령에게 가려고 머리와 옷을 고쳐입는 장면을 보며 유덕화라는 배우의 최고 잘생긴 모습을 볼 수 있습니다,1
R08826,할거없나보내 매일 악기나 판소리나 하던가 아기들가지고 분량 말아먹던데,0
R08827,이야기의 구성과 재구성. 청춘의 편린.,1
R08828,원주율 도전 !,0
R08829,재밓구만,1
R08830,전쟁이 없었으면 좋겠다 ..디카프리오의 연기를 보는 것만으로 영화는 재밌다,1
R08831,비티비에 무료로 올라와있어 오랜만에 봤는데 예전기억도 나고 잼있다. 송승헌 너무 잘생겼고 귀여운 정다빈 안타깝다..,1
R08832,이 정도면 준수한 편이지,1
R08833,아무리 정서차가 있더라도...-_-; 쓰~읍,0
R08834,"누군가의 고통을 눈으로 소비하는일이,너희들을 기쁘게 한다면,모두 지옥에 갈지어다.",0
R08835,누구를 위한 민영화인가~,1
R08836,알파치노 연기 굿~~ 다 아는예기지만 그래도 멋잇네요~,1
R08837,15년전 영화라고? 믿을수없을정도의퀄리티와스토리액션모두포함되어있고결말까지완벽하다!,1
R08838,"전쟁은 부유한 자들을 위해, 그 대가는 가난한 자가진다. 미국일만은 아니네요.",1
R08839,목사가 악마를 이길 수 없다는걸 느꼈을 때 극한의 공포심이 찾아왔다..,1
R08840,두분 사랑이 아름답네요.. 마음은 젊으나 늙으나 똑같죠... 재미로 보긴 지루하지만~,1
R08841,시간가는줄모르게 봤다,1
R08842,웬만하면 더빙보단 원작으로 보는데.. 이건 더빙으로도 봐요. 진짜 이 때 디즈니 더빙하신분들이 최고 !!,1
R08843,이렇게 착한 좀비 봤어?,1
R08844,김치드라마의 클라스 자체가 좆망수준,0
R08845,이걸 본 내가 OO이지,0
R08846,어휴.. 시간 아깝다 정말,0
R08847,아오 짜증나 데드캠프 뺏깃나 쯧쯧쯧만 몇번햇는지몰겟네 3분만에 다봄 ^^ OOO기,0
R08848,몇번이고 보면 볼수록 새로운 의미가 와닿는다는데...뭐 다시보고 싶어야 다시보지 내가 새로운 의미를 찾을 일은 없을 듯.,0
R08849,잔잔하지만 잔잔함속에 먼가있는듯 없는듯~ 그게 이영화다 느낌있게봤당,1
R08850,재밋음 스릴은조금부족하지만 지루한건없음 ㅋㅋ,1
R08851,솔직히 디테일한내용은 50%도 이해못했고 시종일관진지했지만 긴장감있게 잘봤다,1
R08852,이거 꿀잼이었는데 평점이 없네?,1
R08853,와 눈물나게 잘받어여 슬프다 정말 ㅠㅠ,1
R08854,엄마라는 존재에 대해 정말 감사합니다,1
R08855,거짓말로 빚어낸 길리엄의 또다른 저주받은 SF걸작.,1
R08856,이런 스핀오프 영화 언제든지 환영이다,1
R08857,굳!@,1
R08858,내생의 최고의 트레쉬다!! 1점도 아까운 영화 -x는 없나요?,0
R08859,이거 보니까 와인먹고 싶어짐,1
R08860,상하편으로 길게 만들었으면 좋았을텐데 잼있지만 뭔가좀아쉽다,1
R08861,"후지다는 말, 이럴 때 써야지.",0
R08862,성룡과 홍금보의 콤 비,1
R08863,눈과 귀가 야릇하니 즐거웠다,1
R08864,아... 중간중간 조금씩 웃기긴한데 너무 불쌍하다 ㅠㅠ 덧없이 사라졌어,0
R08865,1점도 아까운3류영화,0
R08866,"울집 딸 넷. 엄마가 이 드라마 보면서 무슨 딸이 저래많냐 가짜딸, 남편딸, 진짜딸---난 딸이라면 넌더리가 난다~!! 하면서 웃으신다..",0
R08867,한마디로 야한영화,1
R08868,"만화같은 연출, 스토리는 3류, 비추",0
R08869,진정 최고다..+ㅇ+ 나만 죽을 수 없다..ㅋㅋㅋㅋ,1
R08870,스트라빈스키 음악만이 길을 밝힌다,0
R08871,이런 한정된 공간 스릴러영화에 스릴감 공포 몰입감 아무것도 없이 매우 지루하다.. 게다가 이 모든건 막판 억지반전을 위한것일 뿐이라니...,0
R08872,평점 1점이나 5점 주는 사람들은 꼬꼬마라 할 수 있겠군.. 정말 따뜻한 영화이다!,1
R08873,연기력도 다들 좋고...암울한 느낌도 괜찮고...윤계상 새로 보게 되었음,1
R08874,왜이게 평점이 9점을 안넘는지 멜깁슨 최고의 영화,1
R08875,박은혜는 청순하게 이뿌다 ^-^,0
R08876,그냥 게이들 이별셀카찍디가 끝나는내용. 재미없구 허접하네. 모이딴거 영화랍시고.,0
R08877,너무너무 재밋어용~~~^^,1
R08878,드라마도 재미있었고 ost 도 너무 좋았다. 안재욱의 코믹연기가 인상 깊었던 드라마,1
R08879,아~놔~지겨워~복수하고또복수하고~무한반복! 짜증나네~끝까지! 그만좀해라! 몇회안남기고 끝까지 같은복수로만 이어가냐!!,0
R08880,슬프지 않은 장면에서도 방금전의 장면과 대사를 다시한번 생각하고 코끝이찡해지네요,1
R08881,좋은영화잘봤습니다.,1
R08882,너무 웃겨,1
R08883,옥한음 목사님 보고싶고 그분말씀이 그립습니다,1
R08884,초반의 상황은 재미있었지만 그게 다다.,0
R08885,..이것도저것도아니고 결말예상했는디...진짜로그거니까어이가없군,0
R08886,다세포소녀를 이 영화와 비교하지마세요 다세포소녀 명작임,0
R08887,대박빅꿀잼★♥♥너무재밌었어요,1
R08888,마지막의 긴장감이란 엄청났다. 니콜슨을 죽이고싶었다.,1
R08889,메시지는 좋았으나 조금 느슨한 전개가 흠.. 그냥 그저그런.....,0
R08890,캐릭터도 넘 귀엽고 해양생물에 대해 더 재미나게 알게 되여좋았어요,1
R08891,그래 내가 이거 4점넘기면 알바라고 할라고해서와봤는데 다행 ㅋ,0
R08892,이제 여기서 끝내는 것이.,0
R08893,비디오판 영화(전에 봤음,0
R08894,완전빠져들어봤네 ㅠ,1
R08895,근데 코엔형제는 어디갔지,1
R08896,"캐릭터 퍼즐을 너무 어정쩡하게 맞춘듯, 결론또한 진부하기만 하다.",0
R08897,관객의 눈을 부끄럽게 만든다.,0
R08898,리메이크나 현컴퓨터그래픽으로 후속을 낸다면 상당히 좋을듯,1
R08899,"박해일의 연기, 그 끝은 어디인가",1
R08900,허구성이 포르노의 상상력을 앞찌른다.,0
R08901,한국인들은 애들영화취급 ㅋㅋㅋㅋ,1
R08902,고준희도 연기자라고.... 쯧쯔....,0
R08903,존트라볼타 형님 오랜만에 보네요 ㅋㅋ,1
R08904,아ㅡㅡ 펑점 처음 달아보는데 진짜 영화가 너무 억지스럽네요...감독이 전하려는게 뭔지도 모르겠고 밋밋하고 재미도 음슴 짜증나는 영화 강혜정 연기도 이상하고 암튼 다 이상한 영화,0
R08905,계속 생각나게 만드는 영화~ 아이들 연기는 너무 리얼함~ 대사 하나하나가 다 재밌고 감동있는 영화~^,1
R08906,평점 조절위해 10점 내가봤을땐 6~7점 보다 아래로 준애들은 문학적 소양이 전혀 없는애들,1
R08907,제대로된 찌지리 찌지리.... 여기저기서 카피라도 제대로 하지...,0
R08908,세상의 믿을사람 단 한명도없다...,0
R08909,이렇게 긴장감 떨어지고 재미없는 드라마 처음 본다... 이준기 때문에 의무감으로 봤는데 진짜 아.........시간 아까비,0
R08910,"B급이라 하기엔 너무도 잼있네요, 킬링타임용으론 딱~! 시간은 아깝지않은 영화.",1
R08911,만점을 10점으로 한정한건 이 영화에겐 어마어마한 불평등이다.,1
R08912,ㅈㄴ ㅄ같은영화 니콜라스케이지가 아까움,0
R08913,이무영 뭐하는 인간인가,0
R08914,참여자가 120명이나 된다는거에 깜놀 그리고 평균별점이 4.99... 한번더 깜놀,0
R08915,처음으로 영화관가서 잠잤던 영화 내용하나도기억안나 -_-,0
R08916,뭐 하자는 겁니까 도대체,0
R08917,마이클베이는 감독을 그만두라 돈이 아깝다,0
R08918,우리 태주 흥해라..마무리잘해라..잉?우리태주 변하게 아프게하지마라~~용역 안된다잉..ㅜㅠ,1
R08919,기대안하고 봤는데 정말 잘 봤습니다,1
R08920,강스터 는 무슨 깡으로 쓴거지?,0
R08921,"첨에 약간 정신없지만, 틈틈히 나오는 반전과 코믹에 재미있게 봤어요^^",0
R08922,애국심을 이용한 노잼영화,0
R08923,대딩인데 진짜 울컥했다.ㅠㅠ,1
R08924,니콜때문에 본 영화이거늘... 그냥 가출영화를 이렇게 스릴러식으로 풀어내다니... 1/2부터 집중력 떨어지네요.,0
R08925,평점왜이래 테러당했나,1
R08926,로맨틱 코미디 생각하고 왔는데 별로임 걍 다른거 볼 걸 후회되네요,0
R08927,진짜 전문성우 개불쌍하다,0
R08928,시대를 못따라가는코미디느낌이네요 억지웃음느낌이나고 식상합니다 평점이예상외로너무높네요..,0
R08929,아후.. 진짜 뭐라는거야..연출이 중구난방 난리났다.. 이 영화의 의미는 감독만 알뿐..,0
R08930,뭐지...쩝.. 때리는게 너무 어설퍼 ㅋㅋ 무슨 초딩동네 싸움인가 뭐이래 ㅋㅋ,0
R08931,존좋ㅠㅠㅠㅠ♥육성재 화이팅,1
R08932,"40분 보고 관 뒀는데, 최근 본 영화 중 최악입니다.",0
R08933,청소년반항...그이상 없음. 변기에 내려버리고 싶은영화,0
R08934,진짜 고전 스럽게 재미있었다. ㅋㅋ,1
R08935,이게왜7점임 알바썻나,0
R08936,카지노로얄이 올려놓은 기대치를 한방에 잠재움 ㅡㅡ;,0
R08937,심리..,1
R08938,나는 관대하다.......... 다음부턴 감독도 가려서봐야겠군.,0
R08939,제일 실망스런 일본 영화,0
R08940,대체 생각도 없이 10점 주는 놈들은 이해가 안된다.,0
R08941,잘못된 성우선택 만아니었더라도 더 잘나갔을영화,0
R08942,제가 이드라마보고 빵돌이 됐잖아요,1
R08943,지금보면 삼류영화에요~지루함,0
R08944,이동욱.이다해 케미최강!,1
R08945,전혀 느낄수가 없다..'강원도의 힘'이라는거...,0
R08946,납치당했던 노랑머리 여자가 주유소에서 돌연변이 같은놈 죽이고 친구들다죽고 혼자살아서 도망가다가 갑자기 영화가 끝난다 0점이 없네 ㅡㅅㅡ,0
R08947,겨울밤 새벽에 보다가 감성폭팔하는영화..후반우에 카메라짊어지고 석양이 지는 황혼을 걷던 박신양 뒷모습이잊혀지지않는다...,1
R08948,자막안나와요 나오면머함니까 말을몰르는ㄷ니ㅣ,0
R08949,왜6점이죠??ㅜㅜ진짜재밌는데,1
R08950,재미없음.1점준것들중 한국영화 10점주는 M창있네 ㅋㅋ 조폭영화는 7점주는 M창,0
R08951,퇴마식 할때의 엠마 모습이 너무 섬뜻...... 정말 무섭네요,1
R08952,스턴트 장면이 압권인..ㅎㅎ 코코넛나무 올라갈때 진짜 신기함 ㅋㅋㅋ재밌음,1
R08953,중반까진 음산하게 잘이끌어가다가 뻔한 헐리웃 패턴 밟으면서 자진쓰레기통행... 그때 당시엔 괜찮았을지 몰라도 지금 보기엔 영... 차라리 2가 더 낫다,0
R08954,끝이 깔끔하지 못함..,0
R08955,이런영화에 무슨 말이 필요해이 말 한마디면 끝 지루해,0
R08956,이 영화는 처음과 끝에서 명화로 다시 태어났다.,1
R08957,꼭 이런식으로 메세지를 풀어야했는지 의문이 든다.,0
R08958,단추눈의 무시무시함 저는 스물 중반이지만 코렐라인은 저에게 당연 명작인 영화입니다.,1
R08959,"자면서 켜두고 이런저런(씻고 밥먹고등등)때에 켜 둔 것 까지 셈하면 정말 100번도 넘게 봄.내 모든 ""젤 감동받은 영화는?"" 질문의 답이 이 영화다",1
R08960,"진짜 보면서 펑펑 울었던, 모든 배우들의 연기력이 돋보였던 드라마였죠.",1
R08961,[IMDB 5.7/10 ] 포스터의 여배우도 아마 호환 마마 인플루엔자가 더 무서운게야.,0
R08962,다른걸 떠나서 간호사 죽여버리고 싶더라,1
R08963,아들이 노래부를때 진짜 감동쩔었던..,1
R08964,추억의 영화 ㅠㅠ재미잇었음 베이비복스 ost도 좋았고!,1
R08965,현실적이라 편안하고 부담없고 미소도 짓게 하는 그런 좋은 애정영화,1
R08966,조이진씨 너무 담백하네요 재발견 감사,1
R08967,광어광어 우럭 도다리 8ㅁ8,1
R08968,짱 좋아요^^,1
R08969,아무생각없이 보면 재밋음,0
R08970,더빙이 에러,0
R08971,심형래....ㅉㅉ.,0
R08972,저주받은걸작. 가벼운 마음으로 즐기기에 좋다.,1
R08973,청소년관람불간데 1대평점 젤높음...!!!,0
R08974,너무나도 뻔한 이야기...,0
R08975,최고의 한국영화 !!!,1
R08976,재밌냐 이게?,0
R08977,뭔가 안보면 안될 것 같은 내 예감이 틀리지 않았다,1
R08978,와 진짜재밌네요ㄷㄷㄷㄷ,0
R08979,꽥.,0
R08980,답이 없는 사회주의 선전선동 영화. 미국은 위치는 고사하고 국명조차 단 한번도 들어보지 못한 생소한 나라를 위해 5만이나 되는 젊은 목숨을 자유와 평화를 위해 희생해주었다. 물론 노근리 사건은 비극이다. 그러나 미군이 일부러 그리했겠는가?,0
R08981,빈디젤 영화다. 닥치고 10점.,1
R08982,군인은 군인을상대합니다.. 이말멋있다!! 이거였군 찾았어~ 카카카!!,1
R08983,도대체 웜홀이 뭐냐! 신재승 나와서 봤더만 재미 없다,0
R08984,정글의 법칙 정말 잼있네요,1
R08985,많이딸리네요.준비가전혀안된영화,0
R08986,쓰레기영화 영화속 여자주인공을보는내내 욕만나왔다,0
R08987,전형적인 동양에서만 나올수있는 장인의 표본같다. 대단하고 존경스럽지만 또 모두가 저렇게 살아야하고 저렇게 해야 존경받는 사람이 될수 있다는 관념이 동양에는 뿌리깊게 박혀있는것같다. 이걸보고 또 따라하겠다는 사람이나 안생겼으면..,1
R08988,노잼과 막장 조합의 끝판왕,0
R08989,재밌음,1
R08990,구석구석 막장 이닌 게 없다. 처절한 막장극.,0
R08991,개인정보나 광대역으로 탈탈털리는 케이티 ㅡㅡ,0
R08992,총을 히트상품으로 만드는 놀라운 나라.,1
R08993,액션은 조악하고 진지한건지 웃길려고 진지한척 한 건지 모르겠다.ㅡㅡ;; 악역인 정두홍은 카리스마가 없고 진지한데서 빵 터지는 얼굴 때문에 오히려 몰입도 방해. 생각나는건 류승범의 겨털과 정두홍의 어설픈 표정연기,0
R08994,뭔 영화임??,0
R08995,개봉했을때두 봤었고 수년이 지난 지금봐도 재밌네요조인성연기가 정말 좋네요~~~개멋짐,1
R08996,배우에 비해 영화가 영~~~,0
R08997,많은 기대는 안하고 봤는데 생각보다 너무 괜찮은 영환거 같아요- 훈훈해요T^T,1
R08998,단언컨대 이 영화는 OOO기입니다,0
R08999,미국년은 살인을 해도 죄가 아닌거야? 걍 쓰레기 영화임. 아무리 취향은 각자라지만 10점 준 OO은 또 뭔지..쯧,0
R09000,"""저주받은 비행기를 만들어서 일본은 패망하고 많은 사람들이 죽었지만.. 그래도 나는 최선을 다했어. 그걸로 됐어. 산사람은 계속 살아가야지 어쩌겠어."" 반성이 아닌.. 핑계로 들릴지 모르지만 .. 어느정도 반성의 의미는 담겨있다.",0
R09001,한국에 태어난 걸 감사하게 만들어준 영화.,1
R09002,비고 모르텐슨!!정말 너무 멋있어요!!,0
R09003,개똥철학만 잔뜩,0
R09004,기자 평론가라는 넘들은 뭐하는 애들이냐 이렇게 웃긴 영화에 5.49점을 주네 정신나간것들;;ㅋㅋ 진짜 웃기다 그냥 아무 생각없이 보다가 빵터졌다;ㅋㅋ,1
R09005,1점 줄려다 영상미와 음악이 좋아서 3점... 이건 소설과 비교해서 영화가 구린게 아니라 그냥 영화자체만 놓고 봤을때도 망작이다. 영화를 한번보기시작하면 어떻게라도 끝까지보고마는 내가 밉다..,0
R09006,"초반 괴팍한 여자로만 생각했던 여자 아버지에 대한 사랑, 자신이 갈망하던 결말 나도 함께 눈물 흘릴 수 있었다. 왜 제목이 saving mr banks인지 깨닫게 되었다.",1
R09007,8점이상 맞추자 엑스맨의 시작이다.,1
R09008,잼없다 저딴 내용가지고ㅉㅉ,0
R09009,qkdeodnd님 완전실망? 나이가 몇이세요? 그럼 이게 애들보는 거지,0
R09010,잘나가다가 끝부분에서 망쳤다. 끝부분만 좀 더 신경써서 다르게 전개했다면 좋았을텐데 아쉬운 작품.,0
R09011,인상깊지도 않고 그저그런....차승원만 빛난다.,0
R09012,그곳이호강하네여ㅎㅎ,1
R09013,슬프다 슬프다 슬프다 슬프다 슬프다,1
R09014,ㅋㅋ 쥬라기공원보고옴,0
R09015,아.. 막장.... 진짜 막장..,0
R09016,재밌는데..,1
R09017,제목처럼 따듯한드라마네요,1
R09018,마지막에 영화 내내 나왔던 소재들이 하나씩 나오고 소원들 빌 때 뭔가 그 터지는 느낌.. 음악도 좋았고.. 아무도 모른다도 봐야겠다 그리고 메구미 친구 하시모토 칸나였다니! 아 얘 대체 누군데 이렇게 귀엽지? 뭔가 칸나 같은데..했는데 ㅋㅋ,1
R09019,올해 상반기 내가 봤던 최악의 영화,0
R09020,참 좋다참 좋다참 좋다 참 좋다참 좋다,1
R09021,참 아름답게 느껴졌던 천사로 기억되는 영화,1
R09022,이정현 겁나 이쁘다... 이정현 웃을때 진짜 뻑감. 남자들이 진짜 좋아하는 러블리 스타일이야. 완존.. 이정현 때문에 10점주고감!,1
R09023,차라리 이런세상에 태어나게 하지 말지..그외마디 외침이 가슴을 울렸다...기연아꼭봐 지금에 우리들 괴로움은 아무것도 아닐지 모른다는거,1
R09024,20년이 흘렀는데도 여전히 재밌다,1
R09025,잠안올때 보면 잠 잘오겠다.,0
R09026,정말 재미가없었다. 유치원생들이나 초등학생들이 보면 좋은도움이 될것같다.,0
R09027,맘마미아 같은 영화를 생각해서였나? 전 좀 별로네여..,0
R09028,"얽히고 섥혀서 풀릴 생각이 없는 덩쿨 같은 인생, 그 와중에 용서와 화해, 사랑이라는 열매가 맺힌다",1
R09029,나는 주윤발하면 영웅본색보다 이 영화가 더 먼저 떠오른다.,1
R09030,30분짜리 단편영화로 만들었다면 아마도 상당히 좋았을 듯. 분위기도 있고 교훈도 있지만 너무 늘어짐.,0
R09031,출연자들 모두 원시인역 ㅋㅋㅋㅋㅋㅋㅋㅋㅋㅋㅋㅋㅋㅋㅋㅋㅋㅋㅋㅋㅋㅋㅋㅋㅋ,1
R09032,어렸을적 나홀로집에 케빈보다 더 자주 봤던 클리프행어 주인공.ost가 정말 멋있다.,1
R09033,줄거리가 하필 저렇게 쓰여있어서 안본사람들은 무슨 복잡하고 난해한 영화로 오해하기 쉬운데 전혀 그런 영화 아니고 상당히 볼만한 영화임.. 기대안하고 봤다가 시간가는줄 모르고 봤음 몰입도도 괜찮고 박진감도 있고 반전도 약간 뻔하긴 하지만 괜찮았다,1
R09034,어제 탑기어 방송을 보러갔음......가는날이 장날이라고국산차 하드라~사람 겁내 많음 첨엔 괜찮았는데강예빈 나오고나서부터 사람들 욕하기.시작했음...이건 탑기어프로그램인지 강예빈.토크쇼인지 구별이 안갔음 암튼 대실망!!!!다리 아파 죽는줄...,0
R09035,직업정신 투철한 허수아비의 옥수수밭 가꾸기 프로젝트,0
R09036,여기서 난리가 나는 장면 많고 볼만한 영화,1
R09037,나도 잘살아야겠구나.공부열심히해야되겠구나 꺠닫게해주는영화.소년원은 이렇구나.범죄소년들은 이렇게살아가고있구나.보여주는영화.씁슬하네요 주인공연기가 워낙 달라지는게없어 좀지루했구요.결말이 허무하네요.깔끔해요 잘봤습니다,1
R09038,재미있다!,1
R09039,아무리 박중훈 팬이라도 이 영화는 너무 유치해..정말 아니다.,0
R09040,우리 화징이가 부탁해요~ 서영이 아빠 죽이지 마세요~ㅠ,1
R09041,기분이 나빠질라고 한 영화,0
R09042,김수현을 함부로 폄훼하지 마라.주제도 모르는것들이...그녀는 언제나 특별한 사람.,1
R09043,대박 완전 잼나~~ㅎㅎㅈㅎ,1
R09044,최고의 반전. 반전의 전설,1
R09045,"나에게 시나리오와 연출에 자신감을 주는구나. 악당,여악당,상황전개신경만 썻어도...",0
R09046,본지는 꽤 지났는데 진짜 티비에서 해줘도 보기 싫음해외웹에서도 평점 낮은걸로 보아 원래 망한 영화인데 탄밥에 애들 뿌리기...애들 커서 보면 흑역사일거라는 생각은 안해봤냐. 언제는 보호보호 하더니...차라리 김구라처럼 대놓고 하든가. 역겹다 진짜,0
R09047,다시봐도 최고의 명작,1
R09048,간만에 괜찮은 스릴러물을 만났네요.,1
R09049,아역 배우도 연기 잘하고 가슴울리는 감동적인 영화인것같네요,1
R09050,"나만 알고 살던 내 자신을 부끄럽게 하는 영화.... 김우수 선생님, 편히 쉬시길...",1
R09051,잠 안올때 보면 잠 잘옴. 박한별이 아까움,0
R09052,이것이 짐 캐리의 힘이다.,1
R09053,"한개도 아까울 유치뽕짝 성장물...어째 가면 갈 수록 90년대 하이틴 물보다도 못한 괴작이 나오고 또, 그게 인기를 끌까...마치 임성한? 그 작가의 막장 일일 연속극 보는 기분임. 그리고 그 막장 드라마가 왜 인기가 많을까 의문을 남기는 그런 영화",0
R09054,Always Missing You - 이 노래때문에 별 다섯개 준다. 존나 고맙지 ?,1
R09055,정말 재밌어요 지루하지만,1
R09056,평점 왤케 높음? 거의 디워수준인데?,0
R09057,슬랩스틱의 절정이자 정점,1
R09058,악몽같은 MB시대를 겪고있으니 이 영화가 완전히 새롭게 다가온다..,1
R09059,"이거 분명 봤는데, 전혀 기억에 없어 ㅡ.ㅡ",0
R09060,제가 학교에서 이걸 영어연극을하는데 정말 감독적이더라고요 그래서 이여화를 정말 추천합니다~~,1
R09061,평점 이정도는 아니라고 보는데... 7.5 정도는 된다고 생각해서 10점 줍니다.,1
R09062,"정말 순수하고, 사랑스럽다.",1
R09063,평점 누가 이렇게 높여놓은거냐 OOO기 영화를,0
R09064,14년전 영화인데. 요즘 할리우드작이랑 비교해도 손색이 없는 최고의 판타지영화.,1
R09065,지금 봐도 너무 멋진 애니. 다만 끝이 아쉬운..,1
R09066,날로그인하게만들다니.. 왜 7점대지? 아짜증나. 내 일요일저녁을 낭비해버렷다....,0
R09067,명품영화..결코지루하지 않은..,1
R09068,최고의 미드다.. 덱스터 ㅠ,1
R09069,이해가 안간다... 와... 어떻게 하.. 할말이 없다.,0
R09070,이 정도면 대한민국 로만틱 코미디의 보석이네,1
R09071,담백하고 아련하게..,1
R09072,이쁘게 포장하려 애쓴 순정만화같은 스타일영화. 재미도 별루구 지루하네.,0
R09073,재밌어요!!사람들끼리농담하는것두 지루하지않게만들고 자연. 영상도너무멋지고 생각을많이하는영화,1
R09074,이걸 영화라고 만들고 앉아있으니....쯧쯧,0
R09075,아이와 같이 보았는데...아주 재밌어요,1
R09076,이완 정말 훈남이다.,1
R09077,"리메이크니까 내용은 똑같고,마지막 데미안이 미소짓는 장면은 원작을 못따라간다",0
R09078,사일런트님 검7개 맞음 하난 쌍칼 ㅋㅋ,0
R09079,1편에서 그쳤어야 했다.,0
R09080,철학을 담은 영화. 자유를 향한 신념. 그것은 무엇으로도 꺾을수없다.,1
R09081,러브인아시아를 폐지하지말고 출발 공익팀 시즌2를 페지하는게 나을듯,0
R09082,연장하드만 연장한 횟수만큼 질질끌고 있네쯧쯧,0
R09083,이런거 한달후면 투니버스에.. 나는 공짜로 봤지요~ 푸컄캬캬캬컄컄컄,0
R09084,다시보고싶은 그리운영화,1
R09085,"아이들만의 순수하고 풋풋함이 보이는 영화, 가족관계가 아이들의 성장에 엄청난 영향을 준다는 것도 알게해주는 영화다. 오랜만에 좋은 성장영화를 본거 같다. 다만 결말이....",1
R09086,완전 재밌게봤어요 진짜 형사님이 나오셔서 보여주는 추리도 흥미진진하게 봤구요 크라임씬 시즌 2도 만들어 주셨음 좋겠어요!! 빠른 시일내에 돌아오시길 바래요,1
R09087,평점에 낚이지 마세요.. 이런 쓰레기 허접영화가.. 시간이 다 아깝다,0
R09088,스칼렛은 어릴때도 이뻤군....,1
R09089,역시 진정한 남자들의 세계에는 돈을 뛰어넘는 열정과 승부가 있다! 신선한 작품!,1
R09090,사랑은 무슨ㅋ 부끄러운 과거를 아름답게 상상하는 늙은 OO의 이야기일뿐,0
R09091,개 쓰레기 영화. 혹시나 해서 본다면 인생에서 당신의 시간이 공중분해된다. 이거에 10점 준 인간들은 뇌가 인간이 아니라고 본다.,0
R09092,욕하지않으면 안될것같애,1
R09093,이런영화는 이제 지겹습니다.,0
R09094,이제 이런거는 그만 만듭시다,0
R09095,차라리 추격자를 40번 보는게 훨씬 낫겠다. 메세지도 거지같고 자살방지는OO,0
R09096,백년의 유산 완전재밌음!!!! 화이팅!!,1
R09097,아주 요즘 나라가 혼란스러워 보슬비가 내려 세상을 적셔 이런 개막장 사기극을 로맨스로 만들어 버리는구나 이런소재로 영화 만들지마 멀쩡한 여자들도 이런거 보다보면 정신나가서 똥인지 된장인지 막 헷갈려한다고 이런것도 영화라고 ㅉㅉㅉ,0
R09098,무슨영화인지는 모르지만 처음이라...1점으로 재미있게 출발 ^^,0
R09099,별점 1점도 아까움;;;;,0
R09100,재밌고 내용도 좋고 훈훈해서 마음까지 훈훈해진다..,1
R09101,Good!!,1
R09102,대략난감-_- 이시간에 공부할껄~,0
R09103,퍼펙트. 현대 로봇 전쟁씬의 선구자.구지 흠집이라면 연기자의 죽음으로 오라클이 바뀐 것.그만큼 완벽해.,1
R09104,이것도 영화라고 진짜 짜증 졸라. 더이상 댓글도 아깝딘,0
R09105,살짝 어두워지기 시작하는 부분.. 하지만 여전히 좋다!,1
R09106,여지껏 본 드라마중 선남선녀 남주여주가 한번도 러브라인 안그린 유일한 드라마매회 반전과 소름이 난무하는 탄탄한 스토리이연희의 연기 빼고 완벽한 드라마,1
R09107,존나 재미없고 유치하다,0
R09108,지루하고 허접하고 90년대 영화도 이거보다 나을뜻 ;;;;,0
R09109,"재밌어요, 카루소가 이 영화로 떠서 마이애미도 나오고 그랬죠..",1
R09110,뭔가 그럴듯한 무게감을 보여주지만 그것은 얼굴표정과 말만 그렇다,0
R09111,김수로씨가 연기하는건 처음보는데 연기 정말 잘하시네요웃긴줄만 알았는데 명품배우였네..,1
R09112,TV에서 해주네요. 순정만화는 주인공이 예뻐야.. 손이 가더라구요. 그외는 별로 중요하지 않죠.,0
R09113,감독 영화 공부 다시 해야겠다.,0
R09114,보는 내내 가슴 따뜻했고 지금도 여전히 마음 따뜻한 드라마!,1
R09115,울고 웃고 행복했습니다~^^,1
R09116,아니 대채중국은왜이런 쓰래기같은걸만들까..세계3대미스테리임..,0
R09117,본편보다 후속작이 더 재미있는 작품,0
R09118,"진짜 재밌어요. 6살 아들래미 시사회 보고왔는데, 또 보러가자고 보채서, 요번주 주말에 내돈주고 다시 또 보려구요 ㅋㅋㅋ 저도 재밌게본 애니였어요^^",1
R09119,아직도기분이알딸딸하다..그러나김C는분명미스캐스팅,1
R09120,아이들 바라본 성인. 우리가 우리 이웃들이... 가슴 찡하네요~,1
R09121,"남주,여주 때문에 몰입하면서 초중반까지 괜찮게 기대하며 봤는데...갑자기 둘의 사랑이 전개도 안시키고 남주 죽여버리면 어쩌라고ㅜㅜ 레스토랑이라도열고죽게하던가.. 아쉽다 많이..",0
R09122,이상우감독님 멋지심 순영이야 나 ~ 바비에게 심장을줘야하는 운명 멋지네. . 평이다양하군!,1
R09123,이건 뭐야.. 왜 내얘기를 ㅠㅠ,1
R09124,영화가 전달하는 메세지는 알겠는데....지루함은 어쩔수가 없군,0
R09125,오늘 13일의 금요일 핛핛핛,1
R09126,최고! 감성돋게 하는 영화.. 웃음도 눈물도 있는,1
R09127,이게 왜 4점이여 미친 영화의 미적요소만 봐도 7점은 되겠다,1
R09128,와우 저 펜,1
R09129,여자의 삶과 인간병기의 삶의 교차점에 선 그녀를 보내주는것만이 진정한 사랑이었다.,1
R09130,재밌었는데 예전에 지금또 새롭게태어나서..,1
R09131,"태어나서 처음으로 드라마보고 평점 올리네요..보다가 좀 짜증이나서..최정윤 발음이 이상하고, 하관 움직이는게 부자연스러워 화가 나네요.어색해서 보는사람이 보는내내 불편하네요.모니터하면 느낄텐데..앞으로도 연기를 계속할텐데 주의를 해야하지 않을까요?",0
R09132,1편 보고 바로 봐서 그런가... 왜 이렇게 루즈해... 감독빨인가? 영화를 본 느낌 이 아니라 단편베스트극장 본 느낌,0
R09133,짱구캐릭터 성격도 제대로 이해 못하고 연출한 느낌임 재미도업음,0
R09134,알바중이에요~ 정말 잼 있어요 꼭 보샘,1
R09135,의외로 가볍지가 않다.,1
R09136,당최 무슨내용을 전하려고 만든영화인지 알수가 없네,0
R09137,콘돔은 날아갔다? ㅋㅋ,0
R09138,늦게 군대 같구나란다~ ㅋㅋㅋㅋ 갔구난데 ㅎㅎㅎㅎ 늦게 같구나?? 뭔말이야?,1
R09139,명작갑이다. 개재미짐.,1
R09140,킬링타임용으로 손색없는 영화다!!!,1
R09141,따뜻해,1
R09142,보지마....보지마....,0
R09143,답답하고 어설픈 사회풍자,0
R09144,여자는 싸이코인가여? ㅠ.ㅠ 이해할 수 없는 잔인함게다가 왠 피는 그리 뿌려 대는지,0
R09145,다시 보지말고 그냥 어릴적 향수로 묻어놔라~지금다시보니 유치해서 못보겠다.,0
R09146,"무의식의 세계에선 볼순없지만, 의식할 수 있다면 선택할수 있다.",1
R09147,"고전적이라기 보다는 촌스럽고, 감각적이라기 보다는 따분한 심리드라마.",0
R09148,무단 찰영에 열받은 자연인,1
R09149,그래픽이 벤허수준이다. 진짜... 아유... 뭐라고 할 말이 없다.,0
R09150,정신이상 여성을 여관방에 가두고 벗기고 씻겨 재우니 정신이 돌아왔다..?,0
R09151,아직도 이런 만화 같은 ...,0
R09152,감동의 물결....,1
R09153,중요한장면이부족하네요...,0
R09154,장기매매라는 큰그림은 좋았다.근데 점점 갈수록 삼류영화로 변해가는걸 보고 실망했다.,0
R09155,전유치원(5살)때부터지금(13살)까지보고있어요~짱재밌어서5점줍니다,1
R09156,재미 있어요.,1
R09157,한때 공포물 장르를 주름잡던 이탈리아 호러계가 어쩌다 이 지경까지..,0
R09158,"역시나 미지근한 모건식 스릴러, 반전이 별로다",0
R09159,하얀 웃음이 기억나는 영화,1
R09160,아 진짜 재미도 없구 이렇게 쓰레기 가튼 영화는 또 오랜만이네 ㅡㅡ,0
R09161,너무 최악이라 웃음뿐이 안나옴 이걸 10점주시는분 정말 대단하신분 뚜껑열어보고파^^,0
R09162,"내 빅5 드라마다. 지금 다시 봤는데도 심장이 쫄깃하다. 요즘하는 드라마하곤 차원이 다르다ㅠ 고현정의 현실감있는 연기도 좋았고, 하정우 추격자로 뜨기전부터 팬이됐고, 김정태 마동석 콤비도 재미지닼ㅋㅋㅋ",1
R09163,초반에 영상이 강력했고 사상최초 배째기식 결말에 충격을 받았다. 결말을 욕하는 사람도 많겠지만 개인적으론 어이없을 정도로 신선했음. 마이너스 1점은 할머니네때문에.. 그 부분은 유치,1
R09164,학창시절을 떠올리게 만든다,1
R09165,T수많은 영화들을 보았지만 개인적으로 타이타닉과는 또다른 완벽한 완성도를 보여준 이 시대 최고의 명작이 아닐까 싶다.,1
R09166,제라드 완전히 미스캐스팅 최악이다,0
R09167,이 양반 뭘해도 3류 스럽다.,0
R09168,너무뻔한스토리에요 옛날만화를 보는거 같았어요,0
R09169,새로 만든다는데 한 2016년 쯤에 나오겠네.,0
R09170,진실은 가끔 엉뚱한 곳에 있기 마련이죠..:),1
R09171,무정도시 끝나서 너무 아쉬워요 수 ! 끝까지 진정 멋졌어요,1
R09172,윤승아 와 이주노를 본듯한 이느낌ㅋㅋ,0
R09173,내 인생의 영화 5번은 봤을꺼야 영화,1
R09174,이 영화의 포인트는 사채업자 가 영웅대접을 받는다는거!,0
R09175,장난하니....이것도 영화라고 만든...아..정말,0
R09176,별주기가 아깝다.,0
R09177,이것은 음악만 느낄께 아니라 스토리를 느껴야한다. 아름다운 우정... 이게 음악와 조화를 이룬것이다.,1
R09178,잔잔하고 동화같은 이야기 좋아하는 사람한테 추천해요!,1
R09179,ㅋㅋㅋㅋ이게영화인가,0
R09180,장쯔이 못생김.. 갠적으로 일본인페이스가햇으면 괜찮앗을텐데...,1
R09181,10점만점에 20점 영화평론가가 아니라서 설명은 못하겠고 암튼 좋은영화,1
R09182,작품은 개판이었지만 음악은 괜찮았다,0
R09183,강력히 추천하는 다큐영화입니다. 어제 선재에서 보구 펑펑 울다 다시 웃다가.,1
R09184,내 생에 정말 최악의 영화 정말 보는내내 짜증나고 답답한 영화다 어떻게 저렇게 사람을 농락시키냐?보는 시청자들도 개노답이다 정말 보는 내내 불편하고 OO은영화 내같으면 다박살낸다 세트장이고 사람이거보는사람도 양심도없냐 정말 죽이고싶다,0
R09185,진짜 82년 코난 더 바바리안은 열번을 봐도 재미있고 인상깊은데 이건 뭐 어린이용 만화 스타일이네 코난도 넘 못생겻고.,0
R09186,개인적으로 촤고의 영화 top10중에 하나....good !!멜깁슨의 고속도로 위를 달리는 분노의 질주는 압권..,1
R09187,애니로다봤던ㄴ내용이지만 역시꿀잼,1
R09188,전에 이영화를보고 결말이 찝찝해서 답답했는데 범인이잡혔다니 다행이다,1
R09189,허영은 내가 가장좋아하는 기호품이지,1
R09190,좀...좀....졸립다...,0
R09191,감동적이다감동적이다,1
R09192,아답답해ㅡㅡ진짜로 화가나서 도저히못보겠어요몇주뒤에 보는건데도아직복수가시작이안됫다니..아오 답답하고짜증나고..제발,0
R09193,"사랑, 그 이름으로..",1
R09194,브라보! 영화를 보면서도 보고 난 후에도 눈물이 절로 흐른다,1
R09195,아 4편 종영 너무 아쉬워 ㅜㅜ!!!,1
R09196,아 진짜 스릴있고 재미있기는 개풀 감독 죽어볼래 ? 양심도없니,0
R09197,남자에서 여자로 슬픈이 전해진 끝이 너무 싫어요,1
R09198,ㅋㅋㅋ엔딩기분좋다ㅋㅋ,1
R09199,"심리전, 추리전이 쩔었던 드라마~강지환 오싹하게 연기 잘하더라고요",1
R09200,연기 연습 할 시간에 행위 연습만 했냐? ㅉㅉ,0
R09201,너무 재밌어요. 미묘한 감정들. 몰입도. 가면 갈수록 재밋는거 같아요,1
R09202,극적 긴장감이라고는 전혀 찾아볼수 없음..돈날렸음.,0
R09203,"진부한 코메디 영화, 수준이하 영화,보고나면 남는게 없다",0
R09204,에이미 아담스 작품중 최고의 연기를 보았다..,1
R09205,너무 재미있게 봤다. good,1
R09206,영화는 최악... 크룩이 맘에 들어 2점,0
R09207,너무재미있어요계속해주세요,1
R09208,까보전은 과학입니다.,0
R09209,나오지 말았어야할...,0
R09210,이런다고 폰부수가 될수있는건 아니다,0
R09211,무겁고.. 슬프다..,1
R09212,지브리가 없어진 지금그들의 작품이 너무나 그리워서 예전 작품만 되풀이하며 보고있다. 미국애니메이션과는 다른 소소하면서 뭔가 간질간질 내 마음을 건들이는 뭔가가 있다. 지브리는 내가 늙어서 아름다운 추억이 될듯싶다.,1
R09213,"공포,스릴러물 < SF,스릴러물 / 경성학교의 외국버전 같다.",0
R09214,내가 지금 뭘 보고 있는거지..,0
R09215,작가의 한계 수준이 거기까지 조카 연기도 진짜 못하고 그 표정이 뭐야 이쁜척 좀 하지마 0점은 없어요,0
R09216,정말 이영화 최악 이었음 절대 볼만한 영화 아님!!!!!!!!!!!!!!,0
R09217,조니뎁의 매력이 잘 보여진 영화 하지만 지루한 영화,0
R09218,1점도 아까울 정도임 내생에 최악의 듣보잡영화 4살짜리 꼬맹이가 찍는 게 나을정도,0
R09219,평점이 너무 짜다. 대체 뭘 기준으로 평가했는지. 공포인듯 멜로인듯 코메디인듯 장르를 골고루 섭렵하고 소재도 재미있고 주인공의 연기도 맘에 든다. 특히 남자주인공은 곧 헐리우드 대세로 뜰것 같,1
R09220,"B급 영화, 너무 평점이 높네....",0
R09221,어떻게 이런 명작이 평점 6점대의 저평가를 받을 수 있지?... 이렇게 여운이 깊게 남는 영화 정말 오랜만에 본다.,1
R09222,빈스본 영화는 언제나 감동이 쩐다~,1
R09223,영구아트의 뛰어난 기술력을 왜 이런 영화에 사용해야 하지?,0
R09224,"스토리, 액션신 개똥망... 일단 액션신 잘 보이지도 않는다",0
R09225,10점 만점 운동 동참!!!아 묘하면서 끊임없이 즐겁다!숙희를 위해 태어난 듯이 캐릭터와 완전 하나가 되서 계속 본능을 자극한다채민서 만세!!!!,1
R09226,이거 완전 OOO네.ㅋㅋ,0
R09227,그래서 결국 이영화에서 말하고자 하는게 뭐임?메인주제 두가지의 조화가 하나도 안이루어지는 느낌..내가 영화를 이해를 못하는건가이영화에서 말하고자 했던거 뭐하나라도 제대로표현해내지 못한것같음,0
R09228,시골의 모습이 아주 생생하네요.. 완전 잼있었어요!,1
R09229,감독 해바라기 찍고 이후 작품보니 여기에 일생의 모든 재능을 쏟아부은 것 같다 `태식이형은 나가있어 OOO 싫으면'이란 명대사는 한국느와르의 오랜 명대사가 되었다,1
R09230,설정이 복잡하고 캐릭터가 죽어 있어 마지막 전에 질린다,0
R09231,"이제는 좀 옛날 느낌 물씬나는 영화. 딱 90년대의 액션, 스릴러 영화를 보여준다. 내용도 좀 말이 안되는 느낌도 나고",0
R09232,지금봐도 재미있네.,1
R09233,최근에 유일하게 챙겨본 드라마였는데... 끝나니 너무 허전하네요. 좋은 작품 감사합니다.,1
R09234,왜 제목까지 용감한 녀석들이라고 했는지 이해가 가지 않는다. 더구나 2 라니.. 여기에 이 전편이라고 지칭하는것과 지금 이영화는 감독도 다르고 아예 연관도 없고 더구나 이영화 원래 주인공 이름이 빌리가 아니다..,0
R09235,이 영화를 보기 위해 지불한 돈이 아깝다는 생각이 들 정도로 재미가 없다.배우들의 답답한 연기 때문에 중간에 꺼버리고 싶을 충동이 들 정도 - -;;,0
R09236,베니니 돈낭비하느라 수고했어여,0
R09237,부모가 극성인 한국 은근히 깐걸까...그래도 남남같이 사는 미국보다야,0
R09238,이종석 연기하는거 예전 지붕뚫고하이킥에서 최다니엘따라하는거같음ㅡㅡ꼴보기시름 이종석 연기 존나 지꺼아님 이종석연기빼곤다마음에드는듯,0
R09239,이영화보구 이상하다는 사람들이 더 이상하군요...,1
R09240,충격과 공포다. 알바들 그만해라 Voter 분석에 여자가 34%나 차지해 이건 남자의 영화,0
R09241,이게 원피스 극장판 최고? 삼류 야쿠자 물인줄 알았네,0
R09242,뭐 어쩌라는건지 모르겠음,0
R09243,영상미가 예쁘고 신비로웠던 영화. 멋졌었어요. 기억난다. !,1
R09244,따뜻한 감동을 선물해주는 영화.,1
R09245,아놀드만으로도 대단한 영화였다.. 굿.. 이보다 대단할순 없을듯...,0
R09246,정석같은 이야기지만 코미디는 웃겨야한다,0
R09247,일점도아까움마일리지받을라고이제댓글적음,0
R09248,심하게 질질끄네요...그중에서 봉원장이 잴 한심하네요,0
R09249,쓰레기 of 쓰레기 이거 추천해준놈 잡아족치러 갑니다,0
R09250,엄청재미이씨어용,1
R09251,취권? 감독이 취해서 만들었나?,0
R09252,스산한 미국을 유럽식으로 구성한 자무쉬의 흑백사진,1
R09253,헐리웃의 샛별 크리스파인과 명품연기와 명품연기로 점철된 전설의 배우 케빈 코스트너의 환상적인 조합 본시리즈와는 사뭇 다르지만 또다른 진부함이 있는 스토리의 전개 ...,1
R09254,감독들이 닌자임 어떻게 슉슉피해가며 짭을 만들까,0
R09255,이걸 빌린 내가 미친놈갔았다.,0
R09256,"역시 영화는 감독의 역량에서 결정이 난다는 것을 증명한다.엉성한 스토리, 어설픈 연출, 성능좋은 캠코더로 찍은 듯한 70년대비디오를 보는 듯 하다.배우들을 보고 영화를 봤는데(물론 김승우는 예외) 감독이 모지라도한참 모지라다.",0
R09257,한국 영화 발전을 저해하는 극히 암세포 같은 존재.,0
R09258,강민경 보고 싶다.. 요즘 뭐 하세요?,0
R09259,어렸을땐 재밌었다. ㅋㅋㅋ,1
R09260,어릴때 키우던 강아지가 생각나 눈물날뻔했어요 지금 제 강아지들에게도 새삼 미안하고 고맙네요,1
R09261,감동도 쥐어짜는느낌...,0
R09262,재밌음...2편도 재밌음....,1
R09263,씨 발,0
R09264,오랜만에 잼없는 영화봤네요,0
R09265,전교조 미화영화 아웃.!!,0
R09266,재미가없다 전쟁영화인줄알고밧는데 머야,0
R09267,분신사바1 에비해 떨어지네요. 그저그런 공포영화입니다.박한별이 영화 잘못 선택했네요. 실망입니다.,0
R09268,20년이지났음에도 국내CG기술보다 낳은느낌이다...,1
R09269,주연의 오지랖넓고 답답함은 참을수있다 하지만 변종연가시가 전국강바다 모든곳에 아직도 있다는건데 근본적인 해결책없이 단순히 구충제하나 찾았다고 아 이제 살았구나라니 앞으로 물속은 다시는 들어가지 않을껀가? 모든물을 끓여 마실건가?,0
R09270,대체적으로 지루하고 코미디임에도 불구하고 하나도 안웃긴 스토리,0
R09271,"지인의 추천으로 본 영화입니다. 영상미도 음악도, 스토리도 탄탄하니 좋았습니다. 오랫동안 기억에 남을 영화.",1
R09272,"인생은 새옹지마라고 했었다. 근데, 그두려움이 있어도 음악에 대한 열정이 더강했기에 도전하는 그대들 멋있습디다. 이영화 완전 추천한다. 제목이 생소하겠지만, 아무튼 날믿고들 보시오",1
R09273,보다 잠... 답이 없다,0
R09274,나도 미성년자랑 무인도에 표류해서 애낳고 행복하게 살고 싶다,0
R09275,rock,1
R09276,"Jesus, Oh Jesus!!",1
R09277,처음부터 끝까지 저도 같이 고뇌했습니다,1
R09278,졸라 멋있네ㅋㅋ,1
R09279,난 괜찮은데ㅐ?? 흥미 진진,1
R09280,예술성 있는 에로물이다,0
R09281,전범국주제에 원폭피해국으로 코스프레하는 내용 감독의 친일사관으로 볼가치가 없음.,0
R09282,사랑이 무엇인지 이렇게 절절히 표현해낼수있을까. 난 누구를 진실로 사랑했는가 돌이켜본다,1
R09283,"적재적소의 캐스팅, 배우들의 뛰어난 연기, 탄탄한 구성. 3박자가 모두 훌륭하다",1
R09284,어떤 메시지를 담으려 애쓴 모습이 보이지만 성공하진 않은 듯,0
R09285,일본 특유의 분위기가 난 좋아 재밌어 충격적이기도하고 볼만하네여,1
R09286,어이없이 재미있다...,1
R09287,1점도 아깝다. 정초신이 누구냐?,0
R09288,초반엔 황당한 설정이다 싶어 몰입이 힘들었지만 점차 이건 판타지가 아니라 우리의 근미래에 현실이 될지도 모르는 언론탄압에 대한 진지한 은유라는 생각이 들었다. 남자주인공 오카다 준이치는 예상보다 훨씬 좋았다. 별 기대없이 보았는데 의외의 재미와 감동.,1
R09289,드릅게 지루하네유. 성기 노출 아주 잠깐 하는 거 빼고는 별 볼 거 없네유.,0
R09290,10점 이상은 없나..80년 넘은 무성영화가 이정도라니.. 2007.11.19,1
R09291,애초에 지독히도 낮은 평점을 보고 80년대 나온 재난영화라 생각하고 보면 그나마 볼만하겠지 했다. 그런데 아무리 기대치를 낮게 잡고 봐도 이건 아니라 생각이 들었다. 그래픽 티가 노골적으로 나는 것은 그렇다쳐도 내용까지 지루하다니 이건 뭐 최악,0
R09292,재밌는영화 스릴만점임 ㅎㅎㅎㅎ,1
R09293,보기싫은 영화,0
R09294,마리아 호아키나 잊을 수 없다... 흑인 꼬마애 미니 자동차 살 때의 그 감동ㅠ,1
R09295,솔직히 별 주기도 아깝다. 케이블에서 봤는데 정말 보고 토할뻔 했다.,0
R09296,아무생각없이 보기좋다,0
R09297,지루하다고 하는데 저는 처음부터 재미있게봤는걸요?,1
R09298,욕나와,0
R09299,1편보다 2편이.. 2편보다 3편이.. 재미 없네,0
R09300,폭풍저그 황진호가 간다 얍,0
R09301,이걸 볼봐에 영어 단어를 한자 더 외우는게 잼난다.... 헛웃음만 나온다.,0
R09302,넘 재밌어요~^^대박,1
R09303,극장에서 더빙 봤는데 시끄럽던 극장안 아이들이 긴 시간 내내 조용했던 기억이...,1
R09304,영화인들끼리만 보면 되는 영화. 전혀 대중성이 없다.,0
R09305,니콜라스 케이지의 강박증과 틱장애 연기가 영화 캐릭터의 심리 상태에 따라 강약 조절이 섬세하게 되는걸 보며 내내 혀를 내두름,1
R09306,개인적으로 여자 스타일은 아닌것 같아요. 구성이 잘 짜여있는지는 잘 모르겠어요. 결말만있는듯 뭘 표현하려고 했는지 잘 모르겠어요. 수학을 표현하려고 한것인가하는 의문도 들고 아무쪼록 특이한 영화네요.,0
R09307,허약한 스토리. 허약한 신. 허약한 전쟁,0
R09308,영화 좋네요..^^ 마음도 짠하고.. 주연 배우들도 너무 멋집니다!,1
R09309,"동물의 세계..,,.",0
R09310,윤제문짱,1
R09311,<포세이돈 어드벤쳐>와 함께 재난 영화의 교과서...,1
R09312,"있어보이려고 노력하는데 구린 시나리오, 구린 연기..",0
R09313,진짜 오랜만에 눈물 빵빵 나네요.,1
R09314,"시리즈중 최악이다. 신들린 ""정아'는 무슨 역활이냐? 각본을 쓴사람 중심으로 연출이 실패의 원인이다.",0
R09315,여러분 영화도 좋지만 시간 되신다면 원작 소설도 읽어보세요.원작이 훨씬 재밌습니다^^,1
R09316,멕 라이언과 톰 행크스 커플은 나름 최고의 파트너쉽~!!,1
R09317,쓰레기 재미없다. 걍 버려라,0
R09318,에이 너무하네 평점까지 매겨야돼? 너무 심하잖아 배트신용카드가 뭐야?대체,0
R09319,진짜 굳,1
R09320,배두나의 열연만 돋보이는 작품,0
R09321,동양소재를 서구식으로 가장 잘 표현한 애니메이션,1
R09322,제목이 비슷해서 몰르고 2편에다 평점 남겼는데 지우고 여기에 남긴다. 농담 안하고 엑소시즘물 영화 중에서 가장 허접 쓰레기 영화라고 자부한다.,0
R09323,"엔디가르시아의 진정성(그의 출신을 안다면 공감)과 그 음악...아,쿠바~~ 하바나를 꿈꾸며^^",1
R09324,1점도 아깝다 방금봤는디 웃겨가지고 내가진짜 시간버린게화가난다 배우들이 불쌍해 저딴각본에 맞춰 연기하려니 감정이입이될리가있당가,0
R09325,소재는 끝내줬지만 이끌고 가는데는 상당히 역겨웠다,0
R09326,아~~진짜 쓰레기영화 절라잼읍다,0
R09327,편안한 미소를 주는 영화. 야구를 좋아한다면 강하게 추천함.,1
R09328,신선하네... 뭐 신선한것도 아니네,0
R09329,목적에 충실한 어떤 것.,0
R09330,"좋아요..^.^ ....재이있어요...^.,^",1
R09331,너무 재밋어요~~ 캐릭터들 모두 살아 숨쉬네~~ 한그루 짱,1
R09332,"1234567890+×÷=%??☆★♡♥)(*&^/~#@!-'"":;,?`_\\|<<>{}[]???$■●○??°◆※¤《■》》》》¡¿??¿※◆?_\__?■|||<><><>??{7}입네다",0
R09333,정의에 목마른 사회에 필요한 소재. 그러나 스토리 전개가 띄엄띄엄이고 전체적으로 연출이 지루합니다. 특히 너무 긴 나레이션. 조윤의 배경 설명이 필요하긴 했으나 나레이션 없이도 가능한 부분이었다고 봅니다. 캐스팅에 비해 망작.,0
R09334,제작배경이 뭐였을까?,0
R09335,아는사람이있어서^^,1
R09336,어린이용,0
R09337,GARBAGE,0
R09338,코미디 영화인가요? 너무 어설프게 만들었네요... 너무 엉성하고... 보는 내내 너무 민망함이 드네요...,0
R09339,평점알바하지마라 인간드라,0
R09340,정말 재밌어요!! 추천추천 10년도 넘은 영화인데 옛날 느낌 하나도 안들고 재밌게 볼 수 있는 영화에요,1
R09341,리들리스콧ㅎ 화면은 역시 최고. 스모크향 그윽한 영화 .,1
R09342,"보기 전부터 스토리는 기대도 안했고, 선수라도 보는 재미를 원했건만...",0
R09343,비상구는 만점..나머지 2개는 빵점..목소리가 어디서 많이 들었다 했더니 왕가네 아들이네 ㅋㅋ 양아치 연기 제대로네..여친 너무 돼지다,0
R09344,영화관에서 봤던 기억이 새록새록하네요.,1
R09345,최고...* 포카혼타스 너무 아름다워요,1
R09346,따뜻한 영화...잘 봤어요..,1
R09347,"뻔하디 뻔한 3류 액션 첩보물. 배우들의 연기력은 너무나도 어색해서 보는 내가 다 민망해지고 거기에 한방씩 맞아주며 쓰러지는 악당들에게 한심함마저 느껴질 정도... 칭찬을 하려해도 할 곳이 없는, 어떤 의미론 정말 굉장한 영화",0
R09348,오빠 팬이지만 이건 아니잖아.......;;,0
R09349,완성도가 너무 떨어지고 짜증만 났던 영화. 심은하가 이뻐서 이 점수 준다,0
R09350,두번본거같은데 무튼 재밌게봤음ㅋ,1
R09351,뮤지컬로 제대로 봐야할듯...,0
R09352,만나지 말걸그랬나?,0
R09353,전문 디자이너는 안쓰고 한국배급사 머저리같은 직원이 멋대로 포스터를 망쳐놨네,0
R09354,그저 웃음만....,0
R09355,원작을 안보고 봐서 그런지 몰입도가 떨어짐,0
R09356,목소리에 반했습니다. 프레디하이모어 목소리 너무 좋았고 너무 재밌게 봤습니다,1
R09357,맨날 돈없는 감독이 여자 옷벗기는 한국 영화만보다 이런거 보니 먼알긋냐 ㅉㅉ 100 년이지나도 못만든다 조선에서는 감독색히들 매스컴 이용해 돈적게들이고 돈번생각만하는데 ㅉㅉ 미국 블럭퍼스트도 매 한가지 수입없다면 OO때까지 옷벗는영화만보다 꽥 ㅋ불쌍,1
R09358,예술을 알면 보시요!! 난 예술을 몰라서 보는내내 힘들었소!!,0
R09359,주인공이랑 여자친구랑 겁나게 떠들어 댄다... 뭐 어쩌라고??ㅋㅋㅋ,0
R09360,으아 끝내주네. 보기 드문 걸작.,1
R09361,차라리 배우들이 아깝다,0
R09362,"들인 돈이 아까워 3점 정도 주고 싶었는데, 평점이 너무 높아 눈물을 머금고 1점. 대체 누가 자꾸 10점테러하냐. 너희들 인생의 10점영화는 이 수준?",0
R09363,보는내내넘짜증났음딱한번웃음연기만잘함 이영화가좋다는사람백퍼코미디영화별로안본넘,0
R09364,"감옥, AIDS.",0
R09365,이세나 슴가랑 엄태웅이 이마트앞에서 박용우 줘패는게 인상깊었다,1
R09366,"재미도 없고, 현실성도 없고, 무엇보다 감독만의 철학이 없다 ㅉㅉ",0
R09367,좀 아쉬운,0
R09368,태어나서 이렇게 돈아까운영화는 처음이에요. 중간에 10분정도 이상한 의식하면서 토하는장면소리 엄청나오는데 진짜 영화보다 혐오느낀적은처음이고 이렇게 시간돈 아까운건처음이에요. 예매율이낮은건 작품성을몰라본게 아니라 재미가없어서입니다. 결과엔 이유가있는것.,0
R09369,말따위는 필요없다. 걍 무조건 한강커플만 믿고 보는거다,1
R09370,...할말이 없음...,0
R09371,보다가 끈 768번째 한국영화,0
R09372,평점거품이 ㅈㄴ심하네요 ㅎ,0
R09373,"한번도 안봤지만 제목 땜애 보고싶은맘 안생기는 드라마. 달래 된, 장국? 제목 장난질에 의존하려는게 넘 웃김. 그마저도 신선하거나 기발한것도 아니고 유치하고 짜증남;;주변사람들 의견도 동일하더라는. 아마 제목 땜에 시청률 꽤 영향 받을듯",0
R09374,제일 좋아하는 최고의 영화,1
R09375,1점주기도 아깝다 이런거 볼시간에 차라리 이미3번이나 봤던 여인의향기나 보겠네,0
R09376,중국인들도 재밌게봤을지 의문인 저질 스토리.,0
R09377,겁나 슬프고 감동적인 영화다,1
R09378,내인생 최고의 영화 끝까지 다본다면 당신은 인내의 승리자영화 마지막 까지 손에 땀을쥐게 만드는 긴장감 디워를 능가하는 cg모든게 완벽해서 두주먹을 불끈쥐게 만드는 영화말이필요없다 꼭 보길바란다..후....,1
R09379,경찰이 단체로 떳떳하게 사건조작하네.. 인도 수준이 참..,0
R09380,베리굿 베리굿 베리 굿 베리굿,1
R09381,평점이 너무 낮아서 놀랐다,1
R09382,그 어떤 러브레터보다 낭만적이고 뭉클하더라. 꾹꾹 연필로 눌러쓴...러브레터,1
R09383,재개봉 한걸 몰랐다니..아..,1
R09384,멍멍이같은 멍멍이 영화,0
R09385,현실 왜곡이 교과서급; 달라도 너무 다르잖아!,0
R09386,잘 다듬으면 걸작이였을 텐데 아쉬움,0
R09387,휴먼이라는 빈그릇만 고요하게 자리를 지킬뿐.그릇마저 힘없고 부실하다.,0
R09388,초저예산영화 z4가 가장좋은차분노의질주 1보다도 차량스케일 훨씬 떨어짐결제한게 아까워 꾸역꾸역 보는중과거 정이건나오는 극속전설보다 내용부실지금은 21세기 영화보다 내가 더좋은 수입차 타는게 함정 일단 스토리가 장애 홍콩은 차관련 연화는 아닌듯,0
R09389,일본에서나 가능한 영화,0
R09390,마지막 엔딩 장면의 BGM은 보는 이들을 하여금 압도한다. '파'라는 부제목을 가진 만큼 파괴적 힘을 가진 전개. 에반게리온 신극장판 시리즈 중 가장 전개가 잘 된 시리즈였던 듯.,1
R09391,재미없는거 자주본다 머라들을 정도로 유치한거 좋아하는데 ㅎ 재미없었다~~,0
R09392,성우를 써라 개그맨들 쓰지말고,0
R09393,김무열팬클럽에서억지로점수올리는구만-전원신고처리완료-,0
R09394,평점 왜 자꾸 삭제되냐 쓰레기영화,0
R09395,진짜 우리반 선생님이 춘천할 만해요.,1
R09396,천정명이 연기 좀만 잘했으면 별점 8점 이상 줬다 내가.,0
R09397,good....,1
R09398,진짜 처음오프닝은 평생기억될 명작ㅜㅜ 노년의 사랑 진짜멋있고 감동적이네요 제기억속엔 이 업이란영화가 여운남는 멋진영화라생각합니다,1
R09399,다좋은데..더빙이 너무 어색해..........,0
R09400,우리나라 액션영화들이 나아가야 할 방향을 11년전 의 이 작품이 제시하고 있다고 생각한다.la의 밤은 너무나도 아름답고도 고독하다,1
R09401,재밌어요 강소라씨 더빙도 전 좋게봤습니다 . 너무 재밌었어요:),1
R09402,존잼. 진짜 좋았어요.,1
R09403,토이스토리 슈렉 다음 최고의 애니같다~재밌게 봤다~,1
R09404,맥가이버 머리 유행했을때 인기폭발 -_-;,1
R09405,작정하고 만든 B급 영화의 명작,1
R09406,"스토리, 액션, 연기 등 아주 별로임.",0
R09407,전쟁 당시에 제작된 영화로 오인 가능한 사실감,0
R09408,딱히 감동이나 인상깊은건 없었는데 지루하지않은 달달한 영화였다.,1
R09409,비슷비슷하면서도 다른 영화란...,1
R09410,처키의 신부 만큼이나.......코미디다.,0
R09411,동물과 아이를 이용해 편찮게 얻어낸 눈물은 어떤 의미가 있을까.,0
R09412,숨은 명작 찾앗다.!,1
R09413,급하지만 인류의 영원한 명작.,1
R09414,존스:존ㅡ나 쓰ㅡ레기,0
R09415,재밌게봤었는데...,1
R09416,10점 주신 분들 진짜 재밌었나요?? ㅠㅠ 진짜 모든면에서 어설픈 좀비 영화입니다.,0
R09417,반전의반전의반전의드라마 좋다~,1
R09418,재미있다,1
R09419,아멜리에처럼 비쥬얼이 끝내주고 유쾌한 영화,1
R09420,암 생각없이 되는대로 쓴 내가 써도 이보다 나을 드라마,0
R09421,"만약,사랑하는 그녀일지라도,땟국물이 줄줄 흐른다면,별로 좋은 모습은 아니다.하물며 입냄새에,겨드랑이 암내에,옷에는 김치국물,머리에는 비듬 한가득이라면,그 상대가 (본인이 한평생 여신으로 숭배하는)소녀시대윤아일지라도,도망가고 싶은건 어찌보면 인지상정이다",0
R09422,라이온 킹 보고 반성하도록..,0
R09423,다빈씨 하늘에선 행복 하시길..,1
R09424,허걱 드라마.,0
R09425,쏘우중에 제일재미없엇다 보다가 잔적은 처음...,0
R09426,마지막에ㅠㅠ 감동임ㅎㅎ,1
R09427,일본애니중 젤최고라상각됨,1
R09428,시간 아까움. 볼까 고민하는 사람들 안보는 걸 추천.,0
R09429,케빈 코스트너 삽질 작품,0
R09430,이영화 감독이 만든 영화들 보세요. 이 감독은 분명히 정신병 걸린 또라이가 분명합니다. 그리고 이 영화 연출 맞은. 샤크스톰 연출 한사람이 한것들도 한번 보세요. 5류 쓰레기들은 5류끼리 노는가봅니다.,0
R09431,이영화 노래가 종은데? 태프사다?,1
R09432,그린스크린 수정도 안하고 홍콩에서 시어스 타워가보인단다 ㄷㄷ 마이클 베이 가 영화를 대충만든듯,0
R09433,내용 어설프고 흥미가 없다.잠수함전 기대가 컸는데 재미없다,0
R09434,역시 잔혹동화는 무서운듯..,1
R09435,수준이하의 재미 단한순간의 깜놀도없었다. 결국엔 허접한 스토리까지.. 한국공포에 기대를 말아야지...,0
R09436,뭐 이런 쓰레기 영화가 다있냐시간만 버렸다,0
R09437,재미없다 감동도 없다,0
R09438,시간 내서 본 내가 한심....그 이상도 그 이하도 아님,0
R09439,욕먹어도 당연한 영화,0
R09440,말학대같아서 별로네요 내말내가죽이겟다는데 ㄷㄷ이럼 극현 .. 비추영화임 감동을 무기로 그냥말학대임 .. 실화라던대 그냥말학대죠 ..,0
R09441,버스에서 보다가 뿜기는 처음,1
R09442,잼있다~~,1
R09443,억지 스토리 억지 ....,0
R09444,만화를 제대로 망쳐놨네...ㅜㅜ,0
R09445,ㅋㅋㅋ재밌음 중간에나오는노래도익숙하고,1
R09446,잠깐만 봐도 눈물나요. 배종옥 강혜정 두 분 연기 짱 잘하세요 ㅠㅠ,1
R09447,재미있었습니다. 질질끄는것보다 원래대로 16부 깔끔하게 마무리 맺은게 참 아름답네요. 막장에 아이돌에 썩을대로 썩어버린 드라마 바닥에서 한줄기 빛을 본 것 같습니다. 수고하셨습니다,1
R09448,하 1점도 아깝다.배우도 감독도 이해 안됨.,0
R09449,정말 재밌었다. 2차대전 얘기는 언제 꺼내도 슬프다.,1
R09450,진짜 너무 재미있게 봤습니다. ㅎㅎㅎ 감사합니다,1
R09451,굳재밋는대뭐라그러내,1
R09452,인생 최고의 영화 중 손꼽히는 명작,1
R09453,흥미로운 전개 극한의 지루함,0
R09454,그런 여성은 21세기 잘 나가는 커리어 우먼으로 살아야 하는 타입이다. 시대와 맞지 않는 아내를 선택한 남자... 의 잘못은 아니다. 그는 많이 인내했다.... 그녀는 20세기 추중반의 버지니아 울프가 아닐까...?,1
R09455,진ㅉㅏ갈수록내용왜이래 피디바꼇니?행보관좀그만나대 말이되는에피소드만들어라 짱난다진짜미스김이랑 썸씽만들지안나 나참 행보관이이제 분대자없인 아무것도못해서휴가나온분대장한테다도와달라하네 어이없네,0
R09456,참을 수 없는 존재의 가벼움.,1
R09457,어휴 더러운 영화ㅋㅋㅋㅋㅋ,0
R09458,아직 안봤음 기대되는 영화,0
R09459,재미없다.2점부터 점수준것들 M창,0
R09460,10101010101010,1
R09461,처음부터 끝까지 클라이스막스로 달리더니 역시 반전도없고 반전만 놀리는 그런 짜집기한 감정대립에 부자연스러운 연기까지.. 처음부터 끝까지 이요원 아무런 가치성없는 케릭터 ㅎㅎ 끝까지 고수만 죽일려고 하다가 지애미 보내고고수는 허구헛날 이랬다가 저랬다가,0
R09462,20전 나의 모습을 돌아볼 수 있는 영화이네요.직장생활하는 남편도 힘들지만 우리 아내들이 얼마나 희생하며 사는지......정신없이 살아가는 분이라면 이번주말엔 부인과 함께 손잡고 볼 만한 영화입니다.,1
R09463,드립게 재미없어서 20분 쯤에 껐어유. 쓰레기라는 말 밖에...,0
R09464,아주 재밌어요... 유승호 화이팅~!!!,1
R09465,"영화를 보다보면 자연스레 외계생명체가 어디서왔으며 누구일까.. 에 촛점이 맞춰지는게 아닌 앞으로 사람들이 어떻게 변할까? 에 촛점이 맞춰진다. 즉, 이 영화는 감상 포인트가 다르다. sf가 아니라 심리 스릴러가 맞다.",1
R09466,"일본애니 덕후지만 이런 피해자코스프레 애니는 병맛, [은하철도]에 똥칠",0
R09467,어거지로 짜맞춘 8인ㅜㅜ 혁명내용은 온데간데 없고 개인사를 나열하기 바쁜 영화,0
R09468,재밌더라 근데 평 스기귀찬,1
R09469,"메세지 전달력면에서도영화의스토리전개를 눈여겨 봤다면,분명훌륭하다고말할 영화",1
R09470,난강혜정이 일본가서 찍은건가 했네ㅋㅋ닮은것같다는 생각이 들었을 뿐이고...,0
R09471,부모님 보시라고 티켓끈어드렸음다,1
R09472,제목이랑 영화랑 전혀 상관없어보이는.. 처음 오프닝 영상에서 난 착신아리인줄..꼬맹이가 사탕을 입에서 툭 뱉어내길래ㅋ무섭지도 않고 긴장감도 없고..제목이 왜 분신사바지? 놀랍고도 소름끼치는 한가지는.. 기자.평론가 평점이 8점이라는 것이닷ㄷㄷㄷ,0
R09473,잼있따!,1
R09474,가장 독한 독이란 사람의 욕망이요.,1
R09475,ost... 정말 좋았어요. 영화 자체도.. 의문은 남지만 ㅎㅎ,1
R09476,김윤진 배우님 좀 자주자주 써 주십시오 굽신굽신,1
R09477,에혀~,0
R09478,"지독한, 미친 사랑이야기",1
R09479,크루엘라드빌 배우 누군지 모르겠지만 진짜 애니메이션에서 나왔던거랑 싱크로율 100%,1
R09480,익히 너무나 친숙한 내용.,0
R09481,와우 추천이다,1
R09482,정말 재미있는 영화!!! 노래도 너무 좋구ㅎ,1
R09483,현지상황은 영상보다 열악했습니다 아이들이 더욱더 좋은 환경에서 자라길 기도합니다.,1
R09484,감독의 도전 정신에 박수를...,0
R09485,이걸 드라마라고 시청자 보라고 만들다니 ... 한국시청자 수준을 너무 무시한다.... OO전 태사기보다 못하다니 니들 월급은 시청률 뽑아주는 시청자님들께 드려라 감사하다고 ㅋㅋㅋ,0
R09486,중국 애니메이션의 한계를 보여주는 작품..,0
R09487,김영호랑 유승호가 이렇게 연기가 안되는 줄 이제야 알았음...고창석의 갑작스런 심경의 변화도 개연성이 바닥...한마디로 별로인 영화,0
R09488,웃김 . 꼭 한 번 보세요,1
R09489,단언컨데 우리나라 영화사가 또 착각했다.분명히 이건 애초에 패러디 코미디영화인듯마치 무서운영화처럼,0
R09490,ㅋㅋ더빙으로 봤지만 진짜 재밌다. 이정구님이랑 왤케 잘어울리지;;,1
R09491,헨리 하차해라 군대가장난이냐??? 하차해라 제발 대한민구쿤대 당나라요 홍보하냐? 헨릳때문에안본다정신차려라 진짜사나이팀,0
R09492,단순히 물고 뜯기는 좀비영화가 아니라 사람의 본성이 좀비보다 더 무서운 영화 .. 좀비영화중에서는 확실히 상위권에 들만하다 ..,1
R09493,내가 어렸을때 봤던건데 아지도 기억난다ㅜㅜ 나는 재밌었음!!,1
R09494,어린시절 기억이 다시나는 괜찮은영화.,1
R09495,사랑을 해봐야 이해가 되는 영화..예전 홍콩영화는 명작이정말 많구나..,1
R09496,가장 홍콩틱하게 생긴 소년,1
R09497,보고싶은데 볼곳이 없네요ㅡ스크린 독점 너무 심한듯 정작 관객 선택 폭이 너무 적어져서 볼 영화 없어 어쩔 수 없이 보게 되는 영화들..,1
R09498,미국의역사를 공부하다.,1
R09499,왜일케 평점이 짜지...난진짜 재밌게 봤는데 ㅎㅎ 코미디영화로 홍보되어서 그런가,1
R09500,kbs에서 해주실때 정말 재미있게봤던 시리즈에요 꼭 한번더 해주세요 ㅜㅜ,1
R09501,국내밴드 인디밴드 울프맨의 울프맨과 비슷합니다.,1
R09502,이거 진짜 어릴 때 봤는데 아직도 기억에 생생함 ㅋㅋㅋㅋㅋ,1
R09503,차라리 야동을 봐.. ㅋㅋ,0
R09504,역사적 배경을 알고 본다면 결코 나쁘지 않은 영화,1
R09505,설득력 없는 원맨쇼!,0
R09506,밋밋하고한결같은표정의 이종석씨 땜에많이아쉬웟음 웃기는포인트도찿을수없던...,0
R09507,최고의 영화중 한편,1
R09508,이 영화볼 시간에 주무세요 그냥..,0
R09509,"명작인데? 초딩들만봤나 ㅂㅅ들 현실감있고스토리전개도 멋졌는데,세상살다가 힘든과정속에 한방에 로또라 목숨걸어야겠지만 나름 의미는있다고생각 마지막결말도 괜찮았음 그대로해피엔딩했으면 더웃겼을지도? 그래도 스타뎀이 돈안가져가고 주인공이 우체국표먹는장면감동",1
R09510,어떻게 옛날 극장판보다 더 퀄리티가 떨어지냐 진짜 개실망이다,0
R09511,실화는 눈꼽만큼이고 나머지는 영화재미를 위한 포장들..포장이 너무 달달하다,0
R09512,영상만 좋으면 뭐하냐~ 내용이 빈약한데.,0
R09513,이거 장르가 뭔지 모르겠다,0
R09514,헤라클레스 이야기는 그냥 원작 그리스 로마신화로 봐라.,0
R09515,내인생 역대 워스트 1... 기억나서 별점주러왔다..,0
R09516,솔직히 나도 만들줄 알지만 이거 만드면 한국에서 빛더미에 길거리로 직행...여기서 나오는 음식들 한국에서 절대 못먹는다는게 아쉽다. 이거 보면 요리하는게 슬퍼지고 아매리칸 셰프보면 마음은 행복해진다.,1
R09517,너무 오글거리고 느끼함,0
R09518,희망을 짓밟는 사람들은 어디에나 있네요. 슬프면서도 다시 한번 소망하는...,1
R09519,너무 좋다.. 배경음악 진짜 좋다..,1
R09520,여전히 왕가위의 영화가 좋다.,1
R09521,몰락의 전설인데...,0
R09522,정말 재밌음 언제봐도 질리지 않음,1
R09523,이거 진짜 잘 만들었음. 공포심 자극은 물론이고 소재 줄거리가 아주 좋음.,1
R09524,꼭봐야할영화!!!!,1
R09525,영화는 처음이 어떨지라도 가장 중요한건 끝맺음인데 확실히 처음은 밋밋했지만 끝맺음이 훌륭했다.,1
R09526,괜찮다 잿빛영화,1
R09527,평점 너무한거아닌가?? 그냥 영화는영화일뿐.. 충분히 웃으며 즐길수 있는영화인데..,1
R09528,쓸데없는장면이너무많다연기.스토리.감독나랑장난하니,0
R09529,시작부터 키스만 백번넘게 빨아댐 집안에 뜬금 마약발견 마약찿으러온놈이랑 만났는대 운좋게 패닉룸으로들어감 전화기 남자가찿아옴 신호안간다고 전화기 때려보시니 가만있는 여자친구보고 진정하라고 정색빨음 여까지보다 잠들음,0
R09530,간만에 생각을 많이하게한 영화를 봤습니다.,1
R09531,화끈하게 쿨하게 붙어라.,1
R09532,권상우는 역시 안된다. 무조건 오버한다고 연기 되나,0
R09533,확실히 영화는 개봉후 며칠만에 평가 될 수 있는게 아닌가보다 지금 개봉하는 수많은 멜로 영화들보다 깊이 있는 영화,1
R09534,나 이 영화 안 봤다..이런 쓰레기 영화 좀 안 만들면 안되겠니? 안 봐도 짜증부터 나는건 왜 일까..우리나라 영화 개나 소나 감독해서 문제다..,0
R09535,내용이정말유치하고 크리스탈김우빈강민혁등몇몇배우들은교복이어울렷는대이민호는좀늙었다,0
R09536,언제 끝나나 시계보게 만드는 졸작. 공감 제로. 시간 개 낭비..,0
R09537,괜찮은소재 하지만 머리를 비우고 보시길...,0
R09538,보지도않고 콩진호때문에 별점테러는 너무한듯 님들 장단에 맞출 적은 돈이 든건 아닐텐데. 제수준에는 졸잼이었음,1
R09539,기독교인이라면 한번은 봐야하는 영화.,1
R09540,내일 예고보니 아이 사고나는것같던데 설마 또 죽는설정은 아니겠지... 이제 그만좀 복수해버림좋겠음,0
R09541,제목 개같고 내용 개같고 ^^;;,0
R09542,조미료 없는 담백한 곰탕 한 그릇의 개운함...,1
R09543,어렴풋이기억난다...철인28호와 붕붕이,1
R09544,아이거너무슬퍼요... 몇달전에봤었는데 지금 우리집 상황이랑똑같아요사남매인데 하나둘씩 나가고.. 이제 저만 나가면 엄마 아빠 혼자 남아계실 생각하니까맘이 안 좋아요 ㅠㅠ 너무 슬퍼 이게 인생인가 싶기도 하고.. 잘 만든 영화.,1
R09545,뭔가 잔뜩 퍼질러놓기만해놓고 어정쩡한 전개와 허무한결말..영화자체가 매우지루..,0
R09546,큰 재미는 없다. 그래서 좋다.,1
R09547,하.. 간만에 속았다..,0
R09548,재미면에서는 높은 점수를 줄 수가 없음 .,0
R09549,근본적으로 시나리오와 연출력의 부재. 유아인 김해숙 두 배우만 믿고 가려다 망한 영화,0
R09550,아니 이잼있는게 시청률 10%도 안돼 ?타방송 경쟁이 쟁쟁해서 음..걱정마 종영전에는 30% 넘긴다왜냐 ? 느낌아니까,1
R09551,난해. 모호. 오리무중.... 전형적인 예술영화에서 느껴지는 감동.,0
R09552,오랜만에 사이버포뮬러 보고싶네요~ㅎㅎ 한국 쓰레기영화 같은거 좀 내리고 이런걸 스크린으로 봐야지~!!,1
R09553,안타깝기도하고 눈물나는 드라마같은 얘기 좋앗습니다,1
R09554,"댓글 쓰려고 첨으로 로긴해서 리뷰씁니다.영화 시작하자마자 5분만에 설마..설마 저러고 계속 떠들어대진 않겠지...설마가 진실로.. 영화 내내 시덥지 않은 남자 둘이 계속 떠들어대고, 멋진 장면, 맛있는 음식 참내~ 그 수다가 말아먹어요!!그냥 핵노잼",0
R09555,그저 단순한 킬링타임용 무비는 아닌 것 같다 생각보다 진부하지도 않았고,1
R09556,괜찮던데??? 재밋었음. 생각나서한번더볼예정,1
R09557,그나마 히틀러 덕분에 피식했다,0
R09558,정말 재밌게 본 영화^^~,1
R09559,노잼이어서 미안하다~~!!,0
R09560,일본사무라이들 153센치였다구하던데 칼을 질질끌고다녔것네 ㅋ,0
R09561,너무 지루함.. 케익 안줬으면 화났을듯.,0
R09562,가장좋아하는 그룹 30대여자 ㅋㅋ덕후들이 시청률 유지해주는구나 ㅋㅋ,0
R09563,어어조러바터바타자트,0
R09564,액션을 기대했기 때문에 나타나는 실망감보다 그 이외에 것들이 더 대단한 깨달음에 대한 찌릿함이 비교할수 없을정도로 크다 한번 봐보면 그것을 느낄수 있을것이다.,1
R09565,별 10개도 아깝지 않은 작품,1
R09566,요즘 시대에 다시보면 많이 떨어지나 그당시 소년들에게는 로망이었죠.,1
R09567,국민학교 2학년 9살때 단체관람으로 본 영화이 영화 보고 충격으로 몇달을 악몽을 꾸고 밥을 제대로 못먹었음 어찌 아기를 던지고 발로 칼로 입을 찢는 장면이 있는 영화를 애들에게 보여주는지 입 찢을때 꾸역거리던 소리 아직도 섬뜩함,0
R09568,"우연히 본 영화!! 단지 야한 불륜 영화인줄 알았는데, 의외의 감동이 있는 영화임...",1
R09569,"한국에는 언니가 간다, 일본에는 용이 간다, 둘다 가던지",0
R09570,시리즈중 가장 최고~,1
R09571,진심으로 10점 준새끼들모냐,0
R09572,평점이 왜이래... 얼마나 잘못되었다고 그러는지...,1
R09573,로맨스 영화를 좋아하는 나로썬 이 영화를 보고 연하보다 연상을 더 선호하게 된거 같다. 연하의 남자가 아기 같고 동생같은 남자로 느껴질 때도 있지만 때론 슬플때나 힘들 때마다 힘이 되고 기댈 수 있는 상남자가 되기도 한다.,1
R09574,무슨 이 소재로 이렇게밖에 못만듬????말도안돼;,0
R09575,어릴적 추억이 새록새록,1
R09576,드디어..DVD 소장~!!! 에고...힘들었다...한글 자막을 만들어봐야 하나...,1
R09577,"뻔한 스토리에, 뻔한 결말. 보는 내내 아~주 지루했다.",0
R09578,벗어라~벗아라~ 차라리 벗어라~~~,0
R09579,"그냥말이필요없다... 두배우의연기력,영화연출 그냥최고",1
R09580,헐 무슨 내용인지 모르겟네요;;,0
R09581,10글자로 표현하면.... 잠안올때 보면 딱이네요 (( 개 쓰레기 영화 )),0
R09582,"대본은 좋으나... 연기력,연출 , 구성력.. 모든 것 이뒤 떨어진다",0
R09583,성룡의 모든영화+스파이키드 성룡아저씨가 실망시킨적은 없는데 이번에는 다르네...,0
R09584,카밀라벨 발연기,0
R09585,쥬라기 공원은 다 재밌다,1
R09586,결국 동생이 형의 여자를 가로채는구나,0
R09587,임채무의 가부장주의자 역할때문에 별점을 깎습니다.,0
R09588,개연성 설득력 그무엇하나도 없는 쓰래기영화근래 최악의 영화 3손가락에 들어갈정도,0
R09589,마이클 무어의 다큐를 보고 있으면 미국은 여느공포영화보다도 압도적으로 무섭다,1
R09590,이거 어린이날에상영하면안되나요 ㅜㅜ나이가15지만 보고싶어요!!!!!!,1
R09591,걍 멍함ㅋㅋㅋㅋ코미디,0
R09592,어린아이들이 좋아할 영화같네요저도 아직12세 이지만요,0
R09593,"한국영화는 표지부터 너무 선정적이다. 내용이 안되니까 표지라도 자극적으로 만들려는건 이해하겠는데,. 이런걸 무심히 보고 자랄 애들이 나중에 커서 뭐가 될런지..",0
R09594,지겨운 신파극,0
R09595,저 어린이는 구니스...,1
R09596,올해 본 영화중에 최악의 영화 끝나는 시간만을 기다렸다.,0
R09597,내 인생 최악의 영화를 꼽으라면 바로 떠오르는 영화,0
R09598,다큐를 찍어도 이 영화보단 제작비 쌀듯..,0
R09599,난 좋았는데...조폭미화가 그렇게 나쁜건가??,1
R09600,이유없이 테러하지맙시당,1
R09601,진짜진짜 재밌다능.,1
R09602,전문성우 써라 성우들 다 죽어나간다.,0
R09603,개나 소나 연기 한다는 그분의 말씀이 떠오른다..,0
R09604,아니 도대체 왜 결말을 ...조승우삼촌이 죽어야할필요가없었을텐데 분명대통령이 말했을텐데 왜?난 조승우 삼촌때메봣는데 결말참..대단해,0
R09605,고급지다..월메이드 무비!,1
R09606,"이거 2013년에 만든 영화 맞는건가? 스토리,설정,연기,제목 뭐하나 제대로 되게 없네. 정말 어이없고 시간 아까움",0
R09607,이거 완전 과소평가 아니야?;;; 되게 멋진 작품이었는데..,1
R09608,"집단과 개인, 무지와 무기력, 희망과 절망이 이 한 편의 영화에 모두 있다. 볼수록 놀라운 작품!",1
R09609,80년대 영화를 보는것 같았어요^^,0
R09610,흑백영화를 보니 신기하다. 저 당시에도 영화를 잘 만들었구나.,1
R09611,그런거볼려고 영화보냐 반전도있고 재밌는데,1
R09612,실종이나 악마를 보았다나 보고나서 기분 드러운건 매한가지다 그래도 악마를 보았다는 그나마 흥미가 있고 집중하게 한다 어릴때부터 봤던 손에 꼽을 정도로 촌스럽던 영화 투캅스 감독님 그냥 노잼,0
R09613,죤나 재미없네 ㅡㅡ,0
R09614,원작의 어설픈 변형과 미스 캐스팅..결과는 제작비의 절반만 벌어들임..,0
R09615,미워도 다시 한번만 ㅠㅠ,1
R09616,화려한 남주&여주. 내인생 최고의 드라마. 키스신 너무 이뻐 ㅠㅠ,1
R09617,보기드문 연출 기법과 현실에 대한 풍자.,1
R09618,역시 여자들은 남자가 수차례나 바람 피워도 결국 그다지 상관없나 보군,0
R09619,선동영화인데 평점이 너무 높은거같네요 ㅎ,0
R09620,무섭다.. 많이무서웠다.. 근데 임수정은 예뻣다,1
R09621,지루해서 보다 말았어;;;;;;;;;;,0
R09622,..스포일러 ㅠ,1
R09623,퀸틴 타란티노의 포룸을 어줍잖게 패러디한 졸작,0
R09624,종료를 떠나 한 사람의 위대한 일대기에 감동..,1
R09625,아 이거 정말 보고 싶은데 어디서 보나요ㅠㅠ알려주세요,1
R09626,김유정빼곤 uh 2가 없네,0
R09627,기대가 컸던 소재인만큼 실망도 너무 컸다. 스토리도 너무 재미없었다.,0
R09628,연민정과 비단이가 이 드라마 먹여살렸다ㅋㅋ,1
R09629,"기술의 한계, 연기의 한계, 시나리오의 한계",0
R09630,무서운영화 별로 무섭다 안느끼는 사람중 하나인데 진짜 2는 그냥 지리고 싸는영화임,1
R09631,"너무나도 사랑스러운 아이에게 세상의 편견이 해피엔딩이 아닌 새드엔딩을 준 영화. 도입부에서도 한 번, 끝날 무렵에 여러차례 울면서 봤습니다. 마음이 아프네요.",1
R09632,감동받았습니다. 앞으로 좋은 영화 많이 만들어주세요. 화이팅,1
R09633,꼭보세요. 거짓농간에 속아나지 마시고,1
R09634,저런 평점 절대 안 나올 영화,0
R09635,특유의 분위기와 음악이 잘 어우려진 영화 !! 위대한 알파치노 그리고 엘렌바킨,1
R09636,말이필요없다.!!스포긴하지만 탱크타고하늘에서 나는거 정말 인상깊었다!!!,1
R09637,아....!!!! 대박영화,1
R09638,이연걸의 헐리우드 진출은 글쎄. 스토리가 별로인 액션 영화 중 하나,0
R09639,최고의 SF + 블랙코메디 영화 라고 개인적으로 생각이든다. 그리고 인간의 탐욕이 일으키는 결말도 코메디 를 떠나서 진지하게 표현했더라면 대서시같았을것이다. 참고로 UN회의에서 다른나라들은 아니라고하는데 북괴대표는 위대한수령님이 디자인한 비행접시라고,1
R09640,큰 기대 안하고봤는데 재밌네..... 진심으로 남자측면에서 일어났으면 좋겠는 색의현실이다..,1
R09641,난해하고 복잡한내용을 잘봤다~라고해야 주류에편승한듯한 ... 머리아퍼,0
R09642,진짜 평점 개오바다 스릴은찾아볼수도없고반전만겁나기달렷는데싱겁다 연개성도없고 ㅋㅋ,0
R09643,"별 1개도 주기 아까운 쓰레기 영화. 스텝업2도 개판이었지만 참고 봐줄만 했는데 3는 못참겠다. 볼거리만 화려할 뿐, 스토리의 개연성은 전혀 신경쓰지 않은 졸작. 댄싱9이 더 낫다.",0
R09644,나 이거 실더라,0
R09645,안봤으면 말을 하지마세요 ㅎㅎ 강추~~!!,1
R09646,"""유산""을 쉽게 생각하는 우리사회사람들을 지적하는 영화",1
R09647,우리들의 라흐마니노프 3악장은 매 순간 살아가는 이유.,1
R09648,"잭 블랙 좋아하고 어지간한 드라마성 영화 잘 보는 편인데...'버니'는 보는 내내 상당히 힘들었어요..엔딩크레딧 보고 '흠....'하게 생각하는 면도 없지 않아 있지만, '이게 끝이야?' 하는 물음이 훨씬 더 컸습니다.",0
R09649,"필히 1편부터 보고나서 보시길 추천드림 4편만 보더라도 재미있긴하지만 1편부터 본다면 재미가 두배로 늘듯 ,,, 씨리즈물중에서 갈수록 재밌어 지는 흔치 않은 영화",1
R09650,솔직히 너무 고평가기독교인들이 평점을 더 줬나,0
R09651,어떻게 60년대에 이런 스토리 구성을 생각 할 수 있었을까...,1
R09652,원작 소설의 발톱만큼도 미치지 못한 영화. 그저 기괴하기만 했다.,0
R09653,"가족이 제대로 지탱해주어야 한다, 역시 ㅠㅠㅜㅜ",1
R09654,개막장..말그래도 1점도 아까움,0
R09655,보고싶지않았던 혹은 보지않으려했던 진짜 단면을 본것만 같다,1
R09656,"대사 한 줄 한 줄이 예술, 소름이 돋음",1
R09657,2빠다~ 노잼 노노잼 노노노노잼~,0
R09658,한국 영화의 진짜 전성기..,1
R09659,이런 프로그램 왜 만드는 건지.. 남는거 없네요,0
R09660,찬드라가 실제 사건이였단 게 굉장히 충격. 잘 봤는데.. 포스터 광고 문구가 별로네요,1
R09661,"좀비 영화중 최고. 음악, 연출, 작품성... 최고 ~ 특히 음악. 좀비 방송에서 좀비 음악 관련은 대부분 이영화 OST 인용하죠 ㅋ",1
R09662,언제봐도 애니메이션짱~~~순수그자체...,1
R09663,뛰어난문학작품과같은영화..이런영화는봐줘야해여ㅎ인간의생에대한이면을잘표현한듯,1
R09664,"연기나 스토리가 어정한 기분이,. 그래도 전쟁 후 모습들에 눈물은 났어요 ㅠㅡㅠ",0
R09665,원작이 더 나은듯..,0
R09666,말그대로 굿임..ㅋㅋ,1
R09667,생각없이 봤다가 감동하면서 전쟁에대해 생각했던 영화,1
R09668,킹스맨의 콜린퍼스보고 이 영화 찾아봄ㅋㅋㅋ,1
R09669,재밌게보았어요~~~,1
R09670,내가 본 영화 중 가장 최악 영화,0
R09671,이런영화 왜 만들까 이해가 안감스토리도 없고 러브라인도 없고 노출?그딴거 하나 없고액션?없고 드라마적인 내용도 없고 ...이해가 안감 시간이 아까운 영화,0
R09672,"영화나,드라마를 보는 안목이랄까,수준을 좀 더 높이면,그야말로,경이적인 체험.1점짜리는,완전 저능아라고 ,자기자신을 인증받고 있는 꼴~아무리 세월이 가도,빛나는 작품이란,바로 이런 작품인것이다.",1
R09673,오랜만에 늑대의유혹보고나서 그런오글거리는로맨스가보고싶어 이것도보게됐는데 이건도저히끝까지보기힘드네요..,0
R09674,어쩔수 없이 봤는데 최악의 영화였습니다. 30분은 멍하니...나머지 1시간은 방광 억제하며 힘들게 봤습니다. 0점은 안되어서 1점..,0
R09675,웃기면서도 반전이 잼있는 영화 ㅋㅋㅋ,1
R09676,촌스럽다 근데 98년도 비트에서 다시만나서 대박을 터트렸구나,0
R09677,ㅠ.ㅠ;; .... ㅠ_ㅠ ;; 배우가 아까운 영화,0
R09678,"형편없는 안습 분장의 가야코와 토시오는 엉망진창으로 나오고, 영화는 쓸데없는 원혼의 해결 따위로 시간만 낭비하며, 가장 큰 문제점으로 정말 하나도 무섭지가 않다.",0
R09679,'나이'에 대한 편견과 환상에 대한 속깊은 통찰,1
R09680,일본영화 멍청한건 아는데. 이건 뭐,0
R09681,이게 30년이 다되어가는 만화영화...랄까 그림체도 그런데다가 스토리도 좋은거같다,1
R09682,거나하게 평가된 느낌이 없지않다.,0
R09683,동화같은 내용이다. 트리스탄도 멋있었지만 난 개인적으로 셰익스피어 선장이 굉장히 좋았음.,1
R09684,간지액션ㅠㅠ 이거 이후로 나온것들은 성룡 매력이 반감되었다..,1
R09685,잔잔한 감동을 주는 영화. 이은주와 이범수의 좋은 연기^^,1
R09686,아무리 인물영화라고는 하지만 극단적 신앙화의 거부감. 그녀에 대한 주변인들의 증언이나 책은 보다 현실적이고 냉철하더라만.,0
R09687,엔딩곡이 이영화의 전체를 말해준다 이걸 왜 지금 보았을까..,1
R09688,5.18은 영화 화려한 휴가 하나로 다 보여줬다고 생각되는데 이제 그만하자 많이 우려먹었다,0
R09689,제발 간절히 꼭 부디 진짜 전문 성우 배우들을 씁시다 더빙은 안하고 되지도 않는 유행어나하고 몰입수준을 떠나서 재앙임,0
R09690,이것도 좋앗지..,1
R09691,초반 뻔한 설정일 것 같았던 영화..후반부 갈수록 엄청난 몰입도..진짜 뭔가 독특한 영화..후반부로 갈수록 명장면이 진짜 많은 영화!,1
R09692,JTBC예능은 무조건10점!,1
R09693,리얼리즘을 영화의 기준으로 한다면 단연 최고...재미와 메시지가 공존하는 쉽지 않은 영화,1
R09694,음악 때문일까? 한시도 지루하지 않다.,1
R09695,아니 일단 스토리자체가 후졌어. 그리고 무슨 고전소설 만들었냐? 인물들 자체가 갑오개혁 이전에나 쓰던 설정. 21C형 영웅소설을 만들어 놈.,0
R09696,총체적 난관의 졸작.,0
R09697,완전 재밌음 10점도 더 주고 싶어요,1
R09698,여타 무협영화에 비해 스토리 라인이 부실하다 연출력의 문제 일지도,0
R09699,"""킬링"" 타임 영화 중 최대 수작",0
R09700,여주인공 솔직히 엄청 많이 산만함 ㅡㅡ;; 이렇게 집중안되는 영화는 첨보네욬;;,0
R09701,정말 기대이상.. 엔딩장면에선 울컼했었던..;;,1
R09702,좀 힘들게 다 봤다;;,0
R09703,10번정도는 본거 같은데 아직도 매년 1번씩은 꼭 보는 나만의 영화...엽청문의 주제곡과 마지막 장면이 아직도 기억에 남는다 장철감독의 금연자와 철수무정과 비슷한 스토리구성..두 남자의 우정을 정말 아름답게 그렸다,1
R09704,재밌음 이게 왜 평점이 이런지 이해안감,1
R09705,혼자 보는데 민망한 이 기분... 어째... 아무리 애들꺼지만 너무 대충 만든다,0
R09706,모야 삼다수나 미네랄월터정도는되야 먹어주지.. ㅎ 어느시대유머냐,0
R09707,"와우, 놀라운 영화. 욕망의 길을 세심하게 묘사했다. 룰루, 앨리... 여주인공 못지 않게 앨리 조연 역할이 탁월. 비애스러우면서도 여운이 남는 결말이다.. 나 좀 살려줘,하던 마지막 대사. 기대 이상인 영화!!",1
R09708,무슨 이야기인지..,0
R09709,어..이..상..실,0
R09710,완득이의 아름다운 성장과정,1
R09711,빈센트말처럼 안일한 삶의방식을 타파하고싶다,1
R09712,저김샛별입니다. 이거 진짜 드럽게 재미없네 참고로 저는 무개념,0
R09713,액션영화 좋아하는데 짜증나서 보다 끈건 이게 처음이자 마지막,0
R09714,이런건 영화평점 목록에 없었으면...,0
R09715,으앙~아침마다어쩔수없이보는데ㅠㅠ너무지겨운스토리...좀전개좀빠르게해주세요ㅜㅜ,0
R09716,내 평생 본 영화 중 제일 몰상식한 영화다.,0
R09717,큐브 음악은 몰라도 액션영화는 찍지마라 가뜩이나 한국인 비하설로 밥맛이거든,0
R09718,진심 연예인 성우 좀 쓰지마라;; 저게 뭐냐 저게;;;,0
R09719,"반전이 있으나 잦은 플레쉬백과 밋밋한 연출, 전개의 한계를 보여주는 저예산 홈비디오용. 도미닉 퍼셀은 언제부턴가 계속 악역으로 나오는듯?",0
R09720,장난하냐? 주인공이 무적이냐?,0
R09721,정말 재미있게 잘 봤음,1
R09722,내 인생 최고의 영화! 애절하고 슬프고 박진감 넘칩니다,1
R09723,훈훈함.....,1
R09724,...... 무슨할말이 있겠는가....;;;,0
R09725,기자들아..니네집찾아가서니네가족들하고이웃들한테취재내용이사실이냐고매일문드들기고물어보면좋냐?이제좀그만해라 걔네들이억울하면직접고소하겠지 니들이뭔데누구의잘잘못을심판하냐?검사냐?판사냐?니들끼리언론으로이미판결까지다해놓고무슨시청자들알권리운운하면서 그러냐,0
R09726,재밌어~~~~~~~~~~~배경으로인해 눈도 즐겁고 재밌음ㅎ,1
R09727,남주 연기 소오름.. 몰입도 짱,1
R09728,정말 제대로 표현한 경찰 스릴러!!! Joe Carnahan의 능력!,1
R09729,긴장감도없고 지금까지 본 좀비영화 중 최악,0
R09730,"내용은 현실적이며, 이야기 시점이 주인공을 비취는 그 절묘한 독백과 연출력이 무척 마음에 들었다. 이런 사랑도 무척이나 아름답다.^^",1
R09731,재밌습니다. 꿀잼 ㅋㅋ,1
R09732,OO전의 추억이 지금도 이어지네요,1
R09733,음 감동이 있는 영화 너무 재미있어요 친구와 함께 보세요 진짜 좋은 영화,1
R09734,주윤발이 한국왔을때 가수 전영록이 주윤발보고 정전자 이야기했던게 생각나네~ 정전자라고하니 못알아먹으니까 중국말흉내낸다고 징진자 하니까 주윤발이 장난치는줄알고 징뽕징뽕 하던데...ㅋ,1
R09735,좋다..너무좋다 불교에대해깊이생각해본다...,1
R09736,오래된거 같은데 약간 내용이 뻔하다고해야될까요?ㅋ노잼임요,0
R09737,진짜 실망했다....단편작은 환포들이 4마리나 나와서 기대했건만 지라치의 비중만 그나마 높고 나머지 3마린 비중이 거의 공기다...(특히 다크라이ㅠㅠ)그리고 본편은 전개가 진짜 빠름...그나마 디안시는 귀여웠다.,0
R09738,3류 영화의 교본.가나,0
R09739,요세 쓰레기 드라마들만 있고 한지붕세가족 처럼 좋은 드라마는 없다는게 참으로 아쉽다!,1
R09740,이건 아니잖아... 영 지금까지와는 다르네,0
R09741,0점이 없어서 아깝네.,0
R09742,저만 이 영화보고 울었나요. 왠지 위로받는느낌을 갖게해준 영화.,1
R09743,별10개다 나는 ! 이거 마치 배틀로얄과 쏘우를 합친느낌 ?신의장난일수도있겠지만 재미없다고보는놈들은 일제시대때 일본한테 악감정 과거사에 쩔어있는넘들때문에 평점이이따구네 ㅋㅋㅋㅋ영화도모르는색기들이 단지 일본이라고 까는거보소 지들조상이만약 쪽바리면깜놀,1
R09744,내가 어린시절로 돌아간다면 낙태하지 않앗을듯하다 살아가면서 죽을때까지 슬프고 후회된다 가슴이 너무아프다 젊은 미혼남녀분 낙태하지 마시기를 평생 후회하고 죄스럽답니다,1
R09745,"로베르토 베니니..,,//",0
R09746,일주일만에 50편을 다봐버린..,1
R09747,이제 이런 시대로 돌아가긴 힘들겠지?,1
R09748,보고 후회하지 않은 영화. 평생 내 컴퓨터에 넣어두고 생각날때마다 보고싶은 영화.,1
R09749,컬트무비중에서 가장 명작...,1
R09750,말도안되는 점수라서 10점 줍니다 완성도 높은 코미디 영화 8.5는 돼야..,1
R09751,심사가 너무..........,0
R09752,마리옹 꼬띠아르가 에디트 피아프역을 너무 훌륭하게 연기했네요,1
R09753,'바람'감독님이라역시잘만드셨네요!재밌었습니다 좋은 영화 감사합니다,1
R09754,너무 재밌게봤음 황정민짱,1
R09755,80년대 국산 애니메이션 중 보석같은 작품중의 하나 입니다. 이런 애니메이션이 계속적으로 만들어 질 수 있는 환경이었다면 현재 우리나라 애니메이션은 어떤 위치에 있게 되었을까요....,1
R09756,너무 길고 지루함.. 시간낭비,0
R09757,영화는 영화일뿐 뭘 그렇게 현실성을 따지나...어차피 영화인데....조금은 가벼운 마음으로 영화에 다가가면 정말 재밌는 영화,1
R09758,철없는 나를 되돌아보게하는 영화 마음이 따뜻해지는영화,1
R09759,디아이보다 더 무섭고 제미있습니다. 폰영화나 디아이는 저리가라 입니다.ㅎㅎ,1
R09760,이영화의 장르가 코미디인건 지금방금 알았다,0
R09761,굿굿 -ㅅ-b 명절때 매일 보는데 볼때마다 재밌다!!!,1
R09762,속도감 하나뿐인 애니. 스토리가 약해서 보다 졸았다.,0
R09763,에효,0
R09764,아오 성룡만 보면 10점을 주게됨,1
R09765,순수 가장 유치물. 바둑판 연출 참.. 안타까울 뿐이다. 도대체 뭐하자는 건지..,0
R09766,화면 너무 머리아프고... 감독의 연출력최악이라고 생각한다. 먼가 되게 흔들리고 어려운척하면 다 작품성 있을줄아나보다. 영화공부다시해야될듯,0
R09767,볼품없는 전투는 그러려니 하겠지만 이야기는 대체...,0
R09768,어렸을때 부터 봐왔던 토이스토리. 그냥 100분 내내 너무 좋았다..보고 난 뒤에 여운이 계속 남는다.. 정말 정말 정말 좋은 영화이다,1
R09769,감히 말한다. 조 프레이져가 더 위대하다,1
R09770,역시 대단하다.. 이 시대 최고의 영화!!,1
R09771,철학이라도 담았을줄 알있더만 똥을 발라놨네. 이런 엳같은 신파극이라니...,0
R09772,나랑 잘못 만났다,0
R09773,다시봐도..마음까지 연기한 명연기..,1
R09774,킴베이싱어 너무 예쁘다,1
R09775,대박이에요..애기때 뭣도 모르고 보고 지금 두번째로 봤는데 보는 내내 펑펑 울었네요... 개봉한지 10년도 더 넘은 영화지만 감동은 지금 상영중인 영화보다 더 좋은것 같아요이렇게 많이 운 영화는 처음이에요,1
R09776,보고 또 봐도 명작이다 명작,1
R09777,중학교 1학년 이 영화를 통해 처음으로 영화의 재미와 매력을 알았다. 이후 몇번을 다시 봐도 볼때마다 깊은 울림을 주는 힐링 영화,1
R09778,이거 그닥 재밌지도 않고 재미없지도 않고 좀 보통임,0
R09779,멍청한 블록버스터의 대가 스티븐 소머즈!,0
R09780,"음악, 영상, 스토리, 성우 전부 꽝이다.",0
R09781,진짜 재밋음ㅋㅋ,1
R09782,각본부터 아무생각 없이 만든영화. 뭘 말하려는 거냐.필름이 아깝다.,0
R09783,배우들 출연료를 되려 또 떼어먹었다던데 갚았나. .,1
R09784,"엽문1, 2편을 재미있게 봤는데 3편은 정말 재미없는 영화였다. 홍금보의 채리불권이 엽문3편과 느낌이 비슷하고 재미없어서 같은 감독이 찍었나 했는데 그건아니고 제목에 왜 '홈금보의'라고 넣었는지 의아 할 정도로 영화에서 역할 비중이 전혀 없다.",0
R09785,졎빠지는영화다,1
R09786,잼씀ㅋㅋㅋㅋㅋㅋㅋㅋㅋㅋㅋㅋㅋㅋ,1
R09787,아아..내돈어쩌냐.,0
R09788,이것은 걸작이다.,1
R09789,디즈니서 2D 애니메이션 언제 또 나올까?,1
R09790,몇몇 공포 장면은 나름 괜찮았다고 본다. 특히 시체가 옆집 똑똑할때 지나갈때 말이다~ 서우 연기가 쬐매 어색하지만 서우 얼굴 보는 맛에~ ㅋㅋ,0
R09791,"학원에서 봤는데옛날영화임에도 불과하고, 너무즐겁다. 저는 정말로 재미있게 보았다",1
R09792,내가 소설을 보면서 머리속으로 생각한거보다 훨씬 아닌데... 미국에서 다시 만들어야됌,0
R09793,역시원피스는2D가나음,0
R09794,캠들고 찍는거만 안했어도 영상 몰입도 쩔었을텐데. 솔직히 카메라들고 인터뷰하듯이 하는거 너무 지루하다. 그리고 결말로 갈수록 개막장. 왜 평점이 낮은지 알려주는 영화다,0
R09795,영화같은 실화... 결말로 갈수록 훨씬 놀라운.,1
R09796,첨엔 별로였는데 가볍게보면 이만한영화가없다 재밋는영화 제이바루첼 연기가너무 코믹하다,1
R09797,탐 성님 폭스 형님과 100분 토론 잘봤습니다.,1
R09798,좋았는데..인간의악함 잔인성등.. 고쳐나가야할건 좀 고쳐야할듯,1
R09799,혼자 여행하고 온 기분...,1
R09800,액션 위주가 아니라 이소룡의 숨은 이야기를 소개하는 영화입니다,1
R09801,무서워야 할 장면들이 코믹스럽게 변할정도로 CG처리가 형편없었다,0
R09802,억지로 끼워맞추느라 고생했다..이건 뭐 내용도 없고..,0
R09803,아니 환자는왜 입소시키는건데...훈련받으로가서 아픈게 자랑이냐몸이안좋으면 입소를 하지말아야지 ㅉㅉ 놀로처간거같네,0
R09804,무성의한 얕은수로만 일관,0
R09805,감동...빠르게 전개되는 가운데 많은 것을 느끼게 하는 영화. 과거를 통해서 늘 반성하고 준비해야한다는 교훈을 또다시 배운다. 선진국이 되려면 생각이 깨어 있어야한다. 3세 황제를 배출하는 순간.내시들의 정치가 나라를 망치한것.,1
R09806,환경이 면죄부가 되진 않지,0
R09807,여검사역의 이정희 섹시했는데 터질뻔했어,0
R09808,오 진짜 재밋게 봤던 옛날 영화 다시 다운 받았음. 기대 만빵 ^^,1
R09809,이것도 난데없는 오류평점이란 말인가...,0
R09810,괴짜스럽고 발칙한 재미가 있는 영화 오르페오 같은 친구가 있음 좋겠어,1
R09811,주인공 남자 현재여친 복사본여친 이쪽저쪽 왔다갔다 간보구 죽이고 어이가없더라,0
R09812,非常好看！喜?！宋慧?喜??！,1
R09813,진짜 승리자는 헨리였다,1
R09814,"나는 여주가 버림받고 귀신돼서 매주 일요일 3시마다 남주 찾아가서 괴롭힐줄 알았지, 근데 여주냔은 끝까지 안죽더라? 마지막쯤에 남자한명 죽길래 오!!! 쟤가 귀신되는구나 했는데 귀신은 개뿔 남주 관힘줄이랑 근육은 왜....반전있는 영화네 ㅋ",0
R09815,저도 재밌게 봤어요.. 평점 믿을게 못되는거 같아요..^^,1
R09816,첨으로 평점이라는걸 남겨본다 . 이런 쓰렉이는 처음 본다 진짜 욕나오네,0
R09817,내가본 옴니버스 영화중에는 이만한게 없다. 볼만함,1
R09818,으으. 내 2시간. 오랜만에 별 두개짜리 영화봄. 특히 남자주인공 면상은 너무 거슬렸다 그리고 네이버 평점 이제 완전히 맛탱이 갔다는걸 알게됨.,0
R09819,왜 망했는지 알겄다 ㅡㅡ,0
R09820,노장 켄로치 감독의 젊음이 느껴지는 영화,1
R09821,새로와서 좋았음. 시즌2에서 그 매력 잃지 않았으면!,1
R09822,나름 잘 만듬,1
R09823,50분까지 참고 보다가 도저히 못보겠어서 삭제. 이만큼 돈 들여서 이렇게 재미없게 영화 찍기도 힘들겠다. 솔직한 심정은 내가 발로 시나리오 써도 이보다는 낫겠다.,0
R09824,ㅋㅋ 영화를 발로만들었나? 내가만들어도이것보다낫것다ㅋㅋㅋ,0
R09825,이걸보느니 거울2시간보고있는게 재미있겠다;;,0
R09826,의도된 소프트 측면이 격투씬에 너무 묻힌게 아쉬움,0
R09827,시작은 좋았는데... 이런걸 뭐 영화라고...........휴...,0
R09828,제목에 유오성을 왜 붙였나?,0
R09829,아무것도 없는데 시종일관 뭔가 숨기고 감추는척 하느라 정말 애썼다.,0
R09830,별점주기도 싫다 0점은 없나.,0
R09831,보지말고 부디 책으로 봐주세요 ㅜㅜ 눈 배리는수가 있으니,0
R09832,가비지~,0
R09833,마지막 장면... 정말 깬다...;;;,0
R09834,"악당 카리스마 부족, 너무 쉽게 죽네",0
R09835,의리의 명작 ㅜㅜ,1
R09836,다시 보니 굉장한 영화였네...난 80년대 미국의 로맨틱영화가 좋더라.초록 잔디밭하며,1
R09837,대한민국의 또다른 뒷그늘,1
R09838,"흥미진진한 내용, 강력한 액션 샤를리즈 테론의 냉혹한 매력에 빠져들었다!!",1
R09839,이 영화 너무 좋아 진짜 너무 좋아 자비에 돌란 영화 다 너무 좋아...아,1
R09840,은빛날개의 조종사,0
R09841,좋다라는 말밖에,1
R09842,농담이아니구 외계인 진짜 후레쉬맨 레이져쏜닼ㅋ,0
R09843,아비가 생각 있으면 자식들 욕 먹는 이런 짓 안 하게 할텐데...,0
R09844,책과 내용이 다른건 이해하지만 책 안보면 이해도 안될것 같은 스토리구성은 최악임,0
R09845,그냥 저 5명 행복하게 살게 해 줬음 좋겠다,1
R09846,전편대비 재미없다는 분들 많았는데 저는 재밌었어요~!! 윌스미스에 반했앙,1
R09847,대단한 액션과 중간 중간 터지는 위트. B급 액션 무비가 보여줄 수있는 최고의 경지를 보여준 것같다. 분닥 세인트 이후에 이런 스타일리쉬한 총질 영화들이 많이 나왔고 지금도 그 영향이 이어지고 있다. 영화매니아라면 반드시 봐야되는 영화.,1
R09848,훌륭한 배우들을 병맛같은 감독과 시나리오로 망친 졸작.진심 돈주고 보지마시고 손예진을 이쁨.감독은 세븐데이즈 보고 연출 공부해야함.이렇게 긴장감 없고 김빠지는 영화도 없을 것임.,0
R09849,그들은 '영화'만들기를 한게 아니라 '친구'만들기를 한것이다,1
R09850,한국영화 회피의 한 이유를 제공하다.,0
R09851,스토리가 너무 재미있었어요~~*^^* 벌써 끝나서 너무 아쉬워요ㅡㅜ그래도 해피엔딩~~,1
R09852,같은 아시아인데 왜 이리 못 만드나 ?? 홍콩영화 발톱에 때만도 못하구나...,0
R09853,왜 이영화를싫어하지??아주재미있고 좋은데,1
R09854,강은비 넌 주연하면서 안미안했냐? 진심 여배우 보면서 욕한 거 처음. 연기 개발ㅇ얼굴 소발 몸매 초딩. 미쳤냐,0
R09855,무슨 부조리한 사회를 고발하는 영환가 했더니 황당한 실족 서스펜스였다. 여기서 관객들이 얻어가는 단 한가지는 왠지 사람들 인식속에 연기파 배우로 인식되었던 오광록이 그냥 되게 못생기고 목소리만 특이한 발배우라는 것이다.,0
R09856,"영화를 보고나서 그레이스 켈리를 검색했더니 ~ 정말 니콜키드만 아니면 연기가 안되었을 만큼 느낌이 비슷하다, 정말 생각없이 봤는데 ...완전 재밌네",1
R09857,알면 알수록 웨스트윙이 왜 대단한지 안다,1
R09858,추리도 있고 재미도 있고 진짜 가족 영화로 딱인 듯!!,1
R09859,원작을 망쳐놨군,0
R09860,마지막에 동심파괴라니....ㅡㅡ,0
R09861,오랜만에 본 삼류멜로물,0
R09862,그대는 왜 ..몇년사이에 무슨일이 있었던게요...ㅠㅠ,1
R09863,재미 있습니다.,1
R09864,기막힌 영화에 찬사를 보내는 바이다.,1
R09865,재밋다! 한마디면 좋을듯..연기자들이 좋음.,1
R09866,부부의 모습이 너무 너무 너어무 아름답다.,1
R09867,정말로 재밌다!! 선영누나 여기서도 연기 대단히 잘하시네요..,1
R09868,재미없다. ㅈㅇㅂㄹ,0
R09869,"굉장히 잘 만들어진 수작. 냉전시대에 진짜 있을법한 일을 극사실 처럼 풀어냈다. 영화가 전체적으로 어둡고 무거운 주제를 흥미롭게 잘 풀어내었고 남파 간첩이었던 한석규가 대한민국에 살면서의 체제에 대한 심경변화, 내면갈등을 정말 잘 풀어냈다.",1
R09870,제목은 클라라인데클라라는 출연 안햇네..제목에 낙엿다..,0
R09871,상당히 기대해볼만 한 소재였으나 그냥 B급 영화 이하. 각 케릭터가 보여주는 공포스러움도 느낄 수 없었음.,0
R09872,"이런 영화로 좌파,우파 따지지 마세요...좋은 영화네요.....",0
R09873,영화적 평가는 없고 그저 빠순이들 빠심만 가득한 한줄평이네,0
R09874,1시간 20분 쯤에 바닥에 누워있는 시체랑 성주를 차레대로 보여줄 때 시체 목 부분 잘 봐봐. ㅋㅋㅋ 대동맥이 뛰고 있어. ㅋㅋㅋㅋ. 온 몸이 흙투성이라서 목에 붙어 있는 흙들에의해 빛이 산란되면서 대동맥이 뛰는거 아주 잘보여. 감독앜ㅋㅋㅋ,0
R09875,일본은 영화가 마치 애니도 아닌 것이 애니처럼 짜여진 느낌이라서 -예를 들어 노다메 칸타빌레- 일본 영화 쪽은 싫어하는 편이었지만 이건 정말 추천입니다. 제가 제즈를 좋아하게 된 계기라죠.,1
R09876,겁대갈 상실한일본 언젠간 지도상에서 사라질날이오기를,1
R09877,골빠진다 ㅋㅋ,1
R09878,연기력도 좋고 무엇보다 내용이 좋았다,1
R09879,개를 훔치는 완벽한 방법을 찾다가 무심코 보다.,0
R09880,이거 전에 봤던영환데 제이콥 출연했다는소식듣고 달려왔지요ㅋㅋㅋㅋ 귀엽다,1
R09881,광주는...,0
R09882,원스 비긴어게인 어거스트러쉬 이 세 영화를 봤다.마지막에 본게 어거스트러쉬 인지는 몰라도 최고다 정말..,1
R09883,책보고 영화보니까 눈물이 펑펑,1
R09884,가장 찬란했던 순간과 너무나 대조되는 지금의 모습 아프다,1
R09885,로봇이지만 행동과 눈빛만으로 모든 감정이 전달된다. 감동적이다.,1
R09886,"일품 식재료만으로 요리를 했거늘, 맛이 없는 느낌 이랄까요",0
R09887,이렇게 끝나면 사람들이 놀랄것같았나...,0
R09888,시대를 너무 앞서간 영화다.지금 재개봉 해도 전혀 뒤쳐지지 않을 스토리독립투사들 영화좀 많이 만들어지길...친일파놈들이 정권 요직 및 권력자들이니...안타깝다. 대한민국,1
R09889,어릴떄 참재밌게봤엇는데...다시보고싶당ㅇㅇ 판자촌거지돋넹,1
R09890,이미 맨처음 5분에서 나는 완전 홀린것 같다. 그것보다도 왓슨이 이렇게나 빌보역에 어울리다니 ㅋㅋㅋ,1
R09891,너무 지루하다. 솔직히 9점은 너무 과대평가.,0
R09892,밍키 목욕해주세요 ~~,1
R09893,"지루할 새 없는 영화,좋은영화~",1
R09894,평점이 6점 대인 영화는 절대 아니다,1
R09895,"우선 아이는 너무 좋아하고 전 처음보는거나 다름없는데 캐릭터들을 아이들이 말할때 이정도로 좋아했구나 새삼 느꼈습니다.화려한 색상은 일본만화의 정석이구요, 상상력을 높여주는 좋은 영화라고 생각합니다",1
R09896,공허함과 자괴감의 사이에서. 잔혹한 보고서 'shame',1
R09897,진짜 오랜만에 괜찮은영화하나 봤네요. 정말 동화같은 영화인데 홍보를왜이렇게했는지,1
R09898,"스토리 부실, 유치함;",0
R09899,영화평점처음하는데...진짜쫌그렇네요...아...,0
R09900,건담의 캐릭터는 베껴왔으나 그 재미와 노하우를 배우지 못한 것이 진정 문제였다.,0
R09901,"현실과 허구의 간극을 논하는, 매 순간이 찬란한 '기막힌 복제품'.",1
R09902,꿀잼!꿀잼!정말 잼나요,1
R09903,신파극 그 자체 ㅇㅇㅇㅇ,0
R09904,이거 만든 사람들은 한국판 비알리스톡 & 블룸이다. ㅋ,0
R09905,보라 연기 진짜 너무 거슬리고이종석 오열연기도 그냥 발음꼬이고 뮤지닮고 표정이몰입 안되고..제일 큰건 스토리의 개연성...10화가 지나가도도무지 저건 왜 저런 개소리를 해대는건지의학드라만지 연애드라만지 싸이코패스드라만지...개연성이란 쥐뿔,0
R09906,너무좋았다. 감성에 젖게만드는 영화.,1
R09907,성인에로물이 하품나오게 하면 어쩌자는...갑갑하다...,0
R09908,배우도 좋고 원작도 좋고 감독도 좋은데.... 결과는 시원찮다. 왜 이래? 신기할 따름.,0
R09909,음약도 인생도 조율이다. 깊이 남는 영화.,1
R09910,평점 왜이리 높아.......감동 재미 의미 뭐하나 아무것도 없음 정말 보지마세여 완전 속아서 봤네,0
R09911,70년대 영환줄알았다. 사건의 원흉 민폐 낸시박사 OOO.,0
R09912,내가 보기엔 최고 중의 하나다,1
R09913,용이나 판타지 좋아하면 재밌을 듯,1
R09914,스릴 액션은 역시 이정도는 되야 ㅎㅎㅎ,1
R09915,그냥 개봉하지말지 .....,0
R09916,반담 그냥 살아라.안 그래도 부담스러운데 성격 연기마저 시도하니 감당이 안된다.,0
R09917,솔직히 ㅡㅡ 이건아니다 정말 허무 그자체 재미도 없고 아오 나진짜,0
R09918,리들리 스콧 감독의 최악의 영화 중 하나. 비고 모텐슨은 나쁘지 않음,0
R09919,톰크루즈랑 같이 술마신적 있답니다 ^^,1
R09920,그동안 정말 감사했다.,1
R09921,포스터 디자이너들도 어디 3류급 애들 쓰는지 존나 허접하다 아무리 B급 영화라지만ㅋㅋ,0
R09922,케서린 헤이글을 다시보게 해준다.,1
R09923,ㅎㅎ귀여운 네로,1
R09924,이제 그만 해라 쓰레기 잠입 영화 .. 한국이나 장께나 안 지겹나 18.. 긴장감도 없고 재미도 없고 아주 개 쓰레기 3류 영화..위장 침투해서 쓰레기되는게 슬프냐 18아,0
R09925,"내용도 없고, 앞뒤도 안맞는 쓰레기 영화",0
R09926,너무 지루해서 영화에 몰입할 수가 없었다,0
R09927,"레오나르도 디카프리오, 맷 데이먼 그리고 잭 니콜슨...내가 좋아하는 배우들의 총집합! 카리스마 연기+간지 구경에 눈호강 제대로 하는 영화! 살아있네~",1
R09928,돈이 남아 돌면 보시길...,0
R09929,무슨 영화가.......................이래..,0
R09930,아이들이즐거워 했습니다,0
R09931,정말 추천하는 코미디(?)물 강츄,0
R09932,좋아요!! 시간때우기용으로 틀었는데 진짜재밌게잘봤어요 요즘유머코드를제대로아는듯,1
R09933,무슨 얘기를 하시는 건지?,0
R09934,돈아까워서봤다..,0
R09935,10년도지나 다시봐도 빠져든다.. we all have problems,1
R09936,여자 암걸리는줄알았다 진짜 안그래도 저녁 많이 먹어서 개답답안그래도 저녁 많이 먹어서 보는 내내 체할뻔했다,0
R09937,엉터리영화.. 영화의 전체적인 색감은 괜찮았음,0
R09938,역대급 한국영화입니다 꼭보세요! 코미디와 공포가 잘어우러지네요 - 장항 청년 -,1
R09939,문득문득 생각나는... 너무나 고마운 영화.,1
R09940,전도연이 피해자로 그려지는 게 이해되지 않음. 성격이 착하든 나쁘든 내연녀는 정당화될 수 없다 제일 불쌍한 건 서우 아닌가? 결말도 너무 뜬금없다...멋만 잔뜩 잡아놓고 대사들도 너무 부자연스럽고 임상수감독이 왜 욕먹는지 알게 됨,0
R09941,뭐라고 할 말이 없음. 천만관객 영화 중 이 영화보다 더 임팩을 준 영화가 떠오르지가 않는다...,1
R09942,하.... 내가 예고편 보고 끄긴 처음이다.. 정말 예고편이라도 재밌으면 보기라도 할텐데.. 예고편부터 손발이 오글오글 ㅜㅜ 님들 이영화 보시기전에 예고편 꼭 보시고 판단하세요 ! !,0
R09943,웃음박에안나온닼ㅋㅋㅋㅋㅋㅋㅋㅋㅋㅋㅋㅋㅋㅋㅋㅋㅋㅋㅋㅋㅋㅋㅋㅋㅋㅋㅋㅋㅋㅋㅋㅋ,0
R09944,존나 웃기더만 혓바닥이 왜 이렇게 다들 길어,1
R09945,이연걸갖고 뭐했니,0
R09946,"안티님들앜ㅋㅋㅋ당신들이 더 웃겨욬ㅋㅋ 관심받고 싶어서 여기서 난리치지 마시구요, 걍 딴데 가서 깝치세요ㅎㅎㅎㅎ친히 이곳까지 들어오셔서 나대시고ㅎ암튼 이거 영화관에서 봤어야 했는데ㅜㅜ",1
R09947,내용은 그렇다치고 액션도별로잖아...,0
R09948,정말 좆재미없다,0
R09949,지영누나 덕분에 이 영화를 봤어. 대박ㅠ 나만 당할수 없지. 니들도 봐라.,1
R09950,주제의식은 좋으나 여자 캐릭터가 너무 착하다.,1
R09951,눈물만,1
R09952,이런게 영화다 근래 본 영화중에 가장 갠찬은거 같다. 사람들 꿈이란거열정 너무 감동먹었다 뭉클하다 꼭봐라 !근데 왜 현실은 이런영화가 빛나지 안는걸까 !,1
R09953,문근영 서우 천정명 옥택연 모두 다 너무 좋았다 ㅠㅠ,1
R09954,이걸끝까지 보고나서 뭔가 모를 감동이 쉽게전해졌습니다.이걸 만들어주신분들 너무 감사합니다.저 이걸보고 깨닮음을 얻었습니다.중간에 포기하면안된다는것을요.무슨점이 좀 부족하지만 저는 이영화를 추천합니다.,1
R09955,분명 앞으로 편견과 따가운 시선 등 힘든 일이 많겠지만 자신의 본질을 깨닫고 노력하는 모습은 그 누구보다도 아름답습니다.,1
R09956,"표현력부족,갑갑하고 따분했던..소재는 좋았으나 1학년생 작업정도",0
R09957,두여배우도 배역에 안맞아 보이고 제목만 자극적인 평범이하,0
R09958,아름다운 인간임을 증명,1
R09959,멋진 드라마입니다^^,1
R09960,사랑스러운 르네 젤위거♡,1
R09961,솔직히 하이킥3는 다 하나같이 캐릭터가 짜증나고 안 웃겼지만 스탠바이는 그 반대다,1
R09962,요즘에도 이런영화 나온다는게 신기할 따름.감독이 배우랑 친한 사이 아님 출연하기 힘들듯 싶다.,0
R09963,유명한 건가? 재미없이 봤는데(2등),0
R09964,1편은 너무 재밌었는데 2편은 별로,0
R09965,왜.,0
R09966,마지막 자동차 전투씬최고네요,1
R09967,4.44 맞추기 프로젝트,0
R09968,조유영 머리는좋은데 대책이없다 지혜롭지가 못해 ㅉㅉㅉ,0
R09969,여자친구의 강요로 봤지만 예상과달리 잠시 동심으로 다녀온듯한 좋은 기분..,1
R09970,"그림체만 보면 일반적인 오덕 애니메이션 같겠지만, 실제로 보면 마음이 따뜻해지는 좋은 작품입니다. 가족이라는 키워드를 60분이라는 짧은 러닝타임 동안 굉장히 잘 살렸다고 생각해요.",1
R09971,주인공 누나 얼굴 몸매 다 내 이상형이야ㅠㅠ 청순섹시해,1
R09972,첨으로 써본다 쓰레기영화때문에 이게왜13구역이야 베트남영화보다 못해,0
R09973,3~4점비율이없네요 제가 채워드립니다,0
R09974,유쾌한 영화.,1
R09975,모처럼만에 보는 재미있고 사람 냄새 나는 영화 . 비록 이런 류의 영화가 많다 해도 좋네요. .,1
R09976,정말 영화 보고 평점 주는건가..?? 반지의제왕하구 비교하는건가..??,1
R09977,재미있도다.,1
R09978,외계인을 믿어서 별 안무서웠음.. 외계인이 없다고 믿는사람은 귀신보는것마냥 무서울법함.. 전 외계인 믿어서 .. 그 출연자 여자표정이 더 무서웠음 ㅋ,0
R09979,나루토 멋있다.. 중학교때접했는데 다큰성인이되서엉엉 울면서 봤네ㅜㅜ나루토는 외롭게자라서 성공해도 정말 옆에있을 여자는 히나타뿐 결말이 너무 완벽하다사쿠라랑 사스케는 어케되는거임ㅜㅜ,1
R09980,세상에나 정령 이 영화가 조폭 형사 살인범 나오는 싸구려 한국 영화보다 못하단 말인가? 평점이 7점대라니...,1
R09981,너무 이쁘고 넘 재밌다♡♡♡,1
R09982,엉성으로 시작해서 어색으로 끝나네 ㅋㅋㅋ,0
R09983,뮤지컬로 사회비판적으로도 다 훌륭한 영화.,1
R09984,많이아쉽네 특히 여주인공이...다코타패닝 정도는아니더라고 독일에도 이쁜애들많을텐데 주근깨샥있고 로리타같은핰...이여자는 틸OO이거 친인척인가...암천..여러모로 많이아쉬운...,1
R09985,너무 재밌게 봤고 남자주인공이 노래 부른 것까지 너무 좋았어요!,1
R09986,어릴때 백번은 본영화..,1
R09987,최근 유덕화영화...재미나게 봤슴니다 추천하고싶네여,1
R09988,여주인공 매력있음. 근데 중반부터 지루하다,0
R09989,나자레쓰의 러브허츠만 귀에맴돌고 영화는 졸작,0
R09990,샤론 스톤 완전 폭풍간지인 듯~! 러셀 크로우도 막판에 멋졌음~!!,1
R09991,오늘 시사회보고 왔어요...정말 감동적이예요..코미디적인요소가 많아서 한참 웃고 있었는데 마지막에 혼자서 와이프도 못보게 눈물찔끔...결혼한 남자라면 그입장 100%공감이고 결혼한 여자라도 그 부인입장 100%공감이다.. 간만에 감동있는 영화였음.,1
R09992,아일랜드 의 아름다운풍경과 러블리함이 느껴지는 로맨틱 영화,1
R09993,그냥 딱 킬링타임용!!,0
R09994,"치민다... 분노가 치밀어 오른다. 이건 뭐.. 편집이 엉망인건지 스토리부터 에러인지 모르겠다. 이야기전개속도는 빨라 뭘말하고 싶고, 보여주고싶어 하는것 같은데, 도통 뭔지 재미가없다.",0
R09995,"종교판 배트맨이군요, 지금 봐도 구닥다리 영화처럼 보이지 않네요. 8.5점 주고싶은데 주는 방법이 없어서 반올림.",1
R09996,"최강이었다. 대사 하나하나, 의학용어 하나하나 기억나게 만들어버린 드라마",1
R09997,사장의 순진함이 좋다.,1
R09998,케이블 채널에서 10번도 더 나온거 같다...,0
R09999,신선함. 평점이 너무 낮네요.,1
R10000,막장과 에로의 줄타기.,0
R10001,준석이가 동수 작업 지시한거는 맞지만 죽이라고 하진 않았을겁니다. 2에서 불구로 만드는 작업이었음이 나오죠. 글구 하와이로 갈것을 권하고 거절당하고 나올때 동수 부하들이 칼들고 작업하려는걸 동수가 아버지 제사란다 하고 보내줬죠. 동수는 공항가려다 죽고,1
R10002,중요한 부분을 그럭저럭 잘 표현한것 같다,1
R10003,2015년.... 그런데 그것이 실제로 일어났습니다.,1
R10004,억지 감동 영화..,0
R10005,올리브를 위해서 가족들이 뭉치는 모습이 보기좋았다. 역시 가족밖에 없구나 라는 생각이 드는 영화.,1
R10006,수고하셨습니다.,0
R10007,혹시나 했는데 정밀 재미가 있는 영화였습니다.,1
R10008,영화가 아무리 영화라지만 어느정도 설득력은 있어야지.. 특히 딸을 위하는 엄마의 희생을 너무짜증나게 풀어놨다... 박해일 머리 마구잡이로 때릴때 할말을 잃음...아니 뭔 이렇게 무서운 영화가?,0
R10009,비보잉 배워야겠다,1
R10010,처음부터 삐걱됬다,0
R10011,제돈 주고 안 봤으니 망정.,0
R10012,진심 재밌음 근데 님들아 오덕이 무슨 죄 지었음? 왜 오덕 까고 날리임? 나 오덕맞아 근데 오덕이 싫다고 1점주고 날리치면 영화사는 뭔죄임? 그래 오덕까는건 인정해 줄수있어. 우리가 이상한건 아니까. 근데 평점은 망치지말자 영화만 피해잖아,1
R10013,소설을 이해하기 더 쉽게 영화로 만들어주셔서 감사합니다 바즈 루어만 감독님 ㅎㅎ,1
R10014,꿀잼입니다 봐야할영화 ㅋㅋ,1
R10015,영화 잼있네...,1
R10016,"아멜리가 꿈속의 세계에 살고싶다면 그건 그녀의 권리야. 왜냐하면, 삶을 어떻게 사느냐는 것은 누구도 빼앗을 수 없는 고유의 권리이기 때문이지.",1
R10017,감동잇고후반에약간의반전...신비로우면서도묘한감정을섬사하네요,1
R10018,"모든 면에서,무난한 코미디.한마디로 빵빵터지는 영화,캐스팅도 굿.감독선정도,연출도 무난한 편...울지않는 새는 죽여라...원래7점짜리인데,점수가 너무 낮아서,평점10점 주고감.피터 시걸의 블리치 너무 기대된다 정말(광고 아니니까,홍보라고 지우지 말것)",1
R10019,대놓고 야한영화를 볼수없어서 빌려보던 공포영화들중에서..우연한 득템이었달까...지금은 글쎄...지금도 재밌을것 같긴한데...,1
R10020,연기 굳,1
R10021,답답하고 먹먹해진다..진짜 꼭 봐야만 하는 영화다...,1
R10022,B TV 프리미어에 포함되어 보게 됐는데...돈은 직접 낸거 아니니까 상괸 없지만시간 아까워 죽을뻔했네..아 영화평 잘 안쓰는데..ㅜㅜ너무 충격적이라서...,0
R10023,진짜 실망이다...그냥 드라마를 보는게 낫지..,0
R10024,도저히2012년에 나온영화라고 상상도 못했다 개 쓰레기 시간아까운영화 배우들도 연기력 개 허접 감독도 호구네 시간아깝다 뭐이딴게 다있노,0
R10025,잔잔하니 좋은 영화였다 ㅎㅎ 점점 현실적인 사랑이 보여가는 두 남녀를 보며 씁쓸하기도...ㅎㅎ,1
R10026,긴장하고 몰입해서 봤습니다,1
R10027,"톤즈를 위해 의사가 되시고, 선생님이 되시고, 음악가가 되신 이태석 신부님. 존경합니다.",1
R10028,더할나위없이 좋았다...,1
R10029,조지밀러가 왜이런걸,0
R10030,재밌고 감동적이에요~~~좋은영화에요~~^^,1
R10031,"현실적이지도, 그렇다고 환상적이지도 않은 불행한 로맨틱 코미디.",0
R10032,"다큐라면 좋은 평점을 주겠지만, 영화로서는 너무 지루하다. 5점 정도 주고 싶지만 생각보다 높은 점수를 내리고 싶은 마음에..",0
R10033,가족들과 보기 참 좋은 영화인것 같아요~~~ 교육적인!! 영화~~~,1
R10034,넘 재밌다.ㅋㅋㅋㅋㅋㅋㅋㅋㅋㅋㅋㅋㅋ,1
R10035,"대한민국 해군,해경 여러분들 정말 고생하셨습니다. 감사합니다.",1
R10036,포스터 우수 작품,0
R10037,오~재미지다!!!완전긴장되는 영화!!,1
R10038,내인생 최악의 영화.. 심지어 코미디영화가 웃기지도 않음.. 예고편이 영화의 전부..,0
R10039,중반까지 볼만하다가 갑자기 뭥미 뜬금없네,0
R10040,쓰레기영화ㅋ 극장에서봤으면 욕나왔을듯,0
R10041,중달~♥♥♥♥♥ 짱 귀여버~!!!>_// 쓰러진다 쓰러져~ㅋ,1
R10042,난 루피상디있으면 다조아♥,1
R10043,어렸을때봤던건데 다시봐도 유쾌하네요,1
R10044,왜착한일한사람이먼저가셧을까 저세상에서는편히 쉬시길 바랄뿐임니다 삼가 명복을 빔니다,1
R10045,정말 15분만 봐라.. 드니로 최악의 작품이라고 하고싶다.,0
R10046,ㅅㅂ 안량이랑 일기토뜰때 짱깨 특유 액션나올때부터 기대는 안했지만 어이없는 러브스토리에 찐따같은 헌제에..점점산으로가는 이야기전개에...조조는 그럭저럭 잘 그렸다고 생각하지만 장료랑 관우의 관계도 좀 이상하고..특히 개찐따로 나온 곽가가 맘에 안들었다,0
R10047,이 영화로 레오 까락스 자신을 파멸로 이끈다는 느낌...,0
R10048,처음엔 재미있게 보다가 별로 마지막에 그냥 그랬음....,0
R10049,영화 장면이 너무 제한적이다.,0
R10050,왜 이런 영화를 이제야 알았지?? 대박!!!,1
R10051,그냥한마디로골빈영화,0
R10052,탄탄한 스릴러+ 샤론스톤,1
R10053,싸나이를 울리는 영화!,1
R10054,테이큰처럼 큰 액션씬이 있을거라고 생각하며 본다면 지루할수 있습니다. 이 영화는 리암니슨의 완벽한 내면연기를 볼수있는 차가운 범죄스릴러물입니다.,1
R10055,할거 없을때 투니버스서 나오길래 봤는데 진짜 막장쓰레기다 그냥 축구는 안하고 축구공으로 피구하드라,0
R10056,연기고 뭐고 소재가 일단 관람하기 불편했다,0
R10057,진짜 재미있어요..ㅎㅎ 1.2 편 다밧는데 다 재미있었어요 ㅎ,1
R10058,"정말더이상참을수가없네요,,,꼬고꼬고또꼬고 이게도대체뭡니까??작가미친거아닌가요???제발이제그만쫌하시죠 다시는보고싶지는않군요!!!!!",0
R10059,"표민수, 정태원 너네도 챙피하지?",0
R10060,"여자꼬마, 여자애, 아줌마, 여경 쉴세없이 울고 짜고 고함...그러다 결정적인 순간에 남자두들겨 팸. 아줌마용 액션영화?",0
R10061,범죄자와 다중인격 또라이의 춤사위라고나 할까? 보는내내 지루하고 개연성 없는데 뭔가 있을 것 같아 억지로 봤다. 결국은 아무것도 없는 OOOO 영화,0
R10062,배틀필드를 능가했다.,0
R10063,어메이징 보다가 이걸 보면 샘 레이미가 얼마나 쩌는 감독인지 새삼 느끼게 됨...,1
R10064,권율 진짜 잘생겼어요천상여자 재미있어요 권율 덕분에 더 재미있고요♥o♥,1
R10065,"너무 명작이다. 예전에 봤던거지만 잊을 수 없어서 다시한번 보게되었는데 볼때마다 명작이라는 사실을 새삼스레 느끼게 한다. One for all, All for one 은 최고의 명대사고, 끝으로 갈수록 소름이 끼친다. 결말은 슬프면서도 아름다웠다.",1
R10066,아 ㅋ 밖에 할말이 없는대 연속입력 못하게 막아놨어 ㅋㅋㅋㅋ,0
R10067,마음이 너무 강하네.감동적이다ㅠ,1
R10068,그래요 처음엔 괜찮았는데 가면갈수록 더 보기 싫어 지는거예요,0
R10069,흥행성공에 놀라다.,0
R10070,최고의 명곡은 '힙 투 비 스퀘어'야 최고다 진짜,1
R10071,이 감독 얼굴 함 보고싶다. 엉망진창,0
R10072,일본영화는 너무따끗하고좋다 지금만나러갑니다 보고 팬됫는데 보길잘햇다 너무재밋다 너무 너무,1
R10073,개그맨들 나오고부터 3는 재미없어졌다!!!,0
R10074,송가 세자매... 이렇게 재미있는 스토리를 이렇게밖에 연출 못했다는 것은 재앙이다.,0
R10075,인신매매단(?) 중에서 좀 나은 사람 얘기인 것 같은데... 지루하다.,0
R10076,대박대박대박재밌고 너무감동적이다ㅎㅋ,1
R10077,아침마다 허구허날 징징... 드라마보다 짜증나보긴 첨이네요 하희라씨 우는연기 안슬퍼요 그저 찡찡거리는거처럼 들려요 그만 좀 울고 동생연기 좀 제대로 시키세요 딱봐두 언니구만 징징대는게,0
R10078,역겨운 소재. 참고 보기 쉽지 않다.,0
R10079,이걸 영화라고..별 한개이상 준사람들은 뭐지 최악의 쓰레기 영화,0
R10080,솔직히 재밌진 않았습니다. 인물간의 대화도 어색했어요. 하지만 그 대사 자체의 의미는 어느정도 공감을 살 수 있었는데 온전하게 그 대사가 보는 사람으로 하여금 받아들이기 힘들게 제작하신 것 같아요.,0
R10081,개봉 당시 내가 이거 보자고 했다가 아직까지 친구들한테 종종 욕 듣고 있음,0
R10082,북극곰이 너무 불쌍해요 ㅠ.ㅠ,1
R10083,ㅋㅋㅋ 랜디랑 버터스 카트맨 너무 웃겨,1
R10084,나에겐 좋았다!!!!!!!!!!,1
R10085,이거 무척 재미있게 봤어요^^,1
R10086,이정진이랑 설경구가돋보이는영화,1
R10087,세드엔딩이 아닌거에만 좋아해야할.배우들은다 애정이가지만 작품만두고 갠적인 평가는 안습,0
R10088,김동완 대박.. 연기정말잘함 차분하게 잘함,1
R10089,내용도 액션도 정말 최고였습니다!,1
R10090,내가 주말드라마를 안보다는건 실로 엄청난 일임.,0
R10091,이런영화 제발 그만만들었으면....,0
R10092,평론가님들.. 6점... 뭐지이건,0
R10093,카메론디아즈//드류베리모어 좋아 ♡ 미녀삼총사 1은 진짜 괜찮다.,1
R10094,리키김 흑역사냐 포스터 그림판으로 만듬?,0
R10095,왜대전에는 이거안하냐ㅡㅡ 짜증,0
R10096,가나다라마바사아자차,1
R10097,e멜 핸폰문자가 사용되는 시대에 편지의 소중함을 다시한번 느낄수있었던 괜찮은 영화,1
R10098,별점이 왜 이렇지? 우연히 다시 보게 되니 개봉 당시 극장에서 몰입해서 봤던 기억이 난다. 초반에 변희봉 소름끼치는 늙은이 연기 대박,1
R10099,왜이리 매끄럽게 이어지지 못하지..,0
R10100,옛날 생각 나네요... 동네 극장에서 형과 함께 앉아서 무려 5번을 봤던 영화....최고!,1
R10101,쓰레기영화..나이어린분들은 안보는걸추천함. 이렇게 역겨운영화는 처음..,0
R10102,"태평양 전쟁에 대한 아주 일본적인 관점,,어이업써",0
R10103,유전자검사니 어쩌니할때 소유진이 머리카락 바꾸겠구나했는데 역시나 진짜 욕나오는 드라마 입들은 다 장식으로 달고있고 못봐주겠네요,0
R10104,누구를 위한 영화인가세계대전을 일으킨 일본의패망한 국민성을 일깨워주는 영화인가이런걸 추석때 틀어주는 무개념들은 무엇인지한심하기 짝이없다,0
R10105,"잔잔하게 스릴느끼게 해주는 영화에 익숙하지 않은 초딍들,",1
R10106,보지마셈 제미없음,0
R10107,이소룡 탄생 70주년 기념작품! 그가 살아있었다면 액션의 역사가 바뀌었을듯.,1
R10108,아무리 영화라지만... 5.5점,0
R10109,"스타뎀의 액션 영화,,,굿...전 재미있게 봤어요....",1
R10110,"나름 기대했었는데, 이건 뭐 완전 엉망이네..액션 어설프고..이야기구조도 어이없고..",0
R10111,가볍게 즐길수 있는 액션~ 역시 이연걸~ 거기에 구숙정과 양채니의 미모까지~ ^^;,1
R10112,시사회에서 봤는데 명량 영화랑은 완전 다른 다큐에요~ 메이킹 이런거 ㄴㄴㄴ 학생들이 보면 좋을만한 다큐임,1
R10113,조금 봤긴 봤는데 다 보고 싶었어요.,1
R10114,"그야말로 명불허전. 매 회 감동을 넘치게 하는 작품성 높은 드라마는 정말 작가가 천재가 아닌지 의심이 될 정도. 천사라는 제목처럼 종교적인 행동, 가치관 면에서도 굉장히 많은 기본 기준을 제시한 바이블 같은 드라마.",1
R10115,심심해서봤는데 충격 그 자체다 더빙을 이렇게할수도있구나 하고 신기하기도하다. 근데 연예인더빙사라지는건 개인적으로 반대다. 꿀벌대소동인가?유재석씨더빙을 재밌게본기억이있어서 그런가보다,0
R10116,엄청나게 재미있는 가이리치의 작품. 영화의 핵은 이야기가 아니라 감독의 스킬이다.,1
R10117,처음엔 좀 지루하지만 점점 재밌어짐,1
R10118,최악의 영화 베스트 5에 뽑혔습니다.,0
R10119,남 얘기 같지않는 감동의 세레나데ㅠ 재밌고 감동덕이다ㅠ,1
R10120,이런 쓰레기영화 만들지마라시간아깝다,0
R10121,타임캡슐에 ㄱ ㅐ 쓰레기는 왜 넣었대?,1
R10122,재밌게 본걸로 기억에 남는 영화,1
R10123,철부지에서 아빠로 변하는 과정을 보는 재미도 쏠쏠ㅋㅋ,1
R10124,각각의 연계성이 확실하다. 데드링거와 닮으면서도 다른 분위기,1
R10125,정말 재밌게 봤습니다. 인물들의 개성이 넘칩니다.,1
R10126,진짜 재미없습니다 보지마세여,0
R10127,내용 증말 재미없네.긴장감이나 스릴감이 전혀 느켜지지 않아,0
R10128,"한국영화의한계를 여전히 느끼게하는 벗 불륜의 스토리전개는 나름 쿨했다 전반부는,,",0
R10129,아무리 막장 드라마라지만어른들 잘못으로 상처받는 아이가 너무불쌍한데대리모라지만 그래도 자기배아파 난 자식을 이용해사악하게 상처주고 세뇌시키고 폭행하고도저히 천불나서 보고있자니 욕이 저절로 나오네아?이드라마 너무 짜증나애는좀 그만 괴롭혀라,0
R10130,"중국 ( 홍콩 ) 작품에서 가장 여운이 남는 작품! 개인적으로 "" 천녀유혼 , 이상",1
R10131,한마디로 말해서 졸작..,0
R10132,ㅋㅋ 심판의 반전 대박임... 어이 ㅋㅋ,1
R10133,좀 식상한 스릴러영화~,0
R10134,헬스장에서 티비로 봤는데 햐....진짜 어설프다 시바사키 코우 대실망;;;;,0
R10135,상투적인 시나리오.. 오바스러운 연기... 토나오게 어지러운 카메라 워킹,0
R10136,4년만에 다시 보게된 킬미는 그때보다 깊이있고 더 좋다..강혜정의 대사 한마디 한마디가 어찌나 콕콕 박히는지..,1
R10137,"김기덕, 그의 영화는 불편하지만.. 늘 묵직한 뭔가가 있다..",1
R10138,반전을 기대했으나 조금 약했음,0
R10139,진짜 명작이다...개추천,1
R10140,9점대 받을 영화는 아닌거 같음..8점대 중후반이 딱 맞을듯,0
R10141,예고편보고 너무 기대를 했는지 그야말로 정말 실망입니다 좀 지루하고 몰입도 낮은 영화를 좋아라 하는데 이건 정말 너무 하군요 엉성한 연출 이상꼬름한 이야기 전개 휴.. 정말 최악의 영화군요,0
R10142,촬영장 옆 건물 창문사이로 보이는 패가 생각나는 영화.,1
R10143,나는 나쁘지 않게 봤다만 대부분의사람들은 뭔가 있어보이면 명작이라고 칭송한단 말이지 니들이 이해못해서 재미없다고 하는 정신승리를 곁들여 말이야 연출은 참신했으나 복선이 진부하고 각 플롯마다 연관성이 부족했다 뭐 이것도 감독이 설계했다하면 할말 없겠지만,0
R10144,슬램덩크 태권도 버전,0
R10145,이런 영화를 성인들이 제작하던 시대가 있었다.,0
R10146,드럽다 외케 상영관이 적어 서울이랑 부산밖에없네;;,1
R10147,이혼과정 잘봄~ㅎㅋㅎㅋ,0
R10148,사도세자 내용이라 10점용,1
R10149,"심금을 울리는 기타 소리와 음악, 아름다운 배경, 마지막의 깊은 여운",1
R10150,이게 도데체 뭐하자는 겁니까..? 내용도 그렇고,0
R10151,킬링타임용으로도 부족한영화..,0
R10152,이명세감독을 좋아하게 된 영화^^ 그의 작품을 기대하게 만든 영화,1
R10153,슈스케 이번에 편곡들도 난잡하고.편집도 편향되더니 결국 이런 결과.. 실력들도 영..박시환을 욕하고 싶진 않다.어쨌든 매번 최선을 다했을테니.,0
R10154,음 모라고해야할지...애들이 안본다고해서 난감했네요,0
R10155,그냥 최고임.................,1
R10156,"흥미로운 ‘크리퍼’를 이정도 밖에 살리지 못하다니. 사람이 너무 많아 통제를 못하는 것도 어이없는데, 그렇다고 무자비한 학살을 보여주는 것도 아니니, 그저 지루할 뿐이다.",0
R10157,두번봐라,1
R10158,어 뭔가 나올것같은데..? 하는 순간 영화는 끝이난다. 어디가서 법정스릴러물이라고 하지마라. 진짜....,0
R10159,눈을 감기 싫었습니다. 한순간 한순간 너무나 아름다웠던 영화였습니다.,1
R10160,기억해야할 슬픈 역사..,1
R10161,별로였어요 씨쥐도 허졉했고,0
R10162,어지간히질질끌지 와 보면서 짜증나는드라마중 최고인듯,0
R10163,뻔한 스토리에 정신만 없음...,0
R10164,아 개 재미 없어,0
R10165,성지순례 왔습니다 하하하,0
R10166,색에 환장한 x들 (마누라들) 이건 코미디도 아니고 부부 힐링 영화도 아니다.,0
R10167,지중해의 햇살 처럼 따스하고 감미로운 영화!!!,1
R10168,tv 전기세가 아깝다 이게 한쿡 영화의 현실 쯧쯧,0
R10169,결론으로 가기위한 억지 각본....웃기지도않은 씬들....,0
R10170,"삶의 가치에 대한 조명. 변화, 사랑, 이별, 그리고 아름다운 갈무리.",1
R10171,본사람이 많이 없군.. 최고의 영환데..,1
R10172,어우 진짜재민없다 역시 대하드라마광개토태왕 불멸의이순신 대조영이 더재미있다,0
R10173,스토리전개 엉성. 3류액션.킬링타임용도 못됨.,0
R10174,재미만 있구만!!!,1
R10175,thwosk wnfrjfl wjsrork tksEmt,1
R10176,고어영화 베스트10에 들어있길래 기대하고 봤는데.. 실망하고 갑니다... 그다지 잔인하지도않고 그렇다고 내용이 막 스릴넘치고 재밌는것도 아니고,0
R10177,"익숙했다고 느꼈던 모든 것들이 새롭게 다가오고 삶의 끝엔 결국 용서, 이해, 사랑이 남는다는 걸 알게됬습니다.. 참 많이 되돌아보게되는 영화네요..",1
R10178,중간중간 어설픈캐스팅의 배우들의 부족한연기력만 뺏다면 최고의 수작이 될뻔했다.너무나 상업주의속에만 빠진 요즘 영화들속에서 이런 상상력의영화가 필요하다,1
R10179,숨은 명았작이니 머니.. 이해 안간다.. 아 죄수들이 죄수복을 입고 있거나.. 죄수같이 생긴사람들이 많았으면 몰입이 더 잘됬을텐데..이건머 동네 아저씨같이 보이는사람들.. 아주 편한 운동화신을.. 집중이 안됬음,0
R10180,그냥 실화라고 우기기만 하면 페이크다큐가 되는것인가,0
R10181,1점도 아까운... 영화라고 말하는게 부끄러운,0
R10182,덤앤더머 때메 3점준다 .,0
R10183,공포영화 보면서 처음으로 아무런 긴장감없이 잠을 청했습니다.,0
R10184,늦게본게 후회된다ㅡ시간가는줄 모르고봤다평점이 이해가 안된다ㅡ악마는 프라다를 입는다보다 더 재밌게 봤당ㅡ,1
R10185,어떻게 드라마가 이렇게 지루할수있는지.. 별한개도 아깝군,0
R10186,공포도 없고 주제도 없다.,0
R10187,진짜 불쾌하다,0
R10188,ㅋㅋ왜 ㅋㅋ 볼만햇는뎈ㅋ재밋진않고 스케일은 좀 크네 ㅋㅋㅋ,1
R10189,ㄷㅃㅅㅊㅎㄱㅅ,1
R10190,이유없는 비극 전편을 깎아먹는 시나리오 구성,0
R10191,그당시 영화 치고는 잘 만든 영화 ^^,1
R10192,상업성있는 영화는 게닝중 시나가와가 으뜸인가보다,1
R10193,확실하구 멋진 영화 특히 주인공 도현 연기 굿~~,1
R10194,이런 쓰레기도 영화라고~~,0
R10195,꿀잼이야 이영화는...ㅠ,1
R10196,재밋게보고있어요~ 좀더 방송회차를 늘려주세요~텃밭하면 봄이죠~봄까지는 해야한다고생각함.ㅋㅋ,1
R10197,아 시간아깝다.. 남자만 불쌍한 졸작...,0
R10198,"공포,고어물이 평점이원래낮아서..근데 이영화는 진짜 머하나볼께없다.지루함.",0
R10199,기대되요 ! 사다코2 짱,1
R10200,잘생긴 쌍둥이 배우를 위한 억지 시나리오.,0
R10201,달샤벳 출신 비키 때문에 본 영화,0
R10202,오랫만에 봤는데도 항상 재밌네요,1
R10203,잼따잼따 잼따잼따 잼따잼따 잼따잼따,1
R10204,인류역사상 최악의 영화! 최악의 쓰레기!,0
R10205,"실제사건을 배경으로만들어서 화제였구요,약간야하지만재밌네요 애들아화력지원해줘!",1
R10206,이해하기힘든영화.,0
R10207,이제그만질질끌고.막내려주세요.어쩜이렇게답답한드라마가있나싶네요..정말이런글첨올려보네요..민경채는착한게아니고멍청하네요.오히려은희수한테한표주고싶네요..끝내주세요..보고나면짜증이나네요,0
R10208,빠르지 않은 전개 인데.. 지루하지 않을 수 가 있다니.. 놀랍네요,1
R10209,주연 여배우의 연기가 매우 돋보였던 작품임.Piaf라는 인물의 분석과 자신 나름대로의 재창조된 Piaf를 아주 조화롭게 표현함. 영화 전체로는 비련의 주인공으로서의 아픔과 절망이 아닌 희망을 이야기하고 있음. 감독의 드라마틱한 결말도 백미. 강추함.,1
R10210,이영화 왜 만들었을까?,0
R10211,이런게~~~~~시판!!!!!!! 2002년에 이거때매 소개팅망쳤다!!!!!막제대했었는데~~~,0
R10212,잘못 끼워진 시리즈의 첫 단추,0
R10213,올드하다 싶어서 찾아보니 강우석 감독. 옛날 스타일 풀풀 풍기고.. 모든 설정과 대사 연출이 힘이 너무 들어가서 리얼하지 않음. 배우들만 최고.,0
R10214,해피 사이언스라는 사이비 종교의 총재가.....쓴 소설이 원작이라는듯...........부처까지는 그런가보다했다......외계인을 부르는 법.....병맛이 이런거구나했다.,0
R10215,빅뱅앞으로도화이팅!♥,1
R10216,볼만하네머.봐봐ㄱㄱ,0
R10217,세기의 명작 십계 굿굿굿,1
R10218,새벽에 혼자봤는데 진짜 재밌음.. 눈물은 나진않지만 이쁜 감동이있음ㅇㅇ,1
R10219,유딩영호ㅑㅏ,0
R10220,"하이킥 1,2 보다 스토리를 너무못살렸다 그냥...... 한편 한편 웃기는대만 급급했던 드라마",0
R10221,21c최고 명작...,1
R10222,"외국배우는 모조리 3류배우로 연기꽝,스토리꽝~",0
R10223,뚱뗑이만 아니었드라면 아무 문제 없었을 텐데,1
R10224,기괴하고 불편함은 여전히 유효하지만 눈을 뗄 수 없는 영화.,1
R10225,그닥 추천하고 싶지 않은 영화,0
R10226,나는 군대의 추억을 좋아한다... 좋은기억 나쁜기억 모두 다... 그리고 이 영화는 그 추억의 일부다,1
R10227,마음이 너무나도 아팠다...우리나라 독립투사들의 마음도 이와같았을것이다..,1
R10228,상의군이에 대한 정부와 사회의 무지와 무관심을 표출한 슬픈영화,1
R10229,지금 보려고 생각한다면 다시 생각해라.,0
R10230,ㅇ,1
R10231,도대체 무슨소리냐고 .. ㅠㅠ,0
R10232,강원도 웨스턴!! 재능있는 장르감독의 탄생!!,1
R10233,프레데터 시리즈는 구관이 명관이란 얘기가 딱 들어맞는다,0
R10234,이건 진짜 완전 내생에 명작으로꼽음,1
R10235,재밌게 잘봤네요!! 대박,1
R10236,이건 진짜 하다하다 감독도포기했나보다 막판에 존나웃김ㅋㅋㅋ 악마가 gta,0
R10237,심형래씨는 답이 없는거 같네 ㅋㅋ,0
R10238,신비하기 보다는 다소 괴기스러운 이야기.,0
R10239,.......코미디엿다ㅋㅋㅋㅋㅋㅋㅋ,0
R10240,"죽음 앞에 인간은 무엇인가. 떠나지 않는 의미, 그리고 영화.",1
R10241,"관객의 무한한 상상력과 그로인한 다양한 재해석들을 뽑아낼 수 있다는 점은 간과할 순 없을 것이다.작품이란 말하고자 하는 작가의 의도도 포함되지만,그 작품을 보고 감상하는 사람들의 상상과 호기심이 더욱 중효하다. 때문에 에반게리온은 최고의 작품이다.",1
R10242,진짜 킹왕짱이엿어염^^^^^,1
R10243,결국 해피엔딩~~~,1
R10244,비디오테잎 갖고 있는데요,1
R10245,울었다 ㅇㅂ 유뷰유뷰..,1
R10246,전 책으로 읽었는데 진짜 재밌어여,0
R10247,"올해 최악의 영화, 정체성이 혼미하다",0
R10248,드라마도 재밌고 무엇보다 강대성 짱♡♡♡♡♡♡♡♡♡♡,1
R10249,소유진의 발견밖엔..,0
R10250,음식이 너무 귀엽고 ^^ 바람직한 교훈도 녹아있는거 같아서 애들이 보면 좋을거같네요,1
R10251,<라이온 킹>의 껍데기에 드림웍스 식 유머 욱여넣기.,0
R10252,감동이다.,1
R10253,흥행에선 실패했지만 한국영화의 스릴러 장르를 한단계 높인 비운의 걸작,1
R10254,"권태로운 삶을 한바탕 뒤흔든 욕정, 집착, 질투, 광기. 그러나 그에겐 사랑이었다.",1
R10255,소시적 tv에서 꽤 재미있게 본 기억,1
R10256,정말 많은 장면을 묘사하지도 않으면서 이렇게 긴장감을 고조시키는게 놀랍다.. 사이코패스 여자가 종이 사러갈때 폴이 집안 둘러볼때가 제일 두근했던순간.. 지나친 집착은 해가된다는 교훈도 얻었다..,1
R10257,3년전에 봤지만.. 아직도 내 마음속에 상처로 남아있다..,0
R10258,대한민국 영화 정말 실망스럽네요. 딱 3점짜리 영화입니다. 정말 재미없습니다.,0
R10259,넘넘재밌게봤던기억대사들도주옥같고,1
R10260,-_-..진짜지루하다 시간낭비 ;; 내시간돌려줭,0
R10261,애꿎은 엄마는 왜 죽는지 희생은 개뿔 그럴듯 포장하지마,0
R10262,근데 막판에 왠 로봇이지 ㅋㅋ,1
R10263,고만고만 애니.,0
R10264,여러가지 생각을 하게하는 그런 영화. 그리고 존 말코비치!,1
R10265,포스터하고 포토만보고 카레 헤레브란트가 뱀파이어 소녀인줄 알았는데 아니였다 ㅠㅠ.. 영화는 최고였습니다..,1
R10266,아직도 피날레의 여운이 가시질 않는다.,1
R10267,그들이 있어......,1
R10268,"Erika Eleniak 노출신은 10점! / 92년에 재미있게 본 1人이나, 다시보니 엉성하다.",0
R10269,아무리 애들용 영화라지만 이건좀 아니잖아 ..,0
R10270,하트투하트도그렇고 연기를 잘해요.,1
R10271,여주인공이 졑같이도 못생길 수도 있다는 걸 알게 해준 영화. 제발 다른 영화에서 마주치는 일이 없길...영화는 무난했고 평점 7~8점 정도의 영화라고 생각 됨. 근데 여주인공이 졑 보다도 못생겨서 1점,0
R10272,1개도 아깝다.볼때마다 얼마나 더 재미없어질까 싶음,0
R10273,이걸 보면 시간 낭비와 내가 왜 봤을까 하는 후회만 남는 망작!!!,0
R10274,"이런,,,개..십이야~~~!!",0
R10275,"두 명배우, 시나리오까지, 최고",1
R10276,역대급 쓰레기,0
R10277,우리 초등학교다!,1
R10278,"각본부터 연기, 연출까지 조금씩 부족한 이 영화는 네이밍부터 부적절.실제 현실이 그렇다 하더라도,꼭 개연성 측면이 아니더라도, 적어도 이런 부류의 영화라면 미친듯이 사랑에 빠지게 되는 과정은 더 강렬한 동인이 있어야 했다.맥빠진 TV드라마 보는 느낌.",0
R10279,구지성이 백내장 걸린 와오라니 족장 역할로 나오네요. 혼자 허벅지를 쓰다듬으며... 절대 관객들을 놀라게 하면 안돼!,0
R10280,어이없음과 분노가 치밀어오른다.평점 마이너스 무한대의가치.돈주고봤음 어우ㅠㅠㅠ,0
R10281,너무 재밌어요ㅎㅎㅎㅎㅎㅎㅎㅎㅎㅎ아웃겨...감독님 진짜 디테일하세요!,1
R10282,은밀한건 둘째치고 일단 매력이 없다,0
R10283,재밌다 역시 올드보이!,1
R10284,뜨겁지는 않아도 진하게 녹아든다. 포레스트 휘태거. 정말 멋진 배우다,1
R10285,인도 영화에 대한 편견을 깨 준 영화. 기대 이상이었다.,1
R10286,주인공 여자애 정말 이기적인 애인듯.. 정말 개주인들하고 똑같네.. 자기가 좋으면 모든것이 용납되는 뻔뻔함의 극치..,0
R10287,주제가만 좋다 ~~~~~~~,0
R10288,홍금보는 홍콩영화 역사상 최고의 무술감독,1
R10289,징글징글한 삶 그 안에서도 쓸쓸한 희망을 담고 있는 인생의 이야기입니다..,1
R10290,거창한제목 별볼일없는 영화.,0
R10291,장근석 완전 짱!!!!><,1
R10292,오유에서 왔습니다. 슈퍼즈니어OOO!에험,0
R10293,보지 않은 사람은 모른다^^ 우리 동네 비디오방에 아직 생존해 있는..,1
R10294,이 영화 더빙한 한국성우들이 아깝다 쿵푸팬더 랑 다를게 하나없다 물론 쿵푸팬더가 훨씬 대작이고 퀄리티나 스토리면에서 몇수위다,0
R10295,제가 어릴적 순수할때 봐서 그런지 항상 기억하게 되는 영화입니다,1
R10296,삼천포믿고 봤는데...내인생 최고의 뒤통수영화,0
R10297,여자들은 남자들의 저런 마음을 죽을 때까지 절대 알 수도 없고 이해 할 수도 없는 영화... 오로지 남자들만이 알 수 있는 영화,1
R10298,와 진짜 개잼잇음,1
R10299,10번도 넘게 본 것 같다.,1
R10300,이래서 잡영화는 보면안되..시간아깝다..,0
R10301,의지가업어서,0
R10302,라라피포들이 저만의 방식으로 성을 다루며 살아간다. 비록 더럽고 하찮을 지라도....,1
R10303,"너무나 급전개가 많고 중간에 빼먹은것도 많고... 안만드는게 차라리 나았다. 그 많은 스토리를 다 집어넣어서 망작이됨. 얼굴도 성우도 맘에 별로 안와닿고, 차라리 오리지날스토리를 넣었으면 더 낫지 않았을까...",0
R10304,완소 패트릭제인 ㅋㅋ,1
R10305,기대했던 드라마였는데 너무 재미있네요~ 연기들도 다들 잘하시구요..,1
R10306,거칠고 익숙하다.,0
R10307,10년전에봤던영화 또보고싶다...진짜,1
R10308,"평점이 왜이리 높냐... -,.-;; 어설픈 데드캠프라 생각하고 봤음...",0
R10309,지금까지 개봉된 애니영화중 5위안에 들어감 점수는 당연10 7점이하는 뭐하는사람이지? 공감을 못하는가 점수주는거 이해를 못하는가??,1
R10310,성대현 딸 그만 나왔으면 좋겠어요 저번에 스피드퀴즈할때 소리지르는거보고 너무놀랬어요 버릇도 너무없고 매번 울고 그럴때면 그냥바로 다른데 돌림 ㅠㅠ,0
R10311,0.5점은 뭣도모르고 연기한 배우 나머지 0.5점은 고생한 스태프. OOO기 영화,0
R10312,이거 정말 좋습니다.,1
R10313,"뛰는놈 위에 나는놈,,,;;; ㄷㄷ 영화 긴장감 굿., 미친 이슬람 놈들 ;;;",1
R10314,대한민국에서 줄 잘타서 댄스가수 출신 대표들 과연 음악을 아는지 아쉽습니다,0
R10315,내인생 최고의 영화였음진짜 섬세한 감정표현과 마지막 팬텀의울음섞인 노래소리가 너무 감동적이었고돈주앙의 승리에서의 팬텀은 영화내 최고로 섹시하고환상적이었음....제라드 버틀러 짱짱맨♥♥♥♥,1
R10316,"희석되지 못한 상처를 안고사는 존재들에게 있어, 세상에 들리는 수많은 말과 소리들은 어쩌면 이 영화처럼 아무 의미없는 무음의 연속과도 같은 것일지도. 그 무의미한 소리와 삶 속에서 다시 의미를 찾을 수 있는 길은 무엇일까",1
R10317,정말 사랑스럽고 귀여운 영화 원영의 너무 귀여움,1
R10318,까메오 같은 다람쥐의 비중이 50%를 넘는다!!,1
R10319,차에 대한 이야기는 없고 MC는 지들끼리 웃고 떠들고.. 이러니 훨씬 유익한 더벙커로 옮기는거지.. 제작진은 정신 좀차려라.. 게스트들도 눈요기용들.. ㅉㅉㅉ,0
R10320,거짓말 조금 보태서 어릴때 이거 50번이상 봤음 ㅋㅋ 완전 그당시 최고 재밌는 영화,1
R10321,무섭긴무서웠음 근데내용이참;;이해도안되고 억지스토리;; 내가좋아하는배우들이나왔다는게 안타까움...ㅋ,0
R10322,밑도 끝도 없지만 05년이면 선전한건가 출연진이 화려해서 3점 + 윤소이 예뻐서 1점+,0
R10323,"아이고, 넘 진부하셔서 도저히 봐 드릴수가 없네요.",0
R10324,학창시절에 가졌던 열등감폭발과 개인감정으로 검사가 되어 표적수사하는 전형적인 검사욕먹이는 영화,0
R10325,재밋구만..사람취향따라 다를수도잇겟지만 좋앗다난,1
R10326,쩔어....연기,1
R10327,ㅅㅂ 욕뿐이 안나오네...,0
R10328,ㅉㅉ 라호범 ㅗㅗㅗ죽일넘이네 ㅗㅗㅗ 더럽고 쓰레기가튼넘,0
R10329,이런걸 영화라고 만들다니...,0
R10330,타인의 생에 함부로 첨언하지 않기.,1
R10331,이거 드림웍스 허가는 맡았을까?,0
R10332,67년도에 이 정도의 영화를 만들었다니!!,1
R10333,최고의 판타지 영화ㅎㅎ,1
R10334,베니니 이거하고나서 최악의남우주연상;;;베니니봐서2점,0
R10335,김승우 주연의 영화는 대부분 재미없다고 봐도 무방함. 솔직히 홍상수 감독 영화에 고현정 출연 한다 길래 혹시나 해서 봤음. 그냥 지루함,0
R10336,햐! 이게 놀란의 다크나이트 트릴로지를 탄생시킨그 희대의 망작인가? 너무 성스러워서 눈이 녹아버릴것같아!,0
R10337,감독귀신들렷냐????....,0
R10338,심심하고 무료하다.,0
R10339,전형적인 일본식 엽기 괴짜 코메디. 그 특이함에 끌리는건 왜지,0
R10340,이 영화는 실제작전을 100% 구현하지 못했다. 긴장감도 떨어지고 사실성도 떨어진다.,0
R10341,인내심 기르는데 좋은 영화인것같다 끌까말까 보는 내내 고민했고 참아냈다,0
R10342,27분 찍으려면 얼마나 걸림??,0
R10343,이거 내가어릴때보던거다ㅠㅠㅠㅠㅠㅠㅠㅠ아휴반가와라 맨날비디오가게가면 항상이거골랐는데,1
R10344,"가정폭력 피해아동, 불법체류 외국인 노동자, 성 소수자. 모두 이 사회에 생존하는 소수자들의 모습을 한꺼번에 보게 한다.",1
R10345,평점보고 어렵게 찾아서 봤는데 정말 넘하네~알바 평점 맞는듯~폴워커 최악의 영화!!,0
R10346,기대안하는 이유는 드라마봤는데 스토리가 왔다갔다하니까 짜증나,0
R10347,잔잔하면서도 재미있다. 공감되는 부분도 꽤 있구나 일본의 가정과 말이다.,1
R10348,저번시리즈도 좋았는데 이번에도 꿀잼ㅋ,1
R10349,진짜 명작,1
R10350,모피너무많이입고나와 불쾌함,0
R10351,열라구 재미없네,0
R10352,미친 이게 왜 재밌어?;; 시간낭비임 내가 지금까지 본 마블영화중 가장 최악이였음 러브스토리 낑겨있는것도 존내 이상하고 퀄러티만 좋은 B급영화;;; 톰 히들스턴때문에 억지로 참아서 봄,0
R10353,짐승만도 못한 늙은 알콜중독자 아버지를 둔 소년과 불안정한 조의 위태한 일상과 우정.. 너무 어둡고 지루하도 우울할까봐 시청을 미뤄왔다가 봤는데 몰입감 좋고 어른을 위한 동화같은 이야기네요.,1
R10354,병맛이지만 재밌어요,1
R10355,좋다. 다만 전체샷을 잡았으면 싶을때 부분샷을 잡으니...가서보는게 가장좋겠지만 차선책으로 그만하면됐다,1
R10356,10점이다. 그냥 10점 주고싶다.,1
R10357,아 젠장 궁금해서 끝까지 봤는데... 뭥미...,0
R10358,화서에서온 여자 금성에서 온 남자,1
R10359,크흠...,0
R10360,서로 다른 동상이몽을 꿈꾸던 그들의 복잡미묘한 관계...결혼을 하던지 말던지...진심이 아니면 모두 불행...도대체 뭘 말하는려는 영화인지 모르겠다...재미도 없고,0
R10361,남는게전혀없고 찝찝하기만한 그냥3류,0
R10362,오오생각보다재미도 있고 준면오빠랑 은지언니 목소리 잘맞아서 잘보고왔네요!,1
R10363,"지나치게 폭력적, 대사의 절반이 욕설, 알 파치노의 연기는 좋았지만 개인적으로 매력을 느낄수 없는 캐릭터, 듣기 싫은 발음은 어쩔수 없다.",0
R10364,바보들은 좀 이거 보고서 깨달아라.,1
R10365,평점이 너무 낮아서 기대안했는데 기분좋은영화였어용ㅋㅋㅋㅋ,1
R10366,헐..이정도평점의 영화는 아닌데...;귀엽고 사랑스러운 무난한로맨스정도?~,1
R10367,나름 잼있는데 평점이 왜 이따구,1
R10368,결말멍미ㅋㅋㅋㅋ이도아니고저도아닌,0
R10369,그림이 예쁘네요 재미 있네요,1
R10370,정말 굿~말이 필요 읍다 커플 영화,1
R10371,여러의미로 눈물이 핑 도는 정말 최고의 영화.,1
R10372,"똑같은 유치한개그,똑같은 만화액션,여전히 스타일리쉬하다.좀아쉽긴하네",1
R10373,햄버거 먹으면서 영화 봤는데 머 이런 개같은,0
R10374,90년대 홍콩 느와르 못지 않은 분위기와 비장미가 있는데~ 평점이 왜이래 낮을까ㅠㅠ,1
R10375,정말 후회하지 않으리라.,1
R10376,"최근 본 영화중에 가장 좋았다.내용은 약간 뻔하지만,연출 등에 점수를 주고 싶음",1
R10377,아무 것도 남는 게 없는 영화.,0
R10378,최고다 진짜,1
R10379,꼭 만화책으로 보세요 하여간 영화화시키는건 다 재미가없다,0
R10380,난잡하고 개연성이 떨어진다,0
R10381,노답쓰레기영화. 람보를 동양판 C급으로 다운그레이드한 영화를 보고싶다면 이걸 봐라,0
R10382,한국에서만 유독 거품이 심한 영화. 신선하긴 하지만 스토리가 허술하고 전개도 별게없다. 별생각없이 보는 오락 영화로 적당함. 8점 정도지만 거품 빼야겠다 싶어서 1점.,0
R10383,헐리우드 진출작 중 단연 최고,1
R10384,쓰레기 같은 3류 영화..,0
R10385,쿠리야마 치아키 예뻐서 2점. ... 영화 설정은 뭐라 할말이 없네요.,0
R10386,"이건 여성우월주의가 아니라, 성별이 갖는 이미지 차이의 요소를 적절히 쓴 영화인듯.평점에 여성우월주의라느니 해서 봤는데.. 그런 느낌은 하나도 못받았음. 어...진짜 별 내용도 없고 스토리도 별로 였지만 중간중간 웃긴거 있었고 배우 좋아하니까..흠..",0
R10387,천재적인 예술가에게 영향을 주는 뮤즈는 항상 존재하는듯,1
R10388,이영화 좀봅시다,1
R10389,"아름다운 영상으로 포장된 불륜극, 전개도 너무 느리다",0
R10390,차키는 함부로 주지도 받지도 말아야지 술쳐먹었을땐 택시를 이용하자,1
R10391,놓치면 후회하는 드라마... 그만큼 진짜 재밌고 많은걸 생각해볼 수 있게됨...,1
R10392,이 계절에 딱 맞는 영화다,1
R10393,한국판으로 넘어오면서 이름이 잘못매겨진 탓에 그런 선입견이 생겼던것 같다.,1
R10394,007시리즈중에 뷰투어킬이랑 살인면허가 최고인거같다..,1
R10395,청춘예찬. 야한장면보다 그들의 아름다운 고뇌에 집중해보자,1
R10396,마지막 장면이 왜 이렇게 가슴이 아플까요...,1
R10397,역시 충분히 믿고 볼만한 배우들이네요. 정말로 재밌어요.,1
R10398,예술을 얘기하기엔 너무 벗은듯했다.,0
R10399,이건 아닙니다. 절대로 보지마세요 웬만하면..,0
R10400,확실히 덱스터 이미지가 무척이나 강해서 나레이션을 들을땐 오늘도 아버지 해리랑 파티사냥인줄,1
R10401,알제리는 결국 독립하지만 내전으로 빠져들게 된다.,1
R10402,애들두 별루 재미없어했어요,0
R10403,연출이 조금 나아지겠지 생각하며 보고 있는데 후반부로 갈 수록 초등학생 드라마처럼 재미가 없습니다.,0
R10404,맨 첫부분만 보고 단순히 야한 영환줄 알았는데 정말 느끼는 점이 넘 많네요 ㅠㅠ,1
R10405,솔직히 내 취향에 직격. 2014년 최고의 영화였다. 여배우도 아니고 우둘투둘한 괴수의 전신노출을 보기 위해 한 시간 넘게 침을 꼴깍 삼키는 참신한 경험을 해 보았다.,1
R10406,돈뿐만 아니라.. 시간도 아깝다.. 절대보지마라...ㅋ,0
R10407,지금 보고 있는데 나름 재미있네요우연히 오진을 선고 받는 주인공과 사랑이와의사랑 그리고 인물의 재발견^ ^재밋답니다,1
R10408,"재밌습니다 ^^ 개인적으로 썸띵, 브로디 홧팅!!!!",1
R10409,불륜영화치고는 괜찮은 편,0
R10410,말이 필요없다~ 수작!!,1
R10411,만점을 줘도 아깝지않은 영화,1
R10412,걍 쩐다 ....!!!,1
R10413,워쇼스키 남매의 영화라서 찾아 봤지만 이 영화는 나랑 안 맞는 듯.,0
R10414,경이로울 정도로 환상적인 실사와 애니메이션과의 만남!!,1
R10415,참신한 배경이지만 이야기의 개연성은 뜬금없다. 저 멀리 터널 속에 묻어버려야 한다.,0
R10416,와...저런 찌질한 남자에게도 여자가 관심을 갖는다는거에 희망을 갖는다 쩝,0
R10417,이영화ㅛㄹ마.그건가여,0
R10418,"극장에서 너가 개봉할줄은 꿈에도 몰랏다.,,",0
R10419,5점도 후하다.,0
R10420,이 영화 욕하지마라 니들은 이런 도전이라도 해보았느냐;;,1
R10421,견자단 영화.완벽한 액션을 겸비했다.이대로 엽문3까지 나아가자.,1
R10422,ㅅㅂ 야한거 아니잖아 속았네!!,0
R10423,개인적으로 약간 질립니다... 소문보다는 못하네요,0
R10424,불면의 밤 첫날의 피날레를 멋지게 마무리시켰다.,1
R10425,이건 뭐 인간이 할 수 있을까 싶은걸 별 다른 안전장치도없이 해내다니 담력이 세다 해야할지...천부적인 무도가라 해야할지...최고의 엔터테이너라 해야할지 참 그저 놀라운 장면들의 연속...캬 이런 액션 앞으로 해낼 배우없겠지~,1
R10426,"의외로 어머니로부터 정서적으로 독립하지 못한, 남자들 많다.",1
R10427,잔잔하고 친근감 있고 .. 부모님 꼭 보여드리고 싶어요 :),1
R10428,"초반엔 둘의 사랑에 가슴이 뛰었지만.. 갈수록 찝찝해지는,,",1
R10429,너무 귀여운 아기천사와 가족... 판타스틱한 가족영화,1
R10430,낚시바늘을 입에 삼키는 장면에서 1점 부여!!,0
R10431,"오지명선생님, 어찌하여 이런 작품을...",0
R10432,재미없다 그리고 윤후 오늘 공 발에안맞았는데 맞았다고 거짓말했음ㅉㅉ 꼴보기시름 그리고 김규원은 가만히있을거면서 왜 나와? 너무 어린애 섭외했음. 맨날 자기만하고,0
R10433,오로지 파격적으로 만들어 내야겠다는 알수없는 고집이 마치 막장 아침 드라마 수준의 참사를 만들었다. 최악은 너무 가짜인게 티나는 섹스 장면,0
R10434,음악도 너무 좋았고 일렉트라는 너무 매력적이었다.이 영화 후속편이 안나오는게 이해가 안간다. 헐리우드에서 이런 작품을 왜 놔두는건지...,1
R10435,뭔가.생가하게 만드는영회같습니다..,1
R10436,보기 드문 걸작!긴 시간 동안 지루함없이 몰입됨.유럽 역사 이해에도 큰 도움이 됨.,1
R10437,학교에서 체육쌤이 보여주심ㅋㅋㅋ재밌었음ㅋㅋ,1
R10438,11살때 주말의영화에서 본거 기억난다 ㅋㅋ 근데 다시보니까 진짜 재미있네 ㅋㅋ,1
R10439,1편 굿..2편 볼만함..3편 지루 ㅡㅡ;;,0
R10440,최고의 재료를 가졌지만 그걸 활용할줄 모른다면 아무소용없다주제만 좋았지 발단부터 시작해서 절정 결말 하나부터 열까지 싸그리 개 쓰레기다.,0
R10441,친구랑 갔다가 민망해서 나왔다..꼭...그래야만 하는 걸까;;;;;;,0
R10442,망작맞네. 드라고가 링에서 반칙쓰면서 싸운것도 아닌데 록키랑 똑같이 주먹날리면서 싸우는데 소련국민들이 왜 갑자기 록키의 투지에 반해서 록키를 응원하냐 말도안된다 막판 소련고위층이 기립박수치는거 압권이네. 왜 최악의감독상과 최악의 음악상인지 이해감,0
R10443,왜 개봉했을까 ㅋㅋㅋ 글고 평점이 높은 이유가 뭐지?,0
R10444,처음부터 끝까지 긴장감을 놓을수가 없네요,1
R10445,"클레이 에니메이션으로 정말 걸작하나 만든거 같음, 최고임! 어떻게 이렇게 스토리도 튼튼하고 잘만들었을까..?",1
R10446,I'm you father~ 근데 손모가지는 왜 잘랐니? 탄소봉인된 불쌍한 한솔로,1
R10447,공포가 무섭지 않다면 겜 끝난거,0
R10448,제가 이해력이 나쁜건진 몰라도 전 3라운드부터 이해가 쭉 안됬음,0
R10449,급하게마무리짓는거빼곤 엄태웅연기쩔음 김민준도멋잇고,1
R10450,"공포영화 보면서 잠자보긴 첨이네.. 내용이 그렇듯,, 공포의 현장에서 일어나는 사건들이 지지부지하고 시간이나 때우려는 듯한 느낌였음~ 결국 아무 느낌도 없이 뭥미만 찾다가 퇴실..",0
R10451,최고의 영화 마크다가스코스의 현란한 발차기.. 압권입니다.,1
R10452,우연으로 이어지는 명작 영화.,1
R10453,장난하냐 무슨 남자가 잘걷지도 못하는 여자에게 쳐맞고있냐ㅋㅋㅋ 이영화 코믹도 조금있다 ㅋㅋ 코믹스릴러?,0
R10454,우리가 처했으면 했을 여러 행동들이 공감이 많이 간다,1
R10455,일을 하면 돈이라도 벌지.,0
R10456,필립 진짜 쓰레기같애ㅠㅠ,0
R10457,이건 말이필요없다. 단점이 없다. 왜 2015년에 개봉한 어벤져스랑 1991년에 개봉한 터미네이터를 비교하는데 터미네이터가 훨신 좋은 것인가,1
R10458,기대않고 봤다가 끝까지 지켜봤네요... 좋아요~~^^,1
R10459,"소름돋는 영화, 할 말이 없습니다....",1
R10460,헐... 죄송합니다 이건 아니네여,0
R10461,별점 줄 가치도 없다 차라리 그따위로 더빙질 할거면 자막만 넣어서 내보내던가 멀쩡한 성우 놔두고 개그맨을 왜쓰냐??,0
R10462,무섭다....이건 오페라의 유령보다 프레데터,0
R10463,참나..내인생 최악의 영화감상 베스트에 들어감.,0
R10464,좋은 영환데.. 너무 모범답안대로 흘러가니 진부하다.,0
R10465,포장쩌네.일본AV배우 70%가 자발적으로 찾아와 AV시켜달라고 아우성 치는 판국인데,0
R10466,전편의 졸작이다,0
R10467,최고의영화 별기대없이 봤지만...,1
R10468,"아니,, 포르노네.. 반담 나오는 영화중에 이런 것도 있었구나... 여자 노출만 아니었으면 7점은 줬을 시나리오다.",0
R10469,죽기전까지 이 두 연기거장의 팬으로남겠다,1
R10470,"진짜사랑이다,짱이다",1
R10471,몇 번을 우려낸건지 분간도 안가는 맛없는 곰탕.,0
R10472,첫번째 랜턴의 분노와 레거시를 보고 오니 이 영화에 대한 분노가 더욱 차오른다. 도대체 무슨 생각으로 이 영화를 만들었는지 모르겠다.,0
R10473,그래도 김지현때문에 참 많이봣다,1
R10474,코로나도 = 더하우스오브데드.. 정말.. 울고싶어라..,0
R10475,전설의 ㅈㄴ 조쿤~!~~!,1
R10476,주연배우들은 좀 낮설지만 완전대박이네요..레이싱종류영화거의많이봤는데 다들 아슬아슬어마어마..가슴후련..저도여자치곤 질주를즐기는편이라..ㅋㅋㅋ,1
R10477,X맨 3편이 망쳐놓은 스토리를 살려놓았고 X맨 시리즈 중 제일 재밌는 편 근데 매그니토 헬맷은 여전히 촌스럽다,1
R10478,이렇게 거창한 제목이라니.,0
R10479,재밌는데 평점 왜이러지 ㅋㅋ,1
R10480,이해하고싶다....,0
R10481,이건 도대체 몇 살 이하가 봐야지 재밌게 느낄수 있는걸까?,0
R10482,몽환에 의지하지 않고 기괴함은 살려둔 이야기 있는 린치의 영화,1
R10483,깜놀이 아닌 이런게 진정한 공포다,1
R10484,엄청 웃기다.,1
R10485,똥이나 시원하게 싸라.,0
R10486,초반 10분이 전부다..젠장 ㅋ,0
R10487,완전 심오한 영화....내용이해가 너무 어려워요.....,0
R10488,되게 공감되는내용도있고 와닿아서 재밌게봤어요. 박진주누나 이뻐요.,1
R10489,재미없고 어이없고 난잡함의 극치. 그냥 쓰레기,0
R10490,정말 감명깊고 재밌는 영화였다.김상경 너무 멋져.,1
R10491,good★,1
R10492,본지 오래되었지만 좋은 소재와 스토리인 것 같은데 허접한 CG와 연기가 말아 먹음. 보고나서 왠지 기분이 좋지 않음. 신은경도 영화와 인연은 없는 듯,0
R10493,정말 역사에 남을 명작이다 이 영화를 안봤다면 불쌍한 인간이다!,1
R10494,상상력을 자극하는 실화,1
R10495,예상외로 참신하고 재밌네요,1
R10496,공유가 무슨 슈퍼맨인줄 경찰 몇명이 총쏴도 맞지 않는걸 보고 아무리 액션씬을 잘 소화한 공유지만 몰입감 제로,0
R10497,진짜재미없다 영화관 가서 돈주고 봤으면 감독 ㅆㄷㄱ 때리고 싶었을것 ㅡ 포인트4000점 주고받은게 배가아프다 공짜로보라해도 안봄 돈낭비 시간낭비 각본 연출이60~70년대급 ㅡ배우들 약먹고 덜떨어진듯 연출해놓음. 이걸미스테리라고 연출한게 미스테리임,0
R10498,아왜 평점이따구야-0- 더못올려? 얼마나 대단한 작품인가... 정말 이것은 음악을 사랑하고 일본에 대해 관심이 잇는사람이라면 누구든지 감동먹엇을거다 그리고 음악하면 거의가 아는 마키느님까지 나온영화야 근데 감히 마키느님과 키스를해? 그것땜에 9점줌,1
R10499,어디에서 웃어야 된단말이냐,0
R10500,시걸형님 힘내세요 ㅋㅋ,0
R10501,이누이트女(카날라)와의 인간애. 좋은 배경과 잔잔한 생존본능?,1
R10502,영화는 3점인것 같네요..,0
R10503,호텔킹너무재미있어요^^,1
R10504,우연히 고른 영화였는데 참 좋은 선택이었구나..생각하게 해주었습니다. 책으로도 다시 읽어봐야 되겠죠?,1
R10505,지금까지 본 영화 중에 최고로 재밋다ㅋㅋㅋ짐캐리 대박,1
R10506,살면서 꼭 봐야할 영화중 하나가 될것 같습니다...,1
R10507,남자가 보면 부럽다란 말 밖에 할말이 없음....재밌네,1
R10508,너무 늘어지지 않았나?? 너무 저 예산영화 이지 않았나??,0
R10509,"대부분 가볍게 킬링타임용으로 보기 좋다는 평이라 의외네요. 단순히 킬링타임용은 아닌거 같고, 주인공의 환경이 던지는 메시지가 있는 영화인거 같습니다. 정말 괜찮은 영화입니다. 추천~",1
R10510,나라면 저 관심병사를 징계줬을텐데.. 정작 사고는 저놈이 친거자나,1
R10511,어트케잘~다듬으면좋은영화가될텐데.많이 아쉬운영화~~,0
R10512,우와 진짜 재미없다.,0
R10513,으이구 오따꾸들 혐한애니 잘 봣나,0
R10514,안타깝다...냐용이 끝으로 갈수록,0
R10515,사람도 아닌 원숭이한테 반함,1
R10516,나쁘진 않았다 허나 영화속의 분위기들이 내용과 너무 어울리지 않는다,0
R10517,최악의 졸작 중 하나로 손꼽히는 작품,0
R10518,아이들너무이쁘다ㅎㅎ~,1
R10519,감동적인 영화였다 서너번씩봐도..,1
R10520,학교에서 보면 재밌습니다 황당하닌까요 ㅋㅋㅋㅋ,0
R10521,생각보다 평점 높네.. 참 지루하게 봤는데.,0
R10522,별 없는건할수없나 1점도아까움,0
R10523,"좋은 영화지만, 당시 한국영화들이 울고불고하는 것은 어쩔 수 없는 필수였는가.",1
R10524,솔직히 2는 망작이다; 1에서 끝냈어야했을텐데,0
R10525,내 영화 최고로 꼽을 수 있는 작품,1
R10526,"솔직히 스토리의 흐름은 좀 엉성 했지만, 주연 배우의 연기에 만점 줍니다",1
R10527,코믹 호러용치고 수작인데 평점 너무 낮다,1
R10528,훈훈하닷,1
R10529,재밋다 고양이 뚱뚱햌ㅋㅋㅋ,1
R10530,깨달음을 얻게 되네요^^v,1
R10531,TV판과 DVD판 엔딩이 조금 다르다 DVD판 마지막 유키호의 미소의 의미는 뭘까? 섬짓..,1
R10532,"너무 어려워서 환장할 지경.. 나는 정말 ""아무것도"" 보지 못했다",0
R10533,15년만에 다시봤는데 어릴때와 지금 보고 느끼는게 다르다.,1
R10534,갠적으로 감독의 연출이 상당히 마음에 들었다. 포커스가 말리(반려견)중심이 아닌 여느 평범한 가정을 들여다 보듯 자연스레 어우러지는 전개가 꼭 우리집을 보는 듯한 편한 느낌으로 다가왔다...반려견과 함께하는 가정이라면 정말 공감 할 내용입니다^^,1
R10535,이정도면 정말 잘 만들었다 이런 블록버스터 영화가 성공하지 못한점이 안타깝지만 그래도 재밌었다,1
R10536,알렉산드라 마리아 라롸의 착한 마음과 그보다 착한 몸매.,1
R10537,잔인한게15세...,0
R10538,the movie of plastic surgery is always boring,0
R10539,고창석 외에 연기가 왜이래... ㅠㅠ,0
R10540,소피마르소 넘매력적이네요,1
R10541,코미디와 로맨스의 절묘한 만남. 둘 다 만족스럽다.,1
R10542,쉣더뻑 옛날에 본 기억이 있어서 다시봤는데 이건좀 아닌듯하다 평점이 낮은 이유가있네,0
R10543,진짜 늙어 버린 그들. 보고 있는 나도 늙어 버린 기분.,0
R10544,완전 잼 있당~~,1
R10545,모든 과정은 합법적이었다. 모르는 사람은 당하는 것이고 아는사람은 이기는 것입니다. 모르는 것을 무지한것을 분통해 해야지.. 왜 결과를 걸고넘어지는 걸까..,0
R10546,어색한 더빙. 제발 성우 좀 써라.,0
R10547,초딩때보고 고딩되서본지금느낌이 다르다.1.풍경이 역시나 아름답다. 2.주인공의표정이 부담스럽기는 하지만 길을 일직선으로 걷는 모습은 부럽다. 3.영국인인 것 같은 데 나둬 라는 경비?의 말을 이해할 수 있게 되었다. 4.주제가 따스하다.,1
R10548,이걸로 2.22될려나,0
R10549,평점 조작된건가..이거 말이 안되는데 연기들 왜이렇게 못해,0
R10550,너무 감동적입니다 희망..!,1
R10551,이기광사랑해요진ㄴ짜ㅠㅠㅠ♥,1
R10552,"장길산, 내용은 잘 모르겠는데,감독, 카매라,음향,수정 완전 쓰래기급",0
R10553,한 편의 극 같았던 영화. 진정한감동은 눈물쥐어짜내기가 아니라는걸 보여준 천재감독,1
R10554,김구라 진짜 말좀 가려서 해야할듯;;; 박찬호얘기는 거기서왜꺼내냐,0
R10555,나는 당신을 필요로 하지않소..왜요?가질수없으니까..,1
R10556,잼씀말이필요없음진짜,1
R10557,기술이 발전해서 4d를 아이맥스나 돌비아트모스로 볼 수 있는 날이 온다면 이 시리즈를 가장 먼저 보고싶다.,1
R10558,여기 알바몬인가요~~ 단기 알바들의 성지인듯 / 이 영화이야기는 걍 한마디만 할께요 아직도 이런거 만드는 분은 정말 대단하심 투자를 어떻게 받았나요 대단대단 초딩 스토리에 발연기들 그리고 갓배운 아마추어 캠코더구준 화면구성과 연출력 이어지는 발편집 ㅋ,0
R10559,감독이 주는 메시지가 이해가 안가네 군대문제는 결국 고문관 때문이라는 얘기인가? 조직적인 문제를 파헤칠 생각은 않고 그저 손쉬운 먹잇감을 찾아서 니탓이야 하면 끝나는.. 종북타령하는 모 정당이 생각나네,0
R10560,";;..뭐라할수가없네요,.,.그냥 노래제목도 이상했음 진짜,.,흠,.,.,연기도;;...",0
R10561,재밌다 ㅋㅋ 오래 전에 봤지만,1
R10562,그냥,1
R10563,OOO기영화 쓰레기통에 집어처넣어버리고싶ㄹ다,0
R10564,작품적으로 어떨지 모르지만 좀 지루한 감이 있는 작품,0
R10565,하하하하하하하하핳-_- 아진짜재미없다 아하핳하하하하하핳,0
R10566,"스토리는 나쁘지 않았으나 에릭, 신은경 쓰레기 연기는 어쩔....;;",0
R10567,많은걸 느끼게 해주네요..,1
R10568,너무좋았다. 멋있는영화이다.,1
R10569,참 보는 내내 다보면 네이버 와서 욕해야지 하면서 참고 봤는데....영화는 진짜 개판인데 끝나고 나오는 NG모음은 역대급이다.ㅋㅋ × 10000 본편은0점 NG모음만으로 4점.!!! ㅋㅋ 안보신 분들은 꼭 보시라ㅋㅋ,0
R10570,효진 옷벗는 씬 빼면 볼게 머 있나..,0
R10571,복사기님,1
R10572,의도는 알겠으나 그래도 최소한의 당위성은 있어야하지 않을까?,0
R10573,"쓰레기 영화... 시간과 기대가 아깝다. 쿠삭과 드니로, 세계적 경제불황때문인가. 이들도 3류 쓰레기 캐피탈 대부광고 출연이 연상될 정도다.완전 대실망. 평점은 0점을 못 줘서 1점 준다.",0
R10574,소름.......,1
R10575,국내에로물에 러샤배우 등장 열연은 신선하네,0
R10576,드래곤라이더가 되는과정이 정말 재밋어요,1
R10577,이게머냐,0
R10578,오랜만에 감탄하며 본 작품입니다.,1
R10579,매우 정치적 색이 강한 우리나라 필름의 현주소...,0
R10580,역시나 재탕은 안된다는 속설이 맞다는걸 가르켜준 영화.,0
R10581,정말 볼 만한 영화입니다.,1
R10582,에휴ㅉㅉ,0
R10583,"바늘로 쑤시는 현실비판, 시공간의 초월한 상상력, 후장을 파고드는 욕의 카타르시스",1
R10584,낮뜨거뜨거 속뜨거뜨거 확!,0
R10585,멜로로 장르 변환한 거미인간,0
R10586,에리카 이뿌네,0
R10587,감독의 철학이 어떻고 배우가 어떻고 하면서 어깨를 으쓱거리며 아는체 하고 남 가르치기 좋아하는 사람들을 위한 영화.,0
R10588,일본판 주성치 영화 느낌,0
R10589,신문기사에서 힌트 (금천살인사건),1
R10590,나는 열린영화에 관대한편인데 이영화는 도를 넘었다.관객을찝찝하게만들고 머리아프게만든거라면 이영화 대성공이다. 하지만 이거 이해하고 호평내린거라면 그사람 확실히 정신병자거나 허세라고 확신한다. 1점주고싶지만 이런 체험처음이기에 3점준다,0
R10591,7월TV에서봤다 처음엔제미는약간있었지만 결말 쓰래기인건사실 감독 ㅄ같다 ㅇ,0
R10592,진짜 이거 안봤으면 드라마 봤다고 하지마라 황진이 대박이다하지원의 연기는 그냥 대박이라는 말 밖에 안나온다김재원도 최고... 멋있음,1
R10593,꺅,0
R10594,"일본문화를 사랑하는 미국인이 만든 현실성 제로, 초등학생도 쓸수있는 스토리에 쓸데없이 고퀄인 영화",0
R10595,정말 영화 내용은 별거없다 전개도 너무빠르다 허나 그 빠른전개는 시한부인생인 주인공 시점같이 느껴진다 삶은 순간의 연속이고 그 빠르게지나간 그시간마저 모든게 소중하게 느껴지고 마지막 내가 산다면 겪을 일들... 가슴에 참 와닿는 영화였다,1
R10596,"김기덕의 초창기 작품에서 그의 숨겨진 또 다른 길을 읽는다. 여자는 모든 인간들의 자궁이며, 그래서 원초적 에덴 동산이라는 사실을.",1
R10597,진짜 재밌음 드라마 전개가 흥미진진함,1
R10598,The truth is a beautiful thing.,1
R10599,카제마루!카제마루!카제마루!,1
R10600,초반부터 압박하는 지루함은.... 참고 견디면.. 빛을보리라,0
R10601,"시간 잘가고, 몰입되고 괜찮은데 뭐 ...반전이....뭐..그렇다고 ^^",1
R10602,"감독이 색맹이나 색약,또는 난시가 아니고서야 영화가 이 따위로 나올 이유가 없다.",0
R10603,"작가에 대한 모독이다...캐서린 아역은 말괄량이스러움 대신 후덕함이 돋았고, 성인이 된 히스클리프 역을 맡은 흑형의 연기는 눈을 뜨고 보기 민망했다. 그 좋은 스토리로 어떻게 똥같은 영화가 나왔는지 신기할 따름이다.",0
R10604,완성도 높은 스토리 반전.. 높은 연기력에 집중이 잘되었다,1
R10605,정말 짜증나는 드라마입니다 진행되면 될수록 어이없는 내용! 연기자들도.... Kbs로 채널 go,0
R10606,형님 그대안의 블루는 도대체 어떡해 만드신거에요?ㅜㅜㅜ,0
R10607,탈북자를 소재로한 영화 중에 가장 인간미 넘치면서 가슴 아픈 이야기,1
R10608,사랑은 내 속에 피어나는 감정의 이름이 아니라 너와 나의 관계의 이름이다,1
R10609,드라마봤는데 재미없다.,0
R10610,감독이 누군지 궁금하네... 간만에 졸작을 봅니다.,0
R10611,뒤늦게 봤지만 최고인 영화임,1
R10612,우와.... 내가 시나리오를 쓰고 싶을 정도로 구멍이 숭숭 뚫린 영화다.,0
R10613,8? 9? 10? 그런게 필요없는 영화 ...,1
R10614,홍콩에는 작가가 없다,0
R10615,도대체 머하는 영환지 몰겠다.흑인보디가드하고 여자 ㅅㅅ하는 소리만 듣고옴.,0
R10616,리얼드라마다 작가가 누구인지 정치계와 법조계대기업의 비리를 사실그대로 적어내었다.,1
R10617,빠져들게 하는 무언가가 있었지만.. 끝이 왠지 아쉽다..,1
R10618,"충격적인 반전,절로 탄성을 자아내는 명쾌함!!",1
R10619,1편 감독 스티븐 소머즈의 부재와 주인공 듀크의 죽음이 영화를 망쳤다,0
R10620,생 날로 먹을려고 하네 ... 허접영화,0
R10621,"여러분, 누가 죄인인지 알고 싶으면 거울을 보십시오.",1
R10622,저 아주 옛날 이영화 다시 보고 싶어요.,1
R10623,우리나라 국민도 함께 봐야 하는 감동의 영화 !,1
R10624,극구성보다는 장면의 깊이로 승부하는 영화,1
R10625,아 이거대박일거같아,1
R10626,굿굿 재밌어요 11부작이 아쉽네요,1
R10627,쓰레기계의 신지평을 열었내 ..ㅋㅋ 떡장면은 훌륭하다 ㅋㅋㅋ 그길로 가라 감독아 ㅋㅋㅋㅋㅋㅋㅋㅋ,0
R10628,도대체 무슨 내용인지 모르겠다,0
R10629,어린시절의 좋은기억속에 있는 추억의드라마.다시보면 머리모양이 촌스럽기 그지없다.,0
R10630,망햇다,0
R10631,"버디물이라고하기도..형사물이라고하기도..액션영화하고하기도..성룡을 데려다가 이수준의 영화를 찍은건 직무유기다! 마지막 헬기가 딱 그자리에 서서 폭파돼는건 정말..그래도 성룡이니 10점을 드립니다~ 성룡, 당신은 최고입니다~!!",1
R10632,감동과 깨알같은 재미,1
R10633,13구역이라는 머리를 떼고 나왔을면 더 좋았을 것을 암튼 상반기 최고의 액션 영화다,1
R10634,지루하다니 미녀는괴로워나 보시죠,1
R10635,만점을 안줄수가없다! 헐리웃도 감히 흉내낼수없는 리얼액션의 결정판! 레전드 오브 레전드!,1
R10636,쓰레기영화. 이거보고 별 3개 이상주면 완전 생각없는놈이지,0
R10637,더이상 이런드라마는 만들지 말았음 하네요 ㅜㅜ,0
R10638,팔레스타인 의 고뇌 하지만 좀 이념 영화 같은면,1
R10639,더럽게재미없네,0
R10640,가해자가 피해자로 둔감하는 영화에 평점이..ㅡㅡ;; 역사 공부좀 합시다...ㅡㅡ;;,0
R10641,뭉뚝해진 얼음송곳,0
R10642,"드라마 보면서 주연애씨 마음이 이해가 되네요.제가 그래요,남자친구한테 미안하고 답답하고 아련해요.그리고 생각보다 연기 너무 잘 하시네요.여러번 보면서 많은걸 느끼게 해주었어요.보아씨 고마워요~",1
R10643,스토리는 한국 막장드라마같은데 배우들 연기력과OST가 최고다...,1
R10644,무슨 영화가 밑도 끝도없냐 ㅡ.ㅡ;; 마지막에 괴물은 좀 간지나네 ㅋㅋ,0
R10645,거친 세상 속 용기를 퍼붓는 완소 영화. 용기있는 자들은 피하지 않고 마주 본단다. 대박,1
R10646,진심으로 꼭 보셔야 합니다.,1
R10647,내인생 최고의 영화. 다섯번보고 이OO전에 보고도 아직도 그 음악에 마음이 동요되는 내인생에 추억이 된 영화.ㅡ제작한 여러분께 정말... ^^,1
R10648,통나무집에 생기는 일이 영화시작하고 20분안에 했었으면 좋았을듯. 초반에 너무 지루한 설명만 많고 좀 쳐지네 영화가,0
R10649,실화를 배경으로한 리얼한 재미.,1
R10650,자신이 마초 영웅이 된 것처럼 착각하지만 결국 범인의 1인 인것을 깨닿는 주인공,1
R10651,아이들의 대통령 엄청 좋아했어요,1
R10652,이게 무슨 9점 인가 평점에 낚였다. 이런 약간의 감동 영화는 무조건 평점을 높게주는게 이해가 안간다 감동만 있으면 평점이 높다.,0
R10653,사랑스러운 캐리 귀여운 샬롯 솔직한 미란다 재밌는 사만다. 여자들에겐 다시 없을 최고의 드라마.,1
R10654,감동도 재미도 없엇다,0
R10655,오랫만에 만난 드라마 다운 드라마바쁘고 지친 워킹맘의 일상에 활력을 주는 드라마네요^^끝까지 응원하며 열심히 시청할께요~^^힘내셔요~!!♡,1
R10656,민비? 민비는 명성황후 까내리는 말인데 저걸 영화제목으로 하나? (뭐 명성황후도 개인적으로 좀 싫어하긴 하지만),0
R10657,이성간의사랑과 다를게없다는걸 보여준게 좋았어요,1
R10658,그게 고민이냐 라는 말밖에내용도 항상 비슷하고 양아치들 한번씩 나오는것도,0
R10659,경규옹 영화는 10점입니다,1
R10660,"별한개 주려고왔습니다.이문식,백윤식이 아까운영화네요 보는 내내 지루했습니다.",0
R10661,하아..ㅡㅡ,0
R10662,?9주동안 내내 출생의비밀을 보면서 일주일의 스트레스가 확 풀렸는데 내일이 마지막이라니...... 특히 제가좋아하는 정이현(성유리)누나를 못보게되다니...... 하지만 그동안 저에게 즐거움을 주신 출생의비밀 여러분들께 깊은 감사를드립니다.^^,1
R10663,오맹달이 방귀안뀌었다고할때의 그 표정...ㅋㅋㅋ,1
R10664,엄청재밌는영화입니다,0
R10665,사사키 노조미 진짜 이쁘넝ㅜㅜ,1
R10666,이영화정말잊혀지지않아요. 너무 열정적이고 멋지고 로맨틱한 느낌! 몇번을다시봤는지,1
R10667,섹스,1
R10668,정말 재밌네요 ㅎㅎ오랜만에 쟈밌는영화 봤습니다.ㅎ 강츄,1
R10669,"역시 수작이나 명작이라고 평가받는데는 이유가 있었다. 20년이 지난 지금에봐도 엄청난 흡입력과 재미, 감동을 주는 작품",1
R10670,그냥 집에서 나중에 극장판으로 보여줄때 티비로 보세요화질도 너무 떨어지고 지루했어요 아이들도 후반부에 한번 잠깐 집중하고 산만해지더라구요 돈이 너무 아까웠습니다 완전 비츄,0
R10671,감독이나 투자자가 돈이 정말 많은가보다 ..,0
R10672,아직도 제가 최고의 페이버릿 곡으로 듣는 쇼팽 연습곡 이별의 노래 ㅠㅠ 이영화 진짜 고딩때 비디오테이프 늘어지도록 봤음,1
R10673,그렇게 절벽가슴을 어필하고 싶었쪙?,0
R10674,현재 내가 살고 있는 이 곳이 얼마나 아름답고 평화로우며 살기 좋은 곳인가를 다시 한 번 상기 시켜 주면서 겸손해지게 만들어 주는 아주 의미있는 영화였습니다。영화를 보시는 분들도 한 번쯤 성찰의 시간을 가지기를 바라겠습니다。감사합니다。,1
R10675,가볍게 나름 재밌게 봤음.,1
R10676,'무식'하게 감동적인 영화,1
R10677,너무 좋타....굿,1
R10678,재미닷,1
R10679,볼수록 가관~~주인공들이 선한건 좋은데 머리가 없엉^^;;장식용,0
R10680,'다시 보고 싶다.' 평생 잊지못 할 추억의 드라마,1
R10681,이게 영화임? ㅋㅋ 유덕화 요즘 이런거 찍고 다니나? 한국와서 벡터맨이나 찍지.,0
R10682,세상에 살면서 이런 최악의 영화는 처음이었다.,0
R10683,말도안되게 재미없다;,0
R10684,알파치노의 대표작,1
R10685,걍 메시지전달에만 충실한 핑플의 역작 뮤직비디오,0
R10686,"사람을위한 건축, 자연을 사랑하는 건축, 건축학도로서 건축의 본질은 무엇인가 다시한번 생각하게끔 하는 영화였습니다. 고맙습니다. 가장 감동적이고 여운이 오래가는 영화였습니다.",1
R10687,어두운 도시. 그냥 암울하기만 하고 지루해유.,0
R10688,재미있어요 ^^ 정말 최고죠,1
R10689,사랑은 기록되지 않고 기억 속에 머문다,1
R10690,극장에서 봤는데 이제야 후기를... 진짜 재밋어요,1
R10691,별 내용도 없는데 굳이 영화로 만들 필요는 없었을 것 같은데...,0
R10692,그저 그런 무협,0
R10693,흥미로울 수 있는 소재를 지지부진하고 느린 전개와 뜬금없는 이야기 때문에 지루하게 느껴진다.,0
R10694,보다가 저사람들이 도대체 뭐하는가 싶어서ㅋㅋㅋ 아무리 봐도 뭔 말도 안되는 소리만하는건지 싶어서 결말보려고 끝까지 봤다. 그런데 결말보고 또 웃었다 무슨 영환지 1도 모르겠다. 그리고 영화 끝난지 몰랐다.,0
R10695,슬혜씨.. 벗으려면 제대로..,0
R10696,감동을 주는 영화.,1
R10697,역시 아따마마가 진ㄹ;ㅣㅎㅎ,1
R10698,액션을 기대했건만 긴장감없는 스릴러네.,0
R10699,가끔 웃겼다. 그런데 왜! 왜!! 왜!!! 이렇게 만든거야?,0
R10700,..엉성한 스토리와 액션(박력제로)-_- 동남아에서 나올법한 B급 TV용 [케이블]영화,0
R10701,정말 자꾸 보게되는 드라마,1
R10702,세월호 ... 같다는 느낌이 들었다... 간만에 괜찮은 영화봤다,1
R10703,이건 안봐도 되겟음,0
R10704,그영화인줄 알았는데 어쩐지 내용도 별루고 이상하더라... 여주인공만 이뿌장함ㅋㅋ,0
R10705,감동~~~ㅠ,1
R10706,.관음증으로 접근한 사랑..아직도 음악이 귓가에울리네...,1
R10707,위험할지도모르는생방송에게스트로나와줘서고맙다고얘기하고잘해줘야하는게정상아닌지요 엠씨들이출연자가얘기하고있는데말끊고이게더재밌으니이얘기나하자고그러고 질문을만들어왔더니거지같고찌질하다면서2개로자기맘대로줄여버리고 시청자들의문자투표시간도출연자들간에차이가엄청나더군요,0
R10708,제 아무리 애쉬튼 거처라도 뻔한 결말을 피해갈 수 없다,0
R10709,예술영화 장르의 걸작! 롱테이크로 찍으면 무조건 예술이다.,0
R10710,아이들 영화입니다 어른들은 보지않는게 좋습니다 그리고 여기나오는 박사님이 포켓몬스터 오박사를 닮아서 친구랑 존나쪼갰습니다,1
R10711,내용이어수선한데다 그닥임..,0
R10712,평점이 너무 높으므로 1만 준다...원래는 7정도^^,0
R10713,역시 네이버는 초글링들이 득실ㅡㅡ점수가 원..,1
R10714,기억에 남는 이쁜 영화같다,1
R10715,중간부터 봤는데도 몰입도가 확~!ost도 너무 좋고.. 담에 처음부터 봐야겠어요 재밌고 슬프네요,1
R10716,"머리는,안쓰고,몸만 쓰는,셜록 홈즈란,에로영화에서,주연 여배우가 안 벗을려고,기를 쓰는 꼴...아니,XXX등급무비에서,어덜트비디오 주연 여배우가,섹스 씬 빼달라고,감독에게,항의하는 꼴 아닌가 말야...비쥬얼만 그럴듯하고,영혼은 없는,얄팍한 쓰레기 영화",0
R10717,귀접접접접 -100점,0
R10718,4류 영화... 1류 배우 써서 이게 뭐냐...,0
R10719,1보면서 나름 덱스터가 이해됐는데 2보니 못됐다;;;;그래도 흥미진진...3봐야집;;;;,1
R10720,일본영화 그만 나오라 돈 아깝다,0
R10721,7년 동안 뭘 했나.. 아 초배신감,0
R10722,와 이걸왜지금봣지ㅋㅋ솔직히 식스센스랑 동급이다,1
R10723,평점이 너무 낮네.. 평점올릴려고 10점찍는다.홍보를 잘못한거 같다.이건 액션이 아니라 분위기 끝내주는 느와르 영화다. 아쉬운 부분도 있었지만 콜린파렐의 존재감과 분위기는 끝내줬다. 한 7~8점을 줘도된다.,1
R10724,백인우월주의에제대로꼳친 영국아자씨의 세계를돌며 바람피는일대기ㅡㅡ 여자들이보긴별로인듯~부인있는헥터의 행동들도이해안가고,0
R10725,올드보이라생각하지마셈,0
R10726,진짜찾느냐고고생한영화잼있었는데제목이기억이안나서ㅠㅠ별거다쳐봄,1
R10727,지루하지않고심심하면시간때우기딱조은영화인듯 추천!,1
R10728,평점이 왜 이렇게 높은지 이해할 수 없는 영화;,0
R10729,킹 목사님 말 진짜로 멋있게 했음 존나 마지막에 엔딩듣고있는데 못기다리고 소란피우면서 나가는사람들 극혐,1
R10730,열두명의 웬수들 보는게 낫겠다,0
R10731,침묵의 109분임 나 109분 동안 잤음,0
R10732,내가 너무 기대를 많이 했나봄.ㅠ 1편처럼 외계인이 등장할줄 알았는데... 완전 아님. 정말 지루함.,0
R10733,개인의 이익을 위한 거짓말이 이토록 나라를 휘청이게 할 수 있습니다. 여러분.,0
R10734,"화려한 볼거리도 슈퍼스타도 없지만, 난니모레티는 그 누구보다 스타처럼 보인다.",1
R10735,최근 코미디영화 본 것중에 가장 웃겼다.,1
R10736,안타까운 엔딩...ㅠ,1
R10737,이런 유치하고 뻔하디 뻔한 감성을 봤나...,0
R10738,컴퓨터로 보고 극장 가서 다시봤는데 역시 큰 화면으로 봐야하네 ㅎㅎ,1
R10739,일본은 그냥 영화안만드는게 나은듯 의욕만넘치는 그 틀안에서 못벗어나나,0
R10740,"적당히 좀 하시지..출생의 비밀,모든거 버리고,딸바꾸고 나쁜 사람은 악마고, 차순영이랑 본부장은 눈치 없는 천사고..막장도 적당히풀리면서 꼬여야지..이러다가 한번에 풀려도 어이 없을듯..",0
R10741,주인공빼고 등장인물 다 없애도 시작부터 결말까지 아무 문제없는 영화,0
R10742,시사회때 보고 이런 영화 처음 봤던거라 생각했습니다.,1
R10743,전용관 안경없이 눈만 아팠던 병맛 쓰레기 작품,0
R10744,그닥 무섭지도 않고... 추천하진않네요,0
R10745,색다른 소재의 색다른 스릴러,1
R10746,이렇게 한국어가 부자연스러운영화는 처음. 립싱크 티가 너무난다...,0
R10747,평론가들은 북한의 남파 사이버조직원이고 북한이 자신들의 소행이라고 인정했음에도 불구하고 아직도 사실을 외곡 날조하는것은 총맞아 죽어버려도 모자랄 일이다,0
R10748,정말 잼있게 봣던영화 ㅎㅎ도사관 키스신 짱 ㅎㅎ,1
R10749,오랜 만에 시간 가는 줄 모르고 집중해서 보았던 영화였습니다. 공감과 인물의 심정이 되어 보기도 하였고요.. 잘 만든 영화네요..,1
R10750,이건 b급도 안된다.. ㄱ ㅐ 쓰레기 영화다.,0
R10751,베이면 아프다구~~~~ 이 대사 하나만으로 끗.,1
R10752,맞다 안 무서운공포 공포영화의 끝이다,0
R10753,개지루하다...너무 시리즈를 길게 늘어뜨려놨어. 쓸데없는 내용이 80%,0
R10754,소름끼치도록 지적인 영화.,1
R10755,이거 기억하시는분 없으십니까? 옛날에 많이 해줬는데???,1
R10756,배구선수 김연경 닮은 인디언 아이 나온다...,1
R10757,우리나라 드라마의 한심한 수준을 그대로 보여준 드라마,0
R10758,재밌겠다싶어 보다가 마지막엔 묵직한 울림을.,1
R10759,염보라 좋다 ㅎㅎㅎ 다음영화도기대합니다,1
R10760,비록 악역일지라도 난정이를 통해서 통쾌함을 느낄 수 있었던.. 다시보고 싶네요,1
R10761,일본 니들 스스로 떳떳하다면 그리 필사적으로 기자들을 저지하지 않았겠지 추악하고 잔인한것들 니들은 악마다.. 니들도 똑같이 어미랑 새끼랑 그물에 따로 갈려서 발버둥치다가 작살로 찔려죽어라... 진짜 잔인것들,1
R10762,학교에서 봤는데참...그냥 만화나 만들어라 그럼 재밌기는하겠네,0
R10763,SF로선 영 구리다. 장르상 SF가 아니라 드라마로 봐야할 정도,0
R10764,독재자 알라딘은 정치가 낳은 웃음이 정치를 무력화하는 현장으로 우리를 초대한다.,1
R10765,특별한 로맨스 아니고 은밀한 삶임. 제목이랑 포스터를 저렇게 해놓고 낚으면 안되지.,0
R10766,컬러와 흑백의 관계를 빨리 이해할수록 꿀잼인 영화. 아니더라도 시간의 흐름방식을 빨리 캐치해내면 진짜 소름돋는 영화. 영화 오프닝을 유심히보길.. 시간흐름 캐치가능함.,1
R10767,아 관람평 개웃기네 ㅋㅋㅋㅋㅋㅋㅋㅋㅋ 제목은 구리지만 영화는 괜찮아요.. ㅠ,1
R10768,아 샹...내 포인트....ㅜㅜ,0
R10769,기말 과제 내신거 아닌가요? 워스트 오브더 워스트. 0점은 왜 없는가.,0
R10770,순수하고 때묻지 않은 드라마 최고입니다,1
R10771,지금에서야 보게 된 시절인연!!!! 다소 빠르게 전개 되는 느낌이 있지만 관객들에게 전달하려는 사랑의 메세지가 명확하게 전달되는 달달한 로맨스 영화였다. 가을이 다가오는 이시점에 꼭한번 추천하고 싶은 영화였다. 강추!! 출연 배우들 최고!,1
R10772,0점을 줄 수 없는게 안타까운 수준의 더럽게 재미 없고 형편없는 저급한 싸구려 영화다! 돈 아까우니 보지 마라! 성룡도 홍콩 마피아의 대부라는 믿을만한 소식통이 있다!,0
R10773,내평점 아오 진짜 사랑과전쟁 다보고 돌렸는데도 아직도 심사 질질끌고 있냐 OO들 진짜 욕나온다..적당히해라 합격자하나 가리는데60초 이OOO하고 앉았네.. 시청자가 그렇게 만만하디?시청률올려줘서 니들 다 밥먹여주는건데 그따위로 해쳐먹어? 똑바로해라진짜,0
R10774,괜찮은데 약간 이해 안된듯,1
R10775,OOO기 삼류영화 시간이 아까움 ㅠ.ㅠ,0
R10776,"이 영화를 2013년 3월에 거금 8천원, 9천원 주고서 소중한 시간 두시간을 영화관에서 보내셨을 관객들에게 진심을 담은 위로의 말을 전하고 싶습니다.",0
R10777,저는 영화가 좋아요 정말 재미있게 봤습니다,1
R10778,좀 더 좋은 영화가 될수 있었던 영화.여러가지로 너무나 아쉬운 작품.가능성은 충분했었다.슬라이가 너무 평법한 액션 스릴러로 풀어버린 작품이다.그러나 감독은 작품으로 말해야 하는법.사공이 많으니 배가 산으로 간격.대릭 캐논은 그후 오랜 슬럼프로 직행고고,0
R10779,내 인생에 최악의 영화 진심 클레멘타인이 훨씬 낫다,0
R10780,뭔가 불쌍해 평점 올려줘야지 ㅋㅋ,1
R10781,프로듀사 넘좋음. 눈누난나,1
R10782,원주율을 지킵시다~!!,0
R10783,너무억지구성같애요.....,0
R10784,새시대를 여는 역사의 아픔...,1
R10785,괜히 봤어요.,0
R10786,아줌마가 교복 입은거 보니까 보기가 진짜 좀 그렇다 이런 아줌마들이나 보는 드라마 좀 작작 만들어라,0
R10787,최고! 적당히 치고 빠져주는 영화. 과잉없이 깔끔하다 ㅠㅠ,1
R10788,신애가 벗었으면 8점은 줬을텐데...머니 이게;;,0
R10789,완전 추천함 이영화ㅋㅋ,1
R10790,노코멘트.. 0점 못주는게 한이다,0
R10791,꺜 꽝꽝이오빠 사랑해요~♥3♥,1
R10792,첫방 너무 재밌게 봤어요. 오늘 예고보니 대박 너무 기대됩니다,1
R10793,내가 살다살다 이런 국뽕영화는 처음본다.,0
R10794,가족의 사랑을 다시금 생각 할 수 있게하여 두고두고 새겨 들었음에 감사한 마음,1
R10795,정말 그루지 1 2 에 발끝도 못따라가는 쓰레기영화 결론적으로 하나도 안무서 코믹이냐?? 분장도 쓰레기야 토시오가 어쩌다 저렇게됫냐 개지루하다,0
R10796,쇼생크탈출보다 분명한 명작이에요.,1
R10797,예술영화를 만드려고 했으나 매우 만듬새가 허술한. 아동을 성적인 도구로 쓰지마라 인간적으로. 이런거 만들고도 자식얼굴 보냐?,0
R10798,액션 영화가 아니라 좋다.,1
R10799,"너무나도 따뜻한, 마음이 따뜻해지는... 한번쯤 자신을 되돌아보게 만드는 영화",1
R10800,그저그런 전쟁 영화. 다소 지루했다,0
R10801,이제 이 영화 불법 음란물...,0
R10802,이런 쓰레기는 만들지 마요. 그나마 최근작 해운대를 보면 많이 발전했구만. 윤제균,0
R10803,나쁘지 않았다.. 이제 진짜 연기자 산드라블록을 볼 수 있는 것 같군..,1
R10804,오유에서 성지순례왔슴돠^^,0
R10805,박찬욱 각본. 박찬욱의 흑역사네.,0
R10806,난뭐1980후반~1990년대초반영환줄알았다배경음악센스꽝,0
R10807,리플리 ㅋㅋ,0
R10808,광선총은 좋지만 디자인이 별로다..,0
R10809,드르렁 쿨쿨,0
R10810,전세홍의 섹쉬한 매력과 패는 여형사의 확끈한 액션을 기대하면 실망~ 정의로운(?) 양아치 2인조의 감초 연기가 그나마 볼만한 수준이지만 전체적으로 진부하고 조잡한 느낌을 지울순 없다,0
R10811,개인적으로 1보다는 2가 재밌었음,1
R10812,오래해주세요~♡♡ 꿀잼!! 이거 끝나면 우울할듯..ㅜㅜ,1
R10813,"일본영화가 뭔지, 진정한 저력을 깨닫게 해주는 영화",1
R10814,사랑했던 아내의 빈자리에 당황하고 불안해서 .딸에 더 극진할수록 애잔한 슬픔이,1
R10815,너무 더러워 차마 끝까지 볼 수 없었던 영화.,0
R10816,헬조센에서 스스로 대기업 노예를 자처하는 조센징들이.. 신자유주의 계급제 내에서 스스로의 존엄성에 대해 느끼도록 하는 걸작. 물론 슨상님의 고향이신 전라도의 섬노예는 말할 것도 없고.,1
R10817,무조건 추천,1
R10818,"영화를 본 후의 이 감동, 이 여운을 어떻게 할 수가 없다.",1
R10819,김산호화이팅팅팅,1
R10820,제목이 왜 중독인지 알게 해주는 영화인 것 같다.,1
R10821,픽션인지 실제인지 모르겠지만 앤디워홀 레알 병맛,0
R10822,멋져,1
R10823,고등학교때 추석특집영화로 하는거 아무생각없이 보다가 눈물흘리며 본 영화 ㅠㅠ,1
R10824,종교라는 이름으로 벌여지는 여성 인권 유린에 대한 한방의 어퍼컷.,1
R10825,시즌 2 기다릴게요~^^,1
R10826,이번건 안보는게 좋음 노잼임,0
R10827,늙은 것들이 추하다..,0
R10828,역대 나의 드라마순위 1위 !!,1
R10829,고양이를 또 공포의 소재로 쓰는것 부터가 짜증나,0
R10830,드라마가 명작인건 첨이다..막장 요소 없는 한국 드라마도 처음..외국영화나 드라마 리메이크작인줄;;,1
R10831,어떤 생각을 담건 관객이 불편하고 짜증나면 그건 아니라고 본다.독립영화는 재밌으면 안되는 건지...롱테이크라기 보다는 질질 끄는 컷 속에서 짜증만 밀려온다.,0
R10832,정말 시간 가는줄 모르고 긴장하면서 봤구나,1
R10833,마약수사대의 허점을 잘 보여준 영화. 배우들의 연기가 압권.,1
R10834,잔인하게 싫어서 1점 깍았지만 이 영화는 정말 잘 만들어진 영화이다.,1
R10835,재밋음~,1
R10836,"한마디로 쓰레기 드라마. 작가가 전하고 싶은 메시지는 뭔지 알겠는데, 답답한 스토리, 캐릭터, 공감 안 가는 주제 전달 방식, 어이없는 설정, 유치한 대사, 이해 안 가는 결말까지, 하나부터 열까지 마음에 안 드는 드라마는 이게 처음. 그냥 최악.",0
R10837,색다른 코미디 시사회때 봤는데 연출이너무 재미있고 독특해서 즐거운 영화!,1
R10838,알파치노의 연기는 대단..그래서 보는 나도 왠지 피곤했던..영화,0
R10839,노조미짱,1
R10840,영화 상영시작하기전에 배우 스텝 이름은 미리 올려놓고 시작합시다,0
R10841,정말 잘 만든 작품입니다.,1
R10842,액션좋았고 내용 뭐... 억지스럽다느니 하던데 전 그닥... 평점보고 킬링타임도 안될것 같았는데 볼만했습니다. 남는건 없지만. 7점 정도는 되야할것 같아 평점 조절용으로 10점. 아저씨하고는 다른 영화임. 주디들 잘 터시네요.?속을뻔. 걍 볼만함,1
R10843,오랜간만에 쓰레기 같은 영화 봤네요. 스토리의 개연성도 없고 배우들 연기도 별로영상 별로. 후하게 줘서 1점 줍니다,0
R10844,"감수성을 저미는,",1
R10845,수준 따지지마라 사람마다 얼굴도 틀리듯이 보는눈도 틀리다,0
R10846,로코는 왠만하면 재밌게 보는데 이건 정말 별로...,0
R10847,이거 그냥초딩들이 동네 사람들 모아놓고 만들었네 죽이네 기냥,0
R10848,"정말.. 별로였어요 이탈리아의 아름다움도, 음식의 말도 잘 담아내지 못한 영화.. 성대모사가 영화에 가장 중요한 부분인 줄 알았으면 안봤을텐데 싶네요.",0
R10849,아직도 공상영화장르의 한국영화는 괴물을 뛰어넘지 못했다.,1
R10850,평점보고 봤다가 내용도 노잼이고 웃긴것도 아닌 유치한 개그나 치고있고 액션이 쩌는것도 아닌 80년대 액션을 보여주고 20분 보다가 짜증나서 넘겨가면서 보다가 꺼버렸음. 지금 궁금한건 저기 나온 딸래미 여자애 분명히 AV에서 본거같은데 누군지 기억이안나,0
R10851,90분이 이렇게 긴 시간이었다니..,0
R10852,몽상이 허무한 망상으로... 쯧,0
R10853,뭔가 공감가면서 눈물났다 정말.. 뭉클하더라,1
R10854,정말 기억에 남는 영화가될것같고 슬프면서 행복해서 더 슬픈영화같아요 정말 잘봤어요,1
R10855,막장 영화. 밑에 평 말대로 자극과 극단적인 설정으로 풀어가는 장면이 많음,0
R10856,정소영이 왜 여기 출연했지,1
R10857,와 살다살다 이딴 쌈마이 영화가 평점이 8점대가 넘다니... 주점녀랑 썸타는 킬링학살용 영화,0
R10858,탑 한예리 김유정 이라는 환상적인 재료를 이렇게 소모시키다니...,0
R10859,주제의식은 좋았지만 표현법은 부드럽지 못했다,0
R10860,우리 나라랑 미묘하게 비슷하다...,1
R10861,역시 이연걸~ 나이먹어도 액션은 죽이네 멋있어!!,1
R10862,이영화 평점 낚시래요 평들 봐도 딱 낚시 잖아요 암이 나았다는둥,0
R10863,알바 하지 맙시다!! 쫌!!!!!,0
R10864,희생과 포용을 통해 자비가 무엇인지 덕을 깨닫게 해주는 영화 마지막 부처님의 품에 안겨 잠드는 연출이 인상깊었음.,1
R10865,'음악이란 이런것이다'라는 것을 보여주게 하는 영화.,1
R10866,공포 영화보면서 잠든건 첨이다,0
R10867,어릴적에본 기억으로 다시본 토탈리콜은... 정말 대단했다는것. 꽤나 그로데스크한 특수효과와 극악한 상상력이 합쳐져서 놀랄만한 물건을 만들다.,1
R10868,티격태격 귀여운 커플&농가에서 벌어지는 가슴따뜻한 이야기.,1
R10869,Good! 마지막 부분의 미공개 여분을 보며 가슴이 찡 했다.,1
R10870,누군가의 썸머였거나 내게 스쳐간 썸머들을 떠올리며 내내 웃다가 찡한 여운을 남긴 영화...!,1
R10871,4.44를 맞춰야 되나요?,1
R10872,good.12345,1
R10873,별점은선택안함이없네..그래도다행인건 집에영화다시보기에 이영화가2천원이라서 나름저렴한가격에봤다는거 안다행인건 그돈마저아깝다는거..,0
R10874,올해본영화중.가장최악..,0
R10875,한국판 제목이 조금 아쉽지만 사랑스럽고 엉뚱하면서도 공감간다.,1
R10876,영화를 항상 최신작 부터 찾아보는 당신에게 너무나 권하고 싶은 영화.,1
R10877,나탈리 포트만 너무 불쌍해,1
R10878,"최악..연기 어설프고, 내용도 별로... 올해 최악의 영화를 본거같다",0
R10879,영화 중간중간 덴젤 워싱턴 특유의 소탈한 연기는 영화에 더 빠져들게끔한다. 스토리도 좋고 전개도 좋고 마지막장면에는 소름이 멈출줄을 몰랐다.,1
R10880,괜찮네요 무섭기도 하고~ 마지막에 반전이 있으니ㅎ,1
R10881,말과 화면이 안맞아요 ㅠ,0
R10882,소재는좋았는데.영화는글쎄.. 범인은 말몇마디하고 계속잠이나자고;미국판 악마를보았다 라고하길래 기대하고봤는데 긴장감도없고.고문도 그닥. 잔인하지도않다 아 하나있네 위꺼내는거??근데 마취하면 뭐하냐 고통스러해야 영화지 무슨수술하냐?,0
R10883,The Best One...,1
R10884,내생에 최강의 쓰레기영화엿다 개OO,0
R10885,이영화는 대박 입니다.,1
R10886,배우의 사랑스러움으로 더 유쾌해진 영화...,1
R10887,"제목 만으로도 만점...,",0
R10888,장난하니 ㅋㅋㅋㅋㅋ,0
R10889,"오늘 갑자기 다시 보고 싶은 영화,, 우아한 보사노바 열대야처럼 느린 시간",1
R10890,소름끼친다 더럽게재미없어서 알바들을조져야돼!,0
R10891,본지 몇년이 지낫지만 계속 생각이나는 영화입니다조만간 또 봐야겠네요,1
R10892,원랜 1점짜리 영화인데강동원 나왔으니까 2점 등록ㅋ몇년전에 이영화 개봉했을땐 내가 어려서 이해를 못하나?싶어서오랜만에 다시 봤는데..역시나 이상하다.너무 억지로 예술성을 끼워맞추려했다.,0
R10893,최악이네 개재미업다 ㅡㅡ,0
R10894,기대 안하고 봐서 그런지 확실히 재미있습니다 또한 중화권에 대한 문화도 다른 시각으로 보게 함,1
R10895,이거무지잼씀,1
R10896,잊을수가 없는 영화다..장예모 연기가 멋짐..,1
R10897,벅스라이프랑 같은 개미가 주인공. 하지만 재미는?,0
R10898,넘재미있다,1
R10899,"보기위해서 내 나름대로 각오가 필요했던 영화. 또한, 보고난 후에도 계속해서 장면 하나하나에 대한 의미를 되짚어 생각하게 된다. 결코 가볍게 넘어갈 수가 없다.",1
R10900,극장에서 보다 소름돋아 죽는 줄 알았음... 진짜 유치찬란,0
R10901,뭐 --;,0
R10902,데미무어에게 첨으로 실망했던 작품. 최악의 각본과 최악의 연출,0
R10903,평점조작단아 장난치지 말아라.,0
R10904,"소재는 괜찮았고 유치한 장면도 봐줄만 했다. 다만, 관객에 대한 배려가 없다.",0
R10905,그땐 시간이 많을 줄 알았지...후회는 언제해도 늦죠 있을때 잘하는게 정답인듯,1
R10906,로맨스와 공포가 ㅈㄴ 적절히 조화된거 같다 무서운걸로 보는게 아닌데 댓글중에 ㅄ들 왤케 많지 제목그대로 링 버스데이자나 OO들아 좀ㅡㅡ,1
R10907,후후훗~,1
R10908,오~,1
R10909,그 좋던 만화를 여기까지밖에 못만드나...아쉽다 아쉬워,0
R10910,1번쨰 베스트 평점 극 공감,0
R10911,만화를 보는게 나을듯..,0
R10912,개 삼류 영화,0
R10913,평점이 너무 낮아서 10점 줍니다.,1
R10914,들롱과 (트렁크에서 나온)볼론트의 만남장면이 명장면!,1
R10915,이것이 바로 원조 황진이..,1
R10916,강경준과 서도영 두남자 완전 훈남이다.,1
R10917,마리오랑 루이지가.. 부자 관계~ 젠장~ 이거 15년전에 봤나..,0
R10918,적어도 여기다 스포는 하지 마시죠. 노출이 쉬운 베스트 댓글에 떡하니 스포가 되있으니 훨씬 재밌게 볼수 있었던 영화 관람이 엉망됬네요.,1
R10919,ㄷㄷ최악~~,0
R10920,역시 이 영화는 마지막 반전이 짱..설경구가 딸 만났을때 헐..그때의 그 충격이란...다시 한번 봐야지,1
R10921,영화만드는게 장난이냐,0
R10922,애초에 영웅본색을 리메이크 한다는거 자체가 무리수...,0
R10923,내가 미야자키 감독 팬이었는데 완전히 깨네요. 이 분 치매가 왔나? 극의 전개가 따분하고 모티브도 진부한데다가 작화도 벙벙한게 몇 번이나 졸았네. 그리고 제로센이 그렇게 빨만한 걸작은 아니다. F-6F 헬캣에 관광당한 쉬운 먹잇감 이었지,0
R10924,노잼노잼뭔십자야OOO재미도없는거,0
R10925,결론이 뻔한 영화,0
R10926,솔직히 지루하다 그리고...그래픽이라도좋으면 말을안해-_-,0
R10927,대체 이런영화가 공중파를 타는 이유가 뭡니까?우리 실상에서도 충분히 다룰수 있는 다른 영화도 많은대도 궂이 북한을 예로 든 영화를 다룬다는게 너무도 아니러니 하군요.,0
R10928,지금봐도 감독의 스타일과 박해일의 절묘한 연기... 신선한 소재 재미 ...,1
R10929,주변 평에 비해 뒤죽박죽인 영화.뜯어보면 좋은 점이 넘칠지 몰라도 합쳐놓은 전체는 정말 별로다.,0
R10930,진짜 우리나라라면절대로못할일들이다 완전너므감동...최고다진짜,1
R10931,이런영화 볼가치 조차 없다..,0
R10932,ANG?,1
R10933,"반전을 상상하긴 했지만, 공포가 아닌 장르에서 이런 경험은 처음 ㅋ",1
R10934,ㅅㅂ ㅋㅋㅋㅋㅋㅋ,0
R10935,이런 느낌 좋아하고 재미도 있어요,1
R10936,뭐가감동적이지 ?무슨말인지?,0
R10937,주걸륜 연기 개어색해.ㅋ.ㅋ.ㅋ.,0
R10938,비쥬얼이 대박 스토리도 개운함,1
R10939,얼마나 재미없으면 462위일까,0
R10940,윤하,1
R10941,사다코 win,0
R10942,이것은 한마디로 레전드입니다.,1
R10943,진짜 무시무시한영화다!!!!!!!!!!!!!!!!!!!!,0
R10944,제9회 뉴욕 호러 필름 페스티벌 감독상 수상작 .. 그저 웃지요,0
R10945,"자신을 구속하는 것들로부터 벗어났을 때, 진정한 자신의 삶을 살 수 있다. 루시엔은 옛 연인으로부터, 앨런은 제도권 교육으로부터... 주제를 알고 보니 좋은 영화라는 점을 깨닫게 되네요.",1
R10946,ㅋ최고다 또보고싶다.. ㅋㅋㅋ,1
R10947,정체성에 대해 이야기하고 싶어하는건 알겠으나 알속을 본후 느껴지는 허무함과 영화의 무게...,0
R10948,정말 대단한 영화입니다,1
R10949,평점이 0이네... 탕웨이의 투캅스 ㅋㅋㅋ,0
R10950,"상혁이랑꽃님이가결혼하지못하는이유가참답답 장순애,양꽃님너무답답한캐릭터에짜증",0
R10951,최고의 한국 드라마라고 생각합니다!!! 이 드라마 만큼 인간의 감정을 잘 그린 작품은 없습니다. 제발 2탄이 나왔으면 좋겠습니다. 감우성과 손예진이라는 배우가 다시 만났으면 합니다.,1
R10952,"섬마을선생님이오랜항해이후, 천신만고끝에도달한곳은?그곳이바로 그유명한 귀천도...",0
R10953,알다싶이 내이름은 지-조! 투게더브라더스의 하나뿐인 히어로!,1
R10954,오빠눈은 거짓말탐지기야 오빠는 세상에서 거짓말하는 사람들이 제일루다가 싫어 아주 시바 쳐 죽이고싶어,1
R10955,개재밌다ㅋㅋ레알,1
R10956,명작이나 지루한건 어쩔수가 없다,0
R10957,돈을 똥통에 처박은 꼴...초딩도 이거보다 나은 영화 만들겠다...;;;,0
R10958,어설픈 이야기를 메워야할 액션마저 부족해서 몰입이 되지 않는군,0
R10959,장난하냐?,0
R10960,"평화는 사랑하고 염원하는것이 아니라, 지키는 것이고 그걸 위해 힘을 키우는 것이다.",0
R10961,"뭔가 더 나올거같았는데 끝.공포감↓반전은약간좋았다는,",0
R10962,스토리는 가히 최고라고 할 만큼 진보되었다.. 사무엘 L잭슨의 연기도 인상적,1
R10963,내용은 기억안나고 애들이 너무 시끄러워서 짜증났음,0
R10964,전작의 똥칠.,0
R10965,인간의 만행에 대해서 다시 한번 생각하게 하는 영화!!,1
R10966,왠만하면 끝까지보겠는데.....취향문제겠죠??,0
R10967,얼마만에 손에 땀을 쥐면서 본 영화인지 ㅋㅋㅋㅋ,1
R10968,목소리가 뭐라는지 하나도 못알아듣겟네요....보는내네 졸려죽겟고 화나내요 진짜 '말하는' 건축가네요 진짜주저리주저리 말만하네요....어휴,0
R10969,그들의 욕망은 더러운가? 출중한 외모의 부유한 정상인들의 욕망은 깨끗한가? 그들을 보듬어 줄 수 있는 유일한 방법이 환상 또는 죽음뿐이라는 사실이 슬프다. 오랜만에 눈물나는 영화을 봤다.,1
R10970,제시카 알바 진짜 너무 예쁘다,1
R10971,만화영화를 실사로 시도한건 좋은데 너무 갈라파고스 일본스럽다. 제발 이런 정신이 붕괴되는 영화는 만들지 마라.,0
R10972,여자 예쁘지만 나머지는 좀 충격이다....,0
R10973,윤승아 때문에 볼려고 해봤는데 너무 재미없음. 뻔한 로코물,0
R10974,ㅎㄷㄷ 일본꽃남 다보고 바로보니 비교된다. 예상보다 훨씬재미없다.,0
R10975,<나무없는 산>에서 진짜 감동을 봤다!,1
R10976,ㅡㅡ이게지금뭐하자는건지,0
R10977,야한줄 알고 봤다가 반전이네;;뭐 조연급들 배우가 죄다 연기파에 뮤지컬배우에;;감독도 알고보니 유명하고 신인 여배우도 캐스팅 잘된것같고..봉태규가 하도 허접한영화들에 출연을 많이 해서 이것도 졸작인줄 알았는데 나름 감상적이게 봄,1
R10978,전설이지 전설......,1
R10979,나도모르게몰입했다.,1
R10980,간첩볼바에 예비군가서 총쏘는게 더 재밌을듯,0
R10981,......,1
R10982,안보는걸추천.그냥딴거보셈,0
R10983,평점에 낚이지 마시길...혹 본다해도 아니다 싶을때 그만보시길..킬링타임용으로도 부족한 영화..,0
R10984,와.. 정말 박진감 넘치게 재미없네요.,0
R10985,솔직히 3점정도인데 평점이 넘 높다.,0
R10986,"장난하나? 우와 이건 내일의 죠 실사판 보다 훨씬 심하다.내일의 죠도 충격이였는데, 이건 그냥 최악이다.원작이 울고 있다 미친 800억은 그냥 갖다 버렸구나.야후 제펜하고 2ch에서도 이건 아니라고 욕하는 수준이니알만하다. 진짜 실망이다.",0
R10987,장르를 모르고 봐서 그런지 뒷부분에 놀랬다..ㅋㅋ 최민식 전도연 연기에 몰입도짱.,1
R10988,조오오오오온나재미없고 무섭지도않고 1편이훨씬나음 걍이거보지마셈,0
R10989,이런게 시간영화지.!,1
R10990,이런 영화 다신 없다...50번은 넘게 본 영화,1
R10991,.... 옛날엔 참 재밋게봤는데김구라 그딴식으로 다른연애인 지적하면서밥벌이 하고싶냐? 그냥들어가라 다시,0
R10992,솔직 잘만듬 ost부터 넘좋앙 스토리 ㄱ구성도 꼼꼼하구 ㅜ대사하나하나신경쓴거봐봐.. 연기력도캡배경이며 카메라영상이며 다좋음마술영화라시시할지알았는데 프레스티지랑비교하면쫌그렇지만 이영화가훨낫다,1
R10993,참만 말이 필요없다,0
R10994,청춘의 한 페이지를 장식하는 로멘스 영화의 교과서! 맥 라이언의 귀여움이 백미!,1
R10995,7회 편집이 엉망입니다. 인물얼굴 나올때마다 줌인과 줌아웃이 정신없이 반복됩니다. 어지러워서 못보겠어요. 이거 편집 누가 한겁니까? 내가 해도 이보다 낫겠다. 볼 수가없어!!,0
R10996,역시 아담 샌들러~ 재밌습니다.,1
R10997,연예인이라는 이유로 성우들 일자리까지..,0
R10998,머랄까 정말 머라 할말 수 없는..,1
R10999,사려깊지 못한 영화.한마디로 형편없다,0
R11000,내 최악의 영화ㅡㅡ이건 내용도 없고...무섭지도 않고..,0
R11001,견자단 액션이 나와서 그나마 4점줌 ㅋㅋㅋ 볼보 선전 엄청하는 그런 영화에요~,0
R11002,재밌어요 앞으로도 기대할께요^^,1
R11003,뭔가 맛있게만들려다가 모든 재료를 막부어버린느낌...,0
R11004,영화 잼이있다 ㅜㅜ근데 여자아이가 남자아이 봐꿔가면서 늙어 필요없어 질때까지 이용해 먹는단 생각이 든다,1
R11005,2.256879343,0
R11006,마치 탐정영화를 보고 있는듯한 이야기 구성이 좋네요,1
R11007,이제훈때문에 10점 ㅠㅠ,1
R11008,이거 재밌었는데 ㅋㅋ,1
R11009,영화내용은 사실 별로였습니다. 그러나 고은총님 연기와 얼굴이 매력적이였습이다. 고은총님에대해 더 알아보고싶어 인터넷검색해도 나오는게 없어 아쉽습니다. 고은총님 자주 뵈었음 좋겠습니다.,0
R11010,난 절대 영화에 악평쓰는 그런 사람이 아닌데 이렇게 개연성 없고 얼빵 없고 그냥 감독 지 맘대로 짜집기 한 듯한 느낌의 영화는 처음이다 진심 수백편의 영화를 보며 이렇게 시간아까운 영화는 처음이다 어이가 없네 씨 바,0
R11011,"엄마가 무서워서 그래도 짜장면,사이다를 사주는데 박통, 전통은 이를 엄마도 없네요.",1
R11012,날 사랑해줘서 고마워.. 이걸로 모든걸 표현할수있다,1
R11013,조카들이 좋아하더라구요... 더빙판이라 전 좀 흠흠..,1
R11014,다큐를 논하기전에 재미가일딴없다,0
R11015,진짜 만화는 잼는데... 무섭기만 하지 인간들도 다 옛날이구 정말 실망,0
R11016,귀요미 캐릭터에 재미있는 스토리까지 진짜 아이들 애니로는 추천!!,1
R11017,정말 연걸이햄 빠돌이였지 ㅋㅋ 정말 재미있게 봤던 영화 ㅋㅋㅋ 굳!!,1
R11018,깜짝놀랄정도의 허무한결말 삼부작드라마라고했으면 좋았을것보는과정은 아주지루하진않음,0
R11019,영화 속 또 다른 연기에 농락당하다.,1
R11020,너무나 재밌습니다 케로로너무좋아요,1
R11021,영화를 보고난후 느낌.. 아~ 맥없어,0
R11022,별로인것같네요노이어,0
R11023,이전택시시리즈에 비해 수준이 낮아졌다. 개그도 액션도,0
R11024,결방했건 안했건 잘못한건 드라마 제작진들이 아니라 스브스인데 자기 보고싶은 예능프로 못봤다고 점수 깎아내리는 심보는 뭐지?,1
R11025,친구랑보다가지루해서때려쳤는데 혼자있을때보니까 아왜이리재밌엉 여주인공이뿌넹,1
R11026,진짜 뚱이 너무 싸랑하므,1
R11027,이런 기대도 않고 봤는데 역시 키아누.....멋지다,1
R11028,"늙은 영감탱이가 나이어린여자와 죽기직전 순수한 결혼식을 올리고 데이트하는 장면까진 좋았으나, 같은침대에서 옷벗고 거시기 까고 섹스하는거보고 매우 역겨웠음. 감독이 누군진 몰라도 정신세계가 참 썩어빠진듯. 너무 더럽고 기분잡쳤음 마지막에 어휴..",0
R11029,액션 타이틀만 빼면 괜찮았는데...,0
R11030,존나 병맛임 시간아깝다 ㅠㅠ,0
R11031,명작 소설을 망친 영화,0
R11032,일본남자애들이소리지르는거완전....ㅡㅡ 이얘에에아아아아~zzz,0
R11033,재미없음..지루하구..허무하게그냥빨리끝내버렸음,0
R11034,정말 현실감없는 스토리 작가가 초딩인가 정말 최악이네 얼릉 끝나고 재미있는 연속극이 했으면 ㅠㅠ 제발 황금같은시간 지루하게 보내지 않게...,0
R11035,유럽영화를 좋아하신다면 정말 재밌는 영화,1
R11036,주인공은 훌륭한 연기자이자 감독...,1
R11037,나 이거 봤는데 잼 있어여~^^,1
R11038,모든 구성 요소가 완벽에 가깝다고 생각되는 수작,1
R11039,"지금 보기엔 뻔한 스토리, 캐릭터마저 진부하다",0
R11040,제발 보지 말기를 최악의 영화 차라리 낮잠이나 잘껄,0
R11041,음 스멜~,1
R11042,"어릴때봤던 후레쉬맨, 바이오맨, 마스크맨 수준하고 동급이구만. 평점 가관이구만ㅋ 1점도 과한 영화..",0
R11043,태풍의 강렬함과 태양의 뜨거움!,1
R11044,"멜깁슨이 아니었음 그냥 미친형사이야기, 하지만 그로 인해 최고의 영화가됐다~",1
R11045,너무감동적인영화네요 나중에한번더보고싶습니다.,1
R11046,"여자들이야 어떨지 모르겠지만 남자들에겐 공감을 얻기 힘든, 신변잡기에 가까운 느낌",0
R11047,불륜녀 너무 애같이굴어서 짜증나ㅡㅡ 엔딩도 구림,0
R11048,"착한 마미아 형제, 뒤로 호박씨 까기의 달인인 역겨운 계집들... 토 나오는 에리카.",0
R11049,1시간 40분 정도까지 보고 바로 삭제 햇음..ㅠㅠ짜증이날정도로 재미 없음,0
R11050,"이런 개막장 시나리오를 봤나. 극장에서 안 보길 정말 잘한 것 같다. ㅠㅠ 연출도 별로였고, 음악이 영화를 살린 케이스.",0
R11051,그래도 열심히만든영화인데 너무욕하지마세요!!,1
R11052,애니메이션이어서 유치했다 싶었는데 코다케가 너무 귀여워요그리고 좀 슬프기도 하네요....,1
R11053,막장?대체 자식이랑 가족은 있는 인간들이 만드는지그냥 미혼모면 좋은사람 나타나고? 가족이든 말든 끌리면 결혼? 자극적인게 그리 궁한건지ㅠ스토리 정화운동 이라도?,0
R11054,난 재밌었는데... 난 유치한걸 좋아하는가보다...,1
R11055,개집 안에서 그로밋이 사진 볼때 그때나 지금이나 울컥하고그로밋 떠나고 펭귄이 전자바지 앞에서 오토드라이버 돌릴 때 지금도 후덜덜;,1
R11056,다소 지루하다. 하지만 담고 있는 내용이 워낙 훌룡하다. 평점 조절이 필요하다.,1
R11057,2시간이 20시간 처럼 느껴졌다..쿄코는 좋지만 이건 좀..-_-;,0
R11058,비기:=_=평점낮추기..~~,0
R11059,초ㅣ고 ㅋ,1
R11060,갑을 그대로 둔 채 을과 병이 싸우는 블랙코미디는 지금도 현재진행형.,1
R11061,제 평생 최고의 로맨스 드라마인거 같아요!,1
R11062,추석때 특선영화 해주는거 봤는데 진짜 가족들끼리 보기 좋은 영화였음!,1
R11063,딱 B급영화 비는 말마다 롸져 롸져 ㅋㅋ,0
R11064,영화 처음부터 끝까지 지루할 틈이없다. 최고의 액션영화,1
R11065,아...연기력....빠져들었다.,1
R11066,자연 속에서 폭력을 배운 타잔 현실에서는 폭력에 경악하다 즐,0
R11067,주연은 물론 출연한 모든 배우들의 너무나 어설픈 연기와 발성연습 부족. 주연배우는 바이올린 연주만 자연스러울 뿐 연기의 기본 실종. 초딩수준의 대사 등등 수준 이하의 완성도를 보여준 영화. 음악이 아까움. 오로지 파가니니에 대한 예우로 별 한 개 줌.,0
R11068,의외로 괜찮은 영화,1
R11069,티아라때문에 좋은작품 다 버리네 티똥년똥물때문에 고생하세요,0
R11070,"세세한 곳에서 감성을 느낄 수 있고, 정말 '사랑'이라는 감정을 생각하게 된다.",1
R11071,"케빈 베이컨, 제프 브리지스, 라이언 레이놀즈, 메리 루이스 파커... 배우가 아깝다. 배우 빼면 빵점 주고 싶을 정도...",0
R11072,아름답고 소소하고 슬픈 이야기 공포타이틀을 달았지만 공포는 없어요. 작품성은 정말 좋아요,1
R11073,아 정말...10점짜리 댓글분들 소름이 돋는다느니 긴장감이 넘친다느니 하시는분들...진심이신가요? 배우진은 너무 좋았지만 스토리가 이렇게 지루한 스릴러는 정말 간만이네요. 다큐수준입니다. 스토리 연결도 너무 이리저리 튀면서 엉성하고. 몰입이 불가능함,0
R11074,쌍용의 패배는 당신과 나의 패배다. 이제 누구도 자유로울 수 없는 시대다.,1
R11075,이렇게 지루한 영화가 큰상을받다니,0
R11076,이 시대가 나은 히대으 극작,1
R11077,"이영화 보지마세요 진짜.. 시간아까움,, 내용도이상하고 암튼 별로에요",0
R11078,말라보냐 보지마 개못만듬 ㄷㄷ,0
R11079,대한민국 20대~30대의 삶인듯,1
R11080,영화가 왜 이렇게 거들먹대. 너무 직접적이다.,0
R11081,"으따, 전라도에서 일어난 사건을 모티브해서 영화화했더니 장소가 강원도로 바뀌었당께? 전라도와는 상관없는곳으로 바꿔버리는 우덜식 모티브랑께!",0
R11082,평점보고 속아보았으나 다 큰 남녀가 공감하기엔 너무도 유치한 이야기. 1점까진 아니나 평점이 과한 관계로...,0
R11083,난 공포영화 좋아하는 편인데도 이건 진짜 별로 였음 .........,0
R11084,불평 그만해라.ㅡㅡ 노출이고 뭐고 정말 영화를 사심없이 봤다면 진심으로 아름다운 영화라는 말밖에는 안나온다. 아... 정말 이 영화는 저평가되선 안되는 영화다.,1
R11085,참다 결국 포기하다.,0
R11086,...게이에 대한 편견을 깎기에 좋은 영화라 생각해요.,1
R11087,3류 허접영화. 어설픈3D적용. 배우모두 어설프고. 이런걸 수입하다니..ㅉㅉ,0
R11088,틀린주문을 그대로 영화제목에 썼다.. 일어로 번역하자면 '영혼 고등어..',0
R11089,반전이 없었다고? 뭔 개소리지..,1
R11090,정말 감동적이에요ㅜ 다시 한번 가족의 정을 느낄 수 있었습니다^^,1
R11091,케타로 성우 넘 목소리 웃기다. (예: 히이익~),1
R11092,정말 재미있게 보았습니다. 공감대 형성이 잘되고 심리 묘사가 잘되어 있네요. 보는 내내 흥미 진진 했습니다. 런타임이 짧아서 아쉬울 정도....혼자서 보기는 아까운 영화네요.. 부디 저로 인해서 많은 분들이 봤으면 하는 영화 입니다.,1
R11093,자신이 어른이라고 생각한다면 위로 받을수 있을꺼임 ㅋㅋㅋㅋ,1
R11094,악어와 1;1 맞짱 부터 골떄렸다.. 그떄 보지말았어야 했네..,0
R11095,다크나이트 동전던지기에 이은 덜컹덜컹 울퉁불퉁 ㅋㅋㅋㅋ,1
R11096,참..어이 없다..10점 쓴 사람은 뭐야.. -_- ;;;;;,0
R11097,정말 추하다 추해! 왜 0점은 없는거야? 1점도 아깝네,0
R11098,초반 주인공아빠 어설프게 뒷목잡고 쓰러질떄 눈치챘는데..왜 끝까지 봤지;;,0
R11099,기괴하지만 사랑스럽다. 싸구려같지만 아름답다.,1
R11100,다시보기로 다시봤는데 역시 시간이 지나두 재밌다♥♥,1
R11101,무슨 개 거지 쓰레기 영화냐 ㅉㅉ,0
R11102,다큐멘터리 영화이니 흥미있는 사람만 보길 권합니다. 본인은 만족했습니다.,1
R11103,이토록 매력적이고 이토록 사랑스러운 여자가 또 어디 있을까.,1
R11104,평점조지기,0
R11105,13일의 금요일도 정부으 음모아닌가요? 민주화해야겠네요.,0
R11106,제목보니 답나온다 ㅎㅎㅎ,0
R11107,드림웍스 최고의 영화 애니메이션보고 전율을 느낀건 처음이였다,1
R11108,졷 지 루,0
R11109,"게임보다 조금나은 CG, 게임보다 떨어지는 타격감.. 낚였다...",0
R11110,강리나 박사께서 휠체어 타는 씬은 명장면,1
R11111,원작에서 나오는 매혹적이고 잘생긴 벨아미를 기대했으나 너무 못살렸다. 저런 남자에게 여자가 꼬였다는게 공감이 안된다. 모파상이 살아서 이 영화를 봤다면 불같이 화냈을 것같다.,0
R11112,때려 쳐...,0
R11113,소재도 참신하고 정준영씨의 아이를 보살피는 모습을 참 흐뭇하게 봤습니다. 나이에 비해 아이를 참 잘 돌보더군요. 아이가 나중에는 헤어지기 싫어할정도로. 고정프로가 되길 바래봅니다.,1
R11114,6점이 적당함. ㅎㅎㅎㅎ,0
R11115,개인적으로 최고의 영화....,1
R11116,시걸이 나온 최근의 c 마이너스 급 영화중에서는 그래도 재미있는 편.,0
R11117,별반개두 아깝다...보는동안 하품만나오게한영화;;그이상 그이하두아님...,0
R11118,재미 없을거 같다 예고편 보니깐,0
R11119,뭐지~?하다가 끝까지 쭉 재밌게 봤음ㅋ,1
R11120,나진짜이거오래된영환줄..파라노말원작이있다해서이건줄알았다;결론은재미x,0
R11121,최고의 작품......고립된 공간에서 벌어지는 혈육에 대한 여자들의 광기.....,1
R11122,"케이블티비 인 ""히어로TV""에서 우연히 봤는데.. 왠만한 스릴러/서스펜스보다 뛰어난 상상할수 없는 충격을 준 영화. 어떻게 이런 구성의 영화가 나오는지?? 끝의 ""감사합니다"" 자막을 보고 나서 혼란에 휩쌓였음...",0
R11123,엄청 집중해서 본 영화 재미있게 잘 봤다ㅋ,1
R11124,'연애시대'는 참 좋았는데...,0
R11125,생각보다 괜찮은 B급 영화...마지막에 좀 짠하다...,1
R11126,난 그래도 태권선수들 지들 도장홍보할때 이마에서 피나는거 좀 웃겼음,1
R11127,평점 오ㅑ이래 ㅡㅡ????,1
R11128,재미없고 야하다..,0
R11129,개독영화는 안봐도비디오,0
R11130,프랑스 친구와 몇일 함께 지낸 듯한 경험 이외에는 별반 감흥 없다. 비포선라이즈와 선셋에서의 감동을 기대할 수는 없겠지만 극을 끌어나가는 맥락이 너무 약하다.극중 쥴리델피의 부모가 실제 부모라는 사실이 재밌네. 포스터의 저 유치찬란한 카피 봐라.,0
R11131,추억은 슬프다..,1
R11132,여운이남는 영화...,1
R11133,이게영화냐????,0
R11134,나름 재밌게 봐서 9점 지금까지 중에 탑3 안에 들 거 같은데.,1
R11135,"추억팔이를 하기에는 7,80년대가 섞이는 등 중구난방이고 이야기에서도 역부족. 우둔한 감성들을 위한 시간 낭비용 3류만화",0
R11136,"표절의혹이라기보다는,표절확신임.창작자로써의 부끄러움도 수치도 모두 잊은 드라마.",0
R11137,나른한 일요일 오후에 한껏 게으름피우다 완전 몰입해서 보고 여운이 길게 남네요...,1
R11138,이래서 0점이 필요하구나,0
R11139,뭐지이건....?ㅋㅋ,0
R11140,괴작도 아니고 고등학교 습작 수준도 못되는,0
R11141,그냥 안 무섭다,0
R11142,보다 말았다..,0
R11143,제목은 거룩한 인데... 내용은 아주 안거룩하네...,0
R11144,존나 지루하다ㅡㅡ 불면증 있는사람들 자기전에 이 영화 추천함! 에라이 퉤,0
R11145,마지막이 참 씁쓸하네....,1
R11146,미칠듯 어설프다,0
R11147,있는 그대로만 보자 보이는건 거의 없다 지루하고 늘어진다,0
R11148,최강희도 이선균도 배우 좋아서 끝까지 봣는데 아놔..?강희 언니 왜 저런 캐릭터로 만드냐고ㅠ 감독이 남자분이신지 감정선 표현이 거의 없고 이해안가게 휙휙 전개 넘어가는 게 화남. 글고 이게 왜 19금인지..ㅠㅠ 안나옴 안나와 하나도안나옴돈아깝다 흑흑,0
R11149,"윤여정 쌤, 말씀 너무 멋집니다. ""나도 67 처음 살잖아. 설레지. 그리고 너무 처음이 아니면 이렇게 안할텐데 너무 아쉽지.""",1
R11150,별 하나도 없는건 없나?,0
R11151,발로 만들어도 이 영화보다 낫겠다. 아~. 이건 뭐 재미도 없고 스토리도 없고 ... 참 오랜만에 보는 답없는 영화임.보면 절대 후회함..,0
R11152,"의외로 괜찮았어요. 다만 해석을보지않으면 이해하기 난해한점이 아쉬웠네요. 영상미, 연기력, 소재등이 좋았어요.",1
R11153,이건 자체로도 너무 수작이지만 이전 스토리의 연결고리를 너무 기가막히게 만든 것도 대단함. 이거 보고 매튜 본 감독 팬됐음.,1
R11154,으흐흐 아 용화 신우 때 완전 풋풋하다. 역시 이신보다 강신우가 진리!,1
R11155,재미는 없다 근데유치하다는놈들뭐냐유치한거알고보는거아닌가?,0
R11156,난 이 배우 조음,1
R11157,고딩때 학교에서 봤는데.. 스릴있고 재밌음,1
R11158,명배우들의 열연만 돋보인다,0
R11159,연기자들 왜이리 못해여? 이유리씨 얼굴에 손댄건가여? 얼굴이 부자연스러워서 보기가 민망해여.. 얼굴 근육이 안움직이는거같아여...지현우역은 진짜연기 못해여... 연기 연습좀 더 마니 하셔야 할것 같네여..ㅠㅠ 어쩜 표정두 행동두 부자연 스러운지...,0
R11160,어디 홍콩영화를 보는 듯... 유치짬봉이넹...,0
R11161,"최악,그나마 1점 주는것도 영화 오프닝 하고 다아안 키튼,레이첼 맥아담스 나와서임",0
R11162,1점도아깝다 OOO기다진심 중색기말존나많네 까버리고싶음,0
R11163,팰튼 톰..ㅎ♥♡말포이!!,1
R11164,ㅋㅋ한국사람들의 발연기..길지나다가 아무나 캐스팅했나.....,0
R11165,상한돼지고기먹으면 뇌종양생김,1
R11166,평점올리긬ㅋㅋㅋㅋㅋㅋㅋㅋ,1
R11167,이게 뭐지 이게 뭐지 이게 뭐지,0
R11168,네이버 평점은 반대로 봐야 한다,1
R11169,시간이 흐를수록 남자주인공 피골이 상접해지는 영화,0
R11170,감사용 선수의 끈기와 노력에 감동했다.,1
R11171,와 10점으로 낚시하는 색히들은 진짜 뭐냐ㅉㅉㅉ,0
R11172,아아아아 초음파에 지리고 갑니다,1
R11173,승자들의 영화. 보고있는데 참... 이딴걸 만들다니 외국에도 쓰레기들이 좀 많은듯,0
R11174,갈수록 진부하고 지루해지는 뻔한 김수현식 레파토리.,0
R11175,굿모닝 프레지던트이후로 장진은 정말 .... 맛간거같음,0
R11176,우연히 채널돌리다가 봤는데 재밌어서 채널안돌리고 계속봤네요 ~~~ 지상파인줄알았어요 ~주인공과 친모와 그딸의갈등은진부한소재이긴하지만.재밌어요 ~^,1
R11177,아주 귀여운 영화. 보다가 몇번 폭소했다,1
R11178,움,1
R11179,자막없이 보았지만 한때춤을추던 나에게는 더없이 특별한 영화였다.,1
R11180,이 영화 완전 시간 아깝잖아?,0
R11181,있는 그대로의 상대를 받아들인다는건 이런거구나... 가슴이 먹먹해지는 영화였다,1
R11182,이제서야 열심히 봤다. 왜 지금 보게 되었는지;;,1
R11183,그냥 가볍게 보면 됨,1
R11184,쾌락은 짧고 후회는 길다...흔들리는 사람들이 꼭 봐야할 영화,1
R11185,굿 강동원 하지원 안성기 굿 .,1
R11186,시간 때우기로 재밋다,0
R11187,~~~~^.^~~~~ 좋음,1
R11188,생각없이 급조한 영화....cg도배보다 각본에 더 신경써야...,0
R11189,아직 안봤다,1
R11190,스토리가 상당히 유치하고 진부함. 차태현은 사투리가 어울리지 않음.,0
R11191,무섭지도 않고 지루 하다 .,0
R11192,알바야 지우니?,0
R11193,정말 재미있네요~^^,1
R11194,인터넷에서 총씬 보고 과대평가된듯.. 영화나 보고 쓰는거냐?ㅋㅋ,0
R11195,"내 이유모를 우울한 청춘, 그 시절의 자화상 같은 영화.주인공 이니드의 넘버 원 판타지를 싣고 떠나는 버스의 뒷모습,그 마지막 장면이 잊히지 않는다.",1
R11196,우리나라는 왜 후속작을 만들면 다 망작을 만드는지.......,0
R11197,영화를 좋아하는 한사람으로 이런영화를 내놓은 감독이라는사람 한심하네요,0
R11198,진짜 재밌고 마음이 따뜻해지는 영화! 보는내내 행복한 미소가 입가에서 떠나지를 않앗던..ㅎㅎ 학교에서 애들이랑 같이 봤는데 박장대소도 몇번이나 햇네용ㅋㅋㅋㅋ 꼭 보세요!,1
R11199,준기니깐♥,1
R11200,일본이니까,0
R11201,스티븐 시갈.......장클로반담. 제이슨스타뎀과 더불어 쓸헤기 영화만 양산. 소장가치 빵점,0
R11202,한번볼까...~ 예고편 먼저보길 다행 감독잘못만난 소라가 개불쌍,0
R11203,레드 1이나 2나 재밌는데 ㅋㅋㅋ 3도 나올라고 하나본데 언제 개봉하지 ㅠㅠ,1
R11204,내용도 흥미롭고 정말 재미있었음 tv용으로는 더바라면 사기꾼,1
R11205,재밋게잘봤다 생각이많아지는영화,1
R11206,재난영화인줄 알고 보았는데 블록버스터 코메디 영화입니다. 정말 웃긴영화입니다. 어이없어서요 보시면 왠만한 코메디보다 정말 재미있어요 진짜요,1
R11207,저 꼬마 캐릭터가 참 맘에 든다,1
R11208,"정말재밌게본영화이고, 마음을따뜻하게해주는영화!",1
R11209,역시 ㅠㅠ보고또보고 볼수록 매력잇는 드라마네여 ㅎㅎ 클래식을 소재로 했지만 지루함이 없고 클래식 이라서 더 매력넘치는거같에여 ㅎㅎ 쥬리씨 노다역 너무 매력터지심 ㅠㅠ,1
R11210,오랜만에 기억에 남는 영화였음,1
R11211,처음 이런거 남겨보는데..드라마 보면서 매회 운 드라마 이게 처음인 듯해요.. 마지막회보는데도 계속 눈물이 흘러서 휴지 엄청 썼네요ㅋㅋㅋ진짜 마음이 따뜻해지는 드라마였어요..배우들 전부 연기가 정말 뛰어났어요 특히 김재원씨 진짜 연기 잘하는 것 같아요,1
R11212,"히어로라고 전부 초능력이있다? 절대! 히어로영화를 현실적으로 만들어냈다.즐기고 유쾌하게, 액션은 화끈! 유머러스한 분위기까지!누구나 히어로가 될수있다. 무엇이든,어떤일을하든,우리가 보는 주변 모두는 진짜슈퍼히어로이다.클레이모레츠의성장기같은영화.",1
R11213,저기 조세호씨.. 작작 깝쳐주시면 안될까요?? 그 몸에 나나를 좋아하시나요?? 살이나 빼고 깝쳐주시져.. 14년?간 Mc만 햇으면 적당히 깝쳐야지 왤케 깝치시나요.. 나나한테 제발 부탁이니까 작작깝치세요..,0
R11214,살짝긴장감이있었지만..재미없었다....이건아니잖아..마지막멍미 ㄱ-평점이넘높다,0
R11215,에로영화 감독의 자기 포장... 눈물겹다,0
R11216,뭔가 진부하다.....삼류영화의 틀에서 절대벗어나지 않았다,0
R11217,김강우 라는 배우가 이렇게 짜증나게 연기 하는지 처음 알았다. 진정한 발연기의 신이다!올해본 최악의 영화 1위 인정!티비에서 공짜 영화보다 열받긴 첨이네 ㅡㅡ^,0
R11218,배경 좋고 스케일만 크고.. 아기 연기가 좋네요 ..,0
R11219,나탈리아 와아.... 바람핀거였어..... 확실한 영상이 나왓음 했는데....,0
R11220,수학천재 이시가미와 물리천재 유카와의 두뇌 대결과 마지막 반전이 무척 흥미로웠습니다! 그리고 영화를 보는 내내 집중하게 만드는 매력이 있었습니다~,1
R11221,적어도 좀비랜드나 킬좀비같은 쓰레기들 보다는 백배천배는 낫다고생각함....,1
R11222,"어색한 각본, 어색한 설정, 어정쩡한 이야기....ㅠㅠ",0
R11223,이게 왜 수작이라는지 도저히 이해가 안되는 ...,0
R11224,생각보다 재미있고 킬링타임으로 좋으나 스토리가ㅋㅋ,1
R11225,이거 0점은 안되나 1점이 아까워,0
R11226,애들이 너무너무 좋아해용,1
R11227,스토리가 그닥있나...,0
R11228,배경이 너무 예뻐서 영국 당장 떠나고 싶게 만든 영화....하지만 연기가 너무........어색했어요...그래도 마음 속 깊이 여운이 남네요,1
R11229,뭐다,0
R11230,이 것도 영화라고 만드냐!!!,0
R11231,"[쏘우] 이후 가장 애잔했던 죽은 척, 도도한 웃픈 반전.",0
R11232,20년 된 작품이란걸 감안해도 재미가 없는건 어쩔수가 없는거 같다/,0
R11233,아저씨 짱좋아요ㅠㅠㅠ,1
R11234,1996s년 중3때 학교에서 극장에 강제로보게한 영화긴하지만 후회없이 재미있게봣습니다... 살기좋고 추억도많은1990대로 다시 돌아갈수있다면 얼마나좋을까요 ㅎㅎ,1
R11235,돈주고 안보길 다행,0
R11236,재미도 없고 감동도 없고,0
R11237,대체 왜 니콜이 이딴 영화를...이해불가...,0
R11238,힛걸의 등장신에서부터 신선한 충격을 받았다. 인상쓰는 표정이 어찌나 귀여운지... 최고의 영화. 유일한 단점은 눈버릴 2편을 가지고 있다는 점,1
R11239,마지막장면을 보면서 이렇게 울어보기도 오랜만인것같다. 두고두고 생각날것같은 좋은 영화♥,1
R11240,제목의의미는보고나서관객의입에서나올소리를예상한말,0
R11241,"Carpe diem! we will meet again, Captain~",1
R11242,자 그럼 이제 농구를 보도록할까?,0
R11243,너무 아프지만 아름답다.,1
R11244,몰입이 안된다 연기가 부족하다,0
R11245,보통 이런영화 지루하기마련인데 지루하지않다,1
R11246,서로 사랑하기에 아름답네요,1
R11247,"발생시기는 2011년초, 최초발생장소는 센다이로 재앙의 내용만 다르지 정확한 예언",1
R11248,이병훈 사극중에서 가장 졸작이었던.,0
R11249,난 너무 지루했다..,0
R11250,"전작보다 100 재밌다. 배우, 내용 모두 세련됨",1
R11251,일탈하고싶은 욕망이 가득한 두 유부녀의 막장 이야기. 모방 범죄를 유혹하는 위험한 스토리.,0
R11252,글쎄요... 옛날이나 지금이나 쫌 이상..,0
R11253,영화가 그럭저럭 재밌지만 고평가가 심함..,0
R11254,젊은 나스타샤킨스키..,1
R11255,이딴 쓰레기가 어떻게 멜로/로맨스냐. 에로물이지.,0
R11256,"1,2편,다편으로,쳐서,보내버리고 싶다.태와영자가 나오는,로드넘버임",0
R11257,진짜 아웅 산 수 치 여사가 얼마나 대단한 분인지 알게됬다능!!!,1
R11258,진짜 왠만하면 끝까지 다 보는데..OO..포인트아까워ㅠㅠㅠ진짜 딴거 보세요ㅠ,0
R11259,"스토리, 설정, 소재 다 마음에 들었습니다. 정말 재미있게 봤네요.",1
R11260,"나도 모르게 ""지루하다"" 라는 말이 나올 정도",0
R11261,ㅋㅋ생각외로 잼있는 영화,1
R11262,가택연금보다 진짜 무서운것은 상투적인 호러를 봐야한다는 극장감금.,0
R11263,"영화는 영 황이었고, 이상훈의 양아치 연기만큼은 최고였다",0
R11264,"(좋은 뜻으로) 시청자들까지 DID 오게 만들 드라마입니다. 마음의 상처는 단순히 극적 재미를 위한 장치가 아니라 함께 이해하고 끌어안아야 할 아픔임을 꾸준히 설득하기 위해 다가가려는 모습이 보기 좋습니다. 어디 가서 막 자랑하고 싶어요, 이 드라마.",1
R11265,시답잖은 군바리시절 옛추억은 싸질러놓지말구 홀로 고이 간직하길.. 영아니지만 참고 꾸역꾸역봤음,0
R11266,행위예술 '프리러닝'의 경쟁반대철학을 무시한 예술의 매춘행위라할수있는 할리우드 영화.,0
R11267,저 여자 절벽이었던 건 어제오늘 일이 아닙니다 고갱님들.,0
R11268,1편보다 연출도 떨어지고 악마가 이렇게 약해도되나싶을정도로 괴롭힘당함,0
R11269,0점이 없어서 1점준다 녹음을 어떻게한건지 무슨말하는지 하나도 못알아 듣겠다수면제가 따로없네,0
R11270,빈약한 스토리 하지만 몰입도 만큼은 부정 하지 못했다,1
R11271,불쌍해서 19,1
R11272,시간이아깝다..송강호믿고보기엔 이나영연기는..유하감독도 이제메가폰놔야할듯..,0
R11273,많은 시간이 지나서야 이제야 이 영화의 진 면목을 알겠네요.,1
R11274,영화는 분명 b급이다. 만화를 그려도 이정도로 막장스토리를 쓰진않는다. 러닝타임이 3분의1쯤 전개될때까진 지루하기까지하다. 근데 어느순간 눈물이 핑돌거다. 그리고 다 보고나면 박수치게 될거다.,1
R11275,잘 알지는 못하겠지만 좋다.,1
R11276,보고 후회안했음. 한번 더 봤어요 전,1
R11277,아... 47분봤는데 진심 재미없다... 뭘 보여주고 싶은거냐,0
R11278,이 영화를 다시 볼 수 있게 해주소서,1
R11279,이해 하려면 엄청난 공부가 필요하다.,1
R11280,아네트 베닝 가슴보여주는것 빼고는 열라재미없다,0
R11281,아버지와누나와 비디오로 재밋게봣던 영화 15년전,1
R11282,복싱을 좋아하는 저에겐 최고입니다,1
R11283,2014년에서야 이 영화를 보내요.좋다.,1
R11284,이제까지 왜 이걸모르고 있었지?,0
R11285,그럴저럭 볼만하던데 왜 ㅋㅋ,1
R11286,개양아치 영환데 뭐가 좋다고,0
R11287,이런 개 씨입...,0
R11288,액션신도 나름 볼만했고 스토리도 이정도면 괜찮았지만 중간중간 쓸데없는 장면들을 너무 많이 넣은것같은 아쉬움이 든다.,1
R11289,오랜만에 드래곤볼 즐겁습니다,1
R11290,최고다.. 수잔서랜든의 탭댄스 장면에서는.. 눈물을 멈출수가 없었다.,1
R11291,지대로 웃긴다,1
R11292,이건뭐지.. 영화보는동안 지금이90년댄줄알았다ㅡㅡ;,0
R11293,별 한개도 아깝다. CG가 1980년대영화보다 더 떨어져 ㅋㅋㅋㅋ,0
R11294,재미도 없지만 보고나서 뒷맛까지 씁쓸한 영화 찝찝한기분이 떠나질않는다,0
R11295,걍 평작,0
R11296,"진짜, 조폭연기의원조다운 박신양에 리얼현실감있는 연기,,, 정말 스토리도 너무재미있었음,, 한때 이런말이 있었지?남자들은 비트, 여자들은 약속 꼭봐야한다고,ㅎ 근데 아래 각본에 비해 연기자들과한몰입연기래,,ㅋ그럼이좋은시나리오로 삼류깡패영화찍어야겠냐?",1
R11297,차태현 공효진 김수현 아이유에 맛깔나는 조연과 까메오 !!,1
R11298,미국의 한 평론가가 했던 말이 생각나네... 최악의 영화는 메세지만 있고 재미는 없는 영화다.,0
R11299,레이 파커 주니어의 음악을 들으면 절로 미소가 지어진다,1
R11300,첫장면부터 역전하긴 힘들어 보임,0
R11301,실망스러운 연기....,0
R11302,꼭 평론가 때문이 아니라 이 영화자체가 3류다. 걸데 바퀴벌레들 진짜 짜증나네 평점조절 들어간다.,0
R11303,다이하드만큼 재밌다.브루스윌리스는형사가 제격인가ㅋㅋ,1
R11304,이거 라스트 갓파더 보다 평점좋네 재밋으려나,1
R11305,매우 훌륭한 종교영화,1
R11306,영국에는 영화를 제대로 만드는 사람이 하나라도 있긴 한 건가 포르노를 찍으려면 확실하게 하던가,0
R11307,망작. 전형적인 한국식 신파 깡패영화. 이딴걸 여러번 본다는 영알못 새키들 ㅈㅅ추천,0
R11308,나쁘지 않는데 너무 평점이 낮네요. 7점정도는 되는듯,1
R11309,본 사람이 없어...응?,0
R11310,;;;,0
R11311,아 연기 최고 손에 땀이 가득가득,1
R11312,몇몇 맞지않는 전개도 있지만 이 정도면 훌륭하다. 우리 이순신장군님 영화도 이렇게 만드는 날이 왔으면 한다.,1
R11313,시간이 아깝다...,0
R11314,글쎄다..애매해..,0
R11315,극노잼 이딴게 왜 실검뜸?,0
R11316,송중기가 왜 등장인물에서 빠졌지??? 필모에서 빼달라고 했나 ㅋㅋ,0
R11317,보고 웃어버리자,1
R11318,애들 잘보고갑니다 ㅎㅎ,1
R11319,정말 즐겁고 슬펐다.,1
R11320,역사는 개뿔 의미따위도 없는 현실정도만 좀 묻어나는 영화다,0
R11321,최민식의 연기가 압권이었다.소재는 뻔하지만 극전개 분위기도 좋고 여운도 남구.,1
R11322,나만 당할순 없지 ㅋㅋㅋ,1
R11323,에로장르의 새로운 전환점이된 길이남을 걸작.,1
R11324,사람 마음이란..,1
R11325,중반까지는 그럴듯하게. 차츰 떨어지는 리얼리티와 어설프게 등장하는 양심. 기대하면서 봤다가 실망하면서 끝나는 수천편 영화중 하나.,0
R11326,그냠 영화자체만 보면 괜찮은 영화인데 영화보다 더 드라마틱하고 탄탄한 게임스토리를 아는팬들에게는 그저 쓰레기영화,0
R11327,인디언 출신 동료 병사와의 오글거리는 우정,0
R11328,이거 영화 맞아?,0
R11329,역시 믿고 보는 일본 영화구나!! 소름돋았다,1
R11330,재미 없음..그냥 성인영화임,0
R11331,이 영화에 리처드 기어가 왜 출연하는지 의문점이 남아.,0
R11332,"cg 정말 완벽..,,",1
R11333,하루 너무 귀엽고 멋있어요~>_ 신고,1
R11334,"결말, 반전 , 끝날때가 그나마 재미? 볼만했구 노출은 샤워하는여자 뒷모습만있구 없으니 노출땜에볼려고하시는분들은~ 다른것보세요 암튼끝날때만볼만함그래서 3점~!!",0
R11335,1. 감독이 씨발 바쁜게 아니라면 이따위로 찍을 이유가 없다. 직선으로 가는 길 놔두고 돌아가는걸 두고 획기적이라고는 하지 않는다.2. 영화인들의 특권의식과 그들의 촬영하는 행위에 대한 미화가 듬뿍담겨져있따. 그리고 전체적인 내용 재미도 없고 의미,0
R11336,"재밌게 잘 봤습니다.,,",1
R11337,이딴게 재밌다는 놈들은 머리에 뭐가 들은걸까?,0
R11338,명감독은 시대를 초월한 영화를 남기고 명화는 명곡을 남긴다...,1
R11339,내생에 최고의 드라마 3화에 백독사의 출연여부가 어떻게돼나요?..,1
R11340,교훈을 주려다보니...,0
R11341,술렁술렁 자와자와~~,1
R11342,"11년이 지나고 봐도 재미있고, 의미 깊은 영화",1
R11343,"레알 쓰레기. 연기, 스토리, CG 전부다... 게다가 런닝타임도 지옥을 보여줄만큼 길음",0
R11344,09년 제작한 영화를 굳이 국내에서 개봉시킨 이유를 알고싶다,0
R11345,현실과는 동떨어진 전개. 의형제라고 하기에는 너무 안어울림.,0
R11346,"평점 조절용 이런영화가 8점은 과함 6.5점 정도가 적당함 일단 배우들의 연기 열심히 몰입해서 하는것과 배우들의 인지도는 좋은데 뭔 영화가 내용과 흐름이 전혀 공감이 하나도 안되냐? 저여자랑 자면 날 가져도 좋다, 예비신부의 순결을 뺏어라 참",0
R11347,"드라마, 미스터리, 멜로/애정/로맨스, 스릴러.... 아니 이게 무슨 개족보 장르임",0
R11348,엄마를 보내고 싶지 않아요!,0
R11349,스토리는 있고 공포감은 없는 영화..,0
R11350,조디 포스터가 안나온 이상 망. 줄리엔 무어는 택도 없네. 명작이었을 것을..,0
R11351,1등하기에는 부족하지 않나?,0
R11352,길티 크라운 명작입니다 마지막 장면에서 이노리가 슈대신 희생할때가 마음이 찡 했습니다.,1
R11353,"평론가는 개나소나 하네, 이런영화를 경계가 어째??? 이영화에대해 한마디만 해줄께, 평점에 신경쓰지 않고 본다면 볼만한영화그리고 배역,음악,대사, 잘 어우러짐, 무간도 좋아하는 사람이라면 반드시볼것",1
R11354,그냥 c급영화 그냥 오로지 섹스외엔 관심없음독립영화다운 패기도없고 그렇다고 발상자체가유쾌하게만들지도못함 관객을유치한 초딩으로보는것같은 연출임돈내고볼거라면 봐선안됨,0
R11355,내가 본 대한민국 드라마중 최고...후,1
R11356,독립영화만이 주는 미묘한 무언가가 있네요.,1
R11357,독일영화는 잼있을까 하고 봤는데 초반 설명도 너무 많고 살인사건 나고 잠깐 잼있다 말았다. 여즘 재미난 영화들이 많다보니 상대적으로 진부하단 생각도 들고,0
R11358,정말 재밌게본 해리포터 시리즈 중에 하나입니다ㅜㅜ,1
R11359,김강우라는 배우를 알게된작품.. 연기잘하네요. 박용하도물론굿... 잘봤음ㅋㅋ,1
R11360,와우..초등학교시절 추억떠올리는것만으로도..,1
R11361,지긋지긋해서 남은 분량은 안보기로 했어요 초등학생 수준으로 질질 끌고가서 어쩌겠다는거야 드라마중에 최고로 질 떨어지는 드라마네 정신좀 차려라 작가님,0
R11362,보지마세요 후회합니다,0
R11363,"보다가 자다니껜,,,,,,,,,,ㅡㅡ",0
R11364,16회전편 모두에서 염정아의 흐트러짐 없이 눈빛 말투 하나하나가 이 드라마의 주제를 계속 되뇌이게 만든다. 지금까지 본 우리나라 배우들의 연기 중 가히 톱 원이다. 적어도 이 명품드라마에서는 말이다. ^^,1
R11365,김응룡감독이 나왔대서 봤는데 쓰렠ㅋㅋ,0
R11366,모든 일 엔 절실함이 필요한 군.,1
R11367,정말 민망한 영화다.. 정말 궁금하다.. 누가 수입하는거냐? 이런 명작을..,0
R11368,"액션도 아니고,멜로도 아니고,코미디도 아니고.. 도대체 뭔 얘긴지",0
R11369,KBS사랑과전쟁만도못한작품-_-한숨~~,0
R11370,이래서 한국영화는 답이 없는거다,0
R11371,오늘 첨 봤는데 겁나 잼있네 ㅋㅋ,1
R11372,어느 것 하나 놓칠 수 없다. 특히 마지막 성룡의 2 대 1 액션은 최고임.,1
R11373,이유가 없습니다. 호호홐,0
R11374,쓰라린 상처가 있다면 이젠 새로운 연고를 발라도 되지 않을까....,1
R11375,정말정말정말 명작입니다.ㅠ_ㅠ 우연히 봤는데 정말 빠져들었어요!,1
R11376,When everything's made to be broken I just want you to know who I am///고등학교 기숙사에 이 노래 가사가 낙서되어있던게 기억난다... 노래는 좋다 그러나...,0
R11377,스텝헨 쵸-最高!,1
R11378,악의적으로 1점주는 새끼들 땜에 게시판 개판이구나.다음에선 9점짜리 작품인데,1
R11379,존니재미있다,1
R11380,"뭐라 설명이 힘든, 괜찮은 영화다. 극장에서 보지 않은 것이 오히려 잘된건지도",1
R11381,너무 시대를 앞서 나온 영화.,1
R11382,이렇게 행복해지는 영화 좋아요,1
R11383,잔혹한 동화... 정말 말그대로다...,1
R11384,그냥 친구가 되는 줄 알았는데 반전있는 결말;;;,0
R11385,미야자키아오이 10점 이준기의 발연기 -1점.. 또 다른 러브레터를 보는듯한...?ㅋㅋ,1
R11386,우리 주변에서 종 종 보는 반달곰들,1
R11387,"마린포드 정상결전 또다른 결말 뭐시기 나온다 그래서 기대했는데ㅡ, 그래도 3D니까 ! ! !",1
R11388,"제목에 낚였음.... 배우들 연기자체가 어색한데다, 결정적으로 스토리도 재미없음.",0
R11389,그냥마음에들엇습니다!,1
R11390,존잼ㅠㅠ마지막 개슬프뮤ㅠㅠㅠㅠㅠ,1
R11391,영화가 적당히 어려워야지 이건 뭐 일부러 관객 혼란시키려고 작정한 것같네.,0
R11392,생각 없이 보다가 10분 남기고 흐뭇해지네요,1
R11393,솔직히 말하면 재미없는데 찬열땜에봄 근데 찬열방송분량도 별로 없고 룸메이트보는사람들도 거의 다 찬열땜에 봄,0
R11394,좋다. 여자들이라면 좋아할만한 영화^^ 예쁘고 가슴아프다,1
R11395,"협소한 스케일과 딸리는 개연성, 아동영화 수준의 내러티브로 무장한 졸작.",0
R11396,철저한 비디오용 10류영화!,0
R11397,ㅋㅋㅋ보다 끈 영화 오랜만이야 그냥 노잼 연출도 꽝 이런 영화 왜 만들지ㅋㅋㅋ,0
R11398,Good~! 감성적인 사운드트랙으로 푹빠져있다가....뒤늦게 본 영화를 봤네여...잊지못할 감동입니다~!!,1
R11399,내용 요약 : 뀨우 꺄아 삐까삐가... 우린 모두 친구야!,0
R11400,재미없다..ㅇ...,0
R11401,이 영화를 보고나서 에스엠 가수들이 연습생때 힘들었구나를 알았던 것 같아요.. 최고.. 엑소도 멋있었어요..we are one!!,1
R11402,최고 이정재 양아치 연기 진짜 최고 ㅋㅋㅋㅋ,1
R11403,뒤늦게 봤는데 와 재밌네요 사람냄새 나구.. 작가 연출 배우들 다 쩝니다 쩔어..,1
R11404,와 이영화 내가 고딩때 보았을텐데. 아직도 기억난다. 영화가 끝났을때의 그 허무함과 찝찝함,1
R11405,주연이랑 조연... 연기가...너무 대화가 어색하고 각본대로 대사를 펼치는게 조금 실망스럽다 너무 기대하고 볼 영화는 비추...ㅎㅎ,0
R11406,"굿. 베리 굿~ㅎ 조금 아쉬운 건 있지만, 그래도 굿!!ㅎ",1
R11407,월광보합시리즈.. 천장지구.. 불초자열혈남아.. 최고다.,1
R11408,꼬라기 非추천 영화.... the 24th .... http://blog.naver.com/oroblast/220232917660,1
R11409,"누군가에겐 5점이 하찮게 보일지 몰라도, 또다른 누군가에겐 그5점이 세상 무엇과도 바꿀수없는 전부일 수 있다.",1
R11410,솔까 조승우가 이땐 나이도 어리고 춘향뎐 의리땜에 출연한거지 정말 찍기 싫었을 거다,0
R11411,10번 넘게 봐도 대작입니다,1
R11412,외로움 그리고 시작엔 관한 강렬한 느낌 굿!!,1
R11413,존 말코비치 때문에 보게된 영화. 기대를 넘어선,1
R11414,아쉽게도 지루했음,0
R11415,정말기억에남는재밋는영화!,1
R11416,-27시간-이 참 잘만든 영화였구나 생각하게 만드는 영화.,0
R11417,광대한 스케일의 영화가 재미를 주네요 ^^,1
R11418,상당히 재밌다.. 지금 학교에서 반정도 보고 왓는데 강추!,1
R11419,루도를 내비둬,1
R11420,새로울 것 없는 각본을 탓해라.,0
R11421,무대에서 통한 것 보다 스크린에서 통하지 않은 합이 더 크다.,0
R11422,워낭소리를 백번보는게나을듯..개신교 out!,0
R11423,"그래서 중국은 꿈을 펼치기에는,좋지않은 땅이라는 뜻이냐?그게 하루에100명가까이,15초마다,한건씩 살인이 일어나는,나라의국민이 할만한 주장이냐?유오성 닮은,츠차오의 발레공연장면만 볼만하다.어딘가 매카시즘의 반공유령이 떠다니고 있는듯한,기분이 드는 영화",0
R11424,비켜 맨 오브 스틸 봐야돼,0
R11425,짐캐리가 아니면 99%모자르는영화,1
R11426,"딸이 조금만 아버지를 이해해줬더라면,..이런 파국은 막을수도 있지 안았을까...",1
R11427,최근 사극중 단연 최고~~!!,1
R11428,천사의살인,1
R11429,간지나는 영화. 완전 내 스탈~~,1
R11430,앞에 불장난같았던 30분은 좀 지루했지만 뒤로 갈수록 두 남녀가 진심으로 사랑하고 있는 게 느껴져서 너무 애틋하고 재밌었어요ㅎㅎ.. 울라고 만든 영화가 아니었을텐데 감동받아서 울었네요ㅎㅎ,1
R11431,"느낌있게 잘 만든 것 같다. 더 오래전 영화 느낌도 나고. 그래서 더 분위기 있었는지도? 근데 이게 주는 아니지만 끝판 결말은 참 멋지다,, 섬세함이 느껴지는 영화.",1
R11432,처음부터 끝까지 불친절하다,1
R11433,긴장감있는 스릴러 좋아요,1
R11434,우도라는섬에놀러가고싶다낚시도하고첫사랑과의약속으로우도섬에서애인만든다는내용,0
R11435,깨평없고~ 상한가 없고!! 패가 돌아간다~~,1
R11436,돈이 아까운 정도가 아니라 시간이 아까울 정도..,0
R11437,"최고의 악역(프리저,셀,부우)들로 이어지는 전개 완벽하다고 볼수있다...",1
R11438,어렵지만 아름답고 기괴한 영상미에 숨이 막히다. 대단한 영화임에는 틀림없다.,1
R11439,너무하다.. 무슨내요인지,0
R11440,지금까지봣던드라마중에 손가락안에드는 드라마 ㅋㅋㅋ배우들연기력도 뛰어납니다!!♥,1
R11441,공포 영화 아니자요!! 초딩한테는 먹히겠네 ㅋㅋ,0
R11442,"진지한만큼 지루하며, 지루한만큼 고양이 쥐 생각하면서 만든 것이 아니라는 게 느껴져서, 불편한 진실이 더욱 엄숙하게 와닿는다.",1
R11443,4.1점짜리코믹. 평점높아 1점줌,0
R11444,기억나는건 재미없다라는것뿐.,0
R11445,초딩이 만든것 같은 쓰레기 영화,0
R11446,볼만하네요 중국영화치고 괜찮네요 제작비꽤쓴듯,1
R11447,나는 방금뭘본건지몰르겠다그냥 내가 지금까지본것중에 최악의 영화인것같네요,0
R11448,거짓말로 판명났습니다. 여러분 현상에 속지마시고 본질을 보세요..,0
R11449,배우들 개성이 좋았던...,0
R11450,너무 슬프고 잔혹했던 영화...,1
R11451,뻣뻣물고기에 엉성한CG가 못봐줄정도.. 그에비해 등장인물이 많고 배경이 허접하진않아서뭔가 언발란스한듯한 느낌,0
R11452,지인짜 아이들이 귀여움이 가득한 영화,1
R11453,ㅄ같은 또라이 왕이 전나 안웃었으면 10점줬다 ㅅㅂ!!,0
R11454,허무한결말 좋아하시는분들만 보세요,0
R11455,군대에서 하두볼게없어서 아무거나 찾다가 생각없이봣는대 너무재밌게봣네요 ㅋㅋㅋ,1
R11456,"재밌잖느냐? 샘 잭슨 형아를 위한, 형아에 의한 영화.",1
R11457,요한의 내면을 깊은연기로 표현해낸 고수가 빛나는 영화,1
R11458,레즈영화나와도 니들이 옹호 할수있을까,0
R11459,아 최고.. 지금 수능 끝나고 보고 있어요ㅠㅠ 현실적인 30대의 사랑이야기~,1
R11460,나도 독고탁 좋아하던 1인...ㅋㅋ 우리도 쫌 꾸준히 만들지...추석 때 아들데리고~,1
R11461,존잼 평점이 왜이리 낮은지 이해가 안가네요,1
R11462,설날특선이래서 봤는데 평점 팔이길래 오 볼만 한가보다하고 봤는데 이영화 다세포소녀급이다 정말보지마라 진심이거평점알바들이냐 이게 뭔영화야 진심 시간아까운영화오랜만이다 억지스토리 억지내용 쓰레기오브쓰레기 제발 보지마요 정말 개억지영화입니다,0
R11463,"감독의 전작이 이 영화의 퀄리티를 보여준다 상사부일체,꿈은 이루어진다등등;;;; 일반인 수준의 연출력이다",0
R11464,딴딴딴 명작 진짜진짜로,1
R11465,중간부터 봤는데도 몰입 됐네요,1
R11466,양상국여친은 왜 자꾸 띄어주냐 짜증나서 본방사수 안할련다,0
R11467,사와지리 에리카 때문에 그나마 평점 주는거다!,0
R11468,제발 이런 영화로 시리즈 찍지맙시다. 이렇게 찍을 돈 있음 불우이웃돕기 하세요.,0
R11469,보지않는게 좋다,0
R11470,신하균이 해온 그간작품들과 같이 특이한 웃음코드와 슬픔과 여운이 있는 영화.,1
R11471,다시 한번더 보고싶은 영화,1
R11472,말 그대로 '도그'빌의 이야기. 나약함을 무기로 숨겨두고 있는 인간의 추악한 본성을 잘 묘사한 영화.,1
R11473,등장인물다 짜증나고 여주가 제일답답하고 짜증나는 스토리임 막장인데다 재미도없어서 안봄,0
R11474,실제 인물을 기반으로 해서 인지 감동이 배가되는 영화네요,1
R11475,유치하고 촌스러운 애니메이션,0
R11476,믿고보는 덴젤워싱턴.,1
R11477,너무실망스럽네요 ㅜ,0
R11478,남자가 먹히는 영화,0
R11479,"코엔형제여 어디 있는가, 기대감은 인내심으로 바뀌어 간다.",0
R11480,킬링타임용 영화도 안된다. 평점 7이 넘길래 기대하고 봤는데 이거 뭐임? ㅋㅋㅋ,0
R11481,새벽두시에 평점댓글보다가 터져서 댓글남기고 갑니다.,1
R11482,재미있게 봤는데 마지막이 너무 엉성하네요 뭘 시사하는지 모르겠네요,1
R11483,Greed is good. 이 한 마디가 머리를 떠나지 않는다,1
R11484,잭라이언 시리즈를 만들 요량인지? 근데...왕 실패작 ㅋㅋ,0
R11485,JK김동욱이랑 납득이 나온다,0
R11486,최고다!!,1
R11487,모든 스티브잡스의 애기들 < 인터넷발명,0
R11488,이것이드라마고써서올리는가그냥작가포기하는게도와주는거같다는생각이들어,0
R11489,홍콩영화를 현대물로 이끈 획기적인 작품!! 10점이 부족!!,1
R11490,90년대의 추억이 묻어나는....,1
R11491,눈물만 나오는 영화... 감동적입니다 로버트 드 니로 연기 좋았죠....,1
R11492,이 영화보고 진짜많이울음.진심감동,1
R11493,깊이 없는 하나의가벼운 해프닝,0
R11494,평점이 왜이리 낮지? 8점이상은간다,1
R11495,만점짜리 영화다. 2시간 분량의 영화였다면... 별 10개가 아깝지 않았을 것이다,1
R11496,20년 전에 보았지만 지금도 기억에 남는 영화,1
R11497,아~~~ 그랬냐~ 발발이 치와와 스치고~ 왜냐하면~,1
R11498,사실 멧 데이먼 고향은 삼성동이고 영화를 좋아하죠 ^^,1
R11499,억지 감동이 아닌 보고만있어도 뭉클해지는 그녀의 삶. 세상모든 어머니를 응원합니다,1
R11500,안중근은 이등박문을 쏘았고. 서세원은 안중근을 쏘았다.,0
R11501,뭐 이런 거지 같은 드라마가 다 있나.. 아이리스랑 쌍벽이구나.,0
R11502,개인적으로 박수쳐주고 싶다.,1
R11503,인터스텔라인줄 알았다....물론 다른의미에서,0
R11504,아.. 시나리오의 어떤 점을 보고 이 영화에 출연들을 하셨을까..,0
R11505,여경찰은 무슨 역할인지?,0
R11506,그냥 병맛 킬링타임의 킬링,0
R11507,보는내내 지루 했다.,0
R11508,대단한 영화이다 놀란의 능력에 또한번놀란다,1
R11509,감동적이고 교회다니시는분은 꼭 보면 좋은 영화입니다~,1
R11510,진짜재밋세봣지 기존엑스맨보다 훨재밋어,1
R11511,너무너무너무너무 아름답고 가슴 찡해지는 영화입니다 지금도 이거 쓰면서 울고있어 OO...ㅠㅜ,1
R11512,"포레스트검프, 간달프, 레옹 데리고 깔끔하게 말아먹은 영화.책이랑 비교했을때 너무 비약한 부분이 많아서 어이가 없을정도.댄 브라운이 영화보고 어이가없어서 웃음만 나왔을듯.",0
R11513,스릴러의 진수. 에드해리스와 매들린스토우의 매력.원츄!,1
R11514,예전에 엄청 무섭게 봤지크레이븐중에 최고의 작품,1
R11515,시간 죽이고 싶을때도 보지 마세요..,0
R11516,나이먹고 에니메이션보는데도 몹시 볼만하네 ㅋㅋㅋ,1
R11517,잊혀질만하면 다시 다운받아보는 영화.. 최고였죠,1
R11518,누구를 위해 만든영화인가? 딱 보인다,0
R11519,재개봉 한 게 이해가 안된다,0
R11520,재미도 없고 감동도 없고... 정말 객관적으로 가면 갈수록 재미 없어진다. 요즈음 애들은 이런 걸 재미있어하나. 짱구 골수팬으로서 이럴바엔 차라리 그만나왔음 좋겠다. 계속 '이번엔...'하면서 기대하게 되고 또 실망하고...,0
R11521,시간 가는 줄 모르고 재밌게 보았다. 물론 중간 중간에 억지로 끼어 맞춘듯한 내용이 있어 흠이긴 하다만 나름 재밌게 보았다.,1
R11522,이거 점수 후하게 준 사람들은 진짜로 영화 안본거,0
R11523,그의 영화를 보면 얼굴이 부끄러움에 붉어진다,1
R11524,시리즈를 차례대로 봐보세요... 진짜! 짜임새 있는 액션입니다. 마지막 엔딩송... 진짜 들을 때 마다 짜릿함,1
R11525,알바가 있긴 있군요,0
R11526,"메인카피를 바꿔라..""안젤리나 졸리! 오직 그녀뿐!""",0
R11527,0점은 없네요. 아이고 뭉클해라,0
R11528,독립영화치곤..짜임새나 아이디어가..굿인데요,1
R11529,드라마는 참 좋았는데... 편집 영화 일 줄이야... 많이 아쉽다.,0
R11530,쩐다.....................,1
R11531,좋네요~~ 가슴이 따뜻..ㅎㅎ,1
R11532,원빈만 아니었다면 개망작인영화,0
R11533,기대이상. 코끼리 좀 그만 괴롭혀!ㅜㅜㅋㅋㅋ,1
R11534,일반적으로의 어머니의 모성애가 아닌 아버지의 부성애를 나타내 색다른 의미를 부여함으로써 또 한 번 감동과 교훈을 남겨주었다. 역시.. 명불허전...,1
R11535,별.. 0개는 안 되나요? -_-;;;,0
R11536,뻔하지만 지루하지않다! 심지어 뻔해보여도 긴장감이 넘친다. 정말 잘만든 영화,1
R11537,정영숙씨 정말 연기자라는 생각,1
R11538,영화를 보는 내내 전해지는 슬픔과 깊은 여운,1
R11539,욕나오는 영화. 이거 틀어주는 케이블 전파마저 아깝다.,0
R11540,절라게 재밌다,1
R11541,슬프고 지루한 영화,0
R11542,주짓수의 매력도 이종격투기의 박진감도 어느 하나 보여 주지 못했다,0
R11543,이광국 감독의 다음 작품이 기대됩니다.,1
R11544,단순하지만 적절한 복선과 구성. 다만 이 찝찝함을 어찌할꼬!,1
R11545,걸작 코메디,1
R11546,그냥 사랑과전쟁 본느낌이라고 해야되나? 그냥 사랑과전쟁이 더 재미있음,0
R11547,줄리아 로버츠에 귀여운여인 다음으로 최고의 영화가 아닐까 싶다~~,1
R11548,쿄코누나 너므 조아 . . . 사랑해~,1
R11549,일본이 망한다는 소재빼고 재미잇는개 없다 일본망해라 우끼끼우끼끾끾우끽끼~!!~!~!~!,0
R11550,옹박의 찌끼를 질질 물고 늘어져.,0
R11551,빈디젤의 자신만의 매력은 버리고 어이없는 액션을 선보였다,0
R11552,인생무상이로다! 리어왕이여! 히데토라여!!,1
R11553,"완전짜증 아빠가 딸 강간,부인이보고 딸과 독약으로 죽임",0
R11554,아이반응이 별로...,0
R11555,영화는안봤지만 안그래도힘든여배우에게스텝들있는데서쌍욕을 이 ㄱㅏㅁ독은 내가 불매운동한다 그리고여기 댓글들일베야?왜이리저질이냐,0
R11556,끊임 없이 들려오는 침묵의 아우성. 개인이 조직을 무너뜨리기 힘든 현실과는 달리 그것을 송두리째 박살내고 떠나던 개인의 마지막 모습은 아찔하면서도 통쾌하다,1
R11557,나름 몰입도 좋았음 언제까지나 박유천의 가수에서 배우로 성장시켜준 영화,1
R11558,"울긴했지만 전적으로, 소재와 유우의 눈물때문이었다. 아예 슬프거나 감동을 줬어야..",0
R11559,특징없는 영화 그냥 순수한 사랑이야기,0
R11560,뭥미... 대체 무슨 생각으로 이런걸 만든건지 잘 모르겠다 ; 시간낭비... 취향 제대로 탈듯... 모든게 너무 조악하고 너무 유치해 ㅠㅠ,0
R11561,짱!!!!재미있네요. 강추,1
R11562,"김혜수는 웬만하면 영화 찍지 마라~!! 영화사,작품 망친다~!!",0
R11563,괴물이나보는건데 괴물보셈,0
R11564,정말 이영화가 4점도 아까워요. 나는평점보고 이영화본건데 이리 시시하고 모하는건지 전이영화 평정. 별로내요,0
R11565,너무 실망스러운 영화,0
R11566,주제도 좋고 나레이션이 하는 말이 쏙쏙 와닿네요.,1
R11567,"헉, 개봉 자체로도 내겐 이벤트야! 아름다운 음악과 연신 웃어대는 나",1
R11568,정준영 사랑해요♡♡♡,1
R11569,이런 영화가 있다는 사실이 감사해요.,1
R11570,이거 진짜 재밌게 봤는데,1
R11571,하드코어적인 요소만 지나치게 부각시킨듯,0
R11572,친구집에서밤새면서볼려고내가고른영화..헐..이런영화일줄이야..보고나서미안과허무..,0
R11573,미친거 아닌가 아들을 욕망하는 아버지 미쳤다 진짜이런 미친 내용에 온갖 찬사를 보내는 사람들이 무섭고 소름끼친다정신상태가 궁금해질 정도네,0
R11574,한국판 '러브레터'.. 보면 볼수록 더 매력적인 명영화예요..^^,1
R11575,스타뎀 영화중에서 가장 재밌고 줄거리 탄탄한 영화. 이런 영화를 극장에서 봐야 돈이 안아까울거 같다. 지금 막 핸드폰으로 봤는데도 진짜 재밌다. 나름 액션 영화임에도 반전성까지 곁들여져 있어서 더 재밌는거 같다. 무조건 보세요. 강추!,1
R11576,그래도 속편이 나왔으면 좋겠다...,0
R11577,전편의 명성을 뒤엎은 졸작,0
R11578,영화는망햇는데신민아개이쁘네ㅜㅜ,0
R11579,찍는데만힘들었겟습니다,0
R11580,감히평가할수없을만큼의 감동,1
R11581,슬프다...울면서봤고 끝나고도 혼자 울었다.,1
R11582,뷰티인사이드를 한번더 보겠습니다,0
R11583,진짜.... 의미없고 밋밋한 스토리.....,0
R11584,더도 아니고 덜도 아니고 딱 별 한개자리 영화다. 굳이 비유를 하자면 대학생 흉내를 내려고 한 초등학생. 감독의 연출의도는 좋았지만 여기저기 카피한 흔적에다가 편집도 황당함.,0
R11585,토리코ㅠㅠ 잼서요 마지막부분에 감동적이라 울어버림,1
R11586,"어른이 애를 탐하면 로리타, 애가 어른을 죽이는걸 즐기면?",0
R11587,솔직히 이정도캐스팅에 영화가이모양이면...,0
R11588,실화라는 것 빼면 볼께 하나도 없네요 무섭지도 않고 스릴도 없는 원맨쇼 영화,0
R11589,평점이 너무 ..과대평가,0
R11590,저도 10대지만 공감이 갑니다. 청소년의 방황은 시대를 막론하고 항상..존재하는..,1
R11591,이런것두영화야 돈아깝다 ㅈㅈ,0
R11592,똑같은 CG. 똑같은 구조. 똑같은 캐릭터. 장소만 터널,0
R11593,시간이 지나고 봐도 재밌는 영화다,1
R11594,남자의 로망이다.,1
R11595,기대안하고 봤는데 의외에 수작이네요. 그렇게 새드엔딩도 아니라서 맘에들고 한국영화 타워와 비슷하지만 제기준엔 무간지옥이 조금 더 흥미있는 스토리 였어요. 잘봤습니다.,1
R11596,숨기고 싶었던 이야기가 공감이 되어 힐링이 된다.,1
R11597,눈물 흘리며 보았네요. 좋은 영화 감사합니다. 하느님 감사합니다.,1
R11598,차라리 속편이 낫다.,0
R11599,유아용..,0
R11600,한 20년만인거 같다. 미디어 보면서 화내는거.. 딱 7회에서 접는다...,0
R11601,시베리아 시베리아 끝도 없는 숲,1
R11602,존나 재미없어 ㅉㅉ 불쌍하다,0
R11603,쩝니다쩝니다쩝니다쩔어요,0
R11604,방금 다시 이 영화를 봤네요. 명복을 빕니다.,1
R11605,후기평 남기는거 첨인거 같네요. 진짜 최고에 감동이네요 삶이 힘들때보면 느끼는게 더 많을거 같습니다!!,1
R11606,빨갱이 일베감독아 너네나라로 꺼져라 강적들에서ㅇ김현희 실드쳐주더라? 개가 너한테 대줬냐 ㅉㅉ,0
R11607,루시 루의 연기 빼면 남은게 하나 없는 영화. 제작의도가 궁금,0
R11608,선동영화 정체성을 잃다,0
R11609,보면 볼수록 샤크 가 생각나는 이유는 뭐지?,0
R11610,액션도 너무 가짜로 치는거 티가나고 ..무엇보다 배우들의 발 연기가 ㄷㄷ,0
R11611,부산 국제 영화제에선 '자두치킨' 이었는데 제목 정말 이상하다 진심으로 영화는 재밌었음 수입사 제목좀 똑바르게 번역좀,1
R11612,"배경음을 최대한 생략했음이 처음엔 어색했으나 나중엔 최고의 효과였음을 알았다. 영화상의 이야기지만 악마는 보았다도 그렇고, 타인에게 고통/죽음을 주면서 그게 즐겁고 좋으면 싸이코고 그게 멘탈 고통과 후유증을 안겨주면 정상인인가.. 씁쓸한 잔혹 복수..",1
R11613,40대의 혈기왕성함을 보여줬던 끝내주는 액션물,1
R11614,자살만 없었으면 좋았을영화~~..,1
R11615,머저리같은 인간의 멍청한 인생을 시간투자해서 본게 아깝다.. 인생이 꼬인다고? 저런 머저리들만이 꼬이겠지..,0
R11616,"흥미로운 대사나 인물, 동기, 방향성이라고는 찾아볼수없는 우둔한 하이테크 액션물",0
R11617,일단 봐라 웃게 될것이니라,1
R11618,Too boring to sleep with yawning,0
R11619,딱 대한민국 국방영화 수준에서 조금더 나은~ 좀 스팩타클하게 시나리오 연출 안되나?,0
R11620,최고...명작....,1
R11621,시간 낭비했음 ㅡㅡ 이거 뭐임 더빙 참나 감정이 하나도 안 들어감. 글씨 읽나.,0
R11622,여운이 길다. 공포영화라기 보다는 한편의 드라마.,1
R11623,오랜만에 맘에 드는 영화를 봤다 한동한 이 영화만 생각할 듯,1
R11624,뭐이리 뜬금없냐,0
R11625,1점 주기도 아깝다..이렇게 허접한 영화가 아직도 나온다니...최악이다,0
R11626,완전 수준보니 좆초딩보다 더 심한 저질영화네.... 만든돈이 아깝다. 그돈으로 무기 만드는데 보태고 싶다. 꼭 전라디언이 만든 영화같구만,0
R11627,내가 1등? 나 이거 교과서에서 봤는데,1
R11628,추억의 영화...ㅋㅋ,1
R11629,"그녀의 용기에 박수룰,,,",1
R11630,정말 안타까운 영화네요. 한국 영화에서 헐리웃 영웅물은어렵다 치더라도 한 아이에 아버지로써 동감대를 찾으려고 애를 써봐도 찾을수가 도저히 없네요. 아쉽다는 말밖에는...,0
R11631,쿠엔틴 발의 때만도 못하다,0
R11632,갱스터 장르를 가장한 정치드라마,1
R11633,발연기의 잘생긴 배우와 그저그런 이야기의 만남.,0
R11634,쉬리 이후 이렇게 못만든 영화 처음본다.. 70년대 영화보는것같다. 티비시트콤 한편보다 엉망. 한국영화가 예전에 이랬었지 하는 추억에 빠지며 봤다,0
R11635,"역시 최고다...,,.",0
R11636,역시 박찬욱감독님. 어쩜 이렇게 재밌는 생각을 다하실까.. 이정현 연기도 훌륭하네요,1
R11637,완전식상해,0
R11638,더이상의 코미디영화는 없다. 코미디영화의 매니아라면 반드시 소장해야 할 작품,1
R11639,매력적인 남주와 여주의 캐미가 잠시나마 현실을 잊을 수있는휴식을 주다^^♥,1
R11640,요즘 애들 참 조직적으로 움직이네가해자들의 지침서가 되지 않길 바랄뿐입니다,0
R11641,이 영화 너무 재밌게 봤어요! 5번 정도 본 것 같네요ㅎ_ㅎ,1
R11642,공유랑강동원이랑하는연기짱!!,1
R11643,ㅋㅋ 재밋어...ㅋㅋ,1
R11644,진짜 유치함. 마리옹 꼬띠아르 진짜 매력적임. 영화는 그냥 킬링타임용도 안됨. OST는 좋음,0
R11645,"""무법자의 천상천하유아독쫑"" 이란 제목이 더 잘어울리는 영화!",0
R11646,중간에나오는 클럽흑인여가수 카산드라윌슨 을본건만해도10점,1
R11647,NSA의 감시체계는 에너미옵스테이트부터 질러버렸거든?,0
R11648,몰입감 최고! 정말 잘만듬!,1
R11649,채탁연 진짜 개존예 ㅠㅠ,1
R11650,장학우의 연기가 엄청나게 빛났다. 그것만으로도 볼만한 가치가 있다.,1
R11651,설정부터 먹고들어가는 재미,1
R11652,첫 개봉일날 국도극장가서 봤던 영화 개봉 첫날이라 모두 나와서 소개도 하고 노래도 하고 춤도추고,1
R11653,찰리 카프먼을 사랑할 수 밖에 없는 이유,1
R11654,진실은 침몰 하지 않는다가 아니라 진실을 바꾸고 싶은거 아니냐?,0
R11655,ㅊ최고의 로멘스 드라마 ㅠㅠ,1
R11656,주인공의 심리묘사가 잘들어나면서 영화에 더 빠져들게 되었습니다. 시간 가는 줄 모르고 봤습니다.,1
R11657,진짜 미쳤네.. 서극이 이젠 영화가 아닌 똥을 만드네.,0
R11658,"진짜 대박이다!!!! 기가막히다!! 연출,촬영, 편집, 연기, 미술 모두 다 너무나 훌륭하다. 갱 영화중에 단연코 제일이라 말할수 있을것같다!!!! 어디서 날아올지 모르는 총알에 2시간내내 완전 스릴감 넘치게 봤다. 대박강추!!",1
R11659,결말은 대체 왜그런거임?...도통 이해가..,0
R11660,노희경式 상처 치유법,1
R11661,심각하게 별로임. 배우들도 찍으면서 억지스러움에 얼마나 괴로웠을까..,0
R11662,짱이보영언니연기진짜잘해요,1
R11663,완전 잼있는 드라마 요새 계속 기다림의 연속이네요 ㅠㅠ 아 이번주도 주말이 빨리 오길 바래여 어쩜 이러케 잼있을수가 우연히 보게되어 쭉 보게되는 마력의 드라마임,1
R11664,만화보듯 보면 재미있다고? 만화 모욕하지마시길.,0
R11665,여운이 너무 길다. 본디 프랑스 영화를 좋아하는데.. 이렇게 눈물 줄줄흘리면서 영화관 한관에 덩그러니 혼자 앉아 본 영화는 처음이다. 진짜 유태인학살은 매번 겪을 수록 너무 슬프고 무섭다. 다시는 이같은 일이 재반복되지 않길 바란다.,1
R11666,다시는 저예산 액션 영화 안본다. 혹시나 기대 하는 사람 보지마셈. 진짜로 건질 액션 단 한개도없음,0
R11667,역겨워 --,0
R11668,연기는 훌륭하지만 옛날꺼라 그런가 연출이 거슬린다. 돈주고 다운받아서 끝까지 보려했는데 도저히 못보겠다. 어디가 명작이라는거지? 스토리도 지루하기 짝이 없다. 뱀파이어와의 인터뷰에 비하면 졸작,0
R11669,진심으로 이 영화가 끝나고 한 몇시간은 계속 울었던거같다 나한테 진심으로 많은 여운을 준영화중 하나 .. 계속 생각나고 진짜 너무 슬프다.. 윤수역을 맡은 강동원 유정역을 맡은 이나영 둘다 너무 멋지다 동원님의 연기가 돋보였다 그래서 나도 눈물이,1
R11670,옛날부터 박기웅이 좋더라. 근데 요새는 중국이 대세죠 ㅋㅋ 한국 음식이 더 더럽지,1
R11671,가볍게 보기 좋고 내용도 아주 좋아요 ㅎㅎ 대사 하나하나가 다 의미가 있네요 잘 봤습니다 ㅎ,1
R11672,"그림 100점, 내용 100, 더빙 100점 디즈니, 픽사 능가. 영화 좋네.",1
R11673,관객을 뭘루 아는겨 좀더 힘내서 다른작품 잘 만들어 봐봐 깜바테 알았지,0
R11674,이런 영화를 뭐라고 불러야 할지..아...독립영화~~,0
R11675,꿀잼영화중 하나 게리올드만의 연기력이 뛰어났다,1
R11676,이프로 재밌어요 공감되는부분도 많고 지금은 결혼해서 애기가 있고하지만 이거 보면서 추억도 새록새록 생각나고 참좋은 프로그램인것같아요 전항상 본방사수하는데~다음주부턴 사람이 바껴서 나오네요~~~,1
R11677,진정한 작품성을 느낀영화.. 이만희 감독 최고!,1
R11678,정말 최고였는데.. 마지막이.. 이련결말. 싫다..ㅠ,1
R11679,이런 뻔한 스토리를 봤나...마지막 임수정 미소지을때 나도 웃었다.,0
R11680,정말 얘들영화다,0
R11681,아...ㅋㅋㅋ내심기대하고봤었는데 아진짜..웃기기만하지..나만이렇게생각하는게아니었네,0
R11682,내가 본건 록키5 밖에 없지만 감동과 전율이 온몸에서 느껴졋다 정말 최고의영화이다,1
R11683,일본영영안 볼겁니다. 점수2개,0
R11684,70년대초반 서울모습을 볼수있는 사료영화.,0
R11685,언제부턴가 주인공이 장애가 있다는걸모르고 보게 되는영화 생각해보면 벤치에 앉아 이야기를 듣던 사람들이 우리가 영화를 보며 변하는 모습처럼 보인다,1
R11686,영화의 분위기 배경 다 좋다 마지막 끝날때 ost와 함께 잔잔하면서 허무하기도하다 먹먹함이 느껴지는 영화다 이연희 연기만 더 좋았더라면 싶다 평점보다 훨씬 마음에 드는 영화였다,1
R11687,최고로 재미없게 본 좀비물,0
R11688,꼭봐아야할영화..우리나라도이렇게될지모름,1
R11689,짱 재미있음 최고최고,1
R11690,쓰레기중의 쓰레기,0
R11691,굿입니다 거미의ㅋㅋㄱ,1
R11692,"어쩌라는 건지, 원...",0
R11693,보고 후회했던 여오하중 하나..,0
R11694,잘 봤습니다~,1
R11695,시대 대비해도 별로인 작품. 김승우 존잘. 장민경 비주얼 나름 괜춘. 연출 시망. 시나리오 시망. 영상미 시망. 재밌다가 만. 김승우 비주얼빼곤 보게없는 시망작..,0
R11696,지금 보고있음 진짜 재밌다.,1
R11697,보고 돌아서면 남는 게 없는 람보의 액션 영화. 비추,0
R11698,"한국영화에서 보기드문 색채감을 가진 청춘,성장영화",1
R11699,정말 재미있었어요! 남녀노소 추천!!!,1
R11700,말이 필요없는,1
R11701,니노는 사랑입니다~~,1
R11702,내용이 뭔 내용인지도 모르겠음,0
R11703,"이상인, 박용우, 백윤식 ㅋㅋ 정말 향수를 일으키는 드라마,,^^",1
R11704,이거 우째봄? 보는법을 몰라서 못봄ㅠㅠ,0
R11705,만들지말아야할것을 만들었다....,0
R11706,영화 역사상 가장 장대한 대서사시의 시작,1
R11707,정말 유치함... 액션은 나름 진지하게 찍었지만 그거 빼면은 내용도 그렇고 지루하게 전개함,0
R11708,보다말았다..진심 쓰레기 -_-;,0
R11709,"귀여운레기나,듬직한오부아 그림같지만잔혹한현실의아프리카",1
R11710,위대한 영화 껍데기 탁본판. 사라지기를 기원하다.,0
R11711,솔직히 공포라고 하기엔 너무 약하다,0
R11712,소설과 작가들이 만들어가는 캐릭이지만 실제로도 이랬을거 같다,1
R11713,발로 만든 영화,0
R11714,나만 유치하냐? 배우들 대사 자체가 너무 문어체다. 실제로 누가 이렇게 말함?,0
R11715,내가본영화중 최악두번다신 보고싶지않다,0
R11716,미안하지만 내 정서로는 도무지 이해할 수가..,0
R11717,김구라씨! 본인 멘트에 짜증 누르고 있는 게스트들 안보이나요? 재밌으면 말도 안합니다.. 저야 안보고 채널 돌리면 그만이지만 저같은 사람이 많을거란 생각에 첨으로 댓글달아봅니다! 아무리 컨셉이라도 잼있거나 공감이 가야 말이죠,0
R11718,올 여름 본 영화중 제일 감동적인 영화예요.^^,1
R11719,홍콩판 요수도시 요괴들과 초능력자들의 싸움을 만화적으로 잘 표현함,1
R11720,그의 삶은 진정한 성공이었다.,1
R11721,솔직히평점은6점.하지만평균평점이너무높아서 내림.서론만길고 본론은없는영화 지루함,0
R11722,솔직해 지자.. 재밌냐??,0
R11723,SF스릴러를 가장한 에로물 같은 느낌. B급 영화 그 이하인 듯.,0
R11724,장진감독 특유의 어색한 대화 ㅋㅋ 유오성도 좋고 정재영도 좋고 !장진스러움이 듬뿍 묻어나는 영화 굳 !,1
R11725,두 주인공의 매력에 푹빠져서 봤더니 엄청 재밌는데?,1
R11726,007이 어디를 가던지 미리가서 대기하는 적들이 놀라울뿐....,0
R11727,광태 새끼 개짜증 남. 광태 친구도 왕 짜증.,1
R11728,이브의 유혹 시리즈 중 이게 그나마 제일 볼 만 했음. 나름 추리소설처럼 짜임이 있고 훌륭함.,1
R11729,원덕의 의리로 봄 ㄷ재미는 없다ㅐ,1
R11730,다소 낮은 평점 때문에 전혀 기대 안 하고 본 영화였는데 몰입해서 봤고 최고였습니다,1
R11731,뭘 말하는건지 모르겠다 근데 여자는 섹시함,0
R11732,제가 가장 감명깊게 본 영화중 하나이고 해서.....ㅠ,1
R11733,재밌었는데. 뭘 그리 심각하게들 보시나.. 미스캐스팅은 공감,1
R11734,보지도않고 1점은 왜주니,1
R11735,화면은 멋졌다,0
R11736,크리스마스 뉴욕 뭐설레지 설레는데 저런열린마인드랑 억지스런여자의운명타령... 나도운명을믿는편이지만 이건짜증남 할거다하고 그런것도찾으시고 뭐하는거지 어장아닌가싶네,0
R11737,언제든지 다시봐도 명작임에 틀림없다 그에 비해 평점은....,1
R11738,최고 감성최고. 순수최고. 사랑최고. 추억최고...,1
R11739,럽송!럽송!,1
R11740,니콜 키드먼은 예뻤다. 하지만 그 뿐이다.,0
R11741,ㅋㅋㅋㅋㅋㅋㅋ 평점달기전에 다른평점들도 읽어보는데 주요평에 나도 동참하는데에 있어서 참 가슴이 아프고 미안하다... 하지만 이건 뭐ㅋㅋㅋㅋㅋㅋ 그치만 도중에 영화를 끄게 하지는 않았음 -_- 최소한의 위로.....!!,0
R11742,정말 잘 만들어진 영화.,1
R11743,히메나찡은 여신이\~~♥,1
R11744,이 영화 개봉했을 때 보고 김연우씨 노래와 함께 여운이 깊게 남는 영화여서 지금도 기억되는 영화 중 하나인데.. 신촌에 두분이 함께 술잔을 기울이던 오뎅집? 술집이 있어서 예전에 그 곳을 지날 때마다 이 영화가 생각나더라구요 :),1
R11745,정말 좋은 영화로 추천!!@_@,1
R11746,"최고의 엄선된 재료 둘, 그리고 나머지 설사똥들, 쉐이킷 쉐이킷.",0
R11747,내가 진짜 왠만하면 영화 끝까지 보는데... 그런 나의 인내심도 10분이 한계였다...-_- 그래도 내용이 궁금해서 빨리감기로 속성으로 봤는데... 으허허허허..진짜 죽여주는 영화다.... 요즘 중고딩들이 스맛폰으로 찍어서 편집해도 이거보단 나을걸ㅋㅋ,0
R11748,분명 80년대에 엄청난 영화였을것이다,1
R11749,이건 뭐 감독의 비현실적인 스토리 편집? 반전? 쯔쯔.. 게다가 눈 빠지게 만드는 흔들리는 영상들. 이래서 핸드헬드는 싫다니까,0
R11750,격투 영화의 교과서,1
R11751,상처안에만 갇혀있는 우울한 사람들...근데 김지수씬 왜나오죠??,0
R11752,내평생 최고의 걸작. 현실 건너편 세계를 잠시 엿본듯한 느낌.,1
R11753,망해도 싸지,0
R11754,미국 역사에 관심을 갖게해준 영화. 배우들의 연기가 훌륭하고 음악도 좋고.. 막상 보다보면 러닝타임이 그리 길게 느껴지진 않는다. 엔딩신에서 뉴욕의 현재모습을 보면 왠지 모르게 슬퍼지기도..,1
R11755,영화가 무슨 내용을전달하려는지..참 ..재미없다 시간아까움,0
R11756,정말 재밌어요111!!,1
R11757,안소니 홉킨스 정말 연기 짱짱맨,1
R11758,핵 노잼. 복선인줄알았던것도 아무것도아니고 도대체 떡밥을 왜뿌려논거지 이해안가는것 투성이.. 결국은 인간이 제일 쓰레기다 뭐 이런내용인줄 알았는데 끝에가선 웬 또 귀신출현ㅋㅋㅋㅋ? 결말도 어이없고 무서움은 귀신튀어나오기로 놀래키는거밖엔.. 돈아깝,0
R11759,단편영화로 아름다움을 만들 수 있었던 영화를 장편으로 늘려서 지루함을 만들었다. 그리고 영화가 끝나고 감독에게 묻고 싶었던 것은... 그래서 뭐? 말하고 싶은 것은 무엇인가이다. 아쉽다. 아름다움을 표출할 수 있던 충분한 대본이었다.....,0
R11760,비디오 대여순위 1위할 당시에 본 기억. 멋짐.,1
R11761,옛날 일신주산학원에서 틀어줘서 본 영화,1
R11762,피트디지고난이후론걍계속개망함.구성아주참치밀하고더럽다 그저 쓰레기영화,0
R11763,"더 이상 만들어지지도 보지도 말아야 할 ""삼거리 무스탕 소년의 최후""급 영화",0
R11764,재미있다. 배우들 연기도 정말 잘하고 달달하고 맛있겠다. 아메리칸 쉐프 보지는 않았지만... 이것도 꽤 식욕자극하는 영화다..,1
R11765,못봤어,0
R11766,명불허전 로다주 ..♥ 역시 몰입도 최고,1
R11767,뭐냐! 이 유치한 쓰레기는..허허,0
R11768,진짜 언제 90분이 지나갔는지 모를정도로 몰입해서보고 정말 너무 재미있게 봄... 너무 아련해서 영화 평 정말 처음 남겨봄.. 진짜 내가 이 나이에 애니를 보며 이 밤중에 이렇게 울줄이야.. 에몽아ㅠㅠ,1
R11769,달마가 동쪽으로 간 까닭보다 조금은 더 편하게 볼 수 있는 영화. 다시 보고 싶다.,1
R11770,평점높다스케일이좀있는줄알았는데밋밋하다8점대영화,0
R11771,허..,0
R11772,일본애들이 리메이크 했는데 제발 좀 건드리지 마라...,1
R11773,괜히봤다.지겹고 졸리다.,0
R11774,흠..애들보기에도 뭐하고... 어른보기에도 부족하고..,0
R11775,대부의 감독 커리어 붕괴의 시작을 알린 영화,0
R11776,비싼배우를 쓴 삼류 성인영화.,0
R11777,어렸을때볼땐 그냥 단순히 재미였는데 최근 다시보니 완전 이기주의 적반하장 합리화 등 짜증나는 영화 사고의 전환이 아니라 이건 그냥 이기주의 영화,0
R11778,진짜대박영화임.,1
R11779,그냥 한마디로 잘만들었다...,1
R11780,간단히말해 스토리가 답답함 너무말도안되는스토리 주인공이 개판치는대 안걸리게 짜놓은스토리도엉성하고암튼 스토리가 최악,0
R11781,"역겹고도 역겹고도 정말 역겨운 영화. 누구라도 머리위에 똥을 싸 놓으면 분노할 것이다. 이 분노는 이 세계나 인간이 악하기 때문에 만드는 분노가 아니라, 감독의 무책임에 대한 분노다. 나는 영화를 보면서 감독을 수도 없이 저주했다.",0
R11782,영화가 재미있고 좋습니다.,1
R11783,제일 거슬렸던 건 사람이 아무 장비 없이 절대 지하철 창을 깰 수 없다.,0
R11784,처음부터한사람만주욱나쁜사람으로만들어서보여주더니논란이심해지니까탈락시켜버렸어방송으로만보면월래성격이그럴지도란생각이들게했다논란잠재울려고빨리탈락시킨거아니예요?정하은참아쉬워요항상열심히하셔서좋게봐왔었는데다른곳에서앞으로도멋지고노력하는모습보여주세요화이팅♥,0
R11785,"당시 비디오테입으로 봤음,,,하지만 다시 보고 싶진않은 영화 ~~~~~~~~~",0
R11786,그냥 처음부터 끝까지 길예르모 델 토로가 맡았더라면,0
R11787,"영상,음악 모두 좋았다는 아버지가 되어가는 빌의 모습이 정말 훈훈하네용",1
R11788,이브 ㅠㅠㅠ,1
R11789,최고~!,1
R11790,나이가 들면 들수록 가슴이 먹먹하고 생각나게 만드는 영화,1
R11791,완전~쿵꿍 내심장이~우앙 감우성 원래좋아했는데연애시대부터 팬이였는데~이렇게 감동의드라마가~ㅎㅎ연애시대의 드라마를기다렸던 저에겐~오늘 무한감동~꺄악~감우성연기에 매료됐어요~,1
R11792,정겨운 팬됐습니다. 볼때마다 최홍만이랑 오버로드 됐었는데 당신이 최고에요.,1
R11793,시걸표 액션영화 80년대라면 흥행했을지도 모를일이다,0
R11794,몽환적인 분위기가 일품~영화음악 은근히 중독성 있는..,1
R11795,진부한 스토리 진행. 다소 지루함.,0
R11796,결말부분밖에못봣는데너무슬프다 형이랑싸우고봐서인지더공감..,1
R11797,"우뢰매를 지금 다시 만든다면 이런 느낌일까? 연출, 각본, 액션, CG, 캐스팅, 연기 총제적 부실.. 제작진은 각성제 먹고 제발 각성해라. 영화판을 재밌게 봤기에 이런 조잡한 수준의 드라마 버전을 보니 눈물이 날 지경. 한국드라마의 퇴보",0
R11798,영어 자막판으로 봤는데 옛날에 봐도 또 보고 싶다한마디로 그냥 계속 보고 싶은 영화!!,1
R11799,과거를 반성하게 하는 좋은 작품입니다,1
R11800,소년성치..너무 젊군..,1
R11801,진짜 내가 이시트콤 초딩때부터밧는데 지금도 최고의작품이라고 생각하고 매일 다시챙겨본다ㅋㅋ 거침없이하이킥 정말최고!!!! 짱짱,1
R11802,도신으로서의 활약상이 여전히 미미한 속편,0
R11803,이지현 목소리는 참.......,0
R11804,짐 캐리가 나와서 기대하고 봤는데 진짜 웃겼어요,1
R11805,춴나 재밌네 ㅡㅡ 액션 좋고 스토리도 미흡하지만 좋고 보면서 아드레날린 뿜는데 ㅡㅡ 1점 준 아이들은 뭐지 8.5점 이상은 됨 걱정말고 보세요,1
R11806,이런거 만드는 놈도 알고보면 제정신 아니다 숨기고 있지만 뭔가 정신적으로 문제 있는 놈이다,0
R11807,재미있고 가족끼리 보기에 좋은 영화라고 생각 합니다 그리고 저런 인생도 나름 괜찮을것 같네요...,1
R11808,핵노잼이다 너무 산만하다,0
R11809,원작을 엄청 재밌게 봤던 기억이 있어서 보게 됐는데 역시 재밌다...,1
R11810,양조위... 이런데 나오지 마요.. ㅋㅋ,0
R11811,이거 왜 19세인가요?러시아 19수준이...ㅋㅋㅋ그냥 영화볼시간에잠자는게 더이득일듯..싶네요,0
R11812,머여 이렇게 지켜워서 화나는 영화는 첨보네,0
R11813,"이게 공포영화냐??? 그래도 디아이1처럼 포스터는 괜찮았는데,,",0
R11814,엔딩 크레딧은 올라가고 남는 건 류승범뿐..,0
R11815,SF의 망작 애프터어스는 잊어라,0
R11816,"그래픽은 좋지만, 내용은 갈수록 유아용으로 흘러간다.",0
R11817,너무 좋다 연출도 소피도 ost도..,1
R11818,완벽과 불안정의 경계에 서있는 작품,1
R11819,이 좋은 배우들로 이런 영화라니 황당하다. 감독이 싸이코같다. 백만 조차 돌파하지 못한 이유를 알겠다. 새로운 장르라고? 진심으로 역겨운 영화다. 심지어 음악조차 어울리지 않는다.,0
R11820,"소재는 솔깃했는데 캠 지갠뎃, 디몬 하운수만 기억에 남고 스토리는 엉망. 리얼리티 상당히 떨어지는 MMA 액션과 진부한 스토리",0
R11821,드라큐라 곧 개봉예정이라 복습하러 왔습니다. 당시 컬쳐쇼크 당한 영화. 희대의 명작이라 믿어 의심치 않습니다.,1
R11822,뭐 내용도 없고 소설 속에서나 가능하고 배우들 엿멕이는 쓰레기 영화 그 이상 그 이하도 아니다. 아! 내가 이걸 왜 과거에 돈 주고 봤는지... ─.─,0
R11823,"관장군이 무덤에서 우신다 이렇게 니들 맘대로 해먹어도 되냐고. 중국인들의 허세, 허풍, 오버액션은 여전",0
R11824,비디오로 빌려보기 다행...새로운 시도를 하려면 제대로 하던가,0
R11825,"한류드라마가,중국본토나타이완에서,쓰레기드라마취급받게된건,팔할이 이 아줌마탓...",0
R11826,지미뉴트론 재미있어요,1
R11827,극장에 재상영하면 꼭 보고픈영화 입니다 정말 정말 좋습니다...,1
R11828,사소한 행복과 감정을 느끼지 못하고 더 자극적인 것들만 추구하는 현대인의 무기력함이 공감된 영화..,1
R11829,이하늬 발연기는 사실이니까 알바라고 개솔은 하지 마세요,0
R11830,솔직히일점도아깝다진짜이게왜코믹인지도모르겠고1편부터다봤는데정말재미없다더빙도진짜못하고,0
R11831,네임벨류만 빌려오고 영화로서는 지루하고 난해했음. 같이간애들 다 잠들고..,0
R11832,한개도 아깝다쓰레기영화,0
R11833,재미있긴한데 뭔가가조금부족함,1
R11834,B급이라고 생각하고 보면 괜찮음,0
R11835,하나에 집중하지 않고 분산된 느낌이라 집중이 잘 안됨,0
R11836,완전지루하고 재미없음...황정민 류승범 연기가 아까움,0
R11837,"갠찬았는데.. 어떻게보면 싸이코같지만, 많은생각을갖게만드는 영화",1
R11838,대박 짧다,0
R11839,소장하고싶은데.. 이거가진분없나..,1
R11840,아이들이 재미있었다고 하네요,1
R11841,몇개의 스틸사진땜에 보고 속았다는 것을 깨달았다.,0
R11842,자아비판을 왜 카자흐스탄이라는 국가를 통해서 했나. 남의 나라를 깍아 내리지 마라.,0
R11843,전형적인 한국 코미디의 오버 연기,0
R11844,영화가 난해하네요,0
R11845,최고다,1
R11846,기억에 많이 남았던 영화,1
R11847,제 취향은 아니었습니다.,0
R11848,그냥 볼 영화 없어서 본건데 되게 재밌게 봄ㅋ왠지 득템한 기분이다,1
R11849,"ㅋㅋ 호칭정리부터해라, 대충봐도 옥의티도 많고.. 단순 바이러스 어쩌구 하는데, 어처구니가 없다",0
R11850,이건 다시봐도 또 보고싶은 영화,1
R11851,광활한 자연앞에 한없이 먼지같은 존재 인간. 서로 사랑하며 겸손하게 살자,1
R11852,봐도봐도 질리지가 않아 ..,1
R11853,왜 굳이 이걸 영화화 해야했는가. 웃음만 나올뿐.,0
R11854,정말 기억에 남는 드라마_,1
R11855,다시봐도~ 잼있음..ㅋㅋ 순수한~~~,1
R11856,웃긴 애니 영화였다. 그 다람쥐가 떠오른다.,1
R11857,뻔하고 허접한 스토리는 그렇다쳐도 연기는 왜이렇게 오그라드는지. 그나마 남자주인공이 나은편,0
R11858,반전도 반전이지만 50년전 도시의 모습을 볼 수 있어서 좋았음..,1
R11859,기억은 잘안나지만 매우 재미있게 본 드라마...,1
R11860,재미없서용보지말라귱ㅇ,0
R11861,보면서 약간 실망했지만 마지막이 넘 좋았다,1
R11862,노무현이 생각나네요. 죽더니 갑자기 영웅된 노무현,1
R11863,봤어요 정말재밌던데요,1
R11864,관객은 안중에도 없고 혼자 달리는 영화.,0
R11865,진짜개실망그지같다,0
R11866,보는 이를 부끄럽게 만드는 황당한 시츄에이션들,0
R11867,머냐 이게? 철학하냐? 횡성수설 개판인걸 무슨 스토리 있는것처럼 OO하고 테슨가 개는 모냐? 적당하게 생긴앨 엄청 공주로 만드네 진심 보지 마라 OO아서 결론 말한다 테스 살고 다죽는다 특정상황 궁금하게 해서 보게하는 잡영화다,0
R11868,옛날 감성이 좋긴 좋았는데 뭐 어떤 면에서 칭찬해야할지는 잘 모르겠네,0
R11869,배우들 끌어다가 이런영화 만드는게 안타까울 따름.. 진짜2점이면 많이준거 강소라님과 유승호님 수고하셨어요,0
R11870,9점아래 있을 영화가 아니다. 장준환은 그냥 천재라고밖엔..,1
R11871,걍 yg의 바비 데뷔시키기?관객들 가시나들 어디서구해왔는지 노답,0
R11872,"영화를 다 보고 나서 줄거리를 음미해보면 영화가 10배로 확장돼 내 안으로 쫘악 다가온다. 두 번, 세 번 보는 영화란 이런 영화다.",1
R11873,제임스딘 살아 있었으면 하네.,1
R11874,그냥 왜 흥행했나 모르겠는.. 뭐.. 되게 잔인하고 되게 야했던 것 같다. 여튼 내 취향은 아님..,0
R11875,1997년에 봤을 때 충격적. 요새 종종 다시 보고 싶기도 한.,1
R11876,걍 그랬음.ㅜㅜ,0
R11877,좋아요 꼭 보세요 후회안해요,1
R11878,출발 비디오 여행에 낚였다. -_-;;;,0
R11879,한개도 주기 싫었다... 양동근연기가 아깝더라,0
R11880,양년들중에도 김치가잇네,0
R11881,프랑스영화는 자주 접하지못했는데 정말 재밌게 보고왔습니다!!,1
R11882,다시봐도 재미있군ㅡ 구숙정과 양채니는 역시 이쁘구나ㅡ,1
R11883,"영화도 좋고, 배우들 연기도 좋고~",1
R11884,"내가 본 공포영화중 최고의 영화다.유치한 갑툭튀귀신이 아니고 고어물스런 끔찍한 호러도 아닌, 으스스한 분위기가 너무 좋다",1
R11885,꼭한번 볼만한 영화,1
R11886,암살범은 김선화(김소연)임 ㅋㅋㅋㅋ 김소연이 김승우도 죽임,1
R11887,스토리는 ㅄ에 액션도 견자단 말고는 별로인 영화. 차라리 살파랑이나 엽문을 한번 더 보는게 낫다,0
R11888,어렸을때 엄청 무섭게 봤었는데,1
R11889,범죄를 저지른 여자의 성공스토리 무엇을 전달하기위한 영화인지 이해 불가,0
R11890,주인공만 총알 피해가는 법칙....,1
R11891,우물안 돼지는 적어도 재능을 훔치진 않아 ..,0
R11892,한국 사계의 아름다움이 압축된 절제된 영상미. 요즘도 이만한 영화가 나오기 힘들 것 같은 즐거운 아쉬움.,1
R11893,나는 재밌었는데 생각보다 평점이낮지?? 미국식 코미디 굿굿,1
R11894,"연출 , 연기 스토리등을 떠나서 베로니카 게린이라는 기자의 용기와 정의에 감탄했다 기자가 꿈인 사람에게 있어 이 영화는 대단히 가치있고 본받을 만하다",1
R11895,흥미로운 소재를 밋밋하고 산만하게 이끌어가는 프랑스 영화의 전형.,0
R11896,아줌마 ㄹㅇ 개짜증남 ㅡㅡ 애하나 구하자고 몇명이 OOO거임 개민폐부부 ㄴㄷ,0
R11897,김구라만 그만하자...좀,0
R11898,소재가 정말 신선하고 좋았던거 같아요 뇌남2 나왔으면..하는 바램이 ㅠ,1
R11899,기억이 안날정도로 재미없는 액션영화,0
R11900,담력이 약해서 그런지 의외로 괜찮았던 영화....지만 딱히 무섭다는 생각은 안든 영화다.,1
R11901,개똥같은 영화만들고 있네,0
R11902,김선재가 계속 조선 사람이라고 하는게 감동스러웟다,1
R11903,용의눈물과 함께 최고의 사극 !!,1
R11904,ㅡㅡ 이런 저질 삼류영화를,0
R11905,흥미로운 이야기가 결말까지 흐지부지 끝나는군,0
R11906,1편보다 더 밍숭맹숭 ...,0
R11907,노답. 그냥 노답.하..,0
R11908,머리를 마음으로 채우게 만드는 영화~ 완.전.강.추!!!,1
R11909,레고를 소재로 했다는 거 자체로도 좋습니다.,1
R11910,차라리 이런 애니는 만들지 않는 게 좋을 듯,0
R11911,김태희 화내는데 발음이 웅얼웅얼 몰입도 안되고 내용도 별로고,0
R11912,클레멘타인이나 이영화나...괜시리 고인들 욕보이는 영화다,0
R11913,노무현 탄핵때문에 망한 영화 ㅋㅋㅋ,1
R11914,예고편만 봤는데도 재밌넹!~~~~~~~~~~~~,1
R11915,정말 재밌는 드라마.조진웅 역시 훈남이다.,1
R11916,재밋긴하거든??? 왜27분부터 안나오니??? 나폰 g2인데 파일 맛간거아니야???,0
R11917,결말이 마음에 들었다...,1
R11918,영화 다시 만들어라. 카이지 역할을 한다는 인간 캐스팅이며 분량이며 심리전이며 다 원작에 비해 심히 불만족스럽다. 물론 훌륭한 원작에 비해 영화화 작이 일반적으로 망한다는 건 정설이지만 아무리 그래도 그렇지 너무 지나치게 뒤떨어진다,0
R11919,자 하던것 멈추고 농사 지으러 갑세다 농업화 !!,0
R11920,솔직히 재밌었다 8점대는 되야한다고봅니다,1
R11921,왜들이래 재미만 있구만. 정적이긴한데 절대 지루한 영화는 아님,1
R11922,재미없네...평이 대부분 좋아서 보다가 꺼버렸음,0
R11923,볼만하네 새로운시도,1
R11924,'울게하소서' 하나만으로 최고의 영화.이 노래를 부르던 그의 심정은 어땠을까.운명을 받아들인 자의 노래는 처절하게 아름다웠다.,1
R11925,젓가락질 잘해야만 밥을 먹나요?,0
R11926,영화속 상황과 지금 내 현실이 너무나 비슷해 질질 짜버렸네;;,1
R11927,왜이리 평점이 낮지..베드신만을 생각하지말고전체적인 영화스토리에선 너무 재미있었다.영상도 너무 이뻣고.마지막 영상하나하나 기억에 남는다,1
R11928,솔직히 왜 평점이 높은지 모르겠다좋은스토리를 죽인 영화다딱딱 끊어지는 화면구성성유리가 돌던지는 장면은 정말...말이 안나왔다하지만이주승의 연기는 돋보였다표정이 참 좋은배우다스토리를 죽인영화다.,0
R11929,별하나는 브래들리쿠퍼 별하나는 제니퍼로렌스 그리고 반개는 나무. 사실 별 3개도 아까운영화;,0
R11930,웨슬리 스나입스의 액션영화는 글쎄. 그나마 블레이드 정도. 90년대는 음..,0
R11931,일본영화는 재미있던 재미없던 무조건 평점 1점이다 알겠나평점 10점 주는 친일파 ㅅㅋ들,0
R11932,알바많아서 안봄^^ 영화도안쳐보고 평가싸지르는 미친 싸이코새끼들 ㅋ,0
R11933,제발 이런 영화 않 만들어졌으면 좋겠다 요즘 애들이 이런거 보고 좋아할까,0
R11934,어디 이런걸로 극장 문턱을 넘봐,0
R11935,이케 재미없는영화는 또 처음,0
R11936,제목이 '악을 보지 말라'인 듯. 눈알 뽑는게 가장 큰 공포.,1
R11937,집앞에 빨간차가 올때 울컥했네요..,1
R11938,"액션 같지도 않은 액션, 나레이션에 이상한 캐릭터들은 짜증만 불러오는구나",0
R11939,한층 더 성숙해진 그녀의 이야기! 풋풋함에 흠뻑 젖어들어 시간가는줄 모르고 봤다,1
R11940,존쿠샥이 작은 호텔방안에서 펼치는 소름끼치는 원맨쇼,1
R11941,정말 이런 영화가 왜 있을까? 국가대표라고 하는 인간은 자신을 키워준 나라에게 통수나 치고.... 게다가 우리사회에서 없어저야할 조폭이 끼어들어 영웅시되지 않나....도데체 한 나라의 수장이였던 사람을 죽이는게 말이 됩니까? 김정은도 아니고...,0
R11942,짧지만 긴 여운을 남기는... 사랑해 파리....,1
R11943,침착하게 외로움과 공허함 속 인간성을 표현한다. 정말 좋은 녀석들이다.,1
R11944,이런 막장은 제발 이제 그만..,0
R11945,개노잼 걍 쓰레기. 평점 왜 이리 높아?,0
R11946,김재중의 발연기로 좋은 스토리가 다 묻혀버림..,0
R11947,범인은 공권력. (열자),1
R11948,의외로 족나 노잼이라서 놀랍다,0
R11949,와 재밌다 이런종류의 영화 또 어디 없나? ㅋ,1
R11950,배우들은 출중한데 드라마 자체가 노잼 ...,0
R11951,인사담당자의 해고 전화인터뷰에서 진짜...아...그 인사담당자가 내 앞에 있었으면 인중을 때려줬을텐데!,1
R11952,시간이 지나고서는 오히려 놓쳤던 감정들이 저절로 읽혀지는.. 보고 또 봐도 처음 같은 명작입니다.,1
R11953,야함,0
R11954,완전좋아~~~,1
R11955,마지막에 침대에서 ㅍㅍ ㅅㅅ 씬이라도 있었음. 별두개는 줬을텐데...,0
R11956,"0.3점은 없나요? 스토리가 연결이 안됨. 주인공이 후지게 생김. 주연 조연 다 연기 개판임. 액션이 삼류임. 한마디로 표현해줄께 ""쿵후 우뢰매"" 주인공은 2014년 현재기준 심형래",0
R11957,뭐여...일본말로 하든가...그리고 설정이 왜 기분나쁘게 한국유학생이냐..재미도 없고 짜증만 나더이다..,0
R11958,"빅오나아르젠트소마에 열광한적이 없는 넘들은,평점남긴다는것자체가 무의미...감독 카타야마카즈요시가 극우성향의애니신해저군함을 연출한적이 있다고해서,달려드는 넘들이,지지하는 정당은 맨날,세누리당,정치가는 맨날 유신공주 박모여사,너희들의이중성에 경의를 표한다",1
R11959,저도 새벽에 이거 보고 4시에 잤어요... 한번 더 보고 싶은 영화!!,1
R11960,"남매가 등장하는데요, 사냥꾼이 오빠의 팔을 짓밟거나 여동생을 가두거나 불을 지르거나.. 미취학 아동들한텐 안맞습니다. 토토로 같은 즐거운 애니는 아닙니다.",0
R11961,정말 대단하군.,0
R11962,화면을 보고있지만 내눈에 보이고 들리는건 사촌형과 자기전에 들었던 우뢰매ost와 똘이장군의 목소리였다.그때로 돌아갈수만있다면 이런 대작 수천번이라도 돈주고본다.,1
R11963,아..울다가웃다가. 엄청 울었다...너무 감동적이다...,1
R11964,와나 거의 3시간 동안 시간가는 줄 모르고 봤는데 갑툭튀 결말이라서 황당했지만 진짜 재밌게 봄,1
R11965,별로....그리......기대치에 비해 너무 재미 없었음........,0
R11966,평점 정말 소름돋네 높아도 너무 높다!!,0
R11967,휴.. 한숨나와,0
R11968,다음편이 기대됩니다.,1
R11969,"뛰어난 배우들의 호연과 탁월한 연출력, 그리고 무엇보다 잊을 수 없는 명대사들~ 정말 탄탄한 스토리뿐만 아니라 모든 요소들이 잘 비벼진 맛있는 드라마 비빔밥이었다ㅓ",1
R11970,고전문학을 원작으로 하니 아주 잘 갖춰진 영화였음 나무랄데가 없는 재미까지,1
R11971,바보들이냐 감독이 누군지 봐.. 기대할껄 해야지. 외국 영화들은 감독만 봐도 나오기도전에 대충 완성도를 알수 있어서 참 편하지,0
R11972,감독이 무얼 전하고자하는지 알지못하겠다...,0
R11973,뻔한 동서간의 갈등인줄 알았는데..신선하고..통쾌하고 재밌었어요.느낌이 많이 다르네요.우리신랑 사랑과 전쟁 보는거 싫어하는데..오늘은 잼있어 하면서 봤어요,1
R11974,이런영화를 얼른 300명넘겨서 순위에 올려야됨,1
R11975,중국영화에 이만한 시나리오는 존재 하지 않았었다. 와호장룡과 더불어 중국 영화의 정점을 찍었다.,1
R11976,"원작 모독수준,....매끈하지못한것과 캐스팅 미쓰는 치명적이고 한석규역이 쓸데없이 큼",0
R11977,아니 진짜 이영화는 너무 못만들었다. 하... 아니 처음인 칼들고 다 옛날 전쟁인데 갑자기 런던으로 와서 시대가 확바뀌고 주인공은 무슨 인도에서 살다가 갑자기 런던을 왔고 시대도 다바뀌었는데 도시를 다 알고있어;; 그리고 노래가 무슨 30분을차지하네요,0
R11978,조금 느림. 여자 뻐꾸기,0
R11979,배트맨 악역중 가장 인상적인 악역을 고르라면 난 단연코 펭귄맨을 고를것이다. ㅋㅋ,1
R11980,이미 알고 있는 내용이지만 흥미진진하게 봤네요일단 배우를 너무 잘 뽑았고 액션도 훌륭하네요,1
R11981,옳은 방법이라고 생각해온 것이 때로는 아닌거죠.,1
R11982,정말 좋았던 시절의 영화...그때의 기억이 떠 올라 와봤는데 낮은 평점에 놀랐다.,1
R11983,"욕하면서 보는 재미말곤 없음....그 재미를 넘어선 무서움만이 존재..--;TV는 바보상자라고 했더니...그 이상을 넘어섰다걸 이 드라마를 통해서 배우게 된다. 1,2화를 몇번 봤는데 정말 헐 그 자체임...차라리 ""백년의 막장""이라는 이름이 낫다.",0
R11984,다큐인데 영화같은 스토리에 놀랐어요 ㅋㅋ마치 미리 기획하고 한것처럼..정말 재미있었고 많은 것을 배웠습니다 감사합니다!1,1
R11985,"엎치락뒤치락 하더만, 결말은 맹탕이넹...",0
R11986,추천!!!!,1
R11987,진짜 핵노잼 11번째스트라이커가 차라리 낫다,0
R11988,15년전이영화다 쳐도 스토리가 너무 헐거워...바보도아니고 프랜신을 왜살려뒀냐 ㅋㅋ,0
R11989,진심 이런영화는 만들지 맙시다.평점 알바도 그만 쓰시고요;;,0
R11990,이청아때문에 봤는 데... 진짜 일본인처럼 연기 잘한다..헉;;;,1
R11991,원작소설의 훌륭한점은 온데간데 없이 사라지고 개 허접만 남았다,0
R11992,영화 무서운게 아니고 징그러움.,0
R11993,원작소설이 갖고있는 메시지와 훌륭한 스토리텔링은 어따 팔아먹고 이런 졸작이 평이 이리 좋은지 알다가도 모르겠다 소설을 봐라 감독 욕이 절로 나올껄?,0
R11994,우리아빠 이거보고 눈물흘리셨음,1
R11995,목따딸이. 풉,1
R11996,오랫만에 제목만 보고도 점수 10점 주고 싶은 그런 영화!,1
R11997,진행의 속도라든지액션씬 그리고 영상미가 뛰어난 작품입니다..,1
R11998,왜만들엇음이거?,0
R11999,한국인라서가 아니지만 정말 박중훈만 좋았다,0
R12000,애들보기 좋은영화. 그렇게 재밌진 않음,0
R12001,굿짱 너므재밋다,1
R12002,코스프레영화ㅠ애니를영화화시킨게아니라이건뭐사람이애니따라하는느낌이라해야하나?,0
R12003,"정말 진심으로 말하는데, 이게 드라마면 파리도 새다.",0
R12004,가끔 생각나는 좋은 영화. 난 이 영화 안에서의 정우성이 좋다. 순수한 영화,1
R12005,이건 시간 때우기용에도 못 미친다. 시간이 아깝다.,0
R12006,"아바타 2010년, 테라 2009년 테라가 더 빨리 나옴 개봉이 늦은거지",1
R12007,"성애영화라지만, 어째 하나도 안야하네 쩝.",0
R12008,구역질나는 호모영화로 절대 보지 마세요.토할뻔 했습니다.,0
R12009,매력적인 팔머 하지만 영화는 재미없음 ㅋㅋ,1
R12010,남자넘이 졸라깝깝하네 주먹을부르는세끼,0
R12011,액션영화의교과서--->다이하드시리즈와 리쎌웨폰시리즈,1
R12012,장난치나.. 보면서.. 휴잭 맥이 왜 이영화를 찍었을까라는 의문을 계속가지면서 보게되는 영화,0
R12013,크게기대안했는데넘잼있게잘봤습니다,1
R12014,이딴 쓰레기를 도데체 뭔생각으로 만들었냐.. 7광구에 라스트갓파더가 훨씬 재밌겠네,0
R12015,판에 박힌 디즈니 만화 표정들만 잔뜩... 줄거리의 새로움도 없네,0
R12016,완전 짱짱 재미있음ㅋㅋ,1
R12017,재미없어요 긴장하나도 안돼고 그냥 길거리 들개같은영화,0
R12018,0점이 없다는걸 처음 깨닫았다. 아 최소 별 반개는 줘야 하는구나,0
R12019,윤하♥ 때문에 10점 ..,0
R12020,"전쟁영웅, 살아남아 모든 것을 가지다. 남자의 로망 그 자체 .. 그 외 조연들도 애잔하고 매력이 넘친다. 이게 대작 아니겠나.",1
R12021,이런 영화는 이렇게 만들어야 제맛!!,1
R12022,에로영화 쒸레기삘이 좔좔~~~ 초특급 울트라 왕쒸레기!!!,0
R12023,재용이형 언제 엽기적인그녀같은거한번 더만들어줄꺼야 ㅠㅠ,0
R12024,시간가는줄 모르고 봤다.돈 쓸어다 붓고도 뒷맛이 찝찝한 영화도 많더구만~,1
R12025,좋은작품 잘봤습니다.,1
R12026,재밌어요!!!! 진짜 웃김,1
R12027,이런 고자 영화를 봤나,0
R12028,불분명한 의도.,0
R12029,"인간관계와 개인의 심리를 잘 표현해 준 작품, 배우의 연기력이 돋보인다. 영화 말미의 인철이의 그 표정과 목소리를 잊을 수 없다.",1
R12030,청국장!!!!,1
R12031,bbbb라이브비스트,1
R12032,시기심많은여자어쩌고한인간 내아내가결혼햇다 보고나서는 손예진이니까가능한거라고 위안하며욕햇겠지ㅋ 영화가 꼭교훈적일필요는 없고 뭐영화제작은배워본적없어서모르겟지만 감독이 나랑사상적으로 진짜안맞는 사람인건확실ㅋ 내아내결혼햇다는 깊은뜻이라도잇지 이건뭐ㅋ,0
R12033,"삶이란 뭘까 살아간다는건 뭘까, 그래도 사는것이 답이아닐까",1
R12034,너무보고 싶었는데 이제야 봤습니다. 어쨌든 너무재미있어서 저는 울었습니다.ㅎㅎ,1
R12035,인피니트는 짱인듯 개 멋있어,1
R12036,"하,, 완전 실망",0
R12037,포스터에 낚이면 절대 안됨 드웨인 존슨이 덩치값 못하는 영화,0
R12038,"UFC 앤더슨 실바 선수 '킥' 스승님이라던데, 역시 남다른 시걸 형님!!",1
R12039,아무런 의미가 없는 개봉날짜...,0
R12040,진짜 너무 재밌고 리얼해서 좋아용ㅋㅋㅋㅋ짱짱,1
R12041,시작에서 끝까지 한데 썩이지 못했다.,0
R12042,갈수록 왜 이렇게 되는데,0
R12043,별로 웃기지도 않고 그렇다할 감동도 없고 주제도 없고 별 내용도 없다.,0
R12044,갓혜수 엄지척입니다.너무가슴이아팠어요류승룡이 대신죽었어야하는데,1
R12045,명배우들의 명연기에 한시라도 눈을 뗄수가 없었다. 전율 그자체인 숨겨진 명작!,1
R12046,졸리니까 자러 가야겠다.,0
R12047,어느 누구도 비난할 수 없기에 내게는 더 잔혹한 동화였다.,1
R12048,난 샤워를 하네~따뜻한 물에 흙도 씻고~♬,1
R12049,어린이들이 소름돋기에 안성맞춤 스토리.,0
R12050,평점최초등록해보는데 이영화가 왜이렇게 평점이 낮은지 모르겠다ㅠ 내 인생의 최고의 영화♡ 그때로 다시 돌아가고 싶다ㅠ,1
R12051,이제까지본 드라마중 최악의 막장..개콘의 시청률의제왕도 이보다 나을듯. 뜬금없는 설정 싸이코패스 은희수와 민멍청이뻔한거짓말에 잘도 넘어가는 뇌없는 한지섭시끄럽고 한술더뜨는 은희수 엄마. 그나마 나은건 한지섭부모님이 젤 제정신인듯...,0
R12052,영화 볼 시간도 아까움,0
R12053,재밌었던거 같다. 뭔가 보면서 흐뭇했다,1
R12054,77년당시 한국에서 이런 작품도 나왔었군요 너무 시대를 앞서가서 빛을 못본작품,1
R12055,여배우가 이뻐서 2점준다,0
R12056,"라푼젤, 겨울왕국에 지지않을 명작!!화려한 색채감이랑 감동과 재미까지 있는 영화다.엔딩곡이 너무 좋아서 여운마저 즐거운 영화였다.",1
R12057,"빠름과 느림 사이, 힐링의 시간.",1
R12058,했네 했어,0
R12059,재밋엇어요 진짜재밋게봐씀,1
R12060,에로틱 심리 스릴러. 만족스러움. 평점 8.0,1
R12061,유덕화의 과거를 덮기 위한 처절한 사투 대단한 시리즈다,1
R12062,정말 재밌어요... 이미 죽은 사람들이였다니.. 결말보고 어이없어서 후기보고 이해 됬습니다..,1
R12063,재미도 미확인 내용도 미확인 결말도 미확인 연출도 미확인 공포도 미확인 5미확인의 결과로 별반개드리겠습니다.,0
R12064,드디어 스마우그 드래곤 출동!!!,0
R12065,역겁고 더러운 영화--....과정이 전혀 매끄럽지가 않아,0
R12066,잭의 연기력이 영화를 이끌고 가기엔 너무 힘들었다,0
R12067,너무 재밌어요 ㅜㅜ 라오스편ㅜㅜ꽃청춘 칠해빙너무좋아요 ㅜㅜ 다시해주세요 ㅜㅜ,1
R12068,11점도 부족한 영화다~임수정 다시봤음,1
R12069,말이필요없다 발차기보면번개이아주그냥 빤스젖음 저시대에 저런시원한액션이란 역시최고이시다,1
R12070,귀여운드래곤들ㅋㅋㅋ,1
R12071,시작하고10분도안돼서전편과감독이다른가?왜이러지??;;;;를 느꼈다ㅡㅡ.....이런 졸작으로 감히 무간도이름을 쓰다니,0
R12072,김진표하차할때까진시청안할겠음다른애들너무보고싶다 김진표정말뻔뻔하네 양심이뭔지모르나,0
R12073,공영방송에서 이렇게 감동주는 풀그램 참 오랜만인듯..시청률 상관없이 쭉~가슴 따뜻해지는 감동 주시길 부탁드리고 싶네요 땡큐 홧팅! 임다...,1
R12074,마케팅은 이렇게 해야한다라는것을 보여준영화네요..,0
R12075,감탄스러웠다. 무엇하나 지루하지않고 끝까지 여운을 주는 영화. 특히 스토리부분에서 굳,1
R12076,당시 엄청 무서운 영화였음...어린시절 이영화보고 몇개월간 화장실을 못같음..ㅡㅡ,1
R12077,스릴러니까 공포감이나 박진감 연출면에서는 어느정도인정. 하지만 내용굉장히어설픔. 대충생각난대로 마무리한느낌.... 정말아무생각없이 스릴러영화를 보고싶다면매우가볍게볼정도는됨. 한마디로 요약하자면B급영화,0
R12078,특수효과계의 쓰레기. cg라도 쓰던가,0
R12079,“아야세 하루카”님 지켜주지 못해 미안해.,0
R12080,제왕의 딸 수 백 향...,0
R12081,짱이에요...,1
R12082,재밌던데...dvd도장만ㅋㅋㅋㅋ,1
R12083,박은혜와 임호의 미친 연기력 ㅋㅋ웃음만나와 ㅋ박은혜연기가 젤무섭다,0
R12084,볼프강 페터젠(네버엔딩스토리 감독)의 지금으로부터 24년전에 제작된 '가면의 정사'랑 내용이 같다..,0
R12085,뭔지 모르게 좋다. 분위기가 특히,1
R12086,주제만 확실할 뿐. 재미적인 부분을 심각하게 놓쳤다. 제일 문제는 그렇다고 악평을 하기는 좀 미안한 마음이 들게하는 제일 짜증나는 종류의 영화,0
R12087,y2k1945sun 신고,1
R12088,이런 욕나올뻔 ㅋㅋ 영화가 아니가 여행가이드 겸 화보인듯 ㅋㅋ,0
R12089,진짜 웃기다. 캐릭터 하나하나 깨알같이 웃김. 병맛 쩌는 영화!!,1
R12090,보는 내내 흥미를 잃엇다......,0
R12091,심혜진 말투도 지겨움 그리고 그 마이사 그사람은 연기가 왜이렇게 발연기임?,0
R12092,댓글 시원하다~ 국현교수님이 ITF였더라면 좋았을텐데..,0
R12093,끔찍하다!!!!!!!!!!!!!!!!!!!!!!!,0
R12094,굿~~~~~~~~~~~!!!!!!!!!!!!!!,1
R12095,박예진 예뻐 예뻐,1
R12096,"사람들은 '있어보이는 것'에 감탄한다. 하지만 그럴듯해보이는 그 것의 핵심이 비어있다 할 지라도 구별할 능력은 없다. 우리 역시 비어있기 때문. 겉으로 보기엔 그럴 듯한, 하지만 실상은 극과 극인 OO와 티에리의 작품은 다시 한번 우중을 비웃는다.",1
R12097,뉴욕에서 저런 그림같은 사랑은 이루어진다,1
R12098,어설픈 코미디가 오히려 화만나게 했다,0
R12099,머리끄당기는곳이랑 손이 문못열게막는곳에서 존나지리고 똥지림 ㅈㄴ깜놀 근데마지막 이해안가 진짜유미야아님그 미에코야 뭐야 칼들고잇길래 ㅋ사탕키슨머고,1
R12100,이게먼내용이지.. 조토끼는그만의취향이있는듯..,0
R12101,뉴스볼라고 기다릴때마다 깜짝깜짝놀란다 범죄드라마야머야 더럽게오래하네,0
R12102,폴 그린그래스와 톰 행크스! 한정된 장소에서 무한정 뽑아낸다. 이 실화를 이보다 더 스크린에 잘 풀어놓기란 어려울 것이다,1
R12103,끝까지 보기 2번 시도 했다가 모두 실패한 영화,0
R12104,무섭지 않은 영화는 공포영화가 아니다.,0
R12105,시사회 보다나온적은 처음,0
R12106,룻거 하우어 이때 진짜 멋있었는데...,1
R12107,김선빈님 연기력에 감탄하고 갑니다. 다른 배우들 연기도 정말 멋졌어요,1
R12108,촌스러운 다큐 기법으로 떡칠하고 현실과 동떨어진 자극적인 소재만 다루었다,0
R12109,이딴걸 재밌다고 평점을 주고 ㅋㅋㅋ,0
R12110,이 영화 정말 재밌게 봤어요~!! 정말 아름답다는 생각이 듭니당. ^^*,1
R12111,아주 웃겼다.,1
R12112,액션을 좋아하는데 액션보단 스토리에 치중하여 1점 깍았다. 그래도 엄청난 수작임은 틀림없음.,1
R12113,이거 의미가 뭘까?,0
R12114,이딴 영화에 10점준 애들은 백프로 영화에 관련된 주변인들이라 믿어 의심치 않는다,0
R12115,원래 원작을 이렇게 재미없게 바꾸기도 싶지 않았겠다.,0
R12116,아들이 꽉 부여잡던 아버지의 마지막 온기 어쩔꺼야,1
R12117,시대를 잘못타고 태어난 영화. 한 20년전?,0
R12118,실화를 바탕으로 했다니.. 시간이 갈수록 더욱 감동이 진해집니다!!,1
R12119,"직장에서 침흘리고 자다가...텅빈사무실에갇혀서,쓰러지다니...바보아냐?답이안나온다",0
R12120,아빠없이 사는 아기들도 많아요의사아빠가 쉬운가요..?진짜 복에 겨운거 같네요,0
R12121,최고로 재미있었어요.. ㅎㅎ,1
R12122,참다 참다 도저히 못 견뎌서 껐다.,0
R12123,최민수가 더 건방지게 된 계기ㅋㅋㅋㅋㅋㅋㅋㅋㅋㅋㅋㅋㅋ 김정식한테 털리놈이,0
R12124,김혜자 봉준호 원빈 !!,1
R12125,내용이 아주 진부하고 드라마지 액션은 아닌듯 배우들이 아깝다,0
R12126,진짜로 재미옶다.주인공 배역이 아깝다.보지마세요,0
R12127,심오한 영화를 만들려고 했으나 심난한 영화가 되어버린 졸작,0
R12128,절대반지는 어디 있지?,0
R12129,"굉장히 어려워서 두번이나 봤다, 하지만 괜찮았다",1
R12130,여주 매력 터지네요 2대1로 싸울때 우마 서먼인줄.... 마지막이 좀 어이없게 끝나서 9점 드려요,1
R12131,아..진짜..영화는 나름괜찮았는데.맥도날드에서'불꽃'까지 배낀건 좀 너무한거 아니냐,0
R12132,시원 통쾌한 복수극. . .,1
R12133,당신이 무엇을 상상하든 그이상을 보게될것이다,0
R12134,있을수 있는 일이지만 전개하는 과정은 정말로 뒤로 갈수록 짜증이 폭발하는 영화,0
R12135,중반이후 급 흐지부지.. 시트콤같은 결말.,0
R12136,시나리오 대박 송능한 천재,1
R12137,내기억속의 한가인을 이명박이 연기하는듯. 아네트베닝 왜이러니,0
R12138,NGC다큐와 디스커버리 다큐를 넘어섰다! 개인적으론 역대 TOP3 명품다큐! 정말 감동과 놀라움의 연속이었다. 제작진에게 경의를 표한다!,1
R12139,대사 모두 외울정도로 많이본 명작!,1
R12140,진짜 돈 아깝다. 이 영화 황당 그자체..공포는 무슨 공포!,0
R12141,워래되로,1
R12142,별 기대 안하고 보긴 했는데 의외로 재밌게 잘 밨습니다,1
R12143,정말 비추.. 1점도 아깝네여,0
R12144,휴~설명하기도 힘드네;; 1편에 비해 너무ㅠ,0
R12145,빨리 보고싶다!!!헌데 오래 기다려야 될거가틈...,1
R12146,무휼,1
R12147,저질 코미디,0
R12148,우와..진짜 재미없었는데..완전 돈 아까운 쓰레기 영화. 이때까지 본 영화 중에 제일 별로. 장면은 툭툭 끊기고 산만하고 저질 농담따먹기나 하고 감독이 말하고자 하는 것과 영화주제는 모순덩어리.평점이 왜이렇게 높은지 모르겠네..,0
R12149,그냥그래요 아이가좋아하네요~~~~,0
R12150,오래적 1960년대 영화 성난능금을 시골 극장에서 보았는데 정말 추억의 명화입니다. .,1
R12151,"섹스에 대한 영화 중, 이렇게 흡입력이 떨어지는 작품은 거의 없을 듯.",0
R12152,볼려고하는데재미있겠네요.,1
R12153,여름 다갓어. 니들도 같이가라,0
R12154,카리스마는 온데간데 없이 촌티 작렬,0
R12155,Are you baboo,0
R12156,조은숙연기도좋았고 일인자가 되기위해자신의모든걸 던지는 박상민연기 빨간아우디,1
R12157,내 인생 최고의 영화. 어느 영화한테도 이 말을 할 생각을 못했는데 정말 최고라는 말밖에는,1
R12158,긴장감이 맴돌았던 영화! 주사위가 구르는 모습을 보면 이 영화가 떠오른다!,1
R12159,앞단계의 도약을 위해 만든 습작 다음작 &lt사랑은 타이밍&gt이 정말 최고였지,0
R12160,어쨋든 일본에 관련된거는 이거도아까움,0
R12161,상실의 고통도 집착으로 인한 것.....집착을 버리면 자유가..,1
R12162,Secrets & Lies,1
R12163,아름다운 드라마,1
R12164,저도 재밌게 봤는데 평점이 너무 낮네요ㅠ,1
R12165,굉장히 재미있게 본 영화,1
R12166,돈주고 보기에는 너무 아까운 돈과 시간이 너무 아까운 영화,0
R12167,로이 개미친놈! 가정있는 놈이 외계인 따라가고....,0
R12168,후진국몽골영화가 그렇지 머,0
R12169,감독이 폼페이 못 본듯 ㅁㄴㅇ,0
R12170,빈약하고 억지스러운 전개와 연출. 방송쟁이는 쌈마이라 표현하면서 외화속 발암케릭터를 의미없이 잡아넣어 무리하게 진행시킨 전형적인 충무로 정신승리 영화. 2점도 아쉬운 영화,0
R12171,감명깊게 본 영화중의 하나에요 화면도 이쁘구요,1
R12172,아직까지도 기억에 남아있는 드라마 무엇보다 조재현의 연기가 돋보였던 드라마,1
R12173,첨엔 너무 등장인물들이 왔다갔다해서 헷갈렸는데 서서히 퍼즐처럼 이야기가 맞춰가기 시작하면서 정말 재미있게 봤다. 어떻게 이런 기발한 시나리오를 생각해낸 건지 ㅋㅋ 꿀잼!,1
R12174,정말 화가 난다. 쓰레기같은 영화! 이딴 게 천재소리 들을 정도면 이 세상에 천재 아닌 사람 있냐?,0
R12175,치료이야기가 반복적인 패턴으로 나옴으로서 진부하고 별로 흥미롭지가 않다,0
R12176,진구는. 깡패전문배우가아니었다,1
R12177,재미를 떠나 이영화를 보는 당신이 지금 당장 무엇을 해야하는지 알려주는 영화,1
R12178,애인이랑 이영화 봤다가 정말 욕 바가지루 쳐드셧다..아 모냐 이거...누나 미안ㅠㅜ,1
R12179,내스탈임.ㅋㅋ 사실 스토리는 진짜 커버쳐줄수가 없다 ㅋㅋ,1
R12180,이영화대박..연기 제작비 전부다 쓰레기,0
R12181,웃다가 심각해지고 웃다가 심각해지고,1
R12182,이런 끔찍한 영화를 명화라고 하다니..이해가 가지 않네요.....평화를 사랑하고 자연과 더불어 살아온 인디언들을 아주 포악하고 잔인한 집단으로 그리고 있는데...이는 미국의 오만과 편견이 들어난 것이 아닌지요..,0
R12183,"완전 개판 오분전인 드라마...정말 골때린다. 작가가 글을 개같이 쓰고 배우는 연기를 떵같이 하네. 앞뒤, 전후가 전혀 없고 그딸에 그아버지에...정말 텔레비를 때려 부수고 싶다!!!",0
R12184,"저 혼자 봤다가 결말에 충격 먹고 와이프 추천해주면서 다시 봤는데,, 두번봐도 정말 재밌는 영화!!",1
R12185,안타깝다는 말밖에..,1
R12186,어릴때 보면서 진짜 재밌게봤는데 또보고싶다ㅠㅠㅠㅠ,1
R12187,별 주는게 아까운 영화다..뭔데 이영화는 내가 발로 만들어도 이것보단잘만들겠다.. 하고싶은 말은 많은데 전부 욕만 나올꺼 같아...이까지만 할련다..,0
R12188,상영 내내 싸움만 하는듯...,0
R12189,크게 최하는 아니자만 두배우의 명성에 비해 스릴이 부족했다,0
R12190,쪽바리 친일들 많네 대한민국에,0
R12191,나이를 먹을수록 가슴깊이 느낄 수 있는 영화,1
R12192,매일444를보네요 지겹다 4 44 클전트로피도444 상대방 골드도444 0안느ㅏㅇㅂ,0
R12193,정말 재미없음여주인공도 짜증나는 연기.아빠는 더 어색한 연기.그냥 짜증나는 영화.,0
R12194,아무리 생각해도 이정도 평점은 너무하지~ ㅎㅎ,1
R12195,"원작소설이 있으니 내용이 문제라기 보다, 연출력이 문제인듯. 마지막만 볼만했다. 무엇보다 배경음악이 너무 촌스럽다.",0
R12196,진짜 나쁜 영화로 변한 실패한 새로운 도전,0
R12197,아 하정우 추격잔줄 알고 다운받았는데....,1
R12198,이런 ㅡㅡ.. 정말 이건 뭐 ... 초반 30분 어쩔꺼??,0
R12199,재밋는데 평점이 왜이따구임?,1
R12200,간만에 빨리감기 해보네여 평점 1점도 아까움,0
R12201,중간에 잠을 자버려서 내용을 놓쳤다,0
R12202,자칭월드스타 월드군인!,0
R12203,서극 몰락의 극한.,0
R12204,"아나,,,프랑스 영화...ㅠㅠ",0
R12205,평점 균형을 잡기위해서..,0
R12206,휴...보면서 울었어요ㅠㅠ웰메이드 영화! 제목번역이 거지같지만 정말 연기도 최고...ㅠ_ㅠ,1
R12207,이분들 귀한하면 안됬었다.,0
R12208,청소년영화의 고전. 싱그러운 유경아..,1
R12209,내 인생 최고의 영화중 하나... 벌써 20번 가까이 보았음..,1
R12210,사랑에 관한 갈등을 서슴없이 표현.진실되서 좋다.,1
R12211,"색감, 미쟝센, 상징, 알모도바르의 모든 재기가 '완전히' 응축되어 나온 어떤 기념비.",1
R12212,짱 to the 유 to the 치,0
R12213,전지현정말이쁘다 영화적인요소는 베테랑보다 못한듯,1
R12214,아프다 아프지만 꼭봐야할 영화다,1
R12215,"진짜 우울할 때 필요한 영화는, 억지 전개 코미디가 아니라, 이런 영화!",1
R12216,여주인공이 도망갈 정도로 촬영여건이 열악하니 드라마 완성도가 낮을 수 밖에,0
R12217,환상적인 오프닝과 몇몇 비키니 장면들을 빼고는 지루함을 감당할 수 없다.,0
R12218,중반쯤보다보니 대충 감잡히든데 파트너는 자꾸 집에가서 자라그러고 ㅡ.ㅡ 아니나다를까 반전이라고 하기도 뭐하고 끝도 영찝찝하고 시간 아깝네,0
R12219,그다지 흥미롭지도 않은 이야기 전개가 너무 늘어지는군,0
R12220,완전내스타일...재밌닼. 크리스파인 비주얼 하나만으로도 10점 가능할정도로 두 남자주인공이 영화를 이끌어갔음. 양다리걸친 스토리는 어이없지만 리즈위더스푼이 못생겼다고 뭐라그러는건 이해안됨. 매력쩌는스타일인데왜 뭐라함ㅋㅋ다만 남주들보다 늙어보인게 흠.,1
R12221,돼체!!주제가먼지..돼체!!저쟁쟁한 연기자들은 대본은 보고 출연결정한건지..왕가네 끝나길 겨우 기달렸드만..이건뭐 주말저녁에 테러 수준이네.웬똥..웬빤쭈..평점알바 그만시키시고 종영바람다..참다참다 이런 글올리기도 첨이네..작가 연출누군지 찾아보러,0
R12222,"정말 스토리가 재밌네요 처음에 부산사투리,티아라소동등 다잊어버리고 시청율팍팍올려봅시당ㅋ너무 재밌고 웃깁니다 연기자여러분들 힘내시고 조여정씨 너무귀여워요조연분들도 연기짱 ㅋㅋ기대됩니당",1
R12223,이것저것 베낀스토리에 쓰다만 결말. 너무짜증스러움,0
R12224,남이 밥 먹는 거 그닥 재미없음,0
R12225,닌자만 나오면 이모양이니...마지막에 카메라를 향해 인사하는애는 또 뭐야?장난하나.,0
R12226,난 괜찮던데 평점 엄청 안좋내욬ㅋㅋ 저는 재미있게봄,1
R12227,지루하기 그지없음,0
R12228,완죤 굿!! 추천..,1
R12229,보다 말았다,0
R12230,다이아크론 씨리즈의 다이아배틀스를 표절한 캐릭터,0
R12231,곶?니이지만 좋다,1
R12232,최고의 연출. 최고의 배우.,1
R12233,하...이영화때문에 ost만들어도 소름끼친다; 등줄기를타고 전율이흐른다...,1
R12234,준드의 연기가 돋보인 영화,1
R12235,영화는 머 인정ㅋㅋ실화니까 근데 난 무섭지는않앗음...,1
R12236,이 시대 진정한 감동 어드벤처! 도제가 머리속을 계속 맴도네요~,1
R12237,전에 보고 싶었는데 못보고 어제 봤는데 역시 잘 봤습니다.,1
R12238,아무리 그래도 액션씬에서 로마군 그대로 베낀것은 좀 심하지 않냐..,0
R12239,감독나와,0
R12240,다양한 인생들 중 아주 유니크한 삶에 대한 이야기. 감독의 직관력!,1
R12241,도시가 삭막하다... 잘 그려졌어요,1
R12242,근데100억 어디갔슴?,0
R12243,정말 과감한 폐지에 박수를 보낸다!,0
R12244,생전에 후지산과 벚꽃을 보고 싶어했던 아내를 위해 떠난 일본 여행,1
R12245,흔한 첫사랑버프. 첫사랑 영화라는 이유로 좀 과대평가되는 부분이 있는 것 같다.,0
R12246,끝나기 아쉬운 드라마,1
R12247,시리즈 중에서 제일 잼있었다 ㅋㅋㅋㅋㅋㅋㅋㅋㅋㅋ,1
R12248,잼나네 ㅎ,1
R12249,ㅋㅋㅋㅋㅋㅋㅋㅋㅋㅋㅋㅋㅋㅋㅋㅋㅋㅋㅋㅋㅋㅋㅋㅋㅋㅋㅋㅋㅋㅋㅋㅋㅋㅋㅋㅋㅋㅋ,0
R12250,생활연기 달인 박희본느굿굿~~ 너무 잼나고 좋았네요짧막하게 구성되어 있고 부담없이 보기 좋음요,1
R12251,단순히영상미를즐기려는사람들에게는 권하고싶지않다. 최고의명작이다,1
R12252,"샘레이미 스파이더맨1,2,3이 훨 나음. ㅇㅇ",0
R12253,제목이 맘에든다 그냥 침몰해라,1
R12254,어브덕션(Abduction)이라는 영화 배낌 !!!!!!!!!,0
R12255,이영화별로......,0
R12256,재밌었음 심리묘사가 좋았다 아만다 연기도 좋았고,1
R12257,난 이런류의 영화가 좋더라. 역시 이병헌. 신민아 치아 교정 전인듯.,1
R12258,부산은 대단한 곳이다 성적이 부진해도 팬들의 마음은 움직이지 않았고 다른 지역도 본받아야 한국 야구가 발전할 것이라고 느꼈가,1
R12259,감독의 윤리의식이 의심된다는. 지 마누라 살리겠다고 멀쩡한사람 납치해서 심장적출?,0
R12260,9점. 조금만 더 다듬었으면 하는 영화. 이 영화의 소재를 가지고 리메이크 하여 더욱 큰 스케일로 다시 한번 더 봤으면 하는 영화.,1
R12261,이런내용 진짜 좋아 :) 돈 진짜 안아까운 영화 완전 사랑함 이기홍 멋집니다!,1
R12262,'그냥' 봐봐요! ><,1
R12263,꼭 DVD로 구매해서 소장하시길 부탁드려요. 엄청난 며응작 입니다,1
R12264,도대체 왜 이 영화를 봐야 하는가?,0
R12265,케이블에서 밤늦게 하더라.굉장히 재미있게 봤어.. 처,1
R12266,전혀 안지루한디 왜지루하다 하는거져 ? 강추입니다,1
R12267,진성 황가달 모영 왕호 주강 금강 화성 박종국 서영란..초호화캐스팅의 무협걸작,1
R12268,베드신만보고 삭제한영화..,0
R12269,"서유리 우유통 볼려고 사기당한 1인임..뭐반신반의 했으나 OO 안나옴..다 대역..게다가 스토리는 말도안됨..짱개,전기세,관리비 6개월이나 미뤄주는데가 어디있음?주인공섀키 똥 뿌직 개짜증",0
R12270,1드으므그느드르므브,1
R12271,이리 재미없는걸 어찌 개봉할 생각했나? 1점준것중 한국영화 죄다 10점준 M창있네,0
R12272,우워우워우워우워우워우워워워워,1
R12273,유령이 강간범이다..........,1
R12274,"진짜 완전 재미없음 내용, 스토리 전혀 상관 없는걸로 2시간 나옴",0
R12275,30분보다 꺼버렸다 끝까지안봐서 이정도준다,0
R12276,개봉한지 1일만에 영화 사이트에 다잇는걸 보면 ㅈㄴ 재미없다는거지..?,0
R12277,시어머니 후덜덜 똥줄ㅎㅎ,1
R12278,뭔가.. 난괜찮았는데..?,1
R12279,그럭저럭 재미있게 봤어요 ..,1
R12280,다양한 추격씬이 나오지만 추격씬의 숫자 만큼 내러티브에 신경을 썼다면 좋았을텐데 아쉽다.,0
R12281,더이상의 대변영화가 있다면 아마 그건 진짜 대변(응가?)이 아닐까?ㅋㅋ,0
R12282,이걸 뽕똘과 연달아 봤다 미쳤지. 지금 난 문화적 충격속에 있다,0
R12283,대작치고는 망한드라마/ 차라리 아이리스1 시리즈가 좋았음..아이리스1은 긴장감이라도 있었지..,0
R12284,ㄹㅇㄴㅁㄹㅇㄴㅁㄹㅇㄴㅁㄹㅇㄴㅁㄹㅇㄴㅁㄹㅇㄴㅁㄹㅇㄴㅁㄹㅇㄴㅁㄹㅇㄴㅁ,1
R12285,2편까진 봐줄만했다. 3편은 왜놈들답게 잔혹하고 변태스런 기질을 그대로 보여주는구나. 이런걸 청소년들이 보니 잔혹해지지.,0
R12286,"뭐죠 ? 열린 결말도 아니고, 그냥 황당해요...",0
R12287,아주 재밌습니다 꿀잼~,1
R12288,HD의 진수..새로운 시도가 눈부셨다,1
R12289,볼만하네요...샤론스톤..보니 참 세월의 무상함이 ㅠ,1
R12290,"이영화 정말 대단했던영화로기억됨,,액션영화중에 제일인듯~!!!보는내내 설레이게만든영화~스케일이 장난아니여~~~전혀 지루하지않고 임팩트있음~최고~!!!! 중에 `최고~!!!",1
R12291,이건 진짜 심함..,0
R12292,2번 보고서야 이 영화의 진가를 알았다.,1
R12293,"이런 비주얼 쩌는 다크히어로를 봤나,, 리부트해라 당장!",1
R12294,동화같은 영화 동화책 한권을 읽은듯한 기분,1
R12295,"분명히 보는동안 껄끄러운장면이 있다,하지만 그 껄끄러움을 뛰어넘는 영화이다,이래서 박찬욱 영화를보나보다",1
R12296,무성영화라 사람들 안본다고 너무 약을 쳐놨네,0
R12297,빈깡통이 요란요란,0
R12298,어떤 영화든 재미있게 보는 나였지만이 영화는 용서 할 수 없었다.,0
R12299,나탈리포트만 연기가 영화 반은 살린듯..ㅋ 조지 넘 불쌍 ㅠㅠ,1
R12300,주문진 가봣어요 촬영지라 ^^,1
R12301,강추!! 원래 잘 안우는데 눈물이 계속 흘렀네요....,1
R12302,쓰레기 영화왜만들었는지 이해가 가지않음징그럽게보이려고 노력한 코믹물B급도아닌 D급좀비물ㅡㅡ,0
R12303,최고의영화였다 군시절,1
R12304,여배우 이쁨 병맛스토리인데 나름 재미남,1
R12305,중간에 타잔이 된 제임스 본드...,0
R12306,맨홀 뚜껑 열리는 영화.. 별 반개도 아깝다.,0
R12307,어쩔줄 모르다가 군대식으로 가르치는 아놀드의 코믹한 모습;;;,1
R12308,배우들 연기력도 좋고 점점 기대된다는 ㅋㅋ,1
R12309,야마카시 보는 재미는 5분이면 충분하다. 시노십스 출연자들이 만들었니?,0
R12310,그다지... 돈이 아깝다.,0
R12311,"ㅇ;영화는 한국인이 잔인하고 가족애도 없고 지저분한음식먹는 표현이 짓게깔려있네...수준이하작품,,",0
R12312,원작을 잡쳐놓은 졸작중에 졸작,0
R12313,역시 재밋는 영화 엿음 ㅋㅋㅋㅋㅋㅋㅋㅋㅋㅋㅋㅋ,1
R12314,러닝타임을 무색하게 만드는 멋진 엔딩이에요. 그 시절의 감성이 묻어있는것 같아서 옛날 생각도 나고 너무 좋네요. 한석규씨 전도연씨 너무 멋집니다.,1
R12315,남자애 때려죽이는 장면 무서웠음 ㄷㄷ,0
R12316,"- 이집 저집~ 스토리가 너무 많음- 모든 스토리가 매듭없이 방대하게 양만 많아짐- 이응경 캐릭은 기본성향이 없이 줄거리에 따라 변화무쌍함- 병원 원장의 분노, 잔인함의 당위성이 떨어지고,저녁 드라마로는 기괴한 스릴러 연기가 부담스러움.",0
R12317,한개도 아깝다.,0
R12318,연꽃사진 표절이야? 검은깨 대패로 다밀고시펑☞,0
R12319,반정도봤을땐 평점 높은거 알바라고 생각했는데 ㅋㅋ 후반에는 울면서 봤어요ㅜㅜ 우산쓰고 통조림 먹는장면.... 아 나 역시도 내 자식을 위해 한치의 망설임도 없이 내 목숨을 내줄수있다고 생각하니 눈물이ㅜㅜㅋ넘 감동적이었고 기대이상이였어요!!!,1
R12320,진짜 말이 필요없는 드라마네요 난 왜 작년에 이걸몰랐지..?? 진짜 영화같은 색감과 명품연기자들..인생 드라마가 될거같아요,1
R12321,불멸의 대작 주성치는 천재,1
R12322,"첫회부터 토,일 볼만한 드라마!스토리,출연진들 넘 신선하고 윤제문씨 매력에 빠지다.넘 재밌어요! 담주 어찌 기다리나~~~~",1
R12323,남자인데 보는내내 울었다 딸 낳으면 잘해줘야지...,1
R12324,jou1318 영화 제대로 안봤나보네. 뭘 본거냐??,1
R12325,삶에 대해 여운을 주는 잔잔한 영화이자 유쾌한 웃음을 주는 영화,1
R12326,이 영화 정말 재밌게 잘 봤던 기억이 나는데 평점이 왜 이래?8점은 되야 한다. 평점 업위해 10점,1
R12327,잊을 수 없는 영화 너무 와닿는다 간직하고픈 그런 우울함?이랄까,1
R12328,왕조현만으로도 10점 만점. 장국영이 안 나와서 조금 아쉽네요.,1
R12329,이런 영화 1점 주는 사람은 평생 1점만 받으리니..나미아불나불. 아맨..,1
R12330,김창완 이는 왜나왔데?김창완땜에 망하것어~,0
R12331,지브리스튜디오와 비교해도 손색없는 명작애니의 탄생!,1
R12332,촌스럽네 시골이라서그런가,1
R12333,너무재밌음. 평점이 너무 낮네요.,1
R12334,조용히 혼자서 숲을 걷는 영화,1
R12335,2001년에 학교 겨울방학때 틀어줘서 단체로 봤는데 진심 무섭진 않았음... 내가 겁이 많아서 공포영화 못 보는데도 불구하고 이건 걍 잼없어서 도중에 잠... 자다 깨니까 별거없이 끝나있더만.... 보는 애들 다 욕했음...이게 뭔 공포영화냐구...,0
R12336,속편만 못합니다. 스래쉬무비도 액션도 그렇다고 개연성 있는 내용도 아님.,0
R12337,"처음 본 우디 앨런의 영화, 재밌더라^^",1
R12338,"너무 구리다. 감독이 쓰레기다. 슬래셔 영화 중에서도 최악이라 할만하다. 폐급도 아닌 그냥 쓰레기다. 소품, 음향, 카메라, 연기 할 것 없이 전부. 꽃비야 왜...",0
R12339,내가 기억하는 최고의 한국영화.,1
R12340,역시 마지막 덕수궁 벤치 장면은 보고 또 보아도....,1
R12341,왓더....절때보지마요시간아까움ㅡㅡ,0
R12342,온통 뒤죽박죽.,0
R12343,시리즈가 거듭 될수록 평점이 줄어 드는데 개인적으론 2편보다는 나은듯함,1
R12344,사회적 관심의 사건을 영화화하면서 거저 먹으려고 한건지 너무 한심하다. 감독의 연출력도 연기자의 연기 역량도 현저히 떨어지는 영화,0
R12345,정말 실망스러운 영화 ~~~~~~~,0
R12346,우리학교에다담배를버리질않나...신성록실물도못생겼어..별로야..,0
R12347,한마디로.. 영화본 돈 아깝다...,0
R12348,작품성2오락성2만족도1,0
R12349,보고 할말을 잃었음. 0점은 안되니 1점,0
R12350,평점낮아서 안보려는분 꼭보세여 ㅋㅋㅋㅋㅋㅋㅋㅋㅋ,1
R12351,걍 킬링타임용 재미는별로다,0
R12352,한국에서 찍은 독립영화도 이보다는 탄탄할 수 있었을거라 생각하는데 왜 출연했는지 의문이 들었음 뭔가 어설픈 편집덕에 송혜교라는 이름이 아까웠던 영화,0
R12353,참고 여기까지 봤는데...아 속터져 죽을것 같다.. 전개라도 좀 빨리 진행했으면....,0
R12354,디카프리오와 스콜세지의 첫 만남. 거기에 다니엘 데이 루이스라는 거인.,1
R12355,"이상적, 감성적으로 과잉하지 않고 이끌리지 않게 하는 이상적이고 감성적인 작품",1
R12356,월터랑 루이랑 대화할때가 잴잼씀ㅋㅋㅋㅋㅋㅋㅋ,1
R12357,내인생 최악의 영화 뭐 재미도없고 좀 허구의 세계이면 과감하게 허구여야지....,0
R12358,무거운 배낭을 짊어지고 포기한다는 생각을 하면서도 꿋꿋히 내자신의 뒤를 돌아보며 후화하지않는삶을 살기위해 한걸음 한걸음 내딛는 모습에서 나는 너무나 나태하구나 생각을 한다.,1
R12359,괜찮은데... 6점대는 아닌것 같습니다.,1
R12360,진짜 내가 제일 좋아하는 미국 애니메이션. 그냥 perfect 하다!!,1
R12361,우엑,0
R12362,ㅉㅉㅉ 그리 살면 좋냐 ㅉㅉㅉ,0
R12363,노출도 별거 없고 영화 자체로는 너무 재미없고 시간만 날렸네,0
R12364,....에휴....,0
R12365,아놔~ 시걸이가 그렇지 모 어이없는 액션 뿐...,0
R12366,할리베리짱,1
R12367,로맨틱 코미디 영화의 최고라고 말하고 싶다,1
R12368,유치한 영화를 좋아하는 편인데 이건 아니다,0
R12369,못볼거라 생각했는데 넘 감동입니다중간에 살짝지루하긴했지만 심리적묘사가 더깊게 됐음더ㅈ좀게ㅣㅆ습니다,1
R12370,여주인공 존내이쁘다고생각했는데 제니퍼였군하,1
R12371,조쉬더하멜이 멋있음 근데 그게 다임,0
R12372,계속되는 여자들의수다 참고보기 힘들다 평점준 대다수가 여자인건가,0
R12373,굉장히 길었다..다 보는게 힘들었다,0
R12374,정말 보면 안되는영화입니다. 피안도만화의 광팬으로써 이영화는 정말 졸작!!,0
R12375,알수없다.,0
R12376,"주제곡 좋음, 주인은 현실에서 조차 가련하고, 스토리는 미흡함.",0
R12377,"B급 과하게 피 많이 튀기는 영화. 연기,스토리, 구성, 편집 전부 조금씩 어수룩함.",0
R12378,나의 스컬리를 아만다는 낚시네 남자 배우만 횡재했구먼,0
R12379,재밌습니다.,1
R12380,영화라기보단 단편 드라마같은 느낌.. 영상도 그렇고.. 2월 29일도 지금 봐서그런지 식상한 소재다,0
R12381,이건 뭐 에로도 아니고. 드라마도 아닌 어중간한 위치의 영화. B급..,0
R12382,입시공부중인데... 클래식봣다...,1
R12383,이정진 답답한캐릭; 범인이누군지 복선이라도 있으면 좀뜬금없긴하네 4점이 적당한듯,0
R12384,전쟁에 관한 실사을 가장 사실적으로 알려주는 영화인것 같다.,1
R12385,임창정도 웃겼지만 옆에있는 아저씨가 더웃겼어ㅋ대박 영화 말이필요없다 꼭봐야된다,1
R12386,"세월,국적 불문 하고 어떻게 이렇게 공감갈수가....제임스딘 간지 정말 대박이다...",1
R12387,차를 너무좋아해서 보았지만.. 이건 아니다진짜.. 후반가서 주인공이 너무..이건 호구도 이런 개호구가.. . 완전 2년동안 쓰레기중에 가장 막장인영화... 차라리 ..일본영화를 보겠다 ...,0
R12388,다이지에서 죽어간 돌고래들...... 이제 하늘에서라도 편안하길.....,1
R12389,와 깜짝이야 내가 보영둥이 팬인데 이런게 있다는걸 오늘 알았네허얼 주원이도 나오고 요즘 일일드라마에서 나오는 노안애도 보이고 욕실씬 봐라 완전 보영이가 딸이구만 언니란다 스폰이 누구냐 그장면 보고 잠시 껐다가 다시켠다 지금 헐헐헐,1
R12390,개봉 4일만에 DVDRIP 뜬것만 봐도 별로라는걸 알 수 있다. 영화관에서 무료로 보여준다고 해도 솔직히 왕복 시간이랑 기름값 아까웠을듯;;진심 궁금한건데 남자 형사분 감독님 지인이신지? 연기력 오지네요!! 남자 형사님 연기 보는 재미 빼고는 볼거X,0
R12391,한번 김병만 나오면안돼나 김병만 이름표때기 스파이미션했으면 한다,1
R12392,"정말 돈 아까워요. 3D완전 조잡, 색체 엉망, 내용 60년대 거. 눈 배렸어요",0
R12393,재밌고 건강한 드라마..오로라 같은 막장이 판치는 세상에 모처럼 제대로된 현실성 있는 해피로맨스..,1
R12394,진짜 쓰레기다 여러영화를 짜집기 해놓은듯 내용 연계성이 전혀없다,0
R12395,짱좋아,1
R12396,타인의 취향이다,1
R12397,이영화는 뭐죠.......박진영씨 욕심이 과하신듯 ㅋㅋ.....,0
R12398,긴장감 없는 뻔한 내러티브와 연출,0
R12399,다소 아쉬운 점이 있지만 그래도 최고!!!,1
R12400,레지블6 기대하지말고 보게할라고 밑장빼는거보소.... 5는 처음 5분 마지막 10분 보시면 됩니다,0
R12401,치명적으로 아름답고 비극적인 여자의 삶과 그녀를 짝사랑하는 소년의 유년기를 천박하지않고 순수하게 그려낸 명작! 마지막에 다시 마을로 돌아온 그녀가 시장여자들을 향해 담담히 먼저 인사를 나눌때 누구보다 기품있었다.,1
R12402,엠씨들이 잘이끌어가지못하는거같아요........ 방송량도적고요,0
R12403,내취향은 정말아니었다,0
R12404,이재희는 형 죽인 사람으로 또 한태상 의심하겟지ㅡㅡ한태상은 가만히 잇어도 다 자기잘못되고 오해불신 ㅋㅋ이재희는 한태상 동생이고의 장어쩌고에 입양된애가 창희동생일듯,0
R12405,정말 비현실적인 여성의주 영화.하지만 여자들이 더 불편한영화임 걍 다른거 하면서 머리 비우고 눈으로 볼정도임 조여정 좀 애쓰는듯 .클라라는 미끼,0
R12406,이 정도면 원작에 충실했다.,1
R12407,뭔가 있어보이려고 했던 3류 영화일 뿐...,0
R12408,ㄷㄷ모니이건,0
R12409,뭐냐?? 어설프다.. 몇몇 장면을 제외하면 아동영화,0
R12410,제가 제일 좋아하는 영화 홍성진님 점수 너무 박합니다,1
R12411,내가 본 어떤 퀴어 영화보다 현실적이었다.,1
R12412,보는내내 안타깝고 슬픈영화.....결국 아버지를 만난 두아이들.,1
R12413,결말이 좀 아쉬운 영화입니다,1
R12414,진심으로 무섭다..ㄷㄷ 남편새끼 존나 답답이ㅡㅡ,1
R12415,그가 사랑하는 방법을 깨닫는데 4년이란 시간이 흘렀다..,1
R12416,볼만하던데ㅎㅎ 견자단쨔응,1
R12417,왠만큼 잘 만든 영화라 느꼈는데 마지막 나상만 쇼가 밥상엎음.,0
R12418,"차라리 주인공이 얼티메이텀에 나왔던 파즈였다면..""우리 꼴을 봐. 저들이 만들어놓은 우리 모습을!""",0
R12419,잼있겠다,1
R12420,10년전 처음 접하게 된 이후로 여전히 내겐 최고인 영화,1
R12421,"영상의 구성과 배우들의 연기, 배경음악까지 어느것 하나 빠지지 않는 작품",1
R12422,아담샌들러 연기 너무좋았음.,1
R12423,출연배우들 이름빨 땜에 봤지만...소감은 WTF!!!!!!!!!!!,0
R12424,감독쉐키가 제작지원비 까쳐 묵고 대충 만든것 같다..,0
R12425,어릴때 토요명화로 봤던기억이.. 정말 재밌었는데.. ㅠ.ㅠ 다시볼수없을라나,1
R12426,상투적인 영웅담만으로도 버거운데 러닝타임의 압박까지,0
R12427,새벽에 혼자 코파면서봤다,0
R12428,로맨틱 코메디인데 잼있게 봤다,1
R12429,최고다 진짜. 이 영화를 왜 이제서야 봤나싶다. 후반에 익살스럽게 표현한것도 재치있었다.,1
R12430,그닥 재미 없어요 평점 5점 정도면 적당할듯,0
R12431,tv를 부셔버릴뻔 했다 보는 내내 괴로웠던 작품,0
R12432,영화도 지루하고 노래도 고루하고. 안보는게 답이다.,0
R12433,난 일본에서 봄 . 일본에서도 망함. 다보고 나오는데 옆에 아주머니가 재미없지않냐고 말걸어옴. 화나보엿음.,0
R12434,완전 대박 감동의 눈물을 선사하는 영화라 볼 수 있습니다. 후회안함!! 대박!!,1
R12435,만약에 출연진 않건드리고 하면 무조권 1등이긴 한대.... 다들 너무 뜨시고 비싸지셧으니 ... 민아팬만 해두 0.9프로는 넘죠 ㅋㅋㅋ,1
R12436,한 편의 수작인 픽션,1
R12437,피에 커피랑 꿀좀 쳐 넣어라 피 색깔 그게 뭐니,0
R12438,솔직히 6점은 아니다...ㅡㅡ 8점대 김강우 몸 쩔고....박시연 몸매는 더 쩔고...그래서 10점!,1
R12439,고도의 분석력과 지식이 느낌의 전제라니,0
R12440,생각해볼 대사들도 있었지만 내용이 너무 난잡했다,0
R12441,재미없고 지루한것이 꼭 교육용 영화같다,0
R12442,10점정도는 아니지만 스릴있었는데,1
R12443,몇번봐도 개좋음 꼭봐야해연,1
R12444,어디가판타지라는거지...,0
R12445,뭔가 알수 없으면서도 좀 어렵다 싶은 영화..? 수작이다 수작!,1
R12446,굳뜨!!! 완죤 내 스타일이닷!!,1
R12447,처음부터 끝까지 빠져들어서 봤습니다. 마지막 엔딩크레딧 mary did you know?까지.... 여운이 많이 남습니다.,1
R12448,파랑새가 끝나면 다른 드라마에 나오겠다 싶어 기대했었는데 32년전 숭무관에서 알던.,1
R12449,아무런 정보와 기대없이 보게 된 영화인데..세상에 이렇게까지 뭉클한 위로를 받게 될 줄이야..모건프리먼의 넘쳐흐르는 인간에 대한 애정 그리고 장면마다 완벽한?음악들이 절로 미소 짓게 만들었어요ㅎㅎ 삶이 무의미 하거나 무기력하게 느껴질때 또 보고싶어요,1
R12450,"엄마 찿아 3만리..,,",0
R12451,꼭 봐요,1
R12452,정말 지루함 말도안되는 양심 차라리 고집부리는게나음,0
R12453,"이제 막 볼만하니 종영, 그것도 조기종영 이라니 너무 아쉽네요.이제 은비의 어무이~ 소리도 들을수 없네요 ㅎㅎ",1
R12454,개연성 없는 결말이다 .,0
R12455,ㅈ진짜 말이필요없다.,1
R12456,마동석나와서 4점씩이나 준다,0
R12457,케이블에서 봤는데 진짜 재밌네요 ㅋㅋ 저스틴 롱도 좋고....,1
R12458,젊은이들의 한탕주의를 통렬히 비판하는 수작,1
R12459,3분으로 줄일 수 있는 영화..,0
R12460,보는 내내 그녀가 참 사랑스럽다고 느껴진다..~ 보고 난후 잘 다음은 머리를 보는 듯,1
R12461,잼 없을 것 같다....,0
R12462,쓰레기영화 보지마라,0
R12463,최초로 졸면서 본 영화. 이건 대체 뭐지?하는 생각이 들게됨,0
R12464,보긴했으나 그렇게 강렬하게 기억에 남는 영화는 아니었던듯.,0
R12465,삼팬이라 일점도아깝다ㅋㅋㅋ,0
R12466,이런 작품은 그냥 닥치고 별 10개.,1
R12467,쓰레기 쓰레기 이딴영화를 왜만드냐 도대체,0
R12468,역시 옛전쟁영화는 중국이 스케일이 대단한듯,1
R12469,유해정양이 연기를 너무잘함. 그리고 약간의 코믹한 요소가 있음,1
R12470,'준'의 배역을 너무 잘 소화하신 것 같아요ㅠㅠㅠ,1
R12471,시즌4보고있는대.. 아 재밌다 !!!!!! 개인적으로 가이우스 넘조아 ㅋㅋㅋㅋㅋㅋ,1
R12472,개짜증 이딴걸 비싸게 주고 샀다니,0
R12473,시야를 넓게가져봐 한국에서이거나올때 미국에서 쥬라기공원 나왔다,0
R12474,잼있는 영화~~ 애들도 귀엽고 좋다 이런영화,1
R12475,이렇게 재미없을 것 까지는 없잖아!,0
R12476,헐!연기 드럽게 못하네,0
R12477,좋아해요~히리리리리,1
R12478,원작의 감동+액션. 성룡이 아니면 나올수 없었던 영화다,1
R12479,굿. 별 10개도 아깝지 않은영화.,1
R12480,이래서 스토리가 중요하다... 도데체 무슨 이런 쓰레기 스토리가..,0
R12481,진정한 가난과 사랑을 알아야 이런영화를 만들테지.,1
R12482,고통과 행복은 같이 있다는 것 .. 배울 점이 정말 많은 영화입니다. 주인공들 배역의 연령들과 같이 오래된 사랑의 영화는 아니지만 깊은 영화임에는 틀림없습니다.,1
R12483,친구이름이 윤희여서 단지 그 이유로 보고 왔네요. 연출과 시나리오는 1점도 아깝습니다. 21세기에 70년대 수준의 스토리텔링이라니요.,0
R12484,재밌게 봤어요.^^,1
R12485,임요환선수시절 가장 큰 전략미스,0
R12486,실화라서 그런지 여운이 오래남은 영화~ 좋은영화~,1
R12487,봐도 봐도 절대 질리지않는다. 런닝타임이 길것같지만 절대 길지않고 보는내내 눈을 뗄수가없을정도로 시간이 빨리간다,1
R12488,개인적으로 괜찮게 봤음,1
R12489,내가 시나리오써도 이시간대 시청률 이것보다 많이 나오겠다ㅋ보면 화가나네 줸쟝,0
R12490,"편의점의 일상과 사회적문제를 다양한 캐릭터를 통해 비춰보이려고 했는데, 접근이 미흡하거나 어이없게 다가간것이 많다.. 얼굴에 상처난 배우의 에피소드와 레즈비언의 에피소드만 볼만했다. 제일 안타까운건 공명과 재하가 뽀뽀를 했다는것!!! 아흑 ㅠㅠ",0
R12491,선픽,1
R12492,식스센스 스포당한게 너무 화나서 그 후로는 영화내용이 안들어온다,0
R12493,재미없어!,0
R12494,캐스팅이 이렇게 완벽할순 없다.. 해피엔딩을 위한 알콩달콩 과정들이..,1
R12495,단순하게 반복이 되는 내용이다. 시즌 1부작도 중간에서 포기!,0
R12496,최고의 재탕과 늘어짐을 보여준 작품 중 하나,0
R12497,몇 안되는 재밌게 본 영화,1
R12498,재미있어요^^,1
R12499,"뭐, 그냥...",0
R12500,imdb 평점 별2개 4점짜리 쓰레기영화,0
R12501,오랜만에 다시봤다 언재 봐도 명작ㅎㅎ,1
R12502,영화 검색하기 귀찮게 만들어서 1점,0
R12503,이런 영화 또 만날수 있을까,1
R12504,30년 평생 수많은 영화를 봤지만 눈물 흘린건 처음..마지막 부분 ㅜㅜ,1
R12505,내나이 23에 이런 만화영화 처음봤다 어린친구랑 같이봤다가 내가 더빠져서 봤던기억이난다 처음부터끝까지 지루할틈 없는 전개로 영화도중에 와진차잘만들었다는 생각을 세번씩이나들게했다,1
R12506,영화를 보고 나를 사랑하는 사람과 만나야겠다는 생각을 하게되었다,1
R12507,재밌게 봤다고? 개인취향은 존중해준다. 그러나 따라하지는 말거라,1
R12508,소재는 너무 좋은데 뭔가 쓸때없는 장면들이 너무 많다.. 1편이 너무 좋아서 기대가 컸는데 아쉽다..,0
R12509,지루한 면이 많아유. 근디 제목 번역은 어느 바보가 한거야. 계단 아래의 사람들이잖아. 웬 공포의 계단?,0
R12510,간만에 사람냄새 나는 영화를 본듯하다. ㅊㅊ,1
R12511,주인공이할아버지같음어이없이사랑에빠짐,0
R12512,빵점도 아깝다. 마이너스 칠십점어처구니없는 왕짜증 영화관객에게 똥을 주네,0
R12513,정말 재밌고 감동 깊게 보았네요... 역시 유덕화의 영화다운.. 끝에 여운이 짠하네요.,1
R12514,최고의 오락 블록버스터다... 특히 후반부 금고 추격전은 이 영화의 최고 장면이다!!!,1
R12515,백진희 이쁘다 이쁘다 이쁘다,1
R12516,기독인들 없었으면 가능했겠음?,0
R12517,두달이 지나니 내용이 하나도 기억나지 않는다는... 흔한 액션영화,0
R12518,가볍게 생각할 영화는 아니다,1
R12519,동감,0
R12520,시사회에서 보고왔습니다ㅋ 전체적으로 작화도 좋았고 성우분들의 연기도 좋았습니다,1
R12521,뒷마무리가 깔끔하지 않은것을 제외하곤 최고라 불러도 무방함.,1
R12522,늙어서 본다면 다르겠지만 와닿지 않았다저런 감정이 누구에게나 필연이라면늙고싶지 않을것 같다,0
R12523,하나님의 손안에 모든 것이 있다는 것을 인정하고 예수님처럼 성육신과 동화의 삶을..,1
R12524,코끝을 찡하게 만드는 가슴따뜻한 사랑이야기입니다.너무좋았어요^^,1
R12525,진짜무서워여.ㅠㅠㅠ쨩,1
R12526,음하하하.....이것말곤 해줄말이 없어,0
R12527,센스있는 연출력..탁월한 캐스팅..90년대의 향수.. 그래서 9점..,1
R12528,어머니에게 감사드려요ㅜㅜ,1
R12529,더디츠를 위하여 T.T 어린 더디츠 역할 소년의 그 맑고 맑은 표정이 잊혀지지 않네요. 사실 약 8점 정도라고 생각하지만 영화 평가가 너무 낮아서 좀 더 주고 갑니다. 그나저나 성인 더디츠가 도니 월버그 였다니..몇번을 봐도 싱크로가 안됨 허허,1
R12530,뭐가 비하냐! 맞는 말이구만!,1
R12531,ㅋㅋㅋ 진짜 쓰레기네 ㅋ,0
R12532,일본영화 잘 안보는데 와~~ 정말 모든 영화 통틀어서 손에 꼽을 정도다. 대박이라는 말 밖에~~,1
R12533,사회 비판 풍자가 들어간 블록버스터 가족 영화,1
R12534,평만보면 해품달처럼 되는줄 알았네,0
R12535,시드니 폴락과 해리슨 포드는 다시는 함께 영화 만들지 말기를..,0
R12536,어휴.... 이게 뭐냐,0
R12537,사극은 연기력이 출중한 배우를 주연으로 써야 하는거 아닌가?,0
R12538,흠....지루하다...,0
R12539,고아성의 뜨악스러운 발연기와 되도않는 영어 때문에 영화가 보이질 않는다..,0
R12540,"눈 뜨곤 볼수없는 와이어 액션,세트 그리고 최악의 연기..소재가 아깝다.",0
R12541,미음까지 따뜻해지는 영화!,1
R12542,결말이 너무 뜬금없다,0
R12543,재미 없어 별로다.,0
R12544,아OOO 포스터가영화끝이군,0
R12545,"재난 영화의 고전, 재앙 앞 인간군상의 심리적 표현의 걸작~!",1
R12546,"감독이 영화 찍다말고,다음 희생양을 물색하러 다니면.영화가 바로 이렇게 나온다.",0
R12547,"우리모두는 별이다, 각자의 소리를 내는. 하지만 들리지 않지. 블랙홀에 들어가기 전에는.",1
R12548,현실을 잘나타낸 애니네여 저한텐 최고의 애니입니다,1
R12549,깡패들의 구조조정... 영화판도 이제 이런 영화는 구조조정 해야 되는 거 아닌가?,0
R12550,처음에야 흥미로웠지 이건 시리즈 될 건 아니였다,0
R12551,진짜 좋은 영화였다 살짝 눈물이...,1
R12552,"애썼다.,. 내새끼.,. ㅠ",1
R12553,돈만 아는 저질~ 극장나서며 추고싶던 그 춤사위. 이미 마음은 두리반의 그들 모두와함께,1
R12554,화가 나서 울고 싶을 정도로 마음에 안 드는 영화. 지루하고 밋밋하고 멍청할 뿐이다.,0
R12555,오랫만에느껴보는 감동적인이야기네요ㅋㅋ,1
R12556,"인터넷,다운받는. Romance 하고 Romance X 2가지 제목이네",1
R12557,카피와 캐릭터가좋아요,0
R12558,오인혜라는 미끼에 걸려서 돈주고 본 중생들이 없기를 바란다...감독이 일단 개아들이다..투자자들도 오인혜의 화끈한걸 기대하며 투자했을텐데 ㅎㅎ 두번째 오인혜도 평생 이딴거나 낚시하며 찍을려면 때려쳐라,0
R12559,총격씬의 스타일은 볼만하다..익사일을 기점으로 스타일 구기고 있지만..,1
R12560,노무라 만사이의 매력에 빠질수밖에 없는 영화~!,0
R12561,많이들 보세요. 저만 당할수 없죠,0
R12562,코믹영화로써 부족함이 없이 최고다,1
R12563,토나온다 토 나와 별 반점도 아깝다,0
R12564,색감이 예쁜.. 스며드는 영화~,1
R12565,이게 다 님들 돈이예요 ㅎㅎ....내 지갑 가져가라 썬라이즈....,1
R12566,그리딱히 재밋지는 않았어요,0
R12567,"멋지다 아름답다 우리가 삶에서 잊고 지냈던, 혹은 억누르며 지내는 우리의 삶을 보여주는 영화였다",1
R12568,생각보다재미잇어서 좋앗어요!!!윤시윤 여진구짱^.~,1
R12569,"마음이 아프지만 외면할지말아야할, 방법을 모색해야할 시급한 문제",1
R12570,아주 좋은데요. 마지막 탈출 장면은 가슴 뭉클한 감동이 느껴 지네요.,1
R12571,매트릭스의 여전사 캐리 앤 모스가 완전 밉상 민폐 케릭터로 보여서 짜증나는 영화. 관점에 따라서 다르겠지만 H의 의견을 존중하는 편임. 어쨌든 졸작,0
R12572,예술영화~!! 만든넘 너나 봐라~!!!,0
R12573,크리스마스 시즌이 되면 늘 이영화를 찾게됨. 볼때마다 좋아,1
R12574,선택에 대해 진지하게 생각을 하게 해준 영화!만약 사람이 시간을 거슬러 갈수 있었더라면 내 돈과 내 시간을 낭비하지 않았을 것이다. 평점 1점도 아까운 영화,0
R12575,"아 왜?0은 없나요??아무리 생각해고 이런 쓰레기 영화를본내가 한심함. 사실...작년1월말 피끓는 청춘 볼려고 했는데,엄마가 하지원 나온다는 이유로 억지로 봤는데 재미없음 .안보는게 좋을뜻",0
R12576,감독은 소설을 거의 이해하지 못하고 있다.,0
R12577,이딴것도 영화인가 . . .,0
R12578,너나 배슬기나 영화찍음 죽여버린다 진짜,0
R12579,ほんとうに面白かったよ。彼女もかわいいし。,1
R12580,전편은 병맛이어도 짜임새가 있고 재밌었는데....이건..전편의 명성을 처절하게 망가뜨린 후속작....ㅠㅠ,0
R12581,결말 .... 와 우....,1
R12582,완전 돈 아까운 영화.. 글구 19금으로 바꿔라.. 내용 좀 거시기 하더라..,0
R12583,설마 3탄은 안나오겠지?,0
R12584,자신을 바로보고 삶을 선택하는 것이 나에게도 주변인에게도 행복이 아닐까..싶었다.내가 내삶에 만족하지 못하고 불행하면 내주위도 결코 행복할 수 없다.이기적일까..아니 숙명이다.,1
R12585,난 샤말란의 영화가 너무 좋다. 그의 영화엔 특유의 매력적인 분위기가 있지,1
R12586,이게 언제적이야 벌써 10년 다되가네;,1
R12587,재미있어요~!,1
R12588,"기대만큼은 재미없다, 허무하다, 안웃기다",0
R12589,재밌게 잘봤습니다. 열자,1
R12590,"아직도 생생한 장면들,, 굿이예요~",1
R12591,광고같아서 싫다는 사람은 뭐임ㅋㅋㅋㅋ광고영환줄 모르고 봤음?,1
R12592,인간경시와 잔인함이 넘치는 '나쁜' 영화...,0
R12593,이민정짱,1
R12594,이 시답잖은 애니메이션을 더욱 시답잖게 만드는 촌스러운 더빙이라니!,0
R12595,처음봤을땐 아포칼립토의 찜찜함을 벗어낼 수 없었지만 두번째 봤을때 비로소 김한민 감독의 연출의 천재성을 느낄 수 있었다보낸 내내 시간이 멎었다한국영화의 발전을 보여주는 작품,1
R12596,ㅗ,1
R12597,왠만하면 보지 마시길 진짜 알바 이렇게 쓰는데두 점수가 이따구냐 ㅋㅋ,0
R12598,당시 델타시티 보고 어른되면 진짜 저렇게 될줄알앗는데..,1
R12599,영화가 왜 이 모양인가 싶다가 감독이 누구인지 알게되자 모든것이 이해가 되었다,0
R12600,ㅠㅠㅠㅠ눈물눈물 그렁그렁그렁,1
R12601,진짜재미있었습니다.,1
R12602,오랜만에 본 감동적인 영화네요. 요즘 영화가 대부분 흥미위주의 판타지나 액션인것에 비해 인간적이고 현실적인 이야기가 있습니다. 또한 실화라는 부분에서 더 와닫았습니다. 감정이 메말랐다고 느끼거나 가족이 보고 싶은분들께 강력! 추천합니다,1
R12603,기억나는 건 검고 짧은 옷과 팬티스타킹을 입고 온갖 학대를 당하던 도둑조직 여자 조직원뿐이었다.,0
R12604,옛날 홍콩영화의 전성기는 언제 다시 오는가,0
R12605,이건 영화가 아니라 혁명,1
R12606,"카메라 앵글이 몰입도를 방해할 정도이고, 억지 감동을 자아내려는게 엉성하다.",0
R12607,막방이라서 본방사수까지하고봤는데.... 너무터무니없이끝나니 정말실망했어요..그래도 이소연씨연기캡짱인듯,0
R12608,무언가신선해보임 지상파보다케이블께더재미있는듯,1
R12609,Edie Sedgwick을 기억하며. Sienna Miller의 매력이 잘 나타난 듯. 평점 8.5,1
R12610,다같이 오글오글 열매를 드셧남 그래도 일본 특유의 귀여움이잇어 괜찮네ㅎㅎ,0
R12611,담배만 절라구 피네,0
R12612,지상최고의 드라마? 이정도면 될까 ?,1
R12613,이 영화를 보고 강도영이 엄청난 매국노 역적이라는 것을 알았다. 전두환보다 강도영의 모가지를 따고 전두환의 머리통보다 강도영의 머리통을 부셔버려야 마땅하다. 전두환도 나쁜놈이지만 강도영은 더 나쁜놈이다. 비리덩어리 문죄인을 지지한 것도 그렇고!,0
R12614,내 시간...,0
R12615,초호화케스팅 나름 재미있게 봤습니다 헤리슨포드가 의외의배역으로 나오는영화 오랜만에 본거같습니다,1
R12616,난 여배우 괜찮드만 ..... 보면 볼수록 끌리는게~ 귀엽더라,1
R12617,송중기 아~`완전멋있음...♡,1
R12618,다듬어진 격투액션은 대명의 손끝에서 나온다,1
R12619,이영화 찾아다닌 내가 한심스럽다..,0
R12620,"결말을 너무뻔하게 예상할수가 있어서,,,그다지 특별하지 못했던 ~~~~~~",0
R12621,성인들만의 잔혹 동화. 신비로운 테마 음악과 함께 너무나 여운이 남는다.,1
R12622,"후반부 시나리오와 편집이 영화를 망쳤네요. 덕분에 이나영이 발연기로 보이고, 송강호 연기를 보면서 이렇게 몰입도가 떨어지는 것도 처음이었어요 조연들도 다 쟁쟁하던데 이게 뭔가 싶습니다. 감독이 참 대단한듯.",0
R12623,0점은 없나? 야동이나 볼걸 ㅠㅠ,0
R12624,노조미~~~~ 이ㅣ뻐,1
R12625,훈훈하고 즐거운 영화일 듯^^,1
R12626,말이 필요한가? 올가을 시즌7이 시작된다!!,1
R12627,굿잡베리베리 굿 베스킨라빈스에서 베리베리스토르베리를먹는 느낌이군,1
R12628,낭비의 대향연,0
R12629,임요환 어설픈 연기 웃겻다 ... ㅎㅎㅎ,1
R12630,아주 늦게 봤는데 감동입니다,1
R12631,이거영화였음? 난티비로봤는데,1
R12632,진짜 꼭 제발 보셈. 푹빠져서 3번이나 봄. 다들 연기 잘하구 데스노트에 엘 좋아하시는분은 꼭 보시고 남주 정말 매력 쩐다. 영화관에서 돈주고 봐도 나는 하나도 아깝지 않앗을텐데 흥행이 많이 않되서 진심으로 아깝다ㅠ 못본사람들도 아쉬워ㅠ,1
R12633,완전 대박 스릴만점 스크린쿼터들 완전 사악하다 이런 대작을 4년씩이나 지나고 개봉하다니,1
R12634,진짜 재미없네요. 개봉한 다음날 11/22일에 별점 5개 준 분들이 다섯분이나 된다는게 전 더 재밌군요,0
R12635,10점도 모자란다.,1
R12636,초등학생때 진짜 이거 잼나게봤었는데 초등학교 3학년대인가 50원주고보고했는데 ㅋ,1
R12637,누가오케이캐쉬백포인트로 보여주겠다고해도 피해라.오래살고싶다면~정신건강에안좋음,0
R12638,인생의 최고 시리즈 영화,1
R12639,하휘동님 힘내세요~,0
R12640,감독만 열심히 해도 망할판에 출연까지..,0
R12641,표 값과 시간이 아까웠던 영화,0
R12642,진짜 허니잼 꿀잼 개꿀잼 꼭보셈,1
R12643,너무 잘 만든 영화 ㅋㅋㅋ 재밌어요,1
R12644,한국 코미디에는 우는 장면 좀 안나오면 안되나?,0
R12645,평점2점 총112건..아가리..10점..,0
R12646,"웃기기도하고,감동적이기도 했어요",1
R12647,상어 영화좀 그만 맹드러라 진짜... 잘만들어도 이젠 흥하지 못한다,0
R12648,진짜 보면서 친구에 대해 다시 생각하게됬어요. 너무 감동적이고 뭉클하네요.,1
R12649,개강추 남자 주인공이 존잘이에요.,1
R12650,충무로의 유망주였던 황우슬혜가 어쩌다...영화 전체적으로 붕 떠 있다.,0
R12651,"ㅠㅠ 다시봐도 멋지고, 몇번이든 봐도 질리지 않고 항상 감동이에요. 이 천재적인 작품에 이번에도 또한번 감격의 눈물을 흘렸습니다. 케이온! 사랑해요! *^ ^*",1
R12652,이거 컬트 영화입니다. 보기전 참고하세요.,0
R12653,볼만했는데 9점급은 아님. 그냥 5~6점정도?,0
R12654,괜찮은 작품,1
R12655,두번보고도 눈 다 붓도록 울었어요ㅠㅠ,1
R12656,아 평점 믿고 봤다 실망함.... 지루하네요,0
R12657,샘이안보이는 순간에 울컥..ㅠㅠㅠ잭에프론 정말 연기잘한다 ㅠㅠ17어게인부터 너무너무 팬인데 우는 연기를 어쩜그리 잘하노♥,1
R12658,재밌는데 나이먹어서봐두,1
R12659,ㅠㅠ재탕할가치가있음,1
R12660,OO 이런걸 야하게도 안하면 멀 어쩌자는거야 왜 찍고서는 청소년 관람불가라고 해놓냐. 이렇게 찍어놓고 흥행할거라고 생각한건가 정녕?,0
R12661,오랜만에 정말 잼있게 봤네요^^ 평점이 왜 이리 낮은지 이해가 안되네ㅡㅡ,1
R12662,배우들 연기덕분에 7점대는 될 듯,1
R12663,볼수록 느끼는것이 많은 영화 입니다. 여자는 짐작만으로움직이지 않는다는 대사가 아직도 기억에남아요,1
R12664,약간 지루한것은 어쩔 수 없었지만 배우들의 연기는 엄청났고 촬영은 말할 것도 없다 범죄영화가 아닌 감성드라마를 본 기분이다 왠지 먹먹해지기도 하고,1
R12665,이거 몇번을 봐도 재미 있습니다 괴수영화중에 최고라고 생각해요 ㅎㅎ,1
R12666,프랑스영화는 근세나 중세의 시대적 상황과 배경이 빈약하다는 것을 또드시느낀다. 매즈미겔슨이.아깝다는 생각이.든다.,0
R12667,"허무하다...코믹하지도 않고, 깊이도 없고,볼거리도 없다.",0
R12668,그럭저럭재밌게보긴했으나..영화보면서계속저게가능해?란생각이자꾸..평넘높은듯..7점정도적당한듯하여별반개만~,0
R12669,방금 tv에서 봤는데 재미있다...^^ 간만에 기분이 좋아진다,1
R12670,전편과 비교할만한 수준은 못되지만 애쓴 흔적은 보이네,0
R12671,인간이란 단어가 별로네요 영화라지만 보기 안좋습니다,0
R12672,아 두 여배우가 이런 쓰레기영화의 출연하다니 충격이다,0
R12673,도대체 뭐가 재밌다는건지 도통모르겠음. 효과도 완전 90년대수준 내용도 저질,0
R12674,아박세영 애교연기진짜토할꺼같다 ...보다가 끔그리고 맨날 똑같은 내용 지겨움시청률도 안나오는데 조기종영하지갈수록 재미없어진다,0
R12675,연기짱이닼ㅋㅋㅋ근데주내용은우리나라에서는SF취급받겟다ㅋ그래도난재밋게봣음ㅋㅋㅋ,1
R12676,암걸리도록 미친다 ..,0
R12677,개그콘서트 재미없어...,0
R12678,채민서씨는 정말 연기 잘한다... 아예 색계나 원초적 본능 같은 작품처럼 실제를 방불케하는 정말... 정말 야한 거 찍어도 연기력이 받쳐주니 좋을 거 같은데... 하긴 요즘 영화계 현실에서 예전처럼 좋은 작품 나오기 힘들지... ㅠㅠ,1
R12679,역시 재밌어ㅋㅋ (근데 포스터가 우디 앨런하고 그 여자 이름 써있어야 되는거아닌가ㅋㅋ),1
R12680,"리양 감독을 연상케하는 연출... 망산, 맹정과 느낌이 비슷...",1
R12681,개.씹.그지같은영화 선동이나해대는 리상호의 개.망작 새월당조차 챙피해서 개봉거부한 바로 그영화ㅡㅡ,0
R12682,OOOOㅋ 같은 장면 왜 복사 붙여넣기를 몇번을 하냐ㅋㅋㅋ 삼류도 안돼 이건ㅋ,0
R12683,ㅋㅋ와....역대급 핵노잼..일단 유머코드가 울나라랑 안 맞음 그거 감안하더라고 정말...ㅋㅋ,0
R12684,이런 영화를 만든 감독이 더 무섭다...,0
R12685,보다보면 캐릭터에 정들어요 ㅋㅋㅋㅋ,1
R12686,완전 잼없음 별 아예안주고싶은데 안하면 글못쓰게해서 억지로 반준다!!!! ㅗ,0
R12687,다시보고또봐도 명작 ㅠㅠㅠ 강마에정말 다시봐도 소름돋는다,1
R12688,"마음 한 구석이 아련해지지만,,안나를 보면서 희망을 본다,",1
R12689,빈 깡통뿐인 전쟁영화를 기대했다면 실망이겠지.,1
R12690,정말 짜증나는 영화네. 특히 여주!,0
R12691,EBS년말 방송분에 대해 초반과 결말 부분이 덜 녹화된 상태로 봄. 남녀간의 사랑과 사회 부조리에 눈뜨고 따뜻한 인간애를 가진 베트남 왕실 혈통의 남녀가 어떻게 시대상황에서 삶을 개척하고 대처 적응해가는지를 아름다운 영상미를 바탕으로 표현한 수작,1
R12692,너무 길다... 너무 길어... 참...ㅉㅉㅉ;;;,0
R12693,"대체 이거 내용이 없다. 감독이고,시나리오고 생각을 한 사람들이 없는거 같다.",0
R12694,대만애들인가?짱깨애들인가?암튼얘네실력이이거뿐이라는거양^^,0
R12695,이번 이송희일 감독 프로젝트 작품중 가장 인상깊었던 영화. 특히 마지막 장면의 미쟝센은 하나의 예술처럼 아름다웠다.,1
R12696,완전 재밌다^^세형오빠 귀여워♥♥,1
R12697,서영은 여기서 왜 악역이냐? 가장 착한것 같은데 내 눈엔 내가보기엔 둘이 서영따돌린거 같은 스토리다.,0
R12698,"고등학생의 순수함, 귀여운 거짓말. 아오이 유우와 스즈키 안씨 매력 쩐다. 이 영화 보고 '발레가 월래 이렇게 아름다운 무용이였구나'라고 깨달았다.",1
R12699,몇번을 봐도 어린 시절 상상력을 돌려주는 영화. 고양이 버스를 타고 어린 나로 돌아가는 느낌을 주는 영화. 언제봐도 귀엽고 유쾌한 영화.,1
R12700,고아라의 춤과 노래가 이 보잘것 없는 영화를 살려냈다!!,1
R12701,"관람한일본영화중""처녀의창자""만큼이나어이없고쒯이다!",0
R12702,진짜 잘만들었어..잠안올떄 보면 딱인영화 ^^,0
R12703,잼있다....ㅋㅋㅋㅋ 이정도 웃끼면 됐지뭐....,1
R12704,역시 최고였다.,1
R12705,그렇게나쁘진않던데... 평점이너무낮네,1
R12706,너무 슬퍼,1
R12707,SF중 가장 남는 영화 ~,1
R12708,"포스터가 끌려서 봤는데, 정말 좋네요- 제가 빠져들 수 있었던 배우분들의 연기력에 감사드리고 싶어요..",1
R12709,원주율 가자,0
R12710,쇼크였지 처음봤을땐.. 근데 다시 보니까 쇼크만 먹을 영화는 아닌것같다 안에 담고있는 메시지도 꽤 명확하며 인상깊은 영화 단순히 퀄만 보지 말고 안의 알맹이를 봤으면..,1
R12711,내가 지금 뭘 본거지..,0
R12712,disappointed...,0
R12713,좋은 영화 한편이 또 뭍혀있구나,1
R12714,공감되고 괜찮아요! 볼만해요~,1
R12715,정말중독성있고잼있는영화!,1
R12716,미드feel 이야~~ 우리나라도 요런 드라마좀 만들어봐요~ 좀,1
R12717,"왜 이리 지루할까... 우리 영화 천군 과도 많이 닮았고., 이 영화 역시 상상력이 많이 부족하고 유치하다.",0
R12718,까탈로니아 찬가.... 스탈린 -.- 후우.... 그러나 아직 희망은 있다고...,1
R12719,아진짜너무재밌다ㅠㅜ작가가너무맘에든다ㅠㅜ결말이좀아쉽지만...그래도 완벽한드라마인것같다♥///왜하필새드엔딩일까;;,1
R12720,"니노 정색하고 연기하는데 왜리이 어색하고 오버스러운지.. 팬이라도 쉴드 못쳐줄 수준이었음;; 스토리, 연출은 바닥이고 등장인물들도 매력없고 그냥 전반적으로 전부 기대이하...",0
R12721,2시간 간의 담백한 시간 여행,1
R12722,뇌가 끓는 기름에 튀겨지고 있는 듯한 지루한 영화.최악의 3류요소의 집대성.,0
R12723,그저그런 슈나이더식 코미디,0
R12724,"4를 보려고 하는데, 3이 잘 기억이 안나서 오랜만에 다시 봤네요~^^ㅋ",1
R12725,괜츈한 영화네요.. 곽부성이 아니었으면 감칠맛이 안났을 영화,1
R12726,레슬러부기맨이 더무섭겠네,0
R12727,"천녀유혼1,2에 비하면, 뭐라 표현하기 힘든 퀭한 영화",0
R12728,늦게 태어난게 정말 후회된다고 느낄 때가 바로 스팅과 유주얼 서스펙트가 개봉하던 시대에 태어나지 못해서 뒤늦게 반전을 다 알고 보는것,1
R12729,근래에보기드문 촣은영화 좋아요,1
R12730,같이 자라줘서 고맙다..,1
R12731,8점 정도. 평점이 너무 낮아서,1
R12732,bad boys~ bad boys~ whatcha gonna do whatcha gonna do when they come fot you~,1
R12733,"한때는 내가 살고 있고, 싶었던 삶이 지금까지 계속되지 않음에 감사한다. 영화처럼 뭔가 잃지 않고 행복할 수 있어서..",1
R12734,그래서 뭐 어떻다는 거야,0
R12735,개쓹애기 지옥에떨어져도마땅한영화,0
R12736,난좋은데?,1
R12737,우아♥♥♥♥현실적이지 않아도 좋다,1
R12738,아직도 찾아듣는 그 음악들. 그리고 세련된 인물들의 심리묘사와 편집에 다시봐도 질리지 않는 몰입을 선사한다. 지금의 청춘들에게도 망설임없이 권하는 우리시대 청춘영화!,1
R12739,베니그노가 주었던것이 사랑이냐 아니냐에 관한 해답은 그것을 받았던 알리샤만이 갖고있다. 판단은 당사자들만의 몫이다. 감독도 관객도 그저 마르코처럼 바라보기만 할뿐이다.,1
R12740,난 책은아직 못보고 영화만 봤기때문에..히스클리프란 캐릭터 정말 최악이다 연기는 말해뭐하나 너무하네...ㅋㅋ,0
R12741,시즌 1은 강렬해서 좋았고 시즌 3는 웃겨서 좋았다 ㅋㅋㅋㅋ,1
R12742,당시 개봉했을 때 친척들이랑 다같이 봤는데우리 가족은 아직도 제일 재미없는 영화로 이걸 꼽는다,0
R12743,최저평점이나맞아라ㅋㅋㅋ,0
R12744,"택시씬, 명대사. . ., 사이코연기,. . .최민식은 국보다",1
R12745,레알이건 사랑스러워,1
R12746,스토리탄탄 뮤뇨ㅛㄷ조ㅓ터터,1
R12747,코믹영화에 똥칠하는 영화다. 시간이 아까워서 눈물날뻔 한 영화!!,0
R12748,"이런 객관적, 시사적, 교훈적인 영화가 5/29일 현재 전국 5개 개봉관에서만 상영중... 그리고 관람객평점(9.57)과 네티즌평점(8.40) 사이의 불균형 = 수꼴알바들의 지대한 공헌; 바로 이게 막장으로 치닫는 대한민국의 현주소!!!",1
R12749,진짜 내인생 최대의 쓰레기 망작영화다 ;;;;,0
R12750,이거 보신분들 재밌어요? 무서운거 많이나오나염,1
R12751,잘나가다막판에판다깻다;,0
R12752,나쁜짓을 착하게 하기?? 왜 봤을까 생각이 드는 영화..^&^,0
R12753,사건 전개가 너무 지지부진하네요. 러닝타임을 2시간 이내로 줄이기만 했어도 좋았을텐데..,0
R12754,난 보는내내 그냥에로영화인줄알았는데 이게네이버에올라와있네.,0
R12755,"도르지의 영혼이 돌아가고 싶은 그곳,영혼을 위로하고 치료해주는 영화-히말라야...",1
R12756,존 보이트 이거 찍을때 마약하셨음??? 완전히 연기가 개판이야 !!,0
R12757,애들 거세하는것때문에 이 영화 별로 인듯,0
R12758,개봉한 지 좀 된 영화지만 한효주출연기념으로 1점 드립니다. 근조 공군 김일병.,0
R12759,남자다. 액션 스릴러 전쟁영화 좋아한다. 하지만 이영화에는 감히 별 5개를 주고싶다,1
R12760,일본이 만든 게 에러. 피해자인 척 정의인 척...2,0
R12761,지루한게 아니라 잔잔했던 영화였다. 사회적 문제도 잘 드러나있어서 생각을 하면서 본 최고의 인도영화다.,1
R12762,시걸이가 아깝다. 몸도 안움직여서 무술할때도 스턴트를 쓰네..,0
R12763,틀기만하면 잠이zzz,0
R12764,와 살다살다 이렇게질떨어진 허접나부랭이를봣나.이딴걸 인기영화라고올려논 올레티비 양아치짓보소,0
R12765,장진영 베드신보고 깜짝놀랐다.. 이런,1
R12766,기왕에 망가진거 재미라도 좀 살렸다면....,0
R12767,BMW광고영화. 끝. 톰 하디 돈 참 쉽게 버네. 영화에서 뭘 얼마나 느꼈든 그건 어디까지나 개인적인 취향차이.,0
R12768,권하고 싶지 않다..,0
R12769,재미없당.. 오묘하게 유두가 안나와서 실망,0
R12770,막장의 막장에...뭔 놈의 이드라마의 세계에는 세가족만 사냐?다른건 그러려니했는데 생물학적아버지..ㅋㅋㅋㅋ어느정도것해야지...해도해도 너무하네 ㅋㅋ,0
R12771,외로움을 극복하는 가장 효과적인 방법.,1
R12772,이거 다음에 또 보고 싶지 뭐예욧??^^어쨌든 가필드 정말 재밌어요..^^그럼.........,1
R12773,여운이 강하게 남는...진짜 명작입니다~,1
R12774,ㅋㅋㅋㅋㅋㅋㅋㅋ,1
R12775,가장 가슴이 먹먹해지는 영화,1
R12776,여자지만 홍영수 같은 대원 있으면 진심 짜증나고 난감할듯... 정철민 병장의 마음이 이해감,1
R12777,이렇게 지루하게 만들기도 힘들텐데...게리마샬이랑 케이트헛슨이만났다고 기대했는데,0
R12778,비호감 주연들의 짜증나는 영화..새인공호흡이 그나마 웃기네..,0
R12779,어디서 재미있어야 하는지 모르겠다 불발탄의 연속,0
R12780,개콘은 요즘 갈수록 코너들이 다노잼이고 웃음이안난다,0
R12781,영화의 배경과 음악의 웅장함에비해 매우 빈약한 스토리.,0
R12782,어린시절 미지의 세계를 상상하는 것만으로 짜릿함을 잊고 지내온 나에게 원초적 말초신경을 자극해줬다.,1
R12783,아역애한테 립스틱 빨갛게 바르고 화장시킨 초반장면들부터 거부감이 들고 이런영화에서 가장중요한 가족애에 의한 감동을 어린아이한테 맡겨두 고빈약한 각본과 연출로 다스리기엔 건질게없음,0
R12784,난 영화를 모르겠다ㅋㅋㅋ,0
R12785,;;;어설픈게 너무많고 어처구니없는게 너무많은 쓰레기영화;;;;;;,0
R12786,아....진짜 극혐이다,0
R12787,OOOO애미리스한영화시간존나아까움,0
R12788,스토리는좋다만 주인공때문에 망한케이스진짜생긴거부터 연기까지 못함,0
R12789,그닥 끌리지 않는다,0
R12790,"정말 웃기고 감동적이네요...아, 물론 저는 아닙니다",0
R12791,돈 쓸 때가 그렇게 없 는건가 이런 영화에 20억을 쓰다니,0
R12792,대체 이 영화가 왜 19금이란 말이오?감독은 고추에 손을 올리고 반성하라,0
R12793,십자가로 세상 정복할 기세ㅋㅋㅋㅋ 쓰레기 중의 쓰레기.,0
R12794,유주얼 서스펙트와 더불어 반전의 대명사,1
R12795,시간을 달리는소녀에 이어 명작 애니탄생,1
R12796,배경도 좋고 아만다도 이쁘고 스토리도 뻔할수있지만 좋다. 이제서야라도 이런영화를 알고 봐서 다행이다. 항상같은실수를 반복하지만 정말 사랑한다면 놓치면안될꺼같다. 헤어지는건 시간으로 잊지만 시작도못한 짝사랑을 보내는건 시간이 흐를수록 더욱 미련이 남는다,1
R12797,할말이없을정도로별로,0
R12798,이 엄청난 스토리를 가지고 이런 영화를 만들어놓다니... 스토리의 개연성도 떨어지고 완전 뜬금없는 진행... 어휴... 퇴마록이 진짜 제대로된 감독 만나서 제대로된 영상으로 나오면 좋겠다.,0
R12799,없다 없어,0
R12800,티비에서 자주보여줘서 계속해서 본영화인데 1996년도 영화라니..진짜 너무재미있는 영화 로빈 윌리엄스 삼가고인의 명복을 빕니다 진짜 존경하는 영화배우..,1
R12801,제가 예상한 결말보다는 훨씬좋았던것같아요ㅎㅎ무언가를일깨워줬다고해야할까요ㅎㅎ,1
R12802,완전 코미디.ㅋㅋ,1
R12803,시스터즈편이 이렇게잼있다니!! 역시 아노하나감독이다ㄷㄷ,1
R12804,자비에돌란 성장한것을 느낌는 작품,1
R12805,일애니 좋아하는 나로서도 오그라드는 괴랄한 작품,0
R12806,독특한 계승...,1
R12807,스릴도 없고 긴장감도 없고 드라마틱 하지도 않고 그기에 감동도 없으니…,0
R12808,정말 쓰레기 영화 입니다.,0
R12809,보면 볼 수록 빠져드는것같다.. 뭣보다 ost가 ㅠㅠ진짜 최고당,1
R12810,"난 재미잇었눈뎁, ㅋㅋ",1
R12811,영화 같은 드라마 앞으로 기대합니다,1
R12812,평점 9.18 짜린 아닌듯 ..,0
R12813,전쟁에 관한 걸작 중의 하나. 테렌스 멜릭 감독의 심호한 철학적 사고가 깊이 베인 작품. 베를린 영화제 황금곰상에 빛나는 아름다운 작품. OST도 너무 감동적이다. http://www.youtube.com/watch?v=-a2jugsYQXM,1
R12814,생에 첫 평점을 생에 길이 남을 영화에 준 것이 감사하다,1
R12815,평점이 낮은 거 치고 꽤 괜찮게 봤던..,1
R12816,더이상 열받게 하지마라,0
R12817,저예산 영화지만 외국배우도 있고 나름 열심히 만들었네요...^^,1
R12818,ㅋㅋ 열라 웃기다,1
R12819,미쟝센 떡칠 앞에 숨 죽어 버린 네러티브,0
R12820,채널CGV에서 이 영화봤는데..와..고등학교때 짝사랑했던 친구가 생각나던..막 설레이네..,1
R12821,인생은 여정 앞이 보이지 않을지라도..,1
R12822,너무뻔해 결말도 몰입도 초반에 엄마 같더만 결국엄마고 ...,0
R12823,"영화자체는 솔직히 6~7점 정도인데 소피 마르소 미모때문에 10점 줌ㅋ 인간적으로 저때 소피 마르소는 너무 사랑스럽다, 인형같아",1
R12824,이 영화를 편향적이라고 말하는 사람들이 오히려 편향적인 사람들이다.,1
R12825,ㅠㅠㅠㅠ진짜재미없다엥간해서지루한거별로모르는데ㅠㅠ배우들이아깝,0
R12826,어설픈 용두사미 스토리....더 안습인건 밀라요보비치의 가슴이 없다는거ㅜㅜ,0
R12827,끝날때울뻔했다구요진짜 ㅠㅠ 시즌2하실거라는거알고잇어요!!ㅋㅋㅋ,1
R12828,완전조으다,1
R12829,음?사유리와 회장의 러브스토리? 그냥 기분나쁘다... 외국인이 감독이여서 그런지 일본문화의 이해가 깊지않다,0
R12830,재미없는 영화 억지로 보는 것도 힘드네,0
R12831,정말 재해석 잘 했다. 신성록씨 연기 잘 봤습니다,1
R12832,알면서도 사냥을 당한다.,0
R12833,"커스틴던스트가 참 이쁘게 나온 영화... 스포츠적인 감동과 스릴, 남녀간의 이쁜 사랑.. 가족간의 갈등또한 영화적인 재미는 배가 되었으나, 쌩뚱맞은 동생의 사진장난과 갑작스런 사랑에 대한 갈등으로 -1점 획득... 테니스영화가 거의 없는데 잼남..",1
R12834,그냥 별 생각없이 기대없이 봤는데 초반 살짝 지루했는데 볼수록 재밌고 빠져들고 막판 결정타까지 여운도 남고 이 영화 매력 넘치네 제목도 이유있게 지었고 연기좋고 연출좋고 아 좋다 좋아,1
R12835,너무 잘 봣어요..,1
R12836,^^정말 한번쯤 봐야하는 영화,1
R12837,디카프리오쪼아♥,1
R12838,첨엔 볼랐는데 파란색 외계인 캐릭터 너무 귀욥닷..특히 아가 외계인들 넘 귀여워ㅜㅜ,1
R12839,난 재밌던데 ㅋㅋㅋㅋㅋ,1
R12840,"김기덕 영화는 빈집,나쁜남자,봄여름... 등등 대사가 없을수록 매력적인데 이 영화도 그랬다.",1
R12841,그냥 볼만함 무섭기보다 웃김,1
R12842,진짜재밋다 ~~~~~~~~~~~~~~~~~~~~~~,1
R12843,It was s o awesome and good construction.,1
R12844,어떻게 이런 작품이 나왔나 싶다.,1
R12845,아놔; 내 입에서 쓰레기라는 단어가 나올줄은 몰랐다...1점도 아깝다,0
R12846,재미없다.1점먹어라..,0
R12847,"박슈를 좋아하기에 이영활 봤다/극장에서 할 때는 안 보고 처음부터 끝까지를 어제ocn에서 다 봤는데,, 아 이 영화....계속 ....만 하게 한다. 반전에 벌어진 입 다물 수가 없고 여운2얼얼해 ;;박슈땀시 봤던 것이 정재영 이 배우 b알고싶어졌다",1
R12848,3일동안 정주행했는데 노래도 좋고 짱이엿음ㅠㅠㅠ,1
R12849,이렇게 병걸린 사람을 내세워 눈물짜내는거 싫어요,0
R12850,1편은 진짜 액션도 맘에들고 스토리도 맘에 들었는데 2편부터 뭔가 엉성해지기 시작함...합을 짠티가 나기시작,0
R12851,뭔내용임?,0
R12852,연애는 현실 사랑은 로망,1
R12853,마지막 재회장면은 인상깊었으나 현저히 떨어지는 재미,0
R12854,액션 하나 건져올릴 만한 흔하고 뻔한 영화,0
R12855,따뜻하고 사랑스러운 감성 애니메이션,1
R12856,김태희발연기의 끝.개그콘서트에피소드중신보라가 김혜자여사처럼 보인다,0
R12857,왜 0점은 없는 것인가. 징그러울 정도로 재미없는 드라마,0
R12858,한줄분석이 영화를 가장 좋아하는 그룹은 10대 여자입니다.,0
R12859,사랑의 여원에 대한 예술 영화 좋아허네....정말이지 내 생에 최악의 영화,0
R12860,엉터리 최악 재미제로 전혀 낙마다 헤더그레이엄한테만 살짝 2점준다,0
R12861,네시간 동안 영화를 음미하,1
R12862,알바들 장난치나,0
R12863,최고에요~ 꼭 보세요,1
R12864,좀만 덜 지루했으면..,0
R12865,별로 좋지도 않은 내용을 잔재주로 포장하려 하는 감독의 저급한 욕심.천박한 영화.,0
R12866,안해와 같이 본 감동적인 영화였다.,1
R12867,막장도 이런 막장이 없네,0
R12868,가이리치는 어디간거야?,0
R12869,가끔 재밌는것도 있지만 대체적으로 좀 유치하다. 가끔 억지로 웃길려고 하는데 너무 재미없었다. 예를 들어 고문씬에서는 뭐 하자는건지...,0
R12870,tv판이 나은듯..,0
R12871,맨날 같아 나루토는 첨에발리다가 나중에 빡쳐서 이기고 지루해 좀 바꿔라,0
R12872,메시지를 전달 하려고 했는데...시나리오가 개차반...ㅉ,0
R12873,신의선물 때문에 이제 다른드라마들이 마음에 안차요 어떡할거에요...눈만 높아졌네..이렇게 몰입감 최고인 드라마는 처음이에요 덕분에 며칠 잠을 못잤지만요..ㅎㅎ신선하고 뻔한 대부분의 드라마들과는 다른점이 참 맘에들어요,1
R12874,정말 재밌게본 드라마. 공중파와 다르게 포커스가 사랑에 맞춰진게 아니라 본연의 소재를 부각시키면서 흐름을 진행된게 가장 좋지않았나 싶음. 개인적으로 아쉬운점이라면. 칼이 전부 모자이크처럼 화면에 나와서 그게좀 흠이라면 흠. 그것떄문에 흐름이 끈김.,1
R12875,"""당신의 꿈은 물 위의 사막같은 거에요."" 크아~!",1
R12876,도희가 무섭게 나와서 쌍욕하면 흥행했을듯,0
R12877,"레즈비언, 사제간섹스, 옥상추락및 두부외상.. 12세가 보기에 소재가 너무 더티한 거 아냐",0
R12878,풋풋하고 순수하고 당시 같은세대로써 공감했던 드라마 최고!,1
R12879,재밋던데?이뤄져서다행ㅠㅜ,1
R12880,아...정말 허무한 영화네요.,0
R12881,"최근 우연히 케이블 방송에서 중간부터 보고 감동, 다운받아 처음부터 제대로 다시보기.. 세월이 지나서 나이가 더 많이 들어서 보니 옛날에 봤던 거 보다 더 깊은 울림과 감동이 있었다.. 최고의 영화! 뒤늦게 새삼 실베스터 스탤론 팬이 되었다",1
R12882,굉장히 오래됐지만 재미있게 본 영화,1
R12883,잼있어요 다시 보러가야지,1
R12884,류승범이 지뢰밟은건 재미있었는데 딴건 막뜬금없이 사랑싹트고 슬픈모드만들고..,0
R12885,쵝오 10분처럼흘러가는 영화처럼 예쁜 사극,1
R12886,"좋은 주제곡, 매력있는 남녀 배우, 좀 특별했던 엘리자베스 구태의연한 내용",0
R12887,영상을 보면서 느끼는건 여기 출연한 배우들이나 참여한 분들은 이런 결과물을 보면서 얼마나 괴로울까 하는 겁니다... 정말 심각합니다. 에고///,0
R12888,이런삼류영화는 더이상 나오지 말아야합니다.,0
R12889,진짜 매번 눈물흘리면서봄ㅠㅠ. 평택이오빠가 정말 내첫사랑인것같이 설렘,1
R12890,구구절절 고달픈 톱스타의 사랑,0
R12891,이런 영화 다시는 안나오겠지..그때 시절을 잘나타내주었던거같아요 ㅎㅎ,1
R12892,오랜만에봐도 재밌다 ㅋㅋ,1
R12893,당신은 아름다운 사람입니다.,1
R12894,극장판 중에서는 제일 재미있었던 것 같아요ㅎㅎ,1
R12895,꼭 이런 영화에서 반전이 중요한게 아니라는 넘들 있는데 이 영화는 반전이 중요하다 멍청이들아. 반전이 없었다면 이 영화가 이정도 평을 받을 수 있겠냐? 반전이 있기 때문에 스토리도 탄탄하게 되는거다. 어서 주서들은것만 있어가지고 평론가 코스프레 쩌네,1
R12896,마무리가 인상적인 영화,1
R12897,조승우는 정말 못하는게 하나도 없는 배우!!! 대단하고 재밌게 잘 봤다,1
R12898,진짜 거짓말 안보태고 거의 100번 봤다. 최고다..9살때부터지금까지잊지못하는영화,1
R12899,내가 본 영화 역사상 최고의 결말. 이 말로 밖에 설명할 수 없다.,1
R12900,나니아연대기는 판타지에 성경적인 것을 살짝 접목시켰다고 볼 수 있어요.,1
R12901,레슬리닐슨의명작 으 할아버지 ㅠㅜ,1
R12902,김하늘의 조용하지만 강인한 데뷔!!,1
R12903,쓰레기 영화 추가요.이런 영화 제발좀 안만들었으면..,0
R12904,말도안되게 명작 ㅠ 사람들이 죽기전에 꼭봐야할 영화라고 매번 말하는이유를 알겠다 ㅠ,1
R12905,ㅋㅋ 이런 다큐멘터리///,0
R12906,"붕붕붕~아주 작은 비행기~꼬마 비행기 나간다...아니,꼬마 자동차였나?하옇튼 그 작품이 연상되는 작품.눈도 껌뻑껌벅,말도 아주 잘하는 녀석들이,활주로가 없으면,격납고에 불이나도,이륙도 못한다는 설정이 아주 우습긴 했지만서도,뭐 이만하면,어린이물론 합격",0
R12907,지난 사랑에 가슴아파하는 사람이라면...또한번의 진짜 사랑을 찾고 있다면...내내 눈물이 멈추지 않는 영화!,1
R12908,뭔내용인지 하나도 이해가 안간다. 최악이라고 불리는 할로윈 살인마의 탄생은 초반까지는 볼만했더니 이 영화는 뭐 ㅡㅡ;;;; 아주 병맛이다.,0
R12909,사키ㅣ쨩보는맛으로 보는 발브레이브 !!,1
R12910,10점도 아까운...11점짜리 드라마....,1
R12911,보면서 많은 공감을 했습니다 기대안하고 봤는데 일상생활에서의 예전에 했던 기억들이 생각나네요 잼있게 봤습니다,1
R12912,포스터는이상하네ㅋㅋ,1
R12913,"2015년 4월 25일 서울 아트시네마에서 보고왔습니다. 영화는.. 당연히 좋았습니다. 프랑스 6.8혁명 이후의 일을 네 사람의 사랑이야기를 중심으로 전개한 걸작으로, 젊은이들의 방황과 쓸쓸함을 아련한 흑백필름에 담아낸 걸작입니다.",1
R12914,비틀즈라는 이름과 존레논이라는 타이틀보단 노웨어보이로서 와닿은 영화,1
R12915,"잔잔함이 지루함으로 표현되는 요즘, 마음이 저릿해지는 영화. 재미가 없다는 말로 1점을 던지는 사람도있겠지만 요즘스럽지 않은 이런 영화가 없어서 못 보는 사람들도 있다. 10점짜리 영화다.",1
R12916,숙성된 사랑,1
R12917,이거 본지는 좀 됐는데 요즘은 이런 멋진영화 안나오는듯... 감상평은...정말 뭔가 깊이있고 큰 무언가을 본듯한 느낌? 평론가들은 뭘보고 평가하는건지..;;,1
R12918,"1 ㅃㅏ다(웃음)캐릭터가 다 이상해.식상하고...정상적인 사람들은 단 하나도 없는것같다.에쑤비에쑤 어쩌다 이지경까지 갔나?너무 시청률에만 연연하여,재탕,삼탕을 반복하다가,결국 두게 된 장고 끝 악수.어딘가 신은경나오는 그 막장드라마랑 구조적으로 비슷함",0
R12919,아주 깊이있는 영화.. 하...,1
R12920,시골마을에 가죽옷 입고 참 할말없다 그의 액션마저.....,0
R12921,모두가 존경해야될 분 김수환 추기경님,1
R12922,perfect,1
R12923,이 영화에서 좌파 어쩌고 하는 쳐죽일 빨갱이 새퀴들은 뭐냐? 영화는 개 콧구녕으로 봤냐 ? 우빨쓰레기들은 아괄쳐닫고 3 S정책에 맞춘 영화나 쳐보렴.,1
R12924,태어나서 본 영화중에 제일 재미없었음,0
R12925,진짜 최고입니다.. 전쟁이랑 멜로를 잘버무린 명작,1
R12926,인간은 무엇으로 사는가를 보여주는 영화,1
R12927,절대 보지마삼 ㅡㅡ 아 짜증나 최악의영화 ㅡㅡ,0
R12928,최악이다..,0
R12929,제니퍼코넬리 완죤 이쁘고 청순해요 이영화 어렸을때 정말 잼나게 봤어요 또보고 싶당,1
R12930,"정선경이라는 엉덩이만 크고, 가슴절벽에 얼꽝 연예인을 배출한 영화",0
R12931,걍 너무 재미있었다. 그래서 9점을 준다,1
R12932,어설픈 특수효과가 영화의 백미.,0
R12933,왜 망했는지 잘 알겠네;,0
R12934,제작비 정말 아까움. 최악이다,0
R12935,볼만하네요,1
R12936,제이슨 스타뎀을 연상하게 하는 쟈니의 실전 격투 액션 강력추천!!!,1
R12937,왜 이리 재밌냐 와 잘 만듬,1
R12938,상상 이상으로 유치찬란,0
R12939,일본시사회때 일본인들이 왜 울었는지 이제 알 았다.보고있는 자신에 대한 왠지모를 분노의 표현,0
R12940,별볼일 없는 비급영화...,0
R12941,"음,,, 뭔가 탁 터지길 바랐지만 결국 터지지 않고 끝나는느낌,,",1
R12942,걍100 점 ♡♥ㅁㅇ헝으혀향,1
R12943,암호는 6277ㅋㅋㅋㅋ다급했던 영감님ㅋㅋㅋㅋㅋㅋㅋ이거 예전에 봤던건데 다시 보는중,1
R12944,그냥 1탄으로 끝내지 왜 후속작내서 줫나 말아먹어 ㅋ,0
R12945,"기타노타케시는영화배우,감독을 못했으면 아웃레이지에서나온것처럼진짜야쿠자가될을듯",1
R12946,아 진짜 재미없다.. 하나도 무섭지도 않고.. 시간낭비..,0
R12947,난 뜨겁게 사랑하고 있는가? 난 뜨겁게 살고 있는가?,1
R12948,"보는 내내 현실인지, 꿈인지 긴가민가해서 몹시 불안했습니다. 그만큼 강하게 몰입할수 밖에 없었구요. 스토리가 많이 수정된 리메이크라 우려하며 관심 껐던게 후회되더군요. TV로 본걸로 아쉬워서 확장판 블루레이 다운받은것으로 한번더 볼 예정입니다.",1
R12949,이 드라마 좋았지,1
R12950,이게왜영화 ㅋㅋㅋㅋㅋㅋ,1
R12951,배우들 연기 대박~ 연출 대박~ 극본 대박~~ 너무 잼나요 ㅎㅎ특히 쥔공 서인국 이하나 짱!!,1
R12952,그냥 중국사람만 나와서 찍었으면 볼만 했겠어요.. 어설픔에 어설픔..최시원은 쓸데없이 인상안써도 될장면에서 인상쓰고있고...정말 진심으로 제가 연기해도 그거보단 잘하겠어요....대화소리도 잘 들리지도 않고 쓸데없이 내용을 부풀렸다가 마지막엔 허무,0
R12953,"별로였어요, 엄정화씨가 애기 목소리 연기하는 장면 나올땐 소름 끼쳐서 스킵했어요.",0
R12954,"단조로운 흑백 영상, 동일한 분위기의 음악들... 점점 지루해 진다...",0
R12955,배우 덕도 톡톡히 한 몫을 한다는건 잊지말아야 할 사실 ㅎ,1
R12956,배우가 아깝다. 대중성도 없어 보임.,0
R12957,닥치고 장국영 하나로만의로도 이영화는 나에게 성공했다,1
R12958,꺆 너무 사랑스러워 ㅠㅠㅠ,1
R12959,어이도 없고 재미도 없고 스티븐 시걸만 있다,0
R12960,보다가 끈 영화는 태어나서 처음이다.,0
R12961,로맨틱보단 코믹이 더 강하고 시간 잘간다.. 화장실유머도 웃기고,1
R12962,아무리 실화라지만 연기를 너무 못한다 정말....,0
R12963,출발을 한40회정도로 한걸 무리하게 64회로 늘리다보니..1점도 아깝다.,0
R12964,"재미없다. 중간에 인도 영화 특유의 잡다한 노래도 별로고, 결정적으로 여주인공 눈코입이 심하게 몰렸다. 마지막에 여주인공 친구...ㅋㅋ 아직 인도 영화는 멀었다.",0
R12965,구소련영화의 묵직한 리얼리티.,1
R12966,오랫동안 이 영화의 엔딩을 잊을수 없을것 같다,1
R12967,본방사수는못하지만~~화이팅^^*,1
R12968,쩐다.;;돈내고봤으면 울었을듯 ㅗㅗㅗ,0
R12969,역겨운 공포물.,0
R12970,가슴에남는 영화 입니다.,1
R12971,오래전에 강변cgv서 봤었는데 상당히 재밌게봤었던 숨겨진 명작,1
R12972,"극장에서 못 보고 나중에 케이블 TV에서 봤는데, 극장에서 보지 않은 게 한이네요.",1
R12973,Best of Best!,1
R12974,"재밌어..,...,..",1
R12975,"서커스의 화려함x, 리즈의 열연x, 감성적 스토리x...타이타닉을 선망한 감독...",0
R12976,내가 본 드라마중 최악. 불륜미화라니ㅋㅋㅋㅋ 불륜녀랑 그 짓하는것까지 동영상으로 확인해놓고 불륜녀랑 언니동생 하는것도 웃기고 다시 재결합이라니 끔찍하다,0
R12977,몰입도 좋음. 디카프리오가 연기 너무 잘함. 물론 상대역 데이빗 튤리스도.. 볼만했음.,1
R12978,마약 중독의 경각심을 제대로 일깨워주는 소름끼치는 영화,1
R12979,감독을 죽이러 가고 싶어진다^^,0
R12980,시간이 이렇게 아까운영화는 오랜만,0
R12981,이송희일 진짜 게이인가. 못 봐주겠네.,0
R12982,영화 시작하면서 끝날때까지 피식한번한 쓰레기영화,0
R12983,감동적,1
R12984,특별한 내용이 있는 영화는 아닙니다 그들의 열정을 느낄수있는 영화 ~~!!,1
R12985,걍................. 보지마라....... 실패작......어지간하면 보겠는데.... 이건...,0
R12986,유쾌한 영화! 해리슨포드의 어리숙한 연기가 귀여웠음,0
R12987,단순히 로맨스코미디 영화로 치부하기엔 너무 아까운 영화이다.앞으로 살아가면서 많은 영화를 보겠지만김씨표류기 같은 영화는 만나기 힘들 것 같다.,1
R12988,생각하게 하는 영화 보는내내 지루함은 없었다,1
R12989,스토리가 엉성하고 다소 유치하다,0
R12990,그냥 아이들용 이다. 어른이 보면 잠든다.,0
R12991,서로 다른 것에 집착하는 얄팍한 관계,0
R12992,핵노잼 돈아깝 망작근데 박보영은 이쁨,0
R12993,브래드 피트는 계속 폼만 신나게잡을뿐 사실상 이 영화의 주인공은 크리스토프 왈츠 인듯 영화가 군더더기 없이 깔끔해서 좋았다,1
R12994,난 재밌는데,1
R12995,"많이무겁지도, 그렇다고 가볍지도않아요. 진짜 보기좋은 성장영화",1
R12996,완전한 매력으로 다가오지 않고 기억에 남는 장면도 없다,0
R12997,진짜 대박이다. 굿굿굿,1
R12998,방금보고왓는데 훗; 남자애가 어떻게됏을지..,1
R12999,내용이 좀 지루하고 무서운분위기라 아이들 보기엔 부적합하다고 생각됩니다,0
R13000,(나만 몰랐던) 충격적인 섹스 이야기 ...에 ...빠져든다..아음 재밌다,1
R13001,어디가 공포여 이게~~~ 꼴에 속편 나올라고 허접한결말보소,0
R13002,재미없어 ㅜㅜ 1점준것중 한국영화는 죄다 10점주는 M창있다.,0
R13003,어?드라마두잇었네!일요일아침마다푹빠졌던.....................,1
R13004,이건... 초등학생... 아니 유치원생을 위한 영화야...,0
R13005,전 정말 재밌게 봤습니다~ㅎ 일화들도 다 감동적이었구 ㅜㅜ,1
R13006,1점도 아깝다애휴에휴,0
R13007,실제 인물들이 출연해서 인지 더 생생하게 다가온듯 하네요.,1
R13008,공짜영화로 볼 수 있길래 기대하고봤다가 김명민이 다른사람한테 약주는 장면에서 껐습니다. 연출력도 별로고 시나리오의 치밀함도 전혀 없네요. 최악입니다.,0
R13009,진짜 할것 없을때나 새벽 시간대...케이블에서 방송하면 봐줄듯...,0
R13010,그들의 겉멋은 의리보다 폼 나지요.,1
R13011,우주전쟁은 내가본것중에 순위에꼽는데.. 2는..어..그냥볼만하네요 우선 CG좆망에 엉성함.. 돈을 최대한아꼈다는게 느껴지는 영화,0
R13012,너무 졸립다 ㅋ 수면제도 아니고 ㅋ,0
R13013,실망... 실망....,0
R13014,색들이 좋습니다. 반드시 HD나 대화면으로 보세요.,1
R13015,제 평점은 9점입니다 ㅎ 나머지 1점은 너무 짧아서 ㅜㅜ,1
R13016,"뭔가... 그 뭔가가.. 부족햇던 4편.. 이제 5,6 볼차례인데.. 123중에서 젤 별로엿던 4",0
R13017,코메디 엑션물인데도 늘어지고 지루하다,0
R13018,재밌다ㅋㅋㅋㅋㅋㅋㅋㅋㅋㅋ,1
R13019,12회부터재밌어서 ㅣㅇ개주고갑니당ⁿⁿ,1
R13020,여자들이나 보면 돼는영화,0
R13021,전작들을 본 사람이라면 닥추. 향수를 불러일으킨 영화였던거 같다. 배우들의 달라진 모습들도 볼 수 있었고..보는 내내 즐거웠다.,1
R13022,아름답다. 오늘날 사회를 잘 비춰준다. 학생들은 조작된 사회만 따라간다.,1
R13023,원작은 만화엿지만 데스노트하면 만화보다 영화가 먼저 떠오르는 이유는 뭘까? 이유는 잘 만들어졌기때문,1
R13024,보면서 욱겨죽는줄 ..ㅋㅋ남자들 정말 허풍 이정도인가?ㅋ외계인까지 다 따먹네ㅋ아 욱겨,1
R13025,살아오면서 눈물이 마른줄 알았는데 아니었네요 감사합니다..,1
R13026,명작이다. 하지만 현실은 이것보다 더 냉정하다는것. 현실은 경찰 검찰 판사도 한통속일테니.....,1
R13027,골든 트리오~!!,1
R13028,중국영화는 마냥 낯설었는데 그저 찬사를 보낼 수밖에 없었음. 시작 5분만에 반한 영화.,1
R13029,지루하고 재미없어사 보는 내내 같이간 아이에게 미안하고 졸렸습니다,0
R13030,외모로는 실제 인물과 흡사하게 제작했을 뿐.,0
R13031,별로 재미없다,0
R13032,지금은 평점생각보다 높아서 옛날엔 몇점인지 모르겠는데 극중황정민 이름이 홍진호라서 평점낮춘거임. 역시롱은 까야제맛!지금은 평점생각보다 높아서 옛날엔 몇점인지 모르겠는데 극중황정민 이름이 홍진호라서 평점낮춘거임. 역시롱은 까야제맛!,0
R13033,반전에 반전을 거듭하는 신선한 영화! 몰랐는데 마이클 제이 폭스가 정말 멋있더라...,1
R13034,"전 이 영화 개봉한 날 봤습니다ㅜㅜ 영화 끝나고 나오는데 개봉 당일 전회 매진이 되서 서세원이 극장 로비에서 동료들과 신나게 웃는 모습이 선하네요. 나오면서 영화를 보여준 친구가 이러더군요 ""야~ 내가 정말 미안하다""",0
R13035,책이랑 내용이 많이 틀리네,0
R13036,잘봤다 좀비와 인간의 사랑,1
R13037,"아, 정서차이",0
R13038,홍홍 상황극 재미없음계속 나오는 건가요? 오늘만 나오는 건가요?지윤언니 혼자 진행하던 게 더 재밌어요홍홍 게스트 빼주세요,0
R13039,"참신했던 소재,좋은 연기(특히고두심분),이상한 감독???",1
R13040,"아이고 여배우 아까워라....독이든 성배인줄만 알았는데, 성배도 아니고 독만 들었네",0
R13041,재밌다 ㅋ 네이비씰이 역시나 진리다,1
R13042,왜이걸 이제보게 된거지...,1
R13043,이런 알바같은...쯧쯧...,0
R13044,마지막에 총쏘는 모습 멋짐 쥴리아 로버츠 수작이네,1
R13045,재미있었어요..,1
R13046,멋진 곳에서 지들끼리 놀다가 오는 걸 이해도 안되는데 보고 있는 시간이 안타까웠다.,0
R13047,"나는 소설을 안보고 영화만 봤다 1,2,3편은 감히 최고라고 말하고 싶지만 뒤로 갈 수록 너무 지루하다 ,",0
R13048,양심이란게 도대체 뭘 말하는거야??;;; 사상적 이념이 양심이랑 상관있나?,0
R13049,와 이런 쓸엑이 영화가 다 있나 정말 잼 없어 으으~~~,0
R13050,장국영...ㅠㅠㅠ 이 영화는 정말..,1
R13051,"어설픈 클리셰로 점철된, 구성도 없는 싸구려다큐. 노골적 오리엔탈리즘까지.",0
R13052,영국홍보영상? 길게 찍은 뮤비? 아무튼 영화가 아니무니다,0
R13053,안봤는데 평점이 낮네ㅋ,0
R13054,"과음한 다음날, 속을 게워내야 할 것같을 때, 저는 이영화를 틀고 잠시 봅니다. 그럼 손가락을 목젖에 쑤셔넣지 않아도 저절로 토가 나오거든요!!! 해장술같은 영화!!!",0
R13055,어린시절에 대한 노스탤지아...아련하면서 순수했던 시절이 그리워진다.,1
R13056,영화가 예쁘다. 주인공 둘다 맘에 들어,1
R13057,완전재밌게본드라마!박시후랑도잘어울리고스토리도탄탄하고완전재밌게봤어요~,1
R13058,답답하기만하네요... 사건이 밝혀진다싶으면 무마가되고...,0
R13059,영화 하고픈 청춘들아.. 꿈을 포기하지 마라. 이 따위도 장편 상업영화로 개봉하는 데 못할게 뭐냐.,0
R13060,참놔 진짜 패숀의 완성은 얼굴이라고 어떻게 머리는 개 그지 산발을 하고 옷은 완전 진짜 그지같은걸 입엇는데도 이쁘냐,1
R13061,진짜20회까지 참으면서보다가 다음부턴안봤는데 오늘 마지막화라서 걍봤거든?ㅋ뭔 겁나 막장이냐?ㅋ30년후 같은 거지소리하고있네,0
R13062,구체적으로 어디가 재밌다고 평점이 이리 높은거지;;,0
R13063,너무 별루에요. 시사회보고 짜증났습니다.,0
R13064,뭐가뭔지 모르겠다...ㅋ,0
R13065,시즌2에서는 제발 유리 빼라.,1
R13066,진정한 명화가 아닐까 싶어요 감독의 연출력도 대단했습니다.,1
R13067,나도하고십다,1
R13068,"난 재밌었는데........... 밑에 혹평들이 심하시네요,,사람마다 다른건데 ㅎㅎ",1
R13069,보다가 중간에 끄고 싶었은데 본게 아까워서 못껐다 진짜 갈수록 산으로 가는 느낌.. 릴리콜린스 보는 맛에 봄... 하 근친이 왠말이냐,0
R13070,곤사토시는 일본의 크리스토퍼놀란같다...,1
R13071,"조금 더 천천히, 조금 더 느리게.. 그래서 조금 더 촉촉히 젖어드는 감성",1
R13072,쉽게 다가갈 수 있는 영화는 아니지만 보고나면 자꾸 생각나고 우울해지면서도 멋있는 감정이 들게 만드는 영화. ost는 정말 잘 뽑아냈다고 생각됨,1
R13073,이거 점수낮게 주는애들 이해가 안되네ㅋㅋ어린애들인가 촌스러워서 그런건가ㅋㅋ얘들아 형누나오빠언니들때는 이영화가 최고였단다....오랜만에 검색해봣는데 말도안되게 평점이 낮네....,1
R13074,대담한 불법복제영화,0
R13075,보지마세요 보시면 시간낭비,0
R13076,재밌게봤어요,1
R13077,"폴워커, 그대는 그립고 언제나 그리울테지만이영화는 정말 쓰레기입니다 죄송합니다.",0
R13078,시간 많고 할거없을때..유명하지않고 본사람이 적은 이유가 뭘지 잘생각한후에 보세요 5~6점정도면 그럭저럭,0
R13079,7점이나 평점이 나온게신기..알바쓰나?,0
R13080,1993년 영화. 지금 보면 당연히 재미없을 수 밖에,0
R13081,"내용 자체가 여성비위 맞추기용 3류 영화. 결혼해 준것만으로도 감지덕지니 그냥 입 다물고 살아라?? 소위 ""김치녀""의 표상이라 할만한 여주인공과 호구중의 상호구 남주, 거기에 컨셉부터 징그러운 조연까지. 자극적인게 땡기면 차라리 야동한편을 봐라.",0
R13082,"초반부 신앙심 없는 목사의 돈벌이용 쇼맨십이 넬을 만난 후부터 진실한 퇴마의식으로 변화되는 과정은 다소 신선, 하지만 허접한 반전과 도중에 그냥 끊어버린 엉터리 결말은 한심하기까지 해, 페이크다큐 블레어위치를 따라했으나 발끝도 못따라가는 전개",0
R13083,비디오 대여비가 아까웠다!!!,0
R13084,뭐 구차한설명도 필요없다 라이브할꺼면 게스트 한명만 불러라 화신즐겨보는데 다음주도 생방하면 안본다. 최악의토크교엿다,0
R13085,하다못해 이제는 벌레화,0
R13086,너무제미있어서 무조건10점 ㅎㅎ ㅊㅋ,1
R13087,로맨틱 가이 이병헌님 최고!,0
R13088,중간중간 폭소하게되는 장면이 많아서 즐거웠당,1
R13089,국가의 탄생.,1
R13090,이딴 스토리가 다있구나ㅡㅡ심리전은 개뿔 별주부전이 차라리 더 긴장감있겠다,0
R13091,야한것만 골라본영화,0
R13092,인셉션 레볼루셔너리로드 셔터아일랜드의 공통점은 모두 마음이 병든 아내를 두었다는거 왜 이런것만 세편 연속 찍은걸까?,0
R13093,평이 안 좋은데 저는 굉장히 재미있게 봤어요. 여자 주인공의 혼란스러움과 남자 주인공의 매력적인 위험함이 굉장히 좋았어요.,1
R13094,정작 알바는 소규모 영화에서 더 푼다는...,0
R13095,개인적으로 이런 잔잔한 스토리를 좋아합니다. 거기다 상당히 현실적인 느낌까지~,1
R13096,주윤발이 나와서 그나마 볼만했네요,1
R13097,동성애는 크나큰 죄악입니다.,0
R13098,감동과 교훈이 모두 있는 최고의 영화,1
R13099,"우주의 황홀함, 지구의 고마움. IMAX 3D로 느끼다",1
R13100,나의 동심을 돌려줘여~,0
R13101,오 ... 주여 ...,0
R13102,이영화 어디서 볼수있죠?,1
R13103,영화 내용이야 영화 보기 전에 알고 있었고... 그래도 넓은 화면으로 사진을 보고 살가두의 음성을 듣는 것만으로도 만족이 되는 영화. 아쉬운 점은 살가두 작가의 작업현장보다는 나레이션이 많은 점 정도..,1
R13104,아마 마이클만 무명 시절이었지 몰지만 비디오 출시한 LA강력반 영화를이라 봤는데 너무 재밌었어요.그때 주인공들은 무명 배우들 이었지만 엄청난 카리스마가 느껴질 정도 였지요.히트도 엄청난 영화지만 히트의 모토가된 LA 강력반도 꼭보시길....,1
R13105,오랜 시간이 지나도 기억에 남는 영화,1
R13106,'락커룸의 제왕'의 모작에 지나지않는 쓰레기작품이다.,0
R13107,이때 밀라는 수지같다 ㅎㅎ,1
R13108,은지원의 드러운 인간성이 드러난거 한가지만 엄청난 소득... 이렇게 좋은 재료의 프로그램을 이렇게 망하기도 쉽지 않은듯.... 1점도 후하다,0
R13109,showbiz,1
R13110,조두순 국민 모두가 모여 죽여야 한다 가장 고통스럽게,1
R13111,쒸레기.. 이걸 영화라고 만든사람은 뭐냐.ㅋㅋ,0
R13112,A급 배우들 B급 연기하느라 고생한 흔적이 보임,0
R13113,복원가에 대해 좀 과정된 면이 없진 않지만 그래도 재미있음! 그 흔한 어설픈 로맨스가 없어서 좋았음 !,1
R13114,"정말 잘 만든 드라마지만, 추천해주고 싶지는 않다. 너무너무너무 우울하다. 그 감정의 깊이가 대단하다. 궁금함에 하루만에 다 본 드라마. 그러나 그 후유증이 너무 컸던 드라마. 정말 미친듯이 우울해진다. 슬프다. 보지말아라..",1
R13115,안타까운 연기에 오글 각본.,0
R13116,마음이 따듯해집니다. 감동 ㅜㅜ,1
R13117,미쳐버릴 것만 같은 영화,1
R13118,다른배우도 잘했지만 배두나 한예리 연기진짜 잘한다 완전집중하고 봤고 이건 연출 스토리가 신파를 만드는게 아니라 그냥 사실. fact가 감동인거다. 결말뻔히 아는데도 눈물이 멈추지않았고 가슴이 먹먹했다.,1
R13119,연기들을 발로하는군,0
R13120,"마블 영화가 좋은게 다른 판타지, 액션, SF(?)와는 다르게 개그를 잃지 않는다는거ㅋㅋ",1
R13121,"중구난방,,감독 개새....남주연기랑 여주만 좀 볼만했음",0
R13122,아 평점뭐야 진짜.... 마지막 장면빼고 지루했음,0
R13123,도덕적 육체적 욕망의 배출구,0
R13124,친구가 돈내줘서 그냥 보로갔는데 재미있더라고여 이거꼭보세여,1
R13125,방금 티비에서 하길래 기대하고 봤는데..장르가 드라마였네요....SF로 아시고 보면 저처럼 실망할듯 합니다,0
R13126,먹먹하더군요....예전에 학교봉사로 요양원 같을때 억지로 생각하지 않으려던 그것을 극단까지 본것 같습니다 사람은 왜 저렇게 약해지고 혼자살수 없을 때 죽는걸까요.. 그러한 슬픔 그리고 이파오의 인생은 무상한걸까 뭐 그런생각 하면서..우울하면 보지마세요,1
R13127,영화 정말 좋았어요 기대이상,1
R13128,제목 네이밍은 개간지인데 내용은 쥬라기공원 믹스,0
R13129,이거 재미잇는데 사람들이 왜 추천을안하지?,1
R13130,당췌 뭔 내용인지 모르겠다.,0
R13131,"함익병씨 안나오니 볼맛 안나네요,이제 뭐 보나~ ㅡ ㅡ",0
R13132,"나참 기가차서 이런 영화를 나랏돈으로 만들다니, 조사가 필요하네요. 원내 대표 들에게 전화 돌리겠습니다. 안그래도 국내 군부대 내 성폭행, 근친 상간등 어수선한 성,가정문화로 신음하는 한국에 이런 기본을 흔드는 영화를 찍다니. 내 세금 돌려주세요",0
R13133,프라이멀피어 뼈대를 고대로 빼껴썼네. 초반에 감온뒤 노잼,0
R13134,개콘보다가 웃찾사보는 느낌???,0
R13135,원작의 약빨이 너무 쎄다. 복용한지 10년이 다되어가지만 아직 유효하다,0
R13136,아직도 여전히 맛이간 맛 방송이 나오는 것은?,1
R13137,"이것도 영화라고,,,",0
R13138,이 따위의 영화도 존재한다.,0
R13139,캐릭터살아있고 ㅋㅋ 겁내웃김 ㅋㅋㅋㅋㅋ,1
R13140,잡다한 주제의 집착이 결국 초를 친다,0
R13141,"남들은 2002년 히딩크 신화를 말하지만.. 난 이영화를 보면서 먹고살기 힘들던 시기 타국에 나가 선전하던 한국선수들이 떠올랐다.. 낡은 라디오속에서 외치던 아나운서의 ""고국에 계신 동포여러분.. 대한민국이 드디어.."" 암튼 동티모르에도 희망이 싹트길",1
R13142,오혜정씨 말에 동의합니다솔직히 9.4는 아니잖아요ㅎ 타이타닉이 9점인데7점대 정도가 적당해보이네요ㅎ혜정아 사랑해,0
R13143,끝부분에 주요인물 세명 모여서 결판지을 때의 긴장감이 묘미,1
R13144,세스코헨 때문에 봤음. 미드 사상 최고 매력남♥♥,1
R13145,"영화는 좋았으나... 여주인공(제이미)이 상당히 잉여스럽다(도대체 극중에 하는일이 하나도 없음), 그럼에도 불구하고 모든 사람들이 그녀를 살리지 못해 안달났음. 그거만 빼면... 수작",1
R13146,미국의 불편한 진실을 파해치는 걸작 다큐.,1
R13147,심리전이 데스노트 그 이상이다!,1
R13148,표절 작품은 리뷰할 가치가 없습니다.,0
R13149,10년이 넘어도 최고!,1
R13150,"정말 ...내 이야기, 내 친구의 이야기...우리네 이야기를 보는 듯 했습니다.",1
R13151,아~ 너무 낭만적인 앤딩~~~~~,1
R13152,0점 줄 방법이 없냐? 아 개빡치네,0
R13153,여균동의 힘이 많이 죽었다..실험적이지도 않고 정통적이지도 않다...,0
R13154,80~90년대에 유행한 저질 못말리는 시리즈.,0
R13155,잘 만들었네유. 비버 너무 귀여워유. 약간 아쉬운 건 러닝 타임을 조금 줄여서 40~50분 정도가 적당했겠네유.,1
R13156,계속보고싶은영화 재미있게 잘 봤다,1
R13157,"모두 연기도 잘하고, 내용이 너무 극적읻지도않고..One of my favorate movies가 되었어요 ㅎ",1
R13158,"양심없는영화 얼음강. 목숨걸고 나라를 지킨 군인들에게 혜택은 받으면서 본인은 의무를 않겠다는 x같은 설정. 양심에 털나서 총을 못 잡겠다고? 전경이나, 의무소방같은곳은 총을 안잡아도 된다. 양심가진 군인들을 바보로 만들지 말라. 써글것들.",0
R13159,몸을 아끼지 않는 액션씬... 그냥 대단...,1
R13160,"부정하고 싶지만, 받아들어야 하는 영화",1
R13161,뇌 먹고 싶어 냠냠쩝쩝 후루룩,1
R13162,보면서 오글거림은 나의몫인가 영화보면서 손발이 오그라들기는 처음 중2주인공 어쩌면좋을까,0
R13163,단조롭고 지루하게 전개되는 굴곡없는 이야기,0
R13164,최불암 연기만 없었어도 7.5점정도 드라마. 최불암 연기가 더해져 10점.,1
R13165,"작은 그릇에 너무 많은걸 담으려고 하니, 과욕이로다.",0
R13166,재미하나도없다,0
R13167,코미디 영화에 잡다하게 많이 들어간 감동 조미료. 결과는 병맛,0
R13168,올레TV에서 무료라고 하길래 봤다...사건들끼리의 개연성은 전무하고.. 베드신은 완전따로놀고..뭐 이딴걸 영화라고 ㅋㅋ 이태임 가슴말곤 볼거 없는 영화.. 공짜로 본게 다행..,0
R13169,작품성 인정 못 받는 이유는 보통 그 작품이 스스로 말해준다 봅니다. 배우들 연기가 아깝네요...,0
R13170,개 안 습... 이게 영화라고 정말 쓰레기 연기에 쓰레기 영화다. 160기가 머리에 이식했다고 기억이 다 지워지면 이건 핸드폰보다 못한 뇌네...,0
R13171,어릴때 크리스마스날 티비에서 봤던게 기억난다 7~8년전에 봤던거라 기억이 잘 안나서 다운받아서 다시봤는데 역시 너무 재밌음 ㅠㅠㅠㅠ 그때로 돌아간기분 ㅠㅠ 노래들도 너무 좋당 ♥,1
R13172,다이빙벨.. 진실은 침몰 하지 않습니다,1
R13173,편집방식이 도대체...필요없는 장면도 너무 많이 나옴... 1편보다 훨씬 떨어짐/,0
R13174,영화하고 상관없이 이지아가 싫어보기싫어... 여주인공을 하필이면~~~에이!,0
R13175,얼마전까지 전개도 빠르고 흥미진진 했었는데 요즘은 분량늘리기 바쁘네요 이건 kbs드라마에서나 볼수있었는데 이젠 sbs도 시작하나보네요 여태 sbs드라마를 무척 좋아했었는데 솔직히 참다참다 짜증나서 적습니다,0
R13176,필름 아까운 영화,0
R13177,난 잼있던데ㅋㅋ인터넷이 발달되고 쇼셜커머스가 판을 치면서 영화 줄거리를 대충 알고 영화를 보기 때문에 평론은 거의 전문가 수준급들. 다 철학적이야ㅋ,1
R13178,정말로 뻔~~한 구성. 자신이 생각한대로 영화가 흘러간다.,0
R13179,이 영화에서 삭발한 여자애가 바로 프리즌 브레이크의 베로니카라는거 참고ㅋ,0
R13180,가치있는 영화 :),1
R13181,뭐니뭐니해도 이특 소라가 짱중의 짱! 달달함과 풋풋함 설렘을 동시에 준 너무너무 이쁜 커플^^ 너무 일찍 끝나서 아쉬움이 큰 커플,1
R13182,와~~잼있다 이런 세상도 있구나 느낌,1
R13183,"철학적 대사 심오 괴기 아름다운,,,",1
R13184,세월이 흘러 다시봤을 때 더 좋은 느낌으로 남는 이런 영화가 진짜 좋은 영화가 아닐까?따뜻하면서도 감성적인 8월의 크리스마스와 더불어 손에 꼽힐만한 멜로영화라고 생각됨.영화 처럼 해피엔딩을 맞은 두 배우분들도 너무 보기좋고,1
R13185,"조폭, 엽기, 섹스, 돈 이 네가지 요소가 안들어가면 코믹영화가 만들어지지 않으니..",0
R13186,핵노잼 이제훈때문에 평점올려놓아도 6점대니 뭐,0
R13187,흑인음악도 좋아하고 양동근도 좋아하지만 이건 뭐랄까.. 감동도 재미도 없다...,0
R13188,이딴거 다신 만들지마라,0
R13189,마지막 택시에서 솔직히 표현하는 셀린느에 용기~나에게도 그런 용기가 있다면..,1
R13190,내용은 좀 막장이지만 시간가는줄 모르고 재밌게 봤음!루시 펀치덕에 더 웃김ㅋㅋ,1
R13191,파워레인져냐?,0
R13192,단순고어물에 불과,0
R13193,조쉬하트넷은 잘생겼다를 2시간동안 보여주기만 하는영화,0
R13194,김두한 시리즈의 명작...,1
R13195,별 색다른것이 없는 액션영화 리메이크졸작이다,0
R13196,저번에 킬림타임용으로 다운받아서 봤는데 정말 감동적이고 재밌었던~~^^,1
R13197,지루한데다가 심각하게 삼천포로 중간중간 빠지고 유치함마저 돋보여서 도저히 좋은 점수를 못주겠다.,0
R13198,어려운 소재.....,0
R13199,시청자를 저능아로 보는 느낌~ 어제봐도 오늘봐도 변화없는 스토리~작가님께서 좀더 머리를 굴려야 한듯~ 너무 뻔한 줄거리~ 나쁜놈과 착한사람사이가 밀당 하기~ 지겹당~,0
R13200,안습이다....,0
R13201,영화관에서는 조금 무서웠는데 집에서 보니깐 별로 안무서움 ㅡㅡ,0
R13202,진짜 잼잇어요~!,1
R13203,쉐프들 케미도 떨어지고 요리 자체도 떨어지고... 왜 가장 좋을때 이런 무리수를 뒀을까,0
R13204,화나게 재미없다는게 뭔지 알려준 영화...,0
R13205,최고다!!말이 필요없는 영화~ 강추다 ㅎ,1
R13206,최악 최악 이런 영화 처음이네요~,0
R13207,빈약하다....,0
R13208,B급영화가 주는 재미도없고 무리한 설정과 유치한 연출력이 돋보인 쓰레기영화,0
R13209,소희야ㅠㅠㅠ 사랑해 ㅠㅠㅠ,0
R13210,아자개의 진심어린 해맑은 웃음 너무 웃낌.,1
R13211,"볼수록 매력이 느껴진다 ㅋㅋㅋ 이상하게 질리지가 않음 이후 2,3탄도 나왓지만 1편이 갑임!!",1
R13212,영화계의 대재앙!,0
R13213,"운동하면,, 정말공감,,",1
R13214,아휴..............한숨만 나오는영화 기대했는데 ..-ㅅ-,0
R13215,끝까지 않봤지만 정말 몰입도 떨어지더라,0
R13216,2014년으로 속아서 봤는데... 자연스러운 연기에 앙탈부리는 여자는 이뻣다.,0
R13217,보영. 예쁘게 나오다.,0
R13218,그냥 에이미 스마트 때문에 찾아본 영화. 게다가 무서운 영화의 안나 페리스까지. 하지만 유치한 로맨틱 코미디,0
R13219,토마스 하디는 시대를 앞서간 작가다. 그리고 잔인하다.,1
R13220,대한민국 출산율을 올리기 위한 계몽영화?,0
R13221,책과 다른 결말.. 먹먹함..,1
R13222,자막없이 봤지만 있었어도 별 상관없는 C급..,0
R13223,박시후 때문에 참고 또 참고 봐줬다. 15회까지...야..... 시간이 아깝구나.....박시후는 완전 한세경의 꼭두각시가 되어 같은 캐릭터로 전락. .....ㅜㅠ.... 한세경 같은 여자 만날까봐 세상이 무서워진다. 정말 작가들이 초등생 수준 !,0
R13224,정말 좋은 시트콤,1
R13225,나도모르게 끝이나버린 영화,1
R13226,'쓰레기'라는 단어는 오직 이 영화를 위해 존재한다,0
R13227,occam's razor 가 생각난 영화.,0
R13228,YG 소속이라는 이유만으로 평가가 제대로 안되는거 같네요어차피 1등 안해도 소속사에서 데뷔 시켜줄껀데 뭐 이런거?하지만 논란의 중심은 갈수록 바스코!14년동안 힙합한 사람이 애들하고 뭐하는 짓인지??씨잼 데리고 출연한 스윙스 역시 비호감! 개판,0
R13229,나는 공감이 안되네...이런류의 영화좀 식상하다고 느낍니다. 시골할머니와 어린아이. 순수와 때묻지않은 영혼들의 교감. 솔직히 이런류이 영화는 누구나 만들지만 누구나 괜찮은 평을 받는다. 그러나 흥행은 하지못한다.왜? 이유는다알듯. 집으로 워낭소리를..,0
R13230,옥택연이연희 오그라드는 연기하며.. (어느정도냐면 이희준이 봐줄만한 수준) 제작진은 연애를안해봤거나 글로배웠나 싶다. 어쩜 이렇게 캐릭터와 스토리가 비공감을 이끌어내지..? 제주에 네일대회가서 관광만 주구장창 하질않나ㅋㅋ 영화관가서 안본게 참 다행,0
R13231,간만에 좋은 드라마...고맙습니다.,1
R13232,노쟘이요노잼이요노잼이요,1
R13233,평점보고 보지 말았어야했는데 ㅋㅋㅋ에잇ㅋㅋㅋ,0
R13234,한국영화 리메이크작이라 애정을 갖고 보려했으나 너무 심하네,0
R13235,개미와 벅스라이프의 기술력을 완전 똥으로 만든 철인 사천왕...,0
R13236,개그맨더빙에 짝퉁에 그냥 노답퍼레이드,0
R13237,진짜 모성애 부성애 형제애를 다 느낄수있는 영화 애들 개 귀엽다,1
R13238,10위권밖으로 안뇽!!,0
R13239,"원작 자체만으로10점이상이고 점수 매기는게 무의미한 작품이긴한데 이 작품은 과거 티비 방영시절의 성우들이 가장 이 작품과 잘 맞는거 같습니다. 리마스터링 극장판은 과거의 성우가 아니네요.ㅠ.,ㅠ 재잘거리는 앤의 그 맛과 시니컬한 마릴라의 맛을 못살림",1
R13240,훌륭한 작품입니다~~감동적입니다~,1
R13241,이런 영화는 무슨 재미로 보나?,0
R13242,베트남 전쟁의 옷을 벗기다... 소름끼치도록 표현해낸 걸작,1
R13243,최초로 본 60년대 한국영화. 당시의 모습이 인상적. 따뜻하고 좋은 영화임.,1
R13244,좀 지루한 영화.. 오다유지가 아깝다.,0
R13245,시사회때 보고 정말 정말 좋았어요^^감성이 물씬 물씬,1
R13246,완전..잘 봤네요ㅋ,1
R13247,"기분이 잡친다,, 더러운영화",0
R13248,"정적 속에서 흘러가는 이 영화, 난 평론가가 아니라 대략난감...으로밖에 이해 안됨..",0
R13249,요즘 나오는 공포물보다 훨씬 볼만함,1
R13250,쓰레기네 이건뭐 쓰레기란말밖에...,0
R13251,최근 본 영화 중에 최고,1
R13252,"이소재,이미 다른 영화에서 많이 다뤘는데 좀 더 특별하게 만들 수도 있지 않았을까?!",0
R13253,아주아주아주 약간 웃김,0
R13254,무슨철학작품쓰나?? 결국좋은것을담았지만꽤나지루한전개..,0
R13255,우리나라영화수준을떨어트리다니... 당신은 영화계의 수치야,0
R13256,10점만점에12점..,1
R13257,음악과 화려한 색감이 장악하는 영화. 창의적인 살인들... 아르젠토 최고작,1
R13258,영화 너무 좋았습니다ㅠ_ㅠ 진짜 현실을 담은 영화 같았어요. 영화속의 마음아픈 이야기가 현실에서 일어나는일이 없어졌으면 하는 마음 뿐입니다.,1
R13259,세계 유일 분단 국가. 인간은 역시 잔인한 동물. 누굴 욕할 거 없이 나도 마찬가지. 근디 현재 연기력 인정 받는 배우들도 이 때는 발연기였네유.,1
R13260,OOO기 영화,0
R13261,봐도봐도 재밌는 애니♡,1
R13262,내가 이 영화를 극장에서 안 본게 정말 다행이다. 참고로 0점 주고싶다.,0
R13263,정신없는 쓰래기~~ 최악이다.,0
R13264,부자연스러운 억지 슬픔유발. .,0
R13265,엑스파일의 TV판의 나몰라라 외전격인 영화. 이 영화를만든 자체가 음모로군,0
R13266,"공포영화인줄 알고 봤더니, 썰렁한 코미디",0
R13267,차라리 디워를 한번 더 보는게 나을듯,0
R13268,"무슨 얘기를 하려는건지 종잡을 수 없지만, 또 자연스레, 씁쓸하게 웃게 되는 영화",1
R13269,"사기, 폭력이 난무하는 엉터리같은 세상",0
R13270,최고의 로맨틱영화~~~분위기가 너무 사랑스러운 영화다,1
R13271,제목 포스터를 이따위로 하니까 코미디 영화인줄 알고 다들 안본듯 ..재밌습니다,1
R13272,요즘 이런 정서를 느낄 수 없죠..사회가 삭막해서..예쁜사랑하고 싶은 하루네요..,1
R13273,아무나 소화 할 수 없는 만수.수경 두 배우 연기력 감동입니다.,1
R13274,결말이 허무했다능 알포인트 어디서 다운 받는지좀 알려주세여 진영이랑 봐야되여,0
R13275,"프랑스영화 특유의 일상적이고 과장없는 스토리,극적인 요소는 0",0
R13276,"한숨 나오는 영화. 홍콩식 무모한 액션 좋아하면 몰라도, 본 시리즈처럼 잘 짜여진 액션을 원한다면 절대 보지 말길. 무모하고 과장되었고 개연성도 없다.",0
R13277,어린악마,1
R13278,완전 굿굿굿,1
R13279,2% 부족해,1
R13280,탈세탈세 너땜에 안봐 뻔뻔한것아,0
R13281,전 잼있던데요. 견자단도 멋지고.. 연비아도 연기 잘하고.. 견자단 오버연기 없었는뎅.. 단지 연비아의 치아가 눈에 좀 거슬리더군요. 연기랑 음악이랑 장소랑 패션들이 좋았어요.. 갑옷이 너무 탐나더이다..,1
R13282,나름 생각하게 해주는 영화다,1
R13283,배틀로얄은 1편을 끝으로 마무리를 지어야 했어.,0
R13284,진짜 개꿀잼ㅋㅋㅋ등장인물 다 귀엽고ㅋㅋ,1
R13285,예산이 부족했던 영화...,0
R13286,영화 도둑들이나 뫼비우스 하고 같은 나라에서 만들어졌다는게 믿어지냐..?,0
R13287,청춘의 꿈과 방황 또 가족과 친구들에 관한 고민들 그리고 토요일밤의 열기,1
R13288,결론은 자기들도 피해자란 건가? 자기들이 저지른 짓은 덮어놓고 힘들었다고? 애들은 불쌍하지만 그렇다고 이런식으로 미화하진 말길,0
R13289,감독이 여자한테 크게 데인 적 있나. 왜 악역이 다 여자야!!,0
R13290,세련된 영상과 배우가 흘렸을 땀이 보인다,0
R13291,영국영화의 느낌을 잘살린 유쾌한 영화..재미있네요.ㅎ,1
R13292,유지태 질린다.;ㅓ'ㅓ',0
R13293,견자단이 안 나오는데.....,0
R13294,타잔을 보겠다 아우진짜,0
R13295,백제 왕실을 전라도 출신으로 만들어 버리는 최소한의 고증도 반영하지 못한 멍청한 영화... 스탭들의 노고 때문에 1점은 준다.,0
R13296,"^^정말 최악이네요,",0
R13297,유치해서 오글오글.. 엄정화 전혀어울리지않는 지적컨셉.세월에 발악하는 깜직연기ㅠ,0
R13298,진짜 재미있게 잘 봤고 끝나고도 여운이 남는 영화에요ㅠㅠ 배우들도 너무 좋고 꼭 대박나길 바래요~^^,1
R13299,연기들을 역시 잘하는데 내용은 그다지 와닿진...,0
R13300,"그리운 영화인데, 다시 볼 수 있는 방법 아시는 분 없나요?",1
R13301,아역대가 훨~~~씬낫다,0
R13302,참으로 점수주기가 아까운 영화다.왜 울나라는 불륜아니면 예술 작품을 못하는건지?.이런영화는 F급 영화 폐기 처분 해야 될듯 한데...,0
R13303,차태현은 엽기적인그녀에서 멈췄어야한다 스토리도 재미없고 휴,0
R13304,평점이낮아서 좀올려줍니다 이렇게 재미없는영화아닌데,1
R13305,장난하냐? 물랑루즈 짝퉁. 스토리 약간 다르게 한거 말고 뭐가 다른데?,0
R13306,예성씨만 멋짐,0
R13307,한쌤ㅠㅠㅠㅠㅠㅠ,1
R13308,아내돈 감동적이지도 않고 재밋지도않음 ㅡㅡ,0
R13309,제목은 흥미있지만 메시지가 분명치 않은 영화.,0
R13310,두 배우가 돈이 궁했나.,0
R13311,긴런닝타임때문에 보기를 미뤄왔고 오늘 드디어 봤다!!! 진짜 재밌고 긴 런닝타임이 생각이 안날정도...,1
R13312,"1편은 볼 만 했는데, 구성 완전 허접 현실감도 전혀 없고... 실망을 넘어 분노 수준... >.<",0
R13313,진짜 별로;;;사람들이 다 답답함;;;;,0
R13314,"쓰레기..절대보지마라..더럽게 지루하고 재미없다.,",0
R13315,문제아라고 쏘아부쳤던 아이들의 속내. 재빠르고 영리하고 의리있는 시릴 / 다르덴은 이렇게 엉망인 가운데에도 진심의 작은 마음이 지켜갈 수 있는 것에 대해 꾸준히 이야기해주네. 극적이지 않게 직조하는 능력에 감탄 ?@non,1
R13316,신선한 소재의 로맨틱 코메디 참 재밋네요,1
R13317,시청률빼면 완벽한 드라마다. 경성스캔들짱ㅠㅜ,1
R13318,dmahfdcgigjkkhbyjjhkjumvxh xhbfhhg,1
R13319,"영드 섹스 트래픽이랑 상당히 유사하네요..그 영드 보고 충격 먹었는데,유엔까지..이 지경이라니..자신들 딸 누이 동생도 저렇게 팔면 기분이 어떨지?세상에 믿을늠 없다지만..해도해도 넘 허네..씌부럴",1
R13320,이건뭐 헐리웃 B급시나리오 결말은 제발 나오지말라는 북한 진짜 짜증나는 도대채 이런걸 영화라구 찍는게 에혀 중후반부터 답이나옴..탈주범 북한간첩 ㅠㅠ 성의좀 보입시다 작가든 감독이든ㅠㅠ,0
R13321,마트에서 줄 서서 맛 보기하는 기분,0
R13322,포스터 패러디 해서 제얼굴 넣었네요.. 이준을 좋아해서~,1
R13323,내용도 묘사도 배우도 허접스럽다,0
R13324,심하다 이영화 ... ㅡㅡ,0
R13325,빨리 혼자살고싶다 돈벌자 !!! 로또도 되라!!,1
R13326,지루한 러시아 액션 영화 한편 감상... 브루스형 이제 좀 쉬셔야죠...,0
R13327,큰 사건를 이끌어가며 작은 사건들을 이야기 하는 ... 다 재미있군요 ㅎ,1
R13328,이런 영화가 국내에서 상영 되었다니...,0
R13329,와~~~이거 짱잼있음^^,1
R13330,"좋은 소재임에도 불구하고 미장센의 과잉, 플롯 전개의 비약과 모순으로 망친 영화",0
R13331,예진역이 굳이 필요한지 모르겠다.가족이 같이 보는 시간대와 일일드라마 라는 점에서 아이들이 허준과 예진의 관계를 물의면 뭐라 말 해줘야 할지 난감하다.허준 본처가 허준에게 그리 잘하는데.그리고 궁에 개나소나 뜬금없이 들어가 일하는게 말이안된다.,0
R13332,평론가 평점이 7점대라는 게 기이하다.,0
R13333,그들에게 필요한건 서로 홀로설수 있는 용기가 아닐까 하는 나혼자 생각.,1
R13334,김정훈 연기 진짜하 새기..ㅋ,0
R13335,다시 알게 된 우디 앨런의 이야기! 정말 좋았어요^^ 못챙겨 봤던 영화들도 다시 보고 싶게 만드는 영화였습니다! 추천!!!,1
R13336,뭐가 이렇게 지루해,0
R13337,인생 최악의 영화 알바들 많네요,0
R13338,그냥 일진미화 영화인듯 싶다.,0
R13339,"영화가 끝날 때 마치 멜로 영화를 본 것 같았다.한 남자,한 천재가 사랑하는 사람에 의해 삶의 의미를 찾고 그 사람을 위해 모든 것을 헌신하는 모습에 감동받았다.",1
R13340,고사1은 남규리가 찍어서 인기많은거,0
R13341,"당신이 완전 호러,반전 매니아급이아니라면 최고가 될 수 도있는 수작(8점)",1
R13342,이거 평점 높게주는 애는 최소 이영화 주인공같은 놈일듯,0
R13343,내용이 참...허접. 이걸 제작비 들여서 만들었다니...,0
R13344,최근에 본 영화 중에서 가장 마음에 남는 영화이다.,1
R13345,좋았어,1
R13346,재미있게 본것 같네요,1
R13347,감독 걍 광고나 만들면서 손가락빨고있어,0
R13348,두사람 팬들만 보세요..멜로영화나 한편..하고 보면 정말..오그라듭니다...,0
R13349,여자들은영화를발로보냐? 여자평점8점ㄷㄷ,0
R13350,김민종의 도전정신에 올인!!,1
R13351,성룡이니깐...,1
R13352,이거까진 괜찮음.. 캬.ㅎ,1
R13353,B급 레젼드들의 향연!! 이건 의리의 영화다!!!,1
R13354,평론가 놈들이 6점대 준걸보니 쓰레기 맞네.,0
R13355,정말 대단한 영화군요,1
R13356,"갓미넴ㅠ명작임 레알 랩신,연기신,외모신 안되는게뭐임? 완전체갑!!",1
R13357,"영혼 없는 리메이크란 이런것. 원작의 장국영, 임청하를 대신할 배우가 쉽게 나올리가 없겠지만 배우들만의 문제는 아닌, 총체적인 문제",0
R13358,이걸 어떻게 봐야할지.... 영화에 재미도 좀 았어야 하지 않을까요?,0
R13359,천국보다 아름다운 사랑. 천국보다 아름다운 영화,1
R13360,끝부분 허무하다. 끝부분 기대 ㄴㄴ,0
R13361,매우 독특하고 매력적인영화네요! 너무 빠져서봤어요!,1
R13362,대책 없이 모든 부분이 다 부족한 영화 그나마 지루하지 않는게 다행,0
R13363,숨막히는 영화였어요이주승배우 사랑합니다! !,1
R13364,실사 로봇 모델이 진심 아깝다...차라리 TV용이였으면 욕이라도 덜먹지..이래서 다음 에피소드 촬영도 어렵겠다..,0
R13365,"OOO 영화 재미, 몰임감, 현저히 없음.",0
R13366,반전을 대충 예상은 했었지만... 그 보다 더한 감동이....,1
R13367,갈갈이와 드라큘라가 더 재밌겠다 20년전 심형래영화 중학생버전정도 되겠네,0
R13368,초대박 ㅋㅋㅋㅋ 아이는 살아있다 ㅋㅋㅋㅋ,1
R13369,저 포스터가 인상깊었다예,1
R13370,평점좀조절하면서삽시다,0
R13371,개인적으로 아이언맨123중 3이 제일 잘 만들었고 가장 액션도 화려함 2에서 액션이 적은 걸 3에서 다 보충해준 느낌?,1
R13372,당당하면서 배려심 깊은 그녀 ~깔끔한 사랑의 실마리를 던져준다,1
R13373,수많은 망점들의 환영 속에 있는 잔잔한 사람과 사랑의 이야기같아,1
R13374,감동적이었어요... 하치는 여자인줄 알았더니 남자네요.,1
R13375,하얀노파 그냥 웃지요 ㅋㅋㅋㅋㅋㅋㅋ,0
R13376,도대체 왜 있는지 모르는 인물도 있고 시나리오도 허접하고 와 이건 진짜 너무한다. 내 인생 최악의 영화에 새롭게 등극함.,0
R13377,35화까지만 보는걸 추천.,0
R13378,이런영화를 3번 봤다는 호구도 있네 ㅋㅋㅋ,0
R13379,차라리 애니메이션으로 만들지 그랬냐,0
R13380,내생의 최악의 영화 ㅋㅋㅋㅋㅋㅋㅋㅋㅋㅋㅋ,0
R13381,두 번 웃어서 두 개~,0
R13382,음....계속보게되긴하는데 백장미랑 백만종때문에 볼때마다화가나요!...어쩜저렇게 당당하게 살수있는지....제발 백장미랑 박차돌이어주지마세요....막장되지않고 통쾌한드라마되길....초롱이도 차돌이랑 계속살게해주시고요ㅎ,0
R13383,옛날에 어렸을때 보고 정말 펑펑울었던기억이..ㅠㅠ,1
R13384,아빠가 낚여서 본적 있다나 슈래기 영화,0
R13385,내가 너무 좋아라 하는 공포영화^^,1
R13386,사실....너무 허접하다고 느껴지는건 사실이다.,0
R13387,박중훈씨의 진가가 드러났던작품,1
R13388,원작에먹칠하는영화어이없어서말도않나옴충사도아니고무시시?일어말고우리말로하든가,0
R13389,최고....그냥최고...와..꼭보세요,1
R13390,재밌네?ㅋㅋㅋ,1
R13391,다세포가 널살리는 구아,1
R13392,아들의 모습이 인간 본연의 모습이길,1
R13393,브루스 윌리스도 윌스미스 처럼 웃기다,1
R13394,"순하고 우직한 것이 마치 황소같았던 여인, 셀리.... 아 정말 아름다운 영화였습니다.",1
R13395,박평식씨ㅋㅋㅋㅋ다크나이트랑 인터스텔라가 7점인데 이영화가 6점ㅋㅋㅋ당신의 평론 기준을 존경합니다,0
R13396,9.8인 테이큰도 보고 이 영화도 봤다. 이영화에 비해 테이큰은 좀가볍더라.,1
R13397,한국 애니를 깍아내리긴 싫지만 진짜 재미없게 봤다,0
R13398,성인들이 보기엔 마이지루해~,0
R13399,다소지루한면이있었을지몰라도전보는내내빠져들었어여,1
R13400,쓰래기,0
R13401,와.. 전나 쓰래기 내 돈이 아까워요 ㅡㅜ,0
R13402,코스케가라디오에서임진강을부를때는눈물이멈추지않았다,1
R13403,말도안되는 영화,0
R13404,어쩔수없이 사람 숨 끊어지게하는 장면은 잊혀지지 않을정도로 슬펐다..,1
R13405,어설프다.,0
R13406,점점 똑같은 스토리라서 지루해진다...,0
R13407,이뽀요ㅋㅋ,1
R13408,눈 내리는 파리... 인간 군상들의 이런저런 관계... 재미=zero!,0
R13409,"메시진 좋지만, 촌스럽고어색,억지스럽다,모범생이열정만갖고 기타치는 흉내만 내는꼴",0
R13410,지나치지도 모자라지도 않은 내용 전개,1
R13411,저진짜 솔직히 이런영화를 볼때 웃는다는거자체가정말잘못된거잖아요 저근데동호대사때문에 진짜얘들이랑빵터져서 저도모르게영화관에서 웃어서 진짜 아몬가웃기진짜싫엇거든요?울다가 동호때매 펑펑웃고 아 진짜 미치는줄 다른분들연기는울면서봣어요ㅜ♡,0
R13412,아마 스케일이좀작고액션이없어서과소평가된것같은데정말과장없이사실적이고손에땀을쥐게하는긴장감의연속이었다 월메이드역사극이고 탐크루즈연기작살,1
R13413,유치하기 짝이 없는 영웅만들기 졸작. 요즘 액션 영화에 비하면 이건 순 어거지 영화...이걸 대작이라고 평점준 사람들 의식이 궁굼하다,0
R13414,평점이 왤케 낮은거지?...,1
R13415,풋풋한영화 겁나재미있었는데 재미없다는사람은 뭐얔ㅋ권상우 대사랑 말투 웃김.,1
R13416,앞으로 계속 100편도 넘게 계속 나와주기 류ㅠㅠㅠㅠㅠ,1
R13417,"펭이와 솜이 너무 귀엽구,감동적이네요!",1
R13418,OOOO일까 명작일까?..보는내내 짜증나는 이유는 뭘까?,0
R13419,대박... 스토리가없어. 공포체험영상이냐? 심형래 뺨친다. 심형래는 결말이라도 있지,0
R13420,"1편도 개그영화긴 했지만, 여자조폭, 조폭들 이야기를 다룰려고 신경은 썼다. 어차피 개그영화지만 어느정도 수준이 있었다. 그런데 2편은 완전 만화수준.. 주인공만 그대로 이어받았을뿐.. 걍 다른영화.. 뻥이 아니라 심한 유치개그. 웃기지도 않았다.",0
R13421,별로였습니다.아이도 안 좋아했고요.,0
R13422,세상에서 가장 강한 독은 인간의 마음이라는 대사가 왠지 기억에 남는...,0
R13423,신디영화제에서 관람했어요~개봉하는군요! 감성연기 돋는 이방인들 화이팅!,1
R13424,우리가 알아야할 흑역사의 하나인데.... 도저히 잔인해서 못보겠음..... 나 사실 이거 731부대 박물관에서 봤는데... 보고 우리가족 전부 그날하고 다음날까지 밥 못먹었음....... 빨간색 동그라미만 보면 치가떨려...,1
R13425,GOOD ^^,1
R13426,완전 재밌음!걍 강추!!,1
R13427,B급스러운 재미도 건지기 어렵다.,0
R13428,훈훈하고 마음이 따뜻해지는 영화네요,1
R13429,'불교'를 넘어서...,0
R13430,스산하고습기가득한풍경.가시에찔린 소녀의 아픈 눈망울같은영화,1
R13431,괜찮은데,1
R13432,재미없어 피디가 제일 싫다,0
R13433,무슨 말이 필요할지... 최고의 미드,1
R13434,폴토마스앤더슨은 천재다. 21세기를 주도할 천재감독중 한명이다. 델어윌비블러드도 최고다. 마지막 대사 '아임 피니쉬드'는 잊을수가 없다,1
R13435,전형적이지만 재난영화의 장르적 특성상 어쩔수 없는 부분이 있다전반적으로 몰입감있게 감상할 수 있었고 8점 정도가 적당해 보이지만 평점이 낮은것 같아서 9점 정도 주겠다,1
R13436,감우성 왜 이런영화에 출연했냐ㅡㅡ,0
R13437,원작의 발가락의 때만큼도 안되는 졸작이 그리도 좋아?정말로?,0
R13438,"람보가 느끼는 쓸쓸함, 고독, 소외감을 완벽히 표현하는 실베스타 스텔론의 명작 중 명작...",1
R13439,"결말이 조금 읭? 싶었지만.. 파리를 여행하는 기분이 들었고, 현재를 살아야겠다는 생각이 들었다",1
R13440,서우 연기력이 무섭다,0
R13441,점수 높게 먹는데 있어 약간 무리인 영화,1
R13442,시시하다.....(>_신고,0
R13443,의미있는 영화!!!,1
R13444,최고.b,1
R13445,권상우배우님과 김하늘배우님의 코믹연기 완전재미있게 봤네요 이영화가 개봉되었을때가 2003년인게 아쉬울정도 였습니다,1
R13446,어떤영화든 원작보다 더나은작품은 기대하기 힘든것이다 ~~~~~~~,0
R13447,"박신양, 전지현이 아깝다.",0
R13448,용서와 사랑~!!!,1
R13449,중반까진 분명 좋았다. 30대들만이 느끼는 감정들을 잘 표현한게 아닌가 싶었다. 후반부로 갈수록 막장이 되었고 그만큼 실망감도 쌓여 영화를 다본후엔 씁쓸했고 뒤통수맞은듯했다,0
R13450,"분명 시도는 좋았다 하지만 한예슬 문제, 연기력, 막판 연결에 실망했다.",0
R13451,그래도 용케 영화 완성시킨 그대들에게 한번의 박수를,0
R13452,이런거 처음써보네요 처음부터 쭉 보고있는데 이렇게 답답한 드라마는 처음 보네요 질질끌고 단비가 알지못하게 숨기느라 항상 반복되는 스토리 출근길에 볼게없어 보고는있지만 빨리좀 끝내고 다른거 했으면 하는 바램,0
R13453,마지막을 이해하고나니 나도모르게 눈물이 나왔다.,1
R13454,링시리즈 책으론 만점 영화론 꽝!,0
R13455,수준낮다. b급영화도 아닌c급영화,0
R13456,돌아오긴 뭐가 돌아와 ㅋㅋㅋ,0
R13457,2006.00.00,1
R13458,감명깊었다... 이 한마디다,1
R13459,음...무서움을 느낄수가 없었다...,0
R13460,긴장감도 없고... 우주선 내부는 스타워즈 옛날꺼 수준이고초대형 액션 블록버스터 라고 하더니...액션씬이 거의없음.영화 스토리와 얼라인가 괴물의 공포심호르몬 컨셉은 좋았음,0
R13461,진실은 그누구도 알수없다. 파이 본인조차도 모를것이다. 그러니 어떤것을 믿던 내 자유다. 그리고 어떤 것을 선택하던 이영화가 최고라는 사실은 변하지 않는다.,1
R13462,TV에서 나오는 파워레인저가 영화서도 나오네요^^~,1
R13463,다른거 다필요없고 BGM만으로도 추억돋았어,1
R13464,완전재밌어요 ! 그리고 이동욱 너무잘생기셨어요ㅠㅠㅠ,1
R13465,각자의 파킨슨병을 가지고 역동하기 시작하는 푸가. 직접 이 곡의 사중주를 들어보고싶네. (아무르의 프리퀄같은..),1
R13466,"이게 어떻게9점이지 이해못하겠다;;솔직히 11번째 스트라이커 생각하면 2점이지감독님 제발 다시 돌아오기를,,",0
R13467,극장판중 최악의 졸작... 가히쓰레기 ㅡㅡ,0
R13468,장난아니게 재미있어요,1
R13469,지루하다..뻔한스토리..전편이 훨씬 괜찮은것 같다..,0
R13470,너무 오래전 애니라 작화도 그닥 맘에 안들고 별 기대없이 그냥 먼내용인가 궁굼해서 봤는데...중간 부분까진 머야 이거 하면서 보다가.. 끝나갈때쯤 딱 느낌이 오더라 막지막에 왠지 찡 해진다...,1
R13471,정말 제대로된영화. 6개의 이름을 얘기할때는 나도모르게 소름이돋고 실화인걸알적엔 더욱더소름이돋앗다,1
R13472,"당연히 평점 10점 줘야지,, 날카로운 막장,;'",1
R13473,배우가 아깝다....,0
R13474,아주 모자라진 않다.,0
R13475,이시절 참 재미있게봤던영화 젊음의느껴졌었는대...,1
R13476,"돈이 아깝지 않는 80분이었음 휘성이었기에 한국 최초로 시도해본 3D,성공하길바래요",1
R13477,난 개인적으로 어벤져스 이전의 아이언맨 토니가 더 좋았다 어벤져스 이후로도 매력적이긴 한데 토니가 너무 진지해짐 그리고 가장 안타까웠던건 테렌스 하워드의 캐스팅 불발 ㅠㅠ 누가 뭐래도 난 아이언맨1이 진리였다.,1
R13478,ㅋㅋㅋㅋㅋㅋㅋㅋ 아슬란이 갑자기 번쩍 나타나서 나무 부르고 물의 신 불러서 다 휩쓸면 도대체 안 이길 전쟁이 없겠네 ㅋㅋㅋㅋㅋㅋㅋㅋㅋㅋㅋㅋ 졸 어이없는 영화 ㅋㅋ CG가 아까움,0
R13479,지금에 와서 보니 상당히 지루함. 기억에 남는 건 엄진동과 황비홍의 사다리 액션신 정도. 그리고 아름다운 관지림 정도. 후에 나온 철마류나 의천도룡기가 훨씬 더 스토리도 재미있고 액션도 화려함,0
R13480,스토리는 뻔해도 액션하나로 10점ㅎ,1
R13481,"올드한 느낌의 영화, 영화적이지가 않다.",0
R13482,소올직히 8점대 영화는 아니라서 1점줌 기껏해야 6.85점대 영화임,0
R13483,오늘 연풍연가를 봤는데 정말 재미있고 장동건 고소영 부부 결혼 잘 한거 같아요 참 잘 어울려요@~@,1
R13484,머냐...연결이 안됨...,0
R13485,4.44 프로젝트 4.44 프로젝트 4.44 프로젝트,0
R13486,"아무나 수사 할 수 있을 듯한 발대본, (보조출연자를 포함)출연진 '대다수'의 발연기",0
R13487,이당시에 영화 매우 볼만한 영화임 ^^,1
R13488,이 드라마와 함께 한국 농구 붐 업,1
R13489,일급살인....감옥영화중에 세손가락이라 생각한다 쑈생크탈출 빠삐용,1
R13490,논란 기사 잘 보고 있습니다,0
R13491,성형외과 홍보용 동영상,0
R13492,오나 ㅋㅋ진짜애니조아하는데 이건진짜 나고 태어나서 이런 ..더빙만집중되고 내용에집중이안되..ㅠㅠ보는내내 원작더빙은어땟을까 생각만드네..또처음인건 이 평점다는것도 태어나 첨이다,0
R13493,재미는 정말 없엇던,0
R13494,잼있냐 ? 화난다-- 나 무지 화났어 .ㅋㅋㅋㅋㅋ,0
R13495,술은 입을 경쾌하게 한다.,0
R13496,"이만큼 현실성있게 재앙을 표현한 영화도 드물다 감동,액션이 있어야 영화인가?",1
R13497,명작같은데... 추천받은 이유를 알겠다,1
R13498,증말 .... 휴~ 배우들이 아깝당 ㅠㅠ,0
R13499,저 포스터에 혹해서... 찜찜한 기분이 며칠은갔다.,0
R13500,덮고 외면해도 어쩔 수 없는 사랑,1
R13501,처음에는 지루하고 미장센도 없다. 하지만 등장인물들이 모두 만나게 되면 재미와 감동이 서서히 다가 온다.,1
R13502,김소연 누나 정말 이쁘네요 고등학교때부터 재밌게 봤는데 지금봐도 역시나 연기 잘하시고 영화도 넘 재밌네요^^,1
R13503,왠만해선 평점 잘안다는데 볼때마다 눈물이 나네요... 너무감동적이고 쓰나미의 위력에대해 새삼느끼고 너무 마음 아픕니다,1
R13504,乃,1
R13505,다시보고싶다. 너무 슬펐어...,1
R13506,전쟁의 진정한 얼굴을 보여준다,1
R13507,캐릭터 몇개 만들어 놓고 우려먹기는 엄청 해댄다,0
R13508,거미와 파리의 차이는 천지차이지,0
R13509,나레이션이좀그렇네요 그냥잤습니다 보지마세요,0
R13510,좀 심하게 별로인 영화. 2010년작이라고는 볼 스 없을만큼 진부하고 지루하다. 니콜라스 케이지 최근 작품선택이 아쉽다.,0
R13511,슬푸당,1
R13512,일본특유의 청량감과 아련한 돋보이고 해피엔딩이 아니라 더욱더 여운이 깊은...,1
R13513,이제서야 봤네요 재미있어요 평점조절 때문에 10원래는 8,1
R13514,극장판 애니중에서 5순위 안에드는 진짜 잼있게 봤던 영화~ 배고픈 야생 동물들~,1
R13515,제목의 1%도 표현못했고 전체적으로 뜬금없고 흐릿함..,0
R13516,재미더럽게 없음. 여름시즌겨냥해서 해운대 소재로 만든거같은데.. 감독뇌구조가 궁금합니다. 초짜신입감독이 보면 비웃겠어요.,0
R13517,눈이호강하네여ㅎㅎ,1
R13518,"넘넘 재밌네요!! 내용도 연기도 모두 굿!!! 너무 재밌어서 눈을 뗄수가 없었어요.. 우리나라에도 이런영화가... 조폭,재벌 이런 식상한 영화들보다 백배 천배 나음!! 그리고 실제로 이련 일이 있다고 들었음... 놀랍지만 현실적일수 있는 영화...",1
R13519,10번은재미있게봄것같내여,1
R13520,8년 전 영화를 이제서야 보게 됬는데 8년 후에 봐도 기억에 남는 영화 일 것 같네요. 이별의 아픔을 아름답게 승화시킨 영화라고 말하고 싶네요.,1
R13521,윤계상 팬이라 봤는데 넘 재밌어요 갈수록 연기 좋아지네요 그리고 다들 왜 이렇게 슬픈지... 조진웅님도 넘 좋음 연기 다들 좋다... 첨에 스토리 전개가 너무 빨라서 엉성한 느낌도 들었는데 전개가 빨랐던 이유가 있네요,1
R13522,갈등이 느닷없이 해결되는 영화,0
R13523,"책에선 미도리가 대머리에 가까운 스포츠 머리로 묘사되고 레이코도 주름만 이상하게 클로즈 업되는 중년 아줌마로 나오는데 왜 이 영화는 미도리, 레이코가 나오코보다 예쁘죠? 나오코 역을 미도리 역 배우가 했어야 맞는 캐스팅인 듯",0
R13524,케네스 브래너에서 마이클 키튼 까지 죄다 웃겨 보자구요.,1
R13525,영봐 보다 이렇게 딴생각한건 처음입니다.,0
R13526,"이걸 다 본순간, 이미 인생 최고의 영화중 하나가 되었다.",1
R13527,"사건들의 개연성도 약하고, 5명이 수백명을 죽이는 영혼없는 총격씬, 억지로 쥐어 짠게 느껴지는 반전, 역시 억지로 집어넣은 예고편용 대형 폭파엔딩. 영화관에서 보신 분들 정말 화나셨을 듯. 사람들 의식은 발전하는데 홍콩영화는 퇴보하네요.",0
R13528,폼만 잡고 멋있는 척하다가 끝난다.,0
R13529,이 영화의 색감은 악몽을 닮았다..,1
R13530,일베하는 어린친구들에게 보여주고 싶다. 자신의 분노의 방향이 얼마나 잘못되었는지,1
R13531,"오늘도 대학로에서 방송국에서 열심히 기회를 찾는 분들, 힘내시길!",1
R13532,뭐....나름 괜찮앗던것 같습니다. 오프닝 눈뜨는 장면? 그게 좀 아쉬웠다고 할까요?ㅋ,1
R13533,개 재미 없네 ... 이거 언제한거? 아무도 모르던데 ... ㅋ,0
R13534,한개도 아까워요.. 제발 오디션 보고 주인공도 뽑으시길,0
R13535,섬세한 연출. 희망을주는 영화다.,1
R13536,아니도대체 왜 조기종영함 ㅜㅜㅜ 아정말 50부작처럼 길었으면.. 지금도 넘재밌고 또 앞으로 풀어갈 에피소드도 무궁무진 할텐데 ㅜㅜ 지난년도부터 sbs보다가 처음으로 엠븅으로 넘어왔는데 조기종영이라니..너무해..ㅜㅜ!!!!,1
R13537,줫 망,0
R13538,잔잔을 떠나서 심심하고지루함 시간낭비한기분,0
R13539,"뽀르뚜까, 전 너무 일찍 철이 든거 같아요 ㅠ",1
R13540,사소한 주제로 흥미롭게 그린 그런 영화 이런 영화 좋아하시면 추천,1
R13541,히치콕이 비정상인거지.. 이영화가 비정상인게 아님. 그렇다고 10점줄 생각도 없음,0
R13542,공동경비구역이 생각나게 한다. 그런데 제목 보고 공중전 씬을 상상했다간 큰일난다. 그런 거 하나도 안나온다. 그냥 격추된 독일과 영국조종사들끼리의 어쩔 수 없는 사이좋은 생존이야기이다. 쪼금 지루하다. 전쟁영화 아니다. 제목 좀 잘 선정했으면 좋겠다.,0
R13543,1빠니까 1점,0
R13544,박찬욱이 도용을 마이 했네...그의 위대함이 흠집나기 시작...영화는 훌륭한데 초반 조선인 경멸 장면은 참 역겹다. 쪽바리들은 영원한 숙적이다. 잊지말자.,0
R13545,유머러스함과 잔인함이 적절히 섞여있는영화랄까,1
R13546,영화속 음악만큼은 아직도 머릿속을 떠나지 않는다.,0
R13547,최악이다 씨발 티비에서 영화상영하지마라 사기치는것도 아니고,0
R13548,으리로 통한다 으리으리,1
R13549,소재신선하다. 임팩트를 원하시면 영화 임팩트를 찾아가셈...거긴 중력이 없어지고 지구하고 달이 액션함ㅋㅋㅋ,1
R13550,진행이 좀 지루하기도 했지만 전체적으로 좋은 영화였어요,1
R13551,이거 1편을 안 보고 제시카 알바때문에 본 영환데 대체 무슨 내용인가요 이거...시작은 엄청 장황했는데 허무해,0
R13552,이거 일편있음? 일반인이라면 이해하는것조차불가,0
R13553,"죽음. 그의 죽음이 아닌, 그를 제외한 모두가 죽었다.",0
R13554,와따임다..,1
R13555,최정윤언니도주연급인것같았는데어느순간비중완전작아지고ㅜ하나같이발연기에..중간중간정적흐르고극에흐름이너무부자연스러워요.미우나고우나가그리워...ㅜㅜ,0
R13556,명작!! 폴롯뿐만 아니라 넘 슬프고 아름다운 영화~~,1
R13557,수작이 었다.,1
R13558,오 4월에 개봉한다네요 가서 또 봐야지 ㅎㅎ,1
R13559,ㅠㅠㅠ끝나지마제발,1
R13560,후지와라 영화중 가장 졸작.... 초반은 소재가 좋았으나 갈수록산으로감.. 매세지도없고... 상을 왜탄거지?,0
R13561,장난하세요 ㅠㅠ?그냥 포청천볼래 차라리..,0
R13562,마움이 순수해지는 영화다..;; 흔히 도시를 탈출하고 싶을때 보면 추천..,1
R13563,아이큐 50도 안될것같은주인공들 아이큐 70정도라도해주시면 안될까요?너무 무리였나요??,0
R13564,감격시대 요즘 재밌게 너무 잘보고있고요 ㅋㅋ 저는 김현중♥진세연 커플 잘됐으면좋겠구요 그리고 김현중씨의 멋진 액션 기대중입니다~,1
R13565,쓰레기 에도 차원이 있다 당신이 상상할수있는 그 모든것,0
R13566,아름답구나 똑똑한 영화,1
R13567,너무 재미있게 봤습니다. 추천해요.^^,1
R13568,계속 웃으면서 봤어요 ㅋㅋㅋ 친구들과 봐도 정말 괜찮은거 같습니다!!,1
R13569,좋아용 ㅎ,1
R13570,원작을 형편없이 각색해놨어요. 각색한 플롯도 개연성이 없구요.,0
R13571,.오랜만에 알바출동하는 영감평 보는듯,0
R13572,감독의 역량 부족,0
R13573,박영린 앞으론 드라마쪽보단 시트콤이나개그쪽으로 나가시는게 앞으로 본인발전을위해 좋을뜻싶네요...아님 좋은 남자만나 결혼하고 은퇴하시는것두....가정에충실하다보면 연기하는데 도움이 될수도 있지않을까 싶은데 그때 다시도전해보는것두 좋을뜻 싶네요,0
R13574,"극장에서 본 영화중, 돈 안아까웠던 몇 안되는 수작",1
R13575,재미없다. 평점 높은 건 충격,0
R13576,정말~ 몰입해서 봤던 몇 안 되는 드라마 중에 하나!!,1
R13577,이런 쓰레기는 출시되지 않았으면...0점,0
R13578,스릴도 없고 스타일도 없고 그렇다고 신선하지도 않은.. 탈옥 범죄 배신 및 반전. 심지어 로맨스도 그리 인상적이지 않고 전체적인 흐름에 그냥 끼어든 인상,0
R13579,이 영화를 본 사람들에게 심심한 애도를 표한다,0
R13580,오랫동안 자기 신념대로 살아가는 사람으로부터 받는 용기와 더불어 영화의 가장 원초적 즐거움인 시각적 유희와 쾌락까지.,1
R13581,우리는 시간에 너무 예민하다. 모리를 보고 깨달았다,1
R13582,정말 재밌어요ㅋㅋㅋ근데 저는 안봤어요ㅋㅋㅋ,1
R13583,기대 안하고 봤는데 정말 괜찮은 SF영화. 반전과 긴장감 조성이 수준급.,1
R13584,우리나라 영화는 항상 슬픈거랑 로맨스영화로 끝남 ㅋㅋㅋ 절대 이런영화 안나옴,1
R13585,"프랑스 클래식컬한 뮤지컬영화를 보는듯한 재미와 감동, 향수의 영화!!",1
R13586,최고. 재미있지만 가볍지 않다. 병맛인데 따뜻하다.,1
R13587,쓰레기네,0
R13588,원래 엄청 재밌게봐서 한30점을줘도아깝지않으나 그저격범 때문에 엄청실망한기억이난다그래서3점,0
R13589,서유리 대역 다 쓸거면 왜 이딴 영화찍었냐? 쓰레기삼류영화라도 자기 인생에 영화 한한편은 꼭 찍고 싶었나보지? 그냥 열파참이나 해라 에휴 정말,0
R13590,이런 영화 좋아합니다 ~ ㅎ 뭔가 잔잔하면서 애틋한. . .,1
R13591,나 이거~ 비디오 아줌마한테 막 사정해서 빌려봤었는뎅 ㅎㅎ,1
R13592,워낭소리 슬프던데 ㅜㅠ,1
R13593,1점주기가아깝다,0
R13594,송은채? 왜 나왔냐? ㅋ,0
R13595,이런내용완전좋다ㅠㅜㅜㅜ,1
R13596,스토리는 다 아는것이지만 전투장면들은 굉장히 인상적,1
R13597,성룡의 액션은 아무도 따라할 수 없다,1
R13598,나는 재미 있게 밨다....ㅋ,1
R13599,도대체 무슨 내용이지??,0
R13600,점수를못주겠음,0
R13601,철저히 미국적인 영화지만 어떤가 춤꾼의 정열과 꿈이 보이는 걸,1
R13602,내 인생 최고의 영화목록에 널 추가한다 ㅠㅠ!! 이 영화는 정말이지.. 나에게 있어서 최고다.,1
R13603,시리즈로 만들어주세요~ 미국드라마에 견주어도 전혀 손색 없어요~ 극장판 만들어도 좋을것 같아요~,1
R13604,조금만 더 낮추자,0
R13605,마지막 결투장면이 아쉽긴 한데 전반적으로 재밌었음,1
R13606,3배속으로 봤기네 망정이지...연기도 진짜 어처구니가 없다...,0
R13607,자막진짜죽고싶냐 재개발한다고무령왕릉드러낼새끼네,1
R13608,"이걸 보니, 내가 어릴적 친구집에 놀러가서 보았던 '오지의 마법사'를 보았던 기분을 연상케 해서 잠시 동심을 느낄수 있어서 좋았다.",1
R13609,두 주인공이 사랑에 빠지는 과정이 전혀 공감되지 않네요. Leap Year가 훨씬 나음.,0
R13610,읽지도 않았는데 스캔되던 장면이 압권. 뭐~영화니까~ ^^,1
R13611,진짜 재밌게 보던 드라마는 맞다. 근데 회를 거듭할수록 억지스럽고 질질 끌고 있는 드라마를 계속 보자니 개 짜증이난다. 이건 이해할수 없는 막장의 끝을 보여주고있음. 복수 다운 복수두 없고 맨날 당하고 있고 넘 짜증남.,0
R13612,첨부터끝까지 일관성없이 뒤죽박죽으로가는 영화,0
R13613,습작수준으로 효율이 떨어지는 영화. 주제의식도 너무 느슨하다. 욕심때문에 필요없는 이야기를 자꾸 넣었다. 더러운걸 더럽게 표현해야 관객이 그 안에서 아름다움을 찾을텐데 감독이 그걸 회피하고 자꾸 아름답게만 꾸미려니까 영화는 길을 잃고 지루해진다.,0
R13614,"인간이 닥친 한계에 얼마나 극단적으로까지 극복하느냐를 다룬 영화. 다소 이해하긴 힘들 수 있으나, 영화가 끝난후에 곱씹어보면 대충 내용을 알 수 있음. 나머지 사람들의 능력들을 보여주지 않았던 것은, 그들이 그상황을 극복할 의지가 없었기 때문.10점",1
R13615,내 인생 베스트 5에 들어가는 영화.,1
R13616,남자라면 거의 대부분 공감할 얘기..,0
R13617,넘맘아팠던영화 T.T엄마랑봤는데 꾀감동적이고 슬프고 흑흑좋았어요,1
R13618,배우들 연기가 좋네요 !!,1
R13619,goooooooooooooood!!,1
R13620,금방봤는데 재밌기만 하구만.......ㅋㅋ,1
R13621,또 보고 또 봐도 지루하지 않은 영화.. 어릴 적 비디오방에서 고사리 같은 손으로 빌려다 봤던게 기억난다. 순진한 꼬맹이는 디카프리오가 너무 잘생겨서 충격 받았엇는데...이제는 그가 늙은만큼 나도 너무나 자라버렸네..,1
R13622,제임스 완. 진짜 은퇴 안했으면 좋겠다... 인시디어스 이후로 공포다운 공포물 본적이 없다! 애나벨도 기대했었는데 비슷하면서도 어설프다... 비교가 안되네,1
R13623,본방때보지않은게후회돼네여,1
R13624,김구라개싫다 게스트하는말좀 짜르지마라,0
R13625,역시 팀 버튼.,1
R13626,권상우 쵝오 이배우 다시보게되네요,1
R13627,내겐최고의영화.늘응원해요.,1
R13628,자유의 여신상을 보고 이렇게 깜짝 놀랐던 적이 있었던가....,1
R13629,총체적 난국에서도 어떻게든 섹스는 한다 이거지.,0
R13630,기차 추적신이 제일 재밌네요!! 후라이팬으로 얼굴 후려쌔리기 압권 ㄱ-,1
R13631,잼잇어요~,1
R13632,씨지가 거의 백터맨수준 스타워즈가 나은듯,0
R13633,유치한 영화 아닌데 포스터가 좀,1
R13634,"지연양,버디버디-박예쁨채팅사건으로 출연할수있을지?",0
R13635,극장에서봤는데...정재와 은하는 좋았다;,0
R13636,최근 개봉한 영화 신데렐라 때문에 오랜만에 다시찾아본 영화. 스토리는 본 작품이 더 신선하고 재밌었다고 생각함.,1
R13637,조카들이 재미있어했답니다 만족해요,1
R13638,영화는 자본만으로는 되지 않는다 .,0
R13639,진짜재미있어요짱임bb,1
R13640,지금보고있는데울고싶다..뻔한내용 택도없는개그에 갑툭튀하는감동짜내기는 그렇다치는데 아들아역 나올때마다 너무너무힘들드으...장담컨데 이거 혹시나하고 봐도되는6점대영화아님. 3점대영화...오정세 애도드림...,0
R13641,저런인격의소유자가아시안게임감독이라니지나가는개가웃겠다왜굴렁쇠소녀도벗기고정사씬만들지예술인데갑날게있나,0
R13642,누구나 공감가는 이야기를 소소하게 잘 그려냈네요. 보면서 엄청 울었네요.,1
R13643,시청률보면 다이해하실꺼라 암 . . 솔직히 1보다재미없음 .,0
R13644,비록 세번째 다시본 거지만네번째를 유도하는 영화다,1
R13645,"다른건 모르겠고~~ 난 이전에 노란복수초는 참잘봤는데, 이번꺼는 정말 주연인 서우의 발연기땜에 오그라드러 못봐주겠다. 경력이 쌓이면 연기가 늘어야 하는데 서우는 거꾸로 가는듯. 그 어색한 표정연기며 대사~~ 진째 실망이다",0
R13646,무슨 여배우 몸매 이야기로 영화 댓글 도배를 ..,0
R13647,독특한 설정을 끝까지 끌고 나가는 힘이 돋보인다,1
R13648,이렇게 재미없는 영화는 용가리 이후 2번째다...와 진짜 미친다,0
R13649,이게 2편이 나왔어???,0
R13650,짱쌘헐크 역시헐크 ㄷㄷ,1
R13651,주연이나 조연이나...,0
R13652,티비에서 하길래.. 검색해봤더니... 무슨... 한국판 섹스앤시티를 찍고싶었던거냐?? 제작비가 아깝구려~~,0
R13653,재미.....................하나두없다...스토리자체가 지루,0
R13654,이딴식의 영화 너무 짜증남. 감독이 비주얼 아티스트라는데 진심 영상도 구려터지고 첫씬부터 OO났네 스러움. 현대미술의 병폐가 영화판까지 들어옴. 데미안 허스트가 만든 영화같다. 악천후에 고생했을 단역배우들 개불쌍,0
R13655,생각보다스토리등 별로 재미도없고 지루했네요,0
R13656,정말 간만에 OOOO 영화를 봤내...,0
R13657,"추억을 함께 했다는 것만으로,, 9점을 줄수 있는 ,, 나중에 주인공을 ""이너프"" 라는 영화에서 악역을 하던데.. ㅋ.. 그때의 꽃미남은 어디가고.. 세월아 가지마라...",1
R13658,"스토리는 별로였지만, 대역분도 무술 나름 괜찮았습니다. 그리고 무엇보다 진짜 이소룡이 탑에서 차로 무술고수들을 이기는 장면은 정말 멋있었고 오랫동안 기억남는 부분입니다.",1
R13659,"오쿠다히데오팬으로서 책이 별로였지만 김윤석이라 봤는데 딱히 잘만들지도, 재미있지도, 공감이 가지도 않는다. 어떤나라든 어떤 제도든 맘에 딱들순없다. 그래도 이런식은 아닌것같다.",0
R13660,아담을 능가하는 백조는 못 나오겠군. 그러나 리처드 윈조는 또 그만의 매력이 있음. 이렇게 강렬하고 파워풀한 백조는 상상도 못했음. 그 파워가 마치.. 음... 사자나 호랑이 급.ㅡㅇㅡ; 이거 DVD 언제 나오나...,1
R13661,여자가 예쁘지 않아서 통 집중이 되지 않는다,0
R13662,OOO내시간,0
R13663,완벽한 영화.,1
R13664,옛 한국영화의 다작의 참패란 이런것을 두고 하는 말이다,0
R13665,그나마 하나경 나와서 1점 줌 ㅋㅋㅋ곽현화인지 뭔지 하는것은 좀 안봤으면 더 좋았을것을...쩝,0
R13666,뭔가 허전하다... 하지만 그럭저럭...,1
R13667,지루해요 일본어아니고 중국어로 대사치구요 감독이랑 미우라나와서 전 일어로 되는줄 알고 봤는데 돈아까비 ㅋㅋㅋ공감이전혀안됨 쌍둥이들도 공감못할듯 뭔 설정이 그리 장황하냐 연출도 너무 기고 으으 별로!!,0
R13668,누리 빌게 제일란의 최고의 감동 영화 터키의 이국적 정서,1
R13669,짝퉁상영 하면 안됩니다.,0
R13670,일본판 '아홉살 인생',1
R13671,한번더 기회를 준 이세상에서 용기를 내어 살아본다하지만 세상은 그를 쉽게 용서하지안는다 세상의내면과외면 속에서 나의 삶과 죽음을 결정 할 수밖에 없는,1
R13672,너무 지루해서 시간이 아까운 영화,0
R13673,졸고 또 졸고...리즈 왜 이런영화를 고른거야ㅠㅠ,0
R13674,어색하고 어설프며 어리석다,0
R13675,고다르는 역시 최고의 예술가.,1
R13676,에라모르렜다 자폭이다 낄낄,1
R13677,한 남자의 인생에 대한 최고의 영화,1
R13678,"모자라지도, 넘치지도 않은 제법 좋은 리메이크였다",1
R13679,일단 재미가 없고 모든 배우들의 연기가 불편하게 다가온다.,0
R13680,해외 리얼리티 형식의 영화를 어설프게 모방,0
R13681,배우들의 연기가 연극처럼 과장되어있고 코미디적인 요소또한 작위적이고 뻔하다. 열심히 하려고 한 것 같은데 도저히 웃음이 안나온다,0
R13682,이런영화 평점이 6점이 넘다니 완전; 신데렐라의 미국판이더만.,0
R13683,이거 볼빠엔 미스터앤미세스스미스보는거 훨낫지,0
R13684,이영화에 관련된 사람모두를 죽이고싶은 살인충동을 느꼈다,0
R13685,지들 영화보는수준이낮아서 이영화가재밌는것도모르고 자기가뭐라고 박평식을 비난하는건지ㅋㅋ 우리나라 수준에놀라서 1점줍니다 참 재밌을것도없다 ㅋㅋㅋ 스케일좋으면 장땡이죠?,0
R13686,대사가 좋아 ㅎ,1
R13687,영화관에서 관람하신 분들께 애도와 평점을 받칩니다,1
R13688,돈이 아깝지 않은 영화입니다!!,1
R13689,지루하다니?? 이게?? 겁나 재밌는데??,1
R13690,"그냥 가볍게 감상할 작품,'홍반장을 굳이 천재적 캐릭터로 설정해야 했나'가 아쉽다.",0
R13691,아무생각없이 웃고 싶을때 보면 딱 좋은 영화~임창정 백수캐릭터의 완성작이라고 생각해도 됨.후반에 조금 개연성이 떨어지지만 그래도 유쾌하게 웃고 즐길수 있는 로맨틱코미디영화^^ 임창정과 김선아의 궁상 찌질이 생활을 안본신분들은 한번 보세요^^,1
R13692,이 영화 안본걸로 하겠습니다....,0
R13693,우리나라 공포영화중 괜찮다고 말할수 있는 몇안되는 영화,1
R13694,마지막부분에서는 웃음이 나온다.,0
R13695,올,1
R13696,지루하고 잠오는 이야기,0
R13697,"트와일라잇의 감성과 액션의 연출과 각본을 원한다면, 당신은 백프로 낭패 볼 것입니다.",0
R13698,소재는 흥미를 끌지만 이야기 전개가 투박해서 몰입이 안되는군,0
R13699,일단 원작 내용과 너무 일치하여 아쉬웠지만 영상미가 너무 아름다웠어요. 애니메이션 보다 더 아름다웠습니다,1
R13700,중간에 끝낫어야된다,0
R13701,바보들의행진...,0
R13702,무서움 파이널본애들은 이거본거아니니까 다시보고와라,1
R13703,다음편이 기대되는 괜찮은 리부트.,1
R13704,모호하게 한다고 예술은 아니다...아까운 필름들..,0
R13705,평점조절위원회,1
R13706,"OCN에서 봤는데, 재미있었음ㅋㅋㅋㅋㅋㅋㅋㅋ",1
R13707,태극기휘날리며 어쩌고 저꺼고 해대더니ㅉㅉㅉ,0
R13708,"아무생각없이 볼려햇는데,긴장하게 만든영화,!",1
R13709,오미선 졸라빠져가지고 승무원이 왜 스타킹도 안신는거야 복장위반이야...,0
R13710,"독특한소재라 존니집중해서 봤는데 뭐같네,.,",0
R13711,"안보신 분들은 5회부터 보시구 , 앞서 보시고 실망하셨던 분들도 5회한번 봐보세욬ㅋㅋㅋ아또ㅋㅋㅋ#4회까진 노잼인정 5회는 개잼",1
R13712,그냥 명작 역대 최고 액션영화 잔인하고 통쾌하다,1
R13713,끝날때 까지 몰입하면서 본영화,1
R13714,나도 언젠간 꼭 그렇게 살고싶다. 여자들은 공감하지 못하는 영화,1
R13715,여주인공 얼굴땜에 1점 더준다.,0
R13716,슬프지만 마음에 아주 남는 영화는 아니였던듯...,0
R13717,평가할 가치도 없다. 쓰레기,0
R13718,나는 이 영화 되게 무섭게 봤었는데... ...,1
R13719,말이 필요없는영화... 20대때 한번으로 이해가 부족했던...그래서 다시볼때 더 좋았던영화...,1
R13720,내 인생영화일정도로 진짜 재밌음,1
R13721,왜별점에 빵점은없는거야,0
R13722,그냥 떡밥만 막 던지다 끝나는 영화,0
R13723,왜 리메이크했느지...,0
R13724,후반빼곤 지루했다..,0
R13725,액션이 좋지도 줄거리가 좋지도 않다.,0
R13726,보영누나,1
R13727,방어율 낮춰드릴께용ZZ,0
R13728,'엄마'라는 여자의 노년을 현실감 있게그려낸 수작,1
R13729,"결말이 예측 되다가도 완전 빗나간 것 같다가 어느정도 예상에 접근하며 끝난 영화. 흥미롭고 몰입도도 상당한 영화이긴 한데, 비현실적인 건 둘째 치고라도 설명이나 납득이 안 되는 부분들이 간혹 보여서 한편으론 좀 아쉬웠다. 스페인 공포영화들 좋아함.",1
R13730,여자친구를 선배놈이 다 따먹네 결국 한여자 만을 바라보라는 교훈의 영화,1
R13731,이렇게 스토리 신경 안 쓰고 만드는 영화 있을까 생각들 정도의 완성도를 보여준다 보는내내 긴장감이라는 눈꼽만큼도 없다,0
R13732,무섭지 않은 공포영화,0
R13733,난 이거 정말 재밌었는데. 워낙 판타지 이런 거 좋아해서... 계속 돌려봄.,1
R13734,영화속에 숨은 뜻이 있는것도아니고 내용도 별것 없는게 재미를 위한것같은데도 재미가없음.. 김기범 팬들의 안구정화용이라고 하기에도 팬심으로 보신분들은 살짝 아쉬울듯하네요..,0
R13735,진짜 영화 보는 내내 웃었네잉,1
R13736,"각본, 연출, 연기 머하나 나무랄데가 없구만.",1
R13737,징그러움은 상큼하기까지하고 연기의 어설픔은 깜찍하기까지 한다,1
R13738,제작비를 그냥 버린듯한 영화..,0
R13739,지금으로부터 10야년전..... 처음흘러나오는 이멘트만으로도 진한 감동이 ......,1
R13740,많은 그림과 아름다운 화면이 정말 예술적임. 남자분들이 보기에는 지루한 면이 있을 수 있음.,1
R13741,연기력 좋은 주연배우들의 위력을 실감하게 하는 영화,1
R13742,지금생각해도 내가본영화중에 이영화는 내생애 최고의영화였던것같다,1
R13743,프로도 베긴스와 반지 원정대 기나긴 여정의 시작!,0
R13744,재밋구만 ! 뭘 ! 참나 ㅋㅋㅋ,1
R13745,만화책 원작은 못따라간다.별로다..,0
R13746,학원에서 단체로 봤던게 기억난다..다들 재밌어했지..ㅎㅎ,0
R13747,포스터가 제일 재밌다.,0
R13748,"나름 재미있는데 당시엔 왜 망했는지 이해할수 없다는... 그러나 기존의 스토리가 완전히 백지화되어, 여가수들 매니저가 아니라 그저 주인공 황석아의 취업전선을 그린 작품",1
R13749,각자의 삶을 있는 그대로 담은 영화. 깔끔하다!,1
R13750,이 영화가 하고 싶은 말은 뭘까하는 오기로 끝까지 보긴 봤는데... 도대체 내용이 뭐요? 브래드가 브랜다야? 당췌 알 수없는 엔딩 장면..,0
R13751,"이막수가 생각나는 영화. ""정이란 무엇이길래, 생과 사를 가름하는가?"" 김용 팬이라면 기억날듯....",1
R13752,아래에 뭔 알바야 쓰레기얔ㅋㅋ,1
R13753,포스텈ㅋㅋㅋㅋㅋㅋㅋㅋㅋㅋㅋㅋㅋㅋㅋ,0
R13754,10편정도 본 이란영화중 가장 어렵고 재미없었던 것 같음.,0
R13755,젊은엄마는 나오지만 왜 젊은 엄마야???,0
R13756,한번만 봐준다는 의미해서 1점준다,0
R13757,솔까 내가봐도 이영화는 망작이긴 하지만 아래평점다신인간들 개념없네 영화배우를 왜욕해 ㅉㅉ 더락하고 존시나를 비교할만큼 당신들이 잘나셧나요?? 꼽으면 당신네들이 영화찍고 레슬링경기하든가,0
R13758,제가봤을 땐 정말 주지훈 영화다 생각됩니다.,1
R13759,차가우면서도 뜨거운 영화,1
R13760,"정말 오월의 멜로는 정말로 보고보고 또봐도 계속 보고싶은 영화순위 1순위다하,,,늦은 밤이라 그런지 야릇한 느낌이 들었다",1
R13761,80년대에 방영됐다고 해도 보기 안쓰러웠을 거외다.,0
R13762,이런 상륙작전은 더이상 하지마라.. 부탁이다,0
R13763,ㅈㄹ젬네염!!,1
R13764,"이뮤지컬영화에 왜 이렇게 빠졌는지 나도잘 모르겠다. 수도 없이 봐서 이제 내가 이영화를 총 몇번 봤는지 기억도 안난다. 40~50번 정도 본거 같다. 열정 그래 이영화를 보면 열정이 살아 난다. 삶이 힘들때마다 내게 열정을 불어넣어준 ""렌트""",1
R13765,애들 보기엔 최고의 만화영화!,1
R13766,담배 피우는 이가흔이 무척이나 좋았던 영화.,1
R13767,권상우님 시옷발음하고싶어도안돼는거알면서왜들그르키그런곳에신경쓰는지..? 혀좀짧은건태생이그런거라어쩔수없잖아요 연기만잘하심됬죠뭘 시청률좀팍팍나왔으면좋겠는데.. 난진짜재밌게보는데 다른드라마랑 워낙쟁쟁해서 ㅠㅠ 그래도 홧팅홧팅,1
R13768,내가 고등학생때 이 영화가 나왔는데 그때 봤더라면 ..,1
R13769,시사회로 봤는데 결말이 너무 어이가 없습니다. ㅎ,0
R13770,잔잔하지만 큰 감동을 주는 영화,1
R13771,유승호도 인제 한물갔구나 이런 영화나 찌고 연기력도 별로고,0
R13772,이것이 리얼인가? 아니네? 하지만 리얼이다.,0
R13773,미드중 유일하게 시리즈 챙겨봅니다,1
R13774,너무 식상한 스토리라 실망했다.. 그냥 다코타 패닝을 보러 간 느낌...,0
R13775,최고다!!!긴장감 로맨스 액션까지!!!흠잡을게 없다!!!,1
R13776,"빗자루를 타고 하늘을 자유롭게 날아다니고, 고양이와 일상의 소소한 얘기들을 주고 받고~~ 평범한 생활 속, 작지만 신비로운 일들은 우리 모두에게 꿈과 같은 안식과 희망을 전해준다... '미야자키 하야오 감독' 작품 살펴 보기 시작은 '매우 좋음",1
R13777,이 영화를 보고 심형래 감독의 위대함을 느꼈다.,0
R13778,뭘상상하던 그이상이다 프레즌브레이크이후 만난 최고의 미드다,1
R13779,다 저질,0
R13780,존나끄내진짜씨발 한국더알고작품써라 OOO아,0
R13781,내생에 최고의 힐링영화이다. 영화로 인해 영월도 매년가본다. 앞으로도 이런 영화보기 힘들거 같다. 올해도 영월은 내여행 1순위이다.,1
R13782,항상 성룡의 영화는 위트가 있다.,1
R13783,평이시원찮아서 별로겟지하고봤는데절게재밌다ㅋㅋㅋ,1
R13784,표있어서갓지돈주고는안봄,0
R13785,사람냄새 나는 영화~!!!,1
R13786,이후 마누라한테 복수했을까? 상남자 털보. 간만의 수작.,1
R13787,윤두준♡,1
R13788,감독완전 쓰렉이 이딴걸 왜 하라고 내밀은거야 기분더럽다,0
R13789,평점이 너무낮음 ㅋ 흥미롭고 스토리도 좋은데 처음 시작과 끝이 없어서 너무궁금하게만드네요 ㅎ,1
R13790,골때린다,0
R13791,오랜만에 맘에 드는 일본식 병맛 영화,1
R13792,영화를 보는 내내 이걸 내가 계속 보고 있어야 하나... 하는 고민만 하게 했던 영화,0
R13793,"마치 비디오게임을 연상시키는 스토리 전개방식, 허를 찌르는 반전. 완벽하다.",1
R13794,눈에 보이는게 다가 아니다,1
R13795,관전포인트는 무엇?,0
R13796,한 남자로 인해 파멸에 이르는 한 여자의 인생! 참 적나라하게 그렸다.,1
R13797,돼지피먹고 닭목따는 장면에선 우웩~ 역시 무당은 아무나 하는게 아니다.,0
R13798,너무나 평범한 한국형 블럭버스터.. 비슷한 영화를 찾아보면 수백편은 될 것 같다..,0
R13799,이건... 테러다,0
R13800,잼나ㅎㅎ,1
R13801,보고나면 기분 좋은 영화,1
R13802,김선아 연기가 넘 발연기,0
R13803,아아 정말 아쉽다ㅠㅠ오작교 형제들 끝날 때만 해도 이 드라마가 이렇게 재미있을 줄 몰랐는데...이거 끝나고 하는 거는 되게 우울해보이던데넝쿨당 같은 드라마가 또 나올까 싶네요ㅠㅠ,1
R13804,개봉은 무슨 ... 이랄거면 개봉날짜는 왜정한건지..,0
R13805,용기있는 자의 겁없는 외침.,1
R13806,"이정돈 되야,,,반전이지,,, 포스터만아니여도,,,쒯!!!",1
R13807,겁나 허접한유리방에같혀서 모든사람들이 반항한번못하고 한명한테다죽는영화,0
R13808,이 영화는 액션물도 스릴러도 SF도 범죄물도 아님. 그냥 드라마 장르임. 스렇다고 최루성 멜로도 심금을 울리는 감동적인 내용도 아님. 그냥 의사의 처방이 있어야 구입할수 있는 수면제를 대신해 지친 몸을 쉽게 잠재워주는 수면 영화임.,0
R13809,막창보니 막창 먹고싶다,0
R13810,"음...장애있는 형과... 할아버지의 오해된 선행, 그리고... 군대에대한..ㅎㅎ 하지만 개인적으로 군대갔다오는게 낭비라고 생각되지않습니다, 그러면 지금 까지 다녀온사람들은 뭐 개똥입니까? 그냥 다녀오시길^^",1
R13811,너무재밋당ㅋ.ㅎㅎㅎ,1
R13812,내 휴일을 망처버린 악중에 최악의 영화. 윌리엄? 니가 만든영화 다시보면 내가 개다,0
R13813,"몬스터, 카우보이 비밥 내 인생 최고의 만화들...",1
R13814,10년정도 되었지만 아직도 그 감동을 잊을 수 없다.,1
R13815,연기력은 좋았으나 스토리가 불건전.. 사람이 망가지는 과정을 여과없이 보여준다.,0
R13816,재밌고 유쾌한 영화! 가볍게 보기 좋다~,1
R13817,나오지 말았어야 할 영화...,0
R13818,생각을 어떻게 말로 그리 잘 표현할 수 있는지 놀라운 달변들이었다.,1
R13819,음~~~~덕후냄새가 진동하는구나 조아조아 ㅎㅎㅎ,0
R13820,이런건역시 돈이없으면 만들기 힘들다.,0
R13821,딱 C급 공포미스터리. 해외서도 보니 비디오직행인듯,0
R13822,최악의 애니매이션. 사기당했다,0
R13823,잔잔하면서 너무나도 사랑스런 영화,1
R13824,뭔가 이야기 하고 싶은 것 같은데 이미 너무도 잘 알고 있는 이야기,0
R13825,100분짜리 미니쿠퍼 광고,0
R13826,실험정신이 너무 뛰어나서 보는 내내 이건 뭐지..?? 하게 만드는 영화,0
R13827,어려운 현실 속에서 사는 여인의 삶은 알겠는데... 내 삶과 너무 동떨어져 몰입이 어려 웠다,0
R13828,"사회에서 소외받는 사람들을 주인공으로한건 신의 한수. 무리에서 떨어진 개와 꼬마 남자아이, 독거노인. 크던 작던, 화려한 소박하던 다들 꿈이 있고 그걸 이루는 과정이 아름다운 영화.",1
R13829,하아그냥그랫..내스탈영화는아닌듯,0
R13830,합사라은 인표씨 마음 낀장 은 사람조,1
R13831,감독이 뽄드빨고 삐까삐까하며 만든듯,0
R13832,별로 기억에 남지 않는 미야자키 하야오 작품 중 하나,0
R13833,ㅋ보나마나 개망작이다ㅋ,0
R13834,OOOO 졸라 답답한영화 OO 완전 답답...........,0
R13835,공감처럼 보이지만 허구임을 잊지말자는 교훈..,1
R13836,많이 힘들엇구나..인피니트사랑해♡,1
R13837,괜히봤네 더럽게재미없음,0
R13838,어정쩡하고 산만함. 재미와 감동 둘다 놓친 영화!!,0
R13839,코미디로 바꿔야한다 이건,0
R13840,잼있음 걍 보는거임,1
R13841,영화가 너무 역겹다.. 뭐 이런게 다있어;;,0
R13842,환경의 소중함을 느꼇음,1
R13843,2분만 내다볼 수 있다고 해놓고 거의 30분 가량 내다봤네....와우 이것이 초능력.,1
R13844,용두사미. 시작할 땐 괜찮았는데 뒤로 갈수록 엉망이다,0
R13845,"평점 조절용, 3점대나 유지하고 있다니 ㅡㅡ",0
R13846,원작은 못봤지만 ...수작,1
R13847,웃기지도 않고 겁나 유치하고 스토리도 억어지로 이어가고 결말도 유치.,0
R13848,제천에서 보고 또 봄,1
R13849,이것이 2001년 우리나라 영화의 클래스였다 요즘 영화들과 비교해도 될 작품이다,1
R13850,완전 재밋기만 하고만,1
R13851,왜 나는 웃지 않았을까.....내가 뭔가 부족한가,0
R13852,"따뜻, 소소하게 웃기는 코믹 드라마, ^^ 팡 터지며 봤다. 방구 압권ㅋ뽀옹! 삐익",1
R13853,스케일이나 보여지는 즐거움은 좋지만내용이 거기서 거기란 느낌,0
R13854,따뜻한 영화이긴한데 배우들의 오버연기와 유치한 장면들은 보는이로하여금 힘들게함.,0
R13855,불쌍한 덴젤.,1
R13856,성범죄자같은게 감독이야ㅋㅋㅋㄱ인간성보면 답도없네,0
R13857,"토나온다 배역,스토리,연출등 모든면이 완벽하게 거지같다",0
R13858,소총가지고 특수부대를 무슨 과녁맞추듯이.....차라리 로보캅을 출연시키지,0
R13859,미쿡인의 우월감이 없는 무언가 짠한 결말...,1
R13860,0주고싶다 볼건 여주몸매뿐,0
R13861,고양이 전자레인지하고 목돌리기 외엔 다 재탕이네;;,0
R13862,스토리가 부실하고 코믹적면도 부족하다 그렇다고 감동이 있는것도 아니다,0
R13863,장난하는것도 아니고.. 80년대 우뢰매야..ㅡㅡ 뭐야 이거..,0
R13864,2004년 작품 이렇게 긴 시간 기억에 남는 드라마가 있을까요? 참 가슴 시린 드라마였죠 무혁아 보고싶어~♡,1
R13865,스파이크의 피해의식에 쩔어있는 흑인역사물,0
R13866,실화 자체가 주는 고발의 메세지는 강하지만 영화의 연출은 그닥 특별하지 않다.,0
R13867,천조국에 흔한 중2병,1
R13868,원작을 완전 파괴한 작품,0
R13869,전쟁액션씬이 많이안나와도 소극적 액션 이게OO타!,1
R13870,와..이 영화꼭봐야합니다! 작품성 굿굿!!,1
R13871,아무것도 차려진것이 없는 빈그릇으로도 충분히 배가 부를 수 있다는 걸 깨달았네요. 가뭄에 단비를 내리듯 마음 한구석에서 아기를 품은듯 따듯한 감성이 전달 되었습니다. 높은 자리에 있는것도 아닌데 저절로 무릅 꿇게 만드네요. 많이 반성하고 살겠습니다.,1
R13872,이 두사람이 좀더 일찍 만났더라면 이런 불행은 없었겠지...안타까워..,1
R13873,정말 이건 아닌듯.. 자국내용 영화.,0
R13874,1234567 100wja,1
R13875,무섭지않은 공포영화....,0
R13876,정말 기대이상의 영화네요~흥행 안했다는게 이상할정도구 아쉽네요~꼭 보세요 후회안해요~!!!^^,1
R13877,딱봐도 젬없겠네,0
R13878,동참,1
R13879,"끝이 별로다.... 니콜라스 케이지,드팔마 이 영화로 기점으로 하향세",0
R13880,이영화는더빙판으로보는게감동이되는듯,1
R13881,내인생 최고의영화 이보다 더 멋질순없다,1
R13882,말만 많은 영화,0
R13883,이건 진짜 관객을 희롱한 수준이다 0.0001점도 아까운 영화,0
R13884,현실적인 고민들이 다양한 에피소드에 녹아있었다. 이전 영화들보다 조금 가벼워진 느낌인데 날 선 시선은 살아있다.,1
R13885,역시 박중훈!영화 재미있어요!,1
R13886,이런걸 왜 만드는건지...,0
R13887,"그 다리는 영국 군인이 지었지만, 그것을 부순 사람은 영국 머저리이다.",1
R13888,이영하짱잼없음!!!!!!!!ㅡㅡ,0
R13889,도저히 끝까지 볼 수가 ...,0
R13890,다같이 외쳐!! 호우!!,0
R13891,하여튼 데미무어의 젊었을때의 본 것 만으로도....,1
R13892,우리나라 삭제판으로 본 녀석들 무삭제판으로 보고 말해라!!,1
R13893,진정으로 내일의죠를 안다면 이건 쓰레기다,0
R13894,조선정쟁 한 마디에 너무 과민반응들 하시네... 우리나라가 위치한 한반도도 우리나 쓰는 명칭이지 현재에도 한자어권에서는 조선반도라고 부르고 있습니다. 주인공 아버지도 참전하여 전사한 게 아니라 물자수송 하다 북괴군에 공격 받아 죽었다는 설정이겠죠...,1
R13895,청춘이네 보는 내내 두근거렸다,1
R13896,나 초딩때 극장에서 봤다는 아무리 그래도 밸런스 맞춰야ㅑ겠다능,0
R13897,"10대 소녀들만 열광할 수 있을 배우와 장면을 보여주는데, 다른 관객들에겐 너무 지루하고 진부하며 재미가 없다. 게다가 소녀들의 판타지도 제대로 충족시켜주지 못한다.",0
R13898,열심히 달렸지만 허무한 몸부림,0
R13899,조금 길지만 시간가는줄 모르는,1
R13900,전에 재밌게봤었어요ㅋㅋ,1
R13901,무엇이 그를 변하게 했나. 10점 준다.,1
R13902,무섭다. 어쩌면 이중배상을 연상 시키지만 그것을 뛰어 넘는다. 다소 유치한 음악이 유일한 단점.,1
R13903,사진에 대해 다시금 생각해보게 되는 영화.. 나를 돌아보게되는 영화??,1
R13904,11점도 모자라다. 최고.,1
R13905,하마터면 은폐될 뻔한 가슴 아픈 과거의 상처를 신랄하게 끄집어낸 영화!,1
R13906,나쁘진 않은데.. 처음에 보여주는 산행의 포스와 급박함을 잘 표현해주고선 왜 점점 B급 추노영화가 되버리는지.. 차라리 범죄자들이 산행을 엄청 잘하는 컨셉으로 산행온 사람들이 그 범죄자들을 아슬아슬하게 피하는 식으로 만들지..스토리가 참 아쉽네요,0
R13907,최고다진짜ㅠ멘마ㅠㅠ,1
R13908,독특하긴 하네요..끝까지 뭔가 있을거라고 졸린 눈을 치켜뜨고 기다렸건만..,0
R13909,미카엘라 때문에 많이 울었던 거 같아요! 어린데도 불구하고 노력하는 아이들의 모습에서 한번 더 배웁니다! 신하균 목소리 짱~,1
R13910,여자가 많이 예쁘다. 그냥 예쁜 여자가 나온 영화다.,0
R13911,그림만 이쁜 영화내용은 정말 엉망임,0
R13912,"인간 관계의 상황적인 부분들에서 강렬한 씁쓸함을 느끼고, 직접적면서 간접적으로 공감대를 형성할 수 있었던 영화. 그리고 생각을 하게 만드는 영화.",1
R13913,마이너스는 왜 없는지. 감독 참 너도. .제목빨로 어찌해볼려고?이런 쓰레기를 투자를 하는곳이 있네,0
R13914,반전도 그렇고 스릴이 넘치는 영화,1
R13915,중간중간에 좋은 명대사가 많이 와 닿았다!,1
R13916,솔직히 그래도 당일촬영해서 한건데 저정도면 완변한거죠;;그리고 재미게밧으면댓지 평점쓰는거보니깐 말이너무심하네 난잼있게밧는데신의선물14일 너무잼잇어요 끝낫지만 ㅜ ㅜ,1
R13917,똑같은 내용인건 알았지만 더 나아진모습으 찾을순 없었습니다.,0
R13918,"민혁,종현이가 제일 좋아",1
R13919,지브리만 아니었으면 아마 볼일 없었을 듯,0
R13920,옛날에 진짜 재밋게 읽어서 찾아서 봤더니만뭐지? 내가 진짜 준후 제일 좋아햇는데 캐스팅 진짜 별로 능력치도 차이 너무 나고 진짜 ㅜㅜ해리포터나 반지의제왕처럼 만들었음 좋겠네요 책대로,0
R13921,폴포츠도 정말 대단하지만 아내 정말ㄷㄷ,1
R13922,힐러리 더프 짱 예쁨ㅠㅠㅠ!!,1
R13923,이런 영화 놓치면 안되요!!!! 기대이상,1
R13924,현실성 너무없다 도망칠기회가 얼마나 많았는데 내용은 참신한데 점점 질질끌때마다 B급 영화 느낌 물신남 아니무슨 도망을 안가,0
R13925,공포영화 마니아로서 1점을 안줄수가 없다,0
R13926,꼭한번보세요 진짜재미있위요,1
R13927,순풍산부인과 미달이가 감정이입이 되서 정말 보면서도 죄를 짓는 느낌이었습니다....이건 무슨 느낌일까요?,1
R13928,돈 아까워서 계속 보긴했는데시간도 아깝고 보는내내 언제 끝나나 짜증만 남반전은 무슨..억지 반전임연기도 김상오씨랑 버스기사아저씨 빼면 발연기,0
R13929,안보시면.... 후회 합니다 !! 반가운 출연진들 많네요,1
R13930,참....유치..보아는 연기하지마.민폐야,0
R13931,중간중간 튀어나오는 주교의 코메디와 깜짝 출연한 해설가의 등장으로 별 하나는 줬다,0
R13932,요즘 애니메이션 영화가 많이 나오는데 또다른 귀여운 캐릭터네요^^,1
R13933,"전형적인 한국식 저질3류코미디를 사극버전으로 만든 것일 뿐,,",0
R13934,잼있든데 ㅋㅋㅋㅋㅋㅋㅋㅋㅋㅋㅋ,1
R13935,너무재미있엇음,1
R13936,쓰레기영화 ~~=^%=,0
R13937,역사상 최고의 드라마,1
R13938,별로 기대안하고 봤는데 색깔이 아름답게 보이네여,1
R13939,아진짜 재밌어 1화도안빼먹고 다봤다 ㅋㅋ,1
R13940,언제고 술 한잔 했을 때면 돌려보고 싶은 영화. 아니 술을 마시면서 봐도 좋으려나..,1
R13941,솔직히 스킵안하면서 본 영화는 13년들어서는 처음인듯. 마지막이 뭔가 아쉽다 드라마로 나오면 좋겠어요,1
R13942,느낀점도 있고 잼있었어요~~~~캐릭터 귀여움,1
R13943,가슴이 먹먹......,1
R13944,순수함으로 돌아가다.,1
R13945,역겹도록 지루하다..,0
R13946,"새롭고 감동적인 드라마였어요,소연씨겨운씨태웅씨 모두 연기잘하셨구요.",1
R13947,연기력 갑들의모임이다,1
R13948,졸릴 때 봐서인지 졸면서 봤다. 권력의 비정함이야 어제 오늘 얘기도 아니고,0
R13949,"에헤..마모루 잘못했넹 아 이건 0점은 등록이 안되넹...하나 주기도..거시기한뎅...""희귀한 영화 좋아하시면 꼭 보세요...극장에 풀 4G 로...""",0
R13950,죄의식이 전혀 없는 싸이코패스를 미화한 영화..,0
R13951,소년스러운 잭 너무 잘생겼어,1
R13952,지브리 영화 중 제일 설레는 영화. 몇번씩 돌려서 보는 영화가 아니라 너무 좋아서 아끼고 아껴서 보는 영화임.,1
R13953,뜬끔없다.,0
R13954,"어디서 이렇게 개성넘치는 배우들만 모아놨을까? 아이가 집안에 혼자 남아 있을때 좀 더 사이코패스적인 연출을 했더라면 이민기로 안보였을것 같다 , 너무 재미있게 봤고 씁쓸한 마무리도 좋다 . 다음 영화가 너무나 기대 된다",1
R13955,난 너그러우니까 10점 줌(딱히 한국이 우승해서 그런건 아님..헿)근데 솔직히 화면이 너무 산만하고 미감이 없음.그래도 실실거리면서 재밌게 본건 안비밀.외국영화에서 애국가 들으니까 뭔가 울컥하더라.한국 비보이들 우리의 작은 나라 위상 높여줘서 고마워요,1
R13956,왜재하는떠나는장면만나오는거에요? 기대하고끝까지본게후회되고실망스럽네요,0
R13957,음악은 좋다.그런데 고상한척 젊은년과 노라나는거잖아.내말이 틀렸어???,0
R13958,이 찝찝함 어쩔거야.. 그래도 손예진은 예쁘네요..,1
R13959,락이도 자시고 이건 영화에 대한 예의가 아니지 영화관에서 춤이라도 처라는거냐 아니면 호흥이라도 해줘 정말 뇌없는 영화랑 동급이다 영화매냐로서 한만디 더하면 개짓는소리는 니네 콘서홀가서 짓어라,0
R13960,처음부터 끝가지 나에게 웃음을 준 드라마여서 더욱 추억에남는다 ♥,1
R13961,sf는 특히나 주제를 살리지 못하는 설정은 오히려 암적요인이다.,0
R13962,맹꽁치때문에 프로그램이 확 맛이 갔네요,0
R13963,진짜 잼있다 숟가락 번호 맞추기 ㅋㅋ 영화시작 한지 20불만에 눈감고 끝날때까지 피로풀어준 영화 ㅋ,0
R13964,샹~~ 재밌오 ㅎㅎㅎ whdmsp,1
R13965,도라에몽이 진구와 철인군단 날아라 천사들! 극장판 일본 다른나라 사라진 사람이 없다.ㅡ,1
R13966,헐리우드도 우리도 다 미쳤어.영화 소재가 바닥나긴 났나 보다.,0
R13967,사람들의 말이 다 맞다,0
R13968,오렌지 빛과 푸른 빛이 교차하는 LA라는 무대 위에서 두 배우가 밀도높게 대화를 주고 받는 동안 많은 배우들이 입장하고 퇴장하지만 관객들은 무관심하다. 심지어 대화를 한창 주고받던 한 배우가 말도 없이 퇴장하지만 관객들은 그를 결코 기억하지 않는다.,1
R13969,많이 느끼고 또 그와중에 동화됐구요..저는 좋아요 ^^ 평범함속에 소중함,1
R13970,네이버는 호킨스 보단 샘슨에 비중을 더 두고 있군요 하하,1
R13971,하하하 쩌러요~ ㅡ_ㅡ;;,0
R13972,스탤론 형 근육이 아직 빵빵하더라?,0
R13973,나만 개노잼이였나..; 여배우 누군지 연기도 못하고;,0
R13974,딸년부터 쳐죽이던가 도대체 저OOO년 시끄러러 ㅡㅡ,0
R13975,백점 만점에 이백점인 드라마였습니다.,1
R13976,제목이 데스노튼데 데스노트가 안나온다고 뭐라 하는건 좀 그래보인다.난 차라리 원작이랑 억지스럽게 엮지않고 L의 이야기만 풀어간게 오히려 더 좋았어.,1
R13977,용두사미,0
R13978,영화정말 재미있네요 ㅎㅎ,0
R13979,잔잔한 재미....................,1
R13980,진짜 두번보고 세번보고 또보세요.. 정말 최고,1
R13981,진짜 누가 이 영화를 평가할수있을까ㅠㅠ,1
R13982,잔인하고 긴장감 개쩔고 어둡고 징그럽고 존나 내 취향이라 10점,1
R13983,잼나는거 였는데 ㅎㅎ 안올라오네요 추억의영화로 ㅎㅎ,1
R13984,ㅋㅋㅋ 내가 올리때마다 편점 0.1올라가,1
R13985,소리만지르다 끝나는드라마!! 시끄러죽겟써...,0
R13986,지금도 보면 소름이 돋는다.,1
R13987,세금 뽑아먹기엔 전통문화 다큐가 최고지.,0
R13988,화이팅!!,0
R13989,아무리 90년대 스타일의 영화가 그립다하지만 이건 좀 아니자나..,0
R13990,그냥 볼만,1
R13991,모두 밑바닥에서부터 성공하기까지 노력의 땀방울을 박수를 보냅니다! 짝짝짝!,1
R13992,감독님.이제 공포영화 찍지마세요.정말 연출력 황입니다요,0
R13993,일단 너무재밋고 계속보게하는 매력을 지니고 있다.배우들간의 호흡도 너무좋앗다. 순간순간보이는 호흡들 때문에 계속보게하는것 같다. 그리고 제일기억남는 장면은 정유미의 독백이 아닌가 싶다!,1
R13994,여주인공의 아랫도리까지 보여주는 영화지만 이렇게 재미없는 드팔마 영화는 없을듯,0
R13995,저 여자 어디가 사랑스러울까 ㅋㅋㅋ 보기 싫게만들던대,0
R13996,아ㅜㅜ휴가라서본건데 진짜현실성개연성다제로....진짜이걸 돈주고보라고만든건가요?이런기분처음이야..살인앞에두고로맨스질에..와 화난다 ㅎㅎㅎㅎㅎ말자체가아예안됨ㅎㅎ,0
R13997,가끔 문득 생각나서 다시보는 영화..색감이 정말 예술이죠 강렬하고 화려하고..츠지야안나의 너무도 아름답던 리즈시절도 볼 수 있고..,1
R13998,내가 살수있을까 ....마지막 대사와 같이 눈물이 콱 쏟아지네요 너무 좋은영화 아...이 여운 오늘밤이 길어질것같네요,1
R13999,재밌네 재미없다 하는분들은 뭐징...ㅋ,1
R14000,역시 원피스는 최고다ㅜㅠ허류루류,1
R14001,언리미티드 블레이드 웍스!!!!!!!!!! 둥당당당당당당당 우어어어어어!!!,0
R14002,애들도 안보는게 나을거같음 동심파괴할거같음 영화가 뭐이리 조잡함? 진짜 영화보고 이렇게 멘붕오긴 또 처음. 눈꽃요정인가뭔가 드레스보고 헉소리나왔다 진짜.. 뭐 이딴 영화가 다있냐 돈은 물론이고 시간아깝다 진짜,0
R14003,아직 개봉안했네요,0
R14004,다 된 밥에 아이돌 뿌리기!!,0
R14005,명작이다 명작 당장 예매해라!!!,1
R14006,내가 왠만하면 글 안남깁니다.. 정말.. 최악입니다.. 평점믿지마세요.. 제발..,0
R14007,항공사에대해서 새롭게 알게됬고 소소한재미와 감동까지,1
R14008,조금 자극적 그러나 그다지 볼만하지 않다,0
R14009,강추!! 웨슬리 액션 볼만,1
R14010,ㅋㅋㅋㅋ개1잼남 ㅋㅋ생각대로 T임 생각대로 하면 이뤄짐 ㅋㅋ,0
R14011,형사물을 가장한 인종 차별영화.,0
R14012,진흙탕에 빠져 아무것도 안 보이는데 나올 생각도 없는 절망.,0
R14013,쓰레기 쓰레기,0
R14014,옥토넛포스터진짜갔고싶다,1
R14015,주성치급을 일본에서 보다니.,1
R14016,진짜 노래 너무 좋다. 신나기도 할 뿐 더러 이렇게 즐겁다니,1
R14017,고풍스러운 분위기는 좋았지만 극을 끌어가는 긴장감은 없고 공포물로는 너무 약하기만 하다 어는 부분을 집중해서 봐야하는건지...,0
R14018,이유는 다른 사람들도 느꼇을 것이다,0
R14019,진부한 러브스토리들의 모음집같네요,0
R14020,최악이다....재미없어ㅡ지루해... 이것도ㅡ영환가ㅡ돈아까워,0
R14021,헐리웃 로멘스는 이제 기대가 안된다. 소재 바닥 났슴,0
R14022,아버지 장례식장에서 정우의 우는장면은정말 잊을 수 없을것 같네요....연기만으론 불가능할것 같은 모습입니다 ㅠㅠ,1
R14023,반지의제왕 감독이 마을사람들과 만든거임.. 제작비는당연히..,1
R14024,"감독님 작가님, 장보리 시즌2 갑시다. 이대로 끝내기에는 캐릭터들이 너무 아까워요 ㅜㅠ",1
R14025,중학생인 내가 봐도 ㄱㅐ 오글 ..ㅇㅏ내 손발 ㅜ.ㅜ,0
R14026,비디오 테입 2개짜리 영화,1
R14027,"원작의 차량들과 레이싱의 재현은 good! but 막장스토리플롯,인물설정은 눈뜨고못보지",0
R14028,와우....에일리 볼수록 매력있넹,1
R14029,화재를 다뤘다는 것과 여자 배우 조금 이쁘다는 것 말고 눈에 띄는게 없더만,0
R14030,쩝..완전..허접...,0
R14031,그냥 웃자.,0
R14032,더심한 쓰레기도있기에 그나마 2점..휴~~무섭기는 개뿔!,0
R14033,베드신에서 좀더 보고 싶었는데.. 귀신 이 못된년,0
R14034,1개도 아까운 쓰레기,0
R14035,아이들의 동심을 이렇게 이용하다니...,0
R14036,글쎄요 평하기가 좀... 액션도 어설프고 시나리오도 어설프고 주인공 여형사가 막판에 그리 맥없이 두들겨 맞다가 킬러를 일대일로 ? 에이 이건 아니죠여하튼 그냥 시간죽이기에는 그럭저럭,0
R14037,"일본 영화 특유의 분위기가 느껴지는, 동화 같은 이야기",1
R14038,미국식 코메디가 가득한 아이들 위주의 가족용 영화,0
R14039,단순한 에로물이 아니란 생각하게 만드는거 같다. 나도 아성처럼 끝까지 한 적이 없었다. 이거 보고 나서 열심히 해야겠다는 생각 들었다. 다들 단순한 에로물이 아니라 자신을 뒤돌아보는 영화 .그리고 에로배우들의 인간적이 모습 보여주는 영화,1
R14040,이게 뭐요? 한국인은 거들먹거리고 필리핀 혼혈은 착하다?,0
R14041,목적과 신선함을 상실한 식상한 게임 레퍼토리,0
R14042,"긴장감 떨어지는 전개, 진부한 답습의 공포 스릴러",0
R14043,그남자의 표정은 너무 많은걸 담고 있었다.,1
R14044,진정으로 이 영화가 가장 터미네이터2의 속편이자 프리퀄로써 가장 잘 만들었다. 또다시 나온 아놀드의 제니시스와는 달리.,1
R14045,제대로나오는씬이 하나두없음 최근 아이피티비용중 제일안야함 ㅡㅡ,0
R14046,아직도 이런일들이 일어나고있다는 사실에대해서 너무슬픕니다 전쟁이 모두사라졌으면,1
R14047,"1,2,3탄까지는 재미있었는데 4,5,6탄은 쓰레기네",0
R14048,지금봐도 어릴적봤던 나의감정이 그대로 살아나는거보면... 이영화는 내인생에 가장 위대한영화가 아닐까 한다..ㅎㅎ,1
R14049,덜 숙성된 느와르,0
R14050,"반강제 돈 나누기, 상의없이 돈 뿌리기, 거기에 바람까지 피고...참 착하죠잉?",0
R14051,리뷰안쓰는데 잼있으니 꼭봐요..ㅎ,1
R14052,스케일 크고 그래픽쩔면 뭐하냐 내용이 부실하고 이상한데,0
R14053,그래도 결과를 보던 드라만데요...이선남이랑 민지수가 잘되길 바래는 마음에서요..근데 오늘 아침드라만 정말 실망했어요. 눈물이 핑돌더라구요..어쩜 한평생 당하고 착하게만 사람은 죽어야하나요.. 이드라마작가 최악의 최악이예요.. 드라마다신보고싶지않아요,0
R14054,조디 포스터와 깁슨은 역시 대단하다 감탄 그자체!,1
R14055,어이가 없고 답답함이 느껴지는 잔혹한 한 편의 청소년 드라마.,0
R14056,힘들게 살아가는 주인공을 보면서 내가 다 위로 받는 기분이었다.. 진심으로 주인공이 이젠 더 행복해 졌으면 좋겠다.. 가족영화론 최고 남자 배우들은 말 할 필요도 없고 줄리엣 루이스 언니 정말 너무 이쁘다ㅠㅠ (이때 디카프리오 오빤 20살)!!!,1
R14057,"아직도 본인이 액션 히어로라 믿고 있고, 그것이 사람들에게 어필하고 있다고 생각함.",0
R14058,정말 개같다.,0
R14059,"꽤 유명한 영화여서 한 번 봤는데, 정말 실망이다... 정말 재미없다.. 억지로 보다가 결국 넘겨가면서 마무리.. 주인공 노래도 별 감흥이 없고, 그냥 주인공과 코요테들의 몸매가 좋았다는 기억밖에 안남는 영화..",0
R14060,차라리 죽으면죽엇지 납치당하고싶지않게 만드는 영화,1
R14061,기대보다는 별로라고 생각드네요,0
R14062,오랜만에 로맨틱한 영화,1
R14063,볼때마다 소름돋는 내용인것 같아요~ 최진혁 너무잘생겼어요♥＼(^0^*)/,1
R14064,3D 삼류 애니메이션보다 못한 영화,0
R14065,최고에요3시간동안 몰입해서 봤어요ㅠㅠ이제서야 보다니ㅠㅠ,1
R14066,성룡형님이지만 쉴드가 안되네요 이평점은 이해불가라서 깍았습니다.예전에 폴리스스토리와 비교 하면 엄청 유치하고 지루하고..6.8정도생각하는데 평점이 높아서 낮게줍니다 .. 또한 폴리스스토리2014가 훨재미있네요.,0
R14067,우리나라 환경에선 절대 무리 만들수도 만들사람도 없는 소재의 영화다 사전에 대해서 처음으로 알게 되었다,1
R14068,장난하냐.,0
R14069,이야 최고다 이하 설명 생략한다,1
R14070,이런느낌좋다~~!,1
R14071,여운이넘남아요 정말최고,1
R14072,이거 보면서 열받아 죠낸 깝쳐작작 깝쳐 총 맞고도 안죽어. 가슴에 쏘는거 예측하냐,0
R14073,"<내 인생 최고의 종교...영화>...당당 넘버 원...그것도,영원히...",1
R14074,이거 2편도 나오는 거죠?,0
R14075,좀 흔한 얘기긴 해도 나름 볼만했음. CG는 감안하고 봐야되고.,1
R14076,일본은 한국전쟁에 참전한적도 없고 2차세계대전이후 완전 패망했다가 한국전쟁 때 군수업으로 엄청난 부를 축적 그때 우리나라로 군수물자를 수송했던 배 우리나라의 아픔을 통해 이윤을 추구했던 그 배가 주인공 아버지가 죽었다는 군수선이다,0
R14077,씩씩한 삼순이같은 인생을 위해..,1
R14078,"아랑 드롱 역대 최고의 미남, 앞으로도 이런 미남은 나오기 힘들듯...",1
R14079,흥행 실패할만 하다..ㅋㅋㅋ,0
R14080,재미는 보장하는 성룡의 코미디 액션 영화!,1
R14081,와 진짜 쩐다 ㅋㅋㅋㅋ 시간가는줄 모르고 100% 긴장하면서 봤네,1
R14082,강동호 넘 좋아요~~^^,1
R14083,김태용감독님 짱 영화 너무너무 재밌습뉘더! 완전 짱짱,1
R14084,나는 이 영화를 보고부터 멜로 영화를 보기 시작했다.,1
R14085,뭐가 뭔지.......,0
R14086,아만다 사이프리드 최고!,1
R14087,세쓰 발차기 쩜미다. 화이트(+1),0
R14088,"우정사주, 야망자제, 종국에는 성장에 관한 이야기",1
R14089,"마이클 마이어 가면 물려줄 기세....할로윈의 탈을 슨 지멋대로 스토리,엉망진창",0
R14090,개인적으로 제일 좋아하는 영화. 한 5번은 본거같다. 그정도로 스토리 탄탄하고 막 무섭다고 할 순 없지만 섬뜩함이랑 기괴함이 느껴지는 영화,1
R14091,어음...이거 다 보고 딱 생각난대사가 ...뭐지...? 왜 이렇게 갑자기 끝나? 라고밖에 생각이 안나네요....배우들 연기도 조금 어색한것같고 너무 갑자기 끝나서 많이 당황했어요.,0
R14092,알바들이 하루에 다 몰려 왔나바.......,0
R14093,정말 재미있게 본 영화입니다^^,1
R14094,죽음이 토핑된 깔끔한 우디엘런의 브런치,1
R14095,부부관계에 불륜은 전혀 문제가 안되는구나,0
R14096,감성팔이 애국주의는 그만~!!,0
R14097,이런건 그냥 니들끼리찍어서 홈비디오에나보내길,0
R14098,돈 아깝지 않고 시간 가는줄 모르게 재밌게 본 영화,1
R14099,우리 샤론 여사님은 앞으로는 제작에서는 손 떼는 것으로! 그렇게 합시다. 강간당하는 부분에서의 연기는 압권이었지만 전체적인 스토리 엉망진창. 세트마저 가짜처럼 느껴지는 아쉬움. 샤론 스톤을 뒷받침해줄 배우가 전혀 없는 아쉬움.,0
R14100,잔잔함 보면볼수록매력있닁,1
R14101,최고! 이해못하는 인간들! 느그들 머리를 탓하거라~,1
R14102,극장에서 봐서그런지 더 재미없군...,0
R14103,내가 써도 이보다는 더 잘 쓸듯 ㅋㅋ,0
R14104,소주병과 담배를 스케치 하다.,0
R14105,가장 지니어스 한 프로였고. 이시대에 가장 전달하고자 하는 메세지가 컸던 진정한 프로였다고 생각합니다.,1
R14106,짜임새있는 전개에 후반부엔 조마조마하며 보게된다 좋아하는 배우들 그리고 마크제이콥스출연으로 더욱 보기 즐거운영화였음,1
R14107,이거 오타쿠만 보는 거 아님?,0
R14108,역시 다큐멘터리였구나... 좀 졸긴 했지만 신선했다,1
R14109,아름다운 과거보다 더 아름다운 현재. 상상의 모험보다 더 모험같은 일상.,1
R14110,캐릭터가 덜 두드러지는 영화였던거 같아요,0
R14111,5점 정도가 적당한영화,0
R14112,월드컵예선떨어지면이동국제발섭외해주세요.무슨변명할지.최강희감독도같이,1
R14113,문성근 빨갱이 새끼가 출연한 디럽게 재수없는 영화,0
R14114,못봐주게 유치하네.. 오버연기대박,0
R14115,그냥 시간 떼우려고 보러 들어간 영화인데 나중에는 박수치고 싶을만큼 영화 좋았어요!,1
R14116,저급 싸구려 영화.....특색이 없다,0
R14117,"실화라니까 내용에 관해 욕하진않는다. 자극적인 사실이 다고, 영상미도 없는 영화다",0
R14118,언제봐도 재밌는 영화.... 웃기려면 이정도는 되야지. ㅋㅋㅋ 매큐 맥커너히랑 톰크루즈 !! 패러디 짱!!,1
R14119,와 쓰레기다..식상한 스토리도 솔직히 구성 잘하면 재밌는데 이건뭐... 이감독 뭐임?,0
R14120,진짜 죄짓고 살지말라는 언젠가 벌받는다라는 교훈있는 반전영화~!!^0^,1
R14121,학교 영어 교과서로 알게 된 영화. 실제로 보니 정말 멋있는 영화입니다.,1
R14122,영화 잘만들었구만 평점이 왜 이럼?? 오랜만에 괜찮은 영화 봤네~,1
R14123,사다코란 이름으로 속는 줄 알고도 봤다 ...다시는 속지 않는다 안봐,0
R14124,극장에서 보니 너무 좋네요!! 오페라의 재발견!,1
R14125,배틀로얄과 13구역을 섞어논 졸작,0
R14126,중간에 느낌 이상할때 그만 봤어야 됬는데...,0
R14127,꼬마아이가 귀엽다-_-,0
R14128,크고 나서 보니까 허술하고 어색한 부분이 많다,0
R14129,미이라 시리즈에서 2편이 가장 재미있다,1
R14130,"스스로 주제의식을 포기한 채 폭력적 연출에만 목을 메고 있는 졸작. 정체성의 혼란을 담아내고자 했다지만, 그 보단 중2병적인 폭력에의 집착만이 남아있을 뿐이다. 1점도 과분하기만한 형편없는 고문 포르노",0
R14131,"가족이란게 꼭 행복을 내포하고 있지않아 비극은 시작된다. 가족이 되어주는 비슷한소재를 전혀 다르게푼 그리스영화 ""알프스(2011)""와 같이 비교하면서 보면 좋을듯. 보는내내 여주 후키이시카즈에의 연기와 표정이 그냥 부담되고 싫어 영화보는게 고역이었다",0
R14132,여기서 말도 안되는장면은 npg가 폭발했는데 건물지하가 안무너진것,1
R14133,"포스터는 좋아보이던데, 내용도 그림도 별로..",0
R14134,유역비가 가장 귀엽게 나온 출연작이다. 스토리도 유치하지만 괜찮다 엔딩이 뭐같지만,1
R14135,어른들보단 얘들영화로 딱입니당! 물론 아시겠지만^^,1
R14136,유리가 영화를 깨버림 장수원급,0
R14137,3류풍 판타지 3점만 가져가,0
R14138,1편의 명성에 먹칠한 영화,0
R14139,1+1= 2 같은 뻔한 영화,0
R14140,첨 10분은 재밌을것처럼 하더만...,0
R14141,"똑같은 스나이퍼를 다룬 영화지만 몰입도있는 영화가 있는 반면에, 이렇게 지루함을 느끼게 하는 영화도 있다. 전쟁영화를 빙자한 로맨스적인 요소가 영화의 절반을 차지한다.주인공보다 타샤의 이야기가 더 와닿았음",0
R14142,여자 뭐야? 싸이코야?-_-,0
R14143,it's jjangge movie,0
R14144,어렸을때 가족들과 극장에서 봤던 재밌는영화,1
R14145,그닥 재미 없음....,0
R14146,희희낙락보고 신봉선 찾으러 왔다 ㅋㅋㅋ,0
R14147,"굿 몰입도와 .. 예전에 그저 선정적이라는 이야기로만 알았는데,, 제대로 처음 보네요.. 잘 만들어진 영화..",1
R14148,개굿; 대사 하나하나가 주옥같은,1
R14149,ㅇ ㅓ ㅊ ㅓ 구 ㄴ ㅣ ㄱ ㅏ 없다....,0
R14150,20살에원작을보고영화를본나는해운아이었을까?,1
R14151,대니보일 실망이다.,0
R14152,중국 이제 리메이크 하지마,0
R14153,"확실한 각본, 매력있는 여배우, 그리고 영상미까지 있는데도 불구하고 이런 영화가 제작됐다는건 감독 능력이다.",0
R14154,중학교때 내가 재미있게 본 일본영화중 최고다링 다음에 배틀로얄이다!!!!,1
R14155,맞습니다 몽골인의 위대한 영웅입니다!! 절대 몽골은 중국의 역사가 아닌것을 . .,1
R14156,저는 틀리지 않았습니다. 저는 완벽합니다. 저는..완벽합니다.,1
R14157,I told you.. chickens are organized!,1
R14158,저딴 영화에 10점주는 인간들은 뭐냐 여주인공도 별볼일없고 ㅋㅋㅋ,0
R14159,아직도 카톡사진이 노란리본인 사람으로서 이종인과 홍가혜는 용서할 수 없다. 세월호참사를 애도하는 사람이 이런 영화에 평점10점을 준다면 국정원의 역공작이길 빈다. 아니라면 우리나라의 앞날이 너무 암담하잖아,0
R14160,내용을떠나서 편집좀 똑바로해라 지난주꺼를 몇분동안 다시보여주고 다이빙한번하면 기본3번씩 다시보여주고 또보여주고...이러니까 다시보기로 빨리돌려보지...런닝맨예고뒤에 또 한참 봤던거 또다시...지겹고 짜증난다 진짜 유이땜에본다,0
R14161,요즘 게스트에 의지하는거 같다?,0
R14162,지루함의 극치 박진감 제로,0
R14163,오래전 영화를 지금의 관점으로 평을 내리는건 어불성설이다. 오로지 이야기 만으로 긴장감을 유발하는 짜릿함. 롤러코스터를 타는 느낌이 들게 하는 영화,1
R14164,내가이걸다운받아서 보다니 내가 한심스럽다ㅠㅠ,0
R14165,재밌더만...,1
R14166,나는.... 이런 명작을 왜 이제서야 봤을까 ....한국영화 명작 열 손가락안에 드는 작품이다.. 못 본 사람들은 꼭 보시길. 주연부터 단역하나 가릴 것 없이 모두들 연기가 일품이다.,1
R14167,재미있게 보았어요~~~,1
R14168,정말재밌어요~~^^,1
R14169,이 영화를 보고 나의 제대로 된 꿈을 알 수 있게 된 아주 좋은 영화인 것 같다,1
R14170,진짜재밌어욤,1
R14171,살면서 가장재밌게본영화임,1
R14172,찍소리라도 내야겠다는 마인드가 졸라 멋짐,1
R14173,낯선이에게서 느낀 친근함 여유로움이 지나쳐 오히려 독이되어 지루해져버렸네,0
R14174,영화보면서 호랑이가 부러웠다.,1
R14175,프랑스의 기억을 떠올리려 본영화였지만..내용이 재밌어서 빠져서 봤습니다~재밌는 영화에요,1
R14176,한편의 만활 보는듯한...끝에 한번 웃겨줘서 2점,0
R14177,정말재밌다....,1
R14178,영화보면서 계속 웃었음... 우리나라 코믹영화 보는 느낌임... 감동도 함께 주는 내용,1
R14179,박보영은 귀엽지만 영화는 OOO네요,0
R14180,가슴뭉클.. 이런 영화보고 눈물날줄 몰랐다는..,1
R14181,더OO발,0
R14182,항상 폼 잡느라고 몸이 젓가락처럼 뻣뻣하게 나옵니다. 그놈에 폼좀 그만잡고 좀 더 사실적으로 공감할 수 있게 연출할 수 없는지? 누가봐도 쓸대없는곳에서 오만폼을 다 잡으니까 역겨울정도.. 정말 레지던트이블 시리즈는 1편 말고는 볼게 없네요.,0
R14183,남자 절대훈남이라매 ... 절대훈남이 어딨어 ... 열받아서 내가 이런거 평점 안남기는데 로그인해서 평점까지 남긴다 야한거 많이 나와서 그나마 1점 준다 절대훈남이라는 말만 안써놨어도 5점은 줄 생각이었는데 개사기영화,0
R14184,"턱없이 부족한 개연성, 밑도 끝도 없는 진행, 예상가능한 결말..",0
R14185,유치하다. 연속성이 없고 그저 단편적인 컷들을 모아놓은 것일뿐.,0
R14186,이건 뭐냐,0
R14187,완성도를 떠나서 이런영화는 많이 만들어질수록 좋다..역사를 잊은 민족에겐 미래는 전혀없다!,1
R14188,신이였던 제우스 포세이돈 하데스가 몇날 몇일을 싸워서 이긴 크노소스를 우리 인간의 영웅인 페르세우스는 단 10분도 안되는 시간으로 무찌르는...인간은 위대하다라는 명언을 던져주는 영화. ㅎ... 그래도 cg가 훌륭해서 별 두개정도는 준다.,0
R14189,이거 골때리는 영화자나 ㅡ.ㅡ;,0
R14190,완전 잼잇어요ㅎㅎ 두준이 오빠랑 수경 누나랑 잘 됏으면 좋겟다♥♥ 짱짱!,1
R14191,"최여진대박...몸매도,팔,다리길이도,신체비율도 대단했음.춤 실력도 정말 볼만했음.소녀시대는 효연이가 아니라,윤아나,제시카,아니면,유리가 나와야 했는데,티파니나수영이도 괜찮고...써니나탱구는 키가 작은편이라,아무래도 불리하지 않을까?토니안도 곧잘 하더만",0
R14192,이순신장군으로 돈벌었으면 적당히 해야지.최종병기 활 배낀걸로도 모자라 후진 명량영화로 돈번걸로도 모자라 또 이런짓을..다신 이감독 영화 안본다,0
R14193,둘사이에서 나도 같이 이야기하고 있는 것같은.. 누구나 고민할만한.. 감사한 시간,1
R14194,감동적이다 희생적인 어머니의 사랑을 느낄수 있다.,1
R14195,좌충우돌!,0
R14196,"긴박감 넘치는 전개와 눈물 어린 반전, 간만에 건진 꽤 멋진 홍콩영화!!",1
R14197,"부실한 내용과 형편없는 연출, 한국영화 암흑기에 만들어진 작품다운 졸작",0
R14198,거침없이 10점킥 아깝지 않다!,1
R14199,"보지도 않고 선입견 가지지마라...연출,극본,연기 모두 수준급의 드라마다",1
R14200,왠만하면 악평은 하지 않는데 한국과 홍콩간의 미묘한 긴장감...은 찾아볼 수도 없고 전형적인 좁고 어두운 홍콩거리의 총격씬만 난무하는 그저 그런 홍콩느와르일뿐...한국배우3명다 연기도 어색하고...지진희까지 저럴 줄 몰랐다;;;,0
R14201,"유치하내요,,,",0
R14202,중도포기는 처음 입니다,0
R14203,아프리카로 돌아가는 마지막 장면에서 흑인들이 어울리지 않는 양장한 모습을 하고 뒤에는 성경을든 사람들이 병풍처럼 서있다.. 본연의 문화를 잃어버린 흑인의 모습과 주변 가득한 선한 백인들.. 내겐 한편의 희극처럼 보인다,1
R14204,스릴있고 좋아요.^^,1
R14205,영화내내 밝은장면이 단 하나도 나오지 않는 어두운 영화 그러나 너무나 매혹적인...,1
R14206,감동은 개뿔 대책도 없는 인간쓰레기의 무책임 억지감동,0
R14207,매염방보고싶다 ㅠㅠㅠ,1
R14208,엄마도 보고 있는데 키스신 같은거 나오고 어휴 ㅡㅡ,1
R14209,"설서 그냥 저냥 돈만 벌고 살면 뭐할낀데 , . ..!",1
R14210,이 작품 내 인생의 최고의 영화! 결말이 환상적이던데..,1
R14211,인간3대욕구인 성욕을 잘표현했음..,1
R14212,"우연히 보게되었는데,, 4회부터 본방사수를 하지요 아 정말 이토록 아름다운 사랑~ 또 있을까요정말 허영달과 오정희에 사랑이 더욱 더 행복하고 따뜻해졌음 좋겠어요 조건 없는 사랑 이 세상에보기 힘든 사랑입니다 아름다워요",1
R14213,딱 우리나라 여자애들이 좋아할 클라스,0
R14214,재미없다. 실망.,0
R14215,이제부터박기웅팬ㅋㅋ,1
R14216,경찰가족도 피해자 가족도 결국은 같은 피해자.. 우린 다들 줄어드는 의자에서 의자뺐기 놀음을 하듯 함께 당하고 있다.. 무거운 주제였는데 잘 풀어낸 영화. 좋았다..,1
R14217,88년에 대한극장에서 봤다. 24년만에 ebs에서 다시 봄. 옛날 생각 많이 나네ㅎㅎㅎ,1
R14218,필름값이 아깝다..재미 더럽게없다..2점부터 점수준것들 매미 OO,0
R14219,불륜?고소하거나나가OOO된다왜인간은못난저대신타인을죽일까,0
R14220,미국판 과속스캔들? 가족에 대해 많은 것을 생각하게 하고 더욱이 멋진 음악이 있어서 더욱 감동적인 영화...,1
R14221,"독특한 기법, 그다지,,재미는,,",0
R14222,백마탄 왕자 컴플렉스의 남성버전. 선악이 뚜렷한 캐릭터들로 시청자들의 약을 바짝 올렸다가 권선징악의 단순한 속후련함으로 시청률을 유지하는 전형적인 한국형 여의도 드라마.,0
R14223,나도 30대인데.. 이 소름돋는 명작에 걸레같은 평점을 다는 30대들은 왜 그랬을까.. 차라리 군미필자들인 10대 영화팬들이 점수를 깎았으면 이해나 갈것을.,1
R14224,참내 무슨 영화가 액션이고 스토리고 어이구 개판 요번년도 들어서 본 제일 재미없는 영화 1순위로 꼽는다 이런게 무슨 평점 8점이나 되는지 ㅡㅡ 정말 말이 안나온다 배우들이고 연기고 액션이고 뭐하나 볼게 없다 내시간 돌려 다오,0
R14225,감히 OOO라고 말한다.,0
R14226,로맨스를 좋아하는 분이 시라면 꼭보시길...!!,1
R14227,이탈리아영화의 어려움을 깨준 영화..예상치 못한 대박이었다..^^,1
R14228,니들이 좋아하는 김일성... 고난의 행군 300만명 아사,0
R14229,외국영화 노크랑 비교된다 왤캐 노잼이냐;;,0
R14230,ㅋㅋ콧수염7님 댓글좀 보겤ㅋㅋ,0
R14231,매번 또 볼 때마다 항상 다른 느낌을 받는 수작 중 수작~! 당시 OST 테이프를 살 정도로 푸욱 빠져 살았다.. 지금 봐도 수준급~!! 갠적으론 007 제임스 본드는 티모티 달튼이 쵝오라 생각!,1
R14232,꾀 괜찮은 실험,1
R14233,여기 좌파니 우파니 따지는 사람들 땜에 평점이 엄청 낮은거 같습니다. 별 기대 안하고 봤는데 영화 안에 깊은 뜻이 담겨져 있더라구요. 생각 없이 보면 별볼일 없는 영화 입니다. 하지만 조금만 생각하면 가슴이 벅차오르는 그런 영화입니다. 어머니의 위대함,1
R14234,"영화""천공의 눈"" 이미테이션~ 설경구 ?ㅋㅋ 감히 임달화를...",0
R14235,봐도 봐도 또봐도 달달하고 입이 보는 내내 귀에걸리는 드라마다!!!!,1
R14236,기교부리지 않고 담백하게 전개하는 영화..주제가 좋아서 가능,1
R14237,"1점도 아깝.. 밑에 뭐? 아는사람만 보인다고? 거참네... 지가 보고싶은거만 본다고하는거다. 평1론을 하자들면 졸작도 명작이되고 명작도 졸작을 만들수있는거지만, 기본적으로 영화의 완성도라는게 있어.모든면에서 완성도가 떨어진다고.연기도좀 의외였고.",0
R14238,정말 드라마를 세번이상 돌려본적이 없다.. 늘 볼때마다 가슴 먹먹해지고 진정한 사랑하고싶어지는 드라마..,1
R14239,아 참고로 맨 마지막에 보면(맨~마지막) 하요리 나옵니다..허무하다는 분들을 위해 알려드려요 ㅋ 엔딩사진에 하요리 등장하고 마지막에 언덕에서 깃털휘날리는 장면있습니다(방울소리도 있음) 살아돌아왔다고 봐야되요 ㅇㅇ 3기 되면 하요리 있겠죠?ㅋ,1
R14240,왜이케 평이 안좋아. 기분 좋게 봤는데-_-,1
R14241,애국심에 호소하는 멍청한 반동영화,0
R14242,다시 보고싶은 영화 다시 듣고싶은 음악,1
R14243,진짜 쓰레기 같은영화다.저런거 만들라고 투자한 놈들이 존경스럽다 ㅎㅎ,0
R14244,10자10자10자10자,1
R14245,별로라서 1점 밖에 못 드리겠습니다,0
R14246,잔잔하면서 귀여운 청춘영화ㅎㅎ 린다린다~,1
R14247,에이리언의 시작 행성에 콜로니에서 에이리언 발견,1
R14248,러닝타임 모르고 봤다가 도대체 언제 끝나는거야..............아....내가 본 영화중 정말 최고로 지루한 오..단 뭔가 흥미로운점 몇몇외에는,0
R14249,걸그룹인데도 실망했어요,0
R14250,풋풋함만 남는다. 이야기나 배우들의 연기나 연출이나.,0
R14251,한효주때문에 별로 동생교육잘시켜,0
R14252,것참...,0
R14253,너무 귀여운 영화 .그러나 포스터가 망쳐놨더다,1
R14254,스토리도 안되 연기도 안되 아주 제대로 죽을 썼구만.. 앞으로 점차 나아지겠지..,0
R14255,ㅠㅠ가슴이 먹먹하네요ㅠㅠ,1
R14256,짧은 런 타임에 다 담으려는 무리수를... 제자들에 대한 이야기가 부족한 것도 아쉽다,0
R14257,말이 더 필요한가? 시험기간마다 다시봄,1
R14258,생각외의 즐거움. 영화속 상징들을 현대 사회에서의 젠더간의 대립으로 생각하고 본다면 꽤나 철학적이고 풍자적인 영화,1
R14259,털 나와서 2점,0
R14260,똥123456789,0
R14261,이번에 나피디 빠지고 여자 피디님 혼자 맡은거죠? 자막도 여자분이 계속 하셨죠? 특히 이번 라오스 최악이네요. 자막으로 자꾸 커플링 만들고. 1절만해요. 저도 여자지만 불편해요. 또 굳이 그렇게 애들 눈치 주셔야했는지. 시청자까지 눈치보네요.,0
R14262,"""내가(이사회가)다시시작할수있을까""희망은소나타같은것또결코신화적인게아니다.",1
R14263,1편보고 2편봐서 그런탓일까 1편 더 재밌었다 ~~~~~~~~,0
R14264,바보선언 ㅋ 베끼삼?,1
R14265,기대안하고 봤는데 의외로 재미있음,1
R14266,처음부터 끝까지 리얼리티하다긴장감을 놓을 수 없었다늘 범죄와 맞서는 우리시대의 경찰관들에게 바치는 영화이다,1
R14267,돈잃고 시간잃고 딸 한테 얻어맞고---,0
R14268,어릴때 정말 무섭게 봤었죠.. 레니 할린 감독 헐리우드 입성 첫작품;;;,1
R14269,정확한클라이막스는어디인지.케빈스페이시는멋있더군.,0
R14270,고다미 최고!,1
R14271,대단한 공포영화입니다..,1
R14272,I wonder this movie.,1
R14273,정말 최고네요! 최고로 지루하네요.. 러닝타임을 30분정도 줄여도 됐을것을...,0
R14274,이런걸 영화라고...,0
R14275,1이 더재밋움! 좀지루 퓨ㅠㅠㅠ,0
R14276,재미더럽게없다..어떻게 이런걸 개봉할 생각을하나? 생각안하고 눈으로만 관람하고 상영여부결정하나?,0
R14277,뭘봐!!,1
R14278,스필버그의 전쟁소재는 정말 강력하다.,1
R14279,731부대에서 생체실험 만행을 저지른 일본이 이런 영화를..? 아이러니 하네요,0
R14280,2시간이라는 러닝 타임이 필요했을까 대사를 듣고 있으면 알겠으니까 그만 좀해.. 라는 생각만 ..남지현씨의 연기 또한 영화 보는 내내 불편했네요.오랜만의 이정향 감독님 영화라 기대했었는데 아쉽습니다.,0
R14281,전체관람가 영화에서 고난과 역경을 구타로 표현해야 했는지 정말 이해불가다.무슨 감동이란 말인가.. 이걸 애들과 같이 봤다면 황당하지 않았을까? 어린 여학생들을 무자비하게 구타하는 영화가 전체관람가라니 놀라울뿐. 노출이 등급의 기준이 되서는 안된다.,0
R14282,이영화 진심 10번가까이본듯. 영화채널에서 자주 방영해주는데볼때마다 안지겹고 재밌음,1
R14283,이건 뭐 전설의 고향도 아니고. 이건 진짜 아님,0
R14284,잼 없음.,0
R14285,말 그대로~~영화가 무진장 순수하다...너~무 수순해서 잠온다~,0
R14286,전혀 납득이 가지 않는 억지 설정 최악이다,0
R14287,엄태웅 좋아하는 배우지만...드라마는 영 아니올시다....,0
R14288,모든 유럽 여자들은 다 저럴것같다. 나는 유럽에 태어났어야 했다! 무삭제가 최고다!,0
R14289,이건뭐지..? 하는...,0
R14290,스즈미야 하루히의 우울은 볼만하구나 했는데 소실은 감탄을 자아냈다 이런 각본을 짠 감독에게 경의를 표한다,1
R14291,감동적이고 새로운 내용 실화소재를 부담갖지 않게 풀어내는 능력,1
R14292,홍콩영화의 진장한 묘미를 느끼게 해준 ~ ^^ 명대사 명장면 굿굿,1
R14293,그나마 fast n furious를 살릴 건 마지막 장면 뿐인가? 다음편의 첫장면이기도 한.,0
R14294,어디에서 웃어야할지 모르겠다. 일본식 코미디. 평점이 너무 높네. 알바천국인가?,0
R14295,유독 남자 몸 좋아하는 여자나 게이들이 눈물 흘리며 좋아할듯 겉멋만 잔뜩 치장한 게이물이다.동성들이 꽤나 손잡고 보러갔을듯한데.. 동정할수있어도 절대 인정될수없는것이 바로 동성애다,0
R14296,괜찮은영화!!,1
R14297,부안사람이지만 이건좀아닌듯 무슨 스릴러가이래 내용도 그지같고,0
R14298,아놀드 형 연기력 때문에 영화가 산것이다 이것드라...,1
R14299,스토리 구성이 너무 어설프니까 감동 느끼기전에 거부감부터 든다,0
R14300,"너무 심심한 영화지만, 너무 숨막히게 간절한 영화..",1
R14301,주인공 죽은거 많이 슬펐지만 진짜 재밌었어요,1
R14302,당시 정말 재밌게 봤다!,1
R14303,영화는진짜자기맘대론데정우성이연기를잘해서그나마사점줌,0
R14304,마무리가 좀 이상하긴했지만 해피앤딩이라서...,1
R14305,지루하다. 이런영화가 3부작이나 나온게 놀랍다.,0
R14306,ㅋㅋㅋㅋ엿국니네가그렇지므ㅝ 이건뭐 영화도아니고,0
R14307,진짜로 정신차려라. 저따위 감성팔이 영화에 점수를 주는건 대한민국의 수치다,0
R14308,별 반개도 아까 영화... 미니어처 장남감을 모래위에 얹어놓고 유성우가 떨어지는 화면과 탈출정이 이륙하는 장면에서는 80년대 우뢰매 수준의 화면을 접할 수 있고...시나리오는 뭐 안봐도 뻔한 이야기...케이블에서도 안볼 영화를 본게 후회...,0
R14309,아니 이게 왜 9점대 일까...;;;,0
R14310,이거또못보나..얘들이나랑거의동갑일텐데...,1
R14311,구성이 참신하고 근래 보기 드문 작품이었어요 특히 음악이 계속 귓가를 떠나지 않네요 기회가 된다면 다시 보고 싶은 작품이네요,1
R14312,여자 하나 때문에 이게 뭔 ...,0
R14313,너무 감동적이고 재미잇는 영화에요 ㅜ ㅜ,1
R14314,야구보지도않는것땜에 왜결방을하느냐구요~야구끝나고 해줘도되는것을~야구관심도없는것 땜에 장보리를못보니까 완존짱난다,1
R14315,가족들 건강에 많이 울었습니다!신께 감사드립니다~!!지금의 행복에~! 친구들 너무 밝아요!,1
R14316,김윤진의 쓰레기 역할은 정말이지 후.....,0
R14317,밑도 끝도 없네... 3류가 그렇듯 스토리 부재...,0
R14318,크리스찬 베일나오길래 봤는데 ㅂㄹ... 대머리에 배불뚝이나와서 얼굴보는 재미도없고,0
R14319,징기스칸 영화는 언제쯤 되야 재밌는게 나오려나.,0
R14320,환타스틱한영화 입니다,1
R14321,재미없음! 지루하고..,0
R14322,누구를 위한 영화인가... 소지섭 좋아서 보긴했는데...,0
R14323,된장,0
R14324,지루하고 재미없었던 작품,0
R14325,한국 영화치고 좋다,1
R14326,아름답고 자유롭고 독창적인 예술가들의 작품,1
R14327,이젠영화카피로도낚는구나. 괜찮은드라마지만유쾌한코미디는??..웃고싶어봤는데ㅡㅡ,0
R14328,"프랑스풍의 로멘틱 코메디. 프랑스 한가운데를 관통하면서 보여지는 풍경도 볼만하고. 뤽베송은전반적인 메인 스토리 외에도 중간중간 자신의 반인종차별 사상을 보여주는듯(집시들과의 만남, 딸의 결혼상대 등)",1
R14329,전문 더빙 불렀으면 내가 10점은 준다 어휴,0
R14330,생각없는 감독이 행복에대해 이야기 하고 싶어한다... 책이 백배는 재미있다... 이건 그냥 무례하고 생각없고 자존감도 없는 사람이 여행갔다오는 이야기...,0
R14331,호준♡홈빵가겠네요! >_<,1
R14332,액션의 급이 달라. 쓸잘데기 없는 짓 요란스럽게 하고 마지막 칼싸움...,0
R14333,나홀로집에 케빈 굿,1
R14334,보는 내내 웃음과 눈물이 교차했음요즘 영화들과 좀 다르게 사랑스러운 캐릭터들로 가득함,1
R14335,2탄 먼저보고봤는데 왜케 지루하고 긴장감따윈 없어 ㅜ\,0
R14336,전야만했으면좋았을영화,0
R14337,윌트라는 캐릭터가 참 맘에 들더라~,1
R14338,재미있는데요 그리고 미스케스팅 아닌데 왜 그러지 이 정도면 잘만들었는데,1
R14339,영화가 그렇게 만만하지 않죠. 이런 영화가 손익분기라도 넘긴다면 정말 마케팅의 승리겠죠. 서유리씨는 참 영화 못고르네요. 첫작품이 졸작으로 기억되겠네요.,0
R14340,자신을 그자체로 봐준 반데라스에게 끌렸으니 죄가없다? 아주 좆을까세요. 그럼 애초에 리암니슨이랑 결혼을 하지말았어야지. 그딴게 변명꺼리가 된다고생각하나? 리암니슨도 반데라스도 피해자다. 그냥 여자가 OOO기 바람둥이였을뿐. 바람을 미화하는영화ㅉ,0
R14341,지루해.. 뭘 말하려는 건지..........,0
R14342,와진짜 내가잠을 못자요ㅋ너무재밌어요~진짜 공감가고캐릭터하나하나 신경 많이쓰신거같아요~엄지원너무이쁘고 이지아 안쓰럽고..방금아빠품에 안겨 우는데..나도 같이울었어요..,1
R14343,ㅠㅠ수트어쩔거에요 ㅠ 정말 재밌었어요 ㅎㅎ,1
R14344,ㅋ ㅋ ㅋ 재미있던데^ㅡ^ 글구 캐릭터는 진짜 짱 귀여움 노래도 좋고,1
R14345,"평점을1점주기조차아까운 개막장MBC는오로라KBS는루비반지,SBS는두여자의방",0
R14346,눈과 벌레는 볼만했다,0
R14347,이게 뭐죠,1
R14348,보는내내지루한장면하나없이 감동적이였다,1
R14349,어렸을때 중학생 관람가 였는데... 우뢰매 이후 오랜만에 극장나들이~,1
R14350,다 4점씩주네 존나 웃겨ㅋㅋ,0
R14351,가족애 부성애가 느껴지는 따뜻하고 뭉클한 영화입니다,1
R14352,웬만한 좀비영화보다 더 스릴있다 니콜키드먼 너무이쁘다..,1
R14353,아들연기 개못함ㅋㅋㅋㅋ 윌스미스야 아들 걍 공부시켜,0
R14354,다세포소녀 10점 주고 와봤다 역시 맥을 같이 하는 평이 보이는군 암튼 난 재밌게 봤다 배우들 연기도 좋았고 ^^,1
R14355,.hauwbdmxkdudb,0
R14356,아진짜계속빵터졌음ㅋㅋ아너무재밌어♥♥,1
R14357,선정적인 제목에 별로 선정적이지도 않음. 무엇을 전달할려고 하는지 의미도 모르겠음. 스토리도 난해함. 주변에 왜 쓰레기들 뿐인지...,0
R14358,이런걸볼때마다 참 감독이란 직업이 쉬워보여ㅋㅋ,0
R14359,아앙을 재미있게 봤었던 팬으로써 이 스토리를 가지고 이딴 영화로 만든 샤말란 감독 원망스럽다. 왜 주인공인종은 같자기 백인으로 바꾸고 악당역은 인도얘들로 바꾼 것이며 무엇보다 이 감독 만화 안 보고 만든 것 같다. 원작 캐릭터 성격 완전 무시하네.,0
R14360,처음으로 나에게 별점투표를 하게 만든영화 대단하다 그래서 별 반개,0
R14361,"<타인의 취향>, <룩앳미>, <레인>... 만큼 재밋구나...ㅎㅎ",1
R14362,원작 자체가 사교집단의 광기가 시작점 입니다. 명작으로 남을 영화!!( 원작과 영화를 동시에 살린 수작~ )좋은 원작의 판권을 사가서 레지던트 이블이나 찍어대는 감독은 이 영화 보고 반성 또 반성 해야되겠습니다.,1
R14363,잘 모르겠다. 처음에는 님이 너무나 불쌍했지만 어쨌든 님이 인간들과의 생활을 그리워한다는 느낌을 지울 수 없었다. 인간들이 님을 이용한 것은 맞지만 과연 님에게 그것이 불행이었을지.. 버림받은 후의 대목에서는 정말 가슴 아픈 일이고 불행이 맞겠지만.,0
R14364,진짜 이게 뭐야,0
R14365,"본 영화는 꽝인데, 자막 올라갈 때 나오는 제작 과정이 재미 있어 별하나 준다.",0
R14366,"재미있었고 많은것을 생각하게 해준 영화. 한가지 아쉬운점이라면 정유미씨의 더빙중 일부가 어색하다는 점, 어린이들이 보기에는 이해하기 어려운 내용이 있다는 것정도",1
R14367,지금봐도 재밌다...포스 작렬,1
R14368,아OO 분장때문인가 시리즈중 최악이다,0
R14369,케이크 위의 인형도 놀라네.,0
R14370,모건프리먼 때문에 많이 웃었다....최고!,1
R14371,제목에서 감동적인 휴먼드라마일거라 생각했는데 판타지적인 요소가 많아 장면도 소재도 흥미로웠다ㅎ 로빈윌리엄스의 많은 영화들을 보다 뒤늦게 이 영화를 봤더니 이 아저씨의 로맨스엔 집중이 안됐지만ㅜ,1
R14372,줄거리만 읽었어도 시간 낭비 안하는거였는데 ㅋㅋ,0
R14373,진짜 너무 재밌다. 한지혜님 진심으로 매력이 철철철 ~ 드라마 끝나면 다음주는 언제 기다리나 ㅜㅜ,1
R14374,창가에 앉아 따뜻한 차 한잔을 마신 기분이랄까....,1
R14375,액션은 사상 최고급! 워쇼스키들의 절정!,1
R14376,별5개도 모자란다~,1
R14377,참....허허허....이거 0점 입력은 안되네;; 참....,0
R14378,정말 소름끼쳤습니다..,1
R14379,힘없는 사람들에게 힘을 주는 영화인간의 존엄을 모르는자들에게 존엄을 말해주는 영화,1
R14380,말이필요없지라~,1
R14381,다이안 레인땜에 그냥봤음~~~~~,0
R14382,뭐하자는건지...;;,0
R14383,영화 역사상 독보적인 손실률 1위라는 사실이 완벽하게 이해되다.,0
R14384,그냥 시간떄우기용으로 봣는데..정말 너무너무 추천하고싶어요!!정말 재밋어요 ㅠㅠ 로코물의 정석을 보여주는듯 ㅎ 이영화를 통해서 불어의 매력도 함꼐 빠진듯해요 ㅎㅎㅎ,1
R14385,정려원씨 넘이뻐요 화이팅,1
R14386,무지 지루했다. 실화를 상당히 극적으로 만들려니 너무 오버스러움.,0
R14387,주연배우들이 연기를 완벽히 소화해서 작품이 더 빛난거 같네요,1
R14388,오랜만에 몰입했습니다.^^,1
R14389,많은떡밥 비해서 짧은 내용.... 여러개 나눠서 했다면 대박일 영화인데 안타깝다,1
R14390,좋음.완전좋다.(10자),1
R14391,대체왜? 평론가들기준은 뭐임?,1
R14392,"흑인들의 삶과 비애, 그리고 그들의 영혼이 담긴 랩..",1
R14393,보면서 흥미롭고 진짜 깨닫는것도 많음 지루하단사람도있는데 개인차인듯,1
R14394,괜히봤다.. 시간아까움,0
R14395,ㅋㅋㅋ존@나@ㅋㅋㅋㅋ,0
R14396,영화라기보다는 시걸형님이 전수해주는 쌈기술 전수 동영상... 이~~~얍,1
R14397,양심없는 서퉁의 울궈먹기는 이제 그만,0
R14398,뜨끈한거 두방 쳐맞더니 좋나 징징대네 ㅋㅋㅋ,0
R14399,"괜찬다는 평보고 안볼려다 봤는데,보고 기분 더나빠진 영화정말,보지마세요",0
R14400,어떻게든 감싸줄려고 노력을 하는구나,0
R14401,야구를 좋아하는 사람이라면 무조건 봐야하는 영화... 정말 안타까운 현실과 노력에 대한 이야기를 잘 다룬 영화인거 같네요.. 꼭 한번 보세요 후회는 안합니다..,1
R14402,수준하고는 쯧쯧쯧 내가 발로 만들어도 이거보다는 잘 만들겠다,0
R14403,다 때려치우고 핵심은 3편 예고였음,1
R14404,이런영화가 많이 만들어지길,1
R14405,역시 미국식 풍자와 콩트가 가득한 코미디 영화가 한국에서 성공하긴 어려운가보다... 그리고 톰쿠르즈는 정말 놀랐다,1
R14406,호소다마로루라는 감독을 알게해준 영화. 지브리는 왕좌를 물려줘야할 것 같습니다. OST가 무척 기억에 남아요,1
R14407,그 때 당시의 충격!,1
R14408,1편이랑 너무 비교되서 왜봤는지 눈물이 다 났다. 마지막에가선 웃음만나왔음.어이없어서. 차라리 다른 영화나 볼껄..음악은 괜찮음.극연출도 괜찮았음. 내용은 아침막장드라마. 배우들도 실망스러움.,0
R14409,수행평가때문에 겨우겨우봣다,0
R14410,이걸 보느니 일본야동 한편이라도 더본다. 마지막에 엑스맨 옛날손톱 갖게되는 새드스토리.,0
R14411,스릴러로서 상당히 임팩트 없는 비호감 줄리아 로버츠 주연의 영화,0
R14412,뻔한 액션,0
R14413,괴수랑 로봇이 너무 멋있어서 좋았다. 스토리야 진부했지만 애초에 괴수랑 로봇 보려고 본 영화라서 스토리는 쓰레기만 아니었으면 됐지,1
R14414,심오한척 하면 왕인거야~그런거야~,0
R14415,힐링이되는영화,1
R14416,최고네요.여러가지생각을하게됩니다.,1
R14417,30대 줌마들이 좋아하는 영화인듯 ㅋ,0
R14418,대사나 스토리전개가 뻔하고 유치함. 너무 얼렁뚱땅 넘어가기도 하고 분위기는 좋은데 전체적으론 별로,0
R14419,이건 확실히 재밋는데 속편은 쥐쥐,1
R14420,ㅇ얼굴로 놀래키는 영화,0
R14421,극불호였던 수면의 과학과 극호였던 이터널 선샤인을 조물조물 버무려놓은듯 했음.. 표현력 진짜 좋다,1
R14422,다름에 대한 깊은 통찰을 통해 삶의 진정한 행복에대한 깨닳음을주었다.,1
R14423,"돈아까움 쓰레기영화,가족끼리 갔는데 초등학생인 내동생을 제외하고는 싹다 재미없다함. 초등학생용 영화",0
R14424,평점조절 필요,0
R14425,다니엘 구렛나루어울린다능,1
R14426,평론가들 뭘 모르네 너무과소평가받은 영화,1
R14427,최고의 영화~,1
R14428,CG류申,0
R14429,돌보지 않아도 살아가는 개들의 모습에서 감동을 느껴야하나? 인간의 오만함이 느껴지는 영화.,0
R14430,조선족에 대한 몰랐던 이야기...,1
R14431,"엄마찾아 삼만리 좋은 연출,,,",1
R14432,내가 6살때 나온영화인데 지금봐도 손색없다,1
R14433,카지노로얄과 더불어 재밌는 007영화였다.,1
R14434,TV 드라마 보다도 못함. 무슨 생각으로 만들었는지 감독의 머리속이 궁금함.,0
R14435,10년이 지나고 봐도 여운이 깊은 가슴을 울리는 영화.. 로빈 윌리암스 너무 보고 싶네요,1
R14436,케이타 : 아빠는 아빠가 아냐!,1
R14437,이게뭐지 도데체가,0
R14438,이런 쓰레기는 각본을 도대체 누가 쓰는 걸까?,0
R14439,나도한번쯤 저렇게 잘타보고싶다 라고 생각하게한 영화'ㅇ?,1
R14440,"가장 잘나가던 시절, 미국인의 우월감, 자신감만 느껴지는 신데렐라 신드롬",0
R14441,이게 재미가없다니 평들이 왜이모양?ㅋㅋㅋ 진중한톱스타들데리고 이러한 기상천외한 특유의코미디영화를 만들어낸 코엔형제가 대단함 난진짜 뿜엇는데 ㅋㅋㅋㅋㅋㅋㅋㅋㅋ,1
R14442,반전이 별루...너무 기대를 했나??,0
R14443,로맨틱코미디라고 하긴 우리의 정서와 잘 맞지 않는듯.. -_-;;,0
R14444,Mary Hopkin 의 Voyage of the Moon 이 흐르며 새하얀 커피잔에 커피와 독약이 함께 녹는다. 흠 잡을 곳이 없는 멋진 드라마.. 흡사 히가시노게이고 소설의 마무리를 보는 것 같았다. 죽어가는 채령의 모습은 오래 기억될듯.,1
R14445,너무 재밌어요~특히 맥퀸 멋져요!,1
R14446,본편도 재미없음,0
R14447,샌프란시스코의 쟈니!!,1
R14448,최고다 이영화!!!!!,1
R14449,크리스틴 스튜어스 개꼴림,1
R14450,"와.. 상상력을 자극하고, 인간의 존재가 기억으로 인식되는가하는 엄청난 과제를 받았다. 정말 철학적인영화다. 세계적인 감독들이 존경할만 하다.",1
R14451,대단한 영화다.,1
R14452,평점너무짜네 넘재밌게잘봐씀,1
R14453,ㅋㅋㅋㅋㅋㅋㅋㅋㅋㅋㅋㅋㅋㅋㅋㅋㅋㅋㅋㅋㅋㅋㅋㅋㅋㅋㅋㅋㅋㅋ진짜 저렇게 한번 살아보고싶다 뭔가 동경이 된다 정말재밌다,1
R14454,아무말 필요없고 꼭 봐야할 영화... 인생 = 격전,1
R14455,솔직히 기대 이하에요..,0
R14456,너무 재미없어 기억도 나지 않는다,0
R14457,빨갛고 노랗고 하얗게 그 추운 나라의 입김은 서리고 닦인다.,1
R14458,제목에 낚이지마시길... 그냥 소소한 유머만 조금 나옴...,0
R14459,드럽게 재미없다.,0
R14460,"예술영화?예술영화이지만어렵지않은,가슴에와닿는이야기를펼치고있다",1
R14461,평점이 너무 낮다. 공포 스릴러의 조건을 잘 갖추었다. 3번이나 봤다.,1
R14462,말할수 없는 감동과 아름다움 그리고 순수함이 있는 영화입니다.과거의 아름,1
R14463,개재미있으3,1
R14464,30년전영화임을감안하고라도 이점수는너무높다5점정도가적당 내용이 억지스럽고 극의완성도가 떨어진다,0
R14465,뉴하트보면서조재현..피아노가생각이났다..정말그때 생각이ㅜㅜ최고의추억속드라마!,1
R14466,?영화 하루에 한편정도 매일 보시는분들께는 비추입니다 뻔한소재에 몰입도가 엄청 떨어짐 무엇보다 스토리진행 자체가 엉망 평 5점이 적당할듯싶네요 이거보고 대작이라는분들은 트렌센던스나 엣지오브투모로우 보면 실신하실듯,0
R14467,기대 이상을 보게 되다.,0
R14468,지성이면 감천 끝났다! 신난다!,0
R14469,스토리 너무 엉성하고 축축 늘어짐. 끝까지 보기 힘든 영화,0
R14470,너무슬프고 안타깝고...도와주고싶고 그러네요,1
R14471,신을 믿는자들이나 볼것.,0
R14472,10점은 좀 아니져... 너무 극단적으로 얘기를 끌고 간 감이 있네요,0
R14473,시즌 1도 다시보면 재밌따,1
R14474,"충분히 무섭고, 충분히 슬픈 영화",1
R14475,주몽에 나오는 부득불 이재용님이 깡패두목으로 나오는 영화.,1
R14476,10년전 부모님과 극장서 보았죠..이제 부모님은 프로급의 실력을 갖추셨답니다.ㅜ.ㅜ,1
R14477,쓰레기같음 1점도앜깝디ㅡ,0
R14478,윌리스는 무슨 생각으로 영화를 선택할까? 궁금하다.,0
R14479,"극장에서 보는 내내 웃음참느라 죽을뻔했습니다.링 시리즈들에서 받았던 공포를 기대했는데어색한 CG부터 시작해서 배역과 어울리지않는 배우 선정,실망스러운 내용 전개.. 왠만한 코미디보다 웃겼습니다.솔직히 절대 극장에서 보지마시라고 말씀드리고싶네요.",0
R14480,액션좋다,1
R14481,개인적으로 메멘토 급인듯,1
R14482,보통 후속작은 이상해지는 경우가 많은데 정말 잘 만든 2탄임...역시 실망시키지 않는구만...,1
R14483,1점도 주기 싫은데....................................................,0
R14484,지루하고 이상하고 변태적인 OOO기,0
R14485,마블세계를 이렇게 밖에 표현하지 못하다니 평ㅅ섬이 너무 높다,0
R14486,스릴잇긴한테 이건뭐진짜 퀄리티는90년대 전설의고향보다못하고 연기도별로안좋았다..,0
R14487,처음으로 글남긴다 쓰레기 영화... 억지설정에 발연기 흐름 뚝뚝 끊기고 전쟁씬은 편집해서 잘라내버린거 같고... 여기 평점 올린 인간들 다 알바냐~ 내가 평점보고 이걸왜 봤을까... 절대보지마시길...,0
R14488,별점 하나도 줄 수 없음..내가 본 것 중에 최약의 영화..초딩영화인줄,0
R14489,"엉성한 스토리, 말도 안되는 진실.",0
R14490,"장사 하루이틀 하냐?맨날 아바타 제작진,반지의제왕 제작진 운운하는 영화를 보고 있으면서,걸려드는 넘이,호구지~다 장삿속일뿐...비난하긴,너무 웃기는거 아니냐?아님,직접 영화 홍보를 해보든가...",0
R14491,평점 인플레 조절중..,0
R14492,탈세종사 ;). 뻔뻔한 23억도둑,0
R14493,아..여운이 아직도..,1
R14494,아 곰인형로봇 갖고싶다,1
R14495,한국의 모든 가장은 이 영화를 반드시 봐야 합니다,1
R14496,난 진짜 무서웠음. 원래 무서운거 잘 보는데 정말 이때까지 나온 한국공포영화중에 최고인것같음...b,1
R14497,이건 뭐...국내에 너무 안 알려진 영화라...매니아들만 봤을테니...후회는 없다.,1
R14498,41분보다가 껏습니다41분을 정확히 기억하는 이유는 나의 41분을 버려서입니다독도는 우리땅입니다,0
R14499,쉰들러는 지금도 학살된 유대인들에게 빵과 우유를 주며 무릎을 꿇고 있을것이다. R.I.P 쉰들러.,1
R14500,"내용은좀짬뽕이지만,액션은끝내준다.기름탱크액션은...완전 쩐다!!^^",1
R14501,오랫만에 영화를 보면서 울었어요~부모님께 잘해드려야겠다는 생각이 드는 영화였네요^^,1
R14502,쓰레기영화. 몰아가는 힘도 부족. 긴장감도 없음. 치밀한 두뇌싸움도 없고 시원한 액션도 없음. 시덥잖은 씬만 줄줄이 늘어놨음. 영국 내수용 영화. 더도 덜도 아님.,0
R14503,월-E 가 훨씬 귀엽던데...,0
R14504,"이 할아방구 노망나신듯.... 이게 섬나라의 인간들의 한계인듯,,,",0
R14505,"한때 유명했던 영화 포스터, 그러나 너무 뻔한 스토리..",0
R14506,잼났어요,1
R14507,방금 보고 왔어요 잼납니다,1
R14508,법이 제자리에있는게아니다 이리저리 왔다갔다 돈있고 권력이있으면 그쪽으로 쏠린다 돈없고 힘없는 사형수 돈많고 힘있는 사형수 너무나도 차원이 틀린 결말 좌파우파를 떠나 돈있고 힘있으면 장땡인 대한민국의 현주소 10년이 지나도 변함없고 앞으로도 변함없다,1
R14509,재밌다. 긴장감도 있고... 토미리 존스는 역시 악역이 어울려.,1
R14510,중1?2인?초등6?KBS위성방송으로봤던그날의감동을 잊을 수 없다.,1
R14511,아 어렵네 ㅡㅡ 참....,0
R14512,오마이갓 뭐라 할말이읍네,0
R14513,이런 영화가 3편까지 나오다니ㅎ,0
R14514,알콜중독의 심각성과 해법을 보여준 영화. 우리나라도 알콜중독자 많은데.,1
R14515,이 수면제,0
R14516,싸구려 귀신 쑈. 유치한 서커스...,0
R14517,아....시퀀스 낭비의 전형... 별 반개는 창작자에 대한 예의...,0
R14518,영화쪽과 관련없는 나라도 이정도는 만들겠다,0
R14519,듬성듬성 구멍 난 스토리에 전하고자 하는 메세지도 알 수 없음.,0
R14520,이영화는 좋다..,1
R14521,야마카시 스토리의 한계인가 아니면 감독의 연출 한계인가. 스토리가 너무 두서없고 엉성하다. 한장면 한장면만 보면 맨몸으로 하는 액션은 어설퍼도 볼만하다. 하지만 전체적으로 영화를 짜집기에는 역부족이다.,0
R14522,피프때 봤어요. 행복이란 뭘까 고민하게 만들지요. 전 안 지루 했어요.,1
R14523,뻔한 스토리와 결말.평 좋은게 이해안감.조조로보는게 돈아깝지 않을듯.,0
R14524,김민준과 앤디의 어색하고 때론 어처구니 없는 연기만 없었다면 한층 완성도가 높았을 드라마,1
R14525,어쩌자는거야,0
R14526,갈수록 감동몰이에 주력,0
R14527,진짜 한번더보고싶은영화입니다콩코드기가나오는영화인데....끝장면이 참안타까운영화이지요,1
R14528,추리좋아요아쉽다ㅜㅜ시즌2했으면,1
R14529,정말 할말 없게 만든다. 패러디 영화 인줄 알았네.,0
R14530,소나기 스탈 멜로 영화 인데 요,0
R14531,흡입력있게 이야기를 잘풀어낸 좋은 작품이네요,1
R14532,예술을 가장한 괴상함. 영화를 떠나서 감독의 정신감정부터.,0
R14533,다시 보고싶다. 한 번 만이라도...,1
R14534,와.... 사진보니.... 원표님도 이젠 연세가 많이 되셨네요.... 황비홍1 때는 참 풋풋했지요 ㅎㅎ,1
R14535,굿!!!!!!!!!!,1
R14536,몸이 하나로는 모자라는 이 세상의 아버지들,0
R14537,바티칸에서 가이드 대동하고 본 감동이 90이다 치면 이영화는 0.1도 안됩니다. 계속 물방울떨어지고 모래날리는 영상 보여주고 정작 보고싶은 아티펙트는 몇개 안보여줌. 영화가 마치 영화예고편의 예고편 수준 볼륨. 기대이하실망. 완전히 속았다.,0
R14538,머 시간이 많이 남으면 한번 보던가,0
R14539,시간이 남아도는 사람만 인내심을 갖고 보길... 감독 역량 부족...,0
R14540,재밋었어요즐겁고유아들이보기짱,1
R14541,타쿠마가 일어나길 빌었는데ㅜㅜ 마지막이 너무 아쉽네요 근데 진짜 재미있음!!,1
R14542,조카들이 난리예요~ ^^ 애들이 좋아할 만한 귀여운 캐릭터와 쉽게 이애할 수 있는 스토리가 좋았던 것 같아요~ 꿈을소재로 한것도 너무 좋은거 같아요!,1
R14543,고대유물같은그녀가미져리같은광기와선셋대로같은결말을보여준다,1
R14544,영화를 해석해서 보면 안된다는 인식을 바꾸어 준 영화이다. 그냥 영화 속의 있는 그대로의 스토리를 받아 드리면 된다 아련한 첫사랑의 기억과 한 아이의 성장이야기로만 해석이 끝난다. 명작이다 시대를 초월한 명작이다. 알프레도의 대사가 너무 와닿는다...,1
R14545,잔잔하고 기억에 남는 영화입니다,1
R14546,재밌다~근데 season 2 밖에 없어서 아쉽다..,1
R14547,넘 질질끌자나요 ㅡㅡ 이러면 짜증나는대 재미없게시리,0
R14548,나름 대로 볼만했어요.,1
R14549,정말 못 들어주겠네요. 주연보다 조연이 연기를 더 잘하네요. 후. . 왜 연예인을 캐스팅하는지 ㅠㅠ 성우분들도 많으신데 ㅠㅠ 무튼 연예인 더빙 극혐;;,0
R14550,이처럼 많이 울어본 영화도 드물다... 후반부 찔레꽃 합창이 나올때는 참았던 눈물이 터녔다... 모든것에 감사할수 있는 따뜻함을 느낄수 있는 100점짜리 영화이다!!! 강추!^^,1
R14551,귀여움 재밌음,1
R14552,어렸을때는 그저 아무것도 모르거 봤는데 크고나서 보니까 이건 그냥 자살영화수준에 순수액션 정말 감동임....,1
R14553,스토리가 탄탄한 영화.,1
R14554,마약먹고 찍은영화인가? 그렇다고해서 공포영화도아니고...코미디는뭐 ㅡㅡ,1
R14555,2011년 처음접했는데 지금 몇번이나 봄.전혀 질리지않는 느낌있는 영화.,1
R14556,울애덜이 지루해 하더군,0
R14557,조승우 연기는 부들부들이었다,1
R14558,아련한 슬픈 추억을 새겨다준 걸작만화,1
R14559,마초 과잉. 이제 그만하자,0
R14560,사랑은 그리 아름답지 않다.,0
R14561,경찰 내부의 비리를 파헤치는 용감한 형사들. 상당히 화려한 캐스팅과 긴장감도 있음. 97년도 영화라는 것을 감안하고 보더라도 상당히 우수함.,1
R14562,나만재미없었나봐ㅠ진짜시간안가고재미없든데그나마 배경보는재미는잇엇네,0
R14563,쓰다가 날아갔다 ㅠ 간단하게 다시 쓰자면 정말 지정된 한 장소 안에서만 대사로 풀어가는 이야기. 너무 신선하고 재미있었다!!!,1
R14564,이 영화가 대체 어떻게 19금을 안 먹었는지 이해가 안 가네요.,0
R14565,내생에 최악의 영화 BEST3 안에드는..,0
R14566,주인공이 열심히 쳐맞다가 씨익 웃더니 춤추면서 적들을 패버리는데 그 장면 보고 이렇게 평점 달러 왔습니다...,0
R14567,만들지 말아야 할 뻔한 한국영화,0
R14568,욕하면 신고할까봐 뭐라고 하지도 못하겠다 .,0
R14569,"아이언맨 1,3에 비해 떨어진다고는 하지만 아이언맨2도 정말 재밌게 봤음.",1
R14570,재미없던데,0
R14571,정말 재미있게 본 에니메이션...ㅋㅋ최고!!♥,1
R14572,캐스팅은 화려한데 왤케 지루함....별 내용도 없고....그리고 밑에 전문가평점의 전문가들 다 알바냐?ㅋㅋㅋ 진짜 이렇게 재미 없는 영화도 오랜만인듯....배우들이 아깝다ㅉㅉㅉ,0
R14573,제발 긴장감과 현장감 살린다고 카메라좀 적당히좀 흔들었으면... 눈의 피로도가 스트레스로 이어짐..,0
R14574,아무리 실화라지만 이렇게 속도감 없이 진행되는 영화라니 역시 메이드인 프랑스,0
R14575,왜 지루하지 않은지가 신기한 영화. 반전도 있고 ㅋ,1
R14576,프레디하이모어...이렇게귀여울수가있나..보는내내사소한걸로울었는데 마지막장면에서부모님을알게되었으면전개가다시길어졌지만그장면이없어서한편으론아쉬웠던영화!!그래도정말재미있다,1
R14577,트롤트롤,0
R14578,마땅히10저받아마땅합니다.,1
R14579,최강이였습니다,1
R14580,돈주고 본것도 아니면서 쓰레기 영화니 최악이니 하는 사람들 정말 웃긴다ㅋㅋㅋ 불법으로 다운받아본거면 아무리 재미없어도 욕할 자격이 없지 꼴에 당당하네ㅋㅋㅋ,1
R14581,헤더 랭건캠프를 보는 재미 정도. 슬래셔의 공식을 살리지 못함. 속편들이 더 나음.,0
R14582,어떤부분이 예술인건지... 공감이 전혀안가는데 밑에댓글들보니까 전문가들이 재밌다고하니까 전부 따라서그러는듯...솔직히 난 뭘의미하는지 잘모르겠음,0
R14583,그저 보기만해도 아름답고 가슴 미어지는 그런 좋은 영화,1
R14584,오래전에 봤지만 ~~~잊혀지지 않는 영화 ~이 영화때문에 라이언고슬링과 레이첼맥아담스를 좋아하게됐음,1
R14585,사람이 하는일 살인 강간 전쟁 그리고 망각,1
R14586,욕을 안할래야 안할수 없는 영화,0
R14587,분위기는 좋은편이다 하지만 스토리 안읽고 보면 뭔내용인지 조차 모른다,0
R14588,천상의 바이올린 소리들을라고 영화본건 아니거든요. MR들으러왔나,0
R14589,엄.마~. 얘. 흙. 먹.어~~,0
R14590,"독특한 촬영,진희경은 기억나는데 나머지 부분들은 죄다 어디로??",0
R14591,따뜻한 영화네요. 실제 제 상황이랑 비슷해서 눈물이..이 영화의 행복한 결말이 정말 저한텐 위로가되고 힘이되네요. 감사합니다.,1
R14592,진짜 뻥안치고 나이거 첨에 영드인줄 알았다 근데 찾아보니 영화래ㅗ 남주는 잘생겼네,0
R14593,내가 내공이 부족해서 그럴수도 있다 하지만 내가 보기엔 별생각없이 찍는데 보는사람이 각자에 따라 해석을 하게끔 만들어 영화의 다양성을 그들로부터 찾게 하는 재주가 있는것 같다,0
R14594,스티븐 시걸의 멋진 무술,1
R14595,진심으로 영화보는데 짜증이솟구친다 열받는다 이런기법의 영화류 좋아하는데 이건정말 쓰레기다,0
R14596,남자의 강인함과 순수함이 느껴지는 아름다운 드라마.,1
R14597,배경도 좋고 영화속 심리 표현도 좋구 레오 연기도 좋구 ~~보고 나서의 감정의 후폭풍이 ~~~인생에 있어 낙원은 어디인가 를 잘표현해준거 같네요,1
R14598,일본의 남기남. 이름하여 구로사와 기요시.,0
R14599,몸만 다른 존시나 나온줄 알았음 ..,0
R14600,일본엔 팬티애니가 있고 한국엔 팬티영화가 있다. 팬티 노출 이외엔 암것도 없는 영화. 가장 중요한 장나라? 찾아가는 신에서 급잘라서 카페 차린다. 주 내용은 팬티 노출과 팬티 분실과 팬티 패티시 뿐이다. 애니로 만들어서 일본에 팔아라. 덕후들 좋아할,0
R14601,개지루,0
R14602,5억년 버튼 생각나네요ㅋㅋㅋㅋzz,0
R14603,진짜 명작이다 왜 이제봤는지 후회된다.,1
R14604,최고다 마지막에 손잡아주는씬에서 넋놓고 울었다 ㅜㅠ,1
R14605,차라리 만들지 말지 만들거면 원작에 똥칠 안하게 만들던가,0
R14606,이걸 보느니 나홀로집에를 더 보겠다,0
R14607,왤케 잭한테 저렇게애정이깊지? 솔직히 난하울의움직이는성에서 하울한테는 애정이생겼지만 잭은모르겠던데 그냥 어린애같던데 난평점먼저보고나서봐서 얼마나 매력쩔게나오면저럴까싶었는데 그정돈아니었는데 저런사람은 초딩이나 중딩아닐까싶네ㅋㅋ아님말고ㅋ암튼영화는괜찮았다,1
R14608,이게 재미 있냐??? 전 별로인데,0
R14609,"긴장감은 좋으나 공포는 다소약함하지만 나름 재밌는꿀잼 오컬트영화아미티빌호러, 컨저링의 B,C급느낌이랄까평점이 영화에비해 너무낮다.",1
R14610,"완성도 낮고, 식상한 플래쉬백 영화. 다니엘 크레이그의 푸른 눈만이 유일한 볼거리.",0
R14611,정신병걸린 집착녀와 호구 찐따 남자의 주접떠는 영화,0
R14612,우리나라의 세븐데이즈랑 비슷할것같은데 재밌겠다ㅎ,1
R14613,태양을 피하고싶었던 남자,0
R14614,one of my best movies!!!,1
R14615,제가 sfx에서 보았 는데 별로 더군요......,0
R14616,부담없이 보기 좋네요. 기대 안하고 보면 볼 만 합니다.,1
R14617,기분좋은영화였다.,1
R14618,진짜공포영화중에한번도앉놀라고안무서웠던영화이게처음개시시해,0
R14619,이건 리메이크한거일뿐 ㅇㅇ실화에선 가정불화 여기선악령 재밌으면 끝,1
R14620,그 세상의 끝이란 곳에 가봤던 사람이 한명도 없었다는게 황당하다.,0
R14621,진짜 2시간 동안 재미있게 봤다.,1
R14622,감동적이내요..ㅠㅠ 특히 조연의 으리으리한 존재감이 미장센을 한단계 끌어올린 명작입니다.,1
R14623,지금 메르스 퍼지는거 보고 딱 이 영화 생각나서 다시 봤는데...조심들 합시다,1
R14624,존나 재미없음. 단하나 엔딩크레딧때 노래만 좋음,0
R14625,5년전에낮에보고밤에잘때남몰래눈물흘게했던영화,1
R14626,이딴걸 돈주고 빌려본게 창피하다 샹,0
R14627,드림웍스풍 그림체에 슈렉이 어쩌고 하길래 봤더니 모든 게 엉망인 스페인 영화더군요,0
R14628,일방향적인 사고 방식을 기반으로 호소하기만 하는 뻔한 이야기. 심지어 지루하기까지 함,0
R14629,이리재미없는 드라마 빨리 끈나길,0
R14630,머니볼 따라한줄 알았는데 한국인의 패기가 느껴짐,1
R14631,헐....김혜성도 동성애 영화 찍었나? 0점이안돼서 1점이다 진짜 87년생들 왜이러는데?,0
R14632,지루했다. 2000원 주고 다운 받았는데 후회했다. 소재 8 긴장감 4,0
R14633,억지웃음 유발 느낌. 숀영 몸매만 볼만했다.,0
R14634,유명배우가 나와도 영화가 못 따라준다,0
R14635,기대하고 봣는데 기대이하인것아요,0
R14636,1~3편보고솔직히재미없다,0
R14637,유치원때본게 아직도 기억에남는다,1
R14638,안귀여운 캐릭터가 없음ㅋㅋㅋㅋ요새 우울할때마다 보는 치유 드라마!,1
R14639,난해하고 너무어려원영화..넘 작가주의예술주의,0
R14640,로잼이다ㄱㄱㄷ싖싖ㅅ,0
R14641,얼마나 대화가 중요하게 알려쥤다남자는 실패해도 힘내고 여자는 돈벌어오라고하지말구 남편 기살려줘용♥ 사랑받고싶음 그만큼 해줘야돼♥,1
R14642,이런 영화좋아하는데. 좀 부실하다.,0
R14643,너무 공감하면서도 재밌는 드라마,1
R14644,오타쿠는 싫어할만한 영화 저는 개인적으로 추천..원작보다 나음 영상도 예쁨,1
R14645,심리묘사가 너무 좋다...,1
R14646,나는 영화를 보고싶었다,0
R14647,뭐 이리 평점이 낮아 뭐 이리 평점이 낮아,1
R14648,"한 번 보는 것 만으로는 이해할 수 없는 영화, 몇 번을 돌려봐도 지루하지 않은 영화가 명작이라고 생각함. 딱 이 영화가 그렇다. 사실적이고 담담한 비극. 그래서 오히려 여운이 더 길게 남는다.",1
R14649,ㅇ이종인 이분 북한에 배타고 놀러간다는 사람이죠 ㅋㅋㅋㅋ세월호 팔아 장사 잘하네 ㅋㅋㅋ,0
R14650,이영화 본후 인터스텔라가 얼마나 조잡한지 깨달았다,1
R14651,이게 재밌다고? 진정?,0
R14652,재밌는데 왜 이래 ㅋㅋㅋㅋ,1
R14653,장훈의 일대기,1
R14654,후반으로 갈수록 악당들이너무 약해 보엿고 재미가없다.,0
R14655,유치한 말장난에 로맨스로 똘똘뭉친건 둘째치고 두남자를 미치게만드는 여자가 리즈위더스푼이라니 집중이 안된다 집중이! 샤를리즈 테론도 아니고 내가 영화 웬만하면 끝까지 보는데 리즈위더스푼이 집에서 상의만입고 춤출때 나에게 1시간03분의 시간을 아꼈다,0
R14656,다양성 존중이라는 거짓된 미명하에 어린 아이들을 게이로 조장하는 쓰레기영화 . 다시는 게이들을 미디어에 비추지 말아야한다. 게이들은 정신병이다. 치료받고 straight한 가치관을 갖길 바란다.,0
R14657,10점 행진가자 모두다1010,1
R14658,차라리 18금으로 가지 그랫어..,0
R14659,이런 막장 스토리를 봤나.. 노출도 높아져서 리얼해진 것 빼곤 TV판 보다 나은게 없네,0
R14660,mother fucker! oh shit!,1
R14661,블랙코미디 존나 꿀잼ㅋㅋㅋ배우들 완전 초호화 캐스팅임ㅋㅋㅋ,1
R14662,30분보고 결말 예상했음ㅋㅋ,0
R14663,박중훈 감독의 톱스타보다 재밌었고 더 설득력(?)이 있었다. 그런 의미에서 만점.,1
R14664,유치한 미국 상업 영화,0
R14665,배우들의 연기는 당연 최고였다 실화를 실제처럼연기하고 실제처럼 연출해낸다. (똑똑똑),1
R14666,무섭지도 않고 재미도 없고,0
R14667,영화를 본 시간이 아깝다 그만 좀 만들어라 쓰레기 영화,0
R14668,"음악, 연기, 영상미 다 좋았습니다. 할머니와 엄마, 엄마와 딸을 비교해서 보는것도 재밌었고요. 미국프랑스 둘다봤는데 프랑스가 원작이라 그런가 더 재밌네요.",1
R14669,하~~~~~품.,0
R14670,어찌 이런영화가....미치겠군...,0
R14671,"내용도 없고 산만하고, 어디 이딴걸 영화라고 만드냐.",0
R14672,시끄러워서 잠도못잡니다 ㅋㅋ,0
R14673,변호인보다 더욱 실제감 있는 법정영화. 남자로서는 분통 터질 지경,1
R14674,"초반까지는 집중이잘되었는데, 설득력이나 현실성이 떨어지고전달하려는 메세지도 알수없고, 주인공의심정에이해가안간다.",0
R14675,삶에 대한 깊이 있는 성찰과 아름다운 영상 미학. 그런데 난 자꾸 디킨스의 소설 '크리스마스 캐롤'이 연상된다.,1
R14676,ㅋㅋㅋㅋㅋㅋㅋㅋㅋㅋㅋㅋㅋㅋ 아나개재밌어진짜 봐도봐도안질림 ㅋㅋㅋㅋㅋ,1
R14677,에구치 요스케가 이런 영화에 나오다니.. 영화메세지뿐아니라 완성도도 부족,0
R14678,흥행에 실패한 이유를 알겠다,0
R14679,원작 답습에 그친 명목상 프리퀄,0
R14680,다소 내용이 부족한 부분은 있었으나 사회문제와 그로인해 힘든시기를 겪는 가족이 다시 일어서는것을 보여주는것이 감동적이였습니다,1
R14681,글올리면자꾸지우네재미없는거재미없다그러는데불만있나완전쓰레기영화공유3분출연,0
R14682,지들끼리는 엄청무서워함ㅋ,0
R14683,"진정한 스릴러를 가르쳐준, 수작!",1
R14684,세련된 총격전의 진수!,1
R14685,오랜만에 본방사수 하게 생겼네 ... ㅎㅎㅎㅎ,1
R14686,졸작에 한표 더,0
R14687,보는내내 답답 지들끼리머하는거야 쇼를하네진짜,0
R14688,후속작 플리즈으~~!!,1
R14689,생각보다 재미없음 ㅠㅠ 지루해,0
R14690,잘 만든 아름답고 슬픈 영화.,1
R14691,진짜 이해가 .. 좀아닌거 같아요,0
R14692,최고다 스토리가 탄탄하고 몰입의 경지다최고의 명배우이기에 가능한것같다,1
R14693,"주제가가 너무 재미있고, 비극으로 가다가 해피엔딩으로 끝남.",1
R14694,1 2 3 4 5 6!!!!1 2 3 4 5 6!!!!,1
R14695,진짜 소름돋는 연기력.. 무형문화재급;; 그래서 재밌다,1
R14696,인간의 광기를 잘보여준 영화. 결말이 결국 핵미사일 발사였다면 역사물이었을지도.,1
R14697,"영화 참 좋네요.... 호아킨피닉스 ,, 마크 러팔로 아 최고네요",1
R14698,시대를 너무 앞서버린 영화,1
R14699,휴지덮고 자다가 놀라는 쥐표정 >.< 아직도 안잊혀지는ㅎㅎ,1
R14700,연기자들 연기는 각배역마다 수준이하급이며.. 뒤죽박죽 앞뒤가 안맞는 스토리전개..,0
R14701,이렇게 흥미 떨어지는 속편도 드물듯,0
R14702,전작과 비교할때 볼거리 많음 + 중구난방 스토리 = 정신없음. 이상하게 주인공도 부각이 안되고.,0
R14703,연계성이 말도안되는 영화. 갑자기 내가 범인이지롱~~ 하는 반전아닌 반전은 뭐야,0
R14704,난 완전 재밌개 봤는데 ㅋㅋ뻔한 반전이라 생각 했는데 다른 반전 재밌었음,1
R14705,ㅅㄱ하셨습니다.,0
R14706,"대체 헬보이 3는 언제나오는거냐 제발좀 만들어라,,,헐리우드에 호소한다",0
R14707,당시에 봐도 정말 졸작이었는데..,0
R14708,지루하고 재미가 없다. 남주가 반 페르시 닮아서 2점 준다,0
R14709,재밌어요 2편 얼릉 나왔으면 좋겠네요,1
R14710,야한,1
R14711,또봐도 감동적인 영화~,1
R14712,이런 걸 돈 내고 극장에서 누가 볼까 하는 생각이 들었다,0
R14713,풍자와 뮤지컬의 절묘한 조합,1
R14714,진짜 시간이아까운영화ㅡ;ㅡ 보다가삭제하긴처음이다 여자주인공답답해ㅇㄴ론이ㅏ,0
R14715,우연히 봤는데 멈출수가없어서 연속방송하는거 다보고있네요.. ost센스도 좋고 너무 재밌습니다!,1
R14716,그냥 전형적인 형사영화 평점 4점대가 적당,0
R14717,"조금 지나면 봄이 온다,,, 내 마음속의 봄은 이미 봄으로 가득차버렷다!!!",1
R14718,억지감동 억지웃음 억지스토리,0
R14719,사회적 풍자와 재미와 향수를 볼러일으키고 부조리한 사회에 굴복하지 않고 살고 싶은 마음을 영화로써 봐서 좋았던거 같다,1
R14720,난 그럭저럭 재밌게 봤다. 집에서 본다면 킬링타임용으로 괜찮은 영화,1
R14721,허허 말이 안나오죠...,0
R14722,좀 최선을 다해서 만들어 주세요. 1점짜리 영화는 아니지만 감독의 안일함에 때문에..,0
R14723,킬링 타임용. 수준 낮은 연출 많다. 3류. 뭐 잔인한 스릴러물 답게 몰입은 됨. 시간 날리기에 적당. 이딴 영화 추천 짜증나네.,0
R14724,세기말 펑크적 분위기는 좋음. 다이하드의 한스그루버와 똑같이 생겨서 놀랐,1
R14725,돈아깝...진심 하나도 안놀람,0
R14726,세명 나란히 총알하나로 갈기고 끝났어야할 영화. 해피엔딩으로만든다고 숭고한사랑?,0
R14727,어렸을때 매우 재밋게 봤다 생각이야 안나지만....감동만은 전해진다,1
R14728,진정 여성부가 필요한 곳. 한국이 아니라.,1
R14729,즐거운 꿈을 꾸게 해주는 달콤하고 낭만적인 영화 초콜렛.,1
R14730,"영화라는게 쉽게 이해가 되야하는데 내용전개, 내용전달 등 이해하기 힘듬",0
R14731,처음본 일드인데 정말 재밋게 봣어요 ㅎ ㅎ,1
R14732,머가 재밌어.--;..완전 X같은 영화다..시간 아까움..,0
R14733,매 장면장면이 신기하다...어떻게 찍었지?,1
R14734,벤치의 하이라이트 씬. 서유기 월광보합에서 패러디 할 정도로 임팩트 있었던 씬. 죽음,1
R14735,인간 사랑 본능 절제 탐욕 욕구 진실 짜증 -0-.,1
R14736,"돔이 안나와서 아쉬웠지만, 웃음으로 살려냈다.",1
R14737,임순례 감독이 연출한 영화 맞나?,0
R14738,전진하는 윤성호의 영화가 보고 싶다.,0
R14739,너무재미있네요 여얼자,1
R14740,사실적이고 심리묘사도 뛰어나고 어렵지만 보고나서 여운이 깊은 영화,1
R14741,글쌔...뭔가 맘에 안듬,0
R14742,음.. 잼잇긴잼잇는데 만화로나온 뮬란이 잼잇네요 ㅎ,1
R14743,향수를 불러일으키는 영화,1
R14744,아쉽다.... 왜 2편을 이렇게 만들었을까? 1편 땜에 기대 많이 했는데...,0
R14745,샤이니 짱이에요><,1
R14746,무한도전최고,0
R14747,"언더그라운드.. 비단 유고만의 이야기일까... 어떻게에선 호불호가 갈릴지 모르겠지만, 어디에 서 있더라도 무엇을 바라봐야 하는지를 정확히 아는 감독인 것 같다. 에밀 쿠스트리차",1
R14748,이 영화가 왜 이렇게 끌리는지..ㅠ 바닐라 스카이는 너무 버터스러운 느낌,1
R14749,역시 손현주는 대박 짱~~~친구들도 짱~~~,1
R14750,0.1점도 아깝다,0
R14751,종교영환가....끔직하군~~~~~,0
R14752,"임상수 감독 특유의 사실적이고, 개성있는 뭔가를 찾기 힘든게 사실이다. 또한 감정이입을 강요하는 전체적 줄거리는 많이 실망스러웠다.",0
R14753,꼭 전달을 이렇게 해야했냐.,0
R14754,그냥 조잡한 드라마같다,0
R14755,1은 재밋었는데 2는 쫌 지루하더라고요,0
R14756,나도 학창시절 음악선생님이 떠오른다..,0
R14757,"현실은 씁쓸하지만, 꿈이 있는자는 여전히 아름답다.",1
R14758,아들이 너무좋아했어요저두 즐겁게봤어요 굿!!,1
R14759,이영화가 강간범이 출연한 영화 맞나요^^ 인생 퇴갤 되신것을 추카합니다^^,0
R14760,견자단이감독이었군..;; 정이건이나오면 언제나 흥행은 저멀리....,0
R14761,잔잔함속에서 끊임없이 스릴감을 느낄 수 있었다. 어려운 부분은 영화속에서 반복되는 설명으로 기본지식 없이도 이해할 수 있음.,1
R14762,짱!감동임,1
R14763,난 노래가 좋았다,1
R14764,"""플랜맨""같은 사람을 실제로 겪어봐서 그런지..공감이 가는 영화였어요..참으로 유쾌하고 눈과 귀가 즐거워지는 느낌입니다. 정재영씨 연기는 언제봐도 ㄷㄷ합니다.",1
R14765,마지막에 귀신과 듀엣으로 노래부를 때 웃음이..,0
R14766,역시하정우 보는내내 긴장하면서봤다,1
R14767,너무나 아름답고 신비로운 영화다.,0
R14768,이런 영화를 만들어주셔서 감사합니다ㅠㅠ,1
R14769,"쓰레기,쓰레기,쓰레기,쓰레기,쓰레기,쓰레기,쓰레기,쓰레기,쓰레기,쓰레기",0
R14770,재미있었어요 ^ ^~,1
R14771,변덕이 사랑을 변하게해~,1
R14772,놈놈놈 따위와는 비교를 불허하는 최고의 서부 영화,1
R14773,지루한 멀미영화,0
R14774,"1990년대에 나온 영화라는 게 믿겨지지 않을 정도다.웃긴 장면도 많았고, 스토리도 정말 좋았었다.내가 지금껏 본 영화 중에서 최고 중에 최고였다.",1
R14775,이렇게 허접하게 영화 만드는 분이 평론가라니 앞으로는 평론도 믿을수 없겠음.,0
R14776,난 이게 왜 망작평을 받는지 모르겠습니다.,1
R14777,일본인들에게 이 영화를 추천한다 한나는 모든죄를 질머지고 종신형을 선고받았다,1
R14778,여잔데도 군대이야기에 공감가며 웃음짓게 만드는 제작진의 힘,1
R14779,조 중사 사탕 떨구는거 오글거림의 극치인데다가 버스안에서 훈련병들 지껄이는 대화 내용 개오글거림 그리고 정재영이 우리가 누구야 우린 684야! 하는거 대박 유치함 소재 괜찮고 액션신 볼만하지만 과대평가된 면이 있어서 1점 준다,0
R14780,부산국제영화제에서본영화지루하고왜2편이나왔는지몰라남는거없,0
R14781,이해 안되는 것을 표현하는 것도 영화적 자유라면 인정해줄 수밖에.,0
R14782,기대 없이 보니까 그냥 볼만하네요.,1
R14783,집중안되는 스토리 전개와 뻔한 연기력에 평점 7점이나 넘는 게 신기~,0
R14784,시간이 흘러도 퇴색되지 않는 맛이 있는 영화,1
R14785,28일후 보다 빨라진 좀비 + 새벽의 황당한 저주 스토리를 웃음끼 싹빼고 각색한영화라고 보믄됨..,0
R14786,이훌륭한영화가평점이낮은이유가뭘까 이해가1도안되,1
R14787,그정도 숲은 한국에도 많아요..속지마요..넘 재미없어요..우왕 차비아까워..,0
R14788,마지막 집착도 결국 비극이군.,0
R14789,짱!! 조낸 짱..,1
R14790,매년 함께하는 케빈 ㅠㅠ,1
R14791,재키찬 손가락 짤림 ㅋㅋ,1
R14792,911테러가 없었다면 비디오로나 나왔을 작품,0
R14793,여자없엇으면 안봣다 ㅈ,0
R14794,ㅋㅋ 9.1이 보인다.. 형제들이여 힘내라...,1
R14795,이 영화의 전체적인 분위기로서 낡은 세피아색이 몽환적이고 강렬한 인상을 주었어요.,1
R14796,"무의식적으로 접어버린 한남자의기억이나오는 순간, 흥미로움",1
R14797,완전 유치뽕짝임! 70년대 영화임? 위에 평점 만점 올린사람 사시임? 아놔. 돈 졸~아끄버!!! 내가 발로만들어도 저정도는 하겠음!,0
R14798,시대를 너무 앞서간 작품!,1
R14799,지루해질때까지 여러번 집에서 봤습니다~흰마우스. 정말 귀여웠습니다~,1
R14800,멍청해서 웃지도 못하는 바보들 많네,1
R14801,이영화 진짜보지마삼차라리 자신사진찍어서 벽에 붙치삼..,0
R14802,예전 사랑을 놓치고 새로운 불륜을 시작하다.,0
R14803,중3때 이걸봣는데 연출도 거지고 스토리도 웃기고 막판에 병맛 초반 cctv하나 웃겻네,0
R14804,이해하기 쉽게 비유하자면 헐리웃판 [고질라]가 1년 먼저 개봉했다. 후세 사람들이 이런 사실을 모르고 테스트를 한다면 과연 어떤 영화가 더 먼저 나왔다고 생각할까? 답은 너무나도 명확하다.,0
R14805,발연기는 처음.... 몰입이 안되고 보여주고자 하는 내용이 무엇인지.예술영화라고 한번 기대참 마음으로 봤다가 실망만 가득... 더 배우시길...,0
R14806,몽정기,1
R14807,역시 코난 !! 연기 짱잘하는군 ㅎㅎ,1
R14808,정말 멋져요^^ 다시봐도 좋을 것같은 영화.,1
R14809,르네젤위거의 시종일관 이상현표정때문에 찌그리며봄 이안보다 그친구역 피터역을 한 데이빗 하이드 피어스의 연기가 훨좋았다 화려하긴하지만 반전도 뜬금없고 그닥,0
R14810,영화평 쓰게 하는 영화 보다졸다 보다졸다 시간아깝다고 느낀 영화는 이영화가 처음,0
R14811,영상미가 좋습니다:) 재밌어요,1
R14812,결말의 여운과 극중 분위기에 흠뻑 젖게 만드는 영화,1
R14813,"재미실종, 의미실종, 시간낭비",0
R14814,이상하다 쫌.... 뭐가 뭔지도 모르겠다.....,0
R14815,이수완이 연기 제일 못해 ㅠㅠ 역할도 배우라면서 연기 왜이래 ; 선배랑 여친이 연기 제일 잘해 ㅋ,0
R14816,이 영화는 지나치지 않으며 눈물을 머금게하며 애뜻한 미소를 선물한다,1
R14817,손예진도 너무 예쁘고 정우성도 너무 잘생겼고...그리고 연기는 둘다 어찌 그리 잘하는지.영화도 너무 좋고 잘 풀어낸 것 같아요.,1
R14818,굳 잘봤습니다,0
R14819,이게 왜 망했는진 모르겠지만 ㅋㅋㅋㅋ 코미디 작렬,1
R14820,"지루해서 계속 넘겨보다가 껐다, 몰입이 안된다. 그냥 춤 영상 보는 듯",0
R14821,완전별로 보다 잠잤음시간돌리도,0
R14822,내인생영화 이말밖에는못하겠다,1
R14823,적극추천까진 아니지만 가족끼리 보기엔 재밌습니다.,1
R14824,"옛날생각나서 다운받았는대 2분보고 바로 지움 ""입과 말이 따로놀아서""그런가??",0
R14825,자기여자친구의 6살난 어린 딸한테 선크림 발라준답시고 성희롱하고 고등학생 딸이랑 자고 .. 그래놓고선 6살난 딸은 자기가 데려가겠다고 법정소송까지 벌인 사람 천재천재하는거... 좀 찝찝함 .. 이거 아는 사람들이 얼마없어서 그렇지 알고나면 진짜 ...,0
R14826,같은 한글을 쓰고 같은 정을 나누는 우리나라 사람의 다른 일상 입니다. 어떤 공포영화보다도 무섭고 어떤슬픈영화보다도 슬픕니다.,1
R14827,83분동안 개콘 홍보영화 봤다 그리고 김원효 너는 만화 더빙 진짜 그만둬라 벌써 3개나 영화를 망쳤다,0
R14828,이딴영화보지마라 내가 영화보면서 처음으로 사기맞은기분든다,0
R14829,영화정말좋은데 왜 평점이낮지,1
R14830,결말이 별로,0
R14831,사랑하는 마음으로 못 본걸로 해두지.,0
R14832,원작안보고 봤는데 볼만했다. 난 이런 드라마류를 좋아해서 ㅎㅎ,1
R14833,영화자체가 챌린저급 설계,0
R14834,철저한 중공영화&인민영웅 탄생비화&저들이 없다면 한반도는 완벽했을 것이다.,0
R14835,전편친구들이 모두 나와 친숙하고 재밌다.,1
R14836,코엔과 타란티노의 그 언저리 어디쯤. 뭔가 의미있는 척 무게 잡는 건 역겨워.,0
R14837,아죽일라면 죽이지 여운을남기네ㅋㅋ,1
R14838,기대이상으로 괜찮았음.,1
R14839,"엔딩크레딧에 눈을 감고 엔딩곡을 끝까지 듣게 하네요.마지막4중주 처럼 주인공들의 인생도 25년동안 쉬지않고연주되어 불협화음을 일으켰지만 그래도 어떻게든 끝까지연주되어집니다. 음악 마지막4중주가 이 영화이며, 이 영화가 마지막4중주라는 곡입니다",1
R14840,4번은 봤는데 대단함. 에이리언1과 연결도 되고 에이리언1의 내용을 보충하려는 감독의 의도가 좋았음. 2가 엄청 기대됨,1
R14841,다시봐도 재밌는 영화 !!예나 지금이나 제일 더럽고 무서운건 인간,1
R14842,"첨엔 나쁜넘이라 생각했데,,이남자 넘 불쌍하다,,",1
R14843,꿀잼있다 엄청나게 잼꿀,1
R14844,사람의 욕망을 너무나 미려하고 당연하게 포장한 영화. 뛰어난 표현력과 별개로 오로지 주인공 둘만의 관점에 너무 집중한 듯 하다. 둘만의 세계로 끝내었어야 하는 영화. 감성적 허영의 극치.,0
R14845,흔한 마약 이야기. 차별성은 경비행기가 주 운송 수단이라는 점.,0
R14846,졸잼 또보고싶다♥♥♥♥,1
R14847,마치 조용히 아름답게 바라보는 시간들 처럼,1
R14848,영화갖고 장난치면 안된다,0
R14849,저런 OOO 장교랑 같이 싸우는 병사들이 불쌍하다 진짜 ㅉㅉ 지들은 좋은거 쳐먹고 애들은 벌레먹은 건빵이나 맥임 ㅅㅂ,0
R14850,정말 보는내내 울었습니다. 감동이 오르네요.. 여운이 많이 남는 영화입니다.,1
R14851,영화 최고.. 진짜 잘만들었다 실화를 정말 잘 살렸어..감동,1
R14852,"쌉싸름한 느낌..좋다,, 독립영화가 이렇게 매력있을줄이야..",1
R14853,잊혀져가는 소중한것들에 대해서.. 인생은 그럼에도 아름다운것,1
R14854,밖에서 요리하는건 이해되도.. 먹는것은 안에서 먹어야지.. 과한설정 같네요. 그치만 완전 재미있음^^!!!,1
R14855,평점 높게 주는 인간들은 군대 안 갔다 왔나?? 전방 경계에 대해 모르나? 이건 대한민국 군인 까자고 만든 영화로 밖에 안 보인다. 아무리 빠져도 병사와 간부가 민간인 강간하고 그걸 덮으려 하는 행위... 그런 비인간적 행위는 없다. 장난하나....,0
R14856,정말 실망스러운 드라마,0
R14857,장난감 총 하나가지고 서로를 겨누기만 하다가 끝난다. 84분이 840분처럼.,0
R14858,엄태웅이 죽은후 재미 없다,0
R14859,혜수님이 나오신다 하여 보기 시작했는데 어느세 너무 재미있어 꼬박꼬박 챙겨봤던 드라마!! 혜수님 너무 예쁘시고 연기도너무 잘하세요!!!,1
R14860,상투성과 진부함의 연속 예측가능한 웃음...실망..,0
R14861,좋은영화이다 평점은높다,0
R14862,왼전재미있어요,1
R14863,"예전에 영화채널에서 봤는데...굉장히 심오하고, 인상적이었다.",1
R14864,정말 가슴 찡한 영화였습니다.,1
R14865,다큐는 처음 관람이지만 만족스럽네요,1
R14866,쿵푸팬더가 훨씬x99999999999 더 재미있음,0
R14867,거부감 없는 오락 영화,1
R14868,깊은 여운이 남는 애정 드라마의 걸작,1
R14869,"스트투입시키면 시청률좀 올라갈까 기대하나본데,게스트문제가 아님!1박2일 작가들은 왜있나 모름 매번 수년전 진부한 소재와 늘 똑같은 게임 ...다른방송 모니터해보면 모르나 차이점을? !별하나도 아까움",0
R14870,처음 이 액션을 보면서 놀라움에 입이 떡하니 벌어졌다.,1
R14871,김희선 대사 3개 정도 있었나 그나마 그것도 국어책 읽기,0
R14872,평점이 이해안될정도로 간만에 정말 재밌게본 전쟁영화였네요. 일단보시오~ ㅎㅎ,1
R14873,=_=뭐야이거,0
R14874,"일단 지르고 보자 네명의 무모한 도전이 수백명의 청춘을 청춘답도록 만든 의미있는영화 , 상영후 더욱 빛난 시간들을 감독님 sns를 통해 보고있는데 얼마전 여행을 다녀온 후 문득 이 영화가 다시 생각나 지나쳤던 후기를 올려본다.",1
R14875,더이상 이런영화는 나오지 말아야 한다.ㅡㅡ,0
R14876,현실적인듯 그렇지않은 코엔형제가 공들인 이상적인 음악영화,1
R14877,이만한 로봇 영화 찾기 힘들어요 여러분 글고 이건 과대평가 받아도 됨,1
R14878,재미없게 본 영화였다,0
R14879,몇 번을 봐도 재밌다. 여잔데도 계속 보게됨.,1
R14880,전개방식이 너무 지루하다. 소재는 괜찮은것 같은데 연출을 너무 못한듯..,0
R14881,당시 놀라게 하다.,0
R14882,느낌 좋은 영화,1
R14883,볼만합니다,1
R14884,조낸 멋지다!,1
R14885,끝장나게 더럽게 지루하구 잼없음. 강인이는 연기하지말지. 정말 못봐줄정도.,0
R14886,월광보합이 10점이라면 선리기연은 11점... 이걸 어떻게 표현하지는 못하겠고... 말이 안되는데 말이 되는 최고의 이야기네요.,1
R14887,무슨 이런 걸작이 있냐!,1
R14888,이게 머냐 -_-,0
R14889,완전재미임,1
R14890,이딴영화 왜8.79임 차라리 내가오줌싸는게더재밋겟다,0
R14891,94년 대학1학년때 빌려와서 친구랑형들한테 20분동안 욕먹다가 시간이 지나면서 모두를 집중하게 만들었던 영화. 쫓기고 당해도 신나는 영화,1
R14892,박시연 베드신 스킵해서 볼려했는데 재밌어서 다 봐버렸다.. 근데 평점이 낮네? 좀 많이 영화를 알면 재미없는가? 여튼 나같은 단순한 사람에겐 재밌었다.,1
R14893,연기를 이렇게 못할수도 있구나.,0
R14894,"배우로서의 이름값을 버리고, 섣불리 영화를 얕보지 않은 감독 유지태.",1
R14895,크게 캄탄할 스토리는 아니지만 그 외에 면에서는 매우 뛰어나다고 말할 수 있다.,1
R14896,"""다녀왔습니다""가 제일 무서웠음.",0
R14897,"신부로서의 사명감을 처절히 실천하는 제리, 자신마저 부정하는 로키의 우정",1
R14898,유령나올때 멜로디는 어릴때 충격적이였지 ㅋㅋㅋ,1
R14899,이렇게 귀여운 쥐들은 처음이네요.ㅎㅎㅎ,1
R14900,이번주는넘심하게 끄신듯 예상은 했지만 넘 심했네요 2회동안 병원이야기밖에 없는듯ㅠ,0
R14901,캐릭터를잘표현했다매력적인프롤로,1
R14902,굿샷~~!! 재밌네요~~,1
R14903,난 모르겠다,0
R14904,박사아들 정시현 정말 멋져요,1
R14905,펑점 관리점 해야할듯ㅋ,0
R14906,새벽에 보기 딱 좋은 영화.. 애절한 그들의 사랑과 그들 사랑의 장애물이 됐던 브로우니의 속죄아닌 속죄에 가슴이 먹먹해진다.,1
R14907,참 별 쓰레기 같은걸 다 만들었네 좌빨도현 ㅋ,0
R14908,몇몇 캐스팅이 별로였다. 신지는 왜 나온 거?,0
R14909,그냥 멍청한 뚱보 암소같은 기집애 한 마리 때문에 애먼 남자 둘이나 희생당하는 내용. 이 딱 한 문장으로 저 지루한 1시간 20분짜리의 모든게 요약 됨,0
R14910,내생애최고공포영화임,1
R14911,그냥 야설이네.. 야하지도 자극적이지도 재미도 없다,0
R14912,시궁창 냄새 가득한 기득권 권력유지의 작태,1
R14913,"아,,짜증나.. 주인공이 브라이오니(여동생) 인 영화다. 처음부터 끝까지 존재탑은 브라이오니....음악때문에 스릴러인줄... 키이나와 맥어보이의 사랑이 아련하지도,,공허는 커녕 아예 집중도 안됨ㅋㅋㅋㅋ",0
R14914,우울하고 마리올라 너무 너무 불쌍함 잔인한 러브스토리가 아니라 그냥 잔인한 이야기,0
R14915,너무 감동적.. OST너무 좋아..,1
R14916,영화평점 작성하신분들 왜케 웃김ㅋㅋㅋ보다가 빵터졌어요ㅋㅋ,1
R14917,나는 왜케 지루한거얌,0
R14918,마약반 신참 형사의 더럽게 힘든 하루.. 모순된 상황들에서 계속되는 딜레마.. 현실에서 정말 자행되고 있을지도 모르는 지독하고 더러운 모습들이 대배우들의 특급 연기대결을 통해 생생히 느껴졌다..,1
R14919,온갖 못된일과 사람을 막 죽여도 몸에 상처없이 사약만 먹으면되는 내용!! 옛 왕들이 이따위였으니 이러니 이나라가 이모양이였나봅니다~ 이 드라마로 잘배웠습니다.,0
R14920,정진영의신들린연기력,1
R14921,이건 아니다.,0
R14922,지루해여....................................,0
R14923,"어찌보면 요조숙녀 같고, 어찌보면 무지하게 쎅씨하고....",1
R14924,싸이코패스 살인마들의 화려하고도 지루한 변명들의 향연,0
R14925,처음에는 볼만하나 했더니 개막장임ㅋㅋ,0
R14926,간만에 스티븐 시걸의 묵직한 액션이 제대로네~볼만합니다,1
R14927,정말정말많이 울엇습니다......여훈이 너무깊게남아 계속생각날듯하네요ㅡㅡ,1
R14928,당시 학교에서처음봤였을것이다.수업용이라40분밖에못봤지만 뒷부분이궁금해 비디오방가서 돈주고봤던영화.일단 발상이 너무좋았다. 내가3명에게좋은일을해주면 그3명도 또다른3명에게를 반복되어 수많은사람들이행복할수있다 비록 비디오방이지만 돈이아깝지않았다.,1
R14929,"아..참내 볼일보고 안딱고 나온기분.현실성이 떨어지잔아,쌍팔년도에나 먹혔을법한 스토리였",0
R14930,너무 막장간다 이젠 더이상 못보겠어 우엨,0
R14931,와..역대급 쓰레기 애니;;; 일본영화는 90년대 이후 진심 퇴보하는듯,0
R14932,질봐ㅛㅂ습니다 또 보고싶네여,1
R14933,60만 재일동포들을 위해 전국대회 우승을 꿈꾸는조선학교 럭비부 선수들의 도전과 애환차별 받는 오사카 조선학교의 가슴 아픈 현실,1
R14934,솔직히 말해서 3D는......별로.......하아,0
R14935,저마다 죄책감을 잊으려 발버둥 처본다,1
R14936,맞아요 이보다 애니로 보는게 훨 났습니다...거짓 아닙니다.. 근데 영 할말이 없네요ㅡㅡ;;;,0
R14937,와...윤아 연기 개 쩔음연기가 더 늘었네. 이제 진짜 배우다내용도 생각보다 진짜 재미있어요!,1
R14938,최고의 미드.. 하지만 중도 제작 포기되서 정말 짜증 이빠이.,1
R14939,"책을 읽고 보라, 이 드라마가 얼마나 졸작인지",0
R14940,페이크 다큐의 사실성도 잃고 공포마저 없다,0
R14941,에라이 시간버렸네. . .,0
R14942,너무 기대를 많이했나? 흐름이 지루하고 답답했다,0
R14943,류승범을 위한 류승범에 의한 류승범을 위한 영화. 류승범 혼자서 최고의 감동을 줬습니다,1
R14944,그들의사랑을다이해하긴어렵지만..어느정도이해할수있었던것같았던..추천^^,1
R14945,남주 캐릭터가 뇌가 넘 섹시하고 귀여움. 재밌게봤어여,1
R14946,진짜 이게 '2000년대' 에 만든 '영화'가 맞나요? 무슨 감독이고 배우고 유치원 수준만도 못한것이 개봉을하나... 수준미달로 전국에 상영 금지시켜서 피해자를 최소한으로 줄여야하고 불법 다운로드 받아보는것 조차 아까운 영화가아닌 쓰레기다.,0
R14947,재미는 있었지만 벤에플렉 끝에서 죽는게 더 낫지 않았나? 악질 범죄자는 범죄자일뿐. 콜레터럴 데미지를 생각하면 아무리 벤에플렉은 살인은 안한다고 했겠지만 OO이다. 그게 맘에 안들어서 1점 준다 옜다~,0
R14948,좋은 작품,1
R14949,"재미없다,, 코미디도 아니다.. 솔직히 난 뭔말인지도 모르겠다..ㅡㅡ",0
R14950,쓰리디로 봐야 하는 영화! 볼 만 해요 동굴안 벽화가 생생하게 보여요!,1
R14951,재미도 없고 cg는 허술하고,0
R14952,"헬레이저는1,2만 봐야 된다",0
R14953,호불호가 극단적이네,1
R14954,"일본문화 개방시점에서 관심 가지고 본 영화지만 시나리오,연출,연기 모두 수준이하",0
R14955,별 반 개 주기도 아까움. 스토리도 진부하고 별 내용이 없음 이진욱과 윤균상 으로 인해 설렐 뿐. 주인공들이 하나같이 답답함.,0
R14956,유치하면서 재미있네요 지루하지않아서 좋음,1
R14957,재밌기만 하구만..,1
R14958,안봤으면 말을 하지말어,1
R14959,아니 ㅅㅂ 옛날엔 재밌었을지 모르지만 지금은 2013년이라고 ㅡㅡ 2013 관객의 입장으로 평점줘야할거 아니야.. 베댓 믿고 봤다가 진짜 겁나 후회중...아 나의 1시간 48분 51초 돌려내.. 최근 본 영화중에 가장 최악이라고 생각한다.,0
R14960,참....재밋는영화,0
R14961,3시간이 넘는 러닝타임이 전혀 지루하지 않았다. 10점 밖에 못 주는 것이 아쉬울 뿐이다.,1
R14962,내용이 참... 기대하지 않았던 방향으로 아스트랄하다. 특히 결말이;;,0
R14963,라디오스타 좋아했는데.. 보다가 욕나오고 화나는 유일한 프로그램 MC 4명이 프로그램을 진행을 하는게.아니라 자기하고싶은말 자기불량내새울려고 하다보니 졸라 난잡하다. 출연자들에게 질문하고 그질문을 다른 MC가 잘라서 다른말하고..,0
R14964,아 이거 평점 조작 아닌가? 평점이 너무 높아.. 솔직히 재미없다영화관에선 보진 않았지만 정확히 57분까지보다가 미련없이 껐다. 보는관점이 틀리지만 제 관점에선 구지 추천해드리고 싶지 않네요 수고요,0
R14965,정말 개판 영화네용 일본영화 수준이 영 판이넹,0
R14966,만화책은 그림체가 레알 꼴릿할정도 수준의 망가다,1
R14967,이렇게 긴장감 없는 전쟁영화는 첨이다 7점대는 아니기에 1점준다,0
R14968,빨간머리앤에서 매튜 할아버지셨구나! 감명깊은 영화네요,1
R14969,아놔..ㅡㅡ^,0
R14970,다시보고싶은명작!,1
R14971,초딩용~ 뻔한 스토리에 뻔한 결말.,0
R14972,절대적으로 나쁜놈들 편만드는 영화아...화나는데...잘 만들었다...제목 참 잘 지으셨네요. 그리고 나 보면서말 좀 하지말지..그것때문에 1점내림.ㅋ궁금하시면 보세요. 음악도 한몫합니다.,1
R14973,좋은 영화. 짧은 시간에 깊은 여운을 준다,1
R14974,좋다 괜찮아 여운남는것이. 간절한감정도주고. 여감독이라 그런지 와닿나보다,1
R14975,현실적인 건 갑자기 들이닥친 폭력 앞에 무력한 모습뿐. 순 어거지밖에 없는 영화. 이거 보지 마시고 나오미 왓츠의 '앨리 파커'를 보세요.,0
R14976,이 영화 완전 재밌어요^ ^,1
R14977,공포물에 단련이된건가?일부러 새벽에 혼자봤는데도 뭔가 싱거운 이느낌...........,0
R14978,오래된 정원은 우리가 꿈꾸는 유토피아다.,1
R14979,이사장 딸이 너무 불쌍하다,0
R14980,최고!!완전 재밌다 디시인사이드 완이만갤 만쉐~,1
R14981,화려한 영상과 코믹 요소들을 즐길 수 있었던 슈퍼노바 지구 탈출기,1
R14982,말도안되는 설정 말도안되는 대사들 상황들에 황당합니다. 이런드라마 방송해야하나요?,0
R14983,볼수록 빠져듭니다,1
R14984,얼굴 먹고 사는 것들.. 주위 사람들 얼마나 자기 발아래로 보는지 느껴져서 소름돋았다.. 스탭들이 불쌍해보인 영화..내가 역겨워하는 여자들의 모습을 종합선물세트로 모아놓은 기분이다.. 정말 기분 더러워지는 영화다.,0
R14985,영상 정말 좋네요~ 내용도 좀 신선?ㅎㅎ,1
R14986,이거야말로 구제불능이군..,0
R14987,도저히 이해가 안가는 영화,0
R14988,역시 김승우 잘생기고 연기도 잘하는 훈남이다.,1
R14989,good 짱 재미있음,1
R14990,박정아. 연기에 눈을 떴나?,0
R14991,독특한 소재로 한국 사람들의 문제점을 직접적으로 집어낸 영화!!!,1
R14992,ㅋㅋㅋ 다 좋은데 갑자기 뜬금포가 진짜 어이없음 스포라 적진 않겟다..,0
R14993,스타워즈 에피소드 다른 것이 나왔으면ㅠ,1
R14994,너무 감동적이고 조용해서 좋았어요. 난 다카하타 이사오의 영화나 작품을 무척 좋다,1
R14995,"하.. 정말 대사 하나하나 쫓아가지만, 어떻게 될까 궁금증에 놓칠수가 없습니다. 최고였습니다.",1
R14996,방금전 티비에서해준거 보고오는길이다.볼만하다.ㅋㅋ,1
R14997,"""애들 데려와서 봐라, 졸면 안되니깐 짐캐리를 붙여줄께"" 대충 그런것 같은데 그래도 나오는 하품",0
R14998,5편이 안나오기만 바랄뿐,0
R14999,"장난하나 평점왜케 놓아 ㅡ,.ㅡ 진짜 중학교 졸업작품으로도 부족하다 이그~",0
R15000,굿! 사랑스러운 영화입니다,1
R15001,제일 졸작인영화는 처음부터 끝까지 지루한건데 이게 바로 그영화다..,0
R15002,이거 보고 한 동안 충격이었음.. 그래도 재미는 있어,1
R15003,거부감은 들지만 신선하고 재밌다,1
R15004,"저희집 가정교사도 메리포핀스였으면 좋겠어요~이쁘고 착하고, 노래 잘 부르고...^^",1
R15005,최고였죠,1
R15006,ㅋㅋ2편도 역시 꿀잼이다,1
R15007,인터뷰이를 거치며 시공간을 점점 확장해간다. 어느덧 '일과 삶'에 대한 남다른 지평에 이른다.,1
R15008,훌륭한 영화였다.대작이다.크리스챤이라면 꼭 봐야할 영화다.,1
R15009,난생 처음으로 평점이라는 것을 작성해 봅니다. 재미가 있고 없고를 떠나서. 이런 영화를 만드는 것도 재주네요. 놀랍습니다.,0
R15010,태권브이!!!!,1
R15011,정말 평점이 너무 짜다 너무한다 너희들!!,1
R15012,그만좀나와라...레알 재미없어 ㅡㅡ 우려먹기도 정도껏해라,0
R15013,"막힘없이 자연스럽게 흘러가는 스토리가 좋았으며, 인물들의 얽힌 스토리가 흥미로웠다.",1
R15014,아 초딩때 아빠랑 동생이랑 맨날천날 노래따라부르면서 봤는데 ㅋㅋㅋ,1
R15015,재미 더럽게없다..2점부터 점수준거 매미 OO,0
R15016,최악이다. 이게 영화냐?? 자신의 정치적인생각을 1994사건들을이용해 배설해놓은영상일뿐...,0
R15017,"잔잔한 감동이있는, 따스한 입양 & 치유의 영화",1
R15018,리멬미쳣다 시즌2 고고,1
R15019,굳굳굳굳굳,1
R15020,....와닿지가 않는데; 뭔가 부족해,0
R15021,그 좋은 원작으로 이거밖에 못해오나?가끔 뇌를 열어보고 싶은 사람들이 감독을 한다.,0
R15022,평점이상은 되는데 전개도 빠르고 내용도 괜찮고,1
R15023,후회없이 시간아깝지도 않고 잘봤습니다,1
R15024,도그빌이라는 마을에서 추악한 면모가 하나 둘 보여질 때 나는 영화를 그만 봐야할 지 말아야 할 지 갈등하게 되었다. 나의 추악한 면들이 보여질까 무의식적으로 몸이 거부했었나보다. 영화를 색다르게 표현한 감독의 기량에 찬사를 보낼수 밖에 없었다.,1
R15025,킬링타임용도 안되는 영화,0
R15026,애잔한 느낌??,1
R15027,지구상에서 가장재미없는 영화임 별점 0점주고싶은데 어쩔수없이 주는 거고 도대체 10점 주는사람은 왜 그렇게 주는 지 모르겠다 이 영화는 박찬욱감독이 만든 영화중 가장 큰 실패작이 될것 같음,0
R15028,내 생에 처음으로 스킵했던 공포영화 zzz...,0
R15029,조셉 루번 감독이 연출했다고는 믿을 수 없을 만큼... ; 충격적이다;,0
R15030,일본영화는 정말 내 취향이 아니군 ...,0
R15031,정신없는데 재밌음ㅋㅋㅋ,1
R15032,결혼후에 현실은...,1
R15033,최고다 미쉘로드리게즈 로스트에서도 굿,1
R15034,"유치하기 짝이 없으며, 실버 서퍼 외에 갤럭투스, 닥터 둠은 겉절이 느낌. 그냥 머리를 비우고 제시카 알바를 보자.",0
R15035,"아고 화난다. 내 시간... 이 영화를 보고, 시간의 소중함을 깨달았다. 허송세월 보내는 사람들이여 이 쓰레기 영화를 1시간 40분 시청하라.",0
R15036,평점이 이거밖에 안될영화는 절때 아닌데 최소 7.5 이상,1
R15037,별로 무섭지는 않았다,0
R15038,이덕화 갈비뼈 부러젓을때 찍은영화.ㅊ화,1
R15039,초등학교를 배경으로한 드라마인데 성인인 내가 인생을 살아가는데깨닫고 얻는게 많았던 드라마..매편 가슴속에서 강한울림같은것이느껴져 눈시울을붉히곤했던거같다. 비록 큰조명을 받진 못했던드라마지만 나를 조금이나마 성장시킨 여러가지로 기억에남을작품이다.,1
R15040,지루할줄 알았는데 완전 재밌음ㅎㅎ 강추!!,1
R15041,영화처럼삶싶고동화속삶누리고싶고화려하고환상적인완벽한삶봐도심실제로내가이랬음좋,1
R15042,메릴 스트립의 연기는 잘하지만 여자만 볼것 . 남자는 공감못하는 요리 이야기 ㅠㅠ,0
R15043,홍상수영환줄 알았네...,0
R15044,ㄵ 5점대asfgsdlgkbjsjvb,0
R15045,충분히 놀랐던 장면이 다시 재현되는 수준에만 머무르는 영화..!!,0
R15046,프랑스영화는 역시 쓰레기,0
R15047,뒤로 갈수록 점점 더 엉망이 되더니 한심한 결말로 마무리 된다,0
R15048,돈주고안봐서다행인 영화 1위 !!,0
R15049,쓰레기삼류영화 시간아깝다,0
R15050,이 가슴벅참은 무엇 때문일까..,1
R15051,B급 패러디물도 안되는 C급 블록버스터스러운 저예산영화?,0
R15052,걍 뭐 한애니니까 5점,1
R15053,"1편은 신선한 반면 그리 무섭진 안했는데 이건 존내 무섭네...ㄷㄷ 혼자서도 공포물 잘 보는편인데 이건 일부 눈 가리고 봤다...역시 공포는 동양이 와다아.,...",1
R15054,이것도 영환가? 개 연기가 젤 뛰어나..대체 말하고 싶은게 머야?,0
R15055,어릴때 본 최고의 액션영화,1
R15056,"여성의 사랑과 성, 욕망을 다룬 맛있는 멕시코 영화",1
R15057,왜 봤는지도 모르겠다. 그나마 약간의 공중씬이 볼만했다. 재미없다,0
R15058,무슨 일본영화에 죽어???,0
R15059,인생이 무엇인지 알게 해주는 영화!!,1
R15060,정말 괜찮았던 브라이언 이노의 잔잔한 엔딩...,1
R15061,왜 재밌는데,1
R15062,"이 영화에 출연한, 이 영화를 기획한, 이 영화를 감상한 모든 이들의 에로 흑역사",0
R15063,아 진짜 재훈아 넌 시간이 자나도 연기가 왜케 어설프냐...ㅡㅡ,0
R15064,토끼발만 빼면 3가 젤 낫다..이유는 인간으로써 행복한 이단 헌트의 모습도 볼 수 있어서!,1
R15065,여운이남는아련한영화,1
R15066,여성성환타지가강한영화 남자가볼시 혐오성을일으킬수있다,0
R15067,보여줄려고 하는게 너무 많아서 이도저도 안되는 영화 3시간 짜리인줄..ㄷㄷㄷ,0
R15068,주인공과 계백이라는 인물매치가 좀...,0
R15069,재미도 재미지만 감동과 교훈까지 주는 훈훈한 영화다,1
R15070,"중견 연기자들의 연기는 좋은데, 신인들이 문제. 특히 유진과 윤시윤.",0
R15071,케로로완전간지난다,1
R15072,많이 공감간다,1
R15073,"소재는 괜찮은데, 너무나 지루하게 못만든 영화. 연출력의 문제인듯.",0
R15074,"강철을 황금으로 만들어 흥하는 연금술사는 아니지만, 등가교환의 원칙을 철저히 지키는 연금술의 평범한 진리를 깨우쳐 준다. 과욕은 그만큼 나에게도 문제를 일으킨다는 사실을 잊으면 안될것이다.",1
R15075,한국영화 어쩌다 이지경까지 ㅠㅠ,0
R15076,"등장인물 한 명 한 명의 감정이 그대로 전해오기에 더 완벽한 빌리 엘리어트가 되었다. 노래와 춤, 그리고 스토리가 너무 자연스럽게 하나가 되었다.",1
R15077,"솔직히 재미는 없다..,.,",0
R15078,정말짱이에요!!진짜감동받을만큼눈물나게잘쓰셨네요~~별점십점드릴게요♡,1
R15079,모성을 처음부터 갖추기보다 모성을 찾아가는 모습이 감동적이었습니다,1
R15080,가슴 어느 한곳이 아프다.. 울고 싶은 영화,1
R15081,이빨교정하고이상하진애이상해..,0
R15082,남성 우월주의를 보는 듯 해서 별로 좋은영화 같진 않다.,0
R15083,에드워드 노튼의 부드러우면서도 강력한 카리스마를 엿볼 수 있는 영화. 스킨헤드의 영웅이며 극단적인 사고로 자신의 인생과 가족을 망쳐 버린 데릭. 다시 시작하려는 그의 가족. 하지만 증오는 증오를 낳아 동생인 대니가 화장실에서 총에 맞고 사망하는 결말.,1
R15084,분노가 치밀어 오른다...엿,1
R15085,가볍게 보니까 재밌고 좋아요!!역시 스타뎀!!ㅎㅎ,1
R15086,영화보면서 이렇게 몰입되긴 첨이다ㅋㅋㅋㅋ정말 재밌었음,1
R15087,정말 독특함.. 실소의 연속 ㅋㅋㅋㅋㅋ,0
R15088,힘들 때 보고 힘이 났던 영화.,1
R15089,대박 재미있어요!!!!,1
R15090,"연평해전 군인들 고생한것도 알겠고, dj가 무책임했던거도 알겠는데..영화자체가 진심 재미없음...",0
R15091,젊은이들 로맨스가 판치는 요즘에 이런영화가 있어줘야함 마음까지 따뜻해져오는 영화,1
R15092,다시 봐야겠어요ㅎ 이때 감동받아서 엄청 질질자며 봤는데,1
R15093,일본꺼 리메이크,0
R15094,억지로 맞추어놓으니 그저 답답할 뿐,0
R15095,별로감흥도없고 재미도없었습니다.,0
R15096,불확실한 주인공 설정. 쪽발이가 중국요리를 평가하는 웃기는 상황.,0
R15097,우선 확실한 건이 영화를 본 것은 척 노리스의 숨결을 받은 것과 같습니다,1
R15098,오멘같은 무서운 영화,1
R15099,초등학교 4학년때 단체관람 했었는데 그때는 머 이렇다할 느낌이 없었는데 지금 디시 보니 명작이고 가슴이 왜 이렇게 여미는지 모르겠네요,1
R15100,몽샹미셀의 아름다운 해변과 라흐마니노프의 감동적인 피아노선율이 압권인 걸작,1
R15101,감독의 이름을 가리고 영화만을 봐라.,0
R15102,80년대 플래시맨보다 못한 영화,0
R15103,아 길다길어 잼없는 영화의특장 길다,0
R15104,"10대 소녀취향의 로코물로 참신한보다는 유치함이, 독특함보다는 어설픔이 먼저 느껴진다. 여중고생이거나 소녀감성을 지닌 성인은 즐겁게 볼수도 있을듯하다",0
R15105,액션도 그닥 감독하지말고 각본까지만 했어야햇다,0
R15106,우리가 지금 무얼해야하는지 다시 알게해준영화,1
R15107,누가 더 발연기인지 대결하는 모습이 알흠다웠다!!,0
R15108,삭스..-_-삭스핀만들어먹는다! 뭘 보여주려했던거나~!??,0
R15109,내 친구의 남동생의 남동생의 남동생의 남동생의 남동생의 남동생의남동생의 남동생의 남동생의남동생의 남동생의 남동생의남동생의 남동생의 남동생이 보면 딱 좋을뜻.내가 4살 일때 이 만화 보여주면 평점 10점 만점의 10점 줄듯함,0
R15110,괜찮았음 배우들도 좋았던 ..재미보단 민족과국가에대한걸 알수있었음,1
R15111,"당시 명필름을 부도직전까지 몰고갔던,문제적졸작.한동안이은,심재명부부는넉다운당함",0
R15112,진짜 되게 웃기네요... 다시봐도 되게 웃김,1
R15113,예전에 봤었는데... 편의점 나오고.. 그것 밖에 기억에 없다...,0
R15114,광주폭동을 왜곡하는 그들의 능력에 찬사를!,0
R15115,그림체는 코믹적이지만 스토리는 정말 탄탄하네요. 현 사회에대한 문제점을 잘 보여주고있네요. 영화에서 말하는 히마가 줄어들고있는모습,1
R15116,내가가장좋아하는한국영화best5 - 태극기휘날리며 공동경비구역 클래식 말아톤 웰컴투동막골,1
R15117,"Off the record, thank you for saving my life.",1
R15118,이런 드라마 나오기 쉽지않다. 참 멋드러진 드라마!,1
R15119,마치 경상도사람을 살인마로 만들려고 한 영화같다. 영화로 뒤통수를 맞은기분. 최악.,0
R15120,영애씨가행복해지길항상바라지만..현실감이떨어져예전같지않아요. 돌아와요영애씨,0
R15121,남는게 없는 영화 ....니콜 키드먼을 보는것조차 힘겨웠다,0
R15122,이게 머야,0
R15123,뭔가 있겠지... 보다 지쳐 포기하다.,0
R15124,무의미한 연속입력은 불가능합니다,0
R15125,'서세원'은 사망자 명단의 이름 중 하나라고 한다.,0
R15126,지금2편보는중... 후... 1편보고바로2편보니까이건뭐감동도없고재미도없고... 1편다시돌려보는게시간더안아까울듯,1
R15127,에휴 진짜 이런 거 때문에 죄없는 애들 정떨어짐,0
R15128,이 영화 쓰레기다 한 사람들은 처음부터 보지를말아야지 포비아면 포비아답게 그렇게 혐오만 하면서 사세요. 성적소수자들도 인정 못하면 개방적인 사고로 어떻게 세상을 살아갑니까. 그따위 말로 소수자들을 상처주지마세요. 사람을 사랑하는건 당연한 권리입니다.,1
R15129,바람난 가족? 그래서 뭐?,0
R15130,나는 재미없다. 늙어서그런가?,0
R15131,다소 안타깝다. 여주의 활발한 활동 바라다.,0
R15132,난 진짜 재미없던데 지루했다,0
R15133,노무현 대통령이 본 드라마라니까 명바긔 따라하고 싶었구나? ㅋㅋ,1
R15134,이거 보면서 너무 웃겼다.,1
R15135,배경도 너무 예쁘고 무엇보다 달달해요~솔직히 첨엔 뻔하고유치한드라마일줄알았는데...그래도 가볍게 보면서 계속 미소가 나오더라구요 ㅋㅋ동해한테 빠져버렸어요 ㅠㅠ 연기잘하드만,1
R15136,독립영화따위가 아니라면 일단 재밌어야 하는게 우선.,0
R15137,올 봄 당신들의 가슴속에 각인 될 단 하나의 똥쓰레기 작품이 온다 에어리언 대 거미,1
R15138,스필버그감독 본인이 유대인이라서 그런지 영화속에서도이스라엘을 까야하나 말아야하나 고뇌하는 느낌을 받았다그렇다고 팔레스타인을 막 옹호해주는것도 아니고..대사로 옹호하는장면이 있기는하지만..그럼에도 영화는긴장감있게 흘러간다 재밌게봤다,1
R15139,이모 OOO기년이네..,1
R15140,"아마 이 애니를 따라올 자동차액션은 엄청난 시간을 쏟아붇지 않는이상 없을겁니다 ㅋㅋ 아주 레이싱 액션이 죽여주는 만화 , 스토리때문에 호불호가 갈리는 아쉬운 애니지만 그래도 박진감 철철 넘치는 레이스씬과 비트쩌는 배경음악덕에 모든게 용서됨 완전 강추!",1
R15141,제대로 맛이간 사랑과전쟁. 4주후에 볼 필요도 없겠군.,0
R15142,진짜 잼있게 봄! 최고...도저히 십오년전 영화라고는생각안됨..,1
R15143,반전의 최고 영화~ 극장에서 긴장하면서 본 기억이 난다.,1
R15144,리 페이스♥♥♥♥ 그냥 최고♥♥,1
R15145,정말 많은 애니를 뵛지만 역대 최고 !!!이노리와 슈만큼 내게 와닿는 인물은 없음,1
R15146,너무허무하게끝났어요 둘이눈마주치고끝나는게모임 ㅡㅡ,0
R15147,우리나라에도 저런 넘들이 멀쩡히 살아있을 텐데..,1
R15148,이해하기 어렵지만 뭔가 굉장한 걸 본 기분이다. -_-;,1
R15149,평점보고 안볼려다가 마크러팔로 때문에 봤는데 개잼...끝에 반전 3번이나 걸림 ㅠㅠㅠ,1
R15150,흥행에 성공하진 못했지만 정말 무서웠다,1
R15151,댓글이 알바야? 쓰레기 패륜같은 뭐 이런 어이가 없네,0
R15152,안다~,1
R15153,어릴 때 TV에서 봤지만 그때 당시에도 재미없었던 영화 중 하나. 식인사자 잡는다나 머라나. 굳이 찾아 볼 필요는 없음. 후반부에 시시하게 엔딩.,0
R15154,1976년 작품인걸 생각하면 훌륭한 리메이크,1
R15155,시덥잖은 건달코믹 복수살인 이야기에 식상해져버린 멀티플렉스의 공기를 환기시켜줄 진지하고 차분한 영화.,1
R15156,영상과 대사 모두 훌륭하다.,1
R15157,(-_-)....나는 잊고 싶다,0
R15158,뻔하고 긴장감 없는 액션,0
R15159,마치 이스터섬에 와있는기분!,1
R15160,평점믿고 봤는데.. ah..,0
R15161,ㅅㅂ 그만 쫌 만들어라 쓰레기 영화,0
R15162,"이미 다 아는 내용인데도 눈물이 주르륵...ㅠㅠ정말 행복했던, 낙천성을 충전하는 시간이었습니다!",1
R15163,설정은 억지스럽고 내용은 유치하고 그렇다고 애들이 보기엔 잔인하다,0
R15164,좁은 공간에서의 아기자가한 맛,0
R15165,"사람들 절반이, 잘못알고있는데ㅋㅋ 진화촉진제 맞은 인간들이 바로 돌연변이 된게 아니라... 진화촉진제 맞은 인간들이ㅡ 후손남기고 극한환경에ㅡ 맞게끔 900년걸쳐서 진화한건데;;; 전자로 생각하면 진짜 평점 낮을수밖에ㅋ기자/평론가들 태반일거임ㅋ",1
R15166,뀼♥,1
R15167,어디로 행방불명 됐니 엄마아빤 왜 돼지가 됐고?,1
R15168,출연자들의사진을볼려고해도못보고 이거정말 너무한거아닌가요? 좀볼려고했더니.,1
R15169,박신양씨 빨랑 컴백해요!!,1
R15170,재밌어요.. 티비서 봤는데ㅋ,1
R15171,나도 운명같은 사람을 만나고 싶다.,1
R15172,둘의 케미도 비주얼도 잘어울리고.이미지와 잘 맞는 옷을 입은 배역인듯.차분한 로맨스...오랜만에 감성돋는 영화였다,1
R15173,108분런닝타임중 10분가량의 권투 액션빼면 정말 볼것 없는 영화...,0
R15174,별로....였어욤ㅎ,0
R15175,쓰레기영화 10자압박,0
R15176,"어설픈 추리 게임... 제발 제작하지 마라... 지들끼리 적을 가늠하다, 다 틀리고, 끝날때 즘 적이 누군지 알려주는 이런영화 정말 싫다",0
R15177,이런영화정말좋다요즘나오는돈만쳐바른영화들때문에영화를보는게피곤하다느껴질정도였는데잔잔함속의디테일과유머와휴먼!역시모건프리먼이었음진짜맘에들어~~,1
R15178,발상이 참 좋고 짐캐리의 연기가 너무 좋았던 영화.. 동생도 인상깊게 봤는지 자주 생각난다 함.,1
R15179,화려한 영상에 비애 보잘것 없는 스토리라인.. 젝일..여배우들이 아깝다..,0
R15180,동북공정이나 그만두시지! 최시원과 유승준은 한 세컷정도 나오나보다,0
R15181,뭘 40자 평 씩이나,1
R15182,너무 감동적이고 소중한 영화,1
R15183,별기대도없이봤는데도 날 만족시키지못한영화ㅠㅠ하이틴원래유치하지만이건너무ㅠㅠ,0
R15184,인생과 영화에 대한 고다르의 질문.,1
R15185,계속 아부하면서 혀놀림으로 나갔으면 괜찮았던 영화지만 결국 옛날 일이랑 막 다 꼬이면서 으아아 망함 ㅠ,0
R15186,싸이코스럽다;,0
R15187,저OO호새퀴들아 진짜 저혹우 들은 2050년에 먼저 태양에 처박힐나라야ㅅㅂ,1
R15188,아름다운 불륜 ...,1
R15189,10년만에 다시봤는데도 잼나당,1
R15190,"10년전쯤 텔레비로 보았는데, 죽어도 안잊혀진다....",1
R15191,교감과 담임 배우가 중간에 바뀐다. 진짜 어처구니 없음,0
R15192,막장드라마 작가들 보고 배우세요!!,1
R15193,연수 강간이라도 당하게하고 빨리끝내라.독한년하고는 살아도 재수없는년하고는 못산다!!,0
R15194,"멋진 작품이었어요, 10점~ 마음으로썬 100점 넘게 주고싶은데 ㅋㅋ",1
R15195,이영화재밋다,1
R15196,개노잼..진심노잼 씹노잼..,0
R15197,"제천에서 봤어요. '원스'를 다시 훑는 것 같네요. 사랑해요, 마르케타 ;_ ;",1
R15198,10년만에 또다시 시리즈 몰아 봤는데..참...코끝이 찡하다..,1
R15199,잼있다,1
R15200,야구에 관한 내용보다는 문란한 두 여성 애니와 밀리의 진정한 사랑 찾기가 주된 내용이지 싶음. 개인적으로는 재미도 감동도 못느꼈는데 다른 분들 평가를 보니 다들 수작이라고 해서 당황스럽네요. 그나마 짧은 플레잉 타임이 장점이라면 장점.,0
R15201,결말이 허무,0
R15202,"유럽영화는 불륜,섹스 빼면 만들게 없는가? 심각할 정도다..",0
R15203,너무재미있고 감동있어요,1
R15204,노출뿐만 아니라 영화도 별로여서 재미가 없다,0
R15205,하여튼 허구헌날 조폭이야 ㅋㅋㅋ 개쓰x기 한국영화의 현실 ㅋㅋㅋ가족영화까지 조폭을 끌어다 붙이냐? ㅋㅋㅋ,0
R15206,허접한 타임머신 소재 영화.,0
R15207,빨리 시즌2 보여주세요 현기증날거같아요,1
R15208,오현경들어오고부터 뭔가 발란스가 안맞는다..혼자 신나서 눈치없이 말하고..손범수씨 강용석씨 둘이 할때가 더 좋았음..제작자도 느끼고있지 않을까..넘 어색하다,0
R15209,항상 자극적인 것만 찾아다니는 임상수,0
R15210,"재미있고, 감동적이네요.",1
R15211,나도 모르게 이야기속으로 빠져들어가면서 상상하고 있었다..,1
R15212,TTL로 쌓은 이미지 성냥팔이 소녀 재림과 여고생으로 와르르..ㅠ,0
R15213,"현실성이 너무 떨어지네요. 만화책이랑 액션이 다를게 없음. 연기력도 실망스럽고.,. 내용의 짜임새도 허술하고,, 8점 가까이되는 평점이 의아하네요",0
R15214,요세 거지같은 한국영화보다 옛날 영화들이 훨씬 낫다!,1
R15215,신현준도 지입으로 기봉씨 역할한걸가지고 바보연기라고 말하고다니고 .... 조금다른사람을 바보로 만드네 그 누구도 기봉씨를 바보로 만들자격없다. 신현준 저 인간도그렇고 이 영화좋다고하는 인간들도 그렇고 노답이다 기봉씨가 본인 가족이라고 생각해봐라,0
R15216,훈련소씬 부분은 역사상 최고의 각본이 아닐까 싶다. 돼지의 마지막 표정은....,1
R15217,오우삼 적벽대전의 관우역과 중국 드라마에서 징기스칸역으로 잘 알려진 몽고출신 파삼찰포가 주연으로 마지막 부분 메세지는 충분히 공감하지만 징기스칸은 단 한 컷도 나오지 않는 예하 부대 무용담에 너무 거창한 제목은 오해를 불러일으킨다,0
R15218,3기 마작편좀 부탁....ㅜ,1
R15219,"CG로 우주를 표현하는데 굳이 주인공을 파리로 할 필요가 있었을까. 설정은 말이 안 되고, 이야기는 지루하며, 주인공들은 시각적으로 호감이 가지 않는다.",0
R15220,저 난리속에 싸움질 이라니....,0
R15221,아 마지막화 완전감동 ... 2008년 새로운시즌 기대됨 ;ㅁ;,1
R15222,안보심이 좋을듯 전 별로 재미없게 보았습니다 옛날서부영화가 그립습니다,0
R15223,10화 까지 본 사람이지만 마지막화를 안보고서 말합니다. 너무 막장이네요 이사람은 저사람을 좋아하고 저사람은 그사람을 좋아하고 그사람은 이사람을 좋아하는 애니는 보고싶지 않습니다만 꾹 참고 완결까지 보고 시청 전의 평론과 그때의 평가를 비교해보죠,0
R15224,눈물난다.ㅜㅜ다시 방영해줬으면 좋겠다,1
R15225,"6년전 드라마인데도 전혀 촌스럽지 않음. 연출,연기, 음악 어느것 하나 빠지는 게 없음. 특히 김명민의 카리스마와 지리는 메소드 연기는 정말 레전드.",1
R15226,뭐임 이거 평점 왜이리 낮음?,1
R15227,일본 근대화를 보여주는 영화지만 그후 그들의 만행은 용서할수가 없다,0
R15228,로버트 다우니 주니어를 이영화로 알게됬는데 훗날 아이언맨으로 다시보니 반갑다 ㅎㅎ,1
R15229,재밌는데 결말이 무슨뜻인지 모르겠다 ㅡ.ㅡ ..아 내 머리는 돌인가 ..,1
R15230,마지막 노친네와의 결투에서 웃지않고는 못배길거다.,0
R15231,감동감동감동! 너무나 감동. 재미도 있고 짜한 이야기.,1
R15232,진심보고싶은데 볼수잇는곳아는사람 ㅠㅠㅠㅠ,1
R15233,개판인 스토리에 와나 이런걸 어떻게 보라고.. 만들다 말았냐 진짜,0
R15234,REC라는 타이틀만 이용해먹은 영화.,0
R15235,"설리때문에 본 영화긴 하지만 정말 괜찮은 영화였는데, 평점이 좀 아쉽네요",1
R15236,이런 영화가 계속 나오니까 한국 영화의 수준이 저평가되고 그 수준 또한 낮아지는거다. 그래도 이걸 만드느라 5년 걸렸다고 하는거보니 제작진도 배우들도 불쌍해서 2점은 준다.,0
R15237,이걸 반전 이라고 하는 사람들은 참. . 마지막에 아무나 데려다 놓고 범인이라고 하면 반전?,0
R15238,예전에 원작을 재밌게 본 기억이 있어서 봤더니만. 이렇게 허접할 수가..... 밑에 사람 말 믿지 말고. 이거 보려면 차라리 원작 찾아보세요. 훨 낫습니다.,0
R15239,벗은여배우..중에 하나경이최강..!!최성국 부러움ㅠ,1
R15240,지금까지 본 무협물 중 최고임,1
R15241,트렌드를 무력화시키다.,0
R15242,어리버리한 택시기사의 대사에 계속 웃어댔던 영화..,1
R15243,반가웠어요 배트맨~~~,1
R15244,나루토 짱짱짱 짱이죠ㅜㅠ,1
R15245,그래! 아주 신물이 날때까지 해봐라.,0
R15246,영화자체는 지금보면 살짝 old한 느낌이 들 수도 있지만 음악만큼은 정말 애절하고 아름답다..,1
R15247,아 드럽게 재미없네,0
R15248,너내뮤나우니며묘뉴자니저욬ㅅ쵸ㅠㅕㄹ 아 망할 년들 3대가 대대로 닮았네 앙금 수박 애지 더 빡치는 건 고민중은갑자기 왜 저래,0
R15249,4 .44 ... 홍진호의 팬으로서 숫자맞추기 그냥 지나칠수없다.,0
R15250,"드라마도.봐도봐도 재미나고..배우,연기,구성,패션,어느것하나 빠짐이없는 영화",1
R15251,신세대 태극권~오경의 액션은 볼만하다,1
R15252,그냥 가라앉아버려라 비열한별종새끼들,0
R15253,"스토리따위,, ㅋㅋ 진짜 화끈한 액션",1
R15254,연기력 역시 굿굿 진짜 짱임 ㅎ,1
R15255,완전대박잼있어요,1
R15256,생각이난다~ 홍시가 열리면 울언니 생각이난다. 짜장면 대신 거시기를 내주던 울언니가 생각이난다. 등록금이 막히면 막힐새라 돈 때문에 동생 서러울새라...ㅠ.ㅠ 생각만해도 눈물이 핑도는 울언니가 그리워진다. 언니야~~~ㅠ.ㅠ,0
R15257,미친사랑열혈팬인데너무지루해지네요ㅡㅡ오늘내용은걍혜람이죽엇네살앗네쫌후딱넘어갑시다,0
R15258,깜짝놀란게 1번뿐이다,0
R15259,에이 진짜 8점은 되야지 평점이,1
R15260,스릴러로서는 별로다.,0
R15261,뭔가 있어보이긴 하나 속은 빈 영화. 도대체 뭘 말하고 싶은걸까..,0
R15262,"진심 잼없음.. 스토리, 결말 허접",0
R15263,진부한 줄거리에 질질 끄는 전개.... 시간 아깝다.,0
R15264,얼마나 울었는지....아직도 마음이 찡하네요!,1
R15265,유치하고 무난하면서 진부한 영화,0
R15266,잔잔하게 울리는 영화... 다시금 내옆에 계신 어머니를 돌아 보게 합니다. 유해진씨의 '살아만 있어도 고마운 사람' 이 대사가가장 와닿네요 영화 잘봤습니다.,1
R15267,이건 뭐 OO 할 말이 없다.,0
R15268,"캐스팅에 3점, 나머지 다 통틀어서 1점 준다 ㅡㅠ",0
R15269,매력적인 배우와 대단한 연출진으로 개차반스러운 줄거리를 풀어나간다. 그냥 여성향 막장드라마일 뿐.,0
R15270,"김대중(동의어 : 도요타 다이쥬, 제갈대중, 윤대만)같은 영화",0
R15271,나도 주인공과 비슷한 어린 시절을 보냈기에 공감이 잘 됐다....미운오리새끼가 백조가 되는 과정을 보며 아름답다고 느꼈다.,1
R15272,죽기전에 꼭 봐야하는 드라마,1
R15273,로봇이 총쏘면서 축구하고 애들이 날아다니는게 축구냐 전쟁이지,0
R15274,세상이 똥이라는 걸 꼭 빅똥을 투척하면서 강조해야겠냐 으이구,0
R15275,"영화는 이래야한다. 요즘의 한국영화들은 조미료가 너무많다. 내수시장이 좁은것도 이유가 될수있지만 영화자체로써주는 의미보다는 특정배우의 스타성,시장성 혹은 오락성에만 너무 치중하는듯하다.오락성이 짙은 영화를 폄하하는게 아니다.기억되어지는 영화가 좋을뿐",1
R15276,첨부터 제작을 말았어야 되는 영화개봉을 미루다 미루다 결국 개봉을 포기했어야 되는 영화...하지원 얼굴보고 송새벽의 깨알재미 보고 준 평점임,0
R15277,변신조차 제대로 안한다,0
R15278,끊임없이 일이 터지지만 끊임없이 지루하다. 휴잭맨과 케이트윈슬렛의 매력도 전혀 느낄수 없었다.,0
R15279,나랑 동생이랑 울엄마랑 셋이서 티비로 보는데 처음엔 와~ 하면서 꾀 흥미롭게 보다가 영화가 끝나는 순간 만장일치 쌍욕이 저절로 나오는 애니였다. 가장궁금한게 이건 제작사가 분명 곤조라고 나와있는데 왜 다들 지브리 꺼라고 생각하는거지ㄱㅡ..,0
R15280,다들 복잡하고 뭔내용인지도 모른다면서 평점은 왜일케 높게 주는건지?? 진짜 뭔내용인지 자세히 보기전엔 알수도 없는영화~괜히 평점보고 봤다가 시간만 낭비한듯~ 싫은 영화 평점 몇년만에 쓰는듯,0
R15281,"어떤 의도와 방향으로 만들었는지는 알겠다만,, 이 정도로 정신산만하게 다른인생들을 겹쳐서 보여주면서까지 만들어야 했을까,, 깔끔하게 만들었으면 9점은 받았을 영화",0
R15282,"민영화 되면, 대부분의 사람들은 더 고통받겠지요? 희망이 점점 사라지는 시대가 되는 것 같아, 암울합니다.",1
R15283,"범죄영화를 가장한 로맨스물. 에드워드 노튼, 샤킬 오닐이 단역으로 나왔다는 영화",0
R15284,이건 진짜...역대급 영화임....,1
R15285,너무이쁘고 기대됩니다,1
R15286,마지막 진짜 보고 다행이다 라고 생각이 들었다 영화일뿐인데...,1
R15287,이런 영화를 이제 보다니!!.,1
R15288,미쳤다미쳤어....,1
R15289,이것도 재밌었다. 잘만든 영화,1
R15290,한마디로 표현할영화가 아니에요사랑이라는 단어에 세월흔적기억 많은것들이 포함된다는걸 깨닫는 시간이였습니다 저리 늙어갈수있단건 인생최고의행운이란것을..최고의영화 !,1
R15291,요즘 시대에 이건 야한 것도 아님... 감동적...,1
R15292,아! 그 유명한 러시안 룰렛 신!!,1
R15293,포토사진 지리네 ㄷㄷㄷ,1
R15294,아무리 1988년작이라고 감안을 해도 재미가 없는걸 어떻게 해,0
R15295,심청이가 특별 출연할 줄이야....ㅋㅋ,1
R15296,달달케미 안구커플 넘 사랑스러워요~~~^^,1
R15297,맞는말..12세이상관람금지,0
R15298,주제가 뭔지요...아쉽다,0
R15299,푸하하하 야~ 이건 완전~,0
R15300,와진짜 이게 뭐냐 .. ㅜ 내용 막장에 음악도 정말 .. 하 보지말걸 ㅠㅠ,0
R15301,유딩때 봤던 게 지금까지 기억나는 정말 대단한 영화...이제와서 다시보니 스토리도 음악도 쩌는 영화다!,1
R15302,뭔생각으로 만든건지??,0
R15303,재미없기가 짝이없는 영화,0
R15304,이연걸 악역이지만 그래도 주연급에 영화는 흥행성공몇년안에 할리우드 대박작품하나 더내길 바란다,1
R15305,이때 부터 아담샌들러를 좋아하기 시작했다.,1
R15306,게이 장면을 너무 리얼하게 보여줘서 조금 거부감이 들었지만 그 외에는 다 훌륭했다. 급하게 끝내는 다른 미드와는 다르게 엔딩이 정말 영화처럼 깨끗했고 많은 생각을 하게 만들었다. 어쩌면 당연하지만 '지금 이 땅에도 저렇게 수 세대가 지나왔겠지'라는생각,1
R15307,평점이 터무니없이 높다. 시간낭비 하기 싫다면 보지 마시오.,0
R15308,영화는 좀 아쉽지만 한길수란 인물이 존경스럽군요.,1
R15309,예전에 진짜 잼있게 봤던기억으로 한번더 봤다 역시 최고,1
R15310,스릴러 장르에서 이정도만 나와도 스릴러만 보겠다.평점낮아서 1점추가.,1
R15311,무섭도록 독특한 일본영화,0
R15312,너무 슬픈영화..울음ㅠ,1
R15313,"언어적 허영심, 무교양, 육체의 자본화, 연예인들의 이상.",0
R15314,최고최고~,1
R15315,유치한 재미맛에보기에는 진짜 재밌게봤는데? ㅋ 어설픈연기도 재밌지않나? 웃기기도하고 진짜 잼있게봤는데?,1
R15316,아.. 이걸 영화라고... 차라리 파워레인저 극장판이 낫겠다.,0
R15317,도대체가!!!?~허~~~참~이어찌!!..뭐라 참..,0
R15318,보는내내 짜증,0
R15319,"많은 헤어진 연인들이 이같은 절차를 밟아가지 않을까 싶다. 감정에 대한 공감에도 불구하고 낮은 평점을 매길 수 밖에 없었던 이유는 봉만대 감독의 의도대로 많은 정사씬을 집어넣었기 때문에, 쓸데없이 영화가 늘어지는 느낌이 있었기 때문이다.",0
R15320,"1. 누구나 느끼겠지만 대역으로 인한 불편함, 2. 기자 양반이 약초에 대해 알아보더니 그 이후로 한 컷도 출연하지 않음, 3. 그저 자극성을 위해 그다지 필요없는 기자와 연화의 베드신 삽입 (없었어도 내용 전개에는 전혀 무리 없음)",0
R15321,"로맨스,연애물별로안좋아하는데.30대이상분들이보기에너무좋을것같네요!",1
R15322,밑에 ylmcrulae 저놈은 손가락이 없나 왜 10점 주고 OO이야,0
R15323,이런 프로그램이 생겨서 개인적으로 좋다.소재도 괜찮고 사건도 좋지만캐스팅이 제대로 이루어지지 않은 것 같다.시즌때마다 패널들을 바꾸면 더 재미있을 것 같다.그런데 추리 도중 흐름이 끊기는 느낌이 있는 것 같아 조금개선하길바란다.,1
R15324,대사도 없고 쓰레기-_-;,0
R15325,예전에 티비에 나왓는데 재밋드라고요 ㅎㅎ,1
R15326,OO점이고 뭐고 이 영화는 그냥 OO,0
R15327,옛날에 본건데...펑펑울었던 기억밖에 안난다...,1
R15328,타락해버린 10대 성문화란 명목으로 치장된 4억짜리 명품에로,0
R15329,정말 아름다운 영화네요.. 두분다.. 정말 불쌍하다는 생각도들었지만나중엔시원하네요,1
R15330,사마이어 암스트롱..! 정말 웃음이 매력적인 배우! 스토리도 재밌어요~,1
R15331,월화는 이거보는 재미로 산다.,1
R15332,대박 잼이있었음 !!!!,1
R15333,노잼 씹노잼 슬로우잼.,0
R15334,VOD에서 1000원으로 파는거 기대하고 봤더니 개 막장 쓰레기영화.,0
R15335,눈물 짜내는게 아니라 저절로 흐르는거다....... 안울고싶으면 안울고 그냥 보면 되는거다 암튼 대작인것같다,1
R15336,명작이네요 그냥보다보면 이해하게되는영화,1
R15337,아직도 적벽에서 조조100만 대군과 맞선 장비의 적벽대전 등을 믿는 사람이 많을거 같은데 삼국지 초한지 등 중국 고전의 90%가 구라인걸 아는지..인물 몇 명과 장소외엔 90%이상이 거짓인데....역시나 영화도 재미없네..,0
R15338,아무것도 기대안하면 정말로 놀라운 임영동식 무협액션이 기다리고 있다,1
R15339,미안하다 할말없다... ㅇ점은 왜 없냐?,0
R15340,화려했던 액션인 옹박이 B급 싸구려 액션으로 전락해버리는 영화가 안타깝다. 한 때 유망했던 액션 배우 토니 자는 그저 한물간 배우가 되어 버린 것 같다.,0
R15341,고단한 농촌 총각들의 진정한 해방구가 아니겠는가?,0
R15342,고도의 상업전략이 탄생시킨 일루젼...90년대의 문화비극,0
R15343,재미있어요. 그저 잔인하기만한 영화보다 훨신 재미있어요.,1
R15344,"으,,, 차라리 드라마로 제작됬다면 좋았을 원작",0
R15345,덧없고 아련하고 슬프다..,1
R15346,뭐냐 이건...진짜...ㅋㅋㅋ 재미도없고;;;감동도 없고,0
R15347,쓰레기선동영화 이런거 만드는새끼들 다잡아가야하는데,0
R15348,강원도가 만만하니? 이런 ㅁㅊ..ㅉㅉ 강원도 뒤집어 씌우네,0
R15349,"아주 오래 전에. 팀버튼을 처음 알게 된 어느 겨울.. 그러니까 20년 정도 전에 처음. 이 영화의 원작이 되는 실사 영화를 본 기억이 난다. 원작에 익살스러운 코미디와 가슴 따뜻한 스토리를, 팀버튼만의 색채로 유쾌하게 잘 담아낸 영화. 추천!",1
R15350,앞뒤 하나 안맞고..주인공은 무슨 초능력자야?ㅠ 완전 쓰레기영화,0
R15351,참 지루하게 느껴졌다.,0
R15352,타카유키.. 크로우즈에서와는 다르게 내게 눈물을 선사하는구나.. 에리카 사랑해 ㅋ,1
R15353,흑인 소재의 호러물이란 것 말고는..,0
R15354,저 이거 보고 울었어요. 아 바디? 몸? 왜 몸이지?전혀 일치성없음,0
R15355,쓰레기 더럽게 재미없다.2점부터 점수준것들 M창,0
R15356,아힝힝힝~~~~힛힛,0
R15357,파일공유사이트에서 이미 돌고 있다...,0
R15358,"통일은 선택조건이 아닌 필수 조건 , 최고의 케미 아하커플과 신이 내린 연기력의 배우들 , 이런 조합 다시는 못 볼 것 같아 아쉽다. 2012 베스트 드라마.",1
R15359,할 말을 잃음.... 정말 감동적이다...적어도 내게는 잊혀지지않는 커다란 의미가 될듯하다. 다큐 보면서 눈물 흘리긴 처음...,1
R15360,생각보다 재밌어요 .지나가다 재방송한편보고는다찾아보았다는ㅋ 원만한 공중파 드라마보다 낫네용,1
R15361,이러면 9점대 영화되는건가?ㅋㅋㅋㅋㅋㅋㅋㅋㅋㅋㅋㅋ,1
R15362,이종수씨 죄송하지만..이제 ㅡㅜ 노출연기 이거 한번하고 안하실거죠?안하길바래요.. 몸좋으신건 맞으나..몸자체가 무서워요..우락부락해서 무섭습니다 영화스토리나 영화자체는 재밋엇지만..이종수씨 노출연기하실때 뒷태나올때 너무 우락부락해서 보기힘들엇어요ㅈㅅ,0
R15363,ㅎㅎㅎ 걍 웃김 편하게 즐길 영화 ㅋ,1
R15364,개량한복 걸친 투덜이 김기덕..,0
R15365,아닌건 아닌듯...,0
R15366,알량한 기획이 부른 참사. 세기의 아이콘 다이애나비 영화에 대중이 바란건 이런게 아닐텐데~ 기왕 로맨스를 다룰거면 제대로 하던지 정말 지루하네요. 이입도 안되고..,0
R15367,전체적으로 노력한 흔적이 엿보인다.,0
R15368,조원석 나온다 개그야의 죄민수 말이야 죄민수,0
R15369,재미있었다. 진심으로,1
R15370,"만화책 엄청 잼있게 봤는데, 실제 드라마로 보니 더 잼있네요",1
R15371,"할리조엘오스먼트 가족3작 다시봤다 AI, 아세위, 세라",1
R15372,처음부터 천재는 아니었구나,0
R15373,이광수 땜에 망한듯...,0
R15374,그냥 그렇다....졸면서 봣다.,0
R15375,평점왜이래!!! 이거어릴때 완전스릴있고 무섭게봄 ㅋㅋㅋㅋㅋㅋㅋ,1
R15376,부부가 함께보면 더 좋을것같아요!꽤 괘찮은 영화네요^^,1
R15377,최고의 스릴러 미드..하나하나의 사건이 후반부에 거미줄처럼 다 연결됨,1
R15378,무지재미있게봤다,1
R15379,강문어짱ㅋㅋ간만에 너무웃었네요~~,1
R15380,탕웨이씨 팬입니다 영화 너무재밌게 잘봤습니다 결혼축하드리구 행복하게 사세요^^,1
R15381,재밌게봤는데 진짜!,1
R15382,영화긴영화다..잘생긴자슥이 저런거할리가만무 연기는좋았음ㅋㅋ,1
R15383,느린전개.볠로 추천하고싶지않아요,0
R15384,"불륜은 주로 남자의 시점을 통해 고찰했는데, 여자의 시점으로 보니 색다르긴 하다. 그래도 결혼은 미친짓은 아니다. 능력과 외모에서 주관 잡지 못하는데 둘다 가진 남자가 이세상에 극소수니 하나만 결정하자.",1
R15385,"28일후, 28주후 같은 좀비영화 잘 봤지만 이건 뭐 재미도 없고 스릴도 없다",0
R15386,다수의 괜챦은 씬이 있었음에도 아쉬움 가득한 영화,0
R15387,조금은 과하게 경찰기관 부패를 지적한감이 없지않아있지만 꼭 조명해야할 부분에 공감합니다 장영남배우님의 연기력은 표현이 부족해서 평하기 힘들정도입니다 여러가지 종합해서 평점 8점 정도생각했지만 평균 평점이 작품에비해 너무 낮아 10점드랍니다,1
R15388,젠장!!!!! 영화속 늑대도 짝이 있는데. ㅠㅠ,0
R15389,결혼 하기전에 친구랑 같이 섹파 찾으러 여행가서 즐기고 오는 막장 이야기,0
R15390,외계인 아저씨가 너무 못생겨서 한표 ㄱ,1
R15391,"헐리우드식 재미와 긴장감은 없지만, 순수한 영화. 흑인들의 삶과 음악, 블랙가스펠에 대해 알 수 있었던 소중한 시간이었습니다! 연습과정과 공연전체를 다큐멘터리 5부작 정도로 나눠서 나와도 좋을 듯. 짧아서 아쉬웠음.",1
R15392,북유럽 공산화의 아픈 역사와 한 여자의 아픈 사랑 이야기가 애절하고 잔잔하게 가슴 시리게 펼쳐지는 영화.,1
R15393,20대의 시작을 함께 했다. 앨리맥빌을 보며 행복했다.,1
R15394,아게 웬 5점대? 화나서 생전처음 평점리뷰하네욬ㅋ,1
R15395,소름끼치는 박해일의 여운,1
R15396,꼬맹이들 왤케 연기잘해 특히 리카터! ㅎㅎ,1
R15397,난 완전 재밌게봤는데... 내용이해못하면 재미없을지도 모르겠지..,1
R15398,역시 박찬욱이다. 역시,0
R15399,천하영웅은 무슨...갈수록 이야기가 산으로 간다,0
R15400,오~~진짜 잘 만든 영화.,1
R15401,이거 첨에는 좀 재미난듯 하드만 완저 깨여 보지마여,0
R15402,정말 어이없네요.. 시사회에서 본게 다행이지..,0
R15403,포스터보면 좀비들이 참 해맑은데.. 영화는 넘 우울해..,0
R15404,라푼젤 진심 개이쁨ㅋㅋ,1
R15405,"내 인생 최고의 공포영화, 개돋는 시나리오",0
R15406,오래전에 보고 다시 본영화 다시 봐도 너무 웃긴영화,1
R15407,발랄한것 같으면서도 무서운 애니,1
R15408,난 생각보다 괜찮던데... 3편 완전 기대!,1
R15409,요즘 보기 힘든 착한 드라마. 그런데 애국가 시청률. 이게 시청자들의 수준. 막장으로 가야만.. 이런 좋은 배우 좋은 드라마는 순위에 끼지도 못함,1
R15410,원래 감동같은거잘해서... 감명깊게 봤는데... 마지막이 좀.... 그래도- 5점은 아니다,1
R15411,유쾌해서 좋았는데 끝까지너무 연애쪽으로만 쏠려있는듯ㅠ,1
R15412,한겨울에 느끼는 춘곤증이라니.. 사람 지치게 만드는 영화,0
R15413,찌질한사람은 한명만넣었으면 ㅠ좀 괜찮았을듯시작부터 끝까지 답답함.ㅡㅡ,0
R15414,로맨스 영화를 보면서... 이렇게 해피엔딩을 바래본 것은 처음인듯...,1
R15415,"드라마는 어차피 "" 막장이다.. 종이 한장차이 하지만 정말 제밌다..",1
R15416,소재는 흥미로워 보이나 상당히 지루함. 긴장감 없는 스릴러,0
R15417,정말 재미있고 신나는분위기 보느내내 정말 즐거웠어요!!,1
R15418,여자 10대가 평점이 가장 높군. 역시 빠순이들이야. 특히 아래 두명은 아이디부터 여자인게 딱 보이네.ㅋㅋㅋㅋ 평점이라도 낮춰줘야겠다..,0
R15419,배우들한테 미안하지만 솔직히 딸칠려고 받아봤는데.. 여자들 누가 누군지 진짜 구분이 안간다.. 성괴 이런거 놀릴려고 하는게 아니라 정말로...;;;,0
R15420,방송 흐름 좀 읽고 이제 그만해라. 추하다.,0
R15421,오래전 봤던 기억. 최고의 작품.,1
R15422,재미와 감동 둘 다 없다면..,0
R15423,이거 87년 영화 맞나여? 맞냐구여 ㅡㅡ 내 인생 최고으 영화 ㄹㅇ,1
R15424,왜 7점대인지 모르겠다.. 진짜 잘만들었는데 ㅠ,1
R15425,피치퍼펙트 1보다 한 다섯배는 재밌었던거같음 진짜 노래하는데 배경음도 다 목소리로 하는게 신기하고 듣기좋음 그리고 좀 아쉬웠던건 예고편에 판타스틱베이비 나오는데 영화에는 안나옴 그리고 한국 비하논란있는 대사 한마디 있음 야한개그 많이함 팻에이미 짱웃김,1
R15426,세이메이...........마성의 오빠...,1
R15427,무슨영화인지 보진않았다 4분??ㄷㄷ 걍10점주고감 첫번째로 평점줘보긴 첨이네ㅋㅋ,1
R15428,심빠들 쩐다 ㅋㅋㅋㅋㅋㅋ 이게 최고의 블록버스터? 그날 개봉한 쥬라기 공원은 봤냐?,0
R15429,광풍에 휩쓸린 여자의 사랑...격정적 관능에 빠지다...Goood~,1
R15430,알바에게 속지 맙시다. 왠만하면 여기 글안남기는데 영화보고 넘 재미없어서 글남기네요. 어느정도껏 재미없어야지 그 평점은 뭐야.,0
R15431,너무 재미없게 봤네요. 내용전개나 스토리 전개가 너무 어설픈 느낌이랄까; 시간이 아까웠습니다. 특히 중간에 등장한 형사(?) 너무 불편했네요. 장수원 같은 느낌이....,0
R15432,그냥 웃어주자 하하하,0
R15433,북한이 그렇게 만만 하냐????? 이승복과 건담의 패러디 작이다 잼 없다,0
R15434,쓰레기..게임의 반만 따라갔어도 대박이었을텐데~에흏,0
R15435,사랑과 에로티시즘. 오묘한 결말을 낳은 결말,1
R15436,좋다....,1
R15437,중요한 건 애티튜드야. 우리안에 숨겨져 있던 시크함을 일깨운다.,1
R15438,최악의 영화 대체 붤 보고 온건지,0
R15439,"감독의 모험 장르에 대한 잘못된 이해와 관객 수준 오판, 무엇을 상상하든 그 이하",0
R15440,이런게 아~~ 쓰레기구나~~하는거구나,0
R15441,너무귀엽고 내용도좋아요~,1
R15442,전설의 애니 ㅋ 마지막 반전은 진짜 ㅋ 애니역사상 최고의 반전이었음,1
R15443,"어설픈 한국어..,,",0
R15444,이 영화에 나오는 잔인한 부분은 시각적으로 자극을 줄려고 만든 것이 아니라 영화가 전달하고자 하는 부분들을깊게 나타내기 위한 요소로 느껴져서 너무 좋앗습니다. 고통이 가지는 의미 전쟁의 참혹함.. 마지막 부분의 여운은 정말.... 최고네요ㅜㅜ,1
R15445,이무영은 남 영화엔 그리도 잘난체 하시더니 번번히 자기영화는 쯧쯔..이게 뭐니 이게,0
R15446,정말 수준이하의 공포물,0
R15447,이 영화 이후로 최근 홍콩 느와르에 빠져버렸다..,1
R15448,이 사람 환경 어쩌구하면서 집에 방이 몇십개 난방비가 ㄷㄷ이라매?,0
R15449,못됐다 이런 나쁜!,0
R15450,"정말 유치하고, 생뚱맞은 전개.",0
R15451,진짜 파리 여행 가고 싶은 욕구가 팍팍 생기는 영화 ㅜㅜ 정말 아름답고 기분 좋은 영화에요,1
R15452,"OST, 영상미, 연출 모든 면에서 훌륭한 작품. 개인적으로 1편보다 내용적인 면에서 만족했다.",1
R15453,그럼난 2빠네 ㅋㅋㅋㅋ,0
R15454,뭐야 imdb평점 3.4잖아. 최악의 영화네.,0
R15455,내용 액션 비쥬얼 무엇하나 톱은 아니지만 그래도 무난하게 괜찮았어요,1
R15456,재미있는데 눈물이 나는 이상한 드라마~~~^^대사 한마디한마디가 소소한 인간 냄새를 느낄 수 있게 해주는 사랑스런 드라마에요♥,1
R15457,요즘왠지이런식상하고유치한류의코미디를마니보게되는구나,0
R15458,공장만 실화고 형사딸과 파트너는 픽션일듯..공장을뺀 나머지가 너무 억지스러움. 반전도 예상되고. 근데 나름 괜찮은 시나리오일뻔 했는데 ㅉㅉ,0
R15459,재미있을 줄 알았는데 보니까 재미없다....,0
R15460,잼잇게 봣네요 끔찍함 ㄷㄷㄷ,1
R15461,"정말 개같은 영화. 폭력 금지라는 룰은 어디다 팔아먹었나? ... 실험이라고 해도 사회적으로 허용되는 수준이 있는 거지.. 실험에 참가했던 간수, 죄수, 실험 관찰자 모두 중범죄에 해당. 진짜 뭐같은 영화...",0
R15462,야마카시 없습니다.,0
R15463,김산호씨 표정연기 너무 정해져 있어요 놀란표정은 눈 동그랗게 뜨는거 말고는 없나요 ??연기연습좀하세요 ~,0
R15464,아련돋네.,1
R15465,소재가 아깝다,0
R15466,뭔가..심오하지만...정말 잼없는 영화...,0
R15467,ㅠㅠㅠㅠㅠㅠ보면서 계속 울었음.. 감동적이고 안타까운 드라마...,1
R15468,보는 내내 어디선가 본듯한 느낌에....긴장감이 전혀 들지 않는다,0
R15469,초등3학년생 아들과..5살 아들..이랑 봤는데...둘째는 재미없어 자버리고...큰애는 중간에 나가자고해서 나왔네요...이렇게 중간에 나오기는 정말 처음!!! 너무 돈이....아까워서 이렇게 처음으로 평을 남깁니다..,0
R15470,완소펭귄들의 크리스마스 모험기! 즐겁다!,1
R15471,아무리 봐도 절대 안질리는 영화-음악 절대적으로 추천.,1
R15472,재밌던데 평점이 왜케 낮아?;;;,1
R15473,아름다운 영화... 최고입니다.,1
R15474,"믿고 거르는 드림웍스, 이 영화의 평점이 높은 이유는 어린 여자애들때문이라고 생각해도 된답니다.",0
R15475,점점 B급배우화 되는 스나입스의 한계..,0
R15476,신사의품격 허세 연기... 평점 5점정도가 적당,0
R15477,퀄리티고나발이고 겁나재미없어...,0
R15478,"양심적으로 이게 영화입니까,ㅣ;,;,;,",0
R15479,포스터가 영화를 망쳤어 ㅠ,1
R15480,정말 환상적이다 몇번을다시봐도 눈물샘을 자극하다 역시최고의드라마!!강츄!!,1
R15481,배우들 연기가 너무 좋았음. 다만 좋았던 시나리오가 나중에 왜 그리 되는지 너무 아쉬울 따름. 하지만 볼 가치가 충분하다고 생각됨.,1
R15482,난 재밌게 봤어요 임창정이라서 그냥 이해하기로 했음 연기를 잘하니까,1
R15483,평점 왜 이렇게 낮나요...,1
R15484,언론이 본연의 역할을 하게 되는 날을 기대한다. 보면서 너무 슬프고 억울하고 화가 났다,1
R15485,저지드레드 요번에 나온거 17년전꺼보다 재미도없고 스토리도 몬가 어설픔 스탤론형나온 원작이 진짜 잼있음 어떻게 이게17년전영화지?솔까말 지금나왔다고해도 믿겠음 근데 평점이 이렇게 낮을줄이야 1점주는애들은 무슨생각으로 영화를보는건지?,1
R15486,_- 존나 짜증나,0
R15487,테러리스트2탄은3점씩............,0
R15488,장난함? 연기 개떡 스토리 개구려 엿이다 내돈 1500원 아깝다,0
R15489,추리좀햇으면....,0
R15490,참 갑갑하다;차라리 내 일대기를 영화로 만들어라,0
R15491,마음이 먹먹해져서 다시 볼 수 없을것 같은 영화,1
R15492,이렇게 재미없고 지루하게 연출할 수 있는 것도 능력. 배우들의 매력은 죄다 실종.,0
R15493,씹점 참신한데 그냥 1점줄랴,0
R15494,인간의 변화와 키키의 성장을 아름답게 그려낸 영화,1
R15495,케이블?에서 하는거 얼추 봤는데 절대 봐선 안될 영화라는 것을 느꼈다,0
R15496,시간 죽이는 괘씸한 킬러들.,0
R15497,ㅎㅎ 심형래 삘.,0
R15498,진짜재밌었음 스토리도좋고,1
R15499,감독님이 여배우들 가슴에만 관심 있었나 보군...,0
R15500,3,0
R15501,최고 재밌음 ㅜㅜ 최강희 최고 짱짱,1
R15502,정말 오랜만에 제 가슴속을 찌릿하게 만드는 영화였어요!!! 그래도엔딩이좀 그랬네요;,1
R15503,화끈했다. 류승완감독 현재는 이런포스안나옴--;;,1
R15504,재밌어고 스릴넘침ㅋㅋㅋ,1
R15505,"의외의 곳에 찾아지는 코믹, 그리고 가볍지 않은 내용",1
R15506,미국 코미디중 핫칙이랑 이 아메리칸파이2가 젤 웃기다ㅋㅋ 아메리칸파이 시리즈 중 2가 진짜 웃김 ㅋㅋ1편3편 다 필요없다 4편이후 후속작들은 쓰레기임,1
R15507,나오미 왓츠 때문이라도 봐라!,1
R15508,신선한소재 아름다운결말,1
R15509,결론만말하면 이중인격 이야기.. 그냥 그래요. soso. 기억에 남지않는 영화.,0
R15510,good 자동차 추격신 cg없이 대단하다~,1
R15511,"마이클c홀 나오길래 믿고봄. 긴장감, 몰입도 작렬 ㅎㄷㄷ",1
R15512,보면볼수록보기싫어져요 후속이없나요 너무질질끄네 백혈병말할기회도몇번이나있었고 두아들도정말..아직도 저렇게 꽉막힌사람들이있나요 모든 캐릭설정이 너무 과함 딸인것도 저정도알아냈으면 이미 수녀랑얘기했어도몇번은했을텐데 헛점너무많은스토리 뻔하고진부하고지루함.,0
R15513,"범인은 궁금하지도 않다, 빨리 끝나기만 바랄뿐",0
R15514,로버트 패틴슨을 다시보게된 영화. 내면연기를 너무 훌륭히 소화해냈다.,1
R15515,불체자를 미화시켜서 0점드리고 싶지만 0점을 못줘서 1점 드리겠습니다 ^^ 대한민국 망했네 이딴 쓰레기영화가 다문화영화로 선정되고 ㅋㅋㅋㅋㅋㅋㅋㅋㅋㅋㅋㅋㅋㅋㅋㅋㅋㅋㅋㅋㅋㅋㅋㅋㅋㅋㅋㅋㅋㅋㅋㅋㅋ불체자가 다문화냐 OO새끼들아,0
R15516,어설픈 원스 분위기...하지만 음악 영화라고 할 수는 없다...,0
R15517,브로큰,0
R15518,새드앤딩이 될줄예상했지만 훨씬 참혹함 조인성느님 역시 최고,1
R15519,초반은 지루 중반부터 끝까지 똑같은 패턴 연기가짜증났다^^,0
R15520,굿굿 마지막영화라서 총점 10 !!,1
R15521,와... 진짜 잼있다 코믹영화 보고싶은날에는 이걸보세요 ㅋㅋㅋㅋㅋㅋㅋㅋㅋㅋㅋㅋㅋㅋㅋ,1
R15522,굿굿. 긴장감 넘치는 영화,1
R15523,트로트의 연인 대박! 첫방부터 오늘 마지막방송까지 잘봤습니다 지현우 정은지 신성록 이세영 외 모든배우 수고하셨습니다,1
R15524,정말보면서 이렇게 짜증나고 화가나는 영화는 처음이네요..어찌 악녀가 살아남고..에효..진짜이영화의 주제가 나쁜짓하면 살아남는다 뭐 이런건가요?부인만 불쌍하고..진짜 마지막 장면에서는 감독 욕이 절로 나오더군요.,0
R15525,평점 조절용 5점정도가 정당하다.,0
R15526,왕조현 겁나 이뻐서 10점~,1
R15527,문어발 스케일~ ㅋㅋㅋ 재미있는데요~ 남자 여자 본능을 잘풀이했군요~ ㅋㅋ,1
R15528,재미있어요 ㅠ.ㅠ,1
R15529,4명이서차비먹거리6만원에보러감살다살다이런영화처음봄보자마자스크린찢고나올뻔ㅡㅡ,0
R15530,"단순한 문학일뿐, 왜 그렇게 화내면서 전쟁 미화, 일제강점기 이딴 쓸때없는소릴하는지..무개념글 아직도쓰는거보니 머리 빈 멍청이들이 많다는건데..참 한심하다..",1
R15531,굿~ ~ ~ ~ ! ! ! ! 굿,1
R15532,본격 무적 여성 직업군인 양성 프로젝트 영화. 비고 몬텐슨이 매우 섹시하게 나온다.,1
R15533,원작게임해보고 이영화를 봤는데 쓰레기가 정답이다.,0
R15534,.....요술마차처럼 택시가 보름달위로 뜨는 장면부터 못 보겠더라,0
R15535,수준낮은 초딩 영화.. 인디아나 존스와 이후의 대작? 웃기고 있네.. 절대 보지마세요,0
R15536,"신선하네..,,..,,..",0
R15537,저는 영화 안보고 책으로만 봤어요 정말 슬프네요ㅠㅠ,1
R15538,개봉년도를 감안하더래도 전혀 동화되지 않는다,0
R15539,부족한 연기력을가진 조연과주연..후반부 엉성한 액션씬이 감점 요인,0
R15540,시간이 흘러 넘친다면 보시길...,0
R15541,재미없을거같음,0
R15542,완전 재미있음 ~,1
R15543,시간낭비으 3류영화이다,0
R15544,탑건도 아니고 놀이터도 아니고 공군 군 위계질서를 망가트린 말도안되는 허접한작품,0
R15545,"배우들은 최고인데, 내용이 참>.",0
R15546,사랑하는 공드리~사랑하는 잭!!^^,1
R15547,좋은영화다 보면서 OOO쳤다,1
R15548,한줄 감상평 : 오.마이.갓.,0
R15549,'But it did happen'을 감내해야만 하는 삶의 무게. 그것이 설령 삶에 있어서 편린이라 할지라도.,1
R15550,하도 존재감이 없는 영화라 보다 만 줄 모르고 또 보려 했다. 기억했다가 다신 보지 않으려고 일부러 시간 내어 평점 준다.,0
R15551,그저 원숭이 시키일뿐 원생이의 신격화,0
R15552,더빙이 직업인사람이 뻔히 있는데 왜 연기력도 안되는 사람들은 자꾸 갖다 쓰는거야!,0
R15553,앤드류 로이드 웨버에게 박수!!!,1
R15554,"성악설과 성선설. 그리고 무간도..... 진짜 정말 최고다. 종.극.무.간. 이 3편으로 인해서 1, 2, 3 모든게 완벽해졌다. 정말 걸작중에 걸작이다. 걸작. 내 영화 평중 손에 꼽는 평가가 되지 않을까 한다.",1
R15555,영화 잘 만들었네요 기대이상입니다 제목을 바꿔야할듯 제목보고 재미없을줄알았는데 추천해요 생각외로 평점이 낮아서 평점올려야할듯,1
R15556,배우들이 아깝네요. 영화에 무슨 장르짬뽕을 이렇게 많이 했나요?..이도저도 아닌 영화를 만들어놨네요..,0
R15557,1점이다 정말재미없다,0
R15558,아버지의 눈동자가 잊혀지지 않는다.,1
R15559,그닥..그냥 별로엿어,0
R15560,옛날에봐도 지금봐도 여전히 재밌다 ㅋㅋㅋㅋ,1
R15561,이거 내게 10점 짜리다 와우 ㅎㅎ,1
R15562,킬링 타임으로 봤는데 정말 킬링타임이네..,0
R15563,팬덤으로서는 명작.,1
R15564,솔찍히 슬플줄 알앗다...,0
R15565,한마디로 대.박.이.다,1
R15566,실화 감안해도 영화화할 스토리는 아니다,0
R15567,아 몰라 옛날 꺼니까,0
R15568,스토리도 딱히 없는 그냥 단순 액션 영화. 서기는 왜 나왔지,0
R15569,굿바이 레닌 표절인것은 이해하는데 왜 뒤로 갈수록 재미없어지냐,0
R15570,거기서 다 거기네..소재가 그렇게 없나..?,0
R15571,여러 입장과 상황에서 인물들이 표현되는 부분이 흥미진진 했습니다. 제대로 본게 맞다면 여러가지 부분들이 시사하는 바가 많은것 같은데 그래서 더 마음에 들었습니다. :-),1
R15572,무슨 얘기를 하려는 건지 잘 이해는 안되지만...초반40분은 폭풍몰입...충격적으로 재미있네요.,1
R15573,저도 기억 안나요. 큰 반전 없던걸로 기억하는데...,1
R15574,OO 내가 살다살다 1점이 96%인 영화는 처음 보네 1점이 아깝군,0
R15575,5점대는 되는거 같음,1
R15576,재밌어요 ㅋㅋ 걍 재밌네요,1
R15577,애초에 제목이 아이언맨이었을 시점부터 굉장히 흥한영화제목빨좀 받아보겠다는 썩어빠진 마인드를 알수있음.,0
R15578,마지막에 폭탄 왜 터트렸는지 의문이지만너무 재밌게 봤음 그리고 샤론스톤도 멋있었음,1
R15579,같은 사안에 대한 각 문화별 생각을 알 수 있어서신기하고 웃기기도 하고... 다른나라생각 듣는게 진짜 재밌어요,1
R15580,아...한효주라는 배우가 이렇게 귀여운줄...동이보면서도 몰랐었네 ㅋ,1
R15581,진심 안구정화좋음♥,1
R15582,몇번을 봐도 재밌어요,1
R15583,강간으로 생긴 태아는 낙태하는것이 낫다고 본다,0
R15584,반전이 조금 ..어이없었던 것 빼고는 정말 슬프고 아렸던 영화 ㅠㅠ,1
R15585,진짜 재미없음...,0
R15586,좀 많이 뻔하고 진부하고 억지로 꿰어 맞추는 스타일.,0
R15587,김기덕감독 영화중에 대중하고 소통이 전혀 안되는 영화.대중이 보고 느껴야 공감을하던지 말던지 하지..,0
R15588,정말최고임 ㅋㅋ,1
R15589,아오 ㅋㅋ연기력 쩌네 ㅋ 존내 어설퍼서 이거 상영되겠나 양동근팬이었는데 연기력 더 하락됬음,0
R15590,감동 깊게 잘 봤네요. 실화라니...,1
R15591,좋은 시나리오도 좋은 배우도 감독의 연출력 부재에 비틀거린다,0
R15592,초2때 부모님 손잡고 처음으로 극장에서 본영화 나에겐 의미가 아주 큰영화다,1
R15593,"처음 도입부는 아 멋진 법정영화구나, 전개가 되면서 이 이건 뭐야, 더 지나니 감독 이 인간 미쳤나, 끝나니 아 이런 황당함, 할리우드도 정신감정 받아야할 사람이 많다는 사실을 알았다.",0
R15594,여주의 꼭지말곤 볼거없는 c급영화,1
R15595,"다큐멘터리의 힘이 느껴지는 영화, 자료화면이라 그런지 화질은 별로지만...감동적",1
R15596,밤에 불끄고 봤었는데 적당히 무섭다,1
R15597,아놔 다 재밌다는데 상영시간이 나 학원갔을때랑 퍼 잘때밖에 안하네 ㅁㅊ그리고 학원 쉰대서 닌텐도들고 영화관으로 쫄래쫄래 달려갔는데 씹 종영했어 어떻게 이럴 수가 있어? 아 이건 물론 지금 말고 몇 주 전 얘기니까 오해하진 말어,0
R15598,그럴듯 해보이지도 않아..,0
R15599,제 점수는요 1점입니다.,0
R15600,재밋구만,1
R15601,긴장감 없고 진부한 스토리에 전형적인 노처녀 기숙사 사감같은 여자 FBI 요원은 짜증을 더한다. 제로 다크서티보다 완성도 떨어지는 영화,0
R15602,내용이 퇴폐적인 사랑인가요!?,0
R15603,완전 재밌네요 ㅎㅎ 2편 무지 기대됩니다,1
R15604,작은사건의 전개가 모든등장인물들의 입에 다 오르고 전해지는 것의 반복으로 점점 지겨워진다누군가 연출자가? 다사는 이사람의 사극은 안 볼렵니다 전개가 답답하고 짜증나서 속 터질 것 같네요,0
R15605,그냥...이런 영화가 좋다,1
R15606,지루함을 이기면 재밌어지려나 했으나 끝까지 지루했어요 좀..심하네요,0
R15607,재밌다 꼭 봐야할 영화....,0
R15608,서진우캐릭터 이상하다 ㅡㅡ 별달따실망입니다,0
R15609,벼어시드라 개같은소리들 하지말고 니들이 무슨 평가를 한다고,1
R15610,ㅋㅋㅋ왜 기억을 없애냐고 ㅠㅠ 아 사랑이뤄지길바럤는데,1
R15611,하품 나오는 영화. 전혀 스릴감이 느껴지지 않는다.,0
R15612,아무 것도.아~무것도 없음.재미 감동 볼거리.당신이 찾으려는 어떤 것이 뭐든...,0
R15613,아무 내용이 없다 뭔가 나올줄알고 끝까지본 시간이 아깝다 여주얼굴만 예쁘고 몸은 뚱뚱함,0
R15614,전 아주 재밌게 보았습니다. . . 게임하면서 봤거든요^^,1
R15615,구혜선 연기에 짜증나는 사람이 나뿐이 아니였군요....,0
R15616,오빠들사랑해요 진심으로,1
R15617,007과 더불어 스파이물의 정석,1
R15618,언제나 영화에 대한 열정이 넘치는 이상우 감독님!! 왕성한 작품활동이 저를 동기부여시킵니다. 화이팅! 늘 응원합니다^^,1
R15619,등장인물들 아주 예쁘다. 십대들이 너무 문란하다.,0
R15620,뮤지컬 영화는 싫지만 노래는 좋다,0
R15621,보게되면 감동으로 누구든 눈물을 흘리게 되는 작품. 스크린에서 느끼는 감동 대박!,1
R15622,영화가 끔찍했던 기억만 남아.,0
R15623,"괜찮은 영화긴 하지만, 약간 진부하고 엉성하다. 7.3점",0
R15624,캬... 이 영화가 왜 이리 평점이 낮은지 알 수가 없구만~,1
R15625,아무필요 없어 쉬레깁니다.,0
R15626,이기적인 여자들의 자기합리화 영화,0
R15627,말도 안되는 스토리네.. 펭귄들이 춤추는거 보고 사람들이 생선 잡는것을 멈춘다는게...,0
R15628,와 진짜 재밌어!!! 검사 이야기라 충격적이고 꿀잼!!,1
R15629,3등....////,0
R15630,연예인 성우는 일부로 망하려고 쓰는거야?,0
R15631,너무 기대했나요 실망스러웠던 기억만 있네요어쨌든 눈의여왕 안나옴,0
R15632,우리 앞에 펼쳐진 세상~은,1
R15633,바보상자 잔잔하니 좋네요.,1
R15634,동화와 현실의 무리한 '합체'에서 발생하는 이물감,0
R15635,정말 눈물나오는 영화....,1
R15636,ㅋㅋ요즘 영화만 보다가 이걸보니 신선하네요,1
R15637,예전에 너무 재미있게봤네요^^ 잼있음ㅋㅋ,1
R15638,모성애를 느낄수있었던 정말 좋은드라마 억지로 눈물 짜내려는 엔딩이 아니라 더좋았다,1
R15639,"오래전에 봤는데, 수도복 입고 야마카시 하는 웃긴 장면... --",0
R15640,"머라고해야하나,,그녀,,감동,,하지만 울수만은없는영화",1
R15641,너무 재밌었어요 마지악 장면 사이다ㅋㅋ,1
R15642,뭐 이딴..ㅡㅡ 영화가..,0
R15643,"보는내내 지루하다,,차라리 폰부스를 한번 더 봐라,,이런류의영화가 국내에 수입되는이유는 단 하나,,bmw 홍보,,bmw를 타면 다른여자와 맘껏 놀 수있다,뭐 그런거다,,",0
R15644,보면 볼수록 훌륭한 영화....,1
R15645,도대체 뭘 까고 싶은거냐... 깔 내용 따윈 없다..,1
R15646,집중이 쉽지 않아,0
R15647,"재앙 영화가 아니라, 영화 자체가 재앙인걸 ...",0
R15648,나름 그냥 그저그런 영화,0
R15649,만화같은 주인공의 환상적인 액션.,0
R15650,"오빠랑 동생이랑 숨바꼭질..근데, 왜 안죽어?",0
R15651,존실버 최고..!!!,1
R15652,결말이 정말 뜬금 없네요 감독의 전작을 본지라 기대했었는데 완전 실망...,0
R15653,정말 이렇게 막 만들어도 되는거냐...B급영화에 대한 모독이다,0
R15654,G-O-O-D^-^,1
R15655,이런류의 영화중에선 상당히 수작에 속하는듯. 이름이 초반에 너무 동시다발적으로 나와서 상황파악하는데 잠깐 헷갈렸음. 근데 이 영화는 상당히 아프게 잔인한 장면이 많다. 꼭 내가 당하는것처럼. 특히 치과씬에서는...,1
R15656,단순히 조니뎁과 크리스토퍼 놀란으로 시작된 영화였지만 끝에 다가갈수록 상상을 초월하는 여운과 생각을 남긴 영화,1
R15657,"역대최강의 리부트 공동2위. 1위는 매드맥스, 또 하나는 다크 나이트.",1
R15658,"옛날에 갈갈이, 왜이런미니~ 할때가 재밋었다. 요즘 넘 재미없어.",0
R15659,야한 장면이라도 있었으면 5점은 줬을텐데,0
R15660,개봉당시 극장봐서 봤던 기억이있네요.. 솔직한 심정으로 돈주고 보기가 아까운 영화였습니다,0
R15661,너무나 너무나 사랑스러운 그녀.. 멕 라이언....^^,1
R15662,강지환 소지섭 고창석 모두 훌룡한연기... 몰입도 짱,1
R15663,사랑스런 베이다의 유년시절을 아프게 때로는 흐뭇하게 본 영화!! 또 보고 싶네요!!^^,1
R15664,캥거루빼곤 너무너무 흔한 스토리와 구성.. 에스텔라워렌은 이쁨,0
R15665,이야기가 화려해진 비주얼을 따라가지 못하는군,0
R15666,극장에서 보다가 중간에 나올뻔,0
R15667,프린스앤프린세스는 재밌게 봤었는데 이건 정말 지루하다 그래도 색감은 정말 예뻤음,0
R15668,러브휴잇팬이라 봣는데.. 재밋긴햇엇는데 감동도 그닥없구..,1
R15669,최고다...bar에 나왔던 조연 여자배들중 내스탈 있오....ㅠㅠ,1
R15670,암담한 현실 속 아이들에게 희망이라는게 무엇인지 알게해주는 한줄기 빛같은 이야기,1
R15671,남자의 성장과정을 너무 사실적으로 잘 표현했다.. 인간의 심리와 본질을 감동적으로 표현한 명작..,1
R15672,"세상을 언제나 계급투쟁의 역사로 보는,김기덕의 절망적인 세계관,역사관은 백약무효.",0
R15673,대구 여행와서 봤음즐겁다. 스포없이 보세요 강추,1
R15674,머리가 나쁘면 몸이 고생한다는 교훈을주는 영화~답답한 찌질이역에 연제욱만 빛났다~,0
R15675,성룡이 나왔다는 것 빼곤 딱히 뭐....재미도 없고 지루하기만 한 영화입니다.,0
R15676,왜곡에 흥한 일본극우는 왜곡으로 망하라! 진실은 승리한다!,1
R15677,만든이들의 다양한 재능이 함축된 영화,1
R15678,오랜만에 다시봤는데 역시 재밌었다미래에는 이런게 가능할까??라는의문이든다,1
R15679,"내가 본영화중 운영화는 몇개되지도 않는다, 그렇게 감동적이게 봤는데, 저oo의 평론가들은 자신이 멋져보일려고,내용이 뻔하다고 평점에 무슨짓을 해놓은거니,너무 딱딱하게 살지말아요.",1
R15680,정말 지루하고 재미가 없네요.감동적이지도 않고.감독이 이런류 영화 좋아한다더니 본인 취향으로만 만든 듯 해요.,0
R15681,이연걸이 있어서 눈이 즐겁다~^ㄴ^,1
R15682,"기대되네욤! 인도문화에 관심이 많았는데,,,,^^",1
R15683,디즈니의 걸작이다,1
R15684,진짜재미있다. good!,1
R15685,정말 최악 ;;;,0
R15686,간호사의 무책임하고 비윤리적 완전범죄를 향토적 휴머니즘으로 만든 사기극.,1
R15687,긴박감 재미,1
R15688,시마다 신자에몬+12인의 자객!! 나리츠구+한베이+호위무사 200명의 모가지를 따다^-^o,1
R15689,내인생에 몇 안되는 10점짜리 영화,1
R15690,뿌리깊은나무가 커피면 대왕세종은 TOP야,1
R15691,일부 대형교회의 문제를 지적한건 좋아요. 하지만 다른 종교. 특히 대형사찰. 바티칸의 비리나 문제점들 역시 상상을 초월할텐데...마치 기독교의 문제밖에 없는것같은 설정자체가 좁은 시야를 보여주는군요. 그냥 어느 사교모임에서 틀법한 사제 비디오물.,0
R15692,군입대를 앞두고 봤던 기억이 난다. 최고의 작품.,1
R15693,이것도 드라마라고...,0
R15694,쩡재맛어요ㅠㅠㅠ케미쩔어,1
R15695,정말이지 너무했다.어쩜 이렇게 한결같냐..그냥 쭉~~~~~~,0
R15696,더이상 발전없는 태국공포영화는 이제 그만...,0
R15697,종교적인 색깔을 넣어 사형제도의 폐해를 보여준다. 이 세상에 억울하게 죽어나간 모든 사람들과 그의 가족들 에게 바치는 영화,1
R15698,영화가 세련됐다 남주인공 여주인공 모두 비주얼이 훈훈,1
R15699,"이영화 깍지마라! 몇년인지 개봉후보고 오늘다시봤다.. 한달에 영화 두번씩 보는사람으로써.. 진짜 잊을수없는영화..영화에서 나올법한 얘기가아니다! 코메디,범죄,웃고 선행도하고 죄도짓는 리얼스토리에. 명연기다..저평가 몇살이냐? 몰입도는 별10개다",1
R15700,스토리는 개판이고 코난은 액션배우가 되어버렸음. 아 우리코난 추리탐정으로 되돌려주삼. 액션은 딴영화볼테니.. 글구 스토리작가 좀 신선하게 써주심 안되나? 화나네.,0
R15701,내 손가락. 발가락. 책임져,0
R15702,야동,0
R15703,진짜 영화를 만들려면 이렇게 만들어야지ㅋ!!!! 진심 요즘 SF영화 죄 다 스토리도 뻔하고 삼류 쓰레기 영화라 재미없다. 87년도 꺼면 나 태어나기 전 편인데 과거꺼라 역시 스토리도 감질나고 재밌다 ㅋㅋ 줄거리가 스릴넘치고 다양하다는게 확실히 좋아!ㅇ,1
R15704,암흑계와 본디지의 거장이 나오신다! 부왘,1
R15705,아 진짜 그만 하자 이제,0
R15706,미쳤냐,0
R15707,지금 나오는 영화들보다 어쩌면 그 시대적 배경을 잘 묘사하고 전달하고자 하는 메세지도 잘 전달한 것 같습니다. 너무 감동받았습니다.,1
R15708,수니가 건드리면 얘가 네이마르 목 딴다 ㅋㅋㅋ 브라질 마피아는 콜롬비아 마피아에 비하면 초딩 수준이지 ㅋㅋㅋㅋ,1
R15709,전설의 경주마를 둘러싸고 이런 역경이 있었다니...실화라 더욱 감동적!,1
R15710,씨발 동성애 쓰레기들...,0
R15711,기대가 점점 떨어짐 이제 갈아타아 할때,0
R15712,평점 상승 위워회에서 나왔습ㄴ다.,1
R15713,웃기네,1
R15714,이걸 어째야 하나...변기물 내리듯이 내려버리고 싶다.,0
R15715,난 사물을 바라보는 원시적인 눈을 가지고있는데.. 이 영화는 좋았어.,1
R15716,어릴때봤던거라 제목도모르고봤는데 다시보고싶어도 제목도몰라 주인공도몰라 못찾았는데 진짜 힘들게찾앗써요ㅠㅠ진심행복함,1
R15717,"아이보다 아저씨의 마음을 더 느끼게 해주는영화, 문어아저씨의 홀딱벗은게 기억나는 영화. 숨쉬는 소리가 들리지 않는 기분좋은 영화",1
R15718,스릴러와 멜로가 잘만나 애정스럽다.희안한 필름이다.,1
R15719,아.. 맥어보이의 연기는 두말할것없고.. 후반부로 가면 갈수록 망가지고 안타까워지는 브루스가 정말.. 맨 마지막 4-5분 장면은 정말 인상깊다..,1
R15720,"너는 ""늑대와춤을""에서 마감됬다",0
R15721,여운이 많이 남네요.. 많이 울었습니다,1
R15722,극본 참 가관이더라 3화부터 정상이 아냐 ㅋㅋㅋ어떻게든 이미 3화부터 찌질해졌어,0
R15723,볼만했고 꾀나 인상적이였습니다,0
R15724,무지개회원들 덕분에 완젼 재밌게 보는 프로ㅋ,1
R15725,난 디게 재미있게 봤는데ㅋㅋㅋㅋㅋㅋㅋ,1
R15726,별점보다 벌점을 드리고싶습니다.,0
R15727,장난하나.내용도없고 뜻도없다.,0
R15728,새벽에 잠 안와서 디엠비로 보다가 잠들었음ㅡㅡ 참고로 이런적 처음.,0
R15729,재미없어 2점부터 점수준것들 M창,0
R15730,코메디,0
R15731,내가 본 영화중에 제일 재미없던 영화,0
R15732,"세상살면서 제일 중요한 덕목은 다 알면서 모르는척, 혹은 잘 알지도 못하면서 아는척, 이 둘을 상황에 맞게 적용하는것. 더 중요한 것은 정유미가 긔요미란것",1
R15733,희생정신 그리고 용기에 찬사를 보냅니다,1
R15734,"완성도를 떠나서 9,000원으로 고문 당한 영화! 아직도화나",0
R15735,2프로 빼고 98프로가 부족한느낌,0
R15736,독특힌소재.. 탄탄한구성..,1
R15737,초반에는 적당히 몰입감도 있고 심리적으로 압박하는 느낌이 있어 좋았는데 뒤로 갈수록 귀신이 너무 대놓고 나오는 통에 몰입력이 떨어졌다. 특히 손이 잔뜩 나오는 부분에서는 너무 웃겨서 친구랑 깔깔거리면서 봄.,0
R15738,이건인기가참좋을겄갔습니다!!!,1
R15739,"일상처럼 흐르는 충격적인 사건들. 악, 분노, 용서...던져진 문제들.",1
R15740,아오 울집 할매가 감독하면 더 잘하겠네 마지막에 결말 대박ㅅㅂ 엎어블라니까는,0
R15741,영화전체가 스키교범 같습니다. 정확한 동작 하나하나를 이렇게 자세하게 촬영하다니!,1
R15742,성우가 쓰레기다. 앞으로는 네이버영화의 점수를 믿지않기로 했다. 알바부대의 조작점수.. 더러운것들,0
R15743,프랑스 영화라 적응이 안되는군요. 와이프랑 나랑 교대로 자고 아들보고 재밌냐니 응~~ 그러네요.,0
R15744,재미있는 블랙 코메디,1
R15745,정말 재미있었다.. 지금 봐도 손색 없는 작품,1
R15746,누구에게나 찬란해야할 유년시절이 힘들아이들에게 희망을,1
R15747,이거 뭐하는건가요?그냥 눈에 익은 연예인 모아놓고 '아오늘뭐하고놀지? 일단밥먹으면서 얘기해볼까?' 하는 건가요?,0
R15748,길을 잘못들은거 같은데..,0
R15749,빠순이빨이 너무심하다 포항전투 고인들 욕보이지말자 이분들은 소년원과는 관계없던 분들이었다,0
R15750,1998년에 개봉된 영화치고 무려 17년이나 지난 2015년 지금까지도 유료로 판매되는 영화는 이 영화밖에 없을 것이다. 2차 세계 대전 영화중 최고를 꼽으라면 단연 라이언 일병 구하기를 꼽을 것이다 특히 마지막 독일군과 싸우는 장면은 스릴 넘쳤다.,1
R15751,"어설픈 감상적 정서 따위는 애시당초 개나 줘버린 듯한, 시니컬하고 쿨하면서도 현실적인 문법으로 쓰여진 영화. 당시 한국영화로서는 굉장히 새롭게 다가왔음직하다. 지금 봐도 낡게 느껴지지않는 유일한 코미디 영화.",1
R15752,감독이 약빨고 영화만든듯..스릴러냐 코미디냐 조폭영화냐..,0
R15753,이 시대가 군중 속에서 외로움을 느끼는 세계라는걸 예견한 걸까? 15년이 지난 지금 고독함은 더욱 가속화 되었지,1
R15754,액션만 귀여우면 웃고 말겠는데 액션빼곤 다 귀여우니 눈물이 난다.,0
R15755,마지막 공리와의 이별 엔딩은 이 영화의 꼽힐수 있는 명장면과 명대사..,1
R15756,"택시의 유머와, 스피드가 실종되고 지젤번천의 몸매만 남았다.",0
R15757,이런 것도 영화라고 만드는 의도가...???,0
R15758,개오글오글오글ㅋㅋ 오글거려서 더 맘에 듬 ㅋㅋ 김우빈 이수혁 홍종현ㅋㅋㅋ,1
R15759,난재밋던데 평점욀케낮어..,1
R15760,유치 뽕짝;; OO.. 예전 향수 떠올리는 선플때문에 보다가 토나올뻔했음;;,0
R15761,꼭 보고싶네요.,1
R15762,"연기는 잘하시던데,,, 너무 재미없음",0
R15763,추억은 그냥 추억으로 남겨놓는게 좋다는 것을 가릋펴주는 영화였씁니다.,0
R15764,시체 하나에 뭐 이렇게 갖다 붙인게 많아?,0
R15765,우울한 작가주의에 동참.,0
R15766,아니..솔직히 강동원 아니면 이거봤겠냐?ㅋㅋ,0
R15767,수잔비에르영화는 언제봐도.,1
R15768,완전 재밌던데 특히 심은경이랑 김동욱 연기 잘하던데,1
R15769,"영화는 기본적인 것을 망각했다. 영화는 지나치게 정신없고, 각 장면에 몰입하기가 쉽지가 않다. 그저 시끄러운 개그콘서트같은 영화. 특히 기본적인 플롯이 너무나 부실하다. 시나리오부터 다시 공사할것!",0
R15770,러시아워1은 꽤 괜찮은 영화^^,1
R15771,올게하소서 아리아만 남는다. 너무 어거지 설정과 매끄럽지 못한 연출,0
R15772,응? 재미있었는데?,1
R15773,충분히 재밌다.. 두 말해서 무엇하리..,1
R15774,시대가낳은두바보와그주변인들의웃기지도않은해프닝을시종일관허세로풀어놓은OO영화,0
R15775,재미가없다.,0
R15776,라민이랑 시에라가 대박인데....너무 안타깝네요 1편에 비해 기대도 못미치고..,0
R15777,이게 진정한 사랑이다! 그사람 없이는 도저히 내 인생도 없는 그 사랑 이야기 한편이다.병걸리고 뭐시고... 사랑 힘만 있으면 다 필요없다!매번 똑같은 로맨스 영화만 보다가 이 영화를 보니보는 시각이 달라진다.,1
R15778,우리네 삶은 이렇게 유쾌하게 연결되어 있다구요,1
R15779,사랑과영혼?,0
R15780,별반점도 주기 아깝다도무지 공감도 전혀 안되고 이해할수없는 영화본시간이 아깝다ㅠ,0
R15781,여기서부터 망가졋구나...ㅋㅋ,0
R15782,"방영당시 동시간대 하던 드라마들이 조금은 어두운소재를쓴 반면에, 아이두는 구두디자이너라는 색다른소재와 등장인물간의 풋풋한사랑을 다뤄 가볍게 접할수있던점이 좋았다. 10살차이가 나는데도 불구하고 케미가좋았던 두남녀주인공덕분에 다시 보고싶다ㅎㅎ",1
R15783,로저무어에 비해 임팩트가 딸리는 달튼..007 아프가니스탄 특집..모로코 특집..아하는 노르웨이 그룹인데 왠일로~ 본드걸..내 취향은 아니라 실망..,1
R15784,완전 귀여웠던 영화. 순진+어리버리 연기를 했던 이완.. 짱 귀여움,1
R15785,이예린 아무리 너무 악역이라지만 정도를지나쳤네요 정도껏 조절해서쓰시죠 자꾸질질끌지말고 차라리 드라마끝내시죠,0
R15786,닌자어쎄신보다 10배 더 재미있고 액션도 휠씬 나았다 강추!!,1
R15787,오랜만에 봤지만 역시 재밌다.. 이연걸영화는 말이 필요없지...,1
R15788,끝판왕! 요즘 방학이라 할거없는데 정주행이나 할렵니다~,1
R15789,수능끝나고 봤는데..마지막 흐르는 음악과 겹쳐..더 슬프다..,1
R15790,정말이럴수가... 으으,0
R15791,기분이 묘해지는 영화이다,1
R15792,감독 최고의 강태공으로 임명한다.,0
R15793,1보다는 약하다,0
R15794,어지간 해서는 로그인 안하는데 이건 뭐 대박이다.!!,1
R15795,고전작품을 현대인의 기호에 맞게 잘 만들었다.,1
R15796,유치함의 최고....,0
R15797,"철운역의 황일화님이 주연이고 ""화려한 지난날을 잊지 않겠다""라며 온갖 오래된(?) 익숙한 분들이 얼굴을 내미네요 ㅎㅎ 그러나 영화는 지루했다는...",0
R15798,개봉당시 흥행참패했었지-_-....재미가 없어서...,0
R15799,재미 때가리도 없는 지루하고 영화보다 잔건 처음이네 아오 개빡쳐,0
R15800,사랑하고 있는 사람들이라면 봐야할것 같아요~재밌어요 대사들도 너무 좋구요,1
R15801,이거보구재밌다는넘들은 세상모든영화가황홀하겠네,0
R15802,이건뭐 노답이네 80~90년대 어린이 영화좀 보고 본받아라!,0
R15803,"몇 번째 보지만.. 영화 이렇게 어렵게 만들면 참으로 해석하기 힘들다. 아니, 해석하지 말아야 한다.. 느낌 그대로~~",1
R15804,"재미만 있구먼 왜 OO 들 인지 난 너무 잼나게 봤슴 ,, OO들 하지말것",1
R15805,쩐다 그이상은 없다,1
R15806,"줄거리자체는 흥미진진하고 액션신이많고 또명배우 ""휴잭맨""의 연기가 인상에남았다.허나 원작 데드풀을 이렇게 표현할줄 예상못했다;;하지만 엑스맨 울버린 첫 스핀오프작을 잘뽑은것같아서 좋다.",1
R15807,드라마가 살아있는 가슴 먹먹해지는 영화였다. 진짜 최고다. 만화랑은 조금 다르니까.. 너무 만화 생각하면 안된다. 원작을 뛰어넘은 영화였다.,1
R15808,이게 모지. 징기스칸의 뭘 보여준거야 도대체 엉성한 구성에,0
R15809,굿!!! 재미있는 영화,1
R15810,1점도 후한 점수다..,0
R15811,제목이 이게 뭐냐..,0
R15812,"평점 조절위원회에서 나왔습니다...그것도,원조...(웃음)",0
R15813,광해군의 세자시절 이야기라 궁금해서 봤는데 기대이상이였어요.배우들의 연기는 말할것도 없고 영상이랑 음악이 영화같더군요.이제 2회 끝났으니 담주부턴 더 흥미진진할거 같아요.기대됩니다.,1
R15814,그래픽이라도 좀 어떻게 하던가 내용도 그래픽도 쓰레기,0
R15815,"막판 대결이 재밌다.,.",1
R15816,나는 이제야 보았다. 땀한방울나지않는 아름다운 춤을..,1
R15817,....발레주제로하는데 민아는 발레가 뭔지도 모르는듯 ...토슈즈도 신을줄모르는애가 ...뭔 오디션,0
R15818,아...,1
R15819,이 영화보러 돈 내느니 차라리 맨홀에 돈버리는게 더 나을듯,0
R15820,시놉은 괜찮았으나 영화 자체가 별로 재미가없다 촬영 기법도 1인칭 3인칭으로 이랬다저랬다..,0
R15821,재밌네요 줄거리자체는 조금 오글거려도 신선하네요,1
R15822,나에게는 10만점 인 영화다,1
R15823,진심 스타워즈 포르노가 이것보다 낟다,0
R15824,아들 찾으러 간 다른세계(영계?)가 꿈에 나 올까 무섭다. 이승과 저승 사이 중간의 공간. 동양 정서의 사후관이 많이 녹아 있는 듯. 후덜덜,1
R15825,해리슨 포드.. 작품 보는 눈이 떨어진 건가?,0
R15826,또봐도재밌엌ㅋㅋㅇㅇ,1
R15827,사랑스럽고 감동적인 영화~,1
R15828,"개봉되기만을 기다리고 기다리다 오늘 봤어요ㅠㅠㅠ 여캐들 볼때 좀 민망했지만ㅋㅋ 재밌었고 레이시, 후시미 존잘ㅠㅠㅠ",1
R15829,너무 나 감명 깊었습니다. Wow great !!,1
R15830,진짜비추해요,0
R15831,창의력넘친다.. 색다르고 독튼한 영화. 신선한느낌이 든다. 간혹 나오는 유머가 굿,1
R15832,"죄를 짓는다는 것, 죄를 뉘우친다는 것, 죗값을 치른다는 것.",1
R15833,재미도없고..,0
R15834,B급이 아니라 쓰레기일 뿐.,0
R15835,뭐 이런 개똥같는 영화가 ..,0
R15836,아무것도 모르던 6살때인가? OST만 들어도 참 그립네요,1
R15837,도데체 어떻게 이해해야하는지 알수없어서 와봤는데.. 별말없네요.,0
R15838,여전히 신기는 허네.,0
R15839,숀 코네리는 언제봐도 멋있다. 90년대 영화 특유의 부드러움이 느껴지는 영화. 깔끔하고 군더더기 없이 세련됐다.,1
R15840,큰재미는없지만 동화속으로 들어온 느낌이네요예전부터 장나라 좋아했는데 역시 장나라라는 ㅋ약각 부족한 감은 있지만 기분좋게 잘봤습니다^^,1
R15841,이런 쓰레기 영화가 뭔 평점이 높냐....시나리오대로 영화 찍은거면 출연진.연출진들 양심 좀 가져라...,0
R15842,첨부터 끝까지 난데없는 영화,0
R15843,어렸을때 비디오로 몇번 돌려본 영화,1
R15844,세상엔 믿고 보는 배우따위란 없다!!!,0
R15845,아무래도 남의나라 먼 이야기인데 낯설지않고 긴장감있게 끝까지 봤음. 마지막 노래도 좋음,1
R15846,기대 이상이었음. 가족끼리 보기 좋은 영화,1
R15847,아니 미친 알바 새끼들아 양심이 있다면 이 영화에 8점대 별점을 주지는 않았을거다. 엄정화의 연기도 이딴 미친 영화를 살릴 수는 없었다 ;;; 미친 조낸 이딴 걸 추리스릴러라고 하는 모든 ㅄ들에게 큰 OO를 날리고 싶네,0
R15848,"남자주인공의 연기력과90년대부터 현재까지 시대적 배경 연출및공감가는 현실적인 대사들, 다시한번웃고울고갑니다~개봉관이 많지않아 아쉽네요",1
R15849,진실은...나중에 알겠지요,1
R15850,차가운 파랑색의 화면처리.. 왠지 우울한 작품..,1
R15851,원래 좋아하는 시리즈인데.. 8점 주려다 ijwsd 때문에 10점 준다,1
R15852,할리우드가 보여준 돈의 위력,1
R15853,잘했다 아주 잘했어 바바바,1
R15854,영화 스토리 상으론6점 짜집기 연출 구성상으론 10 점인영화 가볍게 보기엔 좋은,1
R15855,리플리는 끊임없이 구하려 한다.,1
R15856,2등!!! 지금 테레비에 하는데 재미음따,0
R15857,보는 내내 마음이 불편했다..그러나 모두 사실인걸...,1
R15858,섹스씬이랑 피튀기는 잔인한 씬 빼고 남는게 없는 영화.그냥 구리다.,0
R15859,많은 생각을 하게 하는 영화입니다. 꼭 보실것을 추천합니다.,1
R15860,애정이 없으면 이렇게 찍을 수 없다. 우수어린 작품.,1
R15861,별 하나도 아깝다는.. 밑에 10점 9점 감독 가족 친구들이냐?,0
R15862,엄청 재미없음 걍 첨에 신기하다 나중에 졸림....,0
R15863,조니뎁 행님 사랑합니다 행님,1
R15864,444,1
R15865,전작을 완벽하게 복제하려다 보니. 스릴러로 치부되어 버린 현실.,0
R15866,사랑하지 못할거라면 차라리 무관심해주세요. 미워하고 괴롭히지 말고.. 고양이들도 원해서 세상에 태어난거 아닌데..길지않은 인생 그래도 무던하게 살다갈수 있기를,1
R15867,운명의 소용돌이란 바로 이런것. 완벽하진 않으나 충분히 즐겁다,1
R15868,고전 서부영화와 컴퓨터 그래픽의 완벽한 부조화!!,0
R15869,내가 이상한가 엄청 재미없고 짜증나고 졸립고 친구에게 미안했음.,0
R15870,같은층 레스토랑에서 맛난음식과 또한 영화도 만족하였습니다 보물을 캔 느낌이군요,1
R15871,빡치게 동생때문에 쓰렉빠같은 영화를보고있다,0
R15872,시간떼우기도 조금 아깝다는...,0
R15873,재미없다 진심으로 솔직히 재미없다,0
R15874,"덤앤더머2가나오다는 소식에 덤앤더머1을 보고 짐캐리에 매혹되었고 마스크맨,브루스 올마이티를 보고 그의 열혈팬이 되었다. 짐캐리는 정말 신이주신 배우라고 생각한다.",1
R15875,유치하고 지저분하고 재미없음,0
R15876,이해가않된다 그래서 지루했다,0
R15877,이게 재밌어?,0
R15878,비오는 새벽유튜브에서 타이타닉을 보았다..자막없이도 대사가 머릿속으로 떠다니는거보면내가살면서 가장많이본 영화이고다시봐도 명작인영화나홀로집에 쥬라기공원 쇼생크탈출 등 1990년대 헐리우드영화의 스타일이잇음옛향수도한몫하겠지만,1
R15879,이건 아니잖아.............................. 심심... 지루..,0
R15880,"평점이 너무 낮아 놀랍네요; 개봉당시 영화관에서 2번 보고, DVD까지 소장한 작품인데.. 이 영화로 김지운 감독 주목받아 헐리우드 진출까지 한 대작입니다. 한국에서 이런 영화가 나왔다는게 감사한 작품!",1
R15881,누구나 요리할 수 있다! 진정한 드라마였다,1
R15882,박찬욱스럽다 그래서 좋다.,1
R15883,최악입니다. 다보고도 답답해염,0
R15884,어휴...답이없다.,0
R15885,영화같지 않은 너무나 현실적인 지지리 못사는 영화.,0
R15886,"난 델피같지 않다고 생각하는데, 왜이리 그녀가 이해가 되는건가",1
R15887,이런 영화는 볼 때보다 보고 난 후 돌아오는 길에 계속 생각하게 만들죠~ 보기만 하고 나오는 영화보단 이렇게 관객에게 물음표를 던지는 영화가 더 좋아요~,1
R15888,고통과 괴로움으로 가득찬 이 세상을 사랑하게 만든다,1
R15889,불평불만할 시간에 조금이라도 더 느껴보려했다면,1
R15890,이런 쓰래기 영화 간만에 낚여 봤네...,0
R15891,정말 최악의 영화였다. 욕 먹을 각오하고 남길정도니..,0
R15892,그냥 만화로 보는게..,0
R15893,티비에서 우연히 봤는데 열라 웃기다 옛날 총알탄사나이 느낌의 미국식 코믹!,1
R15894,자꾸 영화의 색채감과 표정이 생각나는데.. 후유증 오래간다!!!!,1
R15895,진짜 10점 만점이 아깝지 않은 드라마임 이거보고 주지훈한테 반함 변호사님 쩌름,1
R15896,죽기전꼭봐야하는영화. 감동과재미의 절묘한조화로 명작을만든이영화 10점만점에10점을줘도 아깝지않다.최고의명작!쿨러닝. 추천합니다,1
R15897,내가 본 게 뭔지 모르겠다 공각기동대가 아님 완전 다른 작품이라고 해도 될듯,0
R15898,절대보지마세요유덕화랑서기나온다고해서기대했지만문화차인지중국영화는정말못보겠네,0
R15899,글쌔... 중견배우만 보였어...,0
R15900,연예인 더빙이 아닌점에서 10점 와 나 눈물날꺼 같아ㅠ이게 얼마만에 제대로 된거냐 오랜만에 손발이 퇴화 안됐네요 너무 고맙습니다ㅠㅠ,1
R15901,스토리가 워낙 감성적이고 아름다움.. 몽환적인 분위기에 어울리는 예쁜 영상미. 솔직히 영웅재중의 연기를 걱정했는데 생각보단 괜찮았음. 첫 영화였는데도 오히려 최근보다 나은듯.. 한효주도 캐릭터랑 넘 잘 어울리고~ 뭔가 여운이 남는 영화..,1
R15902,TV에서봤는데 재밌던데 후후 감동도있구.,1
R15903,ㅠㅠ 눈물이 주룩주룩나는게 아닌데 더 슬프다,1
R15904,어의상실...,0
R15905,마지막 장면까지 호흡을 가다듬을 수 없다! 역쉬 브라이언 드 팔마!ㅠㅜ,1
R15906,다 좋은데 아무리 그래도 3시간에 가까운 런닝 타임 동안 연출도 빈약한 이영화에 그 연출 마져도 대부분은 나레이션으로 때워버리까 너무 지루해서 죽을거 같더라 감독이야 말로 오만한거 아님;;? 보는 사람 입장도 생각해야지 이건뭐 아오...,0
R15907,엉터리 프로그램. 조작이 얼마든지가능한 얘기꺼리.,0
R15908,무었을 표현한 영화인지.,0
R15909,민지아 때문에 참고봤다!!,0
R15910,개봉당시엔 전쟁영화에 관심없어 안봤는데 방금 티비에서 보고 이런영화가 왜 흥행하지못했나 싶네요..잘봤습니다,1
R15911,평점이 왜이리 낮음ㅡㅡ 베스트오브베스트이구만,1
R15912,이거 왜하는거지 진짜드럽게재미없드라 빨리 폐지되길,0
R15913,대박재밌고 연기력들 쩌심ㅠㅠ,1
R15914,예술영화랍시고 대중성 무시하는 괴상한 영화들만 만들던데 이제 좀 장르의 다양성좀 넓혔으면 한다 한국영화들.,0
R15915,전국~ 노래자랑! 송해선생님이 나오신 작품이고만,1
R15916,서머셋모옴의 반전이 완벽하게 나온 영화,1
R15917,잊혀지지않는 영상..,1
R15918,이자벨 아자니의 연기는 정말이지,1
R15919,이 정도면 전 만족 합니다요.,1
R15920,처음볼때 지겨워서 제처두었다가..3달후에야 다시 꺼내보았지만..그래도 제겐;,0
R15921,평점 조정용 5점정도가 ..,0
R15922,전쟁의 참담함을 담담하게 그려낸 수작 이상의 작품.,1
R15923,진짜 이건꼭봐야되는영화,1
R15924,스토리텔링보다는 지브리의 감성과 색채를 천천히 음미해보는것이 좋다.,1
R15925,효민 화이팅!영화 내용도 좋다,1
R15926,따뜻한 홈드라마는 개뿔ㅋㅋㅋㅋ처음봤을때부터 개막장ㅋㅋㅋㅋㅋ,0
R15927,"내용적으로도 재밌고,질질 끄는 것도 아닌게 재밌게 봤습니다.",1
R15928,20t세기 최고의 영화음악,1
R15929,어쩜좋니.이건 재앙이다! 각본.연출자는 어디가서 영화만들었다 애기하지말어라.휴~,0
R15930,!!!대박 ㅇㅅㅇ,1
R15931,지금봐도 재밌는 코미디영화,1
R15932,이게 끝이라니 ㅠㅠㅠㅠ,1
R15933,참현실적인영화 흥행을 위한 꾸밈없이도 좋은듯,1
R15934,진짜 먹저 와 리얼하다,1
R15935,각본과 연출이 너무 엉성함. 성적인 것에만 지나치게 치우친 건 아닌지? 요한슨과 퍼스의 연기도 지금까지 그들의 작품 중 최악.,0
R15936,재난영화중갑이다!!!,1
R15937,아진차 한회한회를 거듭할수록 너무 재밋다는!미치겟음ㅠ,1
R15938,슬프면서도 재밌어요,1
R15939,♥,1
R15940,어린시절 너무 무섭고 재미있게 봤던 추억의 판타지영화.절대 나쁜짓은 금물.지옥가요..,1
R15941,천식걸린 고수아저씨 천식약 못 빨게하는 장면이 조금 웃겼음,0
R15942,돈을 위해 늙은이들에게 몸을 팔아야만 하는 현실이 씁쓸하고 역겹다,0
R15943,이게왜 조니뎁출연창에서 나오는거야 - -;;;,1
R15944,아메리칸개그의표현을 잘보여주면서 사회적 풍자의 메세지도 있는영화,1
R15945,lial*** 이거 97분짜리 장편영화야...이런영화에 알바일리는 없고 평점조절위해 ...감독은 제발 툭하면 관두지좀마시길..멜로 영화에서 여자친구랑 툭하면 헤어지는 느낌감동을 짜내기위한 엑스트라들의 무리수.,0
R15946,백만장자의 첫사랑 이후로 이연희역할이 제대로 빛을 발하는 작품 별에서온그대 본방보느라 다운받아서 보는데 재밌음,1
R15947,몇 개의 A급이 포함된 자재를 가지고잡탕 음식을 만들어 팔고 있는 느낌.,0
R15948,"뭐 저런 코스츔이 다 있어-제작자에게 음란마귀가 씌었나, 10점 누르신 분들, 원작 보고와요. 진심 1점도 주고 싶지 않다.",0
R15949,기대하고봤는데 뒤로갈수록 색깔이 나와 실망했다.어떻게 특정지역 518이런게 시대의아픔을 대변한단말인가 독재정치의 고문? 아예 주제를 까놓고 한방향으로 가든지..재미도교훈도 없는..각본 명계남 자막뜰때 왠지 불안하더만 결국..,0
R15950,미션 임파서블 시리즈의 감출 수 없는 아킬레스 건...,0
R15951,지루하고 어색한 편집과 식상한 스토리.. 결말도 흥미롭지않음,0
R15952,우주에 살짝 관심이 있던 6살 아이가...어른이 보기에도 어려운 코스모스에 심취해 보고 또 보고..타이슨 박사처럼 우주에 대해 강의 하고 우주의 일부분인 지구를 지키기 위해 자연보호도 하고.. 지구를 조금 더 많이 사랑할 수 있게 해 준 코스모스..,1
R15953,아 재밌다ㅋㅋ,1
R15954,현실성 0점....답답 시나리오. 연기만 잘하고,0
R15955,대박~스티브맥퀸의 대박연기와 스릴감 넘치는 전개,1
R15956,간만에유쾌하게본드라마~~넘잼있어요~~~^^,1
R15957,미국의 영웅주의와 핵마피아들의 노고가 절실히 보이는 영화였습니다. 잘 보았습니다.,0
R15958,그 당시에는 정말 혁신이였다,1
R15959,"제 점수는요...원표만 안나왔어도,그냥 1점줘버리는건데,원표가 살렸다.바보들의행진.",0
R15960,좀 말이 안되는 영화..총맞아도 쓰러지지도 않고..알파치노가 전 보스를 죽이고 보스되는것도 말도 안되고 ~~~,0
R15961,왜 좀 더 막나가질 못하는 건지...결국 후반부는 전혀 다른 장르가 돼버렸다.,0
R15962,카달로그 수준의 영화,0
R15963,"일본감독 이 사람 누군진 모르겠지만 헐리웃 진출 첨이자.마지막 작품이 되겟군, 정말 수준 낮다.",0
R15964,파란만장한 하루를 같이 보내며 싹트는 마음이 잘 드러났다. OST도 너무 좋고 아이들도 귀엽고.. 열린결말 또한 맘에 들었다:) 비내리는 가을밤에 보면 좋을 영화!,1
R15965,7.5는 후하다 평점맞추기위해 1점 개인적으로 4점 정도.. 리암니슨이라고 무조건 빨아재끼는놈들 다 재꾸고 솔직하게 말하자 별로였다. 내용도 뭐 없고 리암니슨 허세만 잔뜩나옴,0
R15966,니가 자초했다.,0
R15967,음....뭔가...만들어지다가 만거같은데..,0
R15968,소재는 좋은대 그게 전부...내용이라곤 전혀 없이 뺀질나게 점프만 하다 끈나는 영화,0
R15969,일영(온주완)진짜...멋지다....!,1
R15970,스크린채널에서 봤는데 정말 소름돋았다!!!,1
R15971,만화보고 나서 보니 중반부터 내용이 너무 달라지네...,0
R15972,왕건 후속편으로써 매우 실망스런 작품.,0
R15973,전 별로였는데 어른분들 좋아하겠지만 애들은 별루..ㅋ,1
R15974,돈주고 안본게 그나마 위안이 된다. 그마저도 다안봄. 보기싫어지는 영화는 처음임. 차라리 티비광고를 계속 보고있는게 나을듯,0
R15975,거~참...2011년도 작품인지...2001년도 작품인지...,0
R15976,"거의 20여년의 세월 만에 다시 본 영화.. 이런 스토리였을 줄은 ㅎㅎ너무 마음이 따뜻해지고, 이런 영화가 바로 정통 로맨스구나 하고 느꼈다. 처음 본 와이프도 정말 좋아했던 영화.. 게다가 아름다운 OST 는 보너스! 정말 강추강추강추!",1
R15977,연기 잘 하는 세 주인공. 엿 같은 각본과 엿 같은 신예 감독.,0
R15978,이거더럽게재미없음 OOO 존1나쓰레기임,0
R15979,수행때문에 봤다...으으...완전,0
R15980,그냥 벗는 재미로 보심...ㅋㅋㅋ,0
R15981,잘 만든 영화다. 거기다가 볼거리도 있고,1
R15982,이게 모야,0
R15983,"정말 재밌게 봤습니다. 흔한 한국 B급 로코물이라고 오해하지마시고 안보신분 봐보세요 류승룡,이선균,임수정에 각본 탄탄 캐릭터들도 주옥같습니다. 안보면 손해인 영화네요",1
R15984,네이버 평점은 믿을 게 못되...,0
R15985,EBS 초등용 영화임.. 내용도 없고 듣기 평가에 딱 좋음,0
R15986,난 남잔데 재밌다 근데 끝낫어 ㅜㅜ,1
R15987,극장에서 돈 주고 봤으면 더 좋았을 영화. 개봉을 놓친게 아쉽다.,1
R15988,친구들 다 딴거 볼때 나만 이거 봣는디 개잼 ㅎㅎ김소연씨 매력이 통통튀고 박시후씨하고도 너무 잘어울림 ㅎ굿,1
R15989,"ㅎㅎ 숀 코넬리는 아닌, 우리나라 성우였지만 그래도 아이와 볼 만 했습디ㅏ~~",1
R15990,내가 이걸 왜 봤지. 모든 것이 예상가능하다,0
R15991,"보기 참 잘 한 영화, 경매에 자신의 초상이 팔리던 순간에 울음을 터뜨리던 티앙과 함께 울었던 그 순간을 기억합니다. 99와 100이 같을 수 없다는 걸 가르쳐 준 고마운 영화. 카타도르는 쓰레기가 아니라 재활용품을 줍는 사람들입니다.",1
R15992,맹승지한태 편집 젖갗이 하네 작가도 여자라매 시 ㅋ발 장난하나 이거보고 군대 쉽게생각하는 사람도 있을텐데 폐지해라 쓰레기 새 ㅋ끼등,0
R15993,"전문가 평점은 역시 믿을게 못돼. B급영화. 무섭지도,스릴도,재미도,감동도 없는영화.",0
R15994,노잼핵노잼완전핵노잼,0
R15995,뭐야 이거....정말 쓰레기티 나는 영화 출연진은 화려하다.,0
R15996,"영어로 원본 책을 보면서 이 책이 내가 가장 좋아하는 책이다 하고 계속 보았는데 영화가 엄청 구렸다. 당연히 영화가 완벽하진 않았다고 생각했지만(예: 눈색, 머리색, 스토리) 이건 너무 끔찍하다. 등장인물 비주얼 덕분에 참고 끝까지 볼 수 있었다.",0
R15997,은행털이 들이 보여주는 몸개그 열전.,0
R15998,왜 이 잘만든 영화가 평점이 이 모양이냐?..미쿡^^에 억하심정 패배의식 강박관념 있는 사람들의 평점테러인듯. 볼 만합니다!!,1
R15999,뭐냐? 이거? 이런걸 예술영화라고 하니???,0
R16000,나와 너를 찾는 제주도 여행^^,1
R16001,1편은 명작인데 2편부터 이상해지기 시작...,0
R16002,미국찬양 영화에다가 심한 주인공보정에다가 발연기.,0
R16003,삼류 중국역사드라마 보는줄~~볼거리라곤 전쟁신~배우는괜찮은데 감독이 에러 보지마!,0
R16004,우리나라 법제도 제대로좀 해주었음 좋겠네,1
R16005,노민우 OOO기였다. 락락락을 통해 노민우가 배우로서 더많이 성장했음을 느낄수있었다.기타연주도 수준급이고 눈이즐겁고 가슴이 뜨거워졌던 드라마였다.,1
R16006,신비롭고 묘하고 이상하고 기괴하기도 하고 그런느낌이라 좋았다,1
R16007,어렸을때 봤는데 재밌게 보았던 기억이있어서 검색해봤는데 이렇게낮을 줄은‥ㅋㅋㅋㅋ워낙본지오래되서 그런지모르겠는데 다시보면 재미없을라나?ㅜ,1
R16008,결국 막장까지 가고야 만 록키.. 스포츠영화가 아닌 미국홍보영화를 찍다,0
R16009,짜증나는 영화여 이것도 영화요,1
R16010,재밌어요 노래들도 좋구..,1
R16011,근데 말야. 곰이 아니라 인간이 아이를 납치한 것이라면?,0
R16012,미친영화는 매드맥스보단 이 영화를 말하는게 아닌가 싶다.,1
R16013,그냥 일본에서 AV로 촬영해라.,0
R16014,와... 진짜 재미없다 이게 무슨 다큐멘터리냐? 장르가 코미딘데 웃기질 않아,0
R16015,명작!! 근데 초반에 이름도 못외웠는데 과거현재 왔다갔다해서 다시 돌려봐서 이해함... 초반ㅇㅔ 좀 헷갈렸던 거 빼고는 진짜 재미있었다,1
R16016,보고나서 왠지 모르게 행복해지는 영화에요.,1
R16017,내면적인 무언가가 강해서 영화보는동안 의미는 모르겠으나 무언가가 느껴졌다,1
R16018,"예고편, 그 이상도 그이하도 아닌 영화.",0
R16019,성룡아들 방조명...너는 제발 나오지 마라,0
R16020,윤은혜 너 !.! 이표정 지으면 죽여버릴꺼야..,0
R16021,내가 본 로봇영화 중 가장 최악이다,0
R16022,뉴스에 나왔네요. IPTV에 최신영화라고 비싸게 팔아먹을려고 아무도 안찾는 거제도의 골목극장에 하나에만 상영해놓고... 지금 이 평점은 영화에 대한 평점이 아닙니다.,0
R16023,쩐다 예고편만봐도 느낌온다 ㄷㄷ,0
R16024,개쩔었다,1
R16025,키아누 리브스와 산드라 불록의 매력에 푹 빠져 몇번씩 다시 봤다.,1
R16026,시간되면 봐라. 마지막에 허무하긴 하다. 10점 주는놈은 제정신이 아닌거다. 알바이거나...,0
R16027,긴장감보다는 답답함이 앞서더이다,0
R16028,우와..,1
R16029,사라지는 것이 좋을 듯 합니다.,0
R16030,1점도 아깝네. 퍼시픽림이랑 착가했네ㅋ 아 놔 짝퉁영화..,0
R16031,마음이 상막해질 때 보세요,1
R16032,장나라 연기 잘하더라ㅋㅋ 유아인은 풋풋하고.. 근데 재미가 없다는게 함정,0
R16033,진짜 이거 스토리전개가 너무느리고 엉켜있음 보지마세요,0
R16034,항상 그렇긴하지만 시작부터 스케이드보드타는거랑 마지막에 공차는게 참 비현실적이였음...억지스러운것땜에 1점깎고 그외에는 개인적으로 재밌긴 정말 재밌게 봤음,1
R16035,영화관에서 봤는데 겁나 재미없어서 도중에 나온기억이.. 평점 왜이렇게 높지?,0
R16036,정말별루인 영화;;;;...,0
R16037,대충 일본 애니.,0
R16038,스릴러로써는 아쉽지만 여배우를 보는 즐거움은 있었다,0
R16039,영원한 황신 콩콩 홍진호 화이팅!,0
R16040,진짜 많이 봤어요 ㅋㅋ 비디오시절에 나온건데 지금봐도 스토리가 넘넘 재밌어요,1
R16041,감동의 눈물이예요!!,1
R16042,역시 빈디젤!!!,1
R16043,"아니 쌍! 대사랑 인물은 토시하나 안다르게 현대로만 옮기면 어쩌자는거야... 감독이 재해석이라곤 눈꼽만치도 찾을 수 없다. 특히 여왕, 그의 아들. 그리고 심벌린의 숨겨진 아들들은 뜬금없음의 정점을 찍음. 그외 주변 인물도 공중에 떠다님;;",0
R16044,"이건 꼭 모두가 영화관에서 봐야할 영화이다 심지어 제작사, 감독, 상영관 관계자 모두!!!! 꼭 봐라 그리고 관객의 얼굴도 봐라",1
R16045,양들의 침묵을 보고 보아도 스릴넘치는 것은 여전하네요^^ 재밌게 잘 봤습니다,1
R16046,"신흥군사강대국의 등장으로 인한 세계정세 불안과 세계적 독재자의 등장. 초반 설정은 흥미로웠는데, 불타 나오고 금성공주 나오고, 악마 나오고 유령병사에 용에 … 개판된 판타지",0
R16047,"이질감있는 문화, 나와 이격되어있는 특이한 부류의 여성이야기. 몰입 어렵다.",0
R16048,샘과 옵티머스 프라임이 처음 만나는 장면은 트랜스포머 시리즈를 통틀어 최고의 명장면이다.,1
R16049,내 인생에 가장 기억남을 영화인것 같다 스토리도 완벽하고 모든 구성이 만족이다 이런 영화는 처음 본 것 같다 나도 모르게 상황에 이입해서 눈물이 나고 케이트와 벡 과 함께 상황을 겪고 있는 느낌을 받았다 인생을한번 생각해보게 되었다 최고의 영화다,1
R16050,김꽃비 다방 역할 너무 안 맞는다. 김꽃비도 실망 영화도 실망,0
R16051,지루하다고 다 작품성있고 내면이 어쩌고 한건 아니지..,0
R16052,야호..........나는너무좋아,1
R16053,밑에놈 때문에 1점 준다,0
R16054,"제가, 다운받았는데요~ 너무재미있어요~",1
R16055,절름발이가 범인이다.,1
R16056,감독!!! 장난쳐???,0
R16057,자신을 OO로 만들어버리고 자신의 상대들에게 민폐 끼치는 영화,0
R16058,개노잼 내다버린 내 두시간,0
R16059,멋진 영화 ^^,1
R16060,재미있어요ㅎㅎ좋네요ㅎㅎ아주아주,1
R16061,잘 봤어요^^,1
R16062,솔직히 나는 별로임ㅋㅋ,0
R16063,디렉터스컷으로 재개봉이나 dvd 재발매 라도 해주세요,1
R16064,반한파(反韓派)이자 위선자(僞善者) 타카오카 소스케(高岡蒼佑)가 출연한 쓰레기 영화,0
R16065,살면서 한번쯤은 봐야하고 살아가면서 계속 보게될것같은 영화중 한편이다,1
R16066,안 나 온 다 . 안 나 온 다 . 안 나 온 다 .,0
R16067,킬링타임에 킬자도 아까운영화!,0
R16068,못생긴 한승연의 발연기 때문에 -9점,0
R16069,노잼이라하신분들은 아직어리신 남성인듯…머리로는 이해하겠는데 맘으론너무 가슴아픈 과거이며 우리가 살고있는 현실이네요…사십데쯤엔 한번더 보실만한 영화인듯82년전과 지금이 별반 다르지않다는게 느껴질때 내가 앞으로 어떻게 살아야할지 나침판이 되어주는이야기,1
R16070,영화를 보는 내내 가슴 한켠이 답답했다...기가막힌 연기가 돋보이는 훌륭한 명작.,1
R16071,아...막봉할머니 돌아가실때 외할머니생각나서 울었네,1
R16072,당시의 특수효과가 이렇게 대단하다니 나에겐 대작이다!,1
R16073,여자친구랑 보다가 잠들었다 ㅅㅂ,0
R16074,평점 4~5점대급 영화,0
R16075,한쪽만의 진실로 이루어진 다큐라 아쉽고 의도가 숨겨져있는것같아 불편하지만 다큐자체만의 의혹을 던져주는 부분은 영화적으로 점수를 준다...,1
R16076,고기덩어리이고 싶지 않다.빛나는 순수한 정신체로,1
R16077,세계 챔피언,1
R16078,학창시절 추억이 새록새록ㅋOST도 짱! 운널사보다 훨 재밌다 ㅋㅋ,1
R16079,그저그런....,0
R16080,민기오빠와 엘오빠 정말멋있어요♥,1
R16081,북극곰이너무불쌍해여.........ㅠ_ㅠ,1
R16082,블랙코미디? 섹스코미디? 이것도 저것도 아닌 어중간한함,0
R16083,"이제 홍콩영화 안되겠다. 초반부터 난잡하고 산만한 연출, 설정에 웃기지도 않는 개그들 ㅉㅉ 홍콩영화 어쩌다 이렇게 됐냐 ㅋ",0
R16084,규칙이 부서지면 가장 추악해지는것이 사람인거 같다.,1
R16085,웹툰을 영화로 만든 것 중에 가장 흥미롭게 봤다,1
R16086,보는 내내 짜증남....,0
R16087,이 영화를 다시 개봉해서볼수있다는점이 큰 기쁨이었습니다,1
R16088,토요명화의 추억과 함께 유쾌/통쾌한 십대 액션영화!,1
R16089,혼자걷는시간이 필요하다. 그리고 알게되는것들에 대해 생각할수있었음,1
R16090,말이 필요없다 최고,1
R16091,박평식…대표로 좋은영화기준 함 말해보쇼 누워서 찍찍 싸발기지 말고.,1
R16092,진짜 꿈을 이뤄주는 영화다. 우린 어릴때부터 얼마나 티비속주인공과 함께 하고 싶었던가.. 너무흔한꿈이라그냥지나쳐버리는꿈을표현해준감독에게감사하다. 이젠그냥돈버는게꿈이되버린나에게잠시나마현실도피할수있고진정한꿈을이룰수있게해준영화다.,1
R16093,외로움을 잘 표현한것 같아요. 나중에 한번더 봐야 겠어요. 배두나씨가 연기를 정말 잘하시네요.,1
R16094,별반개도 아깝다.... .. 애 아빠가 완죤... 미친 성도착증환자.. .. .. 막장영화..,0
R16095,은하씨가 세상에서 제일예뻐요,1
R16096,무척졸려 자장가같은 영화,0
R16097,유치하지만 진한 페이소트가 묻어나는 젊은 날의 일기,1
R16098,이게 공포영화인지 판타지영화인지....,0
R16099,"영화로 보여줄 수 있는, 영화이기에 가능한 거대한 소녀의 메세지",1
R16100,간만에 본 스릴러!!!완전 볼만함!!,1
R16101,세상에 이런 사람들이 있는게 참 안 믿겨집니다..지금쯤이면 많이 컸을텐데 참 아깝네요..형호 부모님 힘내세요. 대한민국 국민들 모두가 응원합니다..,1
R16102,진짜 대박 우울할때 보세요!!!,1
R16103,노래만 좋고근대 마지막 엔딩은 개 유치해 갑자기 짭새나타나서 정의음악 나올때 졸라 오글거림 ㅅㅂ,0
R16104,영화보는내내암걸릴뻔함,0
R16105,항우와 유방의 승패를 바둑에 비유한 점이 신선했다. 항우도 멋지고 유역비도 예쁘고! 범증의 연기도 좋았다. OST가 개인적으로 별로여서 -1점,1
R16106,서부시대에는 여성총잡이란거 자체가 존재하지않았음. 뻥도정도껏! 그러니망했지,0
R16107,영화 ost만 빛나는 영화!!!,0
R16108,솔직히 허각 얼굴을 떠나서 못불렀어요; 슈스케k2에서 가장 뛰어난게 김지수였는데..,0
R16109,첫장면을 잊을수 없다,1
R16110,존나 재미업는 쓰레기 영화,0
R16111,"군더더기없이, 그러나 섬세하게 잘 그려냈더군요. 자극적 소재를 아주 깔끔하게 표현해서 뒷맛이 사납지 않습니다. 사회적 문제, 비도덕적 행위, 내적 갈등. 균형감 있게 잘 그려낸 것 같습니다.",1
R16112,별10개주면 평점 몇올라갈까 궁금해서 10개줬다 2점이나 올려줬다 형이,1
R16113,Ocn에서 하는거 보는데.... 황인영 슴가만 기억에 남는다....,0
R16114,ㅎㅎ 진짜 너무 재밋게본듯,1
R16115,내사랑!,1
R16116,ㅋㅋㅋㅋㅋ,1
R16117,딸과 딸 친구랑 같이 봤는데 어린이들도 재미있게 보는 곳 같더라고요,1
R16118,장화홍련을 3번 봐서 그런가? 넘 재미 없었음.,0
R16119,별 반개도 아깝다....;;;,0
R16120,오션스일레븐에서 감각적인영상 치밀한스토리 깔끔한전개 긴장감 유쾌함 멋진반전을 빼버린체 배우만 잔뜩집어넣은 잡탕국 짝퉁오션스일레븐,0
R16121,뭘 기대했던 그 이하...,0
R16122,유전공학 이라는 것을 대표적으로 설명 할 수 있는 학습에까지 도움이 되는 좋은 영화 인 것 같습니다.,1
R16123,완전다시보고싶다...,1
R16124,이것은 1점이 아니다. 11점을 주고 싶은 내 마음이다..,0
R16125,약간 아쉽지만 잘만들었다.,1
R16126,"연기자들의 연기만으로도 10점짜리. 하지만 개운하지않은 구석이 있고 영화는 전체적으로 침울하고, 생각을 많이 하게 만든다 안타까움을 넘어서서 석연찮고..어지간한 영화보다 훨씬 났다",1
R16127,역시 김은숙 작가가 쓴 드라마는 다 재밌다 ^^,1
R16128,내가 로코되게 좋아하는데 정말 만족스럽게 봤던 영화.. 여러번 보고싶은 영화이다,1
R16129,그냥본다그냥보고있다 그냥정말말많다,1
R16130,평점에 속아서 봤는데 엄밀히 좀비물도 아니고 노답 주인공들 너무 머리나빠서 개답답,0
R16131,썩.. 재밌지는 않네요,0
R16132,개인적으로 일본 영화 <용의자x의 헌신>이 훨씬 더 나았다 류승범의 이런 연기는 별로 안어울리는 듯 했다,0
R16133,재미를못느낌,0
R16134,그냥재미있었던거같음 볼만함,1
R16135,너무 재밌게본 드라마,1
R16136,기억에 엄청 남을듯한 영화,1
R16137,진짜 재미없다. 못믿겠으면 봐라,0
R16138,액션빼고 볼꺼없다..,0
R16139,"어떤사람들은 어쩌면 지루하게 봤을수 있는데(재밌는 씬 거의 안나오고 웃긴 장면,웃는 장면도 거의 안나오고해서)나한테는 정말 특별히 가슴에 남는 영화네.여러가지로 보다가 충격받고.아 이럴수도 있구나 생각함..그리고 주인공여자애 진짜 정말 예쁘다.....",1
R16140,나래이션님은최고였다..나래이션들으면서나가려는거버텼다.하지만내용은..쓰레기'다.,0
R16141,극장에서 정말 잼있게 본 영화,1
R16142,오유에서 왔습니다.,0
R16143,공유 존잘!!!ㅎㅎㅎ,1
R16144,마지막에 엉성하게 끝났지만 최고의 상어영화라고 자부한다... 시대를 뛰어넘는다,1
R16145,정말 몇번 봐도 재미있는 영화,1
R16146,에바 그린 봤으면 됐다 끝,0
R16147,정말 재미없음.. 기대하고 봤드만 스토리 전개가 이상함..이상해도 너~무 이상해..,0
R16148,재미없어나뉴타자나투아,0
R16149,아 진짜 재밋엇숨ㅠㅠㅋㅋㅋㅋㅋㅋㅋㅋㅋㅋ,1
R16150,개연성이라고는 눈꼽만치도 없다.,0
R16151,채니가 넘이쁨..순수한매력...정말 가슴쓰림...ㅠㅠ,1
R16152,아직도 기억나는 최악의 영화,0
R16153,너무너무재밌어요신데렐라도이쁘지만 계모정말이쁨..왕자님도 너무 잘생겼어요,1
R16154,작가OO인가?진용석이랑떡이라도쳤냐?,0
R16155,귓가에대무이해경님과울먹이던인희의목소리가계속해서울린다,1
R16156,"심심하여 본 1人 이나, 오늘 컨디션이 아닌가? 30 ~ 40분 보다 포기 !",0
R16157,넘~유쾌하고~흥미롭고~반전있으며~슬픈영화강추!!!!,1
R16158,역시 짱구!!! 절대로 실망시키지 않아!!! 정말 재밌게 보는 내내 계속 입가에 웃음 띄면서 봤음!!!,1
R16159,1점도 주기 아깝네요... 결국 제목이 패션왕인데 제목에 맞지 안게 머가 어떻게 된단말인가... 이도 저도 못하고 죽는 주인공.. 작가님들 이번계기고 작가 하지 마세요... 진짜 추접하네요...,0
R16160,보는내내 두근거렸다는!!ㅋㅋㅋ,1
R16161,개나 줘도 보지않을 쓰레기영화,0
R16162,"시원한 복수는 언제쯤 하려나 기다리면서 21회까지 봤는데, 21회 28분에 꼭 그렇게까지 해야 했냐? 역겨워서 더 못 보겠다.",0
R16163,이 영화를 보고 두통이 나았습니다. ㅠ ㅠ,1
R16164,쓰레기 영화 사회적 지위를 높은 사람을 보호해주는 이유는 결국 자신의 이익과 명예를 살리기 위해서이다. 이런 거지같은 영화는 지구상에 사라져야 한다.,0
R16165,민망한 호들갑,0
R16166,/딱 유럽형 에로물 ~,0
R16167,여주인공이 차라리 이뻤으면.,0
R16168,좋은소재였지만 결국진부한스토리.. 공포쪽에좀더 포커스를맞췄으면어땟을까,0
R16169,마지막에 모건이 살았다는건 외계인이 모건을 죽일목적이 아니었다는뜻 .. 천식을 낫게해주려 치료약을 뿌린것임 .. 지구까지 우주선으로 날아왔는데 무기도없이 왔다는것 자체가 말이되질않는다고로 인간의 파괴적인모습과 사악함을 비판한영화,1
R16170,오유에서 왔습니다,0
R16171,"호평하는 놈들 뭐냐진짜ㅡㅡ 그래픽 구리고, 러닝타임도 80분이 안되고 스토리전개도 어수선하고 진짜 돈이 아깝기는 처음이다. 소름돋네진짜ㅡㅡ",0
R16172,다시보고 싶은영화 제목을몰라 줄거리로 찾아왔어요,1
R16173,원작을 나름 재미있게 구성한 것 같네요 잼나게 봤습니다. ㅎㅎ,1
R16174,"긴장감 쩌네요..7점정도 인데 평점이 낮아서 조금더 줍니다. 영화보기전에 아랫분들 평점,후기 보고서 반신반의 해서 보봤는데 후회는안합니다.",1
R16175,중첩되는 장면들이 재밌다ㅋㅋ역시 홍상수!! 김상경씨 연기는 와 연기로 안보일정도ㅋㅋ,1
R16176,아 49회안올리냐드라마끝낫는데장사하기실냐?,0
R16177,재미 더럽게 없는 코미디다.. 보지도않고 평점주는거 한국영화는 9~10점주네 매미OO,0
R16178,사랑을 하게되는 데에 있어 전혀 개연성도 없고 아버지를 이해하게 되는 데도 충분한 계기도 없고 주변의 말 하나로 모든 게 바뀌는 말도 안되는 영화,0
R16179,그냥 머머머머 멀 말하구 시픈건지,0
R16180,재밌는 코믹영화? ㅋㅋ,1
R16181,좋은작품 잘 보았습니다.작품의 주체이신 감독님과관객님들께 감사와 경의를 표합니다,1
R16182,이해가 안되서 재미없는거냐..? 뭔지 모르겟다 이편은,0
R16183,왜 아무런 정보도 없을까요 ㅇㅅㅇ.? 보고 싶은데 '';,1
R16184,총알이 안닳아요~,0
R16185,이게 다세포소녀보다 평점이 높을 이유라도 있는건가?;;,0
R16186,진실이 침몰을 하다못해 멘탈까지 뚫고 파고들었으요 ㅋㅋㅋㅋ,0
R16187,결국 당하기만 하다가 여자만 하나 잘 꼬셔서 사건해결... 그리고 정말 안 긴박하다!!,0
R16188,막장 ㅋㅋ 삼형제랑 돌아가며 사는 여자도 이해 불가 지만 동생 여자 취하고 멀리 떠나버린 브레드 피트는 어떻게 이해를 해야할지 도무지...ㅡㅡ 사람들 되게 개방적이구나 ㅋㅋ 이런게 남자의 로망이라니 남자들 무섭다;;,0
R16189,지금 이시대에 저런 영화를 만들수나 있을까?,1
R16190,처음으로 관람평을 남기는데 인도여행할 때 생각납니다. 우리나라는 어떤가 싶네요.,1
R16191,은근한 흡입력이 있었다. 남자발레와 탭댄스도 너무 멋졌고.,1
R16192,걍 쩐다 연출도 좋고 반전지림,1
R16193,울었다기에 봤더니만...,0
R16194,최악이다 요리대회가 중심으로 살아나지도 못하고 주인공등의 감정선또한 어거지,0
R16195,제대로 못봤지만 최고~ 나중엔 제대로 봐야지~,1
R16196,이딴영화를 재개봉까지 했다는게 신기할 뿐이다,0
R16197,성전환한 아버지와 게이 아들.. 재미있게 봤다.,1
R16198,가지가지하는 띠꺼운 개구리 색히들,0
R16199,"제니퍼 코네리 리즈시절. 어린시절 주말의 명화에서 보았을땐 정말 섭찟했던 것 같다. 영화 제목도, 내용도 제대로 기억이 나지 않았지만, 주인공 예뻤다는 것은 기억에 남았다. 세월이 흘러 다시보니 내용은 유치하기도 하지만 제니퍼코네리는 역시 예쁘다.",1
R16200,개성 넘치는 배우들의 연기와 잘짜여진 스토리.. 멋진OST,1
R16201,이건 거의 후뢰시맨 보는듯한~ 무슨영화가 뭐야 그래픽도 구리고,0
R16202,하지원이 이뻐서 3점.,0
R16203,이것이 바로 병맛 영화 인가요?,0
R16204,재미있는데...,1
R16205,"멀쩡한 유역비 미모와,장난아닌,출연료만 아깝다~절세미녀 유역비 데려다가,OO 짓 하고 있다.한때는 아시아의 헐리우드 소리를 듣다가 한순간에 몰락해 버린,홍콩 영화판의,이유 있는 결과물.도학위룡이나,무간도 3부작의 발가락의때만큼만 해와봐.극장에서 봐준다",0
R16206,Sf 수작 모든 점에서 십점만점♥,1
R16207,이런류의 애니 원래 좋아하는데 재미가 없어서 스토리가 신선하다고는 못하겠다,0
R16208,"정직하고 청승맞을 정도로 슬퍼서, 더 예쁘고 정이 가는 영화..또 보고 싶어지네요.^^",1
R16209,어마어마하게잼있딘 꼬꼭보시길 놓치면 후회함,1
R16210,쓰레기ㅡㅡ손예진은 이쁘다.,0
R16211,잼있다는 평땜에 애들이랑 같이 봤는데 좀 지루한거같아요 잠이 오던데요ㅠ빨리끝나기만 기다리는데 짧은단편 그것도 두번이나 나오고 별 내용도 없고 그냥 그랬어요 애들도 잼없어하네요,0
R16212,제목이 좀 이상하긴해도 재미있어 -_- 제목은 3점 수준의 네이밍,1
R16213,초반 2시간 동안의 이야기는 마지막의 통쾌한 장면을 위한 준비에 불과하다..,1
R16214,"말로는 형용할 수 없는 것을 느끼고 생각할 수 있다. 그러나 그것을 잡아내는 것은 당신의 몫이다. 부디 그것을 잡아낼 수 있기를. 그럴 수 있다면 최고의 영화를 볼 수 있을 것이다. 위트, 당신은 끝끝내 영생을 목격하였는가?",1
R16215,태권브이는 또다른 마징가제트! 독도에 그런 사악한 캐릭터를 세운다면 악당일본인들이 우습게 볼것이다^^ㅋㅋㅋㅋ,1
R16216,형이 네이버 영화 평점 5개 냄겼는데..이래도 안됄래??,1
R16217,꼭 보세요ㅠㅠㅠㅠ 진짜 재밌어요!!,1
R16218,"드라마 뭘봐도 다재미없는데~ 요즘 스캔들 기다려져요~감동과스릴!!스토리,연기 다좋네요",1
R16219,아주 좋다,1
R16220,지루하다는걸 알리기위해 굳이 로그인을 합니다^^ 아나ㅎㅎㅎㅎㅎㅎㅎㅎ,0
R16221,진리.,1
R16222,이딴게 평점7점이라니 스토리는 뚝뚝 끊어지고 재미도 감동도 무엇도없음 주인공친구들은 이름도 외우기전에 그냥 픽픽 맥없이 죽어나감만약 영어가아닌 한국말로된 영화였어도 이런 평점이었을까? 국내영화였다면 매직키드마수리같은 어린이영화수준 파워레인저가 더날듯,0
R16223,걍보면 괜찮다 하지만 프랑스영화의 환상에 젖어서 보면 진짜 짜증날것임...,0
R16224,그럴 듯 한데 별로라는거.,0
R16225,최고임... 말이필요없어요...,1
R16226,"재미있지도 않고, 야하지도 않고, 도대체가 뭘 보라는 건지,,,",0
R16227,제자의 삶을 살기를 다짐하게하는 영화였습니다.목사님의 가르침을 기억하겠습니다.,1
R16228,좀 어려운 감이 있었지만 관록있는 배우들의 섬세한 심리묘사에 감탄했고 한 편의 연극을 본 것 같은 기분이었다.,1
R16229,시즌1을 수없이 돌려봤던 사람이고 2는 중간 보다가 지니어스 안보고 지냈는데 시즌 3는 정말 재밌게 봤습니다. 특히나 절도나 친목질이 없어 더 잼있었네요,1
R16230,이건 ㅋㅋㅋ진짜 ㅋㅋㅋㅋ어후,0
R16231,"진짜 완전 내 스타일 웃기고 재밌는 영화였는데, 정말 보고 오랜만에 맘편히 기분좋은 영화였는데 왜이렇게 평이 안좋지..",1
R16232,만화와 애니를 본사람을 실망하게 만드는영화.......,0
R16233,재미와 감동을 둘다 놓친 크리스마스 최악의 영화!,0
R16234,"1장면 1표정 안면마비 연기의 윤세아, 소리만 질러대는 목청연기의 김민경. 산으로 바다로 우주로 나아가는 스토리의 드라마.",0
R16235,곽지민 매력터지고 얼굴 너무 이쁘다 내스탈 ㅠㅠ 곽지민짱,1
R16236,친구가 이거 봤어?? 라 했는데 죽빵날려야 할 듯,0
R16237,바보 재벌2세와 천재 중국인 의 어설프고 지루한 영웅놀이,0
R16238,뭔가 이런 스탈? 영화를 만드려고 애쓴 느낌. 스토리도 지루하고 연출도 그닥. 음악도 평범. 오로지 소품과 배경만 예쁜 영화.,0
R16239,짜장면먹는거보고 울게될줄이야,1
R16240,아니 영화특성상 표현 수위에 그닥 제한을 받지 않을텐데.. 제대로 지르지 못했네요. 재미도 없구요,0
R16241,아이가 좋아하네요 잘봤습니딘,1
R16242,이거 진짜 역대 최고 캬.ㅎㅎ,1
R16243,1 2 3 4 에 비해 좀 아쉽긴하다.. 그래두 10점주리..,1
R16244,1이 훨 나은 듯.. 스토리 부실하고 영 별로~,0
R16245,솔직히 1점 주기도 아까운 영화. 쓰레기.,0
R16246,오로지 어머니만을 위한 훈훈한 연극.,1
R16247,"진띰 완전 잘생겼어~!!>< 피터팬,,ㅎ",1
R16248,일본영화의 진일보한 모습! 아무나 흉내내지 못하는 소노 시온의 스타일!,1
R16249,터무니로 관객을 속이려들지말고 맞서라! 제군들..,0
R16250,억지설정 끼워맞추기식 전개..범인은 승객들이 화장실 가는 시간까지 컨트롤 할 수 있는 신인가?,0
R16251,"시청율을높이던가,먼저시청율 떨어지게만든게 누군대요 그러면 시작을하지말았어야지요 재미있게보고있는사람은 시청자가아닌가요?!!!!!! 김재철사장님 나가세요그냥 권렵납용할려면!!!",1
R16252,포스터 저여자 이정재 얼굴합성한거같이 생겼네,0
R16253,파이팅은 카톡으로 날려야지 왜 영화평점란에다 날려..,0
R16254,감동적이었다. 흔한 소재라 해도 이 영화만의 느낌은 있었지 않았나.,1
R16255,애니어그램이랑 연결지어보면 좋아요 전재밌게봤어요,1
R16256,보다가 친구도 그렇고 못참고 나온 몇 영화 중 하나.. ㅠ나에게는 지루한 편이였다 ㅠ,0
R16257,매우 웃긴 영화 ㅋㅋㅋㅋ,1
R16258,잔잔한 멜로물..꽤 괜찮은 작품!,1
R16259,"볼만하던데 ㅈI겨울수도,,,,",1
R16260,불만제로 별점 테러 노답이다 진짜ㅋㅋ 그 동안 대기업을 상대로도 부당함을 소비자에게 알려준 멋진 프로그램...폐지안했으면ㅜㅜ,1
R16261,에리카 예쁜거랑 마지막에 열차 호러판타지로 2점준다,0
R16262,애들 장난 같은 미스터리극.,0
R16263,영화분위기가 너무나도 상큼하고 하균님의 풋풋한 시절을 볼 수 있었던 영화!!,1
R16264,또 빨갱이 안 지겹네 그냥 좋으면 북으로 올라가,0
R16265,오래간만에 본 멋진 영화~ 잘만들었다!!,1
R16266,대한민국 역사상 전무후무한 프로그램. 김구라였기에 가능했던 프로다. 아.. 언젠가 다시 편성되길 학수고대함.,1
R16267,예고편보고 극장가서 봤는데 재미없습디다..90년도,0
R16268,쓰레기장에 한가운데 98분동안 헤매다 나온 기분. (절대공감),0
R16269,완전 재밌었음~ㅋㅋ 이거 잼없다는사람 이해안감--,1
R16270,첨부터 끝까지 긴장감있게 넘 재밌게 감상했음. 굿. 좀 중간중간 호러가 있어 무섭기도 했지만 괜찬네요,1
R16271,여성국극이란 명칭을 오늘에서야 정확히 알게되었네요!신선한 충격을 받았고 우리 유산으로써 지켜야 한다는 생각을 해봅니다.티비로 보았는데 참 잘 보았습니다.,1
R16272,"와, 필름을 이렇게 낭비하는 방법도 있구나 하고 놀라울 따름",0
R16273,윤제균의 코미디에 대한 도발행위,0
R16274,중국영화인데 진짜 우리를 위해서 만든것같다너무더럽다와 소름끼침그리고 그당시있던사람들좀안됐다,1
R16275,만드는 넘들만 즐거운 로맨틱. 애니스톤 맨날 이따위나.. 안타까운 루이스..,0
R16276,저는 뿌리 영화는 비록못받지만 저는 책을 읽었습니다.,1
R16277,이영화 미국에선 3천만불밖엔 못벌엇지만 전세계적으로 1억불넘게벌음 imdb가보셈,1
R16278,트레져헌터영화라이만 이건 아니잖아!,0
R16279,정말 공짜로 안봤다간 큰일날 영화 배우들 연기력도 막장이고 줄거리는 더 막장,0
R16280,"내용은 3류 야설이고, 대사없는 연출은, 대부분의 김기덕 감독 영화가 그랬듯, 단편영화에나 출품하는 습작에 지나지 않는다.",0
R16281,"이건 뭐,. 머라 말할수가 없네",0
R16282,"거장은 인정. 하지만 생활은 쓰레기. 전처가 입양한 한국인 양녀 덥쳐 결혼까지 한 섹스 사이코. 그런 이야기도 다큐에 있냐? 당연히 없겠지. 알고나 7, 8점의 평점을 주는지. 인륜을 져 버린 OOO가 뭐가 좋다고",0
R16283,".... 풉ㅋㅋㅋㅋ,",0
R16284,캬... 이영화 본 남자들은 평점 안좋게 줄수 없을것 같은데 평점 낮게준 사람들은 여자들임?,1
R16285,어린애들이 성인영화보고 평점 낮게주니 영화만 불쌍하지.ㅋ,1
R16286,와우 너무재밌어요~!~!!!,1
R16287,좀미안하지만 이할아버지는 이제영화 그만할때 되지않았나,0
R16288,반전이 새롭지도 않고.. 이거 유명한 영화 다 베껴온 느낌은 뭐지..,0
R16289,너무좋아요♥!^^~,1
R16290,아니야..,0
R16291,구라든 레알이든 재미있다,1
R16292,지루한 소재같지만 전혀 지루하지가 않다. 자연과 시 그리고 인간. 우리는 이 세가지만으로도 살 수 있다.,1
R16293,최악의영화 후회하고싶으면 강추,0
R16294,싸구려예산영화의 진리~~~~,0
R16295,종현오빠랑 민혁이오빠진리,1
R16296,어떤 가치관을 가지고 살아야 할 것인가에 대한 질문을 던지는 영화다.,1
R16297,초대박 강추 영화입니다^^,0
R16298,재밌게봤음.,1
R16299,아주 맛있다.,1
R16300,영화에서 대사란 무엇일까 ?? 대사를 필요없게 만드는 영화다... 정말 잔잔하고 좋다 너무너무좋아 !!,1
R16301,시리즈의 마지막이지만 아쉽진 않다. 다만 일흔에 가까운 노배우에게 박수를.,0
R16302,사람들 시선이 이렇게 삐딱할수가 있을까. 수상동생 남편의 외도장면은 크리스마스가 모두에게 아름다운건아니란거죠 그런데 문제의 스케치북 여주의 키스가 불륜을 시작한다는 그런 의미라니. 미안해서죠. 그동안 스케남이 쌀쌀했던 이유를 몰라줘서요. 그거뿐이에요.,1
R16303,음악이 가득한 영쿡영화라면 필수감상목록,1
R16304,끝까지 끝내준다 .액션난무그자체. 마치 데드오어얼라이브 를 하고있는기분,1
R16305,끔찍하게 죽는 방법만 연구한듯,0
R16306,나쁜영화좋아하는 사람들 이거 꼭 보세요. 이거 보고도 나쁜영화좋아하게될까요?,1
R16307,"우뢰매디자인은 괜찮은 편인데,메카 디자인의 장점을 살리지 못하고,여전히 엉성하다",0
R16308,지루하지 않고 곳곳에 위트....정말 즐겁다.,1
R16309,자밀라는 사탕만 먹네,0
R16310,보는사람마다 차이는 있겠지만 스토리도 음악도 캐릭터도 너무 좋았음 ㅎ,1
R16311,벽타고 다니는 어둠의 골렘 할머니?? 이해할 수 없습니다...,0
R16312,개답답하고 짜증 유발하는 보기 드문 개졸작 영화,0
R16313,전혀 와닿지 않는다,0
R16314,아침 드라마가 거기서 거기,0
R16315,링을 한번이라도 보고 만들었다면 나오지 못했을영화,0
R16316,퀸라티파 비호감 꺼져...,0
R16317,철없던 고딩 시절 영화관에서 본후 피똥쌌다,0
R16318,진짜 이건아니지,0
R16319,흔해 빠진 소재를 대충 찍어 놓고 독립 영화니까 감안 하고 보라는 듯. 영화라고 하는데 gif 애니메이션 보다 스토리가 더 없음. 독립 영화에서 기대하는 참신함 따위는 개나 줘버린 영화.,0
R16320,야구 소재 영화 중 손가락 안에 드는 수작. 희망과 꿈을 품고 키워가는 모든 이들에게 감동을 주는 영화. 특이사항으로 OB 김우열 선수 역으로 하정우가 단역으로 출연함.,1
R16321,완전 명작 스토리가 너무 쩔었다,1
R16322,평점이 왜이렇게 높니.. 전달하고자 하는 좋은뜻은 알겠는데 재미는 없다.,0
R16323,"어제 우연히 케이블에서 봤는데, 정보 없이 본 영화였는데, 수작임. 여운이 남는 좋은 영화. 밑에 글을 보니 1인2역 이었다니...믿을수 없다. 최고의 배우다~!",1
R16324,우왁굳,1
R16325,ㅇㅎㅎㅎ 꽤 잼있어요,1
R16326,벤스틸러 역시 웃겨,1
R16327,크..이건또뭐당께,0
R16328,수준이 낮아도 엄청 낮은 영화 이 감독 영화 안본다,0
R16329,"난 이 영화를 1점으로 메겼다. 1점이상 준 인간들은 양심이나 있냐? 다른 사람들 낚으려고하는 것 같은데 이건 너무 심하다. 시력이 나빠지거나 그 시간에 봉사를 하거나 차라리 오락을 해라. 제이슨스타뎀만 믿고 봤는데 배신감마저 든다. ""쓰레기영화""",0
R16330,"5점이 적당함. 고어적 요소가 굉장히 허접하게 표현. 뻔한전개와 결말. 외계인의 전투력이 심히 허접해서, 주인공에게 죽기위해 싸우는 듯한 인상도 든다.왠만하면 다른영화보길 추천.",0
R16331,다들기대하던s씬도없고 내용도별로고뭐이딴영화가다있지최고의낚시영화임진짜,0
R16332,마트라는 폐쇄된 공간속에서 그안에 갇힌 사람들의 심리변화가 인상적이네요. 결말이 인상적입니다.,1
R16333,ㅋㅋㅋㅋ진짜 끝까지 사람 가지고놀아ㅋㅋㅋ30분전까진 내가분명 숨도못쉬면서 이영화를 보고있었는데...대박..,1
R16334,"발발건데,발 이딴것좀그만해.아벤고공수군단시절이 더좋았다",0
R16335,변태적이고 극우인 애니 보고 빨아라 노답들아 ㅡㅡ 덕후라도 지킬건 지켜야지 ㅉㅉ,0
R16336,허접했던 소품들이 기억에 남는 어이없는 영화 ㅋㅋ,0
R16337,여기 재밌다고 하는애들 대체누구 지인이야? 미친....,0
R16338,"스릴도 없고, 감동도 없고, 독창성도 없고, 보너스로 CG까지 안습이고..",0
R16339,우리나라방송이 이렇게 저급한 것은 시청자들의 수준이 이정도이기 때문이라는 전문가 말씀이 무척 와닿았습니다. 정말 많이 배우고 더 나은 국민이 되고싶습니다,1
R16340,진짜 이건 아니었다... 딱 후레쉬맨 수준이잖아...ㅋㅋ,0
R16341,"추억이 명약이요, 섹스는 만병통치약이라.",0
R16342,난 영화를 보는 눈이 매우 낮아서 남들이 재미없다는 영화도 고만고만하게 잘 보는 편이다. 그런데 이 영화는....좀 충격. 괴물이 나오는데 이렇게 재미없는 영화는 처음.,0
R16343,시작,1
R16344,평점부터 읽고 봤는데 높은 평점점수가 이해가 되네요. 스토리가 탄탄하고 제목에 대해 다시 생각하게 됩니다,1
R16345,별이 아까울 정도의 영화.... 이건뭥미? 욕도 안나옴...어이상실.....,0
R16346,2015년에 봤지만..역시ㅜㅜ최고네요. 이 영화가 나왔는지도 몰랐는데 우연찮게 접해서..끝까지 몰입해서 봤습니다. 의지..내 의지가 정말 중요하다는..ㅎㅎ,1
R16347,책을읽는 분위기네요,1
R16348,자꾸 보게되는 중독성이 쩌는 영화. 검경판사들이 봐야할 영화.,1
R16349,정말 좋았던 드라마 ㅠ_ㅠ ♡ 아직까지 잊을수가 없어요 ㅠㅠㅠ,1
R16350,"훌륭합니다. 주연, 조연 배우 모두 내공이 엄청난 배우들이네요!",1
R16351,"옛다!8점 잔잔한 드라마,스타를 보내기싫어하는 팬들에 아쉬움이군.자살맞다",1
R16352,"네순 도르마는 이제 그만?저런 것도 평론가라고...쯧쯧.진짜 개발에 버선이요,쇠똥위에 핀 장미로다.네순 도르마(공주는 잠 못 이루고)가 뭐가 어때서?명작이 영원한 명작이고,걸작이,영원한 걸작이듯이,명곡의향기는 영원함.그러니까,뽕짝 좀 그만 쳐들어...",1
R16353,별로였음...,0
R16354,진짜 펭귄이었다니 대박,1
R16355,초반엔 좋았는데 가면갈수록 시나리오가 산으로감.. 6점정도인데 평점 조정용으로 1점 드림..,0
R16356,지금까지본 아이리스 시리즈중 최악이다ㅠㅠ 이거해도 너무하는거아닌가...수치스럽다. 연기고자시고 다 떠나 너무도허접합....,0
R16357,성룡과 이연걸을 동시에 볼 수 있어서 더 재밌었음 ㅎㅎ,1
R16358,하품 버전 프랑스영화.,0
R16359,말해서 뭣하겠나,1
R16360,주제가 없는 영화 무슨 내용인지 알 수 없다; 뭔가 뒤죽박죽,0
R16361,아싸 내일 첫방소 한다.. 근데 몇시에 하지? 그게 궁금 합니다용,1
R16362,아름다운영화 그리고 배우,1
R16363,제임스 우즈 짱,0
R16364,글쎄... 다문화를 빙자한 선교?...,0
R16365,그다지 끌리는 느낌이 없네요..,0
R16366,묘하다..,1
R16367,제목처럼 선생들이 하나같이 선생같지도 않다..,0
R16368,속았다 ㅜㅜ,0
R16369,임창정 최악의 영화 베스트에 들어가겠구나,0
R16370,20세기 최고의 공포영화!! 요즘 보면 무섭진않지만 여전히 재미는 있다.,1
R16371,"발연기, 뻔한 결말",0
R16372,스페샬까지 단번에 ~ ㅎㅎ,1
R16373,제목을 오자룡이간다라고 지었으면 오자룡이 가야지 두라마 끝날때까지 진용석이 가고있네 작가가 글을 너무 못씀.... 아오 답답하,0
R16374,주연배우마저 욕한 쓰레기 영화. 김성홍 감독 부들부들거리는 소리 여기까지 들린다.,0
R16375,황당해서 기가 막히다.,0
R16376,아주 가치 있는 경험이었습니다,1
R16377,매력없는 변주들,0
R16378,"삶에서 그대로 받아들이지 못한 죽음과 폭력을 영상과 사진으로, 그것에 유물이라는 이름이 붙는다면",0
R16379,씨네 21 저 새끼들은 좌빨언론 평론가 아니랄까봐 진짜 되도 않는 영화는 빨아가면서...웃겨.ㅋㅋ,1
R16380,이게 뭐여?? 햄아 장난쪄?,0
R16381,저격이 재미잇죵 ㅋㅋㅋ,1
R16382,꿀잼 예스젬 진짜 수작....이런영화 더 많이 나오길,1
R16383,7편과 내용이 거의 같다.,1
R16384,이영화 추천 진짜 재미게 본영화,1
R16385,부산에서도 해주시오. 글고 이건 DVD나 블루레이로 안나오나요??,1
R16386,OOO~ 시간 버리지마삼~,0
R16387,서양인들이 이정도로 일본놈들 문화에 환상이많나??? 밥먹을때 젓가락 꽂는거하며 기모노입고 매면서 쓸데없이 일본사무라이정신 언급하고 일본도가 아름답네 어쩌네 ...아 다다미방에서 떡치는것도 나왓네 휴잭맨 일본문화탐방기인듯 ㅉ,0
R16388,1점주는 영화는 첨이다,0
R16389,쿠 정말 순수해 나까지 순수해지는 느낌.첫 장면부터 눈물 펑펑 흘렸다...ㅠ왜 아빠를 죽였어 나쁜 인간,1
R16390,어렸을 적 보고 또보고 또보고 비디오가 늘어질때까지 봤던 추억의 영화..,1
R16391,두번 봐도 좋은 영화 추천,1
R16392,"약 30년만에 다시 봤어도, 액션 뿐만 아닌 스토리 구성도 탄탄한 성룡영화의 백미였다.",1
R16393,아 오늘도 내가 좋아하는 호동이형 땜시 보려했지만 또 실패...도저히 못봐주겠네.이거 도대체 뭐하는 방송인가요? 잘사는 연예인집? 돈있어서 잘먹고 사는 연예인 반찬? 냉장고 누가누가 많은가? 정도것 해주세요. 이젠 안타깝네요. 피디님.작가님.,0
R16394,문학을 사랑한다면,1
R16395,무슨말이 필요있어...아버지가 검이랑 목걸이 집어던지고 안아줄때..참...부녀의 사랑이란.,1
R16396,"필자가 추천하는, 2배속 전용 영화...",0
R16397,재밋을거같음,1
R16398,"조선에서는 현세대이후, 즉 50년 후에나 가능한 영화.정부를 상대로 진실을 말할 수 있는 국가는 지구에 몇 않된다.그래서 더 부러운 영화. 메세지가 강하다. 재미있다.",1
R16399,완전 강추입니다.. 정말 영화 감동이고 느낀점도 많았어요. 꼭 보셔요!,1
R16400,어디가 재밌다는거야? 절라 재미없구만...,0
R16401,처음으로한번도안빠지고본방사수한드라마. 닫힌결말에더행복한서영이네모습이너무보기좋아서더행복했던드라마. 앞으로나오는드라마도서영이처럼많은걸배우고느끼게해주면좋겠다:),1
R16402,아항..난 어른이라서..재미없더라...,0
R16403,"쫓는 스릴러 영화가 아닌 감금하는 복수적인 영화로서 큰 재미나 긴장감은 없었다.경찰이 쫓는 대상이 아버지로 바뀌었을뿐,감금중인 범인을 상대로 영화의 스릴러적이고 통쾌한 면은 찾아 볼 수가 없다.주인공의 입장이 안타깝기도 하면서도 허무맹랑한 영화다.",0
R16404,도대체 감독이 멀말할려고 하는건지... 의도가 머냐고~~!!!,0
R16405,운이 죽는순간 눈물이 좌르르 막 쏟아졌어요 너무 감동적이예요 다시보고싶어요,1
R16406,고등학생 때 이 영화를 보고 너무 감명 받은 나머지 해군을 갔지. 그러나 전역 후 다시 보았을 때도 느낌은 사뭇 다르다.,1
R16407,B급 영화 치고 잘 나온편. 록타 오가르!!!(?),1
R16408,"유구무언.어이구, 뭘 이야기하려는지..",0
R16409,"결과론에 따른 징벌적 다큐.. 이론과 적용에 관한 거대담론을 뒤로 한 채 로비와 샐러리, 책임자의 처벌로 주장을 전개한다. 말더듬는 장면을 편집하는 기법도 유치하다.",0
R16410,Best of Best Animation.. But scary for children..,1
R16411,욕나오넹... 차라리 탈북의 고통이라든쥐... 남한에 와서 자본주의에 몸을 던지는 안타까운 장면을 만들쥐.. 이건 뭐하자는건지... 진짜 쓰레기~씨알...,0
R16412,과도한 오바. 작화도 취향 아니고 질주쾌감 그딴거 없음. 차라리 레이싱 영화나 쳐보소,0
R16413,여주가 예쁨 그리고 영화는 역대급 쓰레기,0
R16414,거울을 보면서 고스톱을 치더라도 잃은 돈과 엊은 돈의 합은 맞지 않다.,1
R16415,제발 DVD사서 서플먼트를 다 보고 평가하기를.. 완벽 그 자체,1
R16416,General,0
R16417,"연출을 밥말아드심! 초반부 뜬금없는 키스로 사건이 촉발되더니,난데없는 운석도 그렇고, 계속 멈춰서서 천장바라보던 여자애는 후반부에 움직이더니 별사건없이 없어지고,주인공 친구여자애는 자기 도플갱어하고 뜬금없는 키스를 하고..그야말로 개판!",0
R16418,비디오 방에서 중간에 나오게 하지좀 말지,0
R16419,ㅎㅎ..,0
R16420,'왜사랑하세요?' '살면서 정말중요한것중에서 내가 왜하는지 알고하는건없어.',1
R16421,"영화에서 ‘아버지’로 나오는 캐릭터들 모두에 대해선 기분 나쁘고 짜증난다. 뻔하디 뻔한 스토리 라인을 따라가서 재미없고, 시각 효과도 인상적인 부분이 거의 없다.",0
R16422,재밌긴한데 엄마 불륜 저지른거임?,1
R16423,역시 우리나라는 비전문가 악플러들이 있어서 안되는거... 결국 머 눈엔 머만 보임,1
R16424,나도 월광보합이 있었으면 좋겠다,1
R16425,어릴때 진짜 너무심오하게 봤는데 ...아 그립구나,1
R16426,어렸을때 잘 봤으 ㅁㅋㅋㅋ,1
R16427,미야자키 하야오 감독이 하신 말쓴을 보아라. 아베정권을 신랄하게 비판하고 은퇴하셨다. 국뽕을 비판하려는 건 아니지만 일단 사람을 깔 때에는 제대로 인과관계를 파악해야 한다.,1
R16428,아나스타샤는 폭스사에서 만들었습니다...,1
R16429,어렴풋이 생각 나던게 갑자기 어느 날 보고 싶어 겨우 찾아 봤다. 감명 깊게 봤다,1
R16430,별 0개는 없냐? 아니 무슨 생각으로 만든영화지?기가 맥히네 휴,0
R16431,소수의 사랑을 존중하고 편견없이 받아들이는 사회가 되길 바라며 이런 장르의 영화를 볼수있는 상영관이 많지않다는게 참 안타깝습니다. 그들의 사랑과 고통을 충분히 느끼며 공감할수 있는 영화였습니다.,1
R16432,파리스 왕자... 나가 죽어라 ; // 2004년 개봉했을때 친구랑 영화관 가서 꼭 보고 싶었는데-_ㅠ 여차저차 미루다 이제서야 보게 된 ... 3시간의 런닝타임에 헉!했는데 시간 가는 줄 모르고 본.. 안보면 후회할 뻔 했다.,1
R16433,솔직히 임시완은 아예 연기자로 전향했으면 좋겠을정도로 연기를 잘 한다. 물론 기분나쁠수도 있다만. 하여튼 미생은 진짜 소장해두고싶딘.,1
R16434,[4점] 이런 짐승같으니라고,0
R16435,지금까지 본 영화중에 최악임,0
R16436,영국 왕실의 역사를 재조명 할수있는 그런 영화이다.,1
R16437,너무 늙었어 쉬게 해줘.,0
R16438,이영화가 유명한 감독의 영화라니 믿어지지 않네요,0
R16439,콜린하스겔은 출연 많이 했으면 좋겠네요[개인적으로],1
R16440,어거지로 불량만 늘리고 화재를 하나하나 넣어가며 시간만 끌고 진짜 보기도 싫은 막장드라마안타깝네,0
R16441,너무 유쾌하다! 성공을 쫒는 젊은이들에겐 잠깐의 휴식을줄만한 작품같다,1
R16442,하바나블루스 영화 음악 완전 좋습니다. 강추...,1
R16443,오바들하네 1점이 딱 맞는 평점,0
R16444,영화를 깔끔하게 만들었으면 괜찮을탠데 너무 답답하게 만들었다.,0
R16445,제작비가 아까움. 얼마 들지도 않았겠지만...,0
R16446,순수하고 감동적이었던...,1
R16447,도대체 뭐가 감동이고 재미란 말이지?? 하..참..,0
R16448,김ㅁㅎ이 자꾸 강요함 진짜 개짱남,0
R16449,역시 이 영화는 다시보면 상당히 지루하고 재미가 없다. 그래도 처음 봤을 때는 정말 영상미에 빠져 재밌게 봤다. 그리고 전지현이 목소리로 연기 수준을 높힌 다는 것을 이 영화로 깨달았다..,0
R16450,2000년에 나온 영화 맞나.. 1970년에 나온게 아니고?,0
R16451,평점 잘못된거 같아서 10점 등록,1
R16452,사람냄새 뭍어나는.......병원 드라마중 제일 좋았던거 같다...,1
R16453,찌질함의 극치,1
R16454,무한한 공간 저 너머로!,1
R16455,너무어린나이에저질러진일인데~~저런상황이 닥치면 웬만한이성들은 서로호감이있다면 저런상황이연출될껄요.이미벌어진상황에서받아들이고본다면 두애들이지혜롭게잘이끌어가는것같아요.오히려어른들이숙연해져야한다는것..학생들에성논란을말하지마시고 영화내용그대로받아들이시기를..,1
R16456,왜그랬어....평점보고 끝까지 봤는데 이따위로 배신하다니...,0
R16457,신소율은 연기력이나 외모에 비해 작품을 너무 못고르는 것 같다.,0
R16458,나이가 들고 보니 더 멋진 작품이라는 생각이 드네요.,1
R16459,너무 많은 이야기를 할려다보니 줄곧 산만하군,0
R16460,느와르와 현실의 경계를 녹아내는 호접몽,1
R16461,비디오용.,1
R16462,영화가 그럴줄 알았지만 이럴줄이야...,0
R16463,완전 허접 영화보다 짜증나긴 첨. 쓰레기,0
R16464,아나 진짜 무슨 뮤직뱅크 카메라인줄 ㅡㅡ,0
R16465,몇년 지나서 봐도 재밌다,1
R16466,가끔은 길고긴 내하루에...네가 있어 줫으면....ㅜㅜ,1
R16467,설마 후루야 미노루의 두더지를 영화화 한건가... 그럼 명작일 수 밖에 없잖아,1
R16468,한국스릴러의 가능성을 보여줬고.기대이상이었다.,1
R16469,"시기적절한 영화였습니다. 라모씨는 실제 주인공이라고 하는데, 그 의지가 많은 생각을 갖게하네요. 흥미위주의 영화가 판을 치는 세상에 한번쯤 우리의 현주소를 뒤돌아보게하는 영화입니다. 추천합니다.",1
R16470,역시 제임스 맥어보이.,1
R16471,스토리의 고갈을 드러내듯 갈수록 망가지는 작품,0
R16472,여친님이랑 보러갔다가 종나 욕먹고 나옴. 닝기미 돈아까움. 절대 보지 마라,0
R16473,아주 그냥 죽여줘요~~~ㅋ,0
R16474,오바스런 설정 배우들 발연기 핵노잼,0
R16475,와우 살랑해용 감독! 담편 기대할게요^^ 아 너무 기대댄다^^ 아 신나,1
R16476,미성년이 재밌네요 해어진 남자친구 우짜냐 ㅋㅋ,1
R16477,"엉성한 플롯, 썰렁한 개그, 제프 브리지스 말곤 도저히 뒷수습이 안되는 영화.",0
R16478,'라부 레타'로 표기하는게 낫지 않을까? 명작임..,1
R16479,피비케이츠 미모는 볼만했다,0
R16480,영화도 영화지만 영화의 재미를 배로 해주는 OST는 정말 명곡이다 엔니오모리꼬네를 만난 뵌것은 영광이었다....,1
R16481,이건 그냥..F~D급 동영상. 이건 영화라 볼수가 없엌ㅋㅋ 발연기의 진수를 보았다ㅋㅋ,0
R16482,이게 한국영화의 현실 ㅉㅉㅉ,0
R16483,타카가키 아야히~~~~,1
R16484,발상은 뛰어나다.. 하지만 지..루하다..,0
R16485,볼만함~,0
R16486,"운명전, 버림받음을 고백했던 예수님처럼. 테레사 수녀님또한 고통을 끝까지 참고 주님의 뜻에 순종했구나. 소명은 참 쉽고 달콤하지만 그 사명을 이루기까지는 큰 댓가가 필요하다. 믿음의 도전이 솟는다.",1
R16487,한심한 내용입니다. 성이라는 흥밋거리 외에는 전혀 장점이 없는 영화.,0
R16488,별한개도 아깝다. 외로운 남자들을 위한 역겨운 판타지일뿐.,0
R16489,계륜미 보려고 했는데 왤케 짧게 나옴? ㅡㅡ 아오,0
R16490,만화같은 배경의 독특한 연출과 세트만 놀랍군.,0
R16491,영화 내내 계속되는 나레이션에 짜증이 폭발 중간에 영화 껐다.,0
R16492,릴리 콜린스....허허,1
R16493,와 알바 개많네 진짜 노잼에 어이없는 결말이엿는데,0
R16494,아주 OO이다 정말 ㅡㅡ,1
R16495,"억지도 존나 심하고, 무엇보다 딸년때문에 진짜 보는내내 짜증나네 ㅡㅡ",0
R16496,덴마크의 상당한 수작 스릴러. 여주인공의 액션은 없지만 기억을 되찾아가는 과정의 심리묘사가 상당히 훌륭하다.,1
R16497,앞엔 재밌었다 뒤에는 감동적이었다 끝.. 마지막의 전개가 너무 빨랐고 급마무리가 아쉬웠음 주제는 뭘까.. 하정우 연기력엔 좀 감동,1
R16498,여배우들 연기잘하네요 영화판 현실보여주는 블랙코메디,1
R16499,끝까지 흥미진진하다.,1
R16500,뱀파이어 과대망상가의 화장실 낙서에 연기학원 초짜를 무더기로 보는 건 흔치 않다,0
R16501,15세 이상 관람불가.,0
R16502,아이디어 좋고 스토리도 좋고 굉장히 잼있었어요!,1
R16503,이떄까지만 해도 몸 발란스가 괜찮았는데 ^^,1
R16504,제대로 된 무슬. 탄탄한 스토리. 부메랑같은 신무기.,1
R16505,왜 상상을 하다가 말까?,0
R16506,결말이 비극적이구만....애처롭다...,1
R16507,완전억지 감동...개재미없음,0
R16508,"딸과 아버지와의 그 애뜻한 감동이야기, 잘 봤습니다.",1
R16509,내가 가장 좋아하는 잔잔한 멜로영화,1
R16510,이런게 사랑이구나 라고 생각하게 되는 영화네요!! 실화라니 더 멋잇어요,1
R16511,진짜 댓글보고 안보려 했었는데 볼영화 없어서 봤는데 진짜 재밌습니다..평점 1~2점 믿지마세여 효민 씨도 연기 잘하시고 감동도 있어요 ㅠㅠ 개인취향 일수도있는데 진짜 재밌게 봤습니다!,1
R16512,연기 정말 아니고 재미 정말 아니고 ㅎ,0
R16513,이런 멋진 영화가 흥행실패작으로 낙인찍혀 있다니 너무 아쉽다,1
R16514,크게 긴장감 없이 시간만 끄네요. 공포보단 멜로에 더 가까운 영화. 시리즈 마지막편이라는게 다행.,0
R16515,츠마부키때문이라면 절대 권하지 않을것이다. 하지만 내 절친에겐 꼭 권하고 싶은영화,1
R16516,감정 못느끼는 설정인데 감정에 기반을 둔 행동들이 너무 많음.. 모순이죠.. 좀 더 치밀하게 만들었더라면..,0
R16517,역시 한니발 시리즈답다,1
R16518,집에 가고 싶다며 오열하는 샘의 앞에 비춰지는 머나먼 지구의 모습이 나타날 때는 정말....,1
R16519,기대안하다.,0
R16520,쓰레기 영화 볼가치 없다 내 시간만 날림,0
R16521,"이소룡이 개발한 무술은 태권도 , 가라데 , 쿵후 등을 합친 종합무술 절권도 입니다.",0
R16522,이거보고 여친이랑 헤어짐 레알.. 와..,0
R16523,솔직히재미는좀아니였던거같은데...뭐!사람마다보는재미와눈은다르니까..,0
R16524,재미없어!!!,0
R16525,너무.....영화가 허술하고 허접,0
R16526,내 인생 최고의 드라마. 20시간의 영화다 모든장면 모든대사가 완벽하다. 긴 여운에 아직도 빠담빠담하다.,1
R16527,내인생최고의 영화,0
R16528,아저씨를 이을 최고의 액션영화,1
R16529,재밌게 본 영화,1
R16530,밑에 2점준 놈들 후려패고싶다. 그나마 여주인공 꼭지 비친거때문에 1점준다.젠장,0
R16531,와~~~~착신아리 3에서 망하는 군요,0
R16532,흠 .. 스토리 전개상 연관성 없는 출현등으로 보는데 많이 아쉬웠음,0
R16533,작가가누구냐?? 아침드라마를 막장 아니 쓰레기드라마로만들었네 살인공모에 저렇게은닉해주는사람들이 얼마나되냐?? 머리가있음 생각좀해라,0
R16534,잔잔한 전개 실화라서 가슴에 더 와닿는다,1
R16535,처음부터 끝자기 줄곧 지루하게만 느껴졌던 자동차 안 인질극...,0
R16536,포스터만 봐도 웃음보가 터지는 영화를 낮은점수를 주기란 정말로 쉽지않은 경지.ㅋㅋ,1
R16537,너무높다 깎아줘야되,0
R16538,진짜 슬프고 실화라니 더 슬프다..진짜 저런짓하는 상사들은 왜사는거냐 지들만 자식새끼 있는줄알아?,1
R16539,그렇다고 1점주냐 나쁜놈아,1
R16540,조카들과 재밌게 보고 왔어요 캐릭터도 나름 귀엽고..,1
R16541,이거볼바야 그냥 야동을 봐라 ...ㅋㅋㅋ,0
R16542,좋았음ㅎㅎㅎㅎ,1
R16543,잔잔하고 사랑이 담긴영화,1
R16544,덴젤 워싱턴 이름값 못한 영화,0
R16545,생각지도 못한 명작...광기와 비극의 향연.,1
R16546,잼썼는데 왜 평점이 낮지ㅋㅋ,1
R16547,예전에봤었는데 지금 티비에서 해주는거또봐도 물서움...,1
R16548,아직보진않았는데 장애인자녀를 둔 가정이 소재라 보편적이지 않고 스웨덴은 복지가 잘된나라아닌가요 줄거리는 썩 별로이네요,0
R16549,어렸을땐 그냥 그랬지만 커서 보니 가슴이 먹먹한..,1
R16550,"정통성을 추구한다지만, 짝퉁 느낌을 지울 수 없는 건 어쩔수없는 사실..;;",0
R16551,액션은 첩혈쌍웅보다 화려해 졌지만 감동은 확실히 떨어진다,1
R16552,여성판 부기나이트? ..라는 느낌?,1
R16553,나루토가 끝이라니 ㅠㅠ 끝이라니!!,1
R16554,실화라니 너무 가슴 아프다...,1
R16555,아이들의 순수함과 마을사람들의 희망이 기적을 만들어내다,1
R16556,"엄청 재밌게 봤었는데...이거,,",1
R16557,영화관에서 보기엔 돈 아까운^^;,0
R16558,현대가수들은 쨉도안됌.. 마이클 잭슨은.. 황제.. 신??.. 대단함.. ㅋㅋ,1
R16559,잼이잇어용꼭보새용잼,1
R16560,솔직히 좀 지루하긴 했는데..마지막 10분이 명작을 만드는군요. 다시 보고 싶네요..,1
R16561,감동도 있고 미소도 짓게하고,1
R16562,우정과 사랑의 감정을 잘그렸고.. 병만이횽 연기에 감탄하며 봤습니다.,1
R16563,"여배우들 미스캐스팅때문에 몰입도 최악!!! 특히 장녹수 미스캐스팅,,50대못생긴 아줌마 귀신화장에...아아악 보는내내 괴로웠음",0
R16564,완득이나 깡철이나 둘다ㅈㄴ재미없게봄 뭔내용이야,0
R16565,"기적의 대결이라고 할 수 밖에 , 한편으로는 부럽기도 20년이 넘은 시리즈들의 콜라보라니...한국에선 상상조차 할 수 없는 그런일이....까치가 공던지고 미스타손이 방망이 휘드르는 날이 과연 우리에게도 올까?",1
R16566,너무해....주말 저녁을 망쳤어요....너무해...,0
R16567,남자3 여자3 있다.,0
R16568,도데체 뭘 봐야할지 모를 정도로 평범 지루함,0
R16569,주인공이 너무 나약하네요..알포인트가 훨씬 수작입니다.,0
R16570,기분좋아지는 영화. 나도 저런 사람을 만날 수 있을까..ㅠ,1
R16571,뭐랄까.. 다른시점에서보면 잘만들엇는데요 일반시점으로보면 별로임..,0
R16572,대중을 무시하는..,0
R16573,이 영화를 놓치지 안아서 정말 다행이다. 꼭 보시길.. 정말 강추합니다.,1
R16574,완전 감동입니다.엄정화씨 감정연기는 정말 탁월하네요!음악도 너무 좋아요~,1
R16575,이게 평점이8.42?ㄷ 최소한9점은넘어야할텐데. 시간가는줄모르고봤어요최고에요!!,1
R16576,이거보러 영화관가보니까 21석밖에 없어서 못보는줄;;;그래도 존나 재밌었어,1
R16577,교훈적인 내용에 이연걸의 멋진 액션,1
R16578,궁녀 이야기 인가? 귀신 이야기 인가?,0
R16579,평점이 낮아도 사토시 하정우가 만났다는것 하나만으로 믿고 봤는데 왜 평점이 이지경인지 알 수 있었던 사토시 한국어 발음도 너무 안 좋고 감독이 이상한 주문을 했는지 하정우 연기도 좀 어색했고 전체적으로 독립영화느낌이 나는 스토리가 너무 뜨는 영화였던,0
R16580,진짜 최고다 눈물이 나오네요ㅠ,1
R16581,인생영화임 ㅠㅠ진짜 OO명곡 완전 많아여,1
R16582,페놀로페 크루즈 땜에 봣는데.... 로맨스영화중에 어떤것도 정말 이것보다 더 최악일 수 없다고 생각......최악중에 최악 worst of worst,0
R16583,김은숙작가님 명품시나리오! 명배우들의 명품연기!,1
R16584,재미 더럽게없네 ..걍 다큐 10편보는게 낫다..,0
R16585,최고..,1
R16586,재밌네요.^^,1
R16587,생각보다 별로네요. 포스터는 되게 쿨해보이고 좋은데.... 여주 마음에 공감이 안돼서; 이랬다 저랬다ㅠㅠ 조금만 더 개연성 있었으면 좋을듯.. 평점6점에 맞추려고 낮게줘여,0
R16588,기대를 너무 많이 하고 봐서 그런지 씹노잼이었음. 차라리 마이너리티 리포트처럼 미리 범죄자 잡는 영상물 만들었으면 재미있었을 듯,0
R16589,스토리굳 cg굳 몰입도굳 ?,0
R16590,마이클베이가 속편 제작에 돌입했다는....,1
R16591,정말 재미 없는 영화,0
R16592,"그래 원표가 액션영화에 계속나오는건 그나이에도액션이된다는얘기지.,",1
R16593,시간떄우기에는 좋네 ㅋㅋㅋ,1
R16594,이따위영화로 할리우드에 도전할 생각이였냐 영구야...,0
R16595,켄이치의 연기말고는 볼게없는영화 최악이다 이해할수없는 영화다,0
R16596,정말 재밌게본 영화.. 노래도정말좋고 신이날만큼 정말재밌었습니다,1
R16597,왜 이제서야 보게 됐을까 싶은 명작,1
R16598,군대에서봣는데 졸쓰레기 ㅋ,0
R16599,배우들도 다좋고 줄거리도 짱짱,1
R16600,평점들 도저히 이해가 안가네 내가 이상한가 보다 난 무슨 고등학생들 습작인줄 알았네,0
R16601,결국 젊은 놈이랑 결혼 할라구 구라친 마누라 ㅋㅋ,0
R16602,와 정말 소름끼친다. 인간의 집착이 이렇게 무섭다는걸 새삼 깨닫게 되었다.,1
R16603,허무맹랑할수도있긴한데 엉뚱한게 재밌는데 ?,1
R16604,좀잔인하지만 괜찬네요...,1
R16605,그닥 추천할 영화는 아님 ㅡㅠ 실망,0
R16606,권태기 부부의 애처로운 부부생활,0
R16607,미친거 아냐? 악성종양 푸핫ㅋ,0
R16608,주몽이후 최고!!,1
R16609,경제학 교수님 추천으로 본 영화. 경제학 관련한 정보는 자세히 나오지 않지만 전체적 한 인물의 이야기가 너무 흥미진진 했다.,1
R16610,유명한 게임을 영화화 했지만 정말 정말 너무나도 어색한 작품이 되었다,0
R16611,아................... 한마디면 될듯........,0
R16612,재미있고 슬펐다 ㅠ,1
R16613,으악!!!시원해보인다 지리산수락폭포 어딘지 한번가보고싶네요,1
R16614,"사라져버린 투모로우,,",0
R16615,바람둥이 혼내주기???..이거야?...너무 밋밋하잖아,0
R16616,방금 EBS에서 봄,1
R16617,성인급 SNL 보는거 같다. 일부러 웃기려는 설정이 별로야,0
R16618,OO같은 전문가들.,0
R16619,다시봐도 꿀잼♡♡♡♡,1
R16620,10자12245677,1
R16621,life is too short to be pissed off all the time..,1
R16622,왜 죽어야만 했을까..??ㅠㅠ너무 잔잔하면서 가혹한 영화,1
R16623,저번에 봤는데 재미있어요.,1
R16624,아이가 대박좋아함,1
R16625,다시보고싶어서 찾으니까 있다 torrent에 앗싸!,1
R16626,실화가 왜 껄끄럽지?,0
R16627,망작도 이런 망작이 없다. 보다가 자버렸어. ㅋㅋ,0
R16628,어설픔의 극치다 참고보기 힘든 수준이다,0
R16629,이 작품 필히 리메이크해야함!!,1
R16630,평범,0
R16631,돈으로 해결되는 것이 아니라 LIFE GOES ON....살아있는 영화...,1
R16632,"이게 스릴러냐, 완전 드라마지.. 짜증나",0
R16633,이게 왜 19세??,1
R16634,평점만 보고 영화 평가하는거 아님 ㅈㄴ 잘 봤다,1
R16635,너무 멋있는 영화. 환한 느낌을 준다,1
R16636,정말 로망이었던 영화!!! 꼭 다시 보고 싶다!!!ㅠㅠ,1
R16637,너무 유치하고 뻔하고 액션도 별로 중국은 왜 이런걸 계속만드는지 모르겠다 에휴 .,0
R16638,"현실에선 알프레도와 같은 친구를 찾기 어렵다. 아니 불가능하다. 영화의 메세지가 와닿는다. ""현실은 영화와 달라""",1
R16639,보인다 떡은정이. 한다. 1점을 별점 그래서 의지돌 떡은정 한다. 해체,0
R16640,이 영화 다시 보고 싶따 어렸을때 보고 한번도 다시 보지 못했는데,1
R16641,키싱구라미 그 은유는 정말 환상이었다..,1
R16642,박준형씨 고정했으면...정말 좋겠다박준형 완젼 잼나요...,1
R16643,엄청나게 감동적이였습니다. 팬으로써 앞으로도 인피니트의 활약을 기대해봅니다~^^,1
R16644,여러모로 충격적이라고 밖엔,1
R16645,마르셀의 여름보다 이게 훨씬 더 애잔하고 재미있었어요.,1
R16646,"평점에 기대하면서 봤는데 큰실망, 평점에 속지말자",0
R16647,"휘성편은 정말 눈과귀가 즐거웠구, 감동도 더해져서 최고의무대였어요ㅎㅎ 제작진분들께 감사하고 부탁하나드리자면 거미언니하고 임재범씨도 이프로를통해서 꼭!!볼수있도록 힘써주세요ㅎㅎ",1
R16648,뭐라 표현 할 수 있을까.. 그냥 최고의 영화,1
R16649,한효주 때문에 참고 보고있다-_-;,0
R16650,기억속에 깊이 남은 로맨스영화,1
R16651,"어쩌면 역사는 반복되는것이 아닐까, 하는 생각이 드는 영화였습니다",1
R16652,로마관광청 제작. 조쉬 더하멜도 좋은 작품 좀 만나야 할 텐데..,0
R16653,재밌는데????평점왜이러지??,1
R16654,정말 아름다운 영화.정말 내 기억에 오랫동안 남은 영화,1
R16655,내 난생 처음 두번 본 한국영화 !,1
R16656,걸작.. 어릴때 보고 오늘 다시 봤는데.. 진짜.. 대단한 명작이다..,1
R16657,덴젤의 연기는 빛났으나 영화는 빛나지 않았다,0
R16658,ㅈ정말 죽이고 싶은 OOO기 영화 눈물난다 기가막혀서,0
R16659,정말 감동적이고 눈물도 얼리는 영화다. 중간에 2마리의 개들이죽어서 슬프다.ㅠㅠ 하지만 6마리나 살았다는 건 기적이다.정말 ..,1
R16660,왜 말론 브란도가 명배우이고 엘리아 카잔이 명감독인지를 보여주는 작품,1
R16661,그냥 그저 그런영화...,0
R16662,애들 영화 찍는데 돈 낭비 했네..평점이 넘 높으니 낮워야겠음..5점이상은 절대 안됌,0
R16663,영화내용이좀길고지루했지만 마지막반전이 개인적으로 무언가를느끼게했던,0
R16664,"아무리 돈 없이 만든 영화라지만, 정도가 지나쳐서 무성의하다는 느낌마저 든다.",0
R16665,어릴때 잼있게 봤는데 다시 보고싶다ㅠㅠㅠㅠㅠ,1
R16666,단순 애로물로 생각하는 사람들은 보지말아라~~,1
R16667,스토리 따라가기 급급한영화...근데 존내재밌게봤어요ㅋㅋㅋㅋㅋㅋㅋㅋㅋㅋㅋㅋㅋ,1
R16668,이런 거 개봉하는 밝은 사회.,0
R16669,이걸 영화라고 할수있나 이유가 뭔대?,0
R16670,헐 킹스맨 보고 감독이 같길래 들어와봤더니...짐캐리가 저 역할했구나...ㄷㄷ,1
R16671,엄청난 걸작.'러시아에서날아온사랑' 최고의 영화중하나,1
R16672,완벽히 속아서 본 영화... 이런 배우가지고 이런 망작을,0
R16673,영화를 보는 내내 다음 스토리가 예상 가능했다. 뻔하고 유치한 영화였다.,0
R16674,단연코 주연 설정부터 패망,0
R16675,한심한 놈들 때문에 10점 올려줍니다. 기대해 보겠습니다!,1
R16676,95년 스무살 청년을 음탕함에 세계에 빠뜨리고 농락한 여균동을 용서할 수 없다,0
R16677,내용도 좋고 연출력도좋고 배우들도 연기잘하고 뭐하나빠지는게없구나!~~ 천명 대박!~~,1
R16678,슬램덩크의 태권도 버전을 꿈꿨으나 개꿈,0
R16679,이민기찬양,1
R16680,이거 소설로 유명한 거 아닌가,1
R16681,개노잼임 진짜 진짜 진짜 진짜,0
R16682,내용도 허접하지만 더빙이 상당히 거슬린다.,0
R16683,소유진. 악역이 미운게 아니라 연기를 못해 차마 보기가 민망스럽다.,0
R16684,이거 영화 맞나요 ?,0
R16685,정말 이런 b급영화 최악이네요 ㅜㅜ 대사와 영상 스토리 모두다 좆망이네여 진짜 ㅠㅠ 돈이라면 불가능이란없지 혼자말이 개웃김 ㅋㅋ,0
R16686,야한거 같지만 야하지않은 빠지든다,1
R16687,화면 한컷 한컷이 모두 다 아름다웠습니다.,1
R16688,"쫌 어설퍼도, 원작의 처절함을 잘 살림. 근데 주제곡이 끔직하다는 돌대가리는 뭐지?",1
R16689,이 영화 내용이 뭔가요?,0
R16690,6점대 후반 정도는 되는듯~ 지금 평점은 너무 높아~,0
R16691,너무나 허접하고 지루한 선데이서울 잡지같은 영화,0
R16692,절풀어주시는겁니까?너의맑은 눈빛이좋다...ㅋ아. 손발..ㅋ. 결국 끝까지못보고껏네요. 너의 맑은눈빛이좋다..ㅋㅋㅋㅋ,0
R16693,재밌게봤어요^^나오는음식들도 괜챦고..보다봄 맥주땡겨요^^,1
R16694,"영화는 많이 안봅니다만 최근 봤던 영화 중, 인셉션,엣지 오브 투모로우 이후로 최고로 재밌게 봤습니다. 반전 또한 어떤 영화보다 신선했고 소재 또한 인셉션 다음으로 참신하다 생각 합니다.",1
R16695,크리스마스에 어울릴만한 영화~,1
R16696,상당히 궁굼증을 유발하는 영화,1
R16697,2004년의 좋은 기억을 놓치지 않고 10년이란 시간이 무색하게 여전히 좋았던 하나와 앨리스. 이와이슌지의 선물을 받은 듯.,1
R16698,후반부에서의 지루함과 진부함이 최악,0
R16699,"평점에 속지마라 6점정도가 적당한 영화, 킬링타임용도 안된다 아부의왕이랑 같이 내인생 최악의 영화로 꼽힘",0
R16700,액션도 이야기도 애니답지 못하다,0
R16701,나 이 드라마 봤는데 재미와 내용이 짬뽕이다.,0
R16702,조아용,1
R16703,"꿈이없이 살 수도 있어 꿈만 꾸며 살 수도 있어, 소년들을 위로해줘",1
R16704,대박이구만 뭐.. 진모형 쩌는구만,1
R16705,정무문도 최고지만 진짜 최고는 용쟁호투였슴~!!!! 아직도 거울방에서 결투씬 잊혀지질않어....ㅠㅠ 재개봉으로 보고싶다.,1
R16706,예쁘게 보이려고 무리해서 포장했지만. 결국엔 단순한 불륜극.,0
R16707,잼있다 싶었는데 차츰차츰 뻔한 신파가 되가는 듯 .6회는 짜증좀 남. 많이 보아 온 듯한 줄거리에 일리의 행동을 보니 신선함에서 식상함으로...,0
R16708,이렇게 재미없고 지루한 영화는 아주 오랫만이네요. 영화에 도무지 집중이 안되요. 바보같은 사람도 거슬리,0
R16709,전지현의 최고의 영화는 엽기적인 그녀가 아니라 시월애다,1
R16710,2012년 리메이크작을 보니 투박하지만 원작이 그나마 낫다. 리메이크는 그냥 킬링타임용,1
R16711,디워인줄,0
R16712,개인적으로 정말 감동이 깊었던 영화임 OST도 다좋고 주인공들 미래모습볼수 있어서 좋았고타미코하고 짱구 둘의 사랑모습이 너무감동적이었음,1
R16713,재미재미잼잼 보고말해라,1
R16714,지금봐도 재밌네 ㅋㅋㅋ 차태현패는건 지금봐도 너무웃기고ㅋㅋㅋ 박중훈연기 굿ㅋㅋ,1
R16715,다시 보고 싶은 영화입니다,1
R16716,"realistic, slow and steady movie",1
R16717,로망은 어디에,1
R16718,"인간본성은 그렇다치고, 영화적인 재미로만 봐도 걸작",1
R16719,하나도 안 무서워~~~~~~~~~~~~~~~~~,0
R16720,웃기긴 하다,0
R16721,어쨌든 우리나라 형사/버디 무비의 원조격,1
R16722,내 사랑 내 곁에영화 검색하고 이것저것보다 우연이왔음!!,1
R16723,그냥 낚인 영화였다. 10자,0
R16724,보지마. 이유는 많아서 생략.,0
R16725,프랑스영화는 예술영화 만 있는 줄알았는데 시종일 관 눈을 뗄수없고 긴장감이 게-속되는 평점을 왜이리 낮게 주냐,1
R16726,도저히 의리를 저버릴수 없지만 평점은 어쩔수 없다.,0
R16727,연소자 관람가 라고 애기좀 해주지 그랫니 !! 유치해,0
R16728,그냥 원작에 대한 모욕이다. 그냥 명예회손죄로 고소 되어도 할말이 없을만큼.,0
R16729,동시 개봉했던 볼케이노 제작사와 영화사의 엄청난 자금력을 동원한 홍보력에 밀려 저조한 관객수로 듣보영화로 말려나긴 했지만 볼케이노보다 200배 사실감있고 작품성도 뛰어났던 단테스 피크..,1
R16730,졸작 영화 초딩이 만들어도 이정도는 만든다...3류 비디오 수준,0
R16731,난 이 영화를 분명히 코미디에서 찾았는데 코미디는 무슨,0
R16732,"불편한 과거..하지만 우리가 꼭 알아야만 하는 과거, 그 반복이 계속 되질 않길 바라는 마음이다. 할머님의 마지막 한마디가 가슴을 먹먹하게만 한다.",1
R16733,백인소년영웅 하나가 무지몽매한 흑인대중들을 이끈다는 아주 괘씸한영화,0
R16734,중심플롯자체가니모를찾아서라는 픽사의걸작애니를 차용하고 있는 아주 뻔뻔한 졸작.,0
R16735,이영화는 우리나라의 산전수전을 모방한 영화입니다.,0
R16736,내일 수지 나온다니 한번 볼께요 ^^,1
R16737,주기도아깝다 리얼진짜개노잼,0
R16738,1시간 15분 58초 부터 약 15초 때문에 1.5점.. 후하다.,0
R16739,전편보다는 못하지만 추억을 다시 새길 수 있어서 좋다,1
R16740,우리들의 친근한 친구들을 재미나게 표현,0
R16741,서우 킹왕짱!!!!!!!!!서우 덕분에 매우 재밌었다.,1
R16742,"왤케 평점 짜게주냐 역시 네이버 평점은 믿을게 못되는듯,, 개인적으로 재밌게봤음!",1
R16743,나비효과와 루퍼에 대한 질 낮은 오마쥬?,0
R16744,인정하자. 이정도면 훌륭한 속편이다,1
R16745,"내용, 영상미 정말 뛰어나게 아름다웠다",1
R16746,이영화 정말정말보고싶었는데 워낙옛날꺼라 찾기가 힘들어서 못보고있었는데 우연히 티비돌리는데 나와서 보게됫어요 정말 순수하고 아름다운영화네요,1
R16747,얼마나 망가졌는지 확인해볼라다가 끝까지봤네...훌륭한 감독이다 집에 쌀도떨어졌을듯...,0
R16748,황당무계한 설정도 어이없지만.... 기분 나쁜 내용에 환호하는 게 이상한 거 아닌가 0점이 없어 아쉽다,0
R16749,영혼 나오는줄은 알았지만 형사가 혼자살면서 인형집 만드는 남자를 전혀 의심도 안할때부터 김이 팍 샘. 여자애 실종에 지하아지트도 발견됐는데 알리바이 증언해줄 사람도 없고 저런 취미를 가진 남자를 의심도 안하냐.,0
R16750,보면서도 상상을 하게하는 영화였습니다^^,1
R16751,You're Gonna Be The One That Saves Me,1
R16752,우리아이가 아주재미 있어 했어요?,1
R16753,줌인 남발 눈 깨지겠다 이것도 영화라고,0
R16754,기대안하고 틀었는데 너오랫만에 만난 너무 좋은영화다. 슬픈장면도 아닌데 웃으면서 눈물이 나는 잔잔한 감성자극과 탄탄한 스토리의 영화. 30대 여자가 너무도 공감할만한 영화라고 생각한다.,1
R16755,갑자기 공리가 좋아졌다. 명작이다..,1
R16756,평점낮게 주는 놈들은 진정한 영화를 몰라,1
R16757,어쩌면 갈수록 점점..,0
R16758,그래서..? 결국 이런 막장인생두 있으니 넌 행복한 줄 알아라 뭐 이런건가? 보는내내 마지막까지 일말의 동정심두 안드는 주인공 새끼.. 어린애랑 와이프 그 고통스럽다는 농약먹이고 넌 왜 못뒤지냐? 정말 책임감 일말두 없는 쓰레기 구경하고 빡칠분만 보삼,0
R16759,일본 드라마중 길이 남을 명작.,1
R16760,"어제새벽디엠비로중간부터봤지만 간큰가족보다훨났다,,특히여배우 이런간나새끼!!ㅋㅋ",1
R16761,"박해일이 나오는 영화 다 보고있는데진짜 너무 멋있는배우여기서 김혜수가 이렇게 연기를 잘했나 처음 느꼈고,마지막엔 가슴이 먹먹해지고 괜히 우울해진다.그치만 최고의 영화 ㅠ",1
R16762,무지 재미있어요..,1
R16763,4.44 만들어야지 근데 평점이 너무 낮다,0
R16764,그들이 얻은것은 돈뿐만이 아니다~ 라스트공연의 카타르시스!,1
R16765,아..뭔 내용이야..김기덕 영화 짬뽕믹스도 아니고 기분만 더러워..주연배우 연기봐서 2점 준다.상영관없어서 개봉 못했다더니 그럴만하네..나라도 극장에 안걸어준다,0
R16766,영화는 재미있지만 왠지 이래야만 할 것 같은 의무감에 2점 찍습니다.,0
R16767,오랜 연애 경험 있는 나로선 공감간다,1
R16768,마라톤 해본 사람이면 인정할만한 영화...마지막 장면도 경험을 해봤기에 충분히 현실서있다고 본다 물론 오버한점은 있다.,1
R16769,"건축학개론만큼 훈훈하고, 잔잔한 감동이 있는 영화. 인연이란게...^^",1
R16770,할말이 없음. 재미가 없네요,0
R16771,다루는 내용은 너무 좋았는데 조금 더 탄탄했으면 하는 아쉬움은 있지만 정말 잘 봤습니다. 현실감 있고 생각이 많아지는 영화.,1
R16772,진짜 별로에요ㅠ돈아깝고 애가 하도 나가재서 30분보고 나왔어요;;;영화 보러 다니면서 이런적 처음이네요.완성도 좋다는분 계신데 드림웍스 디즈니 비교함 완전...청강대 애니메이션 졸업작품전이 더 좋았네요;;;;,0
R16773,뭐하나 빠지는게 없는 쓰레기,0
R16774,정말 재밌는 영화. 오랜만에 기분좋게 영화관을 나왔다. 30대 이상 여성이라면 강추!,1
R16775,15분만에 난 다 봤다!,0
R16776,이게 뭔 씨나락까먹는 스토린데? 벌거숭이임금님보고 덩달아 감탄하지 않겠다,0
R16777,굉장히 현실적임.명품배우들의 연기와 부부사이의 현실적 갈등에 대한 스토리의 만남.지상파에서 방송됐음 시청률이 좋았을텐데..드라마 퀄리티에 비해 빛을 못받는 것 같아 아쉬움.,1
R16778,쓰레기 한반도보나는 낫지!!!,1
R16779,별주는것도 아까움 ㅈㄴ재미없어 ㅡㅡ,0
R16780,"북한이 남한보다 잘살았던 60년대..까딱하면 자유 대한민국이 무너질수 있는 시절이었다,북한보다 잘살기 위해, 체제경쟁에서 이기기 위해,자유 대한민국을 지키기위해 부유한 나라를 만들기 위해 박정희 전 대통령은 엄한 담임선생님 역활을 했던 것이다",0
R16781,good~,1
R16782,존나 재미없는데 여기 이종석이랑 이민호 나와서 2점 줌 ㅋ,0
R16783,"중간에빼고픈장면도있지만인간자기애,나약함을잘표현하고에드워드노튼의비주얼도한몫",1
R16784,목소리때매망첬네 ㅡㅡ,0
R16785,"병맛..똥폼으로 시작해서 똥폼으로 끝나는영화. 아저씨는 그래도 차태식의 행동에 어느정도 이해가 가지만. 이건 밑도 끝도없이 병맛이라 도무지 집중이 안됨.,",0
R16786,자신의 꿈을 이루기 위해서라면 때에따라 범죄 사기 폭행을 해도 된다는 것을 깨닫게 해준 최고의 영화 절대 자신과 타협하지마라 1등만이 살아남는다 만년 2등인 제롬 같은 패배자는 세상에 잊혀진다 강한자가살아남는게 아니라 살아남는자가 강하다,1
R16787,최근 본 무협중에 제일 재미있게 봤음,1
R16788,나름 재밌는데 평점이 왤케낮지?,1
R16789,극중 대사 한마디 한마디가 경이로운 수준....,1
R16790,내 스타일. 내스타일 내스딸,1
R16791,깔끔하다. 여주인공이 멋있다.,1
R16792,이게 진짜 홍길동..ㅎㅎ,1
R16793,"다크 나이트 베꼇다고 하는놈은 걍 어린놈이고, 진짜 아이리스2 딱 4화 까지 볼만했다. 김소연은 왜나온거임? 도대체가..3편주인공 김소연 ㄲㄲ",0
R16794,진짜 산에관한 영화. 옛날에 나왔으니 뻔한건 당연한건데 뭘 그러나,1
R16795,하하하! 최고의영화!!!,1
R16796,서세원따위가 안중근의사를 모욕했다. 유오성 연기가 아깝다. (2),0
R16797,사람 바보 만드는거 한순간... 결말이 이게뭐야???,0
R16798,막판에 무슨 힘쎈 귀신이...--; 지옥에서 탈출했남...,0
R16799,0점은 왜 없나영화관에서 봤었는데 엔딩크레딧 올라갈때 다같이 웃었다,0
R16800,갠적으로 견자단이 나온 영화중 가장 재밌게 봤다~!!정말 진심으로~!!최고의 영화~!!,1
R16801,기대없이봐서 그런지 기막힌 연기력과 나름 반전 좋음,1
R16802,사랑하는 여자를 위해 목숨을 거는 남자와 그를 구하기 위해 자신의 전재산을 탕진하는 남자. 간지나는 두 캐릭터의 조합이 멋진 첩보스릴러를 탄생시켰다.,1
R16803,ㅋㅋㅋㅋ 뭐지? 이 영화?ㅋㅇㅋㅋ,0
R16804,"하아.. 엄정화 박서준은 좋아하지만 일단 대본이 너무 별로임;; 유치하고 지루함.. 진짜 1, 2화보는데 하루종일 봤음 계속 딴거 하다 보느라.. 그리고 너무 몰입도 안되고 ㅠㅠ",0
R16805,대단한 선수네...기대할만하네..,1
R16806,처음아역일땐 재밌었는데 윤수완 구혜선 윽박지르면서 질질짜는모습 정말 질떨어지고 보는내내 욕나올거같았다 말도안되는걸로 시간벌려고하고 ㅉㅉ 참 못만들었내요 솔직히 구혜선 윽박 울보 감성팔이 땜에 싫어지려합니다 지겹다진짜,0
R16807,정말영화같은이야기 영화여서 영화같은이야기가 좋다,1
R16808,"남녀별,연령별 평점 괜히 있는게 아님. 10대 여자들 고평점 / 남자배우들땜에ㅋㅋㅋㅋ",0
R16809,짱잼ㅋㅋ굿굿ㅋㅋㅋㅋ,1
R16810,결말에 다 침몰 했으면 10점 줄텐데.,0
R16811,그낭.... 그저 그런 중국영화....,0
R16812,개인적으로 너무 잼나게본 시리즈중,1
R16813,말이 필요없네요...보는것 자체만으로 위대함이...!!,1
R16814,정소추의 정통무협 연기와 서극의 sf가 만나다~!!,1
R16815,이런 영화는 지겹다못해 없애달라고 기도하고싶다,0
R16816,"슬래셔무비를 좋아하는 나에게 넌 짱이었어, 영화 중간중간 상징적인 장면들도, 복선을 암시하는 장면들도 너무 좋았다. 여러번봐도 재밌는영화,게다가 멋진 남주와 이쁜 여주는 덤",1
R16817,야 내 돈 내놔 진심 아오.ㅡㅡ,0
R16818,더빙 캐안습.. 다음부터 절대 성우를 무시하지 마라,0
R16819,내용없고 억지감동킬링타임용으로도 보는시간이아깝다,0
R16820,로그인첨해본다..완전 ...sf보면서 눈물 흘린거 처음이다. 배도 많이 아팠다.,0
R16821,"원래, 청춘은 지리멸렬하고 건조하다.",1
R16822,옛날에 진짜 재밌게 본영화.,1
R16823,오복성 재탕. 웃기기는 하다,0
R16824,연기진짜어색하다,0
R16825,중국 여류문학가 사오홍에 대한 관심도 흥미도 없어서인지 영화가 지루하기만 하네.,0
R16826,아만다의 앳되고 당돌한 매력이 엿보이나 뻔하고 지루한 10대 소녀용 신데렐라 스토리,0
R16827,생각보다 넘 재미있고 감동적이었다.,1
R16828,시나리오 쓰레기고 그렇다고 무섭지도 않음 공포영화가 다른건 몰라도 무섭긴 해야할거아냐~!?,0
R16829,가슴줮내아픈영화.. 한국영화중에서 최고,1
R16830,이제 봤는데 너무 재밌네요 11한명 다 매력있고 호감임 호주 다니엘도 빨리 돌아왔음 좋겠고 mc분들만 조금 입조심 해주시면 더 좋을 것 같아요,1
R16831,주지훈 연기보고 소름이었음... 주지훈 다시봤다 이광수도... 지성이 선역이어서 쫌 아쉬웠음,1
R16832,솔직히 '픽사' 애니메이션 중에서는 못 만들었다.,1
R16833,그는 오늘도 치료를 한다,1
R16834,내얘기가 영화로 나온듯 ...몬가 슬프면서 아릇하다 ~~,1
R16835,5점짜리는 진짜 아니다 멍청한평론가들 뇌회전을 못하나,1
R16836,그냥 아무 생각없는 보면 되는 영화....,0
R16837,따뜻한 영화. 김밥꼬다리 입에 넣어주던 순이씨와 눈물 뚝뚝 흘리던 깡철이가 계속 머릿속을 맴돈다,1
R16838,"바둑과조폭?차라리,아가씨와건달들이 더 어울리는 조합이다.막장 인생들과,기원은 아무 관련 없다.기원이 조폭들 놀이터도 아니고...조폭이 하는 건 도박...가끔씩 게임 리X지도 하더만...조폭하다간,칼침맞아 죽는다...끝...(웃음)남주와,김뢰하만 돋보임",0
R16839,미치겠네... 심형래씨 아기공룡 쭈쭈 생각나네.. 1점도 아까워 죽겠음,0
R16840,다음에는 꼭 제대로 된 영화를 만들어라.,0
R16841,지루하다...보다 졸았네..,0
R16842,병...같다,0
R16843,수상 액션도 별 것 없다.,0
R16844,여기 티모시 스펄이라는 배우나오지 않나요? 배우 목록에 없어서 영화에서 밥으로 나온 그사람 없음 배우목록에 첨부점요 영화는 좋아요,1
R16845,올해 부산국제영화제에서 본 영화 중 베스트,1
R16846,나는 사랑보다 아름다운 유혹이 훨씬 재밌던데 .조선이라는 배경 빼고는 내용도 다 똑같고 그냥 그랫음. 남자주인공들이 다 멋잇더이다.배용준이랑 라이언필립 둘다 멋있네용.,0
R16847,진짜ㅜㅜ 첨엔 잼께봤는데 결말 너무해요,0
R16848,배우들도 좀 알려진 배우들이라 인디영화라 고도 하기도 힘든 이 낯선 영화,1
R16849,그냥 하울을 끝으로 은퇴했어야했음.,0
R16850,특별히 다른 말이 필요 없음,1
R16851,올해 최고의 작품입니다.,1
R16852,중년남녀가 만나서 데이트하다 헤어지는 영화 재미도 없고 지루하기만 하다,0
R16853,주인공들의 답답함에 개연성이 떨어짐,0
R16854,배우가 그렇게없나..최철호..?,0
R16855,이거볼시간에 공부했으면 벽성대라도갈텐데,0
R16856,16번을 봤습니다 대한민국 최고의 로맨틱영화 입니다 안성기이사장님의 연기는 진심이 담겨있는 연기 입니다 진정한 연기자 안성기이사장님...,1
R16857,지금까지 내가 재미없다고 한 영화딱 한편있었다재미도 감동도 없는 영화,0
R16858,대학교가고싶어짐,1
R16859,역대 준 평점중 최악의 점수Fucking boring 연기도못하고 무섭지도않고,0
R16860,♥아 진짜 이런영화 사랑해줌ㅋㅋㅋ,1
R16861,열연한배우들에겐미안하지만이런쓰레기조폭영화는빨리시장에서사라져야함1점도아깝다,0
R16862,완전최악....내돈돌리더,0
R16863,진짜무슨내용인지모르겠다 고작단돈11000원이 진짜아깝다이런영화 왜만든건지모르겠다.주연이 박재범씨아닌가요 분량도 아에없고제이슨리혼자 원맨쇼하다가 죽고 끝?내용 상황 뒤죽박죽한거만보이네요,0
R16864,빌로우알포인트남극일기중에이건쓰레기알포인트가최고..,0
R16865,p2p에서 받아서ㅂ봤는데 내2천포 어쩔 ....,0
R16866,화재가 발생했을때 온도가 몇도인지 궁금한가?그냥 안전을 위해 도망치기만 하면 되지,0
R16867,아 여주 보면서 개 답답.. 이런류 내용 전개는 안좋아해서..,0
R16868,왕년의 레니 할린이 어쩌다 레슬러 뒤치닥이나 하고있냐~!!!,0
R16869,"안녕천국이들~이딴영화는 별반개도아깝단다~ 감동,재미,애정은개뿔진심쓰레기",0
R16870,세터민에 관한 뉴스를 봤는데 그 내용이 이 영화에도 있네요. 가상이지만 현실삶에서 북한동포가 느끼는 대한민국에서의 어려움을 조금이나마 보여준것 같습니다. 눈물이 나더라구요ㅠ목숨걸고 탈북한 이들을 보살펴야 한다는 마음에서 fighting을 외칩니다!,1
R16871,진짜 드라마 막장... 30녀 살면서 이런 막장 드라마 첨 봄.. 글고 왜케 질질 끄는지 ...,0
R16872,별점0이 있으면 0을 줄라했는데 1이 있네요 아니 너무 질질 끌어요!!!!!! 드라마도 거의 끝날 때 다 되어가는데 아직도 그러고 있네요 아주 짜증나요,0
R16873,타짜를 원하시면 그냥 타짜를 한번 더보세요,0
R16874,박평식이 오랜만에 제대로 된 영화평 쎴다,0
R16875,재미는 둘째로 치고 역사적인 사실을 흑백으로 잘 전달해주네요,1
R16876,1편보다는 더짜임새가있네요..그렇지만 개인적으로 로버트쇼에 더눈독이가네요.....,1
R16877,"원작에 묘사 되지 않은 주인공들의 감정들이 많이 표현된 건 좋았으나 일본특유의 오글거림 대사, 억지 감동은 좀... 특히 형사가 말할때마다 스킵하고 싶은걸 참아야했던",0
R16878,아 ~~~이드라마 날 미치게한다 넘 재밌다 ㅜㅜ 작가님 천재인듯 ㅜㅜ,1
R16879,저 정말 이거 보고싶은데 이미지보니까 되게 재미있을것 같다,1
R16880,감독이 원한게 무엇이었을까,0
R16881,존나 재미있다 !,1
R16882,초최악은 아니지만 최악에 합류할만한 영화 80년대라면 모를까..,0
R16883,서스펜스도 없고 스릴도 없다.,0
R16884,이영화의 유일한 미덕인 태국가요를 재조명 해주었다는데 이 별을 바친다.태국노래 cd를 사고싶어질 지경이니까...,0
R16885,우와 정준용 선생님 대박이에요. 정말 대단해요..부럽습니다.,1
R16886,아..... 더 이상 어떤 말이 필요하겠는가...,1
R16887,ㅋㅋㅋㅋㅋㅋㅋㅋㅋㅋㅋㅋ정말재밌고귀엽네욬ㅋㅋ,1
R16888,참 재미나네요^^꼭 3번보세요,0
R16889,결말로 치달을수록 내용이 달로 가는데.. 뻔뻔한 근자감 임창정의 명장면 하나 빼고는 볼 것이 없는 영화,0
R16890,제이슨 그리고 빅키 연기력 너무 좋네요. 빅키는 실제로도 수녀인것 같았어요,1
R16891,뻔한...ㅎㅎㅎ가볍게보기좋은듯합니다,0
R16892,"괴물이나 몬스터 대신 누구나 혐오하는 동물인 쥐를 등장시킨 슬러쉬물이다. 그렇다고 잔인하지도 않다. 감동도 없고, 주인공이 마을 전체를 상대로 복수를 했는데도 하나도 시원하지가 않다. 오락 영화도 이렇게 만들면 안된다는 것을 증명한 영화다.",0
R16893,"어색하다 해도 나름의 의미는 있다만, 그리 아름다운 혁명은 아냐",0
R16894,코미디라서 재미있는거? 인줄알았는데 너무야했습니다 무슨 12세야 ㅡㅡ,0
R16895,내용도 재미도 없는 시간때우기도 힘든 영화,0
R16896,이 감독은 싸움의 기술때까지가 좋았어,0
R16897,6년연애..여자가 다른 남자에게 흔들린것만 빼면 정말 100%공감하는 제얘기..해피엔딩은 될수 없다는..,1
R16898,연기자들의 뛰어난 연기 ~ !,1
R16899,머리긴거 너무 귀엽고 잘생김 ♥,1
R16900,와.... 할 수 밖에 없는 드라마,1
R16901,안봣는데 1점이나준다,0
R16902,별 0개 주고 싶군요. 엄청 기대하고 봣는데.,0
R16903,간만에 티비 쩜 볼려구 했는데 이건 멍미;;;,0
R16904,"책으로 불의잔,아즈카반의 죄수와 더불어 가장 좋아하는 작품^^ 다들 원작 파괴라고 하지만 원작에 너무 충실하다보면 감독 특유의분위기도 사라진다.뭐 솔직히 이번편이 너무 원작파괴 한건 사실이지만 그래도 해리포터를 보면 정말 좋아하는 한가지 브금이 좋다!",1
R16905,"바다를 보러 오기까지 위험천만한 일 투성이었다. 경찰과 갱에 쫒기고 은행을 털고 인질극을 벌이기도 하고... 그런 과정을 겪었는데 더 두려울께 있나? ""두려울 것 하나도 없어."" 내일 내가 죽는다면 오늘 나는 무엇을 해야하는가? 바다, 데낄라, 담배",1
R16906,비디오로만 나오는 3류 에로물 보다는 낫다. 3D로 보면 어떨지 모르겠다.,0
R16907,완전 쓰레기 드라마 ㅡㅡ,0
R16908,"오랜 시간 함께 작업한다는 것, 그 자체가 예술임을 보여주는 영화",1
R16909,罪人 이 아닌 제인.. 그녀에게.. 경배를..,1
R16910,귀여운 공블리언니 너무 귀엽다 ㅋㅋㅋ,1
R16911,OST 좋아서 봤는데 이건 뭐 여자들 이 원하는 타입의 포르노인가?,0
R16912,진짜 아내와 마주고보 묶여있을때 톰크루즈의 눈물연기...,1
R16913,시노부는 진리입니나시노부는 혁명입니다시노부는 행복입니다시노부는 사랑입니다,1
R16914,"한국더빙판으로 봐서 그런지 진짜 말그래도 듣기 싫은 영화다.ㅡㅡ 1,2점 주면 초딩취급할까봐 3점준다ㅡㅡ",0
R16915,정말 답이없다,0
R16916,어휴 이래서 종북이 있다는거지.. 저기 한겨레 소속 영화평론가 씨네21이 2점준거보면 모르겠냐?,1
R16917,"1,2편보다 아기자기한건 덜 햇지만 3편이 젤 재밋다~",1
R16918,브라질판 시네마천국...보면서 펑펑울었네요...가족과함께보면 참 좋은영화 추천해요,1
R16919,재미없고 지루한 1인원맨쇼 저예산영화 완전통수영화임 시간아까운영화,0
R16920,봐도봐도새롭고재밋는이야기 또이런드라마가나왓으면좋겟네요 현빈하지원너무잘어울려요,1
R16921,현실적인 가족들의 대화 그리고 모습들 그리고 그 안에서 하나 하나 발견하는 소중함 다시 한 번 깨닫고 실컷 울다 평점 남기러 왔습니다 진짜 좋은 영화인 거 같아요 이런 영화가 계속 나왔으면 좋겠습니다,1
R16922,누구도 완벽할 순 없다..! 부족함 속의 슬픔을 간직한 인간군상들...,1
R16923,이 영화를 좋게 평가한 평론가의 추천은 앞으로 절대 ! 믿지 않기로 결심했다.,0
R16924,평점이 높아서,0
R16925,재평가되어야 할 영화. 비고 모텐슨만으로도..,1
R16926,감동적인 다큐.,1
R16927,그당시 안봤으면 말을 말어. 이 영화의 모든 부분이 날 흥분시켰던 웰메이드,1
R16928,여자 몸매 가지고 코메디 영화 만들기 수준 이하 영화,0
R16929,다이하드 시리즈중에 제일 재밌었다. 미스터리 추적 스릴러 액션 코믹 완벽했다. 주인공 두 사람의 쿵짝과 재기넘기는 입담은 아직도 유효하다,1
R16930,억지로 오바하는데 웃길리가 있나 ㅉㅉ,0
R16931,ㅋㅋ재미있다,1
R16932,쓰레기ㅜ작가=강유란,0
R16933,1편까지만 하지...,0
R16934,아주 어릴적 흐릿한 기억임에도 이 영화의 마지막 장면은 생생하게 남아있었다.당대 최고의 배우들이 선사하는 멋진 버디무비,1
R16935,종군기자들의 허와 실... 비판적인 느낌은 아니고 한명의 인간으로써 프레임 안의 전쟁에 대한 허무함... 보도사진작가가 되고자 하는 젊은이 들에게는 무거운 내용으로 다가올것이다. 국내에도 보도사진작가들이 많다. 모두에게 신의 은총을...,1
R16936,김남주와 채정안 역시 매력적인 여자들이다.,1
R16937,엄청난 스케일 엔딩크레딧이 완전히 끝날때까지 누구도 자리를 뜨지않는 가슴벅찬 영화,1
R16938,"작위적이다. 그야말로 '판타지' 영화, 영화 초중반 수 많은 주제와 일종의 피해의식을 쓸데없이 극적으로 담아내어 몇 십 개의 기름층처럼 부유하며 단 하나도 서로 어우러지지 않는다. 영화를 이리 혹평하기는 처음인데, 그래도 퀴어영화라는 의의는 인정.",0
R16939,진장 교감한다는것은 이런걸 두고 말하는 건가? 영원히 떨어 없는 진정한 소울메이트,1
R16940,근래 한국 영화 중 최고. 다음 작품에 대한 기대로 1점은 비우고 9점!,1
R16941,가라앉는 영화 살려 보겠다고 김윤석 혼자 애썼다.,0
R16942,걍..,0
R16943,조선왕조 참... 힘드네.,0
R16944,영화의 반전을 주려고 어렵게 만들었는데머리만 아프고 영화의 의도를 모르겠다.,0
R16945,가장 최근의 베스트 영화.안개 속의 풍경을 보고 싶네요.,1
R16946,반전으로 따진다면 이 영화도 기억에 남는 영화입니다.,1
R16947,기존에 나오던 배우만 썻더라도 재밋게 봣을텐데 역할 하나도 안어울리고 전부다 연기력도 많이 떨어지는거 같다. 킬링타임용으로도 볼가치없는 영화 그냥 한마디로 망한영화,0
R16948,주연이 4명이니 4점 드리겠습니다.,0
R16949,"러닝타임이 더 길고 맥어보이가 더 많이 나왔으면 하는 바람이 있었지만, 제임스 맥어보이의 몇 번의 등장만으로도 이 영화는 십점짜리다 ㅁㅊ 사랑해요",1
R16950,재미있어요// 볼만함니다// ㅎㅎ,1
R16951,하차는 안되요ㅠ 좋은쪽으로 생각해주시고.. 힘내세요!!,1
R16952,진주희 섹스 가 너무 인색해,0
R16953,바보들에 의해 진행되는 이야기,0
R16954,여자들 원래 드라마에 평점 잘 주는데 30대 노처녀들이 여옥이에게 너무 감정이입해서 불륜미화라고까지.. 후..,1
R16955,어두운 영화인줄 난 몰랏다,0
R16956,진짜 대박!!!! 미친듯이 웃다가 라이브 장면에서는 심장이 터지는줄 알았다!,1
R16957,정말기대안했는데 참 재밌게봤다..잘 만들어진영화,1
R16958,다세포소녀 따라잡으세요 ^^,0
R16959,뭐냐 이게... 제목이 나오코가 아니라 유스케여야 하지 않아?,0
R16960,케빈코스트너씨 당신은 영원히 영화판을 떠나도 좋습니다.잘 가시길,0
R16961,처음부터끝까지 지루해ㅠㅠ괜히봤어ㅠㅠ,0
R16962,SM이 망해봐야 정신차릴거 같다,0
R16963,이런게 영화지! 정말 재미있습니다!,1
R16964,짱재밋당,1
R16965,해외 로케까지 한 영화가 내용은 엉망이군요. 그나마 이탈리아 관광지 풍경을 볼수있어 다행.,0
R16966,학교에 선생이 한명 밖에 없냐,0
R16967,저만 당할수는 없죻ㅎㅎㅎ마니 보세용~~~,1
R16968,"김민종 나온다서 해서 봤지만 비중이 너무 적음. 조장혁이 부른 OST말고는 남는게 없는 영화. 김혜수, 박중훈이 까메오로 나왔지만 아무 의미 없는 출연",0
R16969,비디오 테잎 우리집에 아직 굴러다니고 있다.. ㅎㅎㅎ 그래서 10점,1
R16970,지금 tv에서 하는거 보는데 역시 명화극장에서 할만한거다. 짱!,1
R16971,애초에 죽으면 끝나는 영화.,0
R16972,블랙 코미디에 사회풍자를 담으려고 노력한거같지만. 재미없다,0
R16973,너무재밌음 갠적으로 최사보다더,1
R16974,처음 본 영화이고 지금까지 최고인 영화!,1
R16975,명작이란 그누구도따라올 수 없는 작품이어야 명작이다.이건 나도 따라올 수 있겠더라,0
R16976,"제발 한국인이면 '보리밭을~' 봅시다.. 라고 말하고 싶다. 창씨 개명, 민족 말살 정책, 군대의 압제, 비슷한 외모지만 2류 국민, 그 와중에 브리티쉬 앞잡이.. 독립 후 내전 발발.. 왜 이리 어느 나라의 상황과 유사할까?",1
R16977,이게 왜 명작임?? 졸라지루하드만 좀비도 얼마안나오고 월드워z 가 더 나은거같은데??,0
R16978,난 이런영화는 불가능한가봐요.,0
R16979,실감나는 액션은 볼만했지만.... 내용은..왜이러는지 모르겠어....여주인공은 원래 배우인줄 알았을정도로 나름 느낌있는 미모다. 근데 두고두고 출연진이 아깝단 생각이 드네 어쩔거야..,0
R16980,아바타 따라하는 짱깨 명불허전,0
R16981,무조건 10점이고 최고의 영화다 진짜.. 이걸 7점이니 8점이니하면 아직 세상맛을 모르는거겠지,1
R16982,왜 이렇게 평점이 낮지? 좋은 영화인데.. 나도 평점 조정 차원에서!,1
R16983,재밋네요ㅋㅋ추천합니다,1
R16984,"가정교육및 어른에 대한 공경심 참으로 좋은 드라마 입니다,끝나서 허전 합니다.",1
R16985,내용도 모르고 봤는데 너무나 감동적인 영화네요.,1
R16986,진짜 재밌음진혁배우 너무 멋져요ㅠㅜ 최민수님 연기 최고구요... 그져?,1
R16987,그래도 다세포보다 높네 우왕ㅋㅋㅋㅋㅋㅋㅋㅋㅋㅋㅋ,0
R16988,재밌러요,1
R16989,전문가평점어짜피 그사람들도 개인의견써놓은거평점무시하고 보면 재밋음,1
R16990,인크레더블2가 나온다고 해서 정말기쁘네요 어렸을때부터 나오길 기대했는데,1
R16991,그렇게 대단히 훌륭한 영화라면 왜 100여명 밖에 리플을 안 달았지?정말로 의문이군,0
R16992,이도 저도 새롭지도 보편적이지도 못한,0
R16993,대박 오글거리는 영화...,0
R16994,말이 필요허냐 ????,1
R16995,진짜 이런 영화들 보면 안타깝다,0
R16996,친구들이안본애들이없길래보는중인데정말짱입니다ㅋㅋㅋ!,1
R16997,스토리 흐름과 전후상황연결성이 희박한 영화,0
R16998,진정한 지도자가 희생의 가치를 일깨워주는군요,1
R16999,그래픽은 95년도라 어쩔수없지만 연기력은 A급입니다.,1
R17000,환상적인 영화...ㅋㅋㅋ,0
R17001,분위기 하나도 안무서운데 비명만 지르고 흔들어제끼기만 한다 귀신 논리도 ㅈ같다,0
R17002,"뭐 이딴.... 더빙이 이렇게까지 못할수가 있나 생각까지 든다. 국어책읽는줄 알았다. 스토리,내용 다 괜찮았는데 더빙때문에 다 망쳤다. 보면서 욕하는 영화는 오랜만인듯. 더빙은 성우쓰라고 이놈들아",0
R17003,상당히 지루하다. 호세 파딜라. 헐리웃에서 버틸 수 있나?,0
R17004,사족 같은 반전. 그저 딸이 미쳤었다는 조악한 결론을 내리고 만다.,0
R17005,OBS에서 방영해줘서 오랫만에 봤지만 이건 수작이지,1
R17006,너무재밋고 다들 연기도너무잘해서 매주챙겨본다 최고다,1
R17007,멜로를 가장한 사이코패스 영화,0
R17008,얼마나쓰레기인줄 볼려고 봤다,0
R17009,"재미 없나봐여,, 안봤는데;; 왜 영화 실검 10위인지 모르겠슴.",0
R17010,아...평점먼저 볼껄..설마하고 봤는데...이건 아니자나~,0
R17011,"국가, 이념, 정치, 죄파를 떠나서 이런 영화가 만들어졌다는 것 자체에 의미를 찾을 수 있다.",1
R17012,유명한 배우들은 안나오지만 볼만 하네요~,1
R17013,라이언 고슬링 연기 최고,1
R17014,물부족 현상을 막기 위한 바람직한 영화,0
R17015,재미드럽게없네요 ..,0
R17016,그닥그냥그랬는데 큰 임팩트를 못느낌,0
R17017,영화관에서 보고 돈아까워서 울었다....,0
R17018,러닝타임 꽤 긴영화인데 전혀 지루하지 않음! 실화여서 더욱가슴아팠던영화!!,1
R17019,너무 좋아용. 늦게 보게되었지만 스토리가 너무 매력적이고 등장하는 인물들도 너무 좋았어요. 장면 하나하나가 그 매력을 느끼게되었어요,1
R17020,알바들 고생많다!,0
R17021,"아이고, 재미없어라! 차라리 잠을 자는 게 낫겠다.",0
R17022,초딩6학년 영화보다 자게만들레?,0
R17023,잘못탄 기차가 목적지까지 데려다 줄 확률은 몇 퍼센트일까? 내가 그 기차를 탈 확률은? 사람 인연은 우연과 실수에서 시작된다. 인연으로 만들것인지 실수로 넘어갈 것인가.,1
R17024,덴젤 당신은 소름끼칩니다~~!,1
R17025,인간 정준영..정말 솔직함의 끝을 보여준다. 카메라 앞에서 저럴 수 있는 사람이 과연 또 있을까.속편을 보고 싶다.,1
R17026,클래식이라는 소재가 쉽지 않았을텐데. 박수보내고 싶다,1
R17027,참고보면 볼 수는 있겠으나 3D로 봐야해서 돈이 아깝다. 네이버 평을 너무 믿고 본감이 있음. 같이 보자고 한 사람들에게 미안한 마음이 드는 영화였다. 하지만 독립영화를 본다고 치면 독립영화치곤 잘 만들었네란 생각도 들 수는있을듯. 결론은 비추합니다.,0
R17028,옛날영화지만 재밌었다 남주여주 굿굿,1
R17029,원작의 맛을 제대로 살리지 못한 유치뽕스러운 액션 활극,0
R17030,천군과 같은 부류의 영화,0
R17031,무슨 성교육용 비디오도 아니고 이건 대체..,0
R17032,조국은 니미,0
R17033,대처의 일대기를 다뤘지만 부족한부분이많다.남성우월주의 사회인 정치판에서 그녀가 얼마나 힘들었는지..등그럼에도 불구하고 내가 이영화에 후한점수를준것은 간략하게나마라도..대처를 추억하게 할수있기때문이다.그녀가남긴업적은 우리모두에게 교훈을 줄것이다.,1
R17034,삼생이 재미있게 잘보고 있습니다.요즘은 약간 질질끄는듯 한 느낌이 있긴하네요.삼생이아버지 약간 예상은 했지만 정말 독살당하시니깐아침드라마치고는 좀 쎈거같아 약간 당황되지만 그래도재미지게 잘 보고 있어요! ^^,1
R17035,재미없다.. 옴니버스는 이래서 안되 OO,0
R17036,조연으로 타케우치 유코가 나왔다는걸 최근에 다시 한번 더 보고 알게 되었다. 그것도 영화 초반에 잠시 나와서 죽는 역할로....,1
R17037,영화에대사한마디 않나오고별로임,0
R17038,종교적인걸 떠나서 그냥 재미 자체가 없다 감동빨로 영화평점 2점은 더 얹힌듯,0
R17039,시간 아까워서 도중에 그만둠,0
R17040,감동있게 잘 보았습니다^^추천합니다,1
R17041,맥어보이를 보는 눈이 필스보기전과 후로 완전히 달라졌다,1
R17042,Nothing...Everything...,1
R17043,"이거 평점이 왜 이모냥인고? 몰입감 장난아니고, 무섶다 ㅎㅎ",1
R17044,독일의 입장에서 바라본 2차 세계대전이라는 색다른 면모는 있지만 내용전개가 매끄럽지못하고 지루했다 또한 배우들의 연기또한 어딘가 과한감이 없지않았다,0
R17045,내돈 아니지만 때려부은 돈과 시간이게 미안한 마음이 들게하는 영화.,0
R17046,"이 영화를 미루고 미루다 이제서야 보다니...SF의 걸작이다. 화려한 비주얼은 4년전 영화라고 믿을 수 없다. 1982년 나온 트론도 대단했지만, 이 영화도 정말 괜찮다. 점수 낮게 준 인간들은 그냥 영화 보지마라.",1
R17047,김기덕 감독 필모그래피상 워스트 오브 워스트 영화. 유치하고 촌스러울 뿐.,0
R17048,걍개쓰렉이영화 매우빡침,0
R17049,물음표로 시작해서 물음표로 끝난영화 이거 만든 감독 머릿속좀 해부해보고 싶다 심히 낚인 기분이야 ㅡㅡ,0
R17050,모든 목표에는 희생의 있는법. 둘다 동시엔 가질수없다. 그것이 인간의 욕심,0
R17051,따분하고 의미없었던 삶에 의미를 부여해준 드라마,1
R17052,있는줄도 몰랐다.,0
R17053,많은 생각과 성찰을 하게 만드는 명화,1
R17054,풋풋함이 느껴지는 영화,1
R17055,난 어제 이영화 봤는데 여운이 오래남을거 같다...잔잔하고 지루하지도 않았고..좋았음,1
R17056,흔들어대는 카메라와 여주인공의 울트라 오버 발연기만 기억에 남네.,0
R17057,시청자를 무시하는 그냥 제작진들만의 프로그램이 되어버렸음..,0
R17058,OO같이 아무것도 표현 못한 영화입니다.,0
R17059,진짜 풋풋하다. 어릴적 90년대만 해도 이런 풋풋함이 사회 곳곳에 남아 있었는데. 옛 생각 나게하는 좋은 영화다,1
R17060,cg인건가 ??? 사용한 영상 기법이 뭔진 모르겠는데시져 표정이 일품이다....어떤 배우를 가져다 놔도 저런 연기를 못할것 같다....감정 심리묘사가 너무 뛰어나서 놀랐음,1
R17061,솔직히 기대했는데 실망입니다.,0
R17062,안읏기고 열라리 식상하네....,0
R17063,작품성이고 뭐고 따져보기도전에 눈이 감긴다.,0
R17064,저만 그런가요. 최악이었어요. 첨부터 끝까지 어디서 재미를 느껴야할지도 모르겠고.내용도 너무 뻔하고. 아무리 미국이 오픈마인드를 지녔다지만 이해할 수 없는 수준.. 영화관에서 보다가 잠까지 들었어요..,0
R17065,올해 최고의 영화,1
R17066,실화임을 알려주는 마지막 자막이 주는 충격에 아직도 먹먹..,1
R17067,진짜 말이 필요 없음ㄷㄷ;;: 걍 명작임 ㅠㅠ♥제임스완♥,1
R17068,너무 쉽게 제시된 유토피아 그후 형식은 예상대로,0
R17069,기대이상이다.. 통쾌하고 시원하다! 간만에 흠 잡을데 없는 영화를 봤다!!,1
R17070,내 어지간하면 특촬물도 재밌게보는 편인데 돈도 엄청들어갔다면서 다 어따 쓴거야 이노무 영화는? 하기사 어릴때 티비서 방영해주는 애니중에 독수리오형제가 제일 재미없었다. 그걸 실사판으로 만들었으니 오죽하겠냐만,0
R17071,공포영화중 최악의 영화,0
R17072,OST 들으면 아직도 감동이와요..,1
R17073,자연식이 좋은데 왜 자꾸 인스턴트 음식에 손이 가는걸까? 그것이 인간의 딜레마...,1
R17074,진짜재밌게본영화ㅋㅋㅋ보면서폭소한 영화다시봐도재밌음ㅋㅋㅋ,1
R17075,공각기동대는 오히려 이런 면이 더 좋더라. 다음 편은 언제쯤 볼수 있으려나?,1
R17076,폼만 잔뜩 들어간...아름답게 치장한 불륜일 뿐. ..,0
R17077,"""정상""이란 무엇이며, 나는 어디에 있는지, 다시한번 생각해주는 부드러운 가르침 감사합니다.",1
R17078,누가미국아빠를 이천희를 순자에게 돌을던질수잇을까,1
R17079,요리는 대충해도 얼굴과 빽으로 나오는 요리사들이 공중파 채널 낭비중.,0
R17080,쓰레기....연기자가 불쌍하다,0
R17081,애들용도 어른용도 아닌,0
R17082,정말최고네요. 힐링이됩니다. 이틀을 통으로해서 다봣어요.제인생최고의 드라마가될듯해요.,1
R17083,이렇게 재밌는 액션영화가 어디에 있을까!,1
R17084,"이 영화를 보고, 치매가 낳았습니다..게다가 간암 4기도 말끔이요~",1
R17085,이런악습이 사라지기를,1
R17086,"WCW, WWE 슈퍼스타 빌 골드버그 때문에 그냥 본 영화. 역시 레슬링 선수는 링 위에 있을 때 가장 빛이 나는 듯. 장 끌로드 반담 영화 중 그나마 볼만한 영화 중 하나",0
R17087,"하..,.,.,.,.,.,.,,.,.,",0
R17088,100% 표절. 초난강 나온 기묘한 이야기 '총남'과 내용과 모든것이 같다.,0
R17089,너무도 오랫동안 기억에 남았던 영화....,1
R17090,재미있구만 화성이주프로젝트인가 성공하면 그때 또 다른 이런 영화를 만들겠지? ㅋㅋㅋ,1
R17091,당췌 먼 내용인지...,0
R17092,에잇 못바서.. 이미 지나서 환불도 안되귱부천역에 롯데시네마 하필 2개냥,0
R17093,힘을 드리리,0
R17094,ㅋㅋㅋㅋ OOO다,0
R17095,이름없는 영화였지만.. 나름 추천작..,1
R17096,어디서 본듯한 내용만 짜집기한 영화. 3점정도.,0
R17097,이런 비슷한 영화 외국영화가 있었다...결국 반복되는 ...자신이 자신을 죽이려고했던..그 남자는 막 쫓기던영화였는데 암튼 내용개뻔함..난 예상했어 애초에,0
R17098,다시봐도 후련하게 재미있는영화!,1
R17099,평점에 낚이지마세요 정말 재미있게 본 영화입니다 강추 강추^^,1
R17100,한국 애니사 최악의 졸작,0
R17101,온몸을 날리는 액션은 볼만하다,0
R17102,초... 쓰레기 영화....,0
R17103,와 이렇게재미없게영화만드는것도 대단합니다,0
R17104,이거보느니 서프라이즈보는게 이득 .. 아니무슨영화가내용도없고 걍찌르고 찌르고 도망가고 정신병원나오고,0
R17105,진정한 비취는 주커버그 당신이구만,1
R17106,산(山)만한 캐릭터의 산만한 모험,0
R17107,젊은이들에게 꿈이 무엇인가를 생각하게해준다,1
R17108,어렸을때보고 가슴에 아직까지도 와닿네요아이들도보여주고싶은데어디에서볼수있는지,1
R17109,응급남녀 요즘 갈수록 재밋어 지는듯!!,1
R17110,감동적인 면도 있고 프로그램 자체가 참신한거 같다,1
R17111,자살방지 홍보영화에 애로를 가미한 재미 전무한 영화,0
R17112,전달하려는 메세지는 잘 받았다..,1
R17113,오버 연기가 어색하다. 그래도 중간중간 코믹했으나 마지막은 역시 억지 신파.,0
R17114,이런 영화는 빠순이들에게 CD로 배포해도 무난하다,0
R17115,문보령 만 살아남는 영화 하..,1
R17116,정말 괜찮네요! 간만에 심하게 공감한 '가족' 영화 였습니다!,1
R17117,빼먹지 않고 모든 시리즈를 다 봤다,1
R17118,첨엔 재밌게 봤는데 요즘엔 완전 막장~ 마지막이 얼마 안남았는데 대실망~,0
R17119,"평점이 높기에 기대하고 봤는데.. 위안부할머니, 국제결혼, 원폭피해, .. 가뜩이나 무거운주제들을 한번에 다루다보니, 이도저도 아닌것 같다.. 영화의전개는 과거와 현재, 할머니와 손녀, 한국과 중국을 오가다 보니 집중도 안되고..",0
R17120,"충격적인장면들~대학살,20년이지난영화지만 그충격여상은아직도",1
R17121,비판이라해도 너무 과장스러움,0
R17122,초등학생때 처음으로 극장에서 보고 좌절한영화,0
R17123,영화를 관람하면서 나도 모르게 이브 생 로랑에게 매료되는 기분이었다. 그의 섬세함과 역경 그리고 성공 등의 스토리가 많은 사람들에게 공감을 주었으면 한다.,1
R17124,이거 어디서 개봉했지 ㄷㄷ 이딴걸 개봉할 생각을 하다니 망하고 싶어서 작정했네 ㅋ,0
R17125,오민아가 친모라는 말이 거짓말로 밝혀졌으면도 단비가 한만준딸 아니란 건 왜 그대로 유효한건지,0
R17126,모험을 좋아하는사람이라면꼭 봐야한다. 이것을 보면 모험을 떠나고 싶을 것이다.,1
R17127,진짜 재미있어요.아이돌이 힘든 내용을 잘 나타낸 것 같아요.,1
R17128,내용은 없고...CG는 영구아트가 외주 받은 듯...,0
R17129,"""평점의 균형은 유지되어야한다!""",0
R17130,폭력묘사가 쩔던 로보캅이 가족영화가 되버리다니...,0
R17131,"영국의 그릇된 민족우월주의자인 줄 알았는데, 걍 양아치 내용.",0
R17132,뭐지 이건? 답이 없다..,0
R17133,TV드라마,0
R17134,생각보다는 스토리 전개가 재미나요!직장인의 애환도 서려있고 저예산 영화를 응원합니다ㅡ홧팅하세요,1
R17135,너무 무미 건조 ;;;;;;,0
R17136,에헴에헴,0
R17137,사랑엔 성별 따윈 상관없다. 독특하고 이해하기 어려운 장면이 있었지만 좋은 영화.,1
R17138,혹시연예계가진짜저런걸까요? 장모모씨도 자살....세상이참어지럽네요..,0
R17139,고1때 엄청 재밌게 보고 난 뒤 한10년 지나고 나서야 이 영화가 그 당시 개망했다는 걸 알게 됐음... 재밌었는데 왜 망했을까?,1
R17140,신선한 소재여서 호기심을 자극했는데 역시나 너무 재미있게 잘봤습니다. 다이버전트 뒷이야기도 너무 궁금하네요.,1
R17141,짱잼 두번봐도 스릴감넘침ㄷㄷ,1
R17142,세상을 바꾸기위해선 작은 친절을 베풀어라 속에 쏙쏙 와닿네,1
R17143,음.. 처음에는 왕따에 대한 이야긴줄알앗는데 알고보니 뜻 깊은 영화,1
R17144,지후했다..보다 졸뻔..,0
R17145,"캐스팅, 연기, 음악, 배경 .. 모든게 좋다",1
R17146,재미있개 잘보고있어요 ^^ 정말 가슴졸이는 상황도 나오고 .세상이아직 살만하긴 한가보네요 .9회 빨간옷 남치범 하신분... 2초나오셧는대꾀 훈남이시네요^^,1
R17147,최고의 드라마... 엑스파일이후..,1
R17148,스토리가 좀 아쉽습니다..,0
R17149,재밋있음^^,1
R17150,당시엔 정말 재미있었던 영화.,1
R17151,재미없어 화나서 평점달기는 처음이다..진짜1점도 아깝다. 아무것도 없다. 내용도 액션도.이거 10점주는사람은 뭐지..영화 처음보시는지 묻고싶다 ㅠㅠ..,0
R17152,할머니가 두런두런 풀어놓는 유쾌한 입담에 재밌게 봤어요. 일상처럼 흐르던 영화는 우리의 시대에 고스란히 동요한 아버지를 보여줍니다. 어느 개인의 삶이 아니구나 하구요. 우리의 아버지를 경험한 모두에게 권하고 싶은 영화예요.,1
R17153,최고다..진짜연기다 지린다 박근형선생님연기가 너무기억에남는다,1
R17154,B급 영화같은 CG가 오히려 팬들을 붙잡는 느낌! 꼭 봤으면 좋겠다.시즌7은 멀었지만,1
R17155,작가 치밀하니 칭찬받아마땅해요 김강우배우 재발견,1
R17156,오래전에 봣지만 또다시 보고싶은 영화,1
R17157,재미없어 이 쓰레기의 정체는 뭐야? 2점부터 점수준것들 M창,0
R17158,ㅠㅠ한강앓이임ㅋㅋㅋ 나며칠전에한강꿈도꿨음꺄아,1
R17159,나는 이런 정적인 영화와는 맞지 않는가 보다.,0
R17160,정말...머라고 할말이 없는 영화인거 같네요....최악의 영화 ㅠ 시간버린듯 ㅠ,0
R17161,마약과 우유가 공존하는 하드보일드 탐정 이야기,1
R17162,다큐로 흘러가는 듯한 영화,0
R17163,감동적입니다....,1
R17164,내가 본 최고의 미드.. 포로 로마노에 서 있어도 롬이 떠오를 것 같다!,1
R17165,흑백의 구도는 재미 없다.,0
R17166,정말 오랜만에 명작을 봤습니다.,1
R17167,"불꽃처럼 뜨겁게 사랑할 때와 시들어버린 꽃처럼 살아가는 모습을 대조적으로 보여주며, 사랑은 이렇게 변하는 거야 라고 비판하는 것 같았다.",1
R17168,10초씩 빨리돌려서봐도 내용알수있는 오랫만에 대작ㅋㅋ,1
R17169,이영화를 보는 내내 기분이 좋지 않았습니다..,0
R17170,SF느낌 귀신은마치 해리포터에 디멘터느낌처음엔 귀신이 애들아빠가죽인 부인의영혼인가 했더니 뜬금없이 근처정신병원에서 애랑같이동반자살한 미친여자영혼인거도 이상하고 억지스러움,0
R17171,이거머냐,0
R17172,너무나 스타일이 좋은 영화다,1
R17173,92년 당시 시간때우기로 극장갔다 반한 영화였다.다시봐도 벅찬 기분 여전,1
R17174,의미도없고재미도없고박해일노래방춤밖에생각안남,0
R17175,다시 보고싶은 영화네요~~^^,1
R17176,감독님 강연 잘들었습니다. 오늘 강연덕에 별점 쭉쭉올라갑니다.(By2학년뒤쪽학생들?),1
R17177,웃음과 감동을 동시에 얻어갈 수 있을 영화입니다!,1
R17178,정말 잊지못할 영화입니다,1
R17179,억지로 게임을 하려니 답답하기만 할 뿐,0
R17180,기대안했는데... 볼만하네요,1
R17181,쩐다,1
R17182,참고 끝까지 보니 2점은 줄수 있어서 다행이다.,0
R17183,영화적으론 괜찮았으나 한국인을 너무 비하하는듯.. 제일 못된 민족으로. 백인의 질투,0
R17184,"프랑스 유머코드가 한국이랑 잘맞는 듯, 자막만드신 분이 맛깔나게 잘 표현한것 같고 내용자체가 유쾌하고 재밌었습니다,올만에 크게 웃으면서 본 재미있고 훈훈한 영화!!",1
R17185,여러모로 유의미한 작품이란 생각. 놓치면 아깝다에 한표.!,1
R17186,견자단을 너무 우려 먹는다. 딱 중국인들이 만들 수 있는 대형기획영화의 수준인 영화다.,0
R17187,휴 그랜트만 믿고보았다 발등찍힌영화,0
R17188,원작은 안봤으니 세세하게 까지는 않겠지만 적어도 스토리에 무게에 맞게 캐붕의 비율도 맞춰야할거아닌가싶음...,0
R17189,간만에 다시 봤는데 잼나는구만. 요즘은 이런 영화 없나?,1
R17190,에로물로 볼꺼면 절루 꺼져라,1
R17191,일상 속에서 찾아오는 사랑,1
R17192,아들이라하기엔 심하게 위화감생기는 너무 큰 아들.,0
R17193,태권도 장면만 그럴듯한 3류 액션 영화,0
R17194,외계인 나오고 뭔가 sf 스릴러를 예상했다면 큰 오산. 진짜 뒤통수 맞은 느낌이네. 밀폐된 공간에서 인간들이 또라이가 되는 과정을 보여줌. 영화 진짜 별로다,0
R17195,"박찬욱 스토커, 한마디로 실망이다. 내용이 없다. 그냥 깔끔함 그걸로 끝.",0
R17196,지루하다. 전편보다 별로..레이첼인 아이린이 나와야 재밌는데 재미가 떨어짐,0
R17197,이거 스텝파더의 명성에 먹칠을 하는 뭐 그런 작품,0
R17198,진흙탕에서 질척거리는 야심,0
R17199,인크레더블 센과 치히로의 행방불명 보다 수준 낮은 쓰레기영화,0
R17200,지연조아~신고,1
R17201,"여주가 좋아하는 여배우라 보긴 했는데, 진심 5분 만에 gg치고 싶었음. 매우 안타까워요.",0
R17202,"고인이된 소현이도 유전자 검사하겠다더니, 눈 앞에있는 사람은지 사진 같다라고했음에도, 꼭 사진을 확인해야만하고.. 사진이 확인 안되니 난데없이 싸대기에 해고 예정은 왠말이며, 으사라는 사람은 가족들에게 자기 상태 쉬쉬하고있고...",0
R17203,감독은 무언가 심오한걸 꺼내려고 한거같은데.. 시종일관 답답하고 지루할뿐..;;,0
R17204,너무 잡스럽고 쓸데없이 진지하다. 완결편의 매우 안좋은 예.,0
R17205,"영화가 쓸데없이 잔인한씬이 많음 눈알에 딱밤때리는 이런씬,칼집넣는거 이런것들",0
R17206,개잼있더 진짜 응사보다더재미있는듯♥,1
R17207,여자가마음에들어서 10점,1
R17208,흥미진진 담주까지 어찌 기다려~ 부부에 대해 생각해보게 한다.,1
R17209,잘해주지못해서미안해,1
R17210,불후의 성량으로 제목 바꿔라. 이건 뭐 소리만 꽥꽥 지르고 지들끼리 감동이래. 전혀 공감 못 하겠구만 쯧,0
R17211,이영화는 저예산 영화로 만들 작품이 아니야!!!!책을 읽고 본 사람만 이말도 안돼는 고평점에 기가 차지 ㅠ,0
R17212,완전재미있게봤다 장난아니다,1
R17213,우리와 틀리다고 생각했던 장애인이 우리와 틀리지않단것을 알려주었다.10403,1
R17214,재밋었는데,1
R17215,참나.. 이런 영화찍는다고.. 스텝업3에 못나오다니 ㅡㅡ...,0
R17216,파라노말은 앞에 왜 붙인거야 보면서 계속 왜라는 단어가 나온다,0
R17217,애들이 재미있게 보았어요,1
R17218,"보아의재발견ㅠㅠ,임시완의재발견!! 스토리는딱여자들이좋아할만한재밌는드라마인듯",1
R17219,아이엠 샘 2,0
R17220,감동적이고 마음을 편안하게 해준다.. 어린아이의 순수함을 볼 수 있어서 좋았다.,1
R17221,아만다의 분홍 색 니플 만으로도 이 영화는 충분한 가치가 있습니다.다음에도 계속 벗고나와 주시길...,1
R17222,. . . 회피하면 안되는 아픈 현실. . 꼭 봐야하는 영화. .,1
R17223,"샌들러횽 영화는 그게 그거같어,,근데 너무 뚱딴지 같은 영화,,위노나 도벽있지않나",0
R17224,먹먹함이 오래갑니다.,1
R17225,아이아아! 좋아 너무좋아요...흐하아아,1
R17226,몰입도 잘되고 좋은 영화,1
R17227,10 몇년 전 중학교때 본건데 아직도 잊혀 지지 않는 영화중 하나임!!!,1
R17228,찝찝해..-_-;;,0
R17229,시리즈중 최악 이편만 별로재미없고 혐오스러운게 많다 어떤건 진짜좀무서움,0
R17230,혹 그것이 감정이라도 모조품이 무의미하진 않다. 궤변같지만 연출로 설득하는 놀라움,1
R17231,졸라 재밌는데 ㅋㅋㅋ 의외로 감동도 있었고,1
R17232,"오래된 연인의 로맨스, 별로 흥미롭지 않음",0
R17233,왜 관객이 소재와 독립영화 임을 감안 하여 점수를 줘야 하는가?,0
R17234,재미 더럽게없다..1점준거중 한국영화 9~10점주는 매미OO있네.,0
R17235,초딩들은 이런 거 볼 시간에 공부하는 게 좋다,0
R17236,왜그러지? 난 재밌기만 하구만? 내가 평점 올려줘야지 ㅋ,1
R17237,??윤진서 나오면 왠만한 남자주인공 아니....진심 미.친. 연기력 주인공에 확실한 존재감 조연 다 배치 되지않는이상 보지 말것...진심 낭비다.이 영화는 빵점이 정답.스토리 없구 주연배우 강지환 그저 그럼...여주인공 꽝..조연이 그나마 낫다,0
R17238,재미 드럽게없다.. 애니때매 기대하고봤는데 역시 중국은 실망시키지않아...,0
R17239,굳!1234567자,1
R17240,연평해전에서 최선을 다한 해군을 응원합니다. 하지만 영화 수준은 딱 1점도 과분하지요^^*,0
R17241,난 왜 별 감흥이 없는걸까......,0
R17242,평점 5 이상 주는 미개안 종족의 인간들아. 이 영화가 평가 받는것 자체가 과분하다.,0
R17243,귀신영화면 내용 설명된다. 중간중간 나오는 귀신이 달라서 그렇지만..,0
R17244,명작.ㅋㅋㅋㅋ,1
R17245,기대를 아예 안 가졌더라면 재미있었을까..?,0
R17246,"first thought, best thought.",1
R17247,저예산 영화든 제한된 공간이든 상관 없이 영화자체가 지루하고 재미없다.재미있게 본 사람들은 뭐라할 생각은없지만 평을 보고 영화를 볼 사람들 생각도 해줘야지...너무 무책임하네...,0
R17248,짜증남,0
R17249,난별로였는데....결말도 엥..?이런느낌,0
R17250,진짜 뭔소리를하는건지...,0
R17251,3편도 걸작이다 ㄷㄷㄷ,1
R17252,오만과편견핵꿀잼♡♡♡♡,0
R17253,허버굳이궁 샘 죽이지 말지 ㅡㅡ 죽일때가 기억에 남넹,1
R17254,정말 멋진 영화.. 앤디의 절제하는 연기는 정말이지..,1
R17255,한국인이 독일인을 이해하려면 아주 큰 오픈마인드가 필요하다.,0
R17256,최고의 뮤지션,1
R17257,정말..최고의 드라마 두고두고 생각나고 기억될드라마 너무재밋다~!!!한여름 남선생 잡아~!!ㅠㅠ,1
R17258,20세기를 빛낸 훌륭한 두 남녀배우를 21세기 한영화에서 보기란 쉽지않다,1
R17259,눈물 나게 만든 영화 ㅠㅠ,1
R17260,너무 재밌다. 맨마지막에 감동받았음.,1
R17261,SF 영화은 가강큰 변화를 준 영화,1
R17262,내용이나 줄거리도 모르고 기대없이 봐서그런지 매우 재미있었다,1
R17263,철이 눈이 없어,0
R17264,여배우의 사랑스런 연기ㅋㅋ,1
R17265,이 영화를 보면서 이강재 캐릭터에 흡입되어서 강재의 눈빛과 욕설 그리고 흐느낌에 동화되어 가슴이 많이 아팠다 한국 영화 중 가장 좋아하는 영화 중 하나,1
R17266,정말 좋은 .....영화....실제로 테루를 만나보고 싶어지는....,1
R17267,어느 정신이상자의 일생과 가족사를 다룬 작품,0
R17268,very Good!,1
R17269,앙큼발칙 유쾌통쾌.흥겹고 이국적이다..게다가 아코디언선율까지..또보고싶은,1
R17270,자체발광 이민호!!!,1
R17271,처음에는 정리도 안되고 이상했지만 끝으로 느끼는 쉬원함??,1
R17272,"아바타보다 생생한 3D, 결코 그 어떤 아바타로도 재현될 수 없는 휘성의 완벽한 무대.",1
R17273,아빠가 죽었어야 하는 영화,0
R17274,진짜 개연성도 없고 그 남자놈은 뜬금 설화 좋아하는것도 웃기고 동방불패라는 이름이 아까운 쓰레기 영화네,0
R17275,"존론땜에 봤다가 식겁한영화-,.-정형화된 헐리우드 동양배우역할의 한계를 넘고 싶다던 생각을 가졌던 소신있는 배우 존론. 아주 훌륭하다.",1
R17276,감동적입니다.. 최루 강추...,1
R17277,바람처럼 나타나 바람처럼 사라진다,1
R17278,이게 진짜 히어로물이다.,1
R17279,하비에르 바르뎀이라는 배우가 폭놃은 연기력이 이런 것이다라고 보여준 영화.,1
R17280,정말 웰메이드 드라마. 조폭도 안쓰럽게 만드는 현빈의힘~대단하다!!,1
R17281,동심이살아나는?기분ㅋㅋㅋ,1
R17282,배우의 생활이나 영화판이 어떻게 돌아가는지 몰래 엿본 느낌..,0
R17283,쓰레기영화때매 날린 시간이 아깝다,0
R17284,봉달희 아나토미 캴캴캴,0
R17285,ㅋㅋㅋㅋ 아놔 웃음이 한가득~~!,0
R17286,날 리뷰쓰게 만든 영화는 처음임 이러케 ㅈ같은영화 처음봄스토리자체가 쓰렉임이거 공짜로 다운받은 영화지만 내폰에 파일량을 차지한것 자체도 너무 아까운영화임 아 일점주기도 아깝다,0
R17287,아 이게 뭔가요,0
R17288,솔까말 재밌었다. 어찌되었던 8점은 받을만하다.,1
R17289,헤이글의 몸매 죽이는군,0
R17290,찰스 영상 보고 영화보면 얼마나 연기를 잘하는지 알게됨 ㄷㄷ,1
R17291,이것이 일본에서 실제로 일어난 일이라니 믿으수 없다 !!!,1
R17292,베댓들 다 알바냐? 진짜 진심 재미없어 ㅠㅠ,0
R17293,진짜 재밌게본 드라마ㅋㅋㅋ,1
R17294,역시 믿고보는 히가시노 게이고의 작품. 플롯전개나 화면구성도 너무나 잘짰다. 예술적이기까지하다. 내내 몰입해서 본 듯.,1
R17295,가슴이 아프다....ㅡㅡ;;;;내 던...,1
R17296,너무 재밌다 도대체 몇번을 본지 모르겠다.,1
R17297,재미 하나도 없음...,0
R17298,0.1 안되나,0
R17299,9년전엔 정말무섭게 봤던영화였으나.....지금와서보니느낌이다르네;,1
R17300,"봤는뎅,. 무슨 3류 드라마 인것 같아 짜증 지대로 생겼다,.",0
R17301,장르의 혼합과 연출이 매끄럽지못해 영화가 진행될수록 점점 지루해지고 재미없어진다,0
R17302,으리성님은 으리으리하당께,1
R17303,정말 지루할틈이없는 영화,1
R17304,악의 손으로부터 신성한 고대의 힘을 지켜내려는 그의 모험은 계속된다,1
R17305,발연기에 스토리는 개허접이로구나 작가가 스토리를 발로짯나?,0
R17306,아쉽습니다 만약 대기업 배급과 적극적인 홍보가있었으면 성적이 좋을 듯합니다. 감독님의 깔끔한 연출력과 적절한 감정 투입 과하지않은 코믹요소 최근 한국 로맨틱 코메디중 손에 꼽습니다.,1
R17307,왜 이런식으로 만들었을까?,0
R17308,감동적이네요. 스토리나 비유는 물론 배역까지 지상 최고.,1
R17309,보자마자 곧바로 한번 더 보게 된 영화.... 너무나 아름답다.,1
R17310,배꼈다그러는데 원래 영화를 안 봐서 모르겠고 난 재밌었음,1
R17311,그당시 극장 개봉작중 유일하게 10만관객을 돌파한 영화,1
R17312,선정적 영화로밖에 안보이는 3류쓰레기,0
R17313,오호 .. 재밌네요 .. 근데 이사벨 글래머스한게 내이상형인데 부랍다 짜식,1
R17314,ㅋㅋ완전쇼를하는영화이군요...,0
R17315,시종일관 은은하고 느긋한 느낌이 너무 좋았다,1
R17316,<너희가 모두 함께 박자를 잘 느낄 수 있다면 그게 바로 앙상블이야>지구촌을 말하면서도 앙상블을 이루지못하는 현실은 이들탓이 아니지..,1
R17317,할말을 잃었다.,0
R17318,'기쿠지로'의 여름,1
R17319,수애와 주현의 연기를 억지스런 스토리가 망쳤다. 가족애를 이딴식으로 표현하다니..,0
R17320,모든건 별로였다...,0
R17321,레이싱 할 때 긴장되고 재미있었다.,1
R17322,보면 볼 수록 매력적인 영화,1
R17323,다소 거북한 코미디.,0
R17324,먹먹함이 남는 영화 불쌍한 페페..ㅠㅠ,1
R17325,너무너무재미잇어요 하트하트 유일하게보는 프로그램중하나 보고잇으면 친한친구만나는것같은느낌 하트,1
R17326,"이런 명작 서부영화는 앞으로도 절대 나오지 못할것이다.세명의 생생한 케릭터,연기력,스토리전개,거기에 위트까지. 마지막 결투씬과 결말은 정말 너무나 멋진 명장면이 아닐수 없고 마무리다.",1
R17327,신상옥 감독 아들이란 사람이 유학씩이나 가서 돈만 뿌리고 왔구만... 국어책을 읽어도 이보단 낫겠음.. 사실을 허구로 만들어놨음.. 아놔~~~..장나라 동생 공채 텔런튼데.. 이게 뭐하는 짓이냐..집안이 연극 집안이구만 어디서 학예회하다 왔음???,0
R17328,정말 나쁜영화다. 최소한 케릭터에 오리지널리티가 없으면 스토리라도 좀 고민해야할거 아닌가? 편집붙여넣기 해놓고 뭐하자는건가... 내가 어린시절 좋아했었지만 이건 아닌듯...,0
R17329,"스티븐 시걸에게 너무 많은 기대는 금물,그의 영화에서,다른것을 기대한 너희들 잘못.",1
R17330,45분만에 결국 멈춤을 누르고야 말았다...,0
R17331,"판빙빙 덕분에 1점 더준다.. 스토리도 허접하고, 전개도 허접함..",0
R17332,이게뭐고 영화가 보다가짜증나사못보겠더라,0
R17333,사랑스럽고 기분 좋은 로맨틱 코미디! 깨알 같은 웃음 요소까지 듬뿍!,1
R17334,이게 머냐 제작진은 반성해라시즌원에 반만큼만해도 이런소리는 안듣는다차라리 일반인으로 채워라,0
R17335,"폼은 납니다만 , 납득안가는 몰입도가 설정의 진부함을 느끼게 해준다.",0
R17336,CG가 대학생 과제 수준 ㄷㄷ해 디워 씨지보다 구리네,0
R17337,보는내내 웃으며 재미잇게 봤어요 ㅎ 엔딩이 좀더 행복하게 끝낫다면 좋앗을거에여 ㅎ,1
R17338,스토리를떠나서 꽤 감동적인,1
R17339,그리 잼있지 않구나.. 띄엄띄엄 스토리전개 실망..,0
R17340,"주말마다 울고 또 웁니다.ㅠㅠ엄마의 끝없이 주는사랑 ,가족 5월에 딱 맞는 드라마!",1
R17341,차라리 허공에 멍 때리는게 더 재밌다 혹시 싫어하는 사람 있으면 이 영화 추천해줘 이만한 복수가 없어,0
R17342,어린시절 누구나 한번쯤 타보고 싶어했던 에어울프~,1
R17343,존나 내5천원내놔,0
R17344,하나안OST도 나왔으면 좋겠다!!!!!!!!!,1
R17345,너무 슬프고 감동적이어서,1
R17346,챔피언마빡이화이팅^^,1
R17347,평소에도 감우성씨를 좋아했지만정말 실망시키지 않는군요수영씨 연기 넘 좋아요만나는 친구들 에게 꼭 챙겨바라고 하고 한담니다드라마 끝나고도 이 긴여운 참으로 오랜만에 느껴보네요내생애봄날 화이팅^^,1
R17348,이영화는진짜.... 봐보세요 그냥 욕만나옴 하....,0
R17349,아주 아주 너무 너무좋아요,1
R17350,엠씨들 공부 좀 하고 방송해주세요....작가들도 정보 더 모은 후에 방송하세요...,0
R17351,밑에 평점 8이하로 준사람들 영화보는수준이 저질이구만...,1
R17352,난 별루다,0
R17353,시즌 2가 흡인력이 제일 강했습니다,1
R17354,기왕 마일계산법으로 달릴거면 짧고 알찬 8마일만 가자,0
R17355,군대갔다나온사람들이나수색대나온사람들 이거보면 그냥 웃지요~,0
R17356,잼 없음 돈주고 보는 영화아님 ㅋ,0
R17357,그저 상투적이고 전편의복사본을 보는 느낌이였다고나할가요...,0
R17358,재밋구감동적인 드라마,1
R17359,시간 떼우기용으로도 별로였던 영화.,0
R17360,영화 좋구만 평점 왜이네 초딩들이 평점주었나 ..평점 믿지 마세요 영화 강추 ~ 강추,1
R17361,요즘들어 제대로된 성우를안써서 망한영화가 많은거같다 조로리라던가,0
R17362,21년째 크리스마스 한정 내 애인 케빈ㅎㅎ,1
R17363,정말 이런 영화가 개봉되다니 믿어지지 않음.처음으로 영화평점을 매기게 한 영화. 무슨 생각으로 수입했는지????,0
R17364,후카다 쿄교가 이뻐서 1점 더 준다..,0
R17365,어떤분이 말씀하시는것처럼 오묘한 공포감을 조성하는 이벤트호라이즌과 거의 동급으로 이영화도 좋은 공포영화입니다. 추천드려요. 심장조여오는 공포가아닌 정신적으로 무서운영화,1
R17366,"하,,,, 샘물교회 ㅋㅋㅋㅋ",0
R17367,어제 본방사수했는데 볼만했엉 ㅋㅋㅋ기대됨,1
R17368,쏴야할 때 쏘지 않고 쏠 수 있을 때 쏘지 않으며 캐릭터들의 행동과 성격변화에 공감할 수 없는 이상한 영화.,0
R17369,굿바이 엠마뉴엘 이래놓고~ 90년대 엠마뉴엘 시리즈에 재등장해 주는 쎈쓰!!,0
R17370,"다세포,오감도,워터,요가 와 같이 최,악 평점에 들어갈 영화다",0
R17371,"연관성없는 장면의 연속, 흐름을 깨는 대사, 심지어 나름 연기파 배우라고 생각했던 배우들의 어색하기 그지없는 연기까지...에휴....참...",0
R17372,굳!!10점 줄만한영화,1
R17373,"안본지 오래 시즌2면 기존의 멤버, 포맷은 어느정도 변경해야 하지 않냐?",0
R17374,"""그림 아름답지? 영화 좋지?"" 를 억지로 주입시키는 느낌. 정말 훌륭한 영화와 배우는 자연스럽게 관객을 몰입시켜 아름다움과 여운이 남게한다. 살다살다 영화보다가 비지엠이 거슬리긴 처음이다. 비지엠은 중후한데 영화엔 몰입이 안돼서. 샤를리즈테론은 굿.",0
R17375,더러웠다 진심....,0
R17376,이게 왜19일까? 동화 선녀와나무군에서 선녀 목욕하는게 더 19금같다,0
R17377,재밌게보아왔지만요즘내용이아이를상대로너무잔인하게이야기를풀어나가는게아닌가싶습니다,0
R17378,초딩용 실사영화보다 못한...,0
R17379,괜시리 <대부>를 모욕하지 말것.,0
R17380,이드라마 진짜아니였다고생각했는데 ㅋㅋ,0
R17381,"길말 필요 없음, 진정 최고.",1
R17382,정말...다운받아서 봤는데..감동적이었습니다..훌쩍..저의 개인생각으로는 ㅜ_ㅜ,1
R17383,뭔가좀그렇다ㅡㅡ 보다가중간에껐다,0
R17384,하....이럴수가 애들이 어떡게 성우대신 저런일을 하죠..제발 이러지맙시다 이렇게 하면 성우분들은 왜 열심히 실력키웁니까...,0
R17385,정말 찡하고 서민들의세상을보는것같네요ㅠ,1
R17386,왜 시나리오가 별로라고들 이야기하는지? 배배꼬아서 반전이 있어야 좋은 시나리오인가? 이정도면 완성도 높은 시나리오임.. 감독이 연출하고자한 느낌이 정확히 전달되니.. 너무잼나게봤음,1
R17387,아들이 지루해하고 재미없었다고 함.,0
R17388,"빌어먹을 내가 이제껏 본영화중에 가장 루즈한 영화다. 말도 안돼고, 웃기지도 않고, 빌어먹을 내시간 다잡아 쳐먹고,",0
R17389,OOO기~연기면 연기 효과면 효과~!!어디 빠지는게 없이 완벽한 OOO기 영화,0
R17390,다 아는 얘긴데도 재밌네,1
R17391,빨리돌려서 3분만에봤당~ 재미없네 갈수로 재미없고 재방송하는거같은느낌이다,0
R17392,현대사 흐름잡기에 좋은 영화네요,1
R17393,이거보고 돈날린 기억이...........,0
R17394,저희 엄마가 오랜만에 즐겨찾고 껄껄 웃으면서 보던 프로그램이었는데ㅜㅜ 가족들도 다 같이 모여서 보구요 오늘이 최종회여서 정말x100 아쉬워요.. 시즌3.. 나왔으면..,1
R17395,무슨말 필요해. 에반게리온 tv판 여러번보고 그냥 대충생략해도 볼수있는 애니였지만. 끝이 가장중요해. 1995년도에 나온 tv판 거의 그대로 갖고와서 만들었네 좋았어. 다시 젊어지는기분이야 향수병이란..,1
R17396,"짧은 영화에서 가벼운 잽의 연속은 좀 짜증스럽고, 끝마무리는 다소 허무하다.",0
R17397,하품드라마 + 구역질나는 주연여배우,0
R17398,마리모보면서일년전죽은우리키노생각사랑해줘서고마워나도고마워키노야사랑해보고싶다,1
R17399,KBS 주말드라마중 최대망작중하나로 남을 드라마,0
R17400,여자들 자위용 영화,0
R17401,누구보다도 착해보였던 아버지역의 김영철 아저씨 연기 ㅠㅠ,1
R17402,개독쓰레기짓 미화하는 거 보소ㅋㅋㅋ,0
R17403,매력적인 영화.. 하지만 다시 보고 싶지는 않다.. 8점!!,0
R17404,짐 자무시의 이 영화는 너무나 난해하다. '낮설게 하기'가 과하게 사용된 경우.,0
R17405,애잔하다 가슴이 아픈 영화,1
R17406,어렸을때 봣던거와는 다르게 본것같네요 명작입니다 마지막부분 너무 슬프게 봤어요 .. 최고의영화,1
R17407,절대 보지 마세요....돈과 시간 낭비입니다..,0
R17408,아주 감명깊게 재밌게 봤지만 넘 깊게 해석하려 하지 마시길,1
R17409,아 진짜 스토리 개판이네. 왕정이 만든것중에 제대로된게 없다,0
R17410,현실에 정말 공감이가서 빠져들었다.. 중간중간 웃기고 훈훈한영화 볼만한영화~!!,1
R17411,예전엔 재밌게 봤는데;;내용을 다 알고있어서..좀;,0
R17412,윤하나온다고 평점을 이리주면 사람들 낚이잖어 평가는 제대로 좀 하자 쫌!!,0
R17413,자본이라는 힘아래 자유로운 자란 누구인가? 영화속 인물들은 아니군요..,1
R17414,여호와 하나님의 눈은 이스라엘에 향해있습니다.마라나타,1
R17415,택시 시리즈는 그만 만들었어야 했다..,0
R17416,"콜린 파렐의 영화 고르는 안목은 참 안습임.. 그리고, 영등위 나쁜 넘들, 영화에 기스 좀 내지 마라!!!",0
R17417,내 인생 최고의 영화. 30년전에 들은 음악의 영화가 바로 이 영화였다니. 찬사를 보낸다.,1
R17418,이건 모 초딩수준....이런걸 개봉하다니.,0
R17419,형 믿어.킬링타임용도 아까워.군대에서 야밤에 몰래 보다가 꺼버릴정도였다.,0
R17420,????.????.,0
R17421,졸작,0
R17422,"사랑과 욕망이 파멸로 치닫는.. 정말 연민이 많이 가는 캐릭터, 강영걸.",1
R17423,배우들의 연기는 맘에 드나..시나리오나 그밖의 모든 영화요소는 주목할게 없음,0
R17424,"재밌다~ 출연자들이 회를 거듭할 수록, 실력이 늘어가면 더 재밌어 질듯~ 소재도 다수의 범인, 공모자 등 여러 변수를 둘 수 있어서 나중이 더 기대 되는 프로~~ 홍진호 짱!!!",1
R17425,"1,2편보단 약간 약하긴하지만 그래도 명불허전이다",1
R17426,별 재미도없는거 우려먹어 .... 챔프에서 방송 몇번했더라 ? ㅋㅋㅋㅋㅋㅋㅋㅋㅋㅋㅋ,0
R17427,뭐야이거 무슨 5점대씩이나 하냐 ㅡㅡ,0
R17428,통쾌하다...더 잔인하게 복수했으면 좋겠다.,1
R17429,지극히 평범한 장면들로 이렇게 비범한 영화를 만들 수 있다니,1
R17430,애니매이션 전반을 흐르는 슬픔과 외로움...,1
R17431,시간때울려고 볼랬는데 완전 빠져들었어요,1
R17432,....감히 쓰레기 졸작이라고 말한다.,0
R17433,"작위적인 운명의 연결고리, 매혹적이다가도 깊이 다가오지 않는",0
R17434,더빙 때문에 망친 영화 제발 전문 성우들 사용하길,0
R17435,인생패배자들이나 이거보고 통쾌하다고그러지ㅉ OOO기영화 보는내내 끄고싶었다.,0
R17436,한고은만이쁘네 김성수는 연기도 드럽게 못하네 ㅉㅉ,0
R17437,십점만점에십점,1
R17438,기억에 남는 영화에요.,1
R17439,잉...이사람들 이상해..난 재밋게 봤는데...알바쓰나? ;; 심각하네 진짜,1
R17440,허세가 뭔지 보여준다. 허세남 돈.,0
R17441,중간에 전범기나오네요,0
R17442,"스테로이드로 시작한 영화는 곧 미국인들의 바디이미지에 대한 집착, 건강보조제와 약물복용에 대한 주제, 그리고 3형제의 각자 인생에 대한 관점까지를 부드럽게 포괄한다. 다큐멘터리임에도 불구하고 무척 재밌었다. 성급하게 결론을 내지 않는 점도 마음에 든다",1
R17443,충분한 오글거림이었습니다. 순간 시공간이 오그라드는줄 알았어요 ㅎㅎ,1
R17444,김남길도 김남길이지만 김혜옥여사님 연기 소름끼침!!!!!,1
R17445,내내 굉장히 거북했음. 스스로 외부와 벽을 쌓고 고고하신 고독에 취한 두 남녀의 거만한 이야기. 일본인도 싫어하는 일본의 어두운부분을 일본의 전부인냥 그리는것이 오만방자하게 느껴짐. 백인우월주의영화란 말 들을만함. 근데 잘난척하면서 하는짓은 불륜(웃음,0
R17446,진하게 슬픈데도 아름답게 기억되는 최고의 영화,1
R17447,이영화보고 보고 복싱배운다는 사람들이왜케많지 mma영화인데...... 달라요 마니 영화내에서도 믹스마샬아츠 어쩌구하드만 ㅋㅋ,1
R17448,오늘 다봤다.. 내생에... 아니 우리나라에서 최고의드라마... 계속너무많이운 드라마,1
R17449,"3줄요약, 청소당번 당선 ㅡ 싫어서 등교거부 ㅡ 자퇴! ......... 청소가 싫어서 가출한 청소년의 고뇌를 아름답게 그렸다 ㅋㅋㅋ",0
R17450,미필분들 꼭 한번 봐보시길,1
R17451,베드신 넘 구림..에로비디오 수준임..여자도 안예쁨...,0
R17452,일단 전편의 긴장감은 떨어트리고 연출이 살짝 어설픈 작품이다. 중간의 나온 여자 킬러의 죽음을 단순히 낙상?? 마지막 악당도 똑같이 떨어져서 빠이빠이..? 볼거리는 많지만 연출이 많이 거슬린다.,1
R17453,포스터 간지나는것만 봐도 50여년전 영화라는게 믿기지 않음.,1
R17454,안재모가 김두한역 맡을때가 제일 스펙타클하고 재밌었음,1
R17455,이젠 나올생각마요. 잘자요. 더이상 피해자들 스크레치남기지 마세요,0
R17456,일년이지난 지금 다시생각나게하는 명작인 드라마,1
R17457,늦게쓰는거지만 정말 좋은 작품이었습니다!,1
R17458,높은데에서 관이 떨어졌는데도 차가 멀쩡한걸 보면 독일차가 좋긴 좋은가보다,0
R17459,공주병 걸린 늙은 할매의 원맨쇼 드라마. 다른 출연자들 졸라 불쌍함. ㅜㅜ,0
R17460,찰진 공유연기때문에 보긴봤는데 내용은 애매모호하고 별로였는듯,0
R17461,OOO영화 ㅇㅇ,0
R17462,"지나거손,제니퍼틸리 둘다 매력적+ _+",1
R17463,"클라이브 오웬, 모니카 벨루치 나오는 영화는 좀 지루함. 이것도 즐길만한 수준의 영화가 아님. 유치함.",0
R17464,내 인생 최고의 드라마..,1
R17465,역시 성룡,1
R17466,수많은 오마주를 만들어낸 세상 모든 느와르의 모태이자 교과서 같은 걸작,1
R17467,처음에는 투박해보여서 꺼렸는데. 일딴 보고나니 스트레스 확풀립니다. 작화도 굉장하고 다들 호감형 캐릭터에 노래도 신나고 끝내주네용. 다만 아쉬운점은 뒷이야기가 부족해서 ㅜㅜ,1
R17468,왜 제목에 투모로우 가 있는지..,0
R17469,조니뎁말고 뭘 봤는지 생각도 안남,0
R17470,크리스트교의 만행은 예나 지금이나 달라진 바가 없다.,1
R17471,인간 못지않은 동물의 정.. 특별한거 없는 평범한 영화지만 보는내내 집중할수밖에 없었다..,1
R17472,킬링타임용으로 볼만함ㅋㅋㅋ 제이슨 그 실력으로 그냥 국가대표나 하지.도끼던지면 다맞고 달리는 사람을 활로 명중하네ㅋㅋㅋ,0
R17473,성룡제작이라고 봤는데...... 이거뭐야... 220억 대체 어따쓴거야 최악이다,0
R17474,'왜?'에 대한 내용이 너무나 약하다.,0
R17475,정말 웃기면서 성룡의 액션도 볼만한 영화였다 .,1
R17476,거장 존 휴스턴의 해양대작!!!,1
R17477,영화라고 할수도 없다 이건. ..,0
R17478,진짜 소름돋았다.,1
R17479,저스틴 채트원하고 에미 로섬이 대체 저런 영화 왜 찍었는지 모르겠다.,0
R17480,임창정의 컨디션 난조에 억지 상황 설정까지..,0
R17481,재미있어요 너무나도재밌어요,1
R17482,10점 매기겠음..이것은 살찐 제임스 스페이더로 인한 충격의 강도.,1
R17483,펠리시티허프먼이 너무 좋아진 영화 대단해..,1
R17484,유치한 영화,0
R17485,Hannah Montana!!ㅋㅋ여기서보니까 대박 반갑네ㅋ~~재밌어요ㅎ잭슨 넘귀여워ㅋㅋ,1
R17486,기타노다케시는 야쿠자가 너무 어울려 ㅋㅋ,1
R17487,방금 보고 씁니다제 생에 이런 병맛영화는 처음 봤습니다,0
R17488,하하하하하! 이런 영화도 있었군!!!!,1
R17489,보다가 지루해서 딴짓함 애니팡2함출발비됴여행에 낚임 어비스같은건줄 알았는데. ㅜ대머리 오빠 가발쓰고 나왔으면 좀더집중했을라나 몸은좋은데,0
R17490,호소다마모루 10점 10점,1
R17491,되게 뭔가 은근하게 삶에대해 생각할수있게 만드는것같은?,1
R17492,틸다스윈튼,1
R17493,이런 망할 조낸 기대했는데 대체 일본인들은 왜나옴? 원숭이 다큐에나 나오라해 망할 레알을 이렇게 그지같이 만들어놓다니,0
R17494,시종일관 불안하고 현실뿐인.. 구지 왜 영화로 만들었는지ㅉㅉ,0
R17495,"액션을 싸이코처럼 만들려면 좀 더 과감하게 하던가, 아니면 심리적인 구성을 잔혹하게 하던가 이도 아니고 저도 아니고 너무 어중간하다. 정말 이 영화를 본 사람들이 피해자들이다",0
R17496,목이 메이도록 눈물을 흘렸다. 주무시고 계시는 엄마를 안아드렸다. 평생을 자식을 위해 헌신하시는 부모님들께 진심으로 감사를 드린다...,1
R17497,세계적인 킬러라는 놈들 하는 짓이 동네 양아치 애들에게 총 쥐어주면 이 정도일까?,0
R17498,엄마 곰 만들어놓고내 잘못 아니에요! 라니,0
R17499,일본영화 좋아하시는분들은 꼭보세요,1
R17500,"반담이나오는거라별기대없이봤는데완전최고,쇼생크를뒤잇는감동",1
R17501,마음을 울리는영화 영화에 비해 평점이 너무 낮다,1
R17502,무의식 속 ego,1
R17503,평범하지만 아름다운 뉴요커들의 밀당,1
R17504,짜집기로 엉망진창이 된 영화가 이소룡의 유작이라니..,0
R17505,"상상력최고.... OZ잊지못하네, 그리고 마지막 풋풋한 애들 캬...진짜 재밌는 영화",1
R17506,다리 붕괴장면에서 CG는 그림판에 검은색 선택후 크랙표현.. 로라는 차에서 오른쪽문도 있는데 왼쪽으로 탈출하려다 사망. 아파트 무너지는곳도 그림판작업. 붕괴된 모습 표현못하니 연기로 가림. 운석 폭파장면도 할말이 없음..,0
R17507,영화임?,0
R17508,이걸 영화라고 찍어서 팔 생각을 하다니.. 개발 CG에..엉성함의 극치다..,0
R17509,아시아인위상을높인 브루스리 20세기 20대영웅선정 유일한 아시아인이자 남자배우,1
R17510,이건 만화다.뻥이 심하닷.,0
R17511,감동을 느끼지 못하는 30대는 인생을 잘못보낸 것이다,1
R17512,뭔 영화가 이따구냐 내용 별로,0
R17513,천재 감독 영화... 대박,1
R17514,원래 다작을 하면서 쓰레기도 많이 만들긴 하지만 왕정아 이건 좀 심하잖냐 으휴.. 윤발 형님이 애처롭게 느껴질 정도,0
R17515,이게영화냐?첫장면부터 역겨웠다 분위기있는척앵글잡으면 괜찮은영화인거같지?허세덩어리,0
R17516,어릴때부터 나의 우상이었던성룡 행님의 코믹 액션은 영원하제억수로 재미있게 즐겁게 웃으가모 잘 봤데이,1
R17517,난 재밋었음볼만엔딩 갠춘,1
R17518,친구들이랑 보러갔다가 무한으로 미안하다고 말하고 나온 영화,0
R17519,내용은길고뭔가반전은없고가슴만답답해지는영화,0
R17520,이걸 보고 분노로 가득찬 관객의 탄생,0
R17521,그냥지나갈려다가안되겟다,0
R17522,80년대 방화를 보는듯한 연출과 억지스런 신파. 일용이 아저씨 빼면 연기도 어색,0
R17523,졸다일어나서 최고라고 허세떨 사람들이나 좋아할영화... 간단한 얘기를 두시간에 늘리려니 의미없는 영상과ㅁ슬로우모션천지 ㅡㅡ 스토리랄것도 없고 연출가는 한없이 자뻑하다 끝난다.디워까는걸 멋으로아는 허세인들의 수준을 말해주는,0
R17524,우울하거나 슬플때 보기에 좋은영화인거같아요. 색감이 너무 이쁜. :),1
R17525,레기 쓰레기... 영화,0
R17526,내용도 알차고 뒤의 결말도 참 마음에 들어요,1
R17527,"현란하고 정신없으며 자극적인 영상들로 가득하지만, 이게 공포나 스릴로 이어지진 않는다. 교회, 성흔, 복음서 등 기독교 요소는 의미 있는 무언가를 만들지도 못한다.",0
R17528,키기키기키기키기키기,0
R17529,영화 배경 때문에 그나마 2점.정신사납고 어이없고 짜증나고 시간아까운 영화. 현재에 만족하고 충실하자ㅡ라는 의도는 알겠는데 나머지는 도대체 무슨말을 하고자 하는건지 모르겠다. 도대체 그 여자는 쌩뚱맞게 도둑이랑 왜 자는건데?ㅡㅡ;,0
R17530,8점이나 되라 연기력에 영화의 스토리 완벽했다. 후 장혀기...하,1
R17531,"장면, 대사, 인물심리, 소재 등.. 공감이 안 가는 영화.초반부터 단순 날짜가 똑같다고 기자라는 사람이 와서 뜬금없이 평행이론 들먹이던데.. 그 뒤는 말할 것도 없음.. 저기 패러럴라이프 리뷰가 영화를 말해줌.",0
R17532,"만든다고 수고많았는 것 같지만, 너무 지루합니다. 유역비는 예쁘네요",0
R17533,EBS에서 1번 다운받아서 12번 신선했다 볼때마다 달랐다 식상하다 한번만 볼걸..,1
R17534,감동적인영화입니다.,1
R17535,우리나라에서 이런 명작 왜 안보는지;;,1
R17536,나중에 아들이 아빠죽임 ㅋㅋㅋ,0
R17537,뭐야이거;;;,0
R17538,개인적으로 생존 서바이벌의 모티브가 상당히 맘에든다!! 재밌게봤다 굿,1
R17539,내 살다살다 이런 발영어에 발연기들은 처음 본다.,0
R17540,내가 본 영화 중 최고의 영화,1
R17541,정말 성의없는 영화. 이 좋은 주제를....,0
R17542,"은행 강도, 총기 사용, 자살의 총체적 미화..... 제작진의 가치관은 쓰레기 수준",0
R17543,이보희 의 연기력 녹슬지도 않고... 정말 섹시함!,1
R17544,두고두고 보고싶은 영화,1
R17545,"OO연기, 허술한 스토리",0
R17546,최고의 영화다주연배우분들 연기도잘하시고너무슬픈영화였다.,1
R17547,이해하거나 몰입하기 힘들다. 강간하려던 쓰레기를 쏴죽이고 편의점을 털고 가스트럭을 폭발시키고 경찰을 트렁크에 가두고..마지막에는 자살이라. 대충 어떤 의도인줄은 알겠는데 몰입이 안되는것은 사실이다.,0
R17548,요즘 영화보다 이 영화가 더 멋진거 같다,1
R17549,2편으로 넘어가기 위한 다리라는걸 감안하고 봤는데도 심각하게 재미 없었음.,0
R17550,"아, 재미있다. 이렇게 재미있는 영화 간만에 봤다.",1
R17551,여왕이 리산드라 뺨치네. 연예인 성우 쓰지마셈.. 제발 그냥 겨울왕국 보셈,0
R17552,참신한 상상력과 독특한 비주얼밑에 다져진 연출력!!,1
R17553,이소룡 멋있긴 한데 악당들이 너무 약한데? ㅋㅋ,1
R17554,와 ㄷㄷㄷ 오랜만에 굿잼영화봄,1
R17555,중간중간 봐서 다 보진못했지만 재밌게 잘봤는데;; 주인공들 심리묘사 정말 좋았음,1
R17556,박건형 좋아요!,1
R17557,재미없어요. 포스터에 완전 속았음. 이런걸 국제 영화제에 출품했다니 챙피하네요.,0
R17558,감동적이예요. 많은걸 느끼고 2015년에도 이런 일이 일어나고 있다는거에 참 안타까운 마음입니다. 꼭 보세요.,1
R17559,진짜 기대를 저버리지 않는다.,0
R17560,미국 직장도 우리나라와 비슷한 점이 많구나 ㅋㅋㅋ,1
R17561,미국코미디는 정말 나하곤 안맞는갑다.보는내내 유치하고 지루하고..,0
R17562,.....,1
R17563,마블 시네마틱 유니버스의 시작.,1
R17564,"모든감정은 예술품이다. 즉, 살아간다는건 예술그자체. 마지막장면은 나를 깨닫게했다.",1
R17565,"우리의 현실을 표현. 재미보단 생각을 하게하는영화. 얻어지는 성숙함, 관계의 회복.",1
R17566,모든 사랑은 매번 정점 같을 순 없다. 그것을 변화가 아닌 흐름이라고 생각한다면 넓고 안정된 바다에 다다를것이다.,1
R17567,섬뜩하면서도 감동적인 영화,1
R17568,참 괜찮은 영화다.,1
R17569,"인투더스톰 나온다는 정보듣고 부랴부랴 만들기 시작한거같다. 아니, 어쩌면 상대적 우월성을 가지려는 인투더스톰의 수작일지도.",0
R17570,시간 때우기에 좋다...,0
R17571,나만 죽을수없다... 같이 죽자...,1
R17572,가슴을 두드리는 여운이 감돈다. 오랜만에 만난 깊은 감동과 여운을 주는 영화였다. 힐링 터치!,1
R17573,아버지 사랑하고 존경합니다,1
R17574,너희들의 평점을 내가 기만했구나 미안하다.. 이영화를 비로소 시간의중요함을 알게되었다.,0
R17575,숨은명작........한국영화보고 울엇던적은 이영화가 처음...,1
R17576,Yesterday when i was young,1
R17577,너무 어릴때봐서 이제는 기억이 가물가물. 그런데 내가 인터넷을 하면서 만드는 아이디 중복체크 1번은 크미치스,1
R17578,호주에서 살고싶게끔만드는 영화,1
R17579,따뜻하고 기분좋은 영화입니다,1
R17580,"가슴이 먹먹하다, 뷰욕을 왜 이제서야 알게됐을까",1
R17581,최강의 액션 코미디 영화,1
R17582,정체성을 못찾고 방황하다,0
R17583,그러나까 철저하게 계획된 대통령암살 시도는 한 여자의 죽창질 한번과 한 남자의 총질로 끝났다.,0
R17584,최악의 괴수영화. 진부한 장면으로 질질끌다가 영화 다 끝날때즈음 괴수 잠시 등장하고. 그 잠깐의 CG에도 그리 자신없는지 화면은 너무 어둡다. 진부하고 식상하고 단조롭고 형편없는 쓰레기영화,0
R17585,"이거 아이디어도 기발하고, 스릴에 감동도 충분한 영화인데 왜 평점이 이 따위? 최소한 7점은 가야함.",1
R17586,닥명작닥명작닥명작닥명작닥명작닥명작닥명작,1
R17587,뭔내용인지 모르겟네여 기무라타쿠야가 불사신인가뭐지 이건...,0
R17588,모니카 벨루치 대단^^,1
R17589,정말 재미있어요 ^.^,1
R17590,최고다... 이런 영화가 많이 개봉햇으면 하는 바램이..,1
R17591,"정말 강추입니다, 프레디프린즈 명연기 죽입니다 꺄오,",0
R17592,볼만흐네요~ ~ㅎㅎㅎ,1
R17593,"스토리마저 없었다면, 아예 주저앉았을 영화.",0
R17594,보고싶은 드라마였으나 여주가 진세연이라길래 안봄,0
R17595,아.. 어쩌란 말이냐..,0
R17596,영화보다 책(돈쥬앙)이 더 재미있네 ㅡ.ㅡ,0
R17597,발상 자체가 너무 웃낌 ㅋㅋㅋ 더운날줄도 모르고 엄청 웃음 ㅋ,1
R17598,"마지막에 삐요 없어질때""삐요.. 그 이름 너무 좋아""하면서 없어지는데 폭풍눈물 ㅠ",1
R17599,볼때마다 혈압오르다가 마지막엔 1편과 마지막편만 재밌었던 드라마,0
R17600,눈즐겁고 귀즐거우면 된거 아냐?,1
R17601,30분도 못보고 껐다 도통 재미라곤 없다,0
R17602,쟈니뎁나와서본건데별로안나온다ㅠ근데참재미있는영화다추천!!,1
R17603,정말슬프고 조승우와수애의 연기가정말좋네요 액션cg는좀아쉬웠지만 재밋게잘봤습니다!,1
R17604,"다큐멘터리 감독, 쉐보레 협찬, 2000년대 초반게임그래픽 할말 다 함 ㅋㅋ",0
R17605,dmdma?으음? 음,0
R17606,개봉때쯤 알바평점 믿지마라 5.5점이면 적당하다,0
R17607,"한국놈들 네이버 평점주는 꼬라지가 참 안타깝다. 좋은 영화는 죄다 지루하다고 1젇 주면서 에로나 이딴 쓰레기는 9,10점 막퍼주네 ...에휴",0
R17608,디 아더스의 영향을 벗어나지 못하는 평이한 공포물,0
R17609,"벅찬 압축, 김빠진 복수극",0
R17610,한국영화의 미래와 발전을 위해 영화판을 떠나줘야할 쓰레기 감독 여균동,0
R17611,그런대 왠지 나한테는 재미없을듯,0
R17612,정말 재미없음.시사회라 무료로봤는데도 재미없음. 집에서 모던패밀리나 볼껄,0
R17613,ㅋㅋㅋ진짜 재밌게 봤어요 ㅋㅋ,1
R17614,진한 감동과 인생에 대한 교훈을 주는 좋은 영화인 것 같다.,1
R17615,나는 남자지만 뮬란의 모습을 보고 있자면 멋있다 라는 말이 자동으로 흘러 나온다 그는 나에게 원빈 보다도 멋있는 캐릭터이자 영웅이자 롤모델이다,1
R17616,진짜 인생최악,0
R17617,이거 걍 킬링타임용맞는데 앞부분하고 뒷부분이 완전히 내용이 다름 걍 초딩용 오락영화임,0
R17618,이 구린 엔딩에도....,1
R17619,진짜 졸라 더럽게 잼 없는 영화..,0
R17620,이명박 대통령님 정치 잘했음,0
R17621,남배우 비주얼에 10점,1
R17622,"신입사원, 달콤한 스파이를 섞어 놓은 졸작.",0
R17623,개연성 부족... 엉성한 줄거리... 엉터리!,0
R17624,허접한 한국공포영화보단 재밌음~,1
R17625,한국 삼림 칭찬하는 부분에서 부끄러웠다. 얘네는 멀쩡한 강 죽이고 있는 거 알까?,1
R17626,몬스터 주식회사 3D 재밌게 봤다,1
R17627,이영화 아무리 찾아도 없네요 대단히 인상깊은 영화였는데,1
R17628,"김창완...좋은 가수인지는 잘 모르겠고,훌륭한 진행자라기보다는,쓸만한 배우.80년대를 풍미한,김완선이라는 걸출한 댄스가수를 키워낸 작곡가이기도 하고...요새는 손담비라는,후배가 있기는 한데,김완선보다는,순발력,재능,개그센스포함,모든 면에서 좀 떨어짐.",0
R17629,이 영화가 평균 7점이나 된다니... 보는 내내 눈이 아까웠다.,0
R17630,잘 모를때가 더 잘 보입니다. 모르고 들어가야한다지요. 지금 이순간에도...홍상수감독의 철학 이번에도 대만족입니다.,1
R17631,굿굿굿 굿이에요,1
R17632,DVD방 아저씨가 추천해주셔서 봤음무섭고 잔인하지는 않대서..이렇게 안무서울수가 없는 영화메시지를 알수 없는 영화그거보다 더 알 수 없는 제목,0
R17633,그러기에 왜 효민을 썼니 ㅋㅋㅋㅋㅋㅋㅋ,0
R17634,봐도봐도재밌닼ㅋㅋㅋ김하늘연기졸귀 ㅋㅋㅋㅋ,1
R17635,ㅋㅋ 개콘만큼 웃기다,0
R17636,재밌게 잘봤어요어른은 조금 졸려요,1
R17637,코미디? 어디서 웃어야 하는지 ....,0
R17638,지린다 스포츠영화라 지루할 줄 알았는 데 지루할 틈이 없었다 재미 감동 가슴이 따뜻해지는 영화다,1
R17639,팝핀 현준 완전웃김ㅋㅋㅋ크에엨 ㅋ으케켕,0
R17640,몇년전에본영환데 진짜내인생최고쓰레기영화였음 갑자기생각나서평점주러옴,0
R17641,원작내용 기반으로만 하지않고 아예 싹 엎어버린 다른 이야기 그런 참신성은 좋으나... 차라리 프리스트 원작으로 소개하지 말아야할 망작!! 개인적으로 원작의 완결이 안난 상태이지만 봤습니다. 이 영화를 보고 상당히 화가나더군요,0
R17642,지금도 계속되고 있는 홍콩영화의 암흑기..,1
R17643,창살 없는 깨끗한 유리로 된 감옥은 공포심을 배가시키는 장치이기도 하지만 렉터에게는 감옥에서조차 사각지대를 줄 수 없다는 두려움. 그리고 그 렉터는 냉철하고 세밀하고도 섬뜩한 듯 하지만 그 감옥 속에서 조차 핏물 흐르는 고기를 원하는 미치광이.,1
R17644,어릴때 재밌게 봤던 영화~,1
R17645,"재미없음.... ,,,,",0
R17646,그나마 볼만한 전편들까지 말아먹은 마지막 편. WWE 슈퍼스타 트리플 H가 나와서 그냥 본 영화. 굳이 찾아 볼 필요는 없음,0
R17647,막장일진소설 영화화시킨것,0
R17648,모든걸 떠나서 감동과 재미가 없이 지루했다.,1
R17649,불쾌하고 성의없고 허무한 결말. 시간 아까움. 완젼 비추.,0
R17650,이런게 진짜 의리 아니야!,0
R17651,장점:영어가넘쳐나는현실돌아보게해줌어제가한글날이었죠..초등학생들한테보여주면딱,0
R17652,책에서는 무엇보다 나오코가 정말 이쁘게 그려졌는데 못생겨서 감정이입과 제대로된 이해가 어려웠다.,0
R17653,와 이때나 지금이나 연기가 개판이시네요. 딱히 누구라곤 말 안한다만.,0
R17654,다 닥쳐.. 주인공 세명 다 연기 쩔고 스토리 있음직한 내용으로 잘 표현했다. 여운 남는 영화임.,1
R17655,바보들모여연극하나.감독내공부족.시나리오지지부지.아무나스파이하겠다.,0
R17656,더빙 싫어요,0
R17657,별하나도 아깝다.. MBC아침 드라마 수년간 잼있다가 이게 왠 쒸래기 ㅜㅜ 조기종영부탁합니다. 등장인물도 하나같이.비호감이구.. 짜증나서 한번도 안봄..,0
R17658,무슨말이 필요하랴..,1
R17659,출연했던 여자분이 매우 매력적이었던 기억이 있는데 그게 헤더그레이엄 이었을 줄은,1
R17660,90년대에 나왔을법한 웃음기 하나없는 코미디 영화.생각보다 재미없다.그렇다고 액션이 화려한것도 아니고.. 뭘 보여주고자 이 영화를 만든건지 모르겠다. 그저 김옥빈의 미모만 빛났을뿐~극중 짝귀가 이 영화의감독 여균동님 이었다는 것~ 그나마 이게 재미있네,0
R17661,정신없이 보다보니....아쉽네,1
R17662,아 명대사들 진짜 개 웃기네 ㅋㅋ,0
R17663,"솔직히 얼핏봐도 방송의도나 뜻하는 바를 모르겠다?어느순간 취지와 다르게 흘러가는듯하다.잘사는 연예인집에가서 밥먹고 땡~오히려 위화감만 조성한다 그렇다고 소소한 밥상이 자주나오는것도아님,?",0
R17664,어설픈영상미. 7080년대 스타일의 촬영기법 미스캐스팅세박자가 잘어울려 최악이될뻔한. 드라마 허나. 영류왕과 연개소문 의 대단한 연기실력에 잠시 넋을놓게만드는 아쉬운작품. .... 이요원과 비담? 이 나왔음어떠했을까?,0
R17665,30대가된 지금 다시보니 새롭다. 연애의 목적은 뭘까? 사랑의 의미? 좋아한다는것.?영화마지막까지 사랑합니다 좋아합니다라는 흔해빠진 사랑고백따윈 하지않는 그들..약간은 아픈 평범한 그런 사랑을 경험한 둘의 이야기..,1
R17666,엄다혜의 맛깔나는 연기실력에 너무 재미있게 잘 봤습니다~ㅎㅎ엄다혜만 기억에 남네요~ㅋㅋㅋㅋ,1
R17667,역시 로맨틱 코미디와 개인적으로 안 맞는 듯. 유치했음,0
R17668,0점은 못주는겨? 진짜 개 진부하고 뻔한이야기. 권력을 가진자의 횡포. 이거 말고는 아무거도 없는 개 쓸데없는 왜 만들었는지 애하조차 불가능한영화. 아무런 반전도 아무런 스릴도 아무런 지적 만족도 느낄수 없는 쓰레기 영화,0
R17669,포켓몬에 열광하는 아이들에게는 딱이다.,0
R17670,주연부터 조연까지 캐스팅도좋았고 시나리오도좋고 마술사라는 직업도 독특해서좋았음.. 이만하면 한국 로맨스코미디물중에 상타취..,1
R17671,병에걸려 사랑하는 영화를 첨접했던건 나우이즈굿이었는데 많이 실망해서 이영화도 거기서거기겟지 하고 볼까말까하다 반포기하고 봤더니 진심으로 재밋고 슬픈영화,1
R17672,쿠키 영상이 제일 재밌었다.,0
R17673,그냥 B급 액션영화일뿐.,0
R17674,꿈과 현실사이.. 영화 너무 재밌게 잘 봤습니다!,1
R17675,EBS에서 어린이용 만화로 방영 했다면 8점 이상,0
R17676,너무나뻔한스토리임,0
R17677,로빈 윌리엄스의 유쾌하면서 따뜻한 영화를 좋아하지만 이건 좀 유치함. 중학교 때 봤지만 상당히 유치하게 느껴진 아동용 영화,0
R17678,평론가 평점 왜저래....,1
R17679,이건 명작이다.. 꼭 봐야됨,1
R17680,무엇을 보여주는지...무엇을 얘기하는지....,0
R17681,최근 보게 되었는데 정말 재밌던 영화였다.,1
R17682,크리스토퍼 램버트 +ㅁ+ ㅠㅠㅠㅠㅠㅠㅠㅠㅠㅠ 눈빛멋있다,1
R17683,이런 분위기의 영화 상당히 매력있음,1
R17684,1점도 아깝다 어떻게 영화를 이렇게 쓰레기로 만드냐,0
R17685,아놔 시바... 후반부 머 이따구야 ㅡㅡ 허무하다...,0
R17686,정말재밌었어요 간만에 볼만한영화였던거같습니다 왜극장에가서 안봣는지.. ㅠ,1
R17687,드류나온거는 왠만하면 유치해도 보는데 이건 도저히 못보겠네요...,0
R17688,재미없다 교훈은알겠으나 별..감흥도없고 아니 걍 재미없음,0
R17689,다시 개봉하면 안되요...?,1
R17690,카~ 졸 재밌어...셤기간인데 불구하고 다 봤음..ㅋ ㅋ,1
R17691,왜만든겨..,0
R17692,더빙은뭔가말하는게딱딱..그래도스토리도신선하고재밌었다!!10점!,1
R17693,아진짜재밌게잘보고있었는데하이라이트부분에서끊겼닭!!그나저나진짜재밌어요이걸왜이제봤지?휴그랜트아저씨는어떤영화에서나여심을울리는매력이있네용.짱잼잼잼있어요 *-*,1
R17694,후하게 점수쳐줘서 1점준다,0
R17695,"솔직히 영화를 끌어가는데 지루함이 좀 있지만 전하고자 하는 의미와 여운이 큰 영화이다. 요즘 나오는 상업영화는 결코 따라오지 못할 힘이 있다. 이병헌은 영화에서도 이루어지지못하는 일을 현실로만든, 그때도 역시 연기력이 대단했던 배우다",1
R17696,"오디션 프로그램이 난무하는 요즘같은 시대에 딱이네..., !! 미디어가 사람을 어떻게 만드는 지 잘 보여주는 영화",1
R17697,"국제시장에 견주기 어려울 만큼 아버지 세대를 이해하는 훌륭한 영화. 이런 갈등과 복잡함을 보여주는 것이야 말로 ""이해""라는 말을 붙일 수 있지 않겠는가.",1
R17698,한마디로 쓰레기,0
R17699,ㄴㅈ핵ㄴㅈ임 보지마라,0
R17700,정말 명작영화. ㅇㅇ.,1
R17701,개운대보다가 눈정화좀했다,1
R17702,한번 깡패는 절대 개과천선할수 없는것인가...안타깝다,0
R17703,내생애 최고~~Bbb,1
R17704,다코타패닝이 변신한건 맞지만 굳이 왜 이 영화에서했을까? 킬링타임도 안됨,0
R17705,정말 좋다..... 재미에 따뜻함에 아름다움 - '좋다'는 말 그 자체.,1
R17706,10점 만점에 10점 ㅎ,1
R17707,사랑에대한 아픈기억~그리고 형제의 우애,1
R17708,이런 영화 만들지 말거 보지도 말자,0
R17709,감독은 무척 창피하겠다.,0
R17710,시걸. 이제 폼은 그만잡자.,0
R17711,재밌게봐서 7점정도 주고싶은데 물타기에 저도 4점줍니다,0
R17712,클론에게 심어진 인공적인 기억이 잔잔하게 가슴을 후벼파는영화... 진짜 기억이 아니라 조작된 기억을 믿고 살아오다가 그것이 조작이었음을 알게 된 가짜 샘벨이 느끼는 공허함이 무엇보다도 와닿았던 영화,1
R17713,박정우 감독님은 로망이 있어,1
R17714,대표님... 정말 연기하지마세요.... 정말요... 차라리 대역을 쓰시지 그러셨어요..,0
R17715,첫 시작은 에릭로메르 다웠다만... 이분의 영화는 많이 징그럽다.,0
R17716,평점에 속았네... 어떻게 8점에 가까운 점수가 나왔지 끝까지 다 볼려다가 포기했다.,0
R17717,박선영 연기 너무못한다 잘나가는남편이랑 결혼하더니,0
R17718,인생을 즐겨라,1
R17719,정말 이건 최고다. 말이필요없다,1
R17720,여태까지 본 드라마중에 최고드라마...!!! 한회한회 볼때마다 대박을 외쳐가며ㅋㅋ,1
R17721,생각이많아지는영화 잘봣음,1
R17722,CSI는 진짜 최고다,1
R17723,"웃긴 장면들이 그럭저럭 있긴 있지만, 전체적으로 말이 안 되고 엉망진창이다.",0
R17724,감각있는 영화 그냥 감동있는 애니메이션이겠지 했는데 기대 이상이네요 센스만점,1
R17725,"한달, 일년짜리 연애, 챙길거 다 챙기고, 싫은거 다 안하다 이별이라고 말하는 이들에게 네 눈을 팔 정도는 되야지 사랑이라 부를 수 있는거 아니냐며, 함부로 '사랑'했다 말하지마라며 아주 느린 말과 함께 배에 칼을 찌르는 것같다. 기타노다케시니까",1
R17726,"밍밍하거나, 쓰거나. 단맛 외에는 여러 가지 맛이 나는 잡탕 주스.",0
R17727,넘재밌음,1
R17728,진짜 꺼이꺼이 울었다 눈물이 계속 나옴,1
R17729,이나영 연기 너무 어색하다. 네이버평점도 너무 높네,0
R17730,레퀴엠을 만든 감독.. 역시나!!,1
R17731,마지막키스씬..좀역겹다..마지막은 좀 순수한키스로 끝냈으면좋았을껄...,0
R17732,이런 OOO 프로는 다시는 만들지 말어야 한다!!,0
R17733,결말의 의미공자가 자연에 숨어사는 노자에게 말했지. 짐승도 끼리끼리 사는데 사람이라고 따로 사냐고 진정 순수함은 더러운것사이에서도 그 빛을 유지하는것 ·,1
R17734,여기서 가장 주목해야할 인물을 주인공이 아니다.did you tell him? yes.,0
R17735,첨단 디지털 기법이 동원되는 21세기 영화계에 적절한 쉼표를 던진 아날로그기법의 영화다. 영화의 기획과 타이밍이 적절했다. 빈틈이 보이는 단순구성은 무성영화 특유의 매력이다.,1
R17736,"와..진짜 손예진,김갑수 연기력 개 소름 돋는다..",1
R17737,말이 필요 없음 수십번 볼때마다 가슴이 먹먹해지는 영화 ㅜ.ㅜ,1
R17738,어린시절이 그리울때면 가장 먼저 생각나는 영화네요아빠어디가에서 애들이 보물찾는것도 이거 패러디지 싶음 뺀질이 형역의 배우가 올드보이 리메이크 주인공으로 나온다고하니 기대됨,1
R17739,처음엔 따뜻하고 훈훈한 드라마인것같아 좋았는데 이해안되는 설정들이 있어서 솔직히 짜증나네요...거기에 건욱이의 발연기까지 거슬려서왕짜증!!! 연기연습좀하길....,0
R17740,중국영화 ㄷㄷㄷㄷㄷㄷ 액션은 역시 헐리우드급,1
R17741,이와중에 기동찬물에 빠져 죽여야 했나요 재밌게봤는데 마지막에 멘붕이...,0
R17742,"관객의 마음도 유실해버린,,내 시간 돌려줘....",0
R17743,재미 짱,1
R17744,이건 뭐..웃기지도 않고 감동도 없고 재미도 없구만..,0
R17745,원제 The women 여자들 이훨씬어울리는내용의영화인듯해요 포스터처럼 단순히 입이가벼운여자들의속성을 주제로펼치는내용이아니라 여자들의본성 사생활 그런 부수적인것들을 거쳐결국 여자들의우정을보여주는 공감가고따뜻한영화,1
R17746,재밌었다. 아직도 기억에 남는게~~ㅋㅋ,1
R17747,갈수록 지루하고 스토리는 폭망... 그나마 액션만 볼만함...,0
R17748,너무나 완벽한 영화여서 이 78년판 슈퍼맨을 본 사람들은 어쩔 수 없이 맨 오브 스틸에 불만족을 느끼게 될겁니다.,1
R17749,그냥 보지 마셈,0
R17750,정서적 공감은 힘들었다. 풍경은 좋았다.,0
R17751,최고라는 말 외에 무슨 말이 더 필요할까요?,1
R17752,쿄애니이다. 케이온 제작진이다. 순애물이다.왜 10점이 아니겠는가,1
R17753,데빌메이크라이의 성지순례,1
R17754,한물간 강혜정 한채영,0
R17755,재밌다 볼만하다,1
R17756,매혹이 나니라.. 가혹 일쎄 ...,0
R17757,진짜 배우들연기력이 대박이다..,1
R17758,거품경제시대의 미친듯한 작화;;,1
R17759,너무 재미없었다 문제가 많음,0
R17760,이해가 안되는 여자 ..예술적인 화면과 음악만 볼만함,0
R17761,존잼 근데 너무끔 아ㅃㅏ란거 빨리알아야 할텐데 오자룡 언제감?뒤로감?OO 재밌긴함 막장 좋아해서그런지ㅇㅇ오늘존잼 기억상실증은 오바잖아 개OOO,1
R17762,어서와 ! 오스트리아영화는처음이지? (저 포스트 동상의 표정),0
R17763,ㅋㅋㅋㅋ알바쩐다ㅋㅋㅋㅋ,0
R17764,개봉한다는거 자체가 이해불가.,0
R17765,걍굳 내가본판타지중에갑,1
R17766,화보같으면서도 스토리가 매력적이고 감성적인 음악....,1
R17767,비쥬얼에서부터 짜임새까지 빈틈없다. 감동은 덤!,1
R17768,누구라도 언제라도... 멈춰버린시간..,1
R17769,"별하나도 아깝다 단지 린즈링만 빛날뿐 영화는 쓰레기,",0
R17770,재밌어요 수목마다 웃고가요♥,1
R17771,사람마다 달라서 그런지 이영화는 나랑 안맞는 코드..저스트 프렌드랑 비슷한 느낌. 뭔가 지저분한 느낌의 코미디랄까..,0
R17772,"진짜 별로다. 시나리오가 이상한 건지, 연출이 후진 건지... 배우들 얼굴말고 볼 게 없었다.",0
R17773,남자인 내가 이 남자의 마음을 알 수있을까...또한 그러한 사랑을 할 수 있을까... 의문이생긴다.,1
R17774,이거평점왜이리높지 3류저질 코미디 심지어노잼,0
R17775,평점이 왜이래 마지막에 나 울었었는데,1
R17776,"누구나 한 번은 하는 첫사랑! 그 달콤 쌀싸름한 경험을 90살의 나이에 한다는 건, 결코 쉽지않은.. 하지만 아름다운!!",1
R17777,진화한 한국 드라마의 확실한 증거,1
R17778,장률감독 최고의 영화,1
R17779,영화 자체는 멋졌지만 딴 여자 좋을 일만 한 리즈가 미치도록 불쌍하다..,0
R17780,휴댄시 영국식 억양 너무 멋지다ㅠㅠㅠㅠ마지막에 교훈도 있고 아일라 피셔 매력 넘침~,1
R17781,이거 주인공 배역이 투자해서 만든 영화인가요?,0
R17782,진짜재밋엇는데 평점좀올려요,1
R17783,폭력을 바라보는 너무나 가벼운 시선,0
R17784,신현준씨 연기 진짜 잘한다,1
R17785,B급도 안 되는 듯... 엉성함,0
R17786,신랑이랑 story on 에서 새벽에 우연히 본영화.. ㅋ 별기대없이 봤는데 꽤 재밌었다..,1
R17787,실망..뿐..,0
R17788,ㅠㅠ 그냥 볼게 없어서 봤는데 역시나..,0
R17789,절대보지마라,0
R17790,브금과 상황 그리고 연출을 잘 비벼놓은 영화. 트덕 입성의 원인.,1
R17791,훈훈하고 감동적~,1
R17792,"그래서, 현실로는 언제 나올거냐? 뭘 말하고 싶은건지도 모르겠고 ㅋㅋ 그저 감성만 찾는 영화 ㅉ",0
R17793,"어릴적 추억을 고스란히 담아놓은 영화 , 지난 시절은 힘들었지만 추억은 언제나 마음속 깊은 곳에 남아 있다.",1
R17794,이 영화가 6점대라니 말도 안돼. 개인적으로 헐리웃 작품들 중 다섯 손가락 안에 꼽히는 로맨스 영화라고 생각함.,1
R17795,평점을 많지 준 사람들은 둘 중하나다.. 알바거나 영화를 이해는 못하고 그냥 허세 별점..머지 이영화는? 예술성이 뛰어나지도.스릴러적인 요소도 부족한 어중간함,0
R17796,플라이나 투명인간 같은 느낌이지만 재미는 없다. 심심해서 시간 때울려고 만든 듯... 중간에 cd에서 나오는 노래는 괜찮은 듯...,0
R17797,이런 밍숭맹숭 맹탕물 싱거워 죽을 뻔,0
R17798,볼것도 느낄것도 없는 자기 할 말만 하는 감독의 겉멋만 잔뜩 든 영화,0
R17799,짜깁기로 이루어진 전혀 새로울것이 없는 다큐,0
R17800,말로 표현할수 없이 감동받았다,1
R17801,이런 영화 울나라에선 못만든다..,1
R17802,"역시 좋으네요~~감독, 주연 배우 모두 잔잔한 감동을 선사하는군요~~",1
R17803,"나도 이대나왔는데 이대의 예전 모습과 넘 비슷.하버드,예일대와 결혼하는게최대목표",0
R17804,작품성이 뛰어난가? 모르겠다.. 하지만 분명 지독히도 재미는 없다..,0
R17805,하하하 그럼 전무송이 괴노인이겠네 ㅋㅋ 보고싶은 영화군,1
R17806,2기처럼 많은애들은 안나오지만 난 상관없어 1하면 돼..1하 꼬마들 최고~,1
R17807,최악의영화 ..,0
R17808,역시 한국 영화다 보니까 스토리가좀-_-,0
R17809,체이스 크로포드 개 찌질하게 나온다,0
R17810,정말 재밌는 영화!!!!!,1
R17811,책으로 먼저접하고 영화를 봤지만 책으로 봤던 느낌을 그대로 느낄수 있었고 물론 책으로도 많은 감명을 받았지만 영화로서 조금더 감정이입 할 수 있었던 영화 같습니다,1
R17812,바보 놀이. 무엇을 느껴야 하나?,0
R17813,식상했고 전개가 지루했다,0
R17814,진심으로 이거 쓰레기입니다. 유치뽕짝 오글오글,0
R17815,뻔한 이야기를 특별한듯 풀어내보려 했지만 실패했지 그래도 마지막에 이영화가 혹시 공포영화가 아니였을까 하는 고민을 하게해줘서 재밌었어,0
R17816,사실적이면서 사실적이지 않은 영화.. 각오하고 봐야 참맛을~,1
R17817,"ㅅㅂ DVD방에서 잤잖아... 어떻게 그상황에서 잠이 오냐고,,, 아 짜증나",0
R17818,보는 내내 입가에 미소가 떠나질 않고 설레는 맘으로 숨 죽이며 보았던 황홀하고 로맨틱하고 즐겁고 행복한 영화. 좋은 영화는 죽어있던 감정도 일깨우고 사랑을 일으킨다.,1
R17819,건욱이인간말종이네사람같구머하는짓이야인간쓰레기같으니우경이랑잘되나보자우경이는태평이랑결혼할거니까건욱이는제수없다왕재수,0
R17820,바이올린 소리가 아름답다,1
R17821,재밌음. 처음부터 끝까지 스릴있어서 전혀 지겹지 않았음.,1
R17822,어설픔을 살짝 벗어나다.,0
R17823,처음으로 영화중간에 끊어도 전혀 아쉬움이 안남았다. 정말 뒤끝없네,0
R17824,이건 똥쓰레기 영화는 드래곤볼 영화도 아니다 ㅡㅡ 드래곤볼 gt도 이것보단 9999억배 더 재미있다 ㅡㅡ 이런 괴작+졸작+망작영화는 절~~~때로 안보는걸 추천함,0
R17825,재미도 있고 지연 때문에 10점 ㅋㅋ,1
R17826,"마음 한곳이 꽉차는듯한 느낌이다.. ""정의"" 익숙한 단어였지만 그 의미는 모호했다.이 영화를 보며 ""정의""라는게 무엇인지 보여주었다.배트맨 비긴즈는 영화라는 틀을 넘어 인생을 보여준다.",1
R17827,기대하고 본건 아니였는데 재밌었어요,1
R17828,상상력이 가히 창의적이고 철학적인 최고의 SF,1
R17829,봤던 안봤던 의리 외치면서 이영화 빠는것까진 봐줄만 하다이거야 그런데 왜 영웅보다 평점 높은 애면 명작들 영화까지 찾아와서 평점을 낮추는건데... 정말 골빈짓만 하는구나,0
R17830,영화가 이해가 안 가는게 저렇게 섬뜩하게 생긴 인형을 좋아한다는게 말이나 되나??? 진짜 비현실적,0
R17831,최윤영이 매력있게 나왔네,0
R17832,감독 연출력 부족,0
R17833,부족하다.,0
R17834,이건 뭐....3류 에로비디오 보다....잼없다니....막장이군...,0
R17835,재밌네요 :),1
R17836,한국인들은 도대체 왜 공포영화를 보는걸까... 무섭지가 않은데 대부분 칭찬이라니 어이가 없네.,0
R17837,요즘 감독들이 배웠으면 한다,1
R17838,억지. 억지 영화였다 포장된 감동과 억지 감동 발레만을 그려낸 사상 영화,0
R17839,롭 + 아담 = 최강코미디!!!!!!!!!!!!!!!!!!,1
R17840,기대했던 것 보단 살짝 낮았지만.. 그래도 재미있게 잘 봤습니다 꺅,1
R17841,정말 올해의 만점짜리영화네요.꼭보시길!!,1
R17842,프리드킨의 영화답게 후반부 자동차 추격 장면은 아주 훌륭하다.,0
R17843,너무너무 재밌게봅니다~^평점보니 강예원 또는 여주에 대해서 언급 많이 들하시는데 다들 본인 입맛과 생각 존중합니다 하지만 한번만이라도 그런글 보는 입장한번만 바꿔서 생각해봅시다 완벽한건 이세상에 단하나도없습니다,1
R17844,사부는 나랑 안맞다 재미없다.,0
R17845,결말을 눈치채긴 했지만 긴장감을 끝까지 늦추지 않고 볼 수 있었던 좋은 영화,1
R17846,대중앞에서는 항상 웃는아이돌의 어둡고 삭막한 이면을 보여주는 다큐.,1
R17847,이게 영화야? - -;,0
R17848,씨알~ 제발 이런 쓰레기 영화 만들지 마라!!!,0
R17849,난 개인적으로 한국코미디중에 젤 재밌게봤음ㅋㅋ,1
R17850,1화부터 봐왔는데 정말 재밌습니다! 일일드라마로는 너무 안타까워요!,1
R17851,여기 천정명 나왔구나! 미안해 몰라봤어!,0
R17852,마치 하수구가 막혀 물이 내려가지 못하는 답답한 스토리?....같은 자리를 뱅뱅 도는 듯한 느낌...배우의 문제가 아니라 스토리가 문제 있는듯...밑에 10점 주신분들 주관적이기야 하겠지만...10점은 아닌듯...좀 시원하게 진행 좀 됐으면..질질질.,0
R17853,좋은 작품이네요. 단순하게 볼게 아니라 꽤 의미있는 내용이 담겨져 있는듯 싶네요.,1
R17854,린제리 로한 사랑함.,1
R17855,이게 요즘 만들어진 홍콩 영화라 믿어 지지 않는다... 주성치 돌아와라,0
R17856,대사하나하나 살아있네 ㅋㅋ 송강호장면 빼더라도 진짜 웃긴장면 들많다 ㅋㅋ 이런게 진짜 재밌는 코미디지 ㅋ 조폭코미디 영화는 이래야되. 무게감도 있으면서 재밌는... ㅋㅋ,1
R17857,행복해지네요! 원래 로맨틱 영화 그다지 좋아하지않는데 이 영화는 정말 좋았어요,1
R17858,소년은 자라서 어른이 된다.,1
R17859,너무 기대를 한 탓일까? 과거의 엑스맨을 연결시키는것 같았다만...지루했던건 사실...,0
R17860,시사회보고왔어요 3편 각각 매력이 있네요~ 슬프고 고뇌하고 재밌는 다양한 매력이^^,1
R17861,이걸 두번보다니. 아까운 내 시간. 아직도 결말과 이 작가와 감독의 의도를 모르겠네. 총 등장인물 16 .17명? 총맞으면 임무끝. 주문외우면 임무끝. 제작비 저렴하겠네. 세상에서 출연배우 돈 얼마받나?,0
R17862,뻔한 반전에 스토리 엉성하고.. 아마추어같은 연출.. 김규리 연기 어색하고..정신 없는 카메라 앵글까지.. 진짜 시간 아까움,0
R17863,독특한 시각과 개성있는 연출력. 그러나 네러티브가 부족하고 매우 불편하다.,0
R17864,심오한 감독의 세계관. 배우들의 연기열연으로는 채우기에 버겁다...,0
R17865,보고나서 아직도 헤아나지못하고있음...송배우문배우 최고,1
R17866,니들도 별반 다를꺼 없잔아??(하네케)..역시 영악하고 잔인하다,1
R17867,어릴때는 지루 했는데 커서 보니까 완전히 다른...,1
R17868,완전 훈훈하고 재밌기만 한데...ㅋㅋㅋ 평점이 왜이러지,1
R17869,이영화 시빌라시스템 = 일본2차대전의 뇌를 계승한 전범 우익정권 과 평화헌법... 그들이 다시 식민지를 지배해도 되는지 조심스럽게 묻고있지않은가??? (총리의 사퇴...?),0
R17870,별하나도 아까운 연기력..,0
R17871,최고의 여배우들을 만나는 즐거움.,1
R17872,"나름 잘본 영환데 왜 이렇게 평점이 낮을까....전쟁이 멋있지도 재밌지도 않은 것이라는 것을 잘 보여줘서 좋았고, 마지막에 둘이 이어지지 않은게 너무 안타깝지만 그게 현실이라는 것을 알아 씁쓸했다..영화를 보며 이렇게 많이 울다니..",1
R17873,칼들고 허우적허우적,0
R17874,아무리 배두나지만 너무 볼게없다.,0
R17875,007 최대걸작중 하나. 007의 재치도 단연최상금,1
R17876,누구나 다 아는 마지막15분을 위해 버린 내 80분,0
R17877,조니뎁 영화중 가장 기억에 남는 로맨티시즘,1
R17878,바스코진짜 오바인듯해요. 락인지 힙합인지..자기가 무조건 힙합이라고하면 힙합인가.. 보는우리가 힙합이 아닌데요즘 보기 싫어지네요. 시스템그리고 좀바꿔야할듯..아까운랩퍼들 다떨어지네,0
R17879,이명박 왜 나와?,0
R17880,이 영화는 말이 필요없다.,1
R17881,탁월한 미학적 성취와 의미심장한 성찰의 메시지가 독창ㆍ독보적으로 돋보이는 걸작,1
R17882,그냥...허접하고 막 허접하다...,0
R17883,씨발...^-^;;;,0
R17884,진짜 영화를 이렇게 재미없게 만들수도 있구나.,0
R17885,최악중의 악. 1점도 아깝다,0
R17886,일베충 새키들 스팟찍어놓고 테러하는거보소 나 일베충이요 광고들하나,1
R17887,되게재밌게봤다. 우디해럴슨의 연기가 인상깊다!,1
R17888,"아저씨의 진짜 원조라고 칭찬하는 사람땜에 봤는데,, 아주 허접 시시 코메디 그 자체다. 사람들아 좀 정직해져라. 차라리 덴젤 워싱턴의 맨온파이어가 훨씬 낫다",0
R17889,김일병의 아버지는 아들의 억울한 죽음을 세상에 밝히기 위하여 지금도 눈물과 땀으로 몸을 적시고 있습니다,0
R17890,이건 또 모냐 ㅡ.ㅡ,0
R17891,일쩜도 아깝다..,0
R17892,지루하다 너무나도 유치하고 뻔한 스토리 흡입력도 약하다 전작도 별로엿지만 후속작은 더더욱 별로였던 영화 극장에서 졸아서 못보고 다운받아서 못본부분 봤지만 그부분마저 지루해서 여러번 나눠봄,0
R17893,시작때부터 지금까지 한개도 안놓치고. 다보고있어요~ㅎㅎ 평소에 잘웃지도않는데 푸른거탑보고 많이웃었어요! 한명도안빠지고 변함없었으면 좋겠네요!!!,1
R17894,3년전에본영화 개봉했네 ㅋㅋ재미도 없는걸..,0
R17895,파리텍사스에 이어 도입부만으로도 베스트 3위안에 드는 작품.,1
R17896,힐끆~ 힐끆~~ 힐끄요~~!!!!!! 요시~ 힐링대쓰요,1
R17897,재미있게 보았습니다..,0
R17898,근데 네이버는 자꾸 인명표기 똑바로 안 할래? [조제 파질랴] 라고...,1
R17899,제작진도 삼류~ 배우도 삼류~ 액션도 삼류~ 영화도 삼류~ 수입사도 삼류~ 재미도 삼류,0
R17900,"신비한 매달의 힘, 나도 어떻게 안되겠니?",1
R17901,배우를 참 잘 썼단 말이지,1
R17902,완전 맘에 드는 프로뭔가 지식도 얻고볼거리 많고이 프로 통해 강용석c 이미지 완전업ㅋ,1
R17903,좋아요ㄱㄴ....ㅅ,1
R17904,일본영화는 오타쿠스러울꺼같아서 제목부터 처음엔 보기 싫었는데 영화와소설을 보다보니까 제목부터가 잘지었던거같고 여자는 그렇게 미인은 아니였던거같다ㅎ특히 남주는 류승범과 상당히 이미지가 비슷했던거같다.앞으론 일본에대한 선입견을 버려야겠다ㅎ,1
R17905,"황폐한곳에서도 사람다움을 느낄수 있는, 참 잔잔한 감동이 있습니다.",1
R17906,재난영화인데 개지루ㅡㅡ원래 일본영화가 그런가??? 1점은 제목때문에 그나마 준거임,0
R17907,이 영화 정말 좋아요. 충무로영화제에서 봄.,1
R17908,핵노잼열글자열글자열,0
R17909,"재난영화도 아니고, 멜로도 아니고 이도저도 아닌 영화. 절대 극장가선 보지 마세요",0
R17910,"누구든 이 애니를 본다면 비가 올때마다 생각이 날것이며 그로 하여금 볼때마다 전율이 올 것이다. 길지 않은 애니임에도 불구하고 하나 둘 내리는 가랑비에 옷이 젖듯이 어느센가 감정이, 눈시율이 젖어있는 애니이다.어떤 의미로든 볼 때마다 생각이 많아진다.",1
R17911,기대안하고 봤는데! 가스파르 울리엘이 조금만 더 많이 나왔다면 좋았을껄ㅠㅠ,1
R17912,퉤이 새1꺄 이게 영화냐,0
R17913,이딴걸1년넘게 보관했었다니..시간은 아깝지 않았다.보는데 3분 걸렸으니..,0
R17914,집중을 해서 보더라도 놓치고 당한다.. 의미를 알았을땐 감탄.,1
R17915,드웨인 존슨의 허큘리스나 봅시다. 뭐 그것도 그렇게 재밌지는 않는데이것보다는 재밌습니다...,0
R17916,볼만하다.이런류의 영화에 꽤 긍정적 결말도 신기하다 ㅎㅎ,1
R17917,원작을 모르고 봤는데 상당히 감동적이었다. 개인적으로 매우 잘만든 애니메이션 영화.,1
R17918,아.. 힘빠져... 원래 영화는 완전 잼났는데...,0
R17919,사실이 그렇다.,1
R17920,개봉하는 날 봤는데 역시 비극을 희극으로 표현할 줄 아는 신(모차르트)의 한수가 느껴지더군요... 세트도 화려하고. 요새 볼 영화도 없는데 후궁탈출 완전 강춥니다!!!,1
R17921,"볼만한 CG대신 스토리, 개연성은 실종..억지스런 부분이 많음",0
R17922,여중생이 제레미 리프킨을 인용할때 얼마나 민망하던지. 대사로 전달하고싶은 내용을 다 말해버리면 영화볼때 너무 허탈하지 않나? 아무튼 대학졸업때 만든 단편영화를 이제 덜 부끄러워해도 될것같은 자신감이 생겼음,0
R17923,기대가 많이 됩니다. 꼭 보러 갈께요.,1
R17924,솔직히 1점주기도 싫은 영화.. 한 20분보다가 결말궁금해서 넘겨보면서 대충보긴했네.. 진짜 재미없다.. 결말도 어이없고.. 정말 밑도끝도 없는 결말이네..,0
R17925,MBC는 국민 정서를 최하의 인격으로 만들셈인가보다.,0
R17926,서로 사랑해서 관계를 해도 여자가 처음인 경우엔 아파서 제대로 관계를 못가진다고 한다.그런데 강간을 당하면서 거기에 쾌감을 느깐다고?,0
R17927,별하나도 아까운 영화.연기를 너~~~무 잘하지만 뭐라 말로 설명할 수없이 어색하고 뻔한 스토리와 연출..진짜 이 영화는...억지스럽다.,0
R17928,취권에서 나온 배우들의 번외편이랄까나 취권보다 코믹성을 더 넣어서 배꼽잡으며 봄ㅋㅋㅋㅋ,1
R17929,너무 뻔해서 재미없다 야,0
R17930,굿 굿 다소 지루한부분이 있지만 정말재밌게본 영화,1
R17931,옛날건데 왜 이렇게 평점이 높지?,0
R17932,"성우가 중요하냐, 내용이 중요하지.",1
R17933,진짜재밌다 ㅋㅋㅋㅋㅋㅋ,1
R17934,"간디 동물명언한 국가의 위대함과 도덕적 진보는 동물이 받는 대우로 가늠할수있다.진실을 못보고 눈앞의 이익만 따라갈것이 아니라, 정작 자신의 삶이 풍요로워 지고 싶다면 모두를 사랑하고 모두가 잘되기를 바라는 마음을 갖고 살아야 최고의 행복을누릴수있다",1
R17935,아OOㅋ ㅋ ㅋ그래픽처음다루는새.끼가더잘만들겠닼ㅋㅋㅋ,0
R17936,볼만하던뎅............. 정우♥.♥,1
R17937,쿵쿵소리때문에 4점 그외엔 없다.,0
R17938,한국사람들 발음이 참.........대체 왜 저따구로 만든걸까,0
R17939,"어린시절, 겨울만 되면 옥상위에 아무도 건드리지 않은 눈위에서 동생과 난 뒹굴던 기억이 소록소록 생각난다. 지금 동생은 저 세상으로 갔지만, 아직도 1980년대의 소년 시절의 기억을 잊지 못한다.",1
R17940,타협이 없는 맹목적 아집이 어떤 결과를 초래하는 가를 단적으로 보여지기도 한다.,1
R17941,"잔잔한 감동, 미소... 마음이 많이 편해지는 예쁜 영화네요.",1
R17942,쓰렉영화 지네나라 페루인지 칠레인지가 몬산다고 알려진걸 좀 만회하고 싶어서 페루출신감독및배우가 의쌰해서 만든영화인데 결론은 진짜 몬살음안가고싶은 나라한마디로 지네나라 홍보동영상임,0
R17943,솔직히 초반부터 반전 좀 눈에 보입니다.,0
R17944,"어린 아역들의 연기가 더 훌륭했지!! 정말 슬펐는데 이영화,,",1
R17945,안과 겉,1
R17946,이게 뭔 1위지 ㅋㅋㅋ 1점 때립니다,0
R17947,ㅋㅋ참 대단했죠 ...,1
R17948,고딩때 밥먹다가 우연히 TV로 봤다가 눈물의 밥을 먹었던 기억이 나네요..ㅠㅠ,1
R17949,마지막 장면에 대부 베꼈다.오페라에서 나오는장면..찌질...,0
R17950,왜 요새는 이런 코미디영화 안나오는건지 ㅋ,1
R17951,꾸준히 생각나는 그런영화 ㅎㅎ 저런연출을 생각하고 만들었다는거 정말 천재라고 생각한다 ...,1
R17952,친구가 재미있다길래 봤는데..그냥 그저그런 뻔한 막장 인소느낌. 안보는걸 추천한다 내가 봐왔던 멜로중 가장 별로였다0점이없어 1점,0
R17953,아직도 ost랑 색소폰 소리가 기억에 남는 명작...,1
R17954,그냥뭐..개그콘서트보다 재미없네요..항상 웃긴건가는 왜 안주는건가요,0
R17955,감독이 좀 변태같다. 내취향은 아니다. 다만 배우들의 연기력만 돋보였을 뿐이다.,0
R17956,1편은 폴버호벤의 사회풍자와 SF표현과 인간내면의 갈등이 있었고 2편은 1편의 생각을 존중하면서 이어 받으려 했으나 3편은 아동들 보게 하기 위해 슈퍼히어로 애니메이션이 되어 버렸다...,0
R17957,초등학생이상 관람불가!,0
R17958,인시디어스1을 재밋게 봐서 2가 더재밋다길래 기대하고 봣는데 별로임 지루함 인시디어스1은 8점 2는 6점이 적당하다,0
R17959,장난하냐,0
R17960,말이 필요없는 감동적인 로맨스,1
R17961,냉전 후 첫 모스코바 촬영이라는 데 의미를 두자,0
R17962,왜 이걸 안봤는지 후회됨..이건 내용도 좋고 정말 명품드라마라는게 아깝지 않음 ㅠㅠ,1
R17963,"원작은 모르겠고, 이걸 영화라고 만든건가? 각색을 왜 이모양으로 하는지 알다가도 모르겠다. 뭐 하나 제대로 잡아서 깊게 들어가든가, 포인트를 제대로 못잡을거라면 액션씬이라도 제대로 하던가, 연출 액션 각색 주제 연기 뭐하나 제대로 된게 없다.",0
R17964,꼭 여성에 대한 관점이 아니더라도 사회적 기준을 넘어선 스스로의 삶의 주체성에 대해 생각하게 만드는 영화. 여운이 남는다.,1
R17965,살인범 찾아낸건 충무로 감독 특유의 자뻑. 편집을 못하는 충무로 감독의 전통적인 단점.,0
R17966,엘리샤 커스버트 이쁨. 그것 뿐이다,0
R17967,소재는 좋은데 스릴의 밀도는 현저히 떨어진다,0
R17968,이걸사람새1끼가만든건가 그냥 이거보느니 자빠져자겟네 아오 후회되 진심,0
R17969,프레데일리언 과 울프프레데터라는 요소를 겨우이따위로 써먹다니 아깝다,0
R17970,별하나주는것도아깝다,0
R17971,애들이너무많이죽엇다ㅠㅜ,1
R17972,모두가 장애인에대한 편견을 조금씩이라도 바꿔가야 누군가는 웃을수 있지않을까?,1
R17973,이것이 정말 실화란 말인가,0
R17974,신약에 의거하여 성탄을 더 깊이있게 묵상할 수 있는 좋은 영화!,1
R17975,다시 보고 싶당,1
R17976,오인혜 먹...고 싶다. 아 맛있게 생겼어.,1
R17977,슈케 제작진의 우승 축카합니다. 왠만하면 티 안나가 좀 하면볼만하겠는데 너무 티 내면 재미 없잔아~~~~⊙⊙,0
R17978,재밌게 집중해서 봤네요 뭔가 뭉클하기도하구요...,1
R17979,타잔게임의 오프닝 앤딩이라면 10점,0
R17980,진짜 느끼는게많고 여운쩌는영화,1
R17981,"비록 수위높은 장면이 대부분이였지만, 영화의 말하고자 하는 바가 분명해서 좋았다. 볼만 한 영화.",1
R17982,아 이거 게이영화아냐?? 욱 토나와 썅,0
R17983,아이돌이 없는드라마 그리고 배우들 연기력도 다뛰어나고 무엇다 작품성이 있다,1
R17984,ta,0
R17985,저는 재밌고 아름다웠는데 왜이렇게 평이 나쁜지 모르겠습니다ㅠㅠ제가 원작을 안읽고 본 탓인가요... 전 아주 좋았어요!!!!,1
R17986,다들 보세여난 조앗음,1
R17987,"소재와 메세지는 좋지만 B급같은 연출력과 연기들 때문에 몰입이 안되며, 급한 마무리는 별점을 깎게 만든다. 이런 급 마무리는 우주전쟁 이후로 오랜만. 혼자 고군분투하는 니콜이 아까운 영화.",0
R17988,잼있네요. 우울할때 즐겁게 웃으세요. ost 넘 좋아여.,1
R17989,자극적인 것보다 때론 이런 잔잔함이 좋다.,1
R17990,음.......별루,0
R17991,꿈속을 거니는 것 같은 영화,1
R17992,평점 너무 낮아 10점 줍니다.,1
R17993,전설이죠.....,1
R17994,끊임없는 긴장과 액션 정말 좋아요,1
R17995,왕족으로의 부와 명예보다 강한게 사랑의 힘이라는 것일까?,1
R17996,ㅋㅋㅋ 주성치영화중에서 3위안에 드는 영화 ^^ 너무 재미있슴,1
R17997,배슬기님 안타깝네요.,0
R17998,여자아이 아역 청순하고 정말 아름답네요 79년도의 맑고 아름다운 자연을 대변하는듯한 느낌ㅜㅡ,1
R17999,"지금도 앞으로도 평생 이런 명작 전쟁영화 나오긴힘들 것이다. 노르망디 상륙작전 몇몇 영화도 봤지만항상 먼저 생각나는 영화 ""라이언 일병 구하기""소장 10개는 해도 전혀 후회없는 영화다. 쵝오!!!",1
R18000,하,1
R18001,그닥 내취향은 아님 별반...,0
R18002,제목부터가 웃겼지,0
R18003,덕분에 숙면을 했네요.불면증 치료에 도움이된 영화였어요.불면증 있으신분들한테 강추드려요.,0
R18004,별1개를줘도아까울영화다.보면무조건후회한다,0
R18005,간만에 드라마다운 드라마를 보게 되어 좋아요~ 역시 김수현 작가님! 주말 저녁에 시청했던 프로그램이 이 드라마로 변경되었네요~^^,1
R18006,세계의 모든 독단과 광신은 개인적 실리에서 출발한다,0
R18007,진부하고 따분하다 새로울 것이 없다,0
R18008,그런데로 괜찮았음. 나는 홍콩에서 봣죠.,1
R18009,"우리애기첫영화 너무너무 잘선택한거같아요""""ㅎ굳",1
R18010,영화보고 잘안우는데 질질짯다... 꼭보시길바랍니다....,1
R18011,금기된 사랑 그리고 파멸,1
R18012,현실적인 공감이 가득한 영화.,1
R18013,공포영화 보면서 어이없어서 한참 웃었던 영화는 처음 입니다. 계속 이어지는 억지 설정에 도저히 영화에 몰입이 되지 않을뿐더러 보는 내도록 짜증이나서 다보고 나서도 상당히 기분이 좋지 않았던 영화 입니다.,0
R18014,"ㅋㅋ재밌다..해적되서 배타고싶어졌음 모험돋음, 괴물들도 다양하고 세상의끝에서 떨어지는거랑 멋짐 .친구의여자를 차지한다는것은 예외였음",1
R18015,"이 영화를 보게되면 불가능은 깨라고 존재하며, 목표를 향해 목숨걸고 죽을각오로 달려야한다. 그래도 목표는 될까말까다 라는걸 볼수있다.",1
R18016,잘 만들어진 장편 뮤직비디오를 보는 느낌. 음악도 영상미도 너무 훌륭해서 보고나면 가슴벅차오르는 뭔가가 느껴짐.,1
R18017,"감정이라고는없는 냉혈한군인의슬픈눈빛,,그리고 눈물한방울,,역쉬 커트러셀!!",1
R18018,뻔뻔한 영화.,0
R18019,손은왜 닦아주는지..설정도너무이상해요. 연기들도 별로고 ㅜㅜㅜ,0
R18020,난 오늘 깨달았다 작가는 아무나 할수 있다는걸ㅋㅋ내가 글을써도 이보다 났겠다..도대체..티비를 박살내고 싶을지경이다..,0
R18021,"카메라,연출,감독의 발성만 좋았다면 좋은 실험작품이 되었을텐데",0
R18022,배리 레빈슨 감독의 의도가 무엇인지 도통 알 수 없다.,0
R18023,뒤로 갈수록 내용도 매끄럽게 이어지지 않고..결말이 없는 것같네요..,0
R18024,첫장면보고 심장멎을뻔했다.음악과영상의힘!그 황홀경,1
R18025,영화 내내 눈을 뗄 수 없게하는 스피디한 전개와 볼거리.. 그리고 무엇보다도 빠져들 수 밖에 없는 샤룩칸의 매력이 담긴 영화..!! 전작에 이어 이번도 반전이 볼거리..^^,1
R18026,여주인공캐스팅에돈 다써버린영화; 내가본뱀파이어중제일약하고 허접한 뱀파이어,0
R18027,1점도아깝다 0.5점은없나심사위원자기들이말하기를아무리 연습때잘해도 실전(무대)에서 못하면 꽝이라햇는데 무대에선 불안정해도 그땐 또 이야기가달라짐가능성을보고뽑겠습니다. 장난치는건가?,0
R18028,마펭이 역시 쵝오!ㅎㅎ 펭귄들 넘 귀여워염><*꺄 다시보고싶은 영화에요 ♥,1
R18029,잔잔하고 여운있는 영화였어요. 커피 한잔하고 싶어지네요.,1
R18030,2배속으로 보다가 껏음.,0
R18031,잼나요 5살짜리가 폭풍 집중해서보내요,1
R18032,아들 사이코패스임? 남 죽을까봐 전전긍긍하더니 가족 죽고나서는 울지도 않음 무슨 개떡같은,0
R18033,엑스파일에 미스터리가 없다,0
R18034,너무 길 것 같아서 솔직히 걱정했지만 마지막 커튼콜때에는 완전 감동작열!ost 원츄!~,1
R18035,좀 색다르긴한데.. 뭐가좀 부족한 느낌?,0
R18036,쌩뚱맞은 느낌의 느끼한 틴에이져 연애물.,0
R18037,동물원에서 악어우리 유리창쏴서 악어들이 악당죽인 씬은 잊을수가 없다~~~,1
R18038,1편 보고 보니 영 지루함. 반전 없고 줄거리 없고 결말 뻔하고.. ㅉ,0
R18039,그냥 책으로 읽는게 더 절절하게 다가온다. 영화는 내용을 너무 비약하고 삭제해서 행간을 잃어버렸다. 책에서 꽉 찼었던 느낌과 반대로 모든 것이 엉성하다.,0
R18040,기억에 남는 인상 깊은 영화다.,1
R18041,좋은 배우들 데려다 킬링타임 거리도 않되는 쓰레기를 만드셨어.,0
R18042,홍감독이 꼬여있는 일상의 삶에 대한 조명보다는 아름다운 부분을 부각시켜주는 영화를 만들면 어떨까하는 생각이...,0
R18043,참 곱고 이쁜 데비 레이놀즈. 그러나 극중 리나는 불쌍했다.,0
R18044,"정의랑 메가박스에서 본 독특한 독일영화, 화려한 물고기 페인팅이 기억",1
R18045,한국영화 역대급 원톱 ...,1
R18046,보기드문 영화다운 영화..,1
R18047,첨에는 그럴 듯 하다가 산으로 가는 스토리.,0
R18048,"전개는 무리수였으나, 사회적 문제를 걸고넘어지는 게 매력",1
R18049,"그래 이거야, 요즘 드라마 작가들은 이것좀 보고 얄팍하게 따라하기 보다 반성좀 하쇼~",1
R18050,분위기와 대사의 아련함등이 잘 표현 되었고 연기또한 뒷바침 해준 영화,1
R18051,이건 명작 중에 명작이다.... 명 연출 명 연기 이런 영화 절대 안 나온다 진심이다.!,1
R18052,개독교를 잘보여주고 잇다 유럽의.마녀사냥과 다르게 미국은 아주 그냥 종교 전체 전국적으로 마녀사냥한다 .지금까지도,1
R18053,이게 왜6점대냐 이정도로 현실적으로 잘 만든 스릴러 많이없다,1
R18054,잔인하기도하지만볼만하고반전도있어서재밌군요,1
R18055,1980년작 귀타귀와 연관 지어져서 귀타귀2로도 알려져있는디 이 영화는 귀타귀2 아니예유. 그냥 인혁인이에유. 귀타귀2는 1990년작 귀요귀라는 제목으로 따로 있어유. 이 당시엔 영화 수입을 바보가 했나보네유.,1
R18056,"원래 8점인데, 평점 넘 낮아서 10점 줌.",1
R18057,리뷰를 안보고 본게 나의 실수였다. ㅋ 아앜OTL,0
R18058,박평식이 영화나보고 평가하냐? 니가왜평론가인지 진짜의문이다 창피한줄알어 이양반아,1
R18059,무삭제로보는 감동,1
R18060,"지루한건 아닌데 전체적으로 별루다. 송강호, 이나영 둘다 완전 미스캐스팅에 늑대개 연출도 어색, 유하감독이랑 이 내용이랑 안맞는다.",0
R18061,워낭소리에 이어 다큐 영화는 두번째인데 느낌은 다르지만 정말 추천하고 싶은 영화!,1
R18062,훈련상황인걸 확신했을때는 벤도 이미 저쪽 편이라는 걸 알게 되었을때. ㅋㅋ모두 다 룰렛에 대해서 물어보니 당연히 눈치채지.... 쯔쯔쯔,0
R18063,결론적으로 한OO하고 얼마 받는단 말인가요.? 나도 그 가격에 안되나..ㅋㅋ,0
R18064,하...송중기....,0
R18065,클레이애니메이션의 매력에 흠뻑! 성인인 내가 봐도 넘 잼났다는 >_<,1
R18066,멈추는날이 아니라 이미 멈췄다,0
R18067,처음본 나이트메어시리즈.. 따분한 밤시간에 잠 확달아나게 하는군ㅋㅋ,1
R18068,이게 바로 음악영화입니다,1
R18069,캐스팅에서부터 돈버린티가 팍팍나는 비싼 쓰레기영화,0
R18070,"타짜가 최고였지 타짜로 묻어간영화지만 천만관객은 너무함..잘만들어진영화도 아니고 그리잼있는 영화도 아니고 흔한소재,내용인데...",0
R18071,이 영활 보고나면 흐뭇해진다.. 영화는 한국이 더 잘만든다는 걸 느끼게 되니까..,0
R18072,오~ 신이시여....,0
R18073,터미네이터2가 대작이어서 차이가 나서 그렇지 나름 재밌음예전에 진짜 무서웠었는데..ㅋㅋㅋ그리고 주인공 외모가 영화의 평점에 기준이 안된다는데주인공못생기면 보기싫은건맞는데그걸로 배우 선택하는거고; 그리고 악역 너무 이쁨ㄷㄷ,1
R18074,푸치니에 대한 사전지식을 알고나서 보시면 아주 좋은 영화로 손꼽힐 듯...,1
R18075,학교에서 보여줬는데 눈물이 나더라고요저도 하고 싶지만 다문화가정만 되는거라서....그만큼 감동적이였습니다,1
R18076,평점이왜이럼,1
R18077,모든것이 후지다. 감동도없고 뭐든지 다없다. 유치하고.. 연령7세이하 영화.,0
R18078,원작소설을 본 한사람으로써 영화가 너무너무 부족하다.. 원작을 망쳐놓은듯한 느낌,0
R18079,"오랜만, [도마뱀]. 아리와 조강이 참 예쁘네요 :) 다른말 다 필요없고- 참 예쁜영화♥",1
R18080,잔잔한 배경 음악을 틀고 휴식할 때처럼 늦은 밤 켜놓고 싶은 영화,1
R18081,애들꺼,0
R18082,"소재의 참신성과 집중도가 처음 20분 까지만 유지됨. 참신한 블랙코미디가 될뻔했던 소재를 웃음강박, 감동강박으로 허탈하게 날려 버린 작품. 방가 역의 김인권과 장미 역의 신현빈은 충분히 매력적이었으니 각각 하나 씩 별을 주어 별 두개짜리.",0
R18083,전작품이 너무 좋아서 기대하고 봤다가 짜증나서 혼났다.,0
R18084,개 망작,0
R18085,총체적 난국 여기저기서 본 영화 짜집기에 주원의 폭탄머리에 박보영이 이렇게 연기를 못했나 싶을정도 최악.그나마 동생역이 나음 마지막 부분에서만 쥐어짜듯 만회하려는 박보영 연기에 개연성있는척하는 마무리 엔딩.이건 머 내가 본 공포영화중 최악.0점 없나?,0
R18086,무차별 안구테러가 시작된다,0
R18087,병맛이지만 진지함이 묻어있다.확실히 여타 한국 코메디의 피식거림과는 확연한 차이가 있으며 주연조연 할것없이 연기가 탁월하다. 코메디지만 무시할수 없는 수준이다.,1
R18088,정말 경악을 금치못하겠더군요! 이렇게 돈아까운 영화를 만들다니! 제기 이영화를 예매한 모습이 떠올라 무서워 눈물이 다났습니다,0
R18089,주인공의 쓸데없는 고뇌와 똥폼 176분 액션 1분,0
R18090,시간이 남아도시는분들은 보세여..ㅜㅜ,0
R18091,잘봤어요 일본 영하 팬이에요,1
R18092,잘봤어요!!!! 대박나길♡♡♡,1
R18093,하....지루해. 진짜 넘하네,0
R18094,알바들이냐 아니면 혼자죽기아깝다는거냐여배우보는게 끝이였다역시인도,0
R18095,원작임에도 데이빗 핀처의 위엄엔...,0
R18096,어설프지만 꽉차있는 느낌이네요,1
R18097,발칙해지려는 천둥벌거숭이들의 '폭풍' 성장기.,0
R18098,스토리도 조잡하고 연기력도 최악 너도내가돌덩이라고 생각해? 할때 개토나옴 탐정도 존나싸보여,0
R18099,흑백영화만의 영상미는 돋보이지만 이야기 전개가 지루하군,0
R18100,살다 살다 진짜 이런 쓰레기 영화는 처음본다....,0
R18101,심심한듯하나 화려한 면면들의 풋풋한 모습처럼 맑고 깨끗함 그자체다. 명장면은 원빈이 사랑에대해 고백하는 씬,1
R18102,내 가슴이 느끼기를... 영화속에 피어나는 순수하게 미친 것들...,0
R18103,김빠진 스릴러.,0
R18104,와어이없어서말도안나오냌ㅋㄱㄲㄱ자다가물따귀맞은기분ㅋㄱㅋ별점1개도사치다ㅋㄲ,0
R18105,내가 이영화에 1점을 주는 이유는 0점이 없기 때문이다..,0
R18106,일상에서 일어날 수 있는 직장을 소재로 내용이 신선.기존 공포 영화의 틀을 깨는 긴장감.,1
R18107,왜 자꾸 스텝업 시리즈를 스토리로 보려는지 이해가안됀다,1
R18108,거짓말 안하고 30번 넘게봤다,1
R18109,우리 꽃비 언제나오나 언제나오나 하다가 끝나네 OOO 꽃비 언제 나오는겨~ 도대체!,0
R18110,애들보기엔 좋겟네..,0
R18111,지루했어요 내용이 밍밍,0
R18112,스페인어를 할줄 알았으면 좋았을텐데...,1
R18113,만질 수 없는 것도 사랑할 수 있다는 것을 보여주는 하나의 아름다운 예다.,1
R18114,이건 추억으로 간직했으면,0
R18115,28년을 살면서 이렇게 섬뜩하고도 잔인하며 찝찝한 기분은 처음이었다...,1
R18116,재밌는데 달달한거 좀 더 나왔으면 좋았을듯 ㅋㅋ,1
R18117,울었어...쪽 팔리게...(웃음),1
R18118,너무많이봤어ㅠㅜ 기억을 지우고 다시보고싶은 영화,1
R18119,풍자는 진짜 잘돼있음 다만 좀 미국 까는거에 치중돼있음 좀더 여러나라 골고루 깟으면 더 좋았을거같아요.,1
R18120,이야기 자체가 흥미를 끌지 못하는군,0
R18121,이재은이 불쌍하다고 느낀영화-_-,0
R18122,다수가 아닌 소수를 위해 만든듯한 영화..너무 어렵다;;,0
R18123,전편의 성공(?)으로 나온 속편 스토리는 중요하지 않다,0
R18124,필리피노와의 로맨스는 정말 극혐이다. 그리고 주연급 배우들의 로맨스 연기는 많이 부족해 보인다.,0
R18125,마미야형제의 순수한 일상과 새로운 만남으로 인한 소소한 변화들..맘이 따듯하다^^~*,1
R18126,"모호한스토리,,할로윈의 정체성을 잃어가고있음 ~~~~~~",0
R18127,진짜보지마라 시간낭비다,0
R18128,내가 영화 뜻을 이해 못하는건가? 보는 내내 지루했고 영화 끝났을때는 내가 뭘 봤다고 끝난거지? 하는 생각만들었음,0
R18129,사용된 음악이 너무 뜻밖이라서 내용이 기억이 안난다. 다시 다운받아서 봐야겠다.,1
R18130,이영화를 생각하면 마음이 설렌다.,1
R18131,이별할때마다 다시보게 되는 영화 good as always,1
R18132,이것두 영화랍시고 봤었지,0
R18133,조폭미화의끝이다 정말.. 나이쳐먹은 아재들 이거보면서 옛추억이니 뭐니 허세떨지마이소 쪽팔린지 알아야지 ㅉㅉ,0
R18134,완전 재밌음 최고 명작이다 진짜,1
R18135,현대의 가족적 문제를 빼어나게 다룬 수작,1
R18136,명작이다,1
R18137,총소리도 시큰둥해지는 무자비한 폭격,0
R18138,패스트푸드 홍보영화 구나 !! 야호 !!,0
R18139,시간가는줄 모르게 집중한 영화,1
R18140,"청혼에 나오는 ""앤"" 내스타일 이에요 꼭 보고 싶어요^^*",1
R18141,친구2 보다 재밌네요!! 적극추천!!!,1
R18142,쏘우2까진 바줄만 했다,1
R18143,좀무서웟는데 스토리가어떻게된거임?,1
R18144,빈스 본의 한계를 절실하게 느끼는 영화. 빈스 본 영화 절대 안 본다,0
R18145,패닉룸과 더불어 악당을 응원하게 됨 킬리언머피의 반전 연기없었으면 평점1점 도 아까움 혈압유발하는영화,0
R18146,강인씨의 발연기 잘보았습니다^^ 앞으로 영화출연은 연기력을 더늘리고난뒤 출연부탁드려요 돈아까워서....,0
R18147,민주주의를열망하는또다른사람들의이야기나라의독립을위해소수민족의뜻을모으고외세를물리친아웅산장군과조국을버릴수없었던그의딸아웅산수치이들의이야기자체를알게된것만으로도이영화는만점짜리영화이다,1
R18148,어디 지방대 연극영화학부 졸업작품이라고 하면 수긍갈만한 작품 ㅋㅋ,0
R18149,"살다살다 드라마평점은 첨 써본다. 진짜 결말 왜이래. 불륜남녀 이어지고, 아동학대 새엄만 여주인공보다 행복해지고...참나...",0
R18150,평균 1점에 도전하자,0
R18151,별로여 별로별로별로ㅋ,0
R18152,재밌다.!!!ㅋㅋ또 보고싶네요,1
R18153,이영화는 정말 아름답고 귀여워...넘흐나 사랑스러운 영화^^*,1
R18154,포스터봐봐 답나오잖아 뉴하트지성때문에 봣는데 이런;;,0
R18155,평점이 왜이런지모르겠다 재미있다,1
R18156,2도 재밌고 무엇보다 결말이 마음에 드네요.,1
R18157,알렉산더 재민있게봤어요 전쟁도그렇고 역사적 민족융합이래야되나 노력하는 알렉산더와 현실에 만족하려하는자들과 도전하는 자유인? 여튼 복잡하고 지루한면도있었지만 다땔부수고 난리인 영화만 잼있는게아님... 평점이 이렇게 낮을만하진않았음,1
R18158,주인공 빠가사리네 보는 내내 답답해서 죽는줄 알았다.,0
R18159,빌리에리어트 줄 알았다가 동생에게 굴욕 나에게 굴욕을 준 영화,0
R18160,명배우들이 아까운 영화; 변태스토커에 기분만 드럽다는 생각밖에 들지 않는다,0
R18161,진상 허접 저질 막장 사이코 드라마. . 같은 내용 다른 대사로 몇주를 끄시나요 우물 안에 갇힌 드라마 작가님 책좀 많이 읽고 견문도 넓히고 인생 경험도 많이 해보슈 이런 수준으로 방송 작가 된것도 이해불가,0
R18162,긴장감도없고 허술하고. 사람죽이는거야 다 잔인하다 여기지만...공포감은 50년대 드라큐라보다 못함..,0
R18163,정망 말이 필요없는 유머 ㅋㅋ,1
R18164,내 생애 최악의 한국공포영화.. 영화라 하기에도 그렇다 걍 동영상,0
R18165,황당무개한 스토리에 어디에서 많이 본 케릭터들.,0
R18166,하....이게 대체....,0
R18167,좀만 더 친절했으면,0
R18168,그래서 대체 고양이 소녀는 왜 그 지경까지 간건데,0
R18169,타란티노의 위대함과 함께 한계도 명징하게 보여주는 가장 타란티노다운 작품,1
R18170,내 생애 최고의 영화 다섯 손가락 안에 드는 영화,1
R18171,임팩트 없이 흘러간 짧은 시간,0
R18172,뻔한스토리 + 재미없음 비디오가게에 가져다 놓을 가치도 없다,0
R18173,0개없어 이거????????? 끝까지 다 안본 내가 자랑스럽다,0
R18174,수작 1편보다 반전 뺴고 모든게 우수,1
R18175,0점 영화지만 훌륭한 음악이 살렸다...1점...내가 느끼기엔 한편의 막장영화..,0
R18176,"▷우린 영화를 보러간 거지, 뉴스를 보러 간게 아니란 말야! ▷담고있는 내용이 아무리 좋아도 포장이 엉망일때 나오는 결과물! ▷웬만한 TV다큐만도 못한 다큐!",0
R18177,서양인이 동양(일본)에 대한 어설픈 환상만으로 영화를 만들면 이렇게 된다; 배경은일본 배우는 중국인 언어는 영어인 괴상한 영화;,0
R18178,미셀로드리게스 제시카알바빼고 볼게없다,0
R18179,그시대 문화와 미로 승부하는 영화. 소품의상배경색감은 정말 예쁘다 그 쪽에 중점뒀으니 스토리나 감정이 약한건 괜찮은게 흐름도없고 주인공의 상황이나 감정을 그냥 겉핥기함 배우들얼굴이 시대나 역할에 안맞아서 비쥬얼도 백점 아님 오로지 소품배경으로 2점,0
R18180,자꾸 또 보고싶어지는 영화랍니다.^^,1
R18181,뻔한 멜로영화 속 줄거리가 가슴 아프도록 마음 시리다.,1
R18182,감동??ㅉㅉ 다른 영화 보세요..이게 감동적이면..,0
R18183,그냥 보고만 있어도 좋다 보고 또보고,1
R18184,내 인생 베스트 영화 중 하나. 여러번 돌려보게 만드는 묘한 매력이 있다. 나이먹고 머리크고 보니 작위적인 전개가 보이긴 하지만 그걸 다 커버하는 음악의 힘. 우리나라의 한의 정서와 비슷한 구슬픈 바이올린 소리가 아직도 잊혀지지 않는다....,1
R18185,이런영화는 러쎌웨폰따위와 비교하지말아주시죠 러썰웨폰은 쓰레기,1
R18186,세계100대 영화에 들었다는거..,1
R18187,진실한 사랑을 찾아 육지로 나온 인어아가씨 아쿠아마린의 로맨스와 소녀들의 우정을 담은 작품,1
R18188,느릿느릿하게 따뜻함이 다가온다.,1
R18189,마지막 최고의 반전,1
R18190,겨울왕국보다 훨씬잼 ㅜㅜ,1
R18191,헐리웃 3대 반전영화 중 하나. 이젠 결말을 알지만 다시 봐도 놀랍고 감동적이다.,1
R18192,영화 내내 돋보이던 루크 에반스의 인간적인 드라큘라의 완성과 찰스 댄스의 완벽한 끝마무리가 소름을 돋게 한다. 감상따윈 필요없다. 일단봐라,1
R18193,1점 주고 갈께요..그게 맞는듯,0
R18194,돈자루 매고 총격전.. 그리고 총 소리 울림은.. 잊지 못하죠,1
R18195,투쟁과 복수의 덧없음과 이를 깨달아가는 진정한 과정을 그린 영화.. 유덕화와 성룡의 연기력도 뛰어나지만 촬영 영상미 또한 극대화한 영화...,1
R18196,개주인들만 알수잇는 고통.. 그리고 흑백대신 다음엔 컬러로도 리바이브해주세요^^,1
R18197,알파치노치곤 평범하군,0
R18198,과함한 폐지에 박수를 보낸다!,0
R18199,최강희.. 시상식씬에서 연기가 좀 보기거북햇습니다 꼬장부리는거같네요 인물이 왜 거기서 그렇게 화냈어야하는지 이해가안가요,0
R18200,15년전애니라니.. 우리나라에서 15년 후엔 가능할까. 일본은 싫으나..,1
R18201,hihi5740hi ㅄ 해운대는 10점이면서 이 영화는 0점 영화 보지마라 ㅉㅉㅅㅋ,1
R18202,10점이라고 못을 박기엔 다분히 오해의 소지가 있지만 삽질하다가 금광이라도 발견한 듯한 기분이다. 오연재 또한 기대된다. One of the unknown masterpieces.,1
R18203,"모든 배우 최고의 연기와 스토리, 감동적인 영화...",1
R18204,"유치의 극치, 무지와 억지..",0
R18205,최명길의 독백은 전률이 느껴질 정도였다.,1
R18206,심각할 정도로 짜증을 유발시키는 영화다.자신을 희생하면서 무고한 사람들의 목숨을 구하겠다는 애기인데 그것이 과연 최선의 방법이었을까?정작 자신을 누가 돌봐준단말인가?어리석음으로 가득찬 영화.,0
R18207,영화는 재미있기도하고 생각하게도 한다 더불어 신선한 2인1역..,1
R18208,인혜는바보고 지은이는 뭘해도되는...!내용도내용이지만 그 이은하아줌마목소리점그만들음안될까요? 줘짜는목소리 업소필...ost가 짜증나기는 이드라마가첨이네요...제발좀 부탁드릴께요...그아줌마목솔좀바꿔주세요,0
R18209,훌륭한 영화입니다.,1
R18210,답없어.. 도저히 못보겠다..,0
R18211,저도 레고 매니아 이기 때문에 이 영화에 관해서 10점을 드립니다.,1
R18212,캐감동..,1
R18213,"존나 장난하냐. ㅆ ㅣ 바 욕밖에 안나온다. 굉장히 잘 담아낸거겠지. 미친 세상에 어울리는 미친 영화. 이런거 볼수록 더 미칠테고. 본시간이 정말 아깝다. 영화는 왜 보냐 생각하고, 때론 쉬고, 느끼고 싶으니까 보는건데!!!!!!!!!",0
R18214,진지해서 더 웃긴 인간의 기본적인 욕망 / 과장되기는 했어도 틀린것은 없는 듯,0
R18215,정말 좋은 애니메이션공룡영화입니다.,1
R18216,누가 그랬다 20살의 남자는 임신을 보고도 섹스 하는 상상만하지만....자식을 키운 남자는 임산부가 아름답게 보인다고..영화에게 몇년전에 느낀거 보다 더 많은것이 느껴진다..보면 볼수록...나이가 들수록... 좋은 영화다. 현실속의 사랑이..,1
R18217,와..이건진짜 으리으리한데..?,1
R18218,영상은 이쁘다. 하지만 오리엔탈리즘의 극을 보여주는 불편하고 짜증나는 영화.,0
R18219,서스펜스는 훌륭하지만 전쟁을 한쪽만의 시선으로 담았기에 아무리 포장해도 변명으로 들린다.,0
R18220,천사가 부르는 듯한 목소리,1
R18221,"야밤에 본 영화..섬세한 구성, 대사..재미있다~",1
R18222,수목장보다 낫ㄴ다,0
R18223,최고!배우들 목소리부터 모든게 다 좋아요 ㅜㅠ 사랑스럽고 귀여운 여우가족,1
R18224,짙은가난의추억같은80년대..이래서어른들이못배운게한이되고공부해라하는거구나..,1
R18225,"잔잔한 웃음은 있는데 , 한방이 없다.",0
R18226,줄거리만 긴장타네 ㅋㅋ,0
R18227,다르덴 형제의 사랑 이야기,1
R18228,이거보다 잤다,0
R18229,애들이 너무재밌어하네요~욕괴워치 짱!,1
R18230,전체구성은 좋은듯하나 너무 지루한 전계,0
R18231,이거 재미없어요 ..;;,0
R18232,으휴,0
R18233,정말로 감동적이에용~질리지 않는 영화에요~,1
R18234,"사랑하고싶어지는 영화 , 늙은청춘을 위한영화 , 정말 영화가 끝난줄도 모르게 만들었던 영화",1
R18235,삶은 순간의 연속이다.,1
R18236,"소녀시대 이름 나열할 때 표정연기 말곤 볼게 없었다. 아..참, 그래도 상의탈의는 확실히 한다. 여주 4명 모두.",0
R18237,이것이야말로 호러와 서스펜스의 컬트무비라 할수있다.박찬욱<스토커>에서 여러가지 인용했음을 이 영화를 보고나면 알 수 있다.,1
R18238,논스톱애들보다 연기더못해 완전짜증난다.,0
R18239,이 영화가 계기가 되서 이 후로는 한국영화 절대로 안본다.,0
R18240,장르가 코미디라고??별반개도 아깝다,0
R18241,정말 감동적인 영화입니다. 여운을 남겨주는 영화죠.,1
R18242,이런게 진짜 영화지. 처음부터 끝까지 완벽했다.,1
R18243,단순한 스토리지만 순순함의매력이 끌리는 영화다,1
R18244,오빠란 놈을 한대 패주고 싶다..정말 짜증나는 녀석이다. 용서는 개뿔..,1
R18245,오빠들 사랑해여 ~~!! 저요 권이오빠 짱팬이에여~~!>3<권이 오빠사랑해여~~!!>,1
R18246,잔잔하고 멋있게 영화다운 영화다.,1
R18247,ㅋㅋㅋㅋㅋ 이런 작품을 기다려 왔다.,1
R18248,우리나라가 자랑스러운점은 정말 많다. 하지만 이영화를 외국인 범죄자 미화하는 영화로 보는 저런사람들은 좀 챙피하다.,1
R18249,8점대는되야지,1
R18250,쫌 이류급. 다음은 평점 낮은데 네이버는 평점이 과대평가 되어있는 경향이 있는듯.,0
R18251,구혜선이라는 편견을 버리고 볼려고 했지만 아쉽구만....,0
R18252,매력적인 배우들을 한물간 배우로 보이게 만드는 신기한 영화,0
R18253,대리만족,1
R18254,원작의 새로운 재해석! 스토리나 특수효과도 좋았고 전반적으로 맘에들었음,1
R18255,넘 훌륭합니다 꼭 보세요,1
R18256,"여성국극?다카라즈카의아류일뿐...그 이상도,그 이하도,아무것도 아니다...",0
R18257,끝까지 열심히 하고서 합격자 발표란에 가서 자신의 이름을 찾는...,1
R18258,"독특하게 만들려고 노력했지만, 오히려 그게 더 몰입감을 방해. 졸작으로 전락",0
R18259,그 옛날 티 비에서 재방영 할때 봣던 영화,1
R18260,19금 영화를 이렇게 유치하게 만들어 놓다니.. 사회지도층이 그냥 아무이유없이 엘리시움 주민수를 제한하고 있엇다는 결말에선 헛웃음 밖에 안나오네요.. 그리고 살려고 불법도 마다하지 않지만 생판 남의 자식을 살리기 위해 기꺼이 죽는 성자 주인공도 웃겼음,0
R18261,진부한 감성팔이 영화. 열혈 주인공이 영웅행세하는 영화. 보는내내 어쩌라고 라는 말밖에 나오지 않는다,0
R18262,"사람의 욕심은 끝이 없고, 같은 실수를 반복한다.",0
R18263,지루하고 가슴도 안 나오고 ...,0
R18264,평점1점대에 영화이다. 다른사람속이지 말고 솔직한 평점을 남기자. 이건 공짜표가 생겨도 안볼영화고 내인생 최고에 아까운 시간이였다.,0
R18265,공간 연출의 실패와 배우들의 한계가 괜찮은 이야기를 덮어버렸다..,0
R18266,묻지마 범행을 저지르는 범인과의 혈투....,0
R18267,재밌었어요 스릴도 있었구요 액션신이 기억에 남아요,1
R18268,다시 봐도 명작이네요너무 아름다운 줄리아로버츠와 어리숙함이 더 멋진 휴 그랜트,1
R18269,연아..ㅜㅜ 꼭보세요,1
R18270,어떤 내용인지 궁금합니다.,0
R18271,후반들어 법적공방과 반전은 이영화의 묘미.,1
R18272,17회로 끝났으면 전설로 기억될 드라마. 나머지 3회는 팬서비스를 위한 사족 같이 느껴졌다.,1
R18273,"귀가 아플정도로 쨍쨍대는 대사가 나올땐 좀 화가 나긴 합니다만... 그래도 보게되는 드라마. 혜윤이에게 내모습, 내 사는 모습이 녹아 있는것 같아서. ..그리고 결혼에 대해 많은 생각을 하게해 줘서 좋다.",1
R18274,"고소영,임창정의 이쁜영화♥",1
R18275,바보같은 가난한자를앞세워 세상을악으로정의한 상투적영화.북한사람설정일필요도없다,0
R18276,오스틴 파워 시리즈의 향기가 물신. 재미는 있으나 취향은 아니다.,0
R18277,"로맨스와 스릴러, 가족애가 잘 버무려진 영화.",1
R18278,너무 밋밋한 스토리,0
R18279,액션에 환장함,1
R18280,생각하게하는 영화. 꼭 볼만.,1
R18281,이 영화가 벌써 10년 전이라니 ㅠㅠ,1
R18282,진부한 결말이 아닌 장면 장면 마다의 여운과 메세지. 그것이 영화가 말하고자 하는바,1
R18283,돈주고 보기 아까움 ㅋ 쫌 그러네~~~^^;;;,0
R18284,굳 일요일저녁 볼만함 챙겨봄 ㅎㅎ,1
R18285,걍 보면 본시리즈 생각남박휘순 연기 개인적으로 비호감,0
R18286,이거보고 후유증이 너무 오래가요ㅠㅠ마음을 찡하게 울리는 애니,1
R18287,내가 처음으로 다크나이트 배트맨 비긴즈볼땐 지루해서 재미없다고 생각했지만 처음부터 내용이해하면서 보니까 시간 개빨리감 개꿀잼,1
R18288,조선시대에도 중2병은 있었다,0
R18289,와우! 이거 매우 재밌는데!!!,1
R18290,안개 속에서 균형을 잃고는 자신도 감당치 못할 탐욕을 부리다 압도적인 운명의 거미줄 속에서 공포와 절망과 함께 파멸한다. 반면 셰익스피어의 색채를 뺀 자리에 자신의 색깔로 과감히 채워넣는 구로사와 감독의 예술가적인 야망은 대단히 성공적이라는 아이러니.,1
R18291,공포영화지만 하나도 안무서운...정말최저의제작비와 무명의저급배우들...좀 과하게말하자면 절대 극장가서봐서는 안되는....쿠폰으로봐도아까운 그런영화입니다.마지막숨어있는 여자의포즈는 일부러 자극적인 장면을 넣어서 관객몰이를 유도하는...아...답답하네요.,0
R18292,도라에몽 믿고보길 잘한것같다는생각이듭니다.... 절대웃기고 감동도있고 맨마지막에 NG넣은거 정말 기발했다고 생각드네요~~ 도라에몽 극장판 앞으로는 3D로해도될것같아요 ㅎㅎ,1
R18293,김규리가 하지원보다 인기가많았을때군.. 그리고 한국영화공포물은 전부비슷,0
R18294,이 영화 '애랑' 시나리오 작가 입니다. 아무리 저예산이라고 해도 어떻게 작가인 저와 직접 계약도 하지 않고 저도 모르게 제작이 되어서 개봉을 하고 판매를 하고 있는지 이해할 수가 없습니다. 내용도 제작비 안 들게 마구 바꿔 놨네요. 해명 부탁드립니다,0
R18295,"구성과 스토리가 유치하다고 생각할 수도 있겠으나 뮤지컬이 원래 감정을 쉬운말로 솔직하게 노래하는것이니 난 괜찮았다. 다만 고전영화 광으로서 연출이 60년초 작품치고는 50년대,40년대와 별다르지 않아서 -1점... 가벼운마음으로 신나게 감상했다",1
R18296,"다모와 미사보다 앞섰던 드라마! 디테일한 캐릭터와 연출과 편집, 연기력, ost!",1
R18297,ACE 짐 캐리~!!,1
R18298,엄청 재밌어요,1
R18299,솔까 정말 지루하고 재미없었다.,0
R18300,어릴적 tv로 많이봤던영화 지금봐도 재미있다,1
R18301,뭐지? 공포영화라면서? 이때까지 뭘 봤는지 모르겠다 그나마 여자애들땜에 참고 본거임,0
R18302,아메리칸파이 처음 봤을때가 20살이었는데 지금 30살이 넘어서 보니까 출연배우들 너무 반가웠다. 괜시리 짠해지네.나도 이런 친구들이 있었으면...,1
R18303,남자가 꿈꾸는 로맨스. 나이 어린 영계가 아니라 순수한 사람을 찾고 싶은..아무것도 모르는 사람에서 세상에 눈을 뜬 사람과의 사랑을 해 본 사람이라면 공감이 가는 이야기.. 너무 슬프다.,1
R18304,성룡님 나오신다고해서본건데 까메오;; 포스터왜저럼,0
R18305,스타게이트 시리즈 정말 최고^^*,1
R18306,심하게 말이 안됨,0
R18307,더럽게 잼없네 쓰레기ㅉㅉ 1점준것중 한국영화는 10점주는 M창있네,0
R18308,마블은 정말 대단한 기획사임,1
R18309,주인공 묘사에 20분 넘네 지루,0
R18310,딴건몰라도 전편의 몇십배를 뛰어넘은 스토리와 볼거리를 제공했다. 진짜 최고의 액션영화인듯 영화 아저씨의 무술이 생각나긴 하는데 그것보다 몇단계위의 액션신을 보여준듯하다. 진짜 진짜 최고임,1
R18311,이영화를 만든 이유가 뭐냐?,0
R18312,배우들이 불쌍하네...이런감독만나서 한마디로 이영화 짜증대박!!,0
R18313,또보고싶다,1
R18314,오글오글 유치하고 먼 옛날 영화인가..연기력도..하..,0
R18315,이민기잘생긴거빼고모르겟다..,0
R18316,하비 케이틀의 다시 없을 흑역사,0
R18317,맥없는 스토리에 갈팡질팡 케서방,0
R18318,여주 연기 더럽게 못한다. 여주 때문에 보다가 포기했다.,0
R18319,팬심으로 봤지만 시간이 아까웠던 영화,0
R18320,꿀잼!스토리도괜찮고아주좋네요☆★☆★☆★☆,1
R18321,차라리 책을 읽었더라면...,0
R18322,1편보다 더 많이 거슬리면서 덜 재밌었던 영화.,0
R18323,액션조차 몸부림에 불과,0
R18324,뭔 심오한 철학이 있는지 몰라도 영화가 이렇게 사람 인내심 테스트하면 곤란하지...,0
R18325,관객에게 무엇을 전하려는지 의도를 모르겠네요 ;;,0
R18326,죽여버리고 싶을정도로 재미없음.나오라는 귀신은 안나오고 세수질ㅋㅋ,0
R18327,아... 시간이 아깝네...,0
R18328,별점은 이런 영화에 주라고 있는 것이 아니다!,0
R18329,준기랑 아오이 데리고 병맛작렬 감독 대단한득...ㅡㅡ;,0
R18330,아이디어 좋고 생각보다 재미나요,1
R18331,"주인공의 내면 세계, 고뇌, 동료들의 갈등..모든것이 한대 어우러진 영화..최고다",1
R18332,우와~~너무 재밌어요 보는 동안 1초도 눈을뗄수가 없엇어요 ^^,1
R18333,잊혀지지않는작품중하나..젊은이의양지.첫사랑.태양은가득히..다시리메이크했음좋겠다.,1
R18334,노홍철 님은 너무솔직한나머지 막말을잘하는거같아요좀적당히가려서하시길,1
R18335,최헌의 노래와 함께 도입부가 참 좋다,1
R18336,도대체 뭐하는 프로그램 인가요?의도를 모르겠어요 제목이랑 프로그램 자체도 맞지 않는것 같고....예능보다가 화나기는 첨이네요ㅡㅜ,0
R18337,9.11은 무엇인가?,1
R18338,스톰 브레이커가 아니라 재미 브레이커.. 걍 잘생긴 소년보며 눈호강하려고보다 손발이 사라지게 만든 영화..,0
R18339,"자정 넘어 먹으면 괴물 되고, 물에 닿으면 등에서 새끼나오고... 얼마나 매력적인지",1
R18340,환타지무협의 장르를 개척한 영화!!서극감독의 실험정신,1
R18341,신연식감독 천재아닌가요~~관객대화에서 려원 소이 씨를봤다 소이씨 강하면서도 부드러운 느낌이포근이 마음에 남는영화다 실망시키지않은수준있는 감독 언어 배경 좋았다,1
R18342,찍은사람 ㅈㄴ 띠껍네 ㅡㅡ 왜 가족들을 팔아서 돈벌려하냐,0
R18343,도대체 스릴러의 긴장감을 1시간57분이나 유지할 수 있다는 근거없는 자신감은 어디서 나오는 걸까? 편집 좀 해서 1시간30분으로 줄였어야 하지 않냐 감독아?,0
R18344,설명이필요없음+.+그냥보면안다..진짜..!!ㅋㅋ연기자들의실감나는연기때문에더흥미진진~이미숙님최고^^♥귀여우신최화정님커플^^너무즐거운드라마다아쉽다이제끝이라니ㅜ앞으로도쭉이런드라마가많이좀나왔으면하는바램이당ㅠ이런드라마..현실성있고우리가같이공감할수있는,1
R18345,앞으로도 언제까지나 나에겐 최고의 판타지♥책도 다 읽어보신분들은 얼마나 멋진 이야기인지다들 아시죠??ㅎ,1
R18346,이런 유쾌한 캐릭터무비 굿,1
R18347,아빠와 아들이 이성으로서의 사랑에 빠지면 이거는 동성애입니까? 근친입니까?,0
R18348,설마 뭔가 있겠지 하며 끝까지 봤다.지루한 거 다 참아가며...근데 끝까지 지루한게 다였던 영화.말하고자 하는게 뭔지도 모르겠고 평점높게 준사람들 다 알바같음.객관적으로 최근 본 영화 중 가장 졸작.,0
R18349,진짜 나루토 시청한사람인데 나루토 극장판중에서 제일 집중적이게 본 영화고 나루토 고독함이.. 여기까지 전해짐 ㅠㅠㅠ,1
R18350,난 오히려 예지원의 오버연기가 거슬렸음 비추,0
R18351,전형적인 B급영화 돈주고 봤으면 후회할 영화 그리고 티셔츠에 욱일승천기 상당히 기분나쁨,0
R18352,일본영화나 일본개그에 평소 코드가 맞다면 추천,0
R18353,경찰들과 얼간이 두주인공의 멍청함을 이루 말할수가없다 초반부분은 괜찮았는데 이후로 병맛 ㅡㅡ,0
R18354,다시봐도 너무재밋고 김아중이 너무이쁘다 ㅜㅜ,1
R18355,믿고보는셜록시리즈!,1
R18356,잔잔하나 그것이 모여 가슴을 울리는...,1
R18357,각본은 인터넷 찌라시 수준 연기는 허접 배우들 얼굴은 부담,0
R18358,재미없어요 답답해요 그냥 B급영화입니다.,0
R18359,감동적임...,1
R18360,태극기휘날리며 / 괴물 보다 훨씬 낫다 제발 한국감동 정신차려,1
R18361,삐까 뻔쩍한 동기(소재) 전혀 어긋난 도깨비 시장(영화판),0
R18362,간만에 멋진 로드무비....,1
R18363,개봉은 한다는데 상영관은 보이지도 않는다.,1
R18364,우익 성향의 애니 인지도 모르고 쳐보는 무능아들,0
R18365,뭐야 이 평점들은.... 나쁘진 않지만 10점 짜리는 더더욱 아니잖아,0
R18366,와 이거 진짜 편집신 포스터 만든 사람은 감독한테 사과해라 어쩐지 감독이 cf감독출신이었네,1
R18367,여행으로 인해 그사람의 가치관과 인생을 변화시킬수 있다니! 역시 여행은 순간의 의미만이 아니야,1
R18368,"싸이코? 이거 좀... -,-",0
R18369,눈물샘 개방시키는 영화,1
R18370,웃곀곀겨겨겨겨뎌겨됻,1
R18371,가족끼리 보면 좋은 영화입니다.,1
R18372,진짜 심심해서 끝까지 봤다...ㅠㅠ,0
R18373,영화를 보고 대통령에 당선이 됐어요! 반가워요!!,1
R18374,긴장감 최고다 재밌는데 평점너무낮다,1
R18375,음 난걍 그래 결말존빡임,0
R18376,시대가 어느 시댄데..이런 영화를...마이너스있으면 마이너스 10점이다..화가난다..,0
R18377,어릴때봣엇지만매우재밋엇다,1
R18378,전격적이고 남자다운 영화,1
R18379,초반은 그나마 괜찮았는데 갈수록 시궁창으로 빠지는 느낌,0
R18380,볼만하네 ㅋㅋ,1
R18381,세상을 예리하고 집요하게 꿰뚫는 감독의 마력에 경탄한다.,1
R18382,"다소 감상적인것은 사실이나,한국은 이해를 할수도 할필요도 없는영화다.희생자만불쌍",1
R18383,어이없다...어찌보면 컬트...,0
R18384,스즈키안 입장에선 이영화 안찍었으면 진관희추문은없었을수도,0
R18385,슬프다. 애닮프다. 눈물난다.,0
R18386,뜬금없는 이솜의 역할은 뭐고... 당최 영화찍고 본인들이찍은걸 안보시나.. 스킵하며봤지만 그시간마져 아까웠다,0
R18387,오랜만에 공감가는 사랑얘기. 좋네요.,1
R18388,영화를보고나면 나마저도 통증이 느껴진다 ㅠㅠ,1
R18389,내용도별로 더빙도별로.재미도없고ㅠ,0
R18390,앤워다!!!! 데브파텔 작품좀 많이찍었으면좋겟다ㅠㅠㅠㅠ,1
R18391,역시...야하리~ 권상우가 나오는 영화는 권상우 같다. ㅋ 처음에는 왠일인가 하듯 잘 나가더만중반부 부터 질질 끌기 시작하면서 권상우의 립싱크를 봐 줄수 있는 한계에 다다르게 된다.적어도 외국인과 같이 영화를 찍으려면 대사 정도는 외워야 할텐데,0
R18392,"나 역시 하나님은 믿어도 기독교는 믿지 않는다. 종교영화라는관점을 내려놓아도, 예수의 희생과 자신을 조롱하고죽인 자들을 사랑하고 그들을 위해 기도했다는것만으로도 이미 예수는 성인군자라는것이다",1
R18393,우리는 과연 상대방을 제대로 바라보고 있는가. 서로 다른 사람들간의 인간관계.,1
R18394,이게 왜 재개봉한거지 !?,0
R18395,"본걸 후회하고 있다가, 꾸역꾸역 아까워서 보다가 막판 뒤집기",1
R18396,이병헌이러시아경찰이랑싸우는게멋졌고 특히 존 말코비치가재미있어싸 제가영화본것중에재미있었던데 레드2입니다,1
R18397,진자잼잇게봣엇어요,1
R18398,그냥 킬링타임용,1
R18399,긋굿구후구수구수수구구숫굿,1
R18400,우헤헤 히히히 하하하 호호호 후후후,0
R18401,"살인,마약,ㅅㅅ스캔들,폭행...범죄자특집인가??",0
R18402,이런 영화도 있었다는 사실을 새삼 깨달음과 동시에 자동적으로 2점을 찍는 손,0
R18403,유쾌하고 재미있는 영화,1
R18404,이 영화 평점이 8점대라는 것에 놀랐다. 이 영화를 즐기지 못한다면 당신의 심장은 멈춘것이 분명하다. 영화 속 노래는 당신을 미소짓게 만들고 당신의 심장이 뛰게 만든다. 스토리와 캐릭터는 최근 내가본 그어떤 작품보다 완벽에 가깝다.,1
R18405,뿌린대로 거두어 정성껏 먹는 소박한 삶이 부럽다.,1
R18406,제 취향은 아닌듯... 그냥 그저그런 음식영화?,0
R18407,매주금요일이기다려지는이유♥♥♥,1
R18408,최고다.. 뭔가 슬프지만 통쾌한,1
R18409,같은 극끼리는 밀어낸다고 했던가..서로의 사랑이 너무 강해서 안타까운 모자관계,1
R18410,남주와여주들은좋았다. 그런데 내용이 너무 억지잖아?,0
R18411,수준이 좀 떨어지는 영화. 사실 좀 많이 떨어지는 영화....,0
R18412,공포스러운걸 억지로 만들어내는 느낌이랄까? 음악만 크게해서 무섭게하지 별로 긴장감은 없다,0
R18413,마지막에 부른 Justin Bond의 노래가 치유로 남는다,1
R18414,진행이 느리다 싶더니 그게 전부인영화,0
R18415,1점도아까움 발가락으로만든영화,0
R18416,멜깁슨 꽃일적 목소리는그대로네,1
R18417,클레이 모레츠: 전설의 시작,1
R18418,부천영화제를 흥분시켰다는 말에 빵터졌다.,0
R18419,할람포는 완전좋았는데 이건 좀 아니다 맥킨지감독..,0
R18420,만화는 참 재밋엇는디ㅋㅋㅋ,0
R18421,"절묘한 우연, 영화의 완성의 기여도가 아주높은 기가막힌 노래",1
R18422,역사에 무감각하고 개념없음은 아무리 영화가 완성도 있고 미학적으로 우수해도 용납될 수 없다고 생각합니다.,0
R18423,평점이 너무 낮아 가득... cg빼고 보면 볼만하네요,1
R18424,흐흐흐 재밌다~,1
R18425,심슨네 좋은데 다시 보니까 생각보다 재미없다 ㅠ.ㅠ,1
R18426,이영화보지마세요 답없습니다 후회할거면 보시고 나도모름.,0
R18427,잼잇었다.!Gggggdgdfds,1
R18428,리말리안의 후회섞인 눈물이 보고싶었다.,1
R18429,미친 영화 미친 영화 미친 영화 미친 영화 미친 영화 미친 영화 미친 영화 미친 영화 미친 영화,0
R18430,"어휴,극장에서 보면 모르겠지만 별로 맘에 안듭니다.이 좋은 배우들 남기고.액션은아니고 그냥 잡 드라마.트레쉬.",0
R18431,아 ..그냥 그저 안마방 사장님이 불쌍하다 이건,0
R18432,요즘 보기 드문 주제의 드라마엿습니다 너무 잘봤고 결말 또한 해피엔딩이라 너무 좋앗습니다 나도 모른게 눈물이 흐르는 .. 너무 잘봤습니다 수고들하셧습니다 .. MBC드라마 때문에 짜증장난아녓는데 .. 너무잘봤고 수고하셧습니다,1
R18433,이 시나리오를 보고도 제작할려고 마음먹은 관계자분들께 경의를 표함,0
R18434,마지막 여운빼곤 건질게 없다 어설프고 억지스런 스토리의 전개,0
R18435,원래 10점잘안주는데 너무뭉클하고 감동적인 스토리에 엄청 울었습니다 꼭봐야하는 영화!!★,1
R18436,말이 필요없다.. 사운드트랙도 너무 좋고 연출 최강이다 캐스팅도 신의 한수.. 에미 로섬과 제라드 버틀러 딱 적임자라고 생각함,1
R18437,현재를 소중히 여기세요. 현재 없이는 미래도 없으니까요.,1
R18438,한지민 짱 최고최고 완전예쁨,1
R18439,평점 과하게 높네요;;생각보다는 심도있었습니다만 감독 전작 내겐너무아찔한그녀보다 흡입력없는느낌.. 질질끌어서 중반부터 졸립더군요...나간분들도 계시고..스토리가뒤엉킨느낌+억지감동뻔한결말...줄거리 진짜 개떡으로 써놨네요ㅋㅋ쥔공=섹스중독증입니다;;,0
R18440,너무재미있어용!!! 이동욱짱짱♡♡,1
R18441,9천만달러의 제작비로 불우 이웃이나 돕지 그랬어!,0
R18442,난 다 첨에 별로였는데 보면볼수록 다 매력있고 개성있고 부럽던대...같은남자인데도 조세호 진짜재밌고 매력있는 사람같음 솔직히 조세호가 이끌어가는 프로그램이라 해도 무방할듯하네요,1
R18443,액션에 감성까지 갖춘 고퀄러티 드라마,1
R18444,상하이에서 펼쳐지는 대서사시,1
R18445,제목 존나 유치하다 ㅋㅋㅋㅋ,0
R18446,중간에 세상과 떨어져서 새로이 접해보는 신기한점을 잘 부각하다가 갑자기 사실알았다고 액션물로 변신함... 그 개연성이 떨어져서 뭥미? 하는 느낌이 강함,0
R18447,잔잔하지만 빠져들게 되는 영화 재밌게 보았습니다!,1
R18448,95년도 던가? 원영의 팬이였어서...유청운은 싫었지만!! 이걸보고 둘다 좋아하게 되었죠. 2번이상 볽덧을 추천합니다. 2번째 볼때 눈물이 더욱더 쏟구침....그당시 한국 드라마서도 뱃긴건데..병원복도 유청운이 걷는거..(배꼇다고 시끄러웠음 당시),1
R18449,"샤를 4세, 롤러, 조르그.. 당신의 연기는 최고다, 영원히 함께야 너희 둘..",1
R18450,cscpansa 신고,1
R18451,대박..,1
R18452,내가 본 드라마중에 제일 좋아하는 외화시리즈물!!!!,1
R18453,네임레스 겠지? 진짜 우리나라 영어는....,0
R18454,현실에 돌아가는 쓰레기 세상을 억지로 보느니 차라리 영화속에서 라도 유쾌하게 통쾌했다. 그걸로도 충분하다.영화니까,1
R18455,내용이 식상하지않고 임팩트있다,1
R18456,헐 재밌는데?!물론 유치하지만 이 정도로 평점 낮을 만큼은 아닌데!!7년이나 됬네요!! 그땐 중1이었는데,1
R18457,"영화보는 내내, 실제 상황처럼 찍으려고 한 건. 이해가겠는데 그 상황에서 캠코더도 꺼졌다가 지직 거리다가 뭐 제대로 찍지도 않아서 중간중간 꾸벅꾸벅 졸았다.. 뭔 내용인지",0
R18458,주인공 덕에 산 영화의 대표 작품,0
R18459,"와.,.....영화 잘만들었다.. ㅋㅋㅋㅋㅋ 영화 훈훈해 !!",1
R18460,너무 재미있게 봤던 영화^^~,1
R18461,솔직히 한윤찬은 하나랑 너무 안어울린다....불쌍하긴 하지만 너무 아빠같애....ㅜㅜ 설도현이랑 하나가 훨씬 어울리는데 요즘 하나가 설도현한테 관심없어 보여서 꼴보기시름ㅜㅜ,0
R18462,"올스타 소방대장과 소방팀 그리고 폴뉴먼형의 고군분투.,그리고 찌질대는 사위와 옹기종기 모여있는 사람들의 탈출기* 소방대장 헬기작전 대박 ㅋ",1
R18463,처음이라 그런지 많이 서툴다.,0
R18464,과연 2편도 나올까?,0
R18465,시간 아깝다.... 진심.,0
R18466,고질라가 울트라맨에 나오는 괴수로 다운그레이드 되었다,0
R18467,보영누나 나오는영화는 다재밋다 그녀와 함께할 수 잇는 시간이니까,1
R18468,또 보고싶음. sbs에서 잼있게 봤던 기억이. 분위기 짱~,1
R18469,개노잼.... 진짜 재밌다고 유명해서 뭐라도 교훈하나 얻으려고 끝까지 봤는데 이런 낭패가있나,0
R18470,뭔재미로보냐..?별빵개없는게아쉬울따름..,0
R18471,하.... 뭔가 여기저기서 많이 보이는 영화길래 기대하고봤는데 에휴..,0
R18472,"씨네 김은형은 네팔 지진 영화 만들면 ""네팔 오지 말라는 말인가"" 라고 쓸 IQ80 치킨헤드고, 황진미 역시 자다가 봉창 뜯는 소리하는 또라이고.. 무슨 이런 무식한 여자들이 영화 리뷰를 쓴다고 말세다 말세, 니들은 그냥 로맨스 영화 리뷰만 써라",1
R18473,내의지로삶은이어져가는것일까 아니면그반대인것일까,1
R18474,감독 역량이 잘 드러나는 쓰레기 속편. 원작을 이렇게 잘 망쳐놓을 수가 없다,0
R18475,지루함의 무게는 21톤,0
R18476,초딩시절 캐스퍼 남주보고 설레였던 기억이 새록새록ㅋㅋ정말 오랜만에 다시 본 영화 역시 재밌구나~여주가 너무너무 예쁘다,1
R18477,이 영화를 본건 제인생의 실수인듯 합니다. 정말 재미없네요.,0
R18478,한국 애니매이션의 미래를 보았습니다. 내용도 괜찮고 재밌었어요!,1
R18479,스토리와 관계 없이 분위기가 참 멋있는 영화,1
R18480,두mc는 좋은데 프로그램이 가식적인코멘트에 억지웃음의 짜고치는 프로그램이라서 식상함,0
R18481,무슨 결말이냐 ㅡㅡ개짜증난다 이 영화에서 얻을수있는교훈은 시간은 금이다임이영화 보는거 시간낭비,0
R18482,지금도 가끔 꺼내 보게 만드는 영화 ! 여운이 정말 오래 남는영화엔딩컷은 단연 쵝오,1
R18483,슬픈사랑영화검색해서 1위라고해서봤는데... 이건머지? ㅜㅜ 낚였다. 지루하고 공감대가 전혀없고 불필요한 장면들은 왜나오는지.. ㅜㅜ 한시간정도지나면 괜찮겠지...하면서 꾸준히 본 내시간들 아까벼라 낚였다 정말 ㅜㅜㅜㅜ,0
R18484,사랑에 빠졌던 시절의 두근거림을 불러일으키는 영화 공유 임수정 완전체 그자체^^,1
R18485,ㅋㅋㅋㅋㅋㅋㅋㅋㅋㅋ 진짜 나는 박스오피스 1위로 올려주고 싶다,1
R18486,너무감동적이다..쉽게여운이가시지않는영화,1
R18487,사람들은 모가 좋다고 웃는지...;;;;,0
R18488,도그빌..방울달린 개목걸이 같은 곳이다...가슴아프지만 너무나도 현실적인...그래서 인간의 추악함을 보고싶지않다면 보지않길 바란다 진심으로...한번보는순간 끝까지볼수밖에 없기때문에...그리고 정점 찝찝해지는 자기자신을 보게될테니...,0
R18489,"유머와 촬영, 편집이 73년도라는 사실을 놀라게 만든다.",1
R18490,아....욕을 쓰고싶지만 참는다;;;진짜 내용도 알수없고 영상이고 연출이고 죄다 0점짜리 영화,0
R18491,아니 왜 우리나라 얘기는 없는거지?,0
R18492,"스토리,감독,연기 다 꽝이요.ㅎ",0
R18493,"재미가 없습니다. 보는 내내 보지말까 볼까 고민했습니다만, 끝까지 봤고, 그 결과는 결국 후회네요.",0
R18494,0점은 없나?,1
R18495,뭥믜? 지루함.재미없음.짜증남.,0
R18496,비어디드 드래곤저러다 탈출해서 토착화되면 어쩌죠?뉴트리아 배스 블루길 황소개구리 등등,0
R18497,"캐릭터 설정 자체는 신선했지만, 스토리 개연성이 떨어지는 느낌.그냥 느낌만 있었던 영화. 최강희보다 조은지가 더 눈에 들어오는건 나뿐인가?",0
R18498,기대도 안하고 봤는데 내겐 지브리영화중 최고의 감동.,1
R18499,세상에 대해 깨어있는 관찰을 전해주는 이런 영화에 6점을 주는 기자와 평론가들의 한심함과 역겨움에 치를떤다. 이해하기 어려울지라도 이런 영화는 계속해서 더해지고 나아갈 필요가 있다,1
R18500,전설따라 삼천리(삼만리인가?)에 의하면 이 영화가 꽤 괜찮다고 할뿐 아니라 내가 좋아하는 장학우에 장만옥까지~....하긴 전설의 고향이라고 다 재밌진 않았다. 엉망진창 스토리는 왕가위도 배우들도 손놓은듯..담배회사가 만든영화임에 틀림없다!!,0
R18501,ㅋㅋㅋ 토마스 가다가 기차탈선해서 엎어져버려라 ㅋㅋㅋㅋㅋㅋ,0
R18502,마파도 할매들과 촐랑대는 이문식 사이에서 이정진이 힘들게 느껴지는 내용의 영화였네요. 이정진과 오달수의 배역이 바뀐것 같다는 느낌입니다.,0
R18503,디카프리오 연기는 정말 최고다. 그리고 결말도 너무 좋고.디카프리오는 망가져도 잘생겼구나 하는 생각까지!,1
R18504,왜 그렇게 많은 시간을 흘러보냈을까 나 역시도 돌이키는 시간,1
R18505,기자.평론가들 점수 보소. 한겨레 씨네21이라 그런지 이런 영화는 벨이 꼴리셨나? 훌륭한 영화,1
R18506,부정부패의 경찰속에서의 정의의 경찰과 깨알 개그등의 조화가 멋진영화,1
R18507,이거보고 성유리에 대한 선입견이 싹 사라졌다.,1
R18508,배우의 눈물 연기가 거북하게 느껴진 건 이영화가 처음이었습니다.. 한마디로 안습임,0
R18509,다끝나고 젊었을때를 생각하게해준 영화,1
R18510,여자피부 정말...잖은 클로즈업..증말..시러.,0
R18511,반담..아..배우는 좋은데..영 영화는...,0
R18512,우왕~~드라마 대박아닷..서인국 홧팅 이하나 이수혁~♥,1
R18513,마틴 베일.. 끝에상실감 우짤껴 ...,1
R18514,"답없네, 뭐하는건지..",0
R18515,재밋는데 아랫분들좀이상하네요ㅋㅋ,1
R18516,공포도 아니고.. 코미디도 아니고.. 대체 머니...,0
R18517,자다가 친구 죽었다는 소식 듣고 정신없이 일어나서 찾아가는 한지민의 면상은 곱게 화장을 한 상태 ^^ 한지민은 뇌가 있을까 없을까 감독도 문제고...,0
R18518,한국 공포영화는 쓰레기라는 편견은 버리시라~,1
R18519,어렸을때 보고또보고 했다.. 그 머신건이 아직기억에남음,1
R18520,"그저 가벼운 섹시코메디일 줄 알았는데, 이런 영화 너무 좋다.",1
R18521,재밌는데 유치...스물이랑 비슷,0
R18522,"좋은 영화는 보고, 또 보고, 또 봐도 그저 좋더군요",1
R18523,"편견이 편견을 낳고, 그 편견이 또 편견을 낳는다. 꼭 두번 보길.",1
R18524,시대가 어느땐데 대통령보고 각하 각하 ..별 반개도 아깝다 ..,0
R18525,1편에비해 액션신은없었지만 주인공들의 로맨스역시 볼거리였어요,1
R18526,솔직히 배우 연기 어색해서 보다가 끌뻔..,0
R18527,본드 누구야 ~ ~ ~ ?,0
R18528,패션왕을 재방 아니 버렸어야했어,1
R18529,"쓰렉이네요,,",0
R18530,최고의 표절감독 답네.... 양심이 있긴 한걸까??,0
R18531,도박영화의 교과서나고나 할까? 정전자씨리즈 같은친구에대한의리가정말볼만 절대강추,1
R18532,이런 학창시절이 어딨냐,0
R18533,한국영화가 그러면 그렇지,0
R18534,브래드피트가 연기한 아킬레스는 너무나 섹시하다.,1
R18535,왜 제목이 레지던트 인가 궁금하고.... 그냥 영화제목을 스토커라고 해놓지. 스토리도 탄탄하지도 않고 반전도 없고 재미가 없다. 그냥 재미없다.,0
R18536,중국집 배달부들의 고난을 담은 예술이네요 10점드립니다,1
R18537,이상아짱!^ㅇ^~!!!!!!!!!,1
R18538,그렇게 심각하게생각하던 문제는 아니었는데 딘의 인생이조각나는것과 그 장본인들이 당연하게행동하는걸보고 상당히 생각이 바뀌었음,1
R18539,평점 4.44를 위해 ~~,0
R18540,먹먹합니다 ㅠ엔딩에 노래가 발랄해서 마음에드네요,1
R18541,너무나도 유명하고 믿음이 팍팍하는 배우와 달달함이 만나니 여태까지 본 로맨스 영화중에 이게 최고인듯!!!!,1
R18542,정사신때문에 주목받지 못 해서 그렇지 연출이랑 배우들 감정연기 좋았음. 마지막 장면은 정말 기억에 오래 남고 있음,1
R18543,섬세한 남녀의 감정과 의미전달을 참 잘표현한 것 같다.,1
R18544,몇번이든 계속 봐도 열정이 식지않는 영화,1
R18545,정말 별로인영화 19금인데 잔인하지도 야하지도 않은영화,0
R18546,"내용을다알고봤는데도 한참여운이남았다, 참잘만든영화",1
R18547,평점이 너무 낮은데.. 7.6이 적당하다,1
R18548,이 영화가 재미있는자 날 욕해라. 그리고 돌을 던져라,0
R18549,"담배 나눠피는 장면, 숨어있던 1인치와 함께 보여지던 한 노동자! 그때의 전율이란..",1
R18550,"유치하고 아무런 재미를 느낄수 없는 유치한 ""속편""",0
R18551,최고임,1
R18552,"내 생에 가장 조잡하고 엉성한 연출,각본,편집구성,전개..임창정의 연기만 빛남",0
R18553,마음 아픈 이야기...,1
R18554,완전 발연기가 장난아니게 심하다,0
R18555,시걸의최고작,1
R18556,이렇게 최민식이 사라질줄 알았는데... 최민식씨 감사하며 사세요,0
R18557,아 만능천재해커라니 언제까지 이런 식상한 캐릭터를...,0
R18558,그때나 지금이나.. 너무 많이 가졌고 너무 가진 게 없다.,1
R18559,그냥보면됩니다,1
R18560,정준영? 왜저래 별로네 ㅋㅋ,0
R18561,나름 볼만한 영화다 한번쯤 보시길 바랍니다,1
R18562,버나뎃의 눈빛은 잊을수 없었다.,1
R18563,반전 굿임,1
R18564,내가 선택한것은 눈을 감고 느끼는 여름햇살의 붉고 뜨거운 기억,1
R18565,정말 재밌네요 ㅋㅋ 격투신도 멋지고요,1
R18566,시리즈의 끝자락에 와서야 차별점을 두는 게으름.,0
R18567,"밑도 끝도 없는 감정선 , 지나친 작위적 분위기 현실적이지 않아 설득력이 없는 내용이 클리셰에 가까운 재미없는 영화.",0
R18568,그냥 차안에서 전화질만하다 끝나는 초저예산영화. 이젠 이딴걸 영화랍시구 봐야하다니. 감독이 넘뻔뻔하네,0
R18569,스릴은 정말 최고다! 계속되는 긴장감 속에 손에 땀이 없는 나도 땀이 나는 느낌이다. 하지만 경찰을 믿지 않는 시민과 혼자 다니는 경찰이 답답하긴 하다!,1
R18570,아니 결말이 왜이래 도중에 만들다 말았나..,0
R18571,엄포스의 위력을 다시 한번 깨닫게 해준 적.남 꽃검사님도 연기 정말 좋았어요! 완전 명품드라마!,1
R18572,재미도있고 많은 생각을 할수있게 해주는 애니메이션이네요 ^^,1
R18573,기대않하고봤는데 잼있는데 이게왜 평점이6점이지 역시 개이버평점 ㅡㅡ;,1
R18574,내가 100번째 ㅋ,1
R18575,7광구 : 우와... 그래픽 진짜 짱이다.. 제이콥이 어릴때를 볼수있어 좋았다.,1
R18576,별루;,0
R18577,신기신기신기신기신기신기신기신기신기신기신기신기신기신기신기신기신기신기,1
R18578,소재에 함몰된 영화..,0
R18579,너무 재미있고 한국영화 중에 이런영화가 있다는게 놀라웠음,1
R18580,완전 기발하니 웃겨요 ㅋㅋㅋㅋ,1
R18581,한국에도 이러한 로드무비가 있다는게 참으로 뿌듯하도다,1
R18582,보고 화난영화는 오랫만이다진자,0
R18583,참...절망적인 한국 학생들.. ㅠㅠ,1
R18584,"천재들은 자기밖에모른다., 항상 그주변엔 아픔만이 남고.., 배려란 없다.",0
R18585,도둑질 가르치나...신구를망친영화다!하지만 빈부격차의현실을 잘알려준다!,0
R18586,캐머런과 아놀드의 코믹액션 조합,1
R18587,"괜찮은스토리, 하지만 끝은 뭔가모를 이찝찝함 -0-",1
R18588,동화같은 스토리와 영상 + 화려한 출연진,1
R18589,비추,0
R18590,아~~진짜 이거보려고 시간꼬박꼬박 마쳐서 집에들갔다는,1
R18591,진흙속에서 진주를 찾았다. 올해 최고의 영화다.,1
R18592,음 굉장히 감동적이고 역시 명작이에요,1
R18593,더빙이 정말 수준이하예요.. 이수근 정말 비호감...,0
R18594,크리스마스 특집인가 뭔가해서 봤는데 엄청나게 재밋었음,1
R18595,"이영화도 그렇고, 드라마 히어로도 그렇고 아깝군 아까워",1
R18596,일베충들아 밥은 잘 먹고 다니야?,1
R18597,"러닝타임 81분안에, 이렇게나 심오하고 재밌을수가 있을까.",1
R18598,"한국만 그런 줄 알았더니, 프랑스 된장녀도 만만찮군",0
R18599,원사의 임무수행능력만 쳐줄만함. 나머진 어쩌란거냐. 황당하고 개연성 부족한 4차원 군영화,0
R18600,싸우고싶어진다 부럽다,1
R18601,재앙이다...,0
R18602,며느리와시어머니부분이정말리얼해서우리엄마보는줄알았어요ㅋㅋ드라마가실제적이여서인간다움이느껴져요,1
R18603,"1편 보다 훨씬 발전한 속편 , 원작의 결말을 이렇게 바꾸다니 !",1
R18604,"재미있어요. 액션, 겨울산 풍경, 제레미 러너도 멋있습니다.",1
R18605,노희경 작가가 만든 작품들은 거의 흥행함,1
R18606,"제목이 왜 이런지? 로맨스도 없고, 특별할 것도 없는 갱년기 아줌마 얘기...",0
R18607,잼미만 있더만 평점 왜이래;;,1
R18608,기억이 가물가물 하지만 캐스퍼는 귀여웠당ㅋㅋㅋㅋ또볼까,1
R18609,이게 뭔가요??야하지도 않고 작품성도 없고....,0
R18610,출연진 모두는 이 드라마을 위해서 태어났다해도 과언이 아님,1
R18611,망한듯...,0
R18612,셀룰러와 13구역의 절묘함을 예상한 나의 기대를 무너뜨리는..,0
R18613,옛 영화를 치곤... 6.25의 아픔을 볼수 있는 영화라 생각합니다,1
R18614,이건또 뭐임 이거뭐중국영화임?,0
R18615,꽤 재밌게 봤어요~ ㅎㅎㅎ,1
R18616,음악도 좋고 진짜 재밋서요~,1
R18617,뭔가 아련하고 너무재밌게 봤습니다!!,1
R18618,구구구구구구구국ㄱ구구구구구국ㄱ,1
R18619,"유치 뽕짝, 난리부르스, 영혼없는 모방...",0
R18620,내가 굳이 욕을 하지 않아도 알아서 남들이 욕해주는 진정한 쓰레기,0
R18621,초반작업에 돈을 다써버린영화...,0
R18622,진짜 보면서 엄청 울었어요...너무 좋아해요ㅠㅠㅠㅠ,1
R18623,꿀잼인데? 솔직히 1점 줄 거리는 아니라고 본다. 그리고 1점 준 사람들의 리뷰 대부분이 원색적인 비난이라고 볼때.... 음... 영화는 내기준 7~8점대인데 1점준 사람이랑 개인적으로 재밌게 봐서 9점 준다. 진짜 네이버 평점은 믿는게 아냐 ;;,1
R18624,"<대장금>의 제빵버전 같기도 한데, 문제는 너무 유치하다",0
R18625,앗 전차남!,1
R18626,Good movie i think,1
R18627,참 영화 쨈다 꼭봐요 ㅋㅋ 발연기 발연출 볼수있어요 아 나만 당할수없다ㅠㅠ,0
R18628,흑백의미??난답답하던데,0
R18629,2014년에 이런 영화가 투자받아서 개봉을 했다는 게 신기함,0
R18630,티비에서 하길래 초반부 보고 재밌겠다 싶어서 봤더니 사람들 너무 쉽게 죽고 여자애랑 여주 너무 소리만 꽥꽥질러대서 결국 채널 돌렸네요 사람들 반응 보니까 후반부 안 보길 잘한 듯.,0
R18631,송승헌 짱입니다 >_< 개인적으로 광팬,1
R18632,애니메이션을 유치하다 생각했던 내 고정관념을 깨버린 영화.로봇의 우정이 너무도 사랑스러웠다.,1
R18633,평점이 이상하게 낮은게 마음에 들지 않아서....,1
R18634,최고의 드라마 감동과 열정이 느껴지는게 무서울정도로,1
R18635,솔직히 너무 지루해요 이 영화의 의미가 무엇인지도잘모르겠구요,0
R18636,평점이왜일케낮지??리메이크작이라는데소재가독특해서좋았고결말빼곤 매우좋았다.,1
R18637,중간까지 재미있게 봤는데 그뒤로 흐지부지....,0
R18638,악동뮤지션 홧팅!,1
R18639,배우들 멋져멋져요!!맛깔조연님들 화이팅!!처음 엄정화님보고 믿고시청했는데갈수록 빠져요~,1
R18640,억지감동없이 감동적인 영화를 얼마만에 보는지 모르겠다훈훈한결말도 좋고...,1
R18641,진짜 짜증나는 드라마 작가가 도대체 누구냐 첨에는 볼만 하더만 가면갈수록 회수늘릴려고 질질 끄는것보니 안타깝다,0
R18642,에휴 시간아까워..장기하같은 싸구려가수 좋아하는 사람들이 좋아할만한 싸구려영화네,0
R18643,연기 드럽게 목하는색이가 무쉰 주인공 한다고... 담부터 절대 연기하지마라 OO아,0
R18644,베스트라고 뽑힌글들은 왜 베스트인거임?어이없네...남잘돼는꼴못보는 한국사람들이 더 역겨웠음,0
R18645,쒸레기~,0
R18646,"사전정보없이봤음에도 억지스러운 스토리연결, 깔끔하지도,유쾌하지도, 이도저도 아닌",0
R18647,저기요 평점이없으면 10은줘야지 일이멉니까!!??!?!?!?!?,1
R18648,정말로 재미없었습니다......돈이 아까워서.....ㅠㅠ,0
R18649,나도 10점 투척하고간다.,1
R18650,말하고자 하는게 뭔가?,0
R18651,황정민이 제일 답답하다,0
R18652,제발 이런 영화좀 만들지마,0
R18653,어릴때 보고 커서 또봣는데 어릴때는 그냥 뭐지 이런거라면 이번에 봣을때는 감동도 잇고 내용도 좋앗는데;;;;뭐 정신연령이 낮은가보지 내어릴때랑 똑같은생각하는거보니 ㅋㅋㅋ,1
R18654,"정말잔잔하고 여운을남기는영화.. 비교하면안되지만,이프온리랑비슷함..이런영화좋아",1
R18655,저는 10살인데요.. 아무리 커서 봐도 질리지 않을듯한 애니매애션 짱입니다!!,1
R18656,재밌어요! 우리나라 범죄물치곤 매우 리얼하네요 시신이나 그런 것들이,1
R18657,커스틴 때문에 좋겠다,1
R18658,사람의 외양만 걸친 난잡한 동물의 왕국,0
R18659,최고네요!!1년이 지나서야 보게됐지만. 너무 좋아서. 너무 잘만들어서 첨부터 끝까지 내리 봤습니다~ 이민호 너무 멋져서 그동안 출연한 작품들다 훓고 잇어용!! 정말 재밌는 드라마입니다^^^^,1
R18660,"엔딩만 좀 충격적, 가봤던 촬영장소라서 신선하다",0
R18661,"정말 최고의 영화, 찰리채플린의 명연기에 빠지다. 배꼽빠질뻔!",1
R18662,오징어,0
R18663,아 영점은 왜없는지 진짜 썸띵.. 합채 왜 된거임? 노래도 잘하는것도 아니엇고 음정흔들리는거랑 딱 들어도 뱔로엿는데 진짜 합채 합격은 에바임다시 투표 하시길 편애말고 실력으로 좀 봐주세요 가능성?ㅋㅋ 나중에 가능성 다 올리고 오라하죠,0
R18664,킬링타임으론 제격.,0
R18665,ㅅㅂ 역대최악의영화다,0
R18666,최악...웩..,0
R18667,의젖은 거른다!!!!,0
R18668,웃음도 안나오는 개판.,0
R18669,너무 슬퍼서 끝까지 볼 수가 없었다.. 인간 본연의 슬픔을 가장 잘 담아낸 영화가 아닐까..,1
R18670,권상우 최지우 흥해라.재밌네요,1
R18671,그냥 옛생각나서 추억떠올리면서 보기엔 나쁘진 않을듯..그냥 처음보는사람 아닌이상에야 뭐....ㅋㅋㅋㅋ,0
R18672,일본영화에 관심을 가지게한 영화,1
R18673,잔잔하고 자연스러운엔딩억지스럽지않은 코믹정말 만족했어요그 이웃에 살고싶어요추천해요!엔딩크레딧에서 NG장면 나오니 참고하시길,1
R18674,괜찬ㅅ금 추천,1
R18675,최고최고ㅠㅠㅠ아련한 영화,1
R18676,망덕...,0
R18677,내용은 슬픈데 영화 자체는... 글쎄..................,0
R18678,와... 역사성있는 폭풍 감동 코메디ㅎㅎ 오늘 티비서 광고해서 봤는데 괜츈탕 ㅎㅎ,1
R18679,전편에 비해 더 재미없는 속편들 중 하나,0
R18680,시간 아까운 영화,0
R18681,그들의 절망과 희망.. 모두를 악기를 통해..,1
R18682,뭘 풍자하고싶고 뭘표현하고싶은진알겠으나 퀄리티 떨어지는 쓰레기같은 영화,0
R18683,중세물을 찍고 싶었던 감독.. 투자자 모집에 실패하다..,0
R18684,.?.?.?.?.?.?.?.?.?.?.,1
R18685,처음부터 잊혀지지 않는 ost . 머리를 통한 이해는 영화를 보는 데 방해만 될 듯,1
R18686,책을 봤던게 문제인건가.,0
R18687,몇 편의 영상미는 좋았다,0
R18688,상당히 재미 있을 거 같다. ㅎ,1
R18689,완전욱김 ㅋㅋ제이크오빠 완전이미지변신!,1
R18690,컬트영화...? 추천하고싶진 않다,0
R18691,"대한민국 축구 지금까지 뭐했나 이기야, 나도 군대에서 축구해봤고 조기축구도 하고 있는데 심심하면 붉은악마니 뭐니 거리응원불러내갖고 뺑뺑이 돌리고 했는데 축구협회는 뭐해서 월드컵 광탈하게 만들었나 이기야!! 북끄러운줄 알아야지!!",0
R18692,"현시대의 우리가 한번쯤 생각해볼 문제였으나,우울함,침울함..난해함..",0
R18693,10점을 주기에는 조금 모자란 느낌,1
R18694,작은놈은 죽어 나보다 큰새끼도 죽어 ㅋㅋㅋ개병맛 쓰레기영화,0
R18695,지나친 해학적 요소의 남발. 이걸 어찌 이해하랴...,0
R18696,오세훈 시장은 환경을 생각해서 촛불시위대를 잔디에 못들어가게 하는 거임,0
R18697,모르고 봤는데 애들 영화네요 유치,0
R18698,이해되지 않는 발리우드의 한 부류. 코믹액션.,0
R18699,완전 재미있당ㅠ3ㅠ 요즘엔 이런 영화 안나오나??ㅋㅋㅋㅋ 영채신 귀엽ㅋ왕조현 이쁨ㅋㅋㅋ추일엽 웃김ㅋㅋㅋㅋ최고///,1
R18700,의상 진이 불쌍함 ㅠㅠ 의상 진이 무슨 죄가 있다고 ㅠㅠㅠㅠㅠ,1
R18701,제목의 뜻을 영화가 끝나고 알게 되다. 웃음과 감동을 준 영화임.,1
R18702,"ㅋㅋ중학교 수학여행가서 애들이랑 OCN에서 하는 거보고, 제목이 야하다며 우리 야한영화 본다고 키득거렸던 생각이 난다ㅎㅎ 에구~그 추억이 그립네. 정작 영화내용은 하~나도 기억이 안남..",1
R18703,진정 무엇이 부당한것인가를 일깨워주는 명작입니다,1
R18704,보고 나면 기분이 좋아지는 유쾌한 영화~,1
R18705,플스여 영원하라!,1
R18706,몇 번을 봐도 질리지 않는 영화...! 가슴이 훈훈해진다. 르네젤위거 너무 귀엽고 콜린퍼스는 말 할 것도 없이 멋있다 정말ㅠㅠ 꿈속의 남자..,1
R18707,매력있는 배우네요...채민서ㅋ,0
R18708,아주그냥.....에이......성의가 없어......3점도 아까워,0
R18709,명색히 액션 영화인데.. 졸음이 온다,0
R18710,팀 버튼 & 조니뎁 최고의 영화,1
R18711,이야..진짜긴장감쩐다..너무집중해서봣다..잔인하고 정말강추영화다,1
R18712,히틀러 찬양하는 나찌 선전영화도 이거보단 덜 악질적,0
R18713,감독이 약빨고 몽롱한 상태에서 후장으로 만든 영화,0
R18714,감상평쓰긴처음이다,1
R18715,조금 더 잘 만들수 있지 않았을까? 이 허무함과 세기말은 동체?,0
R18716,삶을 알려주는영화 최고였습니다,1
R18717,일본유학당시 일본인드링 이영화를 보고 상당히 놀랐다는데^-^ㅎㅎㅎ,1
R18718,타마코 연출은 좋았어요 .. 예상치 못한 고백받았을때의 느낌이랄까 하지만 모치조군 뭔가 좀 부족하네요 스토리만 좀만 더 좋았어도 평점 10점 주는건데..재밌게 잘봤습니다.,1
R18719,어린이채널용 드라마 같은 것이 응응씬을 너무 남발한다.,0
R18720,송종국 완전 어이상실 저번에 둥글개둥글개놀이할때 준수버리고 지아잡고 지산다고 후버리고 이런말함 승부는냉정하다 무인도편에서 후가 지아 얼음물 뿌려주는대 눈겁나 찌부려서 째려보고 수건돌리기 할때 지아 못잡게 팔치우고 딸바보가 딸을 바보로만듬ㅉㅉㅉ...,0
R18721,CG는 둘째치고 아무 내용이 없다,0
R18722,이 작가는 두번다시 계약못하겠다 아 정말 마지막회 왕짜증이다 심장이 물건이가 또 남주게 가슴이 멍하다 꼭 초보 작가 같다,0
R18723,오글오글 재미있당^^,1
R18724,뭐고 북한예수쟁이 영화네,0
R18725,흔히 말하는 달동네 사람들의 삶을 잘그린 작품이라 생각 되네요,1
R18726,아 이건뭐 재미도 없고 감동도 없고 심지어 신기하지도 않아ㅋㅋ,0
R18727,안봐도 뻔하다. 0점 주고싶다.,0
R18728,어휴 졷나 재미없네 진짜 물론 안봣음,0
R18729,이것만 한 만화가 없다.,1
R18730,스토리 연출 딸리는게없다 그러나 결말은 좀 해피엔딩이었으면 ㅎ,1
R18731,"발로 쓴 듯 대충 만들어진 얄팍한 스토리 위로 미스터리는 어설프게 나타나고, 섹시함에 관해 나름 노골적으로 한다지만 전혀 매력 없이 엉성하며, 재밌지도 않고 무척 민망한 코미디에 지루할 뿐이다. 이딴 쓰레기 영화에 시간을 썼다는 사실이 무척 불쾌하다.",0
R18732,"판타지 영화의 진부한 공식을 그대로 따라가고, 주인공과 드래곤은 별다른 내적 갈등 없이 그냥 성장한다. 이야기는 매끄럽게 연결되지 못하고, CG로 구현된 드래곤은 어색하다.",0
R18733,하정우 출연 영화중 가장 최악의 영화인듯,0
R18734,평점 너무 높다..,0
R18735,잔잔하지만 큰 울림....,1
R18736,"그냥저냥, 나름 현실적인 아더왕",0
R18737,큐브1에서 멈췄어야 했다.,0
R18738,"노래,연출,연기,캐릭터설정,배경,스토리구성 머하나 빠질게 없다.그야말로 완벽한 영화다..혁명적인 영화,멋진 영화 머라 다표현할수 없음에 안타까울뿐..",1
R18739,평점이 생각보다 낮아서 놀랐네요; 저는 나름 재밌게 봤습니다 막 화려하지도 그렇다고 장대한 스케일도 아니였지만 배우분들 연기도 좋았고 나름 즐겁게 봤습니다 ㅎㅎ,1
R18740,이게 옛날 영화라면 이해가 가지만 2014년 9월보고 깜짝놀랬다..,0
R18741,내가 눈물이 많은 편인데 진짜 내용전개가 너무 억지야. 내가 본 새드 무비중 최악...,0
R18742,영화가 의외로 평점이 높네... 알바도 많이 썼나보다.차라리 주인공이랑 여주가 죽었으면 이정도 평점은 안줄탠데.. 아니 그냥 미친 싸이코나 돈만를 위해 시선돌리기용으로 주인공들을 이용했으면 평점을 이리 안줄건데,0
R18743,존쿠삭과 진핵크만의 연기가 너무 좋았다.,1
R18744,처음 시작부분부터 짜증나는 영화 요즘 때가 어느땐데 진짜 손발 오그라든다 도지원 연기 오바,0
R18745,"영화의 ""깊이""라는 걸 아주 시워~언하게 말아먹은 영화. 알렉산드라 다다리오 가슴만 기억에 남는다",0
R18746,공포영화 즐겨보는한사람으로써 영화먼저보고 평점봤는데 이건아닌거같아 평점 깍기위해 1점줌 처음부터 끝까지 1인칭을하려면 제대로하지 왜 시체를 찍고ㅋㅋ애들 라면먹을때 그럼 카메라감독이 혼자 2층에서찍었다고? 오뚝이 발로건들여놓고 무서워하던 사람이?,0
R18747,재밌게봤는데 이상하게 높은점수 주기싫은영화가 이영화이다.,0
R18748,크리스 형아 폴 핵짜증. 깜짝놀랄 장면은 몇 개 있음,0
R18749,외국이여서 나올 수 있는 막장.. ㅋㅋㅋㅋ아만다랑 벤 너무 이쁘고..솔직히 배우들의 연기가 너무 아까움 ㅜㅜ,0
R18750,진짜몇번을봐도질리지않는다!,1
R18751,너무재밋게 잘봣어요 ㅋㅋ,1
R18752,"감동적인 영화, 많은 사람이 함께 보고 싶은 영화",1
R18753,영화보고 처음으로 일부러 댓글쓴다. 이 영화를 스릴러라고 하면 양심도 없는거다.,0
R18754,정말 최고의 영화.. 로빈 윌리엄스 고인의 명복을 빌어요,1
R18755,그들의 오바.연기와 유치한스토리가 눈을 거슬리게 한다,0
R18756,"손발이 오글거린다... 대사,연기 1점도 후하다",0
R18757,예전에 봤던 그 재미없는 기억이 아직도 남아서 평점남기러 옴. 내가 봤던 영화 중 가장 재미없었던 영화 TOP 1에 선정됨 짝짝짝,0
R18758,기대 안하고 봤는데 막상 보면 '어? 꽤 재밌는데??' ㅋㅋ근데 정말 이 영화 만드는데 1억으로 해결했어요??,1
R18759,터미네이터의 아류작인줄..키스하면임신?? 모든 부분에서 아쉬운 영화,0
R18760,아 최고다... 슬픔...,1
R18761,첨부터 주인공이 넘 썜 내용도 이상하고,0
R18762,보고나서도 잊혀지지 않는영화...현실적이여서 더욱더 가슴아프다.,1
R18763,잼있는데 평점이 넘 낮네요 그래서 10점^^,1
R18764,평점봐라 영화를 보고 평점 주는거냐?,0
R18765,1점 하려던거 여주 외모때문에 4잠... ㅡ ㅡ 이렇게 잼없는영화가 어떻게 한국에 수출됀건지?,0
R18766,아이들의 순박한 마음을 엿볼수 있었던 영화!,1
R18767,OO은 새끼들의 쓰레기같은 인생을 그냥 생각없이 찍은영상. 이런건 멍멍이도 찍는다,0
R18768,TV로 봤지만 정말 감동적인 영화 오랜만에 감동,1
R18769,워킹데드보다 한참 딸린다.,0
R18770,마이너스 100점작가는 반성 좀 많이 하세요별반도 아까비,0
R18771,보고나서 감상평은 ost가 좋다. 내용은 그닥;ㅋ,0
R18772,강력추천합니다,1
R18773,"아침드라마중 최고예요.말이 필요 없어요 넘 재미습니다 강욱이 너무 안타까워요 연기자분들,작가님 모두모두 화이팅!!!",1
R18774,킬빌...씬시티...아! 여러가지 짬뽕같드라구요...몸매는 뭐...ㅋㅋ,0
R18775,괜히봤다 기독교 찬양영화잖아 증명도 억지스럽고 찬송가 나올때부터 소름돋네 에휴 시간아까워,0
R18776,어째서 틴토가 에로계의 거장인지 모르겟다,0
R18777,꼭 봐야하는 영화...,1
R18778,그렇다.. 신비로웠다,1
R18779,그래서 결국...뭐지?,0
R18780,왜 우리는 아담의 눈뜨기를 위해 이브의 눈을 앗아가는가.,0
R18781,원작보다 수려하다. 일부러 원작을 보지 않았는데 종영 후 본 원작은 싱겁다.,1
R18782,거창하기만 했지 섬세한 재미가 없는 태작!,0
R18783,말로 다 할수 없는 감동 최고의배우 최고의 스토리,1
R18784,가슴찡한..감동적인.. 억지눈물을 짜내지 않는... 기억하겠어요 ㅠㅠ,1
R18785,주연은 다망하고... 조연은 다 떴다...,1
R18786,"학교에서 보고 있는데 좋네요,, ㅋㅋ 제가 태어나기도 전에 개봉한 영화지만요 ㅋㅋ",1
R18787,이 영화와 관련한 최대 반전은... 내가 이 영화를 이미 헤어진 전 남친과 디비디방에서 봤다는 것을 절반이 지난 후에 깨달았다는 거! =:,0
R18788,김윤석과 하정우의 미친 연기력 스릴도 있고 재밌음,1
R18789,초딩용 애들 만화,0
R18790,킬림타임용은 아닌거 같은데.절대로..가볍지 않은 영화.,1
R18791,보다보니 짜증만나서 처음으로 꺼버린영화..,0
R18792,공포스릴러영화가 아닌 종교영화,0
R18793,"간간이 웃기긴 하지만, 보는 내내 참 많이 안쓰럽다. 배우들도 감독도..",0
R18794,헐 재밌음...요근래 본 재난영화중 제일 재밌었다,1
R18795,아 토할거 같어,0
R18796,머야....영화 개판으로 만들었네 ㅡㅡ;;,0
R18797,중독성이 꽤나 큼ㅋㅋ,1
R18798,미안하다 나도 평점맞추기에 끼어든다,0
R18799,난 예련누나의 외모를 굉장히 좋아한다. 정말 외적인 매력에 반만 작품선택능력이나 연기력이 있었으면 좋겠다. 자꾸 왜 좋은 작품 못 만나서 외적인 매력까지 반감시키는지.. 암튼 예련이누나 덕분에 2점,0
R18800,나호로집에 중 괜찮다 이게 제일,1
R18801,바쁜 사람은 웃을 시간이 없다.,0
R18802,"억압된 소시민의 일탈, 과감한 상상력",1
R18803,"감동은 이루 말할수 없을정도.내 생애 콘택트가 1순위가는 영환데, 비슷할정도.미스테리물 치고 외계인의 정확한 형상따위는 안보여주고 뜬구름 잡는 내용일줄 알았는데, 이리도 자세히 보여줄줄이야.심폐소생때와 채팅을통해 보여준 아내에 대한 사랑은 눈물난다.",1
R18804,영화해설해준 홍성진씨가 제일 관대하다,0
R18805,"큐브1, 폰부스 같은 영화 기대했는데 그냥 뻔하디 뻔한 영화라는 말이 제일 잘 맞을듯",0
R18806,정말 이게 반전영화 1위라고 생각함 진짜 역대 최고의 짜임과 경악스러운 결말 모두를 가지고 노는 카이저 소제의 공포를 느낀다면 정말 소름끼치는 영화다,1
R18807,야이 평점낚시들잌ㅋㅋ,0
R18808,그냥 보는게 시간낭비라 느껴지는 영화 그래도 간간히 아이들을 위한 웃음코드 있음. 시나리오 대사나 전개 부분 많이 아쉬음. 그래도 흰 코알라라... 독특한 소재였음. 태민목소리는 나쁘지는 않았으나 연기부분에 좀더 다듬는다면 아주 좋을듯.,0
R18809,"사회적 이슈를 다루고 있는 가슴 찡한 드라마네요,,,",1
R18810,역시 조선관객들 수준을 알겠군. 조선식 저질 어거지 개그보다 훨씬 낫고 재밌다,1
R18811,남자배우는 멋있으나 여자배우 인도영어쓰고 여자 아님..도대체 영화를 보신거예요??,0
R18812,드니로와 존쿠삭의 연기덕에 그나마 1점은 면한 영화 마지막 반전은 아쉽기만 하다.,0
R18813,진짜 못하는연기가 머지?,1
R18814,이나영이 외 여기 출연했을까 너무 아깝다 이나영 ..,0
R18815,ㅋㅋ처음에 운석떨어지고 폴리스토리음악나오면서 성룡나올때 끌뻔했다 ㅋㅋㅋ초반에 화재현장 표현이 기괴한느낌도 들면서 괜찮았는데 중반넘어서면서부터는좀 루즈해지네,1
R18816,쓸모없는 장면이 너무 많다. 이거 다 잘라내면 90분도 안된다,0
R18817,애니와 옛날에 나온 영화시달소(주인공의 이모인가고모가주인공으로나온...)를 봐서그런지... 이건뭐 저집안 여자들 내력이 전부 시간에서 뜀박질하고있는 느낌... 애니까지만 볼껄하고 후회스러운...,0
R18818,좋은 ㅇㅇ ㅇ 생각인 ㅇㅇ ㅇ 듯,0
R18819,므흣하지만 그 상상력이 영화저체에 잘 녹아있는 작품 한낱 포르노영화로 전락하기엔 아까운 스토리를 가진 작품!,1
R18820,종교/이념이 이토록 중요한 문제인가를 생각해보게 되는 영화. 훌륭함!,1
R18821,클래시컬하면서도 센세이셔널한.,1
R18822,한사람의 파멸을 적나라하게 드러내 준 영화,1
R18823,"삘한번 제대로받은 에로물.내용적으론,재떨이부인의사랑에서,한치도 나아진것이 없다.",0
R18824,이영화 도대체 정체가 모야? 서세원 이때부터 정신 못차렸구만.,0
R18825,보면볼수록좋다.. 봐도봐도재밌고.. 최고!!,1
R18826,"늦은시간까지,시간가는줄모르고,너무재밋게봤어요!!!12년전영화라니~!너무세련되고멋진영화라서,2002년작인거보고완전깜놀!",1
R18827,"참으로 맛 없는 구성이다. 그리고, 느슨한... 힘 없는 전개...",0
R18828,속 빈 강정,0
R18829,남성배우들 연기가 정말 대단했던 영화,1
R18830,"음악이 주가 된, 최고의 음악영화",1
R18831,2005년도 영화가 90년대 초반 영화로 보이는 이유는 뭘까?,0
R18832,"시대유감.....냉소가아닌 진솔함이 묻어나는 수작,,,",1
R18833,이미와칸나이! 붸에에~~,1
R18834,별로다 출발비디오여행 이런데서 설레발 친거에 비하면..일부러 봤더니 시간 아깝...똥싸고 밑안닦은 느낌,0
R18835,예술은 아무나 하나? 너무 욕심내다 아무것도 말하지 못한 바보영화,0
R18836,난 잼있게봄 특히 해전장면..ㄷㄷ,1
R18837,그녀가아니면누가저리완벽했을꼬,1
R18838,힘내세요 그래도 노력한 영화네요,1
R18839,최고의 액션. 스토리나 연출은 좀 아쉬움.,1
R18840,존 트라볼타라.. 10점이지,1
R18841,한개도 아깝다 -_-...,0
R18842,태민쨩...!!!!! 근데 솔직히 팬이라서 간건데 친구랑..ㅎㅎㅎㅎ 애들 몇명밖에 없더라 그 큰 극장에....영화를 좀 잘 만들길..이나이에 그냥 뮤지컬이나 보러갈걸....ㅠㅠㅠㅠㅠ,1
R18843,이런 게 영화라고 할 수 있지,1
R18844,진심으로 쓴다. 보지마~!,0
R18845,제시카 비엘 몸매죽여요,0
R18846,본영화중 탑3 영화!!!!,1
R18847,너무 재미있어서 두번이나 본 영화..,1
R18848,한 6~7점이 적당한거 같은데 평점이 너무 낮다.,1
R18849,아이들이 좋아하긴했는데 조금 지루한지 작은아인 보다 잠들었네요,1
R18850,재미있음.................................................,1
R18851,공포영화보단코믹영화에가까운듯 코믹영화로서 보면재밋을듯ㅋ,1
R18852,"제목이 잘못됐네 , '불사조 포레스트'가 맞는듯^^ 좀 지루함",0
R18853,어린 시절 받았던 감동이 여전히 잊혀지지 않는 영화,1
R18854,정말 좁은 공간이지만 그 긴시간으로 영화를 만든...생각나게 만드는 영화,1
R18855,이 영감님이 영화를 찍다가 말았나?무슨 영화를 이 따위로 찍어놔?,0
R18856,그저그랫다 쩝재미도 감동도없는ㅡ.ㅡ?,0
R18857,평점이 너무 낮아서 사뿐히 올려 봅니다 난 재밌던데,1
R18858,이걸 왜이제야봣을까 정말 한국영화답지않게 전개성과긴장감 배우들의연기력 굿굿 역시김지운감독님 최고,1
R18859,절대 연평해전의 그날을 잊어선 안된다. 그분들의 희생을 기억하여야하며 북도발시 두배 세배 백배 응징하여야한다. 영화를 보고 너무 눈물나고 분했다. 고맙습니다. 감사합니다. 필 승.,1
R18860,영상미가 좋다..무엇보다도 영상미가 제일 눈에 뒤는 영화다..기분이 울적할 때 보기 좋은 영화(?..)...개인적인 생각이지만 당찬 캐릭터도 좋다,1
R18861,이거 재밌나여 ?,0
R18862,유덕화와 매염방.. 이때만 해도 매염방 인기 좋았는데.. 자궁암으로 사망.. 추억의 매염방,0
R18863,뭐 이런 철저히 일본스러운 게 다 있지??? 이딴 쓰레기영화가 다 있어 ㅅㅂ!!!!!!,0
R18864,만든샤기 찾아가서 죽이고싶다 내시간 내놔ㅡㅡ,0
R18865,작가도 짜증나고 가장 짜증나는게 엄마; 넌 내딸이 아니니까 내딸 살려달라는 의미? 진짜 화병나서 죽겠다. 결말은 제대로좀 해주길.,0
R18866,이게 어떻게 12세야..나도 비위상했는데..잔인함..,1
R18867,꿀잼꿀잼꿀잼꿀잼보는내내허억하믄서봄,1
R18868,준이 아역이 드라마 살렸네요 잘봤어요,1
R18869,원작을 본 내 눈엔...그냥 바람 피우는 미국 중년 아저씨...,0
R18870,여인들의 인생사....,1
R18871,마이크 마이어스의 2번째 전성기의 신호탄,1
R18872,노 으리 노 잼,0
R18873,속이 깊은 영화네요 잘 봤습니다 정말 살아가는데 한 번쯤은 쓸쓸하고 외로운 시간이 있는데 오인혜씨가 딱 맞더라고요 한 번 더 생각나서 보게 될 거 같은 영화네요~^ㅅ^ 왠지 저런 모임 있으면 좋을 듯 싶네요 해피엔딩으로 ㅎㅎㅎ,1
R18874,'식스센스'의 반전과 '인셉션'의 여운이 있는 상당한 수작,1
R18875,설정은 신선하지만 대본은 별로 신선하지 않다.,0
R18876,워메 뭐 이런 저질영화가 다있대요,0
R18877,이게 어딜봐서 지능적 퍼펙트 스릴러?,0
R18878,영화가 아니라 아주 큰 똥을 만들어 놨네,0
R18879,누가 이영화를 유쾌하다 그랬나??? 정말 재미없다,0
R18880,잘 가 ~ 태임~~~ ㅋㅋㅋ마지막 작품이 됐구나.... ㅋㅋㅋㅋ,1
R18881,전편보다 못하다,0
R18882,어렸을때 완전 재미있게 봤던 영화.. 어디서 다시 구할수 없나..?ㅜㅜ,1
R18883,이런 영화의 예술성 운운하는 인간의 뇌가 궁금하다.,0
R18884,꼭 보세요 공주가 이뻐요,1
R18885,"""하지만 섬에서 같이 있어줬기에 기뻐"" 아....심장이 멎는 줄 알았다.. 이 대사에...최곱니다...",1
R18886,21년이 지나도 기억에 남은 영화!!,1
R18887,명작중의 명작! 화와 복은 얽혀있다.,1
R18888,포스터가 똑같애서 온 1人,0
R18889,사랑에 관해서 어떻게 이런 통찰을 ..,1
R18890,진짜 해도해도 너무하네.배득은너무해,0
R18891,극장에서 봤을 땐 북한말 때문에 뭔 내용인지 잘 몰랐는데 다시 보니까 완전히 이해했음. 진짜 웰메이드 한국영화. 류승완 감독님 응원합니다.,1
R18892,고향이 영월인데 이번 추석 ebs특집으로 첨봤네요..솔직히 박중훈씨 갠적으로 별로여서 안본 영화인데다시 생각하게 됐습니다..시간이 지나면 다시한번 보고싶어질거 같네요..,1
R18893,하... 예전에 이거 보고 암생겼었는데..,0
R18894,이런 유형의 것들은 제발 스릴러/서스팬스 라고 칭하지 말자 스릴러가 니ㅁ 개 호구로 보이냐? 그냥 답답한 얼간이 싸이코 영화지. 난 진짜 무슨 스릴러라고 하길레 봤더니 개뿔....실화라고 하지만 진짜 저 점장년은 욕을 할 가치도 없다,0
R18895,아주재미있는 영화인듯!! 이런 액션 좋다좋다~,1
R18896,이런 영화도 개봉하는구나.,0
R18897,별반개도 안드리고 싶네요.... 너무 실망했어요.... 이번주 끝나는건가요?? 너무 막 쓰지마세요... 제발... 정말 스트레스 받아요...한지훈씨가 안됐음... ㅠㅠ,0
R18898,어렸을 때 반지의 제왕 비스무리한 영화인 줄 알고 엄청 기대하면서 봤는데 지금은 무슨 내용인지 하나도 기억 안 난다. 몰입도 최악의 영화.,0
R18899,극장판1기에 빌붙어 인기가 있는듯.... 극장판으로 끝내지;;,0
R18900,풋!... 아니 쳇!... 아니 헐!....,0
R18901,2빠다 1점주마...,0
R18902,숀코네리의 007은 매력적이지만 영화은 영 아니올시다.,0
R18903,질질짜다가끝나는영화.형오를 위해 만들긴 개뿔 뒤에 5분빼고 감성팔이에다가 뜬금없고근거없는스토리와어울리지않는기독교비난...노답,0
R18904,여자주인공 스타일이 코트는 영아니요 여자 주윤발도이니고 ㅡ.ㅡ 차라리 가죽점퍼가더낳을듯....,0
R18905,개인적으로 역대 가장 역겹고 재수없는 여주가 아닐까한다...,0
R18906,전세계를 통틀어~~~징기즈칸이..정복자중 따라올자는 없을거야..지금세상으로치면..살인마겠지만..그시대엔 영웅이였겠지.,1
R18907,시대를 알수있는 영화,0
R18908,조따 웃겼어,1
R18909,지루하고 뻔하네요.,0
R18910,이걸 개봉했다는 기괴한 사실.,0
R18911,1점주려다가 호화캐스팅 보고 깜~짝 놀라서 맘을 고쳐먹...기는 개뿔 그냥 그대로 1점-_-,0
R18912,개념없는 감독 ㅅㅋ .........엘지팬인거 같은데~ 똑바루 살아라,0
R18913,생각보다는 많이 별로,0
R18914,뭐하자는거임......빨리 끝났으면합니다. 몇부작인지도 안나오고 답답하구만 ㅠㅠㅠㅡㅡ,0
R18915,동물들의 연기가..아주 일품이었다능 고양이를좋아하는데요 넘넘재밌었어요 최고최고 우주남배우님 연기가 너무너무 재밌고 웃겼어용,1
R18916,반전 대박이네여...,1
R18917,위대한 원작.그리고 그에 미치지 못하는 범작.,0
R18918,지금 티비에서 보는데 하도 어이없어서 달러옴 이거 왜만들었을까,0
R18919,"단순한 영화였다.홍칠이부부외에는 다중인격 싸이코년에, 우울증에, 난봉꾼에 OO들",0
R18920,재밌으려는 시도만 열심히 하고 결국 이끌어내지 못한다 .,0
R18921,오늘같은날 김재규 열사님이 보고싶어지는날이네요 탕탕탕 탕수육을 먹으며 다시한번 그때 그감동을 느껴봐야겠습니다,1
R18922,영화의 90%인가가 배우들의 애드리브로 알고 있는데.....예쁘고 좋은 영화였어요,1
R18923,올ㅋ,1
R18924,17살.. 9년을다봤다고는 장담못하지만 7년가까이 본방사수하고있다 내학창시절의 반을 함께한 프로그램이다 토요일 6시 20분이되면 얼른 티비앞에가고.. 12시가지났다는 말에 착잡했다,1
R18925,"쩐다, 쩔어! 역시 트랜스포터!",1
R18926,죽여줄까,0
R18927,너무고평가 되어있다. 5점도 아까울정도로 지루... 그래픽은 엄청남,0
R18928,ㅠㅂㅠb 좋다..,1
R18929,"인간이하의 피폐한 삶을 사는 군대에서 봤는대, 영화내용도 피폐해서 ㅁㅈㅎ. 괜히 기분만 잡침",0
R18930,개잼남..포르x는 중요부분만 챙겨보지만 이건 오직 정주행함..ㅋ,1
R18931,두 OOO가 OO을 한다. 지중해 가 있어라 다음 침몰하면 신속하게 구조하게,0
R18932,어제 케이블채널에서 봤는데.. 내 인생 최악의 영화로 당첨..,0
R18933,여기 그어디에도 최고급리조트는 안나온다.작가는 리조트에서 놀아본적이 없나봐~ 이 영화에 돈이 제일 많이 들어간곳은 아마도 오징어 먹물일듯!!,0
R18934,강리나 잖아 ㅋㅋ,1
R18935,어제 MBC에서 틀어준거는 프랑스 더빙판...,1
R18936,진짜 쓰레기 영화.ㅋㅋ진짜 씹노잼,0
R18937,아름다운 영상을 위한 인간 노력의 결정체,1
R18938,ff66 저넘은 드라마 안봐놓고 뭔 헛소리다냐. 일베충인가,1
R18939,볼때마다 존나 빡침ㅡㅡ,0
R18940,개그배우 도배,0
R18941,순신와준호에 사이가 점점 먼어 진다.,0
R18942,대사 재밌던데ㅋㅋ,1
R18943,그리고 전 영화를 사랑하게 되었습니다.,1
R18944,그냥 코웃음이 난다 명작 게임을,0
R18945,짱재미있어욥!!! 다음편얼른나와랏,1
R18946,심심할때 봤는데 나름볼만하네요,1
R18947,was the first one better?,0
R18948,"넘 쉽게 예상된 반전,마지막 도끼씬 황당...악마 맞니?...긴장감도 별루...",0
R18949,촌사러 이상한영허ㅏ 짜증남,0
R18950,일베하고 영화 노예 12년이 무 슨상 관이노?,0
R18951,와... 정말 최고의 감동영화.. 아오이 진짜 예쁘다.. 이준기도 멋있고.. 감동 이야기!,1
R18952,첫번째 어설픈 배우들의 연기...장면들도 왕 유치...일본이야기마저도 실망...,0
R18953,평점이 8점대라니.,1
R18954,재미있다해서 봤다가....개낚였네....,0
R18955,유고와 라라: 하늘고래와 구름섬 대모험..초등학생 아들이랑 봤는데 재미있었어요친구를 진정으로 사랑하는 마음까지...아들도 재미있어하고 했어요,1
R18956,펑점미침ㅋ이아오우오아이,0
R18957,좀 더 치밀한 스릴러였어야 했다. 스릴러를 찍고 싶었다면 이렇게 허술해서는 안된다. 특히 클라이맥스 엔딩씬은...할 말이 없다.,0
R18958,불륜을 미화한 영화. 불륜녀 남편인 제독의 부하가 불쌍하다,0
R18959,デ?タベ?スは結論を出すことができない。데이터베이스는 결론을 내릴수 없다 - 후쿠베 사토시,1
R18960,의미없는 허리돌림.,0
R18961,아이와 함께 봤는데 같이 졸았습니다~,0
R18962,오로라는 뭔가 신비한 느낌이들고 청순한 이미지의 여자가 했으면 좋겠는데 뭔가 각진 여자가 나와서 별로였던거 같아,0
R18963,아나~장난하나~OO래? 알바냐~평점이 2점도 안되겠구만.. 와나~ 진짜 어이없네~,0
R18964,아 진짜 6점짜린 아니다...,1
R18965,보다 끈 영화는 처음임...여주의 유치한 오버연기 눈뜨고 못봐주겠음. 여주의 촌스럽고 눈치없는 캐릭터에 오만상이 찌푸려짐. 전혀 사랑스럽지도 않고 짜증만 나는 영화.,0
R18966,"멋졌다. 정말이지, 멋지다는 말 이외엔 할 말이 없다.",1
R18967,감동감동.. 영화보고 집에 오면 브람스 피아노협주곡 1번을 다시 찾아 듣게된다...,1
R18968,"솔직히 말해서 '저주 받은 걸작'이다. 평점 보면 죄다 마지막에 나온 괴물 때문에 망했다고 하던데, 영화를 제대로 보지 않았으니 그 괴물이 뭐고 왜 나오는 지 모를 수 밖에, 다시 한번 보면 이 영화가 대단하고 감독이 얼마나 대단한지 알 수 있을 것임",1
R18969,이제 군대를 비하하는건 좀 아닌듯 싶네요..욕으로시작해서욕으로끝나네요,0
R18970,일상적이면서도 감성적인 영화였다. 지구는 승차감이 없는 기차같다는 표현과 바다가 바람부는 냉장고 같다는 표현으로 시청각장애인들이 느끼는 세상을 잠시 훔쳐보고 온 느낌도 들었다. 아내 순호씨와의 애정이 느껴져 보는 내내 잔잔한 미소를 지었다.,1
R18971,보면서 웃지 않는 건 불가능하다,1
R18972,엄마의 심한 간섭이 좀 짜증났지만 재밋었다.ㅋㅋ,1
R18973,개독들은 보지마라 그냥.,1
R18974,내 생애 최고의 드라마ㅠㅠ,1
R18975,희대의 명작 연출 의상 미술은 최고 게리 울드만의 드라큐라 연기는 가히 폭팔적,1
R18976,"영화적 재미, 작품성 모두 별로...베를린영화제의 기준은 ?",0
R18977,중구난방 달리기.,0
R18978,영화는 재미있는데 애니매이션은 최악,0
R18979,강렬하고 화려하게 보이려는 뭔가 잘 이해하기 힘든 어려운 결말이지만 이런 영화는 꼭 너무 극단적으로만 스토리를 끌고가려고 하는 것에 관객의 입장으로서는 질린다....,0
R18980,웬만하면안쓰려고했는데 봉준호감독 감많이 떨어졌다 ㅋ,0
R18981,그냥 웃고 보는 삼류영화~,0
R18982,요리에 대해 다시 한번 생각하게 됬고 감동받았다,1
R18983,진짜 병맛영화ㅡㅡ..,0
R18984,그냥 쓰레기네. 할말없는 쓰레기네.,0
R18985,정말 기대이상으로 재밌어요. 재미도 있고 공감되는부분도 너무 많고.. 국적을 떠나 사람이 느끼는건 정말 같네요..,1
R18986,참 개념없이 옆으로 간다 긴장감이라고는 꽝,0
R18987,당췌 뭐니....돈아까워..,0
R18988,명작오브명작이것도재개봉했음조켓다,1
R18989,@ㅏ재들도 럽폭도 못지 않게 한다면서요? ㅎㄷㄷ,0
R18990,그다지 권하고 싶지 않은 영화.,0
R18991,이게왜 7점밖에안돼???? 8.3은줘야한다,1
R18992,이서진의 시즌1은 그냥 마트 시장가고 밭에서 돌아다니 것 밖에 없어서 심심했는데 시즌2는 바다에서 낚시도 하고 등산 산책도 하고 완전웃긴 유머가 가득 해서 시즌2가 더 진화되고 재밌는 편인 것 같습니다!! ㅋㅋㅋ,1
R18993,이건 머지?? 배틀로얄 비슷한지 알고봤다고 시간만 버렸네 ㅅㅂ,0
R18994,아무런변화가없는스티븐시갈식액션영화,0
R18995,극장판에 의미가 스토리 말고 이야기 아닌가?,1
R18996,한국판 이면 평점 안줄려고 했는데 중국판은 10점 만점..^ ^,1
R18997,과포장 되어 있다.acs,0
R18998,"나름 기대하면서 봤건만,관대하려고 했건만,ㅋㅋㅋ진짜 아무것도없다.",0
R18999,내 인생 최초의 평점 등록.. 진짜 감동이다.. 연기자들까지 다 리얼이었다니.. ㅠㅠ 최고입니다! 사랑해요!,1
R19000,"시대착오적인 에로영화. 베드씬도 구리지만, 이야기는 더 구리다.",0
R19001,"와, 남자친구랑 빵 터졌습니다 ㅋㅋㅋㅋㅋ 재미있네요",1
R19002,평점이 지나치게 높네..cg도 너무 딸리고..내가 점수를 후하게 주는 편인데..이건 좀..4~5점 생각하고 있으나 평점 맞추려고 1점..볼까 말까 생각하시는 분들은 정말 볼거 없고 시간이 남아 돌때 한번 감상하시길...,0
R19003,상당히 루즈함~,0
R19004,학점 2.0아래까지 찍어보자,0
R19005,"도대체 실체가 뭘까 했는데 역시나 과거의 트라우마, 죄책감, 무력감... 그럴 줄 알았어. 자식 잃은 부모의 상실감... 역시나 그게 메인이군. 시덥잖은 온갖 환영들도 새로울 것 하나도 없고... 엔딩부분은 임팩트가 있는 편. 식상한 영화.",0
R19006,무슨 섹스코미디냐? 그런대접받고 말한마디 못하는 여주도 짜증...아오이는 귀여웠음.,0
R19007,"충분히 많은 것을 담아냈고, 많은 것을 느꼈다",1
R19008,정말 좋아하는 영화..,1
R19009,두번 보고 처음볼때 느껴보지못한것 놓친부분을 깨닫는재미가 아주크다. 차분한 영화라고할까? 화려 하지않아서 더 좋았다 역시 송혜교,1
R19010,황비홍2와 더불어 원작보다 더 재밌는 후속작의 진수를 보여준 영화!,1
R19011,독립영화를 이렇게 잼있게 보긴 처음입니다. 감독님의 다음 작품이 기대됩니다.,1
R19012,싸이코 살인마는 좋았다~ 그외엔 대사부터 자폐에....나름 최서을 다한것은 알겠으나....,0
R19013,우연조차 완벽한 영화. 위대하다.,1
R19014,드럽게 재미없다... 디카프리오땜에 봣는데...괜히봄,0
R19015,너무재밋고 주연여배우들도 이쁨,1
R19016,보는 내내 충격이었음...ㅠㅠ,1
R19017,발 킬머의 결핵 환자 연기가 환상적이었음. 이때부터 발 킬머의 열렬한 팬이 되었음.,1
R19018,훌륭합니다.,1
R19019,공포는 덜했지만 연출도 연기도 탄탄하고 강풀의 따뜻함이 잘살아있어 좋았다,1
R19020,꿈의 자동차 총출동! 엔초 페라리 VS 포르쉐 카레라 GT!!,1
R19021,mi manca Italia!,1
R19022,이거 보느니 롤 일반게임 한번 더 하세요 패배해도 그게 이익입니다,0
R19023,손에 땀을쥐게하는영화.. 2013폴리스스토리도기대,1
R19024,"잔잔한 여운이 오래... 정말 수작이다. 빌처럼 후회 없이, 행복하게 삶을 마무리할 수 있도록. 그렇게 살아야지. (한 가지, 브래드 피트 너무 잘생겨서 영화에 집중하기가 힘들었다.. 연기력도 어후... 다 가졌네 다 가졌어)",1
R19025,쓰레기남자와 뻔뻔한 여자의 불륜이야기. ㅡ.ㅡ 기분 더러워짐,0
R19026,아니 좀 말이 되는 스토리라인을 써야지.,0
R19027,진짜 재밋게 봐음 정소민 연기 진짜 많이 는게 보엿음 굿굿,1
R19028,저는 정말 재미있게 봤습니다 마지막이 정말 멋있었어요^^,1
R19029,명화네요 ㅠㅠ 잊지못할 영화입니다...,1
R19030,시즌1이랑 시즌2초반이 재밌었는데 3은별로..,0
R19031,그냥 웃고자 한다면 볼만 합니다.. 여친소보다 좋다..,1
R19032,영화전개는 빠르나 이해가....,0
R19033,나는 이미 너무 늙어버렸다. 훗날 아이들에게 보여주면 좋을 영화.,0
R19034,상당한 수작인데 평점이 왜 이럼? 최소 8점짜린데 균형땜에 10점줌. ㅡㅡ,1
R19035,1점도 아깝다..이런 영화를 수입한다고...돈이 막 덤비는 모양이구나...,0
R19036,강우석의 망작 중 하나. 영상미는 열심히 찍은듯 하다,0
R19037,"허전하고 느슨한, 재미없는 이야기.",0
R19038,마음이 정말 따뜻해지는 영화..ㅜㅜ사랑스러운 데니스..,1
R19039,제갈량 같은 매력적인 주인공+_+,1
R19040,상상력이 기발한 독특한 호러무비. 크리스토퍼영의 음악도 좋고 87년도 영화인데 지금봐도 이만한 호러무비 없을 듯.,1
R19041,이런걸볼때마다 감독은 개나소나할수 있는것같다,0
R19042,솔직히 이 드라마 평점 9점 넘어야된다,1
R19043,현실이 떠올라서 뜨끔한 영화다. 좋은 영화다.,1
R19044,이렇게 우둔하게 만들기도 쉽지않다,0
R19045,내가 보기에 일부러 감독이 그냥 장난치며 만든 영화인듯미친 병맛 진짜....,0
R19046,스토리가1점임...,0
R19047,세월이 흘러도 b급은 늙지 않는다.,1
R19048,어휴 진짜 주인공이 민폐녀,0
R19049,어렸을때 극장에서 본영화네요. 18세이상 관람가...;,0
R19050,너무재미없어서 열받아서 평점 처음달아봄,0
R19051,마치 중국이 민족간의 화해를 우선으로 해오던 나라처럼 묘사하면서 다민족 분열의 위험이 있는 내정을 무마해 보려는 중국판 내셔널리스트 영화로서 역시 청룽이구나... 정계진출 하려나...,0
R19052,이영화보고 깜짝놀랐다 영화보고 이런거 쓰러온것도 첨이고.. 강추 완전강추다,1
R19053,전지현 최고당 ㅋㅋ,1
R19054,말도 안되는 설정이다..더 퍼지같은 정책이 생겨나면 빈곤층보다 상류층이 더 죽어나가고 피해볼텐데 무슨 빈곤층이 죽어나가냐?,0
R19055,일단 초반엔 상당히 이목을끌고 재미있는데 후반부로 갈수록 먼가 똑같은 연기를 하고 있다는 생각과 똑같은 연기같네요 완성도 부분에서도 상당히 좀 충격받았구요 전 상당히 감동적인 영화 좋아하고 그러는데 이 영화만큼은 정말 기대치 이하였네요..,0
R19056,마지막에 눈물 펑펑 쏟음ㅠ 연약했던 여자 두명을 변하게 하고 일탈 할 수 할 수 밖에 없게 만들었던 남자들과 사회에 대해 깊이 생각을 하게 만드는 영화... 명작이다,1
R19057,"표현의 자유도 좋고, 영화는 영화로 보는 것도 좋은데, 명백한 테러를 이런 식으로 미화하는 건 좀.",0
R19058,가족의 소중함을 알게해준 가슴찡한 스토리~,1
R19059,처음에는 좀 무서울 듯 하다가 계속 학교안 매우 좁은 폭에서 스토리가 전개되어 지루했다.,0
R19060,유쾌하다. 재미있음 !,1
R19061,"앞서 말한데로 뒷심부족, 마지막 반전은 허탈하다. 하지만 인상깊다. ""답은 하나입니다""",1
R19062,작년에 왜 재개봉 한 걸 몰랐는지 저를 이해할 수 없습니다. 꼭 재개봉이 다시 이루어졌으면 좋겠습니다.,1
R19063,"옹박 스턴트맨 마이클B의 발연기, 흐접한 스토리와 연출. 견적 안나오는 삼류",0
R19064,지루함 그리고 드류베리모어역 꼴사납다 이기적이고 앞뒤생각없이 누가 피해를 보건말건 고래만 살리면돼ㅡㅡ짜증남,0
R19065,열번은 본 듯실화 최고임,1
R19066,연출이 서투르지만 영화에서 장국영 특유의 외로움이 잘 묻어나있다. 사랑하는 것들은 언젠가 반드시 죽는다. 안타까워도 외면하지 말고 있는 그대로 받아들이라는 주제. 연출이 정말 너무 서투르다.,0
R19067,진심 이때까지 드라마 본 것중에 가장 손에 땀을 쥐게 봤던..,1
R19068,"토토 등의 숲이 움직인다는 발상은 좋지만 아이들이 보기에 좋지않다고 생각. 잔인하다. 두 남매나 사냥꾼이 너무 폭력적이다. 스토리도 영상도 더빙도 허술하다. 갑자기 끝에가서 ""사이좋게 지내야지""하면 교훈을 주는건가? 모르겠다. 관람을 만류하고싶은 영화",0
R19069,태평양전쟁 중 과달카날 공방전을 배경으로 하고 있지만 전투보다는 그 상황에 던져진 각 개인들의 고뇌와 불합리한 상황들에 촛점이 맞춰져 있다. 개인적으로 월남전을 배경으로 한 플래툰과 더불어 전쟁에 대한 시각을 바꿔줄 수 있는 수작으로 꼽고 싶다.,1
R19070,단순 볼거리를 원한다면 스텝업이나 플래닛 비보이를 추천하고 싶다.,0
R19071,오인혜나온대서봤는데 뭐고이게...,0
R19072,오랜만에 나온 대중성과 작품성을 동시에 겸비한 드라마,1
R19073,결말이 황당하고 억지로 마지막에 자매설정한것때문에,0
R19074,역시 쩐다ㅋㅋㅋㅋ 근데2가더재밋는듯,1
R19075,재밋믄데 왜 코믹하고 재밋지,1
R19076,영화제목도 스토리도 재밌었어요,1
R19077,뭐지?,0
R19078,자나! 자나! 영화가 삼류 쓰레기! 자나! 나참! 진심 어의 없자나!,0
R19079,잼슴다ㅎㅎㅎ추천합니다 상영관수가너무적어아쉽습니다정말 ㅜ,1
R19080,쓰레잌ㅋㅋㅋ 영화 알바 좇되랔ㅋ,0
R19081,천은경..요즘 떴다면 대형 스타감인데...,0
R19082,똥이다 똥 ! CG 수준은 진짜 시각테러수준이었고 전개는 중학생이 쓴 소설보다 낮은수준이다 쓰레기다 그냥,0
R19083,속편이 다 그렇지..의 확신의 증거,0
R19084,TV채널 돌리다 움찔.. 계속 채널 돌린 영화,0
R19085,"평점과 리뷰에 속지 맙시다 역시 영화는 액션,빤따르쥐를봐야한다 내돈, 내돈~~~~",0
R19086,소재는 좋았지만 잘 살리질 못한,0
R19087,관객들이 함께 만든 영화이기 때문에 더욱 빛난다.,1
R19088,ㅡㅡ; 멋진사무라이가 아니라 무슨 옆집아저씨같은 사무라이;;그래도 잼씀,1
R19089,기대를 많이한다면 실망할것,0
R19090,친구땜 보고...'윽'이란 말이 절로 나오는 최악의 졸작!!,0
R19091,내용 다까먹을정도로 재미없다 얼마전에 봣ㄴ느데,0
R19092,보다가 울컥핫 영화...재미도 있고...먼가 감동적임,1
R19093,꽤 재미도 있었지만 제가 볼 때에는 책과 겹치는 부분이 많아서 생각보다 지루했어요.,0
R19094,보면서 아주 화가 치밀어서 ;;; 이종석 여자친구한테 빙의하고 봐서 그런가?? 진심 드라마는 드라마일뿐...,0
R19095,심각하네요. 뭐 이건 ㅡㅡ,0
R19096,하루종일 섹스앤 시티만 보구싶어~너무 죠아요!,1
R19097,엄청 웃으며봤던기억나요! 귀엽고재밌음,1
R19098,마음을 묵직하게 만드는 영화..,1
R19099,진짜 과장하나 안보태고 머리털나고 본 영화중 워스트 3안에 든다 ㅡㅡ 마지막에 주인공 갑자기 탐크루즈 빙의해서 거꾸로 매달려 전기총쏘는거 보고 개폭소했다 진짜,0
R19100,울고웃고 행복한시간 그리고 추억 공감 감동 가족 사랑 설램 등등 많은걸 선물해줬던 작품~,1
R19101,나는관대하다 크하하하하하하하!,1
R19102,본드의 부인은 예쁘지만 죠지 라젠비는 글쎄~,0
R19103,아....짱이다..,1
R19104,잊을수없는데.. 잊어야하는데 못 잊는데,1
R19105,허무하고도 실망스럽고도 뭐~ 그러거든요 !!!!,0
R19106,"쯧쯧.. 지루하다..눈요기 오로지 그것뿐...무슨 예술영환가?? 제작비가 아까비,,,",0
R19107,필요하진 않지만 영화몰입에 플러스되는 장면같은 것들을 지루하게 오래 끌지않고 딱딱 적당히 삽입하는 것은 좋네요.. 전체적으로 봤을때 절망적인 세계에서 살아가는 생존스토리를 그린거 같은데요...그게 다네요... 딱히 가슴에 와닿을만한건 없습니다,0
R19108,"너무한다 너무해,, 아까운 시간 돌리도~~~~ㅠㅠ",0
R19109,완전 재미있어요!!하지만 어린이들에게만 먹히는영화(?)이다,1
R19110,성악한 인간의 본성을 여실히 보여줬다.하지만 과장된 연출이 마이너스 요소다.,0
R19111,d-war is much better ...,0
R19112,내가 1점 줬더니 평점준것도 지우네. 이 영화가 평점 높은 이유가 있었군 ㅉㅉ,0
R19113,아 나 진짜 솔직히 엠비씨 사극 지금껏 매우 재밌게 봐왔다 하지만 이 드라마는 정말 아닌 것 같다 엠비씨에서 사극이 이렇게 망한다는 것을 깨달았다 불의여신정이 캐스팅때 문근영이란거 알고 그때부터 망했다는걸 알았지만,0
R19114,7살 딸이랑 5살 아들이랑 보고왔어요.딸은 좀 무서웠지만 재밌었다는데 아들은 반응이ㅎㅎ캐릭터들이랑 영상미도 괜찮았고 대체루 만족해요~,0
R19115,찰리 쉰도 은근히 버디 영화 많이출연하는듯...암튼 좋아~,1
R19116,이 영화 나왔을 때 어렴풋이 기억나는데 마치 스케일큰 재난 영화처럼 광고했었던 거 같다. 이런 좋은 내용이었을 줄 누가 알았겠어...광고를 다른 방향으로 했다면 흥행했을 것! 감동적이었다.,1
R19117,택시 소재 공포영화 독특했다,0
R19118,재미있어요 ㅋㅋ,1
R19119,영화도 음란하지만 실제목적은 더 음란하다,0
R19120,시간 겁나 많이 남는사람만 보세요,0
R19121,쓰레기보다 못한 새끼 니 딸한테도 그 짓거리 해봐라,0
R19122,내가 여태까지 본 영화중 평점제일높네 근데 록키 과묵할줄 알았는데 왤케 말이많지? ㅋㅋㅋㅋ,1
R19123,무슨말이 필요할까요 자비엔돌란..만든영화 출연한 영화 얼굴선라인과 함께 파고드는 치명타 매력 ㅠㅠ 만들고 잇는영화 빨리 나왔음 해요,1
R19124,이 좋은 소재를 이따구로 밖에 못살리나. 참 영화 센스없게 만들었다.,0
R19125,별 0개는 없나? 방금봤는데 뭐 이따위 영화가 다있어?,0
R19126,"아~ 쓰레기영화인지 . 2002년도에 나왔던 영화랑 다를게없군,패러디 할꺼면 좀 다르게 하던가, 누가봐도 가위영화네요~ (하지원, 김규리 나온영화).이거 왜 만든걸까요??? 이해가 안감",0
R19127,한국영화계는 인정도 많아.. 임상수가 밥 먹고 산다니..,0
R19128,보지도 않고 별준 빠돌빠순이들이 한심하게만 보여지는 대표적 별점조작영화,0
R19129,"보는 내내 손발이 오그라들었다, 그리고 내용도 어찌나 뻔하던지 설마 이렇게 되겠어 하면 정말 그렇게되는...ㄷ강동원이 출연 안했으면 아무도 관심을 주지 않았을듯",0
R19130,[3점] 뭐 어쩌라는거야,0
R19131,지나치게 자극적으로 만든 인권영화라 별다른 감정을 느낄수가 없다.,0
R19132,감동의 명작 소장하고 있어요,1
R19133,생각과는 다른 영화... 신선했습니다.,1
R19134,"연출, 기획, 스토리 전부다 쓰레기..제인생 영화중에 제일 쓰레기.. 절대보지마요진심",0
R19135,아나... 이런 잎새야~!!!!!,0
R19136,"치료약도 없는 에볼라 바이러스를 모델로, 질병이 퍼져 나가 통제할 수 없으며 결국 죽음을 피할 수 없는 무서운 바이러스.",1
R19137,소아밴 조용한 형명,1
R19138,너무 감동적이네요. 제가 본 것 중에 최고로 재미있네요ㅋㅋㅋ,1
R19139,재미 있어요,1
R19140,개인적으로 놀란을 높게평가하지만 이영화는 실망스러웠다 결말을보기위해 많은시간을 참아야만 볼수있는영화,0
R19141,소림사 이름 특허신청 이라도 해줘야 하는거 아닌가요?이건뭐 카우나 도그나 쯧. . .,0
R19142,빛의 손길처럼 부드러운 스토리텔링,1
R19143,기업과 노조이익을 위한 임금삭감노조탄압을 위한 조폭투입그런면에서 보면 명작...,1
R19144,아 아 아 주온 다시보고싶다,0
R19145,거의 마지막에 성 무너지는 부분에서 하지원이랑 적이랑 싸울때 하지원이 사람들 막 베는데 피 하나도 안나오더라; 칼에서도 피 하나도 안 묻음;; 10명 넘게 베는것 같은데...,0
R19146,정말최고의영화 지금봐도재밌습니다.안보신분들은 꼭보시길..,1
R19147,다음큐브에서 상영하던 VOD.욕망의 정신병동인가 하는이름으로 봤었는데.,0
R19148,개봉했는데.. 평점이 한개도없네; 평점좀주세요........,1
R19149,여기도 평점 조작하나보네...이게 무슨 영화냐..,0
R19150,"suprise , **cking role. 와우 ㅋㅋㅋㅋ 정말 명작.... 환경에 의해 변해가는 한 청년의 사춘기",1
R19151,아..젠장..이걸 개봉날 3D로 봤다니..,0
R19152,"난 힘들 땐, 이 영화를 되새김질해요~~ 정말 최고!",1
R19153,탑 승리 지디 영배 대성 ★☆♡,1
R19154,최고.. 진심 이런 영화는 10번이든 20번이든 계속 볼 수 있고 돈을 내서라도 보고 싶은 영화..ㅠㅠ 감동도 주고 즐거움도 주는것이 진심 다른영화보다 더욱더 좋은 점수를 주고 싶은 영화ㅠㅠ 진짜 이 영화는 안 사랑할수밖에 없는 영화.. 진짜 추천해요,1
R19155,"할리우드 영화같은 느낌, 오락영화로서의 목적에 충실한 듯. 영화에서 배운 룰렛에서 돈따는 방법을 써먹고 싶당..",1
R19156,조카들 보여주면서 참 뿌뜻하게 만드는 영화네요,1
R19157,완벽할 정도로 깔끔하다.,1
R19158,"윤시윤,서재희역할 너무 머찌고 연기짱이였습니다.정말 몰입해서 잘 봤어요. 윤시윤배우의 가능성이 엿보이고, 이지아씨랑 연기호흡도 너무 좋았습니다. 어려운 상황에 좋은 작품 감동 적입니다. 이제 마지막회만 보면 ""나도꽃""다시보기정복완료.이지아,윤시윤 짱짱",1
R19159,"디자이너로서의 화려함보다 그 이면의 불안과 우울, 또 이브생로랑만의 감각을 잘 담아낸 영화. 편집의 미학으로 2시간 30분이 전혀 지루하게 느껴지지 않았음. 불어를 몰라 대사를 백프로 이해못한 아쉬움.",1
R19160,오랫동안 흘리지 않았던 눈물을 짓게 한 최고의 감동 영화. 우리정서에 딱 맞다.,1
R19161,프레스티지 보다 훨씬 좋음.,1
R19162,탁월한 내면심리묘사와 강렬한 사회적 메세지를 주는 소름끼치는 영화,1
R19163,어쩜 이렇게 사투리가 어색할수가... 댓글 달기도 챙피함. 별도 아까움,0
R19164,솔로마음의 지뢰밭,0
R19165,그냥 평범 이 정도 점수는 아니지,0
R19166,솔직히 말하자면 개인적으로 코난영화중에서 제일 재밌게 봤어요.. 다음 tv팟에 가시면 무료로 볼수도있어여,1
R19167,내가 롭 코헨을 싫어하는 것에 대해 별 이유를 붙이고 싶지 않다,0
R19168,히어로물보다 더 미친듯 뿜어지는 슈퍼에너지,1
R19169,진심으로 보지마라 2편은 12세라서 더 재미없것네 이게 왜 3편까지 제작이되냐,0
R19170,자연산은 없는건가....,0
R19171,감동.... 나우시카가 원한 건 그저 평화,1
R19172,"졸라 이런 핵노잼 영화도 오랜만이다. 연기 더럽게 못하네, 오광록이 저렇게 연기 못하는 배우였나...ㅡ0ㅡ;",0
R19173,자꾸보고 자꾸보게되는 영화,1
R19174,당시 초딩때 뭔지도 모르곤 본 영화였는데 정말 재밌게 본 영화였다! 죽기전에 다시 보고싶다,1
R19175,의외의 웃음을선사하지만 30% 정도 나머지는 보기민망할 정도,0
R19176,막장이긴한데 재밌음 계속보게되고,1
R19177,도저히 감정이입 할 수 없는 발연기,0
R19178,이영화 진짜 제대로다 이건 우뢰매라기 보다는 파워레인저나 후뢰시맨 같은 전대물 느낌이 아주 강력하다 돈주고 봤다면 눈물 10방을은 족히 흘렸을것같다. 특히 쓰레기통같은 프라스틱 쪼가리 속에 사람이 들어가서 초절정 과학의 메카닉을 연기하는 배우에게 한표,0
R19179,이건 뭐 tv시리즈를 본사람이 아니고서는 이해하지 못할 상황인듯.최고다!,1
R19180,엉성한 시나리오에 엉성한 연출.,0
R19181,OST 너무 좋아서 계속 듣네요ㅠㅠ 특유의 파리나 집시 느낌이 너무 멋지다,1
R19182,터무니없고 허무맹랑하고 무의미하고 완전 재미없고 시간 아까웠다 13일의 금요일 정도는 되어야 호러물이지,0
R19183,최지우 혀짧고 어색한 연기..스토리 별로 짜증나는 드라마임,0
R19184,최우식 연기 굉장히 자연스럽고 정말 보기 좋았음.. 내용은 뭐 당연 최고지요,1
R19185,설정을 필요한 지점에서야 만들어내는 괴기스러운 연출.,0
R19186,웃기긴 한데 얘네 미쳤어 진짜,1
R19187,"귤이 회수를 건너더니,탱자가 되어버렸다는 말은 딱 이럴때 쓰라고 있는 말이다.",0
R19188,"어색하고,, 어색하도다...",0
R19189,딱보니 그당시 히트쳤던 고래사냥 배껴만든 어설픈 영화군 서세원 기회주의자,0
R19190,역시 아이유와 니콜 정말 멋진여자다.,1
R19191,스릴러? 뭐 그런거 전혀 느껴보질 못했는데..-_-;,0
R19192,멋진 영화였다. 비행장면도 멋있었다.나도 비행운전 해보고싶다장진영 여배우와 김주혁 남배우 잘어울리는 영화였다.,1
R19193,안소니나 엠마 기대하고 보면...쓰레기임..아..내돈.,0
R19194,투자자는 이 영화를 보고 어떤 느낌이 들었을까?,0
R19195,9점대 공포물 8점대는 절대 아님..,1
R19196,REC는 초반부터 흐름을 잘못 잡았다. 차라리 바이러스로 가지 이게 뭔지.. 갈수록 개망이네,0
R19197,살인에 시체유기까지 한 조형기 놈 따위를 출연시킨 영화가 알만하구나.,0
R19198,3류 에로비디오 스탭들이 3류 범죄영화로 뭉쳤다,0
R19199,스릴러인데 스릴이없음..ㅋ 죽이는자나 도망치는자나 개엉성,0
R19200,내용이 너무 지루하다....... 재미없다 굿닥터로 채널 돌림,0
R19201,닭들이 불쌍해.,1
R19202,슬레기 뮤비 대가리똥찬 기집아들아 니 엄마 아빠 생일이나 챙겨라 까놨더니 스짤때기 없는짖하고다니고 지용이가 니들 알기나하간,0
R19203,"솔로들 에겐 염장을 지르고 , 관객들 에겐 돌 맞을 준비를 ..",0
R19204,*♥♥♥♥♥,1
R19205,진짜 시간이 아까운 영화군(보면서 욕나오는 영화임) 평가 자체가 아깝다.,0
R19206,한마디로 시간이 아깝다,0
R19207,베리드에 버금가는 초 저예산 영화...스토리 긴장감은 베리드가 더 나음,0
R19208,여자친구랑 보러갔는데 미안해지는 영화네요 ㅡㅡ 제발 보지마세요 엉성한 cg에 뭔말인지도 모르는 스토리설명은 정말 최악입니다 ㅡㅡ,0
R19209,초반에 움찔하다가. 나중에 코믹영화인줄 알았다.,0
R19210,사람 죽이는 모습을 재미로 표현하네요 미국의 멸망이 가까워지고 있어,0
R19211,소재하나는 끝내주네요.,0
R19212,정말 잼있게 본 영화..,1
R19213,이런 영화가 10점 만점이라니 대략 어이가 없다.,0
R19214,영화에 개연성이 전혀 없네요. 배우 연기 빼면 거의 쓰레기 수준..,0
R19215,뭔지? 보는내내 짜증나고 다보고 욕나오네요..ㅜ,0
R19216,진짜 내생에최악의 영화 초반에는 김장감조성도 되고 볼만햇는데 중반부부터 탄식 그중에 정말 어이없던건 마지막에 살인마죽을때..하 웃엇음 영화관에서 안본게 다행이지만 무료로봣더라도 시간이너무아깝고 기분만 더러웟음,0
R19217,꽤 재밌던 영화인데...,1
R19218,배우기대하고봤다가 완전낚였다 진짜 재미없고 사상불순,0
R19219,한번도 생각 해 본적 없던 지구의 중심부 core....우주엔 밝혀 내야 할 것들이 밝혀진 것보다 많음을 생각해본다,1
R19220,한30분보고 뒤에는대충넘기면서봤는데.. 평점뭐냐.. 진짜내스타일아니다,0
R19221,이건 뭐가 크게 잘못되었군!,0
R19222,너무너우너무재미있었어요,1
R19223,다시 없을 고통을 침묵으로 지켜낸 그녀. 많은 생각을 하게 하는 영화였다.,1
R19224,"상실,, 희망뒤의 절망, 그리고 정을 통해 찾은 안정. 어른들에게도 해당되는 이야기.",1
R19225,0점 줄수 없나?? 쓰레기영화다 진짜.. 내용도없고 그냥 컴퓨터 CG조금나옴,0
R19226,마지막 빅뱅은 왜 껴 넣은겨?!,1
R19227,야마카시 비슷한 느낌의 맨몸 액션은 볼만한. 스토리가 별로이다 보니 속편은 찾아볼 생각도 안함,0
R19228,가슴찡하게 눈물 나는영화~장쯔이와 선생님이 다시 재회하는 모습이 안나와 아쉬웠어요. 이제서야 보다니 아쉽네요. Ebs최고,1
R19229,"일어날 일은 반드시 일어난다. 생각의 변화.,.",1
R19230,진짜 이때 문근영 연기에 감탄 또 감탄하면서 봤는데,1
R19231,이거 종말 무언가가 부족한 느낌?,0
R19232,very good !,1
R19233,"현실을 꾸며주는 판타지가 아니라, 현실에 침입한 판타지의 느낌?",0
R19234,진짜 마음이 따뜻해지는 영화네요♡,1
R19235,일본 우익의 왜곡된 가치관이 투영된 배경 설정임에도 옳바른 비판없이 무개념으로 공각기동대를 흡수하는 좁은 시야의 애들이 많다. 인터넷 세상과 연계된 사상에만 집중하지 말고 만화를 통해 왜곡하고 오염시키려는 실존 가치관이 뭔지 정도는 인지해야 한다.,0
R19236,"세상에서 가장 재미없는 영화..미트 더 스파르탄,상사부일체,마강호텔,소림소녀가",0
R19237,짧지만 재미있게 본 영화예요! 가볍게 보고 웃고 느끼기 좋은 영화입니다.,1
R19238,"20년전 영화임에도 생각할때마다 가슴벅찬영화. 그 색감들, 영상, 잊을 수 없어요.",1
R19239,절정의 영상속의 극도의 외로움...,1
R19240,제법 보는동안 무섭다.,0
R19241,어쩌자고 이런 영화를 만들었을까.. 필름값이 아깝다..,0
R19242,개봉했을당시 영화관에서 봤었는데.. 진부하고 지루. 눈물짜내려고 만든 장면에선 폭소를 금치못했음. 평점조절용.,0
R19243,역시 김기덕이다 -_- 고등학생수준에서 바뀌질못하네,0
R19244,OOOO 같은 드라마 언제까지 티비에 나올래...테레비 폭파해버리고 싶다....작가PD머리에 도대체 머가 들었는지 정말 궁금하다.,0
R19245,감명깊게본영화 한사람을 죽이고 한사람을 살린..,1
R19246,나이먹고 왠만한 영화보고 감동안먹는데 이영화보고 진짜 눈물흘렸네여...ㅠ,1
R19247,"박철수감독, 섹스 라이프, 베드... 독특한 편집으로 관객을 사로잡은 영화였습니다.",1
R19248,첫데이트 덕분에 실패 나쁜영화,0
R19249,일진미화 정말 심함 ㅠㅠ 눈쌀 찌푸려지더라 근데 재미는 있음 현실성도 있었고,0
R19250,어벤저스의 위대함을 생각하게 해준다.,0
R19251,감독의 붙여넣기 신공이 돋보이는 영화였다. 계단오르내리는걸 Ctrl+V Ctrl+V Ctrl+V,0
R19252,이건 그냥... 할일없는 몸파는 여자가 몸팔러 갔다가 욕정없는 70대 싸이코패스와 노닥거리다 그외의 욕정을 느끼고 결혼하자고 쫒아다니는 준깡패와의 3남녀의 시덥지 않은 이야기를 하는 한국의 인간극장만도 못한 파렴치한 영화가 되겠다.Wha tthe fu,0
R19253,스릴러가 긴장감없이 지루하다면 말다한거지..,0
R19254,그나마 그 여 전사 나와서 2점 준다 3나라가 모여서 이렇게 밖에 못 만드냐,0
R19255,눈부심을 넘어 가슴이 절절하게 아름답다.,1
R19256,참 재미없네,0
R19257,대체 왜 개봉하는건지 모르겟다,0
R19258,섬뜻함을 잘 살린 세련된 영화라고 생각해요,1
R19259,초나우딩요 ㅉㅉ뭐가좋다고 10점ㅉㅉㅉㅉㅉㅉㅉㅉㅉㅉㅉㅉㅉㅉㅉㅉㅉㅉ,0
R19260,여전사 : 난닝구 입고 머리안감는 여자,0
R19261,보기싫음 보지마 재미지구만 뭔 불만이여,1
R19262,최고의 코미디 영화!!,1
R19263,내가 주인공이되어서 억울하게 느껴지는 영화다.기소하면 무조건 유제라니 썩은판사 썩은제판소,1
R19264,"""log off"" ost조차 없었으면 0점.",0
R19265,이영화머냥 ㅡㅡ진짜지루해,0
R19266,나도 이거 영상 있는데;; 돈 주고 보기엔 아깝지;; 어떻게 이런걸 영화라고..ㅋㅋ,0
R19267,그래픽이 생각보다 좋진 않았구요 개콘 김준호의 목소리가 귀에 많이 거슬리더라구요,0
R19268,이십대 초반에 아무생각없이 보고 칠년의 시간이 지나 다시 보니 정말 아프네요,1
R19269,이 영화 진심 20번 넘게 봤다.,1
R19270,미쳤다 이 드라마 ㄷㄷㄷㄷ,1
R19271,"어릴때,그 유명한 스너프 필름인줄 알고 공포에 질렸던 기억이 난다.ㅋㅋㅋㅋㅋ",0
R19272,평점깎기아나카누ㅋㅋ너,0
R19273,코엔형제답다고 할 수 있는 그런 영화!! 진짜 영화랄 수 있는 영화!!,1
R19274,쿠바구딩주니어 + 크리스챤슬레이터 얘네들 요새는 얼마받고 찍는거냐,0
R19275,94년 작품이라 사운드도 화질도 안좋고 전개도 유치하고 뻔하고 ...딱 4점이 적합하다.,0
R19276,디럽게 유치하네...,0
R19277,보는 내내 이건 아니라는 생각이 들었다,0
R19278,괜찮았던 작품입니다. 사람마다 다른것 같지만 한 번 직접 보고 평가하세요~!,1
R19279,이게 왜 청소년 관람불가 인지 모르겠다.,0
R19280,정말재밌게잘봤습니다,1
R19281,"그의 다른 작품들과는 대비되는 가슴 벅찬 드라마. 나는 그의 이런 이야기도 무척이나 좋아한다. 영화를 보는 내내, 나는 그 여배우와 쉼없이 달리며 그를 찾았다.",1
R19282,밑에 평점 3점 준 넘. 죽이고 싶다...!!!,0
R19283,허접쓰레기도 이 정도는 심하다,0
R19284,엑스맨1에보면휠체어교수랑악당할배드의젊은시절이야기 재미더럽게없네,0
R19285,"최고의 반전영화.. 그래픽 꽝, 별볼일 없는 스토리에 더욱 빛을 발한 연기 꽝!!",0
R19286,감동그자체감동그자체,1
R19287,진짜배잡고웃었다 ㅋㅋㅋㅋ꿀잼,1
R19288,눈물을 펑펑 쏟으면서 봤다. 영화속에서 보여준 아버지의 모습은 내 아버지와 너무도 닮아있었고 상환의 모습은 나의 모습과 너무도 닮아있었다. 나는 군대에서 아버지와 어머니를 잃었다. 하지만 그 슬픔을 공감한뒤 너무도 부끄러웠다. 현재의 내 모습이..,1
R19289,똘끼있는 일본 만화 좋아하는 사람들에게 강추! 졸라 빵 터짐.,1
R19290,그저 웃지요 80년대 우뢰매 cg도 이것보다 낫것다 ㅋㅋㅋ,0
R19291,별한개도아깝다.OOO기영화. 스토리전개 최악.. 아 이병맛같은영화를 어찌하면좋을것인가,0
R19292,성숙한 성인에겐 더한 감동을 줄 영화,1
R19293,아 근데 진짜 대놓고 배꼈네요 ㅋㅋㅋ 3분정도보다가 이건..,0
R19294,이게..이게 영화인가요?,0
R19295,한국영화를 죽이고자 사명뛴 작품.,0
R19296,좀..전체적으로 연기자들이..연기 부족,0
R19297,"무지 몰입해서 무지 흥미 진진하고 재밌게 잘 봤습니다. 자극적이거나 화려한 액션은 없습니다만, 그래도 정말 재밌었어요.",1
R19298,저평가된 007,1
R19299,스파이키드를 보다가 우리나라돈 천원짜리가 등장해 눈길 끌길래... 너무 재밌었다,1
R19300,완전 재밌어요 ㅠㅠ,1
R19301,"연기,각본,최악!!!!게다가 결말이 벌써부터 예상된다",0
R19302,"원작에 충실한 작품이라기 보다는 야사(野史), 혹은 에필로그 같은 느낌이 강하다. 이미 스토리를 알고 있다는 전제하에 등장인물들의 내면을 곰곰이 살피게 만든다. 영화 자체는 좋았다.하지만 대체 왜, 누가 이 배우들을 기용했는가?",0
R19303,도서관 키스신 빼면 진짜 쓰레기 사사키 노조미가 쥐어뜯어버리고 싶을정도로 연기를 못함,0
R19304,가문시리즈의 대미를 장식하다. 역시 대단한 작품. 경외할 수준.,0
R19305,어디서 웃어야 하나?,0
R19306,이 영화는 고1때 극장에서 보고 지금까지 잊혀지지가 않는다. 말이 필요없는 영화 진짜 최고,1
R19307,책임감 부족한 사람은 이거보고 교육받아라 ㅇㅇ 보다가 토나올뻔,1
R19308,감독님 진짜 신의 캐스팅.. 곽시양 크게된다. 장담한다. 감독님 출연 배우들 진짜 기가막히게 고르시는듯 ㅠㅠ,1
R19309,어렸을때재밌었는데..나이들수록내가순수함을잃어버리는것같다당연한걸수도..,0
R19310,뭐..뭘까..아직시작도안한듯한데..끝..??엔딩은어디로??,0
R19311,정말 재밌음 시간 가는줄 모를정도로 ㅋㅋㅋ 왜 이제야 봤는지 원ㅋㅋ 받아놓고 안보고있었던지 5년정도 된듯 ㅋㅋ,1
R19312,별이 아깝다.. 여자주인공아이큐보다 돌고래아이큐가 더 낫겠다,0
R19313,배우들의 심리를 연기와 영상으로 잘 풀어냈다. 덕분에 몰입도와 긴장감까지 느낄 수 있었다.,1
R19314,이런 영화일줄은 완전히 차원이 다른 코미디 ㅋㅋㅋ,1
R19315,"셰익스피어의 명작중 하나. 영상, 음악, 재연 등 모든게 거의 완벽했다. 특히 젊은이들은 헨리 5세와 자신을 돌아보며 감상하는 것을 추천한다.",1
R19316,kbs에서 방영해주길래 우연히 봤는데 내용이 유익했고 무엇보다 전개되면서 보여지는 뒷 배경들이 진짜 작품이었다. 새벽 늦게까지 잠안자고 몰입하고 봤음..,1
R19317,헐 1등이다!! ㅋㅋㅋ,1
R19318,쓸쓸함. 영화를 보고 나온뒤의 여운...,1
R19319,"사회라는 조직의 말단을 형성하는 우리 서민들에게 금융위기는 천재지변 같은 불가항력의 사항으로 느껴 지겠지만, 이 영화는 말한다. 알자, 좀 알아서 싸워보자. 반복되는 패배주의를 벗어보고 싶다면, 다소 머리 아파도 참고 볼 만한 가치가 있다.",1
R19320,재미 졸라 없는 쓰레기 영화,0
R19321,정말 아무것도 아닌일로 재치있게 표현된 영화. 마지막에 두사람이 대화하는게 너무 웃겼다,1
R19322,4.4,0
R19323,애쉬튼 커처 사랑훼,1
R19324,만약 누군가가 30일동안 김치만 먹고선 몸에생긴 부작용을 알려준뒤 김치는 해로운 식품이다! 김치 보이콧 운동을하자 라고하면 당신들은 할것인가? 햄버거가 몸에 나쁘지 않다는걸 말하는것이아니다 이 다큐는 방법과 마인드 자체가 삐뚤어졌다,0
R19325,내가 이 상황이었으면 어땠을까...?,1
R19326,작위적 설정이라는 냄새가 끝까지 풍기는구나,0
R19327,감독의 명성이 가라앉는 소리가 들리는 작품,0
R19328,마지막 장면이 너무 슬프네요,1
R19329,따라쟁이 데이브만 웃김.. 진짜 브루스+트레이시+케빈이 함께한 영화 맞음 ㅠㅠ ?,1
R19330,올해 새로 본 드라마 중 가장 재미있었던 드라마!,1
R19331,이거 뭐지...-_-,0
R19332,한번 평범한 삶에서 벗어나면 계속 어긋나는 인생~ 그래도 마지막까지 희망을 놓지 않는게 위안이 된다,1
R19333,상어땜에 1점깎음ㅅㄱ,0
R19334,"좋은 영화라고만하지 왜좋은지 말못하거나, 영상이 아름답데~즉 내용은 모르겠다는 거죠.",0
R19335,비디오판을 보고나니 모든게 시시하다,0
R19336,재미있었어요^^ 전편을 보지 못한사람은 이해 못하겠지만은...,1
R19337,어른들에게도 교훈을 주는 영화입니다. 아이들에겐 더더욱 좋은 영화라는 생각이 들어요 쓰레기 버리지말아야겠다고 하더라구요,1
R19338,그랜드부다페스트호텔에이어서 평점이 높다고 재밌있지 않다는 걸 말해준 영화였다.,0
R19339,참 묘하게 어이없네.. 그냥 어찌어찌 막들이대면 영화한편 뚝딱..참쉽죠 잉~~,0
R19340,록키vs드라고. 시리즈 사상 최고의 대결.,1
R19341,픽사와 드림웍스의차이가 확실히나타난다.,0
R19342,이거 나 유치원때 본건데 재밌게 본거라서 아직도 기억이 난다능ㄷㄷ,1
R19343,최고 인듯 하네요 !!!,1
R19344,왜 평점이 낮은지... 장면 하나하나가 아름답다,1
R19345,스필버그가 이런 졸작을;;,0
R19346,"딱 남학생들의 성적환타지를 영화한 나름 세련된 에로영화, 야설의 영화화 그 이상도 이하도 아닌듯, 현실은 이웃집 선생님 덮치면 감방 고고씽~~",0
R19347,짱잼있당 ㅋ,1
R19348,정말 지루햇다,0
R19349,미친 영화다 희망차고 감동적이고 유머러스하다 완벽함,1
R19350,모니카벨루치+로만느보링거 +벵상카셀 만점,1
R19351,직접 보지는 못했지만...그래두 10점!!+_+,1
R19352,에로영화도 하나의 장르이다,1
R19353,드라마팬들이라면 반길 영화판.. 이벤트성이 강한 매니아만 열광하겠지,0
R19354,비록단역이지만 한효주가 찍은영화라고해서 봤는데게 재밌음 이거보니까 알게된 사실투사부일체가 두사부일체시리즈중 두번째라는거두사부일체랑상사부일체 둘다 조만간에 봐야겠음,1
R19355,"지루하지도 재미없지도 안았다 , 역시 조미의 연기는 심금을 울린다",1
R19356,이 영화를 극장에서 봤다는 사실만으로 영광스럽다,1
R19357,CG는 우뢰매수준.. 스토리는.. 영구와 땡칠이수준.. 손발이오그러든다...,0
R19358,영채가 나와도 tv 전기세는 아깝더라!,0
R19359,낭만적이고 고전적이고 자존심있는 그런 영화,1
R19360,재미잇어요,1
R19361,최소평점이 1점인게 안타깝다. 0.24점을 주고 싶은데.,0
R19362,더록보다 재미없다.ㅋㅋ,0
R19363,가끔 정의가 이기기도 한다 믿어라,1
R19364,쵝오~~~~ 전혀 예상할수 없는 결말과 반전~~!!! 이런게 영화다~~!!!,1
R19365,뭐야이게...,0
R19366,"프랑스 영화가 원작이죠 예전에는 투캅스로 나오더니,,,,한심함",0
R19367,옛날 기억이 계속 떠오르네,1
R19368,아 짱나 엔딩이뭐이래? .해피엔딩을 시켜줘야지.안본만 못하네,0
R19369,시간은 금이다.. 낭비하지 말자,0
R19370,주말에 센트럴에서 봤었는데 큰화면과 분위기 덕분인지 몰입이 정말 잘되더라구요. 각 배역들의 표정과 몸짓까지 세세하게 볼수있어 좋았습니다.,1
R19371,내생의최고의멜로영화 보고난두 임수정팬이됫지ㅋ,1
R19372,학생이 말하는 증명이란 결국 말꼬리 잡기. 실체가 없는것을 증명한다는 논리적 오류로 시작해 결국 교수의 실언 한마디를 꼬투리잡아 신의 존제를 증명하는 참으로 어쳐구니 없는 결론. 대놓고 중국인 조롱하고 이슬람교를 모욕하는 예수쟁이 스토리의 전형.,0
R19373,풋풋한 사랑얘기가 유치한거죠 뭐~ 진지하게 받아들이지 않는다면 재밌다!,1
R19374,엑소는스엠에서아무것도아닌데맨날사고만치고그러는데왜분량도많고스엠에서멤버탈퇴없느샤이니는고작5분이럴꺼면왜출연시킴?,0
R19375,아~! 시즌2하면 좋겠당,1
R19376,내인생최고의시트콤!ㅋㅋ,1
R19377,왠만해선 그들을 보다는 재미없음,0
R19378,금성무때문에 ㅋㅋ,1
R19379,콩!!콩!!!콩콩콩콩,0
R19380,상상의끝은 망연자실;;;,0
R19381,"1점짜린 아니지만, 평점을 낮출 필요는 있겠다...",0
R19382,야 세르게이! 작은고추의 매운맛을 보여주마! 포퐁저그 콩진호가 간다,0
R19383,대박중에 대박인 영화,1
R19384,정말 인상적인 작품이다..,1
R19385,쓰레기 더럽게 재미없어..,0
R19386,거대한 우주전쟁 같은 소리하고 있네,0
R19387,ㅡㅡ;; 돈이 아까워,0
R19388,우리의 진실된 시간들,1
R19389,ost가 좋았던 기억외엔..,0
R19390,서울고ㅋㅋ,1
R19391,인상적인 영화 십자십자십자,1
R19392,어휴 이것도 영화라고... 둘 다 좋아하는 배우라 나오는 영화는 챙겨보는데 1점이라도 준 이유는 다행이도 영화 러닝타임이 짧아서임.,0
R19393,감사합니다! 덕분에 지금도 여기 출연한 배우들 작품 다 거르고 있습니다!,1
R19394,'이젠 외롭든 어떻든 꿋꿋이 나아가야돼 기억할건 우리 다 그 외로운 길을 함께 걸어간다는거야 그 생각이 힘이되지',1
R19395,감동이다 ㅠㅠㅠㅠ 멋졍,1
R19396,반개도 아까운 스토리 전개,0
R19397,총격신은 평범하고 스릴러라 하기엔 긴장감이 부족. 함량미달.,0
R19398,정말 우연히 다시보기 했다 밤새 정주행했던 드라마 활 보니 안경태가 생각나서ㅋ,1
R19399,ㅡㅡㅋ,0
R19400,월드컵이 한창이던 그시절 남자셋 여자셋이 같이 보러가서 그 중 넷을 재워버린 영화.,0
R19401,산으로가는 줄거리 빛을보지못하는 연기,0
R19402,이런 저질 영화는 사라져야합니다,0
R19403,기대안했는데 볼만함 ㅋㅋ,1
R19404,엄마의 이유있는복수...내가 만약 엄마라도 했을것같다...,1
R19405,홍상수 좋아하지만 이 영화는 솔직히 많이 별로....,0
R19406,"보고나면 기분이 좋아야 하는데 아~~진짜 왕짜증나요. 태상이가 좀 행복해지려는데 너무 하잖아요???불쌍하고 드라마 끝난뒤 여운은 계속 짜증나고, 에잇! 괜히 보기시작했어ㅠㅠ 남은회 제목으로봐선 뻔할것같아 감탄하고 있는 송승헌씨 연기지만 안볼랍니당!!",0
R19407,지금 슈퍼액션에서 해서 보고 있는 중인데... 상당히 재미있음 ㅎㅎㅎ,1
R19408,정말 그립고 안타까운 이은주 배우. 보고싶어요~,1
R19409,고준희 역시 멋진 훈녀다.연기력도 매우 뛰어나다.,1
R19410,스타일참좋다~~ 에스프레소가 땡기는군~~,1
R19411,침울하군..,1
R19412,한국상영금지 해야된다. 김치년들 환상심어줄라... 몸 막굴린 대가로 저렇게 아름다운 보상이 기다릴 것 같아? 현실은 청량리 588 행이다. 결혼할 여자는 무조건 처녀여야 된다. 신분세탁 철저히 검증해야한다.,0
R19413,미래인과 과거인과의 시간을 초월한 사랑이야기..^^,1
R19414,↓ 굿,0
R19415,처음에는 약간 미적지근한 느낌도 있었지만 뒤로 갈수록 눈을 뗄 수 없었다. 정말 눈을 뗄 수 없었다,1
R19416,유아인정말좋아하는데...이영화는좀;;,0
R19417,너무 재미없어요 주인공 패션은 왜그런거에여 아무리 애기 엄마지만 일하는 여성이 동네 산보 나온것도 아니고 악역하는 여자는 왜 맨날 눈만 동그라케 뜬데요? 처음 남겨보내요 드라마 평점이라는거 그래도 넘 재미없어요 이제 안볼려규요!,0
R19418,5번 봤어요!,1
R19419,지금껏 본 영화중 색다른 로맨스 영화였다.남녀주인공이 각기다른 에피소드를 겪으면서 마지막에 만나게 되는 흥미로운 스토리였다.더구나 배경이 겨울이라 차갑고 앞길에 대해 고난이 닥칠거란 암시가 정말 좋았다.대사가 많이 없고 일상 풍경장면이 많아 서정적이다,1
R19420,감독과 김창완이 말아먹은 영화...간호사들 연기력 땜에 최악은 면했음..,0
R19421,어릴때 봤지만 지금까지도 뇌리에서 잊히지 않는 최고의 감동과 상상력을 심어준 수작,1
R19422,너무 훈훈했다 매순간마다 내가 다 조마조마하고 짜릿햇다 마지막에ㅠ..ㅠ♡,1
R19423,이시하라 사토미 때문에 3점 준다 그외엔 개망작,0
R19424,역시 사이비종교인이 만든 영화와 하나님이 만든 영화의 차이는 여기서 나타나는 듯 노아는 쓰레기 영화.. 내용도 성경과 무관함,0
R19425,부패한 로마노프 왕조를 기리는 뭣같은 영화... 온몸으로 항거했던 러시아 민중들이 그저 폭도냐,0
R19426,재미없다삐리뽕,0
R19427,진심노잼입니다.. 기타소리만주구장창나오다가 배우들대사도거의없고 갑자기 사람이 어떤사람내장먹고 걍이상함,0
R19428,그냥 쭉 웃김 제목도 히치콕영화 패러디 한거 같아서 재밌음 Much -&gtLittle,1
R19429,너무 좋아..,1
R19430,ㅉㅉ쪽바리,0
R19431,"결말로 가고 잇네요! 너무 억지로 급 결말 하지 말고 공감과 감동 그리고 여운이 남는 드라마로 기억되기를 바라구요.. 멋진동우가 활짝웃으며 행복하게 끝나기를,,, 동우 홧팅^^",0
R19432,정신병자소굴이네...,0
R19433,자살에 대해 다시한번 생각해본 영화,1
R19434,돋보이는 연기와 탄탄한 시나리오가 영화를 A급으로 만들었다,1
R19435,이선균연기/목소리톤은 맨날 발전이 없다!노력을안하는듯...캐릭터가모든영화에서 보면 거기서 거기인듯,0
R19436,영화관에서 봣어는데 ㅋㅋㅋ 갑자기 기억났는데 내용은 기억에 없네요 ㅋㅋ,0
R19437,재밌게봤어요 코믹하고액션까지 후회없는영화임!!,1
R19438,조인성 연기 정말 못한다,0
R19439,정신없고 산만하다. 지루한 대학생 탐정놀이.,0
R19440,여러번 봐도 감동있는 영화 입니다.,1
R19441,미친듯한 이런사랑 나도한번쯤은 해보고픈 ....영화는 영화일 뿐인가?멋지게 잘봤어요,1
R19442,걍 심심할때 보는게 딱 좋음,1
R19443,기대하고 보았는데..실망했음..스토리전개가 너무나 빠르고 뛰엄뛰엄한스토리,0
R19444,"구성은 유치하고, 전개는 재미없고.. 이런 한심스러운 영화를 만들고 또 즐기는 사람들, 무에서 유를 창조하는 능력자들이다. 하지만 난 그런 능력 갖고 싶지도 않고 또 갖고 있지 않다는 것이 다행이다. 세상에는 의미있는 이야기들이 많이 있으니까 말이다.",0
R19445,따른건 기억안나도 마지막 엔딩씬만 기억난다초등학생이였는데 그 장면만 멍하게 보던,1
R19446,아..이거..배우들의 연기가...정말 실제같아- 감독이 너무 치밀하게 만들었어..,1
R19447,나로인해 5.5였던 평점이 7로 올라간다!,1
R19448,이건평점 왜케 높은겨...뻔한스토리..그래도 우생순보단 낫네...,0
R19449,수행비서는 사장 회장 개인 소지품 잃어버린것 까지 찾아 받쳐야 하나? 아이고 대변본 뒤처리도 하라고 하지왜 작가들이란 참내 보는 내가 유치하네 쪽스럽다,0
R19450,얼마나 관심업으면악플도 업을까뉴스메이커 도 사라졌으니잘좀해보슈,0
R19451,OO전 고등학생때 영화관에서 별기대안하고봤지만 장면하나하나 넘 감동,1
R19452,그냥별로 옛날 영화라서,0
R19453,어쩐지 손이 잘 안가더라니.. 걍 보지말걸 그랬네..,0
R19454,오랜만에 보게된 마다가스카지만 어릴때나 지금이나 여전히 보면 기분좋아지고 재밋는영화중 하나인것같다ㅎㅎㅎ,1
R19455,당시'올해 최고의 SF블록버스터..어쩌고'했었다.정말이지 광고란..^^;,0
R19456,완전완줜 재밋어요 ㅎㅎㅎㅎㅎㅎㅎ 끝까지 계속쭈욱햇으면 좋겠어요 ㅠ~♥도진후도 기획실장도완전머싯어요ㅎ..완전 재밋다진짜 ㅠㅋㅋㅋ,1
R19457,jin1****님처럼 저도 동생때문에 7번방의 선물 보려다가 이거 봤는데 기대 이상으로 재밌었어여~짱!,1
R19458,쓸쓸한 조폭물...,0
R19459,내가 정신착란에 빠진 것 같은 기분,0
R19460,모니카 벨루치땜시 점수준다;;;;;;;;,0
R19461,이영화 재밌게봤던 기억,1
R19462,돈을 매개체로 한 사회바판 영화 로군.,0
R19463,이 영화에 6점을 주는 박평식은 히어로영화를 싫어하는것 같다,1
R19464,"무슨 설명이 필요? 조흔파의 책은 유치, 영화는 dvd 구매 욕구 발동 ...",1
R19465,당시의 상황과 주제를 주입식이 아닌 긴장감있고 재밌게 전하는 작품,1
R19466,웃게도 18세이상 관람가 우연히 빌린거 받아보게된 영화로 최고,1
R19467,내용은 생각하지 않는 것이 좋다 그런데 에로 장면도 볼것이 없었다,0
R19468,정준영 에러..언제 하차하노..왕짜증 지대로..,0
R19469,"이런 스타일의 영화를 좋아하는 편이 아닌데, 이작품은 정말 많은 걸 느낄 수 있었어요. 좋아요.",1
R19470,꽤 재밌게 봤음 ㅋㅋ 재밌다..,1
R19471,왜봣지?,0
R19472,진짜 잘 만든 수작,1
R19473,어떻게 살아야 하는지...함께 나눌 수 있었습니다.,1
R19474,이순신 장군님의 모든 가치를 담은 전무후무한 최고의 명작입니다.,1
R19475,솔직히 시즌1때 딱 끝냈어야 했다. 왜 좋을때 안끝내고 질질 끌고가서 우려먹고 결국엔 이렇게 인기가 없어지고. 과장안하고 지금 방송에서 시즌1 방송을 틀으면 시청률이 훨씬 잘 나올거라고 장담한다.,0
R19476,"엄격한 규율에 얽매여 살던 여인의 사랑이야기, 톰 히들스턴의 수트, 인상적이었어요~~",1
R19477,전에 본거 같은데 10년전에 나왔던 극장판을 이제와서 개봉하는 이유는 뭐지? 재개봉? 극장에서 상영해준 건만으로도 좋지만^^,1
R19478,지역 왜 바꾸지 왜 강원도에게 덮어씌웁니까,0
R19479,"희선짜릉 순진,청순,연약이랑은 안어울림 ㅠㅠ 신의같은 캐릭터가 좋아 ㅋㅋ 아 희선짜릉 작품 더 찾아 볼라 카는데 잘없네.. 다른작품은 너무 오래됬고, ㅠㅠ 드라마 자체는 너무 진부하고 천국의계단 같은데 천국의 계단 보다 훨~~씬 재미없음",0
R19480,!!!!????!!????,0
R19481,코메디 인줄.... 테러범이라는 애들이 비밀번호는 죄다 기념일이고 일반인한테 맞고다녀... 진짜 이렇게 허술한 영화는 대학생 동아리에서도 만들겠다 인생죄악의 영화임...,0
R19482,신춘수의 과욕은 여기서 부터...,0
R19483,그냥 만화를 보시는게...,0
R19484,"전주국제영화제에서 보고 아마존으로 구매까지했어요ㅠㅠ단순히 발레를 넘어서 클래식음악에 건축, 의상까지 볼거리가 다양함요",1
R19485,부산국제영화제에서 인상깊게 봤는데 어른들이 봐도 좋은거 같아요^^,1
R19486,다시봐도 진짜 명작 ㅋㅋㅋ,1
R19487,나쁜아이는 없다고 한말에 뭉클 선물을 모두에게 나눠주는 훈훈함,1
R19488,"그냥,, 말 필요없이 진짜 재밌음",1
R19489,늦게 봤던것이 너무 후회되는 영화.... 그 전율이 아직도 잊혀지지 않아요,1
R19490,강추! 오래됬지만 재미있는 영화!,1
R19491,1개만 보길 잘했다,0
R19492,제작비 날주면 아껴서 쓸께,0
R19493,기대 안하고 봤습니다...딱 기대 한 정도만 나왔습니다.,0
R19494,우연히 보고 눈을 뗄수가 없었다. 뛰어난 방은진의 연기....,1
R19495,너무 기억에도 남고 재미있고 제 감정을 자극했어요ㅎ,1
R19496,원피스니까 봐야한다ㅎㅎㅎㅎ,1
R19497,말을하면 뭐하냐.. 베르세르크가 최고다,1
R19498,내가 자막을 이상한걸 봐서그런가... 별로임,0
R19499,1편도 보다 좀 별로였다고 생각해요. 하지만 재미있게 봤습니다,0
R19500,진짜 앞영화 그만우려먹어라 영화보는시간에 거울앞에서 내얼굴보는게더무섭겠다,0
R19501,최고최고...다시보고싶다 ㅠㅠ,1
R19502,으리으리한 만찬,1
R19503,좋아요....슬프고...ㅠㅠ,1
R19504,필요에 의해 관계를 갖는 영화 속 캐릭터들 어쩜 그리 다들 속물인지...짜증나는 내용과 전개...,0
R19505,부부클리닉 사랑과 전쟁 극장판?,0
R19506,무서운영화ㅜㅜ,1
R19507,이거 진짜 재밌게 봤는데 왜 평점이 이런지 이해가 안가네 다만 영화에 화려함이 없어 인상깊지는 않음,1
R19508,스티브카렐 더 비기닝 ---!!,1
R19509,"기대하진않았지만,,",0
R19510,진짜 쓰레기 같은 영화다 .... 솔직히 av배우가 나온다길래 호기심에 봤는데... 스토리나 촬영이나 딱 일본 3류영화...,0
R19511,마운틴을 보고.. 너무기대를했나?? 난 별로다..,0
R19512,케이온 클라스 유이다이스키!,1
R19513,밴트해머의 영화는 처음인데 기대이상!오프닝과 엔딩을 잊을수없을듯,1
R19514,화면 어지럽고 엉성함과 지루함의 연속임.,0
R19515,법은 행동과 결과만 따진다. 그 사람이 성인 군자라도. 다만 그것을 판단하는것이 인간이라 더 이 영화가 오묘할뿐....,1
R19516,시사회 같이간 친구한테 미안할정도; -_-;;,0
R19517,귀여움,1
R19518,꿈이 에스엠 가순데 정말 감동적이고 자극 많이 받았습니다 좋네요ㅎㅎ,1
R19519,나만 당할 수 없지 .. 내 시간 돌리도..,0
R19520,그래 이게 내가 생각했던 거야,1
R19521,현재로서보면 그림체도 안좋지만 나올당시 지금의 원피스 나루토보다 높은 인기엿던건 과언이아니엇지..,1
R19522,재미엄던데;;;;,0
R19523,엄청나게 지루하고 재미 없네.상상을 불허한다.진짜 재미없어!,0
R19524,코흘리개시절 만화영화 쥬만지를 보고 이 영화를 봤다면 누구나 설렜을 것이다,1
R19525,희망을 주는 영화 현실적인 영화 좋았습니다 감사합니다^^,1
R19526,완전대박이였구..울다 웃다 하면서 본것같아요..!진짜 강추합니다!,1
R19527,일드로도 봤지만 다시보니까 재밌네요.근데 3년만이라 스토리가 기억이잘안나서 더 재밌게본거같네요,1
R19528,연기가 아깝다. 공감할 수 없는 실화 이야기.,0
R19529,티브이에서 우연히 보기시작해서 올레티비 고화질로 마저 봄.,1
R19530,괴물이 몸집은 큰데 눈에 뵈는게 없다. 그런데 이 작품도 그렇다.,0
R19531,아깝지않은작품,1
R19532,제발 ... 이거 성공해야 케이온 나온다...2人,1
R19533,덕분에 신티클로스에 관하여 찾아보고 크리스마스의 변질을 알게됨.,0
R19534,Good.!,1
R19535,쓰레기 8점~10점주는것들은 뭐야? 한국영화 10점주면 애국이냐?OO자식들아?,0
R19536,정직한편점입니다...,0
R19537,괜찮은 편인데 잼없다는사람도 꽤많네 호불호가. 갈리는듯,1
R19538,오래된 영화라지만 오래되지 않은 느낌이네요. ㅎ,1
R19539,영화가 너무작위적이라 별로였다...,0
R19540,그냥 에로나 찍어라.. 기본도 안갖춘영화,0
R19541,잘 봤어요.,1
R19542,여성적 감성으로 거친 남성적 페루의 근대사의 소용돌이를 포옹한 감동의 대서사시 강추합니다.,1
R19543,내용이 너무 지루하고 결말이 너무 뻔해요,0
R19544,"정상과 비정상, 그 경계의 모호함",1
R19545,"세명의 소년의 담담하고 절제된 연기 일품입니다. 스토리와 연기, 긴장감 등 영화에 꼭 필요한 요소가 알차게 들어간 A급 영화입니다. 영화를 보고 원작을 찾아보고 싶어졌어요. 찾아보니 아마추어던데 연기만은 프로였습니다. 세 소년의 장래가 기대되네요^^",1
R19546,재미있는 영화는 많습니다. 가르침을 주는 영화.. 간만에 재미와 가르침을 품에서 느껴 봅니다.,1
R19547,이야기 도사 구로사와가 들려주는 스시 웨스턴.,1
R19548,영화를 압도하는 삶의 힘이란. 평화와 정의는 아름다운 것이라고 스스로를 증명한 한 사람의 삶과 그를 지켜주었던 가족의 힘이 숭고하기까지 하다.,1
R19549,"영화의 꿈과 감동을 주는 영화의 역사,영화를 위한 영화의 영화",1
R19550,갑자기 마지막을 허영심없는 여자들로 포장하는점이 거슬린다 뒤끝이 딸리는듯한 느낌 살짝 있음,1
R19551,3류 허접한 영화,0
R19552,"조금이라도 본 게 아까워서라도 웬만하면 끝까지 볼랬는데, 토나올 것 같아 도저히 못 보겠어요. 감독은 멀미 안 하는 사람인가봐.",0
R19553,빠걸이라..........참............발음이......,0
R19554,마지막 클라이막스장면은 볼만하다 하지만 전반적으로 스토리가 약한 영화다.,0
R19555,꿈에 대한 이야기. 가려진 자리에서 빛나기 위한 자들의 치열한 삶의 이야기. 음악이 아름다운 인생 이야기다.,1
R19556,사랑따윈필요없어의 레이지같은 호스트일줄알았다.그러나....,0
R19557,나만 지루한가 보다 잠듬. 왠만해선 영화 볼때 안자는 나인데....,0
R19558,에멧 카리난 감독.. 기억하겠다,0
R19559,박은혜 친구는 지가 죽인건가...?,1
R19560,제일 인강깊었던것은 사람의 향기를 흐물거리는 보라색 여자로 표현한것이다. 그리고 영화이름도 완전 낭만적이다. 파리의 도둑 고양이라니ㅋㅋ재미있는 애니메이션!,1
R19561,ㅋㅋㅋㅋㅋ 재밌게봤었는데 언제봣드라,1
R19562,"솔직히 1,2편은 잘모르겠는데 3편은 진짜 재밌었다",1
R19563,1편은 그래도 볼만한 에피소드가 있었는데 2편은 모두 꽝...당연히 3편이 안 나오지...,0
R19564,무엇을 전달하겠다는건지 도무지 파악이 안됩니다. 어쨌든 시로~~~,0
R19565,러셀이 살다보면 제일 따분했던 순간들이 가장 많이 생각난다고.... 그말듣고 어이없게 눈물 계속남,1
R19566,역시 U2라는 말밖엔....소리가 너무작아요..진짜 공연장의 사운드를 원했는데..,1
R19567,글쎄..,0
R19568,말이필요업음. 감동..,1
R19569,최고임...변화를 원하는 사람의 행동임.,1
R19570,재미있음!!!!,1
R19571,장나라가 연기를 잘해서 그나마 3점...어이없는 장면 설정에 전개가 너무 끊기고 바다는 이중인격..?초단위로 감정기복이 엄청난 ㅋ..에휴 유아인때문에 본건데 정말 유아인 보는 맛에 끝까지 봤네요,0
R19572,적당히 빨아라 헐것다. 김혜숙 아줌마 돈에 미쳤구나?,0
R19573,자막에선 죽었다고 나왔었는데.. 그래도 다시 되찾아서 넘 기쁨니다.,1
R19574,시걸의 아이키도 기반 액션 작렬! 엔딩의 트래쉬 토킹이 굿일세,0
R19575,영화 자체는 재밌었지만 나는 반성할줄 모르는 일본원숭이를 극도로 미워하기때문에 욱일승천기 하나만으로 1점 갑니다.,0
R19576,이게 뭐야 왜 죽어 왜 자살해 답답하네 이해가 안되네 살짝 으스스,0
R19577,낚시도 이런 낚시가 없지만 왜 구지 영화선정을 이렇게 한건지 이해안가네ㅡㅡ;;,0
R19578,3탄부터 칼부림이 좀 발전되었다. 이전 건 너무 낡아서.,0
R19579,제타 존스 몸매 빼곤 범작을 벋어나진 못한다,0
R19580,"그레이스의, 스칼렛을 위한, 요한슨에 의한 영화..",1
R19581,그냥 재미가 없음. 영화보는 내내 지루했다.,0
R19582,오 뮤지컬 너무 좋아재미있게 잘 봤다,1
R19583,이 영화를 보고 암이 생겼습니다,0
R19584,코미디로서 이 정도면은 꽤 괜찮은편...,1
R19585,쩝 당최 뭔지 . 그냥 너무 삼류 ..,0
R19586,머 이런 영화가 다있냐 ; 최악중에 악중에 악중에 악이다,0
R19587,감동적이네요 ^ ^,1
R19588,딱한마디만하겠습니다....... 최고!!!,1
R19589,다시 보고 싶다.박예진과 유선의 연기 정말 멋졌다.,1
R19590,작가만 잘하면 될 듯!이렇게 유치하고 촌스런 드라마를 밤10시에 저런 배우들과 하다니.. 계속 그렇게 쓸거면 조기종영했으면 좋겠다.,0
R19591,블레이드찍고남은제작비로 만든영화. best of 쒸레기,0
R19592,내게 인내심을 기르게해준영화...뭐여 이건;;; 안성기씨만 아니였으면 절대안봣을영화....무슨생각으로 만든거지;;??,0
R19593,여배우들 몸매 되고 볼만하다,0
R19594,왜곡 예찬!,0
R19595,"오감도 중에서 가장 인상깊었던 영화였는데 역시.. 세 배우가 정말 연기를 너무 잘하네요..잘 만들기도 했는데, 배우로 만들어진 영화같습니다.",1
R19596,딱 5~6점정도가 적당하다. 그에비해 평점이 너무 높아 1점준다.,0
R19597,색감이 너무 별로다./,0
R19598,1편만큼 절라 지루하다....,0
R19599,신나는주말이되었어요!!!!,1
R19600,현실적인 사랑이야기와 사랑을 통한 성장을 볼 수 있는 영화,1
R19601,오리지널 보다는 리메이크가 좋더라..,1
R19602,"가장 편견에 사로잡힌 건, 관객이 아니라 그대들이었다.",0
R19603,6SNL7 Do You Read Me?,0
R19604,줄기차게 피워대는 담배처럼 공허한 현대인의일상,1
R19605,"의학드라마 다운 의학드라마! 골든타임 이후 제대로 된 의드가 나왔네요~ 의드 마니아로써 너무 좋고 연기도 넘 잘하시네요! 탑팀이라는 소재도 좋네요 비밀,상속자들 때매 시청률 안나오는건 참 아쉽네요ㅜ 시청률 더 올라갔으면 좋겠어요 힘내세요 메디컬탑팀!!",1
R19606,"과거와 현대를 흑백처리해가면서 구분해주는 연출이라던가 배우들의 연기,그리고 탄탄한 각본까지 3박자가 제대로 어울려져서 만들어진 명작.",1
R19607,파코 플라자의 무능력함을 드러낸 코미디 스릴러.,0
R19608,허,0
R19609,웃을때가 전혀 없다 짜임새도 색다른 맛도 상실,0
R19610,이거 본진 꽤 됐는데...마지막 장면 진짜 소름돋아,1
R19611,너무 말도 안되고 그야말로 전형적인 B급 영화라고 해야하나.,0
R19612,너무너무 재밌어요 이런드라마 오랜만이에요,1
R19613,나탈리포트만 진짜 이쁘고 연기도잘하고 퍼펙,1
R19614,탄탄한 스토리와 연기자들의 연기가 몰입도 100% 간만에 멋진 드라마 한편 보게되서 감동! & 해피!,1
R19615,드림하이라는 내용이랑 전혀 어울리지않는 스토리.,0
R19616,진짜 사랑이있다는걸 보여주기엔 부족했던 영화. 불륜에 관한 영화는 정사가 더 낫다..,0
R19617,롱테이크 씬 보고 쌌습니다.,1
R19618,스토리고 연기고 최악.... 빅뱅 팬이라 봤는데 도저히 영화 평점은 높게 못주겠다. 양심적으로. 진짜 이때비하면 탑 연기 진짜 늘었다.,0
R19619,태어나서....영화보다가 나온적 처음-_-,0
R19620,인간적으로 너무 재미없더라,0
R19621,매번 볼 때마다 마음이 심란하다. 그만큼 공감이가는 영화 다시 한번 나를 생각해본다,1
R19622,ㅋㅋㅋ 2.92... 3점이하 평점은 오랜만에 봤다.,0
R19623,육빠다 ㅋㅋ,0
R19624,영화보다 포스터슬라이드가 더재밌다 damn it,0
R19625,웃긴 부분들이 있지만 전체적으로 산만하다,0
R19626,굿굿굿굿좋아좋아좋아,1
R19627,넘 좋네요,1
R19628,"유쾌, 통쾌, 상쾌한 액션",1
R19629,영화가참소박하고진중하고지혜롭다.은근하고도깊은울림을준다.,1
R19630,인투더스톰이 개봉중이니 호구들 낚시나 하려고 2011년판 개봉시켰냐? 닌자거북이도 그렇고 완전 양아치 심보네,0
R19631,심하게 재미없네,0
R19632,"시즌3 넘 재미나요!!!!멤버들 다 솔직하고 좋고,이번특집 넘 감동적이었어요♡♡♡",1
R19633,요즘 이것만봐요 너무재밌어요,1
R19634,진짜 네이버 평점 믿고 볼게 못되는구나 --;,0
R19635,최강희 팬이 되었던 작품,1
R19636,우와~ 초딩때;박치기1봤는데 2도있었네요 재미있겠어요 ^^,1
R19637,아련한 추억속에 때묻지 않은 우정!,1
R19638,전세계사람들은 모두똑같다.. 행복을 노래하는 밥말리 진심짱인듯 굳굳,1
R19639,즐겁게 보았습니다.,1
R19640,쓰레기..,0
R19641,스포츠 영화의 한계를 모두 보여주는 영화,0
R19642,코다카와 작가 OOO 외치고 싶다,0
R19643,봤는데 기억이 잘 안나네..,0
R19644,"재미없는 B급 이태리 영화겠거니 했는데, 볼수록 점점 빠져들어가는 A급영화다.. 배우들의 뛰어난 연기(특히 여주인공)과 완성도 높은 작품성에 박수를 보낸다",1
R19645,영화를 영화로만 봐야지.. 뭔 북한넘들인가?? 미국식 전쟁이라는둥 영웅이라는둥 그럼 니들은 전쟁나면 나라 안구하냐? .. 나라 구하면 다 영웅이지!!,1
R19646,"조용한 감동들이 모여, 마음속에 오랫동안 잔잔한 감동을 남기는 영화.",1
R19647,너무 많은 부분이 잘려나갔다..,0
R19648,재미있어요ㅎ액션도 굳,1
R19649,그냥 깔끔한... 뭐,0
R19650,그림체는 좋다. 그렇다 그뿐이다 내용 전개도 억지스럽고 설명 부족에 뿌린 떡밥은 많으나 치워지지 않는 떡밥 사실 이 평점 1점도 이 글을 쓰기위함이지 사실 점수가 된다면 -무한대를 주고 싶을만큼 졸작이자 쓰래기이다. 개인적인 의견이지만..,0
R19651,내 소중이가 즐거워해서 만점 줌,1
R19652,시작할때 동성애부분이 조금 불편했지만정말 편견을 버리게 해주는 좋은 작품미다.,1
R19653,어릴때 TV에서 우연히 본영화.. 겨우찾았네.. 당시 정말 재미있었다.,1
R19654,별로다... 남자가 불상하다....,0
R19655,"짐 자무시, 데이빗 린치의 몽환적인 느낌과는 또 다르군.",1
R19656,연기가 약간 오바스러운 컨셉이었는지 모르나 저는 너무너무 좋았어요!! 울었다는 ㅋ,1
R19657,영화적으로 큰 감동도 재미도 없다 그런데 오싱 연기한 아이 연기 진짜 잘 한다. 우리나라 애들 다 책 읽는거 같은데 얘는 진짜 연기 하는거 같았다,0
R19658,ㅋㅋㅋㅋㅋ재밌당,1
R19659,개인적으로 고전 전투액션을 좋아하고 기대했는데 일단 각본이 허접 쓰레기에 2시간 지루해 죽는줄...지미 별1개도 아깝다.,0
R19660,챙겨봤었는데 요즘 정 떨어짐 박준금은 맨날 돈뺏는 깡패에다가 사치쩌는데 뭐라한다고 시어머니한테 대들고 알고보니 혼인신고도 안했고 류진행은 맨날 당하는 답답이에다가 김수현은 남자저울질만 해대고 요즘 장면만 다르지 맨날 이내용 개막장 MBC최악의 시트콤,0
R19661,욕정이 활활 최악 ㅠㅠㅠ,0
R19662,좋은영화네요 진짜 한번봐보세요!,1
R19663,진짜최악의영화- -지루해죽는줄알았다.,0
R19664,"이 뭐 재미도 없고, 느닷없는 헤르메스... 글구 이게 무슨 15세냐",0
R19665,장: 독특한 연출과 영상미 / 단: 뻔한 스토리. 가볍고 지루함,0
R19666,이영화 있는지도 몰랐다,0
R19667,이거진짜짱재밌어요!!!,1
R19668,반전 조금놀랐지만 다시생각해보니 패륜,0
R19669,맥 라이언의 거북함때문에 중간에 포기,0
R19670,충분히 감동적이었고 다니엘헤니에 연기는 좋다,1
R19671,"이영화를 보면, 종대라 불리는 유아인을 볼수있다. 연기를 넘어선 그가 보인다.",1
R19672,진짜 재밌고 이 영화보길 추천입니다.팡타지 영화라서 되게 재밌어요.,1
R19673,재미있어요!!!짱짱쩡,1
R19674,결말이좀;;,1
R19675,무삭제판 보셈ㅋㅋㅋ 졸라 웃김ㅋㅋㅋㅋㅋㅋㅋㅋㅋㅋㅋㅋㅋ,1
R19676,긴장감 없이 답답하다.,0
R19677,이딴 개OOO 영화는 첨보네 태어나서 본영화중에 개최악이다,0
R19678,평생 단 한번 눈물 흘려봤던 영화..,1
R19679,이걸 영화라고 찍으셨나? 이러니 한국영화가 욕 먹지...에혀,0
R19680,힘들었던. ;;그시대가 그립다,1
R19681,어디 엠마같은 여자 없나????,1
R19682,"재평가 받아야할 작품이라고 생각한다. 물론 연출적으로 부분적인 아쉬움은 있다. 그러나 당시만 해도 말도 안된다고 생각하던 스토리가 지금은 왜이렇게 감동적으로 다가오는 건지... 점점 내가 바라보는 세상이, 내 자신이 무미건조해졌기 때문인지 모르겠다.",1
R19683,형사가 범인애인에게 정보캐기위해 잠입->계속보다보니 정듬 ->범인사살->범인애인에게 칼빵 -> 끝,0
R19684,조아조앙 박지빈기엽다 여자이쁘고!,1
R19685,민족적인 감정을 떠나 소년의 눈을 통해 본 전쟁을 보아라. 그 어떤 영화보다도 잘 표현해낸 작품이다.,1
R19686,감동적임!!!,1
R19687,잼있네요~~~~~! 강추~~~~!!!!!!!!!!!!!!!!!!!!!,1
R19688,이번 영화도 팀버튼 특유의 화려하고 기교없는 웅장함에 감탄합니다. 별점 만개도 아깝잖네요^^,1
R19689,인과응보란 그럴듯한 주제를 정말 시시하고 평범한 방식으로 풀어간다.,0
R19690,신나게 웃으면서도 가슴찡하고 여운이 남는 영화 이런영화 또 없을까,1
R19691,정말 ... 내눈이 잘못됬나? 잘못본거겠지 하며 눈을 의심케 하는 cg 당황 스럽네요...정말 어떻게 이럴수 있지,0
R19692,난 재밌던데... 액션 좋고 도박하지 말자는 공익적인 내용도 있어요.ㅋㅋ,1
R19693,어제 이수가서 완전 재밌게 보고왔습니다. 아즘마들 짱 조아함ㅎㅎ꼭보세요!,1
R19694,또 보고싶음,1
R19695,담배'향기'라 말하고 싶네요..,1
R19696,이 정도의 리더십이면 목숨까지 바쳐서 충성하겠다.,1
R19697,변호를 위한 영화인가. 어느정도 현실적인 부분은 건축을 떠나 어느분야에서건 그 한계나 모순은 어디고 존재하나 그것들을 뛰어넘는 더나은 무엇을 만들어내는 이가 후에 역사에 기록되거나 시대의 우상이나 위인이 된다. 물론소잃고 외양간고친게 소탓은아니겠지만,0
R19698,고뇌없이 어디서든 우위를 점하는 오만방자한 저널리스트들.,0
R19699,트라일라잇주인공넘... 아직도 뭘하든 쨰려 보네.. 시사회 괜히 갔어ㅠ ㅠ,0
R19700,스티플러 좐니웃겨 배꼽빠진다,1
R19701,개그지같은 편집때문에 못보겠다진짜 작작좀해라 편집 이딴식이면 토렌트로 다운받아볼수밖에 없잖아~네이버에서도 동영상으로 노래부분만 틀어주는데 뭔깡으로 편집을...도대체 몇번씩보여주는거야 같은장면을...그따위로 긴장감높이는게 언제적방식이야?수준떨어진다,0
R19702,"공들여 만든, 산만하고 임팩트 부족한 과잉 자기 만족 영화",0
R19703,OO놈들 괜찮구만 괜히 OO이네 잔인한장면 나와도 미국에선 15살이봐도 아무렇지도 않으니 괜찮다고생각하잔아 OO들이 액션만 생각하고 그속에 장면들 감동을 처못느끼네 장동건의 어색한연기 좀있지만 그래도 잘끝냇구만 OO것들이 영화욕하고 OO들이야,1
R19704,진짜 재미없다...보다가 지루해서 끝장면만 보았넹..중요한건 너무...뻔한스토리~,0
R19705,근래 보기 드문 수작. 기적같은 영화.,1
R19706,"메인은 화보집, 미스터리는 부록",0
R19707,"드팔마 이젠 은퇴하고 낚시나 다녀야 될듯....스토리엉망에 그잘난 연출력은 전혀 보여주지 못한 개망작,...인생무상이네 드팔마....",0
R19708,오 이영화를보고 수면제를안먹고 잠을잤습니다.,1
R19709,헐 양조위나온다고 다잼있는건 아니구나 0점이 없는것이 한이구나,0
R19710,참 이 영화로 학창시절 과학시간에 토론하고 햇엇지....언제나 나는 찬성을 햇고 지금도 이런기술이 잇다면 하고싶다,1
R19711,이걸 보면 같은 고전물이라도 뽕이나 무엇에 쓰는 물건이고 등이 명작으로 느껴질 것.,0
R19712,이연걸은 자신을 좀 아꼈으면 좋겠다.,0
R19713,밑도끝도 없는 성괴녀는 뭐냐ㅋㅋ이렇게 인물이 없어?? 남자 배우들 땜에 평점준다. 근데 범아.. 인형탈 쓰러고 나왔니?ㅎㅎ,0
R19714,에이 7점은 좀 아니지..8점이 적당하다고 생각함,1
R19715,심영이후 감동적인 작품,1
R19716,재미있어요 전체적으로,1
R19717,"이 드라마는 너무 최악인데, 그 원인은 정보석한테 있습니다. 그의 연기가 조필연과 선조에다 서동하로 보이고, 가부장주의자로 보여서, 정보석이 연기를 때려쳤으면 좋겠습니다. 그래서 이 드라마가 최악입니다. 이럴 줄 알았습니다. 정보석 연기는 악질입니다.",0
R19718,광기의 표상 킨스키의 삶에 대한 마지막 발악!,0
R19719,이제는 정말로 접어야할듯.. 저예산이다보니 대박한번 걸릴지도 모른단 기대심리로 부담없이 막찍어내는듯.. 1편성공빨이 4편쓰레기망작까지 이어졌다는...,0
R19720,오늘 이영화봤습니다 근대 평점이 너무 저조하네요 정말 재밌는영화인데 너무들하시네,1
R19721,뭔가 잊고 있었던 것을 깨달은 듯한 느낌이 든다. 하바나로 가자!,1
R19722,재밌을꺼 같다 이런영화가 잘끌린다니까,1
R19723,나 진심 윤성일인가 뭐신가 싫다는 여주왜캐 집착하고 쫓아다니는건지 이해를 할수가없네 남친도있는데 왜그러는거임 오늘거 보는데 둘이 취재갔는데 쫓아온거보고 허파 뒤집어져서,0
R19724,"실화..마음이 아프고 씁쓸..이런 영화가 많이 알려져야했을텐데..너무 늦게 접해 죄송할따름입니다..돈과 권력을 가지고있는 악마들과, 싸이코패스 살인자들. 대체 이들이 뭐가 다른걸까요? 단지 돈있는 싸이코패스냐 가난한 싸이코패스냐의 차이같다는..",1
R19725,원래 멋진 아저씨... 연기도 좋아요~`,1
R19726,"역사왜곡 쩐다. 정말로, 다시는 나오지 말아야할 드라마",0
R19727,예상가능한 스토리..그냥 TV 드라마로 만들지..,0
R19728,정말 생각지도 못한 반전이 충격적이다 진짜 생각지도 못했다 ....,1
R19729,"티비로 결제하면서까지 기대하며봤는데 .. 상상이상으로 실망한영화네요. 유리가 마지막으로 보여준 아파트안에서 연기나는 재를 왜 숨겼는지, 좀비도아니고 단지 피폭된사람들이 먹지도않으면서 사람만보면 달려드는지,. 허허 떡밥은 주고 회수안하는 이런영화",0
R19730,아니 도대체 뭘 말하고 싶은건가;;;;;,0
R19731,나의영웅 배트맨!라이즈 라이즈,1
R19732,왜 만들었을까? 궁금하다.,0
R19733,너무나 현실적이고 불편하지만 사람냄새가 나는 영화다.,1
R19734,케이블에서 봤는데 천정명 오래전에 연기해서 그런지 정~~말 연기 못하더라..,0
R19735,이해하기 너무 난해한 영화. 기괴한 영화,0
R19736,이런 영화를 볼 수 있어서 ... ㅠㅠ 이제 정말 아픔이 없었으면 좋겠는데 말이죠..,1
R19737,뻔한 스토리와 엉성한 CG 집어치워라 쓰레기 영화,0
R19738,달라서 좋아 .,1
R19739,별 0개는 없냐?,0
R19740,검은 물밑에서랑 거의 똑같아요 그래도 재미있었어요,1
R19741,솔직히 9.8은아니다 알바들아,0
R19742,주로 초딩들이 점수를 주는 모양 만화들 순위가 과하네,0
R19743,전작들보다 스케일도 줄어들고 잔인함도 줄어들고... 황당함은 늘었네.,0
R19744,"가족의탄생진짜즐겨보고하던건데,진짜이건아닌듯,어뜨케한지훈냅두고강윤재한테다시가죠?차라리한지훈이랑잘되게해주던가,힘들때도와주기만하고버림만받고,,진찐아닌거같아요,넘재밋게봐서실망감도진짜많이크네요,",0
R19745,배창호 최고걸작,1
R19746,감동과 웃음이 가득하네요~ 새해맞아 가족 연인과 함께 보기 딱입니다! ㅎㅎ,1
R19747,예쁜사랑 볼수있어서좋았다 ㅎ,1
R19748,이거 재미 없는데...,0
R19749,처음에는 힐링 드라마라서 좋았는데 점점 정체성을 잃어버리는것 같음. 정말 오늘부터 안본다,0
R19750,뭘 말하려고 하는지 모르겠음. 답답하고 멍함.여자주인공이해안감. 최악의 영화,0
R19751,진짜 잼있어 이거...ㄷㄷ 현실적인면도 있고 서영이와 임창정의 부부연기는 정말 실제일정도로 ㅋㅋ 느므 잼있어 웃다가 울다가 ㅠㅠ,1
R19752,시간아깝다 재미없어,0
R19753,진짜 해리포터 시리즈 중 제일 좋아 엄청 많이봄 ㅋㅋㅋ 특히 시간여행이 재밌지,1
R19754,이 영화가 9.11이전에 만들어졌다는데서 다시 놀란다는,1
R19755,"귤이 회수를 건너니,탱자가 됐다.이걸 리메이크 하느니 차라리 독수리오형제가 어때?",0
R19756,지금 봤는데 좀비 액션 볼 만 하네요. 제작비도 많이 쓴 거 같은데 ..,1
R19757,"진짜 오랜만에 제대로된 드라마를 봤다..연우진,유다인 두 배우에게 푹 빠져버렸어...",1
R19758,감독 새끼 꼴에 각본까지 쓴다고 각본의 절반이 빠킹이네. 전작 엔드오브와치도 마찬가지. 1시간 50분동안 울려퍼지는 빠킹 때문에 귀가 얼얼하다.,0
R19759,공감이 안되니 감흥이 없을 수밖에.,0
R19760,개인적으로 점수 주는것 자체가 아깝다.,0
R19761,재미없다 이걸본 내가 피해자,0
R19762,사다코가 아카네 몸으로 들어가서 머리카락이 감싸잖아요사다코는 어떻게 되었죠? 아카네 몸속에서?? 봉인되었나??,0
R19763,이슬람문화는 미개하고 폭력적인 비인간적이고 기독교는 성스러운 구원자라는 시대착오적인 이분법이 역겹다. 비록 실제이야기일지언정 영화라는 툴로 다른시각을 찾지 못했니?알제리는 이슬람국가야. 프랑스로 꺼져.,0
R19764,어메이징이 훨신 재밌다 이건 뭐 내용도 뻔하고 별로.. 약간 배우나 이런게 다 촌스럽달까,0
R19765,"이거 뭐 내용을 종잡을수가 없네..애새키들 다 쓰레기구만 결국 막내며느리한테 막내부탁하고 끝?음식남녀같은 교훈도 없고 흐지부지 지루하게 끌다가 끝이네,,,,어이없음...",0
R19766,내용도 엉망 연기도 엉망 . . 이태임때매 2점준다,0
R19767,형사역을 맡은 배우의 다른영화가 기대된다!,1
R19768,끝없는 자기복제속에서 망해가는 J-호러,0
R19769,사람들 점수 참 후했네,0
R19770,저렇게 섬세한 연기를,1
R19771,재미있는 스릴러..악역이 개성있고 멋지다!!,1
R19772,텐마아앙ㅇ츠루기이이잉!! 신도가 여신강림해서 모에하게 나와서 대만족이였엉,1
R19773,정말 이거 무슨 끈기로 끝까지 봣나?,0
R19774,판타스틱4의 매력은 가족같은 훈훈함인거슬..가 족같네,0
R19775,끝까지보고평점남긴다이런지루한영화만들지마라,0
R19776,재밌어보인다,1
R19777,기대안하고봐서 그런가 재밌었다,1
R19778,시간 때우기용으로 보기에도 부족한 영화. 연기도 못하고 스토리도 지루함. 리뷰만 보고 시간 때우기용으로 봤다가 후회함.,0
R19779,유쾌하고 위트잇는 내용이지만 좀 어수선하다.,0
R19780,나 의 마음속 가장큰 가치는 뭘까?,1
R19781,최고의 드라마. 하지만 성인배우 내용이 아쉽다.. 아역들이 제대로!,1
R19782,윌리엄 월레스가 있어서 지금의 스코틀랜드가 있지. 독립과 자유는 이렇게 소중한 것인데. 흠잡을데가 없다. 잊을만 하면 보고 또 보는 영화.,1
R19783,그냥 이범수 윤아만으로 끝 꿀잼,1
R19784,그의 B급영화들중에서는 그나마 나은 편. 그러나 억지설정과 밋밋함은 여전,0
R19785,"이게 10년전 영화라니 믿기지가 않네요..지금 개봉해도 될만하네요,,정말 잘봤음",1
R19786,좋네..ost도 괜찮고.,1
R19787,2009년 가장 세련된 영화,1
R19788,조혜련빼라 국민들등돌렸다신인그룹나오게하는건 좋은데너무 출연진 짬에 묻혀서 기좀죽이지말자기껏보려고 한 신인그룹이 맨마지막에몇마디못하는거보고 너무 아쉬웠다유재석이 괜히 명mc가 아니다두루두루 잘 챙겨주고 끊을때끊고 그래서 사랑받는거다 반성해라,0
R19789,봤더니 사랑고ㅏ전쟁'게이편'이 훨씬더 낫군,0
R19790,배우들 오버 연기도 심하고 산만함 그닥 재밌지 않은 시트콤을 본다고 생각해면맞음,0
R19791,특이하고 반전있는 영화~,1
R19792,재미더럽게없다..2점부터 점수준것들 매미OO,0
R19793,감성팔이에다가 내용도 뒤죽박죽 그냥 한마디로 쓰.레.기,0
R19794,말이 필요없는 작품. 남녀노소(?) 강추.,1
R19795,하아..핵노잼 누가재밌댔냐,0
R19796,뭐지 막판에 디아블로랑 카카롯트가 싸운것같은...,0
R19797,지루함은 어쩔수가없다.,0
R19798,마지막이 소름돋는다.. 재즈풍의 노래와 함께 끝없이 내려가는 엘리베이터....,1
R19799,영화를 보고 가슴이 터질듯한 전율을 느끼고 싶다면 이 영활 봐라~,1
R19800,평점이 너무 낮다... 끝까지 긴장감을 놓을 수 없는 영화였고 실존인물같은 배우들의 연기는 일품이었다,1
R19801,춘추전국시대에 공자를 비롯한 그 제자들이 어떤 삶을 살았고 어떤 삶을 살고자 했는지 절실하게 느낄 수 있었다.,1
R19802,난 이런 영화가 너무 좋다. 여자들의 우정을 심리적으로 되게 잘 표현한대다 가슴 뭉클하고 웃기기까지 하다. 나도 저런 친구가 있으면 얼마나 좋을까. 하는 생각도 들고..,1
R19803,미국 본토 수비대 공군력이 세계 5위안에들껄 근데 그 항공을 미니건 난사질 하며 돌아다닌다라 아무리 영화라지만 북괴가 외계인쯤되나?,0
R19804,후..해도해도 너무하네..,0
R19805,쓰래기같은영화...,0
R19806,아까 10점이엇던게 어이없음,0
R19807,개연성없는 시나리오에 두 주인공에 발연기...이 두분은 연기가 늘지를 않네 ㅋㅋ,0
R19808,지루한 영화~~,0
R19809,깜짝파티를 이루기 위한 고공분투??? 이야기한번 시시하네,0
R19810,도라에몽 짱짱짱짱짱짱~!!!!!!!!!,1
R19811,쓰레기 음악프로 개나 소나 1위 공정성이 없다,0
R19812,슈스케 안바서 김예림이누군가했는데 엘이랑 연결시켜여 어차피 연결될거 갖은데,1
R19813,인간적으로 스크린 점유율 너무했음...메가박스에서 봤는데 첫개봉일에도 상영시간은 2번밖에 없고 상영관은 코딱지만하고...그래도 본 보람이 있음 갓무스ㅜㅜㅜㅜ믿고보는 스텝업...스토리를 보겠다는 생각은 3부터 버렸음. 댄스랑 사랑만 있으면 됨ㅋㅋ,1
R19814,아니 왜 뭇느 생각으로 10점을 주는거야 다들 짜고 낚는건가 진짜 극혐 재미 감동 이딴거 아무것도 못잡음 그냥 쓰레기야 이거뉴ㅠㅠㅠㅠ 내 시간이 아까워 2시간늙었어 너무슬프다,0
R19815,다시는 나올 수 없는 불후의 명작,1
R19816,아름다운 영상과 음악이 어울어져 좋아요.,1
R19817,액션? 멜로? sf? 한국조폭영화? 히어로물? 그냥 다 싹싹 비벼서 내놓았지만 한 입먹고 내려놓은... 도대체 뭘까? 하나만 가자!!!,0
R19818,"어려서부터 미친녀석의 미친이야기, 희한하게 지루함...",0
R19819,첫 댓글..너도 시멘트 먹고 싶냐,0
R19820,이청아는 진정한 국민여동생이다.그녀의 연기력때문에 10점만점에 10점.재밌었다.,1
R19821,"난 펠리시티가좋당,,,,",1
R19822,이영화의 유일한 미덕은 런닝타임이 93분이라는 것이다. 떼쓰고 우기기의 93분,0
R19823,그래 2보다 이건 좀 낫네,0
R19824,너무심했지 여자들은 다 벗기고 피범벅하고,0
R19825,"친구한테 같이 보러가자고 해서 갔었는데,,끝나고 서로 말없었음..미안해지더라... 뭔가 예고편이 느낌과 본편의 느낌이 달랐다..",0
R19826,대상 안줄시에 상암에 백미취사 폭탄 던지는 사람 있음 그거 접니다 인간적으로 갓성한테 대상 줘라 엠비씨,1
R19827,내가 아는 최고의 한국영화. 어느세대가 봐도 공감할수 있는 청춘이란 단어,1
R19828,영화도 볼줄모르는 후잡들아 글좀 싸지르지마 배기시른년들,1
R19829,재밋슴 일단 조니뎁이나오니 속는셈치고보셈 후회안함웃긴장면도많이나오고스토리좋음,1
R19830,10점을 주고도 아까운 영화!!!,1
R19831,꿀잼 다시보고싶은영화,1
R19832,"할리베리에 섹시함으로 밀어 붇였지만,, 글쎄요....",0
R19833,오랜만에 지겹지않은 영화였네.,1
R19834,꼭 보세요.인생 처음으로 인터넷에 평점 답니다.이거 실화라는 말 들었는데 정말인가요? 대학교 미국문화 관련 교양시간 살짝 배웠던 영화인데 이제야 제대로 다봤어요. 용감함 얻고 가요.,1
R19835,코믹하고부담없이볼수있었음,1
R19836,한국형 느와르!,0
R19837,대작,1
R19838,영화보길 정말 잘했다는 생각이 들었다.,1
R19839,"욕심없이 살아감의 행복을 보여준 영화, 나에게 많은걸 생각하게 한 영화",1
R19840,최고~!! 이 드라마로 이문식씨 팬 됐습니다^^,1
R19841,OO 돈 아깝다.....일본애니도 쓰레가가있구나,0
R19842,홍경민 연기 좋고 중견배우들은 말할것도 없이 굳!!,1
R19843,완전 공감했어요!!,1
R19844,.......정말 최악이었지 이영화...........ㅋㅋ,0
R19845,"최고의 배우, 최고의 해병대 정준용 선생님께서 출연하신 영화였다......",1
R19846,밍숙맹숙.. 싱거운영화,0
R19847,이게 뭐에요?,0
R19848,강추합니다,1
R19849,교훈적인 메세지를 남겨주는 꼭 봐야될 명작!,1
R19850,깜짝깜짝 놀라기만 했던....,0
R19851,"심심풀이로 몇 번 보기만 했는데도, 무의미한 액션씬이 볼썽사납다. 이연걸은 이 영화의 그릇으로 담아낼 만한 인물이 아니다.",0
R19852,왜 봤을까 싶은.. 취향 차이겠지만 정말 별로네요.바닥 끝까지 우울하고 이해도 잘 안되고마지막까지 기분만 나빠지는...보지 말걸 후회되는 영화는 처음이네요.,0
R19853,최악.,0
R19854,그냥 오락실 게임이 훨씬 더 재미있음. 스트리트 파이터 소재 영화치고 재미있는 것은 아무것도 없음,0
R19855,전우치 재미없어 재미있을줄알 초반에 4회정도 봣는데 초딩도아니고 에휴 저것보면 매직키드마수리 생각난다 주문부터가 초딩스럽네,0
R19856,재밋어용♡♡해피엔딩 맞죵??ㅎㅎㅎ,1
R19857,너무 화면이 정신없다,0
R19858,노잼인데 후반부엔 조금 괜찮았음,0
R19859,실감도 안나고 재미도 없다. 이걸 왜 봤는지....,0
R19860,추하게 왜저래..라는생각이 맴도는 여주인공 맥라이언ㅠㅠ,0
R19861,"첩보 스릴러를 색다르게 표현한 수작, 특히 현장과 현장이 아닌 곳에서의 차이를 확실히 비교해가며 미국의 현상황을 잘 나타내고 있는 영화.",1
R19862,어린 시절에 본 영화 . 약간 짠했던 기억이...,1
R19863,대놓고 불륜하는 영화.... 우리나라 드라마를 보는 듯한 불편함. 불륜을 아름답게 포장하는 드라마와 영화가 더 이상 없기를...,0
R19864,중간까진 괜춘하다 갈수록 추리가되고 마지막엔 범인얼굴이 공포가되더라 무슨장르야?,0
R19865,영화는 억지스러워도 아버지의 모습에 눈물이 난다,1
R19866,평점이 너무 낮은거같아서 근데 마지막에 박한별은 왜웃는거야?,1
R19867,오래된 영화인데도 정말 재밌게 봤습니다..,1
R19868,재미가아주아주재미있어요,1
R19869,정말 최고. 가끔씩 유투브에서 셀블록 탱고를 찾아 듣는다.,1
R19870,울리는 더빙의 압박...허접한 내용...영상으로는 만들지 말았어야 할...,0
R19871,너무 인상적인 영화. 개봉한지 10년이 지났지만 지금 개봉해도 될만큼 세련된 영화.,1
R19872,"소리가, 우체부아저씨처럼 좋은친구를 커가면서도 만났으면...",1
R19873,따뜻하고 재밌내요~^^,1
R19874,책으로 봤는데 참 재미있어용^^,1
R19875,우리나라만큼 선동하기 쉬운 국민이 있을까?,0
R19876,마지막에 울었음. 이걸 왜 이제봤을까 후회됌,1
R19877,드라마스페셜 같음^^,0
R19878,이제야 봤네요.. 조선 후기 시대 공부도 좀 되네요,1
R19879,"하비에르 하르뎀의 표정은 연기라기 보다는 걸작, 만능열쇠. 신의 은총이다.",1
R19880,담배는 소품일 뿐이다. 를 시작으로아저씨는 왜이렇게 고통스러워하는걸까 플라스틱일뿐인데 에서 뿜었다ㅋㅋㅋ영화는계속해서 허구입니다~ 이러고있는데 무서울리 있겠어?,0
R19881,우리나라 사볍부는 반성해라,1
R19882,노답이다진짜노잼영화,0
R19883,예전에 재밌게 봤던 명작중 하나. 이성친구로 가까이 지내던 사이가 결국 하나뿐인 사랑인지 깨닫게되는 과정을 참 아기자기하게 잘 그려냈다.,1
R19884,빈약한 스토리 따위는 날려버리는 '진심'의 물량투하!!,1
R19885,순수하고 아름다운 이야기,1
R19886,기발한 영화 옛날에 재밌게 봤었다.,1
R19887,제가ㅣ본 드라마 중에 정말 재미 있었습니다.,1
R19888,마음이 따뜻해지는 영화!,1
R19889,수준이하의 영화가 한국에서 개봉하면 안되지,0
R19890,대단하다는 말밖에..너무 잘만들었다,1
R19891,진짜 웃긴다. 두사부일체 일본판!,1
R19892,1점먹고 떨어져라~~~,0
R19893,"상상력을 끌어 모았지만, 예전의 내가 아닌가 보다.",0
R19894,"기회가 되다면,.. 한번 보세요 ^^",1
R19895,불륜을 미화시켜도 너무 미화시켰어요; 영화인거 알고 불륜도 소재긴 하지만 보는내내 불편할 정도;,0
R19896,스케일나름컸던영화,1
R19897,손발이 오그라듬..보다가 힘들어서 시선돌림..외면..,0
R19898,두말할 나위없이 최고의 작품.인생에 대해서 생각해보게 하는 깊이있는 영화.전 출연진과 제작진에게 큰박수를 보낸다.,1
R19899,송승헌 참 잘생겼는데. 뒤로 갈수록 스토리도 이상하고 발연희는 더 빛나고,0
R19900,불법정비를 달인으로 내놓다니..불법을 조작하는것 아닌가 단속하면 이백만원은 벌금물겠는데 붕법을 티비에 내놓는 것...지금부턴 불법정비 단속 하지말아라 .....,0
R19901,호스텔보다 강력해? 이걸보느니 호스텔을 10번보는게 나을듯.,0
R19902,서바이벌이니 오디션이니 하는 것도 이젠 너무 식상하고. 랩도 별로.,0
R19903,정말 깜직한 외모에 숨은 반전.두 주인공만큼 멋진 스토리,1
R19904,3부가 가장 재미 있네요~^^,1
R19905,이걸 영화라고 만들었단 말인가?? 쩝... 드라마보다 더 이상하네,0
R19906,아직은 별루인거 같다,0
R19907,qudvkf123 // 그런데 지금은 똥쓰레기지. 혹시나 이 영화보려는 사람은 어찌하라고,0
R19908,이거 우리말 더빙한 성우들 완전 좋았음ㅠ 근데 왜 지우만 보면 두근두근...ㅡ.ㅠ,1
R19909,진짜잼씀 ㅋㅋㅋㅋㅋ,1
R19910,생각없이 볼만함. 근데 음악...영화...?...블랙버드 노래랑 바닷가에서 나온 노래 밖에는 기억안나네.. 기대없이 보면 볼만합니다,0
R19911,세종대왕은 훌륭하다. 드라마는 별로다.,0
R19912,"지금 봐도 멋있는 액션 장면, 코믹한 배우들의 맛깔스런 연기!",1
R19913,이게 실화를 바탕으로 했다니 놀랍다. 근데 영화는 별로다. 김정훈 출연할 영화가 없나보군.,0
R19914,이 영화를 통해 잘만킹을 알게 되었다!,0
R19915,실수를 연발하는그녀가 이제 더이상 사랑스럽다기보다 ㅇ나ㅆ,0
R19916,미래세계에서 sf 영화가 정말 발전이없는걸 우려한 영화제작사들이 sf 영화의 전설인 제임스 카메룬 감독을 과거로 보낸듯..도저히 1991년도 영화라고 믿겨지지않는다. 진심 미래에서 온듯,1
R19917,참 평화로워요.,1
R19918,그닥..기대에는 못미치네요.,0
R19919,젬ㄴ[,1
R19920,재밌을거라고 생각한 내가 바보지 2人 / 진짜보다가 잤어요 피로는풀리네요,0
R19921,너무아쉬워요ㅠㅠㅠ사랑해요 응급남녀,1
R19922,재정아 우승 진심으로 축하한다 ..! 감격이 가시질않네요,1
R19923,"이영화 정말 드럽게 재미없어요 정말 끔찍해 ""내왕자친구는 왕자님""만큼이나 끔찍해",0
R19924,98년에 어떻게 이런 애니메이션을 만들어 낼 수 있었는지 놀라울 뿐이다.,1
R19925,"꼭 그렇게 선정적이고 자극적이야 했나? 볼 때마다 불쾌해 이제 안 본다. 계속 이런 식이면 사극을 아예 멀리하게 될 것같다. 엄청 좋아하는데....ㅠㅠ 제작비와 연기자, 스텝의 노력과 인력이 아깝다는 생각뿐이다.",0
R19926,감동의눈물이주륵 ㅠㅠ 슬프다 ㅠ,1
R19927,뻐꾸기 둥지 위로 날아간 새.,0
R19928,"예술, 재미, 스토리. 세 마리토끼 다 잡은 영화!",1
R19929,한국느와르의 시초!!정말 멋있다~!!!,1
R19930,인터넷 기사로 읽었을 때는 감동적인 이야기였는데 영화로는 영 불편하게 그려냈다,0
R19931,"재밌음...왠만하면 2번이상 영화 안보는데..,이건 몇번봐도 재밌음..ㅋ",1
R19932,정말 재밌네요.꼭 보세요!진짜 꼭 보시라고!!!!오랜만에 진짜 개그영화를 봤네요.보는내내 웃느라 배꼽 빠지는 줄 알았어요!,1
R19933,왜 돌아이는 집짓는데 아무것도 할 수 없었을까?,0
R19934,마지막에 흑백이 아쉽군ㅎ지금은 아저씨도 그냥 나오는 판국인데,1
R19935,꼬마애들 숨 넘어가게 좋아하더라. 역시 애들이야^^,1
R19936,원작의 하이라이트 버전. 2시간 안에 끝내야하니 내용 다 잘라먹고 중요한 부분만 끼워맞춘 느낌. 지루했다.,0
R19937,이 영화를 보고 이 땅에도 멋진 건축가들이 많구나 하는 걸 알았습니다. 감사합니다.,1
R19938,안소니 퍼킨스 너무 매력있음. 다만 시나리오와 연출상의 아쉬움이..,0
R19939,유치하고 어색함.내용이 유치하면 연출력이라도 좋았음 좋을텐데..,0
R19940,밤하늘을 올려다보게 하는 영화!!,1
R19941,진정한명작..하ㅠㅠ,1
R19942,고쿠센 짱염 샤릉훼♡,1
R19943,이건공포가아니다차라리 피터팬이 더무섭다후크선장이.퉷,0
R19944,배우들 발음교정이 필요했었던...,0
R19945,굳 ㅋ,1
R19946,좋았다.(열자..),1
R19947,왜 망했는지 알겠다..,0
R19948,"3번 정도 다시 보았습니다. 인도 영화가 주는 묘한 로맨스입니다. 유치한듯 하면서도 순수하고, 코끝이 찡하고, 메마른 감성을 터치해주는 영화인듯해요",1
R19949,진짜 스토리가 없는 영화,0
R19950,보면서 어이가 없어서 말이 안나온다,0
R19951,긴장감만고조되는것빼고는 솔직히 쓰레기영화.,0
R19952,어떤 누구도 다른 이의 삶과 죽음에 대해 왈가왈부 할 순 없다.,1
R19953,아 진짜너무좋아 ㅠ 승헌쨩 다빈이언니두넘좋고 ....ㅎ ... 영화 넘 좋ㅇ다!!,1
R19954,가히 최곱니다. 두여자의 사랑과 우정과 끈끈함과 용기 절절함 가슴이 저미어 오네요.,1
R19955,시간이 아까움,0
R19956,재밌습니다 꽤 볼만합니다,1
R19957,어떤 의도에서 만들어진 건지 분명하다. 알리기 위한 다큐가 아니라 쇄뇌를 시키려는 것 같다. 조선TV의 노무현죽이기와 뭐가 다른가?,0
R19958,스토리가 좀 아쉬운건있지만 감성적으로 본다면 아름답고 슬픈영화성룡과 김희선의 ost도 진짜 좋고 개인적으로 좋은 영화라고봅니다,1
R19959,쇠맛의 역묶음질.,0
R19960,어설픈 흉내내기에 불과한 성급한 리부트,0
R19961,킬링타임으로 제격임.,1
R19962,송혜교가 너무 아름다워서 눈물나는 영화.. 인간이 이렇게 예쁠수가 있는건가? 감탄만 연발하다 끝남...,1
R19963,정말... 나쵸와 스프라이트를산 내가 바보같다는것을 알수있었다,0
R19964,가을에 어울리는 드라마,1
R19965,영화가 너무 현실성 없어;;; 군대체험은 하고 영화를 만들어야지;;;,0
R19966,"자,이제 나에게 영화를 보여줘~",0
R19967,묘한느낌 이상한 끌림,1
R19968,아버지어머니 아들딸의이름으로 살아가기엔 때론 혹독할지라도 우리 서로 사랑하며 살아갑시다,1
R19969,나름 재밌게 봤네요 류승범 최고!,0
R19970,연기 어색하고 영상 엉망이고 어색한연기와 영상떄문에 무슨내용인지도 모르겠음.. 정말 감독이 갑부거나 투자자들이 돈이 넘쳐나거나 둘중 하나인영화!!!,0
R19971,오랜만에 휴가내서 조카들 데리고 보고나왔어요 !! 조카들이 너무 좋아해서 평점 10점 남겨용 !!,1
R19972,감독 머리를 확그냥 열어보고 싶다! 무슨생각으로 만들었는지..,0
R19973,볼 때마다 눈물이....;_;,1
R19974,나만 당할순 엄지,1
R19975,재미없었어요 내용도 별로,0
R19976,마지막에 실제 주인공들과 함께 나오는 ost에서 눈물흘렸다.개인적으로 명장면을 뽑자면 머피중위(테일러 키취 분)가절벽 위로 올라가서 구출 요청하고 숨 거둘때 소름돋았다..,1
R19977,죨라 잼없는 드라마에여 비추,0
R19978,너무 질질끈다ㅡㅡ;; 답답해 죽을 뻔 했음.,0
R19979,진짜 감동적이네요^^ 만화책으로도 봤는데 정말 재미있어용~!!,1
R19980,"촬영, 미술, 음악 등 시청각적 디자인은 우아하고 매력적이며 아름답다. 하지만 누구나 알만한 유명인들이라 해도 전형적인 불륜 이야기를 지루하게 보여줘서 아쉽다",0
R19981,"이 드라마, 어떻게 말해야 하나....최고였다, 진짜 최고였다...",1
R19982,일빠 오타쿠들이 좋아할만한 영화,0
R19983,사람을자르고 토막내고전혀공포스럽지가않다 지루한영화 주인공마누라는 이쁨,0
R19984,확실히 기대 이하....... 어느정도 예상 가능한 결말에 정말 공포라고 느낄 부분이 없음..일본 박스오피스 2주간 1위?? 주인공이 아이돌이라 그런가 보네.....,0
R19985,외국코미디중가장잼나게웃었네.시리즈중 최곤데이제야보다니쩝.어쨋든 정말웃김,1
R19986,걍 독특 하기만 한!!!! 영화,0
R19987,흐음.. 이거 재미있을라나요,1
R19988,와 노답 걍 답안나옴 검정고무신보다 못함,0
R19989,최고... 말이필요없음,1
R19990,스토리도아쉽고 배우들의 연기 또한 아쉬웠다,0
R19991,사랑합니다 !! 아 진짜 보고싶었어요 !!!!!,1
R19992,이런 엉터리같은....영화에비해 배우들이 아깝다...,0
R19993,이 영화를 보고나서...아련한 옛생각도 나고....가슴이 마구 따뜻해져왔다,1
R19994,감독의 자조적인 모습으로 풀어낸 정치연애담,1
R19995,확실히 괜찮은 영화였다...,1
R19996,괜히 봤어 ........ 상상 다 깨짐 그들도 어쩔수없는 아줌마가 되어간다..,0
R19997,마치 6.25전쟁은 미국의 침략이었다는식의 쓰레기들이 만든 쓰레기 영화,0
R19998,제가 이거보고 암에 걸렸습니다,0
R19999,몽롱한 사운드와 아름다운 슬로우 모션. 음악과 영상이 완벽하게 하나가 되어 만들어내는 먹먹함이 넋을 놓고 장면에 빠져들게 만든다.,1
